{"type":"FeatureCollection","features":[{"type":"Feature","properties":{"leaid":"0500001","name":"DeWitt School District","kind":"Unified","gradeLow":"PK","gradeHigh":"12","state":"AR"},"geometry":{"type":"Polygon","coordinates":[[[-91.0585,34.3376],[-91.0532,34.3325],[-91.0565,34.3266],[-91.0544,34.3224],[-91.0621,34.3211],[-91.0644,34.3188],[-91.0627,34.3176],[-91.057,34.3186],[-91.0546,34.3178],[-91.0526,34.3153],[-91.0524,34.3122],[-91.0554,34.3094],[-91.0627,34.3122],[-91.0649,34.3109],[-91.0607,34.3051],[-91.0615,34.2977],[-91.0584,34.292],[-91.0584,34.2892],[-91.061,34.287],[-91.0648,34.2879],[-91.0661,34.2899],[-91.0646,34.2938],[-91.0651,34.2961],[-91.0675,34.2981],[-91.0707,34.298],[-91.0734,34.295],[-91.0737,34.2871],[-91.0779,34.2823],[-91.0735,34.2788],[-91.0757,34.2698],[-91.0752,34.2676],[-91.0726,34.2655],[-91.0645,34.2649],[-91.0686,34.2603],[-91.0674,34.2585],[-91.063,34.2567],[-91.0627,34.255],[-91.0701,34.2497],[-91.0735,34.2497],[-91.0772,34.2524],[-91.0793,34.2507],[-91.0779,34.2467],[-91.0746,34.2433],[-91.0658,34.2395],[-91.0674,34.2323],[-91.0667,34.2246],[-91.0607,34.2187],[-91.0606,34.2168],[-91.0692,34.2122],[-91.0704,34.2088],[-91.0705,34.2014],[-91.0727,34.1984],[-91.0786,34.1967],[-91.0869,34.2022],[-91.0882,34.201],[-91.0883,34.1975],[-91.0943,34.1883],[-91.0935,34.1854],[-91.087,34.1809],[-91.0938,34.1777],[-91.094,34.1752],[-91.0877,34.1702],[-91.0832,34.1612],[-91.084,34.159],[-91.09,34.1565],[-91.0903,34.1541],[-91.0867,34.1507],[-91.0847,34.1464],[-91.0789,34.1452],[-91.0785,34.1441],[-91.0847,34.141],[-91.0912,34.1418],[-91.0957,34.1408],[-91.0984,34.1381],[-91.0985,34.1316],[-91.1001,34.1294],[-91.103,34.1292],[-91.1077,34.1322],[-91.1108,34.1312],[-91.1134,34.125],[-91.1171,34.1217],[-91.1236,34.1063],[-91.1315,34.1066],[-91.1387,34.111],[-91.1424,34.1113],[-91.1439,34.1055],[-91.1413,34.1017],[-91.145,34.1015],[-91.1486,34.1043],[-91.1508,34.1033],[-91.1487,34.1],[-91.1492,34.0946],[-91.1479,34.0891],[-91.1502,34.0852],[-91.1579,34.0859],[-91.1636,34.0928],[-91.1685,34.0943],[-91.1744,34.0885],[-91.186,34.0815],[-91.1868,34.0789],[-91.1833,34.0742],[-91.1836,34.0726],[-91.186,34.0718],[-91.1919,34.0735],[-91.1943,34.072],[-91.1929,34.0682],[-91.1878,34.0624],[-91.1966,34.0515],[-91.1952,34.0353],[-91.1924,34.0325],[-91.1862,34.0317],[-91.1846,34.0302],[-91.1833,34.0259],[-91.1851,34.0206],[-91.1844,34.0175],[-91.1706,34.0151],[-91.1622,34.0058],[-91.1565,33.992],[-91.1572,33.9862],[-91.1592,33.9826],[-91.1584,33.9785],[-91.1558,33.9764],[-91.1465,33.9738],[-91.1422,33.9665],[-91.1357,33.962],[-91.1363,33.9583],[-91.1392,33.9555],[-91.1491,33.9551],[-91.1522,33.9531],[-91.1509,33.951],[-91.1431,33.9489],[-91.1407,33.9466],[-91.1429,33.9443],[-91.1491,33.9434],[-91.1515,33.9373],[-91.1394,33.931],[-91.1371,33.9289],[-91.1366,33.9265],[-91.1544,33.9302],[-91.1604,33.9272],[-91.1616,33.9232],[-91.1635,33.9215],[-91.1677,33.9215],[-91.1718,33.9236],[-91.1741,33.9268],[-91.1736,33.9312],[-91.1617,33.9441],[-91.1643,33.9535],[-91.1679,33.9576],[-91.1707,33.9588],[-91.1785,33.9588],[-91.1973,33.9532],[-91.2113,33.9549],[-91.2171,33.9542],[-91.2232,33.9503],[-91.2282,33.9411],[-91.2329,33.9406],[-91.2378,33.9443],[-91.2395,33.9487],[-91.2368,33.9583],[-91.2322,33.9615],[-91.2307,33.9641],[-91.2306,33.9781],[-91.2353,33.9767],[-91.2394,33.9738],[-91.2511,33.9572],[-91.2566,33.9559],[-91.2629,33.957],[-91.2658,33.9472],[-91.2682,33.9427],[-91.2708,33.9415],[-91.2751,33.9421],[-91.2802,33.9452],[-91.2866,33.9502],[-91.2908,33.9556],[-91.2919,33.9585],[-91.2906,33.9687],[-91.3109,33.9596],[-91.3324,33.958],[-91.3484,33.9549],[-91.3553,33.9582],[-91.3576,33.9628],[-91.3559,33.9654],[-91.3476,33.9713],[-91.3377,33.9735],[-91.3318,33.969],[-91.3233,33.9667],[-91.3165,33.9695],[-91.312,33.9746],[-91.3111,33.9829],[-91.3182,34.0001],[-91.3184,34.004],[-91.322,34.0099],[-91.3265,34.0145],[-91.3316,34.0166],[-91.3362,34.0168],[-91.3401,34.0136],[-91.3393,34.009],[-91.3315,34.0018],[-91.3278,33.995],[-91.326,33.9878],[-91.3294,33.9842],[-91.3345,33.9832],[-91.3371,33.984],[-91.3454,33.9989],[-91.3499,34.0033],[-91.3544,34.0048],[-91.3609,34.0023],[-91.3693,33.9857],[-91.3733,33.9822],[-91.3834,33.9791],[-91.3919,33.9816],[-91.3958,33.9855],[-91.4061,34.0012],[-91.4319,34.0183],[-91.4359,34.0229],[-91.4387,34.031],[-91.4334,34.0489],[-91.4342,34.0653],[-91.438,34.0741],[-91.4509,34.0844],[-91.4534,34.0856],[-91.4605,34.0857],[-91.4641,34.0844],[-91.4652,34.0801],[-91.4613,34.075],[-91.4599,34.0708],[-91.4622,34.065],[-91.4669,34.0616],[-91.4825,34.0586],[-91.4876,34.0601],[-91.4905,34.0632],[-91.4909,34.0674],[-91.4892,34.0724],[-91.4904,34.0745],[-91.5007,34.0729],[-91.5096,34.0753],[-91.5158,34.0805],[-91.5305,34.0981],[-91.5367,34.1018],[-91.5446,34.1043],[-91.5556,34.1058],[-91.5646,34.1044],[-91.5691,34.1019],[-91.5831,34.0893],[-91.5911,34.0859],[-91.5989,34.0858],[-91.6072,34.0898],[-91.6107,34.098],[-91.6057,34.1145],[-91.601,34.1187],[-91.5898,34.1203],[-91.5822,34.1258],[-91.585,34.1304],[-91.5891,34.1331],[-91.6014,34.1321],[-91.5991,34.2315],[-91.6167,34.2306],[-91.7117,34.2339],[-91.7072,34.395],[-91.8148,34.3966],[-91.8147,34.4038],[-91.8171,34.4038],[-91.8158,34.4438],[-91.8139,34.4438],[-91.8141,34.4842],[-91.7053,34.4827],[-91.631,34.4798],[-91.6312,34.4509],[-91.6137,34.4506],[-91.6137,34.4452],[-91.6138,34.4365],[-91.6311,34.437],[-91.6314,34.4258],[-91.6404,34.4262],[-91.6404,34.4226],[-91.6226,34.4219],[-91.6227,34.4183],[-91.6314,34.4185],[-91.6316,34.3798],[-91.628,34.3782],[-91.6139,34.3774],[-91.6146,34.3483],[-91.606,34.3482],[-91.6065,34.3332],[-91.5975,34.3334],[-91.5978,34.317],[-91.5627,34.3162],[-91.563,34.3008],[-91.5281,34.299],[-91.5285,34.2831],[-91.5111,34.2825],[-91.4928,34.2797],[-91.4924,34.2972],[-91.5101,34.298],[-91.5084,34.358],[-91.4907,34.3557],[-91.4897,34.3874],[-91.4532,34.3873],[-91.4521,34.4465],[-91.4168,34.4464],[-91.4169,34.4382],[-91.3903,34.4382],[-91.3886,34.4904],[-91.274,34.4882],[-91.274,34.5026],[-91.2626,34.5019],[-91.2556,34.5036],[-91.2525,34.5028],[-91.2508,34.5006],[-91.2552,34.4925],[-91.2543,34.4894],[-91.2514,34.4874],[-91.2404,34.4875],[-91.2324,34.4807],[-91.228,34.4794],[-91.2228,34.4808],[-91.2187,34.4868],[-91.2148,34.4869],[-91.2098,34.4838],[-91.2089,34.4812],[-91.214,34.4762],[-91.2166,34.4688],[-91.2224,34.4644],[-91.2225,34.4624],[-91.2197,34.4601],[-91.2138,34.4607],[-91.2106,34.4597],[-91.2073,34.4572],[-91.2063,34.4547],[-91.2073,34.4523],[-91.2103,34.4506],[-91.2177,34.454],[-91.2203,34.4536],[-91.2191,34.4451],[-91.2176,34.4423],[-91.2136,34.4417],[-91.2029,34.4455],[-91.191,34.4399],[-91.1873,34.4422],[-91.1811,34.451],[-91.1783,34.4521],[-91.1757,34.4512],[-91.174,34.4491],[-91.1733,34.4441],[-91.1696,34.44],[-91.1701,34.4336],[-91.1682,34.4332],[-91.1647,34.4357],[-91.1609,34.435],[-91.1594,34.4329],[-91.1589,34.4261],[-91.1532,34.4212],[-91.1534,34.4194],[-91.1557,34.4176],[-91.1654,34.4183],[-91.1668,34.4162],[-91.1662,34.4128],[-91.163,34.4105],[-91.1568,34.4086],[-91.15,34.4023],[-91.1458,34.4015],[-91.1387,34.4029],[-91.136,34.4016],[-91.1356,34.3945],[-91.1296,34.3856],[-91.1305,34.3807],[-91.1251,34.3778],[-91.1166,34.3696],[-91.1049,34.365],[-91.1051,34.3612],[-91.1095,34.3569],[-91.1086,34.3541],[-91.0966,34.3512],[-91.0926,34.3437],[-91.087,34.3457],[-91.082,34.345],[-91.0784,34.3484],[-91.0759,34.3435],[-91.0718,34.3415],[-91.0685,34.3381],[-91.0631,34.3366],[-91.0585,34.3376]]]}},{"type":"Feature","properties":{"leaid":"0500006","name":"Warren School District","kind":"Unified","gradeLow":"PK","gradeHigh":"12","state":"AR"},"geometry":{"type":"Polygon","coordinates":[[[-92.2541,33.7055],[-91.9759,33.7044],[-91.9762,33.5297],[-92.1151,33.5299],[-92.1149,33.5149],[-92.1281,33.5152],[-92.1282,33.5116],[-92.1369,33.5116],[-92.137,33.5043],[-92.15,33.5042],[-92.1497,33.559],[-92.1843,33.5592],[-92.1843,33.5665],[-92.1757,33.5665],[-92.1756,33.5737],[-92.2018,33.5739],[-92.2017,33.5776],[-92.2192,33.5776],[-92.2192,33.5812],[-92.2236,33.5812],[-92.2235,33.5739],[-92.2392,33.5742],[-92.2397,33.5727],[-92.2385,33.5715],[-92.2317,33.5704],[-92.2376,33.5642],[-92.236,33.5592],[-92.2338,33.5583],[-92.2337,33.5563],[-92.2315,33.5541],[-92.2322,33.547],[-92.2301,33.5454],[-92.232,33.5451],[-92.2308,33.5436],[-92.2324,33.543],[-92.2299,33.5421],[-92.2293,33.5396],[-92.2268,33.5396],[-92.2268,33.538],[-92.2248,33.5377],[-92.2258,33.5359],[-92.2217,33.536],[-92.2203,33.5305],[-92.2536,33.5303],[-92.2537,33.5155],[-92.2019,33.5155],[-92.2019,33.4718],[-92.2529,33.4718],[-92.2529,33.4765],[-92.2715,33.4766],[-92.2715,33.5008],[-92.3123,33.503],[-92.3167,33.5114],[-92.3148,33.5145],[-92.3177,33.5199],[-92.3171,33.5208],[-92.3209,33.5216],[-92.323,33.5244],[-92.3233,33.5321],[-92.2711,33.5303],[-92.2716,33.5376],[-92.2859,33.5376],[-92.2857,33.545],[-92.2787,33.5449],[-92.2788,33.5595],[-92.2822,33.5595],[-92.2821,33.5885],[-92.2856,33.5886],[-92.2856,33.5853],[-92.3216,33.5869],[-92.3242,33.5907],[-92.3238,33.5918],[-92.3251,33.5919],[-92.3247,33.594],[-92.3271,33.5985],[-92.3264,33.5999],[-92.3305,33.6031],[-92.3284,33.6041],[-92.33,33.6054],[-92.3282,33.6072],[-92.3287,33.617],[-92.3245,33.6222],[-92.3233,33.6252],[-92.3242,33.6273],[-92.3225,33.6282],[-92.3225,33.6301],[-92.3212,33.6301],[-92.3208,33.6325],[-92.3214,33.6355],[-92.3235,33.6373],[-92.3229,33.6411],[-92.3206,33.6428],[-92.3227,33.6453],[-92.3206,33.6476],[-92.3242,33.6503],[-92.3248,33.6531],[-92.3232,33.655],[-92.3244,33.6571],[-92.3264,33.6575],[-92.3271,33.6615],[-92.326,33.6629],[-92.3262,33.668],[-92.3249,33.6674],[-92.3235,33.6688],[-92.3228,33.6706],[-92.3239,33.6731],[-92.3214,33.6738],[-92.3205,33.6777],[-92.3036,33.677],[-92.3034,33.6625],[-92.2859,33.6616],[-92.286,33.669],[-92.2992,33.6696],[-92.2993,33.6769],[-92.2713,33.6759],[-92.2714,33.6616],[-92.254,33.6615],[-92.2541,33.7055]]]}},{"type":"Feature","properties":{"leaid":"0500009","name":"Corning Public Schools","kind":"Unified","gradeLow":"PK","gradeHigh":"12","state":"AR"},"geometry":{"type":"Polygon","coordinates":[[[-90.7845,36.4986],[-90.3708,36.4981],[-90.3715,36.4202],[-90.3968,36.42],[-90.3986,36.4134],[-90.3989,36.3824],[-90.408,36.3825],[-90.4081,36.3763],[-90.417,36.3763],[-90.4171,36.3655],[-90.426,36.3656],[-90.4261,36.3619],[-90.4355,36.362],[-90.4357,36.3553],[-90.4395,36.3553],[-90.4405,36.3476],[-90.4442,36.3476],[-90.4446,36.3186],[-90.4613,36.3188],[-90.4613,36.3033],[-90.4259,36.3027],[-90.4269,36.2593],[-90.5348,36.2616],[-90.5527,36.2634],[-90.5888,36.2641],[-90.5888,36.2651],[-90.7159,36.2679],[-90.8067,36.267],[-90.8066,36.2894],[-90.8043,36.2922],[-90.8052,36.2934],[-90.8087,36.293],[-90.8073,36.2907],[-90.8093,36.2888],[-90.8111,36.2904],[-90.8099,36.2928],[-90.8127,36.2924],[-90.8158,36.2903],[-90.8142,36.288],[-90.8145,36.2861],[-90.8193,36.285],[-90.8173,36.2816],[-90.8201,36.2812],[-90.8175,36.279],[-90.818,36.2764],[-90.8155,36.2751],[-90.8201,36.2691],[-90.8202,36.2661],[-90.8187,36.2648],[-90.8236,36.2624],[-90.8223,36.2594],[-90.8253,36.2584],[-90.8255,36.2561],[-90.828,36.2585],[-90.8295,36.2582],[-90.8307,36.2569],[-90.8306,36.253],[-90.8344,36.2546],[-90.8344,36.2508],[-90.8371,36.2511],[-90.835,36.2486],[-90.8357,36.2478],[-90.8414,36.2508],[-90.843,36.2498],[-90.841,36.2473],[-90.842,36.246],[-90.8437,36.2461],[-90.8446,36.249],[-90.8463,36.2493],[-90.8449,36.2463],[-90.8463,36.243],[-90.848,36.244],[-90.8503,36.2433],[-90.8516,36.2452],[-90.8523,36.241],[-90.8512,36.239],[-90.8561,36.2387],[-90.8556,36.2343],[-90.8585,36.2355],[-90.8573,36.2339],[-90.8594,36.2337],[-90.8586,36.229],[-90.866,36.2346],[-90.8644,36.2355],[-90.8671,36.2382],[-90.8684,36.2361],[-90.8707,36.2352],[-90.8713,36.2367],[-90.87,36.2385],[-90.8729,36.239],[-90.8719,36.2352],[-90.8729,36.234],[-90.8768,36.239],[-90.8789,36.2367],[-90.881,36.2369],[-90.8812,36.2385],[-90.8781,36.24],[-90.8807,36.2422],[-90.8777,36.2446],[-90.8807,36.2441],[-90.8789,36.2474],[-90.882,36.2476],[-90.8818,36.2503],[-90.8834,36.2515],[-90.8929,36.2466],[-90.8961,36.2414],[-90.8973,36.2419],[-90.8957,36.2454],[-90.8965,36.2465],[-90.9011,36.2453],[-90.9022,36.2484],[-90.906,36.2483],[-90.9059,36.2509],[-90.909,36.2493],[-90.9122,36.2501],[-90.9129,36.2532],[-90.9095,36.2524],[-90.9073,36.2541],[-90.9127,36.2567],[-90.9072,36.2584],[-90.909,36.2612],[-90.9084,36.2629],[-90.9047,36.2646],[-90.8981,36.2627],[-90.8952,36.2635],[-90.8958,36.2665],[-90.899,36.2655],[-90.9014,36.2664],[-90.8985,36.2687],[-90.9001,36.2714],[-90.8988,36.2752],[-90.8959,36.2752],[-90.893,36.2703],[-90.8906,36.2702],[-90.8893,36.2735],[-90.8858,36.2751],[-90.8834,36.2788],[-90.8769,36.2732],[-90.8734,36.2764],[-90.8775,36.279],[-90.8714,36.2841],[-90.872,36.2907],[-90.8706,36.2917],[-90.8677,36.2889],[-90.8611,36.2872],[-90.8614,36.2888],[-90.8654,36.2902],[-90.8659,36.292],[-90.8585,36.2986],[-90.8573,36.3049],[-90.8539,36.3061],[-90.8497,36.3103],[-90.8459,36.3085],[-90.8442,36.3091],[-90.8485,36.3128],[-90.8486,36.3152],[-90.8458,36.3186],[-90.846,36.3215],[-90.8407,36.3244],[-90.8402,36.3258],[-90.8464,36.3287],[-90.8437,36.3324],[-90.8475,36.3353],[-90.8466,36.3382],[-90.8428,36.339],[-90.8384,36.3369],[-90.8373,36.3412],[-90.8359,36.3419],[-90.8252,36.3387],[-90.8245,36.3396],[-90.8261,36.3406],[-90.8259,36.3429],[-90.8129,36.347],[-90.8118,36.346],[-90.8108,36.3382],[-90.8092,36.3368],[-90.8075,36.3372],[-90.8049,36.3436],[-90.8028,36.4123],[-90.7612,36.4129],[-90.7641,36.4143],[-90.7706,36.4134],[-90.769,36.4201],[-90.7654,36.4206],[-90.7615,36.4179],[-90.7612,36.4218],[-90.7562,36.4223],[-90.7615,36.4257],[-90.7624,36.4287],[-90.7646,36.4282],[-90.767,36.4245],[-90.772,36.4243],[-90.778,36.426],[-90.7786,36.43],[-90.7731,36.4278],[-90.7727,36.4303],[-90.7676,36.4326],[-90.7692,36.4342],[-90.7757,36.4343],[-90.7795,36.4378],[-90.7745,36.4467],[-90.7755,36.4528],[-90.7731,36.4599],[-90.774,36.464],[-90.7717,36.4671],[-90.773,36.4748],[-90.769,36.4755],[-90.7681,36.4769],[-90.7713,36.4811],[-90.7693,36.4852],[-90.77,36.4874],[-90.7775,36.4893],[-90.7823,36.4976],[-90.7845,36.4986]],[[-90.6526,36.2737],[-90.6521,36.2883],[-90.6698,36.2888],[-90.6701,36.2744],[-90.6526,36.2737]]]}},{"type":"Feature","properties":{"leaid":"0500073","name":"Ouachita River School District","kind":"Unified","gradeLow":"PK","gradeHigh":"12","state":"AR"},"geometry":{"type":"MultiPolygon","coordinates":[[[[-93.7453,34.7466],[-93.5699,34.7446],[-93.5706,34.6864],[-93.6487,34.6873],[-93.6501,34.6341],[-93.6544,34.6327],[-93.6542,34.6259],[-93.6555,34.6252],[-93.6581,34.6255],[-93.6607,34.6317],[-93.6664,34.6334],[-93.6737,34.6287],[-93.6783,34.6297],[-93.6766,34.6347],[-93.6772,34.6384],[-93.6808,34.6389],[-93.6842,34.6376],[-93.6873,34.6385],[-93.6898,34.6419],[-93.6911,34.6485],[-93.6971,34.6529],[-93.6994,34.6528],[-93.7011,34.6508],[-93.699,34.6432],[-93.7009,34.6375],[-93.6974,34.6078],[-93.6997,34.6048],[-93.7038,34.604],[-93.7043,34.5934],[-93.7567,34.5931],[-93.7568,34.5853],[-93.7917,34.5856],[-93.7921,34.5685],[-93.8099,34.5681],[-93.8103,34.5207],[-93.933,34.5215],[-93.9302,34.666],[-93.8793,34.6656],[-93.8791,34.6908],[-93.8702,34.6908],[-93.8699,34.7125],[-93.8169,34.7112],[-93.8168,34.7185],[-93.7811,34.7181],[-93.7809,34.7324],[-93.7458,34.7321],[-93.7453,34.7466]]],[[[-94.386,34.7895],[-94.2889,34.7876],[-94.2897,34.7549],[-94.343,34.7563],[-94.3441,34.727],[-94.3168,34.7265],[-94.3177,34.6974],[-94.0352,34.6929],[-94.0355,34.6694],[-94.0186,34.669],[-94.019,34.6399],[-94.124,34.6418],[-94.1242,34.6273],[-94.1332,34.6273],[-94.1332,34.6202],[-94.1244,34.62],[-94.1244,34.6128],[-94.1375,34.6129],[-94.1376,34.6091],[-94.1429,34.6095],[-94.143,34.6057],[-94.1518,34.6059],[-94.152,34.5985],[-94.1564,34.5986],[-94.1565,34.5951],[-94.161,34.5951],[-94.1614,34.5772],[-94.1659,34.5774],[-94.166,34.5737],[-94.1789,34.5742],[-94.1789,34.5705],[-94.1965,34.5712],[-94.1969,34.5566],[-94.2058,34.5569],[-94.2051,34.5787],[-94.2138,34.5791],[-94.2137,34.5863],[-94.2225,34.5866],[-94.2224,34.5938],[-94.2446,34.5942],[-94.2445,34.6013],[-94.24,34.6013],[-94.2399,34.605],[-94.2354,34.6049],[-94.2354,34.6085],[-94.2398,34.6086],[-94.24,34.6054],[-94.2487,34.6054],[-94.2485,34.6163],[-94.3277,34.619],[-94.3277,34.623],[-94.3362,34.6232],[-94.3352,34.6485],[-94.3006,34.6472],[-94.2999,34.6617],[-94.3764,34.6644],[-94.3762,34.668],[-94.3897,34.6681],[-94.3894,34.6788],[-94.456,34.68],[-94.4511,34.8307],[-94.3847,34.8294],[-94.386,34.7895]]]]}},{"type":"Feature","properties":{"leaid":"0504370","name":"Rector School District","kind":"Unified","gradeLow":"PK","gradeHigh":"12","state":"AR"},"geometry":{"type":"Polygon","coordinates":[[[-90.078,36.2883],[-90.0758,36.2809],[-90.0797,36.2787],[-90.0838,36.2719],[-90.0963,36.2713],[-90.0995,36.2689],[-90.1029,36.2689],[-90.1061,36.266],[-90.1127,36.2663],[-90.1171,36.2635],[-90.1161,36.2615],[-90.1176,36.2582],[-90.1193,36.2577],[-90.1182,36.2556],[-90.12,36.2547],[-90.1184,36.2533],[-90.1224,36.2493],[-90.122,36.2465],[-90.125,36.2445],[-90.124,36.2431],[-90.13,36.2433],[-90.1309,36.2414],[-90.1279,36.2398],[-90.1277,36.237],[-90.1248,36.2353],[-90.1248,36.2339],[-90.1265,36.2331],[-90.1255,36.2315],[-90.1263,36.2292],[-90.1311,36.2287],[-90.1324,36.2264],[-90.1421,36.2275],[-90.1438,36.2259],[-90.1441,36.2233],[-90.1461,36.2231],[-90.1457,36.2208],[-90.149,36.2218],[-90.1515,36.2187],[-90.1521,36.2157],[-90.1564,36.2136],[-90.1608,36.2156],[-90.1676,36.2133],[-90.1696,36.2141],[-90.1727,36.2106],[-90.1758,36.2106],[-90.1776,36.2073],[-90.1812,36.2087],[-90.1832,36.205],[-90.1881,36.2055],[-90.1902,36.2014],[-90.321,36.2006],[-90.3208,36.2301],[-90.3646,36.2304],[-90.3643,36.2595],[-90.4269,36.2593],[-90.4259,36.3027],[-90.4613,36.3033],[-90.4613,36.3188],[-90.4446,36.3186],[-90.4442,36.3476],[-90.4405,36.3476],[-90.4395,36.3553],[-90.4357,36.3553],[-90.4355,36.362],[-90.4261,36.3619],[-90.426,36.3656],[-90.4171,36.3655],[-90.417,36.3763],[-90.4081,36.3763],[-90.408,36.3825],[-90.3989,36.3824],[-90.3986,36.4134],[-90.3968,36.42],[-90.3715,36.4202],[-90.3715,36.4055],[-90.3186,36.4048],[-90.3187,36.3947],[-90.3102,36.3943],[-90.3107,36.3897],[-90.3052,36.3896],[-90.3053,36.3753],[-90.2775,36.3748],[-90.2775,36.3676],[-90.2714,36.3675],[-90.2652,36.3676],[-90.2651,36.3748],[-90.2546,36.3751],[-90.2547,36.3696],[-90.2383,36.3692],[-90.238,36.3626],[-90.2295,36.3622],[-90.2295,36.3556],[-90.1815,36.3556],[-90.1882,36.3456],[-90.1665,36.3454],[-90.1667,36.3162],[-90.1576,36.3162],[-90.1576,36.3027],[-90.1677,36.3027],[-90.1677,36.2881],[-90.078,36.2883]]]}},{"type":"Feature","properties":{"leaid":"0507770","name":"Highland School District","kind":"Unified","gradeLow":"PK","gradeHigh":"12","state":"AR"},"geometry":{"type":"Polygon","coordinates":[[[-91.2749,36.3746],[-91.276,36.3309],[-91.3129,36.3317],[-91.3114,36.3316],[-91.3124,36.2832],[-91.3142,36.263],[-91.3139,36.245],[-91.3124,36.2443],[-91.3315,36.2446],[-91.3322,36.2308],[-91.3498,36.231],[-91.3499,36.2301],[-91.3809,36.2312],[-91.3828,36.2303],[-91.3859,36.2277],[-91.3855,36.2196],[-91.3887,36.2154],[-91.3948,36.2118],[-91.403,36.2039],[-91.4071,36.2029],[-91.4141,36.1985],[-91.4223,36.1877],[-91.4327,36.1844],[-91.4378,36.1784],[-91.4392,36.1742],[-91.4587,36.1745],[-91.459,36.1643],[-91.4665,36.1644],[-91.4666,36.1604],[-91.4728,36.1605],[-91.4734,36.1443],[-91.468,36.1444],[-91.468,36.1391],[-91.4737,36.1393],[-91.4738,36.1371],[-91.4638,36.1368],[-91.4638,36.1299],[-91.4742,36.1298],[-91.4745,36.1148],[-91.4924,36.1155],[-91.492,36.1303],[-91.5286,36.1305],[-91.5282,36.1451],[-91.546,36.1454],[-91.5454,36.162],[-91.6175,36.1637],[-91.6209,36.1638],[-91.622,36.1325],[-91.6444,36.1329],[-91.6447,36.124],[-91.6496,36.1258],[-91.6542,36.1204],[-91.6567,36.1193],[-91.6587,36.1199],[-91.6587,36.1182],[-91.6806,36.1188],[-91.6805,36.1492],[-91.6955,36.1477],[-91.6949,36.1652],[-91.675,36.1647],[-91.6742,36.2086],[-91.6921,36.2091],[-91.6914,36.2532],[-91.7136,36.2534],[-91.7137,36.2679],[-91.7184,36.268],[-91.7182,36.2862],[-91.7319,36.2877],[-91.7317,36.305],[-91.6996,36.3044],[-91.6995,36.3117],[-91.691,36.3117],[-91.691,36.3264],[-91.6734,36.3264],[-91.6734,36.322],[-91.6689,36.3219],[-91.6689,36.3251],[-91.6546,36.325],[-91.6543,36.3323],[-91.6463,36.3321],[-91.6457,36.3629],[-91.6731,36.3629],[-91.673,36.37],[-91.583,36.3686],[-91.5832,36.3542],[-91.5661,36.3521],[-91.566,36.3701],[-91.5469,36.37],[-91.5472,36.3591],[-91.5293,36.3589],[-91.5289,36.3808],[-91.4539,36.379],[-91.4527,36.4224],[-91.368,36.4209],[-91.3497,36.4208],[-91.3491,36.4219],[-91.3491,36.4209],[-91.3087,36.4204],[-91.3101,36.3898],[-91.2915,36.3892],[-91.2924,36.3747],[-91.2749,36.3746]]]}},{"type":"Feature","properties":{"leaid":"0509270","name":"Mammoth Spring Schools","kind":"Unified","gradeLow":"PK","gradeHigh":"12","state":"AR"},"geometry":{"type":"Polygon","coordinates":[[[-91.4073,36.4971],[-91.1724,36.4975],[-91.1717,36.4952],[-91.1738,36.4932],[-91.1714,36.4872],[-91.1689,36.4857],[-91.1676,36.4828],[-91.164,36.4841],[-91.1551,36.471],[-91.1624,36.4608],[-91.1674,36.4569],[-91.1702,36.4559],[-91.1791,36.4568],[-91.1808,36.4551],[-91.181,36.4525],[-91.1768,36.4516],[-91.1704,36.4463],[-91.1612,36.4489],[-91.1583,36.4484],[-91.1574,36.4465],[-91.161,36.443],[-91.1609,36.441],[-91.1575,36.4379],[-91.1504,36.4348],[-91.1481,36.4353],[-91.1488,36.4389],[-91.1473,36.4414],[-91.1398,36.4367],[-91.1375,36.4324],[-91.1393,36.4282],[-91.1379,36.4258],[-91.1396,36.4229],[-91.1386,36.4186],[-91.1422,36.4187],[-91.1454,36.4217],[-91.1469,36.4145],[-91.1556,36.4079],[-91.1655,36.4063],[-91.1734,36.4017],[-91.1779,36.3964],[-91.1837,36.3955],[-91.1839,36.3748],[-91.2397,36.3756],[-91.2924,36.3747],[-91.2915,36.3892],[-91.3101,36.3898],[-91.3087,36.4204],[-91.3491,36.4209],[-91.3491,36.4219],[-91.3497,36.4208],[-91.368,36.4209],[-91.4527,36.4224],[-91.4539,36.379],[-91.5289,36.3808],[-91.5293,36.3589],[-91.5472,36.3591],[-91.5469,36.37],[-91.566,36.3701],[-91.5661,36.3521],[-91.5832,36.3542],[-91.583,36.3686],[-91.673,36.37],[-91.6729,36.4171],[-91.6909,36.4177],[-91.6909,36.4321],[-91.6727,36.4318],[-91.6726,36.4465],[-91.6907,36.4469],[-91.6907,36.4539],[-91.7325,36.4543],[-91.7324,36.465],[-91.723,36.4649],[-91.7227,36.4687],[-91.7089,36.4686],[-91.7085,36.4994],[-91.5395,36.4992],[-91.4073,36.4971]]]}},{"type":"Feature","properties":{"leaid":"0509330","name":"Mansfield School District","kind":"Unified","gradeLow":"PK","gradeHigh":"12","state":"AR"},"geometry":{"type":"Polygon","coordinates":[[[-94.0852,35.142],[-94.0852,35.1384],[-94.0762,35.1383],[-94.0766,35.1243],[-94.0724,35.1238],[-94.0724,35.1183],[-94.0812,35.1184],[-94.0812,35.1168],[-94.0859,35.1168],[-94.0857,35.1282],[-94.0946,35.1283],[-94.0947,35.1207],[-94.0993,35.1207],[-94.0992,35.1246],[-94.1038,35.1246],[-94.1039,35.1173],[-94.1086,35.1174],[-94.1087,35.1138],[-94.122,35.114],[-94.1224,35.1029],[-94.1133,35.1029],[-94.1133,35.1062],[-94.1043,35.1061],[-94.1041,35.1137],[-94.0862,35.1131],[-94.0878,35.0691],[-94.0697,35.0687],[-94.0699,35.0655],[-94.088,35.0658],[-94.0883,35.0545],[-94.0908,35.0545],[-94.0916,35.0272],[-94.1009,35.0275],[-94.1014,34.9837],[-94.2301,34.9859],[-94.2305,34.9685],[-94.2324,34.9678],[-94.2502,34.9639],[-94.2558,34.9599],[-94.262,34.9596],[-94.2652,34.9574],[-94.2817,34.9568],[-94.2933,34.953],[-94.2964,34.9539],[-94.3002,34.9527],[-94.3086,34.953],[-94.3242,34.9559],[-94.3302,34.9544],[-94.3328,34.9504],[-94.3371,34.9482],[-94.334,35.0637],[-94.3233,35.0634],[-94.3233,35.0711],[-94.287,35.0695],[-94.2865,35.0879],[-94.3047,35.0883],[-94.3045,35.0958],[-94.2953,35.0957],[-94.2951,35.1028],[-94.304,35.1029],[-94.3045,35.1049],[-94.3031,35.147],[-94.2664,35.1464],[-94.2659,35.1607],[-94.2462,35.1604],[-94.2372,35.1601],[-94.238,35.1492],[-94.2105,35.1485],[-94.2106,35.1452],[-94.0852,35.142]]]}},{"type":"Feature","properties":{"leaid":"0512000","name":"Rose Bud School District","kind":"Unified","gradeLow":"PK","gradeHigh":"12","state":"AR"},"geometry":{"type":"Polygon","coordinates":[[[-92.0072,35.4254],[-92.009,35.3597],[-91.975,35.3596],[-91.9757,35.3229],[-91.958,35.3226],[-91.9583,35.3115],[-91.9224,35.3114],[-91.9228,35.3004],[-91.905,35.3003],[-91.9052,35.2858],[-91.9319,35.2856],[-91.9327,35.271],[-91.9503,35.2712],[-91.9518,35.2239],[-91.9608,35.2239],[-91.9607,35.2202],[-91.9875,35.2206],[-91.9872,35.2279],[-92.0125,35.2282],[-92.0126,35.2209],[-92.0086,35.2209],[-92.0087,35.2138],[-92.0046,35.2137],[-92.0048,35.2063],[-92.0477,35.2071],[-92.0482,35.2144],[-92.0612,35.2147],[-92.0612,35.2183],[-92.0657,35.2185],[-92.0657,35.2221],[-92.0708,35.2223],[-92.0697,35.2294],[-92.1009,35.2303],[-92.1008,35.234],[-92.1147,35.2343],[-92.1124,35.3298],[-92.1478,35.3293],[-92.1472,35.3623],[-92.125,35.3622],[-92.1252,35.3547],[-92.1207,35.3548],[-92.1208,35.3514],[-92.1298,35.3509],[-92.1299,35.3472],[-92.1119,35.3478],[-92.1109,35.3919],[-92.0883,35.3913],[-92.0883,35.406],[-92.0838,35.4059],[-92.0834,35.4204],[-92.0879,35.4205],[-92.0878,35.4279],[-92.0072,35.4254]]]}},{"type":"Feature","properties":{"leaid":"0500012","name":"Riverside School District","kind":"Unified","gradeLow":"PK","gradeHigh":"12","state":"AR"},"geometry":{"type":"Polygon","coordinates":[[[-90.2872,35.8013],[-90.2868,35.6999],[-90.3899,35.7014],[-90.4667,35.7053],[-90.4665,35.7379],[-90.471,35.738],[-90.4706,35.7499],[-90.4662,35.7497],[-90.466,35.7643],[-90.4999,35.7661],[-90.4994,35.794],[-90.5086,35.7939],[-90.5085,35.8228],[-90.4967,35.8233],[-90.4651,35.8218],[-90.4642,35.8658],[-90.4462,35.8652],[-90.4461,35.8778],[-90.418,35.8775],[-90.4174,35.8743],[-90.4091,35.8633],[-90.4043,35.8596],[-90.3996,35.8595],[-90.4,35.8189],[-90.3231,35.8169],[-90.3232,35.8023],[-90.2872,35.8013]]]}},{"type":"Feature","properties":{"leaid":"0503640","name":"Brookland School District","kind":"Unified","gradeLow":"PK","gradeHigh":"12","state":"AR"},"geometry":{"type":"Polygon","coordinates":[[[-90.3897,35.9647],[-90.3896,35.9349],[-90.4074,35.9346],[-90.4076,35.9061],[-90.4247,35.9066],[-90.4248,35.8918],[-90.4416,35.8921],[-90.4439,35.8898],[-90.4511,35.8778],[-90.4461,35.8778],[-90.4462,35.8652],[-90.4642,35.8658],[-90.4651,35.8218],[-90.4967,35.8233],[-90.5173,35.8227],[-90.5174,35.8661],[-90.5709,35.8652],[-90.5707,35.8363],[-90.6342,35.8354],[-90.6107,35.8642],[-90.6404,35.8642],[-90.6396,35.8932],[-90.6751,35.8935],[-90.6742,35.9082],[-90.6791,35.9082],[-90.679,35.9155],[-90.6837,35.9156],[-90.6831,35.9373],[-90.6877,35.9374],[-90.6874,35.9519],[-90.6738,35.9518],[-90.6736,35.9665],[-90.3897,35.9647]]]}},{"type":"Feature","properties":{"leaid":"0508280","name":"Jonesboro Public Schools","kind":"Unified","gradeLow":"PK","gradeHigh":"12","state":"AR"},"geometry":{"type":"Polygon","coordinates":[[[-90.6874,35.9519],[-90.6877,35.9374],[-90.6831,35.9373],[-90.6837,35.9156],[-90.679,35.9155],[-90.6791,35.9082],[-90.6751,35.9083],[-90.6742,35.9082],[-90.6774,35.8357],[-90.6593,35.8354],[-90.6599,35.8211],[-90.6644,35.8211],[-90.6599,35.8205],[-90.6601,35.8139],[-90.7049,35.8141],[-90.705,35.807],[-90.7095,35.8071],[-90.7096,35.7997],[-90.714,35.7998],[-90.714,35.8069],[-90.7761,35.8065],[-90.7755,35.8211],[-90.7844,35.821],[-90.7843,35.8357],[-90.7749,35.8358],[-90.7748,35.8429],[-90.7663,35.8431],[-90.7661,35.8503],[-90.7482,35.8504],[-90.7478,35.8649],[-90.7385,35.8649],[-90.7383,35.8867],[-90.7205,35.8866],[-90.72,35.9086],[-90.711,35.9086],[-90.7109,35.9157],[-90.7199,35.9157],[-90.7192,35.9522],[-90.6874,35.9519]]]}},{"type":"Feature","properties":{"leaid":"0500015","name":"Sheridan School District","kind":"Unified","gradeLow":"PK","gradeHigh":"12","state":"AR"},"geometry":{"type":"Polygon","coordinates":[[[-92.208,34.4928],[-92.2128,34.2304],[-92.2325,34.2309],[-92.2333,34.0624],[-92.3367,34.0595],[-92.3371,34.064],[-92.3399,34.0662],[-92.3416,34.0649],[-92.3459,34.0655],[-92.3451,34.0675],[-92.3476,34.0707],[-92.3488,34.0707],[-92.3493,34.0688],[-92.3541,34.0717],[-92.355,34.0701],[-92.3533,34.0679],[-92.3555,34.0672],[-92.3743,34.075],[-92.3744,34.0765],[-92.3725,34.0757],[-92.3704,34.0769],[-92.3732,34.08],[-92.3749,34.0864],[-92.3789,34.0874],[-92.3777,34.0897],[-92.3812,34.0915],[-92.3838,34.0965],[-92.3855,34.0959],[-92.3859,34.0939],[-92.3883,34.0949],[-92.3891,34.0973],[-92.388,34.0989],[-92.3908,34.1026],[-92.3929,34.102],[-92.3939,34.1043],[-92.3964,34.1039],[-92.3977,34.1061],[-92.4002,34.1044],[-92.4031,34.1044],[-92.4055,34.1085],[-92.4042,34.1091],[-92.4042,34.1076],[-92.4004,34.1095],[-92.4035,34.1102],[-92.4059,34.1157],[-92.4083,34.1135],[-92.4105,34.1158],[-92.4122,34.113],[-92.4206,34.1204],[-92.4253,34.1217],[-92.427,34.1254],[-92.4277,34.1241],[-92.4293,34.1251],[-92.4315,34.1242],[-92.4314,34.1264],[-92.4354,34.1254],[-92.4361,34.127],[-92.4389,34.1254],[-92.4425,34.1269],[-92.443,34.1261],[-92.4413,34.1262],[-92.4421,34.1235],[-92.4461,34.1252],[-92.4488,34.1232],[-92.4511,34.1268],[-92.453,34.1271],[-92.4526,34.128],[-92.4581,34.1267],[-92.459,34.1285],[-92.4563,34.1312],[-92.4568,34.1323],[-92.4585,34.1307],[-92.4606,34.1316],[-92.4608,34.1331],[-92.4647,34.1331],[-92.465,34.1345],[-92.4687,34.1374],[-92.4695,34.1359],[-92.4671,34.1338],[-92.472,34.135],[-92.4723,34.1337],[-92.4743,34.1343],[-92.4762,34.1317],[-92.4759,34.1356],[-92.4793,34.1323],[-92.4811,34.1338],[-92.4833,34.1329],[-92.4882,34.1346],[-92.4891,34.1341],[-92.4885,34.1328],[-92.4913,34.1327],[-92.4923,34.1337],[-92.491,34.1351],[-92.4929,34.1362],[-92.4922,34.1375],[-92.4933,34.1392],[-92.492,34.1412],[-92.4934,34.1415],[-92.4936,34.1432],[-92.4925,34.1436],[-92.4936,34.1443],[-92.5205,34.1459],[-92.6784,34.1496],[-92.676,34.2394],[-92.6733,34.2394],[-92.6726,34.2687],[-92.6018,34.2673],[-92.6013,34.2819],[-92.5833,34.2816],[-92.5828,34.2962],[-92.5913,34.2967],[-92.5908,34.3254],[-92.5997,34.3256],[-92.5989,34.3399],[-92.5857,34.3396],[-92.5854,34.3545],[-92.5983,34.3547],[-92.5982,34.369],[-92.6069,34.3692],[-92.6064,34.3838],[-92.6148,34.384],[-92.6142,34.3984],[-92.5273,34.3965],[-92.5258,34.4255],[-92.5431,34.4253],[-92.5418,34.4542],[-92.4047,34.4519],[-92.4034,34.4957],[-92.3951,34.4956],[-92.3991,34.4979],[-92.3978,34.4995],[-92.3982,34.5014],[-92.4003,34.5019],[-92.4008,34.5059],[-92.4034,34.507],[-92.4038,34.5104],[-92.386,34.5102],[-92.3859,34.5173],[-92.3903,34.5174],[-92.3903,34.5211],[-92.3857,34.521],[-92.3857,34.5319],[-92.39,34.532],[-92.39,34.5361],[-92.3855,34.536],[-92.3851,34.5574],[-92.3895,34.5575],[-92.3895,34.5611],[-92.4028,34.5618],[-92.4027,34.5689],[-92.3894,34.5685],[-92.3893,34.572],[-92.3849,34.5718],[-92.3847,34.5754],[-92.3893,34.5756],[-92.3893,34.5791],[-92.3937,34.5791],[-92.3936,34.5827],[-92.3836,34.5826],[-92.3832,34.5969],[-92.348,34.5972],[-92.3487,34.5823],[-92.2442,34.5809],[-92.2449,34.5447],[-92.2621,34.545],[-92.2633,34.4938],[-92.208,34.4928]]]}},{"type":"Feature","properties":{"leaid":"0502790","name":"Bauxite School District","kind":"Unified","gradeLow":"PK","gradeHigh":"12","state":"AR"},"geometry":{"type":"Polygon","coordinates":[[[-92.4038,34.5104],[-92.4034,34.507],[-92.4008,34.5059],[-92.4003,34.5019],[-92.3982,34.5014],[-92.3978,34.4995],[-92.3991,34.4979],[-92.3951,34.4956],[-92.4034,34.4957],[-92.4047,34.4519],[-92.5418,34.4542],[-92.5431,34.4253],[-92.5258,34.4255],[-92.5273,34.3965],[-92.6229,34.3986],[-92.6223,34.4122],[-92.6219,34.4109],[-92.6203,34.4121],[-92.6216,34.415],[-92.62,34.4153],[-92.6179,34.4131],[-92.6165,34.4146],[-92.6173,34.4172],[-92.6243,34.42],[-92.6236,34.4251],[-92.6155,34.4324],[-92.6138,34.4324],[-92.6134,34.4286],[-92.6015,34.439],[-92.5975,34.4445],[-92.5983,34.4481],[-92.5974,34.4523],[-92.5941,34.4532],[-92.5915,34.4996],[-92.6094,34.5002],[-92.6086,34.5147],[-92.5821,34.5137],[-92.5826,34.5064],[-92.5782,34.5062],[-92.5784,34.5025],[-92.5741,34.5025],[-92.5736,34.5098],[-92.5648,34.5094],[-92.5646,34.5131],[-92.556,34.5128],[-92.5549,34.5236],[-92.5593,34.5238],[-92.5587,34.531],[-92.5543,34.5308],[-92.5546,34.5272],[-92.5467,34.527],[-92.5465,34.5308],[-92.5445,34.5307],[-92.5443,34.5341],[-92.5386,34.5339],[-92.5375,34.5485],[-92.5369,34.5594],[-92.5446,34.5596],[-92.5445,34.5632],[-92.5521,34.5634],[-92.5514,34.5779],[-92.5222,34.5771],[-92.5218,34.5886],[-92.5174,34.5885],[-92.5181,34.5703],[-92.4779,34.5696],[-92.4785,34.5624],[-92.4658,34.5621],[-92.4654,34.5658],[-92.4613,34.5657],[-92.4616,34.5622],[-92.4489,34.5622],[-92.4491,34.5586],[-92.4576,34.5585],[-92.4578,34.5549],[-92.4495,34.555],[-92.4501,34.5403],[-92.4292,34.54],[-92.4297,34.5218],[-92.4256,34.5218],[-92.4256,34.5181],[-92.4125,34.5179],[-92.4126,34.5106],[-92.4038,34.5104]]]}},{"type":"Feature","properties":{"leaid":"0500016","name":"Marmaduke School District","kind":"Unified","gradeLow":"PK","gradeHigh":"12","state":"AR"},"geometry":{"type":"Polygon","coordinates":[[[-90.4269,36.2593],[-90.3643,36.2595],[-90.3646,36.2304],[-90.3208,36.2301],[-90.321,36.2006],[-90.1902,36.2014],[-90.1952,36.2003],[-90.1968,36.1961],[-90.2002,36.1965],[-90.2015,36.1935],[-90.2009,36.1918],[-90.2041,36.1899],[-90.2044,36.1869],[-90.2098,36.186],[-90.2114,36.1831],[-90.2139,36.183],[-90.2151,36.1846],[-90.2166,36.1836],[-90.2203,36.1845],[-90.2251,36.1785],[-90.2252,36.1768],[-90.2296,36.1732],[-90.2312,36.1638],[-90.2354,36.1593],[-90.2327,36.1562],[-90.2334,36.1548],[-90.2312,36.1537],[-90.2314,36.1466],[-90.2349,36.1452],[-90.2351,36.1426],[-90.3117,36.1426],[-90.3119,36.1644],[-90.3193,36.1644],[-90.3412,36.1494],[-90.3426,36.1382],[-90.3761,36.1384],[-90.3762,36.1288],[-90.3894,36.1291],[-90.3895,36.1254],[-90.394,36.1255],[-90.394,36.1271],[-90.3984,36.1272],[-90.3984,36.1253],[-90.403,36.1255],[-90.4032,36.1183],[-90.4298,36.1181],[-90.4298,36.1199],[-90.4355,36.1215],[-90.4474,36.1221],[-90.4466,36.1731],[-90.483,36.1737],[-90.4832,36.1701],[-90.5126,36.1708],[-90.5138,36.1784],[-90.5188,36.1786],[-90.5188,36.1822],[-90.5729,36.1822],[-90.5717,36.2318],[-90.5647,36.2347],[-90.5935,36.2357],[-90.5932,36.2652],[-90.5888,36.2651],[-90.5888,36.2641],[-90.5527,36.2634],[-90.5348,36.2616],[-90.4269,36.2593]]]}},{"type":"Feature","properties":{"leaid":"0500017","name":"Paragould School District","kind":"Unified","gradeLow":"PK","gradeHigh":"12","state":"AR"},"geometry":{"type":"Polygon","coordinates":[[[-90.4208,36.1181],[-90.4216,36.0852],[-90.4395,36.0853],[-90.4396,36.078],[-90.4574,36.0782],[-90.4579,36.065],[-90.4755,36.0633],[-90.4757,36.0599],[-90.4734,36.0589],[-90.4738,36.0493],[-90.4676,36.045],[-90.4679,36.0381],[-90.4947,36.0387],[-90.4946,36.0417],[-90.5126,36.0417],[-90.5124,36.0524],[-90.5211,36.0525],[-90.521,36.0671],[-90.53,36.0671],[-90.5299,36.0708],[-90.5478,36.0708],[-90.5478,36.0672],[-90.5659,36.0673],[-90.5661,36.0458],[-90.5751,36.0458],[-90.5752,36.0384],[-90.6015,36.0383],[-90.6011,36.0564],[-90.6357,36.057],[-90.6349,36.0828],[-90.7069,36.0836],[-90.7068,36.0887],[-90.734,36.089],[-90.7341,36.0838],[-90.8084,36.0849],[-90.8047,36.0879],[-90.8024,36.086],[-90.8002,36.0865],[-90.7992,36.0893],[-90.7946,36.088],[-90.7943,36.0919],[-90.7907,36.0932],[-90.7913,36.095],[-90.7909,36.0967],[-90.7897,36.0967],[-90.7896,36.1008],[-90.7864,36.1014],[-90.7853,36.1041],[-90.782,36.1035],[-90.7806,36.1047],[-90.7794,36.1023],[-90.777,36.1054],[-90.7716,36.1083],[-90.7707,36.111],[-90.7717,36.1222],[-90.7707,36.125],[-90.7635,36.1345],[-90.7484,36.1462],[-90.7444,36.1564],[-90.7,36.156],[-90.6999,36.163],[-90.6552,36.1624],[-90.6558,36.1476],[-90.6331,36.1472],[-90.6331,36.1263],[-90.5823,36.126],[-90.5817,36.1464],[-90.5889,36.1465],[-90.5891,36.1583],[-90.5845,36.1584],[-90.5849,36.1654],[-90.5775,36.1659],[-90.5774,36.1701],[-90.5702,36.1701],[-90.5696,36.1821],[-90.5188,36.1822],[-90.5188,36.1786],[-90.5138,36.1784],[-90.5126,36.1708],[-90.4832,36.1701],[-90.483,36.1737],[-90.4466,36.1731],[-90.4474,36.1221],[-90.4355,36.1215],[-90.4298,36.1199],[-90.4298,36.1181],[-90.4208,36.1181]]]}},{"type":"Feature","properties":{"leaid":"0500019","name":"Batesville School District","kind":"Unified","gradeLow":"PK","gradeHigh":"12","state":"AR"},"geometry":{"type":"MultiPolygon","coordinates":[[[[-91.6114,35.8208],[-91.6161,35.821],[-91.6161,35.8246],[-91.6114,35.8245],[-91.6114,35.8208]]],[[[-91.6114,35.8208],[-91.5843,35.8204],[-91.5844,35.8166],[-91.58,35.8167],[-91.5801,35.8129],[-91.5845,35.813],[-91.5846,35.8056],[-91.5139,35.8044],[-91.5125,35.8066],[-91.5038,35.8104],[-91.496,35.8111],[-91.4961,35.816],[-91.4923,35.816],[-91.4913,35.8129],[-91.4821,35.8146],[-91.4677,35.8146],[-91.4683,35.7745],[-91.4586,35.7744],[-91.4605,35.7147],[-91.4696,35.7149],[-91.4694,35.7293],[-91.4872,35.7295],[-91.4872,35.7185],[-91.4911,35.7184],[-91.4967,35.7186],[-91.4964,35.7296],[-91.5234,35.73],[-91.5236,35.7063],[-91.5272,35.7084],[-91.5328,35.7092],[-91.5462,35.7027],[-91.5565,35.7002],[-91.5725,35.7093],[-91.5621,35.721],[-91.5641,35.7252],[-91.5713,35.7249],[-91.5762,35.7265],[-91.5833,35.7357],[-91.5871,35.7364],[-91.5977,35.7424],[-91.6113,35.74],[-91.6226,35.7421],[-91.6248,35.7466],[-91.6282,35.7485],[-91.6381,35.7582],[-91.6463,35.7607],[-91.6502,35.76],[-91.6504,35.743],[-91.6696,35.7457],[-91.6696,35.7324],[-91.6505,35.732],[-91.6507,35.7246],[-91.6604,35.7247],[-91.6606,35.711],[-91.6815,35.7114],[-91.6821,35.6933],[-91.6866,35.6933],[-91.6872,35.6964],[-91.6923,35.6957],[-91.6924,35.692],[-91.6955,35.6919],[-91.6955,35.6903],[-91.6986,35.6904],[-91.7005,35.6882],[-91.7006,35.6849],[-91.698,35.6849],[-91.698,35.681],[-91.7588,35.6812],[-91.7582,35.7117],[-91.7896,35.7118],[-91.7896,35.7143],[-91.7836,35.7185],[-91.8016,35.7188],[-91.8013,35.7265],[-91.8365,35.7271],[-91.8361,35.7489],[-91.8482,35.7612],[-91.8574,35.7647],[-91.865,35.7705],[-91.8648,35.7815],[-91.8694,35.7925],[-91.8695,35.8026],[-91.871,35.8095],[-91.8669,35.8206],[-91.8545,35.8337],[-91.8503,35.8431],[-91.8496,35.847],[-91.8509,35.8546],[-91.8495,35.8673],[-91.7534,35.9428],[-91.7016,35.9417],[-91.7008,35.9267],[-91.6948,35.9265],[-91.6945,35.9301],[-91.6898,35.9301],[-91.6895,35.9264],[-91.6834,35.9261],[-91.684,35.8965],[-91.6648,35.8961],[-91.6663,35.8463],[-91.6637,35.8414],[-91.6604,35.8394],[-91.6572,35.8338],[-91.6605,35.8312],[-91.6601,35.8293],[-91.6563,35.8272],[-91.659,35.8247],[-91.6598,35.8218],[-91.6586,35.8157],[-91.6592,35.8101],[-91.6501,35.8069],[-91.612,35.8062],[-91.6114,35.8208]]]]}},{"type":"Feature","properties":{"leaid":"0500020","name":"Midland School District","kind":"Unified","gradeLow":"PK","gradeHigh":"12","state":"AR"},"geometry":{"type":"Polygon","coordinates":[[[-91.7588,35.6812],[-91.6871,35.681],[-91.6873,35.6642],[-91.6733,35.6638],[-91.6735,35.653],[-91.6598,35.6525],[-91.6596,35.6635],[-91.6325,35.663],[-91.6322,35.6702],[-91.5593,35.6684],[-91.5594,35.6607],[-91.5782,35.6608],[-91.5795,35.6172],[-91.5437,35.6165],[-91.5453,35.5722],[-91.5325,35.572],[-91.5334,35.5288],[-91.5821,35.5303],[-91.583,35.4937],[-91.6013,35.4942],[-91.6017,35.4719],[-91.6196,35.4721],[-91.6199,35.4648],[-91.6338,35.4651],[-91.6342,35.443],[-91.6563,35.4433],[-91.6549,35.4871],[-91.7091,35.489],[-91.7094,35.4741],[-91.7362,35.4742],[-91.7353,35.534],[-91.7936,35.5341],[-91.7931,35.5489],[-91.8289,35.5498],[-91.828,35.5792],[-91.7926,35.5786],[-91.7904,35.6742],[-91.7592,35.6734],[-91.7588,35.6812]]]}},{"type":"Feature","properties":{"leaid":"0505170","name":"Dermott School District","kind":"Unified","gradeLow":"PK","gradeHigh":"12","state":"AR"},"geometry":{"type":"Polygon","coordinates":[[[-91.5879,33.608],[-91.4526,33.6065],[-91.4535,33.5637],[-91.3496,33.5636],[-91.3488,33.5916],[-91.2787,33.5906],[-91.2805,33.5179],[-91.2458,33.5172],[-91.2448,33.5536],[-91.2426,33.5537],[-91.2424,33.5615],[-91.2341,33.5614],[-91.2345,33.557],[-91.2324,33.5513],[-91.2188,33.5294],[-91.2069,33.5195],[-91.1854,33.5075],[-91.1834,33.5051],[-91.1826,33.4992],[-91.1962,33.4875],[-91.2075,33.4695],[-91.2151,33.465],[-91.2238,33.4625],[-91.2317,33.4569],[-91.2335,33.4435],[-91.2484,33.4438],[-91.2483,33.4461],[-91.2813,33.4463],[-91.2811,33.4609],[-91.3155,33.4611],[-91.3155,33.4755],[-91.3519,33.4758],[-91.3531,33.4309],[-91.4039,33.4326],[-91.4054,33.3886],[-91.5546,33.3913],[-91.5542,33.4125],[-91.5964,33.4132],[-91.5952,33.5737],[-91.5953,33.6081],[-91.5962,33.6081],[-91.595,33.6521],[-91.5879,33.6519],[-91.5879,33.608]]]}},{"type":"Feature","properties":{"leaid":"0505500","name":"Dumas School District","kind":"Unified","gradeLow":"PK","gradeHigh":"12","state":"AR"},"geometry":{"type":"Polygon","coordinates":[[[-91.6058,34.1122],[-91.6107,34.0971],[-91.6081,34.0909],[-91.6038,34.0873],[-91.5953,34.0855],[-91.5872,34.0872],[-91.5798,34.0917],[-91.5684,34.1024],[-91.5636,34.1047],[-91.5556,34.1058],[-91.5452,34.1045],[-91.5377,34.1022],[-91.5308,34.0983],[-91.5158,34.0805],[-91.5092,34.0751],[-91.5003,34.0728],[-91.4904,34.0745],[-91.4892,34.0724],[-91.4909,34.0674],[-91.4905,34.0632],[-91.4876,34.0601],[-91.4834,34.0587],[-91.4669,34.0616],[-91.4622,34.065],[-91.4599,34.0708],[-91.4613,34.075],[-91.4652,34.0801],[-91.4653,34.0826],[-91.4636,34.0848],[-91.4534,34.0856],[-91.449,34.0833],[-91.438,34.0741],[-91.4342,34.0653],[-91.4334,34.0489],[-91.4387,34.031],[-91.4359,34.0229],[-91.4319,34.0183],[-91.407,34.002],[-91.4016,33.9958],[-91.3954,33.985],[-91.389,33.9802],[-91.3821,33.9792],[-91.3733,33.9822],[-91.3693,33.9857],[-91.3609,34.0023],[-91.3548,34.0047],[-91.3499,34.0033],[-91.3457,33.9993],[-91.3371,33.984],[-91.3334,33.9833],[-91.3289,33.9844],[-91.326,33.9881],[-91.3278,33.995],[-91.3315,34.0018],[-91.3393,34.009],[-91.3401,34.0136],[-91.3362,34.0168],[-91.3316,34.0166],[-91.3265,34.0145],[-91.322,34.0099],[-91.3184,34.004],[-91.3182,34.0001],[-91.3109,33.982],[-91.312,33.9746],[-91.315,33.9707],[-91.3192,33.9679],[-91.3239,33.9667],[-91.3318,33.969],[-91.3377,33.9735],[-91.3439,33.9723],[-91.3476,33.9713],[-91.3571,33.9642],[-91.3573,33.9613],[-91.3533,33.9569],[-91.3533,33.9553],[-91.3883,33.9545],[-91.389,33.9118],[-91.3366,33.9128],[-91.3416,33.7821],[-91.4503,33.7805],[-91.451,33.7515],[-91.5192,33.7527],[-91.5233,33.755],[-91.5236,33.7582],[-91.5104,33.7656],[-91.506,33.7696],[-91.5048,33.7728],[-91.5068,33.7761],[-91.5173,33.776],[-91.5242,33.7805],[-91.5247,33.7813],[-91.5212,33.7812],[-91.5235,33.7956],[-91.5573,33.7973],[-91.5577,33.7833],[-91.6447,33.7907],[-91.6443,33.8055],[-91.6637,33.8072],[-91.6635,33.8215],[-91.7336,33.8211],[-91.7334,33.8303],[-91.7422,33.8305],[-91.7424,33.8355],[-91.7687,33.8356],[-91.7688,33.8647],[-91.6843,33.8642],[-91.6639,33.8651],[-91.6636,33.9089],[-91.6984,33.9087],[-91.6983,33.978],[-91.6397,33.978],[-91.6396,34.043],[-91.6045,34.0427],[-91.6043,34.0607],[-91.6044,34.0722],[-91.6395,34.072],[-91.6395,34.1015],[-91.6304,34.1016],[-91.6304,34.1084],[-91.622,34.1085],[-91.6219,34.1123],[-91.6058,34.1122]]]}},{"type":"Feature","properties":{"leaid":"0500021","name":"Izard Cty Consolidated Schools","kind":"Unified","gradeLow":"PK","gradeHigh":"12","state":"AR"},"geometry":{"type":"Polygon","coordinates":[[[-92.0504,36.2587],[-91.6914,36.2532],[-91.6921,36.2091],[-91.6742,36.2086],[-91.675,36.1647],[-91.6949,36.1652],[-91.6955,36.1477],[-91.6805,36.1492],[-91.6806,36.1192],[-91.6973,36.1183],[-91.7156,36.1192],[-91.7294,36.1176],[-91.7315,36.1198],[-91.7382,36.1216],[-91.7403,36.1234],[-91.7462,36.1221],[-91.7515,36.1227],[-91.7516,36.1115],[-91.7549,36.1115],[-91.7549,36.1061],[-91.7516,36.1061],[-91.7516,36.1025],[-91.7605,36.1022],[-91.7603,36.1172],[-91.7689,36.1176],[-91.7695,36.1019],[-91.785,36.1018],[-91.785,36.1037],[-91.7946,36.1021],[-91.794,36.117],[-91.8044,36.1153],[-91.8401,36.116],[-91.8402,36.1089],[-91.8956,36.1099],[-91.8958,36.1023],[-91.9004,36.1024],[-91.9005,36.0979],[-91.9277,36.0983],[-91.9271,36.1173],[-91.9361,36.1174],[-91.9356,36.1248],[-91.9402,36.1249],[-91.9401,36.1285],[-91.9447,36.1286],[-91.9447,36.132],[-91.9533,36.1321],[-91.9533,36.1287],[-92.0079,36.1295],[-92.0075,36.1467],[-92.0161,36.147],[-92.0154,36.1705],[-91.999,36.1699],[-91.9988,36.1744],[-92.0166,36.175],[-92.0166,36.1777],[-92.0121,36.1776],[-92.0119,36.1849],[-91.9984,36.1844],[-91.9977,36.2065],[-91.9932,36.2064],[-91.9931,36.2101],[-91.9887,36.2101],[-91.9886,36.2138],[-92.0338,36.2143],[-92.0334,36.2288],[-92.051,36.2291],[-92.0504,36.2587]]]}},{"type":"Feature","properties":{"leaid":"0500023","name":"Newport School District","kind":"Unified","gradeLow":"PK","gradeHigh":"12","state":"AR"},"geometry":{"type":"Polygon","coordinates":[[[-91.3423,35.7132],[-91.2865,35.7125],[-91.2872,35.6969],[-91.2773,35.6968],[-91.2782,35.6895],[-91.2871,35.6895],[-91.2876,35.6532],[-91.1578,35.6532],[-91.1578,35.6386],[-91.14,35.6387],[-91.14,35.6301],[-91.1258,35.6298],[-91.1277,35.6149],[-91.0918,35.6133],[-91.0919,35.5899],[-91.0388,35.5892],[-91.0396,35.3543],[-91.2516,35.3576],[-91.253,35.4458],[-91.3503,35.445],[-91.3473,35.4391],[-91.3896,35.4394],[-91.3873,35.5264],[-91.3697,35.5264],[-91.3689,35.64],[-91.3597,35.6422],[-91.3469,35.6363],[-91.3375,35.6396],[-91.3255,35.6371],[-91.3212,35.6395],[-91.3235,35.6416],[-91.3222,35.6457],[-91.3229,35.6475],[-91.3287,35.6467],[-91.3318,35.6494],[-91.3373,35.6504],[-91.3402,35.6523],[-91.3411,35.6556],[-91.3379,35.6605],[-91.3381,35.6639],[-91.3401,35.6655],[-91.3447,35.6644],[-91.347,35.6653],[-91.3471,35.6671],[-91.3442,35.6691],[-91.3426,35.6721],[-91.348,35.6739],[-91.3534,35.6787],[-91.3526,35.6797],[-91.3473,35.6799],[-91.3469,35.6876],[-91.3489,35.6913],[-91.3556,35.6954],[-91.3562,35.7018],[-91.3521,35.7052],[-91.3539,35.7095],[-91.3485,35.712],[-91.3476,35.7141],[-91.3483,35.7194],[-91.3457,35.7212],[-91.3425,35.7201],[-91.3433,35.7157],[-91.3423,35.7132]]]}},{"type":"Feature","properties":{"leaid":"0502700","name":"Bald Knob School District","kind":"Unified","gradeLow":"PK","gradeHigh":"12","state":"AR"},"geometry":{"type":"Polygon","coordinates":[[[-91.6013,35.4942],[-91.5482,35.4927],[-91.5497,35.4417],[-91.5358,35.4408],[-91.536,35.4374],[-91.5393,35.4331],[-91.5391,35.43],[-91.5372,35.4273],[-91.5343,35.4265],[-91.5355,35.4218],[-91.5346,35.4195],[-91.5366,35.4161],[-91.5287,35.4148],[-91.5205,35.4193],[-91.5163,35.4162],[-91.5124,35.4167],[-91.5117,35.4149],[-91.513,35.4118],[-91.5028,35.408],[-91.5005,35.406],[-91.5009,35.4044],[-91.5049,35.4027],[-91.5054,35.3895],[-91.4438,35.3882],[-91.4447,35.3662],[-91.4382,35.3666],[-91.4332,35.3618],[-91.4254,35.3609],[-91.4233,35.3595],[-91.424,35.3551],[-91.4279,35.3513],[-91.4342,35.3489],[-91.4423,35.3486],[-91.4448,35.3463],[-91.441,35.3393],[-91.4308,35.3379],[-91.4264,35.3353],[-91.4248,35.3318],[-91.4282,35.3206],[-91.4356,35.3138],[-91.4341,35.3117],[-91.428,35.3122],[-91.4272,35.3109],[-91.438,35.3059],[-91.4391,35.3029],[-91.4385,35.2989],[-91.4374,35.2961],[-91.4346,35.2937],[-91.4287,35.2931],[-91.4204,35.2981],[-91.4157,35.3047],[-91.4131,35.3039],[-91.4136,35.2962],[-91.4112,35.2934],[-91.4118,35.2648],[-91.4006,35.2646],[-91.3996,35.2597],[-91.3916,35.2521],[-91.3858,35.2515],[-91.3807,35.2544],[-91.3792,35.2578],[-91.3798,35.2651],[-91.3785,35.2671],[-91.3752,35.2678],[-91.3716,35.2647],[-91.371,35.2605],[-91.3726,35.2557],[-91.3848,35.2466],[-91.3892,35.235],[-91.3872,35.2299],[-91.379,35.2253],[-91.3782,35.2223],[-91.3819,35.2201],[-91.3908,35.2236],[-91.3933,35.2232],[-91.3948,35.2216],[-91.3919,35.2179],[-91.3818,35.2172],[-91.3799,35.2156],[-91.3804,35.2129],[-91.3855,35.2094],[-91.3906,35.2022],[-91.3876,35.1984],[-91.3795,35.1981],[-91.3776,35.1971],[-91.3781,35.191],[-91.3803,35.1883],[-91.3856,35.1882],[-91.3948,35.1944],[-91.396,35.1971],[-91.3958,35.2095],[-91.3979,35.2131],[-91.4018,35.2148],[-91.4046,35.2146],[-91.4085,35.2118],[-91.4117,35.1966],[-91.4135,35.194],[-91.417,35.1926],[-91.4281,35.1937],[-91.4308,35.1929],[-91.4312,35.1901],[-91.4264,35.1852],[-91.4273,35.1826],[-91.4301,35.1815],[-91.4344,35.1834],[-91.4359,35.1819],[-91.4458,35.1824],[-91.4481,35.1892],[-91.4523,35.1955],[-91.4539,35.1953],[-91.4551,35.189],[-91.4571,35.1872],[-91.4626,35.1863],[-91.4656,35.1835],[-91.4692,35.1867],[-91.4765,35.185],[-91.4773,35.1862],[-91.4725,35.189],[-91.4721,35.1929],[-91.4741,35.1937],[-91.4821,35.1915],[-91.4844,35.2034],[-91.4861,35.2031],[-91.4939,35.1898],[-91.4957,35.1896],[-91.5018,35.1927],[-91.4982,35.1996],[-91.4997,35.2029],[-91.5029,35.2041],[-91.5067,35.1989],[-91.5043,35.1912],[-91.5069,35.189],[-91.5119,35.1895],[-91.5146,35.1934],[-91.5183,35.1944],[-91.5278,35.1932],[-91.5328,35.1884],[-91.5423,35.1878],[-91.5442,35.1924],[-91.5369,35.1968],[-91.5356,35.1991],[-91.5368,35.2042],[-91.5408,35.208],[-91.5597,35.2062],[-91.5619,35.2055],[-91.5651,35.202],[-91.5738,35.2028],[-91.578,35.1987],[-91.5884,35.196],[-91.5897,35.1969],[-91.5897,35.2005],[-91.5913,35.2028],[-91.5973,35.2048],[-91.6076,35.2046],[-91.6155,35.213],[-91.62,35.2209],[-91.6201,35.2292],[-91.6167,35.2354],[-91.6164,35.2388],[-91.6074,35.2388],[-91.6074,35.2535],[-91.5902,35.253],[-91.5896,35.2676],[-91.5984,35.2678],[-91.5982,35.2898],[-91.6068,35.2898],[-91.6065,35.3044],[-91.6109,35.3047],[-91.6108,35.3115],[-91.6063,35.3117],[-91.606,35.3153],[-91.606,35.326],[-91.6104,35.326],[-91.61,35.3407],[-91.619,35.3407],[-91.6189,35.3479],[-91.6234,35.348],[-91.6232,35.355],[-91.6317,35.3551],[-91.6315,35.3662],[-91.6404,35.3663],[-91.6399,35.3948],[-91.6348,35.3927],[-91.6346,35.3913],[-91.6319,35.39],[-91.6335,35.3896],[-91.6328,35.3884],[-91.6306,35.3884],[-91.6293,35.4429],[-91.6342,35.443],[-91.6338,35.4651],[-91.6199,35.4648],[-91.6196,35.4721],[-91.6017,35.4719],[-91.6013,35.4942]]]}},{"type":"Feature","properties":{"leaid":"0500026","name":"Pine Bluff School District","kind":"Unified","gradeLow":"PK","gradeHigh":"12","state":"AR"},"geometry":{"type":"MultiPolygon","coordinates":[[[[-92.2111,34.3181],[-92.1214,34.3166],[-92.1223,34.243],[-92.162,34.2438],[-92.1624,34.2292],[-92.2128,34.2304],[-92.2111,34.3181]]],[[[-92.1437,34.4916],[-91.9219,34.488],[-91.8141,34.4842],[-91.8139,34.4438],[-91.8158,34.4438],[-91.8171,34.4038],[-91.8147,34.4038],[-91.8148,34.3966],[-91.7072,34.395],[-91.7117,34.2339],[-91.6167,34.2306],[-91.5991,34.2315],[-91.6013,34.1319],[-91.6144,34.128],[-91.6244,34.129],[-91.6354,34.1344],[-91.65,34.1389],[-91.6533,34.1414],[-91.6585,34.1484],[-91.7013,34.1744],[-91.7129,34.1762],[-91.7274,34.1753],[-91.7267,34.0651],[-91.7447,34.065],[-91.7451,34.094],[-91.798,34.0947],[-91.8497,34.0932],[-91.9537,34.0934],[-91.9537,34.0642],[-92.0593,34.0634],[-92.0614,34.1506],[-92.0737,34.1502],[-92.0591,34.1694],[-92.0518,34.1821],[-92.0335,34.2075],[-92.0336,34.2265],[-92.07,34.2273],[-92.0696,34.2563],[-92.0518,34.2558],[-92.0507,34.3241],[-92.0594,34.3346],[-92.0678,34.3528],[-92.0687,34.362],[-92.0665,34.3795],[-92.0667,34.384],[-92.0694,34.3912],[-92.0798,34.4003],[-92.0986,34.4094],[-92.1131,34.4191],[-92.122,34.4281],[-92.1228,34.4327],[-92.1211,34.4382],[-92.1104,34.4474],[-92.1064,34.4534],[-92.1057,34.46],[-92.1068,34.4666],[-92.1108,34.4725],[-92.1151,34.4756],[-92.1352,34.4853],[-92.1437,34.4916]]]]}},{"type":"Feature","properties":{"leaid":"0500028","name":"Star City School District","kind":"Unified","gradeLow":"PK","gradeHigh":"12","state":"AR"},"geometry":{"type":"Polygon","coordinates":[[[-91.6013,34.1319],[-91.5891,34.1331],[-91.583,34.1281],[-91.5823,34.1254],[-91.5898,34.1203],[-91.5971,34.1199],[-91.6025,34.1179],[-91.6057,34.1144],[-91.6058,34.1122],[-91.6219,34.1123],[-91.622,34.1085],[-91.6304,34.1084],[-91.6304,34.1016],[-91.6395,34.1015],[-91.6395,34.072],[-91.6044,34.0722],[-91.6043,34.0607],[-91.6045,34.0427],[-91.6396,34.043],[-91.6397,33.978],[-91.6983,33.978],[-91.6984,33.9087],[-91.6636,33.9089],[-91.6639,33.8651],[-91.6843,33.8642],[-91.7688,33.8647],[-91.7687,33.8356],[-91.7424,33.8355],[-91.7422,33.8305],[-91.7334,33.8303],[-91.7336,33.8211],[-91.6635,33.8215],[-91.6637,33.8072],[-91.6443,33.8055],[-91.6447,33.7907],[-91.6637,33.7922],[-91.9759,33.7917],[-91.9761,33.8899],[-91.9816,33.8899],[-91.9801,33.8903],[-91.9812,33.8912],[-91.9798,33.8922],[-91.9812,33.8926],[-91.9825,33.8958],[-91.9845,33.8952],[-91.9871,33.8983],[-91.9916,33.8992],[-91.9909,33.9008],[-91.9937,33.9015],[-91.9942,33.903],[-91.9942,33.9019],[-91.9959,33.9023],[-91.995,33.9032],[-91.9961,33.905],[-92.0014,33.9058],[-92.0003,33.9079],[-92.003,33.9073],[-92.0016,33.9081],[-92.0043,33.9099],[-92.0038,33.9114],[-92.0062,33.9125],[-92.0053,33.9131],[-92.0067,33.9137],[-92.006,33.9149],[-92.0095,33.9159],[-92.0082,33.9165],[-92.009,33.9173],[-92.0078,33.9188],[-92.0058,33.919],[-92.0069,33.9212],[-92.0051,33.9218],[-92.0068,33.9226],[-92.0051,33.9239],[-92.0072,33.9248],[-92.006,33.9248],[-92.0059,33.9267],[-92.0037,33.9271],[-92.0051,33.9283],[-92.0033,33.9287],[-92.0031,33.9297],[-92.0051,33.9299],[-92.0034,33.9301],[-92.0047,33.9314],[-92.0017,33.9384],[-92.0031,33.9398],[-92.002,33.9405],[-92.0019,33.9429],[-92.003,33.9426],[-92.0046,33.9443],[-92.0021,33.9444],[-92.003,33.9453],[-92.0017,33.9454],[-92.0014,33.9472],[-92.0032,33.9492],[-92.0026,33.9522],[-92.0052,33.954],[-92.0052,33.9565],[-92.0013,33.9588],[-92.0015,33.9611],[-92.0017,33.9622],[-92.0027,33.9612],[-92.0026,33.9624],[-92.004,33.9625],[-92.0046,33.9647],[-92.0036,33.9652],[-92.0042,33.9666],[-92.0026,33.9659],[-92.0028,33.9688],[-92.0043,33.9712],[-92.0058,33.9702],[-92.0064,33.9712],[-92.0052,33.972],[-92.0074,33.973],[-92.0075,33.9744],[-92.0057,33.9755],[-92.0073,33.9765],[-92.0052,33.9766],[-92.0066,33.9772],[-92.0073,33.9806],[-92.0062,33.9813],[-92.0067,33.9826],[-92.0037,33.9844],[-92.004,33.9868],[-92.0022,33.9868],[-92.0032,33.9886],[-92.0011,33.9887],[-92.0004,33.9903],[-92.0023,33.9916],[-92.0019,33.9934],[-92.0036,33.9929],[-92.0033,33.9961],[-92.005,33.9966],[-92.0031,33.998],[-92.0049,33.9993],[-92.0031,33.9999],[-92.005,34.0051],[-92.0088,34.0096],[-92.0082,34.011],[-92.0101,34.0143],[-92.0089,34.0145],[-92.0106,34.0161],[-92.01,34.0194],[-92.0112,34.0217],[-92.0146,34.0227],[-92.0136,34.0245],[-92.0159,34.0257],[-92.0156,34.0271],[-92.0138,34.0268],[-92.015,34.0293],[-92.0135,34.03],[-92.0133,34.0319],[-92.0165,34.0356],[-92.0158,34.0369],[-92.017,34.0391],[-92.0202,34.0418],[-92.0185,34.0431],[-92.0188,34.0482],[-92.0215,34.0514],[-92.0197,34.0548],[-92.0232,34.057],[-92.0232,34.0605],[-92.0264,34.0621],[-92.0266,34.0638],[-91.9537,34.0642],[-91.9537,34.0934],[-91.8497,34.0932],[-91.798,34.0947],[-91.7451,34.094],[-91.7447,34.065],[-91.7267,34.0651],[-91.7274,34.1753],[-91.7129,34.1762],[-91.7013,34.1744],[-91.6585,34.1484],[-91.6533,34.1414],[-91.65,34.1389],[-91.6354,34.1344],[-91.6244,34.129],[-91.6144,34.128],[-91.6013,34.1319]]]}},{"type":"Feature","properties":{"leaid":"0500029","name":"Gosnell School District","kind":"Unified","gradeLow":"PK","gradeHigh":"12","state":"AR"},"geometry":{"type":"Polygon","coordinates":[[[-89.9991,35.8141],[-90.1082,35.8145],[-90.1108,35.8169],[-90.1183,35.8174],[-90.1229,35.8201],[-90.124,35.8254],[-90.1207,35.8289],[-90.1299,35.8289],[-90.1298,35.8423],[-90.1275,35.8448],[-90.1272,35.9597],[-90.1318,35.9601],[-90.132,35.961],[-90.1302,35.9634],[-90.1277,35.9641],[-90.1285,35.9676],[-90.1259,35.9728],[-90.1264,35.9746],[-90.1287,35.9749],[-90.13,35.978],[-90.1289,35.9798],[-90.1292,35.9834],[-90.1185,35.987],[-90.1188,35.9884],[-90.1212,35.9889],[-90.1215,35.9945],[-90.1195,35.9979],[-89.9402,35.9993],[-89.9403,35.9686],[-89.9292,35.9677],[-89.9243,35.9658],[-89.9195,35.9598],[-89.918,35.9538],[-89.9186,35.9507],[-89.9232,35.9461],[-89.9288,35.9444],[-89.9333,35.9406],[-89.9359,35.9403],[-89.94,35.9424],[-89.9415,35.9415],[-89.9421,35.9347],[-89.9335,35.9295],[-89.9334,35.9271],[-89.936,35.9259],[-89.9402,35.9287],[-89.95,35.9287],[-89.9519,35.9299],[-89.9574,35.9398],[-89.9676,35.9434],[-89.9735,35.9416],[-89.9734,35.9304],[-90.0004,35.9302],[-90.0004,35.9012],[-89.9646,35.9011],[-89.9642,35.872],[-89.9998,35.8722],[-89.9991,35.8141]]]}},{"type":"Feature","properties":{"leaid":"0502550","name":"Armorel School District","kind":"Unified","gradeLow":"PK","gradeHigh":"12","state":"AR"},"geometry":{"type":"Polygon","coordinates":[[[-89.7331,36.0008],[-89.7311,35.9966],[-89.7229,35.9891],[-89.724,35.9808],[-89.7232,35.9742],[-89.7217,35.9677],[-89.7185,35.9631],[-89.7102,35.9577],[-89.6798,35.9439],[-89.6648,35.9347],[-89.654,35.9302],[-89.6465,35.9237],[-89.6426,35.9159],[-89.641,35.907],[-89.6436,35.8897],[-89.6473,35.884],[-89.654,35.8789],[-89.6633,35.8747],[-89.6691,35.8745],[-89.6764,35.8767],[-89.6932,35.8907],[-89.7164,35.9071],[-89.7306,35.9117],[-89.7445,35.9107],[-89.7652,35.8931],[-89.7687,35.8888],[-89.7717,35.8837],[-89.7736,35.8757],[-89.7743,35.8708],[-89.7729,35.8656],[-89.7679,35.86],[-89.7621,35.8572],[-89.7146,35.8434],[-89.6974,35.8367],[-89.6947,35.8348],[-89.6935,35.8317],[-89.6944,35.8242],[-89.8018,35.8264],[-89.8029,35.9214],[-89.8561,35.921],[-89.8563,35.9577],[-89.7867,35.958],[-89.7871,36.0006],[-89.7331,36.0008]]]}},{"type":"Feature","properties":{"leaid":"0500030","name":"Nevada School District","kind":"Unified","gradeLow":"PK","gradeHigh":"12","state":"AR"},"geometry":{"type":"Polygon","coordinates":[[[-93.1097,33.6281],[-93.11,33.6134],[-93.0836,33.6129],[-93.0839,33.6056],[-93.0708,33.6053],[-93.0708,33.6017],[-93.0539,33.6013],[-93.054,33.5833],[-93.0755,33.5839],[-93.076,33.5691],[-93.112,33.5699],[-93.1163,33.4529],[-93.2211,33.4551],[-93.2213,33.4405],[-93.2392,33.4419],[-93.3968,33.4452],[-93.3963,33.4599],[-93.3867,33.4598],[-93.3865,33.4745],[-93.4041,33.4748],[-93.4036,33.4818],[-93.4211,33.4822],[-93.421,33.4862],[-93.4303,33.4862],[-93.4303,33.4786],[-93.4831,33.4799],[-93.4758,33.6947],[-93.4321,33.6935],[-93.4322,33.6901],[-93.4142,33.6898],[-93.4139,33.7007],[-93.423,33.7008],[-93.423,33.7081],[-93.3959,33.7076],[-93.3956,33.7222],[-93.3479,33.7213],[-93.3478,33.7286],[-93.3346,33.7283],[-93.3346,33.7354],[-93.2453,33.7326],[-93.2457,33.7182],[-93.228,33.7173],[-93.2292,33.6957],[-93.212,33.6952],[-93.213,33.6678],[-93.2054,33.6676],[-93.2053,33.659],[-93.187,33.6586],[-93.1782,33.6606],[-93.1792,33.6409],[-93.1804,33.6394],[-93.1726,33.6392],[-93.173,33.6319],[-93.1618,33.6317],[-93.1619,33.6282],[-93.1541,33.628],[-93.1544,33.6207],[-93.1451,33.6205],[-93.1449,33.6278],[-93.1097,33.6281]]]}},{"type":"Feature","properties":{"leaid":"0507290","name":"Harmony Grove School District","kind":"Unified","gradeLow":"PK","gradeHigh":"12","state":"AR"},"geometry":{"type":"Polygon","coordinates":[[[-92.8348,34.1537],[-92.8376,34.0809],[-92.7857,34.0798],[-92.7876,34.0373],[-92.7686,34.0366],[-92.769,34.0224],[-92.7343,34.0217],[-92.7353,34.0001],[-92.7182,33.9998],[-92.7185,33.9925],[-92.736,33.993],[-92.7358,33.9787],[-92.6845,33.9774],[-92.69,33.8347],[-92.6552,33.834],[-92.6557,33.8041],[-92.7572,33.8066],[-92.76,33.7244],[-92.7417,33.7236],[-92.7434,33.6799],[-92.7264,33.6793],[-92.7269,33.665],[-92.692,33.664],[-92.6919,33.6552],[-92.6979,33.6512],[-92.7037,33.6493],[-92.7039,33.6504],[-92.7088,33.6502],[-92.7103,33.6534],[-92.7114,33.6529],[-92.7123,33.6545],[-92.7154,33.655],[-92.7254,33.6505],[-92.7246,33.649],[-92.7265,33.6493],[-92.7272,33.6481],[-92.7252,33.6456],[-92.7264,33.6447],[-92.7253,33.6429],[-92.727,33.6428],[-92.7259,33.6415],[-92.7271,33.64],[-92.7264,33.6381],[-92.7312,33.6355],[-92.7309,33.6316],[-92.7322,33.6301],[-92.7333,33.6307],[-92.7334,33.6265],[-92.7356,33.6243],[-92.7352,33.6224],[-92.7336,33.6218],[-92.7352,33.6199],[-92.7335,33.6194],[-92.7341,33.6182],[-92.7316,33.6137],[-92.7299,33.613],[-92.7291,33.6143],[-92.7284,33.6115],[-92.7271,33.6115],[-92.7272,33.6102],[-92.726,33.6104],[-92.725,33.6086],[-92.723,33.6097],[-92.7189,33.6065],[-92.7135,33.6055],[-92.7128,33.6007],[-92.7142,33.5988],[-92.7126,33.5989],[-92.7113,33.5971],[-92.7121,33.5959],[-92.7102,33.5946],[-92.7111,33.5915],[-92.71,33.591],[-92.7102,33.5875],[-92.7116,33.5844],[-92.7101,33.5807],[-92.7106,33.5757],[-92.7122,33.5734],[-92.7114,33.5702],[-92.7132,33.5682],[-92.7135,33.5652],[-92.7146,33.5653],[-92.7132,33.5627],[-92.7151,33.5608],[-92.7149,33.5566],[-92.7177,33.5523],[-92.72,33.5522],[-92.7259,33.5566],[-92.7268,33.5636],[-92.7289,33.5639],[-92.7411,33.5563],[-92.7443,33.5511],[-92.7454,33.5462],[-92.7499,33.5436],[-92.7564,33.5474],[-92.7553,33.5487],[-92.7573,33.5511],[-92.7586,33.5508],[-92.7596,33.5524],[-92.7639,33.5519],[-92.7646,33.5532],[-92.771,33.5484],[-92.7725,33.5517],[-92.7752,33.5515],[-92.7759,33.5442],[-92.7762,33.5467],[-92.781,33.5521],[-92.7806,33.5547],[-92.7778,33.5587],[-92.7784,33.5611],[-92.7815,33.5635],[-92.7871,33.5639],[-92.7917,33.5663],[-92.7926,33.5699],[-92.7951,33.5733],[-92.7952,33.5802],[-92.7973,33.5825],[-92.8109,33.5839],[-92.8119,33.5795],[-92.8131,33.5787],[-92.818,33.5807],[-92.8233,33.5808],[-92.8265,33.5827],[-92.8264,33.5857],[-92.8222,33.588],[-92.8211,33.5913],[-92.8167,33.5926],[-92.816,33.5942],[-92.8221,33.6],[-92.8344,33.6027],[-92.8343,33.606],[-92.8362,33.6098],[-92.8334,33.6101],[-92.8304,33.6066],[-92.829,33.6135],[-92.8297,33.615],[-92.8406,33.613],[-92.843,33.6143],[-92.8398,33.6209],[-92.8321,33.6237],[-92.8325,33.6252],[-92.8428,33.6315],[-92.8438,33.6383],[-92.8395,33.6427],[-92.8393,33.6449],[-92.8423,33.6475],[-92.8457,33.6479],[-92.8511,33.6436],[-92.8543,33.6438],[-92.8563,33.6497],[-92.8603,33.6546],[-92.8599,33.6591],[-92.861,33.6613],[-92.8653,33.664],[-92.8697,33.6699],[-92.8772,33.6725],[-92.8804,33.6798],[-92.8842,33.6845],[-92.8847,33.6883],[-92.888,33.6947],[-92.8871,33.6968],[-92.8878,33.7009],[-92.8923,33.7046],[-92.8929,33.7067],[-92.8923,33.7137],[-92.8906,33.7154],[-92.8852,33.7171],[-92.8841,33.7214],[-92.8915,33.7241],[-92.8964,33.721],[-92.8982,33.7211],[-92.8987,33.7234],[-92.8957,33.7283],[-92.9014,33.734],[-92.9002,33.7407],[-92.9053,33.747],[-92.9041,33.7492],[-92.8958,33.7528],[-92.8915,33.7564],[-92.8823,33.7542],[-92.8776,33.7571],[-92.8766,33.7635],[-92.881,33.7721],[-92.8752,33.7799],[-92.87,33.7816],[-92.867,33.7812],[-92.8654,33.7797],[-92.8645,33.7733],[-92.8622,33.7717],[-92.8571,33.7767],[-92.856,33.7821],[-92.8586,33.7871],[-92.8642,33.7917],[-92.8734,33.7933],[-92.8778,33.7964],[-92.8808,33.7944],[-92.885,33.7948],[-92.8962,33.8042],[-92.8965,33.8064],[-92.8936,33.8087],[-92.8934,33.8109],[-92.8997,33.8163],[-92.895,33.8229],[-92.8878,33.8242],[-92.8932,33.8319],[-92.8933,33.8344],[-92.8913,33.8352],[-92.8875,33.8343],[-92.8785,33.8373],[-92.8765,33.8409],[-92.8764,33.8449],[-92.881,33.8476],[-92.8822,33.8541],[-92.8843,33.8563],[-92.8894,33.8587],[-92.8928,33.8566],[-92.8998,33.8569],[-92.9036,33.8618],[-92.9059,33.8626],[-92.9045,33.8655],[-92.9006,33.8657],[-92.9,33.8671],[-92.9065,33.8747],[-92.9063,33.8776],[-92.9031,33.8794],[-92.9028,33.8823],[-92.9126,33.8935],[-92.9098,33.8979],[-92.9024,33.9011],[-92.8963,33.9012],[-92.8933,33.9024],[-92.8932,33.9041],[-92.895,33.9058],[-92.8986,33.9059],[-92.9026,33.908],[-92.9074,33.908],[-92.9094,33.9095],[-92.911,33.9132],[-92.907,33.9136],[-92.9084,33.9178],[-92.9201,33.9261],[-92.9186,33.9291],[-92.9145,33.9292],[-92.9129,33.9306],[-92.914,33.9338],[-92.9193,33.936],[-92.9208,33.9316],[-92.9255,33.929],[-92.9337,33.9324],[-92.9349,33.9385],[-92.9282,33.9469],[-92.9304,33.9487],[-92.9362,33.9478],[-92.9386,33.9498],[-92.9372,33.9551],[-92.9407,33.961],[-92.9385,33.9681],[-92.9428,33.9687],[-92.9461,33.9663],[-92.9456,33.9627],[-92.9483,33.9623],[-92.9503,33.9635],[-92.9516,33.9692],[-92.9588,33.9704],[-92.9612,33.9736],[-92.9606,33.9753],[-92.9577,33.9768],[-92.9535,33.9772],[-92.9504,33.985],[-92.9491,33.9863],[-92.945,33.9861],[-92.945,33.9882],[-92.9414,33.9928],[-92.9443,34.0024],[-92.9461,34.004],[-92.9526,34.0056],[-92.9532,34.0075],[-92.951,34.011],[-92.9592,34.0172],[-92.9585,34.0307],[-92.9259,34.0283],[-92.9256,34.0427],[-92.8908,34.0411],[-92.8861,34.1557],[-92.8348,34.1537]]]}},{"type":"Feature","properties":{"leaid":"0500032","name":"Bearden School District","kind":"Unified","gradeLow":"PK","gradeHigh":"12","state":"AR"},"geometry":{"type":"Polygon","coordinates":[[[-92.3309,33.7079],[-92.3314,33.7045],[-92.33,33.7031],[-92.331,33.7021],[-92.3294,33.7018],[-92.3303,33.7007],[-92.3276,33.6969],[-92.3289,33.6945],[-92.3226,33.6891],[-92.3201,33.6823],[-92.322,33.6794],[-92.3204,33.6786],[-92.3214,33.6739],[-92.3239,33.6731],[-92.3228,33.6704],[-92.3249,33.6674],[-92.3262,33.6682],[-92.326,33.6629],[-92.3271,33.6617],[-92.3264,33.6575],[-92.3244,33.6571],[-92.3232,33.655],[-92.3248,33.6531],[-92.3242,33.6503],[-92.3206,33.6476],[-92.3227,33.6453],[-92.3206,33.6428],[-92.3229,33.6411],[-92.3235,33.6373],[-92.3254,33.6384],[-92.3264,33.6427],[-92.3244,33.6459],[-92.3257,33.65],[-92.3284,33.6511],[-92.3283,33.65],[-92.3333,33.6502],[-92.3393,33.6552],[-92.3452,33.6573],[-92.3507,33.6567],[-92.3513,33.6582],[-92.3501,33.6589],[-92.3548,33.6612],[-92.3556,33.668],[-92.3577,33.6671],[-92.3637,33.6701],[-92.3642,33.6684],[-92.3659,33.6684],[-92.3654,33.6703],[-92.368,33.6702],[-92.3695,33.6737],[-92.3713,33.6729],[-92.3729,33.6745],[-92.3748,33.6742],[-92.3745,33.6753],[-92.3762,33.6749],[-92.3755,33.676],[-92.3789,33.6763],[-92.3792,33.6784],[-92.3829,33.679],[-92.3824,33.681],[-92.3837,33.6823],[-92.3827,33.6835],[-92.386,33.6848],[-92.3868,33.6835],[-92.3863,33.6848],[-92.3879,33.6855],[-92.3887,33.6844],[-92.3905,33.6855],[-92.3895,33.6864],[-92.3908,33.6879],[-92.3933,33.6871],[-92.3954,33.6896],[-92.3986,33.6895],[-92.3973,33.6925],[-92.3996,33.693],[-92.3989,33.6967],[-92.4002,33.6989],[-92.4069,33.7021],[-92.4114,33.7021],[-92.4127,33.7074],[-92.4154,33.7111],[-92.4231,33.7114],[-92.4232,33.7078],[-92.4481,33.7085],[-92.4482,33.7049],[-92.4609,33.7054],[-92.4614,33.6979],[-92.4656,33.6979],[-92.4662,33.6836],[-92.462,33.6835],[-92.4624,33.674],[-92.4557,33.6741],[-92.4558,33.6726],[-92.4492,33.6723],[-92.4503,33.6459],[-92.4327,33.6454],[-92.4329,33.6392],[-92.4999,33.6409],[-92.5693,33.6444],[-92.5684,33.6588],[-92.5932,33.6597],[-92.5932,33.6533],[-92.6046,33.6536],[-92.6051,33.6464],[-92.6583,33.6476],[-92.6586,33.6433],[-92.6618,33.6433],[-92.6617,33.6605],[-92.668,33.6594],[-92.6704,33.6605],[-92.675,33.6577],[-92.6826,33.66],[-92.6886,33.6583],[-92.6919,33.6552],[-92.692,33.664],[-92.7269,33.665],[-92.7264,33.6793],[-92.7434,33.6799],[-92.7417,33.7236],[-92.76,33.7244],[-92.7572,33.8066],[-92.6557,33.8041],[-92.6548,33.8364],[-92.6375,33.8361],[-92.6372,33.8466],[-92.5845,33.8451],[-92.5843,33.8603],[-92.5557,33.8592],[-92.5557,33.8523],[-92.5324,33.8518],[-92.5325,33.8464],[-92.4972,33.8456],[-92.4973,33.84],[-92.4885,33.8395],[-92.4884,33.8453],[-92.4837,33.845],[-92.4843,33.8327],[-92.48,33.8324],[-92.481,33.7995],[-92.3787,33.7969],[-92.3789,33.7878],[-92.384,33.788],[-92.3842,33.7812],[-92.4057,33.7819],[-92.4062,33.7737],[-92.3944,33.7734],[-92.3946,33.7679],[-92.3894,33.7677],[-92.3894,33.7612],[-92.4019,33.7615],[-92.4023,33.758],[-92.3839,33.7574],[-92.3836,33.7654],[-92.3727,33.765],[-92.3726,33.7613],[-92.3674,33.7612],[-92.3675,33.7561],[-92.3741,33.7553],[-92.3738,33.7424],[-92.3668,33.7423],[-92.3667,33.7456],[-92.3551,33.7455],[-92.3551,33.7379],[-92.3611,33.7382],[-92.3607,33.7321],[-92.358,33.7314],[-92.3564,33.7271],[-92.3522,33.7259],[-92.3344,33.709],[-92.3309,33.7079]]]}},{"type":"Feature","properties":{"leaid":"0500041","name":"Western Yell County School District","kind":"Unified","gradeLow":"PK","gradeHigh":"12","state":"AR"},"geometry":{"type":"Polygon","coordinates":[[[-93.3857,35.2139],[-93.3868,35.1776],[-93.3291,35.1767],[-93.329,35.1688],[-93.316,35.1684],[-93.3163,35.1476],[-93.3295,35.1477],[-93.3294,35.1401],[-93.4051,35.1418],[-93.4051,35.1272],[-93.4148,35.1276],[-93.4144,35.1093],[-93.4105,35.109],[-93.4106,35.1023],[-93.4196,35.1026],[-93.4194,35.0947],[-93.4017,35.0945],[-93.4017,35.0831],[-93.4236,35.0842],[-93.424,35.069],[-93.4332,35.0692],[-93.4332,35.0586],[-93.46,35.0597],[-93.46,35.0412],[-93.4791,35.0414],[-93.4797,35.0214],[-93.4837,35.0211],[-93.4836,35.0266],[-93.488,35.0267],[-93.4877,35.0212],[-93.4961,35.0214],[-93.4966,35.0145],[-93.4913,35.0143],[-93.4909,35.0045],[-93.4965,35.0047],[-93.4966,35.0086],[-93.5009,35.0088],[-93.5009,34.9983],[-93.5145,34.9982],[-93.5144,35.0015],[-93.5189,35.0016],[-93.5189,34.9982],[-93.5231,34.9983],[-93.5231,35.005],[-93.5273,35.0051],[-93.5271,35.0115],[-93.5224,35.0112],[-93.5225,35.0054],[-93.5202,35.005],[-93.5199,35.0071],[-93.5164,35.0075],[-93.5163,35.0097],[-93.519,35.0101],[-93.5199,35.0153],[-93.5191,35.0173],[-93.5161,35.0184],[-93.5152,35.0143],[-93.5096,35.0148],[-93.5097,35.0258],[-93.5051,35.0257],[-93.505,35.0311],[-93.5226,35.0312],[-93.5225,35.0198],[-93.5276,35.0198],[-93.5277,35.0156],[-93.5335,35.0147],[-93.5311,35.0126],[-93.5321,35.0089],[-93.5374,35.0098],[-93.5376,35.0144],[-93.5406,35.014],[-93.54,35.043],[-93.7091,35.0468],[-93.7068,35.1349],[-93.6633,35.1338],[-93.6629,35.1482],[-93.5297,35.1455],[-93.5291,35.16],[-93.5113,35.1597],[-93.511,35.1742],[-93.4939,35.1739],[-93.4939,35.1808],[-93.4841,35.1806],[-93.4839,35.2019],[-93.4748,35.2016],[-93.4745,35.2098],[-93.4571,35.2086],[-93.457,35.2159],[-93.3857,35.2139]]]}},{"type":"Feature","properties":{"leaid":"0500079","name":"Two Rivers School District","kind":"Unified","gradeLow":"PK","gradeHigh":"12","state":"AR"},"geometry":{"type":"MultiPolygon","coordinates":[[[[-92.8582,35.0738],[-92.7236,35.072],[-92.7236,35.0592],[-92.7238,35.0575],[-92.751,35.0579],[-92.7514,35.0433],[-92.7842,35.0434],[-92.7845,35.0325],[-92.8594,35.0337],[-92.8586,35.0713],[-92.8582,35.0738]]],[[[-93.1607,35.1519],[-93.1611,35.1371],[-93.1567,35.137],[-93.1567,35.1334],[-93.1391,35.1332],[-93.1391,35.1371],[-93.1212,35.1368],[-93.1216,35.1218],[-93.0865,35.1218],[-93.0866,35.077],[-92.9625,35.0752],[-92.9619,35.1185],[-92.9082,35.1175],[-92.9085,35.1072],[-92.9263,35.1076],[-92.9264,35.104],[-92.9264,35.1023],[-92.9085,35.102],[-92.9098,35.0632],[-92.954,35.0636],[-92.9541,35.0652],[-92.9628,35.0653],[-92.9629,35.0636],[-92.973,35.0635],[-92.9732,35.0539],[-92.9811,35.054],[-92.9812,35.0465],[-92.9631,35.0464],[-92.9633,35.0318],[-92.9649,35.0319],[-92.9662,35.0],[-93.0002,35.0001],[-93.0002,35.0033],[-93.0181,35.0031],[-93.0192,34.9887],[-93.0889,34.9879],[-93.1602,34.9905],[-93.1602,34.9758],[-93.1814,34.9763],[-93.1817,34.9619],[-93.2,34.9623],[-93.2005,34.9476],[-93.2173,34.9478],[-93.2175,34.9327],[-93.2351,34.9326],[-93.235,34.9181],[-93.2523,34.9182],[-93.2526,34.9038],[-93.2704,34.9037],[-93.2707,34.8891],[-93.2882,34.8889],[-93.2883,34.8753],[-93.3057,34.8755],[-93.3059,34.861],[-93.2883,34.8609],[-93.2878,34.7732],[-93.3945,34.7724],[-93.3944,34.7434],[-93.7453,34.7466],[-93.7458,34.7321],[-93.7626,34.7323],[-93.7607,34.8691],[-93.8142,34.8696],[-93.8137,34.8877],[-93.7605,34.8872],[-93.7602,34.9049],[-93.7074,34.9051],[-93.7065,34.9476],[-93.5027,34.947],[-93.5023,34.9761],[-93.4976,34.9761],[-93.4976,34.9745],[-93.4806,34.9742],[-93.4802,34.989],[-93.4273,34.9879],[-93.427,35.0056],[-93.3751,35.0066],[-93.375,35.0395],[-93.2824,35.0371],[-93.2819,35.0952],[-93.2994,35.0953],[-93.2992,35.1285],[-93.2554,35.1278],[-93.2555,35.1238],[-93.2415,35.1236],[-93.2415,35.1167],[-93.2148,35.1164],[-93.2147,35.1271],[-93.1834,35.1266],[-93.1834,35.1374],[-93.1677,35.1372],[-93.1607,35.1519]]]]}},{"type":"Feature","properties":{"leaid":"0500042","name":"Hamburg School District","kind":"Unified","gradeLow":"PK","gradeHigh":"12","state":"AR"},"geometry":{"type":"Polygon","coordinates":[[[-91.6412,33.4136],[-91.5542,33.4125],[-91.5546,33.3913],[-91.4574,33.389],[-91.4587,33.3306],[-91.5624,33.3324],[-91.5636,33.3305],[-91.5627,33.3289],[-91.5635,33.325],[-91.577,33.3156],[-91.5772,33.3145],[-91.5733,33.314],[-91.5687,33.3107],[-91.5658,33.3035],[-91.5626,33.2997],[-91.5601,33.2917],[-91.5563,33.2919],[-91.5531,33.2947],[-91.554,33.2981],[-91.552,33.302],[-91.5473,33.2984],[-91.5407,33.282],[-91.5436,33.2805],[-91.5501,33.2814],[-91.5526,33.2742],[-91.46,33.2719],[-91.4602,33.2574],[-91.4264,33.2571],[-91.4266,33.2421],[-91.3899,33.2416],[-91.3896,33.169],[-91.4604,33.1702],[-91.4604,33.0062],[-91.9243,33.0078],[-91.9244,33.0626],[-91.8897,33.062],[-91.8897,33.0913],[-91.8379,33.0905],[-91.8381,33.145],[-91.8898,33.1463],[-91.89,33.1785],[-91.9418,33.1795],[-91.9419,33.194],[-91.9244,33.1939],[-91.9246,33.2371],[-91.9417,33.2375],[-91.9419,33.2448],[-91.9588,33.2449],[-91.9591,33.267],[-92.0365,33.2685],[-92.0368,33.2716],[-92.04,33.2727],[-92.0421,33.2781],[-92.0387,33.2783],[-92.0317,33.2827],[-92.0301,33.2825],[-92.0272,33.2794],[-92.0282,33.2761],[-92.0265,33.2744],[-92.0231,33.2758],[-92.0225,33.279],[-92.0129,33.2827],[-92.0102,33.285],[-92.0072,33.285],[-92.0066,33.2821],[-92.0015,33.2856],[-92.0012,33.2871],[-92.0092,33.2972],[-92.0007,33.3041],[-91.9938,33.3044],[-91.9952,33.3029],[-91.9923,33.301],[-91.9962,33.2991],[-91.9944,33.298],[-91.9885,33.3005],[-91.987,33.2987],[-91.9837,33.3],[-91.9819,33.2986],[-91.9771,33.3021],[-91.9783,33.3037],[-91.9756,33.3072],[-91.9782,33.3108],[-91.9747,33.3136],[-91.9764,33.3165],[-91.9733,33.3204],[-91.9757,33.3219],[-91.9766,33.3243],[-91.9759,33.327],[-91.9782,33.3306],[-91.9872,33.34],[-91.9864,33.3428],[-91.9893,33.3483],[-91.9832,33.3457],[-91.978,33.3465],[-91.9716,33.35],[-91.9669,33.3576],[-91.97,33.3653],[-91.97,33.3681],[-91.9612,33.3757],[-91.9597,33.3785],[-91.961,33.38],[-91.967,33.3814],[-91.9757,33.3856],[-91.9866,33.387],[-91.9881,33.3946],[-91.9902,33.3983],[-91.6416,33.3921],[-91.6412,33.4136]]]}},{"type":"Feature","properties":{"leaid":"0509840","name":"Monticello School District","kind":"Unified","gradeLow":"PK","gradeHigh":"12","state":"AR"},"geometry":{"type":"Polygon","coordinates":[[[-91.8434,33.7918],[-91.7687,33.7921],[-91.769,33.7047],[-91.7262,33.7048],[-91.7284,33.6823],[-91.7156,33.6824],[-91.7151,33.6241],[-91.7491,33.6242],[-91.7489,33.6099],[-91.7655,33.6099],[-91.7656,33.5952],[-91.7487,33.5952],[-91.749,33.5664],[-91.766,33.5665],[-91.7657,33.5906],[-91.77,33.5907],[-91.7701,33.5865],[-91.7835,33.5875],[-91.7834,33.5969],[-91.8352,33.5999],[-91.8352,33.5956],[-91.8527,33.5958],[-91.8529,33.5808],[-91.8728,33.5813],[-91.8734,33.7336],[-91.8562,33.7335],[-91.8562,33.737],[-91.8431,33.737],[-91.8434,33.7918]]]}},{"type":"Feature","properties":{"leaid":"0500043","name":"Mountain Home School District","kind":"Unified","gradeLow":"PK","gradeHigh":"12","state":"AR"},"geometry":{"type":"Polygon","coordinates":[[[-92.3703,36.4973],[-92.1503,36.4987],[-92.151,36.436],[-92.1955,36.4374],[-92.1961,36.419],[-92.2003,36.4191],[-92.2008,36.4008],[-92.1965,36.4007],[-92.1969,36.3935],[-92.171,36.3927],[-92.1709,36.3821],[-92.1665,36.3819],[-92.1665,36.3784],[-92.162,36.3782],[-92.1619,36.3853],[-92.1574,36.3852],[-92.1573,36.3888],[-92.1529,36.3887],[-92.1538,36.3669],[-92.158,36.367],[-92.1581,36.3633],[-92.1626,36.3634],[-92.1631,36.3525],[-92.1675,36.3525],[-92.1678,36.3489],[-92.2071,36.3501],[-92.2074,36.3356],[-92.2435,36.3369],[-92.2438,36.3295],[-92.2531,36.3298],[-92.2568,36.3262],[-92.2608,36.3184],[-92.2604,36.3128],[-92.2553,36.3073],[-92.2882,36.3085],[-92.2885,36.3012],[-92.2907,36.3013],[-92.291,36.294],[-92.3053,36.2943],[-92.3054,36.2911],[-92.3088,36.2911],[-92.3087,36.2873],[-92.3003,36.2871],[-92.3005,36.2796],[-92.296,36.2794],[-92.2963,36.2759],[-92.3007,36.276],[-92.3013,36.2649],[-92.3626,36.266],[-92.3627,36.2635],[-92.3612,36.2629],[-92.3551,36.2652],[-92.3515,36.2633],[-92.3466,36.2566],[-92.342,36.2529],[-92.3423,36.2487],[-92.3444,36.2448],[-92.3433,36.2414],[-92.34,36.2396],[-92.3337,36.2392],[-92.3324,36.2376],[-92.3332,36.2364],[-92.3411,36.2356],[-92.3458,36.2319],[-92.3442,36.2259],[-92.3407,36.2212],[-92.3408,36.217],[-92.3456,36.2172],[-92.353,36.2148],[-92.3617,36.2089],[-92.3745,36.1963],[-92.3854,36.1911],[-92.3958,36.1895],[-92.4106,36.1899],[-92.4192,36.187],[-92.4319,36.1718],[-92.4327,36.1684],[-92.4402,36.1642],[-92.4428,36.1646],[-92.454,36.1742],[-92.4699,36.1822],[-92.4792,36.1937],[-92.4803,36.1978],[-92.4798,36.2009],[-92.474,36.2072],[-92.4708,36.2095],[-92.4664,36.2105],[-92.459,36.216],[-92.4607,36.2209],[-92.4698,36.2221],[-92.4765,36.2279],[-92.4759,36.2418],[-92.4693,36.2509],[-92.4695,36.2534],[-92.4603,36.2533],[-92.4603,36.2496],[-92.456,36.2495],[-92.4559,36.2458],[-92.4469,36.2456],[-92.4466,36.2602],[-92.442,36.26],[-92.4419,36.2674],[-92.4464,36.2674],[-92.4461,36.2747],[-92.4281,36.2745],[-92.4279,36.2819],[-92.4639,36.2825],[-92.4636,36.2937],[-92.4725,36.2938],[-92.4728,36.2975],[-92.4635,36.2973],[-92.4631,36.3119],[-92.4532,36.3118],[-92.4531,36.3191],[-92.4628,36.3195],[-92.4624,36.3268],[-92.4717,36.3272],[-92.4716,36.3345],[-92.4621,36.3344],[-92.462,36.3414],[-92.4707,36.3418],[-92.472,36.3452],[-92.4663,36.3452],[-92.4662,36.3488],[-92.4617,36.3488],[-92.4614,36.356],[-92.4708,36.3562],[-92.4705,36.3707],[-92.5242,36.3716],[-92.5247,36.357],[-92.5337,36.3573],[-92.534,36.3508],[-92.5518,36.3488],[-92.5767,36.3423],[-92.5812,36.3428],[-92.5927,36.35],[-92.5948,36.3533],[-92.595,36.3562],[-92.5912,36.3596],[-92.5738,36.3669],[-92.5526,36.3795],[-92.5495,36.3869],[-92.5519,36.3944],[-92.5555,36.3966],[-92.5597,36.3971],[-92.572,36.3935],[-92.595,36.3989],[-92.6092,36.4082],[-92.6199,36.4121],[-92.6291,36.4128],[-92.6381,36.411],[-92.6455,36.4121],[-92.6504,36.4146],[-92.6598,36.424],[-92.6636,36.4306],[-92.6628,36.4362],[-92.6586,36.4424],[-92.6525,36.4473],[-92.6437,36.4501],[-92.638,36.4542],[-92.6376,36.4758],[-92.6275,36.48],[-92.6257,36.4844],[-92.6311,36.4935],[-92.6306,36.4982],[-92.4704,36.4988],[-92.3703,36.4973]]]}},{"type":"Feature","properties":{"leaid":"0504680","name":"Cotter School District","kind":"Unified","gradeLow":"PK","gradeHigh":"12","state":"AR"},"geometry":{"type":"Polygon","coordinates":[[[-92.4695,36.2534],[-92.4713,36.2559],[-92.4753,36.2572],[-92.4947,36.2565],[-92.5076,36.2647],[-92.5216,36.269],[-92.5276,36.2678],[-92.5348,36.2634],[-92.5427,36.2629],[-92.5445,36.2658],[-92.5431,36.2693],[-92.5286,36.2824],[-92.525,36.2877],[-92.5235,36.2962],[-92.5247,36.3008],[-92.5384,36.3102],[-92.5478,36.3138],[-92.5517,36.3135],[-92.57,36.3058],[-92.5733,36.3062],[-92.5751,36.3079],[-92.5705,36.3241],[-92.5615,36.3348],[-92.5529,36.3365],[-92.5397,36.3293],[-92.5355,36.3292],[-92.5329,36.3307],[-92.528,36.3449],[-92.53,36.3491],[-92.534,36.3508],[-92.5337,36.3573],[-92.5247,36.357],[-92.5242,36.3716],[-92.4705,36.3707],[-92.4708,36.3562],[-92.4614,36.356],[-92.4617,36.3488],[-92.4662,36.3488],[-92.4663,36.3452],[-92.472,36.3452],[-92.4707,36.3418],[-92.462,36.3414],[-92.4621,36.3344],[-92.4716,36.3345],[-92.4717,36.3272],[-92.4624,36.3268],[-92.4628,36.3195],[-92.4531,36.3191],[-92.4532,36.3118],[-92.4631,36.3119],[-92.4635,36.2973],[-92.4728,36.2975],[-92.4725,36.2938],[-92.4636,36.2937],[-92.4639,36.2825],[-92.4279,36.2819],[-92.4281,36.2745],[-92.4461,36.2747],[-92.4464,36.2674],[-92.4419,36.2674],[-92.442,36.26],[-92.4466,36.2602],[-92.4469,36.2456],[-92.4559,36.2458],[-92.456,36.2495],[-92.4603,36.2496],[-92.4603,36.2533],[-92.4695,36.2534]]]}},{"type":"Feature","properties":{"leaid":"0510560","name":"Norfork Schools","kind":"Unified","gradeLow":"PK","gradeHigh":"12","state":"AR"},"geometry":{"type":"Polygon","coordinates":[[[-92.2553,36.3073],[-92.2513,36.304],[-92.2473,36.3036],[-92.2403,36.3048],[-92.2339,36.308],[-92.2273,36.3079],[-92.2258,36.3065],[-92.2251,36.3011],[-92.2265,36.2986],[-92.2372,36.2911],[-92.248,36.2769],[-92.2466,36.2731],[-92.2336,36.2661],[-92.2291,36.2655],[-92.2204,36.2673],[-92.2107,36.2744],[-92.2031,36.2753],[-92.1924,36.2793],[-92.1855,36.2806],[-92.182,36.2841],[-92.1767,36.2857],[-92.1713,36.2898],[-92.1657,36.2901],[-92.1585,36.2876],[-92.1592,36.2613],[-92.1569,36.2612],[-92.1599,36.1738],[-92.2139,36.1751],[-92.2152,36.1335],[-92.2497,36.1335],[-92.2499,36.119],[-92.2675,36.1196],[-92.2687,36.0758],[-92.2866,36.0765],[-92.2868,36.0613],[-92.3051,36.0611],[-92.3059,36.0321],[-92.4124,36.0339],[-92.4091,36.1347],[-92.4268,36.1349],[-92.4264,36.1495],[-92.4087,36.1494],[-92.407,36.1552],[-92.4078,36.1581],[-92.4121,36.1623],[-92.4175,36.1632],[-92.4263,36.1624],[-92.4284,36.1638],[-92.4296,36.1689],[-92.4258,36.1752],[-92.4254,36.1794],[-92.4209,36.1855],[-92.4145,36.1892],[-92.3893,36.19],[-92.3798,36.1933],[-92.373,36.1975],[-92.3617,36.2089],[-92.3551,36.2135],[-92.3477,36.2168],[-92.3408,36.217],[-92.3407,36.2212],[-92.3442,36.2259],[-92.3458,36.2319],[-92.3411,36.2356],[-92.3332,36.2364],[-92.3324,36.2376],[-92.3337,36.2392],[-92.34,36.2396],[-92.3433,36.2414],[-92.3444,36.2448],[-92.3423,36.2487],[-92.342,36.2529],[-92.3466,36.2566],[-92.3515,36.2633],[-92.3551,36.2652],[-92.3612,36.2629],[-92.3627,36.2635],[-92.3626,36.266],[-92.3013,36.2649],[-92.3007,36.276],[-92.2963,36.2759],[-92.296,36.2794],[-92.3005,36.2796],[-92.3003,36.2871],[-92.3087,36.2873],[-92.3088,36.2911],[-92.3054,36.2911],[-92.3053,36.2943],[-92.291,36.294],[-92.2907,36.3013],[-92.2885,36.3012],[-92.2882,36.3085],[-92.2553,36.3073]]]}},{"type":"Feature","properties":{"leaid":"0500044","name":"Magnolia School District","kind":"Unified","gradeLow":"PK","gradeHigh":"12","state":"AR"},"geometry":{"type":"Polygon","coordinates":[[[-93.1163,33.4529],[-93.119,33.3803],[-93.0184,33.3781],[-93.0187,33.3712],[-93.0269,33.3712],[-93.0271,33.3641],[-93.0363,33.3642],[-93.0366,33.3568],[-93.0409,33.357],[-93.041,33.3498],[-93.0455,33.3498],[-93.0458,33.3428],[-93.0501,33.3429],[-93.0503,33.3358],[-93.0548,33.3358],[-93.0549,33.3323],[-93.0595,33.3324],[-93.0597,33.3287],[-93.0683,33.3287],[-93.0681,33.3217],[-93.0335,33.3208],[-93.0334,33.328],[-93.0291,33.328],[-93.0293,33.3248],[-93.0207,33.3246],[-93.0208,33.3207],[-93.0162,33.3205],[-93.0158,33.3349],[-93.0059,33.3348],[-93.0052,33.3637],[-92.9963,33.3634],[-92.9955,33.3776],[-92.9785,33.3771],[-92.9859,33.1164],[-93.0029,33.1172],[-93.0026,33.1248],[-93.0077,33.1248],[-93.0073,33.14],[-93.0129,33.1401],[-93.0129,33.1426],[-93.0179,33.1426],[-93.0177,33.1461],[-93.0224,33.1463],[-93.0219,33.1614],[-93.0393,33.162],[-93.0392,33.1691],[-93.0478,33.1694],[-93.0476,33.1763],[-93.0561,33.177],[-93.0559,33.1919],[-93.073,33.192],[-93.0734,33.1775],[-93.091,33.178],[-93.0915,33.145],[-93.0876,33.1449],[-93.0877,33.1414],[-93.0746,33.1411],[-93.0745,33.1339],[-93.092,33.1342],[-93.0921,33.1415],[-93.1002,33.1418],[-93.1004,33.1347],[-93.1091,33.135],[-93.1097,33.1202],[-93.1435,33.1212],[-93.1433,33.1356],[-93.1517,33.1358],[-93.1513,33.1503],[-93.1596,33.1506],[-93.1594,33.1648],[-93.1767,33.1656],[-93.1766,33.1795],[-93.1933,33.1801],[-93.1934,33.1944],[-93.227,33.1955],[-93.2275,33.181],[-93.236,33.1812],[-93.2368,33.1563],[-93.2409,33.1565],[-93.241,33.1529],[-93.2454,33.1529],[-93.2451,33.1674],[-93.241,33.1672],[-93.2407,33.1743],[-93.2623,33.1751],[-93.2624,33.1679],[-93.2731,33.1678],[-93.2728,33.1536],[-93.2535,33.153],[-93.2537,33.1461],[-93.2457,33.1459],[-93.2458,33.1419],[-93.2285,33.1417],[-93.2286,33.1345],[-93.2575,33.1355],[-93.2577,33.1317],[-93.2718,33.1321],[-93.2719,33.128],[-93.3028,33.1289],[-93.3028,33.1256],[-93.3145,33.126],[-93.3148,33.1219],[-93.3197,33.122],[-93.3198,33.1185],[-93.3322,33.1188],[-93.3325,33.1077],[-93.3413,33.108],[-93.3414,33.1005],[-93.3499,33.1009],[-93.3504,33.0919],[-93.3549,33.0919],[-93.355,33.0885],[-93.3635,33.0887],[-93.3634,33.0977],[-93.3847,33.0982],[-93.3844,33.1056],[-93.4015,33.1061],[-93.4013,33.1133],[-93.3841,33.1136],[-93.3834,33.1279],[-93.3922,33.1277],[-93.3917,33.142],[-93.3874,33.1419],[-93.3868,33.1561],[-93.3909,33.1561],[-93.3896,33.1852],[-93.3811,33.1849],[-93.3808,33.1995],[-93.3851,33.1995],[-93.3845,33.2246],[-93.3801,33.2245],[-93.3792,33.2496],[-93.4306,33.2506],[-93.4305,33.2541],[-93.4347,33.2542],[-93.4345,33.258],[-93.4417,33.2582],[-93.4422,33.2591],[-93.4407,33.2595],[-93.4396,33.2638],[-93.4371,33.2653],[-93.4352,33.2723],[-93.4331,33.2739],[-93.4327,33.278],[-93.4358,33.2837],[-93.4348,33.2848],[-93.4363,33.2864],[-93.4353,33.2885],[-93.4362,33.2895],[-93.4288,33.2951],[-93.4293,33.2963],[-93.4265,33.2976],[-93.4228,33.3024],[-93.4254,33.3058],[-93.4257,33.3098],[-93.429,33.3157],[-93.427,33.3169],[-93.4257,33.3207],[-93.4236,33.3209],[-93.4241,33.3237],[-93.4215,33.3256],[-93.4199,33.3327],[-93.4178,33.335],[-93.4161,33.344],[-93.4132,33.3469],[-93.4126,33.3507],[-93.4105,33.3519],[-93.4116,33.3536],[-93.4111,33.3562],[-93.413,33.3589],[-93.4129,33.3625],[-93.4062,33.3673],[-93.4046,33.3718],[-93.402,33.3735],[-93.4033,33.3756],[-93.4014,33.3786],[-93.4016,33.3811],[-93.3997,33.3825],[-93.3977,33.387],[-93.398,33.3899],[-93.396,33.3925],[-93.3964,33.399],[-93.3887,33.4038],[-93.3873,33.4074],[-93.3871,33.4125],[-93.3796,33.4231],[-93.3766,33.4329],[-93.3683,33.4391],[-93.3656,33.4445],[-93.2392,33.4419],[-93.2213,33.4405],[-93.2211,33.4551],[-93.1163,33.4529]]]}},{"type":"Feature","properties":{"leaid":"0500068","name":"Emerson-Taylor-Bradley School District","kind":"Unified","gradeLow":"PK","gradeHigh":"12","state":"AR"},"geometry":{"type":"Polygon","coordinates":[[[-92.9859,33.1164],[-92.9888,33.0176],[-93.8072,33.0193],[-93.8063,33.0238],[-93.8082,33.0271],[-93.8229,33.0297],[-93.8278,33.0332],[-93.8259,33.0366],[-93.8187,33.0418],[-93.8175,33.0464],[-93.8187,33.0491],[-93.8228,33.0512],[-93.8326,33.0529],[-93.8405,33.0571],[-93.836,33.0713],[-93.837,33.0774],[-93.8535,33.086],[-93.8632,33.0946],[-93.8643,33.0971],[-93.8633,33.0989],[-93.8589,33.1004],[-93.8541,33.1042],[-93.8562,33.1139],[-93.855,33.1168],[-93.8497,33.1217],[-93.8478,33.1254],[-93.8485,33.1406],[-93.8452,33.145],[-93.8395,33.1483],[-93.8314,33.1481],[-93.8231,33.1381],[-93.8152,33.1358],[-93.812,33.1377],[-93.8119,33.1508],[-93.8104,33.1551],[-93.8066,33.1588],[-93.7998,33.1625],[-93.7926,33.1621],[-93.7882,33.1595],[-93.7861,33.1547],[-93.786,33.1467],[-93.7821,33.1424],[-93.7753,33.1395],[-93.7735,33.1399],[-93.7732,33.1414],[-93.777,33.1583],[-93.7739,33.1652],[-93.7714,33.1668],[-93.7658,33.167],[-93.757,33.1648],[-93.7497,33.158],[-93.7418,33.1546],[-93.7349,33.1566],[-93.7337,33.1612],[-93.7363,33.1659],[-93.7417,33.1674],[-93.7529,33.1664],[-93.7554,33.1673],[-93.7583,33.1704],[-93.7586,33.1768],[-93.7572,33.1796],[-93.755,33.1808],[-93.7358,33.1818],[-93.7276,33.1847],[-93.7264,33.1891],[-93.7369,33.1956],[-93.7398,33.2011],[-93.7347,33.2088],[-93.7225,33.2172],[-93.7063,33.2225],[-93.4832,33.2164],[-93.4829,33.2297],[-93.457,33.2299],[-93.4569,33.2336],[-93.4521,33.2335],[-93.452,33.2396],[-93.444,33.2394],[-93.4441,33.2365],[-93.4312,33.2362],[-93.4306,33.2506],[-93.3792,33.2496],[-93.3801,33.2245],[-93.3845,33.2246],[-93.3851,33.1995],[-93.3808,33.1995],[-93.3811,33.1849],[-93.3896,33.1852],[-93.3909,33.1561],[-93.3868,33.1561],[-93.3874,33.1419],[-93.3917,33.142],[-93.3922,33.1277],[-93.3834,33.1279],[-93.3841,33.1136],[-93.4013,33.1133],[-93.4015,33.1061],[-93.3844,33.1056],[-93.3847,33.0982],[-93.3634,33.0977],[-93.3635,33.0887],[-93.355,33.0885],[-93.3549,33.0919],[-93.3504,33.0919],[-93.3499,33.1009],[-93.3414,33.1005],[-93.3413,33.108],[-93.3325,33.1077],[-93.3322,33.1188],[-93.3198,33.1185],[-93.3197,33.122],[-93.3148,33.1219],[-93.3145,33.126],[-93.3028,33.1256],[-93.3028,33.1289],[-93.2719,33.128],[-93.2718,33.1321],[-93.2577,33.1317],[-93.2575,33.1355],[-93.2286,33.1345],[-93.2285,33.1417],[-93.2458,33.1419],[-93.2457,33.1459],[-93.2537,33.1461],[-93.2535,33.153],[-93.2728,33.1536],[-93.2731,33.1678],[-93.2624,33.1679],[-93.2623,33.1751],[-93.2407,33.1743],[-93.241,33.1672],[-93.2451,33.1674],[-93.2454,33.1529],[-93.241,33.1529],[-93.2409,33.1565],[-93.2368,33.1563],[-93.236,33.1812],[-93.2275,33.181],[-93.227,33.1955],[-93.1934,33.1944],[-93.1933,33.1801],[-93.1766,33.1795],[-93.1767,33.1656],[-93.1594,33.1648],[-93.1596,33.1506],[-93.1513,33.1503],[-93.1517,33.1358],[-93.1433,33.1356],[-93.1435,33.1212],[-93.1097,33.1202],[-93.1091,33.135],[-93.1004,33.1347],[-93.1002,33.1418],[-93.0921,33.1415],[-93.092,33.1342],[-93.0745,33.1339],[-93.0746,33.1411],[-93.0877,33.1414],[-93.0876,33.1449],[-93.0915,33.145],[-93.091,33.178],[-93.0734,33.1775],[-93.073,33.192],[-93.0559,33.1919],[-93.0561,33.177],[-93.0476,33.1763],[-93.0478,33.1694],[-93.0392,33.1691],[-93.0393,33.162],[-93.0219,33.1614],[-93.0224,33.1463],[-93.0177,33.1461],[-93.0179,33.1426],[-93.0129,33.1426],[-93.0129,33.1401],[-93.0073,33.14],[-93.0077,33.1248],[-93.0026,33.1248],[-93.0029,33.1172],[-92.9859,33.1164]]]}},{"type":"Feature","properties":{"leaid":"0500045","name":"Rivercrest School District","kind":"Unified","gradeLow":"PK","gradeHigh":"12","state":"AR"},"geometry":{"type":"Polygon","coordinates":[[[-89.8737,35.8273],[-89.6944,35.8242],[-89.6965,35.8206],[-89.7058,35.8139],[-89.7282,35.8027],[-89.7333,35.803],[-89.738,35.806],[-89.7443,35.8062],[-89.758,35.8103],[-89.7654,35.8112],[-89.7654,35.8096],[-89.7817,35.8052],[-89.7962,35.7928],[-89.7996,35.7883],[-89.7969,35.7814],[-89.7995,35.7738],[-89.7994,35.7581],[-89.8169,35.7487],[-89.8318,35.7435],[-89.8395,35.7422],[-89.8477,35.7446],[-89.8503,35.7465],[-89.8524,35.7554],[-89.8673,35.7569],[-89.8928,35.7506],[-89.9002,35.7535],[-89.9075,35.7593],[-89.912,35.7583],[-89.9182,35.7531],[-89.9379,35.7442],[-89.9393,35.7413],[-90.0174,35.7414],[-90.0176,35.654],[-90.0531,35.6543],[-90.0534,35.6253],[-89.9997,35.6248],[-90.0,35.6103],[-89.9244,35.6106],[-89.9325,35.608],[-89.9478,35.6002],[-89.9566,35.5906],[-89.9579,35.5849],[-89.9545,35.5762],[-89.9422,35.5571],[-89.9283,35.5513],[-89.9119,35.5485],[-89.9098,35.5439],[-89.9134,35.5359],[-89.9094,35.538],[-89.9051,35.5365],[-89.9021,35.5281],[-89.9033,35.522],[-89.9089,35.5142],[-89.9185,35.5114],[-89.9265,35.5116],[-89.9587,35.5238],[-89.9571,35.5285],[-89.9576,35.5306],[-89.9556,35.5341],[-89.9581,35.5412],[-89.9757,35.5535],[-89.9897,35.5602],[-89.9992,35.5612],[-90.0079,35.5601],[-90.0176,35.5561],[-90.0236,35.5564],[-90.03,35.5548],[-90.0379,35.5499],[-90.0399,35.5474],[-90.0422,35.5364],[-90.0495,35.5202],[-90.0501,35.5155],[-90.0482,35.5038],[-90.0441,35.4946],[-90.0362,35.4837],[-90.0285,35.4777],[-90.0198,35.4733],[-90.0125,35.4637],[-90.0058,35.4502],[-90.0027,35.43],[-90.0153,35.4227],[-90.0481,35.4117],[-90.0506,35.4096],[-90.0568,35.4039],[-90.044,35.3967],[-90.0416,35.3966],[-90.0446,35.3931],[-90.0543,35.3893],[-90.0695,35.4081],[-90.062,35.4152],[-90.0706,35.4235],[-90.0741,35.4341],[-90.0741,35.4396],[-90.0672,35.4609],[-90.0672,35.4648],[-90.0683,35.4671],[-90.079,35.4769],[-90.088,35.4786],[-90.1075,35.477],[-90.1146,35.4722],[-90.121,35.465],[-90.1294,35.4421],[-90.1401,35.4368],[-90.2869,35.4384],[-90.2871,35.6126],[-90.2574,35.6124],[-90.2519,35.619],[-90.2347,35.6187],[-90.223,35.6266],[-90.1771,35.6258],[-90.1776,35.6987],[-90.2132,35.6992],[-90.213,35.7574],[-90.1436,35.7566],[-90.1439,35.7421],[-90.1082,35.7419],[-90.1084,35.7846],[-90.1094,35.7855],[-90.1098,35.8003],[-90.1095,35.8115],[-90.1082,35.8145],[-89.9991,35.8141],[-89.999,35.7998],[-89.9274,35.7995],[-89.9273,35.8067],[-89.9098,35.8061],[-89.9096,35.8134],[-89.8739,35.8128],[-89.8737,35.8273]]]}},{"type":"Feature","properties":{"leaid":"0503320","name":"Blytheville School District","kind":"Unified","gradeLow":"PK","gradeHigh":"12","state":"AR"},"geometry":{"type":"Polygon","coordinates":[[[-89.8018,35.8264],[-89.8737,35.8273],[-89.8739,35.8128],[-89.9096,35.8134],[-89.9098,35.8061],[-89.9273,35.8067],[-89.9274,35.7995],[-89.999,35.7998],[-89.9998,35.8722],[-89.9642,35.872],[-89.9646,35.9011],[-90.0004,35.9012],[-90.0004,35.9302],[-89.9734,35.9304],[-89.9735,35.9416],[-89.9676,35.9434],[-89.9574,35.9398],[-89.9519,35.9299],[-89.95,35.9287],[-89.9402,35.9287],[-89.936,35.9259],[-89.9334,35.9271],[-89.9335,35.9295],[-89.9421,35.9347],[-89.9415,35.9415],[-89.94,35.9424],[-89.9359,35.9403],[-89.9333,35.9406],[-89.9288,35.9444],[-89.9232,35.9461],[-89.9186,35.9507],[-89.918,35.9538],[-89.9195,35.9598],[-89.9243,35.9658],[-89.9292,35.9677],[-89.9403,35.9686],[-89.9402,35.9993],[-89.7871,36.0006],[-89.7867,35.958],[-89.8563,35.9577],[-89.8561,35.921],[-89.8029,35.9214],[-89.8018,35.8264]]]}},{"type":"Feature","properties":{"leaid":"0507740","name":"Cross County School District","kind":"Unified","gradeLow":"PK","gradeHigh":"12","state":"AR"},"geometry":{"type":"Polygon","coordinates":[[[-90.6102,35.4704],[-90.6109,35.4436],[-90.6143,35.4433],[-90.6151,35.4404],[-90.6169,35.4405],[-90.6177,35.4393],[-90.6337,35.4052],[-90.6113,35.405],[-90.6123,35.2529],[-90.7383,35.2539],[-90.7381,35.2681],[-90.8269,35.2688],[-90.8263,35.2985],[-90.8528,35.297],[-90.8529,35.3114],[-90.9393,35.3093],[-90.9393,35.3009],[-90.948,35.3008],[-90.9483,35.2946],[-91.0399,35.2952],[-91.0401,35.3103],[-91.0754,35.3106],[-91.0753,35.3161],[-91.069,35.3184],[-91.0649,35.3243],[-91.056,35.3299],[-91.0555,35.3355],[-91.052,35.3396],[-91.0525,35.3489],[-91.0585,35.3546],[-91.0396,35.3543],[-91.0393,35.443],[-90.9312,35.4418],[-90.8238,35.4457],[-90.8233,35.4748],[-90.7689,35.4749],[-90.7693,35.4459],[-90.7162,35.4458],[-90.7157,35.4716],[-90.6102,35.4704]]]}},{"type":"Feature","properties":{"leaid":"0500046","name":"Manila School District","kind":"Unified","gradeLow":"PK","gradeHigh":"12","state":"AR"},"geometry":{"type":"Polygon","coordinates":[[[-90.1948,35.9602],[-90.1272,35.9597],[-90.1275,35.8448],[-90.1298,35.8423],[-90.1299,35.8289],[-90.1207,35.8289],[-90.124,35.8254],[-90.1229,35.8201],[-90.1183,35.8174],[-90.1108,35.8169],[-90.1083,35.8148],[-90.1095,35.8115],[-90.1098,35.8003],[-90.1094,35.7855],[-90.1084,35.7846],[-90.1082,35.7419],[-90.1439,35.7421],[-90.1436,35.7566],[-90.213,35.7574],[-90.2132,35.6992],[-90.1776,35.6987],[-90.1774,35.6553],[-90.2863,35.6561],[-90.2867,35.8162],[-90.249,35.8156],[-90.2479,35.8739],[-90.2308,35.8736],[-90.231,35.9085],[-90.221,35.9166],[-90.2135,35.9166],[-90.2136,35.9455],[-90.196,35.9457],[-90.1948,35.9602]]]}},{"type":"Feature","properties":{"leaid":"0503710","name":"Buffalo Island Central School District","kind":"Unified","gradeLow":"PK","gradeHigh":"12","state":"AR"},"geometry":{"type":"Polygon","coordinates":[[[-90.1195,35.9979],[-90.1215,35.9945],[-90.1212,35.9889],[-90.1188,35.9884],[-90.1185,35.987],[-90.1292,35.9834],[-90.1289,35.9798],[-90.13,35.978],[-90.1287,35.9749],[-90.1264,35.9746],[-90.1259,35.9728],[-90.1285,35.9676],[-90.1277,35.9641],[-90.1302,35.9634],[-90.1318,35.9601],[-90.1948,35.9602],[-90.196,35.9457],[-90.2136,35.9455],[-90.2135,35.9166],[-90.221,35.9166],[-90.231,35.9085],[-90.2308,35.8736],[-90.2479,35.8739],[-90.249,35.8156],[-90.2867,35.8162],[-90.2872,35.8013],[-90.3232,35.8023],[-90.3231,35.8169],[-90.4,35.8189],[-90.3996,35.8595],[-90.4043,35.8596],[-90.4091,35.8633],[-90.4174,35.8743],[-90.418,35.8775],[-90.4511,35.8778],[-90.4416,35.8921],[-90.4248,35.8918],[-90.4247,35.9066],[-90.4076,35.9061],[-90.4074,35.9346],[-90.3896,35.9349],[-90.3897,35.9647],[-90.3873,35.9647],[-90.3883,35.967],[-90.3873,35.9762],[-90.3851,35.9792],[-90.3863,35.9877],[-90.3779,35.9957],[-90.1195,35.9979]]]}},{"type":"Feature","properties":{"leaid":"0510950","name":"Osceola School District","kind":"Unified","gradeLow":"PK","gradeHigh":"12","state":"AR"},"geometry":{"type":"Polygon","coordinates":[[[-89.9393,35.7413],[-89.9441,35.7358],[-89.9542,35.7307],[-89.9588,35.7256],[-89.9571,35.7118],[-89.9567,35.6943],[-89.9558,35.6904],[-89.9523,35.685],[-89.9403,35.6734],[-89.9361,35.6667],[-89.9302,35.6614],[-89.9193,35.6553],[-89.9049,35.6511],[-89.8989,35.6509],[-89.8873,35.6536],[-89.8836,35.6563],[-89.8764,35.6667],[-89.8665,35.6703],[-89.8597,35.6696],[-89.8533,35.6623],[-89.851,35.6557],[-89.8522,35.6426],[-89.8561,35.635],[-89.8639,35.6308],[-89.8734,35.6276],[-89.8915,35.6159],[-89.8987,35.6151],[-89.9113,35.6176],[-89.92,35.6121],[-89.9249,35.6104],[-90.0,35.6103],[-89.9997,35.6248],[-90.0534,35.6253],[-90.0531,35.6543],[-90.0176,35.654],[-90.0174,35.7414],[-89.9393,35.7413]]]}},{"type":"Feature","properties":{"leaid":"0500047","name":"Trumann Schools","kind":"Unified","gradeLow":"PK","gradeHigh":"12","state":"AR"},"geometry":{"type":"Polygon","coordinates":[[[-90.5006,35.7073],[-90.4647,35.7051],[-90.4648,35.6203],[-90.4656,35.6204],[-90.4655,35.6121],[-90.4732,35.6123],[-90.4733,35.5912],[-90.4659,35.5912],[-90.4658,35.5719],[-90.5197,35.5731],[-90.5198,35.5585],[-90.5375,35.5593],[-90.5375,35.5449],[-90.5553,35.5457],[-90.5557,35.5216],[-90.601,35.5213],[-90.6011,35.5334],[-90.5996,35.5333],[-90.5997,35.5694],[-90.6083,35.569],[-90.6072,35.6202],[-90.678,35.6205],[-90.6778,35.6351],[-90.6873,35.6351],[-90.6868,35.6642],[-90.7482,35.6653],[-90.7475,35.7053],[-90.6134,35.7044],[-90.5006,35.7073]]]}},{"type":"Feature","properties":{"leaid":"0500048","name":"East Poinsett County School District","kind":"Unified","gradeLow":"PK","gradeHigh":"12","state":"AR"},"geometry":{"type":"MultiPolygon","coordinates":[[[[-90.3582,35.5265],[-90.2869,35.5255],[-90.2869,35.4384],[-90.3937,35.44],[-90.3937,35.4544],[-90.3968,35.4544],[-90.3968,35.4651],[-90.4017,35.4653],[-90.4018,35.4933],[-90.395,35.4933],[-90.3949,35.4981],[-90.3761,35.4981],[-90.3761,35.5105],[-90.3582,35.5105],[-90.3582,35.5265]]],[[[-90.411,35.7023],[-90.2868,35.6999],[-90.2863,35.6561],[-90.1774,35.6553],[-90.1771,35.6258],[-90.223,35.6266],[-90.2347,35.6187],[-90.2519,35.619],[-90.2574,35.6124],[-90.2871,35.6126],[-90.287,35.5472],[-90.358,35.5477],[-90.3579,35.556],[-90.3758,35.556],[-90.3758,35.5706],[-90.4118,35.5706],[-90.4119,35.5566],[-90.448,35.5571],[-90.4478,35.5718],[-90.4658,35.5719],[-90.4659,35.5912],[-90.4733,35.5912],[-90.4732,35.6123],[-90.4655,35.6121],[-90.4656,35.6204],[-90.4648,35.6203],[-90.4647,35.7051],[-90.411,35.7023]]]]}},{"type":"Feature","properties":{"leaid":"0500049","name":"De Queen School District","kind":"Unified","gradeLow":"PK","gradeHigh":"12","state":"AR"},"geometry":{"type":"Polygon","coordinates":[[[-94.1566,34.1923],[-94.1559,34.0612],[-94.1994,34.0609],[-94.1995,34.0536],[-94.1384,34.0541],[-94.1385,34.0684],[-94.0738,34.0667],[-94.0739,34.0641],[-94.0768,34.0618],[-94.0788,34.0635],[-94.0826,34.0623],[-94.0838,34.0574],[-94.0866,34.0573],[-94.0868,34.0533],[-94.0822,34.0477],[-94.0853,34.0451],[-94.084,34.0436],[-94.0866,34.0397],[-94.0875,34.034],[-94.0829,34.0315],[-94.0858,34.0287],[-94.0828,34.0246],[-94.0794,34.0239],[-94.0837,34.0228],[-94.0796,34.0168],[-94.0776,34.0178],[-94.0781,34.0139],[-94.0759,34.0125],[-94.0731,34.0126],[-94.0733,34.0111],[-94.0707,34.0105],[-94.0705,34.0082],[-94.0758,34.0073],[-94.0722,34.0048],[-94.0741,34.0039],[-94.0729,34.0017],[-94.0707,34.002],[-94.0699,33.9999],[-94.0662,33.9989],[-94.0697,33.9956],[-94.0659,33.9948],[-94.0678,33.9918],[-94.0661,33.9893],[-94.0663,33.9843],[-94.0645,33.9825],[-94.0681,33.9793],[-94.0656,33.9782],[-94.0659,33.976],[-94.0628,33.9743],[-94.0631,33.9732],[-94.0649,33.9734],[-94.0645,33.9727],[-94.0616,33.9706],[-94.0597,33.9716],[-94.0598,33.9689],[-94.0576,33.9681],[-94.0607,33.9659],[-94.0579,33.9644],[-94.0615,33.962],[-94.0603,33.9609],[-94.0621,33.9598],[-94.0632,33.9605],[-94.0629,33.9593],[-94.0649,33.9595],[-94.0656,33.9582],[-94.0668,33.9599],[-94.0671,33.9577],[-94.0696,33.9557],[-94.067,33.9551],[-94.0657,33.9515],[-94.0664,33.9506],[-94.0651,33.9503],[-94.0657,33.9483],[-94.0677,33.9485],[-94.0649,33.9455],[-94.07,33.9416],[-94.0692,33.9395],[-94.0703,33.9387],[-94.0677,33.9372],[-94.0684,33.935],[-94.0671,33.9352],[-94.0648,33.9332],[-94.0683,33.9328],[-94.0685,33.931],[-94.0712,33.9308],[-94.0694,33.9294],[-94.0702,33.9271],[-94.0659,33.9168],[-94.0618,33.9138],[-94.063,33.9128],[-94.0604,33.9126],[-94.0616,33.9106],[-94.0605,33.908],[-94.0585,33.9083],[-94.0586,33.9099],[-94.0563,33.9095],[-94.0571,33.9085],[-94.0555,33.9048],[-94.0533,33.9041],[-94.0547,33.9015],[-94.0538,33.9005],[-94.0555,33.9002],[-94.0552,33.8967],[-94.0538,33.8966],[-94.0546,33.895],[-94.0513,33.8938],[-94.0509,33.8927],[-94.0538,33.8923],[-94.0503,33.8897],[-94.0507,33.8881],[-94.0532,33.8882],[-94.0512,33.8871],[-94.053,33.8862],[-94.0507,33.8844],[-94.0551,33.8844],[-94.0555,33.8698],[-94.0908,33.8708],[-94.0911,33.8564],[-94.0737,33.8558],[-94.0746,33.8267],[-94.1008,33.8273],[-94.1004,33.8419],[-94.1092,33.8422],[-94.1089,33.8494],[-94.1438,33.8505],[-94.144,33.8428],[-94.1527,33.8434],[-94.1529,33.8399],[-94.1572,33.84],[-94.159,33.7832],[-94.1631,33.7851],[-94.1652,33.7912],[-94.1713,33.7956],[-94.1742,33.7938],[-94.1699,33.7908],[-94.1701,33.7896],[-94.1816,33.7888],[-94.187,33.7857],[-94.1896,33.7868],[-94.1899,33.7894],[-94.1849,33.7943],[-94.1869,33.8034],[-94.1828,33.8074],[-94.1835,33.8098],[-94.1863,33.8119],[-94.1915,33.8123],[-94.198,33.8096],[-94.2099,33.8077],[-94.2133,33.8031],[-94.2165,33.8024],[-94.218,33.8043],[-94.2185,33.8148],[-94.2213,33.8162],[-94.2234,33.8118],[-94.2292,33.8083],[-94.2285,33.802],[-94.2316,33.8014],[-94.2306,33.8699],[-94.2268,33.9613],[-94.2619,33.9623],[-94.2614,33.9769],[-94.2703,33.9771],[-94.2696,33.9988],[-94.3134,33.9996],[-94.3137,33.9829],[-94.3664,33.9844],[-94.3667,33.9799],[-94.4019,33.9809],[-94.4023,33.9664],[-94.437,33.9675],[-94.4352,34.0134],[-94.4442,34.0133],[-94.4442,34.016],[-94.4752,34.0161],[-94.4703,34.1902],[-94.2963,34.1917],[-94.2964,34.2155],[-94.2439,34.2154],[-94.2435,34.1479],[-94.2007,34.1482],[-94.1917,34.1483],[-94.1918,34.1925],[-94.1566,34.1923]]]}},{"type":"Feature","properties":{"leaid":"0500051","name":"Palestine-Wheatley School District","kind":"Unified","gradeLow":"PK","gradeHigh":"12","state":"AR"},"geometry":{"type":"Polygon","coordinates":[[[-90.8411,34.9063],[-90.943,34.9068],[-91.0464,34.912],[-91.0992,34.9116],[-91.1,34.8671],[-91.1174,34.8671],[-91.1171,34.883],[-91.1531,34.8834],[-91.1497,35.0025],[-91.0454,35.001],[-91.0443,35.0734],[-90.9867,35.0706],[-90.9863,35.089],[-90.9181,35.0885],[-90.9174,35.0867],[-90.9134,35.0856],[-90.9137,35.0842],[-90.9106,35.0837],[-90.9107,35.0816],[-90.909,35.0809],[-90.9089,35.0793],[-90.9104,35.0788],[-90.9091,35.076],[-90.906,35.0723],[-90.9047,35.0732],[-90.9027,35.0714],[-90.9047,35.0678],[-90.8919,35.0669],[-90.8935,35.0319],[-90.8941,35.0339],[-90.8952,35.0312],[-90.8972,35.0311],[-90.8969,35.0296],[-90.8997,35.0291],[-90.9003,35.0304],[-90.8992,35.0311],[-90.9012,35.0309],[-90.9023,35.0289],[-90.9007,35.0246],[-90.9028,35.0209],[-90.9048,35.0212],[-90.9036,35.0189],[-90.9012,35.0195],[-90.9029,35.0158],[-90.9,35.0143],[-90.9013,35.0117],[-90.8983,35.0114],[-90.8984,35.0092],[-90.9027,35.0085],[-90.9004,35.0056],[-90.903,35.0059],[-90.9005,35.0028],[-90.9034,35.0026],[-90.9029,35.0],[-90.8977,34.9973],[-90.8945,34.9972],[-90.8926,34.9949],[-90.8942,34.9932],[-90.8903,34.9929],[-90.8924,34.991],[-90.89,34.9878],[-90.8883,34.9878],[-90.8875,34.9891],[-90.8864,34.9877],[-90.8848,34.9891],[-90.8834,34.9883],[-90.8843,34.9866],[-90.8826,34.9862],[-90.8824,34.9839],[-90.8849,34.9789],[-90.8839,34.9772],[-90.8848,34.976],[-90.8868,34.977],[-90.8883,34.9743],[-90.8847,34.9741],[-90.8871,34.9696],[-90.8843,34.969],[-90.883,34.9673],[-90.8815,34.9678],[-90.8814,34.9639],[-90.8742,34.9577],[-90.8739,34.9552],[-90.87,34.9551],[-90.8689,34.9565],[-90.865,34.9549],[-90.8636,34.9564],[-90.861,34.9563],[-90.8566,34.949],[-90.8575,34.9478],[-90.8556,34.9447],[-90.8573,34.9433],[-90.8569,34.9416],[-90.854,34.9411],[-90.8526,34.9394],[-90.8479,34.9396],[-90.8476,34.9363],[-90.8447,34.9354],[-90.8454,34.9315],[-90.8402,34.9271],[-90.8426,34.9261],[-90.8433,34.9232],[-90.8416,34.9222],[-90.8428,34.9181],[-90.8456,34.9185],[-90.8475,34.9109],[-90.8456,34.9093],[-90.8412,34.9097],[-90.8407,34.9087],[-90.8429,34.9081],[-90.8411,34.9063]]]}},{"type":"Feature","properties":{"leaid":"0500065","name":"Lafayette County School District","kind":"Unified","gradeLow":"PK","gradeHigh":"12","state":"AR"},"geometry":{"type":"Polygon","coordinates":[[[-93.3656,33.4445],[-93.3683,33.4391],[-93.3766,33.4329],[-93.3796,33.4231],[-93.3871,33.4125],[-93.3873,33.4074],[-93.3887,33.4038],[-93.3964,33.399],[-93.3961,33.392],[-93.3978,33.3902],[-93.3977,33.387],[-93.3997,33.3825],[-93.4016,33.3813],[-93.4014,33.3785],[-93.4033,33.3759],[-93.4018,33.374],[-93.4046,33.3718],[-93.4062,33.3673],[-93.4129,33.3625],[-93.413,33.3589],[-93.4111,33.3562],[-93.4116,33.3536],[-93.4105,33.3519],[-93.4126,33.3507],[-93.4132,33.3469],[-93.4161,33.344],[-93.4178,33.335],[-93.4199,33.3327],[-93.4215,33.3256],[-93.4241,33.3237],[-93.4236,33.3209],[-93.4257,33.3207],[-93.427,33.3169],[-93.429,33.3157],[-93.4257,33.3098],[-93.4254,33.3058],[-93.4228,33.3024],[-93.4265,33.2976],[-93.4293,33.2963],[-93.4288,33.2951],[-93.4362,33.2895],[-93.4353,33.2885],[-93.4363,33.2864],[-93.4348,33.2848],[-93.4358,33.2837],[-93.4327,33.278],[-93.4331,33.2739],[-93.4352,33.2723],[-93.4371,33.2653],[-93.4396,33.2638],[-93.4407,33.2595],[-93.4422,33.259],[-93.4345,33.258],[-93.4347,33.2542],[-93.4305,33.2541],[-93.4312,33.2362],[-93.4441,33.2365],[-93.444,33.2394],[-93.452,33.2396],[-93.4521,33.2335],[-93.4569,33.2336],[-93.457,33.2299],[-93.4829,33.2297],[-93.4832,33.2164],[-93.7063,33.2225],[-93.7003,33.2259],[-93.6999,33.2286],[-93.7016,33.2296],[-93.706,33.2286],[-93.7176,33.2231],[-93.7249,33.2226],[-93.729,33.2276],[-93.7278,33.2327],[-93.726,33.2353],[-93.7135,33.2441],[-93.7091,33.2514],[-93.774,33.2521],[-93.7736,33.2666],[-93.782,33.2669],[-93.7817,33.2816],[-93.7729,33.2814],[-93.7721,33.3247],[-93.7767,33.3249],[-93.7761,33.3466],[-93.7798,33.3466],[-93.7797,33.3542],[-93.7891,33.3545],[-93.7887,33.3688],[-93.7973,33.3689],[-93.7964,33.3838],[-93.8056,33.3839],[-93.8054,33.3909],[-93.8227,33.3911],[-93.8225,33.3986],[-93.8571,33.3991],[-93.8563,33.4386],[-93.8389,33.4382],[-93.8381,33.4568],[-93.7863,33.456],[-93.7863,33.4631],[-93.7775,33.4628],[-93.7775,33.4662],[-93.7688,33.4663],[-93.7688,33.4702],[-93.7515,33.4697],[-93.7514,33.4757],[-93.7497,33.4783],[-93.7452,33.4807],[-93.7366,33.482],[-93.4832,33.4762],[-93.4831,33.4799],[-93.4303,33.4786],[-93.4303,33.4862],[-93.421,33.4862],[-93.4211,33.4822],[-93.4036,33.4818],[-93.4041,33.4748],[-93.3865,33.4745],[-93.3867,33.4598],[-93.3963,33.4599],[-93.3968,33.4452],[-93.3656,33.4445]]]}},{"type":"Feature","properties":{"leaid":"0503300","name":"Blevins School District","kind":"Unified","gradeLow":"PK","gradeHigh":"12","state":"AR"},"geometry":{"type":"MultiPolygon","coordinates":[[[[-93.7804,33.9425],[-93.7806,33.9352],[-93.7841,33.9353],[-93.7842,33.9315],[-93.7982,33.9318],[-93.7982,33.9356],[-93.8252,33.9363],[-93.8247,33.9508],[-93.7975,33.9499],[-93.7977,33.9428],[-93.7804,33.9425]]],[[[-93.7178,33.9966],[-93.706,33.9944],[-93.7049,33.9955],[-93.7,33.9952],[-93.6923,33.9892],[-93.6863,33.9875],[-93.6856,33.9854],[-93.6826,33.9847],[-93.6821,33.9834],[-93.6499,33.9813],[-93.6467,33.9829],[-93.6446,33.9799],[-93.6464,33.9782],[-93.6442,33.9766],[-93.6405,33.9771],[-93.6405,33.9741],[-93.637,33.9745],[-93.6344,33.9728],[-93.6279,33.9738],[-93.6271,33.9724],[-93.6288,33.972],[-93.6283,33.9697],[-93.6301,33.9682],[-93.6277,33.9674],[-93.6277,33.9689],[-93.6256,33.9699],[-93.6225,33.9648],[-93.621,33.9654],[-93.6184,33.9643],[-93.6168,33.9593],[-93.6095,33.9594],[-93.6045,33.9648],[-93.6044,33.9625],[-93.6031,33.9618],[-93.6011,33.9649],[-93.5997,33.9643],[-93.6002,33.9629],[-93.5992,33.9622],[-93.5971,33.9637],[-93.5932,33.9632],[-93.592,33.9617],[-93.5911,33.9644],[-93.5875,33.9632],[-93.5869,33.9591],[-93.5812,33.9593],[-93.5788,33.9584],[-93.5789,33.9566],[-93.5762,33.9567],[-93.5766,33.9591],[-93.5746,33.9585],[-93.5748,33.9604],[-93.5726,33.961],[-93.571,33.9595],[-93.5688,33.9611],[-93.567,33.9597],[-93.5688,33.9582],[-93.5682,33.957],[-93.5624,33.9582],[-93.5582,33.9561],[-93.5536,33.9559],[-93.545,33.9508],[-93.5384,33.9512],[-93.5365,33.954],[-93.5317,33.9548],[-93.5306,33.9538],[-93.5309,33.9517],[-93.5283,33.9485],[-93.5282,33.9429],[-93.5239,33.9445],[-93.5177,33.944],[-93.5107,33.9465],[-93.5089,33.9457],[-93.5042,33.947],[-93.4995,33.9455],[-93.499,33.9465],[-93.5006,33.9473],[-93.5006,33.9487],[-93.4966,33.9475],[-93.4938,33.9487],[-93.4981,33.9537],[-93.4936,33.9544],[-93.4905,33.9567],[-93.4871,33.9546],[-93.4854,33.955],[-93.4844,33.9572],[-93.4823,33.9555],[-93.4795,33.9555],[-93.476,33.9518],[-93.4767,33.9563],[-93.4784,33.9562],[-93.4791,33.9574],[-93.4768,33.9595],[-93.4777,33.9613],[-93.4759,33.9623],[-93.4728,33.9607],[-93.4671,33.9642],[-93.467,33.9599],[-93.4652,33.9588],[-93.4596,33.9601],[-93.4606,33.9632],[-93.4571,33.9615],[-93.4609,33.8251],[-93.4712,33.8253],[-93.4728,33.7823],[-93.4395,33.7807],[-93.4289,33.7813],[-93.4296,33.7523],[-93.4254,33.7519],[-93.4257,33.7448],[-93.4214,33.7447],[-93.4218,33.7374],[-93.4089,33.7372],[-93.4088,33.7299],[-93.3954,33.7297],[-93.3959,33.7076],[-93.423,33.7081],[-93.423,33.7008],[-93.4139,33.7007],[-93.4142,33.6898],[-93.4322,33.6901],[-93.4321,33.6935],[-93.4758,33.6947],[-93.4753,33.7167],[-93.4929,33.7168],[-93.4929,33.7242],[-93.5279,33.7252],[-93.527,33.7544],[-93.5789,33.7558],[-93.579,33.7484],[-93.5847,33.7486],[-93.5845,33.756],[-93.5878,33.756],[-93.5877,33.7687],[-93.6137,33.7693],[-93.6138,33.7639],[-93.6182,33.7639],[-93.6179,33.7786],[-93.6133,33.7785],[-93.6127,33.8005],[-93.7054,33.8025],[-93.7081,33.8133],[-93.7081,33.8313],[-93.7178,33.8439],[-93.7197,33.8481],[-93.7373,33.8507],[-93.7449,33.8488],[-93.7444,33.867],[-93.7532,33.8671],[-93.753,33.8724],[-93.7836,33.8732],[-93.7834,33.8771],[-93.7748,33.8768],[-93.7744,33.8876],[-93.7918,33.8882],[-93.7924,33.8775],[-93.8057,33.8776],[-93.8089,33.8852],[-93.8009,33.8847],[-93.8003,33.9089],[-93.8088,33.9091],[-93.8087,33.914],[-93.7736,33.9131],[-93.7739,33.8986],[-93.752,33.8979],[-93.7521,33.8957],[-93.7461,33.8925],[-93.7463,33.8905],[-93.721,33.8896],[-93.7183,33.987],[-93.7178,33.9966]]]]}},{"type":"Feature","properties":{"leaid":"0511820","name":"Prescott School District","kind":"Unified","gradeLow":"PK","gradeHigh":"12","state":"AR"},"geometry":{"type":"Polygon","coordinates":[[[-93.3734,33.9571],[-93.3728,33.9546],[-93.3704,33.9533],[-93.3735,33.9525],[-93.3732,33.9509],[-93.3671,33.9525],[-93.3682,33.9489],[-93.3652,33.948],[-93.3624,33.945],[-93.3589,33.946],[-93.3611,33.9473],[-93.3608,33.9481],[-93.3578,33.9476],[-93.356,33.9456],[-93.3561,33.9397],[-93.3527,33.9372],[-93.3511,33.934],[-93.3463,33.9341],[-93.345,33.9368],[-93.3401,33.9347],[-93.3398,33.933],[-93.3422,33.9308],[-93.3395,33.9236],[-93.3363,33.9203],[-93.3385,33.9175],[-93.3379,33.9163],[-93.3252,33.9179],[-93.3208,33.9142],[-93.3208,33.9123],[-93.3235,33.9103],[-93.3222,33.9076],[-93.318,33.9057],[-93.3126,33.9067],[-93.311,33.9057],[-93.3117,33.9039],[-93.3084,33.9028],[-93.3061,33.8995],[-93.3014,33.897],[-93.2985,33.8917],[-93.2984,33.8863],[-93.3037,33.8849],[-93.3045,33.8825],[-93.3075,33.8815],[-93.3041,33.878],[-93.305,33.8735],[-93.3038,33.8689],[-93.2967,33.8597],[-93.2982,33.8556],[-93.2896,33.8441],[-93.2838,33.844],[-93.2781,33.8407],[-93.2746,33.8411],[-93.2744,33.8395],[-93.2775,33.8371],[-93.2763,33.8353],[-93.2728,33.8371],[-93.2689,33.8373],[-93.2691,33.8387],[-93.2667,33.8392],[-93.2609,33.8377],[-93.2605,33.8359],[-93.2655,33.8351],[-93.2647,33.8324],[-93.26,33.832],[-93.2578,33.8286],[-93.2488,33.8302],[-93.2437,33.8294],[-93.241,33.8242],[-93.2397,33.8243],[-93.2391,33.8264],[-93.2414,33.8292],[-93.2371,33.8297],[-93.2356,33.8314],[-93.2341,33.8304],[-93.2353,33.8271],[-93.2327,33.8264],[-93.2318,33.8293],[-93.2299,33.8296],[-93.2285,33.8284],[-93.2294,33.8264],[-93.2284,33.8255],[-93.2253,33.8274],[-93.2265,33.8306],[-93.2238,33.8284],[-93.2189,33.8288],[-93.218,33.8273],[-93.2182,33.8246],[-93.2203,33.823],[-93.2193,33.8216],[-93.2172,33.8217],[-93.2159,33.826],[-93.2147,33.8263],[-93.2138,33.8223],[-93.2107,33.8212],[-93.21,33.8187],[-93.2084,33.8199],[-93.2096,33.8225],[-93.2082,33.8229],[-93.2042,33.8201],[-93.199,33.8205],[-93.2005,33.8173],[-93.195,33.819],[-93.1947,33.8159],[-93.1916,33.8162],[-93.1905,33.8151],[-93.1919,33.8121],[-93.1898,33.8137],[-93.1868,33.8131],[-93.1882,33.8104],[-93.1847,33.8098],[-93.1863,33.8085],[-93.184,33.807],[-93.1857,33.8042],[-93.1795,33.8003],[-93.1763,33.8037],[-93.1741,33.804],[-93.1744,33.8068],[-93.1688,33.8068],[-93.1678,33.8041],[-93.1608,33.8087],[-93.1571,33.8136],[-93.1561,33.8135],[-93.1555,33.8099],[-93.153,33.8106],[-93.1464,33.8094],[-93.1471,33.812],[-93.1499,33.8117],[-93.1503,33.813],[-93.1438,33.8136],[-93.1421,33.8158],[-93.1403,33.8156],[-93.1369,33.8104],[-93.1339,33.8096],[-93.1274,33.7979],[-93.1286,33.7928],[-93.1155,33.7867],[-93.1148,33.7845],[-93.1104,33.7814],[-93.1127,33.7801],[-93.1121,33.779],[-93.1044,33.7771],[-93.1097,33.6281],[-93.1449,33.6278],[-93.1451,33.6205],[-93.1544,33.6207],[-93.1541,33.628],[-93.1619,33.6282],[-93.1618,33.6317],[-93.173,33.6319],[-93.1726,33.6392],[-93.1804,33.6394],[-93.1792,33.6409],[-93.1782,33.6606],[-93.187,33.6586],[-93.2053,33.659],[-93.2054,33.6676],[-93.213,33.6678],[-93.212,33.6952],[-93.2292,33.6957],[-93.228,33.7173],[-93.2457,33.7182],[-93.2453,33.7326],[-93.3346,33.7354],[-93.3346,33.7283],[-93.3478,33.7286],[-93.3479,33.7213],[-93.3955,33.7222],[-93.3954,33.7297],[-93.4088,33.7299],[-93.4089,33.7372],[-93.4218,33.7375],[-93.4214,33.7447],[-93.4257,33.7448],[-93.4254,33.7519],[-93.4296,33.7523],[-93.4289,33.7813],[-93.4395,33.7807],[-93.4728,33.7823],[-93.4712,33.8253],[-93.4609,33.8251],[-93.4567,33.9568],[-93.455,33.9568],[-93.4545,33.9594],[-93.4529,33.9609],[-93.4486,33.9579],[-93.4446,33.9596],[-93.4446,33.9564],[-93.443,33.9556],[-93.4401,33.9563],[-93.4402,33.9583],[-93.4389,33.9586],[-93.4337,33.9547],[-93.4314,33.9556],[-93.4307,33.9581],[-93.4276,33.9594],[-93.43,33.9549],[-93.4262,33.9557],[-93.4247,33.9523],[-93.4225,33.954],[-93.4196,33.954],[-93.4199,33.9525],[-93.4178,33.9515],[-93.4199,33.9498],[-93.4188,33.9488],[-93.417,33.9495],[-93.414,33.9537],[-93.4106,33.9525],[-93.41,33.9544],[-93.4074,33.9521],[-93.4058,33.9528],[-93.4036,33.9516],[-93.4016,33.9529],[-93.3996,33.9513],[-93.398,33.9559],[-93.3962,33.9527],[-93.3948,33.9549],[-93.3924,33.9539],[-93.3917,33.9514],[-93.3905,33.9529],[-93.3912,33.9545],[-93.3878,33.956],[-93.391,33.957],[-93.3909,33.9584],[-93.384,33.9574],[-93.3811,33.9593],[-93.3801,33.9566],[-93.3734,33.9571]]]}},{"type":"Feature","properties":{"leaid":"0500067","name":"Cleveland County School District","kind":"Unified","gradeLow":"PK","gradeHigh":"12","state":"AR"},"geometry":{"type":"Polygon","coordinates":[[[-92.0765,34.0635],[-92.0748,33.9765],[-92.1214,33.9765],[-92.121,33.953],[-92.0806,33.9523],[-92.081,33.9594],[-92.068,33.9593],[-92.0681,33.9233],[-92.0801,33.9232],[-92.0796,33.8778],[-92.0852,33.8778],[-92.0839,33.8764],[-92.084,33.8739],[-92.0806,33.8744],[-92.0798,33.8701],[-92.0774,33.8703],[-92.0775,33.8685],[-92.0787,33.8687],[-92.0772,33.8668],[-92.0787,33.8661],[-92.0748,33.8651],[-92.0753,33.8626],[-92.0456,33.8627],[-92.0453,33.8357],[-92.0277,33.8355],[-92.0281,33.7772],[-92.0321,33.7777],[-92.0397,33.7689],[-92.0492,33.7635],[-92.0554,33.7631],[-92.06,33.7603],[-92.0552,33.752],[-92.0564,33.7499],[-92.0593,33.7501],[-92.0596,33.7453],[-92.0584,33.7435],[-92.0541,33.7417],[-92.0577,33.7361],[-92.0535,33.7353],[-92.0509,33.733],[-92.0467,33.7268],[-92.0431,33.7246],[-92.0428,33.7218],[-92.0391,33.724],[-92.0378,33.7235],[-92.0388,33.7198],[-92.0446,33.717],[-92.0428,33.7135],[-92.0395,33.7115],[-92.0403,33.7095],[-92.0361,33.7047],[-92.2541,33.7055],[-92.254,33.6615],[-92.2714,33.6616],[-92.2713,33.6759],[-92.2993,33.6769],[-92.2992,33.6696],[-92.286,33.669],[-92.2859,33.6616],[-92.3034,33.6625],[-92.3036,33.677],[-92.3205,33.6777],[-92.322,33.6789],[-92.3201,33.6823],[-92.3208,33.6856],[-92.322,33.6859],[-92.3226,33.6891],[-92.3289,33.6945],[-92.3276,33.6969],[-92.3303,33.7007],[-92.3294,33.7018],[-92.331,33.7021],[-92.33,33.7031],[-92.3314,33.7046],[-92.3308,33.708],[-92.333,33.7111],[-92.3304,33.7223],[-92.3308,33.723],[-92.3334,33.722],[-92.3318,33.7248],[-92.3346,33.724],[-92.3335,33.7256],[-92.3365,33.7275],[-92.3329,33.7321],[-92.3377,33.7341],[-92.3375,33.7358],[-92.3395,33.7371],[-92.3381,33.7399],[-92.342,33.7431],[-92.3404,33.7438],[-92.3416,33.7459],[-92.3392,33.7474],[-92.3404,33.749],[-92.3383,33.7501],[-92.3394,33.7525],[-92.337,33.7545],[-92.3364,33.7574],[-92.3338,33.7584],[-92.3359,33.7606],[-92.333,33.7622],[-92.3342,33.764],[-92.3328,33.7648],[-92.3343,33.7659],[-92.3331,33.7681],[-92.331,33.7685],[-92.3317,33.771],[-92.3298,33.7706],[-92.3305,33.7717],[-92.3281,33.7732],[-92.3291,33.7751],[-92.3277,33.7758],[-92.3271,33.7779],[-92.3289,33.7806],[-92.3318,33.7814],[-92.3307,33.7837],[-92.3321,33.7853],[-92.3317,33.7885],[-92.3335,33.7945],[-92.3356,33.7954],[-92.3363,33.8003],[-92.3389,33.8021],[-92.3404,33.8015],[-92.3412,33.8044],[-92.3397,33.806],[-92.3374,33.8059],[-92.3389,33.8072],[-92.3355,33.8108],[-92.3368,33.811],[-92.3361,33.812],[-92.3377,33.8131],[-92.3364,33.8137],[-92.3374,33.8142],[-92.3374,33.8169],[-92.3396,33.818],[-92.3386,33.8185],[-92.3375,33.8233],[-92.3391,33.8228],[-92.3406,33.8246],[-92.3388,33.8261],[-92.3396,33.8273],[-92.3373,33.8283],[-92.3389,33.8287],[-92.3379,33.8303],[-92.3397,33.8315],[-92.3383,33.8326],[-92.3407,33.8335],[-92.3393,33.8337],[-92.3403,33.8347],[-92.3391,33.8356],[-92.3404,33.8355],[-92.3418,33.8402],[-92.3439,33.8419],[-92.3501,33.8418],[-92.3487,33.846],[-92.3503,33.8476],[-92.3534,33.8474],[-92.3534,33.8487],[-92.3514,33.8486],[-92.3517,33.8501],[-92.3539,33.8506],[-92.3533,33.8531],[-92.3565,33.8537],[-92.3598,33.8567],[-92.362,33.8565],[-92.3637,33.8578],[-92.3627,33.8601],[-92.3639,33.8593],[-92.3655,33.861],[-92.3669,33.8605],[-92.368,33.8626],[-92.3704,33.8624],[-92.3694,33.8631],[-92.3717,33.8648],[-92.3752,33.8646],[-92.376,33.868],[-92.3778,33.8669],[-92.3801,33.8674],[-92.3812,33.869],[-92.3804,33.8707],[-92.3831,33.873],[-92.3835,33.8763],[-92.3849,33.8769],[-92.3862,33.8757],[-92.3859,33.8783],[-92.3885,33.8791],[-92.3899,33.8834],[-92.3928,33.8828],[-92.3918,33.8843],[-92.3947,33.8849],[-92.3959,33.8869],[-92.3935,33.887],[-92.3957,33.8881],[-92.3936,33.8892],[-92.3962,33.8911],[-92.3945,33.8919],[-92.397,33.8955],[-92.3967,33.8986],[-92.398,33.8983],[-92.3982,33.9003],[-92.3988,33.8994],[-92.4005,33.9003],[-92.3984,33.9016],[-92.4006,33.9032],[-92.3982,33.9041],[-92.4001,33.9051],[-92.3991,33.9068],[-92.4006,33.9076],[-92.3989,33.9083],[-92.4003,33.9093],[-92.3995,33.9099],[-92.4006,33.9134],[-92.4042,33.9156],[-92.4056,33.9147],[-92.4105,33.9169],[-92.409,33.9177],[-92.4112,33.9194],[-92.4091,33.9215],[-92.4109,33.9243],[-92.4101,33.9256],[-92.4128,33.9253],[-92.4125,33.9263],[-92.4144,33.9276],[-92.4129,33.929],[-92.4147,33.9304],[-92.4142,33.9311],[-92.42,33.9347],[-92.4218,33.9409],[-92.4253,33.9417],[-92.4273,33.9441],[-92.4309,33.9431],[-92.4299,33.9441],[-92.4316,33.9462],[-92.4364,33.9465],[-92.4348,33.9472],[-92.4362,33.9481],[-92.4348,33.9482],[-92.4357,33.9491],[-92.4337,33.95],[-92.4357,33.9514],[-92.4367,33.9501],[-92.4376,33.9516],[-92.4364,33.9521],[-92.4383,33.9542],[-92.4395,33.9542],[-92.4396,33.9523],[-92.4432,33.9529],[-92.441,33.9546],[-92.4437,33.9548],[-92.4438,33.9561],[-92.4412,33.9555],[-92.4435,33.9571],[-92.4441,33.9591],[-92.4521,33.9612],[-92.4519,33.9641],[-92.4551,33.9661],[-92.4536,33.967],[-92.4559,33.9674],[-92.4544,33.9685],[-92.4575,33.9695],[-92.4561,33.9725],[-92.4756,33.9727],[-92.4724,34.0381],[-92.3826,34.0368],[-92.3817,34.0587],[-92.1634,34.0638],[-92.0765,34.0635]],[[-92.3979,33.99],[-92.3976,33.9936],[-92.4152,33.9941],[-92.4155,33.9904],[-92.4109,33.9902],[-92.4127,33.9649],[-92.382,33.9647],[-92.3808,33.9718],[-92.4034,33.9719],[-92.4029,33.9792],[-92.3985,33.9792],[-92.398,33.9861],[-92.4023,33.9865],[-92.4022,33.9901],[-92.3979,33.99]]]}},{"type":"Feature","properties":{"leaid":"0507710","name":"Hermitage School District","kind":"Unified","gradeLow":"PK","gradeHigh":"12","state":"AR"},"geometry":{"type":"MultiPolygon","coordinates":[[[[-92.2192,33.5812],[-92.2192,33.5776],[-92.2017,33.5776],[-92.2018,33.5739],[-92.1756,33.5737],[-92.1757,33.5665],[-92.1843,33.5665],[-92.1843,33.5592],[-92.1497,33.559],[-92.15,33.5042],[-92.137,33.5043],[-92.1369,33.5116],[-92.1282,33.5116],[-92.1281,33.5152],[-92.1149,33.5149],[-92.1151,33.5299],[-92.0082,33.5297],[-92.0095,33.526],[-92.0086,33.5229],[-92.005,33.5199],[-92.0025,33.5198],[-92.0054,33.5165],[-91.9995,33.5153],[-91.9999,33.5133],[-92.0063,33.5112],[-92.0004,33.5084],[-92.0011,33.5061],[-91.999,33.5004],[-92.0081,33.4943],[-92.0089,33.4866],[-92.0055,33.48],[-92.0022,33.4792],[-92.0027,33.4772],[-92.0005,33.4767],[-92.0,33.4732],[-92.0017,33.4711],[-92.0093,33.467],[-92.0093,33.4637],[-92.013,33.4581],[-92.0151,33.4571],[-92.0148,33.4522],[-92.0113,33.446],[-91.9987,33.4413],[-91.9961,33.4421],[-91.9947,33.4378],[-91.9921,33.4365],[-92.0005,33.4271],[-91.9991,33.4206],[-92.0022,33.416],[-92.0002,33.4113],[-91.9949,33.4056],[-91.9885,33.3957],[-91.9869,33.3872],[-91.9753,33.3855],[-91.967,33.3814],[-91.961,33.38],[-91.9597,33.3785],[-91.9612,33.3757],[-91.97,33.3681],[-91.97,33.3653],[-91.9669,33.3576],[-91.9716,33.35],[-91.978,33.3465],[-91.9832,33.3457],[-91.9893,33.3483],[-91.9864,33.3428],[-91.9872,33.34],[-91.9782,33.3306],[-91.9759,33.327],[-91.9766,33.3243],[-91.9757,33.3219],[-91.9733,33.3204],[-91.9764,33.3165],[-91.9747,33.3136],[-91.9782,33.3108],[-91.9756,33.3072],[-91.9783,33.3037],[-91.9771,33.3019],[-91.9819,33.2986],[-91.9837,33.3],[-91.987,33.2987],[-91.9885,33.3005],[-91.9944,33.298],[-91.9962,33.2991],[-91.9923,33.301],[-91.9952,33.3029],[-91.9938,33.3044],[-92.001,33.304],[-92.0092,33.2972],[-92.001,33.2867],[-92.0043,33.2834],[-92.0069,33.2822],[-92.0072,33.285],[-92.0102,33.285],[-92.0129,33.2827],[-92.0225,33.279],[-92.0231,33.2758],[-92.0263,33.2745],[-92.0282,33.2759],[-92.0271,33.2792],[-92.0305,33.2827],[-92.0387,33.2783],[-92.0418,33.2783],[-92.0422,33.2765],[-92.04,33.2726],[-92.0368,33.2716],[-92.0365,33.2679],[-92.0374,33.266],[-92.0401,33.2658],[-92.0413,33.2677],[-92.044,33.2676],[-92.0482,33.2634],[-92.0486,33.2619],[-92.0445,33.2567],[-92.0492,33.2564],[-92.0506,33.2533],[-92.0523,33.2528],[-92.0571,33.2547],[-92.0583,33.256],[-92.0573,33.2574],[-92.0591,33.2576],[-92.0639,33.2548],[-92.0648,33.2496],[-92.0669,33.2503],[-92.0679,33.253],[-92.071,33.2505],[-92.0732,33.2511],[-92.0738,33.2474],[-92.0704,33.2466],[-92.0696,33.2423],[-92.0707,33.239],[-92.0728,33.2382],[-92.0743,33.2411],[-92.0771,33.2397],[-92.0781,33.237],[-92.0815,33.2377],[-92.0847,33.2409],[-92.0887,33.2386],[-92.0903,33.235],[-92.0855,33.2333],[-92.0882,33.2314],[-92.0883,33.2262],[-92.0941,33.2212],[-92.1032,33.2184],[-92.1044,33.219],[-92.1044,33.2239],[-92.1095,33.2233],[-92.1104,33.2215],[-92.1161,33.2232],[-92.1149,33.2189],[-92.1171,33.216],[-92.1132,33.2126],[-92.1144,33.2077],[-92.1181,33.2054],[-92.1225,33.206],[-92.123,33.2084],[-92.1281,33.2092],[-92.1293,33.2064],[-92.1284,33.2045],[-92.1332,33.2012],[-92.1328,33.198],[-92.1354,33.1972],[-92.1364,33.1952],[-92.1357,33.191],[-92.1387,33.1883],[-92.1346,33.1864],[-92.1326,33.1869],[-92.1313,33.1892],[-92.1293,33.1876],[-92.1286,33.1824],[-92.133,33.1845],[-92.1351,33.1836],[-92.1291,33.1804],[-92.1317,33.1793],[-92.1338,33.176],[-92.1308,33.1736],[-92.1315,33.1707],[-92.1375,33.1629],[-92.1401,33.1636],[-92.146,33.1613],[-92.1479,33.1617],[-92.1487,33.1634],[-92.1451,33.1683],[-92.1502,33.1704],[-92.1542,33.1681],[-92.1615,33.1684],[-92.1591,33.163],[-92.1605,33.1616],[-92.1645,33.1613],[-92.172,33.164],[-92.1714,33.1658],[-92.1639,33.1699],[-92.1627,33.1727],[-92.1648,33.1768],[-92.1687,33.1791],[-92.1678,33.185],[-92.1694,33.1849],[-92.1724,33.182],[-92.1745,33.1824],[-92.1729,33.1896],[-92.1744,33.1898],[-92.1785,33.1865],[-92.1818,33.1881],[-92.1798,33.193],[-92.1741,33.1946],[-92.1794,33.1985],[-92.1781,33.2066],[-92.1797,33.2139],[-92.182,33.2134],[-92.1871,33.2048],[-92.1963,33.2016],[-92.202,33.2051],[-92.2097,33.2018],[-92.2158,33.2098],[-92.2216,33.2091],[-92.2235,33.2102],[-92.2248,33.2158],[-92.2229,33.2214],[-92.2124,33.2233],[-92.2108,33.2253],[-92.2131,33.227],[-92.2218,33.2273],[-92.2317,33.2311],[-92.2341,33.2332],[-92.2337,33.2353],[-92.2282,33.239],[-92.2256,33.2424],[-92.2241,33.2513],[-92.225,33.2537],[-92.2368,33.2586],[-92.239,33.2576],[-92.2394,33.2525],[-92.2439,33.2502],[-92.251,33.2524],[-92.256,33.2571],[-92.2678,33.2548],[-92.268,33.2632],[-92.2709,33.2666],[-92.2794,33.2684],[-92.2865,33.2636],[-92.2931,33.2646],[-92.2938,33.266],[-92.2911,33.2744],[-92.2936,33.2792],[-92.2975,33.281],[-92.3013,33.2783],[-92.3029,33.2728],[-92.3094,33.2739],[-92.3126,33.2728],[-92.3128,33.2713],[-92.3085,33.2667],[-92.3107,33.2637],[-92.3156,33.2617],[-92.3254,33.2622],[-92.3268,33.2631],[-92.3249,33.2671],[-92.3277,33.272],[-92.3276,33.2796],[-92.3294,33.2797],[-92.3334,33.2765],[-92.337,33.2756],[-92.3456,33.2815],[-92.3586,33.2814],[-92.3593,33.2825],[-92.3582,33.2885],[-92.3556,33.2918],[-92.3515,33.2937],[-92.3503,33.2963],[-92.352,33.3031],[-92.3581,33.3073],[-92.3657,33.3058],[-92.3697,33.3112],[-92.3789,33.3151],[-92.3776,33.3169],[-92.3801,33.3255],[-92.3794,33.3303],[-92.3803,33.3323],[-92.3779,33.3341],[-92.3768,33.3372],[-92.3823,33.3387],[-92.3817,33.3464],[-92.3805,33.3515],[-92.3766,33.3561],[-92.3782,33.3586],[-92.3758,33.3655],[-92.3719,33.3672],[-92.3768,33.3732],[-92.3762,33.377],[-92.3743,33.3786],[-92.3689,33.3793],[-92.3678,33.3807],[-92.3632,33.3783],[-92.3599,33.3797],[-92.3588,33.3825],[-92.36,33.3848],[-92.3558,33.3945],[-92.3567,33.3965],[-92.356,33.4009],[-92.3517,33.4044],[-92.3507,33.4078],[-92.346,33.4132],[-92.3414,33.4146],[-92.3401,33.4206],[-92.3372,33.4229],[-92.3388,33.4238],[-92.3406,33.4302],[-92.3341,33.4409],[-92.3281,33.4435],[-92.3289,33.4454],[-92.3267,33.4526],[-92.3297,33.4564],[-92.3215,33.4672],[-92.3218,33.4682],[-92.32,33.4692],[-92.3191,33.4749],[-92.3211,33.4765],[-92.3207,33.4796],[-92.3226,33.4813],[-92.3224,33.4859],[-92.3212,33.4868],[-92.3194,33.4858],[-92.3164,33.4888],[-92.3179,33.4892],[-92.3175,33.4911],[-92.3135,33.4929],[-92.3131,33.4974],[-92.311,33.4999],[-92.3118,33.5028],[-92.2715,33.5008],[-92.2715,33.4766],[-92.2529,33.4765],[-92.2529,33.4718],[-92.2019,33.4718],[-92.2019,33.5155],[-92.2537,33.5155],[-92.2536,33.5303],[-92.2203,33.5305],[-92.2217,33.536],[-92.2258,33.5359],[-92.2248,33.5377],[-92.2268,33.538],[-92.2268,33.5396],[-92.2293,33.5396],[-92.2299,33.5421],[-92.2324,33.543],[-92.2308,33.5436],[-92.232,33.5451],[-92.2301,33.5454],[-92.2322,33.547],[-92.2315,33.5541],[-92.2337,33.5563],[-92.2338,33.5583],[-92.236,33.5592],[-92.2376,33.5642],[-92.2317,33.5704],[-92.2385,33.5715],[-92.2397,33.5727],[-92.2392,33.5742],[-92.2235,33.5739],[-92.2236,33.5812],[-92.2192,33.5812]]],[[[-92.2821,33.5885],[-92.2822,33.5595],[-92.2788,33.5595],[-92.2787,33.5449],[-92.2857,33.545],[-92.2859,33.5376],[-92.2716,33.5376],[-92.2711,33.5303],[-92.3213,33.5326],[-92.3222,33.5336],[-92.3212,33.5366],[-92.319,33.5383],[-92.3187,33.5412],[-92.3169,33.5417],[-92.3171,33.5499],[-92.314,33.5512],[-92.3183,33.5579],[-92.3192,33.5645],[-92.3221,33.5676],[-92.3232,33.5672],[-92.323,33.5693],[-92.3245,33.5693],[-92.3259,33.5711],[-92.3242,33.5723],[-92.3219,33.5808],[-92.3225,33.5821],[-92.3208,33.585],[-92.3216,33.5869],[-92.2856,33.5853],[-92.2856,33.5886],[-92.2821,33.5885]]]]}},{"type":"Feature","properties":{"leaid":"0500070","name":"Cedar Ridge School District","kind":"Unified","gradeLow":"PK","gradeHigh":"12","state":"AR"},"geometry":{"type":"Polygon","coordinates":[[[-91.4017,35.9058],[-91.3569,35.9056],[-91.3576,35.8567],[-91.3551,35.8578],[-91.3525,35.8629],[-91.3435,35.8574],[-91.3387,35.8587],[-91.3376,35.8634],[-91.3331,35.8626],[-91.3299,35.8635],[-91.3263,35.8718],[-91.3137,35.8709],[-91.3112,35.8694],[-91.307,35.8777],[-91.3015,35.8784],[-91.2973,35.8762],[-91.2972,35.8777],[-91.2954,35.879],[-91.2923,35.8789],[-91.2896,35.8813],[-91.2875,35.8806],[-91.285,35.8822],[-91.2827,35.8801],[-91.2802,35.881],[-91.2804,35.8791],[-91.2771,35.8801],[-91.2741,35.8759],[-91.2753,35.8749],[-91.273,35.8716],[-91.2478,35.8712],[-91.2475,35.8908],[-91.1986,35.89],[-91.2029,35.8878],[-91.199,35.8864],[-91.1977,35.8842],[-91.205,35.8848],[-91.211,35.8831],[-91.2049,35.8736],[-91.2074,35.8718],[-91.2104,35.8734],[-91.2111,35.8791],[-91.2126,35.8815],[-91.216,35.8824],[-91.2185,35.8808],[-91.2184,35.8785],[-91.2148,35.8732],[-91.2145,35.8681],[-91.2097,35.8627],[-91.2128,35.8583],[-91.2194,35.8569],[-91.2216,35.8517],[-91.2178,35.8492],[-91.2109,35.8525],[-91.2085,35.8511],[-91.2088,35.8493],[-91.2223,35.8466],[-91.2285,35.8434],[-91.2314,35.8367],[-91.2356,35.8332],[-91.244,35.8349],[-91.2483,35.8336],[-91.2469,35.8287],[-91.2412,35.8287],[-91.2375,35.8259],[-91.2323,35.8245],[-91.2336,35.8226],[-91.2385,35.8229],[-91.2394,35.8212],[-91.2377,35.8174],[-91.2312,35.8163],[-91.2306,35.8139],[-91.2345,35.8124],[-91.247,35.8126],[-91.2546,35.8079],[-91.2595,35.8111],[-91.2612,35.804],[-91.2493,35.803],[-91.2471,35.8013],[-91.2478,35.799],[-91.2582,35.7967],[-91.2624,35.7931],[-91.2686,35.7916],[-91.2712,35.7882],[-91.2774,35.7928],[-91.281,35.792],[-91.2824,35.789],[-91.2818,35.7849],[-91.2875,35.783],[-91.2883,35.781],[-91.2852,35.776],[-91.2808,35.7758],[-91.2801,35.7743],[-91.2834,35.7731],[-91.2909,35.7731],[-91.2921,35.7706],[-91.2896,35.767],[-91.291,35.7656],[-91.3027,35.7669],[-91.3124,35.765],[-91.3132,35.763],[-91.3103,35.7588],[-91.3107,35.757],[-91.3186,35.7563],[-91.3181,35.7492],[-91.3258,35.7476],[-91.3288,35.7431],[-91.3334,35.7402],[-91.3327,35.7378],[-91.3285,35.7358],[-91.3276,35.7309],[-91.3288,35.728],[-91.3334,35.725],[-91.3323,35.7182],[-91.3404,35.7123],[-91.3431,35.7146],[-91.3426,35.7203],[-91.3468,35.7209],[-91.3484,35.7192],[-91.3476,35.7141],[-91.3485,35.712],[-91.3539,35.7095],[-91.3521,35.7052],[-91.3562,35.7018],[-91.3556,35.6954],[-91.3489,35.6913],[-91.3469,35.6876],[-91.3473,35.6799],[-91.3526,35.6797],[-91.3533,35.6784],[-91.348,35.6739],[-91.3426,35.6721],[-91.3442,35.6691],[-91.3471,35.6671],[-91.347,35.6653],[-91.3447,35.6644],[-91.3401,35.6655],[-91.3381,35.6639],[-91.3379,35.6605],[-91.3411,35.6556],[-91.3402,35.6523],[-91.3373,35.6504],[-91.3318,35.6494],[-91.3287,35.6467],[-91.3229,35.6475],[-91.3222,35.6457],[-91.3235,35.6416],[-91.3212,35.6395],[-91.3226,35.6378],[-91.3255,35.6371],[-91.3375,35.6396],[-91.3469,35.6363],[-91.3597,35.6422],[-91.3689,35.64],[-91.3697,35.5264],[-91.5334,35.5288],[-91.5325,35.572],[-91.5453,35.5722],[-91.5437,35.6165],[-91.5251,35.6167],[-91.5243,35.6588],[-91.5065,35.6585],[-91.5066,35.6699],[-91.5123,35.6755],[-91.5161,35.6774],[-91.5164,35.6804],[-91.4979,35.6839],[-91.4954,35.6852],[-91.4939,35.6886],[-91.4946,35.6903],[-91.4975,35.6911],[-91.5052,35.6908],[-91.5095,35.6919],[-91.5236,35.7063],[-91.5234,35.73],[-91.4964,35.7296],[-91.4967,35.7186],[-91.4911,35.7184],[-91.4872,35.7185],[-91.4872,35.7295],[-91.4694,35.7293],[-91.4696,35.7149],[-91.4605,35.7147],[-91.4586,35.7744],[-91.4683,35.7745],[-91.4677,35.8146],[-91.4821,35.8146],[-91.4913,35.8129],[-91.4923,35.816],[-91.4961,35.816],[-91.496,35.8111],[-91.5038,35.8104],[-91.5125,35.8066],[-91.5139,35.8044],[-91.5575,35.8051],[-91.5575,35.8199],[-91.5396,35.8197],[-91.5394,35.8269],[-91.5303,35.8268],[-91.5301,35.8344],[-91.5259,35.8343],[-91.5257,35.8477],[-91.5257,35.8489],[-91.5303,35.8489],[-91.5302,35.8564],[-91.5212,35.8563],[-91.521,35.8637],[-91.5033,35.8628],[-91.5026,35.893],[-91.4845,35.893],[-91.4847,35.8773],[-91.4656,35.8789],[-91.4661,35.8704],[-91.4302,35.8691],[-91.4299,35.8918],[-91.4164,35.8916],[-91.4158,35.9056],[-91.4294,35.9066],[-91.4289,35.9212],[-91.4188,35.9205],[-91.4191,35.9128],[-91.4015,35.9128],[-91.4017,35.9058]]]}},{"type":"Feature","properties":{"leaid":"0509720","name":"Melbourne School District","kind":"Unified","gradeLow":"PK","gradeHigh":"12","state":"AR"},"geometry":{"type":"Polygon","coordinates":[[[-91.7516,36.1025],[-91.74,36.0832],[-91.7329,36.0745],[-91.7307,36.0692],[-91.7304,36.0598],[-91.7266,36.0598],[-91.7265,36.0405],[-91.709,36.0407],[-91.7092,36.0359],[-91.7003,36.0358],[-91.7004,36.0306],[-91.7224,36.0306],[-91.7224,36.0269],[-91.7268,36.0268],[-91.7269,36.0157],[-91.7094,36.0157],[-91.7093,36.0085],[-91.7049,36.0084],[-91.7051,36.0009],[-91.6822,36.0006],[-91.6823,35.9969],[-91.6915,35.9971],[-91.6918,35.9822],[-91.7005,35.9823],[-91.7009,35.9756],[-91.7096,35.976],[-91.7105,35.9418],[-91.7534,35.9428],[-91.8495,35.8673],[-91.8542,35.8769],[-91.8607,35.8812],[-91.8671,35.8822],[-91.8847,35.88],[-91.896,35.8825],[-91.9032,35.8897],[-91.9133,35.8953],[-91.9209,35.9021],[-91.9364,35.9121],[-91.9565,35.9344],[-91.968,35.9401],[-91.9773,35.9407],[-91.9856,35.9381],[-91.9935,35.9283],[-92.0013,35.9215],[-92.0089,35.9176],[-92.0166,35.9162],[-92.0208,35.9172],[-92.0264,35.9211],[-92.028,35.9247],[-92.028,35.9324],[-92.0298,35.9389],[-92.0378,35.9447],[-92.0471,35.9438],[-92.0563,35.9362],[-92.0684,35.9298],[-92.0894,35.926],[-92.0976,35.9269],[-92.1048,35.9292],[-92.109,35.9319],[-92.1127,35.937],[-92.1131,35.9426],[-92.1096,35.9516],[-92.0933,35.959],[-92.0851,35.9664],[-92.0834,35.9716],[-92.0832,35.9788],[-92.0842,35.9836],[-92.0878,35.9898],[-92.0553,35.9892],[-92.0548,36.0036],[-92.0373,36.0033],[-92.0367,36.0247],[-92.0453,36.0249],[-92.0451,36.0322],[-92.0362,36.032],[-92.0362,36.0355],[-92.0318,36.0354],[-92.0317,36.039],[-92.0273,36.0389],[-92.0272,36.0462],[-92.036,36.0463],[-92.0359,36.0752],[-92.018,36.075],[-92.018,36.0893],[-92.0091,36.0894],[-92.0079,36.1295],[-91.9533,36.1287],[-91.9533,36.1321],[-91.9447,36.132],[-91.9447,36.1286],[-91.9401,36.1285],[-91.9402,36.1249],[-91.9356,36.1248],[-91.9361,36.1174],[-91.9271,36.1173],[-91.9277,36.0983],[-91.9005,36.0979],[-91.9004,36.1024],[-91.8958,36.1023],[-91.8956,36.1099],[-91.8402,36.1089],[-91.8401,36.116],[-91.8044,36.1153],[-91.794,36.117],[-91.7946,36.1021],[-91.785,36.1037],[-91.785,36.1018],[-91.7695,36.1019],[-91.7689,36.1176],[-91.7603,36.1172],[-91.7605,36.1022],[-91.7516,36.1025]]]}},{"type":"Feature","properties":{"leaid":"0500071","name":"Hillcrest School District","kind":"Unified","gradeLow":"PK","gradeHigh":"12","state":"AR"},"geometry":{"type":"Polygon","coordinates":[[[-91.3988,36.0024],[-91.4075,36.0025],[-91.4074,36.0098],[-91.4168,36.0098],[-91.4169,36.0172],[-91.4194,36.0174],[-91.4202,36.0099],[-91.4253,36.01],[-91.4254,36.0045],[-91.4323,36.0046],[-91.4326,36.001],[-91.4224,36.0008],[-91.4228,35.9955],[-91.4625,35.9959],[-91.4626,36.0031],[-91.5164,36.0036],[-91.5164,36.0251],[-91.5432,36.027],[-91.5432,36.0304],[-91.5389,36.0303],[-91.5387,36.0339],[-91.5432,36.034],[-91.5431,36.0414],[-91.552,36.0416],[-91.552,36.0462],[-91.5517,36.0489],[-91.5428,36.0487],[-91.5424,36.0631],[-91.5525,36.0626],[-91.5513,36.0594],[-91.5601,36.0597],[-91.5594,36.0679],[-91.5422,36.0677],[-91.5418,36.0786],[-91.5307,36.0784],[-91.5305,36.0865],[-91.5263,36.0864],[-91.525,36.0878],[-91.5181,36.0892],[-91.5151,36.0919],[-91.5124,36.0916],[-91.5121,36.1009],[-91.4839,36.1006],[-91.4838,36.1068],[-91.4683,36.1066],[-91.4683,36.1148],[-91.4745,36.1148],[-91.4742,36.1298],[-91.4638,36.1299],[-91.4638,36.1368],[-91.4738,36.1371],[-91.4737,36.1393],[-91.468,36.1391],[-91.468,36.1444],[-91.4734,36.1443],[-91.4728,36.1605],[-91.4666,36.1604],[-91.4665,36.1644],[-91.459,36.1643],[-91.4587,36.1745],[-91.4392,36.1742],[-91.4378,36.1784],[-91.4327,36.1844],[-91.4223,36.1877],[-91.4141,36.1985],[-91.4071,36.2029],[-91.403,36.2039],[-91.3948,36.2118],[-91.3882,36.2158],[-91.3855,36.2196],[-91.3859,36.2277],[-91.3835,36.23],[-91.3809,36.2312],[-91.3499,36.2301],[-91.3521,36.1577],[-91.3485,36.1576],[-91.3487,36.1474],[-91.3105,36.1457],[-91.3109,36.1401],[-91.2611,36.1387],[-91.2615,36.1242],[-91.2257,36.1239],[-91.226,36.1158],[-91.2174,36.1156],[-91.2173,36.1237],[-91.208,36.1235],[-91.2083,36.1156],[-91.1899,36.1156],[-91.1915,36.065],[-91.1742,36.0649],[-91.1736,36.0378],[-91.1703,36.0378],[-91.1711,35.999],[-91.1726,35.9929],[-91.1703,35.9883],[-91.1641,35.9905],[-91.1614,35.9899],[-91.1628,35.9797],[-91.1645,35.9775],[-91.1714,35.9766],[-91.177,35.9728],[-91.1858,35.9722],[-91.1852,35.968],[-91.1864,35.9667],[-91.193,35.9684],[-91.1919,35.9613],[-91.1928,35.9592],[-91.2002,35.9583],[-91.2032,35.9529],[-91.2013,35.9471],[-91.2143,35.9463],[-91.2102,35.9382],[-91.2047,35.9388],[-91.201,35.9422],[-91.1996,35.9419],[-91.2008,35.9378],[-91.2062,35.9347],[-91.2056,35.9319],[-91.2022,35.9291],[-91.1981,35.9278],[-91.1975,35.9237],[-91.1902,35.924],[-91.1875,35.9219],[-91.1897,35.9186],[-91.1944,35.9185],[-91.1994,35.9215],[-91.2022,35.9207],[-91.2009,35.9183],[-91.1943,35.9156],[-91.1936,35.9138],[-91.196,35.9103],[-91.1946,35.9062],[-91.1918,35.9045],[-91.1859,35.9044],[-91.1939,35.9011],[-91.1986,35.89],[-91.2475,35.8908],[-91.2478,35.8712],[-91.273,35.8716],[-91.2753,35.8749],[-91.2741,35.8759],[-91.2771,35.8801],[-91.2804,35.8791],[-91.2802,35.881],[-91.2827,35.8801],[-91.285,35.8822],[-91.2875,35.8806],[-91.2896,35.8813],[-91.2923,35.8789],[-91.2954,35.879],[-91.2972,35.8777],[-91.2973,35.8762],[-91.3015,35.8784],[-91.307,35.8777],[-91.3112,35.8694],[-91.3137,35.8709],[-91.3263,35.8718],[-91.3299,35.8635],[-91.3331,35.8626],[-91.3376,35.8634],[-91.3387,35.8587],[-91.3435,35.8574],[-91.3525,35.8629],[-91.3551,35.8578],[-91.3576,35.8567],[-91.3569,35.9056],[-91.3936,35.9063],[-91.3929,35.921],[-91.4091,35.9198],[-91.4086,35.9348],[-91.4188,35.9356],[-91.4184,35.9583],[-91.4034,35.9575],[-91.3967,35.959],[-91.3971,35.9699],[-91.3994,35.9727],[-91.4071,35.9736],[-91.407,35.9773],[-91.3915,35.977],[-91.3902,35.9948],[-91.399,35.9951],[-91.3988,36.0024]],[[-91.3988,36.0024],[-91.3807,36.0022],[-91.3804,36.0059],[-91.3894,36.006],[-91.3894,36.0097],[-91.3757,36.0098],[-91.3756,36.0135],[-91.3665,36.0135],[-91.3665,36.0173],[-91.3748,36.0189],[-91.3763,36.026],[-91.3799,36.0306],[-91.3867,36.0261],[-91.3868,36.0242],[-91.389,36.0242],[-91.3892,36.017],[-91.3925,36.0162],[-91.3983,36.0117],[-91.3988,36.0024]]]}},{"type":"Feature","properties":{"leaid":"0500072","name":"Deer/Mount Judea School District","kind":"Unified","gradeLow":"PK","gradeHigh":"12","state":"AR"},"geometry":{"type":"Polygon","coordinates":[[[-93.0994,35.96],[-93.0464,35.9582],[-93.0467,35.9437],[-93.0306,35.9434],[-93.0288,35.9871],[-93.0112,35.987],[-93.011,35.9937],[-93.01,35.9942],[-92.976,35.9939],[-92.9762,35.9714],[-92.9414,35.9707],[-92.9465,35.8129],[-92.9495,35.813],[-92.9514,35.7246],[-93.237,35.7302],[-93.2378,35.7156],[-93.3011,35.7159],[-93.299,35.7184],[-93.3007,35.7303],[-93.3791,35.7307],[-93.3779,35.7671],[-93.4136,35.7675],[-93.413,35.7893],[-93.4471,35.7905],[-93.4466,35.8137],[-93.4302,35.8131],[-93.4289,35.8219],[-93.4377,35.8221],[-93.437,35.8364],[-93.4202,35.8361],[-93.4183,35.8649],[-93.4177,35.9156],[-93.3646,35.9142],[-93.3633,35.9434],[-93.3678,35.9437],[-93.3677,35.9473],[-93.3722,35.9474],[-93.3722,35.9508],[-93.3804,35.951],[-93.3785,35.9946],[-93.3438,35.9938],[-93.3472,35.9141],[-93.3292,35.9137],[-93.3297,35.9069],[-93.3119,35.9065],[-93.3127,35.892],[-93.3037,35.8915],[-93.3033,35.9023],[-93.2944,35.9018],[-93.2926,35.9346],[-93.2482,35.933],[-93.2488,35.9259],[-93.2445,35.9257],[-93.2456,35.904],[-93.2422,35.9037],[-93.2422,35.8971],[-93.2246,35.8973],[-93.223,35.9256],[-93.2056,35.9262],[-93.2052,35.9333],[-93.1512,35.9334],[-93.1509,35.9475],[-93.1346,35.9467],[-93.1345,35.9541],[-93.1509,35.955],[-93.1508,35.9625],[-93.1172,35.9607],[-93.1174,35.9534],[-93.0996,35.9529],[-93.0994,35.96]]]}},{"type":"Feature","properties":{"leaid":"0506150","name":"Flippin School District","kind":"Unified","gradeLow":"PK","gradeHigh":"12","state":"AR"},"geometry":{"type":"Polygon","coordinates":[[[-92.6378,36.4618],[-92.638,36.4542],[-92.6437,36.4501],[-92.6544,36.4461],[-92.6618,36.4383],[-92.6637,36.4321],[-92.6619,36.4265],[-92.6513,36.4154],[-92.6455,36.4121],[-92.6381,36.411],[-92.6291,36.4128],[-92.6199,36.4121],[-92.6092,36.4082],[-92.595,36.3989],[-92.572,36.3935],[-92.5597,36.3971],[-92.5544,36.3961],[-92.5514,36.3937],[-92.5495,36.3869],[-92.5522,36.3798],[-92.5738,36.3669],[-92.592,36.3591],[-92.5951,36.3561],[-92.5948,36.3533],[-92.5927,36.35],[-92.5857,36.345],[-92.5782,36.3423],[-92.5518,36.3488],[-92.5326,36.3507],[-92.5282,36.3461],[-92.5295,36.3386],[-92.5322,36.3317],[-92.5358,36.3291],[-92.5406,36.3296],[-92.5529,36.3365],[-92.5627,36.334],[-92.5705,36.3241],[-92.5751,36.3079],[-92.5733,36.3062],[-92.57,36.3058],[-92.5517,36.3135],[-92.5478,36.3138],[-92.5384,36.3102],[-92.5247,36.3008],[-92.5235,36.2962],[-92.525,36.2877],[-92.5286,36.2824],[-92.5431,36.2693],[-92.5445,36.2658],[-92.5427,36.2629],[-92.5348,36.2634],[-92.5276,36.2678],[-92.5216,36.269],[-92.5076,36.2647],[-92.4992,36.2584],[-92.4942,36.2563],[-92.4763,36.2573],[-92.4706,36.2551],[-92.4693,36.2509],[-92.4759,36.2418],[-92.4765,36.2279],[-92.4698,36.2221],[-92.4607,36.2209],[-92.459,36.216],[-92.4664,36.2105],[-92.4725,36.2085],[-92.4785,36.2024],[-92.4804,36.1994],[-92.4794,36.1941],[-92.4695,36.1819],[-92.454,36.1742],[-92.4419,36.1643],[-92.4388,36.1647],[-92.4327,36.1684],[-92.4319,36.1718],[-92.4259,36.1783],[-92.4258,36.1752],[-92.4296,36.1689],[-92.4282,36.1636],[-92.426,36.1624],[-92.4128,36.1626],[-92.4078,36.1581],[-92.407,36.1548],[-92.4087,36.1494],[-92.4264,36.1495],[-92.4268,36.1349],[-92.4091,36.1347],[-92.4105,36.092],[-92.4817,36.0924],[-92.4796,36.165],[-92.4973,36.1656],[-92.4973,36.1796],[-92.5157,36.1798],[-92.5154,36.1908],[-92.5476,36.1911],[-92.5477,36.1876],[-92.5408,36.1875],[-92.541,36.1839],[-92.5613,36.1842],[-92.5613,36.1879],[-92.5636,36.188],[-92.5637,36.1915],[-92.5869,36.1921],[-92.5863,36.2301],[-92.5909,36.2301],[-92.5908,36.2327],[-92.5962,36.2327],[-92.5961,36.2396],[-92.6027,36.2397],[-92.6021,36.2469],[-92.6064,36.2469],[-92.6061,36.2543],[-92.6103,36.2544],[-92.6101,36.2606],[-92.6112,36.2609],[-92.6101,36.2609],[-92.61,36.2634],[-92.6117,36.2635],[-92.6118,36.2617],[-92.6145,36.2617],[-92.6134,36.2653],[-92.6188,36.2655],[-92.6191,36.2582],[-92.6327,36.2584],[-92.6328,36.2548],[-92.6282,36.2547],[-92.6284,36.2493],[-92.6362,36.2495],[-92.6362,36.2404],[-92.6554,36.2405],[-92.6551,36.2553],[-92.6728,36.2559],[-92.6724,36.2631],[-92.6549,36.2627],[-92.6544,36.2692],[-92.6721,36.2704],[-92.6709,36.2991],[-92.6885,36.2996],[-92.6893,36.2853],[-92.7028,36.286],[-92.7026,36.2896],[-92.7071,36.2899],[-92.7062,36.3145],[-92.7235,36.315],[-92.7224,36.3518],[-92.717,36.3518],[-92.7169,36.3586],[-92.6786,36.3581],[-92.6788,36.3655],[-92.67,36.3653],[-92.67,36.3727],[-92.6788,36.3728],[-92.6786,36.3937],[-92.6694,36.3937],[-92.6683,36.4157],[-92.685,36.4158],[-92.6851,36.4325],[-92.7074,36.4316],[-92.6931,36.4349],[-92.6806,36.4514],[-92.6747,36.4557],[-92.6657,36.4598],[-92.6509,36.464],[-92.6378,36.4618]]]}},{"type":"Feature","properties":{"leaid":"0500076","name":"Ozark Mountain School District","kind":"Unified","gradeLow":"PK","gradeHigh":"12","state":"AR"},"geometry":{"type":"MultiPolygon","coordinates":[[[[-92.4817,36.0924],[-92.4105,36.092],[-92.4116,36.0627],[-92.4831,36.064],[-92.4817,36.0924]]],[[[-92.8278,36.3505],[-92.8279,36.3469],[-92.807,36.3465],[-92.8071,36.3411],[-92.7986,36.341],[-92.7986,36.3381],[-92.8049,36.3382],[-92.8054,36.312],[-92.8112,36.312],[-92.8112,36.3098],[-92.8285,36.3101],[-92.8287,36.2956],[-92.8227,36.2955],[-92.8228,36.2911],[-92.8147,36.291],[-92.8145,36.2954],[-92.8034,36.2955],[-92.8034,36.2911],[-92.7967,36.2912],[-92.7968,36.2828],[-92.7932,36.2828],[-92.7933,36.2756],[-92.7864,36.2753],[-92.7865,36.2689],[-92.7907,36.2689],[-92.7901,36.2647],[-92.7972,36.256],[-92.7974,36.2631],[-92.8007,36.2631],[-92.8005,36.2667],[-92.8063,36.2668],[-92.8064,36.2623],[-92.8041,36.2623],[-92.8044,36.2541],[-92.8013,36.254],[-92.8014,36.2493],[-92.816,36.2496],[-92.816,36.242],[-92.8107,36.242],[-92.8107,36.24],[-92.8072,36.24],[-92.8066,36.2368],[-92.807,36.2197],[-92.8116,36.2199],[-92.8119,36.2044],[-92.7982,36.204],[-92.7979,36.2149],[-92.7877,36.2147],[-92.7876,36.2103],[-92.7925,36.2103],[-92.7928,36.2034],[-92.7802,36.2034],[-92.7805,36.1898],[-92.776,36.1897],[-92.7761,36.1814],[-92.7625,36.1811],[-92.762,36.1944],[-92.751,36.1943],[-92.751,36.1921],[-92.7443,36.1919],[-92.7446,36.1847],[-92.74,36.1845],[-92.7396,36.1991],[-92.7306,36.1988],[-92.731,36.184],[-92.7264,36.1838],[-92.7261,36.1989],[-92.7138,36.1978],[-92.714,36.1917],[-92.7065,36.1914],[-92.7068,36.1828],[-92.7133,36.1831],[-92.7135,36.1795],[-92.71,36.1795],[-92.7103,36.1767],[-92.706,36.1766],[-92.706,36.1746],[-92.7138,36.1748],[-92.7139,36.1722],[-92.7095,36.1721],[-92.71,36.1469],[-92.7144,36.147],[-92.7144,36.1398],[-92.7057,36.1396],[-92.706,36.1252],[-92.6748,36.1242],[-92.6753,36.0967],[-92.7121,36.098],[-92.7077,36.0906],[-92.7037,36.0865],[-92.7048,36.0832],[-92.6951,36.0774],[-92.6937,36.072],[-92.6883,36.0722],[-92.6856,36.0692],[-92.6819,36.0679],[-92.6765,36.0698],[-92.6727,36.0674],[-92.6724,36.0666],[-92.6764,36.0667],[-92.6768,36.0532],[-92.6679,36.0531],[-92.668,36.0385],[-92.6415,36.0381],[-92.6416,36.0229],[-92.6684,36.0238],[-92.6684,36.0221],[-92.6622,36.0206],[-92.6597,36.0184],[-92.6587,36.0155],[-92.6602,36.0115],[-92.6735,36.007],[-92.682,36.0093],[-92.6824,36.0055],[-92.687,36.0032],[-92.6897,35.9996],[-92.6938,35.9974],[-92.6998,35.9972],[-92.6998,35.9952],[-92.6952,35.9951],[-92.6956,35.9801],[-92.7096,35.98],[-92.7104,35.9658],[-92.6969,35.9658],[-92.6982,35.9116],[-92.7159,35.9118],[-92.7158,35.9199],[-92.7337,35.9201],[-92.7337,35.9229],[-92.7511,35.9231],[-92.7507,35.9298],[-92.7866,35.9302],[-92.7865,35.9381],[-92.7955,35.9383],[-92.7951,35.9531],[-92.8129,35.9534],[-92.8126,35.9675],[-92.8688,35.9695],[-92.8688,35.9746],[-92.8745,35.9747],[-92.8753,35.9404],[-92.942,35.942],[-92.9414,35.9707],[-92.9762,35.9714],[-92.976,35.9939],[-93.01,35.9942],[-93.011,35.9937],[-93.0112,35.987],[-93.0288,35.9871],[-93.0306,35.9434],[-93.0467,35.9437],[-93.0464,35.9582],[-93.0637,35.9591],[-93.0625,35.9881],[-93.0809,35.989],[-93.0796,36.0142],[-93.1017,36.0152],[-93.1014,36.0479],[-93.1234,36.0485],[-93.1231,36.0885],[-93.0523,36.0877],[-93.0518,36.1097],[-93.0343,36.1092],[-93.0343,36.1163],[-92.8907,36.1142],[-92.8887,36.2464],[-92.8895,36.3185],[-92.8883,36.3332],[-92.8511,36.3324],[-92.851,36.3473],[-92.8325,36.347],[-92.8325,36.3506],[-92.8278,36.3505]]]]}},{"type":"Feature","properties":{"leaid":"0500082","name":"Lawrence County School District","kind":"Unified","gradeLow":"PK","gradeHigh":"12","state":"AR"},"geometry":{"type":"MultiPolygon","coordinates":[[[[-91.2021,35.9507],[-91.12,35.9494],[-91.1203,35.9349],[-91.0976,35.9316],[-91.0666,35.9305],[-91.0669,35.9159],[-91.0319,35.9144],[-91.0327,35.885],[-91.1388,35.89],[-91.1985,35.89],[-91.1939,35.9011],[-91.1859,35.9044],[-91.1918,35.9045],[-91.1946,35.9062],[-91.196,35.9103],[-91.1936,35.9138],[-91.1943,35.9156],[-91.2009,35.9183],[-91.2022,35.92],[-91.2016,35.9212],[-91.1994,35.9215],[-91.1944,35.9185],[-91.1897,35.9186],[-91.1875,35.9213],[-91.1902,35.924],[-91.1975,35.9237],[-91.1981,35.9278],[-91.2022,35.9291],[-91.2056,35.9319],[-91.2062,35.9347],[-91.2008,35.9378],[-91.1996,35.9419],[-91.201,35.9422],[-91.2047,35.9388],[-91.2102,35.9382],[-91.2142,35.9459],[-91.2136,35.9471],[-91.2018,35.9469],[-91.2011,35.9478],[-91.2021,35.9507]]],[[[-91.1324,36.1603],[-91.126,36.1606],[-91.1234,36.158],[-91.1231,36.1557],[-91.1197,36.1537],[-91.1158,36.155],[-91.1064,36.1517],[-91.0924,36.1493],[-91.083,36.151],[-91.0822,36.1479],[-91.0844,36.1437],[-91.084,36.1387],[-91.0863,36.1328],[-91.0814,36.1296],[-91.0787,36.1254],[-91.0719,36.1265],[-91.0752,36.1236],[-91.0812,36.1214],[-91.0787,36.1179],[-91.0735,36.1149],[-91.0638,36.1184],[-91.0639,36.1228],[-91.0624,36.1267],[-91.0657,36.1415],[-91.0549,36.1515],[-90.9744,36.1506],[-90.9747,36.1343],[-90.9652,36.1373],[-90.9573,36.1419],[-90.9511,36.1505],[-90.7475,36.1491],[-90.7485,36.1461],[-90.7643,36.1337],[-90.7707,36.125],[-90.7717,36.1222],[-90.7707,36.1103],[-90.7718,36.1081],[-90.777,36.1054],[-90.7794,36.1023],[-90.7806,36.1047],[-90.782,36.1035],[-90.7853,36.1041],[-90.7864,36.1014],[-90.7896,36.1008],[-90.7897,36.0967],[-90.7909,36.0967],[-90.7913,36.095],[-90.7907,36.0932],[-90.7943,36.0919],[-90.7946,36.088],[-90.7992,36.0893],[-90.8,36.0867],[-90.8022,36.0859],[-90.8049,36.0878],[-90.8099,36.0826],[-90.8112,36.0841],[-90.8153,36.0809],[-90.8209,36.0796],[-90.8234,36.0736],[-90.8219,36.0706],[-90.8246,36.0682],[-90.8252,36.0557],[-90.8405,36.0368],[-90.838,36.0222],[-90.8458,36.0111],[-90.8551,36.0023],[-90.8548,35.9972],[-90.8707,35.9977],[-90.8709,35.9849],[-90.8882,35.9969],[-90.8876,36.0274],[-90.9224,36.0282],[-90.9219,36.0586],[-90.9941,36.061],[-90.9941,36.0684],[-91.0286,36.0697],[-91.0285,36.077],[-91.0393,36.0775],[-91.1175,36.0788],[-91.1168,36.061],[-91.1146,36.0583],[-91.1061,36.0533],[-91.1034,36.0478],[-91.1044,36.0461],[-91.1097,36.0501],[-91.1152,36.0509],[-91.119,36.0476],[-91.1193,36.0456],[-91.118,36.0436],[-91.1096,36.0411],[-91.1082,36.038],[-91.104,36.0348],[-91.1028,36.0271],[-91.104,36.0255],[-91.1081,36.0243],[-91.1142,36.0279],[-91.1207,36.026],[-91.1267,36.0328],[-91.1279,36.0305],[-91.1271,36.0239],[-91.1291,36.0196],[-91.1275,36.0177],[-91.1216,36.016],[-91.1215,36.0109],[-91.1147,36.0061],[-91.1151,36.0041],[-91.1236,36.0022],[-91.1307,36.008],[-91.132,36.0079],[-91.1329,36.0065],[-91.1316,36.0029],[-91.1266,35.9987],[-91.1266,35.9966],[-91.1287,35.995],[-91.1399,35.9945],[-91.143,35.9963],[-91.1445,35.9996],[-91.1471,36.0008],[-91.1576,35.9964],[-91.165,35.9998],[-91.17,35.9984],[-91.1714,35.9968],[-91.1703,36.0378],[-91.1736,36.0378],[-91.1742,36.0649],[-91.1915,36.065],[-91.1895,36.134],[-91.1774,36.133],[-91.1694,36.135],[-91.1582,36.1349],[-91.1581,36.1429],[-91.1621,36.1609],[-91.1355,36.1603],[-91.1353,36.1669],[-91.1329,36.1643],[-91.1333,36.1612],[-91.1324,36.1603]]]]}},{"type":"Feature","properties":{"leaid":"0500405","name":"Cossatot River School District","kind":"Unified","gradeLow":"PK","gradeHigh":"12","state":"AR"},"geometry":{"type":"Polygon","coordinates":[[[-93.9349,34.3932],[-93.937,34.263],[-93.9244,34.263],[-93.9245,34.2504],[-93.9597,34.2617],[-93.9696,34.2588],[-93.9711,34.2572],[-93.977,34.257],[-93.9801,34.2547],[-93.9786,34.2524],[-93.9826,34.2508],[-93.9838,34.249],[-93.9834,34.2461],[-93.9796,34.2448],[-93.9834,34.2419],[-93.9835,34.2399],[-93.9812,34.2392],[-93.9812,34.2378],[-93.9863,34.2382],[-93.9872,34.2361],[-93.9845,34.23],[-93.9872,34.229],[-93.9868,34.2304],[-93.9881,34.2311],[-94.0009,34.2266],[-94.0062,34.2262],[-94.0037,34.2206],[-94.0062,34.2208],[-94.0073,34.2228],[-94.0095,34.2217],[-94.0162,34.2223],[-94.0153,34.2197],[-94.0194,34.218],[-94.0333,34.2183],[-94.0335,34.226],[-94.0684,34.2266],[-94.0683,34.2338],[-94.0862,34.2344],[-94.086,34.2187],[-94.1035,34.2192],[-94.1036,34.1913],[-94.1918,34.1925],[-94.1917,34.1483],[-94.2435,34.1479],[-94.2439,34.2154],[-94.2964,34.2155],[-94.2963,34.1917],[-94.4703,34.1902],[-94.4624,34.4629],[-94.4574,34.4624],[-94.455,34.4638],[-94.4493,34.4629],[-94.448,34.4655],[-94.4384,34.4669],[-94.4326,34.4691],[-94.4311,34.4687],[-94.4299,34.4663],[-94.4319,34.4624],[-94.4294,34.4615],[-94.3898,34.4608],[-94.3905,34.4463],[-94.3858,34.4463],[-94.3852,34.464],[-94.3809,34.4639],[-94.3811,34.4532],[-94.3682,34.4529],[-94.3682,34.4567],[-94.3637,34.4566],[-94.3634,34.4672],[-94.3494,34.467],[-94.3493,34.46],[-94.3444,34.46],[-94.3444,34.4526],[-94.3325,34.4523],[-94.3326,34.445],[-94.292,34.444],[-94.2914,34.484],[-94.1991,34.4808],[-94.2003,34.4124],[-94.1829,34.412],[-94.1831,34.3976],[-93.9349,34.3932]]]}},{"type":"Feature","properties":{"leaid":"0503690","name":"Bryant Public Schools","kind":"Unified","gradeLow":"PK","gradeHigh":"12","state":"AR"},"geometry":{"type":"Polygon","coordinates":[[[-92.7397,34.8536],[-92.6512,34.8517],[-92.6555,34.7355],[-92.5867,34.7338],[-92.5861,34.7265],[-92.5833,34.7263],[-92.5685,34.726],[-92.5682,34.7333],[-92.5505,34.733],[-92.552,34.6893],[-92.4991,34.688],[-92.5003,34.6736],[-92.4433,34.672],[-92.4452,34.627],[-92.3995,34.6264],[-92.4,34.612],[-92.3739,34.6113],[-92.374,34.6043],[-92.3828,34.6043],[-92.3836,34.5826],[-92.3936,34.5827],[-92.3937,34.5791],[-92.3893,34.5791],[-92.3893,34.5756],[-92.3847,34.5754],[-92.3849,34.5718],[-92.3893,34.572],[-92.3894,34.5685],[-92.4027,34.5689],[-92.4028,34.5618],[-92.3895,34.5611],[-92.3895,34.5575],[-92.3851,34.5574],[-92.3855,34.536],[-92.39,34.5361],[-92.39,34.532],[-92.3857,34.5319],[-92.3857,34.521],[-92.3903,34.5211],[-92.3903,34.5174],[-92.3859,34.5173],[-92.386,34.5102],[-92.4126,34.5106],[-92.4125,34.5179],[-92.4256,34.5181],[-92.4256,34.5218],[-92.4297,34.5218],[-92.4292,34.54],[-92.4501,34.5403],[-92.4495,34.555],[-92.4578,34.5549],[-92.4576,34.5585],[-92.4491,34.5586],[-92.4489,34.5622],[-92.4616,34.5622],[-92.4613,34.5657],[-92.4654,34.5658],[-92.4658,34.5621],[-92.4785,34.5624],[-92.4779,34.5696],[-92.5181,34.5703],[-92.5174,34.5885],[-92.5218,34.5886],[-92.5222,34.5771],[-92.5524,34.5779],[-92.5529,34.5809],[-92.5559,34.5811],[-92.5564,34.5781],[-92.5608,34.5783],[-92.558,34.5796],[-92.5588,34.5845],[-92.5603,34.584],[-92.5602,34.5854],[-92.551,34.5851],[-92.5508,34.59],[-92.5495,34.59],[-92.5495,34.5916],[-92.5507,34.5917],[-92.5504,34.5999],[-92.5463,34.5999],[-92.5459,34.607],[-92.5498,34.6072],[-92.5497,34.6133],[-92.5509,34.6136],[-92.5846,34.6155],[-92.5836,34.6442],[-92.6365,34.6458],[-92.6372,34.6318],[-92.6788,34.634],[-92.6791,34.6194],[-92.7056,34.6202],[-92.7049,34.6421],[-92.7315,34.6417],[-92.7308,34.6635],[-92.7129,34.6631],[-92.7124,34.6783],[-92.7091,34.6783],[-92.7087,34.6932],[-92.8127,34.6957],[-92.8131,34.6812],[-92.8199,34.6814],[-92.8207,34.6631],[-92.8382,34.6633],[-92.838,34.6724],[-92.8743,34.6734],[-92.8741,34.6826],[-92.8652,34.6823],[-92.864,34.7256],[-92.934,34.7274],[-92.9334,34.742],[-92.9354,34.7421],[-92.9509,34.7424],[-92.9515,34.728],[-92.9698,34.7284],[-92.9693,34.7723],[-93.0401,34.772],[-93.0399,34.7866],[-93.0574,34.7867],[-93.0574,34.8011],[-93.0751,34.8013],[-93.074,34.8582],[-92.9694,34.8591],[-92.8298,34.8553],[-92.8284,34.8523],[-92.818,34.8479],[-92.809,34.8471],[-92.8028,34.8516],[-92.7996,34.8512],[-92.7983,34.8472],[-92.7952,34.8469],[-92.7944,34.8453],[-92.7904,34.8443],[-92.7834,34.8398],[-92.7714,34.8425],[-92.7679,34.8395],[-92.7653,34.8394],[-92.7563,34.8426],[-92.7528,34.8404],[-92.7506,34.8361],[-92.7456,34.8346],[-92.7442,34.8312],[-92.7403,34.8278],[-92.7397,34.8536]]]}},{"type":"Feature","properties":{"leaid":"0500419","name":"Jacksonville North Pulaski School District","kind":"Unified","gradeLow":"PK","gradeHigh":"12","state":"AR"},"geometry":{"type":"Polygon","coordinates":[[[-92.2272,35.0146],[-92.0708,35.0116],[-92.0737,34.9247],[-92.0723,34.9246],[-92.0749,34.8592],[-92.0485,34.8586],[-92.0485,34.8517],[-92.0398,34.8515],[-92.0395,34.8591],[-92.0311,34.8589],[-92.0317,34.8444],[-92.0401,34.8445],[-92.0403,34.8372],[-92.0313,34.8369],[-92.0318,34.8229],[-92.1449,34.8239],[-92.145,34.8203],[-92.1539,34.8205],[-92.1537,34.8241],[-92.1626,34.8241],[-92.1625,34.8279],[-92.1669,34.828],[-92.1668,34.8316],[-92.1646,34.8315],[-92.1654,34.8363],[-92.1411,34.8516],[-92.141,34.8527],[-92.162,34.839],[-92.1633,34.84],[-92.1634,34.8381],[-92.1665,34.8368],[-92.1665,34.8387],[-92.1688,34.8388],[-92.1688,34.8415],[-92.1718,34.8416],[-92.1716,34.8534],[-92.1795,34.8536],[-92.1794,34.8596],[-92.1829,34.8573],[-92.1846,34.858],[-92.1837,34.8619],[-92.1751,34.8607],[-92.175,34.8643],[-92.1664,34.8642],[-92.1664,34.8678],[-92.17,34.868],[-92.17,34.8749],[-92.1614,34.8748],[-92.1613,34.8786],[-92.1666,34.8787],[-92.1665,34.8823],[-92.17,34.8823],[-92.1701,34.8788],[-92.1745,34.8795],[-92.1746,34.8752],[-92.1787,34.8779],[-92.1786,34.8814],[-92.1721,34.8889],[-92.1708,34.8964],[-92.1717,34.8985],[-92.1781,34.9032],[-92.178,34.9083],[-92.1951,34.9083],[-92.1959,34.9147],[-92.1949,34.9265],[-92.2299,34.9275],[-92.2272,35.0146]]]}},{"type":"Feature","properties":{"leaid":"0502250","name":"Alma School District","kind":"Unified","gradeLow":"PK","gradeHigh":"12","state":"AR"},"geometry":{"type":"Polygon","coordinates":[[[-94.1121,35.562],[-94.1211,35.5622],[-94.1215,35.5477],[-94.1309,35.5479],[-94.1322,35.5115],[-94.1227,35.5113],[-94.1238,35.4822],[-94.1148,35.482],[-94.1152,35.4748],[-94.0974,35.4744],[-94.0983,35.4464],[-94.116,35.451],[-94.1404,35.4505],[-94.1553,35.4431],[-94.1613,35.4353],[-94.1699,35.4401],[-94.1866,35.4404],[-94.1891,35.4418],[-94.1951,35.4399],[-94.2006,35.4415],[-94.2044,35.4387],[-94.2046,35.4337],[-94.2224,35.434],[-94.2219,35.4557],[-94.2398,35.4562],[-94.2396,35.4634],[-94.2884,35.4645],[-94.2882,35.4717],[-94.2837,35.4716],[-94.2836,35.479],[-94.2748,35.4788],[-94.2742,35.5005],[-94.2786,35.5005],[-94.2784,35.5041],[-94.283,35.5044],[-94.2828,35.508],[-94.3269,35.5089],[-94.3255,35.5381],[-94.3361,35.5384],[-94.336,35.542],[-94.3388,35.5421],[-94.3386,35.5493],[-94.3297,35.5492],[-94.3297,35.5456],[-94.3253,35.5454],[-94.3243,35.5745],[-94.3157,35.5744],[-94.3162,35.5959],[-94.3072,35.5957],[-94.3068,35.6101],[-94.2977,35.6099],[-94.2976,35.6136],[-94.2886,35.6133],[-94.2885,35.6097],[-94.2755,35.6094],[-94.2756,35.6057],[-94.2712,35.6056],[-94.271,35.6092],[-94.2356,35.6082],[-94.2361,35.5939],[-94.2537,35.5943],[-94.2543,35.5798],[-94.2409,35.5796],[-94.2412,35.5724],[-94.2456,35.5725],[-94.246,35.5653],[-94.2422,35.5652],[-94.2424,35.5698],[-94.2394,35.5714],[-94.2369,35.5706],[-94.2378,35.565],[-94.2202,35.565],[-94.2199,35.579],[-94.1846,35.5782],[-94.1847,35.5715],[-94.1624,35.5709],[-94.1609,35.5849],[-94.1652,35.585],[-94.165,35.5922],[-94.1474,35.5917],[-94.1471,35.599],[-94.1335,35.5988],[-94.1293,35.5985],[-94.1299,35.5767],[-94.1116,35.5763],[-94.1121,35.562]]]}},{"type":"Feature","properties":{"leaid":"0504080","name":"Cedarville School District","kind":"Unified","gradeLow":"PK","gradeHigh":"12","state":"AR"},"geometry":{"type":"Polygon","coordinates":[[[-94.4931,35.7592],[-94.2836,35.7548],[-94.285,35.7114],[-94.3029,35.7118],[-94.3042,35.6692],[-94.3053,35.6692],[-94.3072,35.5957],[-94.3162,35.5959],[-94.3157,35.5744],[-94.3243,35.5745],[-94.3253,35.5454],[-94.3297,35.5456],[-94.3297,35.5492],[-94.3386,35.5493],[-94.3388,35.5421],[-94.3715,35.543],[-94.3711,35.531],[-94.3721,35.5307],[-94.3717,35.5252],[-94.3727,35.5238],[-94.3731,35.4957],[-94.382,35.4961],[-94.3817,35.5],[-94.3828,35.5005],[-94.3814,35.5024],[-94.3814,35.5105],[-94.4517,35.5128],[-94.4931,35.7592]]]}},{"type":"Feature","properties":{"leaid":"0502280","name":"Alpena School District","kind":"Unified","gradeLow":"PK","gradeHigh":"12","state":"AR"},"geometry":{"type":"Polygon","coordinates":[[[-93.2413,36.3692],[-93.2417,36.3548],[-93.2327,36.3547],[-93.2329,36.3403],[-93.2172,36.3403],[-93.2172,36.3249],[-93.2222,36.3252],[-93.2219,36.3213],[-93.226,36.3214],[-93.2248,36.3034],[-93.2065,36.3034],[-93.2068,36.296],[-93.2156,36.296],[-93.2162,36.2813],[-93.1951,36.2809],[-93.1986,36.2668],[-93.2033,36.2666],[-93.2034,36.2532],[-93.2079,36.252],[-93.2101,36.2474],[-93.2137,36.2475],[-93.2139,36.2398],[-93.2537,36.241],[-93.2538,36.2338],[-93.2449,36.2338],[-93.2455,36.2226],[-93.2632,36.2229],[-93.2629,36.234],[-93.2991,36.2342],[-93.3008,36.1216],[-93.3624,36.1225],[-93.3632,36.1081],[-93.3543,36.1079],[-93.3553,36.0873],[-93.3649,36.0876],[-93.3649,36.0908],[-93.3727,36.0911],[-93.3724,36.1008],[-93.3943,36.1013],[-93.3945,36.0941],[-93.4356,36.0952],[-93.4347,36.1242],[-93.4392,36.1244],[-93.438,36.1533],[-93.4424,36.1535],[-93.4431,36.1753],[-93.4521,36.1756],[-93.452,36.1793],[-93.4475,36.1792],[-93.4473,36.1828],[-93.434,36.1825],[-93.4337,36.197],[-93.4249,36.1967],[-93.4247,36.2042],[-93.4157,36.2039],[-93.4156,36.2088],[-93.4065,36.2085],[-93.4067,36.1999],[-93.4023,36.1997],[-93.4022,36.2035],[-93.3932,36.2032],[-93.3933,36.1995],[-93.3978,36.1996],[-93.3979,36.1959],[-93.3889,36.1957],[-93.3886,36.2178],[-93.4065,36.2182],[-93.4065,36.2255],[-93.4061,36.2366],[-93.3971,36.2364],[-93.3973,36.2325],[-93.3841,36.2324],[-93.384,36.236],[-93.3883,36.2361],[-93.3882,36.2398],[-93.384,36.2397],[-93.3838,36.2432],[-93.3796,36.2431],[-93.3794,36.2502],[-93.3836,36.2503],[-93.3835,36.2538],[-93.3887,36.2539],[-93.3886,36.2575],[-93.3841,36.2575],[-93.3841,36.2611],[-93.3707,36.2608],[-93.3706,36.2644],[-93.3661,36.2643],[-93.366,36.2679],[-93.3569,36.2678],[-93.3569,36.2642],[-93.3525,36.2641],[-93.3526,36.2605],[-93.3571,36.2605],[-93.3572,36.2569],[-93.3528,36.2569],[-93.3532,36.2389],[-93.3306,36.2385],[-93.3306,36.2348],[-93.3216,36.2345],[-93.3215,36.2382],[-93.299,36.2379],[-93.2986,36.2526],[-93.3121,36.2527],[-93.312,36.2564],[-93.3165,36.2564],[-93.316,36.2673],[-93.3252,36.2674],[-93.3253,36.2638],[-93.3299,36.2638],[-93.3299,36.2664],[-93.3297,36.2711],[-93.3159,36.271],[-93.3157,36.2819],[-93.3112,36.2819],[-93.3111,36.2854],[-93.3068,36.2855],[-93.3064,36.2966],[-93.302,36.2966],[-93.302,36.3003],[-93.2975,36.3002],[-93.2972,36.3112],[-93.3245,36.3117],[-93.3243,36.3226],[-93.3289,36.3227],[-93.3289,36.3264],[-93.3324,36.3264],[-93.3335,36.3265],[-93.3336,36.3118],[-93.37,36.3122],[-93.3696,36.3487],[-93.356,36.3487],[-93.3559,36.3523],[-93.365,36.3524],[-93.365,36.356],[-93.3468,36.3559],[-93.3468,36.3595],[-93.3446,36.3595],[-93.3376,36.3594],[-93.3377,36.3558],[-93.324,36.3557],[-93.3238,36.3701],[-93.3055,36.3697],[-93.3055,36.377],[-93.2962,36.3768],[-93.2962,36.3815],[-93.2624,36.3812],[-93.2624,36.3696],[-93.2413,36.3692]]]}},{"type":"Feature","properties":{"leaid":"0503090","name":"Bergman School District","kind":"Unified","gradeLow":"PK","gradeHigh":"12","state":"AR"},"geometry":{"type":"Polygon","coordinates":[[[-92.8881,36.3332],[-92.8895,36.3185],[-92.8889,36.2516],[-92.8998,36.2555],[-92.9064,36.2511],[-92.9067,36.2498],[-92.9067,36.2443],[-92.9053,36.2429],[-92.9033,36.2431],[-92.8954,36.237],[-92.8964,36.2353],[-92.9093,36.2341],[-92.9113,36.2365],[-92.9184,36.2364],[-92.9247,36.2326],[-92.936,36.2348],[-92.9375,36.2394],[-92.9306,36.2417],[-92.9317,36.2464],[-92.9302,36.2482],[-92.934,36.2485],[-92.9361,36.2503],[-92.9382,36.2555],[-92.9459,36.2583],[-92.9511,36.2563],[-92.9515,36.2506],[-92.9571,36.2443],[-92.9602,36.2484],[-92.9618,36.2483],[-92.9691,36.2448],[-92.9694,36.2425],[-92.9736,36.2375],[-92.9761,36.2389],[-92.9789,36.2432],[-92.9809,36.2431],[-92.9831,36.233],[-92.9877,36.2328],[-92.9885,36.2357],[-92.9874,36.2394],[-92.9903,36.2434],[-92.993,36.2439],[-92.994,36.2425],[-93.0005,36.2405],[-93.008,36.2392],[-93.0114,36.242],[-93.0128,36.2461],[-93.0177,36.2488],[-93.0164,36.2519],[-93.0172,36.2533],[-93.0195,36.2514],[-93.0216,36.2513],[-93.0253,36.253],[-93.0314,36.2522],[-93.0339,36.2542],[-93.0398,36.2521],[-93.042,36.2498],[-93.0378,36.2449],[-93.0376,36.2392],[-93.0465,36.2405],[-93.0484,36.2453],[-93.054,36.245],[-93.0542,36.2388],[-93.0595,36.2359],[-93.0671,36.2388],[-93.0667,36.2471],[-93.0701,36.2499],[-93.0767,36.2485],[-93.0766,36.2736],[-93.1125,36.2738],[-93.1124,36.2775],[-93.0944,36.2773],[-93.0943,36.2918],[-93.1212,36.292],[-93.1211,36.2988],[-93.1299,36.299],[-93.1295,36.3142],[-93.1524,36.3139],[-93.1557,36.3154],[-93.1543,36.3191],[-93.1509,36.3222],[-93.1504,36.3249],[-93.1528,36.329],[-93.1525,36.3328],[-93.1591,36.3432],[-93.16,36.3487],[-93.1583,36.3523],[-93.153,36.3542],[-93.1532,36.3512],[-93.1381,36.3509],[-93.138,36.3546],[-93.1249,36.3545],[-93.1248,36.3645],[-93.0941,36.3642],[-93.0942,36.3715],[-93.087,36.3715],[-93.0865,36.374],[-93.0886,36.3763],[-93.0832,36.3814],[-93.08,36.3874],[-93.0878,36.3906],[-93.088,36.3933],[-93.051,36.3941],[-93.0508,36.4069],[-92.9769,36.4064],[-92.9772,36.3993],[-92.9642,36.399],[-92.9644,36.3854],[-92.9706,36.3852],[-92.9709,36.3773],[-92.9513,36.3769],[-92.9514,36.3588],[-92.9606,36.3589],[-92.9603,36.3481],[-92.9737,36.3485],[-92.9741,36.3342],[-92.9428,36.3335],[-92.9428,36.3193],[-92.9339,36.3191],[-92.9337,36.3335],[-92.8881,36.3332]]]}},{"type":"Feature","properties":{"leaid":"0503420","name":"Lead Hill School District","kind":"Unified","gradeLow":"PK","gradeHigh":"12","state":"AR"},"geometry":{"type":"MultiPolygon","coordinates":[[[[-93.0137,36.4982],[-92.7848,36.4978],[-92.785,36.4938],[-92.7814,36.4871],[-92.7806,36.4821],[-92.7848,36.4749],[-92.79,36.4726],[-92.7944,36.4725],[-92.8078,36.4769],[-92.8137,36.4768],[-92.8211,36.471],[-92.8262,36.4599],[-92.8312,36.4569],[-92.8325,36.347],[-92.851,36.3473],[-92.8511,36.3324],[-92.8632,36.3334],[-92.9337,36.3335],[-92.9339,36.3191],[-92.9428,36.3193],[-92.9428,36.3335],[-92.9741,36.3342],[-92.9737,36.3485],[-92.9603,36.3481],[-92.9606,36.3589],[-92.9514,36.3588],[-92.9513,36.3769],[-92.9709,36.3773],[-92.9706,36.3852],[-92.9644,36.3854],[-92.9642,36.399],[-92.9772,36.3993],[-92.9769,36.4064],[-93.0508,36.4069],[-93.051,36.3941],[-93.088,36.3933],[-93.0871,36.3985],[-93.0885,36.4183],[-93.0843,36.4184],[-93.0842,36.4218],[-93.0925,36.4218],[-93.0924,36.4229],[-93.0879,36.4289],[-93.0835,36.4272],[-93.08,36.428],[-93.081,36.4315],[-93.0835,36.433],[-93.0889,36.4336],[-93.0885,36.4357],[-93.085,36.4367],[-93.0774,36.4348],[-93.0742,36.4357],[-93.0804,36.444],[-93.0789,36.4452],[-93.0785,36.4481],[-93.0717,36.4505],[-93.0737,36.4585],[-93.0688,36.4571],[-93.0671,36.4512],[-93.0632,36.4511],[-93.0613,36.4568],[-93.0656,36.4654],[-93.0645,36.4669],[-93.0599,36.4659],[-93.0564,36.4582],[-93.0535,36.4574],[-93.0516,36.4592],[-93.0514,36.4654],[-93.0525,36.4677],[-93.0515,36.47],[-93.0544,36.4749],[-93.0539,36.4769],[-93.051,36.4786],[-93.0458,36.4781],[-93.0393,36.4814],[-93.0375,36.4784],[-93.0376,36.4747],[-93.0355,36.474],[-93.0299,36.4832],[-93.0137,36.4982]]],[[[-92.7621,36.4978],[-92.6306,36.4982],[-92.6311,36.4935],[-92.6257,36.4844],[-92.6275,36.48],[-92.6376,36.4758],[-92.6378,36.4618],[-92.6509,36.464],[-92.6657,36.4598],[-92.6747,36.4557],[-92.6806,36.4514],[-92.6931,36.4349],[-92.7092,36.431],[-92.7243,36.4242],[-92.7376,36.4256],[-92.7431,36.4281],[-92.7459,36.4313],[-92.745,36.4353],[-92.7364,36.4421],[-92.7089,36.4488],[-92.7055,36.4529],[-92.7055,36.4561],[-92.7092,36.4595],[-92.7145,36.4608],[-92.7233,36.4604],[-92.7278,36.4581],[-92.733,36.4577],[-92.7428,36.4606],[-92.7544,36.4732],[-92.7564,36.4788],[-92.7566,36.4923],[-92.7621,36.4978]]]]}},{"type":"Feature","properties":{"leaid":"0507380","name":"Harrison School District","kind":"Unified","gradeLow":"PK","gradeHigh":"12","state":"AR"},"geometry":{"type":"MultiPolygon","coordinates":[[[[-92.9468,36.2583],[-92.9382,36.2555],[-92.9361,36.2503],[-92.934,36.2485],[-92.9302,36.2481],[-92.9317,36.2464],[-92.9306,36.2417],[-92.9374,36.2396],[-92.9363,36.235],[-92.925,36.2326],[-92.9184,36.2364],[-92.9113,36.2365],[-92.9093,36.2341],[-92.8964,36.2353],[-92.8954,36.237],[-92.9033,36.2431],[-92.9053,36.2429],[-92.9067,36.2443],[-92.9064,36.2511],[-92.8985,36.2555],[-92.8966,36.2537],[-92.8889,36.2516],[-92.8895,36.1768],[-92.9076,36.1769],[-92.9076,36.1805],[-92.9257,36.1807],[-92.9257,36.1737],[-92.9796,36.1741],[-92.9795,36.1778],[-92.9884,36.1778],[-92.9884,36.1795],[-92.9929,36.1795],[-92.993,36.1814],[-92.9974,36.1814],[-92.9973,36.1886],[-92.9884,36.1886],[-92.9884,36.2177],[-92.9794,36.2177],[-92.9796,36.2304],[-92.9705,36.2304],[-92.9703,36.2361],[-92.9613,36.2359],[-92.9611,36.2485],[-92.9571,36.2443],[-92.9515,36.2506],[-92.9511,36.2563],[-92.9468,36.2583]]],[[[-93.0952,36.4346],[-93.0953,36.4301],[-93.0931,36.43],[-93.0932,36.4218],[-93.0842,36.4218],[-93.0843,36.4184],[-93.0885,36.4183],[-93.0871,36.3985],[-93.0882,36.392],[-93.0877,36.3905],[-93.08,36.3875],[-93.0832,36.3814],[-93.0886,36.3763],[-93.0865,36.374],[-93.087,36.3715],[-93.0942,36.3715],[-93.0941,36.3642],[-93.1248,36.3645],[-93.1249,36.3545],[-93.138,36.3546],[-93.1381,36.3509],[-93.1532,36.3512],[-93.153,36.3542],[-93.1583,36.3523],[-93.16,36.3487],[-93.1591,36.3432],[-93.1525,36.3328],[-93.1528,36.329],[-93.1504,36.3249],[-93.1509,36.3222],[-93.1543,36.3191],[-93.1555,36.3152],[-93.1524,36.3139],[-93.1295,36.3142],[-93.1299,36.299],[-93.1211,36.2988],[-93.1212,36.292],[-93.0943,36.2918],[-93.0944,36.2773],[-93.1124,36.2775],[-93.1125,36.2738],[-93.0766,36.2736],[-93.0767,36.2485],[-93.0731,36.2494],[-93.0734,36.2333],[-93.0854,36.2333],[-93.0859,36.2294],[-93.0817,36.2199],[-93.0778,36.2188],[-93.0786,36.1897],[-93.0832,36.1897],[-93.0833,36.1848],[-93.0831,36.1788],[-93.0787,36.1784],[-93.0789,36.1677],[-93.0965,36.1679],[-93.0968,36.134],[-93.0957,36.1193],[-93.1236,36.1195],[-93.1403,36.1176],[-93.2652,36.1203],[-93.2659,36.0698],[-93.3204,36.0708],[-93.3196,36.0888],[-93.3373,36.0888],[-93.3375,36.0856],[-93.3488,36.0859],[-93.3514,36.0822],[-93.3552,36.0811],[-93.3612,36.0765],[-93.3624,36.0738],[-93.3597,36.069],[-93.361,36.0666],[-93.3607,36.064],[-93.4009,36.0625],[-93.4009,36.0794],[-93.3949,36.0798],[-93.3943,36.1013],[-93.3724,36.1008],[-93.3727,36.0911],[-93.3649,36.0908],[-93.3649,36.0876],[-93.3553,36.0873],[-93.3543,36.1079],[-93.3632,36.1081],[-93.3624,36.1225],[-93.3008,36.1216],[-93.2991,36.2342],[-93.2629,36.234],[-93.2632,36.2229],[-93.2455,36.2226],[-93.2449,36.2338],[-93.2538,36.2338],[-93.2537,36.241],[-93.2139,36.2398],[-93.2137,36.2475],[-93.2101,36.2474],[-93.2079,36.252],[-93.2034,36.2532],[-93.2033,36.2666],[-93.1986,36.2668],[-93.1951,36.2809],[-93.2162,36.2813],[-93.2156,36.296],[-93.2068,36.296],[-93.2065,36.3034],[-93.2248,36.3034],[-93.226,36.3214],[-93.2219,36.3213],[-93.2222,36.3252],[-93.2172,36.3249],[-93.2172,36.3403],[-93.2329,36.3403],[-93.2327,36.3547],[-93.2417,36.3548],[-93.2413,36.3692],[-93.2007,36.3688],[-93.2004,36.3831],[-93.1804,36.3823],[-93.1802,36.3932],[-93.1714,36.3925],[-93.1713,36.3998],[-93.1669,36.3994],[-93.167,36.3958],[-93.1372,36.3944],[-93.137,36.4192],[-93.1024,36.4183],[-93.1022,36.4256],[-93.1155,36.4258],[-93.1154,36.4313],[-93.0998,36.431],[-93.0997,36.4347],[-93.0952,36.4346]]]]}},{"type":"Feature","properties":{"leaid":"0502430","name":"Arkadelphia School District","kind":"Unified","gradeLow":"PK","gradeHigh":"12","state":"AR"},"geometry":{"type":"Polygon","coordinates":[[[-93.0763,34.2361],[-93.0633,34.2357],[-93.0559,34.2377],[-93.052,34.2354],[-93.0483,34.2353],[-93.0461,34.2368],[-93.0394,34.2372],[-93.0347,34.2365],[-93.0333,34.2343],[-93.0341,34.2288],[-93.0384,34.2259],[-93.0395,34.2228],[-93.0375,34.221],[-93.0301,34.2208],[-93.0306,34.2193],[-93.0339,34.2178],[-93.0342,34.2161],[-93.0267,34.2103],[-93.0278,34.2076],[-93.0258,34.2022],[-93.0276,34.2004],[-93.0294,34.2007],[-93.0327,34.1965],[-93.0366,34.1949],[-93.0378,34.1892],[-93.0431,34.1803],[-93.0433,34.1675],[-93.0406,34.1644],[-93.042,34.1595],[-93.0386,34.1552],[-93.0351,34.1544],[-93.0329,34.1555],[-93.0303,34.1604],[-93.0278,34.1618],[-93.0255,34.16],[-92.8861,34.1557],[-92.8908,34.0411],[-92.9256,34.0427],[-92.9259,34.0283],[-92.9585,34.0307],[-92.9592,34.0172],[-92.951,34.011],[-92.9532,34.0063],[-92.9452,34.0034],[-92.9415,33.9946],[-92.9418,33.9915],[-92.945,33.9882],[-92.945,33.9861],[-92.95,33.9855],[-92.9535,33.9772],[-92.9573,33.9769],[-92.9611,33.9744],[-92.9591,33.9705],[-92.9514,33.9689],[-92.9505,33.9638],[-93.0106,33.9667],[-93.0108,33.9595],[-93.0197,33.9597],[-93.0189,33.9741],[-93.0242,33.9743],[-93.0244,33.9707],[-93.0326,33.971],[-93.033,33.96],[-93.0551,33.9605],[-93.055,33.946],[-93.0897,33.9467],[-93.0892,33.9611],[-93.1066,33.9612],[-93.1064,33.9693],[-93.1083,33.9694],[-93.1081,33.9708],[-93.1106,33.972],[-93.1127,33.9716],[-93.1115,33.9728],[-93.1121,33.9739],[-93.1139,33.9743],[-93.1146,33.9733],[-93.1169,33.9743],[-93.1172,33.9761],[-93.1237,33.9761],[-93.1235,33.9827],[-93.1263,33.9815],[-93.1288,33.9839],[-93.1275,33.984],[-93.1284,33.9866],[-93.1302,33.987],[-93.1291,33.9895],[-93.1327,33.9906],[-93.1341,33.9891],[-93.1373,33.9907],[-93.1358,33.9936],[-93.1372,33.9944],[-93.148,33.9949],[-93.1481,33.9964],[-93.1461,33.998],[-93.1489,33.9971],[-93.1472,33.9984],[-93.1489,33.9994],[-93.1502,33.9986],[-93.1499,34.0018],[-93.1518,33.9995],[-93.1522,34.002],[-93.1542,34.0015],[-93.1539,34.0027],[-93.1556,34.0032],[-93.1546,34.0049],[-93.1557,34.0065],[-93.1581,34.0068],[-93.1575,34.021],[-93.14,34.0202],[-93.1391,34.0433],[-93.1355,34.0496],[-93.1481,34.0499],[-93.1479,34.0571],[-93.1386,34.0571],[-93.1383,34.0643],[-93.156,34.0646],[-93.1559,34.0871],[-93.1731,34.0874],[-93.1734,34.08],[-93.189,34.0804],[-93.1893,34.0755],[-93.1912,34.0736],[-93.1981,34.0731],[-93.207,34.0697],[-93.2074,34.0517],[-93.2248,34.0523],[-93.2243,34.067],[-93.2419,34.0674],[-93.2436,34.0236],[-93.3318,34.026],[-93.3305,34.0695],[-93.3479,34.0701],[-93.346,34.1284],[-93.2937,34.1267],[-93.2905,34.2292],[-93.272,34.2287],[-93.2723,34.2139],[-93.1845,34.2114],[-93.183,34.2477],[-93.1161,34.2462],[-93.1166,34.2307],[-93.0945,34.2305],[-93.0949,34.2458],[-93.09,34.2457],[-93.0883,34.2426],[-93.0907,34.2413],[-93.0907,34.2372],[-93.0845,34.2356],[-93.0843,34.2384],[-93.0823,34.2401],[-93.0793,34.2391],[-93.0806,34.2351],[-93.0763,34.2361]]]}},{"type":"Feature","properties":{"leaid":"0503240","name":"Bismarck Public Schools","kind":"Unified","gradeLow":"PK","gradeHigh":"12","state":"AR"},"geometry":{"type":"Polygon","coordinates":[[[-93.1225,34.3917],[-92.9306,34.3891],[-92.9318,34.36],[-92.9497,34.3604],[-92.951,34.3317],[-93.0209,34.3324],[-93.0229,34.2739],[-93.0621,34.2741],[-93.0691,34.2651],[-93.0748,34.262],[-93.0764,34.2527],[-93.0753,34.2478],[-93.0763,34.2361],[-93.0806,34.2351],[-93.0793,34.2391],[-93.0823,34.2401],[-93.0843,34.2384],[-93.0845,34.2356],[-93.0907,34.2372],[-93.0907,34.2413],[-93.0883,34.2426],[-93.09,34.2457],[-93.0949,34.2458],[-93.0945,34.2305],[-93.1166,34.2307],[-93.1161,34.2462],[-93.1995,34.2481],[-93.1983,34.2773],[-93.3569,34.2803],[-93.3554,34.3529],[-93.3027,34.3523],[-93.3019,34.3959],[-93.1225,34.3917]]]}},{"type":"Feature","properties":{"leaid":"0506690","name":"Centerpoint School District","kind":"Unified","gradeLow":"PK","gradeHigh":"12","state":"AR"},"geometry":{"type":"Polygon","coordinates":[[[-93.3019,34.3959],[-93.3027,34.3523],[-93.3554,34.3529],[-93.3569,34.2803],[-93.1983,34.2773],[-93.1995,34.2481],[-93.183,34.2477],[-93.1845,34.2114],[-93.2723,34.2139],[-93.272,34.2287],[-93.2905,34.2292],[-93.2937,34.1267],[-93.4433,34.1305],[-93.4477,34.1324],[-93.4571,34.1305],[-93.4548,34.136],[-93.4597,34.1435],[-93.4573,34.1439],[-93.4555,34.14],[-93.4524,34.1395],[-93.4507,34.1411],[-93.4512,34.1434],[-93.4491,34.1464],[-93.4455,34.1461],[-93.4436,34.1473],[-93.4494,34.1528],[-93.4537,34.1535],[-93.4557,34.1584],[-93.4564,34.1637],[-93.4541,34.1681],[-93.4553,34.1711],[-93.4547,34.1731],[-93.4473,34.1741],[-93.4548,34.1772],[-93.4485,34.1802],[-93.4604,34.1905],[-93.4538,34.1965],[-93.4493,34.1981],[-93.4476,34.2029],[-93.4424,34.2063],[-93.443,34.2084],[-93.4484,34.2074],[-93.4502,34.2052],[-93.4582,34.2123],[-93.4602,34.2104],[-93.4617,34.2058],[-93.4635,34.2051],[-93.4673,34.2073],[-93.4709,34.2069],[-93.4778,34.2095],[-93.4878,34.2094],[-93.4898,34.2077],[-93.4915,34.2096],[-93.4894,34.2119],[-93.5022,34.2141],[-93.5015,34.2537],[-93.5158,34.2539],[-93.5157,34.2685],[-93.533,34.2689],[-93.5329,34.2835],[-93.5678,34.2843],[-93.5668,34.3314],[-93.5691,34.3342],[-93.573,34.3362],[-93.5737,34.3401],[-93.5722,34.343],[-93.4082,34.3395],[-93.4065,34.424],[-93.401,34.4246],[-93.3994,34.4229],[-93.3926,34.4236],[-93.3896,34.4227],[-93.388,34.4207],[-93.3861,34.4208],[-93.3849,34.4227],[-93.3801,34.4229],[-93.3798,34.4257],[-93.3766,34.4283],[-93.3679,34.426],[-93.3191,34.4257],[-93.3194,34.3963],[-93.3019,34.3959]]]}},{"type":"Feature","properties":{"leaid":"0502580","name":"Ashdown School District","kind":"Unified","gradeLow":"PK","gradeHigh":"12","state":"AR"},"geometry":{"type":"Polygon","coordinates":[[[-94.0918,33.8271],[-94.0932,33.787],[-94.0869,33.7854],[-94.0864,33.7832],[-94.0881,33.7791],[-94.0836,33.7748],[-94.0759,33.7761],[-94.0687,33.774],[-94.063,33.7696],[-94.0637,33.7691],[-94.06,33.764],[-94.0581,33.7561],[-94.0555,33.7529],[-94.0585,33.746],[-94.0625,33.7439],[-94.0575,33.7406],[-94.0584,33.7365],[-94.0567,33.7349],[-94.0531,33.7242],[-94.0455,33.7239],[-94.0237,33.7381],[-94.0236,33.7529],[-93.957,33.751],[-93.9572,33.7488],[-93.9545,33.7483],[-93.9553,33.7424],[-93.9537,33.7417],[-93.9528,33.7387],[-93.9561,33.7388],[-93.9586,33.7344],[-93.9596,33.7355],[-93.9594,33.7393],[-93.9617,33.7384],[-93.9672,33.7416],[-93.9697,33.7397],[-93.9677,33.7362],[-93.9643,33.7373],[-93.9629,33.7353],[-93.9644,33.7332],[-93.9678,33.7319],[-93.9694,33.7278],[-93.9673,33.7219],[-93.965,33.7192],[-93.964,33.7131],[-93.9615,33.7118],[-93.9587,33.7138],[-93.9577,33.7222],[-93.9596,33.7266],[-93.959,33.7279],[-93.9542,33.7282],[-93.9512,33.7216],[-93.9562,33.7138],[-93.9518,33.7095],[-93.9517,33.7062],[-93.9554,33.7049],[-93.9628,33.7069],[-93.9668,33.7039],[-93.9661,33.6997],[-93.9607,33.6944],[-93.9609,33.6909],[-93.9634,33.6871],[-93.9631,33.6826],[-93.9677,33.6766],[-93.9645,33.6684],[-93.9546,33.6626],[-93.9471,33.6607],[-93.9455,33.6586],[-93.9439,33.65],[-93.9401,33.6476],[-93.9378,33.648],[-93.9302,33.6551],[-93.9301,33.6574],[-93.9325,33.6603],[-93.9318,33.6626],[-93.9241,33.6633],[-93.9196,33.6653],[-93.9147,33.6643],[-93.9129,33.6622],[-93.9147,33.658],[-93.9035,33.6517],[-93.9017,33.6487],[-93.9045,33.6427],[-93.9118,33.64],[-93.9164,33.6308],[-93.9158,33.6291],[-93.9105,33.6286],[-93.9047,33.6369],[-93.8977,33.6394],[-93.8936,33.6394],[-93.891,33.6376],[-93.8867,33.6292],[-93.8845,33.6274],[-93.8794,33.6286],[-93.8763,33.6339],[-93.8706,33.6334],[-93.8645,33.631],[-93.8613,33.6282],[-93.8604,33.6257],[-93.8615,33.6192],[-93.858,33.6156],[-93.8517,33.6138],[-93.8477,33.618],[-93.8433,33.6181],[-93.8398,33.6165],[-93.8339,33.6072],[-93.8314,33.6069],[-93.8259,33.6099],[-93.8255,33.6069],[-93.8299,33.6034],[-93.8355,33.6029],[-93.8501,33.6085],[-93.8601,33.6107],[-93.8631,33.6102],[-93.872,33.6041],[-93.874,33.5982],[-93.8797,33.5907],[-93.898,33.5801],[-93.8997,33.5812],[-93.8974,33.5856],[-93.898,33.5902],[-93.9007,33.5934],[-93.9057,33.5953],[-93.9161,33.5891],[-93.9164,33.5875],[-93.9142,33.5842],[-93.9044,33.5796],[-93.9022,33.576],[-93.9032,33.5709],[-93.9064,33.5692],[-93.9101,33.5693],[-93.9189,33.5796],[-93.9258,33.5812],[-93.9315,33.5801],[-93.9357,33.5756],[-93.9415,33.5636],[-93.9435,33.553],[-93.9501,33.5501],[-93.9541,33.5505],[-93.9581,33.553],[-93.9596,33.568],[-93.964,33.5725],[-93.9727,33.5729],[-93.9793,33.5704],[-93.9824,33.568],[-93.9837,33.5634],[-93.9745,33.5583],[-93.9734,33.5538],[-93.9787,33.5401],[-93.982,33.5362],[-93.9862,33.5347],[-93.9919,33.537],[-93.9981,33.5446],[-93.9983,33.5474],[-93.9946,33.5541],[-93.9942,33.558],[-93.9972,33.5625],[-94.0018,33.5648],[-94.0099,33.565],[-94.0227,33.5569],[-94.0454,33.5512],[-94.0499,33.5512],[-94.0518,33.5527],[-94.0618,33.5495],[-94.0721,33.5539],[-94.0739,33.5565],[-94.0726,33.5595],[-94.0673,33.561],[-94.0601,33.5593],[-94.0556,33.5616],[-94.0557,33.5634],[-94.0569,33.5679],[-94.0676,33.5699],[-94.0704,33.5774],[-94.0703,33.5819],[-94.0735,33.5848],[-94.0751,33.5827],[-94.0719,33.577],[-94.0725,33.5723],[-94.0818,33.5753],[-94.0919,33.5751],[-94.1117,33.5672],[-94.1207,33.567],[-94.1205,33.5618],[-94.1225,33.5535],[-94.1262,33.5508],[-94.1287,33.5509],[-94.1308,33.552],[-94.1322,33.555],[-94.1351,33.571],[-94.137,33.571],[-94.1449,33.5652],[-94.1484,33.5657],[-94.1514,33.5685],[-94.151,33.5721],[-94.143,33.5775],[-94.142,33.5811],[-94.146,33.582],[-94.1524,33.5762],[-94.157,33.5758],[-94.1618,33.5803],[-94.161,33.5875],[-94.1618,33.5887],[-94.1798,33.592],[-94.1838,33.5947],[-94.1967,33.5812],[-94.2042,33.5798],[-94.2129,33.5834],[-94.2152,33.5829],[-94.2173,33.5802],[-94.2164,33.5767],[-94.2117,33.5738],[-94.2087,33.5737],[-94.2017,33.5775],[-94.1945,33.5737],[-94.1898,33.5618],[-94.1916,33.5572],[-94.1954,33.5552],[-94.198,33.5551],[-94.2008,33.5573],[-94.2033,33.5659],[-94.2058,33.5671],[-94.2085,33.5666],[-94.2134,33.563],[-94.2206,33.5552],[-94.2283,33.5523],[-94.2375,33.5525],[-94.2507,33.5571],[-94.2522,33.5607],[-94.2511,33.5651],[-94.2442,33.5737],[-94.2382,33.5772],[-94.2369,33.58],[-94.2367,33.5871],[-94.242,33.5898],[-94.2527,33.5862],[-94.26,33.5804],[-94.2661,33.573],[-94.2716,33.5621],[-94.2742,33.5588],[-94.2782,33.5571],[-94.2866,33.5571],[-94.2907,33.5587],[-94.2915,33.5631],[-94.2905,33.5673],[-94.2817,33.5735],[-94.2807,33.5771],[-94.2824,33.5809],[-94.2845,33.5823],[-94.292,33.5812],[-94.2987,33.5759],[-94.3016,33.5721],[-94.3068,33.5602],[-94.3064,33.5557],[-94.3084,33.5528],[-94.3094,33.5725],[-94.3084,33.6085],[-94.3257,33.6089],[-94.3249,33.6308],[-94.3076,33.6304],[-94.3051,33.7023],[-94.3398,33.7034],[-94.3393,33.718],[-94.2874,33.7164],[-94.2859,33.7597],[-94.3712,33.7622],[-94.3739,33.7624],[-94.3737,33.7661],[-94.3467,33.7653],[-94.3466,33.7761],[-94.3379,33.7758],[-94.3376,33.7815],[-94.3285,33.7811],[-94.3283,33.79],[-94.3114,33.7896],[-94.3111,33.8091],[-94.3062,33.8091],[-94.306,33.8185],[-94.3018,33.8184],[-94.3016,33.8213],[-94.2935,33.8235],[-94.2854,33.83],[-94.2794,33.8289],[-94.2764,33.8228],[-94.2714,33.8219],[-94.2681,33.8172],[-94.2658,33.8171],[-94.263,33.8196],[-94.2587,33.8174],[-94.2518,33.8182],[-94.2506,33.8166],[-94.251,33.8122],[-94.2391,33.808],[-94.2393,33.8027],[-94.2379,33.8019],[-94.234,33.803],[-94.2312,33.8012],[-94.2289,33.8015],[-94.2291,33.8086],[-94.2234,33.8118],[-94.2212,33.8162],[-94.2185,33.8148],[-94.218,33.8043],[-94.2165,33.8024],[-94.2133,33.8031],[-94.2099,33.8077],[-94.198,33.8096],[-94.1915,33.8123],[-94.1859,33.8118],[-94.1835,33.8098],[-94.1828,33.8074],[-94.1869,33.8034],[-94.1849,33.7943],[-94.1899,33.7894],[-94.1896,33.7868],[-94.187,33.7857],[-94.1816,33.7888],[-94.1701,33.7896],[-94.1699,33.7908],[-94.1742,33.7938],[-94.1713,33.7956],[-94.1652,33.7912],[-94.1631,33.7851],[-94.159,33.7832],[-94.1572,33.84],[-94.1529,33.8399],[-94.1527,33.8434],[-94.144,33.8428],[-94.1438,33.8505],[-94.1089,33.8494],[-94.1092,33.8422],[-94.1004,33.8419],[-94.1008,33.8273],[-94.0918,33.8271]]]}},{"type":"Feature","properties":{"leaid":"0502610","name":"Atkins Public Schools","kind":"Unified","gradeLow":"PK","gradeHigh":"12","state":"AR"},"geometry":{"type":"Polygon","coordinates":[[[-92.8707,35.3367],[-92.8712,35.2967],[-92.8757,35.2967],[-92.8759,35.2895],[-92.8714,35.2894],[-92.8714,35.2786],[-92.8629,35.2787],[-92.863,35.2819],[-92.8539,35.2818],[-92.8551,35.1738],[-92.8682,35.1741],[-92.8874,35.1701],[-92.8964,35.1696],[-92.9015,35.1701],[-92.9182,35.1759],[-92.9389,35.1767],[-92.9464,35.1758],[-92.9611,35.1697],[-92.979,35.172],[-93.0031,35.1683],[-93.0165,35.1647],[-93.016,35.1823],[-93.0068,35.1822],[-93.0051,35.2413],[-93.0094,35.2413],[-93.0092,35.2474],[-92.9828,35.2469],[-92.9827,35.2543],[-92.9869,35.2544],[-92.9867,35.2616],[-92.978,35.2615],[-92.9778,35.2688],[-92.9867,35.2688],[-92.9862,35.2833],[-92.9688,35.2831],[-92.9688,35.2868],[-92.9731,35.2868],[-92.9731,35.2904],[-92.9773,35.2905],[-92.9772,35.2942],[-92.9687,35.294],[-92.9688,35.2903],[-92.9668,35.2903],[-92.9668,35.2976],[-92.9646,35.2974],[-92.9643,35.2941],[-92.9602,35.294],[-92.9599,35.3048],[-92.9773,35.305],[-92.9772,35.3124],[-93.0039,35.3126],[-93.0038,35.3199],[-93.0127,35.32],[-93.0128,35.3169],[-93.0258,35.3171],[-93.0259,35.3124],[-93.0304,35.3125],[-93.0304,35.3306],[-93.0215,35.3305],[-93.0215,35.3348],[-93.0081,35.3346],[-93.0076,35.349],[-92.9767,35.3485],[-92.9761,35.3775],[-92.9316,35.3772],[-92.9319,35.3555],[-92.9022,35.3554],[-92.9021,35.3479],[-92.8882,35.3478],[-92.8885,35.3334],[-92.8796,35.3333],[-92.8797,35.3369],[-92.8707,35.3367]]]}},{"type":"Feature","properties":{"leaid":"0504410","name":"Clinton School District","kind":"Unified","gradeLow":"PK","gradeHigh":"12","state":"AR"},"geometry":{"type":"Polygon","coordinates":[[[-92.4301,35.7887],[-92.4303,35.7813],[-92.4259,35.7813],[-92.4262,35.7681],[-92.435,35.7682],[-92.4361,35.7016],[-92.4006,35.7012],[-92.4031,35.6284],[-92.3855,35.628],[-92.3858,35.5845],[-92.3327,35.5832],[-92.3331,35.5618],[-92.3156,35.5617],[-92.3159,35.5369],[-92.3344,35.5373],[-92.3344,35.5324],[-92.3384,35.5324],[-92.3386,35.5255],[-92.3653,35.5259],[-92.3655,35.5114],[-92.37,35.5115],[-92.3701,35.5078],[-92.399,35.5086],[-92.3992,35.4978],[-92.4056,35.4979],[-92.4059,35.4905],[-92.4107,35.4905],[-92.4107,35.4835],[-92.4196,35.4837],[-92.4197,35.4803],[-92.422,35.4803],[-92.4222,35.4764],[-92.4376,35.4767],[-92.4373,35.4808],[-92.4329,35.4808],[-92.4329,35.4839],[-92.4416,35.484],[-92.4416,35.4913],[-92.4461,35.4913],[-92.446,35.4869],[-92.4547,35.487],[-92.4547,35.4892],[-92.4592,35.4894],[-92.46,35.4696],[-92.4689,35.4698],[-92.469,35.465],[-92.4561,35.4648],[-92.4554,35.4696],[-92.4422,35.4695],[-92.4429,35.4623],[-92.4481,35.4623],[-92.4481,35.4578],[-92.4519,35.4579],[-92.452,35.4553],[-92.4661,35.4555],[-92.4667,35.4412],[-92.4707,35.4414],[-92.4708,35.4379],[-92.4755,35.438],[-92.4756,35.4305],[-92.4799,35.4306],[-92.4796,35.4556],[-92.851,35.463],[-92.8497,35.521],[-92.8852,35.5212],[-92.8845,35.565],[-92.867,35.5645],[-92.8664,35.5789],[-92.8486,35.5788],[-92.8484,35.5931],[-92.8124,35.5926],[-92.8117,35.6356],[-92.8476,35.6361],[-92.8473,35.651],[-92.8295,35.6504],[-92.8293,35.6577],[-92.8202,35.6575],[-92.8198,35.6794],[-92.6859,35.6766],[-92.685,35.7049],[-92.6496,35.7042],[-92.6494,35.719],[-92.6314,35.7184],[-92.6307,35.7435],[-92.613,35.7432],[-92.613,35.7395],[-92.5954,35.7393],[-92.5952,35.7467],[-92.5863,35.7466],[-92.5861,35.761],[-92.5591,35.7608],[-92.5585,35.79],[-92.4301,35.7887]]]}},{"type":"Feature","properties":{"leaid":"0505430","name":"Dover School District","kind":"Unified","gradeLow":"PK","gradeHigh":"12","state":"AR"},"geometry":{"type":"Polygon","coordinates":[[[-93.076,35.7269],[-93.0777,35.6688],[-93.0421,35.6683],[-93.0421,35.6538],[-93.0596,35.654],[-93.0609,35.6251],[-93.0386,35.6248],[-93.0386,35.6285],[-93.0429,35.6286],[-93.0427,35.632],[-93.0408,35.632],[-93.034,35.6319],[-93.0341,35.6248],[-93.0253,35.6248],[-93.0253,35.5882],[-93.0522,35.5885],[-93.0522,35.5851],[-93.0564,35.5851],[-93.0566,35.5886],[-93.061,35.5886],[-93.0616,35.5671],[-93.0439,35.5668],[-93.0453,35.5094],[-93.0981,35.51],[-93.0985,35.4842],[-93.1074,35.4844],[-93.1076,35.4702],[-93.1033,35.4701],[-93.1031,35.4773],[-93.0987,35.4771],[-93.0989,35.459],[-93.0901,35.4589],[-93.0901,35.4553],[-93.0945,35.4554],[-93.0945,35.4517],[-93.0636,35.4518],[-93.0639,35.4225],[-93.011,35.4219],[-93.011,35.4072],[-92.989,35.407],[-92.9894,35.3923],[-92.9848,35.3921],[-92.9852,35.3777],[-92.9761,35.3775],[-92.9767,35.3485],[-93.0076,35.349],[-93.0081,35.3346],[-93.026,35.3349],[-93.0259,35.3495],[-93.03,35.3496],[-93.03,35.3568],[-93.0919,35.3579],[-93.0919,35.3652],[-93.1003,35.3654],[-93.1094,35.3655],[-93.1095,35.3509],[-93.1315,35.3513],[-93.1317,35.3447],[-93.1453,35.3451],[-93.1453,35.337],[-93.1543,35.3371],[-93.1541,35.3482],[-93.1588,35.3481],[-93.1588,35.3553],[-93.1541,35.3551],[-93.1538,35.3626],[-93.1908,35.3631],[-93.1908,35.3668],[-93.2086,35.3669],[-93.2081,35.3819],[-93.2616,35.3824],[-93.2613,35.3934],[-93.2656,35.3934],[-93.2658,35.3861],[-93.2755,35.3861],[-93.2754,35.3898],[-93.2801,35.3898],[-93.2797,35.4044],[-93.2842,35.4044],[-93.284,35.4117],[-93.2795,35.4114],[-93.2791,35.4262],[-93.2969,35.4263],[-93.2967,35.4371],[-93.2604,35.4368],[-93.2597,35.4409],[-93.2562,35.4426],[-93.2509,35.4373],[-93.2439,35.4373],[-93.242,35.4356],[-93.2422,35.433],[-93.229,35.4329],[-93.228,35.4688],[-93.2238,35.4687],[-93.2213,35.5991],[-93.1856,35.5985],[-93.1853,35.6129],[-93.1676,35.6128],[-93.1645,35.7289],[-93.076,35.7269]]]}},{"type":"Feature","properties":{"leaid":"0507620","name":"Hector School District","kind":"Unified","gradeLow":"PK","gradeHigh":"12","state":"AR"},"geometry":{"type":"Polygon","coordinates":[[[-92.8108,35.6792],[-92.8198,35.6794],[-92.8202,35.6575],[-92.8293,35.6577],[-92.8295,35.6504],[-92.8473,35.651],[-92.8476,35.6374],[-92.8476,35.6361],[-92.8117,35.6356],[-92.8124,35.5926],[-92.8484,35.5931],[-92.8486,35.5788],[-92.8664,35.5789],[-92.867,35.5645],[-92.8845,35.565],[-92.8852,35.5212],[-92.8497,35.521],[-92.8533,35.333],[-92.8575,35.3331],[-92.8575,35.3295],[-92.8708,35.3292],[-92.8707,35.3367],[-92.8797,35.3369],[-92.8796,35.3333],[-92.8885,35.3334],[-92.8882,35.3478],[-92.9021,35.3479],[-92.9022,35.3554],[-92.9319,35.3555],[-92.9316,35.3772],[-92.9852,35.3777],[-92.9848,35.3921],[-92.9894,35.3923],[-92.989,35.407],[-93.011,35.4072],[-93.011,35.4219],[-93.0639,35.4225],[-93.0636,35.4518],[-93.0945,35.4517],[-93.0945,35.4554],[-93.0901,35.4553],[-93.0901,35.4589],[-93.0989,35.459],[-93.0987,35.4771],[-93.1031,35.4773],[-93.1033,35.4701],[-93.1076,35.4702],[-93.1074,35.4844],[-93.0985,35.4842],[-93.0981,35.51],[-93.0453,35.5094],[-93.0439,35.5668],[-93.0616,35.5671],[-93.061,35.5886],[-93.0566,35.5886],[-93.0564,35.5851],[-93.0522,35.5851],[-93.0522,35.5885],[-93.0253,35.5882],[-93.0253,35.6248],[-93.0341,35.6248],[-93.034,35.6319],[-93.0408,35.632],[-93.0427,35.632],[-93.0429,35.6286],[-93.0386,35.6285],[-93.0386,35.6248],[-93.0609,35.6251],[-93.0596,35.654],[-93.0421,35.6538],[-93.0421,35.6683],[-93.0777,35.6688],[-93.076,35.7269],[-92.8456,35.7231],[-92.8452,35.7376],[-92.8092,35.7369],[-92.8087,35.7515],[-92.7999,35.7514],[-92.8001,35.7368],[-92.7918,35.7366],[-92.7918,35.7222],[-92.8097,35.7224],[-92.8108,35.6792]]]}},{"type":"Feature","properties":{"leaid":"0502670","name":"Augusta School District","kind":"Unified","gradeLow":"PK","gradeHigh":"12","state":"AR"},"geometry":{"type":"Polygon","coordinates":[[[-91.2517,35.3722],[-91.2695,35.3724],[-91.2694,35.3432],[-91.2517,35.343],[-91.2517,35.3277],[-91.2344,35.3275],[-91.2344,35.3093],[-91.2871,35.3107],[-91.2872,35.3056],[-91.2872,35.3031],[-91.2783,35.3032],[-91.2785,35.2775],[-91.2519,35.2772],[-91.2519,35.2812],[-91.2439,35.2811],[-91.244,35.2472],[-91.2527,35.2472],[-91.2534,35.1818],[-91.2026,35.181],[-91.2026,35.1492],[-91.15,35.1477],[-91.15,35.1426],[-91.1486,35.1405],[-91.1529,35.1381],[-91.1541,35.1349],[-91.161,35.133],[-91.1621,35.1311],[-91.1608,35.1276],[-91.1645,35.1252],[-91.1647,35.1235],[-91.1675,35.1217],[-91.1689,35.1191],[-91.1448,35.1187],[-91.1451,35.1044],[-91.1318,35.104],[-91.1322,35.0896],[-91.1507,35.0897],[-91.1511,35.0606],[-91.1689,35.061],[-91.1699,35.0029],[-91.2023,35.0033],[-91.2024,34.9845],[-91.2931,34.9852],[-91.2947,34.9125],[-91.3687,34.9127],[-91.3666,35.0073],[-91.3647,35.0072],[-91.3638,35.052],[-91.4417,35.0522],[-91.4386,35.0599],[-91.44,35.0617],[-91.4458,35.057],[-91.4622,35.0521],[-91.4701,35.0557],[-91.4761,35.0565],[-91.4789,35.0597],[-91.4775,35.0648],[-91.4739,35.0676],[-91.4705,35.0674],[-91.4603,35.0633],[-91.4459,35.068],[-91.4529,35.0726],[-91.4598,35.0815],[-91.4684,35.0845],[-91.4684,35.0862],[-91.4636,35.0922],[-91.4638,35.0982],[-91.4624,35.1024],[-91.4602,35.1015],[-91.4609,35.0957],[-91.4598,35.0922],[-91.4562,35.089],[-91.4521,35.0883],[-91.4494,35.0902],[-91.4535,35.096],[-91.4523,35.1019],[-91.4269,35.1026],[-91.4242,35.1052],[-91.4253,35.1091],[-91.4286,35.1116],[-91.4314,35.1104],[-91.4368,35.1046],[-91.4413,35.1039],[-91.4444,35.1054],[-91.4448,35.1088],[-91.4389,35.1184],[-91.446,35.1252],[-91.4496,35.1308],[-91.4519,35.1367],[-91.4515,35.1397],[-91.4496,35.1413],[-91.4469,35.1413],[-91.4395,35.1356],[-91.4366,35.135],[-91.4291,35.1365],[-91.4281,35.1381],[-91.4346,35.1429],[-91.4352,35.1457],[-91.4336,35.1517],[-91.4349,35.1538],[-91.4588,35.155],[-91.4618,35.1562],[-91.4633,35.1605],[-91.4595,35.1671],[-91.4536,35.1699],[-91.4423,35.1656],[-91.4377,35.1654],[-91.4336,35.168],[-91.4294,35.175],[-91.4213,35.1774],[-91.4223,35.1795],[-91.4348,35.1805],[-91.4359,35.1824],[-91.4344,35.1834],[-91.4295,35.1816],[-91.4264,35.1839],[-91.4269,35.1862],[-91.4314,35.1908],[-91.4304,35.1932],[-91.417,35.1926],[-91.4131,35.1943],[-91.4114,35.1974],[-91.4092,35.2103],[-91.4078,35.2127],[-91.4046,35.2146],[-91.4001,35.2144],[-91.3967,35.2116],[-91.3954,35.2073],[-91.3959,35.1964],[-91.3929,35.1924],[-91.3856,35.1882],[-91.3822,35.1876],[-91.3785,35.1901],[-91.3772,35.1954],[-91.379,35.198],[-91.3883,35.1987],[-91.3905,35.2018],[-91.3857,35.2091],[-91.3804,35.2129],[-91.3799,35.2156],[-91.3818,35.2172],[-91.3919,35.2179],[-91.3948,35.2216],[-91.3933,35.2232],[-91.3908,35.2236],[-91.3819,35.2201],[-91.3782,35.2223],[-91.379,35.2253],[-91.3872,35.2299],[-91.3892,35.235],[-91.3848,35.2466],[-91.3726,35.2557],[-91.371,35.2605],[-91.3714,35.2643],[-91.3752,35.2678],[-91.3792,35.2665],[-91.3797,35.2556],[-91.3836,35.2522],[-91.3882,35.2513],[-91.3923,35.2525],[-91.3987,35.2587],[-91.4007,35.2619],[-91.4006,35.2646],[-91.4118,35.2648],[-91.4112,35.2934],[-91.4136,35.2962],[-91.4128,35.3033],[-91.4157,35.3047],[-91.4204,35.2981],[-91.4287,35.2931],[-91.4346,35.2937],[-91.4374,35.2961],[-91.439,35.3018],[-91.4383,35.3054],[-91.4272,35.3109],[-91.428,35.3122],[-91.4341,35.3117],[-91.4356,35.3138],[-91.4282,35.3206],[-91.4248,35.3318],[-91.4264,35.3353],[-91.4308,35.3379],[-91.441,35.3393],[-91.4448,35.3463],[-91.4423,35.3486],[-91.4342,35.3489],[-91.4289,35.3508],[-91.4252,35.3534],[-91.4232,35.3569],[-91.4232,35.3593],[-91.4246,35.3607],[-91.4332,35.3618],[-91.4362,35.3637],[-91.4387,35.3676],[-91.4358,35.3712],[-91.4329,35.3718],[-91.4293,35.3707],[-91.4166,35.3614],[-91.4127,35.3604],[-91.4104,35.3615],[-91.4094,35.365],[-91.411,35.3678],[-91.4224,35.3693],[-91.425,35.3714],[-91.4257,35.3751],[-91.4234,35.3774],[-91.415,35.3808],[-91.4137,35.3833],[-91.4105,35.3852],[-91.4046,35.3862],[-91.3922,35.3751],[-91.3874,35.3741],[-91.3845,35.3751],[-91.3835,35.377],[-91.3846,35.3795],[-91.3901,35.3833],[-91.3924,35.3865],[-91.4006,35.3911],[-91.4007,35.3931],[-91.3897,35.3961],[-91.3688,35.4079],[-91.3678,35.4127],[-91.3722,35.4211],[-91.3678,35.4297],[-91.3638,35.4302],[-91.3628,35.4289],[-91.3638,35.4164],[-91.3609,35.4113],[-91.3554,35.4081],[-91.3526,35.4088],[-91.349,35.4117],[-91.3455,35.4243],[-91.3482,35.426],[-91.3558,35.427],[-91.3578,35.4291],[-91.3477,35.4379],[-91.3477,35.4412],[-91.3503,35.445],[-91.253,35.4458],[-91.2517,35.3722]]]}},{"type":"Feature","properties":{"leaid":"0509510","name":"Marvell School District","kind":"Unified","gradeLow":"PK","gradeHigh":"12","state":"AR"},"geometry":{"type":"Polygon","coordinates":[[[-90.8743,34.6434],[-90.875,34.5967],[-90.8681,34.5966],[-90.8681,34.5778],[-90.8389,34.5778],[-90.8391,34.5702],[-90.8213,34.57],[-90.8212,34.4967],[-90.8395,34.4968],[-90.8395,34.4823],[-90.8748,34.4822],[-90.8749,34.409],[-90.8577,34.4089],[-90.8576,34.4017],[-90.8259,34.4018],[-90.8187,34.4],[-90.8181,34.3907],[-90.8126,34.3822],[-90.8012,34.3758],[-90.7896,34.3724],[-90.7767,34.3736],[-90.7634,34.3793],[-90.748,34.3797],[-90.7382,34.3796],[-90.716,34.3736],[-90.7119,34.3607],[-90.7205,34.3608],[-90.7496,34.3681],[-90.7597,34.3665],[-90.7683,34.3598],[-90.77,34.3555],[-90.768,34.3462],[-90.7437,34.3225],[-90.7364,34.3121],[-90.7353,34.2997],[-90.738,34.2893],[-90.7529,34.2746],[-90.7604,34.2707],[-90.7656,34.2695],[-90.7845,34.2716],[-90.8167,34.2806],[-90.8258,34.2799],[-90.8318,34.2769],[-90.8336,34.2741],[-90.835,34.2586],[-90.8405,34.238],[-90.84,34.2268],[-90.8381,34.22],[-90.8395,34.2162],[-90.8471,34.2061],[-90.8564,34.2113],[-90.8647,34.2117],[-90.8768,34.2144],[-90.8923,34.2229],[-90.8996,34.229],[-90.9063,34.2444],[-90.9229,34.2465],[-90.9287,34.2447],[-90.9355,34.2378],[-90.9372,34.232],[-90.9345,34.2179],[-90.9198,34.2009],[-90.9144,34.1957],[-90.9082,34.1921],[-90.8867,34.1825],[-90.8775,34.1856],[-90.8736,34.1831],[-90.8694,34.1829],[-90.8544,34.1868],[-90.8382,34.1838],[-90.8274,34.1847],[-90.8205,34.1838],[-90.8126,34.181],[-90.8095,34.1777],[-90.8082,34.174],[-90.8076,34.1618],[-90.8132,34.1529],[-90.8257,34.142],[-90.8361,34.1379],[-90.85,34.1371],[-90.864,34.1403],[-90.882,34.1509],[-90.8944,34.1611],[-90.9016,34.1642],[-90.91,34.1655],[-90.9229,34.1558],[-90.9366,34.1494],[-90.9543,34.1386],[-90.9599,34.1338],[-90.961,34.1305],[-90.9599,34.1252],[-90.95,34.1119],[-90.9456,34.108],[-90.9213,34.0935],[-90.916,34.0926],[-90.9063,34.0937],[-90.8937,34.0977],[-90.8882,34.0978],[-90.8794,34.0949],[-90.8728,34.0879],[-90.8711,34.0817],[-90.8727,34.0754],[-90.888,34.0549],[-90.8887,34.0518],[-90.8862,34.0399],[-90.89,34.0291],[-90.8988,34.0244],[-90.9176,34.0214],[-90.9301,34.0219],[-90.9563,34.0265],[-90.9656,34.0267],[-90.9882,34.0192],[-90.98,34.0004],[-90.9799,33.9979],[-90.9709,33.9918],[-90.9612,33.9785],[-90.9625,33.9708],[-90.9662,33.9647],[-90.9711,33.9619],[-90.98,33.9602],[-90.9913,33.9617],[-91.0006,33.967],[-91.0189,34.0032],[-91.0363,33.9941],[-91.0479,33.9925],[-91.0541,33.9952],[-91.0718,34.0081],[-91.0778,34.0093],[-91.0837,34.0088],[-91.0879,34.0028],[-91.0902,33.994],[-91.0901,33.9684],[-91.0873,33.9587],[-91.079,33.9542],[-91.0942,33.9422],[-91.1045,33.9406],[-91.1093,33.9454],[-91.1175,33.9597],[-91.1224,33.9616],[-91.1289,33.9605],[-91.1341,33.9611],[-91.1422,33.9665],[-91.1465,33.9738],[-91.1558,33.9764],[-91.1584,33.9785],[-91.1592,33.9826],[-91.1572,33.9862],[-91.1565,33.992],[-91.1622,34.0058],[-91.1706,34.0151],[-91.1844,34.0175],[-91.1851,34.0206],[-91.1834,34.025],[-91.1839,34.0286],[-91.186,34.0316],[-91.1924,34.0325],[-91.1948,34.0345],[-91.197,34.0496],[-91.1954,34.0542],[-91.1892,34.0595],[-91.1878,34.0624],[-91.1929,34.0682],[-91.1943,34.072],[-91.1919,34.0735],[-91.186,34.0718],[-91.1836,34.0726],[-91.1833,34.0742],[-91.1868,34.0789],[-91.1851,34.0826],[-91.1744,34.0885],[-91.1681,34.0943],[-91.1634,34.0926],[-91.1579,34.0859],[-91.1502,34.0852],[-91.1479,34.0891],[-91.1492,34.0946],[-91.1487,34.1],[-91.1508,34.1033],[-91.1486,34.1043],[-91.145,34.1015],[-91.1413,34.1017],[-91.1439,34.1055],[-91.1424,34.1113],[-91.1387,34.111],[-91.1315,34.1066],[-91.1236,34.1063],[-91.1171,34.1217],[-91.1134,34.125],[-91.1108,34.1312],[-91.1077,34.1322],[-91.103,34.1292],[-91.1001,34.1294],[-91.0985,34.1316],[-91.0984,34.1381],[-91.0957,34.1408],[-91.0912,34.1418],[-91.0847,34.141],[-91.0786,34.1439],[-91.0789,34.1452],[-91.0847,34.1464],[-91.0867,34.1507],[-91.0903,34.1541],[-91.09,34.1565],[-91.084,34.159],[-91.0832,34.1611],[-91.0877,34.1702],[-91.0941,34.1754],[-91.0938,34.1777],[-91.087,34.1809],[-91.0935,34.1854],[-91.0941,34.1895],[-91.0883,34.1975],[-91.0882,34.201],[-91.0869,34.2022],[-91.0786,34.1967],[-91.0727,34.1984],[-91.0705,34.2014],[-91.0704,34.2088],[-91.0692,34.2122],[-91.0618,34.2154],[-91.0605,34.2174],[-91.0667,34.2246],[-91.0674,34.2323],[-91.0658,34.2395],[-91.0746,34.2433],[-91.0779,34.2467],[-91.0793,34.2507],[-91.0772,34.2524],[-91.0735,34.2497],[-91.0701,34.2497],[-91.0627,34.255],[-91.063,34.2567],[-91.0674,34.2585],[-91.0686,34.2603],[-91.0645,34.2649],[-91.0726,34.2655],[-91.0752,34.2676],[-91.0757,34.2698],[-91.0735,34.2788],[-91.0779,34.2823],[-91.0737,34.2871],[-91.0734,34.295],[-91.0707,34.298],[-91.0675,34.2981],[-91.0651,34.2961],[-91.0646,34.2938],[-91.0661,34.2899],[-91.0648,34.2879],[-91.061,34.287],[-91.0584,34.2892],[-91.0584,34.292],[-91.0615,34.2977],[-91.0607,34.3051],[-91.0649,34.3109],[-91.0627,34.3122],[-91.0549,34.3095],[-91.0521,34.3133],[-91.0532,34.3164],[-91.0556,34.3183],[-91.0627,34.3176],[-91.0644,34.3188],[-91.0621,34.3211],[-91.0543,34.3229],[-91.0565,34.3266],[-91.0532,34.3325],[-91.0566,34.3369],[-91.0557,34.3682],[-91.0411,34.3809],[-91.0538,34.3915],[-91.0553,34.3901],[-91.0548,34.4709],[-91.0722,34.4713],[-91.0724,34.4743],[-91.0713,34.4859],[-91.0545,34.4854],[-91.052,34.6457],[-90.8743,34.6434]]]}},{"type":"Feature","properties":{"leaid":"0502730","name":"Barton-Lexa School District","kind":"Unified","gradeLow":"PK","gradeHigh":"12","state":"AR"},"geometry":{"type":"Polygon","coordinates":[[[-90.6971,34.642],[-90.6972,34.6131],[-90.7064,34.6132],[-90.7064,34.606],[-90.7156,34.606],[-90.7156,34.5914],[-90.7329,34.5914],[-90.733,34.5842],[-90.7156,34.5841],[-90.7156,34.5803],[-90.7022,34.5804],[-90.7022,34.5693],[-90.6979,34.5693],[-90.6979,34.5343],[-90.6981,34.503],[-90.7067,34.503],[-90.7068,34.4961],[-90.7332,34.4964],[-90.7334,34.4744],[-90.6806,34.4741],[-90.6809,34.4233],[-90.7158,34.4234],[-90.716,34.3736],[-90.7382,34.3796],[-90.748,34.3797],[-90.7634,34.3793],[-90.7767,34.3736],[-90.7896,34.3724],[-90.8012,34.3758],[-90.8126,34.3822],[-90.8181,34.3907],[-90.8187,34.4],[-90.8259,34.4018],[-90.8576,34.4017],[-90.8577,34.4089],[-90.8749,34.409],[-90.8748,34.4822],[-90.8395,34.4823],[-90.8395,34.4968],[-90.8212,34.4967],[-90.8213,34.57],[-90.8391,34.5702],[-90.8389,34.5778],[-90.8681,34.5778],[-90.8681,34.5966],[-90.875,34.5967],[-90.8743,34.6434],[-90.6971,34.642]]]}},{"type":"Feature","properties":{"leaid":"0502820","name":"Bay School District","kind":"Unified","gradeLow":"PK","gradeHigh":"12","state":"AR"},"geometry":{"type":"Polygon","coordinates":[[[-90.5085,35.8228],[-90.5086,35.7939],[-90.4994,35.794],[-90.4999,35.7661],[-90.466,35.7643],[-90.4662,35.7497],[-90.4706,35.7499],[-90.471,35.738],[-90.4665,35.7379],[-90.4667,35.7053],[-90.5006,35.7073],[-90.6061,35.7044],[-90.6438,35.7048],[-90.643,35.7631],[-90.6079,35.7619],[-90.6077,35.7693],[-90.6339,35.7702],[-90.6337,35.7774],[-90.6293,35.7773],[-90.6292,35.7919],[-90.6075,35.7919],[-90.6077,35.7766],[-90.5533,35.7781],[-90.5529,35.8221],[-90.5706,35.8219],[-90.5709,35.8652],[-90.5174,35.8661],[-90.5173,35.8227],[-90.5085,35.8228]]]}},{"type":"Feature","properties":{"leaid":"0510440","name":"Nettleton School District","kind":"Unified","gradeLow":"PK","gradeHigh":"12","state":"AR"},"geometry":{"type":"Polygon","coordinates":[[[-90.5707,35.8363],[-90.5706,35.8219],[-90.5529,35.8221],[-90.5533,35.7781],[-90.6077,35.7766],[-90.6075,35.7919],[-90.6292,35.7919],[-90.6293,35.7773],[-90.6337,35.7774],[-90.6339,35.7702],[-90.6077,35.7693],[-90.6079,35.7619],[-90.6613,35.7633],[-90.661,35.7706],[-90.6968,35.7706],[-90.6964,35.7925],[-90.7141,35.7925],[-90.714,35.7998],[-90.7096,35.7997],[-90.7095,35.8071],[-90.705,35.807],[-90.7049,35.8141],[-90.6601,35.8139],[-90.6599,35.8205],[-90.6644,35.8211],[-90.6599,35.8211],[-90.6593,35.8354],[-90.6774,35.8357],[-90.6751,35.8935],[-90.6396,35.8932],[-90.6404,35.8642],[-90.6107,35.8642],[-90.6342,35.8354],[-90.5707,35.8363]]]}},{"type":"Feature","properties":{"leaid":"0502880","name":"Beebe School District","kind":"Unified","gradeLow":"PK","gradeHigh":"12","state":"AR"},"geometry":{"type":"Polygon","coordinates":[[[-91.9517,35.2275],[-91.925,35.2272],[-91.925,35.22],[-91.895,35.2192],[-91.8902,35.2192],[-91.8899,35.2264],[-91.8807,35.2263],[-91.8813,35.2117],[-91.8728,35.2115],[-91.8726,35.2153],[-91.8635,35.2154],[-91.8634,35.2199],[-91.8546,35.2196],[-91.8543,35.2146],[-91.8433,35.217],[-91.8419,35.2183],[-91.8409,35.2171],[-91.8297,35.2183],[-91.8278,35.2172],[-91.8282,35.2105],[-91.8194,35.2103],[-91.8192,35.214],[-91.8172,35.2151],[-91.8153,35.2143],[-91.8145,35.212],[-91.811,35.2098],[-91.8119,35.204],[-91.8075,35.1965],[-91.8007,35.1951],[-91.7975,35.1874],[-91.795,35.188],[-91.7944,35.1863],[-91.792,35.1866],[-91.7915,35.1855],[-91.7931,35.1848],[-91.7905,35.1843],[-91.7914,35.1827],[-91.7899,35.1811],[-91.7352,35.1807],[-91.7676,35.1558],[-91.7674,35.1522],[-91.75,35.1522],[-91.7501,35.1228],[-91.7148,35.1221],[-91.7152,35.093],[-91.7079,35.0931],[-91.7082,35.0625],[-91.7109,35.0628],[-91.711,35.061],[-91.7147,35.0584],[-91.7162,35.0591],[-91.7184,35.0577],[-91.7215,35.0587],[-91.7223,35.0565],[-91.7243,35.057],[-91.7244,35.0551],[-91.7257,35.0559],[-91.7275,35.0556],[-91.7282,35.0541],[-91.7307,35.0547],[-91.7316,35.0513],[-91.7424,35.05],[-91.7421,35.0489],[-91.7438,35.0477],[-91.7449,35.0074],[-91.8027,35.0087],[-91.8025,35.0307],[-91.8113,35.0309],[-91.8113,35.0335],[-91.8145,35.032],[-91.8272,35.0317],[-91.832,35.0283],[-91.8356,35.0305],[-91.8409,35.0297],[-91.8433,35.027],[-91.8493,35.0282],[-91.8505,35.0255],[-91.8527,35.0246],[-91.8542,35.0263],[-91.8555,35.0247],[-91.8588,35.026],[-91.8688,35.0241],[-91.8697,35.0256],[-91.8715,35.0256],[-91.8753,35.0235],[-91.8766,35.0251],[-91.88,35.0253],[-91.8817,35.0278],[-91.8864,35.0279],[-91.8947,35.0329],[-91.9026,35.0277],[-91.9046,35.0295],[-91.904,35.0307],[-91.908,35.0328],[-91.9082,35.0348],[-91.9123,35.0349],[-91.9158,35.037],[-91.9189,35.0395],[-91.9181,35.0413],[-91.9192,35.0436],[-91.9206,35.043],[-91.9253,35.0459],[-91.9269,35.0453],[-91.9288,35.0469],[-91.9287,35.0453],[-91.9306,35.0443],[-91.9357,35.0463],[-91.9363,35.0445],[-91.9388,35.0437],[-91.9444,35.0462],[-91.9488,35.0459],[-91.9495,35.0445],[-91.954,35.0466],[-91.955,35.046],[-91.9564,35.0478],[-91.9547,35.0496],[-91.9606,35.0497],[-91.9602,35.0508],[-91.9619,35.0523],[-91.9621,35.0509],[-91.9645,35.0517],[-91.9648,35.0503],[-91.9652,35.0517],[-91.9674,35.0515],[-91.9702,35.0496],[-91.9713,35.0518],[-91.9738,35.0516],[-91.9733,35.0528],[-91.9772,35.0526],[-91.9762,35.0537],[-91.9775,35.0551],[-91.9795,35.0533],[-91.9797,35.0549],[-91.9825,35.0562],[-91.9802,35.0579],[-91.9847,35.0601],[-91.989,35.06],[-91.9914,35.0615],[-91.9958,35.059],[-91.9964,35.061],[-91.9979,35.0614],[-91.9976,35.0639],[-91.9989,35.0626],[-91.9996,35.0641],[-92.0015,35.0623],[-92.0017,35.0635],[-92.0029,35.0635],[-92.0025,35.0654],[-92.0037,35.0644],[-92.0043,35.0658],[-92.0064,35.0661],[-92.0097,35.0706],[-92.0088,35.0719],[-92.0122,35.0722],[-92.0107,35.0731],[-92.0121,35.0746],[-92.0114,35.0759],[-92.0129,35.0763],[-92.0253,35.0711],[-92.0263,35.0727],[-92.0282,35.0729],[-92.0301,35.0714],[-92.0352,35.0732],[-92.0364,35.0719],[-92.0382,35.0724],[-92.0389,35.0713],[-92.0434,35.0705],[-92.0432,35.0684],[-92.0485,35.0685],[-92.0502,35.0671],[-92.0523,35.0681],[-92.0546,35.0674],[-92.0541,35.0683],[-92.0553,35.0693],[-92.0577,35.0687],[-92.0572,35.0697],[-92.0589,35.0706],[-92.0579,35.0718],[-92.0591,35.0736],[-92.0622,35.0728],[-92.0623,35.0744],[-92.0649,35.0735],[-92.0683,35.0752],[-92.0716,35.0739],[-92.0761,35.0747],[-92.0777,35.0733],[-92.0771,35.072],[-92.0802,35.0704],[-92.0803,35.0683],[-92.0844,35.0693],[-92.0843,35.0678],[-92.0878,35.0669],[-92.0891,35.0648],[-92.0944,35.0662],[-92.094,35.0646],[-92.0961,35.0642],[-92.0993,35.0656],[-92.0983,35.066],[-92.099,35.0677],[-92.1012,35.0667],[-92.1033,35.0688],[-92.1048,35.0681],[-92.1046,35.0656],[-92.108,35.0665],[-92.1108,35.0656],[-92.1135,35.0676],[-92.1137,35.0665],[-92.1161,35.0671],[-92.1158,35.066],[-92.1181,35.0674],[-92.1197,35.0666],[-92.117,35.1573],[-92.0674,35.1564],[-92.0671,35.1709],[-92.0409,35.1705],[-92.0405,35.1852],[-92.0312,35.185],[-92.0305,35.2066],[-92.0048,35.2063],[-92.0046,35.2137],[-92.0087,35.2138],[-92.0086,35.2209],[-92.0126,35.2209],[-92.0125,35.2282],[-91.9872,35.2279],[-91.9875,35.2206],[-91.9786,35.2204],[-91.9607,35.2202],[-91.9608,35.2239],[-91.9518,35.2239],[-91.9517,35.2275]]]}},{"type":"Feature","properties":{"leaid":"0508400","name":"Riverview School District","kind":"Unified","gradeLow":"PK","gradeHigh":"12","state":"AR"},"geometry":{"type":"Polygon","coordinates":[[[-91.6495,35.3664],[-91.6315,35.3662],[-91.6317,35.3551],[-91.6232,35.355],[-91.6234,35.348],[-91.6189,35.3479],[-91.619,35.3407],[-91.61,35.3407],[-91.6104,35.326],[-91.606,35.326],[-91.606,35.3153],[-91.6063,35.3117],[-91.6108,35.3115],[-91.6109,35.3047],[-91.6065,35.3044],[-91.6068,35.2898],[-91.5982,35.2898],[-91.5984,35.2678],[-91.5896,35.2676],[-91.5902,35.253],[-91.6074,35.2535],[-91.6074,35.2388],[-91.6164,35.2388],[-91.6167,35.2354],[-91.6198,35.2305],[-91.62,35.2209],[-91.6155,35.213],[-91.6092,35.2055],[-91.6059,35.2041],[-91.5973,35.2048],[-91.5931,35.2036],[-91.5905,35.2019],[-91.5897,35.1969],[-91.5884,35.196],[-91.578,35.1987],[-91.5738,35.2028],[-91.5651,35.202],[-91.5619,35.2055],[-91.5597,35.2062],[-91.5408,35.208],[-91.5368,35.2042],[-91.5356,35.1991],[-91.5369,35.1968],[-91.5442,35.1924],[-91.5423,35.1878],[-91.5328,35.1884],[-91.5278,35.1932],[-91.5183,35.1944],[-91.5146,35.1934],[-91.5119,35.1895],[-91.5069,35.189],[-91.5043,35.1912],[-91.5067,35.1989],[-91.5029,35.2041],[-91.4997,35.2029],[-91.4982,35.1996],[-91.5018,35.1927],[-91.4957,35.1896],[-91.4939,35.1898],[-91.4861,35.2031],[-91.4844,35.2034],[-91.4821,35.1915],[-91.4741,35.1937],[-91.4721,35.1929],[-91.4725,35.189],[-91.4773,35.1862],[-91.4765,35.185],[-91.4692,35.1867],[-91.4656,35.1835],[-91.4626,35.1863],[-91.4571,35.1872],[-91.4551,35.189],[-91.4539,35.1953],[-91.4523,35.1955],[-91.4481,35.1892],[-91.4458,35.1824],[-91.4359,35.1819],[-91.4348,35.1805],[-91.4242,35.1799],[-91.4211,35.1782],[-91.4294,35.175],[-91.4336,35.168],[-91.4377,35.1654],[-91.4436,35.166],[-91.4525,35.1698],[-91.4567,35.1692],[-91.4595,35.1671],[-91.4634,35.1598],[-91.4623,35.1568],[-91.4597,35.1552],[-91.4443,35.1538],[-91.4374,35.1545],[-91.4339,35.1529],[-91.4349,35.1438],[-91.4334,35.1415],[-91.4284,35.1388],[-91.4286,35.1367],[-91.438,35.1351],[-91.4452,35.1406],[-91.4483,35.1415],[-91.4513,35.14],[-91.4519,35.1367],[-91.4468,35.1263],[-91.4389,35.1184],[-91.4448,35.1088],[-91.4441,35.1049],[-91.4408,35.1038],[-91.4368,35.1046],[-91.431,35.1107],[-91.4284,35.1116],[-91.4248,35.1082],[-91.4242,35.1052],[-91.4252,35.1033],[-91.4389,35.1015],[-91.452,35.1021],[-91.4535,35.096],[-91.4494,35.0902],[-91.4521,35.0883],[-91.4562,35.089],[-91.4598,35.0922],[-91.4609,35.0957],[-91.4602,35.1015],[-91.4617,35.1026],[-91.4632,35.101],[-91.4636,35.0922],[-91.4653,35.0895],[-91.584,35.0916],[-91.5852,35.0252],[-91.5897,35.0274],[-91.6034,35.0263],[-91.6082,35.0206],[-91.617,35.0221],[-91.62,35.024],[-91.6235,35.0244],[-91.6252,35.0266],[-91.6293,35.025],[-91.6402,35.0271],[-91.6458,35.0397],[-91.6441,35.0429],[-91.6484,35.0462],[-91.6499,35.0458],[-91.652,35.0496],[-91.6548,35.0489],[-91.6573,35.0522],[-91.6599,35.0519],[-91.6624,35.0543],[-91.6676,35.0538],[-91.6694,35.0547],[-91.6701,35.0536],[-91.6722,35.0544],[-91.675,35.0507],[-91.6777,35.0515],[-91.6798,35.0505],[-91.6822,35.054],[-91.6857,35.0529],[-91.6853,35.0547],[-91.6874,35.0551],[-91.6864,35.0569],[-91.6889,35.0567],[-91.6868,35.0599],[-91.6905,35.059],[-91.6953,35.0623],[-91.6972,35.0613],[-91.7013,35.063],[-91.702,35.061],[-91.7056,35.0601],[-91.7077,35.0616],[-91.7079,35.0931],[-91.7152,35.093],[-91.7148,35.1221],[-91.7501,35.1228],[-91.75,35.1522],[-91.7674,35.1522],[-91.7676,35.1558],[-91.7352,35.1807],[-91.7323,35.1806],[-91.732,35.1737],[-91.7056,35.1733],[-91.7056,35.1801],[-91.6974,35.18],[-91.6972,35.1947],[-91.6879,35.1946],[-91.6877,35.2092],[-91.697,35.2093],[-91.6963,35.2496],[-91.6916,35.2504],[-91.6917,35.2526],[-91.6947,35.2529],[-91.6895,35.2607],[-91.7034,35.2661],[-91.7097,35.274],[-91.7062,35.2749],[-91.706,35.2737],[-91.7042,35.2738],[-91.7036,35.2715],[-91.7015,35.274],[-91.6959,35.2764],[-91.6958,35.2798],[-91.6436,35.2796],[-91.6433,35.2978],[-91.6516,35.2979],[-91.6516,35.3052],[-91.6604,35.3051],[-91.6595,35.3345],[-91.6505,35.3344],[-91.6501,35.3492],[-91.6593,35.3491],[-91.6592,35.3555],[-91.6584,35.3592],[-91.6496,35.359],[-91.6495,35.3664]]]}},{"type":"Feature","properties":{"leaid":"0502960","name":"Benton School District","kind":"Unified","gradeLow":"PK","gradeHigh":"12","state":"AR"},"geometry":{"type":"Polygon","coordinates":[[[-92.5514,34.5779],[-92.5521,34.5634],[-92.5445,34.5632],[-92.5446,34.5596],[-92.5369,34.5594],[-92.5386,34.5339],[-92.5443,34.5341],[-92.5445,34.5307],[-92.5465,34.5308],[-92.5467,34.527],[-92.5546,34.5272],[-92.5543,34.5308],[-92.5587,34.531],[-92.5593,34.5238],[-92.5549,34.5236],[-92.556,34.5128],[-92.5646,34.5131],[-92.5648,34.5094],[-92.5736,34.5098],[-92.5741,34.5025],[-92.5784,34.5025],[-92.5782,34.5062],[-92.5826,34.5064],[-92.5821,34.5137],[-92.6127,34.5149],[-92.6124,34.5224],[-92.6164,34.5225],[-92.6162,34.5295],[-92.621,34.5297],[-92.6208,34.537],[-92.6251,34.5371],[-92.6252,34.5331],[-92.6342,34.5333],[-92.6341,34.5366],[-92.6428,34.5367],[-92.6426,34.5415],[-92.6507,34.5396],[-92.6648,34.5386],[-92.6645,34.546],[-92.6999,34.5467],[-92.701,34.5173],[-92.7364,34.5179],[-92.7368,34.5033],[-92.7932,34.5036],[-92.7928,34.5184],[-92.8278,34.5184],[-92.8275,34.5257],[-92.8616,34.5263],[-92.862,34.519],[-92.8794,34.5199],[-92.8778,34.5628],[-92.8259,34.5616],[-92.8256,34.5699],[-92.8086,34.5702],[-92.8084,34.5772],[-92.791,34.5767],[-92.7904,34.5902],[-92.7698,34.5902],[-92.7717,34.5776],[-92.752,34.5771],[-92.7509,34.5939],[-92.7375,34.5942],[-92.7374,34.5969],[-92.734,34.5963],[-92.733,34.5981],[-92.724,34.5982],[-92.7243,34.5909],[-92.6976,34.5906],[-92.6967,34.62],[-92.6791,34.6194],[-92.6788,34.634],[-92.6372,34.6318],[-92.6365,34.6458],[-92.5836,34.6442],[-92.5846,34.6155],[-92.5509,34.6136],[-92.5497,34.6133],[-92.5498,34.6072],[-92.5459,34.607],[-92.5463,34.5999],[-92.5504,34.5999],[-92.5507,34.5917],[-92.5495,34.5916],[-92.5495,34.59],[-92.5508,34.59],[-92.551,34.5851],[-92.5602,34.5854],[-92.5603,34.584],[-92.5588,34.5845],[-92.558,34.5796],[-92.5608,34.5783],[-92.5564,34.5781],[-92.5559,34.5811],[-92.5529,34.5809],[-92.5524,34.5779],[-92.5514,34.5779]]]}},{"type":"Feature","properties":{"leaid":"0504860","name":"Cutter-Morning Star School District","kind":"Unified","gradeLow":"PK","gradeHigh":"12","state":"AR"},"geometry":{"type":"Polygon","coordinates":[[[-92.8782,34.5481],[-92.88,34.5056],[-92.9151,34.5061],[-92.9155,34.4914],[-92.9682,34.4928],[-92.9682,34.4856],[-92.9766,34.486],[-92.9768,34.4788],[-92.9855,34.4793],[-92.9856,34.4939],[-93.0201,34.4941],[-93.0198,34.5085],[-93.025,34.5085],[-93.0289,34.5118],[-93.033,34.5207],[-93.037,34.5239],[-93.0368,34.526],[-93.033,34.5296],[-93.0285,34.5309],[-93.0216,34.5373],[-93.0178,34.5373],[-93.0173,34.5518],[-92.8782,34.5481]]]}},{"type":"Feature","properties":{"leaid":"0506420","name":"Fountain Lake School District","kind":"Unified","gradeLow":"PK","gradeHigh":"12","state":"AR"},"geometry":{"type":"Polygon","coordinates":[[[-92.6967,34.62],[-92.6976,34.5906],[-92.7243,34.5909],[-92.724,34.5982],[-92.733,34.5981],[-92.734,34.5963],[-92.7374,34.5969],[-92.7375,34.5942],[-92.7509,34.5939],[-92.752,34.5771],[-92.7717,34.5776],[-92.7698,34.5902],[-92.7904,34.5902],[-92.791,34.5767],[-92.8084,34.5772],[-92.8086,34.5702],[-92.8256,34.5699],[-92.8259,34.5616],[-92.8778,34.5628],[-92.8782,34.5481],[-93.0002,34.5517],[-93.0706,34.5522],[-93.0704,34.5666],[-93.105,34.5672],[-93.1044,34.5966],[-93.087,34.5966],[-93.0867,34.6246],[-93.0767,34.6244],[-93.0766,34.6387],[-93.0677,34.6387],[-93.0674,34.6457],[-93.0584,34.6455],[-93.0584,34.6492],[-93.0501,34.6492],[-93.0501,34.653],[-93.0322,34.6528],[-93.0315,34.6674],[-92.9793,34.6663],[-92.9791,34.6849],[-92.9524,34.6843],[-92.9509,34.7424],[-92.9334,34.742],[-92.934,34.7274],[-92.864,34.7256],[-92.8652,34.6823],[-92.8741,34.6826],[-92.8743,34.6734],[-92.838,34.6724],[-92.8382,34.6633],[-92.8207,34.6631],[-92.8199,34.6814],[-92.8131,34.6812],[-92.8127,34.6957],[-92.7087,34.6932],[-92.7091,34.6783],[-92.7124,34.6783],[-92.7129,34.6631],[-92.7308,34.6635],[-92.7315,34.6417],[-92.7049,34.6421],[-92.7056,34.6202],[-92.6967,34.62]]]}},{"type":"Feature","properties":{"leaid":"0508610","name":"Lake Hamilton School District","kind":"Unified","gradeLow":"PK","gradeHigh":"12","state":"AR"},"geometry":{"type":"Polygon","coordinates":[[[-93.1149,34.5095],[-93.1172,34.5026],[-93.1218,34.4962],[-93.1219,34.4781],[-93.1268,34.4752],[-93.1216,34.465],[-93.109,34.4538],[-93.1072,34.4465],[-93.1151,34.4451],[-93.1267,34.4465],[-93.1272,34.4429],[-93.1245,34.4415],[-93.1211,34.4359],[-93.121,34.4345],[-93.1226,34.4333],[-93.1255,34.4329],[-93.127,34.4363],[-93.1285,34.4368],[-93.136,34.4332],[-93.1361,34.4292],[-93.1379,34.4278],[-93.1531,34.4265],[-93.1587,34.4291],[-93.1582,34.4256],[-93.1594,34.4243],[-93.1565,34.4222],[-93.1558,34.4177],[-93.1408,34.4176],[-93.1396,34.4186],[-93.1399,34.4066],[-93.122,34.4062],[-93.1225,34.3917],[-93.3194,34.3963],[-93.3191,34.4257],[-93.3679,34.426],[-93.3766,34.4283],[-93.3798,34.4257],[-93.3801,34.4229],[-93.3849,34.4227],[-93.3861,34.4208],[-93.388,34.4207],[-93.3896,34.4227],[-93.3926,34.4236],[-93.3994,34.4229],[-93.4017,34.4247],[-93.4067,34.424],[-93.4058,34.4745],[-93.3578,34.4738],[-93.3578,34.4879],[-93.3751,34.4881],[-93.375,34.5135],[-93.4053,34.5141],[-93.4041,34.5612],[-93.3696,34.5608],[-93.3687,34.5965],[-93.3631,34.5958],[-93.356,34.5978],[-93.351,34.5971],[-93.3252,34.5855],[-93.3047,34.5805],[-93.2964,34.5817],[-93.2445,34.5981],[-93.2449,34.5405],[-93.1579,34.5385],[-93.1583,34.5242],[-93.167,34.5242],[-93.1669,34.5169],[-93.1494,34.5167],[-93.1492,34.5241],[-93.1407,34.5242],[-93.1406,34.5168],[-93.1235,34.5165],[-93.1236,34.5095],[-93.1149,34.5095]]]}},{"type":"Feature","properties":{"leaid":"0510170","name":"Mountain Pine School District","kind":"Unified","gradeLow":"PK","gradeHigh":"12","state":"AR"},"geometry":{"type":"Polygon","coordinates":[[[-93.0867,34.6246],[-93.087,34.5966],[-93.1044,34.5966],[-93.1057,34.5526],[-93.1055,34.5383],[-93.0882,34.5382],[-93.089,34.5093],[-93.1236,34.5095],[-93.1235,34.5165],[-93.1406,34.5168],[-93.1407,34.5242],[-93.1492,34.5241],[-93.1494,34.5167],[-93.1669,34.5169],[-93.167,34.5242],[-93.1583,34.5242],[-93.1579,34.5385],[-93.2449,34.5405],[-93.2445,34.5981],[-93.2964,34.5817],[-93.3047,34.5805],[-93.3252,34.5855],[-93.351,34.5971],[-93.356,34.5978],[-93.3631,34.5958],[-93.3687,34.5965],[-93.3696,34.5608],[-93.4041,34.5612],[-93.4031,34.6466],[-93.4028,34.6448],[-93.386,34.6444],[-93.3865,34.6285],[-93.2984,34.6288],[-93.2974,34.6409],[-93.298,34.6491],[-93.299,34.6496],[-93.2976,34.6494],[-93.2979,34.6571],[-93.1904,34.6545],[-93.1903,34.6689],[-93.1561,34.6689],[-93.1562,34.6254],[-93.0867,34.6246]]]}},{"type":"Feature","properties":{"leaid":"0503030","name":"Pea Ridge School District","kind":"Unified","gradeLow":"PK","gradeHigh":"12","state":"AR"},"geometry":{"type":"MultiPolygon","coordinates":[[[[-94.1841,36.4988],[-94.0318,36.4988],[-94.0317,36.4836],[-94.0234,36.4832],[-94.024,36.4612],[-94.0195,36.4611],[-94.0195,36.4575],[-94.015,36.4575],[-94.0149,36.4611],[-94.0103,36.4612],[-94.0113,36.4361],[-94.0157,36.4361],[-94.0156,36.4399],[-94.0244,36.4401],[-94.0247,36.4364],[-94.0427,36.4369],[-94.0427,36.4295],[-94.0561,36.4296],[-94.0558,36.4372],[-94.0606,36.4372],[-94.0606,36.4335],[-94.0695,36.4336],[-94.0696,36.4263],[-94.0786,36.4265],[-94.0788,36.4193],[-94.1188,36.4206],[-94.1191,36.4131],[-94.1412,36.4135],[-94.1415,36.4027],[-94.1551,36.4029],[-94.1548,36.4247],[-94.1634,36.4246],[-94.1633,36.4285],[-94.1679,36.4286],[-94.1679,36.4359],[-94.1771,36.436],[-94.1761,36.4651],[-94.167,36.465],[-94.1662,36.4868],[-94.1843,36.487],[-94.1841,36.4988]]],[[[-93.9266,36.4989],[-93.9275,36.446],[-93.9363,36.4462],[-93.9363,36.4608],[-93.9543,36.4611],[-93.9542,36.4684],[-93.99,36.4686],[-93.9895,36.4988],[-93.9266,36.4989]]]]}},{"type":"Feature","properties":{"leaid":"0504980","name":"Decatur School District","kind":"Unified","gradeLow":"PK","gradeHigh":"12","state":"AR"},"geometry":{"type":"Polygon","coordinates":[[[-94.3579,36.3595],[-94.3581,36.356],[-94.3356,36.3557],[-94.3357,36.3521],[-94.3312,36.352],[-94.3314,36.3413],[-94.338,36.3412],[-94.3379,36.3376],[-94.3351,36.3376],[-94.335,36.3339],[-94.3539,36.334],[-94.354,36.3269],[-94.3496,36.3268],[-94.3496,36.3232],[-94.3452,36.3231],[-94.3451,36.3159],[-94.3584,36.316],[-94.3588,36.3125],[-94.3676,36.3125],[-94.3674,36.3234],[-94.3705,36.3235],[-94.372,36.3235],[-94.372,36.3199],[-94.3853,36.3201],[-94.3852,36.3218],[-94.3874,36.3218],[-94.3875,36.3164],[-94.4389,36.3173],[-94.4393,36.3029],[-94.502,36.3039],[-94.5017,36.3075],[-94.5106,36.3078],[-94.5105,36.3115],[-94.5193,36.3116],[-94.5192,36.3152],[-94.5281,36.3154],[-94.528,36.319],[-94.5408,36.3193],[-94.5404,36.3266],[-94.5537,36.3268],[-94.5538,36.3232],[-94.5629,36.3233],[-94.5624,36.3342],[-94.5803,36.3348],[-94.5798,36.349],[-94.5666,36.3488],[-94.5665,36.3522],[-94.5618,36.3521],[-94.5607,36.3775],[-94.5427,36.3767],[-94.5427,36.3841],[-94.5263,36.3842],[-94.5259,36.3979],[-94.5171,36.3979],[-94.5172,36.3947],[-94.4906,36.3945],[-94.4907,36.3832],[-94.4775,36.3827],[-94.4775,36.3757],[-94.473,36.3755],[-94.4729,36.3792],[-94.464,36.379],[-94.4641,36.3682],[-94.4554,36.368],[-94.4555,36.3607],[-94.4024,36.3599],[-94.4024,36.3524],[-94.3934,36.3524],[-94.3933,36.3562],[-94.3669,36.3561],[-94.3668,36.3596],[-94.3579,36.3595]]]}},{"type":"Feature","properties":{"leaid":"0506840","name":"Gravette School District","kind":"Unified","gradeLow":"PK","gradeHigh":"12","state":"AR"},"geometry":{"type":"Polygon","coordinates":[[[-94.2801,36.4993],[-94.2802,36.489],[-94.2894,36.4892],[-94.2898,36.4787],[-94.2898,36.4778],[-94.2852,36.4777],[-94.2856,36.4675],[-94.2816,36.4676],[-94.2819,36.4452],[-94.2969,36.4456],[-94.2972,36.4022],[-94.3613,36.403],[-94.3624,36.3613],[-94.3534,36.3613],[-94.3534,36.3595],[-94.3668,36.3596],[-94.3669,36.3561],[-94.3933,36.3562],[-94.3934,36.3524],[-94.4024,36.3524],[-94.4024,36.3599],[-94.4555,36.3607],[-94.4554,36.368],[-94.4641,36.3682],[-94.464,36.379],[-94.4729,36.3792],[-94.473,36.3755],[-94.4775,36.3757],[-94.4775,36.3827],[-94.4907,36.3832],[-94.4906,36.3945],[-94.5172,36.3947],[-94.5171,36.3979],[-94.5259,36.3979],[-94.5263,36.3842],[-94.5427,36.3841],[-94.5427,36.3767],[-94.5607,36.3775],[-94.5618,36.3521],[-94.5665,36.3522],[-94.5666,36.3488],[-94.5798,36.349],[-94.5803,36.3347],[-94.5917,36.3349],[-94.6179,36.4995],[-94.2801,36.4993]]]}},{"type":"Feature","properties":{"leaid":"0503060","name":"Bentonville Public Schools","kind":"Unified","gradeLow":"PK","gradeHigh":"12","state":"AR"},"geometry":{"type":"MultiPolygon","coordinates":[[[[-94.2066,36.2484],[-94.2043,36.2484],[-94.2045,36.2447],[-94.2066,36.2448],[-94.2066,36.2484]]],[[[-94.1975,36.3375],[-94.1975,36.3354],[-94.2032,36.3355],[-94.2032,36.3376],[-94.1975,36.3375]]],[[[-94.2801,36.4993],[-94.1841,36.4988],[-94.1843,36.487],[-94.1662,36.4868],[-94.167,36.465],[-94.1761,36.4651],[-94.1771,36.436],[-94.1679,36.4359],[-94.1679,36.4286],[-94.1633,36.4285],[-94.1634,36.4246],[-94.1548,36.4247],[-94.1551,36.4029],[-94.1508,36.4028],[-94.1518,36.3558],[-94.1802,36.3564],[-94.1803,36.3531],[-94.1787,36.353],[-94.179,36.3494],[-94.1883,36.3498],[-94.1884,36.3371],[-94.1929,36.3372],[-94.1928,36.3426],[-94.1973,36.3426],[-94.1974,36.3402],[-94.2064,36.3404],[-94.2066,36.3336],[-94.2156,36.3336],[-94.2162,36.3139],[-94.1981,36.3136],[-94.1992,36.2699],[-94.2083,36.2701],[-94.2084,36.2649],[-94.2117,36.2648],[-94.2118,36.2595],[-94.2085,36.2594],[-94.2088,36.2412],[-94.2253,36.2414],[-94.2253,36.2404],[-94.2184,36.2375],[-94.2152,36.2372],[-94.2117,36.2342],[-94.2479,36.2346],[-94.2477,36.2417],[-94.261,36.242],[-94.2608,36.253],[-94.2738,36.2534],[-94.2746,36.2316],[-94.2794,36.2316],[-94.2794,36.2279],[-94.2925,36.2282],[-94.2923,36.2427],[-94.2878,36.2426],[-94.2877,36.25],[-94.292,36.2501],[-94.292,36.2537],[-94.3143,36.254],[-94.3141,36.2612],[-94.3234,36.2614],[-94.3232,36.2686],[-94.328,36.2686],[-94.3281,36.2722],[-94.3325,36.2722],[-94.3326,36.2686],[-94.3437,36.2686],[-94.3437,36.267],[-94.3503,36.267],[-94.3502,36.2724],[-94.3457,36.2723],[-94.3458,36.2759],[-94.3547,36.2761],[-94.3547,36.2798],[-94.3502,36.2796],[-94.3501,36.2834],[-94.3547,36.2834],[-94.3542,36.316],[-94.3451,36.3159],[-94.3452,36.3231],[-94.3496,36.3232],[-94.3496,36.3268],[-94.354,36.3269],[-94.3539,36.334],[-94.335,36.3339],[-94.3351,36.3376],[-94.3379,36.3376],[-94.338,36.3412],[-94.3314,36.3413],[-94.3312,36.352],[-94.3357,36.3521],[-94.3356,36.3557],[-94.3581,36.356],[-94.3579,36.3595],[-94.3534,36.3595],[-94.3534,36.3613],[-94.3624,36.3613],[-94.3613,36.403],[-94.2972,36.4022],[-94.2969,36.4456],[-94.2819,36.4452],[-94.2816,36.4676],[-94.2856,36.4675],[-94.2852,36.4777],[-94.2898,36.4778],[-94.2894,36.4892],[-94.2802,36.489],[-94.2801,36.4993]]]]}},{"type":"Feature","properties":{"leaid":"0506540","name":"Gentry Public Schools","kind":"Unified","gradeLow":"PK","gradeHigh":"12","state":"AR"},"geometry":{"type":"MultiPolygon","coordinates":[[[[-94.5217,36.2356],[-94.5219,36.2281],[-94.5265,36.2282],[-94.5266,36.2265],[-94.5308,36.2266],[-94.5308,36.236],[-94.5217,36.2356]]],[[[-94.5917,36.3349],[-94.5624,36.3342],[-94.5629,36.3233],[-94.5538,36.3232],[-94.5537,36.3268],[-94.5404,36.3266],[-94.5408,36.3193],[-94.528,36.319],[-94.5281,36.3154],[-94.5192,36.3152],[-94.5193,36.3116],[-94.5105,36.3115],[-94.5106,36.3078],[-94.5017,36.3075],[-94.502,36.3039],[-94.4393,36.3029],[-94.4389,36.3173],[-94.3875,36.3164],[-94.3874,36.3218],[-94.3852,36.3218],[-94.3853,36.3201],[-94.372,36.3199],[-94.372,36.3235],[-94.3674,36.3234],[-94.3676,36.3125],[-94.3588,36.3125],[-94.3585,36.316],[-94.3542,36.316],[-94.3547,36.2834],[-94.3501,36.2834],[-94.3502,36.2796],[-94.3547,36.2798],[-94.3547,36.2761],[-94.3458,36.2759],[-94.3457,36.2723],[-94.3502,36.2724],[-94.3503,36.267],[-94.3437,36.267],[-94.3437,36.2686],[-94.3326,36.2686],[-94.3325,36.2722],[-94.3281,36.2722],[-94.328,36.2686],[-94.3232,36.2686],[-94.3234,36.2614],[-94.3141,36.2612],[-94.3143,36.254],[-94.292,36.2537],[-94.292,36.2501],[-94.2877,36.25],[-94.2878,36.2426],[-94.2923,36.2427],[-94.2925,36.2282],[-94.2973,36.2283],[-94.2978,36.2139],[-94.3156,36.2143],[-94.3153,36.2287],[-94.3379,36.2291],[-94.3378,36.2324],[-94.3556,36.2327],[-94.3555,36.2363],[-94.3645,36.2364],[-94.3647,36.2328],[-94.3692,36.2328],[-94.3693,36.2292],[-94.3872,36.2294],[-94.3877,36.215],[-94.4187,36.2155],[-94.4188,36.2083],[-94.4234,36.2084],[-94.4238,36.2011],[-94.4283,36.2012],[-94.4284,36.1971],[-94.4512,36.1975],[-94.4511,36.2051],[-94.469,36.2054],[-94.4688,36.2092],[-94.4957,36.2097],[-94.4948,36.2388],[-94.5305,36.2395],[-94.5302,36.2467],[-94.5478,36.2472],[-94.5472,36.2654],[-94.5511,36.2655],[-94.5562,36.2616],[-94.556,36.2688],[-94.5605,36.2689],[-94.5602,36.2762],[-94.5647,36.2763],[-94.5649,36.2725],[-94.5693,36.2727],[-94.5694,36.269],[-94.5811,36.2693],[-94.5917,36.3349]]]]}},{"type":"Feature","properties":{"leaid":"0511970","name":"Rogers Public Schools","kind":"Unified","gradeLow":"PK","gradeHigh":"12","state":"AR"},"geometry":{"type":"Polygon","coordinates":[[[-93.8667,36.4987],[-93.8669,36.3936],[-93.8691,36.3886],[-93.8667,36.3863],[-93.8695,36.3863],[-93.8697,36.385],[-93.8713,36.3857],[-93.8727,36.3843],[-93.8713,36.3874],[-93.8721,36.3893],[-93.8739,36.3896],[-93.8719,36.3914],[-93.8724,36.3934],[-93.8749,36.3944],[-93.8822,36.3941],[-93.8843,36.3921],[-93.8813,36.3915],[-93.8788,36.3882],[-93.8835,36.3905],[-93.883,36.387],[-93.8812,36.3851],[-93.883,36.3853],[-93.8834,36.3841],[-93.8863,36.383],[-93.8904,36.3782],[-93.8871,36.3779],[-93.889,36.375],[-93.8851,36.3722],[-93.8827,36.3761],[-93.8809,36.3761],[-93.8798,36.3791],[-93.8784,36.3776],[-93.8756,36.3795],[-93.8815,36.3715],[-93.8807,36.369],[-93.8789,36.3702],[-93.8777,36.3683],[-93.8763,36.369],[-93.8748,36.3739],[-93.8745,36.3714],[-93.8731,36.3702],[-93.8717,36.3725],[-93.868,36.3729],[-93.8696,36.3774],[-93.867,36.3766],[-93.8673,36.3574],[-93.8656,36.3557],[-93.867,36.3486],[-93.8651,36.3475],[-93.8646,36.3449],[-93.8678,36.3433],[-93.8647,36.3419],[-93.8668,36.3409],[-93.8664,36.3394],[-93.868,36.338],[-93.8681,36.336],[-93.8623,36.3394],[-93.8606,36.3379],[-93.8624,36.3342],[-93.8587,36.3366],[-93.8561,36.3368],[-93.8528,36.3341],[-93.8531,36.3313],[-93.8551,36.3309],[-93.8532,36.3299],[-93.855,36.3241],[-93.8571,36.3214],[-93.8587,36.3216],[-93.8572,36.321],[-93.8583,36.3204],[-93.8571,36.3203],[-93.8569,36.3192],[-93.8558,36.3177],[-93.855,36.3173],[-93.8566,36.3193],[-93.8562,36.3219],[-93.8545,36.3238],[-93.8525,36.3235],[-93.8536,36.3247],[-93.8518,36.3294],[-93.8496,36.3306],[-93.8483,36.3285],[-93.842,36.325],[-93.8436,36.322],[-93.8406,36.3243],[-93.8354,36.3236],[-93.8352,36.3222],[-93.8342,36.3236],[-93.8331,36.3232],[-93.8327,36.3129],[-93.8271,36.3122],[-93.8215,36.309],[-93.8197,36.3124],[-93.8149,36.3129],[-93.8151,36.3066],[-93.869,36.3074],[-93.8699,36.2348],[-93.9986,36.2372],[-94.0071,36.245],[-94.0114,36.2464],[-94.0109,36.2658],[-94.0467,36.2665],[-94.0475,36.2413],[-94.0655,36.2415],[-94.0654,36.2451],[-94.1014,36.246],[-94.1015,36.2424],[-94.106,36.2424],[-94.1061,36.2388],[-94.1106,36.2389],[-94.1107,36.2317],[-94.1194,36.2318],[-94.1192,36.239],[-94.1282,36.2393],[-94.1282,36.2357],[-94.1327,36.2358],[-94.1327,36.2394],[-94.1508,36.24],[-94.1508,36.2327],[-94.1554,36.2326],[-94.1551,36.2399],[-94.1686,36.2403],[-94.1687,36.2331],[-94.1717,36.2331],[-94.1732,36.2331],[-94.1731,36.2405],[-94.2088,36.2411],[-94.2085,36.2594],[-94.2118,36.2595],[-94.2117,36.2648],[-94.2084,36.2649],[-94.2083,36.2701],[-94.1992,36.2699],[-94.1981,36.3136],[-94.2162,36.3139],[-94.2156,36.3336],[-94.2066,36.3336],[-94.2064,36.3404],[-94.1974,36.3402],[-94.1973,36.3426],[-94.1928,36.3426],[-94.1929,36.3372],[-94.1884,36.3371],[-94.1883,36.3498],[-94.179,36.3494],[-94.1787,36.353],[-94.1803,36.3531],[-94.1802,36.3564],[-94.1518,36.3558],[-94.1508,36.4028],[-94.1415,36.4027],[-94.1412,36.4135],[-94.1191,36.4131],[-94.1188,36.4206],[-94.0788,36.4193],[-94.0786,36.4265],[-94.0696,36.4263],[-94.0695,36.4336],[-94.0606,36.4335],[-94.0606,36.4372],[-94.0558,36.4372],[-94.0561,36.4296],[-94.0427,36.4295],[-94.0427,36.4369],[-94.0247,36.4364],[-94.0244,36.4401],[-94.0156,36.4399],[-94.0157,36.4361],[-94.0113,36.4361],[-94.0103,36.4612],[-94.0149,36.4611],[-94.015,36.4575],[-94.0195,36.4575],[-94.0195,36.4611],[-94.024,36.4612],[-94.0234,36.4832],[-94.0317,36.4836],[-94.0318,36.4988],[-93.9895,36.4988],[-93.99,36.4686],[-93.9542,36.4684],[-93.9543,36.4611],[-93.9363,36.4608],[-93.9363,36.4462],[-93.9275,36.446],[-93.9266,36.4989],[-93.8667,36.4987]],[[-94.1975,36.3354],[-94.1975,36.3375],[-94.2032,36.3376],[-94.2032,36.3355],[-94.1975,36.3354]],[[-94.2066,36.2484],[-94.2066,36.2448],[-94.2045,36.2447],[-94.2043,36.2484],[-94.2066,36.2484]]]}},{"type":"Feature","properties":{"leaid":"0503150","name":"Berryville Public Schools","kind":"Unified","gradeLow":"PK","gradeHigh":"12","state":"AR"},"geometry":{"type":"Polygon","coordinates":[[[-93.4748,36.4989],[-93.4748,36.4607],[-93.4587,36.4601],[-93.4589,36.4347],[-93.4711,36.435],[-93.4712,36.4276],[-93.4841,36.428],[-93.4845,36.406],[-93.4755,36.4058],[-93.4759,36.38],[-93.4655,36.3797],[-93.4656,36.3762],[-93.4697,36.3762],[-93.4697,36.3726],[-93.4718,36.3726],[-93.4719,36.369],[-93.4761,36.369],[-93.4762,36.3617],[-93.472,36.3617],[-93.4724,36.3437],[-93.5038,36.3442],[-93.5039,36.3369],[-93.5129,36.3371],[-93.5132,36.3297],[-93.5444,36.3302],[-93.5446,36.3156],[-93.5357,36.3155],[-93.5357,36.3083],[-93.5313,36.3082],[-93.5313,36.3046],[-93.5135,36.3043],[-93.5135,36.3006],[-93.4952,36.3002],[-93.4952,36.2966],[-93.4908,36.2965],[-93.4909,36.2928],[-93.482,36.2927],[-93.4821,36.2891],[-93.491,36.2893],[-93.4912,36.2785],[-93.4824,36.2783],[-93.4824,36.2747],[-93.4958,36.2749],[-93.4959,36.2641],[-93.5048,36.2641],[-93.5049,36.2609],[-93.4959,36.2604],[-93.4959,36.2586],[-93.5004,36.2586],[-93.5003,36.2567],[-93.4779,36.2564],[-93.4781,36.2496],[-93.4687,36.2494],[-93.469,36.2388],[-93.4643,36.2386],[-93.4645,36.2349],[-93.4691,36.2351],[-93.4693,36.2276],[-93.483,36.2273],[-93.4832,36.2128],[-93.485,36.2128],[-93.482,36.2065],[-93.4747,36.2019],[-93.4664,36.1931],[-93.457,36.1899],[-93.456,36.1887],[-93.4594,36.1862],[-93.4607,36.1834],[-93.4473,36.1828],[-93.4475,36.1792],[-93.452,36.1793],[-93.4521,36.1756],[-93.4431,36.1753],[-93.4424,36.1535],[-93.438,36.1533],[-93.4385,36.1389],[-93.4794,36.1396],[-93.4795,36.1251],[-93.5244,36.1257],[-93.5241,36.1547],[-93.5328,36.1549],[-93.533,36.1586],[-93.5424,36.1588],[-93.5395,36.1608],[-93.5381,36.1652],[-93.5414,36.1689],[-93.5451,36.1694],[-93.5551,36.1778],[-93.5653,36.1781],[-93.5718,36.1805],[-93.5731,36.1826],[-93.5716,36.1878],[-93.574,36.1917],[-93.5688,36.1941],[-93.5683,36.1962],[-93.5696,36.1985],[-93.5795,36.1967],[-93.5889,36.1995],[-93.5926,36.1946],[-93.5957,36.1961],[-93.5994,36.1923],[-93.6012,36.1936],[-93.6018,36.1987],[-93.6023,36.1862],[-93.625,36.187],[-93.6247,36.1941],[-93.6291,36.1943],[-93.629,36.1979],[-93.6334,36.198],[-93.6333,36.2016],[-93.6201,36.2012],[-93.619,36.2373],[-93.6056,36.2372],[-93.6054,36.2444],[-93.5966,36.2442],[-93.5961,36.2582],[-93.6012,36.2584],[-93.6011,36.262],[-93.619,36.2625],[-93.6186,36.2732],[-93.623,36.2733],[-93.6226,36.2841],[-93.6361,36.2844],[-93.636,36.2917],[-93.627,36.2915],[-93.6269,36.2951],[-93.6315,36.2952],[-93.6313,36.3024],[-93.6222,36.3021],[-93.622,36.3094],[-93.6311,36.3097],[-93.6309,36.3133],[-93.6355,36.3134],[-93.6353,36.317],[-93.6623,36.3173],[-93.6622,36.3209],[-93.6531,36.3208],[-93.6527,36.3353],[-93.662,36.3356],[-93.662,36.3394],[-93.6527,36.3392],[-93.6532,36.3505],[-93.6621,36.3507],[-93.662,36.3579],[-93.6532,36.3577],[-93.6531,36.3613],[-93.6619,36.3614],[-93.662,36.3871],[-93.6576,36.387],[-93.6576,36.3907],[-93.662,36.3907],[-93.6621,36.3944],[-93.671,36.3945],[-93.6708,36.4199],[-93.6804,36.4201],[-93.6802,36.4346],[-93.6712,36.4345],[-93.6711,36.4381],[-93.6621,36.438],[-93.6621,36.4416],[-93.6711,36.4418],[-93.6706,36.4547],[-93.6722,36.4551],[-93.6694,36.4597],[-93.6708,36.4622],[-93.6708,36.4892],[-93.6803,36.4893],[-93.6801,36.4991],[-93.4748,36.4989]]]}},{"type":"Feature","properties":{"leaid":"0503450","name":"Booneville School District","kind":"Unified","gradeLow":"PK","gradeHigh":"12","state":"AR"},"geometry":{"type":"Polygon","coordinates":[[[-93.8671,35.2279],[-93.8673,35.2014],[-93.8753,35.2014],[-93.8753,35.2051],[-93.8794,35.2052],[-93.8791,35.2092],[-93.8836,35.2092],[-93.8846,35.1952],[-93.8674,35.1948],[-93.8674,35.1873],[-93.8494,35.1871],[-93.8497,35.1726],[-93.841,35.1725],[-93.841,35.1693],[-93.8412,35.1655],[-93.8678,35.1659],[-93.8679,35.1622],[-93.8634,35.1622],[-93.8634,35.1586],[-93.868,35.1587],[-93.8698,35.1114],[-93.8519,35.1112],[-93.852,35.1072],[-93.8159,35.1066],[-93.8162,35.0917],[-93.708,35.0908],[-93.7091,35.0468],[-93.7044,35.0466],[-93.705,35.0197],[-93.9508,35.0238],[-93.9503,35.0382],[-94.025,35.0397],[-94.025,35.0251],[-94.0208,35.025],[-94.0207,35.0217],[-94.0162,35.0217],[-94.0163,35.0199],[-94.0128,35.0198],[-94.0129,35.0176],[-94.0099,35.0176],[-94.0099,35.0143],[-93.9939,35.0143],[-93.994,35.0102],[-93.9982,35.0105],[-93.9981,34.9955],[-94.0745,34.9973],[-94.0735,35.0542],[-94.0883,35.0545],[-94.088,35.0658],[-94.0699,35.0655],[-94.0697,35.0687],[-94.0878,35.0691],[-94.0862,35.1131],[-94.1041,35.1137],[-94.1043,35.1061],[-94.1133,35.1062],[-94.1133,35.1029],[-94.1224,35.1029],[-94.122,35.114],[-94.1087,35.1138],[-94.1086,35.1174],[-94.1039,35.1173],[-94.1038,35.1246],[-94.0992,35.1246],[-94.0993,35.1207],[-94.0947,35.1207],[-94.0946,35.1283],[-94.0857,35.1282],[-94.0859,35.1168],[-94.0812,35.1168],[-94.0812,35.1184],[-94.0724,35.1183],[-94.0724,35.1238],[-94.0766,35.1243],[-94.0762,35.1383],[-94.0852,35.1384],[-94.0841,35.1567],[-94.0308,35.1554],[-94.0289,35.2138],[-93.956,35.2114],[-93.9549,35.2301],[-93.8671,35.2279]]]}},{"type":"Feature","properties":{"leaid":"0504930","name":"Dardanelle Public Schools","kind":"Unified","gradeLow":"PK","gradeHigh":"12","state":"AR"},"geometry":{"type":"Polygon","coordinates":[[[-93.2989,35.3271],[-93.2847,35.3187],[-93.2534,35.2861],[-93.2407,35.2764],[-93.2281,35.2726],[-93.1998,35.2717],[-93.1829,35.2617],[-93.154,35.2331],[-93.1393,35.2081],[-93.1379,35.2023],[-93.1382,35.1942],[-93.1366,35.1894],[-93.1299,35.1792],[-93.125,35.1749],[-93.1187,35.1719],[-93.1115,35.1709],[-93.1029,35.174],[-93.097,35.1801],[-93.0903,35.1837],[-93.0845,35.1836],[-93.0796,35.1805],[-93.0769,35.1769],[-93.0763,35.1722],[-93.0783,35.1684],[-93.0834,35.1645],[-93.0847,35.162],[-93.0802,35.1531],[-93.0806,35.1476],[-93.0832,35.1438],[-93.092,35.1403],[-93.093,35.1385],[-93.0905,35.1332],[-93.0866,35.1289],[-93.0694,35.1198],[-93.0617,35.1177],[-93.0481,35.1182],[-93.0418,35.1198],[-93.032,35.1253],[-93.0283,35.129],[-93.0275,35.1322],[-93.0297,35.1458],[-93.0294,35.1574],[-93.0256,35.1615],[-93.0123,35.1661],[-92.9786,35.172],[-92.9611,35.1697],[-92.9456,35.176],[-92.9357,35.1768],[-92.9164,35.1756],[-92.9009,35.17],[-92.9171,35.1692],[-92.9261,35.1674],[-92.9312,35.164],[-92.9385,35.156],[-92.9468,35.1518],[-92.9557,35.1404],[-92.9628,35.1377],[-92.9625,35.0752],[-93.0866,35.077],[-93.0865,35.1218],[-93.1216,35.1218],[-93.1212,35.1368],[-93.1391,35.1371],[-93.1391,35.1332],[-93.1567,35.1334],[-93.1567,35.137],[-93.1611,35.1371],[-93.1607,35.1519],[-93.1677,35.1372],[-93.1834,35.1374],[-93.1834,35.1266],[-93.2147,35.1271],[-93.2148,35.1164],[-93.2415,35.1167],[-93.2415,35.1236],[-93.2555,35.1238],[-93.2554,35.1278],[-93.2992,35.1285],[-93.2986,35.1536],[-93.3162,35.1539],[-93.316,35.1684],[-93.329,35.1688],[-93.3291,35.1767],[-93.3868,35.1776],[-93.3868,35.1786],[-93.3844,35.2897],[-93.367,35.2894],[-93.3668,35.2859],[-93.3498,35.2856],[-93.3492,35.2997],[-93.3317,35.2994],[-93.3311,35.3396],[-93.3228,35.3377],[-93.2989,35.3271]]]}},{"type":"Feature","properties":{"leaid":"0509150","name":"Magazine Schools","kind":"Unified","gradeLow":"PK","gradeHigh":"12","state":"AR"},"geometry":{"type":"Polygon","coordinates":[[[-93.6003,35.1471],[-93.6629,35.1482],[-93.6633,35.1338],[-93.7068,35.1349],[-93.708,35.0908],[-93.8162,35.0917],[-93.8159,35.1066],[-93.852,35.1072],[-93.8519,35.1112],[-93.8698,35.1114],[-93.868,35.1587],[-93.8634,35.1586],[-93.8634,35.1622],[-93.8679,35.1622],[-93.8678,35.1659],[-93.8412,35.1655],[-93.841,35.1725],[-93.8497,35.1726],[-93.8494,35.1871],[-93.8674,35.1873],[-93.8674,35.1948],[-93.8846,35.1952],[-93.8836,35.2092],[-93.8791,35.2092],[-93.8794,35.2052],[-93.8753,35.2051],[-93.8753,35.2014],[-93.8673,35.2014],[-93.8671,35.2279],[-93.831,35.2264],[-93.8306,35.2337],[-93.8488,35.2341],[-93.8485,35.2486],[-93.8666,35.2489],[-93.8662,35.2638],[-93.8115,35.2616],[-93.8114,35.2727],[-93.7615,35.271],[-93.7616,35.2672],[-93.7442,35.2669],[-93.7442,35.2598],[-93.7398,35.2596],[-93.7401,35.2523],[-93.7577,35.2528],[-93.7579,35.2383],[-93.7403,35.2376],[-93.7404,35.2232],[-93.6703,35.2216],[-93.6706,35.2065],[-93.6527,35.2059],[-93.6532,35.1913],[-93.635,35.1911],[-93.6352,35.1833],[-93.6175,35.1833],[-93.6177,35.1764],[-93.5999,35.1764],[-93.6003,35.1471]]]}},{"type":"Feature","properties":{"leaid":"0503480","name":"Bradford School District","kind":"Unified","gradeLow":"PK","gradeHigh":"12","state":"AR"},"geometry":{"type":"Polygon","coordinates":[[[-91.5821,35.5303],[-91.3873,35.5264],[-91.3896,35.4394],[-91.3473,35.4391],[-91.3493,35.4359],[-91.3578,35.4291],[-91.3558,35.427],[-91.3482,35.426],[-91.3455,35.4243],[-91.3486,35.4123],[-91.3549,35.4082],[-91.3574,35.4085],[-91.3607,35.4112],[-91.3638,35.4164],[-91.3628,35.4289],[-91.3638,35.4302],[-91.3678,35.4297],[-91.3722,35.4211],[-91.3678,35.4127],[-91.3688,35.4079],[-91.3897,35.3961],[-91.4007,35.3931],[-91.4006,35.3911],[-91.3924,35.3865],[-91.3901,35.3833],[-91.3844,35.3793],[-91.3835,35.3768],[-91.3849,35.3747],[-91.3922,35.3751],[-91.3986,35.3817],[-91.4056,35.3864],[-91.4126,35.3842],[-91.415,35.3808],[-91.4234,35.3774],[-91.4257,35.3751],[-91.425,35.3714],[-91.4224,35.3693],[-91.4137,35.369],[-91.4109,35.3676],[-91.4095,35.3636],[-91.4123,35.3604],[-91.4181,35.3621],[-91.422,35.3658],[-91.4322,35.3718],[-91.4371,35.3704],[-91.4386,35.3685],[-91.4382,35.3666],[-91.4447,35.3662],[-91.4438,35.3882],[-91.5054,35.3895],[-91.5049,35.4027],[-91.5009,35.4044],[-91.5005,35.406],[-91.5028,35.408],[-91.513,35.4118],[-91.5117,35.4149],[-91.5124,35.4167],[-91.5163,35.4162],[-91.5205,35.4193],[-91.5287,35.4148],[-91.5366,35.4161],[-91.5346,35.4195],[-91.5355,35.4218],[-91.5343,35.4265],[-91.5372,35.4273],[-91.5391,35.43],[-91.5393,35.4331],[-91.536,35.4374],[-91.5358,35.4408],[-91.5497,35.4417],[-91.5482,35.4927],[-91.583,35.4934],[-91.5821,35.5303]]]}},{"type":"Feature","properties":{"leaid":"0503630","name":"Brinkley School District","kind":"Unified","gradeLow":"PK","gradeHigh":"12","state":"AR"},"geometry":{"type":"Polygon","coordinates":[[[-91.0438,35.104],[-91.0454,35.001],[-91.1497,35.0025],[-91.1531,34.8834],[-91.1171,34.883],[-91.1174,34.8671],[-91.1,34.8671],[-91.1019,34.7643],[-91.1197,34.7643],[-91.1199,34.7527],[-91.1149,34.7526],[-91.1149,34.757],[-91.1116,34.7563],[-91.1109,34.7503],[-91.111,34.7495],[-91.1199,34.7495],[-91.122,34.7055],[-91.1578,34.706],[-91.1566,34.7501],[-91.1921,34.7507],[-91.1916,34.7653],[-91.2094,34.7657],[-91.208,34.8092],[-91.2435,34.8099],[-91.2439,34.7954],[-91.2627,34.7956],[-91.2631,34.7812],[-91.3716,34.7827],[-91.3706,34.8248],[-91.376,34.8288],[-91.3771,34.8343],[-91.3724,34.8429],[-91.3639,34.8425],[-91.3601,34.8457],[-91.361,34.8538],[-91.3634,34.8569],[-91.3611,34.859],[-91.3607,34.8619],[-91.3647,34.8682],[-91.359,34.8697],[-91.3555,34.8675],[-91.3494,34.8682],[-91.3445,34.8715],[-91.3439,34.8756],[-91.3455,34.8769],[-91.3509,34.8746],[-91.3603,34.8804],[-91.367,34.887],[-91.3724,34.8964],[-91.3843,34.8962],[-91.3867,34.8999],[-91.3855,34.9034],[-91.3814,34.9049],[-91.3761,34.8996],[-91.3696,34.8995],[-91.3683,34.9012],[-91.3687,34.9127],[-91.2947,34.9125],[-91.2931,34.9852],[-91.2024,34.9845],[-91.2023,35.0033],[-91.1699,35.0029],[-91.1689,35.061],[-91.1511,35.0606],[-91.1507,35.0897],[-91.1322,35.0896],[-91.1318,35.104],[-91.0438,35.104]]]}},{"type":"Feature","properties":{"leaid":"0503750","name":"Cabot Public Schools","kind":"Unified","gradeLow":"PK","gradeHigh":"12","state":"AR"},"geometry":{"type":"Polygon","coordinates":[[[-91.8025,35.0307],[-91.8035,34.9361],[-91.8213,34.9363],[-91.8215,34.9289],[-91.8304,34.929],[-91.8303,34.9338],[-91.839,34.934],[-91.839,34.922],[-91.8713,34.9221],[-91.8712,34.9276],[-91.8743,34.9277],[-91.8789,34.9276],[-91.879,34.9223],[-91.8919,34.9224],[-91.8923,34.8933],[-91.9298,34.8939],[-91.9306,34.8718],[-91.9394,34.8719],[-91.9401,34.8501],[-92.0314,34.8515],[-92.0311,34.8589],[-92.0395,34.8591],[-92.0398,34.8515],[-92.0485,34.8517],[-92.0485,34.8586],[-92.0749,34.8592],[-92.0723,34.9246],[-92.0737,34.9247],[-92.0708,35.0116],[-92.1215,35.0122],[-92.1197,35.0666],[-92.1181,35.0674],[-92.1158,35.066],[-92.1161,35.0671],[-92.1137,35.0665],[-92.1135,35.0676],[-92.1108,35.0656],[-92.108,35.0665],[-92.1046,35.0656],[-92.1048,35.0681],[-92.1033,35.0688],[-92.1012,35.0667],[-92.099,35.0677],[-92.0983,35.066],[-92.0993,35.0656],[-92.0961,35.0642],[-92.094,35.0646],[-92.0944,35.0662],[-92.0891,35.0648],[-92.0878,35.0669],[-92.0843,35.0678],[-92.0844,35.0693],[-92.0803,35.0683],[-92.0802,35.0704],[-92.0771,35.072],[-92.0777,35.0733],[-92.0761,35.0747],[-92.0716,35.0739],[-92.0683,35.0752],[-92.0649,35.0735],[-92.0623,35.0744],[-92.0622,35.0728],[-92.0591,35.0736],[-92.0579,35.0718],[-92.0589,35.0706],[-92.0572,35.0697],[-92.0577,35.0687],[-92.0553,35.0693],[-92.0541,35.0683],[-92.0546,35.0674],[-92.0523,35.0681],[-92.0502,35.0671],[-92.0485,35.0685],[-92.0432,35.0684],[-92.0434,35.0705],[-92.0389,35.0713],[-92.0382,35.0724],[-92.0364,35.0719],[-92.0352,35.0732],[-92.0301,35.0714],[-92.0282,35.0729],[-92.0263,35.0727],[-92.0253,35.0711],[-92.0128,35.0763],[-92.0114,35.0759],[-92.0121,35.0746],[-92.0107,35.0731],[-92.0122,35.0722],[-92.0088,35.0719],[-92.0097,35.0706],[-92.0064,35.0661],[-92.0043,35.0658],[-92.0037,35.0644],[-92.0025,35.0654],[-92.0029,35.0635],[-92.0017,35.0635],[-92.0015,35.0623],[-91.9996,35.0641],[-91.9989,35.0626],[-91.9976,35.0639],[-91.9979,35.0614],[-91.9964,35.061],[-91.9958,35.059],[-91.9914,35.0615],[-91.989,35.06],[-91.9847,35.0601],[-91.9802,35.0579],[-91.9825,35.0562],[-91.9797,35.0549],[-91.9795,35.0533],[-91.9775,35.0551],[-91.9762,35.0537],[-91.9772,35.0526],[-91.9733,35.0528],[-91.9738,35.0516],[-91.9713,35.0518],[-91.9702,35.0496],[-91.9674,35.0515],[-91.9652,35.0517],[-91.9648,35.0503],[-91.9645,35.0517],[-91.9621,35.0509],[-91.9619,35.0523],[-91.9602,35.0508],[-91.9606,35.0497],[-91.9547,35.0496],[-91.9564,35.0478],[-91.955,35.046],[-91.954,35.0466],[-91.9495,35.0445],[-91.9488,35.0459],[-91.9444,35.0462],[-91.9388,35.0437],[-91.9363,35.0445],[-91.9357,35.0463],[-91.9306,35.0443],[-91.9287,35.0453],[-91.9288,35.0469],[-91.9269,35.0453],[-91.9253,35.0459],[-91.9206,35.043],[-91.9192,35.0436],[-91.9181,35.0413],[-91.9189,35.0395],[-91.9158,35.037],[-91.9123,35.0349],[-91.9082,35.0348],[-91.908,35.0328],[-91.904,35.0307],[-91.9046,35.0295],[-91.9026,35.0277],[-91.8947,35.0329],[-91.8864,35.0279],[-91.8817,35.0278],[-91.88,35.0252],[-91.8766,35.0251],[-91.8752,35.0235],[-91.8743,35.025],[-91.8715,35.0256],[-91.8697,35.0256],[-91.8688,35.0241],[-91.8588,35.026],[-91.8555,35.0247],[-91.8542,35.0263],[-91.8526,35.0246],[-91.8505,35.0255],[-91.8493,35.0282],[-91.8433,35.027],[-91.8409,35.0297],[-91.8356,35.0305],[-91.832,35.0283],[-91.8272,35.0317],[-91.8145,35.032],[-91.8113,35.0335],[-91.8113,35.0309],[-91.8025,35.0307]]]}},{"type":"Feature","properties":{"leaid":"0509060","name":"Lonoke School District","kind":"Unified","gradeLow":"PK","gradeHigh":"12","state":"AR"},"geometry":{"type":"Polygon","coordinates":[[[-91.8215,34.9289],[-91.8212,34.9217],[-91.8037,34.9215],[-91.8038,34.914],[-91.8212,34.9133],[-91.8217,34.8857],[-91.8396,34.8864],[-91.8402,34.8423],[-91.8578,34.8423],[-91.8592,34.806],[-91.8507,34.8061],[-91.8509,34.7944],[-91.8482,34.7943],[-91.8465,34.7943],[-91.8463,34.8062],[-91.8368,34.8062],[-91.8365,34.8099],[-91.8315,34.8099],[-91.8312,34.8062],[-91.7855,34.8054],[-91.7864,34.7885],[-91.7747,34.7882],[-91.7747,34.7829],[-91.7866,34.783],[-91.7867,34.7761],[-91.7778,34.7758],[-91.7786,34.7469],[-91.8256,34.7477],[-91.8258,34.7397],[-91.844,34.7402],[-91.8441,34.7329],[-91.8081,34.733],[-91.8082,34.7256],[-91.8261,34.725],[-91.8263,34.7177],[-91.8444,34.7179],[-91.8446,34.7108],[-91.8349,34.7105],[-91.8351,34.7032],[-91.831,34.703],[-91.8315,34.6813],[-91.8451,34.6815],[-91.8461,34.6163],[-91.8991,34.6179],[-91.8993,34.6105],[-91.9204,34.6118],[-91.9201,34.6199],[-91.9292,34.6201],[-91.9289,34.6328],[-91.9376,34.6329],[-91.9373,34.6492],[-91.9546,34.6494],[-91.9546,34.661],[-91.9634,34.6613],[-91.9633,34.6685],[-91.9723,34.6686],[-91.9718,34.6904],[-92.026,34.6915],[-92.0263,34.7058],[-92.0432,34.706],[-92.0423,34.7353],[-92.0785,34.7366],[-92.0754,34.8235],[-92.0318,34.8229],[-92.0313,34.8369],[-92.0403,34.8372],[-92.0401,34.8445],[-92.0317,34.8444],[-92.0314,34.8515],[-91.9401,34.8501],[-91.9394,34.8719],[-91.9306,34.8718],[-91.9298,34.8939],[-91.8923,34.8933],[-91.8919,34.9224],[-91.879,34.9223],[-91.8789,34.9276],[-91.8743,34.9277],[-91.8712,34.9276],[-91.8713,34.9221],[-91.839,34.922],[-91.839,34.934],[-91.8303,34.9338],[-91.8304,34.929],[-91.8215,34.9289]]]}},{"type":"Feature","properties":{"leaid":"0503770","name":"Caddo Hills School District","kind":"Unified","gradeLow":"PK","gradeHigh":"12","state":"AR"},"geometry":{"type":"Polygon","coordinates":[[[-93.7568,34.5853],[-93.7571,34.5569],[-93.7485,34.557],[-93.7489,34.5214],[-93.7227,34.5217],[-93.723,34.5075],[-93.6344,34.5058],[-93.6353,34.4908],[-93.6177,34.4912],[-93.6177,34.4898],[-93.5807,34.4892],[-93.5811,34.4746],[-93.512,34.4725],[-93.5124,34.4434],[-93.4944,34.4431],[-93.4942,34.4574],[-93.4544,34.457],[-93.4544,34.453],[-93.4502,34.453],[-93.4503,34.4495],[-93.4416,34.4495],[-93.4417,34.4345],[-93.4331,34.4345],[-93.4332,34.4272],[-93.4417,34.4273],[-93.4419,34.4199],[-93.4068,34.4192],[-93.4082,34.3395],[-93.6718,34.3452],[-93.7426,34.3481],[-93.8315,34.3475],[-93.9354,34.3502],[-93.933,34.5215],[-93.8103,34.5207],[-93.8099,34.5681],[-93.7921,34.5685],[-93.7917,34.5856],[-93.7568,34.5853]]]}},{"type":"Feature","properties":{"leaid":"0503840","name":"Calico Rock School District","kind":"Unified","gradeLow":"PK","gradeHigh":"12","state":"AR"},"geometry":{"type":"Polygon","coordinates":[[[-92.0504,36.2587],[-92.051,36.2291],[-92.0334,36.2288],[-92.0338,36.2143],[-91.9886,36.2138],[-91.9887,36.2101],[-91.9931,36.2101],[-91.9932,36.2064],[-91.9977,36.2065],[-91.9984,36.1844],[-92.0119,36.1849],[-92.0121,36.1776],[-92.0166,36.1777],[-92.0166,36.175],[-91.9988,36.1744],[-91.999,36.1699],[-92.0154,36.1705],[-92.0161,36.147],[-92.0075,36.1467],[-92.0091,36.0894],[-92.018,36.0893],[-92.018,36.075],[-92.0359,36.0752],[-92.036,36.0463],[-92.0272,36.0462],[-92.0273,36.0389],[-92.0317,36.039],[-92.0318,36.0354],[-92.0362,36.0355],[-92.0362,36.032],[-92.0451,36.0322],[-92.0453,36.0249],[-92.0367,36.0247],[-92.0373,36.0033],[-92.0548,36.0036],[-92.0553,35.9892],[-92.0878,35.9898],[-92.0982,36.0019],[-92.0995,36.0099],[-92.0976,36.0148],[-92.1982,36.016],[-92.198,36.0307],[-92.3059,36.0322],[-92.3051,36.0611],[-92.2868,36.0613],[-92.2866,36.0765],[-92.2687,36.0758],[-92.2675,36.1196],[-92.2499,36.119],[-92.2497,36.1335],[-92.2152,36.1335],[-92.2139,36.1751],[-92.1599,36.1738],[-92.1569,36.2612],[-92.0504,36.2587]]]}},{"type":"Feature","properties":{"leaid":"0504050","name":"Cave City School District","kind":"Unified","gradeLow":"PK","gradeHigh":"12","state":"AR"},"geometry":{"type":"MultiPolygon","coordinates":[[[[-91.6114,35.8208],[-91.612,35.8062],[-91.6501,35.8069],[-91.6595,35.8105],[-91.6586,35.8153],[-91.6597,35.8221],[-91.659,35.8247],[-91.6563,35.8272],[-91.6601,35.8293],[-91.6605,35.8312],[-91.6572,35.8338],[-91.6604,35.8394],[-91.6637,35.8414],[-91.6663,35.8463],[-91.6648,35.8961],[-91.684,35.8965],[-91.6834,35.9261],[-91.6895,35.9264],[-91.6898,35.9301],[-91.6945,35.9301],[-91.6948,35.9265],[-91.7008,35.9267],[-91.7016,35.9417],[-91.7105,35.9418],[-91.7096,35.976],[-91.7009,35.9756],[-91.7005,35.9823],[-91.6918,35.9822],[-91.6915,35.9971],[-91.6823,35.9969],[-91.6822,36.0006],[-91.7051,36.0009],[-91.7049,36.0084],[-91.7093,36.0085],[-91.7094,36.0157],[-91.7269,36.0157],[-91.7268,36.0268],[-91.7224,36.0269],[-91.7224,36.0306],[-91.7004,36.0306],[-91.7003,36.0358],[-91.7092,36.0359],[-91.709,36.0407],[-91.7265,36.0405],[-91.7266,36.0598],[-91.7304,36.0598],[-91.7307,36.0692],[-91.7322,36.0731],[-91.7446,36.0905],[-91.7516,36.1025],[-91.7516,36.1061],[-91.7549,36.1061],[-91.7549,36.1115],[-91.7516,36.1115],[-91.7515,36.1227],[-91.7462,36.1221],[-91.7403,36.1234],[-91.7382,36.1216],[-91.7315,36.1198],[-91.7294,36.1176],[-91.7154,36.1192],[-91.6587,36.1182],[-91.6587,36.1199],[-91.6567,36.1193],[-91.6542,36.1204],[-91.6496,36.1258],[-91.6447,36.124],[-91.6444,36.1329],[-91.622,36.1325],[-91.6209,36.1638],[-91.5454,36.162],[-91.546,36.1454],[-91.5282,36.1451],[-91.5286,36.1305],[-91.492,36.1303],[-91.4924,36.1155],[-91.4683,36.1148],[-91.4683,36.1066],[-91.4838,36.1068],[-91.4839,36.1006],[-91.5121,36.1009],[-91.5124,36.0916],[-91.5151,36.0919],[-91.5181,36.0892],[-91.525,36.0878],[-91.5263,36.0864],[-91.5305,36.0865],[-91.5307,36.0784],[-91.5418,36.0786],[-91.5422,36.0677],[-91.5594,36.0679],[-91.5601,36.0597],[-91.5513,36.0594],[-91.5525,36.0626],[-91.5424,36.0631],[-91.5428,36.0487],[-91.5517,36.0489],[-91.552,36.0416],[-91.5431,36.0414],[-91.5432,36.034],[-91.5387,36.0339],[-91.5389,36.0303],[-91.5432,36.0304],[-91.5432,36.027],[-91.5164,36.0251],[-91.5164,36.0036],[-91.4626,36.0031],[-91.4625,35.9959],[-91.4228,35.9955],[-91.4224,36.0008],[-91.4326,36.001],[-91.4323,36.0046],[-91.4254,36.0045],[-91.4253,36.01],[-91.4202,36.0099],[-91.4199,36.0171],[-91.4169,36.0172],[-91.4168,36.0098],[-91.4074,36.0098],[-91.4075,36.0025],[-91.3988,36.0024],[-91.399,35.9951],[-91.3902,35.9948],[-91.3915,35.977],[-91.407,35.9773],[-91.4071,35.9736],[-91.3994,35.9727],[-91.3971,35.9699],[-91.3967,35.959],[-91.4034,35.9575],[-91.4184,35.9583],[-91.4188,35.9356],[-91.4086,35.9348],[-91.4091,35.9198],[-91.3929,35.921],[-91.3934,35.9065],[-91.4017,35.9058],[-91.4015,35.9128],[-91.4191,35.9128],[-91.4188,35.9205],[-91.4289,35.9212],[-91.4294,35.9066],[-91.4158,35.9056],[-91.4164,35.8916],[-91.4299,35.8918],[-91.4302,35.8691],[-91.4661,35.8704],[-91.4656,35.8789],[-91.4847,35.8773],[-91.4845,35.893],[-91.5026,35.893],[-91.5033,35.8628],[-91.521,35.8637],[-91.5212,35.8563],[-91.5302,35.8564],[-91.5303,35.8489],[-91.5257,35.8489],[-91.5259,35.8343],[-91.5301,35.8344],[-91.5303,35.8268],[-91.5394,35.8269],[-91.5396,35.8197],[-91.5575,35.8199],[-91.5575,35.8051],[-91.5846,35.8056],[-91.5845,35.813],[-91.5801,35.8129],[-91.58,35.8167],[-91.5844,35.8166],[-91.5843,35.8204],[-91.6114,35.8208]],[[-91.6114,35.8208],[-91.6114,35.8245],[-91.6161,35.8246],[-91.6161,35.821],[-91.6114,35.8208]]],[[[-91.3988,36.0024],[-91.3983,36.0117],[-91.3925,36.0162],[-91.3892,36.017],[-91.389,36.0242],[-91.3868,36.0242],[-91.3867,36.0261],[-91.3799,36.0306],[-91.3763,36.026],[-91.3748,36.0189],[-91.3665,36.0173],[-91.3665,36.0135],[-91.3756,36.0135],[-91.3757,36.0098],[-91.3894,36.0097],[-91.3894,36.006],[-91.3804,36.0059],[-91.3807,36.0022],[-91.3988,36.0024]]]]}},{"type":"Feature","properties":{"leaid":"0503960","name":"Carlisle School District","kind":"Unified","gradeLow":"PK","gradeHigh":"12","state":"AR"},"geometry":{"type":"MultiPolygon","coordinates":[[[[-91.8037,34.9215],[-91.6937,34.9196],[-91.6977,34.7885],[-91.6583,34.7885],[-91.6588,34.774],[-91.641,34.7741],[-91.6421,34.7451],[-91.6439,34.745],[-91.6447,34.7263],[-91.6996,34.7267],[-91.7008,34.672],[-91.6997,34.6732],[-91.6983,34.6709],[-91.7001,34.6698],[-91.6935,34.6698],[-91.6932,34.6709],[-91.6892,34.6703],[-91.6871,34.6657],[-91.6808,34.6637],[-91.6791,34.6616],[-91.6776,34.6634],[-91.6754,34.6632],[-91.6767,34.6605],[-91.6739,34.6581],[-91.669,34.6574],[-91.6678,34.6543],[-91.664,34.6526],[-91.6646,34.6491],[-91.6616,34.6456],[-91.6561,34.6428],[-91.6508,34.6432],[-91.6431,34.6369],[-91.6405,34.6332],[-91.6385,34.6257],[-91.6424,34.6159],[-91.6483,34.6129],[-91.6477,34.6098],[-91.6492,34.6068],[-91.6535,34.602],[-91.6572,34.6019],[-91.6596,34.6002],[-91.6623,34.5856],[-91.6643,34.5834],[-91.665,34.5799],[-91.662,34.5774],[-91.6581,34.5768],[-91.6585,34.5731],[-91.6561,34.5714],[-91.6565,34.5691],[-91.6538,34.5686],[-91.652,34.5666],[-91.6504,34.5669],[-91.6483,34.5698],[-91.6363,34.5663],[-91.6372,34.5647],[-91.6348,34.5642],[-91.6334,34.5621],[-91.635,34.555],[-91.6328,34.5529],[-91.6344,34.5512],[-91.6345,34.5466],[-91.6386,34.5421],[-91.6431,34.5403],[-91.6432,34.5389],[-91.6474,34.5361],[-91.6487,34.5337],[-91.6585,34.5286],[-91.6597,34.5263],[-91.6655,34.522],[-91.6676,34.522],[-91.6699,34.5191],[-91.669,34.5165],[-91.6752,34.5132],[-91.6745,34.5112],[-91.6776,34.509],[-91.6765,34.5073],[-91.679,34.5071],[-91.6758,34.504],[-91.6784,34.4996],[-91.6811,34.4994],[-91.6801,34.4977],[-91.681,34.4956],[-91.6793,34.4924],[-91.6823,34.4937],[-91.6835,34.4928],[-91.6806,34.4896],[-91.678,34.4899],[-91.6805,34.488],[-91.6804,34.4864],[-91.6771,34.4868],[-91.6779,34.484],[-91.6748,34.4838],[-91.6782,34.4819],[-91.8141,34.4842],[-91.8134,34.5133],[-91.7932,34.5131],[-91.7929,34.5294],[-91.784,34.5293],[-91.7839,34.5346],[-91.7929,34.5348],[-91.7926,34.5518],[-91.7881,34.5519],[-91.7875,34.5566],[-91.8127,34.557],[-91.812,34.586],[-91.7744,34.5858],[-91.7739,34.6004],[-91.7561,34.6002],[-91.7557,34.618],[-91.7738,34.6183],[-91.7735,34.6311],[-91.7863,34.6317],[-91.7864,34.6429],[-91.81,34.6432],[-91.8103,34.6322],[-91.8241,34.6325],[-91.824,34.6424],[-91.8266,34.6424],[-91.8266,34.6354],[-91.8358,34.6352],[-91.8357,34.6449],[-91.8451,34.6455],[-91.8451,34.6815],[-91.8315,34.6813],[-91.831,34.703],[-91.8351,34.7032],[-91.8349,34.7105],[-91.8446,34.7108],[-91.8444,34.7179],[-91.8263,34.7177],[-91.8261,34.725],[-91.8082,34.7256],[-91.8081,34.733],[-91.8441,34.7329],[-91.844,34.7402],[-91.8258,34.7397],[-91.8256,34.7477],[-91.7786,34.7469],[-91.7778,34.7758],[-91.7867,34.7761],[-91.7866,34.783],[-91.7747,34.7829],[-91.7747,34.7882],[-91.7864,34.7885],[-91.7855,34.8054],[-91.8312,34.8062],[-91.8315,34.8099],[-91.8365,34.8099],[-91.8368,34.8062],[-91.8463,34.8062],[-91.8465,34.7943],[-91.8482,34.7943],[-91.8509,34.7944],[-91.8507,34.8061],[-91.8592,34.806],[-91.8578,34.8423],[-91.8402,34.8423],[-91.8396,34.8864],[-91.8217,34.8857],[-91.8212,34.9133],[-91.8038,34.914],[-91.8037,34.9215]]],[[[-91.8037,34.9215],[-91.8212,34.9217],[-91.8213,34.9363],[-91.8035,34.9361],[-91.8036,34.9301],[-91.8124,34.9301],[-91.8124,34.9259],[-91.8036,34.9258],[-91.8037,34.9215]]]]}},{"type":"Feature","properties":{"leaid":"0504020","name":"Westside Consolidated School District","kind":"Unified","gradeLow":"PK","gradeHigh":"12","state":"AR"},"geometry":{"type":"Polygon","coordinates":[[[-90.852,35.9679],[-90.7191,35.9668],[-90.7199,35.9157],[-90.7109,35.9157],[-90.711,35.9086],[-90.72,35.9086],[-90.7205,35.8866],[-90.7383,35.8867],[-90.7385,35.8649],[-90.7478,35.8649],[-90.7482,35.8504],[-90.7661,35.8503],[-90.7663,35.8431],[-90.82,35.8431],[-90.8202,35.8359],[-90.8741,35.8369],[-90.8759,35.7639],[-90.9296,35.7645],[-90.9303,35.7065],[-91.037,35.7084],[-91.0312,35.944],[-90.9515,35.9437],[-90.9439,35.95],[-90.9429,35.9537],[-90.9448,35.96],[-90.9497,35.9642],[-90.9504,35.9674],[-90.9419,35.9674],[-90.9417,35.971],[-90.9019,35.9695],[-90.9024,35.962],[-90.8933,35.9615],[-90.8936,35.9543],[-90.8805,35.954],[-90.8807,35.9395],[-90.8627,35.9388],[-90.8659,35.9412],[-90.8606,35.9421],[-90.8604,35.945],[-90.8621,35.9462],[-90.8644,35.9456],[-90.8648,35.9473],[-90.8628,35.9499],[-90.861,35.9485],[-90.8569,35.95],[-90.8584,35.9543],[-90.8611,35.9538],[-90.8615,35.9556],[-90.8602,35.9576],[-90.858,35.9579],[-90.8577,35.9601],[-90.8545,35.9591],[-90.8552,35.9621],[-90.8516,35.9633],[-90.8506,35.9652],[-90.852,35.9679]]]}},{"type":"Feature","properties":{"leaid":"0507350","name":"Harrisburg School District","kind":"Unified","gradeLow":"PK","gradeHigh":"12","state":"AR"},"geometry":{"type":"Polygon","coordinates":[[[-90.9828,35.7074],[-90.7475,35.7053],[-90.7482,35.6653],[-90.6868,35.6642],[-90.6873,35.6351],[-90.6778,35.6351],[-90.678,35.6205],[-90.6072,35.6202],[-90.6083,35.569],[-90.5997,35.5694],[-90.5996,35.5333],[-90.6011,35.5334],[-90.601,35.5213],[-90.5736,35.5216],[-90.5736,35.5143],[-90.583,35.5142],[-90.5829,35.4997],[-90.592,35.4997],[-90.5917,35.4708],[-90.5741,35.4708],[-90.5742,35.4623],[-90.6104,35.462],[-90.6102,35.4704],[-90.7157,35.4716],[-90.7162,35.4458],[-90.7693,35.4459],[-90.7689,35.4749],[-90.8233,35.4748],[-90.8238,35.4457],[-90.9312,35.4418],[-91.0393,35.443],[-91.0384,35.6197],[-90.9835,35.6213],[-90.9828,35.7074]]]}},{"type":"Feature","properties":{"leaid":"0509420","name":"Marked Tree School District","kind":"Unified","gradeLow":"PK","gradeHigh":"12","state":"AR"},"geometry":{"type":"Polygon","coordinates":[[[-90.5197,35.5731],[-90.4478,35.5718],[-90.448,35.5571],[-90.4239,35.5567],[-90.4118,35.5566],[-90.4118,35.5706],[-90.3758,35.5706],[-90.3758,35.556],[-90.3579,35.556],[-90.358,35.5477],[-90.287,35.5472],[-90.2869,35.5255],[-90.3582,35.5265],[-90.3582,35.5105],[-90.3761,35.5105],[-90.3761,35.4981],[-90.3949,35.4981],[-90.395,35.4933],[-90.4018,35.4933],[-90.4017,35.4653],[-90.3968,35.4651],[-90.3968,35.4544],[-90.3937,35.4544],[-90.3937,35.44],[-90.493,35.4416],[-90.6109,35.4417],[-90.6104,35.462],[-90.5742,35.4623],[-90.5741,35.4708],[-90.5917,35.4708],[-90.592,35.4997],[-90.5829,35.4997],[-90.583,35.5142],[-90.5736,35.5143],[-90.5736,35.5216],[-90.5557,35.5216],[-90.5553,35.5457],[-90.5375,35.5449],[-90.5375,35.5593],[-90.5198,35.5585],[-90.5197,35.5731]]]}},{"type":"Feature","properties":{"leaid":"0504110","name":"Genoa Central School District","kind":"Unified","gradeLow":"PK","gradeHigh":"12","state":"AR"},"geometry":{"type":"Polygon","coordinates":[[[-93.8562,33.4427],[-93.8571,33.3991],[-93.8225,33.3986],[-93.8227,33.3911],[-93.8054,33.3909],[-93.8056,33.3839],[-93.7964,33.3838],[-93.7973,33.3689],[-93.7887,33.3688],[-93.7891,33.3545],[-93.7797,33.3542],[-93.7798,33.3466],[-93.7761,33.3466],[-93.7767,33.3249],[-93.7721,33.3247],[-93.7729,33.2814],[-93.7817,33.2816],[-93.782,33.2669],[-93.8169,33.2681],[-93.8165,33.2825],[-93.8426,33.2831],[-93.8418,33.3114],[-93.8767,33.3121],[-93.8765,33.3267],[-93.9284,33.3275],[-93.9283,33.3345],[-93.9452,33.3348],[-93.945,33.3422],[-93.9711,33.3428],[-93.971,33.3501],[-93.9624,33.3497],[-93.9619,33.3607],[-93.9576,33.3607],[-93.9573,33.3788],[-93.9615,33.3789],[-93.9613,33.3864],[-93.9527,33.386],[-93.952,33.415],[-93.9434,33.415],[-93.9427,33.444],[-93.8562,33.4427]]]}},{"type":"Feature","properties":{"leaid":"0506360","name":"Fouke School District","kind":"Unified","gradeLow":"PK","gradeHigh":"12","state":"AR"},"geometry":{"type":"Polygon","coordinates":[[[-93.9885,33.343],[-93.945,33.3422],[-93.9452,33.3348],[-93.9283,33.3345],[-93.9284,33.3275],[-93.8765,33.3267],[-93.8767,33.3121],[-93.8418,33.3114],[-93.8426,33.2831],[-93.8165,33.2825],[-93.8169,33.2681],[-93.7736,33.2666],[-93.774,33.2521],[-93.7091,33.2514],[-93.7135,33.2441],[-93.7266,33.2348],[-93.729,33.2276],[-93.7263,33.2236],[-93.7229,33.2221],[-93.7169,33.2233],[-93.7024,33.2295],[-93.7001,33.2289],[-93.7003,33.2259],[-93.7112,33.2201],[-93.7239,33.2166],[-93.7347,33.2088],[-93.7397,33.2014],[-93.7392,33.1986],[-93.7369,33.1956],[-93.7264,33.1891],[-93.7273,33.1851],[-93.7358,33.1818],[-93.755,33.1808],[-93.7584,33.1775],[-93.7583,33.1704],[-93.7554,33.1673],[-93.7529,33.1664],[-93.7417,33.1674],[-93.7363,33.1659],[-93.7337,33.1612],[-93.7349,33.1566],[-93.7418,33.1546],[-93.7497,33.158],[-93.7569,33.1648],[-93.7693,33.1671],[-93.7739,33.1652],[-93.777,33.1583],[-93.7732,33.1414],[-93.7742,33.1396],[-93.7834,33.1435],[-93.7865,33.148],[-93.7861,33.1547],[-93.7874,33.1585],[-93.7915,33.1618],[-93.7968,33.1628],[-93.805,33.1598],[-93.8104,33.1551],[-93.8119,33.1508],[-93.812,33.1377],[-93.8132,33.1362],[-93.8167,33.1359],[-93.8226,33.1377],[-93.8323,33.1484],[-93.8395,33.1483],[-93.8452,33.145],[-93.8483,33.1411],[-93.8478,33.1254],[-93.8497,33.1217],[-93.855,33.1168],[-93.8562,33.1139],[-93.8541,33.1042],[-93.8589,33.1004],[-93.8633,33.0989],[-93.8641,33.0961],[-93.8535,33.086],[-93.837,33.0774],[-93.836,33.0713],[-93.8405,33.0571],[-93.8326,33.0529],[-93.8228,33.0512],[-93.8187,33.0491],[-93.8175,33.0464],[-93.8187,33.0418],[-93.8259,33.0366],[-93.8278,33.0332],[-93.8229,33.0297],[-93.8082,33.0271],[-93.8063,33.0238],[-93.8072,33.0193],[-94.043,33.0193],[-94.043,33.2712],[-94.0315,33.268],[-94.0296,33.2739],[-94.0262,33.2739],[-94.0216,33.2693],[-94.0207,33.2656],[-94.0164,33.2642],[-94.0134,33.266],[-94.0133,33.2619],[-94.0117,33.2599],[-94.009,33.2612],[-94.0074,33.2601],[-94.0074,33.2593],[-94.0095,33.2593],[-94.0099,33.2541],[-94.0075,33.2515],[-94.0102,33.2508],[-94.0111,33.2493],[-94.0063,33.2426],[-94.0043,33.2417],[-94.0024,33.2443],[-94.0018,33.2422],[-93.9992,33.2418],[-93.9986,33.2391],[-93.996,33.2374],[-93.9903,33.2415],[-93.9885,33.2392],[-93.9852,33.2402],[-93.9859,33.2369],[-93.9827,33.2347],[-93.9808,33.3138],[-93.9891,33.314],[-93.9885,33.343]]]}},{"type":"Feature","properties":{"leaid":"0504170","name":"White County Central School District","kind":"Unified","gradeLow":"PK","gradeHigh":"12","state":"AR"},"geometry":{"type":"Polygon","coordinates":[[[-91.6563,35.4433],[-91.6293,35.4429],[-91.6306,35.3884],[-91.6328,35.3884],[-91.6335,35.3896],[-91.6319,35.39],[-91.6346,35.3913],[-91.6348,35.3927],[-91.6399,35.3948],[-91.6404,35.3663],[-91.6495,35.3664],[-91.6496,35.359],[-91.6584,35.3592],[-91.6592,35.3555],[-91.6593,35.3491],[-91.6501,35.3492],[-91.6505,35.3344],[-91.6595,35.3345],[-91.6604,35.3051],[-91.6516,35.3052],[-91.6516,35.2979],[-91.6433,35.2978],[-91.6436,35.2796],[-91.6958,35.2798],[-91.6959,35.2764],[-91.7015,35.274],[-91.7041,35.2715],[-91.7042,35.2738],[-91.706,35.2737],[-91.7064,35.2749],[-91.7097,35.274],[-91.7203,35.2854],[-91.7198,35.2891],[-91.7115,35.2972],[-91.7119,35.3016],[-91.7162,35.3026],[-91.7329,35.3021],[-91.7315,35.3057],[-91.732,35.3073],[-91.7403,35.3141],[-91.7426,35.3176],[-91.7415,35.3195],[-91.7279,35.3281],[-91.7101,35.337],[-91.7066,35.3401],[-91.7075,35.3426],[-91.716,35.3459],[-91.7175,35.3476],[-91.7169,35.3525],[-91.7143,35.3579],[-91.7143,35.3631],[-91.7201,35.384],[-91.7205,35.3913],[-91.7195,35.3942],[-91.7165,35.3963],[-91.7067,35.3932],[-91.701,35.3961],[-91.6989,35.3986],[-91.7006,35.4036],[-91.7047,35.404],[-91.7107,35.4021],[-91.7139,35.4033],[-91.7123,35.4105],[-91.7088,35.4161],[-91.7094,35.4175],[-91.7162,35.4191],[-91.7241,35.4182],[-91.7267,35.4194],[-91.727,35.4258],[-91.7286,35.4291],[-91.7282,35.437],[-91.7192,35.4369],[-91.7187,35.4591],[-91.7277,35.4594],[-91.7275,35.4742],[-91.7094,35.4741],[-91.7091,35.489],[-91.6549,35.4871],[-91.6563,35.4433]]]}},{"type":"Feature","properties":{"leaid":"0504200","name":"Charleston School District","kind":"Unified","gradeLow":"PK","gradeHigh":"12","state":"AR"},"geometry":{"type":"Polygon","coordinates":[[[-93.9549,35.2592],[-93.956,35.2114],[-94.0466,35.2141],[-94.047,35.1995],[-94.0648,35.1999],[-94.0643,35.2145],[-94.0822,35.2148],[-94.0803,35.276],[-94.14,35.2765],[-94.1399,35.273],[-94.1442,35.273],[-94.1443,35.2664],[-94.1487,35.2663],[-94.1487,35.2624],[-94.1536,35.2625],[-94.1535,35.2665],[-94.1579,35.2666],[-94.1576,35.2768],[-94.1659,35.277],[-94.1656,35.292],[-94.1882,35.2925],[-94.1879,35.3033],[-94.1791,35.3031],[-94.179,35.3067],[-94.1605,35.3062],[-94.1603,35.3136],[-94.1426,35.3134],[-94.1415,35.351],[-94.1106,35.3505],[-94.1106,35.3432],[-94.0971,35.3431],[-94.0972,35.3395],[-94.0791,35.3394],[-94.0769,35.4125],[-94.0755,35.4126],[-94.0751,35.4273],[-94.0119,35.4257],[-94.0124,35.4114],[-94.0137,35.4115],[-94.015,35.3789],[-93.9607,35.3776],[-93.9609,35.3704],[-93.9518,35.3704],[-93.9521,35.363],[-93.9429,35.363],[-93.9437,35.3412],[-93.9527,35.3412],[-93.9528,35.3341],[-93.9574,35.3341],[-93.9576,35.3269],[-93.9894,35.3274],[-93.9895,35.3205],[-93.9884,35.3201],[-93.9891,35.2962],[-93.9803,35.2961],[-93.9804,35.2888],[-93.9714,35.2886],[-93.9724,35.2594],[-93.9549,35.2592]]]}},{"type":"Feature","properties":{"leaid":"0504350","name":"Clarendon School District","kind":"Unified","gradeLow":"PK","gradeHigh":"12","state":"AR"},"geometry":{"type":"Polygon","coordinates":[[[-91.1019,34.7643],[-91.1025,34.7349],[-91.0495,34.7342],[-91.0545,34.4854],[-91.0713,34.4859],[-91.0724,34.4747],[-91.0722,34.4713],[-91.0548,34.4709],[-91.0553,34.3901],[-91.0538,34.3915],[-91.0411,34.3809],[-91.0557,34.3682],[-91.0566,34.3369],[-91.0585,34.3376],[-91.0631,34.3366],[-91.0685,34.3381],[-91.0718,34.3415],[-91.0759,34.3435],[-91.0784,34.3484],[-91.082,34.345],[-91.087,34.3457],[-91.0926,34.3437],[-91.0966,34.3512],[-91.1086,34.3541],[-91.1095,34.3569],[-91.1051,34.3612],[-91.1049,34.365],[-91.1166,34.3696],[-91.1251,34.3778],[-91.1305,34.3807],[-91.1296,34.3856],[-91.1356,34.3945],[-91.136,34.4016],[-91.1387,34.4029],[-91.1458,34.4015],[-91.15,34.4023],[-91.1568,34.4086],[-91.163,34.4105],[-91.1662,34.4128],[-91.1668,34.4162],[-91.1654,34.4183],[-91.1557,34.4176],[-91.1534,34.4194],[-91.1532,34.4212],[-91.1589,34.4261],[-91.1594,34.4329],[-91.1609,34.435],[-91.1647,34.4357],[-91.1682,34.4332],[-91.1701,34.4336],[-91.1696,34.44],[-91.1733,34.4441],[-91.174,34.4491],[-91.1757,34.4512],[-91.1783,34.4521],[-91.1811,34.451],[-91.1873,34.4422],[-91.191,34.4399],[-91.2029,34.4455],[-91.2136,34.4417],[-91.2176,34.4423],[-91.2191,34.4451],[-91.2203,34.4536],[-91.2177,34.454],[-91.213,34.4511],[-91.2096,34.4506],[-91.2073,34.4523],[-91.2064,34.4553],[-91.2085,34.4584],[-91.2123,34.4604],[-91.2209,34.4605],[-91.2227,34.4638],[-91.217,34.4683],[-91.214,34.4762],[-91.2091,34.4809],[-91.2092,34.4831],[-91.2148,34.4869],[-91.2178,34.4871],[-91.2228,34.4808],[-91.2288,34.4794],[-91.2324,34.4807],[-91.2404,34.4875],[-91.2521,34.4877],[-91.2543,34.4894],[-91.2552,34.4925],[-91.2509,34.4996],[-91.2518,34.5023],[-91.2556,34.5036],[-91.2637,34.502],[-91.2668,34.5048],[-91.2665,34.5072],[-91.2611,34.514],[-91.262,34.5217],[-91.2611,34.5267],[-91.2632,34.5277],[-91.2715,34.5275],[-91.2793,34.5309],[-91.2921,34.5297],[-91.3005,34.5329],[-91.3012,34.5364],[-91.2932,34.5452],[-91.2941,34.5511],[-91.2918,34.5572],[-91.2916,34.5618],[-91.4137,34.5642],[-91.4123,34.6086],[-91.4479,34.6091],[-91.447,34.6675],[-91.3748,34.666],[-91.3716,34.7827],[-91.2631,34.7812],[-91.2627,34.7956],[-91.2439,34.7954],[-91.2435,34.8099],[-91.208,34.8092],[-91.2094,34.7657],[-91.1916,34.7653],[-91.1921,34.7507],[-91.1566,34.7501],[-91.1578,34.706],[-91.122,34.7055],[-91.1199,34.7495],[-91.111,34.7495],[-91.1109,34.7503],[-91.1116,34.7563],[-91.1149,34.757],[-91.1149,34.7526],[-91.1199,34.7527],[-91.1197,34.7643],[-91.1019,34.7643]]]}},{"type":"Feature","properties":{"leaid":"0504380","name":"Clarksville School District","kind":"Unified","gradeLow":"PK","gradeHigh":"12","state":"AR"},"geometry":{"type":"Polygon","coordinates":[[[-93.5951,35.5921],[-93.4532,35.588],[-93.4537,35.5735],[-93.4091,35.5729],[-93.4094,35.5515],[-93.401,35.5515],[-93.4012,35.544],[-93.3968,35.5438],[-93.397,35.5366],[-93.392,35.5364],[-93.3924,35.5145],[-93.4108,35.5148],[-93.4116,35.4711],[-93.4339,35.4715],[-93.4347,35.4289],[-93.4444,35.4301],[-93.4524,35.4277],[-93.4795,35.4055],[-93.4954,35.3957],[-93.5041,35.3972],[-93.5174,35.409],[-93.5245,35.4116],[-93.5387,35.4101],[-93.5432,35.4076],[-93.5485,35.4024],[-93.5478,35.423],[-93.5387,35.4228],[-93.5387,35.4263],[-93.5475,35.4264],[-93.5476,35.4306],[-93.5654,35.431],[-93.5652,35.4384],[-93.556,35.4381],[-93.5556,35.4452],[-93.5603,35.4453],[-93.56,35.4525],[-93.5555,35.4524],[-93.5553,35.4597],[-93.5643,35.46],[-93.5642,35.4636],[-93.5551,35.4634],[-93.5549,35.4668],[-93.5506,35.4666],[-93.5504,35.4705],[-93.546,35.4704],[-93.5455,35.4814],[-93.5608,35.4819],[-93.5633,35.4829],[-93.5631,35.4892],[-93.5764,35.4896],[-93.5756,35.504],[-93.5989,35.5048],[-93.5982,35.5195],[-93.6162,35.52],[-93.6155,35.5344],[-93.6203,35.5346],[-93.6191,35.5452],[-93.6266,35.5474],[-93.6282,35.5525],[-93.6302,35.5532],[-93.631,35.5558],[-93.6299,35.5565],[-93.6319,35.5578],[-93.631,35.5786],[-93.6134,35.578],[-93.613,35.5888],[-93.5953,35.5885],[-93.5951,35.5921]]]}},{"type":"Feature","properties":{"leaid":"0506120","name":"Fayetteville School District","kind":"Unified","gradeLow":"PK","gradeHigh":"12","state":"AR"},"geometry":{"type":"Polygon","coordinates":[[[-93.9216,36.1488],[-93.9441,36.0911],[-93.9447,36.0726],[-93.9803,36.0734],[-93.9807,36.0588],[-94.007,36.0592],[-94.0072,36.0557],[-94.0027,36.0556],[-94.0028,36.052],[-93.9984,36.0519],[-93.9989,36.0338],[-94.0079,36.0339],[-94.0078,36.0376],[-94.0301,36.0379],[-94.0309,36.0089],[-94.0442,36.0094],[-94.0437,36.0306],[-94.0452,36.0312],[-94.0704,36.0314],[-94.0706,36.0245],[-94.1055,36.0252],[-94.106,36.0107],[-94.1372,36.0115],[-94.1377,36.0151],[-94.1461,36.0152],[-94.1462,36.0117],[-94.1552,36.0118],[-94.1547,36.0263],[-94.2037,36.0275],[-94.2035,36.0347],[-94.2318,36.0353],[-94.2305,36.0937],[-94.2347,36.0938],[-94.2348,36.0967],[-94.2882,36.0975],[-94.2879,36.1267],[-94.2027,36.1249],[-94.2024,36.1394],[-94.1532,36.1386],[-94.1538,36.1205],[-94.1582,36.1206],[-94.1583,36.117],[-94.1405,36.1166],[-94.14,36.1311],[-94.1311,36.1309],[-94.1313,36.1236],[-94.1188,36.1234],[-94.1179,36.125],[-94.1179,36.1234],[-94.1156,36.1233],[-94.1145,36.126],[-94.1178,36.1261],[-94.1178,36.127],[-94.1156,36.127],[-94.1149,36.1283],[-94.1149,36.127],[-94.1134,36.1276],[-94.1143,36.1269],[-94.1135,36.1233],[-94.069,36.1225],[-94.0693,36.108],[-94.0155,36.1071],[-94.0152,36.1213],[-94.0062,36.1212],[-94.0061,36.1284],[-93.9971,36.1282],[-93.9963,36.1502],[-93.9216,36.1488]]]}},{"type":"Feature","properties":{"leaid":"0506930","name":"Greenland Public Schools","kind":"Unified","gradeLow":"PK","gradeHigh":"12","state":"AR"},"geometry":{"type":"Polygon","coordinates":[[[-94.106,36.0107],[-94.1074,35.9674],[-94.0675,35.9662],[-94.0681,35.9553],[-94.0589,35.9553],[-94.0588,35.9514],[-94.0549,35.9513],[-94.0563,35.9005],[-94.0607,35.9006],[-94.0614,35.8789],[-94.0658,35.879],[-94.0661,35.8718],[-94.0617,35.8717],[-94.0625,35.8501],[-94.049,35.8499],[-94.0483,35.864],[-94.0218,35.8635],[-94.022,35.8566],[-94.0176,35.8565],[-94.0178,35.8493],[-94.0222,35.8494],[-94.0226,35.8348],[-94.0159,35.8347],[-94.0162,35.82],[-94.0515,35.8213],[-94.0532,35.7632],[-94.1243,35.7648],[-94.1249,35.7503],[-94.2654,35.7543],[-94.2639,35.7978],[-94.2285,35.7971],[-94.2277,35.8256],[-94.1754,35.8242],[-94.1752,35.8381],[-94.1654,35.8379],[-94.1646,35.8559],[-94.1289,35.8553],[-94.1281,35.8734],[-94.1106,35.8729],[-94.1104,35.8799],[-94.1012,35.8797],[-94.1001,35.9158],[-94.109,35.9161],[-94.1093,35.9093],[-94.1314,35.91],[-94.1316,35.9063],[-94.1405,35.9064],[-94.1404,35.9101],[-94.1629,35.9104],[-94.1624,35.9249],[-94.1579,35.9249],[-94.1575,35.9394],[-94.1753,35.9397],[-94.175,35.9469],[-94.1795,35.9471],[-94.1792,35.9544],[-94.1749,35.9543],[-94.1749,35.9506],[-94.1704,35.9505],[-94.1702,35.9578],[-94.1791,35.958],[-94.179,35.9616],[-94.2247,35.9628],[-94.2251,35.9484],[-94.2384,35.9487],[-94.2386,35.9414],[-94.2475,35.9414],[-94.2474,35.9451],[-94.2518,35.9452],[-94.2508,35.9853],[-94.242,35.985],[-94.2416,35.9996],[-94.2239,35.9991],[-94.2233,36.0135],[-94.2144,36.0134],[-94.2143,36.0242],[-94.2187,36.0243],[-94.2186,36.0279],[-94.223,36.0279],[-94.2229,36.0316],[-94.2185,36.0315],[-94.2185,36.0351],[-94.2035,36.0347],[-94.2037,36.0275],[-94.1547,36.0263],[-94.1552,36.0118],[-94.1462,36.0117],[-94.1461,36.0152],[-94.1377,36.0151],[-94.1372,36.0115],[-94.106,36.0107]]]}},{"type":"Feature","properties":{"leaid":"0504560","name":"Concord Public Schools","kind":"Unified","gradeLow":"PK","gradeHigh":"12","state":"AR"},"geometry":{"type":"Polygon","coordinates":[[[-91.8365,35.7271],[-91.8013,35.7265],[-91.8016,35.7188],[-91.7836,35.7185],[-91.7896,35.7143],[-91.7896,35.7118],[-91.7582,35.7117],[-91.7592,35.6734],[-91.7904,35.6742],[-91.7926,35.5786],[-91.828,35.5792],[-91.8289,35.5498],[-91.7931,35.5489],[-91.7951,35.491],[-91.8132,35.4914],[-91.8134,35.4839],[-91.8223,35.484],[-91.8225,35.4695],[-91.8497,35.4697],[-91.8502,35.4545],[-91.8487,35.4535],[-91.8467,35.4555],[-91.842,35.4564],[-91.8392,35.454],[-91.837,35.4539],[-91.8386,35.4508],[-91.8335,35.4477],[-91.8358,35.4416],[-91.8527,35.435],[-91.8668,35.4377],[-91.8668,35.4386],[-91.8632,35.4388],[-91.8623,35.4419],[-91.8636,35.4441],[-91.8682,35.4469],[-91.869,35.4531],[-91.873,35.4554],[-91.8808,35.4555],[-91.8834,35.4581],[-91.8858,35.4579],[-91.8916,35.4531],[-91.8941,35.4528],[-91.9157,35.4555],[-91.9298,35.4598],[-91.9462,35.4578],[-91.9457,35.4983],[-91.9465,35.4981],[-91.945,35.5001],[-91.9439,35.5061],[-91.9421,35.5061],[-91.9378,35.5019],[-91.9382,35.497],[-91.9365,35.496],[-91.9298,35.5053],[-91.928,35.5196],[-91.9315,35.5287],[-91.9296,35.5312],[-91.9312,35.5338],[-91.9283,35.535],[-91.9273,35.5388],[-91.9241,35.5395],[-91.9256,35.543],[-91.9279,35.5438],[-91.9281,35.545],[-91.9256,35.5484],[-91.9251,35.5532],[-91.9215,35.5549],[-91.9214,35.565],[-92.0005,35.5633],[-92.0002,35.5764],[-92.0243,35.577],[-92.0232,35.7077],[-91.9971,35.7071],[-91.9968,35.7364],[-91.9609,35.7352],[-91.9608,35.7501],[-91.8898,35.7488],[-91.8907,35.7058],[-91.8372,35.705],[-91.8365,35.7271]]]}},{"type":"Feature","properties":{"leaid":"0504590","name":"Conway Public Schools","kind":"Unified","gradeLow":"PK","gradeHigh":"12","state":"AR"},"geometry":{"type":"Polygon","coordinates":[[[-92.2857,35.1283],[-92.2946,35.1285],[-92.2949,35.1178],[-92.3564,35.1191],[-92.3567,35.1082],[-92.3655,35.1084],[-92.3662,35.0973],[-92.3572,35.0971],[-92.3576,35.0896],[-92.3486,35.0895],[-92.3491,35.0748],[-92.3356,35.0747],[-92.3358,35.0676],[-92.3313,35.0677],[-92.333,35.0162],[-92.3375,35.0162],[-92.3376,35.0128],[-92.3465,35.013],[-92.3467,35.0061],[-92.3511,35.0064],[-92.3513,34.9958],[-92.3557,34.9959],[-92.3559,34.9851],[-92.3604,34.9852],[-92.3609,34.967],[-92.3741,34.9672],[-92.374,34.9709],[-92.3784,34.9709],[-92.3783,34.9746],[-92.3962,34.9749],[-92.3911,34.9892],[-92.5287,34.9922],[-92.5264,35.0388],[-92.5562,35.0392],[-92.5502,35.0465],[-92.545,35.056],[-92.5412,35.0717],[-92.5409,35.0887],[-92.5488,35.1078],[-92.5547,35.1147],[-92.5539,35.1178],[-92.544,35.126],[-92.5427,35.1259],[-92.5343,35.1149],[-92.522,35.1144],[-92.5168,35.1274],[-92.5103,35.1358],[-92.4884,35.1361],[-92.4883,35.1397],[-92.453,35.139],[-92.4531,35.1354],[-92.4487,35.1354],[-92.4484,35.1425],[-92.4528,35.1426],[-92.4527,35.1498],[-92.4347,35.1497],[-92.4346,35.1569],[-92.3904,35.156],[-92.3908,35.1451],[-92.3864,35.145],[-92.3865,35.1414],[-92.3556,35.1408],[-92.3552,35.1518],[-92.3159,35.1506],[-92.3136,35.154],[-92.3124,35.1519],[-92.3069,35.1519],[-92.307,35.1542],[-92.3049,35.1566],[-92.3061,35.1568],[-92.3081,35.1547],[-92.3113,35.1554],[-92.3115,35.1567],[-92.3074,35.1596],[-92.3102,35.1615],[-92.3025,35.1613],[-92.3026,35.1577],[-92.2937,35.1575],[-92.2942,35.143],[-92.2897,35.1429],[-92.2898,35.1392],[-92.2854,35.1391],[-92.2857,35.1283]]]}},{"type":"Feature","properties":{"leaid":"0509540","name":"Mayflower School District","kind":"Unified","gradeLow":"PK","gradeHigh":"12","state":"AR"},"geometry":{"type":"Polygon","coordinates":[[[-92.3607,34.9743],[-92.317,34.9728],[-92.3162,34.9907],[-92.2811,34.9903],[-92.2804,35.012],[-92.2452,35.0113],[-92.2451,35.015],[-92.2272,35.0146],[-92.2291,34.9493],[-92.2469,34.9496],[-92.2468,34.9569],[-92.2731,34.9573],[-92.2732,34.9537],[-92.282,34.9538],[-92.2821,34.9502],[-92.2998,34.9507],[-92.3006,34.9287],[-92.4191,34.9315],[-92.418,34.9286],[-92.4156,34.9289],[-92.4159,34.9276],[-92.4139,34.9269],[-92.4131,34.9248],[-92.4178,34.9237],[-92.4143,34.9215],[-92.4169,34.9205],[-92.4153,34.9179],[-92.4173,34.919],[-92.4183,34.9179],[-92.4159,34.9167],[-92.4187,34.9157],[-92.4178,34.9133],[-92.4241,34.9101],[-92.4282,34.9112],[-92.4292,34.9095],[-92.4336,34.9086],[-92.4341,34.9066],[-92.4365,34.9077],[-92.4345,34.9048],[-92.4353,34.9039],[-92.4369,34.9052],[-92.4371,34.9028],[-92.4383,34.9033],[-92.4381,34.9069],[-92.4398,34.9059],[-92.4391,34.9031],[-92.4423,34.9045],[-92.4433,34.9065],[-92.4444,34.9038],[-92.4498,34.9029],[-92.4468,34.8909],[-92.4475,34.8839],[-92.4433,34.8774],[-92.4437,34.8736],[-92.4422,34.8691],[-92.4449,34.862],[-92.4469,34.8601],[-92.4472,34.857],[-92.4448,34.853],[-92.4383,34.847],[-92.4364,34.843],[-92.4568,34.8523],[-92.4613,34.8565],[-92.4643,34.8621],[-92.4646,34.8719],[-92.4536,34.8891],[-92.4513,34.8966],[-92.4509,34.9038],[-92.4528,34.9099],[-92.4658,34.9247],[-92.468,34.9391],[-92.4729,34.9464],[-92.4803,34.9515],[-92.4872,34.9533],[-92.5045,34.9532],[-92.5279,34.9508],[-92.5411,34.9522],[-92.5625,34.9576],[-92.5758,34.9647],[-92.5872,34.9745],[-92.5923,34.9815],[-92.5979,34.9931],[-92.5992,35.0014],[-92.5965,35.009],[-92.5901,35.0166],[-92.5688,35.0291],[-92.5562,35.0392],[-92.5264,35.0388],[-92.5287,34.9922],[-92.3911,34.9892],[-92.3962,34.9749],[-92.3783,34.9746],[-92.3784,34.9709],[-92.374,34.9709],[-92.3741,34.9672],[-92.3609,34.967],[-92.3607,34.9743]]]}},{"type":"Feature","properties":{"leaid":"0511070","name":"Pangburn School District","kind":"Unified","gradeLow":"PK","gradeHigh":"12","state":"AR"},"geometry":{"type":"Polygon","coordinates":[[[-91.7275,35.4742],[-91.7277,35.4594],[-91.7187,35.4591],[-91.7192,35.4369],[-91.7282,35.437],[-91.7286,35.4291],[-91.727,35.4258],[-91.7267,35.4194],[-91.7241,35.4182],[-91.7162,35.4191],[-91.7094,35.4175],[-91.7088,35.4161],[-91.7123,35.4105],[-91.7139,35.4033],[-91.7107,35.4021],[-91.7047,35.404],[-91.7006,35.4036],[-91.6989,35.3998],[-91.7648,35.4007],[-91.7654,35.3788],[-91.7703,35.379],[-91.7704,35.3563],[-91.7679,35.3561],[-91.7691,35.3527],[-91.7668,35.3514],[-91.7678,35.3501],[-91.7662,35.3498],[-91.7664,35.3486],[-91.7654,35.3496],[-91.7645,35.3489],[-91.7669,35.347],[-91.7651,35.3443],[-91.759,35.3435],[-91.7614,35.3421],[-91.7509,35.338],[-91.7553,35.333],[-91.7541,35.3304],[-91.7559,35.3288],[-91.7539,35.3281],[-91.755,35.327],[-91.7614,35.3312],[-91.7627,35.3306],[-91.7625,35.3288],[-91.7655,35.3295],[-91.7661,35.3269],[-91.7684,35.3249],[-91.7719,35.3287],[-91.7746,35.3268],[-91.7777,35.327],[-91.7784,35.3257],[-91.7799,35.326],[-91.7804,35.3287],[-91.7853,35.3259],[-91.7868,35.3268],[-91.7915,35.3228],[-91.7938,35.3234],[-91.7941,35.3248],[-91.7968,35.3238],[-91.7963,35.3248],[-91.7972,35.3242],[-91.7973,35.3253],[-91.7998,35.3242],[-91.8,35.3255],[-91.8045,35.3268],[-91.8077,35.326],[-91.8093,35.3285],[-91.8097,35.3275],[-91.8117,35.3281],[-91.812,35.3305],[-91.8154,35.3303],[-91.815,35.3328],[-91.8171,35.3344],[-91.8168,35.3503],[-91.8123,35.35],[-91.8123,35.3578],[-91.8072,35.3577],[-91.8071,35.3671],[-91.8101,35.3682],[-91.8115,35.3675],[-91.8117,35.3694],[-91.8137,35.3705],[-91.8137,35.3681],[-91.816,35.3688],[-91.8197,35.3755],[-91.8251,35.3759],[-91.8278,35.3743],[-91.8294,35.3759],[-91.8335,35.3762],[-91.8341,35.3773],[-91.8322,35.3791],[-91.8377,35.3807],[-91.8394,35.3798],[-91.8419,35.3826],[-91.8407,35.3849],[-91.843,35.3886],[-91.8463,35.3899],[-91.849,35.3869],[-91.8447,35.3846],[-91.8458,35.3821],[-91.855,35.3802],[-91.8591,35.3811],[-91.8606,35.3859],[-91.8621,35.3856],[-91.8632,35.3884],[-91.8627,35.3915],[-91.8606,35.3915],[-91.8599,35.3932],[-91.8638,35.3941],[-91.8667,35.3967],[-91.8688,35.3952],[-91.8673,35.392],[-91.8681,35.3892],[-91.8706,35.3885],[-91.8781,35.391],[-91.8784,35.3898],[-91.8755,35.3874],[-91.8784,35.3877],[-91.8803,35.3863],[-91.8807,35.381],[-91.8946,35.3784],[-91.8963,35.3746],[-91.8988,35.373],[-91.9058,35.3785],[-91.9064,35.377],[-91.9122,35.3753],[-91.9149,35.3799],[-91.9236,35.375],[-91.9263,35.377],[-91.9281,35.3805],[-91.9382,35.3845],[-91.9449,35.3836],[-91.9463,35.3795],[-91.9503,35.3775],[-91.95,35.376],[-91.9518,35.3743],[-91.9536,35.3744],[-91.9591,35.3776],[-91.9593,35.3823],[-91.964,35.3843],[-91.9666,35.3829],[-91.9705,35.377],[-91.9734,35.3804],[-91.9743,35.3801],[-91.9713,35.3776],[-91.9712,35.3761],[-91.9744,35.3761],[-91.9748,35.3714],[-91.977,35.3701],[-91.9795,35.3649],[-91.9786,35.3615],[-91.9802,35.3597],[-92.009,35.3597],[-92.0073,35.4183],[-91.9746,35.4187],[-91.9745,35.4463],[-91.9668,35.4463],[-91.9538,35.4487],[-91.9516,35.4477],[-91.9207,35.448],[-91.921,35.4328],[-91.8945,35.4319],[-91.894,35.4485],[-91.882,35.4482],[-91.8817,35.4561],[-91.873,35.4554],[-91.869,35.4531],[-91.8682,35.4469],[-91.8636,35.4441],[-91.8623,35.4419],[-91.8632,35.4388],[-91.8668,35.4386],[-91.8668,35.4377],[-91.8519,35.435],[-91.839,35.4399],[-91.8353,35.4421],[-91.8335,35.4477],[-91.8386,35.4508],[-91.837,35.4539],[-91.8392,35.454],[-91.842,35.4564],[-91.8467,35.4555],[-91.8487,35.4535],[-91.8502,35.4545],[-91.8497,35.4697],[-91.8225,35.4695],[-91.8223,35.484],[-91.8134,35.4839],[-91.8132,35.4914],[-91.7951,35.491],[-91.7936,35.5341],[-91.7353,35.534],[-91.7362,35.4742],[-91.7275,35.4742]]]}},{"type":"Feature","properties":{"leaid":"0504740","name":"County Line School District","kind":"Unified","gradeLow":"PK","gradeHigh":"12","state":"AR"},"geometry":{"type":"MultiPolygon","coordinates":[[[[-93.8267,35.3572],[-93.834,35.3576],[-93.834,35.3589],[-93.8355,35.359],[-93.8354,35.3614],[-93.8398,35.3617],[-93.8396,35.3688],[-93.8264,35.368],[-93.8267,35.3572]]],[[[-93.8267,35.3572],[-93.809,35.3564],[-93.8069,35.4242],[-93.8008,35.4104],[-93.7923,35.3992],[-93.7792,35.3884],[-93.7611,35.3781],[-93.7585,35.3751],[-93.7566,35.3694],[-93.7579,35.3685],[-93.7624,35.3551],[-93.7727,35.3555],[-93.7731,35.341],[-93.8094,35.3416],[-93.8115,35.2616],[-93.8662,35.2638],[-93.8666,35.2489],[-93.8485,35.2486],[-93.8488,35.2341],[-93.8306,35.2337],[-93.831,35.2264],[-93.9549,35.2301],[-93.9549,35.2592],[-93.9724,35.2594],[-93.9714,35.2886],[-93.9804,35.2888],[-93.9803,35.2961],[-93.9891,35.2962],[-93.9884,35.3201],[-93.9895,35.3205],[-93.9894,35.3274],[-93.9576,35.3269],[-93.9574,35.3341],[-93.9528,35.3341],[-93.9527,35.3412],[-93.9437,35.3412],[-93.9429,35.363],[-93.9521,35.363],[-93.9518,35.3704],[-93.9609,35.3704],[-93.9607,35.3776],[-94.015,35.3789],[-94.0137,35.4115],[-94.0124,35.4114],[-94.0119,35.4257],[-94.0751,35.4273],[-94.0744,35.445],[-94.0538,35.4541],[-94.0434,35.4628],[-94.0395,35.4646],[-94.0223,35.4601],[-93.9681,35.4693],[-93.9314,35.4687],[-93.9203,35.4663],[-93.9157,35.464],[-93.8973,35.4477],[-93.8926,35.4462],[-93.8859,35.4469],[-93.8864,35.4357],[-93.895,35.4363],[-93.8956,35.4185],[-93.8914,35.4182],[-93.8912,35.4214],[-93.8867,35.4211],[-93.8869,35.4177],[-93.8779,35.4169],[-93.8779,35.4132],[-93.8603,35.412],[-93.8623,35.3591],[-93.8533,35.3588],[-93.8532,35.3624],[-93.8576,35.3626],[-93.8579,35.3662],[-93.8563,35.3662],[-93.8571,35.3735],[-93.8529,35.3733],[-93.853,35.3697],[-93.8486,35.3695],[-93.8488,35.3586],[-93.8443,35.3583],[-93.8449,35.3437],[-93.8405,35.3433],[-93.8407,35.3399],[-93.8362,35.3396],[-93.8359,35.347],[-93.8405,35.3472],[-93.84,35.358],[-93.8356,35.3578],[-93.8358,35.3505],[-93.8269,35.3499],[-93.8267,35.3572]]]]}},{"type":"Feature","properties":{"leaid":"0504800","name":"Crossett School District","kind":"Unified","gradeLow":"PK","gradeHigh":"12","state":"AR"},"geometry":{"type":"Polygon","coordinates":[[[-91.9243,33.0078],[-92.0689,33.008],[-92.0696,33.0106],[-92.0743,33.0128],[-92.0783,33.0169],[-92.0785,33.0216],[-92.0815,33.0254],[-92.0827,33.0312],[-92.0969,33.0339],[-92.1043,33.03],[-92.1087,33.0324],[-92.1098,33.0423],[-92.1153,33.0472],[-92.1087,33.0521],[-92.1142,33.0619],[-92.1141,33.0698],[-92.1186,33.0721],[-92.1256,33.0716],[-92.1291,33.0701],[-92.1314,33.0828],[-92.1351,33.089],[-92.1327,33.097],[-92.1437,33.0983],[-92.1371,33.1017],[-92.1368,33.1068],[-92.1296,33.1136],[-92.128,33.1199],[-92.1224,33.1184],[-92.1187,33.1207],[-92.1131,33.1341],[-92.114,33.1369],[-92.1188,33.1422],[-92.1192,33.1449],[-92.1106,33.144],[-92.1083,33.1458],[-92.1084,33.1502],[-92.1117,33.1587],[-92.1221,33.1618],[-92.1355,33.16],[-92.1375,33.1629],[-92.1307,33.1732],[-92.1337,33.1763],[-92.1317,33.1793],[-92.1291,33.1802],[-92.1351,33.1837],[-92.1335,33.1846],[-92.1295,33.1823],[-92.1283,33.1831],[-92.1294,33.1877],[-92.1312,33.1892],[-92.1339,33.1865],[-92.1386,33.188],[-92.1356,33.1911],[-92.1361,33.1963],[-92.1328,33.1979],[-92.1332,33.2012],[-92.1284,33.2045],[-92.1293,33.2064],[-92.1281,33.2092],[-92.123,33.2084],[-92.1225,33.206],[-92.1181,33.2054],[-92.1145,33.2075],[-92.1132,33.2124],[-92.1171,33.216],[-92.1149,33.2189],[-92.1161,33.2232],[-92.1104,33.2215],[-92.1095,33.2233],[-92.1044,33.2239],[-92.1044,33.219],[-92.1032,33.2184],[-92.0937,33.2214],[-92.0883,33.2262],[-92.0882,33.2314],[-92.0854,33.2335],[-92.0903,33.235],[-92.0889,33.2385],[-92.0847,33.2409],[-92.0815,33.2377],[-92.0781,33.237],[-92.0771,33.2397],[-92.0743,33.2411],[-92.0729,33.2383],[-92.0715,33.2383],[-92.0696,33.243],[-92.0704,33.2467],[-92.0738,33.2474],[-92.0734,33.2509],[-92.0709,33.2505],[-92.0679,33.253],[-92.0669,33.2503],[-92.0648,33.2496],[-92.0639,33.2548],[-92.0587,33.2577],[-92.0573,33.2574],[-92.0583,33.256],[-92.0567,33.2544],[-92.0507,33.2532],[-92.0492,33.2564],[-92.0443,33.257],[-92.0486,33.2623],[-92.0435,33.2678],[-92.0411,33.2675],[-92.0402,33.2658],[-92.0374,33.266],[-92.0365,33.2685],[-91.9591,33.267],[-91.9588,33.2449],[-91.9419,33.2448],[-91.9417,33.2375],[-91.9246,33.2371],[-91.9244,33.1939],[-91.9419,33.194],[-91.9418,33.1795],[-91.89,33.1785],[-91.8898,33.1463],[-91.8381,33.145],[-91.8379,33.0905],[-91.8897,33.0913],[-91.8897,33.062],[-91.9244,33.0626],[-91.9243,33.0078]]]}},{"type":"Feature","properties":{"leaid":"0504890","name":"Danville School District","kind":"Unified","gradeLow":"PK","gradeHigh":"12","state":"AR"},"geometry":{"type":"Polygon","coordinates":[[[-93.2986,35.1536],[-93.2994,35.0953],[-93.2819,35.0952],[-93.2824,35.0371],[-93.375,35.0395],[-93.3751,35.0066],[-93.427,35.0056],[-93.4273,34.9879],[-93.4802,34.989],[-93.4806,34.9742],[-93.4976,34.9745],[-93.4976,34.9761],[-93.5023,34.9761],[-93.5027,34.947],[-93.7065,34.9476],[-93.7044,35.0465],[-93.54,35.043],[-93.5406,35.014],[-93.5376,35.0144],[-93.5374,35.0098],[-93.5321,35.0089],[-93.5311,35.0126],[-93.5335,35.0147],[-93.5277,35.0156],[-93.5276,35.0198],[-93.5225,35.0198],[-93.5226,35.0312],[-93.505,35.0311],[-93.5051,35.0257],[-93.5097,35.0258],[-93.5096,35.0148],[-93.5152,35.0143],[-93.5161,35.0184],[-93.5191,35.0173],[-93.5199,35.0153],[-93.519,35.0101],[-93.5163,35.0097],[-93.5164,35.0075],[-93.5199,35.0071],[-93.5202,35.005],[-93.5225,35.0054],[-93.5224,35.0112],[-93.5271,35.0115],[-93.5273,35.0051],[-93.5231,35.005],[-93.5231,34.9983],[-93.5189,34.9982],[-93.5189,35.0016],[-93.5144,35.0015],[-93.5145,34.9982],[-93.5009,34.9983],[-93.5009,35.0088],[-93.4966,35.0086],[-93.4965,35.0047],[-93.4909,35.0045],[-93.4913,35.0143],[-93.4966,35.0145],[-93.4961,35.0214],[-93.4877,35.0212],[-93.488,35.0267],[-93.4836,35.0266],[-93.4837,35.0211],[-93.4797,35.0214],[-93.4791,35.0414],[-93.46,35.0412],[-93.46,35.0597],[-93.4332,35.0586],[-93.4332,35.0692],[-93.424,35.069],[-93.4236,35.0842],[-93.4017,35.0831],[-93.4017,35.0945],[-93.4194,35.0947],[-93.4196,35.1026],[-93.4106,35.1023],[-93.4105,35.109],[-93.4144,35.1093],[-93.4148,35.1276],[-93.4051,35.1272],[-93.4051,35.1418],[-93.3294,35.1401],[-93.3295,35.1477],[-93.3163,35.1476],[-93.3162,35.1539],[-93.3008,35.1541],[-93.2986,35.1536]]]}},{"type":"Feature","properties":{"leaid":"0507680","name":"Helena-West Helena School District","kind":"Unified","gradeLow":"PK","gradeHigh":"12","state":"AR"},"geometry":{"type":"Polygon","coordinates":[[[-90.5874,34.6414],[-90.5918,34.6238],[-90.5903,34.6171],[-90.5872,34.6109],[-90.5738,34.5921],[-90.5494,34.5693],[-90.5414,34.5595],[-90.5396,34.5539],[-90.5419,34.542],[-90.5441,34.5377],[-90.5529,34.5313],[-90.5665,34.5244],[-90.5747,34.5218],[-90.5793,34.518],[-90.5829,34.513],[-90.5927,34.4906],[-90.5937,34.4813],[-90.5874,34.4548],[-90.5836,34.443],[-90.5777,34.4324],[-90.5797,34.4227],[-90.5843,34.4122],[-90.5943,34.401],[-90.6096,34.3916],[-90.6197,34.3895],[-90.6308,34.3901],[-90.6409,34.3889],[-90.6491,34.3844],[-90.656,34.3786],[-90.6585,34.3757],[-90.6553,34.3718],[-90.6669,34.3558],[-90.6669,34.3486],[-90.6603,34.3354],[-90.6575,34.3222],[-90.6615,34.3152],[-90.6693,34.3131],[-90.6781,34.3131],[-90.686,34.3158],[-90.69,34.3186],[-90.6931,34.3226],[-90.6937,34.3297],[-90.6915,34.3386],[-90.6815,34.3526],[-90.6763,34.3713],[-90.6822,34.3702],[-90.7011,34.3625],[-90.7119,34.3607],[-90.716,34.3736],[-90.7163,34.3875],[-90.7158,34.4234],[-90.6809,34.4233],[-90.6806,34.4741],[-90.7334,34.4744],[-90.7332,34.4964],[-90.7068,34.4961],[-90.7067,34.503],[-90.6981,34.503],[-90.6979,34.5693],[-90.7022,34.5693],[-90.7022,34.5804],[-90.7156,34.5803],[-90.7156,34.5841],[-90.733,34.5842],[-90.7329,34.5914],[-90.7156,34.5914],[-90.7156,34.606],[-90.7064,34.606],[-90.7064,34.6132],[-90.6972,34.6131],[-90.6971,34.642],[-90.5874,34.6414]]]}},{"type":"Feature","properties":{"leaid":"0505190","name":"Des Arc Public Schools","kind":"Unified","gradeLow":"PK","gradeHigh":"12","state":"AR"},"geometry":{"type":"Polygon","coordinates":[[[-91.4653,35.0895],[-91.4684,35.0862],[-91.4681,35.0839],[-91.4598,35.0815],[-91.4529,35.0726],[-91.4459,35.068],[-91.4603,35.0633],[-91.4705,35.0674],[-91.4744,35.0674],[-91.477,35.0654],[-91.479,35.0611],[-91.4783,35.0582],[-91.476,35.0564],[-91.4705,35.0558],[-91.465,35.0527],[-91.4603,35.0521],[-91.4458,35.057],[-91.44,35.0617],[-91.4386,35.0599],[-91.4417,35.0522],[-91.3638,35.0519],[-91.3647,35.0072],[-91.3666,35.0073],[-91.3684,34.9009],[-91.3704,34.8993],[-91.3758,34.8995],[-91.3821,34.905],[-91.3855,34.9034],[-91.3868,34.9002],[-91.3834,34.8957],[-91.3756,34.897],[-91.372,34.8962],[-91.3653,34.8849],[-91.3603,34.8804],[-91.3511,34.8747],[-91.3456,34.8769],[-91.3441,34.8763],[-91.3445,34.8715],[-91.3487,34.8685],[-91.3535,34.8673],[-91.3595,34.8697],[-91.3646,34.8684],[-91.3609,34.8607],[-91.3628,34.8621],[-91.3667,34.862],[-91.3726,34.8592],[-91.3804,34.8576],[-91.3922,34.8604],[-91.3948,34.8631],[-91.4058,34.8662],[-91.4096,34.8694],[-91.4651,34.8707],[-91.4647,34.8664],[-91.4627,34.8628],[-91.4633,34.8596],[-91.5482,34.8612],[-91.5481,34.876],[-91.5659,34.8763],[-91.5718,34.8802],[-91.5772,34.8797],[-91.5797,34.8812],[-91.5818,34.8804],[-91.5832,34.8857],[-91.5867,34.8868],[-91.5872,34.8887],[-91.5896,34.8882],[-91.5904,34.8892],[-91.5895,34.8911],[-91.5955,34.8924],[-91.5963,34.8938],[-91.5978,34.8932],[-91.6005,34.8967],[-91.6038,34.8948],[-91.6085,34.8957],[-91.6109,34.8975],[-91.61,34.8987],[-91.6111,34.8989],[-91.6106,34.9004],[-91.6123,34.9006],[-91.6118,34.9022],[-91.6139,34.9018],[-91.615,34.9045],[-91.6187,34.9031],[-91.621,34.9045],[-91.6205,34.9067],[-91.6234,34.911],[-91.6195,34.9131],[-91.6203,34.9167],[-91.6177,34.9188],[-91.6212,34.9239],[-91.6227,34.9243],[-91.6223,34.9272],[-91.6294,34.9305],[-91.6299,34.9331],[-91.6328,34.9351],[-91.6326,34.9381],[-91.6403,34.9398],[-91.6418,34.9417],[-91.6488,34.9436],[-91.6483,34.9449],[-91.6496,34.946],[-91.6509,34.9438],[-91.6531,34.9441],[-91.6532,34.9419],[-91.655,34.9412],[-91.6618,34.9418],[-91.6633,34.9431],[-91.6667,34.9421],[-91.6677,34.9445],[-91.6677,34.9424],[-91.6693,34.9435],[-91.6723,34.9427],[-91.672,34.941],[-91.6777,34.9401],[-91.676,34.9386],[-91.6781,34.9374],[-91.6774,34.936],[-91.6784,34.9361],[-91.6779,34.934],[-91.679,34.9314],[-91.6832,34.9278],[-91.6833,34.926],[-91.6849,34.9246],[-91.6839,34.9234],[-91.6855,34.9238],[-91.6878,34.9185],[-91.6932,34.9182],[-91.693,34.9159],[-91.694,34.9196],[-91.8034,34.9215],[-91.8036,34.9258],[-91.8124,34.9259],[-91.8124,34.9301],[-91.8036,34.9301],[-91.8027,35.0087],[-91.7449,35.0074],[-91.7438,35.0477],[-91.7421,35.0503],[-91.7316,35.0513],[-91.7307,35.0547],[-91.7282,35.0541],[-91.7275,35.0556],[-91.7257,35.0559],[-91.7244,35.0551],[-91.7243,35.057],[-91.7223,35.0565],[-91.7215,35.0587],[-91.7184,35.0577],[-91.7162,35.0591],[-91.7147,35.0584],[-91.711,35.061],[-91.7109,35.0628],[-91.7079,35.0625],[-91.7056,35.0601],[-91.702,35.061],[-91.7015,35.063],[-91.6972,35.0613],[-91.6957,35.0624],[-91.6905,35.059],[-91.6867,35.0597],[-91.6889,35.0567],[-91.6864,35.0569],[-91.6874,35.0551],[-91.6853,35.0547],[-91.6857,35.0529],[-91.6821,35.0539],[-91.68,35.0505],[-91.6777,35.0515],[-91.675,35.0507],[-91.6721,35.0545],[-91.6701,35.0536],[-91.6692,35.0547],[-91.6676,35.0538],[-91.6624,35.0543],[-91.6607,35.0522],[-91.6561,35.0516],[-91.6546,35.0488],[-91.652,35.0496],[-91.6499,35.0458],[-91.6484,35.0462],[-91.6441,35.0429],[-91.6458,35.0395],[-91.6414,35.0284],[-91.6394,35.0266],[-91.6289,35.0249],[-91.6252,35.0266],[-91.6235,35.0244],[-91.62,35.024],[-91.617,35.0221],[-91.6082,35.0206],[-91.6034,35.0263],[-91.5897,35.0274],[-91.5852,35.0252],[-91.5841,35.0916],[-91.4653,35.0895]]]}},{"type":"Feature","properties":{"leaid":"0505850","name":"England School District","kind":"Unified","gradeLow":"PK","gradeHigh":"12","state":"AR"},"geometry":{"type":"Polygon","coordinates":[[[-91.8451,34.6455],[-91.8357,34.6449],[-91.8358,34.6352],[-91.8266,34.6354],[-91.8266,34.6424],[-91.824,34.6424],[-91.8241,34.6325],[-91.8103,34.6322],[-91.81,34.6432],[-91.7864,34.6429],[-91.7863,34.6317],[-91.7735,34.6311],[-91.7738,34.6183],[-91.7557,34.618],[-91.7561,34.6002],[-91.7739,34.6004],[-91.7744,34.5858],[-91.812,34.586],[-91.8127,34.557],[-91.7875,34.5566],[-91.7881,34.5519],[-91.7926,34.5518],[-91.7929,34.5348],[-91.7839,34.5346],[-91.784,34.5293],[-91.7929,34.5294],[-91.7932,34.5131],[-91.8134,34.5133],[-91.8141,34.4842],[-91.9219,34.488],[-92.0303,34.4895],[-92.0295,34.6212],[-92.0552,34.622],[-92.0566,34.6365],[-92.0561,34.6511],[-92.072,34.6515],[-92.0717,34.6698],[-92.0462,34.6694],[-92.0458,34.6767],[-92.0398,34.6766],[-92.0393,34.6882],[-92.0283,34.6887],[-92.0283,34.6767],[-92.0082,34.6766],[-92.008,34.6912],[-91.9718,34.6904],[-91.9723,34.6686],[-91.9633,34.6685],[-91.9634,34.6613],[-91.9546,34.661],[-91.9546,34.6494],[-91.9373,34.6492],[-91.9376,34.6329],[-91.9289,34.6328],[-91.9292,34.6201],[-91.9201,34.6199],[-91.9204,34.6118],[-91.8993,34.6105],[-91.8991,34.6179],[-91.8461,34.6163],[-91.8451,34.6455]]]}},{"type":"Feature","properties":{"leaid":"0511850","name":"Pulaski County Special School District","kind":"Unified","gradeLow":"PK","gradeHigh":"12","state":"AR"},"geometry":{"type":"MultiPolygon","coordinates":[[[[-92.4428,34.6272],[-92.4452,34.627],[-92.4448,34.6345],[-92.4435,34.6356],[-92.4381,34.6312],[-92.4428,34.6272]]],[[[-92.2731,34.9573],[-92.2468,34.9569],[-92.2469,34.9496],[-92.2291,34.9493],[-92.2299,34.9275],[-92.1949,34.9265],[-92.1959,34.9147],[-92.1951,34.9083],[-92.178,34.9083],[-92.1781,34.9032],[-92.1717,34.8985],[-92.1708,34.8964],[-92.1721,34.8889],[-92.1786,34.8814],[-92.1787,34.8779],[-92.1746,34.8752],[-92.1745,34.8795],[-92.1701,34.8788],[-92.17,34.8823],[-92.1665,34.8823],[-92.1666,34.8787],[-92.1613,34.8786],[-92.1614,34.8748],[-92.17,34.8749],[-92.17,34.868],[-92.1664,34.8678],[-92.1664,34.8642],[-92.175,34.8643],[-92.1751,34.8607],[-92.1837,34.8619],[-92.1846,34.858],[-92.1829,34.8573],[-92.1794,34.8596],[-92.1795,34.8536],[-92.1716,34.8534],[-92.1718,34.8416],[-92.1688,34.8415],[-92.1688,34.8388],[-92.1665,34.8387],[-92.1665,34.8368],[-92.1634,34.8381],[-92.1633,34.84],[-92.162,34.839],[-92.141,34.8527],[-92.1411,34.8516],[-92.1654,34.8363],[-92.1646,34.8315],[-92.1668,34.8316],[-92.1669,34.828],[-92.1625,34.8279],[-92.1626,34.8241],[-92.1537,34.8241],[-92.1539,34.8205],[-92.145,34.8203],[-92.1449,34.8239],[-92.0754,34.8235],[-92.0785,34.7366],[-92.0423,34.7353],[-92.0432,34.706],[-92.0263,34.7058],[-92.026,34.6915],[-92.008,34.6912],[-92.0082,34.6766],[-92.0283,34.6767],[-92.0283,34.6887],[-92.0383,34.6883],[-92.0395,34.6881],[-92.0398,34.6766],[-92.0458,34.6767],[-92.0462,34.6694],[-92.0717,34.6698],[-92.072,34.6515],[-92.0561,34.6511],[-92.0566,34.6365],[-92.0552,34.622],[-92.0295,34.6212],[-92.0303,34.4895],[-92.2633,34.4938],[-92.2621,34.545],[-92.2449,34.5447],[-92.2442,34.5809],[-92.3487,34.5823],[-92.348,34.5972],[-92.3832,34.5969],[-92.3828,34.6043],[-92.374,34.6043],[-92.3739,34.6113],[-92.4,34.612],[-92.3995,34.6264],[-92.3845,34.6263],[-92.38,34.6292],[-92.3741,34.6294],[-92.3239,34.6564],[-92.3133,34.6582],[-92.3082,34.663],[-92.2977,34.6884],[-92.3034,34.6889],[-92.303,34.6962],[-92.3016,34.6961],[-92.2961,34.7031],[-92.3071,34.7038],[-92.3072,34.7001],[-92.3159,34.7005],[-92.3159,34.7015],[-92.318,34.7016],[-92.3181,34.7006],[-92.3248,34.7009],[-92.3248,34.7046],[-92.3293,34.7048],[-92.3291,34.7084],[-92.338,34.7088],[-92.3378,34.7161],[-92.3289,34.7157],[-92.3288,34.7193],[-92.3034,34.7182],[-92.3035,34.7146],[-92.2982,34.7143],[-92.2983,34.7124],[-92.2898,34.7122],[-92.2898,34.7104],[-92.294,34.7105],[-92.2943,34.7043],[-92.2811,34.708],[-92.2808,34.7125],[-92.2543,34.7109],[-92.2536,34.7087],[-92.2457,34.7085],[-92.2446,34.7176],[-92.2247,34.7178],[-92.2257,34.7144],[-92.2234,34.7143],[-92.2212,34.7126],[-92.2216,34.704],[-92.2204,34.704],[-92.2204,34.7025],[-92.2132,34.705],[-92.2115,34.705],[-92.2116,34.7038],[-92.1941,34.7036],[-92.1943,34.6978],[-92.1905,34.6975],[-92.1899,34.6999],[-92.1768,34.6996],[-92.1766,34.7033],[-92.1715,34.7031],[-92.1737,34.7066],[-92.1618,34.7064],[-92.1554,34.705],[-92.1576,34.7098],[-92.1616,34.7142],[-92.1754,34.7186],[-92.18,34.7213],[-92.1789,34.7229],[-92.1877,34.7326],[-92.1987,34.74],[-92.1958,34.7398],[-92.1941,34.7445],[-92.1824,34.7401],[-92.181,34.7884],[-92.1986,34.7889],[-92.199,34.7815],[-92.2167,34.782],[-92.2171,34.7674],[-92.2351,34.7679],[-92.2345,34.7783],[-92.2295,34.7855],[-92.2124,34.8036],[-92.225,34.804],[-92.2247,34.8116],[-92.2328,34.8118],[-92.2331,34.826],[-92.2435,34.8263],[-92.2421,34.8276],[-92.2435,34.8295],[-92.2463,34.83],[-92.2463,34.8264],[-92.2535,34.8265],[-92.2529,34.8245],[-92.2552,34.8253],[-92.2541,34.8228],[-92.2508,34.8227],[-92.2508,34.8201],[-92.2568,34.8218],[-92.2569,34.8228],[-92.2583,34.8229],[-92.2584,34.8249],[-92.2601,34.8253],[-92.2602,34.8236],[-92.2589,34.8229],[-92.26,34.8229],[-92.2604,34.8209],[-92.263,34.822],[-92.2639,34.8194],[-92.2595,34.8179],[-92.2593,34.8191],[-92.257,34.8194],[-92.2549,34.8173],[-92.2555,34.8154],[-92.2596,34.8157],[-92.2596,34.812],[-92.3037,34.8132],[-92.3038,34.8056],[-92.3128,34.8058],[-92.3127,34.8095],[-92.3304,34.8099],[-92.3307,34.7887],[-92.3432,34.7888],[-92.3562,34.791],[-92.3664,34.7959],[-92.3813,34.799],[-92.3809,34.8006],[-92.3876,34.809],[-92.3881,34.8109],[-92.3867,34.8113],[-92.3879,34.8146],[-92.3844,34.8109],[-92.3832,34.8109],[-92.3889,34.8154],[-92.3941,34.8157],[-92.3934,34.8128],[-92.3975,34.806],[-92.3939,34.8016],[-92.4086,34.8062],[-92.413,34.8091],[-92.4169,34.8099],[-92.4187,34.8123],[-92.4236,34.8122],[-92.425,34.8149],[-92.4356,34.8135],[-92.44,34.8154],[-92.449,34.8106],[-92.4545,34.8145],[-92.4649,34.8183],[-92.4651,34.8151],[-92.4706,34.8152],[-92.4712,34.8088],[-92.465,34.8071],[-92.4591,34.8035],[-92.4557,34.8032],[-92.4561,34.7885],[-92.4371,34.7881],[-92.4379,34.759],[-92.4443,34.7592],[-92.4444,34.7573],[-92.441,34.7563],[-92.4378,34.7573],[-92.4379,34.7518],[-92.4356,34.7514],[-92.4357,34.7498],[-92.4291,34.7497],[-92.4295,34.7369],[-92.4121,34.7364],[-92.413,34.711],[-92.4139,34.711],[-92.4123,34.7074],[-92.4141,34.6785],[-92.4228,34.6787],[-92.423,34.6715],[-92.5003,34.6736],[-92.4991,34.688],[-92.552,34.6893],[-92.5505,34.733],[-92.5682,34.7333],[-92.5685,34.726],[-92.5833,34.7263],[-92.5861,34.7265],[-92.5867,34.7338],[-92.6555,34.7355],[-92.6512,34.8517],[-92.7554,34.8537],[-92.7539,34.9116],[-92.6496,34.9102],[-92.6479,34.9392],[-92.6154,34.9384],[-92.6158,34.9238],[-92.5453,34.9219],[-92.5442,34.9529],[-92.5269,34.9508],[-92.4918,34.9536],[-92.4803,34.9515],[-92.4715,34.9449],[-92.4679,34.9385],[-92.4658,34.9247],[-92.4541,34.9116],[-92.4514,34.9068],[-92.4509,34.9002],[-92.453,34.8907],[-92.4649,34.8711],[-92.4651,34.8651],[-92.4632,34.8595],[-92.4598,34.8548],[-92.4552,34.8513],[-92.4364,34.843],[-92.4383,34.847],[-92.4448,34.853],[-92.4472,34.857],[-92.4469,34.8601],[-92.4449,34.862],[-92.4422,34.8691],[-92.4437,34.8736],[-92.4433,34.8774],[-92.4475,34.8839],[-92.4468,34.8909],[-92.4498,34.9029],[-92.4444,34.9038],[-92.4433,34.9065],[-92.4423,34.9045],[-92.4391,34.9031],[-92.4398,34.9059],[-92.4381,34.9069],[-92.4383,34.9033],[-92.4371,34.9028],[-92.4369,34.9052],[-92.4353,34.9039],[-92.4345,34.9048],[-92.4365,34.9077],[-92.4341,34.9066],[-92.4336,34.9086],[-92.4292,34.9095],[-92.4282,34.9112],[-92.4241,34.9101],[-92.4178,34.9133],[-92.4187,34.9157],[-92.4159,34.9167],[-92.4183,34.9179],[-92.4173,34.919],[-92.4153,34.9179],[-92.4169,34.9205],[-92.4143,34.9215],[-92.4178,34.9237],[-92.4131,34.9248],[-92.4139,34.9269],[-92.4159,34.9276],[-92.4156,34.9289],[-92.418,34.9286],[-92.4191,34.9315],[-92.3006,34.9287],[-92.2998,34.9507],[-92.2821,34.9502],[-92.282,34.9538],[-92.2732,34.9537],[-92.2731,34.9573]]]]}},{"type":"Feature","properties":{"leaid":"0505340","name":"Dierks School District","kind":"Unified","gradeLow":"PK","gradeHigh":"12","state":"AR"},"geometry":{"type":"Polygon","coordinates":[[[-93.7689,34.1963],[-93.8204,34.1985],[-93.8207,34.1838],[-93.9255,34.1865],[-93.9265,34.1573],[-93.9091,34.1572],[-93.9088,34.1745],[-93.8912,34.1741],[-93.8919,34.1423],[-93.8828,34.142],[-93.884,34.098],[-93.963,34.1001],[-93.9632,34.0855],[-93.9808,34.0858],[-93.9808,34.0713],[-93.9985,34.0718],[-93.9986,34.0003],[-94.0521,34.0003],[-94.0729,34.0017],[-94.0741,34.0039],[-94.0722,34.0048],[-94.0758,34.0075],[-94.0705,34.0082],[-94.0707,34.0105],[-94.0733,34.0111],[-94.0731,34.0126],[-94.0759,34.0125],[-94.0781,34.0139],[-94.0776,34.0178],[-94.0796,34.0168],[-94.0837,34.0228],[-94.0794,34.0239],[-94.0828,34.0246],[-94.0858,34.0287],[-94.0829,34.0315],[-94.0875,34.034],[-94.0866,34.0397],[-94.084,34.0436],[-94.0853,34.0451],[-94.0822,34.0477],[-94.0868,34.0533],[-94.0866,34.0573],[-94.0838,34.0574],[-94.0826,34.0623],[-94.0788,34.0635],[-94.0768,34.0618],[-94.0739,34.0641],[-94.0738,34.0667],[-94.1385,34.0684],[-94.1384,34.0541],[-94.1995,34.0536],[-94.1994,34.0609],[-94.1559,34.0612],[-94.1566,34.1923],[-94.1036,34.1913],[-94.1035,34.2192],[-94.086,34.2187],[-94.0862,34.2344],[-94.0683,34.2338],[-94.0684,34.2266],[-94.0335,34.226],[-94.0333,34.2183],[-94.0194,34.218],[-94.0153,34.2197],[-94.0162,34.2223],[-94.0095,34.2217],[-94.0073,34.2228],[-94.0062,34.2208],[-94.0037,34.2206],[-94.0062,34.2262],[-94.0009,34.2266],[-93.9881,34.2311],[-93.9868,34.2304],[-93.9872,34.229],[-93.9845,34.23],[-93.9872,34.2361],[-93.9863,34.2382],[-93.9812,34.2378],[-93.9812,34.2392],[-93.9835,34.2399],[-93.9834,34.2419],[-93.9796,34.2448],[-93.9834,34.2461],[-93.9838,34.249],[-93.9826,34.2508],[-93.9786,34.2524],[-93.9801,34.2547],[-93.977,34.257],[-93.9711,34.2572],[-93.9696,34.2588],[-93.9597,34.2617],[-93.9245,34.2504],[-93.9244,34.263],[-93.937,34.263],[-93.9362,34.3083],[-93.8807,34.307],[-93.8786,34.3014],[-93.8805,34.2999],[-93.8807,34.2979],[-93.8811,34.2619],[-93.8334,34.261],[-93.8328,34.2894],[-93.7796,34.2884],[-93.7802,34.274],[-93.8106,34.2746],[-93.8108,34.2601],[-93.8029,34.2601],[-93.803,34.2414],[-93.7855,34.2402],[-93.7854,34.2334],[-93.7677,34.2325],[-93.7689,34.1963]]]}},{"type":"Feature","properties":{"leaid":"0510380","name":"Nashville School District","kind":"Unified","gradeLow":"PK","gradeHigh":"12","state":"AR"},"geometry":{"type":"Polygon","coordinates":[[[-93.8705,34.1853],[-93.8709,34.1706],[-93.8562,34.17],[-93.8568,34.1409],[-93.8392,34.1405],[-93.8396,34.1259],[-93.8221,34.1252],[-93.8231,34.0089],[-93.7956,34.0081],[-93.7962,34.0155],[-93.7911,34.0154],[-93.7912,34.0226],[-93.7963,34.0228],[-93.7961,34.0302],[-93.7877,34.0298],[-93.7877,34.0151],[-93.7701,34.0148],[-93.77,34.0074],[-93.7498,34.0069],[-93.7445,34.002],[-93.7391,34.0011],[-93.732,34.0023],[-93.7275,34.0006],[-93.7224,33.9967],[-93.7199,33.9975],[-93.7178,33.9966],[-93.721,33.8896],[-93.7463,33.8905],[-93.7461,33.8925],[-93.7521,33.8957],[-93.752,33.8979],[-93.7739,33.8986],[-93.7736,33.9131],[-93.8087,33.914],[-93.8088,33.9091],[-93.8003,33.9089],[-93.8009,33.8847],[-93.8089,33.8852],[-93.8057,33.8776],[-93.7924,33.8775],[-93.7918,33.8882],[-93.7744,33.8876],[-93.7748,33.8768],[-93.7834,33.8771],[-93.7836,33.8732],[-93.753,33.8724],[-93.7532,33.8671],[-93.7444,33.867],[-93.7451,33.8396],[-93.7582,33.84],[-93.7582,33.8363],[-93.745,33.836],[-93.7452,33.8322],[-93.8287,33.8344],[-93.8274,33.8636],[-93.8765,33.8649],[-93.8924,33.8655],[-93.8897,33.8661],[-93.89,33.8677],[-93.8887,33.8674],[-93.8896,33.869],[-93.8865,33.8753],[-93.8861,33.8802],[-93.888,33.8802],[-93.8879,33.8907],[-93.8795,33.8906],[-93.8791,33.8993],[-93.8832,33.8993],[-93.883,33.9023],[-93.8903,33.9017],[-93.8899,33.9084],[-93.8932,33.9084],[-93.893,33.9127],[-93.8959,33.9128],[-93.8955,33.9237],[-93.9184,33.9243],[-93.9188,33.9188],[-93.9206,33.9188],[-93.9207,33.9153],[-93.9402,33.9157],[-93.9403,33.913],[-93.9446,33.9132],[-93.9442,33.9217],[-93.9489,33.9218],[-93.949,33.9184],[-93.9535,33.9184],[-93.9534,33.923],[-93.9592,33.9232],[-93.9592,33.9257],[-93.9631,33.9257],[-93.9633,33.9201],[-93.9707,33.9203],[-93.971,33.9115],[-93.9752,33.9116],[-93.9754,33.9068],[-93.9797,33.9069],[-93.9804,33.8973],[-93.9849,33.8974],[-93.9845,33.9045],[-94.0558,33.9055],[-94.0571,33.9085],[-94.0563,33.9095],[-94.0586,33.9099],[-94.0585,33.9083],[-94.0605,33.908],[-94.0616,33.9106],[-94.0604,33.9126],[-94.063,33.9128],[-94.0619,33.9139],[-94.0649,33.9153],[-94.0702,33.927],[-94.0694,33.9293],[-94.0711,33.9313],[-94.0689,33.9308],[-94.0683,33.9328],[-94.0648,33.9332],[-94.0671,33.9352],[-94.0684,33.935],[-94.0677,33.9372],[-94.0703,33.9387],[-94.0692,33.9395],[-94.07,33.9416],[-94.0649,33.9455],[-94.0677,33.9485],[-94.0657,33.9483],[-94.0651,33.9503],[-94.0664,33.9506],[-94.0657,33.9515],[-94.067,33.9551],[-94.0696,33.9557],[-94.0671,33.9577],[-94.0668,33.9599],[-94.0656,33.9582],[-94.0649,33.9595],[-94.0629,33.9593],[-94.0632,33.9605],[-94.0621,33.9598],[-94.0603,33.9609],[-94.0615,33.962],[-94.0579,33.9644],[-94.0607,33.9659],[-94.0576,33.968],[-94.0598,33.9689],[-94.0597,33.9716],[-94.0618,33.9707],[-94.0647,33.9729],[-94.0628,33.9743],[-94.0659,33.976],[-94.0656,33.9782],[-94.0681,33.9793],[-94.0645,33.9827],[-94.0663,33.9843],[-94.0661,33.9893],[-94.0678,33.9918],[-94.0659,33.9948],[-94.0697,33.9956],[-94.0662,33.9989],[-94.0683,33.9988],[-94.0701,34.0],[-94.0698,34.0011],[-93.9986,34.0003],[-93.9985,34.0718],[-93.9808,34.0713],[-93.9808,34.0858],[-93.9632,34.0855],[-93.963,34.1001],[-93.884,34.098],[-93.8828,34.142],[-93.8919,34.1423],[-93.8912,34.1741],[-93.9088,34.1745],[-93.9091,34.1572],[-93.9265,34.1573],[-93.9255,34.1865],[-93.8705,34.1853]],[[-93.7806,33.9352],[-93.7804,33.9425],[-93.7977,33.9428],[-93.7975,33.9499],[-93.8247,33.9508],[-93.8252,33.9363],[-93.7982,33.9356],[-93.7982,33.9318],[-93.7842,33.9315],[-93.7841,33.9353],[-93.7806,33.9352]]]}},{"type":"Feature","properties":{"leaid":"0505470","name":"Drew Central School District","kind":"Unified","gradeLow":"PK","gradeHigh":"12","state":"AR"},"geometry":{"type":"Polygon","coordinates":[[[-91.5192,33.7527],[-91.5202,33.7092],[-91.538,33.7094],[-91.5393,33.695],[-91.5401,33.666],[-91.522,33.6661],[-91.5224,33.6366],[-91.5402,33.6367],[-91.5405,33.6072],[-91.5879,33.608],[-91.5879,33.6519],[-91.595,33.6521],[-91.5962,33.6081],[-91.5953,33.6081],[-91.5952,33.5737],[-91.5964,33.4132],[-91.6412,33.4136],[-91.6416,33.3921],[-91.9902,33.3983],[-92.0002,33.4113],[-92.0022,33.4163],[-91.9991,33.4206],[-92.0005,33.4269],[-91.9921,33.4365],[-91.9947,33.4378],[-91.9961,33.4421],[-91.9987,33.4413],[-92.0117,33.4464],[-92.0147,33.4519],[-92.0152,33.4566],[-92.013,33.4581],[-92.0093,33.4637],[-92.0097,33.4663],[-92.0084,33.4679],[-92.002,33.4709],[-92.0,33.4732],[-92.0005,33.4767],[-92.0027,33.4772],[-92.0022,33.4792],[-92.0055,33.48],[-92.0089,33.4866],[-92.0081,33.4943],[-91.999,33.5004],[-92.0011,33.5061],[-92.0004,33.5084],[-92.0063,33.5112],[-91.9999,33.5133],[-91.9995,33.5153],[-92.0054,33.5165],[-92.0025,33.5198],[-92.005,33.5199],[-92.0086,33.5229],[-92.0095,33.526],[-92.0082,33.5297],[-91.9762,33.5297],[-91.9759,33.7917],[-91.8434,33.7918],[-91.8431,33.737],[-91.8562,33.737],[-91.8562,33.7335],[-91.8734,33.7336],[-91.8728,33.5813],[-91.8529,33.5808],[-91.8527,33.5958],[-91.8352,33.5956],[-91.8352,33.5999],[-91.7834,33.5969],[-91.7835,33.5875],[-91.7701,33.5865],[-91.77,33.5907],[-91.7657,33.5906],[-91.766,33.5665],[-91.749,33.5664],[-91.7488,33.5724],[-91.7487,33.5952],[-91.7656,33.5952],[-91.7655,33.6099],[-91.7489,33.6099],[-91.7491,33.6242],[-91.7151,33.6241],[-91.7153,33.6712],[-91.7156,33.6824],[-91.7284,33.6823],[-91.7262,33.7048],[-91.769,33.7047],[-91.7687,33.7921],[-91.6637,33.7922],[-91.5577,33.7833],[-91.5573,33.7973],[-91.5235,33.7956],[-91.5212,33.7812],[-91.5247,33.7813],[-91.5242,33.7805],[-91.5173,33.776],[-91.5068,33.7761],[-91.5048,33.7728],[-91.506,33.7696],[-91.5104,33.7656],[-91.5236,33.7582],[-91.5233,33.755],[-91.5192,33.7527]]]}},{"type":"Feature","properties":{"leaid":"0505550","name":"Earle School District","kind":"Unified","gradeLow":"PK","gradeHigh":"12","state":"AR"},"geometry":{"type":"Polygon","coordinates":[[[-90.3937,35.44],[-90.4004,35.1482],[-90.503,35.1442],[-90.5022,35.1788],[-90.5065,35.1787],[-90.5031,35.354],[-90.5383,35.3542],[-90.5239,35.3555],[-90.518,35.3589],[-90.5162,35.3651],[-90.5181,35.3691],[-90.5218,35.3716],[-90.5413,35.3712],[-90.5548,35.3617],[-90.5665,35.3575],[-90.5741,35.3596],[-90.5771,35.3639],[-90.577,35.3686],[-90.5742,35.3729],[-90.5714,35.3742],[-90.5542,35.3765],[-90.5442,35.3844],[-90.5431,35.3872],[-90.5444,35.3897],[-90.5578,35.3974],[-90.5584,35.3998],[-90.556,35.4016],[-90.5466,35.4027],[-90.5434,35.4044],[-90.5436,35.4113],[-90.5505,35.4135],[-90.5518,35.4163],[-90.5418,35.4162],[-90.5364,35.4186],[-90.5359,35.4211],[-90.5401,35.4317],[-90.5389,35.4347],[-90.536,35.4366],[-90.5193,35.4374],[-90.5127,35.4404],[-90.5045,35.4386],[-90.5025,35.4393],[-90.5024,35.4416],[-90.3937,35.44]]]}},{"type":"Feature","properties":{"leaid":"0508700","name":"Lamar School District","kind":"Unified","gradeLow":"PK","gradeHigh":"12","state":"AR"},"geometry":{"type":"Polygon","coordinates":[[[-93.1645,35.7289],[-93.1676,35.6128],[-93.1853,35.6129],[-93.1856,35.5985],[-93.2213,35.5991],[-93.2238,35.4687],[-93.228,35.4688],[-93.229,35.4329],[-93.2422,35.433],[-93.242,35.4356],[-93.2439,35.4373],[-93.2509,35.4373],[-93.2558,35.4426],[-93.2597,35.4409],[-93.2604,35.4368],[-93.2967,35.4371],[-93.2969,35.4263],[-93.2791,35.4262],[-93.2795,35.4114],[-93.284,35.4117],[-93.2842,35.4044],[-93.2797,35.4044],[-93.2797,35.4016],[-93.2801,35.3898],[-93.2845,35.3899],[-93.2846,35.3863],[-93.2802,35.3862],[-93.2802,35.3826],[-93.2936,35.3827],[-93.2934,35.3901],[-93.2977,35.3903],[-93.2989,35.3271],[-93.3228,35.3377],[-93.3311,35.3396],[-93.3425,35.338],[-93.3718,35.3306],[-93.3784,35.33],[-93.387,35.3314],[-93.4105,35.3274],[-93.418,35.3266],[-93.42,35.3275],[-93.4227,35.3323],[-93.4223,35.3372],[-93.4146,35.3414],[-93.4104,35.3406],[-93.4055,35.3431],[-93.4019,35.3432],[-93.3969,35.3466],[-93.4151,35.3621],[-93.4233,35.3864],[-93.427,35.3931],[-93.4231,35.4184],[-93.4266,35.4246],[-93.4347,35.4289],[-93.4339,35.4715],[-93.4116,35.4711],[-93.4108,35.5148],[-93.3924,35.5145],[-93.392,35.5364],[-93.397,35.5366],[-93.3968,35.5438],[-93.4012,35.544],[-93.401,35.5515],[-93.4094,35.5515],[-93.4091,35.5729],[-93.4537,35.5735],[-93.4532,35.588],[-93.4886,35.589],[-93.4861,35.6644],[-93.4689,35.6639],[-93.4689,35.6749],[-93.3985,35.6731],[-93.3976,35.7019],[-93.3449,35.7018],[-93.3442,35.7304],[-93.3007,35.7303],[-93.299,35.7184],[-93.3011,35.7159],[-93.2378,35.7156],[-93.237,35.7302],[-93.1645,35.7289]]]}},{"type":"Feature","properties":{"leaid":"0511700","name":"Pottsville Public Schools","kind":"Unified","gradeLow":"PK","gradeHigh":"12","state":"AR"},"geometry":{"type":"Polygon","coordinates":[[[-93.0165,35.1647],[-93.0256,35.1615],[-93.0294,35.1574],[-93.0297,35.1458],[-93.0275,35.1322],[-93.0283,35.129],[-93.0323,35.1251],[-93.0425,35.1196],[-93.0547,35.1176],[-93.0639,35.118],[-93.0753,35.1223],[-93.0881,35.1301],[-93.093,35.1391],[-93.0832,35.1438],[-93.0808,35.1471],[-93.0801,35.1527],[-93.0847,35.162],[-93.0766,35.1714],[-93.0762,35.1745],[-93.0778,35.1785],[-93.083,35.183],[-93.0885,35.184],[-93.0944,35.1819],[-93.1024,35.1743],[-93.1092,35.1713],[-93.1164,35.1713],[-93.1244,35.1745],[-93.1299,35.1792],[-93.1367,35.1897],[-93.1382,35.1945],[-93.1388,35.2066],[-93.1465,35.2207],[-93.14,35.2206],[-93.1397,35.2351],[-93.1123,35.2347],[-93.1119,35.2492],[-93.1036,35.2488],[-93.1032,35.2636],[-93.0854,35.2632],[-93.0852,35.2704],[-93.0807,35.2703],[-93.0807,35.2686],[-93.0763,35.2685],[-93.0762,35.2702],[-93.0577,35.27],[-93.0575,35.2771],[-93.0478,35.2771],[-93.0481,35.3061],[-93.0305,35.3058],[-93.0304,35.3125],[-93.0259,35.3124],[-93.0258,35.3171],[-93.0128,35.3169],[-93.0127,35.32],[-93.0038,35.3199],[-93.0039,35.3126],[-92.9772,35.3124],[-92.9773,35.305],[-92.9599,35.3048],[-92.9602,35.294],[-92.9643,35.2941],[-92.9646,35.2974],[-92.9668,35.2976],[-92.9668,35.2903],[-92.9688,35.2903],[-92.9687,35.294],[-92.9772,35.2942],[-92.9773,35.2905],[-92.9731,35.2904],[-92.9731,35.2868],[-92.9688,35.2868],[-92.9688,35.2831],[-92.9862,35.2833],[-92.9867,35.2688],[-92.9778,35.2688],[-92.978,35.2615],[-92.9867,35.2616],[-92.9869,35.2544],[-92.9827,35.2543],[-92.9828,35.2469],[-93.0092,35.2474],[-93.0094,35.2413],[-93.0051,35.2413],[-93.0068,35.1822],[-93.016,35.1823],[-93.0165,35.1647]]]}},{"type":"Feature","properties":{"leaid":"0505580","name":"East End School District","kind":"Unified","gradeLow":"PK","gradeHigh":"12","state":"AR"},"geometry":{"type":"Polygon","coordinates":[[[-92.5544,35.1134],[-92.5488,35.1078],[-92.5408,35.0882],[-92.5412,35.0717],[-92.5437,35.059],[-92.5506,35.046],[-92.5594,35.0361],[-92.5688,35.0291],[-92.5864,35.0195],[-92.5925,35.0142],[-92.5978,35.0065],[-92.5992,34.9989],[-92.5979,34.9931],[-92.5923,34.9815],[-92.5821,34.9695],[-92.5733,34.9631],[-92.5625,34.9576],[-92.5442,34.9529],[-92.5453,34.9219],[-92.6158,34.9238],[-92.6154,34.9384],[-92.6479,34.9392],[-92.6496,34.9102],[-92.7002,34.9107],[-92.6994,34.9419],[-92.7169,34.9419],[-92.7163,34.981],[-92.7145,34.9865],[-92.7153,34.9881],[-92.7199,34.9897],[-92.721,34.986],[-92.7232,34.9876],[-92.7278,34.9857],[-92.7291,34.989],[-92.7337,34.9931],[-92.7311,34.9954],[-92.7239,34.9928],[-92.7201,34.9973],[-92.7206,35.0003],[-92.7235,35.0021],[-92.7256,35.0056],[-92.7233,35.0142],[-92.7269,35.0144],[-92.7289,35.0175],[-92.7306,35.0178],[-92.7309,35.0148],[-92.7378,35.0133],[-92.7445,35.0067],[-92.7441,35.0431],[-92.7514,35.0433],[-92.751,35.0579],[-92.7238,35.0575],[-92.7236,35.072],[-92.7189,35.0719],[-92.7163,35.0745],[-92.7095,35.0722],[-92.7047,35.0721],[-92.6782,35.0774],[-92.6613,35.0928],[-92.6534,35.1038],[-92.6448,35.1104],[-92.6358,35.1144],[-92.6296,35.1148],[-92.6231,35.1109],[-92.6207,35.1063],[-92.6206,35.0997],[-92.6252,35.0931],[-92.643,35.0858],[-92.6476,35.0824],[-92.6483,35.0773],[-92.6392,35.0753],[-92.6269,35.0766],[-92.6025,35.0828],[-92.5933,35.0893],[-92.5824,35.104],[-92.5734,35.1122],[-92.5638,35.1152],[-92.5544,35.1134]]]}},{"type":"Feature","properties":{"leaid":"0505680","name":"El Dorado School District","kind":"Unified","gradeLow":"PK","gradeHigh":"12","state":"AR"},"geometry":{"type":"Polygon","coordinates":[[[-92.3896,33.2779],[-92.39,33.203],[-92.4071,33.203],[-92.407,33.1884],[-92.3954,33.1883],[-92.3955,33.1782],[-92.3899,33.1782],[-92.3901,33.1557],[-92.4076,33.1561],[-92.4074,33.1485],[-92.4162,33.1487],[-92.4163,33.1449],[-92.4334,33.1452],[-92.4334,33.138],[-92.4377,33.138],[-92.4377,33.1309],[-92.4419,33.131],[-92.442,33.1236],[-92.4594,33.1236],[-92.4594,33.1312],[-92.4677,33.1312],[-92.4678,33.1453],[-92.4931,33.1458],[-92.4928,33.1604],[-92.5276,33.1613],[-92.5277,33.147],[-92.5449,33.1471],[-92.5451,33.1326],[-92.5365,33.1324],[-92.5369,33.1032],[-92.5272,33.103],[-92.5276,33.0882],[-92.4902,33.0864],[-92.4902,33.0903],[-92.4771,33.0901],[-92.477,33.1015],[-92.4596,33.1012],[-92.4604,33.0428],[-92.4345,33.0425],[-92.4346,33.0356],[-92.4519,33.0357],[-92.4525,33.0118],[-92.538,33.0127],[-92.5377,33.0373],[-92.5639,33.0385],[-92.5636,33.045],[-92.5722,33.0454],[-92.5717,33.0604],[-92.5809,33.0606],[-92.5799,33.0898],[-92.5974,33.0901],[-92.5968,33.1269],[-92.614,33.1271],[-92.6141,33.1338],[-92.6319,33.1344],[-92.6315,33.1451],[-92.6403,33.1502],[-92.6412,33.153],[-92.6439,33.1551],[-92.6439,33.1582],[-92.6473,33.1613],[-92.661,33.1684],[-92.6662,33.1754],[-92.6663,33.1642],[-92.7006,33.1648],[-92.7004,33.1936],[-92.7177,33.1935],[-92.7179,33.179],[-92.8222,33.1811],[-92.8217,33.2246],[-92.8045,33.2238],[-92.8046,33.2744],[-92.7867,33.2743],[-92.7866,33.2817],[-92.7262,33.2809],[-92.7261,33.2774],[-92.6748,33.2772],[-92.6746,33.2801],[-92.6655,33.2798],[-92.6655,33.2658],[-92.6483,33.2655],[-92.6485,33.3088],[-92.5612,33.3076],[-92.5618,33.2929],[-92.5446,33.2926],[-92.5439,33.3074],[-92.5269,33.3069],[-92.5265,33.3187],[-92.5218,33.3166],[-92.5089,33.3231],[-92.5049,33.3266],[-92.5005,33.3277],[-92.4971,33.3262],[-92.4924,33.321],[-92.4912,33.3166],[-92.4867,33.3156],[-92.4847,33.3169],[-92.4858,33.3222],[-92.48,33.328],[-92.4777,33.3267],[-92.4732,33.3204],[-92.4714,33.3144],[-92.4677,33.3146],[-92.4614,33.3206],[-92.4594,33.3196],[-92.4587,33.3172],[-92.4597,33.3138],[-92.471,33.3065],[-92.4661,33.3036],[-92.4591,33.306],[-92.459,33.3031],[-92.4728,33.2964],[-92.4736,33.2943],[-92.4674,33.2894],[-92.4624,33.2873],[-92.4594,33.2829],[-92.4556,33.2875],[-92.4529,33.2874],[-92.4452,33.2806],[-92.4454,33.2749],[-92.4444,33.2739],[-92.4405,33.2737],[-92.4335,33.277],[-92.4316,33.2752],[-92.4324,33.271],[-92.4314,33.2695],[-92.4205,33.2735],[-92.4042,33.2746],[-92.3972,33.277],[-92.3896,33.2779]]]}},{"type":"Feature","properties":{"leaid":"0508340","name":"Junction City School District","kind":"Unified","gradeLow":"PK","gradeHigh":"12","state":"AR"},"geometry":{"type":"Polygon","coordinates":[[[-92.8219,33.1949],[-92.8225,33.1665],[-92.805,33.1656],[-92.8053,33.1509],[-92.8094,33.1512],[-92.8098,33.1441],[-92.8116,33.1442],[-92.8353,33.1457],[-92.835,33.1528],[-92.8396,33.1529],[-92.8397,33.1459],[-92.8486,33.1468],[-92.8485,33.139],[-92.857,33.1396],[-92.8573,33.125],[-92.7877,33.1215],[-92.7876,33.1293],[-92.7787,33.1291],[-92.7786,33.1361],[-92.7872,33.1361],[-92.7873,33.1444],[-92.7914,33.1445],[-92.7914,33.151],[-92.7529,33.1503],[-92.7534,33.1358],[-92.745,33.1357],[-92.7449,33.1287],[-92.749,33.1287],[-92.7491,33.1139],[-92.7406,33.1138],[-92.7415,33.077],[-92.7195,33.077],[-92.7197,33.0626],[-92.7023,33.0625],[-92.7017,33.1062],[-92.6842,33.1061],[-92.684,33.1208],[-92.6667,33.1205],[-92.6665,33.1349],[-92.6141,33.1338],[-92.614,33.1271],[-92.5968,33.1269],[-92.5974,33.0901],[-92.5799,33.0898],[-92.5809,33.0606],[-92.5717,33.0604],[-92.5722,33.0454],[-92.5636,33.045],[-92.5639,33.0385],[-92.5377,33.0373],[-92.538,33.0127],[-92.9888,33.0176],[-92.9845,33.1599],[-92.916,33.1583],[-92.9156,33.1434],[-92.8913,33.1417],[-92.8909,33.1712],[-92.8738,33.1697],[-92.8731,33.1988],[-92.8219,33.1949]]]}},{"type":"Feature","properties":{"leaid":"0511220","name":"Parkers Chapel School District","kind":"Unified","gradeLow":"PK","gradeHigh":"12","state":"AR"},"geometry":{"type":"Polygon","coordinates":[[[-92.6319,33.1344],[-92.6665,33.1349],[-92.6667,33.1205],[-92.684,33.1208],[-92.6842,33.1061],[-92.7017,33.1062],[-92.7023,33.0625],[-92.7197,33.0626],[-92.7195,33.077],[-92.7415,33.077],[-92.7406,33.1138],[-92.7491,33.1139],[-92.749,33.1287],[-92.7449,33.1287],[-92.745,33.1357],[-92.7534,33.1358],[-92.7529,33.1503],[-92.7914,33.151],[-92.7914,33.1445],[-92.7873,33.1444],[-92.7872,33.1361],[-92.7786,33.1361],[-92.7787,33.1291],[-92.7876,33.1293],[-92.7877,33.1215],[-92.8573,33.125],[-92.857,33.1396],[-92.8485,33.139],[-92.8486,33.1468],[-92.8397,33.1459],[-92.8396,33.1529],[-92.835,33.1528],[-92.8353,33.1457],[-92.8116,33.1442],[-92.8098,33.1441],[-92.8094,33.1512],[-92.8053,33.1509],[-92.805,33.1656],[-92.8225,33.1665],[-92.8222,33.1811],[-92.7179,33.179],[-92.7177,33.1935],[-92.7004,33.1936],[-92.7006,33.1648],[-92.6663,33.1642],[-92.6662,33.1754],[-92.661,33.1684],[-92.6473,33.1613],[-92.6439,33.1582],[-92.6439,33.1551],[-92.6412,33.153],[-92.6403,33.1502],[-92.6315,33.1451],[-92.6319,33.1344]]]}},{"type":"Feature","properties":{"leaid":"0505760","name":"Elkins School District","kind":"Unified","gradeLow":"PK","gradeHigh":"12","state":"AR"},"geometry":{"type":"Polygon","coordinates":[[[-93.9447,36.0726],[-93.9519,35.8331],[-93.9606,35.8333],[-93.9615,35.8039],[-93.9793,35.8042],[-93.9783,35.8338],[-94.0226,35.8348],[-94.0222,35.8494],[-94.0178,35.8493],[-94.0176,35.8565],[-94.022,35.8566],[-94.0218,35.8635],[-94.0483,35.864],[-94.049,35.8499],[-94.0625,35.8501],[-94.0617,35.8717],[-94.0661,35.8718],[-94.0658,35.879],[-94.0614,35.8789],[-94.0607,35.9006],[-94.0563,35.9005],[-94.0549,35.9513],[-94.0588,35.9514],[-94.0589,35.9553],[-94.0681,35.9553],[-94.0675,35.9662],[-94.1074,35.9674],[-94.1055,36.0252],[-94.0706,36.0245],[-94.0704,36.0314],[-94.045,36.0312],[-94.0437,36.0305],[-94.0442,36.0094],[-94.0309,36.0089],[-94.0301,36.0379],[-94.0078,36.0376],[-94.0079,36.0339],[-93.9989,36.0338],[-93.9984,36.0519],[-94.0028,36.052],[-94.0027,36.0556],[-94.0072,36.0557],[-94.007,36.0592],[-93.9807,36.0588],[-93.9803,36.0734],[-93.9447,36.0726]]]}},{"type":"Feature","properties":{"leaid":"0506090","name":"Farmington School District","kind":"Unified","gradeLow":"PK","gradeHigh":"12","state":"AR"},"geometry":{"type":"Polygon","coordinates":[[[-94.2881,36.1121],[-94.2882,36.0975],[-94.2348,36.0967],[-94.2347,36.0938],[-94.2305,36.0937],[-94.2318,36.0353],[-94.2185,36.0351],[-94.2185,36.0315],[-94.2229,36.0316],[-94.223,36.0279],[-94.2186,36.0279],[-94.2187,36.0243],[-94.2143,36.0242],[-94.2144,36.0134],[-94.2546,36.0138],[-94.2543,36.0247],[-94.2723,36.0249],[-94.2723,36.0213],[-94.2768,36.0213],[-94.2768,36.0177],[-94.2858,36.0178],[-94.2859,36.0142],[-94.2947,36.0143],[-94.2951,36.0006],[-94.304,36.0007],[-94.3036,36.0144],[-94.3127,36.0146],[-94.3125,36.0219],[-94.3215,36.022],[-94.3213,36.0329],[-94.3165,36.0329],[-94.3163,36.0402],[-94.321,36.0403],[-94.3196,36.0984],[-94.3373,36.0986],[-94.3372,36.1059],[-94.3461,36.106],[-94.3458,36.1205],[-94.3191,36.12],[-94.3191,36.1129],[-94.3103,36.1127],[-94.3102,36.1163],[-94.3093,36.1163],[-94.3013,36.116],[-94.3014,36.1123],[-94.2881,36.1121]]]}},{"type":"Feature","properties":{"leaid":"0508940","name":"Lincoln School District","kind":"Unified","gradeLow":"PK","gradeHigh":"12","state":"AR"},"geometry":{"type":"Polygon","coordinates":[[[-94.4105,36.0602],[-94.4105,36.0312],[-94.4193,36.0314],[-94.4198,36.0169],[-94.4234,36.017],[-94.424,36.0025],[-94.4105,36.0024],[-94.4107,35.995],[-94.4064,35.995],[-94.4065,35.9877],[-94.3933,35.9875],[-94.3936,35.9766],[-94.3848,35.9764],[-94.3849,35.9728],[-94.3805,35.9728],[-94.3805,35.971],[-94.3761,35.9709],[-94.3765,35.9582],[-94.363,35.958],[-94.3634,35.9434],[-94.3591,35.9433],[-94.3594,35.9289],[-94.3415,35.9287],[-94.3416,35.9249],[-94.3372,35.9249],[-94.3376,35.9068],[-94.3421,35.9068],[-94.3424,35.8996],[-94.3467,35.8996],[-94.3472,35.8851],[-94.3605,35.885],[-94.3608,35.8743],[-94.3519,35.8743],[-94.3519,35.8706],[-94.3565,35.8706],[-94.3567,35.8635],[-94.3609,35.8635],[-94.3609,35.8562],[-94.37,35.8563],[-94.3702,35.8491],[-94.3613,35.8489],[-94.3616,35.8417],[-94.354,35.8415],[-94.3545,35.8146],[-94.3897,35.8153],[-94.3916,35.7573],[-94.4931,35.7592],[-94.5352,36.0045],[-94.5174,36.0042],[-94.5172,36.0115],[-94.4949,36.011],[-94.4947,36.0183],[-94.4454,36.0173],[-94.445,36.032],[-94.4539,36.0322],[-94.4538,36.0394],[-94.4493,36.0393],[-94.4493,36.0357],[-94.4449,36.0357],[-94.4447,36.0428],[-94.4313,36.0425],[-94.4308,36.057],[-94.4265,36.0569],[-94.4262,36.0605],[-94.4105,36.0602]]]}},{"type":"Feature","properties":{"leaid":"0505970","name":"Eureka Springs School District","kind":"Unified","gradeLow":"PK","gradeHigh":"12","state":"AR"},"geometry":{"type":"Polygon","coordinates":[[[-93.6801,36.4991],[-93.6803,36.4893],[-93.6708,36.4892],[-93.6708,36.4622],[-93.6694,36.4597],[-93.6722,36.4551],[-93.6706,36.4547],[-93.6711,36.4418],[-93.6621,36.4416],[-93.6621,36.438],[-93.6711,36.4381],[-93.6712,36.4345],[-93.6802,36.4346],[-93.6804,36.4201],[-93.6708,36.4199],[-93.671,36.3945],[-93.6621,36.3944],[-93.662,36.3907],[-93.6576,36.3907],[-93.6576,36.387],[-93.662,36.3871],[-93.6619,36.3614],[-93.6531,36.3613],[-93.6532,36.3577],[-93.662,36.3579],[-93.6621,36.3507],[-93.6532,36.3505],[-93.6527,36.3392],[-93.662,36.3394],[-93.662,36.3356],[-93.6527,36.3353],[-93.6531,36.3208],[-93.6622,36.3209],[-93.6623,36.3173],[-93.6353,36.317],[-93.6355,36.3134],[-93.6309,36.3133],[-93.6311,36.3097],[-93.622,36.3094],[-93.6222,36.3021],[-93.6313,36.3024],[-93.6315,36.2952],[-93.6269,36.2951],[-93.627,36.2915],[-93.636,36.2917],[-93.6361,36.2844],[-93.6226,36.2841],[-93.623,36.2733],[-93.6186,36.2732],[-93.619,36.2625],[-93.6011,36.262],[-93.6012,36.2584],[-93.5961,36.2582],[-93.5966,36.2442],[-93.6054,36.2444],[-93.6056,36.2372],[-93.619,36.2373],[-93.6183,36.2589],[-93.6272,36.2596],[-93.63,36.261],[-93.6364,36.2676],[-93.6417,36.2673],[-93.64,36.2703],[-93.6368,36.2717],[-93.6311,36.2775],[-93.6316,36.2787],[-93.6362,36.2795],[-93.6402,36.2832],[-93.644,36.278],[-93.6469,36.2825],[-93.6482,36.2827],[-93.6508,36.2812],[-93.6522,36.2768],[-93.6632,36.2753],[-93.6639,36.2843],[-93.658,36.2854],[-93.6567,36.2871],[-93.6576,36.2912],[-93.6602,36.2945],[-93.6547,36.2981],[-93.6575,36.303],[-93.8151,36.3065],[-93.8149,36.3129],[-93.8197,36.3124],[-93.8215,36.309],[-93.8271,36.3122],[-93.8327,36.3129],[-93.8331,36.3232],[-93.8342,36.3236],[-93.8352,36.3222],[-93.8354,36.3236],[-93.8406,36.3243],[-93.8436,36.322],[-93.842,36.325],[-93.8483,36.3285],[-93.8496,36.3306],[-93.8518,36.3294],[-93.8536,36.3247],[-93.8525,36.3235],[-93.8545,36.3238],[-93.8562,36.3219],[-93.8566,36.3193],[-93.855,36.3173],[-93.8587,36.3216],[-93.8571,36.3214],[-93.855,36.3241],[-93.8532,36.3299],[-93.8551,36.3309],[-93.8531,36.3313],[-93.8528,36.3341],[-93.8561,36.3368],[-93.8587,36.3366],[-93.8624,36.3342],[-93.8606,36.3379],[-93.8623,36.3394],[-93.8681,36.336],[-93.868,36.338],[-93.8664,36.3394],[-93.8668,36.3409],[-93.8647,36.3419],[-93.8678,36.3433],[-93.8646,36.3449],[-93.8651,36.3475],[-93.867,36.3486],[-93.8656,36.3557],[-93.8673,36.3574],[-93.867,36.3766],[-93.8696,36.3774],[-93.868,36.3729],[-93.8717,36.3725],[-93.8731,36.3702],[-93.8745,36.3714],[-93.8748,36.3739],[-93.8763,36.369],[-93.8777,36.3683],[-93.8789,36.3702],[-93.8807,36.369],[-93.8815,36.3715],[-93.8757,36.3782],[-93.8756,36.3795],[-93.8784,36.3776],[-93.8798,36.3791],[-93.8809,36.3761],[-93.8827,36.3761],[-93.8851,36.3722],[-93.889,36.375],[-93.8871,36.3779],[-93.8904,36.3782],[-93.8863,36.383],[-93.8834,36.3841],[-93.883,36.3853],[-93.8812,36.3851],[-93.883,36.387],[-93.8835,36.3905],[-93.8788,36.3882],[-93.8813,36.3915],[-93.8843,36.3921],[-93.8822,36.3941],[-93.8749,36.3944],[-93.8724,36.3934],[-93.8719,36.3914],[-93.8739,36.3896],[-93.8721,36.3893],[-93.8713,36.3874],[-93.8727,36.3843],[-93.8713,36.3857],[-93.8697,36.385],[-93.8695,36.3863],[-93.8667,36.3863],[-93.8691,36.3886],[-93.8669,36.3936],[-93.8667,36.4987],[-93.6801,36.4991]]]}},{"type":"Feature","properties":{"leaid":"0506060","name":"Camden Fairview School District","kind":"Unified","gradeLow":"PK","gradeHigh":"12","state":"AR"},"geometry":{"type":"Polygon","coordinates":[[[-92.8976,33.8085],[-92.8958,33.8033],[-92.8882,33.7966],[-92.8829,33.7941],[-92.8778,33.7964],[-92.8734,33.7933],[-92.8642,33.7917],[-92.8586,33.7871],[-92.856,33.7821],[-92.8571,33.7767],[-92.8622,33.7717],[-92.8645,33.7733],[-92.8654,33.7797],[-92.867,33.7812],[-92.87,33.7816],[-92.8752,33.7799],[-92.881,33.7721],[-92.8766,33.7635],[-92.8776,33.7571],[-92.8823,33.7542],[-92.8915,33.7564],[-92.8958,33.7528],[-92.9041,33.7492],[-92.9053,33.747],[-92.9002,33.7407],[-92.9014,33.734],[-92.8957,33.7283],[-92.8987,33.7234],[-92.8982,33.7211],[-92.8964,33.721],[-92.8915,33.7241],[-92.8841,33.7214],[-92.8852,33.7171],[-92.8906,33.7154],[-92.8923,33.7137],[-92.8929,33.7067],[-92.8923,33.7046],[-92.8878,33.7009],[-92.8871,33.6968],[-92.888,33.6947],[-92.8847,33.6883],[-92.8842,33.6845],[-92.8804,33.6798],[-92.8772,33.6725],[-92.8697,33.6699],[-92.8653,33.664],[-92.861,33.6613],[-92.8599,33.6591],[-92.8603,33.6546],[-92.8563,33.6497],[-92.8543,33.6438],[-92.8511,33.6436],[-92.8457,33.6479],[-92.8423,33.6475],[-92.8393,33.6449],[-92.8395,33.6427],[-92.8438,33.6383],[-92.8428,33.6315],[-92.8325,33.6252],[-92.8321,33.6237],[-92.8398,33.6209],[-92.843,33.6143],[-92.8406,33.613],[-92.8297,33.615],[-92.829,33.6135],[-92.8304,33.6066],[-92.8334,33.6101],[-92.8362,33.6098],[-92.8343,33.606],[-92.8344,33.6027],[-92.8221,33.6],[-92.816,33.5942],[-92.8167,33.5926],[-92.8211,33.5913],[-92.8222,33.588],[-92.8264,33.5857],[-92.8265,33.5827],[-92.8233,33.5808],[-92.818,33.5807],[-92.8131,33.5787],[-92.8119,33.5795],[-92.8109,33.5839],[-92.7973,33.5825],[-92.7952,33.5802],[-92.7951,33.5733],[-92.7926,33.5699],[-92.7917,33.5663],[-92.7871,33.5639],[-92.7815,33.5635],[-92.7784,33.5611],[-92.7778,33.5587],[-92.7811,33.5535],[-92.7803,33.5506],[-92.7758,33.5458],[-92.7763,33.5372],[-92.7689,33.533],[-92.7608,33.5327],[-92.7591,33.5317],[-92.7643,33.5249],[-92.7627,33.5174],[-92.7681,33.5156],[-92.773,33.511],[-92.7723,33.5094],[-92.7684,33.5085],[-92.7629,33.504],[-92.7555,33.5041],[-92.7539,33.5031],[-92.7549,33.5009],[-92.7604,33.5013],[-92.7636,33.5002],[-92.7657,33.4927],[-92.7564,33.4882],[-92.7533,33.4842],[-92.7426,33.4836],[-92.7365,33.4869],[-92.7358,33.489],[-92.738,33.4936],[-92.7363,33.4952],[-92.7289,33.4895],[-92.7213,33.4886],[-92.7174,33.4845],[-92.7163,33.4805],[-92.722,33.4726],[-92.7208,33.4666],[-92.7232,33.4655],[-92.7263,33.4686],[-92.7281,33.4681],[-92.7236,33.4596],[-92.7507,33.4598],[-92.7511,33.4401],[-92.7677,33.4407],[-92.7686,33.4156],[-92.7948,33.4158],[-92.8382,33.4181],[-92.8389,33.3735],[-93.119,33.3803],[-93.112,33.5699],[-93.076,33.5691],[-93.0755,33.5839],[-93.054,33.5833],[-93.0539,33.6013],[-93.0708,33.6017],[-93.0708,33.6053],[-93.0839,33.6056],[-93.0836,33.6129],[-93.11,33.6134],[-93.1044,33.7771],[-93.0936,33.7764],[-93.0902,33.7779],[-93.0866,33.7763],[-93.0787,33.7821],[-93.0822,33.783],[-93.0824,33.7852],[-93.0799,33.785],[-93.0778,33.7864],[-93.0752,33.7845],[-93.0703,33.7887],[-93.0685,33.7883],[-93.0682,33.7861],[-93.0618,33.7861],[-93.0626,33.7828],[-93.0577,33.7819],[-93.0545,33.7826],[-93.057,33.7797],[-93.0511,33.7765],[-93.0479,33.7765],[-93.0437,33.7791],[-93.0419,33.777],[-93.0434,33.7746],[-93.036,33.7701],[-93.0348,33.7731],[-93.0304,33.7699],[-93.0268,33.7721],[-93.0268,33.7748],[-93.0227,33.7726],[-93.0151,33.7755],[-93.0128,33.7748],[-93.009,33.7786],[-93.001,33.7791],[-92.999,33.7777],[-92.9924,33.7775],[-92.9905,33.7807],[-92.993,33.7823],[-92.9893,33.7836],[-92.9867,33.7828],[-92.9832,33.7846],[-92.9814,33.7837],[-92.9804,33.7854],[-92.9828,33.7868],[-92.9817,33.7883],[-92.9788,33.7875],[-92.9737,33.7893],[-92.9697,33.7879],[-92.9703,33.7908],[-92.9665,33.7906],[-92.965,33.7924],[-92.9585,33.7951],[-92.9563,33.794],[-92.9549,33.7984],[-92.9501,33.7967],[-92.9463,33.7987],[-92.9447,33.8012],[-92.9429,33.7998],[-92.9436,33.7976],[-92.9427,33.797],[-92.9402,33.7999],[-92.9406,33.802],[-92.9387,33.8049],[-92.9394,33.807],[-92.9362,33.8075],[-92.9398,33.8109],[-92.9321,33.8127],[-92.9332,33.8159],[-92.9288,33.8225],[-92.9262,33.8197],[-92.928,33.8161],[-92.9271,33.8144],[-92.9242,33.8158],[-92.9225,33.819],[-92.9181,33.8183],[-92.9203,33.8199],[-92.9174,33.8215],[-92.9128,33.8184],[-92.9123,33.8157],[-92.9069,33.8119],[-92.8976,33.8085]]]}},{"type":"Feature","properties":{"leaid":"0508130","name":"Huntsville School District","kind":"Unified","gradeLow":"PK","gradeHigh":"12","state":"AR"},"geometry":{"type":"Polygon","coordinates":[[[-93.869,36.3074],[-93.6575,36.303],[-93.6547,36.2981],[-93.6602,36.2945],[-93.6576,36.2912],[-93.6567,36.2871],[-93.658,36.2854],[-93.6639,36.2843],[-93.6632,36.2753],[-93.6522,36.2768],[-93.6508,36.2812],[-93.6482,36.2827],[-93.6433,36.2779],[-93.6415,36.2826],[-93.6398,36.2832],[-93.6362,36.2795],[-93.631,36.2779],[-93.6368,36.2717],[-93.64,36.2703],[-93.6417,36.2673],[-93.6364,36.2676],[-93.63,36.261],[-93.6272,36.2596],[-93.6183,36.2589],[-93.6201,36.2012],[-93.6333,36.2016],[-93.6334,36.198],[-93.629,36.1979],[-93.6291,36.1943],[-93.6247,36.1941],[-93.625,36.187],[-93.5849,36.1857],[-93.5855,36.1557],[-93.5508,36.155],[-93.5511,36.1263],[-93.569,36.1268],[-93.5691,36.1122],[-93.5863,36.1127],[-93.5872,36.0839],[-93.6041,36.0842],[-93.6056,36.0495],[-93.599,36.0493],[-93.5991,36.0457],[-93.5968,36.0457],[-93.5966,36.0493],[-93.5877,36.049],[-93.5881,36.0419],[-93.5969,36.0421],[-93.5973,36.0348],[-93.5926,36.0383],[-93.5882,36.0382],[-93.5889,36.0238],[-93.58,36.0236],[-93.5802,36.02],[-93.5846,36.0201],[-93.5848,36.0164],[-93.5804,36.0164],[-93.5806,36.0127],[-93.5894,36.0129],[-93.5901,35.9988],[-93.5724,35.9985],[-93.5738,35.9551],[-93.5573,35.9548],[-93.5575,35.9476],[-93.5658,35.9477],[-93.5659,35.9441],[-93.57,35.9441],[-93.5699,35.9478],[-93.574,35.9478],[-93.5749,35.926],[-93.5707,35.926],[-93.5708,35.9223],[-93.5667,35.9223],[-93.5671,35.9114],[-93.5582,35.9112],[-93.5592,35.8824],[-93.5414,35.882],[-93.5412,35.8855],[-93.5323,35.8854],[-93.532,35.8962],[-93.5054,35.8955],[-93.506,35.881],[-93.5236,35.8815],[-93.5261,35.8236],[-93.5171,35.8233],[-93.5192,35.7635],[-93.8563,35.7731],[-93.8569,35.7587],[-93.8395,35.7583],[-93.8403,35.7293],[-93.8757,35.7302],[-93.8765,35.7157],[-93.894,35.7161],[-93.8944,35.7015],[-93.9125,35.7019],[-93.9112,35.7453],[-93.8929,35.7451],[-93.8923,35.7594],[-93.9631,35.761],[-93.9606,35.8333],[-93.9519,35.8331],[-93.9441,36.0911],[-93.8879,36.2351],[-93.8699,36.2348],[-93.869,36.3074]]]}},{"type":"Feature","properties":{"leaid":"0508240","name":"Jasper School District","kind":"Unified","gradeLow":"PK","gradeHigh":"12","state":"AR"},"geometry":{"type":"Polygon","coordinates":[[[-93.4385,36.1389],[-93.4392,36.1244],[-93.4347,36.1242],[-93.4356,36.0952],[-93.3945,36.0941],[-93.3949,36.0798],[-93.4009,36.0794],[-93.4009,36.0625],[-93.3607,36.064],[-93.361,36.0666],[-93.3597,36.069],[-93.3624,36.0738],[-93.3612,36.0765],[-93.3552,36.0811],[-93.3514,36.0822],[-93.3488,36.0859],[-93.3375,36.0856],[-93.3373,36.0888],[-93.3196,36.0888],[-93.3204,36.0708],[-93.2659,36.0698],[-93.2652,36.1203],[-93.1403,36.1176],[-93.1236,36.1195],[-93.0866,36.1193],[-93.0676,36.1167],[-93.0343,36.1163],[-93.0343,36.1092],[-93.0518,36.1097],[-93.0523,36.0877],[-93.1231,36.0885],[-93.1234,36.0485],[-93.1014,36.0479],[-93.1017,36.0152],[-93.0796,36.0142],[-93.0809,35.989],[-93.0625,35.9881],[-93.0637,35.9591],[-93.0994,35.96],[-93.0996,35.9529],[-93.1174,35.9534],[-93.1172,35.9607],[-93.1508,35.9625],[-93.1509,35.955],[-93.1345,35.9541],[-93.1346,35.9467],[-93.1509,35.9475],[-93.1512,35.9334],[-93.2052,35.9333],[-93.2056,35.9262],[-93.223,35.9256],[-93.2246,35.8973],[-93.2422,35.8971],[-93.2422,35.9037],[-93.2456,35.904],[-93.2445,35.9257],[-93.2488,35.9259],[-93.2482,35.933],[-93.2926,35.9346],[-93.2944,35.9018],[-93.3033,35.9023],[-93.3037,35.8915],[-93.3127,35.892],[-93.3119,35.9065],[-93.3297,35.9069],[-93.3292,35.9137],[-93.3472,35.9141],[-93.3438,35.9938],[-93.3785,35.9946],[-93.3804,35.951],[-93.3722,35.9508],[-93.3722,35.9474],[-93.3677,35.9473],[-93.3678,35.9437],[-93.3633,35.9434],[-93.3646,35.9142],[-93.4177,35.9156],[-93.4183,35.8649],[-93.4202,35.8361],[-93.437,35.8364],[-93.4377,35.8221],[-93.4289,35.8219],[-93.4302,35.8131],[-93.4466,35.8137],[-93.4471,35.7905],[-93.413,35.7893],[-93.4136,35.7675],[-93.3779,35.7671],[-93.3791,35.7307],[-93.3442,35.7304],[-93.3449,35.7018],[-93.3976,35.7019],[-93.3985,35.6731],[-93.4689,35.6749],[-93.4689,35.6639],[-93.4861,35.6644],[-93.4886,35.589],[-93.5951,35.5921],[-93.5953,35.5885],[-93.613,35.5888],[-93.6134,35.578],[-93.631,35.5786],[-93.6314,35.5639],[-93.649,35.5645],[-93.6486,35.5936],[-93.6661,35.5942],[-93.6663,35.5902],[-93.702,35.592],[-93.6985,35.6958],[-93.7342,35.6974],[-93.7355,35.6538],[-93.7712,35.6549],[-93.7706,35.6695],[-93.7882,35.6699],[-93.7881,35.6734],[-93.7837,35.6734],[-93.7835,35.675],[-93.784,35.6781],[-93.7873,35.6807],[-93.7878,35.6843],[-93.77,35.6839],[-93.7695,35.6983],[-93.7517,35.6979],[-93.7508,35.7122],[-93.698,35.7106],[-93.6959,35.7686],[-93.5192,35.7635],[-93.5171,35.8233],[-93.5261,35.8236],[-93.5236,35.8815],[-93.506,35.881],[-93.5054,35.8955],[-93.532,35.8962],[-93.5323,35.8854],[-93.5412,35.8855],[-93.5414,35.882],[-93.5592,35.8824],[-93.5582,35.9112],[-93.5671,35.9114],[-93.5667,35.9223],[-93.5708,35.9223],[-93.5707,35.926],[-93.5749,35.926],[-93.574,35.9478],[-93.5699,35.9478],[-93.57,35.9441],[-93.5659,35.9441],[-93.5658,35.9477],[-93.5575,35.9476],[-93.5573,35.9548],[-93.5738,35.9551],[-93.5724,35.9985],[-93.5901,35.9988],[-93.5894,36.0129],[-93.5806,36.0127],[-93.5804,36.0164],[-93.5848,36.0164],[-93.5846,36.0201],[-93.5802,36.02],[-93.58,36.0236],[-93.5889,36.0238],[-93.5882,36.0382],[-93.5926,36.0383],[-93.5973,36.0348],[-93.5969,36.0421],[-93.5881,36.0419],[-93.5877,36.049],[-93.5966,36.0493],[-93.5968,36.0457],[-93.5991,36.0457],[-93.599,36.0493],[-93.6056,36.0495],[-93.6041,36.0842],[-93.5872,36.0839],[-93.5863,36.1127],[-93.5691,36.1122],[-93.569,36.1268],[-93.5511,36.1263],[-93.5508,36.155],[-93.5855,36.1557],[-93.5849,36.1857],[-93.6023,36.1862],[-93.6022,36.1985],[-93.6011,36.1978],[-93.6012,36.1936],[-93.5994,36.1923],[-93.5957,36.1961],[-93.5926,36.1946],[-93.5889,36.1995],[-93.5795,36.1967],[-93.5724,36.1986],[-93.5692,36.1982],[-93.5689,36.194],[-93.5739,36.1919],[-93.5734,36.1892],[-93.5716,36.1878],[-93.5731,36.1826],[-93.5718,36.1805],[-93.5653,36.1781],[-93.5551,36.1778],[-93.5451,36.1694],[-93.5414,36.1689],[-93.5381,36.1652],[-93.5395,36.1608],[-93.5424,36.1588],[-93.533,36.1586],[-93.5328,36.1549],[-93.5241,36.1547],[-93.5244,36.1257],[-93.4795,36.1251],[-93.4794,36.1396],[-93.4385,36.1389]]]}},{"type":"Feature","properties":{"leaid":"0506210","name":"Fordyce School District","kind":"Unified","gradeLow":"PK","gradeHigh":"12","state":"AR"},"geometry":{"type":"Polygon","coordinates":[[[-92.4756,33.9727],[-92.4561,33.9725],[-92.4575,33.9695],[-92.4544,33.9685],[-92.4559,33.9674],[-92.4536,33.967],[-92.4551,33.9661],[-92.4519,33.9641],[-92.4521,33.9612],[-92.4441,33.9591],[-92.4435,33.9571],[-92.4412,33.9555],[-92.4438,33.9561],[-92.4437,33.9548],[-92.441,33.9546],[-92.4432,33.9529],[-92.4396,33.9523],[-92.4395,33.9542],[-92.4383,33.9542],[-92.4364,33.9521],[-92.4376,33.9516],[-92.4367,33.9501],[-92.4357,33.9514],[-92.4337,33.95],[-92.4357,33.9491],[-92.4348,33.9482],[-92.4362,33.9481],[-92.4348,33.9472],[-92.4364,33.9465],[-92.4316,33.9462],[-92.4299,33.9441],[-92.4309,33.9431],[-92.4273,33.9441],[-92.4253,33.9417],[-92.4218,33.9409],[-92.42,33.9347],[-92.4142,33.9311],[-92.4147,33.9304],[-92.4129,33.929],[-92.4144,33.9276],[-92.4125,33.9263],[-92.4128,33.9253],[-92.4101,33.9256],[-92.4109,33.9243],[-92.4091,33.9215],[-92.4112,33.9194],[-92.409,33.9177],[-92.4105,33.9169],[-92.4056,33.9147],[-92.4042,33.9156],[-92.4006,33.9134],[-92.3995,33.9099],[-92.4003,33.9093],[-92.3989,33.9083],[-92.4006,33.9076],[-92.3991,33.9068],[-92.4001,33.9051],[-92.3982,33.9041],[-92.4006,33.9032],[-92.3984,33.9016],[-92.4005,33.9003],[-92.3988,33.8994],[-92.3982,33.9003],[-92.398,33.8983],[-92.3967,33.8986],[-92.397,33.8955],[-92.3945,33.8919],[-92.3962,33.8911],[-92.3936,33.8892],[-92.3957,33.8881],[-92.3935,33.887],[-92.3959,33.8869],[-92.3947,33.8849],[-92.3918,33.8843],[-92.3928,33.8828],[-92.3899,33.8834],[-92.3885,33.8791],[-92.3859,33.8783],[-92.3862,33.8757],[-92.3849,33.8769],[-92.3835,33.8763],[-92.3831,33.873],[-92.3804,33.8707],[-92.3812,33.869],[-92.3801,33.8674],[-92.3778,33.8669],[-92.376,33.868],[-92.3752,33.8646],[-92.3717,33.8648],[-92.3694,33.8631],[-92.3704,33.8624],[-92.368,33.8626],[-92.3669,33.8605],[-92.3655,33.861],[-92.3639,33.8593],[-92.3627,33.8601],[-92.3637,33.8578],[-92.362,33.8565],[-92.3598,33.8567],[-92.3565,33.8537],[-92.3533,33.8531],[-92.3539,33.8506],[-92.3517,33.8501],[-92.3514,33.8486],[-92.3534,33.8487],[-92.3534,33.8474],[-92.3503,33.8476],[-92.3487,33.846],[-92.3501,33.8418],[-92.3439,33.8419],[-92.3418,33.8402],[-92.3404,33.8355],[-92.3391,33.8357],[-92.3403,33.8347],[-92.3393,33.8337],[-92.3407,33.8335],[-92.3383,33.8326],[-92.3397,33.8315],[-92.3379,33.8303],[-92.3389,33.8287],[-92.3373,33.8283],[-92.3396,33.8273],[-92.3388,33.8261],[-92.3406,33.8246],[-92.3391,33.8228],[-92.3375,33.8233],[-92.3386,33.8185],[-92.3396,33.818],[-92.3374,33.8169],[-92.3374,33.8142],[-92.3364,33.8137],[-92.3377,33.8131],[-92.3361,33.812],[-92.3368,33.811],[-92.3355,33.8108],[-92.3389,33.8072],[-92.3374,33.8059],[-92.3397,33.806],[-92.3412,33.8044],[-92.3404,33.8015],[-92.3389,33.8021],[-92.3363,33.8003],[-92.3356,33.7954],[-92.3335,33.7945],[-92.3317,33.7885],[-92.3321,33.7853],[-92.3307,33.7837],[-92.3318,33.7814],[-92.3289,33.7806],[-92.3271,33.7779],[-92.3277,33.7758],[-92.3291,33.7751],[-92.3281,33.7732],[-92.3305,33.7717],[-92.3298,33.7706],[-92.3317,33.771],[-92.331,33.7685],[-92.3331,33.7681],[-92.3343,33.7659],[-92.3328,33.7648],[-92.3342,33.764],[-92.333,33.7622],[-92.3359,33.7606],[-92.3338,33.7584],[-92.3364,33.7574],[-92.337,33.7545],[-92.3394,33.7525],[-92.3383,33.7501],[-92.3404,33.749],[-92.3392,33.7474],[-92.3416,33.7459],[-92.3404,33.7438],[-92.342,33.7432],[-92.3381,33.7399],[-92.3395,33.7371],[-92.3375,33.7358],[-92.3377,33.7341],[-92.3329,33.7321],[-92.3365,33.7277],[-92.3335,33.7256],[-92.3346,33.724],[-92.3318,33.7248],[-92.3334,33.722],[-92.3308,33.723],[-92.3304,33.7223],[-92.3331,33.7114],[-92.3309,33.7079],[-92.3344,33.709],[-92.3522,33.7259],[-92.3564,33.7271],[-92.358,33.7314],[-92.3607,33.7321],[-92.3611,33.7382],[-92.3551,33.7379],[-92.3551,33.7455],[-92.3667,33.7456],[-92.3668,33.7423],[-92.3738,33.7424],[-92.3741,33.7553],[-92.3675,33.7561],[-92.3674,33.7612],[-92.3726,33.7613],[-92.3727,33.765],[-92.3836,33.7654],[-92.3839,33.7574],[-92.4023,33.758],[-92.4019,33.7615],[-92.3894,33.7612],[-92.3894,33.7677],[-92.3946,33.7679],[-92.3944,33.7734],[-92.4062,33.7737],[-92.4057,33.7819],[-92.3842,33.7812],[-92.384,33.788],[-92.3789,33.7878],[-92.3787,33.7969],[-92.481,33.7995],[-92.48,33.8324],[-92.4843,33.8327],[-92.4837,33.845],[-92.4884,33.8453],[-92.4885,33.8395],[-92.4973,33.84],[-92.4972,33.8456],[-92.5325,33.8464],[-92.5324,33.8518],[-92.5557,33.8523],[-92.5557,33.8592],[-92.5843,33.8603],[-92.5845,33.8451],[-92.6372,33.8466],[-92.6375,33.8361],[-92.6548,33.8364],[-92.6552,33.834],[-92.69,33.8347],[-92.6845,33.9774],[-92.7358,33.9787],[-92.736,33.993],[-92.7185,33.9925],[-92.7182,33.9998],[-92.7353,34.0001],[-92.7338,34.0358],[-92.7516,34.0364],[-92.7509,34.0508],[-92.6814,34.0494],[-92.6825,34.0205],[-92.6473,34.0195],[-92.647,34.0269],[-92.6124,34.0257],[-92.6127,34.0183],[-92.604,34.018],[-92.6047,34.004],[-92.5788,34.0032],[-92.5775,34.031],[-92.5431,34.0303],[-92.5445,33.9735],[-92.5278,33.9728],[-92.5283,33.9578],[-92.4764,33.9568],[-92.4756,33.9727]]]}},{"type":"Feature","properties":{"leaid":"0507230","name":"Hampton School District","kind":"Unified","gradeLow":"PK","gradeHigh":"12","state":"AR"},"geometry":{"type":"Polygon","coordinates":[[[-92.3254,33.6384],[-92.3207,33.6341],[-92.3211,33.6302],[-92.3225,33.6301],[-92.3225,33.6282],[-92.3242,33.6273],[-92.3233,33.6252],[-92.3245,33.6222],[-92.3287,33.617],[-92.3282,33.6072],[-92.33,33.6054],[-92.3284,33.6041],[-92.3305,33.6031],[-92.3264,33.5999],[-92.3271,33.5985],[-92.3247,33.594],[-92.3251,33.5919],[-92.3238,33.5918],[-92.3242,33.5907],[-92.3208,33.585],[-92.3225,33.5821],[-92.3242,33.5723],[-92.3259,33.5711],[-92.3245,33.5693],[-92.323,33.5693],[-92.3232,33.5672],[-92.3221,33.5676],[-92.3192,33.5645],[-92.3183,33.5579],[-92.314,33.5514],[-92.3171,33.55],[-92.3178,33.5478],[-92.3166,33.5457],[-92.3169,33.5417],[-92.3187,33.5412],[-92.319,33.5383],[-92.3212,33.5366],[-92.3222,33.5336],[-92.3214,33.5324],[-92.3238,33.5315],[-92.3228,33.53],[-92.323,33.5244],[-92.3209,33.5216],[-92.3171,33.5208],[-92.3177,33.5199],[-92.3148,33.5145],[-92.3167,33.5114],[-92.311,33.4999],[-92.3131,33.4974],[-92.3135,33.4929],[-92.3175,33.4911],[-92.3179,33.4892],[-92.3164,33.4888],[-92.3194,33.4858],[-92.3212,33.4868],[-92.3224,33.4859],[-92.3227,33.4816],[-92.3207,33.4796],[-92.3211,33.4765],[-92.3191,33.4749],[-92.3194,33.4722],[-92.3201,33.469],[-92.3218,33.4682],[-92.3215,33.4672],[-92.3297,33.4564],[-92.3267,33.4526],[-92.3289,33.4454],[-92.3281,33.4435],[-92.3341,33.4409],[-92.3406,33.4302],[-92.3388,33.4238],[-92.3372,33.4229],[-92.3401,33.4206],[-92.3414,33.4146],[-92.346,33.4132],[-92.3507,33.4078],[-92.3517,33.4044],[-92.356,33.4009],[-92.3567,33.3965],[-92.3558,33.3945],[-92.36,33.3848],[-92.3588,33.3825],[-92.3599,33.3797],[-92.3632,33.3783],[-92.3678,33.3807],[-92.3689,33.3793],[-92.3743,33.3786],[-92.3762,33.377],[-92.3768,33.3732],[-92.3719,33.3672],[-92.3758,33.3655],[-92.3782,33.3586],[-92.3766,33.3561],[-92.3805,33.3515],[-92.3817,33.3464],[-92.3823,33.3387],[-92.3768,33.3372],[-92.3779,33.3341],[-92.3803,33.3323],[-92.3794,33.3303],[-92.3801,33.3255],[-92.3776,33.3169],[-92.3789,33.3151],[-92.3697,33.3112],[-92.3657,33.3058],[-92.3604,33.3074],[-92.3552,33.3062],[-92.352,33.3031],[-92.3503,33.2988],[-92.3559,33.3018],[-92.3586,33.3015],[-92.3608,33.292],[-92.3652,33.2893],[-92.3714,33.288],[-92.3756,33.2812],[-92.3801,33.2788],[-92.3948,33.2775],[-92.4068,33.2742],[-92.4205,33.2735],[-92.4314,33.2695],[-92.4324,33.271],[-92.4316,33.2752],[-92.4329,33.2767],[-92.4351,33.277],[-92.4405,33.2737],[-92.4444,33.2739],[-92.4454,33.2749],[-92.4452,33.2806],[-92.4529,33.2874],[-92.4556,33.2875],[-92.4594,33.2829],[-92.4624,33.2873],[-92.4674,33.2894],[-92.4736,33.2943],[-92.4728,33.2964],[-92.4686,33.2977],[-92.4585,33.304],[-92.4587,33.3058],[-92.4603,33.3062],[-92.4665,33.3036],[-92.471,33.3065],[-92.4589,33.3149],[-92.46,33.3202],[-92.4621,33.3202],[-92.4677,33.3146],[-92.4714,33.3144],[-92.4732,33.3204],[-92.4779,33.327],[-92.4803,33.328],[-92.4858,33.3222],[-92.4849,33.3164],[-92.4888,33.3156],[-92.4913,33.3167],[-92.4924,33.321],[-92.4971,33.3262],[-92.5012,33.3277],[-92.5049,33.3266],[-92.5089,33.3231],[-92.521,33.317],[-92.5242,33.3169],[-92.5265,33.3187],[-92.5267,33.3207],[-92.5238,33.3276],[-92.5198,33.33],[-92.5193,33.332],[-92.5218,33.3338],[-92.5266,33.3322],[-92.527,33.3357],[-92.5291,33.3385],[-92.5286,33.3432],[-92.5354,33.3482],[-92.5319,33.3557],[-92.5391,33.356],[-92.5464,33.3595],[-92.5474,33.3664],[-92.5579,33.362],[-92.562,33.3621],[-92.5664,33.366],[-92.5679,33.3689],[-92.5663,33.3751],[-92.5685,33.3789],[-92.5711,33.3786],[-92.5736,33.3731],[-92.5778,33.3722],[-92.5804,33.3733],[-92.582,33.3798],[-92.5862,33.385],[-92.5832,33.3925],[-92.5882,33.4014],[-92.5922,33.4033],[-92.6005,33.4017],[-92.6074,33.4022],[-92.6119,33.4042],[-92.6145,33.4087],[-92.6177,33.4096],[-92.621,33.4084],[-92.6262,33.4027],[-92.6316,33.4009],[-92.6355,33.3977],[-92.6436,33.3964],[-92.6454,33.398],[-92.6467,33.4032],[-92.6461,33.4054],[-92.6437,33.4071],[-92.6381,33.4045],[-92.6357,33.4046],[-92.6345,33.4058],[-92.634,33.4115],[-92.6364,33.4153],[-92.6463,33.4158],[-92.6458,33.4199],[-92.6428,33.424],[-92.6435,33.4255],[-92.6555,33.4232],[-92.6557,33.4246],[-92.651,33.4297],[-92.6516,33.4322],[-92.6547,33.4351],[-92.6634,33.435],[-92.6733,33.4306],[-92.6862,33.4318],[-92.6955,33.4305],[-92.7051,33.431],[-92.706,33.4331],[-92.7051,33.4389],[-92.7073,33.4445],[-92.7027,33.4529],[-92.7036,33.4585],[-92.7055,33.4598],[-92.7074,33.4591],[-92.7055,33.4555],[-92.706,33.4537],[-92.7103,33.4519],[-92.7162,33.4516],[-92.7173,33.4528],[-92.7172,33.4582],[-92.7203,33.4598],[-92.7244,33.4599],[-92.728,33.4675],[-92.727,33.4687],[-92.7234,33.4656],[-92.7208,33.4666],[-92.7218,33.4738],[-92.7184,33.4768],[-92.7161,33.4812],[-92.7183,33.4856],[-92.7219,33.489],[-92.7289,33.4895],[-92.7363,33.4952],[-92.738,33.4936],[-92.7358,33.4886],[-92.7384,33.4854],[-92.7426,33.4836],[-92.7533,33.4842],[-92.7564,33.4882],[-92.7624,33.4905],[-92.7661,33.494],[-92.7636,33.5002],[-92.7604,33.5013],[-92.7549,33.5009],[-92.7541,33.5034],[-92.7625,33.5038],[-92.7684,33.5085],[-92.7729,33.5101],[-92.7725,33.5123],[-92.7681,33.5156],[-92.7625,33.5177],[-92.7643,33.5249],[-92.759,33.5315],[-92.7608,33.5327],[-92.7689,33.533],[-92.7763,33.5372],[-92.7752,33.5515],[-92.7725,33.5517],[-92.7711,33.5484],[-92.7651,33.5532],[-92.7639,33.5519],[-92.7595,33.5524],[-92.7555,33.5493],[-92.7564,33.5474],[-92.7499,33.5436],[-92.7454,33.5462],[-92.7443,33.5511],[-92.7411,33.5563],[-92.7289,33.5639],[-92.7268,33.5636],[-92.7259,33.5566],[-92.72,33.5522],[-92.7177,33.5523],[-92.7149,33.5566],[-92.7151,33.5608],[-92.7132,33.5627],[-92.7146,33.5653],[-92.7135,33.5652],[-92.7132,33.5682],[-92.7114,33.5702],[-92.7122,33.5734],[-92.7106,33.5757],[-92.7101,33.5807],[-92.7116,33.5844],[-92.7102,33.5875],[-92.71,33.591],[-92.7111,33.5915],[-92.7102,33.5946],[-92.7121,33.5959],[-92.7113,33.5971],[-92.7126,33.5989],[-92.7142,33.5988],[-92.7128,33.6007],[-92.7135,33.6055],[-92.7189,33.6065],[-92.723,33.6097],[-92.725,33.6086],[-92.726,33.6104],[-92.7272,33.6102],[-92.7271,33.6115],[-92.7284,33.6115],[-92.7291,33.6143],[-92.7299,33.613],[-92.7316,33.6137],[-92.7341,33.6182],[-92.7335,33.6194],[-92.7352,33.6199],[-92.7336,33.6218],[-92.7352,33.6224],[-92.7356,33.6242],[-92.7334,33.6265],[-92.7333,33.6307],[-92.7322,33.6301],[-92.7309,33.6316],[-92.7312,33.6355],[-92.7264,33.6383],[-92.7271,33.64],[-92.7259,33.6415],[-92.727,33.6428],[-92.7253,33.6429],[-92.7264,33.6447],[-92.7252,33.6456],[-92.7272,33.648],[-92.7267,33.6491],[-92.7246,33.6489],[-92.7255,33.6503],[-92.7236,33.6519],[-92.7221,33.6513],[-92.7216,33.6525],[-92.7155,33.6549],[-92.7123,33.6545],[-92.7114,33.6529],[-92.7103,33.6534],[-92.7088,33.6502],[-92.7039,33.6504],[-92.7037,33.6493],[-92.6979,33.6512],[-92.6905,33.6558],[-92.6886,33.6583],[-92.6835,33.6598],[-92.675,33.6577],[-92.6704,33.6605],[-92.6679,33.6594],[-92.6618,33.6606],[-92.6618,33.6433],[-92.6586,33.6433],[-92.6583,33.6476],[-92.6051,33.6464],[-92.6046,33.6536],[-92.5932,33.6533],[-92.5932,33.6597],[-92.5684,33.6588],[-92.5693,33.6444],[-92.4999,33.6409],[-92.4329,33.6392],[-92.4327,33.6454],[-92.4503,33.6459],[-92.4492,33.6723],[-92.4558,33.6726],[-92.4557,33.6741],[-92.4624,33.674],[-92.462,33.6835],[-92.4662,33.6836],[-92.4656,33.6979],[-92.4614,33.6979],[-92.4609,33.7054],[-92.4482,33.7049],[-92.4481,33.7085],[-92.4232,33.7078],[-92.4231,33.7114],[-92.4154,33.7111],[-92.4127,33.7074],[-92.4114,33.7021],[-92.4069,33.7021],[-92.4002,33.6989],[-92.3989,33.6967],[-92.3996,33.693],[-92.3973,33.6925],[-92.3985,33.6895],[-92.3954,33.6896],[-92.3933,33.6871],[-92.3908,33.6879],[-92.3895,33.6864],[-92.3905,33.6855],[-92.3887,33.6844],[-92.3879,33.6855],[-92.3863,33.6848],[-92.3868,33.6835],[-92.386,33.6848],[-92.3827,33.6835],[-92.3837,33.6823],[-92.3824,33.681],[-92.3829,33.679],[-92.38,33.679],[-92.3803,33.6779],[-92.3792,33.6784],[-92.3798,33.6774],[-92.3784,33.6771],[-92.3789,33.6763],[-92.3755,33.676],[-92.3763,33.6751],[-92.3745,33.6753],[-92.3748,33.6742],[-92.3729,33.6745],[-92.3713,33.6729],[-92.3695,33.6737],[-92.368,33.6702],[-92.3654,33.6703],[-92.3659,33.6684],[-92.3642,33.6684],[-92.3637,33.6701],[-92.3577,33.6671],[-92.3556,33.668],[-92.3548,33.6612],[-92.3501,33.6589],[-92.3513,33.6582],[-92.3507,33.6567],[-92.3452,33.6573],[-92.3393,33.6552],[-92.3333,33.6502],[-92.3283,33.65],[-92.3284,33.6511],[-92.3257,33.65],[-92.3244,33.6459],[-92.3264,33.6427],[-92.3254,33.6384]]]}},{"type":"Feature","properties":{"leaid":"0506240","name":"Foreman School District","kind":"Unified","gradeLow":"PK","gradeHigh":"12","state":"AR"},"geometry":{"type":"Polygon","coordinates":[[[-94.4085,33.7634],[-94.2859,33.7597],[-94.2874,33.7164],[-94.3393,33.718],[-94.3398,33.7034],[-94.3051,33.7023],[-94.3076,33.6304],[-94.3249,33.6308],[-94.3253,33.6241],[-94.3257,33.6089],[-94.3084,33.6085],[-94.3094,33.5725],[-94.3084,33.5528],[-94.3134,33.5502],[-94.3207,33.549],[-94.3315,33.5531],[-94.3336,33.5564],[-94.3355,33.5647],[-94.339,33.5675],[-94.3437,33.568],[-94.3525,33.5622],[-94.3528,33.5609],[-94.3473,33.5516],[-94.3535,33.5437],[-94.3585,33.5431],[-94.362,33.5448],[-94.3701,33.5458],[-94.3817,33.544],[-94.3868,33.5451],[-94.3931,33.5516],[-94.4006,33.5568],[-94.4015,33.5605],[-94.3956,33.5665],[-94.3916,33.5653],[-94.3867,33.5657],[-94.3814,33.5678],[-94.3789,33.5702],[-94.3778,33.5752],[-94.3785,33.5785],[-94.3826,33.5833],[-94.3871,33.5812],[-94.3981,33.5711],[-94.4038,33.5684],[-94.4115,33.5687],[-94.428,33.59],[-94.4307,33.5916],[-94.4395,33.5942],[-94.4417,33.5915],[-94.4528,33.5917],[-94.4581,33.598],[-94.4575,33.6004],[-94.4619,33.5987],[-94.4674,33.5993],[-94.4721,33.6035],[-94.4697,33.6073],[-94.4535,33.6164],[-94.4527,33.6225],[-94.4606,33.6247],[-94.4611,33.6293],[-94.4627,33.6308],[-94.4485,33.6344],[-94.4468,33.6403],[-94.4487,33.6427],[-94.4586,33.6452],[-94.4614,33.6435],[-94.466,33.6362],[-94.4769,33.6389],[-94.4859,33.6378],[-94.4825,33.765],[-94.426,33.7639],[-94.4252,33.7913],[-94.4377,33.7916],[-94.4375,33.8062],[-94.4423,33.8048],[-94.4422,33.8125],[-94.4711,33.8122],[-94.4723,33.8072],[-94.47,33.8023],[-94.4704,33.7998],[-94.4755,33.797],[-94.4815,33.796],[-94.4774,33.9409],[-94.4723,33.94],[-94.4663,33.9446],[-94.4632,33.9422],[-94.4609,33.9369],[-94.4563,33.9336],[-94.4533,33.933],[-94.4488,33.9291],[-94.4472,33.9294],[-94.4471,33.9316],[-94.4505,33.9361],[-94.4483,33.9383],[-94.4458,33.9368],[-94.4422,33.9306],[-94.4318,33.9321],[-94.4289,33.9311],[-94.4263,33.9281],[-94.414,33.9261],[-94.4112,33.9276],[-94.4146,33.9367],[-94.4173,33.9389],[-94.4216,33.9391],[-94.4217,33.9428],[-94.4193,33.9442],[-94.4089,33.9453],[-94.4029,33.9422],[-94.4056,33.8794],[-94.4322,33.8803],[-94.4331,33.8511],[-94.4238,33.851],[-94.424,33.8366],[-94.4153,33.8364],[-94.4159,33.8218],[-94.4073,33.8216],[-94.4085,33.7634]]]}},{"type":"Feature","properties":{"leaid":"0507860","name":"Horatio School District","kind":"Unified","gradeLow":"PK","gradeHigh":"12","state":"AR"},"geometry":{"type":"MultiPolygon","coordinates":[[[[-94.4715,33.812],[-94.4422,33.8125],[-94.4423,33.8048],[-94.4375,33.8062],[-94.4377,33.7916],[-94.4252,33.7913],[-94.426,33.7639],[-94.4825,33.765],[-94.4815,33.796],[-94.4755,33.797],[-94.4704,33.7998],[-94.47,33.8023],[-94.4723,33.8072],[-94.4715,33.812]]],[[[-94.4442,34.016],[-94.4442,34.0133],[-94.4352,34.0134],[-94.437,33.9675],[-94.4023,33.9664],[-94.4019,33.9809],[-94.3667,33.9799],[-94.3664,33.9844],[-94.3137,33.9829],[-94.3134,33.9996],[-94.2809,33.9991],[-94.2696,33.9988],[-94.2703,33.9771],[-94.2614,33.9769],[-94.2619,33.9623],[-94.2268,33.9613],[-94.2306,33.8699],[-94.2316,33.8014],[-94.234,33.803],[-94.239,33.8023],[-94.2391,33.808],[-94.251,33.8122],[-94.2506,33.8166],[-94.2518,33.8182],[-94.2587,33.8174],[-94.263,33.8196],[-94.2658,33.8171],[-94.2681,33.8172],[-94.2714,33.8219],[-94.2764,33.8228],[-94.2794,33.8289],[-94.2854,33.83],[-94.2935,33.8235],[-94.3016,33.8213],[-94.3018,33.8184],[-94.306,33.8185],[-94.3062,33.8091],[-94.3111,33.8091],[-94.3114,33.7896],[-94.3283,33.79],[-94.3285,33.7811],[-94.3376,33.7815],[-94.3379,33.7758],[-94.3466,33.7761],[-94.3467,33.7653],[-94.3737,33.7661],[-94.3739,33.7624],[-94.4085,33.7634],[-94.4073,33.8216],[-94.4159,33.8218],[-94.4153,33.8364],[-94.424,33.8366],[-94.4238,33.851],[-94.4331,33.8511],[-94.4331,33.8528],[-94.4322,33.8803],[-94.4056,33.8794],[-94.4029,33.9422],[-94.4089,33.9453],[-94.4193,33.9442],[-94.4217,33.9428],[-94.4216,33.9391],[-94.4173,33.9389],[-94.4146,33.9367],[-94.4112,33.9276],[-94.414,33.9261],[-94.4263,33.9281],[-94.4289,33.9311],[-94.4318,33.9321],[-94.4422,33.9306],[-94.4458,33.9368],[-94.4483,33.9383],[-94.4505,33.9361],[-94.4471,33.9316],[-94.4472,33.9294],[-94.4488,33.9291],[-94.4533,33.933],[-94.4563,33.9336],[-94.4609,33.9369],[-94.4632,33.9422],[-94.4663,33.9446],[-94.4723,33.94],[-94.4774,33.9409],[-94.4752,34.0159],[-94.4442,34.016]]]]}},{"type":"Feature","properties":{"leaid":"0506270","name":"Forrest City School District","kind":"Unified","gradeLow":"PK","gradeHigh":"12","state":"AR"},"geometry":{"type":"Polygon","coordinates":[[[-90.503,35.1433],[-90.5041,35.0852],[-90.5132,35.0852],[-90.5133,35.0652],[-90.5499,35.0658],[-90.5501,34.9923],[-90.6272,34.9934],[-90.626,34.9891],[-90.6206,34.9865],[-90.6192,34.9846],[-90.6193,34.9827],[-90.6253,34.9771],[-90.6251,34.9747],[-90.6224,34.9726],[-90.6195,34.9726],[-90.6159,34.9746],[-90.6141,34.979],[-90.6148,34.9872],[-90.6087,34.9919],[-90.6026,34.9924],[-90.6024,34.9906],[-90.5953,34.9849],[-90.594,34.9815],[-90.5966,34.9632],[-90.5991,34.9585],[-90.6078,34.9525],[-90.6264,34.9508],[-90.6352,34.9381],[-90.6358,34.9312],[-90.6345,34.9291],[-90.626,34.929],[-90.626,34.9216],[-90.6196,34.9063],[-90.7475,34.9052],[-90.8411,34.9063],[-90.8429,34.9081],[-90.8407,34.9087],[-90.8412,34.9097],[-90.8456,34.9093],[-90.8475,34.9109],[-90.8456,34.9185],[-90.8428,34.9181],[-90.8416,34.9222],[-90.8433,34.9232],[-90.8426,34.9261],[-90.8402,34.9271],[-90.8454,34.9315],[-90.8447,34.9354],[-90.8476,34.9363],[-90.8479,34.9396],[-90.8526,34.9394],[-90.854,34.9411],[-90.8569,34.9416],[-90.8573,34.9433],[-90.8556,34.9447],[-90.8575,34.9478],[-90.8566,34.949],[-90.861,34.9563],[-90.8636,34.9564],[-90.865,34.9549],[-90.8689,34.9565],[-90.87,34.9551],[-90.8739,34.9552],[-90.8742,34.9577],[-90.8814,34.9639],[-90.8815,34.9678],[-90.883,34.9673],[-90.8843,34.969],[-90.8871,34.9696],[-90.8847,34.9741],[-90.8883,34.9743],[-90.8868,34.977],[-90.8848,34.976],[-90.8839,34.9772],[-90.8849,34.9789],[-90.8824,34.9839],[-90.8826,34.9862],[-90.8843,34.9866],[-90.8834,34.9883],[-90.8848,34.9891],[-90.8864,34.9877],[-90.8875,34.9891],[-90.8883,34.9878],[-90.89,34.9878],[-90.8924,34.991],[-90.8903,34.9929],[-90.8942,34.9932],[-90.8926,34.9949],[-90.8945,34.9972],[-90.8977,34.9973],[-90.9029,35.0],[-90.9034,35.0026],[-90.9005,35.0028],[-90.903,35.0059],[-90.9004,35.0056],[-90.9027,35.0085],[-90.8984,35.0092],[-90.8983,35.0114],[-90.9013,35.0117],[-90.9,35.0143],[-90.9029,35.0158],[-90.9012,35.0195],[-90.9036,35.0189],[-90.9048,35.0212],[-90.9028,35.0209],[-90.9007,35.0246],[-90.9023,35.0289],[-90.9012,35.0309],[-90.8992,35.0311],[-90.9003,35.0304],[-90.8997,35.0291],[-90.8969,35.0296],[-90.8972,35.0311],[-90.8952,35.0312],[-90.8941,35.0339],[-90.8935,35.0319],[-90.8919,35.0669],[-90.9047,35.0678],[-90.9027,35.0714],[-90.9047,35.0732],[-90.906,35.0723],[-90.9091,35.076],[-90.9104,35.0788],[-90.9089,35.0793],[-90.909,35.0809],[-90.9107,35.0816],[-90.9106,35.0837],[-90.9137,35.0842],[-90.9134,35.0856],[-90.9174,35.0867],[-90.9181,35.0885],[-90.9863,35.089],[-90.9867,35.0706],[-91.0443,35.0734],[-91.0426,35.1482],[-90.9535,35.1473],[-90.9357,35.1488],[-90.8742,35.1481],[-90.8381,35.1491],[-90.8193,35.1481],[-90.7216,35.148],[-90.7216,35.1469],[-90.6372,35.1452],[-90.6373,35.147],[-90.6115,35.1464],[-90.6115,35.1452],[-90.6008,35.1449],[-90.503,35.1433]]]}},{"type":"Feature","properties":{"leaid":"0506330","name":"Fort Smith Public Schools","kind":"Unified","gradeLow":"PK","gradeHigh":"12","state":"AR"},"geometry":{"type":"Polygon","coordinates":[[[-94.2699,35.3452],[-94.2704,35.3165],[-94.2863,35.3182],[-94.2932,35.3218],[-94.3067,35.3152],[-94.3149,35.3153],[-94.3192,35.32],[-94.3277,35.3139],[-94.3311,35.3091],[-94.3303,35.3068],[-94.328,35.3067],[-94.3312,35.3016],[-94.3351,35.3028],[-94.3378,35.2988],[-94.3408,35.3012],[-94.3421,35.3004],[-94.345,35.3034],[-94.3525,35.3031],[-94.3528,35.2958],[-94.3793,35.2964],[-94.3803,35.2993],[-94.3894,35.2998],[-94.3879,35.2965],[-94.3881,35.2893],[-94.3925,35.2894],[-94.3929,35.2822],[-94.4061,35.2826],[-94.4063,35.2789],[-94.4356,35.2788],[-94.4322,35.3633],[-94.4334,35.3655],[-94.4315,35.3694],[-94.4334,35.3754],[-94.4326,35.3842],[-94.4349,35.3881],[-94.4284,35.3979],[-94.4236,35.4105],[-94.4234,35.4184],[-94.4265,35.4307],[-94.4251,35.4378],[-94.4186,35.4449],[-94.4103,35.4487],[-94.3937,35.45],[-94.3829,35.4472],[-94.3704,35.4365],[-94.3476,35.4231],[-94.3391,35.4128],[-94.3371,35.4062],[-94.3375,35.4004],[-94.3465,35.3873],[-94.3483,35.3828],[-94.3467,35.3768],[-94.3431,35.3711],[-94.3368,35.3679],[-94.3176,35.3628],[-94.2881,35.3448],[-94.2789,35.3434],[-94.2699,35.3452]]]}},{"type":"Feature","properties":{"leaid":"0508730","name":"Lavaca Public Schools","kind":"Unified","gradeLow":"PK","gradeHigh":"12","state":"AR"},"geometry":{"type":"Polygon","coordinates":[[[-94.116,35.451],[-94.0856,35.4428],[-94.0744,35.445],[-94.0755,35.4126],[-94.0769,35.4125],[-94.0791,35.3394],[-94.0972,35.3395],[-94.0971,35.3431],[-94.1106,35.3432],[-94.1106,35.3505],[-94.1415,35.351],[-94.1426,35.3134],[-94.1603,35.3136],[-94.1605,35.3062],[-94.179,35.3067],[-94.1791,35.3031],[-94.1879,35.3033],[-94.1882,35.2925],[-94.1704,35.2921],[-94.1708,35.2809],[-94.2447,35.2826],[-94.2441,35.3046],[-94.2573,35.3047],[-94.257,35.3083],[-94.2705,35.3087],[-94.2699,35.3452],[-94.2589,35.3539],[-94.2478,35.3567],[-94.2302,35.3533],[-94.2195,35.355],[-94.2044,35.3599],[-94.1816,35.3751],[-94.1765,35.3773],[-94.1652,35.3792],[-94.1446,35.3781],[-94.1396,35.38],[-94.1346,35.384],[-94.1323,35.3876],[-94.1314,35.3919],[-94.1343,35.4047],[-94.1406,35.414],[-94.1567,35.4253],[-94.1613,35.4328],[-94.1605,35.437],[-94.1553,35.4431],[-94.1429,35.4498],[-94.1382,35.4508],[-94.116,35.451]]]}},{"type":"Feature","properties":{"leaid":"0506630","name":"Glen Rose School District","kind":"Unified","gradeLow":"PK","gradeHigh":"12","state":"AR"},"geometry":{"type":"Polygon","coordinates":[[[-92.7364,34.5179],[-92.6965,34.5173],[-92.697,34.5027],[-92.6663,34.5021],[-92.667,34.4726],[-92.5933,34.4699],[-92.5941,34.4532],[-92.5974,34.4523],[-92.5983,34.4481],[-92.5975,34.4445],[-92.6015,34.439],[-92.6134,34.4286],[-92.6137,34.4322],[-92.615,34.4326],[-92.6234,34.4254],[-92.6243,34.42],[-92.6173,34.4172],[-92.6165,34.4146],[-92.6181,34.4132],[-92.6214,34.4153],[-92.6203,34.4121],[-92.621,34.4111],[-92.6221,34.4111],[-92.6226,34.4138],[-92.6687,34.4145],[-92.6703,34.3563],[-92.7586,34.3571],[-92.7581,34.4159],[-92.7566,34.4159],[-92.7568,34.4304],[-92.7767,34.4306],[-92.7769,34.4597],[-92.7944,34.4594],[-92.7936,34.4883],[-92.7759,34.4883],[-92.7756,34.5038],[-92.7368,34.5033],[-92.7364,34.5179]]]}},{"type":"Feature","properties":{"leaid":"0510980","name":"Ouachita School District","kind":"Unified","gradeLow":"PK","gradeHigh":"12","state":"AR"},"geometry":{"type":"Polygon","coordinates":[[[-93.0621,34.2741],[-92.9352,34.2711],[-92.9182,34.2718],[-92.9193,34.2461],[-92.9074,34.246],[-92.8965,34.2508],[-92.8909,34.2569],[-92.8836,34.257],[-92.8842,34.2421],[-92.8651,34.2418],[-92.8664,34.2273],[-92.8326,34.2252],[-92.8333,34.1967],[-92.8162,34.1958],[-92.8179,34.1519],[-92.8701,34.1552],[-93.0255,34.16],[-93.0278,34.1618],[-93.0303,34.1604],[-93.0329,34.1555],[-93.0351,34.1544],[-93.0389,34.1553],[-93.042,34.1595],[-93.0406,34.1644],[-93.0433,34.1675],[-93.0431,34.1803],[-93.0378,34.1892],[-93.0366,34.1949],[-93.0327,34.1965],[-93.0294,34.2007],[-93.0276,34.2004],[-93.0258,34.2022],[-93.0278,34.2076],[-93.0267,34.2103],[-93.0342,34.2161],[-93.0339,34.2178],[-93.0306,34.2193],[-93.0301,34.2208],[-93.0375,34.221],[-93.0395,34.2228],[-93.0384,34.2259],[-93.0341,34.2288],[-93.0333,34.2343],[-93.0347,34.2365],[-93.0394,34.2372],[-93.0461,34.2368],[-93.0483,34.2353],[-93.052,34.2354],[-93.0559,34.2377],[-93.0633,34.2357],[-93.0763,34.2361],[-93.0753,34.2478],[-93.0764,34.2527],[-93.0747,34.2622],[-93.0691,34.2651],[-93.0621,34.2741]]]}},{"type":"Feature","properties":{"leaid":"0511730","name":"Poyen School District","kind":"Unified","gradeLow":"PK","gradeHigh":"12","state":"AR"},"geometry":{"type":"Polygon","coordinates":[[[-92.6226,34.4138],[-92.6229,34.3986],[-92.6142,34.3984],[-92.6148,34.384],[-92.6064,34.3838],[-92.6069,34.3692],[-92.5982,34.369],[-92.5983,34.3547],[-92.5854,34.3545],[-92.5857,34.3396],[-92.5989,34.3399],[-92.5997,34.3256],[-92.5908,34.3254],[-92.5913,34.2967],[-92.5828,34.2962],[-92.5833,34.2816],[-92.6013,34.2819],[-92.6018,34.2673],[-92.6726,34.2687],[-92.6717,34.3124],[-92.752,34.313],[-92.752,34.3099],[-92.7598,34.31],[-92.7586,34.3571],[-92.6703,34.3563],[-92.6687,34.4145],[-92.6226,34.4138]]]}},{"type":"Feature","properties":{"leaid":"0506870","name":"Green Forest School District","kind":"Unified","gradeLow":"PK","gradeHigh":"12","state":"AR"},"geometry":{"type":"Polygon","coordinates":[[[-93.4748,36.4989],[-93.2929,36.498],[-93.2942,36.4962],[-93.2987,36.497],[-93.2986,36.4938],[-93.2958,36.4916],[-93.295,36.4889],[-93.3023,36.4826],[-93.3013,36.4814],[-93.2977,36.4825],[-93.296,36.4816],[-93.2962,36.3768],[-93.3055,36.377],[-93.3055,36.3697],[-93.3238,36.3701],[-93.324,36.3557],[-93.3377,36.3558],[-93.3376,36.3594],[-93.3446,36.3595],[-93.3468,36.3595],[-93.3468,36.3559],[-93.365,36.356],[-93.365,36.3524],[-93.3559,36.3523],[-93.356,36.3487],[-93.3696,36.3487],[-93.37,36.3122],[-93.3336,36.3118],[-93.3335,36.3265],[-93.3324,36.3264],[-93.3289,36.3264],[-93.3289,36.3227],[-93.3243,36.3226],[-93.3245,36.3117],[-93.2972,36.3112],[-93.2975,36.3002],[-93.302,36.3003],[-93.302,36.2966],[-93.3064,36.2966],[-93.3068,36.2855],[-93.3111,36.2854],[-93.3112,36.2819],[-93.3157,36.2819],[-93.3159,36.271],[-93.3297,36.2711],[-93.3299,36.2664],[-93.3299,36.2638],[-93.3253,36.2638],[-93.3252,36.2674],[-93.316,36.2673],[-93.3165,36.2564],[-93.312,36.2564],[-93.3121,36.2527],[-93.2986,36.2526],[-93.299,36.2379],[-93.3215,36.2382],[-93.3216,36.2345],[-93.3306,36.2348],[-93.3306,36.2385],[-93.3532,36.2389],[-93.3528,36.2569],[-93.3572,36.2569],[-93.3571,36.2605],[-93.3526,36.2605],[-93.3525,36.2641],[-93.3569,36.2642],[-93.3569,36.2678],[-93.366,36.2679],[-93.3661,36.2643],[-93.3706,36.2644],[-93.3707,36.2608],[-93.3841,36.2611],[-93.3841,36.2575],[-93.3886,36.2575],[-93.3887,36.2539],[-93.3835,36.2538],[-93.3836,36.2503],[-93.3794,36.2502],[-93.3796,36.2431],[-93.3838,36.2432],[-93.384,36.2397],[-93.3882,36.2398],[-93.3883,36.2361],[-93.384,36.236],[-93.3841,36.2324],[-93.3973,36.2325],[-93.3971,36.2364],[-93.4061,36.2366],[-93.4065,36.2182],[-93.3886,36.2178],[-93.3889,36.1957],[-93.3979,36.1959],[-93.3978,36.1996],[-93.3933,36.1995],[-93.3932,36.2032],[-93.4022,36.2035],[-93.4023,36.1997],[-93.4067,36.1999],[-93.4065,36.2085],[-93.4156,36.2088],[-93.4157,36.2039],[-93.4247,36.2042],[-93.4249,36.1967],[-93.4337,36.197],[-93.434,36.1825],[-93.4607,36.1834],[-93.4594,36.1862],[-93.456,36.1887],[-93.457,36.1899],[-93.4664,36.1931],[-93.4747,36.2019],[-93.482,36.2065],[-93.485,36.2128],[-93.4832,36.2128],[-93.483,36.2273],[-93.4693,36.2276],[-93.4691,36.2351],[-93.4645,36.2349],[-93.4643,36.2386],[-93.469,36.2388],[-93.4687,36.2494],[-93.4781,36.2496],[-93.4779,36.2564],[-93.5003,36.2567],[-93.5004,36.2586],[-93.4959,36.2586],[-93.4959,36.2604],[-93.5049,36.2609],[-93.5048,36.2641],[-93.4959,36.2641],[-93.4958,36.2749],[-93.4824,36.2747],[-93.4824,36.2783],[-93.4912,36.2785],[-93.491,36.2893],[-93.4821,36.2891],[-93.482,36.2927],[-93.4909,36.2928],[-93.4908,36.2965],[-93.4952,36.2966],[-93.4952,36.3002],[-93.5135,36.3006],[-93.5135,36.3043],[-93.5313,36.3046],[-93.5313,36.3082],[-93.5357,36.3083],[-93.5357,36.3155],[-93.5446,36.3156],[-93.5444,36.3302],[-93.5132,36.3297],[-93.5129,36.3371],[-93.5039,36.3369],[-93.5038,36.3442],[-93.4724,36.3437],[-93.472,36.3617],[-93.4762,36.3617],[-93.4761,36.369],[-93.4719,36.369],[-93.4718,36.3726],[-93.4697,36.3726],[-93.4697,36.3762],[-93.4656,36.3762],[-93.4655,36.3797],[-93.4759,36.38],[-93.4755,36.4058],[-93.4845,36.406],[-93.4841,36.428],[-93.4712,36.4276],[-93.4711,36.435],[-93.4589,36.4347],[-93.4587,36.4601],[-93.4748,36.4607],[-93.4748,36.4989]]]}},{"type":"Feature","properties":{"leaid":"0506900","name":"Greenbrier School District","kind":"Unified","gradeLow":"PK","gradeHigh":"12","state":"AR"},"geometry":{"type":"Polygon","coordinates":[[[-92.4815,35.3684],[-92.4282,35.3678],[-92.4297,35.3239],[-92.4474,35.3239],[-92.4477,35.3168],[-92.4655,35.3173],[-92.466,35.2954],[-92.4306,35.2946],[-92.4303,35.3091],[-92.3946,35.3082],[-92.3952,35.2865],[-92.3907,35.2864],[-92.3909,35.2792],[-92.3732,35.2787],[-92.3734,35.2719],[-92.3645,35.2717],[-92.3643,35.2786],[-92.3509,35.2785],[-92.351,35.2748],[-92.342,35.2747],[-92.3426,35.2639],[-92.3337,35.2637],[-92.3332,35.2781],[-92.2902,35.2776],[-92.2906,35.263],[-92.2772,35.2628],[-92.2773,35.2591],[-92.2729,35.259],[-92.273,35.2552],[-92.2642,35.255],[-92.2646,35.2442],[-92.2734,35.2444],[-92.2736,35.2407],[-92.2825,35.2408],[-92.2828,35.2342],[-92.2917,35.2344],[-92.2919,35.2265],[-92.3262,35.2269],[-92.3266,35.2129],[-92.3185,35.2128],[-92.3187,35.1981],[-92.3103,35.198],[-92.3105,35.1908],[-92.2751,35.1901],[-92.2751,35.1863],[-92.2399,35.1854],[-92.2407,35.1601],[-92.2495,35.1601],[-92.2496,35.1566],[-92.254,35.1565],[-92.2541,35.1529],[-92.2585,35.1531],[-92.2586,35.1458],[-92.263,35.1459],[-92.2631,35.1423],[-92.2675,35.1424],[-92.2679,35.1316],[-92.2718,35.1316],[-92.2724,35.1317],[-92.2722,35.1353],[-92.2766,35.1354],[-92.2768,35.1281],[-92.2857,35.1283],[-92.2854,35.1391],[-92.2898,35.1392],[-92.2897,35.1429],[-92.2942,35.143],[-92.2937,35.1575],[-92.3026,35.1577],[-92.3025,35.1613],[-92.3102,35.1615],[-92.3074,35.1596],[-92.3115,35.1567],[-92.3113,35.1554],[-92.3081,35.1547],[-92.3061,35.1568],[-92.3049,35.1566],[-92.307,35.1542],[-92.3069,35.1519],[-92.3124,35.1519],[-92.3136,35.154],[-92.3159,35.1506],[-92.3552,35.1518],[-92.3556,35.1408],[-92.3865,35.1414],[-92.3864,35.145],[-92.3908,35.1451],[-92.3904,35.156],[-92.4346,35.1569],[-92.4347,35.1497],[-92.4527,35.1498],[-92.4528,35.1426],[-92.4484,35.1425],[-92.4487,35.1354],[-92.4531,35.1354],[-92.453,35.139],[-92.4883,35.1397],[-92.4884,35.1361],[-92.5079,35.1365],[-92.5059,35.1384],[-92.5063,35.1409],[-92.509,35.143],[-92.5132,35.1437],[-92.5118,35.1449],[-92.5074,35.1444],[-92.5042,35.1473],[-92.5041,35.1597],[-92.5015,35.1633],[-92.5057,35.1644],[-92.5073,35.1669],[-92.5055,35.1692],[-92.5031,35.1679],[-92.5005,35.1687],[-92.5001,35.1696],[-92.5034,35.1723],[-92.4998,35.1749],[-92.5059,35.1759],[-92.5116,35.1812],[-92.5193,35.184],[-92.5192,35.1873],[-92.5215,35.1856],[-92.5233,35.1859],[-92.5234,35.1895],[-92.5291,35.1899],[-92.5267,35.1936],[-92.5295,35.196],[-92.527,35.1982],[-92.5263,35.2038],[-92.5244,35.2049],[-92.5271,35.2061],[-92.5247,35.2076],[-92.5276,35.2096],[-92.5245,35.2109],[-92.5253,35.2136],[-92.5236,35.2156],[-92.5207,35.2139],[-92.5191,35.2168],[-92.5202,35.2179],[-92.5228,35.2168],[-92.5252,35.2179],[-92.5223,35.2201],[-92.523,35.2219],[-92.5272,35.219],[-92.5293,35.2192],[-92.5315,35.2247],[-92.5293,35.2261],[-92.5296,35.2282],[-92.5277,35.2308],[-92.5258,35.229],[-92.5228,35.2293],[-92.5217,35.2276],[-92.5222,35.2315],[-92.5152,35.2331],[-92.5124,35.2391],[-92.5138,35.242],[-92.5116,35.2451],[-92.5096,35.2446],[-92.511,35.24],[-92.5084,35.2417],[-92.5062,35.2395],[-92.5043,35.24],[-92.5037,35.2412],[-92.5056,35.2423],[-92.5034,35.245],[-92.5035,35.2469],[-92.5101,35.249],[-92.5108,35.2519],[-92.514,35.2535],[-92.5142,35.257],[-92.511,35.2586],[-92.5066,35.258],[-92.4991,35.264],[-92.4939,35.2662],[-92.4939,35.2671],[-92.499,35.267],[-92.4932,35.2742],[-92.4879,35.2734],[-92.4849,35.2755],[-92.4859,35.2789],[-92.4844,35.2807],[-92.484,35.2959],[-92.5017,35.2962],[-92.5009,35.3367],[-92.5007,35.3403],[-92.4829,35.34],[-92.4815,35.3684]]]}},{"type":"Feature","properties":{"leaid":"0510410","name":"Nemo Vista School District","kind":"Unified","gradeLow":"PK","gradeHigh":"12","state":"AR"},"geometry":{"type":"Polygon","coordinates":[[[-92.4796,35.4556],[-92.4829,35.34],[-92.5007,35.3403],[-92.5019,35.2889],[-92.5197,35.2895],[-92.5198,35.2839],[-92.537,35.2842],[-92.5374,35.2745],[-92.6219,35.2765],[-92.6205,35.3282],[-92.6596,35.3287],[-92.6595,35.3313],[-92.6674,35.3313],[-92.6667,35.3652],[-92.6746,35.3653],[-92.6732,35.4016],[-92.6401,35.401],[-92.6391,35.4285],[-92.6133,35.4277],[-92.6129,35.4441],[-92.6031,35.4441],[-92.6028,35.4583],[-92.4796,35.4556]]]}},{"type":"Feature","properties":{"leaid":"0506990","name":"Greenwood School District","kind":"Unified","gradeLow":"PK","gradeHigh":"12","state":"AR"},"geometry":{"type":"Polygon","coordinates":[[[-94.2704,35.3165],[-94.2705,35.3087],[-94.257,35.3083],[-94.2573,35.3047],[-94.2441,35.3046],[-94.2447,35.2826],[-94.1708,35.2809],[-94.1704,35.2921],[-94.1656,35.292],[-94.1659,35.277],[-94.1576,35.2768],[-94.1579,35.2666],[-94.1535,35.2665],[-94.1536,35.2625],[-94.1487,35.2624],[-94.1487,35.2663],[-94.1443,35.2664],[-94.1442,35.273],[-94.1399,35.273],[-94.14,35.2765],[-94.0803,35.276],[-94.0822,35.2148],[-94.0643,35.2145],[-94.0648,35.1999],[-94.047,35.1995],[-94.0466,35.2141],[-94.0289,35.2142],[-94.0308,35.1554],[-94.0841,35.1567],[-94.0846,35.142],[-94.1028,35.1423],[-94.2106,35.1452],[-94.2105,35.1485],[-94.238,35.1492],[-94.2372,35.1601],[-94.2659,35.1607],[-94.2664,35.1464],[-94.3031,35.147],[-94.3035,35.1319],[-94.3217,35.1323],[-94.3215,35.1361],[-94.3397,35.1366],[-94.3393,35.1479],[-94.3752,35.1484],[-94.3747,35.1702],[-94.3653,35.1702],[-94.3654,35.1664],[-94.3617,35.1662],[-94.3521,35.1662],[-94.3521,35.1696],[-94.3464,35.1695],[-94.3459,35.1912],[-94.3557,35.1914],[-94.3558,35.2025],[-94.3737,35.203],[-94.3726,35.2379],[-94.4033,35.2387],[-94.4026,35.2461],[-94.4048,35.2461],[-94.428,35.2465],[-94.4282,35.2429],[-94.4313,35.243],[-94.4316,35.2394],[-94.437,35.2394],[-94.4356,35.2788],[-94.4063,35.2789],[-94.4061,35.2826],[-94.3929,35.2822],[-94.3925,35.2894],[-94.3881,35.2893],[-94.3879,35.2965],[-94.3894,35.2998],[-94.3803,35.2993],[-94.3793,35.2964],[-94.3528,35.2958],[-94.3525,35.3031],[-94.345,35.3034],[-94.3421,35.3004],[-94.3408,35.3012],[-94.3378,35.2988],[-94.3351,35.3028],[-94.3312,35.3016],[-94.328,35.3067],[-94.3303,35.3068],[-94.3311,35.3091],[-94.3277,35.3139],[-94.3192,35.32],[-94.3149,35.3153],[-94.3067,35.3152],[-94.2932,35.3218],[-94.2863,35.3182],[-94.2704,35.3165]]]}},{"type":"Feature","properties":{"leaid":"0507110","name":"Gurdon School District","kind":"Unified","gradeLow":"PK","gradeHigh":"12","state":"AR"},"geometry":{"type":"Polygon","coordinates":[[[-92.9505,33.9638],[-92.9461,33.9623],[-92.9458,33.9666],[-92.9428,33.9687],[-92.9385,33.9681],[-92.9407,33.961],[-92.9372,33.9551],[-92.9386,33.9498],[-92.9362,33.9478],[-92.9304,33.9487],[-92.9282,33.9469],[-92.9349,33.9385],[-92.9337,33.9324],[-92.9255,33.929],[-92.9208,33.9316],[-92.9193,33.936],[-92.914,33.9338],[-92.9129,33.9306],[-92.9145,33.9292],[-92.9186,33.9291],[-92.9201,33.9261],[-92.9084,33.9178],[-92.907,33.9136],[-92.911,33.9132],[-92.9094,33.9095],[-92.9074,33.908],[-92.9026,33.908],[-92.8986,33.9059],[-92.895,33.9058],[-92.8931,33.9038],[-92.8933,33.9024],[-92.8963,33.9012],[-92.9024,33.9011],[-92.9097,33.898],[-92.9126,33.8935],[-92.9028,33.8823],[-92.9031,33.8794],[-92.9063,33.8776],[-92.9065,33.8747],[-92.9,33.8671],[-92.9006,33.8657],[-92.9045,33.8655],[-92.9059,33.8626],[-92.9036,33.8618],[-92.8998,33.8569],[-92.8928,33.8566],[-92.8894,33.8587],[-92.8843,33.8563],[-92.8822,33.8541],[-92.8805,33.847],[-92.8764,33.8453],[-92.8765,33.8409],[-92.8785,33.8373],[-92.8875,33.8343],[-92.8913,33.8352],[-92.8933,33.8344],[-92.8932,33.8319],[-92.8878,33.8242],[-92.895,33.8229],[-92.8997,33.8162],[-92.8944,33.8124],[-92.8936,33.8087],[-92.8964,33.8061],[-92.8976,33.8085],[-92.9069,33.8119],[-92.9123,33.8157],[-92.9128,33.8184],[-92.9179,33.8216],[-92.9203,33.8199],[-92.9181,33.8183],[-92.9225,33.819],[-92.9242,33.8158],[-92.9271,33.8144],[-92.928,33.8161],[-92.9262,33.8197],[-92.9288,33.8225],[-92.9332,33.8159],[-92.9321,33.8127],[-92.9398,33.8109],[-92.9362,33.8075],[-92.9394,33.807],[-92.9387,33.8049],[-92.9406,33.802],[-92.9402,33.7999],[-92.9427,33.797],[-92.9436,33.7976],[-92.9429,33.7998],[-92.9447,33.8012],[-92.9463,33.7987],[-92.9501,33.7967],[-92.9549,33.7984],[-92.9563,33.794],[-92.9585,33.7951],[-92.965,33.7924],[-92.9665,33.7906],[-92.9703,33.7908],[-92.9697,33.7879],[-92.9737,33.7893],[-92.9788,33.7875],[-92.9817,33.7883],[-92.9828,33.7868],[-92.9804,33.7854],[-92.9814,33.7837],[-92.9832,33.7846],[-92.9867,33.7828],[-92.9893,33.7836],[-92.993,33.7823],[-92.9905,33.7807],[-92.9924,33.7775],[-92.999,33.7777],[-93.001,33.7791],[-93.009,33.7786],[-93.0128,33.7748],[-93.0151,33.7755],[-93.0227,33.7726],[-93.0268,33.7748],[-93.0268,33.7721],[-93.0304,33.7699],[-93.0348,33.7731],[-93.036,33.7701],[-93.0434,33.7746],[-93.0419,33.777],[-93.0437,33.7791],[-93.0479,33.7765],[-93.0511,33.7765],[-93.057,33.7797],[-93.0545,33.7826],[-93.0577,33.7819],[-93.0626,33.7828],[-93.0618,33.7861],[-93.0682,33.7861],[-93.0685,33.7883],[-93.0703,33.7887],[-93.0752,33.7845],[-93.0778,33.7864],[-93.0799,33.785],[-93.0824,33.7852],[-93.0822,33.783],[-93.0787,33.7821],[-93.0866,33.7763],[-93.0902,33.7779],[-93.0936,33.7764],[-93.1033,33.7767],[-93.1121,33.779],[-93.1127,33.7801],[-93.1104,33.7814],[-93.1148,33.7845],[-93.1155,33.7867],[-93.1286,33.7928],[-93.1274,33.7979],[-93.1339,33.8096],[-93.1369,33.8104],[-93.1403,33.8156],[-93.1421,33.8158],[-93.1438,33.8136],[-93.1503,33.813],[-93.1499,33.8117],[-93.1471,33.812],[-93.1464,33.8094],[-93.153,33.8106],[-93.1555,33.8099],[-93.1561,33.8135],[-93.1571,33.8136],[-93.1608,33.8087],[-93.1678,33.8041],[-93.1688,33.8068],[-93.1744,33.8068],[-93.1741,33.804],[-93.1763,33.8037],[-93.1795,33.8003],[-93.1857,33.8042],[-93.184,33.807],[-93.1863,33.8085],[-93.1847,33.8098],[-93.1882,33.8104],[-93.1868,33.8131],[-93.1898,33.8137],[-93.1919,33.8121],[-93.1905,33.8151],[-93.1916,33.8162],[-93.1947,33.8159],[-93.195,33.819],[-93.2005,33.8173],[-93.199,33.8205],[-93.2042,33.8201],[-93.2082,33.8229],[-93.2096,33.8225],[-93.2084,33.8199],[-93.21,33.8187],[-93.2107,33.8212],[-93.2138,33.8223],[-93.2147,33.8263],[-93.2159,33.826],[-93.2172,33.8217],[-93.2193,33.8216],[-93.2203,33.823],[-93.2182,33.8246],[-93.218,33.8273],[-93.2189,33.8288],[-93.2238,33.8284],[-93.2265,33.8306],[-93.2253,33.8274],[-93.2284,33.8255],[-93.2294,33.8264],[-93.2285,33.8284],[-93.2299,33.8296],[-93.2318,33.8293],[-93.2327,33.8264],[-93.2353,33.8271],[-93.2341,33.8304],[-93.2356,33.8314],[-93.2371,33.8297],[-93.2414,33.8292],[-93.2391,33.8264],[-93.2397,33.8243],[-93.241,33.8242],[-93.2437,33.8294],[-93.2488,33.8302],[-93.2578,33.8286],[-93.26,33.832],[-93.2647,33.8324],[-93.2655,33.8351],[-93.2605,33.8359],[-93.2609,33.8377],[-93.2667,33.8392],[-93.2691,33.8387],[-93.2689,33.8373],[-93.2728,33.8371],[-93.2763,33.8353],[-93.2775,33.8371],[-93.2744,33.8395],[-93.2746,33.8411],[-93.2781,33.8407],[-93.2838,33.844],[-93.2896,33.8441],[-93.2982,33.8556],[-93.2967,33.8597],[-93.3038,33.8689],[-93.305,33.8735],[-93.3041,33.878],[-93.3075,33.8815],[-93.3045,33.8825],[-93.3037,33.8849],[-93.2984,33.8863],[-93.2985,33.8917],[-93.3014,33.897],[-93.3061,33.8995],[-93.3084,33.9028],[-93.3117,33.9039],[-93.311,33.9057],[-93.3126,33.9067],[-93.318,33.9057],[-93.3222,33.9076],[-93.3235,33.9103],[-93.3208,33.9123],[-93.3208,33.9142],[-93.3252,33.9179],[-93.3379,33.9163],[-93.3385,33.9175],[-93.3363,33.9203],[-93.3395,33.9236],[-93.342,33.9303],[-93.3395,33.9335],[-93.3421,33.9362],[-93.3454,33.9368],[-93.346,33.9343],[-93.3509,33.9339],[-93.3527,33.9372],[-93.3561,33.9397],[-93.356,33.9456],[-93.3583,33.9481],[-93.3608,33.9481],[-93.3611,33.9473],[-93.3589,33.946],[-93.3624,33.945],[-93.3652,33.948],[-93.3682,33.9489],[-93.3671,33.9525],[-93.3737,33.9512],[-93.3735,33.9525],[-93.3704,33.9533],[-93.3728,33.9546],[-93.374,33.9583],[-93.3702,33.9607],[-93.3718,33.9616],[-93.3738,33.9598],[-93.3754,33.9603],[-93.377,33.9626],[-93.372,33.9631],[-93.3719,33.9649],[-93.3739,33.9659],[-93.3768,33.965],[-93.3775,33.9667],[-93.3763,33.9691],[-93.3783,33.9706],[-93.3758,33.9714],[-93.3811,33.9737],[-93.3789,33.9741],[-93.3761,33.977],[-93.3786,33.9761],[-93.3799,33.9793],[-93.3789,33.982],[-93.3816,33.9823],[-93.3791,33.9866],[-93.3857,33.9958],[-93.3878,33.9945],[-93.39,33.9952],[-93.3889,33.998],[-93.3923,33.998],[-93.3919,34.0008],[-93.3939,34.0024],[-93.4048,34.0046],[-93.4027,34.0087],[-93.4003,34.0095],[-93.4003,34.0115],[-93.4018,34.013],[-93.4038,34.0119],[-93.4089,34.0129],[-93.4075,34.0203],[-93.41,34.028],[-93.2436,34.0236],[-93.2419,34.0674],[-93.2243,34.067],[-93.2248,34.0523],[-93.2074,34.0517],[-93.207,34.0697],[-93.1981,34.0731],[-93.1912,34.0736],[-93.1893,34.0755],[-93.189,34.0804],[-93.1734,34.08],[-93.1731,34.0874],[-93.1559,34.0871],[-93.156,34.0646],[-93.1383,34.0643],[-93.1386,34.0571],[-93.1479,34.0571],[-93.1481,34.0499],[-93.1355,34.0496],[-93.1391,34.0433],[-93.14,34.0202],[-93.1575,34.021],[-93.1581,34.0068],[-93.1557,34.0065],[-93.1546,34.0049],[-93.1556,34.0032],[-93.1539,34.0027],[-93.1542,34.0015],[-93.1522,34.002],[-93.1518,33.9995],[-93.1499,34.0018],[-93.1502,33.9986],[-93.1489,33.9994],[-93.1472,33.9984],[-93.1489,33.9971],[-93.1461,33.998],[-93.1481,33.9964],[-93.148,33.9949],[-93.1372,33.9944],[-93.1358,33.9936],[-93.1373,33.9907],[-93.1341,33.9891],[-93.1327,33.9906],[-93.1291,33.9895],[-93.1302,33.987],[-93.1284,33.9866],[-93.1275,33.984],[-93.1288,33.9839],[-93.1263,33.9815],[-93.1235,33.9827],[-93.1237,33.9761],[-93.1172,33.9761],[-93.1169,33.9743],[-93.1146,33.9733],[-93.1139,33.9743],[-93.1121,33.9739],[-93.1115,33.9728],[-93.1127,33.9716],[-93.1106,33.972],[-93.1081,33.9708],[-93.1083,33.9694],[-93.1064,33.9693],[-93.1066,33.9612],[-93.0892,33.9611],[-93.0897,33.9467],[-93.055,33.946],[-93.0551,33.9605],[-93.033,33.96],[-93.0326,33.971],[-93.0244,33.9707],[-93.0242,33.9743],[-93.0189,33.9741],[-93.0197,33.9597],[-93.0108,33.9595],[-93.0106,33.9667],[-92.9505,33.9638]]]}},{"type":"Feature","properties":{"leaid":"0507140","name":"Guy-Perkins Schools","kind":"Unified","gradeLow":"PK","gradeHigh":"12","state":"AR"},"geometry":{"type":"Polygon","coordinates":[[[-92.3386,35.3656],[-92.2349,35.3632],[-92.2352,35.3561],[-92.2175,35.3557],[-92.2176,35.3521],[-92.2353,35.3526],[-92.2353,35.3454],[-92.2484,35.3455],[-92.2486,35.3419],[-92.2533,35.3419],[-92.2537,35.3201],[-92.267,35.3205],[-92.2671,35.3169],[-92.276,35.3171],[-92.2759,35.3207],[-92.2803,35.3208],[-92.2811,35.2918],[-92.29,35.2921],[-92.2902,35.2776],[-92.3332,35.2781],[-92.3337,35.2637],[-92.3426,35.2639],[-92.342,35.2747],[-92.351,35.2748],[-92.3509,35.2785],[-92.3643,35.2786],[-92.3645,35.2717],[-92.3734,35.2719],[-92.3733,35.2788],[-92.3909,35.2792],[-92.3907,35.2864],[-92.3952,35.2865],[-92.3946,35.3082],[-92.4303,35.3091],[-92.4306,35.2946],[-92.466,35.2954],[-92.4655,35.3173],[-92.4477,35.3168],[-92.4474,35.3239],[-92.4297,35.3239],[-92.4294,35.3319],[-92.4293,35.331],[-92.4113,35.3307],[-92.4107,35.3378],[-92.3931,35.3376],[-92.3935,35.3263],[-92.3847,35.3264],[-92.3843,35.3337],[-92.3754,35.3335],[-92.3752,35.3408],[-92.3664,35.3407],[-92.3664,35.3443],[-92.3576,35.344],[-92.3575,35.3476],[-92.3485,35.3475],[-92.3483,35.3511],[-92.3393,35.351],[-92.3386,35.3656]]]}},{"type":"Feature","properties":{"leaid":"0507170","name":"Hackett Public Schools","kind":"Unified","gradeLow":"PK","gradeHigh":"12","state":"AR"},"geometry":{"type":"Polygon","coordinates":[[[-94.3035,35.1319],[-94.304,35.1029],[-94.2951,35.1028],[-94.2951,35.1018],[-94.2953,35.0957],[-94.3045,35.0958],[-94.3047,35.0883],[-94.2865,35.0879],[-94.287,35.0695],[-94.3233,35.0711],[-94.3233,35.0634],[-94.334,35.0637],[-94.3371,34.9482],[-94.3487,34.9472],[-94.3512,34.9492],[-94.3513,34.9521],[-94.353,34.9542],[-94.3616,34.9614],[-94.3721,34.9617],[-94.3746,34.963],[-94.3727,34.9539],[-94.3746,34.9479],[-94.3801,34.9482],[-94.3922,34.9435],[-94.4009,34.948],[-94.4094,34.9499],[-94.4163,34.9443],[-94.419,34.939],[-94.4221,34.936],[-94.4301,34.9308],[-94.4475,34.9341],[-94.437,35.2394],[-94.4316,35.2394],[-94.4313,35.243],[-94.4282,35.2429],[-94.428,35.2465],[-94.4048,35.2461],[-94.4026,35.2461],[-94.4033,35.2387],[-94.3726,35.2379],[-94.3737,35.203],[-94.3558,35.2025],[-94.3557,35.1914],[-94.3459,35.1912],[-94.346,35.1762],[-94.3464,35.1695],[-94.3521,35.1696],[-94.3521,35.1662],[-94.3654,35.1664],[-94.3653,35.1702],[-94.3747,35.1702],[-94.3752,35.1484],[-94.3393,35.1479],[-94.3397,35.1366],[-94.3215,35.1361],[-94.3217,35.1323],[-94.3035,35.1319]]]}},{"type":"Feature","properties":{"leaid":"0507320","name":"Harmony Grove School District","kind":"Unified","gradeLow":"PK","gradeHigh":"12","state":"AR"},"geometry":{"type":"Polygon","coordinates":[[[-92.6086,34.5147],[-92.6094,34.5002],[-92.5915,34.4996],[-92.5933,34.4699],[-92.667,34.4726],[-92.6663,34.5021],[-92.697,34.5027],[-92.6965,34.5173],[-92.701,34.5173],[-92.6999,34.5467],[-92.6645,34.546],[-92.6648,34.5386],[-92.6507,34.5396],[-92.6426,34.5415],[-92.6428,34.5367],[-92.6341,34.5366],[-92.6342,34.5333],[-92.6252,34.5331],[-92.6251,34.5371],[-92.6208,34.537],[-92.621,34.5297],[-92.6162,34.5295],[-92.6164,34.5225],[-92.6124,34.5224],[-92.6127,34.5149],[-92.6086,34.5147]]]}},{"type":"Feature","properties":{"leaid":"0507530","name":"Hazen School District","kind":"Unified","gradeLow":"PK","gradeHigh":"12","state":"AR"},"geometry":{"type":"Polygon","coordinates":[[[-91.3609,34.8607],[-91.3634,34.8569],[-91.3607,34.8526],[-91.3599,34.8473],[-91.3607,34.8443],[-91.3646,34.8424],[-91.3724,34.8429],[-91.3772,34.8337],[-91.376,34.8288],[-91.3706,34.8243],[-91.3748,34.666],[-91.447,34.6675],[-91.4479,34.6091],[-91.4123,34.6086],[-91.4137,34.5642],[-91.5944,34.568],[-91.5956,34.4805],[-91.6251,34.4796],[-91.6782,34.4819],[-91.6748,34.4838],[-91.6779,34.484],[-91.6771,34.4868],[-91.6804,34.4864],[-91.6805,34.488],[-91.678,34.4899],[-91.6806,34.4896],[-91.6835,34.4928],[-91.6823,34.4937],[-91.6793,34.4924],[-91.681,34.4956],[-91.6801,34.4977],[-91.6811,34.4994],[-91.6784,34.4996],[-91.6758,34.504],[-91.679,34.5071],[-91.6765,34.5073],[-91.6776,34.509],[-91.6745,34.5112],[-91.6752,34.5132],[-91.669,34.5165],[-91.6699,34.5191],[-91.6676,34.522],[-91.665,34.5223],[-91.6585,34.5286],[-91.6487,34.5337],[-91.6431,34.5404],[-91.6383,34.5423],[-91.6345,34.5466],[-91.6344,34.5512],[-91.6328,34.5529],[-91.635,34.555],[-91.6334,34.5621],[-91.6348,34.5642],[-91.6372,34.5647],[-91.6363,34.5663],[-91.6483,34.5698],[-91.6504,34.5669],[-91.652,34.5666],[-91.6538,34.5686],[-91.6565,34.5691],[-91.6561,34.5714],[-91.6585,34.5731],[-91.6581,34.5768],[-91.662,34.5774],[-91.665,34.5799],[-91.6643,34.5834],[-91.6623,34.5856],[-91.6595,34.6003],[-91.653,34.6024],[-91.6478,34.6094],[-91.6483,34.613],[-91.6426,34.6157],[-91.6403,34.62],[-91.6385,34.6257],[-91.6409,34.6339],[-91.6508,34.6432],[-91.6561,34.6428],[-91.6616,34.6456],[-91.6646,34.6491],[-91.664,34.6526],[-91.6678,34.6543],[-91.669,34.6574],[-91.6739,34.6581],[-91.6767,34.6605],[-91.6749,34.6625],[-91.6755,34.6633],[-91.6776,34.6634],[-91.6792,34.6616],[-91.6808,34.6637],[-91.6872,34.6658],[-91.6891,34.6702],[-91.6932,34.6709],[-91.6935,34.6698],[-91.6999,34.6697],[-91.6983,34.671],[-91.6997,34.6732],[-91.7008,34.672],[-91.6996,34.7267],[-91.6447,34.7263],[-91.6439,34.745],[-91.6421,34.7451],[-91.641,34.7741],[-91.6588,34.774],[-91.6583,34.7885],[-91.6977,34.7885],[-91.6938,34.9162],[-91.6926,34.9163],[-91.6931,34.9183],[-91.6878,34.9185],[-91.6855,34.9238],[-91.6839,34.9234],[-91.6849,34.9246],[-91.6833,34.926],[-91.6832,34.9278],[-91.679,34.9314],[-91.6779,34.934],[-91.6784,34.9361],[-91.6774,34.936],[-91.6781,34.9374],[-91.676,34.9386],[-91.6777,34.9401],[-91.672,34.941],[-91.6723,34.9427],[-91.6693,34.9435],[-91.6677,34.9424],[-91.6677,34.9445],[-91.6667,34.9421],[-91.6633,34.9431],[-91.6618,34.9418],[-91.655,34.9412],[-91.6532,34.9419],[-91.6531,34.9441],[-91.6509,34.9438],[-91.6496,34.946],[-91.6483,34.9449],[-91.6488,34.9436],[-91.6418,34.9417],[-91.6403,34.9398],[-91.6326,34.9381],[-91.6322,34.9339],[-91.6299,34.9331],[-91.6294,34.9305],[-91.627,34.9288],[-91.6223,34.9273],[-91.6227,34.9243],[-91.6212,34.9239],[-91.6204,34.9214],[-91.6178,34.9193],[-91.6203,34.9167],[-91.6195,34.9131],[-91.6234,34.911],[-91.6205,34.9067],[-91.621,34.9045],[-91.6187,34.9031],[-91.615,34.9045],[-91.6139,34.9018],[-91.6118,34.9022],[-91.6123,34.9006],[-91.6106,34.9004],[-91.6111,34.8989],[-91.61,34.8987],[-91.6109,34.8975],[-91.6085,34.8957],[-91.6038,34.8948],[-91.6005,34.8967],[-91.5978,34.8932],[-91.5963,34.8938],[-91.5955,34.8924],[-91.5895,34.8911],[-91.5904,34.8892],[-91.5896,34.8882],[-91.5872,34.8887],[-91.5867,34.8868],[-91.5832,34.8857],[-91.5818,34.8804],[-91.5797,34.8812],[-91.5772,34.8797],[-91.5718,34.8802],[-91.5659,34.8763],[-91.5481,34.876],[-91.5482,34.8612],[-91.4633,34.8596],[-91.4627,34.8628],[-91.4647,34.8664],[-91.4651,34.8707],[-91.4096,34.8694],[-91.4058,34.8662],[-91.3948,34.8631],[-91.3922,34.8604],[-91.3804,34.8576],[-91.3726,34.8592],[-91.3667,34.862],[-91.3628,34.8621],[-91.3609,34.8607]]]}},{"type":"Feature","properties":{"leaid":"0507560","name":"Heber Springs School District","kind":"Unified","gradeLow":"PK","gradeHigh":"12","state":"AR"},"geometry":{"type":"Polygon","coordinates":[[[-91.8817,35.4561],[-91.882,35.4482],[-91.894,35.4485],[-91.8945,35.4319],[-91.921,35.4328],[-91.9207,35.448],[-91.9516,35.4477],[-91.9538,35.4487],[-91.9668,35.4463],[-91.9745,35.4463],[-91.9746,35.4187],[-92.0073,35.4183],[-92.0072,35.4254],[-92.0971,35.4281],[-92.0965,35.4501],[-92.0865,35.4501],[-92.0863,35.4647],[-92.1037,35.4649],[-92.1034,35.485],[-92.1066,35.4824],[-92.1115,35.484],[-92.1151,35.4892],[-92.1161,35.4966],[-92.111,35.5069],[-92.0988,35.5169],[-92.0846,35.5108],[-92.077,35.5113],[-92.062,35.5087],[-92.0513,35.504],[-92.0477,35.505],[-92.0448,35.5098],[-92.0432,35.5196],[-92.0471,35.5343],[-92.0423,35.5388],[-92.0369,35.5388],[-92.0293,35.5367],[-92.0248,35.5459],[-92.0233,35.5466],[-92.0194,35.5451],[-92.0149,35.5506],[-92.0035,35.5593],[-92.0029,35.5765],[-92.0002,35.5764],[-92.0005,35.5633],[-91.9221,35.5653],[-91.921,35.5617],[-91.9215,35.5549],[-91.9251,35.5532],[-91.9256,35.5484],[-91.9281,35.545],[-91.9279,35.5438],[-91.9256,35.543],[-91.9241,35.5396],[-91.9273,35.5388],[-91.9283,35.535],[-91.9312,35.5338],[-91.9296,35.5312],[-91.9315,35.5287],[-91.928,35.5196],[-91.9298,35.5053],[-91.9365,35.496],[-91.9382,35.497],[-91.9378,35.5019],[-91.9421,35.5061],[-91.9439,35.5061],[-91.945,35.5001],[-91.9465,35.4981],[-91.9457,35.4983],[-91.9462,35.4578],[-91.9298,35.4598],[-91.9157,35.4555],[-91.8941,35.4528],[-91.8916,35.4531],[-91.8854,35.4581],[-91.883,35.458],[-91.8817,35.4561]]]}},{"type":"Feature","properties":{"leaid":"0507840","name":"Hope School District","kind":"Unified","gradeLow":"PK","gradeHigh":"12","state":"AR"},"geometry":{"type":"Polygon","coordinates":[[[-93.7217,33.803],[-93.6127,33.8005],[-93.6133,33.7785],[-93.6179,33.7786],[-93.6182,33.7639],[-93.6138,33.7639],[-93.6137,33.7693],[-93.5877,33.7687],[-93.5878,33.756],[-93.5845,33.756],[-93.5847,33.7486],[-93.579,33.7484],[-93.5789,33.7558],[-93.527,33.7544],[-93.5279,33.7252],[-93.4929,33.7242],[-93.4929,33.7168],[-93.4753,33.7167],[-93.4832,33.4762],[-93.6227,33.4795],[-93.6224,33.4905],[-93.6138,33.4903],[-93.6134,33.494],[-93.6005,33.4937],[-93.598,33.5812],[-93.6197,33.5817],[-93.6186,33.6191],[-93.6354,33.6196],[-93.6354,33.6258],[-93.7394,33.6288],[-93.7421,33.5697],[-93.7248,33.5694],[-93.7267,33.4877],[-93.7347,33.4939],[-93.7407,33.5052],[-93.7491,33.5128],[-93.749,33.516],[-93.7419,33.5276],[-93.7421,33.5307],[-93.7442,33.5331],[-93.7477,33.5343],[-93.7603,33.5233],[-93.7634,33.5189],[-93.7647,33.5144],[-93.7626,33.5107],[-93.7553,33.5054],[-93.756,33.5022],[-93.7606,33.499],[-93.7721,33.4986],[-93.7735,33.5015],[-93.7736,33.5099],[-93.7803,33.5207],[-93.7774,33.525],[-93.7696,33.5269],[-93.7684,33.5299],[-93.769,33.5321],[-93.7711,33.5332],[-93.7777,33.5291],[-93.7851,33.5279],[-93.7951,33.5315],[-93.7976,33.5356],[-93.7957,33.5408],[-93.7863,33.5454],[-93.7831,33.5482],[-93.7818,33.5525],[-93.7837,33.556],[-93.7862,33.5573],[-93.7888,33.5561],[-93.7945,33.5459],[-93.7989,33.5416],[-93.8054,33.5417],[-93.8096,33.5453],[-93.8093,33.5487],[-93.8002,33.5591],[-93.8004,33.5641],[-93.8055,33.568],[-93.8221,33.569],[-93.8264,33.5709],[-93.8278,33.5738],[-93.8274,33.5761],[-93.8161,33.5879],[-93.8135,33.5937],[-93.8126,33.6035],[-93.8178,33.613],[-93.8221,33.6134],[-93.8267,33.6094],[-93.8311,33.607],[-93.8335,33.607],[-93.8416,33.6175],[-93.8473,33.6182],[-93.852,33.6138],[-93.8596,33.6168],[-93.8616,33.6197],[-93.8606,33.6265],[-93.865,33.6312],[-93.8757,33.6341],[-93.8779,33.6326],[-93.8794,33.6286],[-93.8843,33.6273],[-93.8864,33.6287],[-93.8912,33.6379],[-93.8948,33.6397],[-93.9054,33.6364],[-93.9069,33.6325],[-93.9105,33.6286],[-93.9162,33.6295],[-93.9118,33.64],[-93.9049,33.6424],[-93.9018,33.6473],[-93.7744,33.6444],[-93.7729,33.6876],[-93.7905,33.6881],[-93.7895,33.7172],[-93.7762,33.7169],[-93.7753,33.7462],[-93.7235,33.7447],[-93.7232,33.7593],[-93.7058,33.759],[-93.7048,33.7854],[-93.7223,33.7858],[-93.7223,33.7954],[-93.7217,33.803]]]}},{"type":"Feature","properties":{"leaid":"0509390","name":"Marion School District","kind":"Unified","gradeLow":"PK","gradeHigh":"12","state":"AR"},"geometry":{"type":"Polygon","coordinates":[[[-90.3936,35.44],[-90.1401,35.4368],[-90.1689,35.4219],[-90.1706,35.4183],[-90.1708,35.41],[-90.1793,35.3853],[-90.1785,35.3821],[-90.1653,35.374],[-90.1465,35.374],[-90.1357,35.3767],[-90.1438,35.3884],[-90.1461,35.3998],[-90.1444,35.4054],[-90.1414,35.4089],[-90.1358,35.4126],[-90.1303,35.4138],[-90.1131,35.4106],[-90.0977,35.3959],[-90.0809,35.386],[-90.0786,35.3806],[-90.0783,35.3749],[-90.0839,35.3656],[-90.0954,35.3507],[-90.11,35.305],[-90.1169,35.3034],[-90.1236,35.3044],[-90.1298,35.3012],[-90.1386,35.299],[-90.1496,35.3031],[-90.157,35.3016],[-90.1641,35.2955],[-90.169,35.2805],[-90.1605,35.265],[-90.1499,35.2547],[-90.1397,35.2523],[-90.1165,35.2559],[-90.1067,35.2549],[-90.0943,35.2488],[-90.0864,35.2382],[-90.0845,35.231],[-90.0755,35.2202],[-90.0749,35.2168],[-90.0764,35.2121],[-90.0805,35.2085],[-90.0888,35.2122],[-90.0968,35.1948],[-90.1081,35.1992],[-90.1159,35.1987],[-90.1174,35.1896],[-90.1142,35.1838],[-90.1081,35.1816],[-90.1069,35.1765],[-90.1027,35.172],[-90.0796,35.1597],[-90.0687,35.156],[-90.0664,35.1533],[-90.0645,35.149],[-90.0662,35.1392],[-90.0711,35.1323],[-90.076,35.1283],[-90.0939,35.1424],[-90.103,35.146],[-90.1318,35.1463],[-90.1317,35.1572],[-90.1333,35.1608],[-90.1655,35.1602],[-90.1832,35.1614],[-90.2233,35.1608],[-90.2926,35.162],[-90.2928,35.1474],[-90.4004,35.1482],[-90.3936,35.44]]]}},{"type":"Feature","properties":{"leaid":"0507890","name":"Hot Springs School District","kind":"Unified","gradeLow":"PK","gradeHigh":"12","state":"AR"},"geometry":{"type":"Polygon","coordinates":[[[-93.0173,34.5518],[-93.0178,34.5373],[-93.0216,34.5373],[-93.0285,34.5309],[-93.033,34.5296],[-93.0368,34.526],[-93.037,34.5239],[-93.033,34.5207],[-93.0289,34.5118],[-93.025,34.5085],[-93.0198,34.5085],[-93.0201,34.4941],[-93.0289,34.4941],[-93.0288,34.4868],[-93.0377,34.4868],[-93.0378,34.4797],[-93.0457,34.4796],[-93.0467,34.4704],[-93.0441,34.4688],[-93.0422,34.4654],[-93.0447,34.4613],[-93.0469,34.461],[-93.0449,34.4583],[-93.0472,34.4507],[-93.0532,34.4481],[-93.0527,34.4429],[-93.0579,34.4379],[-93.0676,34.4334],[-93.0681,34.4334],[-93.0662,34.4364],[-93.0729,34.4413],[-93.0732,34.443],[-93.0717,34.4443],[-93.0888,34.4414],[-93.0895,34.4423],[-93.0952,34.4406],[-93.1047,34.4437],[-93.1074,34.4463],[-93.109,34.4538],[-93.1216,34.465],[-93.1268,34.4752],[-93.1219,34.4781],[-93.1218,34.4962],[-93.1172,34.5026],[-93.1149,34.5095],[-93.089,34.5093],[-93.0882,34.5382],[-93.1055,34.5383],[-93.105,34.5672],[-93.0704,34.5666],[-93.0706,34.5522],[-93.0173,34.5518]]]}},{"type":"Feature","properties":{"leaid":"0509990","name":"Mount Ida School District","kind":"Unified","gradeLow":"PK","gradeHigh":"12","state":"AR"},"geometry":{"type":"Polygon","coordinates":[[[-93.3687,34.6282],[-93.3865,34.6285],[-93.386,34.6444],[-93.4028,34.6448],[-93.4031,34.6466],[-93.4053,34.5141],[-93.375,34.5135],[-93.3751,34.4881],[-93.3578,34.4879],[-93.3578,34.4738],[-93.4058,34.4745],[-93.4068,34.4192],[-93.4419,34.4199],[-93.4417,34.4273],[-93.4332,34.4272],[-93.4331,34.4345],[-93.4417,34.4345],[-93.4416,34.4495],[-93.4503,34.4495],[-93.4502,34.453],[-93.4544,34.453],[-93.4544,34.457],[-93.4942,34.4574],[-93.4944,34.4431],[-93.5124,34.4434],[-93.512,34.4725],[-93.5811,34.4746],[-93.5807,34.4892],[-93.6177,34.4898],[-93.6177,34.4912],[-93.6353,34.4908],[-93.6344,34.5058],[-93.723,34.5075],[-93.7227,34.5217],[-93.7489,34.5214],[-93.7485,34.557],[-93.7571,34.5569],[-93.7567,34.5931],[-93.7043,34.5934],[-93.7038,34.604],[-93.6997,34.6048],[-93.6974,34.6078],[-93.7009,34.6375],[-93.699,34.6432],[-93.7011,34.6508],[-93.6987,34.6532],[-93.6911,34.6485],[-93.6898,34.6419],[-93.6873,34.6385],[-93.6842,34.6376],[-93.6808,34.6389],[-93.6772,34.6384],[-93.6766,34.6347],[-93.6783,34.6297],[-93.6737,34.6287],[-93.6668,34.6334],[-93.6607,34.6317],[-93.6579,34.6253],[-93.6545,34.6256],[-93.6545,34.6325],[-93.6501,34.6341],[-93.6487,34.6873],[-93.5706,34.6864],[-93.5699,34.7446],[-93.3944,34.7434],[-93.3945,34.7724],[-93.3584,34.7734],[-93.3585,34.6851],[-93.4022,34.6852],[-93.4028,34.6571],[-93.3858,34.6571],[-93.3856,34.6644],[-93.3763,34.6644],[-93.3765,34.6571],[-93.3684,34.6572],[-93.3687,34.6282]]]}},{"type":"Feature","properties":{"leaid":"0507920","name":"Jessieville School District","kind":"Unified","gradeLow":"PK","gradeHigh":"12","state":"AR"},"geometry":{"type":"Polygon","coordinates":[[[-92.9515,34.728],[-92.9524,34.6843],[-92.9791,34.6849],[-92.9793,34.6663],[-93.0315,34.6674],[-93.0322,34.6528],[-93.0501,34.653],[-93.0501,34.6492],[-93.0584,34.6492],[-93.0584,34.6455],[-93.0674,34.6457],[-93.0677,34.6387],[-93.0766,34.6387],[-93.0767,34.6244],[-93.1562,34.6254],[-93.1561,34.6689],[-93.1903,34.6689],[-93.1904,34.6545],[-93.2979,34.6571],[-93.2976,34.6494],[-93.299,34.6496],[-93.298,34.6491],[-93.2974,34.6409],[-93.2984,34.6288],[-93.3687,34.6282],[-93.3684,34.6572],[-93.3765,34.6571],[-93.3763,34.6644],[-93.3856,34.6644],[-93.3858,34.6571],[-93.4028,34.6571],[-93.4022,34.6852],[-93.3585,34.6851],[-93.3584,34.7734],[-93.2877,34.7732],[-93.27,34.772],[-93.0752,34.7719],[-93.0751,34.8013],[-93.0574,34.8011],[-93.0574,34.7867],[-93.0399,34.7866],[-93.0401,34.772],[-92.9693,34.7723],[-92.9698,34.7284],[-92.9515,34.728]]]}},{"type":"Feature","properties":{"leaid":"0508670","name":"Lakeside School District","kind":"Unified","gradeLow":"PK","gradeHigh":"12","state":"AR"},"geometry":{"type":"Polygon","coordinates":[[[-93.0289,34.4941],[-92.9856,34.4939],[-92.9855,34.4793],[-92.9768,34.4788],[-92.9766,34.486],[-92.9682,34.4856],[-92.9682,34.4928],[-92.9155,34.4914],[-92.9135,34.4484],[-92.9478,34.449],[-92.9468,34.4186],[-92.9481,34.3892],[-93.1225,34.3917],[-93.122,34.4062],[-93.1399,34.4066],[-93.1396,34.4186],[-93.1408,34.4176],[-93.1558,34.4177],[-93.1565,34.4222],[-93.1594,34.4242],[-93.1582,34.4256],[-93.1587,34.4291],[-93.1531,34.4265],[-93.1379,34.4278],[-93.1361,34.4292],[-93.136,34.4332],[-93.1285,34.4368],[-93.127,34.4363],[-93.1255,34.4329],[-93.1226,34.4333],[-93.121,34.4345],[-93.1213,34.4365],[-93.1245,34.4415],[-93.1272,34.4429],[-93.1271,34.4461],[-93.1259,34.4467],[-93.1151,34.4451],[-93.1074,34.4472],[-93.1028,34.4424],[-93.0952,34.4406],[-93.0895,34.4423],[-93.0888,34.4414],[-93.0717,34.4443],[-93.0732,34.443],[-93.0729,34.4413],[-93.0662,34.4364],[-93.0681,34.4334],[-93.0579,34.4379],[-93.0527,34.4429],[-93.0532,34.4481],[-93.0472,34.4507],[-93.0474,34.4527],[-93.0457,34.4534],[-93.0449,34.4583],[-93.0469,34.461],[-93.0447,34.4613],[-93.0422,34.4655],[-93.0441,34.4688],[-93.0467,34.4704],[-93.0457,34.4796],[-93.0378,34.4797],[-93.0377,34.4868],[-93.0288,34.4868],[-93.0289,34.4941]]]}},{"type":"Feature","properties":{"leaid":"0509360","name":"Lee County School District","kind":"Unified","gradeLow":"PK","gradeHigh":"12","state":"AR"},"geometry":{"type":"Polygon","coordinates":[[[-90.943,34.9068],[-90.7475,34.9052],[-90.6042,34.9063],[-90.4085,34.904],[-90.4079,34.8266],[-90.4387,34.8252],[-90.4497,34.8399],[-90.4356,34.8563],[-90.4294,34.8664],[-90.4307,34.8725],[-90.4386,34.8846],[-90.4516,34.8904],[-90.4636,34.8916],[-90.4776,34.8848],[-90.4809,34.8816],[-90.4843,34.8753],[-90.4849,34.8671],[-90.4829,34.8593],[-90.4747,34.8502],[-90.4623,34.8331],[-90.4554,34.8208],[-90.4634,34.817],[-90.4704,34.8116],[-90.4762,34.8005],[-90.4766,34.794],[-90.4704,34.7809],[-90.4507,34.7521],[-90.4481,34.7431],[-90.4495,34.7378],[-90.4573,34.7313],[-90.465,34.7273],[-90.475,34.7239],[-90.4917,34.7214],[-90.5,34.7217],[-90.5083,34.7236],[-90.5242,34.7314],[-90.5097,34.7478],[-90.4941,34.7576],[-90.4925,34.7647],[-90.4928,34.7725],[-90.5031,34.7833],[-90.5114,34.79],[-90.5111,34.7983],[-90.5211,34.8019],[-90.5333,34.8],[-90.5408,34.7958],[-90.5442,34.7917],[-90.5478,34.7833],[-90.5452,34.7706],[-90.5394,34.7553],[-90.5456,34.7389],[-90.5583,34.7392],[-90.5636,34.7378],[-90.5678,34.7333],[-90.5686,34.7214],[-90.5719,34.7128],[-90.5594,34.7108],[-90.55,34.7039],[-90.5333,34.6964],[-90.5167,34.6956],[-90.4833,34.7042],[-90.4742,34.7053],[-90.4688,34.7022],[-90.4646,34.6955],[-90.4628,34.6864],[-90.4641,34.6788],[-90.4682,34.6708],[-90.4815,34.658],[-90.4999,34.645],[-90.5074,34.6372],[-90.5194,34.6299],[-90.532,34.6273],[-90.545,34.6301],[-90.5493,34.6336],[-90.5537,34.6398],[-90.5549,34.6467],[-90.553,34.6584],[-90.5404,34.6759],[-90.5399,34.6781],[-90.5419,34.6839],[-90.5453,34.6881],[-90.5579,34.6939],[-90.5701,34.6934],[-90.5677,34.6791],[-90.5684,34.6689],[-90.5832,34.652],[-90.5874,34.6414],[-91.052,34.6457],[-91.0495,34.7342],[-91.1025,34.7349],[-91.0992,34.9116],[-91.0464,34.912],[-90.943,34.9068]]]}},{"type":"Feature","properties":{"leaid":"0507990","name":"Hoxie School District","kind":"Unified","gradeLow":"PK","gradeHigh":"12","state":"AR"},"geometry":{"type":"Polygon","coordinates":[[[-90.8548,35.9972],[-90.8536,35.9958],[-90.8576,35.9934],[-90.8583,35.9961],[-90.86,35.9957],[-90.8582,35.9904],[-90.8544,35.9905],[-90.8495,35.9879],[-90.8461,35.9885],[-90.8452,35.9867],[-90.8471,35.9858],[-90.8474,35.9839],[-90.8423,35.9832],[-90.8411,35.98],[-90.8425,35.9779],[-90.8464,35.979],[-90.8487,35.978],[-90.8478,35.9756],[-90.8452,35.9752],[-90.8448,35.9763],[-90.8437,35.9738],[-90.847,35.9731],[-90.847,35.9717],[-90.849,35.9726],[-90.8519,35.9712],[-90.8519,35.9677],[-90.8505,35.9659],[-90.8511,35.9638],[-90.8551,35.9622],[-90.8545,35.9591],[-90.8577,35.9601],[-90.858,35.9579],[-90.8602,35.9576],[-90.8615,35.9556],[-90.8611,35.9538],[-90.8584,35.9543],[-90.8566,35.9506],[-90.8607,35.9485],[-90.8627,35.95],[-90.8641,35.9487],[-90.8646,35.9457],[-90.862,35.9462],[-90.8604,35.945],[-90.8606,35.9421],[-90.8659,35.9412],[-90.8627,35.9388],[-90.8807,35.9395],[-90.8805,35.954],[-90.8936,35.9543],[-90.8933,35.9615],[-90.9024,35.962],[-90.9019,35.9695],[-90.9417,35.971],[-90.9419,35.9674],[-90.9504,35.9674],[-90.9497,35.9642],[-90.9448,35.96],[-90.9429,35.9537],[-90.9439,35.95],[-90.9515,35.9437],[-91.0312,35.944],[-91.0319,35.9144],[-91.0669,35.9159],[-91.0666,35.9305],[-91.0976,35.9316],[-91.1203,35.9349],[-91.12,35.9494],[-91.2025,35.9507],[-91.2034,35.9521],[-91.2002,35.9583],[-91.1947,35.9584],[-91.1921,35.9602],[-91.193,35.9684],[-91.1864,35.9667],[-91.1852,35.968],[-91.1858,35.9722],[-91.177,35.9728],[-91.1714,35.9766],[-91.1653,35.977],[-91.1635,35.9784],[-91.1614,35.9899],[-91.1641,35.9905],[-91.1685,35.9883],[-91.171,35.9885],[-91.1724,35.9943],[-91.17,35.9984],[-91.164,35.9997],[-91.1607,35.9969],[-91.1576,35.9964],[-91.1466,36.0008],[-91.1399,35.9945],[-91.1287,35.995],[-91.1266,35.9966],[-91.1266,35.9987],[-91.1316,36.0029],[-91.1329,36.0065],[-91.132,36.0079],[-91.1307,36.008],[-91.1236,36.0022],[-91.1151,36.0041],[-91.1147,36.0061],[-91.1215,36.0109],[-91.1216,36.016],[-91.1275,36.0177],[-91.1291,36.0196],[-91.1271,36.0239],[-91.1279,36.0305],[-91.1267,36.0328],[-91.1207,36.026],[-91.1142,36.0279],[-91.1081,36.0243],[-91.104,36.0255],[-91.1028,36.0271],[-91.104,36.0348],[-91.1082,36.038],[-91.1096,36.0411],[-91.118,36.0436],[-91.1193,36.0456],[-91.119,36.0476],[-91.1152,36.0509],[-91.1097,36.0501],[-91.1044,36.0461],[-91.1034,36.0478],[-91.1061,36.0533],[-91.1146,36.0583],[-91.1168,36.061],[-91.1175,36.0788],[-91.0285,36.077],[-91.0286,36.0697],[-90.9941,36.0684],[-90.9941,36.061],[-90.9219,36.0586],[-90.9224,36.0282],[-90.8876,36.0274],[-90.8882,35.9967],[-90.8709,35.9849],[-90.8707,35.9977],[-90.8548,35.9972]]]}},{"type":"Feature","properties":{"leaid":"0508040","name":"West Memphis School District","kind":"Unified","gradeLow":"PK","gradeHigh":"12","state":"AR"},"geometry":{"type":"Polygon","coordinates":[[[-90.076,35.1283],[-90.0856,35.1216],[-90.0978,35.1187],[-90.1097,35.121],[-90.1273,35.1295],[-90.1387,35.1315],[-90.156,35.1276],[-90.1674,35.1215],[-90.174,35.1143],[-90.1878,35.0732],[-90.1822,35.0717],[-90.1793,35.0678],[-90.1795,35.0632],[-90.1826,35.0556],[-90.1805,35.0556],[-90.1812,35.0539],[-90.1912,35.0402],[-90.207,35.0258],[-90.2144,35.0257],[-90.2378,35.0323],[-90.2518,35.0316],[-90.2567,35.0351],[-90.2617,35.0362],[-90.2655,35.0406],[-90.2903,35.0416],[-90.2966,35.0387],[-90.3006,35.0273],[-90.3056,35.0196],[-90.3061,35.0153],[-90.3051,35.0138],[-90.3086,35.0106],[-90.3102,35.007],[-90.3103,35.0018],[-90.3078,34.9929],[-90.3013,34.982],[-90.2952,34.9756],[-90.2683,34.9574],[-90.2482,34.9502],[-90.2452,34.9479],[-90.2432,34.9423],[-90.2413,34.919],[-90.2432,34.9091],[-90.2465,34.9034],[-90.2503,34.8988],[-90.2579,34.8934],[-90.2727,34.8864],[-90.2908,34.883],[-90.3077,34.8765],[-90.3177,34.8711],[-90.3151,34.8641],[-90.3058,34.8617],[-90.3027,34.8569],[-90.3046,34.8494],[-90.3107,34.8445],[-90.3167,34.8445],[-90.3229,34.8463],[-90.331,34.8514],[-90.3384,34.8585],[-90.3669,34.8403],[-90.3894,34.8307],[-90.4079,34.8266],[-90.4085,34.904],[-90.6196,34.9063],[-90.626,34.9216],[-90.626,34.929],[-90.6331,34.9285],[-90.6354,34.93],[-90.6352,34.9381],[-90.6308,34.9432],[-90.6273,34.9502],[-90.6241,34.9516],[-90.6063,34.953],[-90.5981,34.9596],[-90.5938,34.9787],[-90.5953,34.9849],[-90.6024,34.9906],[-90.6026,34.9924],[-90.6054,34.9927],[-90.6109,34.9906],[-90.6148,34.9872],[-90.6141,34.979],[-90.6159,34.9746],[-90.6195,34.9726],[-90.6233,34.9729],[-90.6254,34.9751],[-90.6251,34.9777],[-90.6203,34.9814],[-90.6192,34.9846],[-90.6206,34.9865],[-90.626,34.9891],[-90.6272,34.9934],[-90.5501,34.9923],[-90.5499,35.0658],[-90.5133,35.0652],[-90.5132,35.0852],[-90.5041,35.0852],[-90.503,35.1442],[-90.4712,35.1447],[-90.4005,35.1483],[-90.2928,35.1474],[-90.2926,35.162],[-90.2233,35.1608],[-90.1832,35.1614],[-90.1655,35.1602],[-90.1333,35.1608],[-90.1317,35.1572],[-90.1318,35.1463],[-90.103,35.146],[-90.0939,35.1424],[-90.076,35.1283]]]}},{"type":"Feature","properties":{"leaid":"0508490","name":"Kirby School District","kind":"Unified","gradeLow":"PK","gradeHigh":"12","state":"AR"},"geometry":{"type":"Polygon","coordinates":[[[-93.5718,34.3434],[-93.5737,34.3401],[-93.573,34.3362],[-93.5691,34.3342],[-93.5668,34.3314],[-93.5678,34.2843],[-93.5329,34.2835],[-93.533,34.2689],[-93.5157,34.2685],[-93.5158,34.2539],[-93.5015,34.2537],[-93.5022,34.2141],[-93.4894,34.2119],[-93.4915,34.2096],[-93.4898,34.2077],[-93.4878,34.2094],[-93.4778,34.2095],[-93.4709,34.2069],[-93.4673,34.2073],[-93.4635,34.2051],[-93.4617,34.2058],[-93.4602,34.2104],[-93.4582,34.2123],[-93.4502,34.2052],[-93.4484,34.2074],[-93.4432,34.2086],[-93.4424,34.2063],[-93.4476,34.2029],[-93.4493,34.1981],[-93.4538,34.1965],[-93.4604,34.1905],[-93.4485,34.1802],[-93.4548,34.177],[-93.4491,34.1752],[-93.6083,34.1776],[-93.6082,34.1917],[-93.65,34.1928],[-93.6528,34.1961],[-93.6524,34.2075],[-93.6768,34.2082],[-93.7322,34.2087],[-93.7333,34.2074],[-93.7338,34.1805],[-93.7688,34.182],[-93.7677,34.2325],[-93.7854,34.2334],[-93.7855,34.2402],[-93.803,34.2414],[-93.8029,34.2601],[-93.8108,34.2601],[-93.8106,34.2746],[-93.7802,34.274],[-93.7796,34.2884],[-93.8328,34.2894],[-93.8334,34.261],[-93.8811,34.2619],[-93.8807,34.2979],[-93.8805,34.2999],[-93.8786,34.3014],[-93.8807,34.307],[-93.9362,34.3083],[-93.9354,34.3502],[-93.8315,34.3475],[-93.7426,34.3481],[-93.6718,34.3452],[-93.5718,34.3434]]]}},{"type":"Feature","properties":{"leaid":"0508640","name":"Lakeside School District","kind":"Unified","gradeLow":"PK","gradeHigh":"12","state":"AR"},"geometry":{"type":"Polygon","coordinates":[[[-91.1177,33.4576],[-91.1169,33.452],[-91.1185,33.4469],[-91.1281,33.4368],[-91.1327,33.4296],[-91.1381,33.4272],[-91.1458,33.4276],[-91.1539,33.4254],[-91.1753,33.4171],[-91.1791,33.4172],[-91.1846,33.4194],[-91.1917,33.4178],[-91.2,33.4181],[-91.2067,33.4124],[-91.2094,33.4054],[-91.208,33.4017],[-91.2041,33.3983],[-91.1909,33.3896],[-91.1797,33.3839],[-91.168,33.38],[-91.152,33.3787],[-91.1436,33.3795],[-91.1172,33.3908],[-91.0997,33.407],[-91.0964,33.4126],[-91.0952,33.418],[-91.0951,33.4242],[-91.0976,33.4327],[-91.0965,33.4379],[-91.0913,33.4468],[-91.087,33.4513],[-91.0793,33.4551],[-91.0691,33.4557],[-91.0604,33.4508],[-91.0581,33.4469],[-91.0581,33.429],[-91.0647,33.4182],[-91.0787,33.4034],[-91.0917,33.3958],[-91.1032,33.3856],[-91.1208,33.3633],[-91.1405,33.3514],[-91.1422,33.349],[-91.1409,33.3361],[-91.1436,33.3281],[-91.1414,33.3152],[-91.1414,33.2988],[-91.1308,33.2851],[-91.1255,33.2801],[-91.1257,33.2737],[-91.1281,33.2686],[-91.1177,33.2612],[-91.1112,33.2469],[-91.1058,33.2415],[-91.1012,33.2384],[-91.0985,33.2387],[-91.0947,33.2505],[-91.0905,33.2567],[-91.0856,33.275],[-91.083,33.2794],[-91.078,33.2836],[-91.0665,33.2872],[-91.0552,33.2863],[-91.0475,33.2822],[-91.0439,33.2758],[-91.0446,33.2672],[-91.0505,33.2512],[-91.055,33.245],[-91.064,33.2374],[-91.0656,33.2332],[-91.0695,33.2325],[-91.0711,33.2297],[-91.0708,33.2274],[-91.0784,33.2273],[-91.0797,33.2233],[-91.0826,33.2218],[-91.1003,33.2194],[-91.0829,33.1883],[-91.0804,33.1801],[-91.081,33.1578],[-91.086,33.1363],[-91.1027,33.1304],[-91.1339,33.1291],[-91.1505,33.1309],[-91.1532,33.1352],[-91.1631,33.1422],[-91.1832,33.1418],[-91.1924,33.1373],[-91.1988,33.1298],[-91.202,33.1231],[-91.2014,33.1091],[-91.1995,33.1064],[-91.1816,33.0988],[-91.1729,33.0886],[-91.1502,33.0821],[-91.1246,33.0642],[-91.1212,33.0592],[-91.1203,33.0549],[-91.1234,33.0496],[-91.1237,33.0454],[-91.1261,33.0413],[-91.1252,33.039],[-91.127,33.0358],[-91.1369,33.0289],[-91.1499,33.0262],[-91.1608,33.0208],[-91.1662,33.0113],[-91.1659,33.0043],[-91.4604,33.0062],[-91.4604,33.1702],[-91.3896,33.169],[-91.3899,33.2416],[-91.4266,33.2421],[-91.4264,33.2571],[-91.4602,33.2574],[-91.46,33.2719],[-91.5526,33.2742],[-91.5501,33.2814],[-91.5436,33.2805],[-91.5407,33.282],[-91.5473,33.2984],[-91.552,33.302],[-91.554,33.2981],[-91.5531,33.2947],[-91.5563,33.2919],[-91.5601,33.2917],[-91.5626,33.2997],[-91.5658,33.3035],[-91.5687,33.3107],[-91.5733,33.314],[-91.5772,33.3145],[-91.577,33.3156],[-91.5635,33.325],[-91.5627,33.3289],[-91.5636,33.3305],[-91.5624,33.3324],[-91.4587,33.3306],[-91.4574,33.3892],[-91.4054,33.3886],[-91.4039,33.4326],[-91.3531,33.4309],[-91.3519,33.4758],[-91.3155,33.4755],[-91.3155,33.4611],[-91.2811,33.4609],[-91.2813,33.4463],[-91.2483,33.4461],[-91.2484,33.4438],[-91.2335,33.4435],[-91.2358,33.4397],[-91.2316,33.4377],[-91.2163,33.4344],[-91.2065,33.4339],[-91.1819,33.4407],[-91.1769,33.4441],[-91.1697,33.4521],[-91.172,33.4626],[-91.176,33.473],[-91.1775,33.4835],[-91.1764,33.4891],[-91.1725,33.4962],[-91.1703,33.4979],[-91.1658,33.4984],[-91.1461,33.4905],[-91.1309,33.4806],[-91.1224,33.4698],[-91.1177,33.4576]]]}},{"type":"Feature","properties":{"leaid":"0509000","name":"Little Rock School District","kind":"Unified","gradeLow":"PK","gradeHigh":"12","state":"AR"},"geometry":{"type":"Polygon","coordinates":[[[-92.3432,34.7888],[-92.3217,34.7884],[-92.3109,34.7854],[-92.3083,34.7826],[-92.2969,34.7616],[-92.2902,34.7565],[-92.2755,34.7518],[-92.2583,34.7484],[-92.2143,34.745],[-92.1996,34.7406],[-92.1877,34.7326],[-92.1789,34.7229],[-92.18,34.7213],[-92.1754,34.7186],[-92.1616,34.7142],[-92.1576,34.7098],[-92.1554,34.705],[-92.1618,34.7064],[-92.1737,34.7066],[-92.1715,34.7031],[-92.1766,34.7033],[-92.1768,34.6996],[-92.1899,34.6999],[-92.1901,34.6975],[-92.1943,34.6978],[-92.1941,34.7036],[-92.2116,34.7038],[-92.2115,34.705],[-92.2132,34.705],[-92.2204,34.7025],[-92.2204,34.704],[-92.2216,34.704],[-92.2212,34.7126],[-92.2234,34.7143],[-92.2257,34.7144],[-92.2247,34.7178],[-92.2395,34.7183],[-92.2453,34.7171],[-92.2457,34.7085],[-92.2536,34.7087],[-92.2543,34.7109],[-92.2808,34.7125],[-92.2811,34.708],[-92.2943,34.7043],[-92.294,34.7105],[-92.2898,34.7104],[-92.2898,34.7122],[-92.2983,34.7124],[-92.2982,34.7143],[-92.3035,34.7146],[-92.3034,34.7182],[-92.3288,34.7193],[-92.3289,34.7157],[-92.3378,34.7161],[-92.338,34.7088],[-92.3291,34.7084],[-92.3293,34.7048],[-92.3248,34.7046],[-92.3248,34.7009],[-92.3181,34.7006],[-92.318,34.7016],[-92.3159,34.7015],[-92.3159,34.7005],[-92.3072,34.7001],[-92.3071,34.7038],[-92.2961,34.7031],[-92.3016,34.6961],[-92.303,34.6962],[-92.3034,34.6889],[-92.2977,34.6884],[-92.3082,34.663],[-92.3109,34.6597],[-92.3157,34.6574],[-92.3239,34.6564],[-92.3733,34.6298],[-92.38,34.6292],[-92.3845,34.6263],[-92.443,34.6269],[-92.4381,34.6312],[-92.4435,34.6356],[-92.4448,34.6345],[-92.4433,34.672],[-92.423,34.6715],[-92.4228,34.6787],[-92.4141,34.6785],[-92.4123,34.7074],[-92.4139,34.711],[-92.413,34.711],[-92.412,34.7357],[-92.4295,34.7369],[-92.4291,34.7497],[-92.4357,34.7498],[-92.4356,34.7514],[-92.4379,34.7518],[-92.4378,34.7573],[-92.441,34.7563],[-92.4444,34.7573],[-92.4443,34.7592],[-92.4379,34.759],[-92.4371,34.7881],[-92.4561,34.7885],[-92.4557,34.8032],[-92.4591,34.8035],[-92.465,34.8071],[-92.4712,34.8088],[-92.4707,34.8151],[-92.4651,34.8151],[-92.4649,34.8183],[-92.4545,34.8145],[-92.449,34.8106],[-92.44,34.8154],[-92.4356,34.8135],[-92.425,34.8149],[-92.4236,34.8122],[-92.4187,34.8123],[-92.4169,34.8099],[-92.413,34.8091],[-92.4086,34.8062],[-92.3939,34.8016],[-92.3975,34.806],[-92.3934,34.8128],[-92.3941,34.8157],[-92.3889,34.8154],[-92.3864,34.8141],[-92.3832,34.8109],[-92.3844,34.8109],[-92.3873,34.8143],[-92.3879,34.8146],[-92.3867,34.8113],[-92.3881,34.8109],[-92.3876,34.809],[-92.3809,34.8006],[-92.3813,34.799],[-92.3664,34.7959],[-92.3562,34.791],[-92.3432,34.7888]]]}},{"type":"Feature","properties":{"leaid":"0509190","name":"Magnet Cove School District","kind":"Unified","gradeLow":"PK","gradeHigh":"12","state":"AR"},"geometry":{"type":"Polygon","coordinates":[[[-92.7756,34.5038],[-92.7759,34.4883],[-92.7936,34.4883],[-92.7944,34.4594],[-92.7769,34.4597],[-92.7767,34.4448],[-92.8121,34.4442],[-92.8111,34.4156],[-92.8606,34.4148],[-92.8601,34.4033],[-92.8777,34.4036],[-92.8773,34.4176],[-92.9118,34.4183],[-92.913,34.4332],[-92.9214,34.4331],[-92.9214,34.4485],[-92.9135,34.4484],[-92.9155,34.4917],[-92.9151,34.5061],[-92.88,34.5056],[-92.8794,34.5199],[-92.862,34.519],[-92.8616,34.5263],[-92.8275,34.5257],[-92.8278,34.5184],[-92.7928,34.5184],[-92.7932,34.5036],[-92.7756,34.5038]]]}},{"type":"Feature","properties":{"leaid":"0509240","name":"Malvern Special School District","kind":"Unified","gradeLow":"PK","gradeHigh":"12","state":"AR"},"geometry":{"type":"MultiPolygon","coordinates":[[[[-92.3976,33.9936],[-92.3979,33.99],[-92.4022,33.9901],[-92.4023,33.9865],[-92.398,33.9861],[-92.3985,33.9792],[-92.4029,33.9792],[-92.4034,33.9719],[-92.3808,33.9718],[-92.382,33.9647],[-92.4127,33.9649],[-92.4109,33.9902],[-92.4155,33.9904],[-92.4152,33.9941],[-92.3976,33.9936]]],[[[-92.9222,34.4485],[-92.9214,34.4331],[-92.913,34.4332],[-92.9118,34.4183],[-92.8773,34.4176],[-92.8777,34.4036],[-92.8601,34.4033],[-92.8606,34.4148],[-92.8111,34.4156],[-92.8121,34.4442],[-92.7767,34.4448],[-92.7767,34.4306],[-92.7568,34.4304],[-92.7566,34.4159],[-92.7581,34.4159],[-92.7598,34.31],[-92.752,34.3099],[-92.752,34.313],[-92.6717,34.3124],[-92.6733,34.2394],[-92.676,34.2394],[-92.6784,34.1496],[-92.5205,34.1459],[-92.4936,34.1443],[-92.4925,34.1436],[-92.4936,34.1432],[-92.4934,34.1415],[-92.492,34.1412],[-92.4933,34.1392],[-92.4922,34.1375],[-92.4929,34.1362],[-92.491,34.1351],[-92.4923,34.1337],[-92.4913,34.1327],[-92.4885,34.1328],[-92.4891,34.1341],[-92.4882,34.1346],[-92.4833,34.1329],[-92.4811,34.1338],[-92.4793,34.1323],[-92.4759,34.1356],[-92.4762,34.1317],[-92.4743,34.1343],[-92.4723,34.1337],[-92.472,34.135],[-92.4671,34.1338],[-92.4695,34.1359],[-92.4687,34.1374],[-92.465,34.1345],[-92.4647,34.1331],[-92.4608,34.1331],[-92.4606,34.1316],[-92.4585,34.1307],[-92.4568,34.1323],[-92.4563,34.1312],[-92.459,34.1285],[-92.4581,34.1267],[-92.4526,34.128],[-92.453,34.1271],[-92.4511,34.1268],[-92.4488,34.1232],[-92.4461,34.1252],[-92.4421,34.1235],[-92.4413,34.1262],[-92.443,34.1261],[-92.4425,34.1269],[-92.4389,34.1254],[-92.4361,34.127],[-92.4354,34.1254],[-92.4314,34.1264],[-92.4315,34.1242],[-92.4293,34.1251],[-92.4277,34.1241],[-92.427,34.1254],[-92.4253,34.1217],[-92.4206,34.1204],[-92.4122,34.113],[-92.4105,34.1158],[-92.4083,34.1135],[-92.4059,34.1157],[-92.4035,34.1102],[-92.4004,34.1095],[-92.4042,34.1076],[-92.4042,34.1091],[-92.4055,34.1085],[-92.4031,34.1044],[-92.4002,34.1044],[-92.3977,34.1061],[-92.3964,34.1039],[-92.3939,34.1043],[-92.3929,34.102],[-92.3908,34.1026],[-92.388,34.0989],[-92.3891,34.0973],[-92.3883,34.0949],[-92.3859,34.0939],[-92.3855,34.0959],[-92.3838,34.0965],[-92.3812,34.0915],[-92.3777,34.0897],[-92.3789,34.0874],[-92.3749,34.0864],[-92.3732,34.08],[-92.3704,34.0769],[-92.3725,34.0757],[-92.3744,34.0765],[-92.3743,34.075],[-92.3555,34.0672],[-92.3533,34.0679],[-92.355,34.0701],[-92.3541,34.0717],[-92.3493,34.0688],[-92.3488,34.0707],[-92.3476,34.0707],[-92.3451,34.0675],[-92.3459,34.0655],[-92.3416,34.0649],[-92.3399,34.0662],[-92.3371,34.064],[-92.3367,34.0595],[-92.3817,34.0587],[-92.3826,34.0368],[-92.4724,34.0381],[-92.4764,33.9568],[-92.5283,33.9578],[-92.5278,33.9728],[-92.5445,33.9735],[-92.5431,34.0303],[-92.5775,34.031],[-92.5788,34.0032],[-92.6047,34.004],[-92.604,34.018],[-92.6127,34.0183],[-92.6124,34.0257],[-92.647,34.0269],[-92.6473,34.0195],[-92.6825,34.0205],[-92.6814,34.0494],[-92.7509,34.0508],[-92.7516,34.0364],[-92.7338,34.0358],[-92.7343,34.0217],[-92.769,34.0224],[-92.7686,34.0366],[-92.7876,34.0373],[-92.7857,34.0798],[-92.8376,34.0809],[-92.8348,34.1537],[-92.8179,34.1519],[-92.8162,34.1958],[-92.8333,34.1967],[-92.8326,34.2252],[-92.8664,34.2273],[-92.8651,34.2418],[-92.8842,34.2421],[-92.8836,34.257],[-92.8909,34.2569],[-92.8965,34.2508],[-92.9074,34.246],[-92.9193,34.2461],[-92.9182,34.2718],[-92.9352,34.2711],[-93.0229,34.2739],[-93.0209,34.3324],[-92.951,34.3317],[-92.9497,34.3604],[-92.9318,34.36],[-92.9306,34.3891],[-92.9481,34.3893],[-92.9468,34.4186],[-92.9478,34.449],[-92.9222,34.4485]]]]}},{"type":"Feature","properties":{"leaid":"0509480","name":"Searcy County School District","kind":"Unified","gradeLow":"PK","gradeHigh":"12","state":"AR"},"geometry":{"type":"Polygon","coordinates":[[[-92.4808,36.1209],[-92.4831,36.064],[-92.4115,36.0628],[-92.4171,35.889],[-92.4147,35.8889],[-92.4148,35.8838],[-92.4167,35.8838],[-92.4167,35.8852],[-92.4178,35.8852],[-92.4178,35.8828],[-92.4148,35.8828],[-92.4151,35.8683],[-92.4238,35.8684],[-92.4242,35.8607],[-92.4242,35.8596],[-92.4153,35.8596],[-92.4168,35.7886],[-92.5585,35.79],[-92.5591,35.7608],[-92.5861,35.761],[-92.5863,35.7466],[-92.5952,35.7467],[-92.5954,35.7393],[-92.613,35.7395],[-92.613,35.7432],[-92.6307,35.7435],[-92.6314,35.7184],[-92.6494,35.719],[-92.6496,35.7042],[-92.685,35.7049],[-92.6859,35.6766],[-92.8108,35.6792],[-92.8097,35.7224],[-92.7918,35.7222],[-92.7918,35.7366],[-92.8001,35.7368],[-92.7999,35.7514],[-92.8087,35.7515],[-92.8092,35.7369],[-92.8452,35.7376],[-92.8456,35.7231],[-92.9514,35.7246],[-92.9495,35.813],[-92.9465,35.8129],[-92.942,35.942],[-92.8753,35.9404],[-92.8745,35.9747],[-92.8688,35.9746],[-92.8688,35.9695],[-92.8126,35.9675],[-92.8129,35.9534],[-92.7951,35.9531],[-92.7955,35.9383],[-92.7865,35.9381],[-92.7866,35.9302],[-92.7507,35.9298],[-92.7511,35.9231],[-92.7337,35.9229],[-92.7337,35.9201],[-92.7158,35.9199],[-92.7159,35.9118],[-92.6982,35.9116],[-92.6969,35.9658],[-92.7104,35.9658],[-92.7096,35.98],[-92.6956,35.9801],[-92.6952,35.9951],[-92.6998,35.9952],[-92.6998,35.9972],[-92.6938,35.9974],[-92.6897,35.9996],[-92.687,36.0032],[-92.6824,36.0055],[-92.682,36.0093],[-92.6735,36.007],[-92.6602,36.0115],[-92.6587,36.0155],[-92.6597,36.0184],[-92.6622,36.0206],[-92.6684,36.0221],[-92.6684,36.0238],[-92.6416,36.0229],[-92.64,36.0196],[-92.64,36.015],[-92.6372,36.0119],[-92.6304,36.0129],[-92.6213,36.0192],[-92.6198,36.0209],[-92.6211,36.0233],[-92.5897,36.0228],[-92.5897,36.0082],[-92.5563,36.0077],[-92.5556,36.03],[-92.5623,36.0301],[-92.5621,36.0349],[-92.5732,36.0352],[-92.5729,36.0436],[-92.5817,36.0438],[-92.5814,36.0654],[-92.5189,36.0645],[-92.5184,36.0787],[-92.5363,36.0792],[-92.5359,36.0933],[-92.5534,36.0937],[-92.5529,36.1079],[-92.5176,36.1072],[-92.5168,36.1214],[-92.4808,36.1209]],[[-92.4188,35.8852],[-92.4206,35.8852],[-92.4206,35.8845],[-92.4188,35.8839],[-92.4188,35.8852]],[[-92.4506,35.8829],[-92.4507,35.8714],[-92.4247,35.8719],[-92.4248,35.8757],[-92.4284,35.8759],[-92.4285,35.8792],[-92.436,35.8791],[-92.4361,35.8827],[-92.4506,35.8829]]]}},{"type":"Feature","properties":{"leaid":"0509570","name":"Maynard School District","kind":"Unified","gradeLow":"PK","gradeHigh":"12","state":"AR"},"geometry":{"type":"Polygon","coordinates":[[[-90.7845,36.4986],[-90.7823,36.4976],[-90.7775,36.4893],[-90.77,36.4874],[-90.7693,36.4852],[-90.7713,36.4811],[-90.7681,36.4769],[-90.769,36.4755],[-90.773,36.4748],[-90.7717,36.4671],[-90.774,36.464],[-90.7731,36.4599],[-90.7755,36.4528],[-90.7745,36.4467],[-90.7795,36.4378],[-90.7757,36.4343],[-90.7692,36.4342],[-90.7676,36.4326],[-90.7727,36.4303],[-90.7731,36.4278],[-90.7786,36.43],[-90.778,36.426],[-90.772,36.4243],[-90.767,36.4245],[-90.7646,36.4282],[-90.7627,36.4288],[-90.7615,36.4257],[-90.7561,36.4227],[-90.7571,36.4217],[-90.7612,36.4218],[-90.7615,36.4179],[-90.7654,36.4206],[-90.769,36.4201],[-90.7706,36.4134],[-90.7641,36.4143],[-90.7612,36.4129],[-90.8028,36.4123],[-90.8049,36.3436],[-90.8081,36.3367],[-90.8108,36.3382],[-90.8118,36.346],[-90.8129,36.347],[-90.8259,36.3429],[-90.8261,36.3406],[-90.8245,36.3396],[-90.8252,36.3387],[-90.8288,36.3405],[-90.8369,36.3415],[-90.839,36.3369],[-90.8428,36.339],[-90.8451,36.3388],[-90.8441,36.3393],[-90.9218,36.3406],[-90.9243,36.339],[-90.9227,36.3345],[-90.9246,36.3338],[-90.9236,36.3329],[-90.9242,36.3312],[-90.9273,36.3305],[-90.9289,36.3286],[-90.9297,36.3291],[-90.9282,36.3315],[-90.9326,36.3337],[-90.9311,36.3374],[-90.937,36.3393],[-90.9424,36.3394],[-90.9423,36.347],[-90.9413,36.3488],[-90.9683,36.3498],[-90.9691,36.3278],[-90.9917,36.3281],[-90.9914,36.3339],[-90.9871,36.334],[-90.9868,36.336],[-91.0047,36.3364],[-91.0046,36.3436],[-91.0222,36.3438],[-91.0217,36.3741],[-91.0663,36.3743],[-91.067,36.3551],[-91.0727,36.3562],[-91.0767,36.3544],[-91.0852,36.3531],[-91.0945,36.3538],[-91.0941,36.3723],[-91.0972,36.379],[-91.106,36.3894],[-91.1106,36.4003],[-91.1166,36.4074],[-91.1202,36.4182],[-91.1225,36.4202],[-91.1263,36.4186],[-91.1386,36.4186],[-91.1396,36.4229],[-91.1379,36.4258],[-91.1393,36.4282],[-91.1375,36.4324],[-91.1398,36.4367],[-91.1473,36.4414],[-91.1488,36.4389],[-91.1481,36.4353],[-91.1504,36.4348],[-91.1575,36.4379],[-91.1609,36.441],[-91.161,36.443],[-91.1574,36.4465],[-91.1583,36.4484],[-91.1612,36.4489],[-91.1704,36.4463],[-91.1768,36.4516],[-91.181,36.4525],[-91.1808,36.4551],[-91.1791,36.4568],[-91.1702,36.4559],[-91.1674,36.4569],[-91.1624,36.4608],[-91.1551,36.471],[-91.164,36.4841],[-91.1676,36.4828],[-91.1689,36.4857],[-91.1714,36.4872],[-91.1738,36.4932],[-91.1717,36.4952],[-91.1724,36.4975],[-90.7845,36.4986]]]}},{"type":"Feature","properties":{"leaid":"0511610","name":"Pocahontas School District","kind":"Unified","gradeLow":"PK","gradeHigh":"12","state":"AR"},"geometry":{"type":"Polygon","coordinates":[[[-91.1422,36.4187],[-91.1263,36.4186],[-91.1225,36.4202],[-91.1198,36.4177],[-91.1166,36.4074],[-91.1106,36.4003],[-91.106,36.3894],[-91.0972,36.379],[-91.0941,36.3723],[-91.0945,36.3538],[-91.0852,36.3531],[-91.0767,36.3544],[-91.0727,36.3562],[-91.067,36.3551],[-91.0663,36.3743],[-91.0217,36.3741],[-91.0222,36.3438],[-91.0046,36.3436],[-91.0047,36.3364],[-90.9868,36.336],[-90.9871,36.334],[-90.9914,36.3339],[-90.9917,36.3281],[-90.9691,36.3278],[-90.9683,36.3498],[-90.9413,36.3488],[-90.9423,36.347],[-90.9424,36.3394],[-90.937,36.3393],[-90.9311,36.3374],[-90.9326,36.3337],[-90.9282,36.3315],[-90.9297,36.3291],[-90.9289,36.3286],[-90.9273,36.3305],[-90.9242,36.3312],[-90.9236,36.3329],[-90.9246,36.3338],[-90.9227,36.3345],[-90.9243,36.339],[-90.9226,36.3406],[-90.8441,36.3393],[-90.8478,36.3362],[-90.8438,36.3327],[-90.8464,36.3287],[-90.8404,36.326],[-90.8403,36.3249],[-90.846,36.3215],[-90.8458,36.3186],[-90.8486,36.3139],[-90.8442,36.3091],[-90.8459,36.3085],[-90.8497,36.3103],[-90.8539,36.3061],[-90.8573,36.3049],[-90.8585,36.2986],[-90.8659,36.292],[-90.8654,36.2902],[-90.8614,36.2888],[-90.8611,36.2872],[-90.8677,36.2889],[-90.8706,36.2917],[-90.872,36.2907],[-90.8714,36.2841],[-90.8775,36.279],[-90.8734,36.2764],[-90.8769,36.2732],[-90.8834,36.2788],[-90.8858,36.2751],[-90.8893,36.2735],[-90.8906,36.2702],[-90.893,36.2703],[-90.8959,36.2752],[-90.8988,36.2752],[-90.9001,36.2714],[-90.8985,36.2687],[-90.9014,36.2664],[-90.899,36.2655],[-90.8958,36.2665],[-90.8952,36.2635],[-90.8981,36.2627],[-90.9047,36.2646],[-90.907,36.264],[-90.909,36.2612],[-90.9072,36.2584],[-90.9127,36.2567],[-90.9073,36.2541],[-90.9095,36.2524],[-90.9129,36.2532],[-90.9124,36.2504],[-90.909,36.2493],[-90.9059,36.2509],[-90.906,36.2483],[-90.9022,36.2484],[-90.9011,36.2453],[-90.8965,36.2465],[-90.8957,36.2454],[-90.8973,36.2419],[-90.8961,36.2414],[-90.8929,36.2466],[-90.8834,36.2515],[-90.8818,36.2503],[-90.882,36.2476],[-90.8789,36.2474],[-90.8807,36.2441],[-90.8777,36.2446],[-90.8807,36.2422],[-90.8781,36.24],[-90.8812,36.2385],[-90.881,36.2369],[-90.8789,36.2367],[-90.8768,36.239],[-90.8729,36.234],[-90.8719,36.2352],[-90.8729,36.239],[-90.87,36.2385],[-90.8713,36.2367],[-90.8707,36.2352],[-90.8684,36.2361],[-90.8671,36.2382],[-90.8644,36.2355],[-90.866,36.2346],[-90.8586,36.229],[-90.8594,36.2337],[-90.8573,36.2339],[-90.8585,36.2355],[-90.8556,36.2343],[-90.8561,36.2387],[-90.8512,36.239],[-90.8523,36.241],[-90.8516,36.2452],[-90.8503,36.2433],[-90.848,36.244],[-90.8463,36.243],[-90.8449,36.2463],[-90.8463,36.2493],[-90.8446,36.249],[-90.8437,36.2461],[-90.842,36.246],[-90.841,36.2473],[-90.843,36.2498],[-90.8414,36.2508],[-90.8357,36.2478],[-90.835,36.2486],[-90.8371,36.2511],[-90.8344,36.2508],[-90.8344,36.2546],[-90.8306,36.253],[-90.8307,36.2569],[-90.8295,36.2582],[-90.828,36.2585],[-90.8255,36.2561],[-90.8253,36.2584],[-90.8223,36.2594],[-90.8236,36.2624],[-90.8187,36.2648],[-90.8202,36.2661],[-90.8201,36.2691],[-90.8155,36.2751],[-90.818,36.2764],[-90.8175,36.279],[-90.8201,36.2812],[-90.8173,36.2816],[-90.8193,36.285],[-90.8145,36.2861],[-90.8142,36.288],[-90.8158,36.2903],[-90.8127,36.2924],[-90.8099,36.2928],[-90.8111,36.2904],[-90.8093,36.2888],[-90.8073,36.2907],[-90.8087,36.293],[-90.8048,36.2932],[-90.8043,36.2922],[-90.8066,36.2894],[-90.8091,36.1787],[-90.8432,36.1791],[-90.8432,36.1936],[-90.8815,36.1941],[-90.8824,36.1505],[-90.9511,36.1505],[-90.9573,36.1419],[-90.9652,36.1373],[-90.9747,36.1343],[-90.9744,36.1506],[-91.0549,36.1515],[-91.0657,36.1415],[-91.0624,36.1267],[-91.0639,36.1228],[-91.0638,36.1184],[-91.0732,36.1149],[-91.0787,36.1179],[-91.081,36.122],[-91.0752,36.1236],[-91.0718,36.1264],[-91.0788,36.1254],[-91.0814,36.1296],[-91.0856,36.1316],[-91.0862,36.1339],[-91.084,36.1387],[-91.0844,36.1437],[-91.0822,36.1479],[-91.0824,36.1546],[-91.0761,36.1548],[-91.0761,36.1567],[-91.0788,36.1582],[-91.0781,36.16],[-91.075,36.1608],[-91.0769,36.1642],[-91.0743,36.1632],[-91.0712,36.1642],[-91.0698,36.1695],[-91.0805,36.1764],[-91.0833,36.174],[-91.0902,36.1747],[-91.0959,36.1862],[-91.0926,36.1862],[-91.0887,36.1881],[-91.0851,36.1921],[-91.0868,36.1934],[-91.0864,36.1961],[-91.0825,36.1995],[-91.0841,36.2016],[-91.0834,36.2047],[-91.0798,36.2117],[-91.0801,36.2146],[-91.0834,36.2199],[-91.0822,36.2209],[-91.0835,36.2231],[-91.082,36.2265],[-91.0607,36.2263],[-91.06,36.2553],[-91.0689,36.2556],[-91.0686,36.2704],[-91.0776,36.2704],[-91.0772,36.2723],[-91.0798,36.2729],[-91.0806,36.2768],[-91.0831,36.278],[-91.0877,36.2845],[-91.0875,36.2882],[-91.09,36.2895],[-91.0956,36.2883],[-91.1003,36.2913],[-91.1047,36.2887],[-91.1094,36.2944],[-91.1104,36.298],[-91.1124,36.2995],[-91.1112,36.3023],[-91.1134,36.305],[-91.1132,36.3133],[-91.1173,36.3178],[-91.1174,36.3205],[-91.1197,36.3238],[-91.1219,36.3249],[-91.1207,36.3302],[-91.1218,36.3309],[-91.1224,36.3386],[-91.1294,36.3431],[-91.1351,36.3506],[-91.1377,36.3609],[-91.1427,36.3648],[-91.1485,36.3661],[-91.1478,36.3748],[-91.1839,36.3748],[-91.1837,36.3955],[-91.1779,36.3964],[-91.1734,36.4017],[-91.1655,36.4063],[-91.1556,36.4079],[-91.1469,36.4145],[-91.1454,36.4217],[-91.1422,36.4187]]]}},{"type":"Feature","properties":{"leaid":"0509600","name":"McCrory School District","kind":"Unified","gradeLow":"PK","gradeHigh":"12","state":"AR"},"geometry":{"type":"Polygon","coordinates":[[[-91.2517,35.3722],[-91.2516,35.3576],[-91.0585,35.3546],[-91.0582,35.3531],[-91.0531,35.3497],[-91.0519,35.3401],[-91.0555,35.3355],[-91.0559,35.3301],[-91.0649,35.3243],[-91.069,35.3184],[-91.0753,35.3161],[-91.0754,35.3106],[-91.0401,35.3103],[-91.0405,35.2661],[-91.0582,35.2664],[-91.0583,35.2511],[-91.0493,35.2514],[-91.0495,35.2369],[-91.0585,35.2368],[-91.059,35.2222],[-91.0411,35.2227],[-91.0438,35.104],[-91.1451,35.1044],[-91.1448,35.1187],[-91.1689,35.1191],[-91.1675,35.1217],[-91.1647,35.1235],[-91.1645,35.1252],[-91.1608,35.1276],[-91.1621,35.1311],[-91.161,35.133],[-91.1541,35.1349],[-91.1529,35.1381],[-91.1486,35.1405],[-91.15,35.1426],[-91.15,35.1477],[-91.2026,35.1492],[-91.2026,35.181],[-91.2534,35.1818],[-91.2527,35.2472],[-91.244,35.2472],[-91.2439,35.2811],[-91.2519,35.2812],[-91.2519,35.2772],[-91.2785,35.2775],[-91.2783,35.3032],[-91.2872,35.3031],[-91.2872,35.3056],[-91.2871,35.3107],[-91.2344,35.3093],[-91.2344,35.3275],[-91.2517,35.3277],[-91.2517,35.343],[-91.2694,35.3432],[-91.2695,35.3724],[-91.2517,35.3722]]]}},{"type":"Feature","properties":{"leaid":"0510680","name":"North Little Rock School District","kind":"Unified","gradeLow":"PK","gradeHigh":"12","state":"AR"},"geometry":{"type":"Polygon","coordinates":[[[-92.1958,34.7398],[-92.2143,34.745],[-92.2583,34.7484],[-92.2755,34.7518],[-92.2902,34.7565],[-92.2969,34.7616],[-92.3083,34.7826],[-92.3109,34.7854],[-92.3217,34.7884],[-92.3307,34.7887],[-92.3304,34.8099],[-92.3127,34.8095],[-92.3128,34.8058],[-92.3038,34.8056],[-92.3037,34.8132],[-92.2596,34.812],[-92.2596,34.8157],[-92.2555,34.8154],[-92.2549,34.8173],[-92.257,34.8194],[-92.2593,34.8191],[-92.2595,34.8179],[-92.2639,34.8194],[-92.263,34.822],[-92.2604,34.8209],[-92.26,34.8229],[-92.2589,34.8229],[-92.2602,34.8236],[-92.2601,34.8253],[-92.2584,34.8249],[-92.2583,34.8229],[-92.2569,34.8228],[-92.2568,34.8218],[-92.2508,34.8201],[-92.2508,34.8227],[-92.2541,34.8228],[-92.2552,34.8253],[-92.2529,34.8245],[-92.2535,34.8265],[-92.2463,34.8264],[-92.2463,34.83],[-92.2435,34.8295],[-92.2421,34.8276],[-92.2435,34.8263],[-92.2331,34.826],[-92.2328,34.8118],[-92.2247,34.8116],[-92.225,34.804],[-92.2124,34.8036],[-92.2295,34.7855],[-92.2345,34.7783],[-92.2351,34.7679],[-92.2171,34.7674],[-92.2167,34.782],[-92.199,34.7815],[-92.1986,34.7889],[-92.181,34.7884],[-92.1824,34.7401],[-92.1941,34.7445],[-92.1958,34.7398]]]}},{"type":"Feature","properties":{"leaid":"0509630","name":"McGehee School District","kind":"Unified","gradeLow":"PK","gradeHigh":"12","state":"AR"},"geometry":{"type":"Polygon","coordinates":[[[-91.1357,33.962],[-91.132,33.9605],[-91.1224,33.9616],[-91.1175,33.9597],[-91.1093,33.9454],[-91.1045,33.9406],[-91.0942,33.9422],[-91.079,33.9542],[-91.0209,33.9426],[-91.0146,33.9396],[-91.0108,33.9345],[-91.0103,33.9293],[-91.0126,33.924],[-91.0314,33.9014],[-91.0438,33.8905],[-91.0643,33.8776],[-91.0707,33.8717],[-91.0729,33.8667],[-91.073,33.8588],[-91.071,33.8478],[-91.0679,33.8404],[-91.0491,33.816],[-91.0319,33.8078],[-91.0078,33.8027],[-91.0001,33.7992],[-90.9922,33.7931],[-90.9896,33.7887],[-90.9887,33.7837],[-90.9913,33.7768],[-90.9949,33.7728],[-91.0015,33.7685],[-91.0123,33.7651],[-91.0201,33.7641],[-91.0297,33.766],[-91.0534,33.7783],[-91.0732,33.7748],[-91.1087,33.7717],[-91.1234,33.7819],[-91.1294,33.7837],[-91.1331,33.7833],[-91.139,33.778],[-91.1449,33.7683],[-91.1447,33.7637],[-91.1408,33.7606],[-91.141,33.7581],[-91.1449,33.7509],[-91.1436,33.7481],[-91.1469,33.7408],[-91.1488,33.7314],[-91.1298,33.712],[-91.1258,33.7089],[-91.1176,33.7053],[-91.1053,33.7047],[-91.0964,33.7058],[-91.0887,33.7078],[-91.0764,33.7139],[-91.0688,33.7161],[-91.0592,33.7145],[-91.0452,33.7047],[-91.0388,33.6965],[-91.0361,33.6894],[-91.0302,33.6876],[-91.0308,33.6799],[-91.0341,33.6734],[-91.0424,33.6694],[-91.0588,33.6666],[-91.079,33.6583],[-91.0907,33.6576],[-91.1034,33.662],[-91.1309,33.6749],[-91.1604,33.7066],[-91.1731,33.7021],[-91.2101,33.7005],[-91.2213,33.6959],[-91.228,33.6888],[-91.2307,33.6795],[-91.229,33.6713],[-91.2229,33.6636],[-91.2176,33.6593],[-91.2109,33.6566],[-91.1896,33.6549],[-91.1786,33.6523],[-91.16,33.6429],[-91.1365,33.6258],[-91.1294,33.612],[-91.1289,33.604],[-91.1321,33.5959],[-91.1385,33.5886],[-91.1532,33.5765],[-91.1652,33.57],[-91.1814,33.5672],[-91.2062,33.5694],[-91.2185,33.569],[-91.2284,33.5669],[-91.2341,33.5614],[-91.2424,33.5615],[-91.2426,33.5537],[-91.2448,33.5536],[-91.2458,33.5172],[-91.2805,33.5179],[-91.2787,33.5906],[-91.3488,33.5916],[-91.3496,33.5636],[-91.4535,33.5637],[-91.4526,33.6065],[-91.5405,33.6072],[-91.5402,33.6367],[-91.5224,33.6366],[-91.522,33.6661],[-91.5401,33.666],[-91.5393,33.695],[-91.538,33.7094],[-91.5202,33.7092],[-91.5192,33.7527],[-91.451,33.7515],[-91.4503,33.7805],[-91.3416,33.7821],[-91.3366,33.9128],[-91.389,33.9118],[-91.3883,33.9545],[-91.3533,33.9553],[-91.3533,33.9569],[-91.3478,33.9549],[-91.3324,33.958],[-91.3157,33.9587],[-91.3066,33.9608],[-91.2906,33.9687],[-91.2919,33.9585],[-91.2908,33.9556],[-91.2866,33.9502],[-91.2802,33.9452],[-91.2751,33.9421],[-91.2708,33.9415],[-91.2682,33.9427],[-91.2658,33.9472],[-91.2629,33.957],[-91.2566,33.9559],[-91.2511,33.9572],[-91.2394,33.9738],[-91.2353,33.9767],[-91.2306,33.9781],[-91.2307,33.9641],[-91.2322,33.9615],[-91.2368,33.9583],[-91.2395,33.9489],[-91.2365,33.9428],[-91.2321,33.9403],[-91.2286,33.9408],[-91.2224,33.9511],[-91.2162,33.9545],[-91.1973,33.9532],[-91.1785,33.9588],[-91.1702,33.9587],[-91.1643,33.9535],[-91.1617,33.9438],[-91.1732,33.9317],[-91.1742,33.9272],[-91.1711,33.923],[-91.1649,33.9212],[-91.1619,33.9227],[-91.1604,33.9272],[-91.155,33.9301],[-91.1446,33.9289],[-91.1366,33.9265],[-91.1371,33.9289],[-91.1394,33.931],[-91.1515,33.9373],[-91.1491,33.9434],[-91.1429,33.9443],[-91.1407,33.9466],[-91.1431,33.9489],[-91.1509,33.951],[-91.1522,33.9531],[-91.1491,33.9551],[-91.1392,33.9555],[-91.1363,33.9583],[-91.1357,33.962]]]}},{"type":"Feature","properties":{"leaid":"0509750","name":"Mena Public Schools","kind":"Unified","gradeLow":"PK","gradeHigh":"12","state":"AR"},"geometry":{"type":"Polygon","coordinates":[[[-93.9299,34.6801],[-93.9349,34.3932],[-94.1831,34.3976],[-94.1829,34.412],[-94.2003,34.4124],[-94.1991,34.4808],[-94.2914,34.484],[-94.292,34.444],[-94.3326,34.445],[-94.3325,34.4523],[-94.3444,34.4526],[-94.3444,34.46],[-94.3493,34.46],[-94.3494,34.467],[-94.3634,34.4672],[-94.3637,34.4566],[-94.3682,34.4567],[-94.3682,34.4529],[-94.3811,34.4532],[-94.3809,34.4639],[-94.3852,34.464],[-94.3858,34.4463],[-94.3905,34.4463],[-94.3898,34.4608],[-94.4294,34.4615],[-94.4319,34.4624],[-94.4299,34.4663],[-94.4311,34.4687],[-94.4326,34.4691],[-94.4384,34.4669],[-94.448,34.4655],[-94.4493,34.4629],[-94.455,34.4638],[-94.4574,34.4624],[-94.4624,34.4629],[-94.456,34.68],[-94.3894,34.6788],[-94.3897,34.6681],[-94.3762,34.668],[-94.3764,34.6644],[-94.2999,34.6617],[-94.3006,34.6472],[-94.3352,34.6485],[-94.3362,34.6232],[-94.3277,34.623],[-94.3277,34.619],[-94.2485,34.6163],[-94.2487,34.6054],[-94.24,34.6054],[-94.2398,34.6086],[-94.2354,34.6085],[-94.2354,34.6049],[-94.2399,34.605],[-94.24,34.6013],[-94.2445,34.6013],[-94.2446,34.5942],[-94.2224,34.5938],[-94.2225,34.5866],[-94.2137,34.5863],[-94.2138,34.5791],[-94.2051,34.5787],[-94.2058,34.5569],[-94.1969,34.5566],[-94.1965,34.5712],[-94.1789,34.5705],[-94.1789,34.5742],[-94.166,34.5737],[-94.1659,34.5774],[-94.1614,34.5772],[-94.161,34.5951],[-94.1565,34.5951],[-94.1564,34.5986],[-94.152,34.5985],[-94.1518,34.6059],[-94.143,34.6057],[-94.1429,34.6095],[-94.1376,34.6091],[-94.1375,34.6129],[-94.1244,34.6128],[-94.1244,34.62],[-94.1332,34.6202],[-94.1332,34.6273],[-94.1242,34.6273],[-94.124,34.6418],[-94.019,34.6399],[-94.0186,34.669],[-94.0355,34.6694],[-94.0352,34.6836],[-93.9299,34.6801]]]}},{"type":"Feature","properties":{"leaid":"0509780","name":"Mineral Springs School District","kind":"Unified","gradeLow":"PK","gradeHigh":"12","state":"AR"},"geometry":{"type":"Polygon","coordinates":[[[-93.7449,33.8488],[-93.7373,33.8507],[-93.7197,33.8481],[-93.7078,33.8306],[-93.7081,33.8133],[-93.7054,33.8025],[-93.7217,33.803],[-93.7223,33.7858],[-93.7048,33.7854],[-93.7058,33.759],[-93.7232,33.7593],[-93.7235,33.7447],[-93.7753,33.7462],[-93.7762,33.7169],[-93.7895,33.7172],[-93.7905,33.6881],[-93.7729,33.6876],[-93.7744,33.6444],[-93.9018,33.6473],[-93.9035,33.6517],[-93.9149,33.6582],[-93.9132,33.6632],[-93.919,33.6653],[-93.9241,33.6633],[-93.9318,33.6626],[-93.9325,33.6608],[-93.9298,33.6568],[-93.9305,33.6546],[-93.9378,33.648],[-93.9412,33.6479],[-93.944,33.6502],[-93.9467,33.6604],[-93.9546,33.6626],[-93.9634,33.6674],[-93.9677,33.6751],[-93.9673,33.6777],[-93.9631,33.6826],[-93.9634,33.6874],[-93.9606,33.6925],[-93.9612,33.6958],[-93.9664,33.7001],[-93.9667,33.7041],[-93.9632,33.7068],[-93.9551,33.7049],[-93.9522,33.7057],[-93.9512,33.7074],[-93.9518,33.7095],[-93.9561,33.7132],[-93.9513,33.7209],[-93.9536,33.7276],[-93.9568,33.7288],[-93.9595,33.7273],[-93.9578,33.7216],[-93.9589,33.7134],[-93.9615,33.7118],[-93.9647,33.7142],[-93.965,33.7192],[-93.9673,33.7219],[-93.9694,33.7278],[-93.9678,33.7319],[-93.9629,33.735],[-93.9641,33.7372],[-93.9675,33.7362],[-93.9687,33.7374],[-93.9697,33.7397],[-93.9682,33.7414],[-93.9646,33.7409],[-93.9617,33.7384],[-93.9592,33.7392],[-93.9588,33.7344],[-93.9561,33.7388],[-93.9527,33.7388],[-93.9537,33.7417],[-93.9553,33.7424],[-93.9545,33.7483],[-93.9572,33.7488],[-93.9568,33.7508],[-94.0236,33.7529],[-94.0237,33.7381],[-94.0448,33.7243],[-94.0522,33.7235],[-94.0584,33.7365],[-94.0575,33.7406],[-94.0625,33.7439],[-94.0585,33.746],[-94.0555,33.7529],[-94.0581,33.7561],[-94.06,33.764],[-94.0637,33.7691],[-94.063,33.7696],[-94.0687,33.774],[-94.0759,33.7761],[-94.0836,33.7748],[-94.0881,33.7791],[-94.0864,33.7832],[-94.0869,33.7854],[-94.0932,33.787],[-94.0918,33.8271],[-94.0746,33.8267],[-94.0738,33.8485],[-94.0737,33.8558],[-94.0911,33.8564],[-94.0908,33.8708],[-94.0555,33.8698],[-94.0551,33.8844],[-94.0507,33.8844],[-94.053,33.8862],[-94.0512,33.8871],[-94.0532,33.8882],[-94.0507,33.8881],[-94.0503,33.8897],[-94.0538,33.8923],[-94.0508,33.8929],[-94.0547,33.895],[-94.0537,33.8965],[-94.055,33.8963],[-94.0556,33.9001],[-94.0538,33.9005],[-94.0547,33.9015],[-94.0533,33.904],[-94.0558,33.9055],[-93.9845,33.9045],[-93.9849,33.8974],[-93.9804,33.8973],[-93.9797,33.9069],[-93.9754,33.9068],[-93.9752,33.9116],[-93.971,33.9115],[-93.9707,33.9203],[-93.9633,33.9201],[-93.9631,33.9257],[-93.9592,33.9257],[-93.9592,33.9232],[-93.9534,33.923],[-93.9535,33.9184],[-93.949,33.9184],[-93.9489,33.9218],[-93.9442,33.9217],[-93.9446,33.9132],[-93.9403,33.913],[-93.9402,33.9157],[-93.9207,33.9153],[-93.9206,33.9188],[-93.9188,33.9188],[-93.9184,33.9243],[-93.8955,33.9237],[-93.8959,33.9128],[-93.893,33.9127],[-93.8932,33.9084],[-93.8899,33.9084],[-93.8903,33.9017],[-93.883,33.9023],[-93.8832,33.8993],[-93.8791,33.8993],[-93.8795,33.8906],[-93.8879,33.8907],[-93.888,33.8802],[-93.8861,33.8802],[-93.8865,33.8753],[-93.8896,33.869],[-93.8887,33.8674],[-93.89,33.8677],[-93.8897,33.8661],[-93.8924,33.8655],[-93.8274,33.8636],[-93.8287,33.8344],[-93.7452,33.8322],[-93.745,33.836],[-93.7582,33.8363],[-93.7582,33.84],[-93.7451,33.8396],[-93.7449,33.8488]]]}},{"type":"Feature","properties":{"leaid":"0510080","name":"Mount Vernon-Enola School District","kind":"Unified","gradeLow":"PK","gradeHigh":"12","state":"AR"},"geometry":{"type":"Polygon","coordinates":[[[-92.0305,35.2066],[-92.0312,35.185],[-92.0405,35.1852],[-92.0409,35.1705],[-92.0671,35.1709],[-92.0674,35.1564],[-92.117,35.1573],[-92.1172,35.1498],[-92.1349,35.1501],[-92.135,35.1466],[-92.1527,35.1471],[-92.1528,35.1434],[-92.1616,35.1437],[-92.1618,35.1401],[-92.1705,35.1404],[-92.1706,35.1368],[-92.1884,35.137],[-92.1885,35.1298],[-92.224,35.1304],[-92.2242,35.1162],[-92.2419,35.1167],[-92.2421,35.113],[-92.264,35.1138],[-92.2639,35.1172],[-92.2861,35.1176],[-92.2858,35.1247],[-92.2769,35.1246],[-92.2766,35.1354],[-92.2722,35.1353],[-92.2724,35.1317],[-92.2679,35.1316],[-92.2675,35.1424],[-92.2631,35.1423],[-92.263,35.1459],[-92.2586,35.1458],[-92.2585,35.1531],[-92.2541,35.1529],[-92.254,35.1565],[-92.2496,35.1566],[-92.2495,35.1601],[-92.2407,35.1601],[-92.2399,35.1854],[-92.2751,35.1863],[-92.2751,35.1901],[-92.2797,35.1902],[-92.2789,35.2118],[-92.2701,35.2118],[-92.2699,35.2189],[-92.2478,35.2183],[-92.2477,35.222],[-92.2256,35.2214],[-92.2255,35.2246],[-92.2167,35.2249],[-92.2165,35.2321],[-92.2208,35.2328],[-92.2199,35.2607],[-92.2165,35.262],[-92.2147,35.2673],[-92.2104,35.2718],[-92.2041,35.2742],[-92.1981,35.2788],[-92.1945,35.2787],[-92.1898,35.2891],[-92.1893,35.2945],[-92.1874,35.2948],[-92.1843,35.2926],[-92.1834,35.3224],[-92.1657,35.3224],[-92.1656,35.3291],[-92.1124,35.3298],[-92.1147,35.2343],[-92.1008,35.234],[-92.1009,35.2303],[-92.0697,35.2294],[-92.0708,35.2223],[-92.0657,35.2221],[-92.0657,35.2185],[-92.0612,35.2183],[-92.0612,35.2147],[-92.0482,35.2144],[-92.0481,35.2072],[-92.0305,35.2066]]]}},{"type":"Feature","properties":{"leaid":"0510200","name":"Mountain View School District","kind":"Unified","gradeLow":"PK","gradeHigh":"12","state":"AR"},"geometry":{"type":"MultiPolygon","coordinates":[[[[-92.4506,35.8829],[-92.4361,35.8827],[-92.436,35.8791],[-92.4285,35.8792],[-92.4284,35.8759],[-92.4248,35.8757],[-92.4247,35.8719],[-92.4507,35.8714],[-92.4506,35.8829]]],[[[-92.4188,35.8852],[-92.4188,35.8839],[-92.4206,35.8845],[-92.4206,35.8852],[-92.4188,35.8852]]],[[[-92.4124,36.0339],[-92.198,36.0307],[-92.1982,36.016],[-92.0976,36.0148],[-92.0995,36.0099],[-92.0987,36.0033],[-92.0973,36.0001],[-92.0931,35.9966],[-92.0857,35.9866],[-92.0837,35.9818],[-92.0829,35.9745],[-92.0842,35.9684],[-92.0878,35.9632],[-92.0933,35.959],[-92.1076,35.9532],[-92.1102,35.9508],[-92.1134,35.9387],[-92.1104,35.9334],[-92.1061,35.9298],[-92.0924,35.9261],[-92.0727,35.9286],[-92.0563,35.9362],[-92.0471,35.9438],[-92.0389,35.9449],[-92.0349,35.9434],[-92.0298,35.9389],[-92.028,35.9324],[-92.028,35.9247],[-92.0264,35.9211],[-92.0208,35.9172],[-92.0155,35.9162],[-92.0067,35.9184],[-91.9994,35.9229],[-91.9856,35.9381],[-91.9773,35.9407],[-91.9694,35.9404],[-91.9565,35.9344],[-91.9364,35.9121],[-91.9209,35.9021],[-91.9133,35.8953],[-91.9032,35.8897],[-91.896,35.8825],[-91.8835,35.88],[-91.8662,35.8822],[-91.8574,35.8797],[-91.8524,35.8746],[-91.8495,35.8677],[-91.8509,35.8546],[-91.8498,35.8449],[-91.8545,35.8337],[-91.8646,35.8235],[-91.8688,35.8172],[-91.871,35.8095],[-91.8695,35.8026],[-91.8696,35.7935],[-91.8648,35.7815],[-91.8654,35.7725],[-91.8645,35.7697],[-91.8564,35.7642],[-91.8482,35.7612],[-91.8361,35.7489],[-91.8372,35.705],[-91.8907,35.7058],[-91.8898,35.7488],[-91.9608,35.7501],[-91.9609,35.7352],[-91.9968,35.7364],[-91.9971,35.7071],[-92.3828,35.7154],[-92.3826,35.7225],[-92.4006,35.7228],[-92.4004,35.7301],[-92.418,35.7305],[-92.4153,35.8596],[-92.4242,35.8596],[-92.4242,35.8607],[-92.4238,35.8684],[-92.4151,35.8683],[-92.4148,35.8828],[-92.4178,35.8828],[-92.4178,35.8852],[-92.4167,35.8852],[-92.4167,35.8838],[-92.4148,35.8838],[-92.4147,35.8889],[-92.4171,35.889],[-92.4124,36.0339]]]]}},{"type":"Feature","properties":{"leaid":"0510260","name":"Mountainburg Schools","kind":"Unified","gradeLow":"PK","gradeHigh":"12","state":"AR"},"geometry":{"type":"Polygon","coordinates":[[[-94.1243,35.7648],[-93.8923,35.7594],[-93.8929,35.7451],[-93.9112,35.7453],[-93.9117,35.7308],[-93.9642,35.732],[-93.965,35.7033],[-93.9828,35.704],[-93.9842,35.6607],[-94.074,35.6625],[-94.0769,35.554],[-94.0945,35.5544],[-94.0943,35.5617],[-94.1121,35.562],[-94.1116,35.5763],[-94.1299,35.5767],[-94.1293,35.5985],[-94.1471,35.599],[-94.1474,35.5917],[-94.165,35.5922],[-94.1652,35.585],[-94.1609,35.5849],[-94.1624,35.5709],[-94.1847,35.5715],[-94.1846,35.5782],[-94.2199,35.579],[-94.2202,35.565],[-94.2378,35.565],[-94.2369,35.5706],[-94.2394,35.5714],[-94.2424,35.5698],[-94.2422,35.5652],[-94.246,35.5653],[-94.2456,35.5725],[-94.2412,35.5724],[-94.2409,35.5796],[-94.2543,35.5798],[-94.2537,35.5943],[-94.2361,35.5939],[-94.2356,35.6082],[-94.271,35.6092],[-94.2712,35.6056],[-94.2756,35.6057],[-94.2755,35.6094],[-94.2885,35.6097],[-94.2886,35.6133],[-94.2976,35.6136],[-94.2977,35.6099],[-94.3069,35.6101],[-94.3029,35.7118],[-94.285,35.7114],[-94.2836,35.7548],[-94.1249,35.7503],[-94.1243,35.7648]]]}},{"type":"Feature","properties":{"leaid":"0510290","name":"Mulberry School District","kind":"Unified","gradeLow":"PK","gradeHigh":"12","state":"AR"},"geometry":{"type":"MultiPolygon","coordinates":[[[[-93.9666,35.6602],[-93.949,35.6596],[-93.9494,35.6452],[-93.9672,35.6458],[-93.9666,35.6602]]],[[[-93.9314,35.6592],[-93.949,35.6597],[-93.9485,35.6741],[-93.9309,35.6736],[-93.9314,35.6592]]],[[[-93.9314,35.6592],[-93.9137,35.6587],[-93.9125,35.7019],[-93.8944,35.7015],[-93.8944,35.6972],[-93.9031,35.6974],[-93.9034,35.6871],[-93.8948,35.6869],[-93.8952,35.6724],[-93.8776,35.6722],[-93.8781,35.6578],[-93.8604,35.6574],[-93.8616,35.6139],[-93.875,35.6143],[-93.8752,35.5998],[-93.8794,35.5999],[-93.8806,35.5708],[-93.8763,35.5707],[-93.8767,35.5563],[-93.89,35.5566],[-93.8901,35.5494],[-93.8947,35.5494],[-93.8948,35.5459],[-93.8991,35.5459],[-93.8989,35.5567],[-93.9165,35.5573],[-93.916,35.5718],[-93.9342,35.5722],[-93.9348,35.5577],[-93.9437,35.5579],[-93.9438,35.5543],[-93.9394,35.5542],[-93.9397,35.5471],[-93.9352,35.547],[-93.9351,35.5433],[-93.9443,35.5434],[-93.9442,35.5399],[-93.9488,35.54],[-93.9489,35.5364],[-93.9355,35.5361],[-93.9358,35.5288],[-93.9177,35.5282],[-93.9181,35.5136],[-93.9095,35.5134],[-93.9096,35.5099],[-93.8963,35.5095],[-93.8965,35.5059],[-93.8922,35.5057],[-93.8922,35.5022],[-93.9009,35.5025],[-93.9015,35.4841],[-93.9195,35.4845],[-93.9203,35.4663],[-93.9314,35.4687],[-93.9681,35.4693],[-94.0223,35.4601],[-94.0395,35.4646],[-94.0434,35.4628],[-94.0529,35.4546],[-94.068,35.447],[-94.0846,35.4428],[-94.0983,35.4464],[-94.0974,35.4744],[-94.1152,35.4748],[-94.1148,35.482],[-94.1238,35.4822],[-94.1227,35.5113],[-94.1322,35.5115],[-94.1309,35.5479],[-94.1215,35.5477],[-94.1211,35.5622],[-94.0943,35.5617],[-94.0945,35.5544],[-94.0769,35.554],[-94.0761,35.5756],[-94.0049,35.5737],[-94.0048,35.5812],[-93.9871,35.5807],[-93.9862,35.61],[-93.9772,35.61],[-93.9774,35.606],[-93.9506,35.6054],[-93.9501,35.6198],[-93.9369,35.6196],[-93.9368,35.6268],[-93.9321,35.6266],[-93.932,35.6302],[-93.9498,35.6306],[-93.9494,35.6452],[-93.9319,35.6448],[-93.9314,35.6592]]]]}},{"type":"Feature","properties":{"leaid":"0510320","name":"South Pike County School District","kind":"Unified","gradeLow":"PK","gradeHigh":"12","state":"AR"},"geometry":{"type":"Polygon","coordinates":[[[-93.4491,34.1752],[-93.4476,34.1736],[-93.4532,34.1739],[-93.4552,34.1717],[-93.4541,34.1681],[-93.4564,34.1644],[-93.4557,34.1584],[-93.4537,34.1535],[-93.4494,34.1528],[-93.4436,34.1473],[-93.4455,34.1461],[-93.4491,34.1464],[-93.4512,34.1434],[-93.4507,34.1411],[-93.4524,34.1395],[-93.4555,34.14],[-93.4573,34.1439],[-93.4597,34.1435],[-93.4548,34.136],[-93.4571,34.1305],[-93.4477,34.1324],[-93.4433,34.1305],[-93.346,34.1284],[-93.3479,34.0701],[-93.3305,34.0695],[-93.3318,34.026],[-93.41,34.028],[-93.4075,34.0203],[-93.4089,34.0129],[-93.4038,34.0119],[-93.4018,34.013],[-93.4003,34.0115],[-93.4003,34.0095],[-93.4027,34.0087],[-93.4048,34.0046],[-93.3939,34.0024],[-93.3919,34.0008],[-93.3923,33.998],[-93.3889,33.998],[-93.39,33.9952],[-93.3878,33.9945],[-93.3857,33.9958],[-93.3791,33.9866],[-93.3816,33.9823],[-93.3789,33.982],[-93.3799,33.9793],[-93.3786,33.9761],[-93.3761,33.977],[-93.3789,33.9741],[-93.3811,33.9737],[-93.3758,33.9714],[-93.3783,33.9706],[-93.3763,33.9691],[-93.3775,33.9667],[-93.3768,33.965],[-93.3739,33.9659],[-93.3719,33.9649],[-93.372,33.9631],[-93.3771,33.9624],[-93.3743,33.9597],[-93.3721,33.9615],[-93.3705,33.9613],[-93.3704,33.9596],[-93.3739,33.9584],[-93.3734,33.9571],[-93.3801,33.9566],[-93.3811,33.9593],[-93.384,33.9574],[-93.3909,33.9584],[-93.391,33.957],[-93.3878,33.956],[-93.3912,33.9545],[-93.3905,33.9529],[-93.3917,33.9514],[-93.3924,33.9539],[-93.3948,33.9549],[-93.3962,33.9527],[-93.398,33.9559],[-93.3996,33.9513],[-93.4016,33.9529],[-93.4036,33.9516],[-93.4058,33.9528],[-93.4074,33.9521],[-93.41,33.9544],[-93.4106,33.9525],[-93.414,33.9537],[-93.417,33.9495],[-93.4188,33.9488],[-93.4199,33.9498],[-93.4178,33.9515],[-93.4199,33.9525],[-93.4196,33.954],[-93.4225,33.954],[-93.4247,33.9523],[-93.4262,33.9557],[-93.43,33.9549],[-93.4276,33.9594],[-93.4307,33.9581],[-93.4314,33.9556],[-93.4337,33.9547],[-93.4389,33.9586],[-93.4402,33.9583],[-93.4401,33.9563],[-93.443,33.9556],[-93.4446,33.9564],[-93.4446,33.9596],[-93.4486,33.9579],[-93.4529,33.9609],[-93.456,33.9567],[-93.458,33.9582],[-93.4566,33.9597],[-93.457,33.9613],[-93.4592,33.9629],[-93.4608,33.9628],[-93.4598,33.9601],[-93.4659,33.9589],[-93.4672,33.9605],[-93.4664,33.9638],[-93.4683,33.9641],[-93.4728,33.9607],[-93.4755,33.9623],[-93.4777,33.9613],[-93.4768,33.9595],[-93.4791,33.9572],[-93.4767,33.9563],[-93.476,33.9518],[-93.4795,33.9555],[-93.4823,33.9555],[-93.4844,33.9572],[-93.4854,33.955],[-93.4871,33.9546],[-93.4905,33.9567],[-93.4936,33.9544],[-93.4981,33.9537],[-93.4938,33.9487],[-93.4966,33.9475],[-93.5006,33.9487],[-93.5006,33.9473],[-93.499,33.9465],[-93.4995,33.9455],[-93.5042,33.947],[-93.5089,33.9457],[-93.5107,33.9465],[-93.5177,33.944],[-93.5239,33.9445],[-93.5282,33.9429],[-93.5283,33.9485],[-93.5309,33.9517],[-93.5306,33.9538],[-93.5317,33.9548],[-93.5365,33.954],[-93.5384,33.9512],[-93.545,33.9508],[-93.5536,33.9559],[-93.5582,33.9561],[-93.5624,33.9582],[-93.5682,33.957],[-93.5688,33.9582],[-93.567,33.9597],[-93.5688,33.9611],[-93.571,33.9595],[-93.5726,33.961],[-93.5748,33.9604],[-93.5746,33.9585],[-93.5766,33.9591],[-93.5762,33.9567],[-93.5789,33.9566],[-93.5788,33.9584],[-93.5812,33.9593],[-93.5869,33.9591],[-93.5875,33.9632],[-93.5911,33.9644],[-93.592,33.9617],[-93.5932,33.9632],[-93.5971,33.9637],[-93.5992,33.9622],[-93.6002,33.9629],[-93.5997,33.9643],[-93.6011,33.9649],[-93.6031,33.9618],[-93.6044,33.9625],[-93.6045,33.9648],[-93.6095,33.9594],[-93.6168,33.9593],[-93.6184,33.9643],[-93.621,33.9654],[-93.6225,33.9648],[-93.6256,33.9699],[-93.6277,33.9689],[-93.6277,33.9674],[-93.6301,33.9682],[-93.6283,33.9697],[-93.6288,33.972],[-93.6271,33.9724],[-93.6279,33.9738],[-93.6344,33.9728],[-93.637,33.9745],[-93.6405,33.9741],[-93.6405,33.9771],[-93.6442,33.9766],[-93.6464,33.9782],[-93.6446,33.9799],[-93.6467,33.9829],[-93.6499,33.9813],[-93.6821,33.9834],[-93.6826,33.9847],[-93.6856,33.9854],[-93.6863,33.9875],[-93.6923,33.9892],[-93.7,33.9952],[-93.7049,33.9955],[-93.706,33.9944],[-93.7145,33.995],[-93.7199,33.9975],[-93.7224,33.9967],[-93.7303,34.0019],[-93.7391,34.0011],[-93.7445,34.002],[-93.7498,34.0069],[-93.77,34.0074],[-93.7701,34.0148],[-93.7877,34.0151],[-93.7877,34.0298],[-93.7961,34.0302],[-93.7963,34.0228],[-93.7912,34.0226],[-93.7911,34.0154],[-93.7962,34.0155],[-93.7956,34.0081],[-93.8231,34.0089],[-93.8221,34.1252],[-93.8396,34.1259],[-93.8392,34.1405],[-93.8568,34.1409],[-93.8562,34.17],[-93.8709,34.1706],[-93.8705,34.1853],[-93.8207,34.1838],[-93.8204,34.1985],[-93.7689,34.1963],[-93.7688,34.182],[-93.7338,34.1805],[-93.7332,34.2074],[-93.7322,34.2087],[-93.722,34.2089],[-93.6524,34.2075],[-93.6528,34.1961],[-93.65,34.1928],[-93.6082,34.1917],[-93.6083,34.1776],[-93.4491,34.1752]]]}},{"type":"Feature","properties":{"leaid":"0511340","name":"Perryville School District","kind":"Unified","gradeLow":"PK","gradeHigh":"12","state":"AR"},"geometry":{"type":"Polygon","coordinates":[[[-92.8582,35.0859],[-92.8594,35.0337],[-92.7845,35.0325],[-92.7842,35.0434],[-92.7441,35.0431],[-92.7445,35.0067],[-92.7378,35.0133],[-92.7309,35.0148],[-92.7306,35.0178],[-92.7289,35.0175],[-92.7269,35.0144],[-92.7233,35.0142],[-92.7256,35.0056],[-92.7235,35.0021],[-92.7206,35.0003],[-92.7201,34.9973],[-92.7239,34.9928],[-92.7311,34.9954],[-92.7337,34.9931],[-92.7291,34.989],[-92.7278,34.9857],[-92.7232,34.9876],[-92.721,34.986],[-92.7199,34.9897],[-92.7153,34.9881],[-92.7145,34.9865],[-92.7163,34.981],[-92.7169,34.9419],[-92.6994,34.9419],[-92.7002,34.9107],[-92.7539,34.9116],[-92.7554,34.8537],[-92.7397,34.8536],[-92.7403,34.8278],[-92.7442,34.8312],[-92.7456,34.8346],[-92.7506,34.8361],[-92.7528,34.8404],[-92.7563,34.8426],[-92.7653,34.8394],[-92.7679,34.8395],[-92.7714,34.8425],[-92.7834,34.8398],[-92.7904,34.8443],[-92.7944,34.8453],[-92.7952,34.8469],[-92.7983,34.8472],[-92.7996,34.8512],[-92.8028,34.8516],[-92.809,34.8471],[-92.818,34.8479],[-92.8284,34.8523],[-92.8298,34.8553],[-92.9694,34.8591],[-93.074,34.8582],[-93.0752,34.7719],[-93.27,34.772],[-93.2878,34.7732],[-93.2883,34.8609],[-93.3059,34.861],[-93.3057,34.8755],[-93.2883,34.8753],[-93.2882,34.8889],[-93.2707,34.8891],[-93.2704,34.9037],[-93.2526,34.9038],[-93.2523,34.9182],[-93.235,34.9181],[-93.2351,34.9326],[-93.2175,34.9327],[-93.2173,34.9478],[-93.2005,34.9476],[-93.2,34.9623],[-93.1817,34.9619],[-93.1814,34.9763],[-93.1602,34.9758],[-93.1602,34.9905],[-93.0889,34.9879],[-93.0192,34.9887],[-93.0181,35.0031],[-93.0002,35.0033],[-93.0002,35.0001],[-92.9662,35.0],[-92.9649,35.0319],[-92.9633,35.0318],[-92.9631,35.0464],[-92.9812,35.0465],[-92.9811,35.054],[-92.9732,35.0539],[-92.973,35.0635],[-92.9629,35.0636],[-92.9628,35.0653],[-92.9541,35.0652],[-92.954,35.0636],[-92.9098,35.0632],[-92.9087,35.0966],[-92.865,35.0963],[-92.8651,35.0861],[-92.8582,35.0859]]]}},{"type":"Feature","properties":{"leaid":"0510920","name":"Omaha School District","kind":"Unified","gradeLow":"PK","gradeHigh":"12","state":"AR"},"geometry":{"type":"Polygon","coordinates":[[[-93.2932,36.4984],[-93.0137,36.4981],[-93.0299,36.4832],[-93.0355,36.474],[-93.0376,36.4747],[-93.0375,36.4784],[-93.0393,36.4814],[-93.0458,36.4781],[-93.051,36.4786],[-93.0539,36.4769],[-93.0544,36.4749],[-93.0515,36.47],[-93.0525,36.4677],[-93.0514,36.4654],[-93.0516,36.4592],[-93.0535,36.4574],[-93.0564,36.4582],[-93.0599,36.4659],[-93.0645,36.4669],[-93.0656,36.4654],[-93.0613,36.4568],[-93.0632,36.4511],[-93.0671,36.4512],[-93.0688,36.4571],[-93.0737,36.4585],[-93.0717,36.4505],[-93.0785,36.4481],[-93.0789,36.4452],[-93.0804,36.444],[-93.0743,36.4354],[-93.0781,36.4349],[-93.0852,36.4367],[-93.0893,36.4345],[-93.0819,36.4322],[-93.0803,36.4301],[-93.0803,36.4276],[-93.0835,36.4272],[-93.0879,36.4289],[-93.0932,36.4218],[-93.0931,36.43],[-93.0953,36.4301],[-93.0952,36.4346],[-93.0997,36.4347],[-93.0998,36.431],[-93.1154,36.4313],[-93.1155,36.4258],[-93.1022,36.4256],[-93.1024,36.4183],[-93.137,36.4192],[-93.1372,36.3944],[-93.167,36.3958],[-93.1669,36.3994],[-93.1713,36.3998],[-93.1714,36.3925],[-93.1802,36.3932],[-93.1804,36.3823],[-93.2004,36.3831],[-93.2007,36.3688],[-93.2624,36.3696],[-93.2624,36.3812],[-93.2962,36.3815],[-93.296,36.4816],[-93.2977,36.4825],[-93.3013,36.4814],[-93.3023,36.4824],[-93.295,36.4889],[-93.2958,36.4916],[-93.2986,36.4938],[-93.2987,36.497],[-93.2941,36.4963],[-93.2932,36.4984]]]}},{"type":"Feature","properties":{"leaid":"0511010","name":"Ozark School District","kind":"Unified","gradeLow":"PK","gradeHigh":"12","state":"AR"},"geometry":{"type":"MultiPolygon","coordinates":[[[[-93.8267,35.3572],[-93.8269,35.3499],[-93.8358,35.3505],[-93.8356,35.3578],[-93.84,35.358],[-93.8405,35.3472],[-93.8359,35.347],[-93.8362,35.3396],[-93.8407,35.3399],[-93.8405,35.3433],[-93.8449,35.3437],[-93.8443,35.3583],[-93.8488,35.3586],[-93.8486,35.3695],[-93.853,35.3697],[-93.8529,35.3733],[-93.8571,35.3735],[-93.8563,35.3662],[-93.8579,35.3662],[-93.8576,35.3626],[-93.8532,35.3624],[-93.8533,35.3588],[-93.8623,35.3591],[-93.8603,35.412],[-93.8779,35.4132],[-93.8779,35.4169],[-93.8869,35.4177],[-93.8867,35.4211],[-93.8912,35.4214],[-93.8914,35.4182],[-93.8956,35.4185],[-93.895,35.4363],[-93.8864,35.4357],[-93.8859,35.4469],[-93.8926,35.4462],[-93.8973,35.4477],[-93.9157,35.464],[-93.9203,35.4663],[-93.9195,35.4845],[-93.9015,35.4841],[-93.9009,35.5025],[-93.8922,35.5022],[-93.8922,35.5057],[-93.8965,35.5059],[-93.8963,35.5095],[-93.9096,35.5099],[-93.9095,35.5134],[-93.9181,35.5136],[-93.9178,35.5283],[-93.9358,35.5288],[-93.9355,35.5361],[-93.9489,35.5364],[-93.9488,35.54],[-93.9442,35.5399],[-93.9443,35.5434],[-93.9351,35.5433],[-93.9352,35.547],[-93.9397,35.5471],[-93.9394,35.5542],[-93.9438,35.5543],[-93.9437,35.5579],[-93.9348,35.5577],[-93.9342,35.5722],[-93.916,35.5718],[-93.9165,35.5573],[-93.8989,35.5567],[-93.8991,35.5459],[-93.8948,35.5459],[-93.8947,35.5494],[-93.8901,35.5494],[-93.89,35.5566],[-93.8767,35.5563],[-93.8763,35.5707],[-93.8806,35.5708],[-93.8794,35.5999],[-93.8752,35.5998],[-93.875,35.6143],[-93.8616,35.6139],[-93.8604,35.6574],[-93.8781,35.6578],[-93.8776,35.6722],[-93.8952,35.6724],[-93.8948,35.6869],[-93.9034,35.6871],[-93.9031,35.6974],[-93.8944,35.6972],[-93.894,35.7161],[-93.8765,35.7157],[-93.8757,35.7302],[-93.8403,35.7293],[-93.8395,35.7583],[-93.8569,35.7587],[-93.8563,35.7731],[-93.6959,35.7686],[-93.698,35.7106],[-93.7508,35.7122],[-93.7517,35.6979],[-93.7695,35.6983],[-93.77,35.6839],[-93.7878,35.6843],[-93.7873,35.6807],[-93.784,35.6781],[-93.7835,35.675],[-93.7837,35.6734],[-93.7881,35.6734],[-93.7882,35.6699],[-93.7706,35.6695],[-93.7712,35.6549],[-93.7355,35.6538],[-93.7342,35.6974],[-93.6985,35.6958],[-93.702,35.592],[-93.6663,35.5902],[-93.6661,35.5942],[-93.6486,35.5936],[-93.649,35.5645],[-93.6678,35.565],[-93.6682,35.5578],[-93.67,35.5578],[-93.677,35.5581],[-93.6769,35.5617],[-93.6863,35.562],[-93.6862,35.5656],[-93.7029,35.566],[-93.71,35.3752],[-93.7138,35.3741],[-93.7185,35.3694],[-93.7313,35.3699],[-93.7464,35.3648],[-93.753,35.3657],[-93.7558,35.3681],[-93.7585,35.3751],[-93.7611,35.3781],[-93.7792,35.3884],[-93.7919,35.3988],[-93.8005,35.4099],[-93.8069,35.4242],[-93.809,35.3564],[-93.8267,35.3572]],[[-93.8267,35.3572],[-93.8264,35.368],[-93.8396,35.3688],[-93.8398,35.3617],[-93.8354,35.3614],[-93.8355,35.359],[-93.834,35.3589],[-93.834,35.3576],[-93.8267,35.3572]]],[[[-93.9314,35.6592],[-93.9319,35.6448],[-93.9494,35.6452],[-93.9498,35.6306],[-93.932,35.6302],[-93.9321,35.6266],[-93.9368,35.6268],[-93.9369,35.6196],[-93.9501,35.6198],[-93.9506,35.6054],[-93.9774,35.606],[-93.9772,35.61],[-93.9862,35.61],[-93.9871,35.5807],[-94.0048,35.5812],[-94.0049,35.5737],[-94.0762,35.5756],[-94.074,35.6625],[-93.9842,35.6607],[-93.9828,35.704],[-93.965,35.7033],[-93.9642,35.732],[-93.9117,35.7308],[-93.9137,35.6587],[-93.9314,35.6592]],[[-93.9314,35.6592],[-93.9309,35.6736],[-93.9485,35.6741],[-93.949,35.6597],[-93.9314,35.6592]],[[-93.9672,35.6458],[-93.9494,35.6452],[-93.949,35.6596],[-93.9666,35.6602],[-93.9672,35.6458]]]]}},{"type":"Feature","properties":{"leaid":"0511130","name":"Paris School District","kind":"Unified","gradeLow":"PK","gradeHigh":"12","state":"AR"},"geometry":{"type":"Polygon","coordinates":[[[-93.6475,35.3903],[-93.6487,35.3817],[-93.648,35.3669],[-93.649,35.3523],[-93.6313,35.3522],[-93.6314,35.3371],[-93.6321,35.3231],[-93.6589,35.3236],[-93.6595,35.3092],[-93.6508,35.3091],[-93.6511,35.2944],[-93.6154,35.2938],[-93.6151,35.3013],[-93.6107,35.3011],[-93.6104,35.3081],[-93.615,35.3083],[-93.6144,35.3225],[-93.5716,35.3217],[-93.5707,35.3175],[-93.545,35.3169],[-93.5452,35.3063],[-93.5097,35.305],[-93.5096,35.308],[-93.5057,35.3079],[-93.5054,35.3116],[-93.4914,35.3111],[-93.4912,35.3192],[-93.4367,35.3171],[-93.4367,35.3208],[-93.4236,35.3203],[-93.4235,35.3236],[-93.4191,35.3235],[-93.4189,35.3268],[-93.387,35.3314],[-93.3784,35.33],[-93.3701,35.3308],[-93.3425,35.338],[-93.3311,35.3396],[-93.3317,35.2994],[-93.3492,35.2997],[-93.3498,35.2856],[-93.3668,35.2859],[-93.367,35.2894],[-93.3844,35.2897],[-93.3857,35.2139],[-93.457,35.2159],[-93.4571,35.2086],[-93.4745,35.2098],[-93.4748,35.2016],[-93.4839,35.2019],[-93.4841,35.1806],[-93.4939,35.1808],[-93.4939,35.1739],[-93.511,35.1742],[-93.5113,35.1597],[-93.5291,35.16],[-93.5297,35.1455],[-93.6003,35.1471],[-93.5999,35.1764],[-93.6177,35.1764],[-93.6175,35.1833],[-93.6352,35.1833],[-93.635,35.1911],[-93.6532,35.1913],[-93.6527,35.2059],[-93.6706,35.2065],[-93.6703,35.2216],[-93.7404,35.2232],[-93.7403,35.2376],[-93.7579,35.2383],[-93.7577,35.2528],[-93.7401,35.2523],[-93.7398,35.2596],[-93.7442,35.2598],[-93.7442,35.2669],[-93.7616,35.2672],[-93.7615,35.271],[-93.8114,35.2727],[-93.8094,35.3416],[-93.7731,35.341],[-93.7727,35.3555],[-93.7624,35.3551],[-93.7579,35.3685],[-93.7566,35.3694],[-93.753,35.3657],[-93.7471,35.3647],[-93.7317,35.3698],[-93.7185,35.3694],[-93.7138,35.3741],[-93.71,35.3752],[-93.7005,35.374],[-93.6901,35.3765],[-93.6815,35.3833],[-93.6763,35.397],[-93.6736,35.4011],[-93.6694,35.4042],[-93.6667,35.4047],[-93.6625,35.4032],[-93.6475,35.3903]]]}},{"type":"Feature","properties":{"leaid":"0511370","name":"Piggott School District","kind":"Unified","gradeLow":"PK","gradeHigh":"12","state":"AR"},"geometry":{"type":"Polygon","coordinates":[[[-90.3708,36.4981],[-90.1523,36.498],[-90.1545,36.4967],[-90.1534,36.493],[-90.1601,36.4944],[-90.1562,36.4891],[-90.1567,36.4874],[-90.1601,36.4875],[-90.1599,36.4857],[-90.1572,36.4843],[-90.1595,36.4802],[-90.1512,36.477],[-90.1442,36.4762],[-90.1424,36.4714],[-90.1457,36.4691],[-90.153,36.4708],[-90.1533,36.4686],[-90.1556,36.4664],[-90.1554,36.4638],[-90.1505,36.4655],[-90.1478,36.4632],[-90.145,36.4629],[-90.144,36.4643],[-90.1446,36.4672],[-90.143,36.468],[-90.1404,36.4651],[-90.1417,36.4606],[-90.141,36.4585],[-90.134,36.4538],[-90.1373,36.4502],[-90.1343,36.4365],[-90.1389,36.4351],[-90.1379,36.4316],[-90.143,36.4309],[-90.1443,36.426],[-90.1438,36.4243],[-90.1393,36.4213],[-90.1344,36.4229],[-90.135,36.4168],[-90.1385,36.4137],[-90.1349,36.4136],[-90.1274,36.4167],[-90.1266,36.4156],[-90.1287,36.4114],[-90.1216,36.4108],[-90.1189,36.4125],[-90.1185,36.4094],[-90.1155,36.408],[-90.1136,36.4096],[-90.1156,36.4058],[-90.1108,36.4077],[-90.1103,36.4042],[-90.1086,36.4036],[-90.1043,36.4054],[-90.1016,36.402],[-90.0984,36.404],[-90.0865,36.4021],[-90.0841,36.4005],[-90.0815,36.4011],[-90.0742,36.393],[-90.0705,36.3935],[-90.0683,36.3889],[-90.069,36.3882],[-90.0658,36.3875],[-90.0681,36.3851],[-90.0635,36.3841],[-90.0667,36.378],[-90.0628,36.3772],[-90.064,36.3756],[-90.0647,36.3689],[-90.0635,36.3671],[-90.0664,36.3651],[-90.0661,36.3601],[-90.0684,36.3577],[-90.068,36.3565],[-90.0705,36.3564],[-90.0758,36.3498],[-90.078,36.3493],[-90.0742,36.3434],[-90.0748,36.3418],[-90.077,36.3414],[-90.0783,36.3377],[-90.0755,36.3343],[-90.0771,36.3307],[-90.0791,36.3296],[-90.0791,36.3277],[-90.0819,36.3265],[-90.0798,36.3235],[-90.0824,36.322],[-90.0798,36.3184],[-90.0766,36.3192],[-90.0695,36.3133],[-90.0671,36.3067],[-90.0642,36.3026],[-90.0694,36.2986],[-90.0698,36.2949],[-90.0715,36.2932],[-90.075,36.2908],[-90.079,36.2899],[-90.078,36.2883],[-90.1677,36.2881],[-90.1677,36.3027],[-90.1576,36.3027],[-90.1576,36.3162],[-90.1667,36.3162],[-90.1665,36.3454],[-90.1882,36.3456],[-90.1815,36.3556],[-90.2295,36.3556],[-90.2295,36.3622],[-90.238,36.3626],[-90.2383,36.3692],[-90.2547,36.3696],[-90.2546,36.3751],[-90.2651,36.3748],[-90.2652,36.3676],[-90.2775,36.3676],[-90.2775,36.3748],[-90.3053,36.3753],[-90.3052,36.3896],[-90.3107,36.3897],[-90.3102,36.3943],[-90.3187,36.3947],[-90.3186,36.4048],[-90.3715,36.4055],[-90.3708,36.4981]]]}},{"type":"Feature","properties":{"leaid":"0511760","name":"Prairie Grove School District","kind":"Unified","gradeLow":"PK","gradeHigh":"12","state":"AR"},"geometry":{"type":"Polygon","coordinates":[[[-94.3542,36.1422],[-94.3544,36.1351],[-94.3454,36.135],[-94.3461,36.106],[-94.3372,36.1059],[-94.3373,36.0986],[-94.3196,36.0984],[-94.321,36.0403],[-94.3163,36.0402],[-94.3165,36.0329],[-94.3213,36.0329],[-94.3215,36.022],[-94.3125,36.0219],[-94.3127,36.0146],[-94.3036,36.0144],[-94.304,36.0007],[-94.2951,36.0006],[-94.2947,36.0143],[-94.2859,36.0142],[-94.2858,36.0178],[-94.2768,36.0177],[-94.2768,36.0213],[-94.2723,36.0213],[-94.2723,36.0249],[-94.2543,36.0247],[-94.2546,36.0138],[-94.2233,36.0135],[-94.2239,35.9991],[-94.2416,35.9996],[-94.242,35.985],[-94.2508,35.9853],[-94.2518,35.9452],[-94.2474,35.9451],[-94.2475,35.9415],[-94.2741,35.942],[-94.2743,35.9347],[-94.2787,35.9348],[-94.2793,35.9131],[-94.2841,35.9132],[-94.2842,35.9095],[-94.2886,35.9096],[-94.2887,35.9023],[-94.2976,35.9025],[-94.2977,35.899],[-94.3022,35.899],[-94.3022,35.9026],[-94.3067,35.9027],[-94.3068,35.8919],[-94.3245,35.8921],[-94.3258,35.841],[-94.3362,35.8412],[-94.337,35.8146],[-94.3459,35.8146],[-94.3464,35.8001],[-94.3554,35.8002],[-94.3555,35.7862],[-94.3645,35.7862],[-94.3649,35.7714],[-94.3737,35.7715],[-94.3742,35.7572],[-94.3916,35.7573],[-94.3897,35.8153],[-94.3545,35.8146],[-94.354,35.8415],[-94.3616,35.8417],[-94.3613,35.8489],[-94.3702,35.8491],[-94.37,35.8563],[-94.3609,35.8562],[-94.3609,35.8635],[-94.3567,35.8635],[-94.3565,35.8706],[-94.3519,35.8706],[-94.3519,35.8743],[-94.3608,35.8743],[-94.3605,35.885],[-94.3472,35.8851],[-94.3467,35.8996],[-94.3424,35.8996],[-94.3421,35.9068],[-94.3376,35.9068],[-94.3372,35.9249],[-94.3416,35.9249],[-94.3415,35.9287],[-94.3594,35.9289],[-94.3591,35.9433],[-94.3634,35.9434],[-94.363,35.958],[-94.3765,35.9582],[-94.3761,35.9709],[-94.3805,35.971],[-94.3805,35.9728],[-94.3849,35.9728],[-94.3848,35.9764],[-94.3936,35.9766],[-94.3933,35.9875],[-94.4065,35.9877],[-94.4064,35.995],[-94.4107,35.995],[-94.4105,36.0024],[-94.424,36.0025],[-94.4234,36.017],[-94.4198,36.0169],[-94.4193,36.0314],[-94.4105,36.0312],[-94.4092,36.082],[-94.4002,36.0818],[-94.3998,36.0996],[-94.3911,36.0994],[-94.3898,36.1427],[-94.3542,36.1422]]]}},{"type":"Feature","properties":{"leaid":"0511880","name":"Quitman School District","kind":"Unified","gradeLow":"PK","gradeHigh":"12","state":"AR"},"geometry":{"type":"Polygon","coordinates":[[[-92.1572,35.4649],[-92.0863,35.4647],[-92.0865,35.4501],[-92.0965,35.4501],[-92.0971,35.4281],[-92.0878,35.4279],[-92.0879,35.4205],[-92.0834,35.4204],[-92.0838,35.4059],[-92.0883,35.406],[-92.0883,35.3913],[-92.1109,35.3919],[-92.1119,35.3478],[-92.1299,35.3472],[-92.1298,35.3509],[-92.1208,35.3514],[-92.1207,35.3548],[-92.1252,35.3547],[-92.125,35.3622],[-92.1472,35.3623],[-92.1478,35.3293],[-92.1656,35.3291],[-92.1657,35.3224],[-92.1834,35.3224],[-92.1843,35.2926],[-92.1874,35.2948],[-92.1893,35.2945],[-92.1898,35.2891],[-92.1945,35.2787],[-92.1981,35.2788],[-92.2041,35.2742],[-92.2104,35.2718],[-92.2147,35.2673],[-92.2165,35.262],[-92.2199,35.2607],[-92.2208,35.2328],[-92.2165,35.2321],[-92.2167,35.2249],[-92.2255,35.2246],[-92.2256,35.2214],[-92.2477,35.222],[-92.2478,35.2183],[-92.2699,35.2189],[-92.2701,35.2118],[-92.2789,35.2118],[-92.2797,35.1901],[-92.3105,35.1908],[-92.3103,35.198],[-92.3187,35.1981],[-92.3185,35.2128],[-92.3266,35.2129],[-92.3262,35.2269],[-92.2919,35.2265],[-92.2917,35.2344],[-92.2828,35.2342],[-92.2825,35.2408],[-92.2736,35.2407],[-92.2734,35.2444],[-92.2646,35.2442],[-92.2642,35.255],[-92.273,35.2552],[-92.2729,35.259],[-92.2773,35.2591],[-92.2772,35.2628],[-92.2906,35.263],[-92.29,35.2921],[-92.2811,35.2918],[-92.2803,35.3208],[-92.2759,35.3207],[-92.276,35.3171],[-92.2671,35.3169],[-92.267,35.3205],[-92.2537,35.3201],[-92.2533,35.3419],[-92.2486,35.3419],[-92.2484,35.3455],[-92.2353,35.3454],[-92.2353,35.3526],[-92.2176,35.3521],[-92.2175,35.3557],[-92.2352,35.3561],[-92.2349,35.3632],[-92.3056,35.3648],[-92.3058,35.3757],[-92.3102,35.376],[-92.3103,35.3686],[-92.321,35.3689],[-92.3205,35.3797],[-92.3144,35.3796],[-92.3145,35.3831],[-92.3102,35.3831],[-92.3099,35.3867],[-92.3053,35.3866],[-92.3052,35.3902],[-92.3009,35.3902],[-92.3009,35.3938],[-92.3052,35.3939],[-92.3044,35.4372],[-92.312,35.4372],[-92.3108,35.4666],[-92.2586,35.4657],[-92.2587,35.4708],[-92.25,35.4707],[-92.2489,35.5164],[-92.2131,35.5157],[-92.2131,35.519],[-92.2113,35.5191],[-92.2113,35.5228],[-92.2074,35.5232],[-92.1517,35.5225],[-92.1517,35.5159],[-92.1436,35.5158],[-92.143,35.5139],[-92.144,35.4817],[-92.1432,35.4795],[-92.1569,35.4795],[-92.1572,35.4649]]]}},{"type":"Feature","properties":{"leaid":"0512060","name":"Russellville Schools","kind":"Unified","gradeLow":"PK","gradeHigh":"12","state":"AR"},"geometry":{"type":"Polygon","coordinates":[[[-93.0215,35.3348],[-93.0215,35.3305],[-93.0304,35.3306],[-93.0305,35.3058],[-93.0481,35.3061],[-93.0478,35.2771],[-93.0575,35.2771],[-93.0577,35.27],[-93.0762,35.2702],[-93.0763,35.2685],[-93.0807,35.2686],[-93.0807,35.2703],[-93.0852,35.2704],[-93.0854,35.2632],[-93.1032,35.2636],[-93.1036,35.2488],[-93.1119,35.2492],[-93.1123,35.2347],[-93.1397,35.2351],[-93.14,35.2206],[-93.1465,35.2207],[-93.154,35.2331],[-93.1872,35.2648],[-93.2005,35.2719],[-93.2281,35.2726],[-93.2407,35.2764],[-93.2534,35.2861],[-93.2847,35.3187],[-93.2989,35.3271],[-93.2977,35.3903],[-93.2934,35.3901],[-93.2936,35.3827],[-93.2802,35.3826],[-93.2802,35.3862],[-93.2846,35.3863],[-93.2845,35.3899],[-93.2754,35.3898],[-93.2755,35.3861],[-93.2658,35.3861],[-93.2656,35.3934],[-93.2613,35.3934],[-93.2616,35.3824],[-93.2081,35.3819],[-93.2086,35.3669],[-93.1908,35.3668],[-93.1908,35.3631],[-93.1538,35.3626],[-93.1541,35.3551],[-93.1588,35.3553],[-93.1588,35.3481],[-93.1541,35.3482],[-93.1543,35.3371],[-93.1453,35.337],[-93.1453,35.3451],[-93.1317,35.3447],[-93.1315,35.3513],[-93.1095,35.3509],[-93.1094,35.3655],[-93.1003,35.3654],[-93.0919,35.3652],[-93.0919,35.3579],[-93.03,35.3568],[-93.03,35.3496],[-93.0259,35.3495],[-93.026,35.3349],[-93.0215,35.3348]]]}},{"type":"Feature","properties":{"leaid":"0512180","name":"Scranton School District","kind":"Unified","gradeLow":"PK","gradeHigh":"12","state":"AR"},"geometry":{"type":"Polygon","coordinates":[[[-93.4347,35.4289],[-93.4273,35.4251],[-93.4233,35.4197],[-93.4271,35.3937],[-93.423,35.3854],[-93.4166,35.3651],[-93.4126,35.3591],[-93.3969,35.3466],[-93.4019,35.3432],[-93.4055,35.3431],[-93.4104,35.3406],[-93.4146,35.3414],[-93.4223,35.3372],[-93.4227,35.3323],[-93.4212,35.3285],[-93.4189,35.3268],[-93.4191,35.3235],[-93.4235,35.3236],[-93.4236,35.3203],[-93.4367,35.3208],[-93.4367,35.3171],[-93.4912,35.3192],[-93.4914,35.3111],[-93.5054,35.3116],[-93.5057,35.3079],[-93.5096,35.308],[-93.5097,35.305],[-93.5452,35.3063],[-93.545,35.3169],[-93.5707,35.3175],[-93.5716,35.3217],[-93.6144,35.3225],[-93.615,35.3083],[-93.6104,35.3081],[-93.6107,35.3011],[-93.6151,35.3013],[-93.6154,35.2938],[-93.6511,35.2944],[-93.6508,35.3091],[-93.6595,35.3092],[-93.6589,35.3236],[-93.6321,35.3231],[-93.6314,35.3371],[-93.6313,35.3522],[-93.649,35.3523],[-93.648,35.3669],[-93.6487,35.3817],[-93.6475,35.3903],[-93.6391,35.3878],[-93.6224,35.3801],[-93.614,35.3799],[-93.5975,35.3822],[-93.5755,35.387],[-93.562,35.3918],[-93.5548,35.3964],[-93.5418,35.4086],[-93.5362,35.4109],[-93.5293,35.4117],[-93.5195,35.4102],[-93.5047,35.3975],[-93.4959,35.3956],[-93.4795,35.4055],[-93.4524,35.4277],[-93.4444,35.4301],[-93.4347,35.4289]]]}},{"type":"Feature","properties":{"leaid":"0512210","name":"Searcy School District","kind":"Unified","gradeLow":"PK","gradeHigh":"12","state":"AR"},"geometry":{"type":"Polygon","coordinates":[[[-91.6989,35.3998],[-91.7,35.3969],[-91.7048,35.3939],[-91.7082,35.3931],[-91.7165,35.3963],[-91.7195,35.3942],[-91.7205,35.3913],[-91.7201,35.384],[-91.7143,35.3631],[-91.7143,35.3579],[-91.7169,35.3525],[-91.7175,35.3476],[-91.716,35.3459],[-91.7075,35.3426],[-91.7066,35.3401],[-91.7101,35.337],[-91.7279,35.3281],[-91.7415,35.3195],[-91.7426,35.3176],[-91.7403,35.3141],[-91.732,35.3073],[-91.7315,35.3057],[-91.7329,35.3021],[-91.7162,35.3026],[-91.7119,35.3016],[-91.7115,35.2972],[-91.7198,35.2891],[-91.7203,35.2854],[-91.7034,35.2661],[-91.6895,35.2607],[-91.6947,35.2529],[-91.6917,35.2526],[-91.6916,35.2504],[-91.6963,35.2496],[-91.697,35.2093],[-91.6877,35.2092],[-91.6879,35.1946],[-91.6972,35.1947],[-91.6974,35.18],[-91.7056,35.1801],[-91.7056,35.1733],[-91.732,35.1737],[-91.7325,35.1807],[-91.7899,35.1811],[-91.7914,35.1827],[-91.7905,35.1843],[-91.7931,35.1848],[-91.7915,35.1855],[-91.792,35.1866],[-91.7944,35.1863],[-91.795,35.188],[-91.7975,35.1874],[-91.8007,35.1951],[-91.8075,35.1965],[-91.8119,35.204],[-91.811,35.2098],[-91.8145,35.212],[-91.8153,35.2143],[-91.8172,35.2151],[-91.8192,35.214],[-91.8194,35.2103],[-91.8282,35.2105],[-91.8278,35.2172],[-91.8297,35.2183],[-91.8409,35.2171],[-91.8419,35.2183],[-91.8433,35.217],[-91.8543,35.2146],[-91.8546,35.2196],[-91.8634,35.2199],[-91.8635,35.2154],[-91.8726,35.2153],[-91.8728,35.2115],[-91.8813,35.2117],[-91.8807,35.2263],[-91.8899,35.2264],[-91.8902,35.2192],[-91.895,35.2192],[-91.925,35.22],[-91.925,35.2272],[-91.9517,35.2275],[-91.9503,35.2712],[-91.9327,35.271],[-91.9319,35.2856],[-91.9052,35.2858],[-91.905,35.3003],[-91.9228,35.3004],[-91.9224,35.3114],[-91.9583,35.3115],[-91.958,35.3226],[-91.9757,35.3229],[-91.975,35.3596],[-91.9802,35.3597],[-91.9786,35.3615],[-91.9795,35.3649],[-91.977,35.3701],[-91.9748,35.3714],[-91.9744,35.3761],[-91.9712,35.3761],[-91.9713,35.3776],[-91.9743,35.3801],[-91.9705,35.377],[-91.9666,35.3829],[-91.9624,35.3841],[-91.9593,35.3823],[-91.9594,35.3782],[-91.958,35.3763],[-91.952,35.3743],[-91.95,35.376],[-91.9503,35.3775],[-91.9463,35.3795],[-91.9449,35.3836],[-91.9377,35.3844],[-91.9319,35.3812],[-91.9281,35.3805],[-91.9263,35.377],[-91.9236,35.375],[-91.9149,35.3799],[-91.9122,35.3753],[-91.9064,35.377],[-91.9058,35.3785],[-91.8988,35.373],[-91.8963,35.3746],[-91.8946,35.3784],[-91.8807,35.381],[-91.8803,35.3863],[-91.8784,35.3877],[-91.8755,35.3874],[-91.8784,35.3898],[-91.8781,35.391],[-91.8706,35.3885],[-91.8681,35.3892],[-91.8673,35.392],[-91.8688,35.3952],[-91.8664,35.3967],[-91.8638,35.3941],[-91.8599,35.3932],[-91.8606,35.3915],[-91.8627,35.3915],[-91.8632,35.3884],[-91.8621,35.3856],[-91.8606,35.3859],[-91.8591,35.3811],[-91.855,35.3802],[-91.8458,35.3821],[-91.8447,35.3846],[-91.849,35.3869],[-91.8463,35.3899],[-91.843,35.3886],[-91.8407,35.3849],[-91.8419,35.3826],[-91.8394,35.3798],[-91.8377,35.3807],[-91.8322,35.3791],[-91.8341,35.3773],[-91.8335,35.3762],[-91.8294,35.3759],[-91.8278,35.3743],[-91.8251,35.3759],[-91.8197,35.3755],[-91.816,35.3688],[-91.8137,35.3681],[-91.8137,35.3705],[-91.8117,35.3694],[-91.8115,35.3675],[-91.8101,35.3682],[-91.8071,35.3671],[-91.8072,35.3577],[-91.8123,35.3578],[-91.8123,35.35],[-91.8168,35.3503],[-91.8171,35.3344],[-91.815,35.3328],[-91.8154,35.3303],[-91.812,35.3305],[-91.8117,35.3281],[-91.8097,35.3275],[-91.8093,35.3285],[-91.8077,35.326],[-91.8045,35.3268],[-91.8,35.3255],[-91.7998,35.3242],[-91.7973,35.3253],[-91.7972,35.3242],[-91.7963,35.3248],[-91.7968,35.3238],[-91.7941,35.3248],[-91.7938,35.3234],[-91.7913,35.3228],[-91.7868,35.3268],[-91.7853,35.3259],[-91.7804,35.3287],[-91.7799,35.326],[-91.7784,35.3257],[-91.7777,35.327],[-91.7746,35.3268],[-91.7719,35.3287],[-91.7686,35.3249],[-91.7663,35.3266],[-91.7655,35.3295],[-91.7625,35.3288],[-91.7616,35.3312],[-91.7563,35.327],[-91.7539,35.3281],[-91.7559,35.3288],[-91.7541,35.3304],[-91.7553,35.333],[-91.7509,35.338],[-91.7614,35.3421],[-91.759,35.3435],[-91.7651,35.3443],[-91.7669,35.347],[-91.7645,35.3489],[-91.7654,35.3496],[-91.7664,35.3486],[-91.7662,35.3498],[-91.7678,35.3502],[-91.7668,35.3514],[-91.769,35.3525],[-91.7679,35.3561],[-91.7703,35.3559],[-91.7703,35.379],[-91.7654,35.3788],[-91.7648,35.4007],[-91.6989,35.3998]]]}},{"type":"Feature","properties":{"leaid":"0512450","name":"Siloam Springs Schools","kind":"Unified","gradeLow":"PK","gradeHigh":"12","state":"AR"},"geometry":{"type":"Polygon","coordinates":[[[-94.3156,36.2143],[-94.3336,36.2147],[-94.3362,36.142],[-94.3898,36.1427],[-94.3911,36.0994],[-94.3998,36.0996],[-94.4002,36.0818],[-94.4092,36.082],[-94.4097,36.0607],[-94.4262,36.0605],[-94.4265,36.0569],[-94.4308,36.057],[-94.4313,36.0425],[-94.4447,36.0428],[-94.4449,36.0357],[-94.4493,36.0357],[-94.4493,36.0393],[-94.4538,36.0394],[-94.4539,36.0322],[-94.445,36.032],[-94.4454,36.0173],[-94.4947,36.0183],[-94.4949,36.011],[-94.5172,36.0115],[-94.5174,36.0042],[-94.5352,36.0045],[-94.5811,36.2693],[-94.5694,36.269],[-94.5693,36.2727],[-94.5649,36.2725],[-94.5647,36.2763],[-94.5602,36.2762],[-94.5605,36.2689],[-94.556,36.2688],[-94.5562,36.2616],[-94.5511,36.2655],[-94.5472,36.2654],[-94.5478,36.2472],[-94.5302,36.2467],[-94.5305,36.2395],[-94.4948,36.2388],[-94.4957,36.2097],[-94.4688,36.2092],[-94.469,36.2054],[-94.4511,36.2051],[-94.4512,36.1975],[-94.4284,36.1971],[-94.4283,36.2012],[-94.4238,36.2011],[-94.4234,36.2084],[-94.4188,36.2083],[-94.4187,36.2155],[-94.3877,36.215],[-94.3872,36.2294],[-94.3693,36.2292],[-94.3692,36.2328],[-94.3647,36.2328],[-94.3646,36.2364],[-94.3555,36.2363],[-94.3556,36.2327],[-94.3378,36.2324],[-94.3379,36.2291],[-94.3153,36.2287],[-94.3156,36.2143]],[[-94.5217,36.2356],[-94.5308,36.236],[-94.5308,36.2266],[-94.5266,36.2265],[-94.5265,36.2282],[-94.5219,36.2281],[-94.5217,36.2356]]]}},{"type":"Feature","properties":{"leaid":"0512480","name":"Sloan-Hendrix School District","kind":"Unified","gradeLow":"PK","gradeHigh":"12","state":"AR"},"geometry":{"type":"Polygon","coordinates":[[[-91.2397,36.3756],[-91.1478,36.3748],[-91.1485,36.3661],[-91.1427,36.3648],[-91.1377,36.3609],[-91.1351,36.3506],[-91.1294,36.3431],[-91.1224,36.3386],[-91.1218,36.3309],[-91.1207,36.3302],[-91.1219,36.3249],[-91.1197,36.3238],[-91.1174,36.3205],[-91.1173,36.3178],[-91.1132,36.3133],[-91.1134,36.305],[-91.1112,36.3023],[-91.1124,36.2995],[-91.1104,36.298],[-91.1094,36.2944],[-91.1047,36.2887],[-91.1003,36.2913],[-91.0956,36.2883],[-91.09,36.2895],[-91.0875,36.2882],[-91.0877,36.2845],[-91.0831,36.278],[-91.0806,36.2768],[-91.0798,36.2729],[-91.0772,36.2723],[-91.0776,36.2704],[-91.0686,36.2704],[-91.0689,36.2556],[-91.06,36.2553],[-91.0607,36.2263],[-91.082,36.2265],[-91.0835,36.2231],[-91.0822,36.2209],[-91.0834,36.2199],[-91.0801,36.2146],[-91.0798,36.2117],[-91.0834,36.2047],[-91.0841,36.2016],[-91.0825,36.1995],[-91.0864,36.1961],[-91.0868,36.1934],[-91.0851,36.1921],[-91.0887,36.1881],[-91.0926,36.1862],[-91.0959,36.1862],[-91.0902,36.1747],[-91.0833,36.174],[-91.0805,36.1764],[-91.0702,36.1701],[-91.0712,36.1642],[-91.0743,36.1632],[-91.0769,36.1642],[-91.075,36.1608],[-91.0781,36.16],[-91.0788,36.1582],[-91.0761,36.1567],[-91.0761,36.1548],[-91.0823,36.1548],[-91.0829,36.1508],[-91.0922,36.1493],[-91.1064,36.1517],[-91.1158,36.155],[-91.1199,36.1538],[-91.1232,36.1558],[-91.1234,36.158],[-91.126,36.1606],[-91.1302,36.1598],[-91.1331,36.1608],[-91.1329,36.1643],[-91.1353,36.1669],[-91.1355,36.1603],[-91.1621,36.1609],[-91.1581,36.1429],[-91.1582,36.1349],[-91.1694,36.135],[-91.1774,36.133],[-91.1895,36.134],[-91.1899,36.1156],[-91.1928,36.1155],[-91.2083,36.1156],[-91.208,36.1235],[-91.2173,36.1237],[-91.2174,36.1156],[-91.226,36.1158],[-91.2257,36.1239],[-91.2615,36.1242],[-91.2611,36.1387],[-91.3109,36.1401],[-91.3105,36.1457],[-91.3487,36.1474],[-91.3485,36.1576],[-91.3521,36.1577],[-91.3498,36.231],[-91.3322,36.2308],[-91.3315,36.2446],[-91.3124,36.2443],[-91.3139,36.245],[-91.3142,36.263],[-91.3124,36.2832],[-91.3114,36.3316],[-91.3129,36.3317],[-91.276,36.3309],[-91.2749,36.3746],[-91.2397,36.3756]]]}},{"type":"Feature","properties":{"leaid":"0512510","name":"Smackover-Norphlet School District","kind":"Unified","gradeLow":"PK","gradeHigh":"12","state":"AR"},"geometry":{"type":"MultiPolygon","coordinates":[[[[-92.9955,33.3776],[-92.9963,33.3634],[-93.0052,33.3637],[-93.0059,33.3348],[-93.0158,33.3349],[-93.0162,33.3205],[-93.0208,33.3207],[-93.0207,33.3246],[-93.0293,33.3248],[-93.0291,33.328],[-93.0334,33.328],[-93.0335,33.3208],[-93.0681,33.3217],[-93.0683,33.3287],[-93.0597,33.3287],[-93.0595,33.3324],[-93.0549,33.3323],[-93.0548,33.3358],[-93.0503,33.3358],[-93.0501,33.3429],[-93.0458,33.3428],[-93.0455,33.3498],[-93.041,33.3498],[-93.0409,33.357],[-93.0366,33.3568],[-93.0363,33.3642],[-93.0271,33.3641],[-93.0269,33.3712],[-93.0187,33.3712],[-93.0184,33.3781],[-92.9955,33.3776]]],[[[-92.7199,33.4597],[-92.7172,33.4582],[-92.7173,33.4525],[-92.7156,33.4515],[-92.706,33.4537],[-92.7055,33.4555],[-92.7076,33.4585],[-92.7069,33.4596],[-92.7034,33.4582],[-92.7027,33.4529],[-92.7073,33.4445],[-92.7051,33.4389],[-92.706,33.4331],[-92.7051,33.431],[-92.6955,33.4305],[-92.6862,33.4318],[-92.6741,33.4305],[-92.6628,33.4352],[-92.6574,33.4358],[-92.6538,33.4345],[-92.6514,33.4319],[-92.651,33.429],[-92.6557,33.4246],[-92.6555,33.4232],[-92.6435,33.4255],[-92.6428,33.424],[-92.6458,33.4199],[-92.6463,33.4158],[-92.6364,33.4153],[-92.634,33.4115],[-92.6345,33.4058],[-92.6357,33.4046],[-92.6381,33.4045],[-92.6437,33.4071],[-92.6461,33.4054],[-92.6467,33.4032],[-92.6443,33.3967],[-92.6355,33.3977],[-92.6316,33.4009],[-92.6262,33.4027],[-92.621,33.4084],[-92.6177,33.4096],[-92.6145,33.4087],[-92.6119,33.4042],[-92.6074,33.4022],[-92.6005,33.4017],[-92.5922,33.4033],[-92.5882,33.4014],[-92.5832,33.3925],[-92.5862,33.385],[-92.582,33.3798],[-92.5804,33.3733],[-92.5778,33.3722],[-92.5736,33.3731],[-92.5711,33.3786],[-92.5685,33.3789],[-92.5663,33.3751],[-92.5679,33.3689],[-92.5664,33.366],[-92.562,33.3621],[-92.5579,33.362],[-92.5474,33.3664],[-92.5464,33.3595],[-92.5391,33.356],[-92.5319,33.3557],[-92.5354,33.3482],[-92.5286,33.3432],[-92.5291,33.3385],[-92.527,33.3357],[-92.5266,33.3322],[-92.5218,33.3338],[-92.5192,33.3313],[-92.5238,33.3276],[-92.5267,33.3207],[-92.5269,33.3069],[-92.5439,33.3074],[-92.5451,33.2926],[-92.5618,33.2929],[-92.5612,33.3076],[-92.6485,33.3088],[-92.6483,33.2655],[-92.6655,33.2658],[-92.6655,33.2798],[-92.6746,33.2801],[-92.6748,33.2772],[-92.7261,33.2774],[-92.7262,33.2809],[-92.7866,33.2817],[-92.7867,33.2743],[-92.8046,33.2744],[-92.8045,33.2238],[-92.8217,33.2246],[-92.8219,33.1949],[-92.8731,33.1988],[-92.8738,33.1697],[-92.8909,33.1712],[-92.8913,33.1417],[-92.9156,33.1434],[-92.916,33.1583],[-92.9845,33.1599],[-92.9785,33.3771],[-92.8389,33.3735],[-92.8382,33.4181],[-92.7948,33.4158],[-92.7686,33.4156],[-92.7677,33.4407],[-92.7511,33.4401],[-92.7507,33.4598],[-92.7199,33.4597]]]]}},{"type":"Feature","properties":{"leaid":"0512540","name":"Southside School District","kind":"Unified","gradeLow":"PK","gradeHigh":"12","state":"AR"},"geometry":{"type":"Polygon","coordinates":[[[-91.5236,35.7063],[-91.5095,35.6919],[-91.5052,35.6908],[-91.4975,35.6911],[-91.4946,35.6903],[-91.4939,35.6886],[-91.4954,35.6852],[-91.4979,35.6839],[-91.5164,35.6804],[-91.5161,35.6774],[-91.5123,35.6755],[-91.5066,35.6699],[-91.5065,35.6585],[-91.5243,35.6588],[-91.5251,35.6167],[-91.5795,35.6172],[-91.5782,35.6608],[-91.5594,35.6607],[-91.5593,35.6684],[-91.6322,35.6702],[-91.6325,35.663],[-91.6596,35.6635],[-91.6598,35.6525],[-91.6735,35.653],[-91.6733,35.6638],[-91.6873,35.6642],[-91.6871,35.681],[-91.698,35.681],[-91.698,35.6849],[-91.7006,35.6849],[-91.7005,35.6882],[-91.6986,35.6904],[-91.6924,35.692],[-91.6923,35.6957],[-91.6872,35.6964],[-91.6866,35.6933],[-91.6821,35.6933],[-91.6815,35.7114],[-91.6606,35.711],[-91.6604,35.7247],[-91.6507,35.7246],[-91.6505,35.732],[-91.6696,35.7324],[-91.6696,35.7457],[-91.6504,35.743],[-91.6502,35.76],[-91.6463,35.7607],[-91.6381,35.7582],[-91.6282,35.7485],[-91.6248,35.7466],[-91.6226,35.7421],[-91.6113,35.74],[-91.5977,35.7424],[-91.5871,35.7364],[-91.5833,35.7357],[-91.5762,35.7265],[-91.5713,35.7249],[-91.5641,35.7252],[-91.5621,35.721],[-91.5725,35.7093],[-91.5583,35.7009],[-91.5555,35.7002],[-91.5462,35.7027],[-91.5328,35.7092],[-91.5272,35.7084],[-91.5236,35.7063]]]}},{"type":"Feature","properties":{"leaid":"0512630","name":"Spring Hill School District","kind":"Unified","gradeLow":"PK","gradeHigh":"12","state":"AR"},"geometry":{"type":"Polygon","coordinates":[[[-93.6227,33.4795],[-93.72,33.482],[-93.7267,33.4877],[-93.7248,33.5694],[-93.7421,33.5697],[-93.7394,33.6288],[-93.6354,33.6258],[-93.6354,33.6196],[-93.6186,33.6191],[-93.6197,33.5817],[-93.598,33.5812],[-93.5987,33.5516],[-93.6005,33.4937],[-93.6134,33.494],[-93.6138,33.4903],[-93.6224,33.4905],[-93.6227,33.4795]]]}},{"type":"Feature","properties":{"leaid":"0512660","name":"Springdale School District","kind":"Unified","gradeLow":"PK","gradeHigh":"12","state":"AR"},"geometry":{"type":"Polygon","coordinates":[[[-93.8879,36.2351],[-93.9216,36.1488],[-93.9963,36.1502],[-93.9971,36.1282],[-94.0061,36.1284],[-94.0062,36.1212],[-94.0152,36.1213],[-94.0155,36.1071],[-94.0693,36.108],[-94.069,36.1225],[-94.1135,36.1233],[-94.1143,36.1269],[-94.1134,36.1276],[-94.1149,36.127],[-94.1149,36.1283],[-94.1156,36.127],[-94.1178,36.127],[-94.1178,36.1261],[-94.1145,36.126],[-94.1156,36.1233],[-94.1179,36.1234],[-94.1179,36.125],[-94.1188,36.1234],[-94.1313,36.1236],[-94.1311,36.1309],[-94.14,36.1311],[-94.1405,36.1166],[-94.1583,36.117],[-94.1582,36.1206],[-94.1538,36.1205],[-94.1532,36.1386],[-94.2024,36.1394],[-94.2027,36.1249],[-94.2879,36.1267],[-94.2881,36.1121],[-94.3014,36.1123],[-94.3013,36.116],[-94.3093,36.1163],[-94.3102,36.1163],[-94.3103,36.1127],[-94.3191,36.1129],[-94.3191,36.12],[-94.3458,36.1205],[-94.3454,36.135],[-94.3544,36.1351],[-94.3542,36.1422],[-94.3362,36.142],[-94.3336,36.2147],[-94.2978,36.2139],[-94.2973,36.2283],[-94.2794,36.2279],[-94.2794,36.2316],[-94.2746,36.2316],[-94.2738,36.2534],[-94.2608,36.253],[-94.261,36.242],[-94.2477,36.2417],[-94.2479,36.2346],[-94.2117,36.2342],[-94.2152,36.2372],[-94.2184,36.2375],[-94.2253,36.2404],[-94.2252,36.2415],[-94.209,36.2412],[-94.1731,36.2405],[-94.1732,36.2331],[-94.1717,36.2331],[-94.1687,36.2331],[-94.1686,36.2403],[-94.1551,36.2399],[-94.1554,36.2326],[-94.1508,36.2327],[-94.1508,36.24],[-94.1327,36.2394],[-94.1327,36.2358],[-94.1282,36.2357],[-94.1282,36.2393],[-94.1192,36.239],[-94.1194,36.2318],[-94.1107,36.2317],[-94.1106,36.2389],[-94.1061,36.2388],[-94.106,36.2424],[-94.1015,36.2424],[-94.1014,36.246],[-94.0654,36.2451],[-94.0655,36.2415],[-94.0475,36.2413],[-94.0467,36.2665],[-94.011,36.2658],[-94.0114,36.2464],[-94.0071,36.245],[-93.9986,36.2372],[-93.8879,36.2351]]]}},{"type":"Feature","properties":{"leaid":"0513080","name":"Greene County Technical School District","kind":"Unified","gradeLow":"PK","gradeHigh":"12","state":"AR"},"geometry":{"type":"MultiPolygon","coordinates":[[[[-90.3116,36.1429],[-90.2351,36.1426],[-90.2357,36.1392],[-90.2456,36.1362],[-90.2453,36.1336],[-90.2477,36.1326],[-90.2493,36.1295],[-90.251,36.1296],[-90.2535,36.1272],[-90.2609,36.1273],[-90.2665,36.12],[-90.2722,36.1184],[-90.273,36.1168],[-90.2788,36.1174],[-90.2936,36.1141],[-90.2951,36.1126],[-90.2939,36.1099],[-90.2963,36.1094],[-90.2982,36.1073],[-90.2979,36.1029],[-90.3002,36.0977],[-90.3063,36.095],[-90.312,36.0946],[-90.3165,36.0906],[-90.3196,36.0896],[-90.3206,36.087],[-90.3189,36.0841],[-90.3203,36.081],[-90.3186,36.0796],[-90.3182,36.0761],[-90.3208,36.0732],[-90.3206,36.0713],[-90.3237,36.0716],[-90.328,36.0685],[-90.3333,36.0676],[-90.3363,36.0606],[-90.3333,36.0577],[-90.3337,36.0558],[-90.3378,36.0531],[-90.3369,36.0472],[-90.3409,36.0471],[-90.3434,36.0452],[-90.3437,36.043],[-90.3482,36.0416],[-90.3493,36.0389],[-90.3483,36.0351],[-90.3513,36.0311],[-90.3543,36.0303],[-90.3517,36.028],[-90.3518,36.0251],[-90.3649,36.013],[-90.377,35.9966],[-90.386,35.9885],[-90.3851,35.9792],[-90.3873,35.9762],[-90.3883,35.967],[-90.3873,35.9647],[-90.6736,35.9665],[-90.6738,35.9518],[-90.7192,35.9522],[-90.7191,35.9668],[-90.852,35.9679],[-90.8518,35.9712],[-90.849,35.9726],[-90.847,35.9717],[-90.847,35.9731],[-90.8437,35.9738],[-90.8448,35.9763],[-90.8452,35.9752],[-90.8478,35.9756],[-90.8487,35.978],[-90.8464,35.979],[-90.8422,35.978],[-90.8411,35.9816],[-90.8423,35.9832],[-90.8474,35.9839],[-90.8471,35.9858],[-90.8452,35.9867],[-90.8461,35.9885],[-90.8495,35.9879],[-90.8544,35.9905],[-90.8579,35.9902],[-90.8601,35.995],[-90.8583,35.9961],[-90.8576,35.9934],[-90.8536,35.9958],[-90.8555,35.9983],[-90.8551,36.0023],[-90.8458,36.0111],[-90.838,36.0222],[-90.8405,36.0368],[-90.8252,36.0557],[-90.8246,36.0682],[-90.8219,36.0706],[-90.8234,36.0736],[-90.822,36.0779],[-90.8205,36.0799],[-90.8153,36.0809],[-90.8112,36.0841],[-90.8099,36.0826],[-90.8084,36.0849],[-90.7341,36.0838],[-90.734,36.089],[-90.7068,36.0887],[-90.7069,36.0836],[-90.6349,36.0828],[-90.6357,36.057],[-90.6011,36.0564],[-90.6015,36.0383],[-90.5752,36.0384],[-90.5751,36.0458],[-90.5661,36.0458],[-90.5659,36.0673],[-90.5478,36.0672],[-90.5478,36.0708],[-90.5299,36.0708],[-90.53,36.0671],[-90.521,36.0671],[-90.5211,36.0525],[-90.5124,36.0524],[-90.5126,36.0417],[-90.4946,36.0417],[-90.4947,36.0387],[-90.4679,36.0381],[-90.4676,36.045],[-90.4738,36.0493],[-90.4734,36.0589],[-90.4757,36.0599],[-90.4755,36.0633],[-90.4579,36.065],[-90.4574,36.0782],[-90.4396,36.078],[-90.4395,36.0853],[-90.4216,36.0852],[-90.4208,36.1181],[-90.4032,36.1183],[-90.403,36.1255],[-90.3984,36.1253],[-90.3984,36.1272],[-90.394,36.1271],[-90.394,36.1255],[-90.3895,36.1254],[-90.3894,36.1291],[-90.3762,36.1288],[-90.3761,36.1384],[-90.3426,36.1382],[-90.3412,36.1494],[-90.3193,36.1644],[-90.3119,36.1644],[-90.3116,36.1429]]],[[[-90.7344,36.2681],[-90.5932,36.2651],[-90.5935,36.2357],[-90.5647,36.2347],[-90.5717,36.2318],[-90.5729,36.1822],[-90.5696,36.1821],[-90.5702,36.1701],[-90.5774,36.1701],[-90.5775,36.1659],[-90.5849,36.1654],[-90.5845,36.1584],[-90.5891,36.1583],[-90.5889,36.1465],[-90.5817,36.1464],[-90.5823,36.126],[-90.6331,36.1263],[-90.6331,36.1472],[-90.6558,36.1476],[-90.6552,36.1624],[-90.6999,36.163],[-90.7,36.156],[-90.7444,36.1564],[-90.7475,36.1491],[-90.8824,36.1505],[-90.8815,36.1941],[-90.8432,36.1936],[-90.8432,36.1791],[-90.8091,36.1787],[-90.8067,36.267],[-90.7344,36.2681]]],[[[-90.6521,36.2883],[-90.6526,36.2737],[-90.6701,36.2744],[-90.6698,36.2888],[-90.6521,36.2883]]]]}},{"type":"Feature","properties":{"leaid":"0513110","name":"Texarkana School District","kind":"Unified","gradeLow":"PK","gradeHigh":"12","state":"AR"},"geometry":{"type":"Polygon","coordinates":[[[-93.7347,33.4939],[-93.72,33.482],[-93.7366,33.482],[-93.7478,33.4797],[-93.7514,33.4757],[-93.7515,33.4697],[-93.7688,33.4702],[-93.7688,33.4663],[-93.7775,33.4662],[-93.7775,33.4628],[-93.7863,33.4631],[-93.7863,33.456],[-93.8381,33.4568],[-93.8389,33.4382],[-93.8563,33.4386],[-93.8562,33.4427],[-93.9427,33.444],[-93.9434,33.415],[-93.952,33.415],[-93.9527,33.386],[-93.9613,33.3864],[-93.9615,33.3789],[-93.9573,33.3788],[-93.9574,33.3642],[-93.9576,33.3607],[-93.9619,33.3607],[-93.9624,33.3497],[-93.971,33.3501],[-93.9711,33.3428],[-93.9885,33.343],[-93.9891,33.314],[-93.9808,33.3138],[-93.9827,33.2347],[-93.9859,33.2369],[-93.9852,33.2402],[-93.9885,33.2392],[-93.9903,33.2415],[-93.996,33.2374],[-93.9986,33.2391],[-93.9992,33.2418],[-94.0018,33.2422],[-94.0024,33.2443],[-94.0043,33.2417],[-94.0063,33.2426],[-94.0111,33.2493],[-94.0102,33.2508],[-94.0075,33.2515],[-94.0099,33.2541],[-94.0095,33.2593],[-94.0074,33.2593],[-94.0074,33.2601],[-94.009,33.2612],[-94.0117,33.2599],[-94.0133,33.2619],[-94.0134,33.266],[-94.0164,33.2642],[-94.0207,33.2656],[-94.0216,33.2693],[-94.0262,33.2739],[-94.0296,33.2739],[-94.0315,33.268],[-94.043,33.2712],[-94.0433,33.5522],[-94.0227,33.5569],[-94.0089,33.5653],[-94.0007,33.5645],[-93.9958,33.5611],[-93.9942,33.558],[-93.9946,33.5541],[-93.9983,33.5474],[-93.9981,33.5446],[-93.9907,33.5361],[-93.9844,33.535],[-93.9782,33.541],[-93.9733,33.5544],[-93.9738,33.5574],[-93.9764,33.5601],[-93.9829,33.5621],[-93.9837,33.5634],[-93.9824,33.568],[-93.9793,33.5704],[-93.9727,33.5729],[-93.964,33.5725],[-93.9596,33.568],[-93.9581,33.553],[-93.9533,33.5502],[-93.9472,33.5508],[-93.9435,33.553],[-93.9415,33.5636],[-93.9357,33.5756],[-93.9315,33.5801],[-93.9258,33.5812],[-93.9189,33.5796],[-93.9101,33.5693],[-93.9064,33.5692],[-93.9032,33.5709],[-93.9022,33.576],[-93.9044,33.5796],[-93.9142,33.5842],[-93.9164,33.5875],[-93.9161,33.5891],[-93.9057,33.5953],[-93.9007,33.5934],[-93.898,33.5902],[-93.8974,33.5856],[-93.8997,33.5812],[-93.898,33.5801],[-93.8797,33.5907],[-93.874,33.5982],[-93.872,33.6041],[-93.8631,33.6102],[-93.8521,33.609],[-93.8368,33.6031],[-93.8312,33.603],[-93.8255,33.6069],[-93.8259,33.6099],[-93.824,33.6124],[-93.8193,33.6139],[-93.8135,33.6068],[-93.8126,33.5975],[-93.8152,33.5892],[-93.8274,33.5761],[-93.8278,33.5738],[-93.8264,33.5709],[-93.8221,33.569],[-93.8055,33.568],[-93.8004,33.5641],[-93.8002,33.5591],[-93.8093,33.5487],[-93.8096,33.5453],[-93.8054,33.5417],[-93.7989,33.5416],[-93.7945,33.5459],[-93.7888,33.5561],[-93.7862,33.5573],[-93.7837,33.556],[-93.7818,33.5525],[-93.7831,33.5482],[-93.7863,33.5454],[-93.7957,33.5408],[-93.7976,33.5356],[-93.7951,33.5315],[-93.7851,33.5279],[-93.7777,33.5291],[-93.7711,33.5332],[-93.769,33.5321],[-93.7684,33.5299],[-93.7696,33.5269],[-93.7774,33.525],[-93.7803,33.5207],[-93.7736,33.5099],[-93.7735,33.5015],[-93.7721,33.4986],[-93.7606,33.499],[-93.756,33.5022],[-93.7553,33.5054],[-93.7626,33.5107],[-93.7647,33.5144],[-93.7634,33.5189],[-93.7603,33.5233],[-93.7477,33.5343],[-93.7442,33.5331],[-93.7421,33.5307],[-93.7419,33.5276],[-93.749,33.516],[-93.7491,33.5128],[-93.7407,33.5052],[-93.7347,33.4939]]]}},{"type":"Feature","properties":{"leaid":"0513350","name":"Valley Springs School District","kind":"Unified","gradeLow":"PK","gradeHigh":"12","state":"AR"},"geometry":{"type":"Polygon","coordinates":[[[-92.9611,36.2485],[-92.9613,36.2359],[-92.9703,36.2361],[-92.9705,36.2304],[-92.9796,36.2304],[-92.9794,36.2177],[-92.9884,36.2177],[-92.9884,36.1886],[-92.9973,36.1886],[-92.9974,36.1814],[-92.993,36.1814],[-92.9929,36.1795],[-92.9884,36.1795],[-92.9884,36.1778],[-92.9795,36.1778],[-92.9796,36.1741],[-92.9257,36.1737],[-92.9257,36.1807],[-92.9076,36.1805],[-92.9076,36.1769],[-92.8895,36.1768],[-92.8907,36.1142],[-93.066,36.1167],[-93.0957,36.1193],[-93.0968,36.134],[-93.0965,36.1679],[-93.0789,36.1677],[-93.0787,36.1784],[-93.0831,36.1788],[-93.0833,36.1848],[-93.0832,36.1897],[-93.0786,36.1897],[-93.0778,36.2188],[-93.0806,36.2189],[-93.0838,36.2228],[-93.0859,36.2294],[-93.0854,36.2333],[-93.0734,36.2333],[-93.0731,36.2494],[-93.0701,36.2499],[-93.0667,36.2471],[-93.0671,36.2388],[-93.0588,36.2359],[-93.0542,36.2388],[-93.054,36.245],[-93.0484,36.2453],[-93.0465,36.2405],[-93.0376,36.2392],[-93.0378,36.2449],[-93.0421,36.2495],[-93.0398,36.2521],[-93.0371,36.2522],[-93.0351,36.254],[-93.0336,36.2542],[-93.0314,36.2522],[-93.0253,36.253],[-93.0216,36.2513],[-93.0195,36.2514],[-93.0172,36.2533],[-93.0164,36.2519],[-93.0177,36.2488],[-93.0128,36.2461],[-93.0114,36.242],[-93.008,36.2392],[-93.0005,36.2405],[-92.994,36.2425],[-92.993,36.2439],[-92.9901,36.2433],[-92.9874,36.2394],[-92.9885,36.2349],[-92.9871,36.2325],[-92.9827,36.2333],[-92.9807,36.2433],[-92.9789,36.2432],[-92.9761,36.2389],[-92.9736,36.2375],[-92.9694,36.2425],[-92.9691,36.2448],[-92.9611,36.2485]]]}},{"type":"Feature","properties":{"leaid":"0513380","name":"Valley View School District","kind":"Unified","gradeLow":"PK","gradeHigh":"12","state":"AR"},"geometry":{"type":"Polygon","coordinates":[[[-90.7748,35.8429],[-90.7749,35.8358],[-90.7843,35.8357],[-90.7844,35.821],[-90.7755,35.8211],[-90.7761,35.8065],[-90.714,35.8069],[-90.7141,35.7925],[-90.6964,35.7925],[-90.6968,35.7706],[-90.661,35.7706],[-90.6613,35.7633],[-90.643,35.7631],[-90.6438,35.7048],[-90.9303,35.7065],[-90.9296,35.7645],[-90.8759,35.7639],[-90.8741,35.8369],[-90.8202,35.8359],[-90.82,35.8431],[-90.7748,35.8429]]]}},{"type":"Feature","properties":{"leaid":"0513410","name":"Van Buren School District","kind":"Unified","gradeLow":"PK","gradeHigh":"12","state":"AR"},"geometry":{"type":"Polygon","coordinates":[[[-94.3715,35.543],[-94.336,35.542],[-94.3361,35.5384],[-94.3255,35.5381],[-94.3269,35.5089],[-94.2828,35.508],[-94.283,35.5044],[-94.2784,35.5041],[-94.2786,35.5005],[-94.2742,35.5005],[-94.2748,35.4788],[-94.2836,35.479],[-94.2837,35.4716],[-94.2882,35.4717],[-94.2884,35.4645],[-94.2396,35.4634],[-94.2398,35.4562],[-94.2219,35.4557],[-94.2224,35.434],[-94.2046,35.4337],[-94.2044,35.4387],[-94.2006,35.4415],[-94.1956,35.4399],[-94.1891,35.4418],[-94.1866,35.4404],[-94.1711,35.4403],[-94.1673,35.4391],[-94.1613,35.4353],[-94.1613,35.4328],[-94.1572,35.4258],[-94.1406,35.414],[-94.1343,35.4047],[-94.1314,35.3919],[-94.1342,35.3845],[-94.1396,35.38],[-94.1446,35.3781],[-94.1652,35.3792],[-94.1765,35.3773],[-94.1816,35.3751],[-94.2044,35.3599],[-94.2162,35.3559],[-94.2294,35.3533],[-94.2435,35.3565],[-94.2518,35.3563],[-94.2597,35.3535],[-94.2694,35.3453],[-94.2762,35.3435],[-94.2851,35.3438],[-94.2913,35.3462],[-94.3176,35.3628],[-94.3368,35.3679],[-94.3433,35.3713],[-94.347,35.3775],[-94.3483,35.3828],[-94.3373,35.4013],[-94.3375,35.4085],[-94.3406,35.4152],[-94.3476,35.4231],[-94.3704,35.4365],[-94.3826,35.447],[-94.3886,35.4494],[-94.3962,35.4501],[-94.4056,35.4496],[-94.4136,35.4477],[-94.4199,35.4439],[-94.4246,35.4386],[-94.4265,35.4311],[-94.4235,35.4189],[-94.4235,35.4113],[-94.431,35.3932],[-94.4517,35.5128],[-94.3814,35.5105],[-94.3814,35.5024],[-94.3828,35.5005],[-94.3817,35.5],[-94.382,35.4961],[-94.3731,35.4957],[-94.3727,35.5238],[-94.3717,35.5252],[-94.3721,35.5307],[-94.3711,35.531],[-94.3715,35.543]]]}},{"type":"Feature","properties":{"leaid":"0513530","name":"Vilonia School District","kind":"Unified","gradeLow":"PK","gradeHigh":"12","state":"AR"},"geometry":{"type":"Polygon","coordinates":[[[-92.1172,35.1498],[-92.1215,35.0122],[-92.2451,35.015],[-92.2452,35.0113],[-92.2804,35.012],[-92.2811,34.9903],[-92.3162,34.9907],[-92.317,34.9728],[-92.3607,34.9743],[-92.3604,34.9852],[-92.3559,34.9851],[-92.3557,34.9959],[-92.3513,34.9958],[-92.3511,35.0064],[-92.3467,35.0061],[-92.3465,35.013],[-92.3376,35.0128],[-92.3375,35.0162],[-92.333,35.0162],[-92.3315,35.0602],[-92.3313,35.0677],[-92.3358,35.0676],[-92.3356,35.0747],[-92.3491,35.0748],[-92.3486,35.0895],[-92.3576,35.0896],[-92.3572,35.0971],[-92.3662,35.0973],[-92.3655,35.1084],[-92.3567,35.1082],[-92.3564,35.1191],[-92.2949,35.1178],[-92.2946,35.1285],[-92.2768,35.1281],[-92.2769,35.1246],[-92.2858,35.1247],[-92.2861,35.1176],[-92.2639,35.1172],[-92.264,35.1138],[-92.2421,35.113],[-92.2419,35.1167],[-92.2242,35.1162],[-92.224,35.1304],[-92.1885,35.1298],[-92.1884,35.137],[-92.1706,35.1368],[-92.1705,35.1404],[-92.1618,35.1401],[-92.1616,35.1437],[-92.1528,35.1434],[-92.1527,35.1471],[-92.135,35.1466],[-92.1349,35.1501],[-92.1172,35.1498]]]}},{"type":"Feature","properties":{"leaid":"0514010","name":"West Fork School District","kind":"Unified","gradeLow":"PK","gradeHigh":"12","state":"AR"},"geometry":{"type":"MultiPolygon","coordinates":[[[[-93.9783,35.8338],[-93.9793,35.8042],[-93.9615,35.8039],[-93.9631,35.761],[-94.0532,35.7632],[-94.0515,35.8213],[-94.0162,35.82],[-94.0159,35.8347],[-93.9783,35.8338]]],[[[-94.2247,35.9628],[-94.179,35.9616],[-94.1791,35.958],[-94.1702,35.9578],[-94.1704,35.9505],[-94.1749,35.9506],[-94.1749,35.9543],[-94.1792,35.9544],[-94.1795,35.9471],[-94.175,35.9469],[-94.1753,35.9397],[-94.1575,35.9394],[-94.1579,35.9249],[-94.1624,35.9249],[-94.1629,35.9104],[-94.1404,35.9101],[-94.1405,35.9064],[-94.1316,35.9063],[-94.1314,35.91],[-94.1093,35.9093],[-94.109,35.9161],[-94.1001,35.9158],[-94.1012,35.8797],[-94.1104,35.8799],[-94.1106,35.8729],[-94.1281,35.8734],[-94.1289,35.8553],[-94.1646,35.8559],[-94.1654,35.8379],[-94.1752,35.8381],[-94.1754,35.8242],[-94.2277,35.8256],[-94.2285,35.7971],[-94.2639,35.7978],[-94.2654,35.7543],[-94.3742,35.7572],[-94.3737,35.7715],[-94.3649,35.7714],[-94.3645,35.7862],[-94.3555,35.7862],[-94.3554,35.8002],[-94.3464,35.8001],[-94.3459,35.8146],[-94.337,35.8146],[-94.3362,35.8412],[-94.3258,35.841],[-94.3245,35.8921],[-94.3068,35.8919],[-94.3067,35.9027],[-94.3022,35.9026],[-94.3022,35.899],[-94.2977,35.899],[-94.2976,35.9025],[-94.2887,35.9023],[-94.2886,35.9096],[-94.2842,35.9095],[-94.2841,35.9132],[-94.2793,35.9131],[-94.2787,35.9348],[-94.2743,35.9347],[-94.2741,35.942],[-94.2386,35.9414],[-94.2384,35.9487],[-94.2251,35.9484],[-94.2247,35.9628]]]]}},{"type":"Feature","properties":{"leaid":"0514020","name":"Westside School District","kind":"Unified","gradeLow":"PK","gradeHigh":"12","state":"AR"},"geometry":{"type":"Polygon","coordinates":[[[-93.6678,35.565],[-93.6314,35.5639],[-93.6319,35.5578],[-93.6299,35.5565],[-93.631,35.5558],[-93.6302,35.5532],[-93.6282,35.5525],[-93.6266,35.5474],[-93.6191,35.5452],[-93.6203,35.5346],[-93.6155,35.5344],[-93.6162,35.52],[-93.5982,35.5195],[-93.5989,35.5048],[-93.5756,35.504],[-93.5764,35.4896],[-93.5631,35.4892],[-93.5633,35.4829],[-93.5608,35.4819],[-93.5455,35.4814],[-93.546,35.4704],[-93.5504,35.4705],[-93.5506,35.4666],[-93.5549,35.4668],[-93.5551,35.4634],[-93.5642,35.4636],[-93.5643,35.46],[-93.5553,35.4597],[-93.5555,35.4524],[-93.56,35.4525],[-93.5603,35.4453],[-93.5556,35.4452],[-93.556,35.4381],[-93.5652,35.4384],[-93.5654,35.431],[-93.5476,35.4306],[-93.5475,35.4264],[-93.5387,35.4263],[-93.5387,35.4228],[-93.5478,35.423],[-93.5485,35.4024],[-93.5522,35.3987],[-93.561,35.3923],[-93.5755,35.387],[-93.6071,35.3806],[-93.6224,35.3801],[-93.6391,35.3878],[-93.6479,35.3904],[-93.6601,35.4014],[-93.6668,35.4047],[-93.6699,35.404],[-93.6736,35.4011],[-93.6773,35.3949],[-93.6815,35.3833],[-93.687,35.3783],[-93.6983,35.3742],[-93.7097,35.3751],[-93.7029,35.566],[-93.6862,35.5656],[-93.6863,35.562],[-93.6769,35.5617],[-93.677,35.5581],[-93.67,35.5578],[-93.6682,35.5578],[-93.6678,35.565]]]}},{"type":"Feature","properties":{"leaid":"0514040","name":"West Side School District","kind":"Unified","gradeLow":"PK","gradeHigh":"12","state":"AR"},"geometry":{"type":"Polygon","coordinates":[[[-92.0232,35.7077],[-92.0243,35.577],[-92.0029,35.5765],[-92.0035,35.5593],[-92.0149,35.5506],[-92.0194,35.5451],[-92.0233,35.5466],[-92.0248,35.5459],[-92.0293,35.5367],[-92.0392,35.5392],[-92.045,35.5372],[-92.0473,35.532],[-92.0435,35.5218],[-92.0435,35.5167],[-92.0453,35.5082],[-92.0485,35.5044],[-92.0513,35.504],[-92.062,35.5087],[-92.0791,35.5115],[-92.0846,35.5108],[-92.0988,35.5169],[-92.1086,35.5092],[-92.1127,35.5047],[-92.1158,35.4978],[-92.1162,35.4932],[-92.1151,35.4892],[-92.1115,35.484],[-92.1066,35.4824],[-92.1034,35.485],[-92.1037,35.465],[-92.1572,35.4649],[-92.1569,35.4795],[-92.1432,35.4795],[-92.144,35.4817],[-92.143,35.5139],[-92.1436,35.5158],[-92.1517,35.5159],[-92.1517,35.5225],[-92.2074,35.5232],[-92.2113,35.5228],[-92.2113,35.5191],[-92.2131,35.519],[-92.2131,35.5157],[-92.2325,35.516],[-92.2489,35.5164],[-92.2488,35.5235],[-92.316,35.5253],[-92.3156,35.5514],[-92.2829,35.5629],[-92.2827,35.5571],[-92.2805,35.5534],[-92.2772,35.5516],[-92.2717,35.5515],[-92.2554,35.558],[-92.25,35.562],[-92.2443,35.5692],[-92.2408,35.7121],[-92.0232,35.7077]]]}},{"type":"Feature","properties":{"leaid":"0514140","name":"White Hall School District","kind":"Unified","gradeLow":"PK","gradeHigh":"12","state":"AR"},"geometry":{"type":"Polygon","coordinates":[[[-92.1437,34.4916],[-92.1352,34.4853],[-92.1151,34.4756],[-92.1108,34.4725],[-92.1068,34.4666],[-92.1059,34.4547],[-92.1104,34.4474],[-92.1211,34.4382],[-92.1228,34.4313],[-92.1207,34.4259],[-92.1131,34.4191],[-92.0986,34.4094],[-92.0879,34.4049],[-92.0763,34.3979],[-92.0694,34.3912],[-92.0677,34.3874],[-92.0665,34.3795],[-92.0685,34.356],[-92.0619,34.3389],[-92.0507,34.3241],[-92.0509,34.3077],[-92.0518,34.2558],[-92.0696,34.2563],[-92.0699,34.2272],[-92.1624,34.2292],[-92.162,34.2438],[-92.1223,34.243],[-92.1214,34.3166],[-92.2105,34.3182],[-92.208,34.4928],[-92.1437,34.4916]]]}},{"type":"Feature","properties":{"leaid":"0514430","name":"Wynne Public Schools","kind":"Unified","gradeLow":"PK","gradeHigh":"12","state":"AR"},"geometry":{"type":"Polygon","coordinates":[[[-90.6109,35.4436],[-90.6109,35.4417],[-90.5024,35.4416],[-90.5025,35.4393],[-90.5045,35.4386],[-90.5127,35.4404],[-90.5193,35.4374],[-90.534,35.437],[-90.5381,35.4356],[-90.5401,35.4317],[-90.5359,35.4193],[-90.5406,35.4164],[-90.5511,35.4166],[-90.552,35.4154],[-90.5489,35.4127],[-90.5436,35.4113],[-90.5434,35.4044],[-90.5466,35.4027],[-90.556,35.4016],[-90.5584,35.3998],[-90.5578,35.3974],[-90.5444,35.3897],[-90.5432,35.386],[-90.5542,35.3765],[-90.5729,35.3737],[-90.5756,35.3714],[-90.5776,35.3658],[-90.5741,35.3596],[-90.5665,35.3575],[-90.5548,35.3617],[-90.5413,35.3712],[-90.523,35.3718],[-90.5204,35.3711],[-90.5169,35.3673],[-90.5162,35.3623],[-90.518,35.3589],[-90.5239,35.3555],[-90.5322,35.3555],[-90.5383,35.3542],[-90.5031,35.354],[-90.5065,35.1787],[-90.5022,35.1788],[-90.503,35.1433],[-90.6008,35.1449],[-90.6115,35.1452],[-90.6115,35.1464],[-90.6373,35.147],[-90.6372,35.1452],[-90.7216,35.1469],[-90.7216,35.148],[-90.8193,35.1481],[-90.8381,35.1491],[-90.8742,35.1481],[-90.9357,35.1488],[-90.9535,35.1473],[-91.0426,35.1482],[-91.0411,35.2227],[-91.059,35.2222],[-91.0585,35.2368],[-91.0495,35.2369],[-91.0493,35.2514],[-91.0583,35.2511],[-91.0582,35.2664],[-91.0405,35.2661],[-91.0399,35.2952],[-90.9483,35.2946],[-90.948,35.3008],[-90.9393,35.3009],[-90.9393,35.3093],[-90.8529,35.3114],[-90.8528,35.297],[-90.8263,35.2985],[-90.8269,35.2688],[-90.7381,35.2681],[-90.7383,35.2539],[-90.6123,35.2529],[-90.6113,35.405],[-90.6337,35.4052],[-90.6177,35.4393],[-90.6169,35.4405],[-90.6151,35.4404],[-90.6143,35.4433],[-90.6109,35.4436]]]}},{"type":"Feature","properties":{"leaid":"0514490","name":"Yellville-Summit School District","kind":"Unified","gradeLow":"PK","gradeHigh":"12","state":"AR"},"geometry":{"type":"Polygon","coordinates":[[[-92.7621,36.4978],[-92.7566,36.4923],[-92.7564,36.4788],[-92.7544,36.4732],[-92.7428,36.4606],[-92.733,36.4577],[-92.7278,36.4581],[-92.7233,36.4604],[-92.7145,36.4608],[-92.7092,36.4595],[-92.7055,36.4561],[-92.7062,36.4516],[-92.7123,36.4472],[-92.7325,36.4438],[-92.7388,36.4405],[-92.7458,36.4338],[-92.7459,36.4313],[-92.7442,36.429],[-92.7376,36.4256],[-92.7243,36.4242],[-92.7074,36.4316],[-92.6851,36.4325],[-92.685,36.4158],[-92.6683,36.4157],[-92.6694,36.3937],[-92.6786,36.3937],[-92.6788,36.3728],[-92.67,36.3727],[-92.67,36.3653],[-92.6788,36.3655],[-92.6786,36.3581],[-92.7169,36.3586],[-92.717,36.3518],[-92.7224,36.3518],[-92.7235,36.315],[-92.7062,36.3145],[-92.7071,36.2899],[-92.7026,36.2896],[-92.7028,36.286],[-92.6893,36.2853],[-92.6885,36.2996],[-92.6709,36.2991],[-92.6721,36.2704],[-92.6544,36.2692],[-92.6549,36.2627],[-92.6724,36.2631],[-92.6728,36.2559],[-92.6551,36.2553],[-92.6554,36.2405],[-92.6362,36.2404],[-92.6362,36.2495],[-92.6284,36.2493],[-92.6282,36.2547],[-92.6328,36.2548],[-92.6327,36.2584],[-92.6191,36.2582],[-92.6188,36.2655],[-92.6134,36.2653],[-92.6145,36.2617],[-92.6118,36.2617],[-92.6117,36.2635],[-92.61,36.2634],[-92.6101,36.2609],[-92.6112,36.2609],[-92.6101,36.2606],[-92.6103,36.2544],[-92.6061,36.2543],[-92.6064,36.2469],[-92.6021,36.2469],[-92.6027,36.2397],[-92.5961,36.2396],[-92.5962,36.2327],[-92.5908,36.2327],[-92.5909,36.2301],[-92.5863,36.2301],[-92.5869,36.1921],[-92.5637,36.1915],[-92.5636,36.188],[-92.5613,36.1879],[-92.5613,36.1842],[-92.541,36.1839],[-92.5408,36.1875],[-92.5477,36.1876],[-92.5476,36.1911],[-92.5154,36.1908],[-92.5157,36.1798],[-92.4973,36.1796],[-92.4973,36.1656],[-92.4796,36.165],[-92.4808,36.1209],[-92.5168,36.1214],[-92.5176,36.1072],[-92.5529,36.1079],[-92.5534,36.0937],[-92.5359,36.0933],[-92.5363,36.0792],[-92.5184,36.0787],[-92.5189,36.0645],[-92.5814,36.0654],[-92.5817,36.0438],[-92.5729,36.0436],[-92.5732,36.0352],[-92.5621,36.0349],[-92.5623,36.0301],[-92.5556,36.03],[-92.5563,36.0077],[-92.5897,36.0082],[-92.5897,36.0228],[-92.6211,36.0233],[-92.6198,36.0209],[-92.6297,36.0133],[-92.6376,36.0119],[-92.64,36.015],[-92.64,36.0196],[-92.6416,36.0221],[-92.6415,36.0381],[-92.668,36.0385],[-92.6679,36.0531],[-92.6768,36.0532],[-92.6764,36.0667],[-92.6724,36.0666],[-92.6727,36.0674],[-92.6765,36.0698],[-92.6819,36.0679],[-92.6856,36.0692],[-92.6883,36.0722],[-92.6937,36.072],[-92.6951,36.0774],[-92.7048,36.0832],[-92.7037,36.0865],[-92.7077,36.0906],[-92.7121,36.098],[-92.6753,36.0967],[-92.6748,36.1242],[-92.706,36.1252],[-92.7057,36.1396],[-92.7144,36.1398],[-92.7144,36.147],[-92.71,36.1469],[-92.7095,36.1721],[-92.7139,36.1722],[-92.7138,36.1748],[-92.706,36.1746],[-92.706,36.1766],[-92.7103,36.1767],[-92.71,36.1795],[-92.7135,36.1795],[-92.7133,36.1831],[-92.7068,36.1828],[-92.7065,36.1914],[-92.714,36.1917],[-92.7138,36.1978],[-92.7261,36.1989],[-92.7264,36.1838],[-92.731,36.184],[-92.7306,36.1988],[-92.7396,36.1991],[-92.74,36.1845],[-92.7446,36.1847],[-92.7443,36.1919],[-92.751,36.1921],[-92.751,36.1943],[-92.762,36.1944],[-92.7625,36.1811],[-92.7761,36.1814],[-92.776,36.1897],[-92.7805,36.1898],[-92.7802,36.2034],[-92.7928,36.2034],[-92.7925,36.2103],[-92.7876,36.2103],[-92.7877,36.2147],[-92.7979,36.2149],[-92.7982,36.204],[-92.8119,36.2044],[-92.8116,36.2199],[-92.807,36.2197],[-92.8066,36.2368],[-92.8072,36.24],[-92.8107,36.24],[-92.8107,36.242],[-92.816,36.242],[-92.816,36.2496],[-92.8014,36.2493],[-92.8013,36.254],[-92.8044,36.2541],[-92.8041,36.2623],[-92.8064,36.2623],[-92.8063,36.2668],[-92.8005,36.2667],[-92.8007,36.2631],[-92.7974,36.2631],[-92.7972,36.256],[-92.7901,36.2647],[-92.7907,36.2689],[-92.7865,36.2689],[-92.7864,36.2753],[-92.7933,36.2756],[-92.7932,36.2828],[-92.7968,36.2828],[-92.7967,36.2912],[-92.8034,36.2911],[-92.8034,36.2955],[-92.8145,36.2954],[-92.8147,36.291],[-92.8228,36.2911],[-92.8227,36.2955],[-92.8287,36.2956],[-92.8285,36.3101],[-92.8112,36.3098],[-92.8112,36.312],[-92.8054,36.312],[-92.8049,36.3382],[-92.7986,36.3381],[-92.7986,36.341],[-92.8071,36.3411],[-92.807,36.3465],[-92.8279,36.3469],[-92.8278,36.3505],[-92.8325,36.3506],[-92.8312,36.4569],[-92.8262,36.4599],[-92.8211,36.471],[-92.8137,36.4768],[-92.8078,36.4769],[-92.7944,36.4725],[-92.79,36.4726],[-92.7848,36.4749],[-92.7806,36.4821],[-92.7814,36.4871],[-92.785,36.4938],[-92.7848,36.4978],[-92.7621,36.4978]]]}},{"type":"Feature","properties":{"leaid":"0514400","name":"Woodlawn School District","kind":"Unified","gradeLow":"PK","gradeHigh":"12","state":"AR"},"geometry":{"type":"Polygon","coordinates":[[[-91.9761,33.8899],[-91.9759,33.7044],[-92.0367,33.7044],[-92.0366,33.7061],[-92.0404,33.7098],[-92.0395,33.7115],[-92.0428,33.7135],[-92.0446,33.717],[-92.0388,33.7198],[-92.0378,33.7235],[-92.0391,33.724],[-92.0428,33.7218],[-92.0431,33.7246],[-92.0467,33.7268],[-92.0509,33.733],[-92.0535,33.7353],[-92.0577,33.7361],[-92.0541,33.7417],[-92.0584,33.7435],[-92.0596,33.7453],[-92.0593,33.7501],[-92.0564,33.7499],[-92.0552,33.752],[-92.06,33.7603],[-92.0554,33.7631],[-92.0492,33.7635],[-92.0397,33.7689],[-92.0321,33.7777],[-92.0281,33.7772],[-92.0277,33.8355],[-92.0453,33.8357],[-92.0456,33.8627],[-92.0753,33.8626],[-92.0748,33.8651],[-92.0787,33.8661],[-92.0772,33.8668],[-92.0787,33.8687],[-92.0775,33.8685],[-92.0774,33.8703],[-92.0798,33.8701],[-92.0806,33.8744],[-92.084,33.8739],[-92.0839,33.8764],[-92.0852,33.8778],[-92.0796,33.8778],[-92.0801,33.9232],[-92.0681,33.9233],[-92.068,33.9593],[-92.081,33.9594],[-92.0806,33.9523],[-92.121,33.953],[-92.1214,33.9765],[-92.0748,33.9765],[-92.0765,34.0635],[-92.0266,34.0638],[-92.0264,34.0621],[-92.0232,34.0605],[-92.0232,34.057],[-92.0197,34.0548],[-92.0215,34.0514],[-92.0188,34.0482],[-92.0185,34.0431],[-92.0202,34.0418],[-92.017,34.0391],[-92.0158,34.0369],[-92.0165,34.0356],[-92.0133,34.0319],[-92.0135,34.03],[-92.015,34.0293],[-92.0138,34.0268],[-92.0156,34.0271],[-92.0159,34.0257],[-92.0136,34.0245],[-92.0146,34.0227],[-92.0112,34.0217],[-92.01,34.0194],[-92.0106,34.0161],[-92.0089,34.0145],[-92.0101,34.0143],[-92.0082,34.011],[-92.0088,34.0096],[-92.005,34.0051],[-92.0031,33.9999],[-92.0049,33.9993],[-92.0031,33.998],[-92.005,33.9966],[-92.0033,33.9961],[-92.0036,33.9929],[-92.0019,33.9934],[-92.0023,33.9916],[-92.0004,33.9903],[-92.0011,33.9887],[-92.0032,33.9886],[-92.0022,33.9868],[-92.004,33.9868],[-92.0037,33.9844],[-92.0067,33.9826],[-92.0062,33.9813],[-92.0073,33.9806],[-92.0066,33.9772],[-92.0052,33.9766],[-92.0073,33.9765],[-92.0057,33.9755],[-92.0075,33.9744],[-92.0074,33.973],[-92.0052,33.972],[-92.0064,33.9712],[-92.0058,33.9702],[-92.0043,33.9712],[-92.0028,33.9688],[-92.0026,33.9659],[-92.0042,33.9666],[-92.0036,33.9652],[-92.0046,33.9647],[-92.004,33.9625],[-92.0026,33.9624],[-92.0027,33.9612],[-92.0017,33.9622],[-92.0015,33.9611],[-92.0013,33.9588],[-92.0052,33.9565],[-92.0052,33.954],[-92.0026,33.9522],[-92.0032,33.9492],[-92.0014,33.9472],[-92.0017,33.9454],[-92.003,33.9453],[-92.0021,33.9444],[-92.0046,33.9443],[-92.0019,33.9429],[-92.002,33.9405],[-92.0031,33.9398],[-92.0017,33.9384],[-92.0047,33.9314],[-92.0034,33.9301],[-92.0051,33.9299],[-92.0031,33.9297],[-92.0051,33.9283],[-92.0037,33.9271],[-92.0059,33.9267],[-92.006,33.9248],[-92.0072,33.9248],[-92.0051,33.9239],[-92.0068,33.9226],[-92.0051,33.9218],[-92.0069,33.9212],[-92.0058,33.919],[-92.0078,33.9188],[-92.009,33.9173],[-92.0082,33.9165],[-92.0095,33.9159],[-92.006,33.9149],[-92.0067,33.9137],[-92.0053,33.9131],[-92.0062,33.9125],[-92.0038,33.9114],[-92.0043,33.9099],[-92.0016,33.9081],[-92.003,33.9073],[-92.0003,33.9079],[-92.0014,33.9058],[-91.9961,33.905],[-91.995,33.9032],[-91.9959,33.9023],[-91.9942,33.9019],[-91.9942,33.903],[-91.9937,33.9015],[-91.9909,33.9008],[-91.9916,33.8992],[-91.9871,33.8983],[-91.9845,33.8952],[-91.9825,33.8958],[-91.9812,33.8926],[-91.9798,33.8922],[-91.9812,33.8912],[-91.9801,33.8903],[-91.9816,33.8899],[-91.9761,33.8899]]]}},{"type":"Feature","properties":{"leaid":"0512090","name":"Salem School District","kind":"Unified","gradeLow":"PK","gradeHigh":"12","state":"AR"},"geometry":{"type":"Polygon","coordinates":[[[-91.7085,36.4994],[-91.7089,36.4686],[-91.7227,36.4687],[-91.723,36.4649],[-91.7324,36.465],[-91.7325,36.4543],[-91.6907,36.4539],[-91.6907,36.4469],[-91.6726,36.4465],[-91.6727,36.4318],[-91.6909,36.4321],[-91.6909,36.4177],[-91.6729,36.4171],[-91.6731,36.3629],[-91.6457,36.3629],[-91.6463,36.3321],[-91.6543,36.3323],[-91.6546,36.325],[-91.6689,36.3251],[-91.6689,36.3219],[-91.6734,36.322],[-91.6734,36.3264],[-91.691,36.3264],[-91.691,36.3117],[-91.6995,36.3117],[-91.6996,36.3044],[-91.7317,36.305],[-91.7319,36.2877],[-91.7182,36.2862],[-91.7184,36.268],[-91.7137,36.2679],[-91.7136,36.2534],[-91.9874,36.2573],[-91.9872,36.2718],[-91.9785,36.2718],[-91.9783,36.2755],[-91.956,36.2752],[-91.9558,36.2826],[-91.978,36.283],[-91.9778,36.2864],[-91.9688,36.2862],[-91.9688,36.2977],[-91.973,36.2977],[-91.9726,36.3085],[-91.9952,36.3088],[-91.9948,36.3305],[-91.9854,36.3304],[-91.9847,36.3451],[-91.9362,36.3445],[-91.936,36.3555],[-91.8994,36.3554],[-91.8989,36.388],[-91.8495,36.3866],[-91.8489,36.431],[-91.8802,36.4319],[-91.88,36.4356],[-91.8973,36.436],[-91.8976,36.4319],[-91.9243,36.4323],[-91.9239,36.447],[-91.9516,36.4472],[-91.9509,36.4693],[-91.9374,36.4689],[-91.9364,36.4987],[-91.7085,36.4994]]]}},{"type":"Feature","properties":{"leaid":"0513560","name":"Viola School District","kind":"Unified","gradeLow":"PK","gradeHigh":"12","state":"AR"},"geometry":{"type":"Polygon","coordinates":[[[-92.1503,36.4987],[-91.9364,36.4987],[-91.9374,36.4689],[-91.9509,36.4693],[-91.9516,36.4472],[-91.9239,36.447],[-91.9243,36.4323],[-91.8976,36.4319],[-91.8973,36.436],[-91.88,36.4356],[-91.8802,36.4319],[-91.8489,36.431],[-91.8495,36.3866],[-91.8989,36.388],[-91.8994,36.3554],[-91.936,36.3555],[-91.9362,36.3445],[-91.9847,36.3451],[-91.9854,36.3304],[-91.9948,36.3305],[-91.9952,36.3088],[-91.9726,36.3085],[-91.973,36.2977],[-91.9688,36.2977],[-91.9688,36.2862],[-91.9778,36.2864],[-91.978,36.283],[-91.9558,36.2826],[-91.956,36.2752],[-91.9783,36.2755],[-91.9785,36.2718],[-91.9872,36.2718],[-91.9874,36.2573],[-92.1592,36.2613],[-92.1585,36.2876],[-92.1657,36.2901],[-92.1713,36.2898],[-92.1767,36.2857],[-92.182,36.2841],[-92.1855,36.2806],[-92.1924,36.2793],[-92.2031,36.2753],[-92.2107,36.2744],[-92.2204,36.2673],[-92.2241,36.266],[-92.2319,36.2658],[-92.2394,36.2686],[-92.2466,36.2731],[-92.248,36.2769],[-92.2372,36.2911],[-92.2265,36.2986],[-92.2251,36.3011],[-92.2258,36.3065],[-92.2273,36.3079],[-92.2339,36.308],[-92.2403,36.3048],[-92.2513,36.304],[-92.2573,36.3092],[-92.2612,36.3153],[-92.2581,36.3242],[-92.2531,36.3298],[-92.2438,36.3295],[-92.2435,36.3369],[-92.2074,36.3356],[-92.2071,36.3501],[-92.1678,36.3489],[-92.1675,36.3525],[-92.1631,36.3525],[-92.1626,36.3634],[-92.1581,36.3633],[-92.158,36.367],[-92.1538,36.3669],[-92.1529,36.3887],[-92.1573,36.3888],[-92.1574,36.3852],[-92.1619,36.3853],[-92.162,36.3782],[-92.1665,36.3784],[-92.1665,36.3819],[-92.1709,36.3821],[-92.171,36.3927],[-92.1969,36.3935],[-92.1965,36.4007],[-92.2008,36.4008],[-92.2003,36.4191],[-92.1961,36.419],[-92.1955,36.4374],[-92.151,36.436],[-92.1503,36.4987]]]}},{"type":"Feature","properties":{"leaid":"0512420","name":"Shirley School District","kind":"Unified","gradeLow":"PK","gradeHigh":"12","state":"AR"},"geometry":{"type":"Polygon","coordinates":[[[-92.4168,35.7886],[-92.418,35.7305],[-92.4004,35.7301],[-92.4006,35.7228],[-92.3826,35.7225],[-92.3828,35.7154],[-92.2408,35.7121],[-92.2441,35.57],[-92.251,35.561],[-92.2681,35.5526],[-92.2741,35.5513],[-92.2785,35.552],[-92.2814,35.5545],[-92.283,35.5586],[-92.2829,35.5629],[-92.3156,35.5514],[-92.3156,35.5617],[-92.3331,35.5618],[-92.3327,35.5832],[-92.3858,35.5845],[-92.3855,35.628],[-92.4031,35.6284],[-92.4006,35.7012],[-92.4361,35.7016],[-92.435,35.7682],[-92.4262,35.7681],[-92.4259,35.7813],[-92.4303,35.7813],[-92.4301,35.7887],[-92.4168,35.7886]]]}},{"type":"Feature","properties":{"leaid":"0512520","name":"South Conway County School District","kind":"Unified","gradeLow":"PK","gradeHigh":"12","state":"AR"},"geometry":{"type":"Polygon","coordinates":[[[-92.5017,35.2962],[-92.484,35.2959],[-92.4844,35.2807],[-92.4859,35.2789],[-92.4849,35.2755],[-92.4879,35.2734],[-92.4932,35.2742],[-92.499,35.267],[-92.4939,35.2671],[-92.4939,35.2662],[-92.4991,35.264],[-92.5066,35.258],[-92.511,35.2586],[-92.5142,35.257],[-92.514,35.2535],[-92.5108,35.2519],[-92.5101,35.249],[-92.5035,35.2469],[-92.5034,35.245],[-92.5056,35.2423],[-92.5037,35.2412],[-92.5043,35.24],[-92.5062,35.2395],[-92.5084,35.2417],[-92.511,35.24],[-92.5096,35.2446],[-92.5116,35.2451],[-92.5138,35.242],[-92.5124,35.2391],[-92.5152,35.2331],[-92.5222,35.2315],[-92.5217,35.2276],[-92.5228,35.2293],[-92.5258,35.229],[-92.5277,35.2308],[-92.5296,35.2282],[-92.5293,35.2261],[-92.5315,35.2242],[-92.5293,35.2192],[-92.5272,35.219],[-92.523,35.2219],[-92.5223,35.2201],[-92.5252,35.2179],[-92.5228,35.2168],[-92.5202,35.2179],[-92.5191,35.2168],[-92.5207,35.2139],[-92.5236,35.2156],[-92.5253,35.2136],[-92.5245,35.2109],[-92.5276,35.2096],[-92.5247,35.2076],[-92.5271,35.2061],[-92.5244,35.2049],[-92.5263,35.2038],[-92.527,35.1982],[-92.5295,35.196],[-92.5267,35.1936],[-92.5291,35.1899],[-92.5234,35.1895],[-92.5233,35.1859],[-92.5215,35.1856],[-92.5192,35.1873],[-92.5193,35.184],[-92.5116,35.1812],[-92.5059,35.1759],[-92.4998,35.1749],[-92.5034,35.1723],[-92.5001,35.1696],[-92.5005,35.1687],[-92.5031,35.1679],[-92.5055,35.1692],[-92.5073,35.1669],[-92.5057,35.1644],[-92.5015,35.1633],[-92.5041,35.1597],[-92.5042,35.1473],[-92.5074,35.1444],[-92.5118,35.1449],[-92.5132,35.1437],[-92.507,35.1418],[-92.5059,35.1384],[-92.5119,35.1347],[-92.5159,35.129],[-92.5217,35.1146],[-92.5343,35.1149],[-92.5427,35.1259],[-92.5442,35.1259],[-92.5539,35.1178],[-92.5544,35.1134],[-92.5649,35.1151],[-92.5748,35.1112],[-92.5831,35.1032],[-92.5933,35.0893],[-92.6041,35.0821],[-92.6353,35.0753],[-92.6483,35.0773],[-92.6477,35.0821],[-92.6452,35.0843],[-92.6273,35.0919],[-92.621,35.0981],[-92.6217,35.1092],[-92.6251,35.1124],[-92.6316,35.1151],[-92.6399,35.113],[-92.6495,35.1071],[-92.6558,35.1014],[-92.6613,35.0928],[-92.6764,35.0784],[-92.6969,35.0734],[-92.7081,35.072],[-92.7163,35.0745],[-92.7189,35.0719],[-92.8582,35.0738],[-92.8582,35.0859],[-92.8651,35.0861],[-92.865,35.0963],[-92.9087,35.0966],[-92.9085,35.102],[-92.9264,35.1023],[-92.9263,35.1076],[-92.9085,35.1072],[-92.9082,35.1175],[-92.9619,35.1185],[-92.9629,35.1218],[-92.9628,35.1377],[-92.9557,35.1404],[-92.9468,35.1518],[-92.9385,35.156],[-92.9312,35.164],[-92.9261,35.1674],[-92.9153,35.1694],[-92.8888,35.1699],[-92.8676,35.1742],[-92.8551,35.1738],[-92.8542,35.2568],[-92.822,35.2558],[-92.8222,35.248],[-92.7908,35.2474],[-92.791,35.2346],[-92.7666,35.2345],[-92.7658,35.2577],[-92.7329,35.2566],[-92.7328,35.2618],[-92.7048,35.2609],[-92.7045,35.2789],[-92.6611,35.2781],[-92.6596,35.3287],[-92.6205,35.3282],[-92.6219,35.2765],[-92.5374,35.2745],[-92.537,35.2842],[-92.5198,35.2839],[-92.5197,35.2895],[-92.5019,35.2889],[-92.5017,35.2962]]]}},{"type":"Feature","properties":{"leaid":"0514370","name":"Wonderview School District","kind":"Unified","gradeLow":"PK","gradeHigh":"12","state":"AR"},"geometry":{"type":"Polygon","coordinates":[[[-92.6028,35.4583],[-92.6031,35.4441],[-92.6129,35.4441],[-92.6133,35.4277],[-92.6391,35.4285],[-92.6401,35.401],[-92.6732,35.4016],[-92.6746,35.3653],[-92.6667,35.3652],[-92.6674,35.3313],[-92.6595,35.3313],[-92.6611,35.2781],[-92.7045,35.2789],[-92.7048,35.2609],[-92.7328,35.2618],[-92.7329,35.2566],[-92.7658,35.2577],[-92.7666,35.2345],[-92.791,35.2346],[-92.7908,35.2474],[-92.8222,35.248],[-92.822,35.2558],[-92.8542,35.2568],[-92.8539,35.2818],[-92.863,35.2819],[-92.8629,35.2787],[-92.8714,35.2786],[-92.8714,35.2894],[-92.8759,35.2895],[-92.8757,35.2967],[-92.8712,35.2967],[-92.8708,35.3292],[-92.8575,35.3295],[-92.8575,35.3331],[-92.8533,35.333],[-92.851,35.463],[-92.6028,35.4583]]]}},{"type":"Feature","properties":{"leaid":"0512570","name":"South Side-Bee Branch School District","kind":"Unified","gradeLow":"PK","gradeHigh":"12","state":"AR"},"geometry":{"type":"Polygon","coordinates":[[[-92.3159,35.5369],[-92.316,35.5253],[-92.2488,35.5235],[-92.25,35.4707],[-92.2587,35.4708],[-92.2586,35.4657],[-92.3108,35.4666],[-92.312,35.4372],[-92.3044,35.4372],[-92.3052,35.3939],[-92.3009,35.3938],[-92.3009,35.3902],[-92.3052,35.3902],[-92.3053,35.3866],[-92.3099,35.3867],[-92.3102,35.3831],[-92.3145,35.3831],[-92.3144,35.3796],[-92.3205,35.3797],[-92.321,35.3689],[-92.3103,35.3686],[-92.3102,35.376],[-92.3058,35.3757],[-92.3056,35.3648],[-92.3386,35.3656],[-92.3393,35.351],[-92.3483,35.3511],[-92.3485,35.3475],[-92.3575,35.3476],[-92.3576,35.344],[-92.3664,35.3443],[-92.3664,35.3407],[-92.3752,35.3408],[-92.3754,35.3335],[-92.3843,35.3337],[-92.3847,35.3264],[-92.3935,35.3263],[-92.3931,35.3376],[-92.4107,35.3378],[-92.4113,35.3307],[-92.4293,35.331],[-92.4282,35.3678],[-92.4815,35.3684],[-92.4799,35.4306],[-92.4756,35.4305],[-92.4755,35.438],[-92.4708,35.4379],[-92.4707,35.4414],[-92.4667,35.4412],[-92.4661,35.4555],[-92.452,35.4553],[-92.4519,35.4579],[-92.4481,35.4578],[-92.4481,35.4623],[-92.4429,35.4623],[-92.4422,35.4695],[-92.4554,35.4696],[-92.4561,35.4648],[-92.469,35.465],[-92.4689,35.4698],[-92.46,35.4696],[-92.4592,35.4894],[-92.4547,35.4892],[-92.4547,35.487],[-92.446,35.4869],[-92.4461,35.4913],[-92.4416,35.4913],[-92.4416,35.484],[-92.4329,35.4839],[-92.4329,35.4808],[-92.4373,35.4808],[-92.4376,35.4767],[-92.4222,35.4764],[-92.422,35.4803],[-92.4197,35.4803],[-92.4196,35.4837],[-92.4107,35.4835],[-92.4107,35.4905],[-92.4059,35.4905],[-92.4056,35.4979],[-92.3992,35.4978],[-92.399,35.5086],[-92.3701,35.5078],[-92.37,35.5115],[-92.3655,35.5114],[-92.3653,35.5259],[-92.3386,35.5255],[-92.3384,35.5324],[-92.3344,35.5324],[-92.3344,35.5373],[-92.3159,35.5369]]]}},{"type":"Feature","properties":{"leaid":"0512930","name":"Strong School District","kind":"Unified","gradeLow":"PK","gradeHigh":"12","state":"AR"},"geometry":{"type":"Polygon","coordinates":[[[-92.3503,33.2988],[-92.3515,33.2937],[-92.3558,33.2916],[-92.3584,33.2881],[-92.3591,33.282],[-92.3456,33.2815],[-92.337,33.2756],[-92.3279,33.2798],[-92.3276,33.2715],[-92.3249,33.2671],[-92.3268,33.2631],[-92.3254,33.2622],[-92.3156,33.2617],[-92.3107,33.2637],[-92.3085,33.2667],[-92.3128,33.2713],[-92.3126,33.2728],[-92.3094,33.2739],[-92.3029,33.2728],[-92.3013,33.2783],[-92.2975,33.281],[-92.2936,33.2792],[-92.2911,33.2744],[-92.2938,33.266],[-92.2931,33.2646],[-92.2865,33.2636],[-92.2794,33.2684],[-92.2709,33.2666],[-92.268,33.2632],[-92.2678,33.2548],[-92.256,33.2571],[-92.251,33.2524],[-92.2439,33.2502],[-92.2394,33.2525],[-92.239,33.2576],[-92.2368,33.2586],[-92.225,33.2537],[-92.2241,33.2513],[-92.2256,33.2424],[-92.2282,33.239],[-92.2337,33.2353],[-92.2341,33.2332],[-92.2317,33.2311],[-92.2218,33.2273],[-92.2131,33.227],[-92.2108,33.2253],[-92.2124,33.2233],[-92.2229,33.2214],[-92.2248,33.2158],[-92.2241,33.2112],[-92.2216,33.2091],[-92.2158,33.2098],[-92.2097,33.2018],[-92.202,33.2051],[-92.1963,33.2016],[-92.1871,33.2048],[-92.182,33.2134],[-92.1795,33.2137],[-92.1781,33.2066],[-92.1794,33.1985],[-92.1741,33.1946],[-92.1798,33.193],[-92.1818,33.1881],[-92.1785,33.1865],[-92.1744,33.1898],[-92.1729,33.1896],[-92.1745,33.1824],[-92.1724,33.182],[-92.1694,33.1849],[-92.1678,33.185],[-92.1687,33.1791],[-92.1648,33.1768],[-92.1627,33.1727],[-92.1644,33.1695],[-92.172,33.1653],[-92.1712,33.1632],[-92.1639,33.1612],[-92.1605,33.1616],[-92.1591,33.163],[-92.1615,33.1684],[-92.1542,33.1681],[-92.1502,33.1704],[-92.1451,33.1683],[-92.1487,33.1634],[-92.1471,33.1614],[-92.1388,33.1638],[-92.1355,33.16],[-92.1221,33.1618],[-92.1117,33.1587],[-92.1084,33.1502],[-92.1083,33.1458],[-92.1106,33.144],[-92.1174,33.1455],[-92.1194,33.1446],[-92.1131,33.1341],[-92.1187,33.1207],[-92.1224,33.1184],[-92.128,33.1199],[-92.1296,33.1136],[-92.1368,33.1068],[-92.1371,33.1017],[-92.1437,33.0983],[-92.1327,33.097],[-92.1351,33.089],[-92.1314,33.0828],[-92.1291,33.0701],[-92.1256,33.0716],[-92.1186,33.0721],[-92.1141,33.0698],[-92.1142,33.0619],[-92.1087,33.0521],[-92.1153,33.0472],[-92.1098,33.0423],[-92.1088,33.0325],[-92.1043,33.03],[-92.0969,33.0339],[-92.0827,33.0312],[-92.0815,33.0254],[-92.0785,33.0216],[-92.0783,33.0169],[-92.0743,33.0128],[-92.0696,33.0106],[-92.0689,33.008],[-92.4525,33.0118],[-92.4519,33.0357],[-92.4346,33.0356],[-92.4345,33.0425],[-92.4604,33.0428],[-92.4596,33.1012],[-92.477,33.1015],[-92.4771,33.0901],[-92.4902,33.0903],[-92.4902,33.0864],[-92.5276,33.0882],[-92.5272,33.103],[-92.5369,33.1032],[-92.5365,33.1324],[-92.5451,33.1326],[-92.5449,33.1471],[-92.5277,33.147],[-92.5276,33.1613],[-92.4928,33.1604],[-92.4931,33.1458],[-92.4678,33.1453],[-92.4677,33.1312],[-92.4594,33.1312],[-92.4594,33.1236],[-92.442,33.1236],[-92.4419,33.131],[-92.4377,33.1309],[-92.4377,33.138],[-92.4334,33.138],[-92.4334,33.1452],[-92.4163,33.1449],[-92.4162,33.1487],[-92.4074,33.1485],[-92.4076,33.1561],[-92.3901,33.1557],[-92.3899,33.1782],[-92.3955,33.1782],[-92.3954,33.1883],[-92.407,33.1884],[-92.4071,33.203],[-92.39,33.203],[-92.3896,33.2779],[-92.3774,33.2799],[-92.3714,33.288],[-92.3652,33.2893],[-92.3611,33.2916],[-92.3595,33.3005],[-92.3583,33.3017],[-92.3555,33.3016],[-92.3503,33.2988]]]}},{"type":"Feature","properties":{"leaid":"0512960","name":"Stuttgart School District","kind":"Unified","gradeLow":"PK","gradeHigh":"12","state":"AR"},"geometry":{"type":"Polygon","coordinates":[[[-91.5944,34.568],[-91.2916,34.5618],[-91.2918,34.5572],[-91.2941,34.5511],[-91.2933,34.5449],[-91.3012,34.5364],[-91.301,34.5336],[-91.2968,34.5308],[-91.2921,34.5297],[-91.2793,34.5309],[-91.2715,34.5275],[-91.2614,34.5269],[-91.2611,34.514],[-91.2668,34.5059],[-91.2645,34.5023],[-91.274,34.5026],[-91.274,34.4882],[-91.3886,34.4904],[-91.3903,34.4382],[-91.4169,34.4382],[-91.4168,34.4464],[-91.4521,34.4465],[-91.4532,34.3873],[-91.4897,34.3874],[-91.4907,34.3557],[-91.5084,34.358],[-91.5101,34.298],[-91.4924,34.2972],[-91.4928,34.2797],[-91.5111,34.2825],[-91.5285,34.2831],[-91.5281,34.299],[-91.563,34.3008],[-91.5627,34.3162],[-91.5978,34.317],[-91.5975,34.3334],[-91.6065,34.3332],[-91.606,34.3482],[-91.6146,34.3483],[-91.6139,34.3774],[-91.628,34.3782],[-91.6316,34.3798],[-91.6314,34.4185],[-91.6227,34.4183],[-91.6226,34.4219],[-91.6404,34.4226],[-91.6404,34.4262],[-91.6314,34.4258],[-91.6311,34.437],[-91.6138,34.4365],[-91.6137,34.4506],[-91.6312,34.4509],[-91.631,34.4798],[-91.5956,34.4805],[-91.5944,34.568]]]}},{"type":"Feature","properties":{"leaid":"0513230","name":"Jackson County School District","kind":"Unified","gradeLow":"PK","gradeHigh":"12","state":"AR"},"geometry":{"type":"Polygon","coordinates":[[[-91.0327,35.885],[-91.037,35.7084],[-90.9828,35.7074],[-90.9831,35.6371],[-90.9835,35.6213],[-91.0384,35.6197],[-91.0388,35.5892],[-91.0919,35.5899],[-91.0918,35.6133],[-91.1277,35.6149],[-91.1258,35.6298],[-91.14,35.6301],[-91.14,35.6387],[-91.1578,35.6386],[-91.1578,35.6532],[-91.2876,35.6532],[-91.2871,35.6895],[-91.2782,35.6895],[-91.2773,35.6968],[-91.2872,35.6969],[-91.2865,35.7125],[-91.3382,35.713],[-91.3322,35.7186],[-91.3331,35.7255],[-91.3288,35.728],[-91.3276,35.7302],[-91.3285,35.7358],[-91.3327,35.7378],[-91.3333,35.7403],[-91.3288,35.7431],[-91.3258,35.7476],[-91.3181,35.7492],[-91.3186,35.7563],[-91.3107,35.757],[-91.3103,35.7588],[-91.3132,35.763],[-91.3124,35.765],[-91.3027,35.7669],[-91.2906,35.7658],[-91.2896,35.7673],[-91.2921,35.7706],[-91.2912,35.7729],[-91.2834,35.7731],[-91.28,35.7746],[-91.2808,35.7758],[-91.2852,35.776],[-91.2883,35.781],[-91.2875,35.783],[-91.2818,35.7849],[-91.2824,35.789],[-91.281,35.792],[-91.2774,35.7928],[-91.2712,35.7882],[-91.2686,35.7916],[-91.2624,35.7931],[-91.2582,35.7967],[-91.2479,35.7989],[-91.247,35.8011],[-91.2493,35.803],[-91.2612,35.804],[-91.2595,35.8111],[-91.2546,35.8079],[-91.247,35.8126],[-91.2345,35.8124],[-91.2306,35.8139],[-91.2312,35.8163],[-91.2377,35.8174],[-91.2393,35.8208],[-91.2385,35.8229],[-91.2333,35.8227],[-91.2325,35.8246],[-91.2375,35.8259],[-91.2412,35.8287],[-91.2469,35.8287],[-91.2485,35.8331],[-91.2449,35.8349],[-91.2356,35.8332],[-91.2314,35.8367],[-91.2285,35.8434],[-91.2223,35.8466],[-91.2085,35.8497],[-91.2086,35.8513],[-91.2109,35.8525],[-91.2178,35.8492],[-91.2216,35.8517],[-91.2194,35.8569],[-91.2128,35.8583],[-91.2097,35.8627],[-91.2146,35.8684],[-91.2148,35.8732],[-91.2186,35.8791],[-91.2176,35.8819],[-91.2126,35.8815],[-91.2111,35.8791],[-91.2104,35.8734],[-91.2075,35.8718],[-91.2049,35.8736],[-91.211,35.883],[-91.2047,35.8848],[-91.198,35.8838],[-91.1987,35.8862],[-91.2029,35.8878],[-91.1985,35.89],[-91.1388,35.89],[-91.0327,35.885]]]}},{"type":"Feature","properties":{"leaid":"0513680","name":"Waldron School District","kind":"Unified","gradeLow":"PK","gradeHigh":"12","state":"AR"},"geometry":{"type":"Polygon","coordinates":[[[-94.0908,35.0545],[-94.0735,35.0542],[-94.0745,34.9973],[-93.9981,34.9955],[-93.9982,35.0105],[-93.994,35.0102],[-93.9939,35.0143],[-94.0099,35.0143],[-94.0099,35.0176],[-94.0129,35.0176],[-94.0128,35.0198],[-94.0163,35.0199],[-94.0162,35.0217],[-94.0207,35.0217],[-94.0208,35.025],[-94.025,35.0251],[-94.025,35.0397],[-93.9503,35.0382],[-93.9508,35.0238],[-93.705,35.0197],[-93.7074,34.9051],[-93.7602,34.9049],[-93.7605,34.8872],[-93.8137,34.8877],[-93.8142,34.8696],[-93.7607,34.8691],[-93.7626,34.7323],[-93.7809,34.7324],[-93.7811,34.7181],[-93.8168,34.7185],[-93.8169,34.7112],[-93.8699,34.7125],[-93.8702,34.6908],[-93.8791,34.6908],[-93.8793,34.6656],[-93.9302,34.666],[-93.9299,34.6801],[-94.0353,34.6836],[-94.0352,34.6929],[-94.3177,34.6974],[-94.3168,34.7265],[-94.3441,34.727],[-94.343,34.7563],[-94.2897,34.7549],[-94.2889,34.7876],[-94.386,34.7895],[-94.3847,34.8294],[-94.4511,34.8307],[-94.4475,34.9341],[-94.4301,34.9308],[-94.4221,34.936],[-94.419,34.939],[-94.4163,34.9443],[-94.4094,34.9499],[-94.4009,34.948],[-94.3922,34.9435],[-94.3801,34.9482],[-94.3746,34.9479],[-94.3727,34.9539],[-94.3746,34.963],[-94.3721,34.9617],[-94.3616,34.9614],[-94.353,34.9542],[-94.3503,34.9482],[-94.3472,34.9469],[-94.3361,34.9485],[-94.3321,34.9512],[-94.3302,34.9544],[-94.3242,34.9559],[-94.3086,34.953],[-94.3002,34.9527],[-94.2964,34.9539],[-94.2933,34.953],[-94.2817,34.9568],[-94.2652,34.9574],[-94.262,34.9596],[-94.2558,34.9599],[-94.2502,34.9639],[-94.2305,34.9685],[-94.2301,34.9859],[-94.1014,34.9837],[-94.1009,35.0275],[-94.0916,35.0272],[-94.0908,35.0545]]]}},{"type":"Feature","properties":{"leaid":"0513930","name":"Watson Chapel School District","kind":"Unified","gradeLow":"PK","gradeHigh":"12","state":"AR"},"geometry":{"type":"Polygon","coordinates":[[[-92.2325,34.2309],[-92.0336,34.2265],[-92.0335,34.2075],[-92.0518,34.1821],[-92.0591,34.1694],[-92.0737,34.1502],[-92.0614,34.1506],[-92.0593,34.0634],[-92.1634,34.0638],[-92.2333,34.0624],[-92.2325,34.2309]]]}}]}