{"type":"FeatureCollection","features":[{"type":"Feature","properties":{"leaid":"0407530","name":"Santa Cruz Valley Union High School District","kind":"Secondary","gradeLow":"09","gradeHigh":"12","state":"AZ"},"geometry":{"type":"Polygon","coordinates":[[[-111.5676,32.8503],[-111.3615,32.8497],[-111.3616,32.7629],[-111.2596,32.7626],[-111.2597,32.7441],[-111.2434,32.7438],[-111.2431,32.7291],[-111.2263,32.7288],[-111.2263,32.7144],[-111.2091,32.7145],[-111.2088,32.7002],[-111.1918,32.6999],[-111.1917,32.6855],[-111.1748,32.6855],[-111.1748,32.6712],[-111.1576,32.6711],[-111.1577,32.6559],[-111.1406,32.6561],[-111.1403,32.6419],[-111.1233,32.6419],[-111.1233,32.6272],[-111.1061,32.6272],[-111.1061,32.6128],[-111.0892,32.6128],[-111.0892,32.5985],[-110.9993,32.5984],[-110.9992,32.5113],[-111.1575,32.5113],[-111.1576,32.5016],[-111.5693,32.5014],[-111.5693,32.5068],[-111.7925,32.5066],[-111.7926,32.6753],[-111.758,32.6751],[-111.7579,32.6552],[-111.7069,32.6554],[-111.7063,32.7191],[-111.568,32.7196],[-111.5676,32.8503]]]}},{"type":"Feature","properties":{"leaid":"0401740","name":"Casa Grande Union High School District","kind":"Secondary","gradeLow":"09","gradeHigh":"12","state":"AZ"},"geometry":{"type":"Polygon","coordinates":[[[-112.2032,33.3105],[-112.1931,33.2971],[-112.1975,33.2891],[-112.1956,33.2848],[-112.1975,33.2784],[-112.1964,33.2739],[-112.1921,33.2681],[-112.1916,33.2647],[-112.1807,33.2625],[-112.1745,33.2636],[-112.174,33.2626],[-112.1757,33.2611],[-112.1741,33.2581],[-112.172,33.2579],[-112.1713,33.2594],[-112.1696,33.2596],[-112.1658,33.2566],[-112.1622,33.2562],[-112.1604,33.2539],[-112.1491,33.2538],[-112.1401,33.247],[-112.1396,33.2436],[-112.135,33.242],[-112.1338,33.2357],[-112.1312,33.2328],[-112.1265,33.2355],[-112.1228,33.235],[-112.1199,33.2317],[-112.1162,33.2316],[-112.1155,33.2286],[-112.1137,33.2275],[-112.1001,33.2311],[-112.0955,33.2302],[-112.0897,33.2252],[-112.0882,33.2203],[-112.0894,33.2141],[-112.0921,33.2092],[-112.0835,33.2046],[-111.8931,33.2047],[-111.8926,33.2033],[-111.7892,33.2047],[-111.7893,33.1568],[-111.7966,33.1583],[-111.7893,33.1564],[-111.7892,33.1179],[-111.7744,33.1158],[-111.7748,33.108],[-111.7641,33.106],[-111.7583,33.1017],[-111.7477,33.1026],[-111.7452,33.1002],[-111.7426,33.0935],[-111.7372,33.0882],[-111.7347,33.0888],[-111.7334,33.0908],[-111.7245,33.0908],[-111.7187,33.09],[-111.7074,33.0849],[-111.7037,33.0844],[-111.6935,33.0879],[-111.6893,33.0923],[-111.6856,33.094],[-111.6688,33.0898],[-111.6705,32.9234],[-111.5667,32.9232],[-111.5671,32.8941],[-111.5758,32.8941],[-111.5759,32.8796],[-111.5673,32.8796],[-111.568,32.7196],[-111.7063,32.7191],[-111.7069,32.6554],[-111.7579,32.6552],[-111.758,32.6751],[-111.7926,32.6753],[-111.7925,32.5066],[-112.2036,32.5067],[-112.2035,32.9417],[-112.1,32.9423],[-112.1,32.9696],[-112.0394,32.9712],[-112.0136,32.9712],[-111.9968,32.9694],[-111.963,32.9699],[-111.962,33.029],[-111.9276,33.029],[-111.9274,33.0451],[-111.9273,33.0655],[-111.9619,33.0654],[-111.9615,33.1177],[-112.1878,33.1177],[-112.2021,33.1167],[-112.202,33.2905],[-112.2032,33.2905],[-112.2032,33.3105]]]}},{"type":"Feature","properties":{"leaid":"0405070","name":"Mingus Union High School District","kind":"Secondary","gradeLow":"09","gradeHigh":"12","state":"AZ"},"geometry":{"type":"Polygon","coordinates":[[[-111.7776,34.981],[-111.7777,34.9339],[-111.8833,34.9342],[-111.8833,34.8036],[-111.8527,34.8038],[-111.8536,34.6566],[-111.8697,34.6563],[-111.8697,34.6583],[-111.9399,34.6592],[-111.9381,34.6536],[-111.9327,34.6462],[-111.935,34.6445],[-112.0794,34.6452],[-112.0794,34.6431],[-112.0908,34.6428],[-112.0905,34.6576],[-112.1682,34.6576],[-112.1684,34.7012],[-112.2017,34.7012],[-112.2007,34.8031],[-112.3076,34.8024],[-112.3074,34.8928],[-112.3211,34.8928],[-112.3345,34.973],[-112.0219,34.9741],[-112.0219,34.9758],[-112.0007,34.9765],[-111.809,34.9763],[-111.8091,34.9811],[-111.7776,34.981]]]}},{"type":"Feature","properties":{"leaid":"0406030","name":"Patagonia Union High School District","kind":"Secondary","gradeLow":"09","gradeHigh":"12","state":"AZ"},"geometry":{"type":"Polygon","coordinates":[[[-110.8558,31.7317],[-110.4523,31.7312],[-110.4522,31.6139],[-110.4608,31.6139],[-110.4597,31.3329],[-110.761,31.3336],[-110.7607,31.4704],[-110.7959,31.4703],[-110.8253,31.4672],[-110.827,31.4676],[-110.8262,31.4706],[-110.8588,31.4706],[-110.8589,31.4896],[-110.8866,31.4799],[-110.8984,31.4873],[-110.9594,31.4875],[-110.9603,31.5285],[-110.981,31.5368],[-110.9872,31.5412],[-110.987,31.5462],[-110.981,31.5499],[-110.9803,31.5634],[-110.978,31.5654],[-110.9769,31.5728],[-110.9688,31.5757],[-110.9573,31.5856],[-110.9575,31.7267],[-110.8898,31.7267],[-110.8897,31.6975],[-110.8726,31.6976],[-110.8724,31.7267],[-110.8558,31.7267],[-110.8558,31.7317]]]}},{"type":"Feature","properties":{"leaid":"0400082","name":"Colorado River Union High School District","kind":"Secondary","gradeLow":"09","gradeHigh":"12","state":"AZ"},"geometry":{"type":"Polygon","coordinates":[[[-114.683,35.6764],[-114.4656,35.6765],[-114.4656,35.5034],[-114.4656,35.5023],[-114.4618,35.5024],[-114.4614,35.3281],[-114.4084,35.3283],[-114.4078,35.1546],[-114.3601,35.154],[-114.3416,35.1562],[-114.2894,35.1563],[-114.289,35.1571],[-114.2443,35.1563],[-114.2441,35.1489],[-114.2455,35.1507],[-114.2457,35.0615],[-114.2443,34.8058],[-114.1925,34.8053],[-114.1933,34.6211],[-114.3505,34.622],[-114.3517,34.7615],[-114.4041,34.7615],[-114.4045,34.6218],[-114.4389,34.6223],[-114.4414,34.6302],[-114.4403,34.6382],[-114.4415,34.6425],[-114.4495,34.6514],[-114.458,34.6571],[-114.4577,34.6593],[-114.4518,34.6639],[-114.4505,34.6668],[-114.4543,34.6712],[-114.4555,34.6773],[-114.4652,34.6912],[-114.4686,34.7076],[-114.471,34.7122],[-114.4737,34.714],[-114.4828,34.7145],[-114.4875,34.7166],[-114.492,34.7257],[-114.5166,34.7367],[-114.5296,34.7508],[-114.5403,34.7571],[-114.5527,34.7669],[-114.5587,34.7739],[-114.571,34.7943],[-114.5745,34.8042],[-114.5765,34.8153],[-114.5868,34.8357],[-114.6007,34.8474],[-114.6239,34.8597],[-114.631,34.8668],[-114.6352,34.875],[-114.6367,34.8891],[-114.6309,34.9073],[-114.6306,34.9119],[-114.6333,34.9246],[-114.6298,34.9387],[-114.6298,34.9448],[-114.635,34.9589],[-114.6352,34.9651],[-114.6291,34.9861],[-114.6302,34.9946],[-114.6371,35.0104],[-114.6382,35.0221],[-114.6375,35.0271],[-114.629,35.0425],[-114.6067,35.0589],[-114.6036,35.0642],[-114.6029,35.0686],[-114.6047,35.0748],[-114.6131,35.0831],[-114.6225,35.0887],[-114.6428,35.0965],[-114.6468,35.1019],[-114.6452,35.105],[-114.6374,35.1125],[-114.6284,35.1189],[-114.6186,35.1216],[-114.5978,35.1217],[-114.5849,35.1252],[-114.5783,35.1288],[-114.5726,35.1396],[-114.5739,35.1454],[-114.5695,35.1623],[-114.5693,35.1834],[-114.5714,35.191],[-114.5721,35.2008],[-114.575,35.2067],[-114.5795,35.2089],[-114.5803,35.2201],[-114.5835,35.2303],[-114.5825,35.2332],[-114.5828,35.2387],[-114.585,35.2427],[-114.5861,35.2489],[-114.5866,35.2624],[-114.5967,35.2946],[-114.5972,35.3032],[-114.5956,35.3265],[-114.6062,35.3597],[-114.6177,35.3801],[-114.6209,35.3969],[-114.6257,35.408],[-114.6528,35.4308],[-114.6543,35.4369],[-114.6635,35.4478],[-114.6642,35.4558],[-114.6672,35.4604],[-114.6656,35.4648],[-114.666,35.468],[-114.6736,35.4758],[-114.6719,35.4821],[-114.6768,35.4898],[-114.6763,35.4931],[-114.6786,35.4976],[-114.6771,35.5129],[-114.6741,35.5173],[-114.6695,35.5208],[-114.664,35.5222],[-114.6578,35.5307],[-114.6568,35.535],[-114.6615,35.5441],[-114.662,35.5559],[-114.6635,35.561],[-114.6628,35.5643],[-114.6644,35.5684],[-114.6684,35.5743],[-114.6749,35.5784],[-114.6757,35.58],[-114.6702,35.5835],[-114.6592,35.5875],[-114.6539,35.5985],[-114.6545,35.6052],[-114.6535,35.6097],[-114.6552,35.6141],[-114.6595,35.6196],[-114.6667,35.6231],[-114.669,35.6289],[-114.6776,35.6418],[-114.689,35.6503],[-114.6902,35.6652],[-114.683,35.6764]]]}},{"type":"Feature","properties":{"leaid":"0400450","name":"Agua Fria Union High School District","kind":"Secondary","gradeLow":"09","gradeHigh":"12","state":"AZ"},"geometry":{"type":"Polygon","coordinates":[[[-112.5135,33.5515],[-112.3846,33.5515],[-112.3836,33.5364],[-112.3065,33.5365],[-112.3063,33.5007],[-112.3095,33.5007],[-112.3109,33.4989],[-112.3107,33.4862],[-112.3151,33.4863],[-112.3152,33.4715],[-112.3238,33.4715],[-112.3238,33.4642],[-112.3324,33.4642],[-112.3324,33.4351],[-112.3408,33.4208],[-112.3497,33.4173],[-112.3489,33.4061],[-112.3575,33.4065],[-112.3574,33.392],[-112.4267,33.3917],[-112.4268,33.4066],[-112.4441,33.4066],[-112.4442,33.4646],[-112.5129,33.4646],[-112.5134,33.4791],[-112.5275,33.4792],[-112.5277,33.4818],[-112.5101,33.486],[-112.5108,33.4897],[-112.5135,33.4936],[-112.5134,33.4986],[-112.5119,33.5014],[-112.5137,33.5019],[-112.5137,33.5069],[-112.5193,33.5117],[-112.5136,33.5143],[-112.5134,33.5156],[-112.5135,33.5515]]]}},{"type":"Feature","properties":{"leaid":"0401410","name":"Buckeye Union High School District","kind":"Secondary","gradeLow":"09","gradeHigh":"12","state":"AZ"},"geometry":{"type":"Polygon","coordinates":[[[-113.3351,33.5519],[-113.0211,33.551],[-113.0216,33.3774],[-112.9475,33.3772],[-112.9363,33.3751],[-112.9278,33.3773],[-112.905,33.3775],[-112.9018,33.3786],[-112.8998,33.3777],[-112.8607,33.3773],[-112.7638,33.3775],[-112.7639,33.4644],[-112.5222,33.4648],[-112.5222,33.4686],[-112.5181,33.4739],[-112.521,33.4764],[-112.5254,33.4719],[-112.5287,33.472],[-112.5287,33.4682],[-112.5308,33.4681],[-112.5308,33.4792],[-112.5134,33.4791],[-112.5129,33.4646],[-112.4442,33.4646],[-112.4441,33.4066],[-112.4268,33.4066],[-112.4267,33.3917],[-112.3751,33.3917],[-112.3753,33.3629],[-112.3062,33.3626],[-112.3063,33.1162],[-112.8283,33.1165],[-112.8284,33.2035],[-112.922,33.2034],[-112.922,33.205],[-112.9995,33.2036],[-113.3334,33.2046],[-113.3339,33.375],[-113.3339,33.3774],[-113.335,33.3775],[-113.3351,33.5519]]]}},{"type":"Feature","properties":{"leaid":"0403450","name":"Glendale Union High School District","kind":"Secondary","gradeLow":"09","gradeHigh":"12","state":"AZ"},"geometry":{"type":"Polygon","coordinates":[[[-112.0655,33.6403],[-112.0651,33.5822],[-112.0478,33.5822],[-112.048,33.5547],[-112.0507,33.5532],[-112.0826,33.5529],[-112.0824,33.5239],[-112.1343,33.524],[-112.1343,33.5385],[-112.16,33.5384],[-112.1601,33.5239],[-112.1863,33.5241],[-112.1864,33.5095],[-112.2377,33.5087],[-112.2378,33.552],[-112.2117,33.5526],[-112.2116,33.5671],[-112.169,33.5675],[-112.1684,33.6324],[-112.1693,33.639],[-112.0655,33.6403]]]}},{"type":"Feature","properties":{"leaid":"0406330","name":"Phoenix Union High School District","kind":"Secondary","gradeLow":"09","gradeHigh":"12","state":"AZ"},"geometry":{"type":"Polygon","coordinates":[[[-112.0392,33.5535],[-111.9953,33.5537],[-111.9955,33.4804],[-111.9432,33.4802],[-111.944,33.4511],[-111.961,33.451],[-111.9613,33.4369],[-111.9955,33.4371],[-111.9956,33.3781],[-111.9969,33.3781],[-111.9969,33.3708],[-112.0316,33.3705],[-112.0318,33.3634],[-112.0488,33.3633],[-112.0488,33.3487],[-112.1005,33.3486],[-112.1005,33.3196],[-112.1636,33.3195],[-112.2153,33.3701],[-112.22,33.3701],[-112.2202,33.3746],[-112.2338,33.3877],[-112.2371,33.386],[-112.2369,33.3919],[-112.2172,33.3919],[-112.2172,33.3975],[-112.2127,33.3975],[-112.2127,33.4013],[-112.2041,33.401],[-112.204,33.4228],[-112.1865,33.4225],[-112.1864,33.4634],[-112.1865,33.466],[-112.238,33.4653],[-112.2377,33.5087],[-112.1864,33.5095],[-112.1863,33.5241],[-112.1601,33.5239],[-112.16,33.5384],[-112.1343,33.5385],[-112.1343,33.524],[-112.0824,33.5239],[-112.0826,33.5529],[-112.0505,33.5532],[-112.0398,33.558],[-112.0392,33.5535]]]}},{"type":"Feature","properties":{"leaid":"0408340","name":"Tempe Union High School District","kind":"Secondary","gradeLow":"09","gradeHigh":"12","state":"AZ"},"geometry":{"type":"Polygon","coordinates":[[[-111.961,33.451],[-111.8747,33.4513],[-111.8743,33.4244],[-111.8847,33.4148],[-111.8919,33.4148],[-111.892,33.3785],[-111.8942,33.3785],[-111.8945,33.3568],[-111.8932,33.3347],[-111.8951,33.3174],[-111.895,33.2968],[-111.8935,33.2938],[-111.8931,33.2047],[-112.0835,33.2046],[-112.0921,33.2092],[-112.0894,33.2141],[-112.0882,33.2198],[-112.089,33.2234],[-112.0948,33.2297],[-112.099,33.231],[-112.099,33.2904],[-112.1338,33.2903],[-112.1479,33.3046],[-112.1004,33.3051],[-112.1005,33.3486],[-112.0488,33.3487],[-112.0488,33.3633],[-112.0318,33.3634],[-112.0316,33.3705],[-111.9969,33.3708],[-111.9969,33.3781],[-111.9956,33.3781],[-111.9955,33.4371],[-111.9613,33.4369],[-111.961,33.451]]]}},{"type":"Feature","properties":{"leaid":"0408520","name":"Tolleson Union High School District","kind":"Secondary","gradeLow":"09","gradeHigh":"12","state":"AZ"},"geometry":{"type":"Polygon","coordinates":[[[-112.2377,33.5371],[-112.238,33.4653],[-112.1865,33.466],[-112.1865,33.4225],[-112.204,33.4228],[-112.2041,33.401],[-112.2127,33.4013],[-112.2127,33.3975],[-112.2172,33.3975],[-112.2172,33.3919],[-112.2371,33.3918],[-112.2371,33.386],[-112.2338,33.3877],[-112.2291,33.3832],[-112.2292,33.2904],[-112.3061,33.2904],[-112.3062,33.3626],[-112.3753,33.3629],[-112.3751,33.3917],[-112.3574,33.392],[-112.3575,33.4065],[-112.3489,33.4061],[-112.3497,33.4173],[-112.3408,33.4208],[-112.3324,33.4351],[-112.3324,33.4642],[-112.3238,33.4642],[-112.3238,33.4715],[-112.3152,33.4715],[-112.3151,33.4863],[-112.3107,33.4862],[-112.3109,33.4989],[-112.3095,33.5007],[-112.3063,33.5007],[-112.3065,33.5365],[-112.2377,33.5371]]]}},{"type":"Feature","properties":{"leaid":"0400720","name":"Antelope Union High School District","kind":"Secondary","gradeLow":"09","gradeHigh":"12","state":"AZ"},"geometry":{"type":"Polygon","coordinates":[[[-114.2688,33.4644],[-113.9575,33.4644],[-113.9575,33.3774],[-113.3339,33.3774],[-113.3337,32.5936],[-113.4498,32.5938],[-113.4498,32.5959],[-113.7468,32.5959],[-113.7466,32.5922],[-114.358,32.5908],[-114.3582,32.6781],[-114.2961,32.6783],[-114.2891,32.6729],[-114.2824,32.6729],[-114.2719,32.6691],[-114.2614,32.6691],[-114.2625,32.8944],[-114.2616,32.9424],[-114.2685,32.9422],[-114.2688,33.4644]]]}},{"type":"Feature","properties":{"leaid":"0401160","name":"Bicentennial Union High School District","kind":"Secondary","gradeLow":"09","gradeHigh":"12","state":"AZ"},"geometry":{"type":"Polygon","coordinates":[[[-113.3432,34.3189],[-113.3334,34.3179],[-113.3331,34.1506],[-113.3351,33.7254],[-113.335,33.3775],[-113.9575,33.3774],[-113.9575,33.4644],[-114.2688,33.4644],[-114.268,33.2891],[-114.2688,33.2891],[-114.2688,33.03],[-114.3718,33.03],[-114.3718,33.028],[-114.5168,33.0279],[-114.5201,33.03],[-114.5311,33.0324],[-114.5648,33.0351],[-114.5717,33.0366],[-114.5783,33.0354],[-114.587,33.0269],[-114.6017,33.0254],[-114.6188,33.0272],[-114.6258,33.0294],[-114.6297,33.0325],[-114.6396,33.0453],[-114.646,33.0489],[-114.649,33.0468],[-114.655,33.0371],[-114.6598,33.0327],[-114.6651,33.0339],[-114.6708,33.038],[-114.6748,33.0455],[-114.6743,33.0572],[-114.687,33.071],[-114.6891,33.0761],[-114.689,33.084],[-114.6946,33.0862],[-114.7047,33.0871],[-114.7065,33.0882],[-114.7081,33.094],[-114.7037,33.1138],[-114.6969,33.1311],[-114.6874,33.142],[-114.6828,33.1548],[-114.6799,33.1591],[-114.6793,33.1624],[-114.6809,33.1691],[-114.6758,33.1815],[-114.6752,33.1882],[-114.6787,33.2034],[-114.6737,33.2192],[-114.6736,33.2231],[-114.6781,33.2303],[-114.6827,33.2349],[-114.6895,33.2464],[-114.6745,33.2556],[-114.6721,33.2585],[-114.677,33.2702],[-114.6805,33.2736],[-114.6944,33.2798],[-114.7112,33.2833],[-114.7217,33.287],[-114.7312,33.3024],[-114.7299,33.3057],[-114.7236,33.3121],[-114.7079,33.3233],[-114.7009,33.337],[-114.698,33.3524],[-114.6991,33.3611],[-114.7073,33.3766],[-114.7073,33.3825],[-114.7242,33.4004],[-114.7253,33.405],[-114.7201,33.4079],[-114.7109,33.4073],[-114.7018,33.4084],[-114.6977,33.4109],[-114.6957,33.4151],[-114.688,33.4179],[-114.6737,33.4192],[-114.6583,33.413],[-114.6495,33.4136],[-114.6433,33.4167],[-114.6296,33.4281],[-114.6223,33.4476],[-114.6229,33.4566],[-114.6125,33.4708],[-114.6017,33.4814],[-114.5924,33.4987],[-114.5892,33.5018],[-114.5805,33.5065],[-114.5695,33.5092],[-114.561,33.5167],[-114.5608,33.5243],[-114.5589,33.5318],[-114.5318,33.5479],[-114.5304,33.5501],[-114.5246,33.5522],[-114.5268,33.5575],[-114.5316,33.5617],[-114.536,33.5692],[-114.5406,33.5823],[-114.5406,33.5914],[-114.5292,33.6066],[-114.5221,33.6113],[-114.5224,33.6142],[-114.5274,33.6178],[-114.5312,33.6239],[-114.531,33.6282],[-114.5264,33.6303],[-114.5238,33.6347],[-114.5243,33.6388],[-114.4941,33.6387],[-114.4769,33.6361],[-114.4766,33.6802],[-114.3626,33.6802],[-114.3545,33.746],[-114.353,33.75],[-114.3485,33.7812],[-114.2508,34.0259],[-114.2201,34.1058],[-114.2273,34.1232],[-114.2123,34.1259],[-114.0512,34.1252],[-114.0452,34.1234],[-114.0438,34.1249],[-113.9798,34.1251],[-113.9799,34.0703],[-113.6655,34.0702],[-113.6653,34.213],[-113.664,34.2121],[-113.6587,34.2176],[-113.6546,34.2167],[-113.6485,34.222],[-113.6456,34.2207],[-113.6434,34.2236],[-113.6443,34.2261],[-113.6418,34.2276],[-113.6403,34.2271],[-113.6389,34.223],[-113.6359,34.2248],[-113.6341,34.2241],[-113.6268,34.229],[-113.6173,34.2274],[-113.6118,34.2311],[-113.6075,34.2317],[-113.6063,34.2294],[-113.605,34.2295],[-113.5994,34.2333],[-113.5972,34.2372],[-113.5867,34.2434],[-113.582,34.2598],[-113.5734,34.2675],[-113.5692,34.2693],[-113.5686,34.2747],[-113.5537,34.2857],[-113.5469,34.2974],[-113.5395,34.3064],[-113.531,34.3101],[-113.5263,34.3105],[-113.5236,34.3088],[-113.5171,34.3105],[-113.5106,34.3044],[-113.5075,34.3048],[-113.5025,34.3028],[-113.4945,34.3029],[-113.4889,34.3052],[-113.4822,34.3031],[-113.4756,34.3054],[-113.4724,34.302],[-113.4666,34.3041],[-113.4496,34.2996],[-113.4421,34.2996],[-113.4331,34.3015],[-113.4206,34.2991],[-113.4158,34.2955],[-113.4123,34.2944],[-113.3987,34.3002],[-113.3865,34.2949],[-113.3692,34.292],[-113.359,34.295],[-113.3505,34.3006],[-113.3458,34.3087],[-113.3415,34.3123],[-113.3439,34.316],[-113.3432,34.3189]]]}},{"type":"Feature","properties":{"leaid":"0408910","name":"Valley Union High School District","kind":"Secondary","gradeLow":"09","gradeHigh":"12","state":"AZ"},"geometry":{"type":"Polygon","coordinates":[[[-109.9379,32.0498],[-109.8139,32.0504],[-109.813,31.9926],[-109.7959,31.9926],[-109.7964,31.949],[-109.7452,31.9483],[-109.7447,31.9055],[-109.7219,31.9055],[-109.7156,31.9035],[-109.6959,31.9034],[-109.6995,31.9635],[-109.6615,31.9635],[-109.6612,31.9489],[-109.6521,31.9488],[-109.6518,31.9635],[-109.6439,31.9636],[-109.6439,31.9857],[-109.6609,31.9851],[-109.66,31.9814],[-109.6875,31.9772],[-109.6953,31.9786],[-109.6953,31.9926],[-109.5931,31.9922],[-109.5931,31.9488],[-109.4405,31.9489],[-109.4407,31.905],[-109.388,31.9057],[-109.3781,31.903],[-109.3722,31.9057],[-109.3379,31.9062],[-109.3375,31.8883],[-109.339,31.8655],[-109.3371,31.8611],[-109.3369,31.8169],[-109.4258,31.8172],[-109.4262,31.8028],[-109.4432,31.8027],[-109.4434,31.7876],[-109.5379,31.7872],[-109.5371,31.7784],[-109.5382,31.7713],[-109.5309,31.7289],[-109.5288,31.6426],[-109.7036,31.6418],[-109.7038,31.6858],[-109.7728,31.6861],[-109.7721,31.73],[-109.7634,31.7299],[-109.7615,31.7587],[-109.8196,31.7586],[-109.8298,31.7796],[-109.8532,31.7582],[-109.8645,31.7582],[-109.8878,31.7884],[-109.9132,31.8178],[-109.9389,31.8175],[-109.9366,31.8914],[-109.9538,31.8911],[-109.9541,31.9061],[-109.9621,31.9059],[-109.9637,31.9256],[-109.9616,31.9317],[-109.9626,31.9347],[-109.9635,31.9925],[-109.9551,31.9926],[-109.9551,32.0075],[-109.9381,32.0086],[-109.9379,32.0498]]]}},{"type":"Feature","properties":{"leaid":"0409630","name":"Yuma Union High School District","kind":"Secondary","gradeLow":"09","gradeHigh":"12","state":"AZ"},"geometry":{"type":"Polygon","coordinates":[[[-114.3718,33.03],[-114.2688,33.03],[-114.2685,32.9422],[-114.2616,32.9424],[-114.2625,32.8944],[-114.2614,32.6691],[-114.2719,32.6691],[-114.2824,32.6729],[-114.2891,32.6729],[-114.2961,32.6783],[-114.3582,32.6781],[-114.358,32.5908],[-113.7466,32.5922],[-113.7468,32.5959],[-113.4498,32.5959],[-113.4498,32.5938],[-113.3337,32.5936],[-113.3338,32.0389],[-114.0869,32.2735],[-114.8136,32.4943],[-114.814,32.4969],[-114.8123,32.5],[-114.8163,32.5081],[-114.8067,32.5091],[-114.8033,32.5109],[-114.802,32.5136],[-114.8032,32.5165],[-114.8102,32.5183],[-114.8105,32.5221],[-114.8132,32.5245],[-114.802,32.5363],[-114.8018,32.5397],[-114.8046,32.5417],[-114.8057,32.5463],[-114.7939,32.552],[-114.7914,32.5565],[-114.7927,32.5623],[-114.7918,32.5688],[-114.7928,32.5695],[-114.7944,32.5691],[-114.7973,32.5648],[-114.8065,32.5592],[-114.8112,32.5591],[-114.8139,32.5622],[-114.813,32.5687],[-114.8044,32.5729],[-114.8016,32.5764],[-114.8014,32.5789],[-114.804,32.582],[-114.8002,32.5884],[-114.7994,32.5926],[-114.8018,32.5994],[-114.8064,32.6011],[-114.8078,32.6032],[-114.8094,32.616],[-114.8084,32.6194],[-114.8068,32.6217],[-114.7993,32.6251],[-114.7912,32.6218],[-114.7826,32.6243],[-114.7816,32.6256],[-114.7823,32.6289],[-114.7806,32.6321],[-114.7644,32.6427],[-114.7631,32.6451],[-114.7646,32.6497],[-114.7513,32.6596],[-114.7486,32.663],[-114.7453,32.6722],[-114.7445,32.6785],[-114.7318,32.6954],[-114.7297,32.7003],[-114.7298,32.7047],[-114.7221,32.7137],[-114.7145,32.7304],[-114.7091,32.7355],[-114.7029,32.7448],[-114.6992,32.7451],[-114.6882,32.7375],[-114.6659,32.734],[-114.635,32.7314],[-114.6174,32.7283],[-114.6157,32.7285],[-114.6151,32.7345],[-114.5818,32.7349],[-114.5817,32.7423],[-114.5645,32.7423],[-114.5644,32.7496],[-114.5392,32.7498],[-114.5391,32.7569],[-114.5269,32.7571],[-114.5284,32.7673],[-114.5324,32.7769],[-114.5317,32.7912],[-114.5296,32.7955],[-114.522,32.8017],[-114.5154,32.8114],[-114.5103,32.8165],[-114.4941,32.8233],[-114.469,32.8452],[-114.4629,32.9079],[-114.4644,32.9131],[-114.4766,32.9236],[-114.4809,32.9363],[-114.4708,32.9494],[-114.4681,32.9553],[-114.4673,32.9641],[-114.4686,32.9716],[-114.4705,32.9739],[-114.4754,32.9752],[-114.4886,32.9699],[-114.4929,32.9718],[-114.4957,32.9801],[-114.5012,33.0076],[-114.508,33.0197],[-114.5168,33.0279],[-114.3718,33.028],[-114.3718,33.03]]]}},{"type":"Feature","properties":{"leaid":"0400004","name":"Clarkdale-Jerome Elementary District","kind":"Elementary","gradeLow":"PK","gradeHigh":"08","state":"AZ"},"geometry":{"type":"Polygon","coordinates":[[[-112.0905,34.6576],[-112.1682,34.6576],[-112.1684,34.7012],[-112.2017,34.7012],[-112.2007,34.8031],[-112.0589,34.8026],[-112.0593,34.8182],[-112.0414,34.8182],[-112.0416,34.8067],[-112.0272,34.8052],[-112.0272,34.8036],[-111.9747,34.8036],[-111.9745,34.7617],[-112.0314,34.7617],[-112.0315,34.7579],[-112.0359,34.7581],[-112.0359,34.7544],[-112.0491,34.7546],[-112.0491,34.7508],[-112.0624,34.751],[-112.0623,34.7395],[-112.0641,34.7395],[-112.0641,34.736],[-112.0625,34.7359],[-112.0625,34.7323],[-112.0797,34.7324],[-112.0797,34.7301],[-112.0907,34.7301],[-112.0905,34.6576]]]}},{"type":"Feature","properties":{"leaid":"0400005","name":"Salome Consolidated Elementary District","kind":"Elementary","gradeLow":"PK","gradeHigh":"08","state":"AZ"},"geometry":{"type":"Polygon","coordinates":[[[-113.6447,33.3773],[-113.9575,33.3774],[-113.957,33.5665],[-113.9669,33.6071],[-113.9668,33.6099],[-113.9571,33.6207],[-113.9575,33.724],[-113.9758,33.724],[-113.9758,33.782],[-113.8758,33.7832],[-113.7667,33.7827],[-113.7658,33.8119],[-113.6263,33.8125],[-113.5839,33.8122],[-113.5839,33.7826],[-113.4538,33.783],[-113.4535,33.7394],[-113.5406,33.7393],[-113.5403,33.6527],[-113.5793,33.6526],[-113.5974,33.6545],[-113.6057,33.6525],[-113.6448,33.6524],[-113.6447,33.3773]]]}},{"type":"Feature","properties":{"leaid":"0400022","name":"Vernon Elementary District","kind":"Elementary","gradeLow":"KG","gradeHigh":"12","state":"AZ"},"geometry":{"type":"Polygon","coordinates":[[[-109.5342,34.3009],[-109.534,34.1736],[-109.5291,34.1687],[-109.534,34.1488],[-109.5341,34.1251],[-109.8494,34.1259],[-109.8486,34.3015],[-109.5342,34.3009]]]}},{"type":"Feature","properties":{"leaid":"0404440","name":"Littleton Elementary District","kind":"Elementary","gradeLow":"PK","gradeHigh":"08","state":"AZ"},"geometry":{"type":"Polygon","coordinates":[[[-112.2724,33.443],[-112.2724,33.377],[-112.3061,33.377],[-112.3062,33.3626],[-112.3753,33.3629],[-112.3751,33.3917],[-112.3574,33.392],[-112.3575,33.4065],[-112.3489,33.4061],[-112.3497,33.4173],[-112.3408,33.4208],[-112.3324,33.4351],[-112.3324,33.4642],[-112.2809,33.4646],[-112.2811,33.4429],[-112.2724,33.443]]]}},{"type":"Feature","properties":{"leaid":"0400480","name":"Aguila Elementary District","kind":"Elementary","gradeLow":"KG","gradeHigh":"12","state":"AZ"},"geometry":{"type":"Polygon","coordinates":[[[-113.142,34.0],[-113.142,33.7246],[-113.1272,33.7245],[-113.1274,33.6386],[-113.3351,33.6386],[-113.3338,34.0],[-113.142,34.0]]]}},{"type":"Feature","properties":{"leaid":"0400600","name":"Alhambra Elementary District","kind":"Elementary","gradeLow":"PK","gradeHigh":"08","state":"AZ"},"geometry":{"type":"Polygon","coordinates":[[[-112.0997,33.5241],[-112.0999,33.4878],[-112.1171,33.4877],[-112.1171,33.4733],[-112.1257,33.4732],[-112.1257,33.4804],[-112.143,33.4805],[-112.1429,33.495],[-112.1689,33.495],[-112.1688,33.5094],[-112.1864,33.5095],[-112.1863,33.5241],[-112.1601,33.5239],[-112.16,33.5384],[-112.1343,33.5385],[-112.1343,33.524],[-112.0997,33.5241]]]}},{"type":"Feature","properties":{"leaid":"0400630","name":"Alpine Elementary District","kind":"Elementary","gradeLow":"KG","gradeHigh":"12","state":"AZ"},"geometry":{"type":"Polygon","coordinates":[[[-109.0469,33.908],[-109.0467,33.7774],[-109.3486,33.7781],[-109.3471,33.7763],[-109.3551,33.7702],[-109.3559,33.7681],[-109.3544,33.7658],[-109.3549,33.7634],[-109.363,33.7517],[-109.3635,33.7485],[-109.3619,33.7462],[-109.3647,33.74],[-109.3613,33.7355],[-109.3576,33.7349],[-109.3528,33.7289],[-109.3536,33.727],[-109.3529,33.7249],[-109.3554,33.7251],[-109.3572,33.7278],[-109.3611,33.728],[-109.3689,33.7224],[-109.3786,33.7246],[-109.3952,33.7165],[-109.3949,33.7138],[-109.3959,33.7129],[-109.398,33.7133],[-109.399,33.7168],[-109.401,33.7177],[-109.4033,33.7148],[-109.4045,33.7106],[-109.4055,33.7104],[-109.41,33.7157],[-109.4115,33.714],[-109.4124,33.7085],[-109.4139,33.7079],[-109.4181,33.709],[-109.4215,33.7119],[-109.4236,33.7101],[-109.4266,33.7121],[-109.4324,33.7112],[-109.4404,33.7132],[-109.4441,33.7105],[-109.4486,33.7111],[-109.4495,33.7085],[-109.4468,33.7094],[-109.4459,33.7084],[-109.453,33.7036],[-109.4559,33.6994],[-109.4615,33.6967],[-109.462,33.6927],[-109.4681,33.6939],[-109.4719,33.697],[-109.4747,33.6954],[-109.4752,33.6904],[-109.4809,33.6909],[-109.4801,33.6877],[-109.4837,33.6866],[-109.4812,33.684],[-109.484,33.6727],[-109.4798,33.6677],[-109.4798,33.6638],[-109.4826,33.6615],[-109.4863,33.6615],[-109.4838,33.6594],[-109.484,33.6574],[-109.4817,33.6549],[-109.4835,33.6541],[-109.4868,33.6565],[-109.4902,33.6551],[-109.49,33.659],[-109.4927,33.6568],[-109.4937,33.6539],[-109.4967,33.6524],[-109.495,33.7005],[-109.4963,33.7489],[-109.4951,33.7775],[-109.4362,33.7776],[-109.4363,33.8216],[-109.2455,33.8218],[-109.2453,33.909],[-109.1669,33.9072],[-109.1688,33.9075],[-109.0469,33.908]]]}},{"type":"Feature","properties":{"leaid":"0400750","name":"Apache Elementary District","kind":"Elementary","gradeLow":"KG","gradeHigh":"12","state":"AZ"},"geometry":{"type":"Polygon","coordinates":[[[-109.05,31.5525],[-109.3353,31.553],[-109.3367,31.5822],[-109.3342,31.5929],[-109.3357,31.6023],[-109.3335,31.642],[-109.3254,31.6419],[-109.3253,31.729],[-109.2237,31.7292],[-109.2257,31.7481],[-109.226,31.7725],[-109.1575,31.7727],[-109.1579,31.8155],[-109.0908,31.8169],[-109.0911,31.8253],[-109.0705,31.8261],[-109.0699,31.8411],[-109.0491,31.8417],[-109.05,31.5525]]]}},{"type":"Feature","properties":{"leaid":"0402490","name":"Double Adobe Elementary District","kind":"Elementary","gradeLow":"KG","gradeHigh":"12","state":"AZ"},"geometry":{"type":"Polygon","coordinates":[[[-109.6467,31.5544],[-109.647,31.4521],[-109.6301,31.452],[-109.6302,31.437],[-109.7321,31.4376],[-109.7332,31.4963],[-109.7117,31.4961],[-109.7138,31.4981],[-109.7118,31.5],[-109.7174,31.5036],[-109.7188,31.5057],[-109.7193,31.5111],[-109.7212,31.5123],[-109.7195,31.5192],[-109.717,31.5212],[-109.7201,31.5238],[-109.723,31.5311],[-109.7229,31.5355],[-109.7256,31.5389],[-109.7251,31.5479],[-109.7229,31.5515],[-109.7245,31.5525],[-109.7239,31.5545],[-109.6467,31.5544]]]}},{"type":"Feature","properties":{"leaid":"0400840","name":"Arlington Elementary District","kind":"Elementary","gradeLow":"PK","gradeHigh":"08","state":"AZ"},"geometry":{"type":"Polygon","coordinates":[[[-112.8607,33.3773],[-112.7377,33.3776],[-112.7375,33.3627],[-112.7291,33.3628],[-112.7288,33.3517],[-112.7245,33.3518],[-112.7246,33.3479],[-112.7208,33.3462],[-112.7173,33.3392],[-112.7129,33.334],[-112.7116,33.334],[-112.7118,33.3196],[-112.7031,33.3196],[-112.7031,33.3266],[-112.6772,33.3267],[-112.6774,33.2901],[-112.6848,33.2899],[-112.6843,33.1163],[-112.8283,33.1165],[-112.8284,33.2035],[-112.922,33.2034],[-112.922,33.205],[-112.9995,33.2036],[-113.3334,33.2046],[-113.3339,33.375],[-113.3339,33.3774],[-113.335,33.3775],[-113.3351,33.5519],[-113.0211,33.551],[-113.0216,33.3774],[-112.9475,33.3772],[-112.9363,33.3751],[-112.9278,33.3773],[-112.905,33.3775],[-112.9018,33.3786],[-112.8998,33.3777],[-112.8607,33.3773]]]}},{"type":"Feature","properties":{"leaid":"0400960","name":"Avondale Elementary District","kind":"Elementary","gradeLow":"PK","gradeHigh":"08","state":"AZ"},"geometry":{"type":"Polygon","coordinates":[[[-112.3324,33.4642],[-112.3324,33.4351],[-112.3408,33.4208],[-112.3497,33.4173],[-112.3489,33.4061],[-112.3575,33.4065],[-112.3574,33.392],[-112.4267,33.3917],[-112.4268,33.4066],[-112.4441,33.4066],[-112.4442,33.4646],[-112.3324,33.4642]]]}},{"type":"Feature","properties":{"leaid":"0401050","name":"Balsz Elementary District","kind":"Elementary","gradeLow":"PK","gradeHigh":"08","state":"AZ"},"geometry":{"type":"Polygon","coordinates":[[[-111.944,33.4511],[-111.961,33.451],[-111.9613,33.4369],[-111.9955,33.4371],[-111.9954,33.4439],[-112.0129,33.444],[-112.0129,33.4567],[-111.9954,33.4568],[-111.9955,33.4804],[-111.9432,33.4802],[-111.944,33.4511]]]}},{"type":"Feature","properties":{"leaid":"0401380","name":"Buckeye Elementary District","kind":"Elementary","gradeLow":"PK","gradeHigh":"08","state":"AZ"},"geometry":{"type":"MultiPolygon","coordinates":[[[[-112.6257,33.4645],[-112.5305,33.4645],[-112.5303,33.3486],[-112.5743,33.3484],[-112.5733,33.3432],[-112.5734,33.2912],[-112.5127,33.2904],[-112.5113,33.1161],[-112.6843,33.1163],[-112.6848,33.2899],[-112.6774,33.2901],[-112.6772,33.3267],[-112.6428,33.3272],[-112.6427,33.3335],[-112.6335,33.334],[-112.6339,33.4211],[-112.6258,33.4212],[-112.6257,33.4645]]],[[[-112.5308,33.4792],[-112.5134,33.4791],[-112.5129,33.4646],[-112.5222,33.4647],[-112.5222,33.4686],[-112.5181,33.4739],[-112.521,33.4764],[-112.5254,33.4719],[-112.5287,33.472],[-112.5287,33.4682],[-112.5308,33.4681],[-112.5308,33.4792]]]]}},{"type":"Feature","properties":{"leaid":"0401680","name":"Cartwright Elementary District","kind":"Elementary","gradeLow":"PK","gradeHigh":"08","state":"AZ"},"geometry":{"type":"Polygon","coordinates":[[[-112.1517,33.495],[-112.1516,33.4805],[-112.156,33.4805],[-112.156,33.4768],[-112.169,33.4768],[-112.1691,33.4512],[-112.1866,33.4515],[-112.1865,33.466],[-112.238,33.4653],[-112.2377,33.5087],[-112.1688,33.5094],[-112.1689,33.495],[-112.1517,33.495]]]}},{"type":"Feature","properties":{"leaid":"0402430","name":"Creighton Elementary District","kind":"Elementary","gradeLow":"PK","gradeHigh":"08","state":"AZ"},"geometry":{"type":"Polygon","coordinates":[[[-111.9961,33.5537],[-111.995,33.5237],[-111.9954,33.4568],[-112.0129,33.4567],[-112.0129,33.4549],[-112.0172,33.4549],[-112.0172,33.457],[-112.0302,33.4571],[-112.0302,33.4552],[-112.039,33.4553],[-112.039,33.4657],[-112.0477,33.4657],[-112.0476,33.4947],[-112.013,33.4952],[-112.0127,33.5537],[-111.9961,33.5537]]]}},{"type":"Feature","properties":{"leaid":"0403060","name":"Fowler Elementary District","kind":"Elementary","gradeLow":"PK","gradeHigh":"08","state":"AZ"},"geometry":{"type":"Polygon","coordinates":[[[-112.1865,33.466],[-112.1865,33.4225],[-112.204,33.4228],[-112.2041,33.401],[-112.2127,33.4013],[-112.2127,33.3975],[-112.2172,33.3975],[-112.2172,33.3919],[-112.2369,33.3919],[-112.237,33.4084],[-112.2379,33.4084],[-112.2386,33.423],[-112.2382,33.4653],[-112.1865,33.466]]]}},{"type":"Feature","properties":{"leaid":"0403420","name":"Glendale Elementary District","kind":"Elementary","gradeLow":"PK","gradeHigh":"08","state":"AZ"},"geometry":{"type":"Polygon","coordinates":[[[-112.1516,33.5385],[-112.16,33.5384],[-112.1601,33.5239],[-112.1863,33.5241],[-112.1864,33.5095],[-112.2377,33.5087],[-112.2378,33.552],[-112.2117,33.5526],[-112.2116,33.5671],[-112.1518,33.5675],[-112.1516,33.5385]]]}},{"type":"Feature","properties":{"leaid":"0400870","name":"Ash Creek Elementary District","kind":"Elementary","gradeLow":"PK","gradeHigh":"08","state":"AZ"},"geometry":{"type":"Polygon","coordinates":[[[-109.3722,31.9057],[-109.3379,31.9062],[-109.3375,31.8883],[-109.339,31.8655],[-109.3371,31.8611],[-109.3369,31.8169],[-109.4258,31.8172],[-109.4262,31.8028],[-109.4432,31.8027],[-109.4434,31.7876],[-109.4787,31.787],[-109.554,31.7873],[-109.5571,31.8185],[-109.6386,31.8187],[-109.6392,31.8481],[-109.7377,31.8473],[-109.7384,31.8619],[-109.7447,31.9055],[-109.7219,31.9055],[-109.7156,31.9035],[-109.6959,31.9034],[-109.6995,31.9635],[-109.6615,31.9635],[-109.6612,31.9489],[-109.6521,31.9488],[-109.6518,31.9635],[-109.6439,31.9636],[-109.6439,31.9857],[-109.6609,31.9851],[-109.66,31.9814],[-109.6783,31.978],[-109.6875,31.9772],[-109.6953,31.9786],[-109.6953,31.9926],[-109.661,31.9926],[-109.5931,31.9922],[-109.5931,31.9488],[-109.4405,31.9489],[-109.4407,31.905],[-109.388,31.9057],[-109.3781,31.903],[-109.3722,31.9057]]]}},{"type":"Feature","properties":{"leaid":"0401080","name":"Beaver Creek Elementary District","kind":"Elementary","gradeLow":"KG","gradeHigh":"12","state":"AZ"},"geometry":{"type":"Polygon","coordinates":[[[-111.5534,34.6107],[-111.8532,34.6109],[-111.8531,34.7331],[-111.7117,34.7323],[-111.7123,34.7603],[-111.6768,34.7605],[-111.6761,34.8033],[-111.5521,34.8025],[-111.5518,34.6635],[-111.5534,34.6107]]]}},{"type":"Feature","properties":{"leaid":"0402220","name":"Congress Elementary District","kind":"Elementary","gradeLow":"KG","gradeHigh":"12","state":"AZ"},"geometry":{"type":"Polygon","coordinates":[[[-112.8234,34.3773],[-112.824,34.2433],[-112.771,34.2433],[-112.7708,34.187],[-112.7183,34.1867],[-112.7184,34.2433],[-112.6183,34.2432],[-112.6185,34.1578],[-112.6209,34.1578],[-112.6211,34.1126],[-112.6173,34.1128],[-112.6176,34.0712],[-112.6588,34.07],[-112.6604,34.0714],[-112.8253,34.0711],[-112.8255,34.0612],[-112.8275,34.0617],[-112.8265,34.0605],[-112.8278,34.059],[-112.8242,34.0578],[-112.8242,33.9999],[-113.3333,34.0],[-113.3332,34.4115],[-112.971,34.4122],[-112.9706,34.3773],[-112.8234,34.3773]]]}},{"type":"Feature","properties":{"leaid":"0404170","name":"Kirkland Elementary District","kind":"Elementary","gradeLow":"KG","gradeHigh":"12","state":"AZ"},"geometry":{"type":"Polygon","coordinates":[[[-112.5014,34.4177],[-112.501,34.3319],[-112.8237,34.3303],[-112.8236,34.3738],[-112.7937,34.3738],[-112.794,34.4166],[-112.7959,34.4166],[-112.7959,34.418],[-112.796,34.4583],[-112.7794,34.4598],[-112.7283,34.4605],[-112.7265,34.4317],[-112.6554,34.4323],[-112.659,34.5044],[-112.6201,34.5043],[-112.6203,34.4967],[-112.6154,34.4979],[-112.5801,34.498],[-112.5864,34.5012],[-112.5853,34.5025],[-112.5772,34.4984],[-112.5777,34.4977],[-112.4998,34.4978],[-112.5004,34.4672],[-112.4974,34.4537],[-112.5149,34.4543],[-112.5149,34.452],[-112.5072,34.45],[-112.51,34.4466],[-112.509,34.4434],[-112.5123,34.4421],[-112.515,34.4375],[-112.5151,34.4177],[-112.5014,34.4177]]]}},{"type":"Feature","properties":{"leaid":"0401230","name":"Blue Elementary District","kind":"Elementary","gradeLow":"PK","gradeHigh":"12","state":"AZ"},"geometry":{"type":"Polygon","coordinates":[[[-109.0467,33.7774],[-109.0474,33.2404],[-109.0503,33.2357],[-109.0582,33.2391],[-109.061,33.2391],[-109.0678,33.2381],[-109.0696,33.235],[-109.0721,33.2348],[-109.0754,33.239],[-109.0821,33.2343],[-109.0837,33.236],[-109.0923,33.2383],[-109.095,33.2367],[-109.0963,33.234],[-109.1039,33.2362],[-109.1062,33.2311],[-109.1117,33.2337],[-109.1142,33.231],[-109.1118,33.2287],[-109.1134,33.2243],[-109.1192,33.2227],[-109.1217,33.2203],[-109.1243,33.2208],[-109.129,33.2188],[-109.125,33.2127],[-109.127,33.2111],[-109.1267,33.2074],[-109.133,33.2082],[-109.1347,33.2066],[-109.1363,33.2007],[-109.1386,33.2011],[-109.143,33.1963],[-109.1465,33.1952],[-109.149,33.1989],[-109.1489,33.2057],[-109.1557,33.2091],[-109.1641,33.2068],[-109.1693,33.209],[-109.1719,33.2046],[-109.1743,33.2072],[-109.1763,33.2058],[-109.1795,33.2062],[-109.1824,33.2088],[-109.1903,33.2106],[-109.1923,33.2098],[-109.3055,33.2091],[-109.3035,33.2135],[-109.3049,33.231],[-109.305,33.2963],[-109.2203,33.2968],[-109.2209,33.6163],[-109.2188,33.634],[-109.2209,33.6486],[-109.2209,33.6597],[-109.2249,33.6754],[-109.221,33.6874],[-109.221,33.7778],[-109.0467,33.7774]]]}},{"type":"Feature","properties":{"leaid":"0401260","name":"Bonita Elementary District","kind":"Elementary","gradeLow":"KG","gradeHigh":"12","state":"AZ"},"geometry":{"type":"Polygon","coordinates":[[[-109.8402,32.4271],[-110.349,32.4264],[-110.349,32.4276],[-110.4515,32.4275],[-110.4515,32.514],[-110.4492,32.514],[-110.4485,32.5284],[-110.4486,32.7023],[-110.1438,32.7031],[-110.1439,32.5999],[-110.0425,32.6002],[-110.0424,32.7331],[-109.974,32.7332],[-109.9705,32.7358],[-109.9675,32.7332],[-109.9395,32.7333],[-109.9393,32.6904],[-109.9009,32.69],[-109.8868,32.6912],[-109.8809,32.69],[-109.8722,32.6901],[-109.8686,32.5143],[-109.8402,32.5145],[-109.8402,32.4271]]]}},{"type":"Feature","properties":{"leaid":"0401920","name":"Chevelon Butte School District","kind":"Elementary","gradeLow":"KG","gradeHigh":"12","state":"AZ"},"geometry":{"type":"Polygon","coordinates":[[[-110.7507,34.7208],[-110.7507,34.2633],[-110.7632,34.2584],[-110.767,34.259],[-110.7667,34.269],[-110.7623,34.273],[-110.7618,34.2762],[-110.7579,34.2793],[-110.7613,34.2879],[-110.7646,34.2924],[-110.7829,34.2995],[-110.7833,34.3024],[-110.7812,34.3077],[-110.7853,34.3038],[-110.7865,34.299],[-110.788,34.2978],[-110.7898,34.303],[-110.787,34.3057],[-110.7881,34.3091],[-110.7903,34.3087],[-110.7936,34.305],[-110.7957,34.3071],[-110.7949,34.3023],[-110.796,34.2991],[-110.8028,34.2981],[-110.8052,34.306],[-110.8035,34.3078],[-110.8049,34.3113],[-110.8059,34.3093],[-110.8087,34.3082],[-110.8093,34.3029],[-110.8118,34.3031],[-110.8102,34.3005],[-110.8113,34.2954],[-110.8184,34.3001],[-110.8239,34.3003],[-110.8239,34.3026],[-110.8257,34.3011],[-110.8282,34.3017],[-110.8281,34.3036],[-110.8305,34.3018],[-110.8327,34.3042],[-110.8339,34.303],[-110.8385,34.3088],[-110.8402,34.3073],[-110.8459,34.3071],[-110.8445,34.3054],[-110.8453,34.3039],[-110.8428,34.3043],[-110.8348,34.3007],[-110.8342,34.2992],[-110.831,34.2984],[-110.8293,34.2958],[-110.8271,34.2966],[-110.8246,34.2954],[-110.8202,34.2893],[-110.8224,34.2869],[-110.8311,34.2842],[-110.8328,34.2814],[-110.8378,34.2806],[-110.835,34.2795],[-110.8348,34.2759],[-110.833,34.2785],[-110.8316,34.2769],[-110.8269,34.278],[-110.8257,34.2772],[-110.8265,34.2753],[-110.8318,34.2732],[-110.835,34.2696],[-110.844,34.2684],[-110.8479,34.2711],[-110.8466,34.267],[-110.8476,34.2656],[-110.8481,34.2672],[-110.8529,34.27],[-110.8606,34.2699],[-110.8725,34.2738],[-110.8774,34.2758],[-110.8861,34.2823],[-110.8887,34.2863],[-110.8839,34.2896],[-110.8876,34.2931],[-110.8952,34.2955],[-110.8969,34.3024],[-110.9057,34.3002],[-110.9123,34.3034],[-110.9133,34.3052],[-110.9173,34.3047],[-110.9243,34.3077],[-110.9271,34.3105],[-110.9416,34.3106],[-110.9461,34.3173],[-110.9511,34.3188],[-110.9525,34.3186],[-110.9536,34.3139],[-110.9589,34.3145],[-110.9604,34.3174],[-110.9641,34.3191],[-110.9687,34.3238],[-110.9693,34.3277],[-110.974,34.3332],[-110.9754,34.3366],[-110.9789,34.3368],[-110.983,34.3394],[-110.9864,34.3397],[-110.9894,34.3423],[-110.9973,34.3441],[-110.9965,34.3496],[-110.9982,34.3517],[-110.9995,34.35],[-111.0022,34.3517],[-111.0059,34.3512],[-111.0037,34.3563],[-111.006,34.3611],[-111.0086,34.3624],[-111.0101,34.3585],[-111.014,34.3615],[-111.0205,34.3617],[-111.0212,34.3652],[-111.0198,34.367],[-111.0194,34.3714],[-111.0201,34.3732],[-111.0235,34.3724],[-111.024,34.3688],[-111.026,34.3677],[-111.0252,34.3661],[-111.0275,34.3634],[-111.0326,34.364],[-111.0338,34.3623],[-111.0292,34.3582],[-111.0289,34.3555],[-111.0259,34.3538],[-111.0285,34.3532],[-111.0287,34.3516],[-111.0313,34.3496],[-111.0282,34.3464],[-111.0305,34.3433],[-111.0288,34.3413],[-111.0332,34.3409],[-111.0406,34.3432],[-111.0442,34.3429],[-111.0449,34.3449],[-111.05,34.3472],[-111.0527,34.3526],[-111.0571,34.3531],[-111.0578,34.3557],[-111.0569,34.3604],[-111.0516,34.357],[-111.0478,34.3644],[-111.0459,34.3643],[-111.0424,34.3675],[-111.0415,34.3713],[-111.0396,34.3701],[-111.0392,34.3712],[-111.0375,34.3713],[-111.0377,34.3737],[-111.04,34.3734],[-111.0406,34.3778],[-111.0422,34.3776],[-111.0443,34.3796],[-111.0449,34.3773],[-111.0473,34.3763],[-111.0466,34.375],[-111.0506,34.3738],[-111.051,34.3704],[-111.0534,34.3707],[-111.0515,34.3755],[-111.0543,34.379],[-111.0589,34.3806],[-111.0603,34.3798],[-111.0596,34.378],[-111.061,34.3773],[-111.067,34.38],[-111.0717,34.3784],[-111.0741,34.3805],[-111.077,34.3807],[-111.0754,34.3859],[-111.0762,34.3868],[-111.0802,34.3856],[-111.0796,34.3891],[-111.0865,34.3902],[-111.0876,34.3914],[-111.0845,34.393],[-111.0872,34.3938],[-111.0875,34.395],[-111.0948,34.3933],[-111.0963,34.3966],[-111.098,34.3941],[-111.1002,34.394],[-111.1003,34.3903],[-111.1019,34.3912],[-111.102,34.3895],[-111.1056,34.3894],[-111.1116,34.3915],[-111.1104,34.3836],[-111.1159,34.3851],[-111.1183,34.383],[-111.1211,34.3847],[-111.1213,34.3825],[-111.1227,34.3869],[-111.1264,34.3885],[-111.1277,34.3907],[-111.1299,34.3881],[-111.1295,34.3852],[-111.1351,34.3883],[-111.1357,34.3854],[-111.1379,34.3867],[-111.1398,34.3858],[-111.14,34.382],[-111.1434,34.379],[-111.1436,34.3776],[-111.1403,34.3758],[-111.1471,34.3752],[-111.1493,34.3781],[-111.1516,34.379],[-111.1489,34.3848],[-111.1506,34.3881],[-111.1523,34.3884],[-111.1508,34.3911],[-111.1521,34.3943],[-111.1552,34.3951],[-111.1558,34.3991],[-111.1603,34.3999],[-111.161,34.4038],[-111.1646,34.4044],[-111.1653,34.403],[-111.1683,34.4027],[-111.1703,34.4011],[-111.1718,34.402],[-111.1729,34.4056],[-111.1752,34.4058],[-111.1764,34.4037],[-111.1778,34.4037],[-111.1768,34.4062],[-111.1782,34.4084],[-111.1813,34.4079],[-111.1832,34.4101],[-111.1881,34.4074],[-111.1914,34.4073],[-111.1951,34.4047],[-111.1973,34.4054],[-111.1971,34.4076],[-111.1985,34.4092],[-111.2046,34.4087],[-111.2066,34.4099],[-111.2096,34.4084],[-111.2117,34.4134],[-111.2146,34.4129],[-111.215,34.4178],[-111.2199,34.4159],[-111.2219,34.4167],[-111.2222,34.4256],[-111.2258,34.4247],[-111.225,34.4276],[-111.2277,34.4299],[-111.2277,34.4318],[-111.2332,34.4305],[-111.2344,34.4314],[-111.2359,34.4299],[-111.2399,34.4314],[-111.2406,34.4372],[-111.2418,34.4386],[-111.2451,34.4384],[-111.2451,34.4424],[-111.2477,34.4422],[-111.2465,34.4435],[-111.2467,34.4454],[-111.2446,34.4461],[-111.2465,34.4507],[-111.2503,34.4533],[-111.2518,34.4513],[-111.2541,34.4523],[-111.2565,34.4468],[-111.2601,34.4477],[-111.262,34.4428],[-111.2652,34.4437],[-111.2666,34.4427],[-111.2666,34.4446],[-111.2727,34.4445],[-111.2786,34.4383],[-111.2791,34.4399],[-111.2832,34.4389],[-111.287,34.4398],[-111.289,34.436],[-111.2923,34.4376],[-111.294,34.4366],[-111.2968,34.4372],[-111.2989,34.4335],[-111.3011,34.4325],[-111.3068,34.4341],[-111.3106,34.4292],[-111.3107,34.4268],[-111.313,34.4291],[-111.3148,34.4292],[-111.3176,34.4264],[-111.3207,34.4278],[-111.3243,34.4226],[-111.326,34.4231],[-111.3279,34.422],[-111.332,34.4249],[-111.3372,34.4221],[-111.3419,34.4248],[-111.3419,34.4682],[-111.1253,34.4673],[-111.125,34.6155],[-111.1287,34.635],[-111.1281,34.6389],[-111.1241,34.6411],[-111.1245,34.6457],[-111.1268,34.6498],[-111.1254,34.654],[-111.1254,34.721],[-110.7507,34.7208]]]}},{"type":"Feature","properties":{"leaid":"0402710","name":"Eagle Elementary District","kind":"Elementary","gradeLow":"KG","gradeHigh":"12","state":"AZ"},"geometry":{"type":"Polygon","coordinates":[[[-109.221,33.7778],[-109.221,33.6874],[-109.2249,33.6754],[-109.2209,33.6597],[-109.2209,33.6486],[-109.2188,33.634],[-109.2209,33.6163],[-109.2203,33.2968],[-109.305,33.2963],[-109.3049,33.231],[-109.3035,33.2135],[-109.3055,33.2091],[-109.3399,33.2092],[-109.3398,33.1803],[-109.4957,33.1805],[-109.4954,33.6527],[-109.49,33.659],[-109.4902,33.6551],[-109.4868,33.6565],[-109.4835,33.6541],[-109.4817,33.6549],[-109.484,33.6574],[-109.4838,33.6594],[-109.4863,33.6614],[-109.4856,33.6623],[-109.4826,33.6615],[-109.4797,33.6646],[-109.4801,33.6683],[-109.484,33.6726],[-109.4812,33.684],[-109.4837,33.6867],[-109.4802,33.6876],[-109.4811,33.6904],[-109.4803,33.6913],[-109.4751,33.6904],[-109.4748,33.6952],[-109.4727,33.6968],[-109.4706,33.6967],[-109.468,33.6939],[-109.462,33.6927],[-109.4615,33.6967],[-109.4559,33.6994],[-109.453,33.7036],[-109.4459,33.7084],[-109.4468,33.7094],[-109.4495,33.7085],[-109.4498,33.7101],[-109.4482,33.7113],[-109.4441,33.7105],[-109.4404,33.7132],[-109.4324,33.7112],[-109.4266,33.7121],[-109.4236,33.7101],[-109.4215,33.7119],[-109.4181,33.709],[-109.4139,33.7079],[-109.4124,33.7085],[-109.4115,33.714],[-109.41,33.7157],[-109.4055,33.7104],[-109.4045,33.7106],[-109.4033,33.7148],[-109.401,33.7177],[-109.399,33.7168],[-109.398,33.7133],[-109.3959,33.7129],[-109.3949,33.7138],[-109.3952,33.7165],[-109.3786,33.7246],[-109.3689,33.7224],[-109.3611,33.728],[-109.3572,33.7278],[-109.3554,33.7251],[-109.3529,33.7249],[-109.3536,33.727],[-109.3528,33.7289],[-109.3576,33.7349],[-109.3613,33.7355],[-109.3647,33.74],[-109.3619,33.7462],[-109.3635,33.7485],[-109.363,33.7517],[-109.3549,33.7634],[-109.3544,33.7658],[-109.3559,33.7681],[-109.3551,33.7702],[-109.3471,33.7763],[-109.3486,33.7781],[-109.221,33.7778]]]}},{"type":"Feature","properties":{"leaid":"0404200","name":"Klondyke Elementary District","kind":"Elementary","gradeLow":"KG","gradeHigh":"12","state":"AZ"},"geometry":{"type":"Polygon","coordinates":[[[-110.2302,32.9439],[-110.2308,32.8623],[-110.1785,32.8621],[-110.1786,32.776],[-110.0682,32.7755],[-110.0433,32.7764],[-110.0445,32.753],[-110.0424,32.7463],[-110.0425,32.6002],[-110.1439,32.5999],[-110.1438,32.7031],[-110.4486,32.7023],[-110.4494,32.9874],[-110.4329,32.9874],[-110.4327,33.0017],[-110.3627,33.0013],[-110.3641,33.0317],[-110.3261,33.0305],[-110.3267,32.9729],[-110.2951,32.973],[-110.2946,32.959],[-110.286,32.9589],[-110.286,32.9513],[-110.2774,32.9513],[-110.2772,32.9438],[-110.2302,32.9439]]]}},{"type":"Feature","properties":{"leaid":"0401290","name":"Bouse Elementary District","kind":"Elementary","gradeLow":"PK","gradeHigh":"08","state":"AZ"},"geometry":{"type":"Polygon","coordinates":[[[-113.6655,34.0702],[-113.6645,33.9859],[-113.766,33.9858],[-113.7657,33.8024],[-113.7667,33.7827],[-113.8758,33.7832],[-114.0384,33.781],[-114.0425,33.782],[-114.0806,33.7821],[-114.3485,33.7809],[-114.2508,34.0259],[-114.2201,34.1058],[-114.2273,34.1232],[-114.2123,34.1259],[-114.0512,34.1252],[-114.0452,34.1234],[-114.0438,34.1249],[-113.9798,34.1251],[-113.9799,34.0703],[-113.6655,34.0702]]]}},{"type":"Feature","properties":{"leaid":"0401500","name":"Bullhead City School District","kind":"Elementary","gradeLow":"PK","gradeHigh":"08","state":"AZ"},"geometry":{"type":"Polygon","coordinates":[[[-114.4008,35.1544],[-114.4011,35.0393],[-114.5625,35.0408],[-114.6307,35.0403],[-114.6258,35.0458],[-114.6067,35.0589],[-114.6036,35.0642],[-114.6032,35.0704],[-114.6055,35.076],[-114.6131,35.0831],[-114.6225,35.0887],[-114.6428,35.0965],[-114.6468,35.1019],[-114.6452,35.105],[-114.6374,35.1125],[-114.6284,35.1189],[-114.6186,35.1216],[-114.5978,35.1217],[-114.5849,35.1252],[-114.5783,35.1288],[-114.5726,35.1396],[-114.5739,35.1454],[-114.5695,35.1623],[-114.5693,35.1834],[-114.5714,35.191],[-114.5721,35.2008],[-114.575,35.2067],[-114.5795,35.2089],[-114.5803,35.2201],[-114.5835,35.2303],[-114.5825,35.2332],[-114.5828,35.2387],[-114.585,35.2427],[-114.5861,35.2489],[-114.5866,35.2624],[-114.5967,35.2946],[-114.5972,35.3032],[-114.5956,35.3265],[-114.6046,35.3552],[-114.6112,35.3701],[-114.6177,35.3801],[-114.6209,35.3969],[-114.6268,35.4096],[-114.6521,35.4301],[-114.6543,35.4369],[-114.6629,35.4464],[-114.6642,35.4558],[-114.6672,35.4604],[-114.6657,35.4669],[-114.6674,35.4699],[-114.6732,35.4748],[-114.6719,35.4821],[-114.6768,35.4898],[-114.6763,35.4931],[-114.6786,35.4976],[-114.6775,35.5109],[-114.6757,35.5156],[-114.6695,35.5208],[-114.6646,35.5215],[-114.6578,35.5307],[-114.6568,35.535],[-114.6615,35.5441],[-114.662,35.5559],[-114.6635,35.561],[-114.6628,35.5643],[-114.6644,35.5684],[-114.6684,35.5743],[-114.6749,35.5784],[-114.6757,35.58],[-114.6702,35.5835],[-114.6592,35.5875],[-114.6539,35.5985],[-114.6545,35.6052],[-114.6535,35.6082],[-114.6539,35.6117],[-114.6595,35.6196],[-114.6667,35.6231],[-114.669,35.6289],[-114.6765,35.6405],[-114.6861,35.6475],[-114.6895,35.6514],[-114.6902,35.6652],[-114.683,35.6764],[-114.4656,35.6765],[-114.4656,35.5034],[-114.4656,35.5023],[-114.4618,35.5024],[-114.4614,35.3281],[-114.4084,35.3283],[-114.4078,35.1546],[-114.4008,35.1544]]]}},{"type":"Feature","properties":{"leaid":"0403660","name":"Hackberry School District","kind":"Elementary","gradeLow":"PK","gradeHigh":"12","state":"AZ"},"geometry":{"type":"Polygon","coordinates":[[[-113.5027,35.7658],[-113.5029,35.5007],[-113.5549,35.5004],[-113.5576,35.4975],[-113.6054,35.4998],[-113.6052,35.5012],[-113.6225,35.5021],[-113.7113,35.5021],[-113.7112,35.3286],[-113.4935,35.3283],[-113.493,35.242],[-113.3597,35.243],[-113.3596,35.1515],[-113.8159,35.1527],[-113.8173,35.159],[-113.8177,35.5018],[-113.8215,35.4974],[-113.8303,35.497],[-113.8299,35.5854],[-113.8311,35.6069],[-113.8297,35.6427],[-113.8296,35.8505],[-113.8365,35.8506],[-113.8358,36.0491],[-113.8209,36.0477],[-113.8106,36.0484],[-113.7956,36.0292],[-113.7863,36.0282],[-113.7824,36.0253],[-113.7847,36.0113],[-113.7811,36.0021],[-113.7797,35.9912],[-113.7768,35.985],[-113.7713,35.9787],[-113.7692,35.9727],[-113.7656,35.9701],[-113.7567,35.9675],[-113.7496,35.9686],[-113.7377,35.9561],[-113.7411,35.9475],[-113.7397,35.9406],[-113.7378,35.9397],[-113.7256,35.9404],[-113.7221,35.9392],[-113.7138,35.9279],[-113.7143,35.9174],[-113.7167,35.9074],[-113.7166,35.9039],[-113.7122,35.8941],[-113.7134,35.8854],[-113.708,35.8796],[-113.6941,35.8781],[-113.6811,35.8749],[-113.6757,35.8689],[-113.6688,35.8658],[-113.6638,35.8556],[-113.6559,35.8484],[-113.6552,35.8441],[-113.6562,35.8363],[-113.6474,35.8239],[-113.6367,35.819],[-113.6318,35.8196],[-113.6282,35.8224],[-113.6259,35.8293],[-113.619,35.8369],[-113.6159,35.846],[-113.6116,35.8497],[-113.6059,35.8495],[-113.577,35.8284],[-113.5696,35.8216],[-113.5665,35.8095],[-113.5631,35.8043],[-113.5529,35.7989],[-113.5434,35.7956],[-113.5283,35.7784],[-113.5142,35.7675],[-113.5027,35.7658]]]}},{"type":"Feature","properties":{"leaid":"0401650","name":"Canon Elementary District","kind":"Elementary","gradeLow":"KG","gradeHigh":"12","state":"AZ"},"geometry":{"type":"Polygon","coordinates":[[[-112.0995,34.0411],[-112.1648,34.0482],[-112.1628,34.0469],[-112.1616,34.0423],[-112.1584,34.0438],[-112.1536,34.0409],[-112.1587,34.04],[-112.1647,34.0363],[-112.1648,34.027],[-112.1611,34.0177],[-112.1655,34.0126],[-112.1716,34.0178],[-112.1764,34.0144],[-112.1829,34.0125],[-112.1833,34.0099],[-112.1804,34.0057],[-112.1805,34.0036],[-112.1849,34.0006],[-112.1862,33.9972],[-112.1922,33.9927],[-112.1948,33.9762],[-112.2029,33.9705],[-112.2035,34.1926],[-112.2034,34.1949],[-112.1993,34.1949],[-112.1993,34.2011],[-112.2739,34.2015],[-112.2738,34.2453],[-112.3577,34.2451],[-112.359,34.2466],[-112.3602,34.245],[-112.3775,34.2449],[-112.3778,34.3463],[-112.1995,34.3424],[-112.1994,34.2397],[-112.0943,34.2411],[-112.0936,34.1969],[-112.098,34.197],[-112.0981,34.1939],[-112.0978,34.1367],[-112.0995,34.0411]]]}},{"type":"Feature","properties":{"leaid":"0402460","name":"Crown King Elementary District","kind":"Elementary","gradeLow":"KG","gradeHigh":"12","state":"AZ"},"geometry":{"type":"Polygon","coordinates":[[[-112.2035,34.1284],[-112.3698,34.1284],[-112.381,34.1281],[-112.3841,34.1262],[-112.3876,34.1281],[-112.3811,34.1338],[-112.3828,34.1348],[-112.3908,34.1282],[-112.4122,34.1283],[-112.4121,34.149],[-112.4102,34.1474],[-112.4103,34.1506],[-112.4084,34.1495],[-112.4077,34.1512],[-112.4058,34.1502],[-112.4055,34.1516],[-112.4121,34.155],[-112.4122,34.1574],[-112.4139,34.1574],[-112.4135,34.2306],[-112.3776,34.2305],[-112.3775,34.2449],[-112.3602,34.245],[-112.359,34.2466],[-112.3577,34.2451],[-112.2738,34.2453],[-112.2739,34.2015],[-112.1993,34.2011],[-112.1993,34.1949],[-112.2034,34.1949],[-112.2035,34.1284]]]}},{"type":"Feature","properties":{"leaid":"0401710","name":"Casa Grande Elementary District","kind":"Elementary","gradeLow":"PK","gradeHigh":"08","state":"AZ"},"geometry":{"type":"Polygon","coordinates":[[[-111.6691,32.9961],[-111.6692,32.9674],[-111.6705,32.9674],[-111.6705,32.9234],[-111.5667,32.9232],[-111.5671,32.8941],[-111.5758,32.8941],[-111.5759,32.8833],[-111.5759,32.8796],[-111.5673,32.8796],[-111.5677,32.8067],[-111.6021,32.8068],[-111.6021,32.8212],[-111.6538,32.8213],[-111.6538,32.8141],[-111.6711,32.814],[-111.6711,32.8069],[-111.7486,32.8066],[-111.7572,32.8066],[-111.7574,32.8211],[-111.826,32.8211],[-111.8259,32.7927],[-111.7746,32.7927],[-111.7744,32.7631],[-111.7406,32.7631],[-111.7403,32.7189],[-111.7744,32.7192],[-111.7758,32.6808],[-111.7926,32.6805],[-111.7925,32.5066],[-111.8614,32.5067],[-111.8611,32.7635],[-111.8776,32.7634],[-111.8776,32.7676],[-111.9293,32.7676],[-111.9294,32.9386],[-111.9451,32.9386],[-111.9462,32.9697],[-111.963,32.9699],[-111.962,33.029],[-111.8928,33.0294],[-111.8929,32.996],[-111.6691,32.9961]]]}},{"type":"Feature","properties":{"leaid":"0402790","name":"Eloy Elementary District","kind":"Elementary","gradeLow":"PK","gradeHigh":"08","state":"AZ"},"geometry":{"type":"Polygon","coordinates":[[[-111.3549,32.5885],[-111.4656,32.5892],[-111.4657,32.5013],[-111.5693,32.5014],[-111.5693,32.5068],[-111.7925,32.5066],[-111.7926,32.6753],[-111.758,32.6751],[-111.7579,32.6552],[-111.7069,32.6554],[-111.7063,32.7191],[-111.568,32.7196],[-111.5677,32.7922],[-111.5499,32.7923],[-111.55,32.7629],[-111.5333,32.7628],[-111.5338,32.6763],[-111.355,32.6761],[-111.3549,32.5885]]]}},{"type":"Feature","properties":{"leaid":"0402130","name":"Cochise Elementary District","kind":"Elementary","gradeLow":"KG","gradeHigh":"12","state":"AZ"},"geometry":{"type":"Polygon","coordinates":[[[-110.1486,32.1675],[-109.9944,32.1664],[-109.9944,32.1446],[-109.8407,32.1453],[-109.8412,32.0796],[-109.848,32.0795],[-109.8478,32.0505],[-109.8944,32.0495],[-109.9973,32.05],[-109.9979,32.0805],[-110.0465,32.0802],[-110.0467,32.0942],[-110.1147,32.0935],[-110.1144,32.0795],[-110.1486,32.0787],[-110.1486,32.1675]]]}},{"type":"Feature","properties":{"leaid":"0402190","name":"Concho Elementary District","kind":"Elementary","gradeLow":"PK","gradeHigh":"12","state":"AZ"},"geometry":{"type":"Polygon","coordinates":[[[-109.533,34.3875],[-109.5345,34.3665],[-109.5333,34.3589],[-109.5342,34.3009],[-109.8486,34.3015],[-109.8482,34.4734],[-109.8468,34.4735],[-109.8652,34.5597],[-109.8507,34.6465],[-109.7464,34.6481],[-109.7484,34.6315],[-109.7373,34.6309],[-109.7385,34.6231],[-109.7427,34.6224],[-109.7492,34.5854],[-109.7517,34.5622],[-109.6817,34.5615],[-109.6121,34.5644],[-109.6066,34.5664],[-109.6012,34.5647],[-109.5258,34.5675],[-109.5249,34.4753],[-109.5329,34.4746],[-109.533,34.3875]]]}},{"type":"Feature","properties":{"leaid":"0402250","name":"Continental Elementary District","kind":"Elementary","gradeLow":"PK","gradeHigh":"12","state":"AZ"},"geometry":{"type":"Polygon","coordinates":[[[-110.8069,31.8183],[-110.8071,31.7317],[-110.8558,31.7317],[-110.8558,31.7267],[-110.9938,31.7265],[-110.9944,31.7681],[-111.0338,31.7688],[-111.033,31.7708],[-111.035,31.7687],[-111.0622,31.7685],[-111.0627,31.8844],[-111.0118,31.885],[-111.0117,31.8995],[-110.9688,31.8994],[-110.9644,31.8956],[-110.9583,31.8955],[-110.9388,31.8993],[-110.8578,31.8992],[-110.858,31.8183],[-110.8069,31.8183]]]}},{"type":"Feature","properties":{"leaid":"0402370","name":"Cottonwood-Oak Creek Elementary District","kind":"Elementary","gradeLow":"PK","gradeHigh":"08","state":"AZ"},"geometry":{"type":"Polygon","coordinates":[[[-111.7776,34.981],[-111.7777,34.9339],[-111.8833,34.9342],[-111.8833,34.8036],[-111.8527,34.8038],[-111.8536,34.6566],[-111.8697,34.6563],[-111.8697,34.6583],[-111.9399,34.6592],[-111.9381,34.6536],[-111.9327,34.6462],[-111.935,34.6445],[-112.0794,34.6452],[-112.0794,34.6431],[-112.0908,34.6428],[-112.0907,34.7301],[-112.0797,34.7301],[-112.0797,34.7324],[-112.0625,34.7323],[-112.0625,34.7359],[-112.0641,34.736],[-112.0641,34.7395],[-112.0623,34.7395],[-112.0624,34.751],[-112.0491,34.7508],[-112.0491,34.7546],[-112.0359,34.7544],[-112.0359,34.7581],[-112.0315,34.7579],[-112.0314,34.7617],[-111.9745,34.7617],[-111.9747,34.8036],[-112.0272,34.8036],[-112.0272,34.8052],[-112.0416,34.8067],[-112.0414,34.8182],[-112.0593,34.8182],[-112.0589,34.8026],[-112.3076,34.8024],[-112.3074,34.8928],[-112.3211,34.8928],[-112.3345,34.973],[-112.0219,34.9741],[-112.0219,34.9758],[-112.0007,34.9765],[-111.809,34.9763],[-111.8091,34.9811],[-111.7776,34.981]]]}},{"type":"Feature","properties":{"leaid":"0402400","name":"Crane Elementary District","kind":"Elementary","gradeLow":"PK","gradeHigh":"08","state":"AZ"},"geometry":{"type":"Polygon","coordinates":[[[-114.6504,32.733],[-114.6505,32.7058],[-114.6416,32.7055],[-114.6417,32.6912],[-114.6396,32.6902],[-114.6387,32.6828],[-114.6361,32.6793],[-114.6409,32.6695],[-114.633,32.6694],[-114.6326,32.6113],[-114.6585,32.6111],[-114.6585,32.6147],[-114.6627,32.6147],[-114.6627,32.6111],[-114.6671,32.611],[-114.6671,32.6183],[-114.6843,32.6183],[-114.6843,32.6331],[-114.78,32.6327],[-114.7644,32.6427],[-114.7631,32.6451],[-114.7646,32.6497],[-114.7495,32.6618],[-114.7453,32.6722],[-114.7445,32.6785],[-114.7318,32.6954],[-114.7297,32.7003],[-114.7298,32.7047],[-114.7221,32.7137],[-114.7145,32.7304],[-114.7091,32.7355],[-114.7022,32.7454],[-114.6988,32.7448],[-114.6885,32.7376],[-114.6659,32.734],[-114.6504,32.733]]]}},{"type":"Feature","properties":{"leaid":"0403240","name":"Gadsden Elementary District","kind":"Elementary","gradeLow":"PK","gradeHigh":"08","state":"AZ"},"geometry":{"type":"Polygon","coordinates":[[[-114.7355,32.4711],[-114.8136,32.4943],[-114.814,32.4969],[-114.8123,32.5],[-114.8163,32.5081],[-114.8067,32.5091],[-114.8033,32.5109],[-114.802,32.5136],[-114.8032,32.5165],[-114.8102,32.5183],[-114.8105,32.5221],[-114.8132,32.5245],[-114.802,32.5363],[-114.8018,32.5397],[-114.8046,32.5417],[-114.8057,32.5463],[-114.7939,32.552],[-114.7914,32.5565],[-114.7927,32.5623],[-114.7918,32.5688],[-114.7928,32.5695],[-114.7944,32.5691],[-114.7973,32.5648],[-114.8065,32.5592],[-114.8112,32.5591],[-114.8139,32.5622],[-114.813,32.5687],[-114.8044,32.5729],[-114.8016,32.5764],[-114.8014,32.5789],[-114.804,32.582],[-114.8,32.5888],[-114.7356,32.5891],[-114.7355,32.4711]]]}},{"type":"Feature","properties":{"leaid":"0403900","name":"Hyder Elementary District","kind":"Elementary","gradeLow":"PK","gradeHigh":"08","state":"AZ"},"geometry":{"type":"Polygon","coordinates":[[[-113.3338,33.117],[-113.3337,32.7679],[-113.5745,32.7672],[-113.5746,32.7635],[-113.5787,32.7634],[-113.5787,32.7672],[-113.583,32.7672],[-113.5829,32.7635],[-113.5916,32.7635],[-113.5917,32.7671],[-113.6169,32.767],[-113.6608,32.7503],[-113.6608,32.7672],[-113.6439,32.7673],[-113.6442,32.8326],[-113.6614,32.8255],[-113.6611,32.8551],[-113.6624,32.8773],[-113.6619,32.9427],[-113.6648,32.9425],[-113.6656,32.9603],[-113.6658,33.1173],[-113.3338,33.117]]]}},{"type":"Feature","properties":{"leaid":"0402760","name":"Elfrida Elementary District","kind":"Elementary","gradeLow":"PK","gradeHigh":"08","state":"AZ"},"geometry":{"type":"Polygon","coordinates":[[[-109.5379,31.7872],[-109.5371,31.7784],[-109.5382,31.7713],[-109.5309,31.7289],[-109.5288,31.6426],[-109.7036,31.6418],[-109.7038,31.6858],[-109.7728,31.6861],[-109.7721,31.73],[-109.7634,31.7299],[-109.7608,31.7695],[-109.7574,31.7886],[-109.738,31.7903],[-109.739,31.8191],[-109.7377,31.8473],[-109.6392,31.8481],[-109.6386,31.8187],[-109.5571,31.8185],[-109.554,31.7873],[-109.5379,31.7872]]]}},{"type":"Feature","properties":{"leaid":"0402820","name":"Empire Elementary District","kind":"Elementary","gradeLow":"KG","gradeHigh":"12","state":"AZ"},"geometry":{"type":"Polygon","coordinates":[[[-110.4512,31.9477],[-110.4505,31.8472],[-110.4511,31.8181],[-110.4523,31.8181],[-110.4523,31.7312],[-110.8071,31.7317],[-110.8069,31.8183],[-110.6551,31.8179],[-110.6553,31.9041],[-110.6041,31.9046],[-110.6042,31.9481],[-110.4512,31.9477]]]}},{"type":"Feature","properties":{"leaid":"0403960","name":"Isaac Elementary District","kind":"Elementary","gradeLow":"PK","gradeHigh":"08","state":"AZ"},"geometry":{"type":"Polygon","coordinates":[[[-112.1171,33.4733],[-112.1175,33.4511],[-112.1691,33.4512],[-112.169,33.4768],[-112.156,33.4768],[-112.156,33.4805],[-112.1516,33.4805],[-112.1517,33.495],[-112.1429,33.495],[-112.143,33.4805],[-112.1257,33.4804],[-112.1257,33.4732],[-112.1171,33.4733]]]}},{"type":"Feature","properties":{"leaid":"0404230","name":"Kyrene Elementary District","kind":"Elementary","gradeLow":"PK","gradeHigh":"08","state":"AZ"},"geometry":{"type":"Polygon","coordinates":[[[-111.8946,33.3638],[-111.8932,33.3347],[-111.8951,33.3165],[-111.895,33.2968],[-111.8935,33.2938],[-111.8931,33.2047],[-112.0835,33.2046],[-112.0921,33.2092],[-112.0894,33.2141],[-112.0882,33.2198],[-112.089,33.2234],[-112.0948,33.2297],[-112.099,33.231],[-112.099,33.2904],[-112.1338,33.2903],[-112.1479,33.3046],[-112.1004,33.3051],[-112.1005,33.3486],[-112.0488,33.3487],[-112.0488,33.3633],[-112.0318,33.3634],[-112.0316,33.3705],[-111.9969,33.3708],[-111.997,33.3635],[-111.8946,33.3638]]]}},{"type":"Feature","properties":{"leaid":"0404290","name":"Laveen Elementary District","kind":"Elementary","gradeLow":"PK","gradeHigh":"08","state":"AZ"},"geometry":{"type":"Polygon","coordinates":[[[-112.1736,33.4079],[-112.1337,33.4067],[-112.1348,33.3558],[-112.1005,33.3559],[-112.1005,33.3196],[-112.1636,33.3195],[-112.2153,33.3701],[-112.22,33.3701],[-112.2202,33.3746],[-112.2338,33.3877],[-112.2371,33.386],[-112.2369,33.3919],[-112.2172,33.3919],[-112.2172,33.3975],[-112.2127,33.3975],[-112.2127,33.4013],[-112.1774,33.3996],[-112.1776,33.4038],[-112.1732,33.4036],[-112.1736,33.4079]]]}},{"type":"Feature","properties":{"leaid":"0404320","name":"Liberty Elementary District","kind":"Elementary","gradeLow":"PK","gradeHigh":"08","state":"AZ"},"geometry":{"type":"Polygon","coordinates":[[[-112.5305,33.4645],[-112.4442,33.4646],[-112.4441,33.4066],[-112.4268,33.4066],[-112.4267,33.3917],[-112.3751,33.3917],[-112.3753,33.3629],[-112.3062,33.3626],[-112.3063,33.1162],[-112.5113,33.1161],[-112.5127,33.2904],[-112.5734,33.2912],[-112.5733,33.3432],[-112.5746,33.3463],[-112.5742,33.3485],[-112.5303,33.3486],[-112.5305,33.4645]]]}},{"type":"Feature","properties":{"leaid":"0404380","name":"Litchfield Elementary District","kind":"Elementary","gradeLow":"PK","gradeHigh":"08","state":"AZ"},"geometry":{"type":"Polygon","coordinates":[[[-112.3065,33.5365],[-112.3063,33.5007],[-112.3095,33.5007],[-112.3109,33.4989],[-112.3107,33.4862],[-112.3151,33.4863],[-112.3152,33.4715],[-112.3238,33.4715],[-112.3238,33.4642],[-112.5129,33.4646],[-112.5134,33.4791],[-112.5275,33.4792],[-112.5277,33.4818],[-112.5101,33.486],[-112.5108,33.4897],[-112.5135,33.4936],[-112.5134,33.4986],[-112.5119,33.5014],[-112.5137,33.5019],[-112.5137,33.5069],[-112.5193,33.5117],[-112.5136,33.5143],[-112.5134,33.5156],[-112.5135,33.5515],[-112.3846,33.5515],[-112.3836,33.5364],[-112.3065,33.5365]]]}},{"type":"Feature","properties":{"leaid":"0404500","name":"Madison Elementary District","kind":"Elementary","gradeLow":"PK","gradeHigh":"08","state":"AZ"},"geometry":{"type":"Polygon","coordinates":[[[-112.0127,33.5537],[-112.013,33.4952],[-112.0476,33.4947],[-112.0476,33.4935],[-112.0584,33.5012],[-112.065,33.5025],[-112.065,33.5092],[-112.0825,33.5093],[-112.0826,33.5529],[-112.0505,33.5532],[-112.0398,33.558],[-112.0393,33.5535],[-112.0127,33.5537]]]}},{"type":"Feature","properties":{"leaid":"0404530","name":"Maine Consolidated School District","kind":"Elementary","gradeLow":"KG","gradeHigh":"12","state":"AZ"},"geometry":{"type":"Polygon","coordinates":[[[-111.9118,35.1049],[-112.019,35.1046],[-112.019,35.1479],[-112.1245,35.1468],[-112.1243,35.2357],[-112.0883,35.236],[-112.0884,35.2504],[-112.0569,35.2506],[-112.057,35.2518],[-112.0538,35.2532],[-112.0542,35.2874],[-112.0553,35.2876],[-112.054,35.3232],[-112.013,35.3233],[-112.0134,35.4564],[-111.8885,35.4566],[-111.8879,35.4134],[-111.8164,35.4132],[-111.816,35.3249],[-111.8939,35.3241],[-111.8944,35.2788],[-111.8901,35.2788],[-111.8901,35.2644],[-111.9118,35.2644],[-111.9118,35.1049]]]}},{"type":"Feature","properties":{"leaid":"0404770","name":"Altar Valley Elementary District","kind":"Elementary","gradeLow":"PK","gradeHigh":"12","state":"AZ"},"geometry":{"type":"Polygon","coordinates":[[[-111.2787,32.1901],[-111.1667,32.1901],[-111.166,32.1243],[-111.1661,32.1042],[-111.2172,32.1037],[-111.2152,31.7839],[-111.2662,31.784],[-111.2663,31.7696],[-111.595,31.7695],[-111.5958,31.7711],[-111.5888,31.775],[-111.5894,31.7768],[-111.5875,31.7823],[-111.5875,31.7895],[-111.5804,31.7946],[-111.5806,31.7996],[-111.5837,31.8031],[-111.5823,31.8091],[-111.583,31.8117],[-111.5793,31.8175],[-111.5796,31.8191],[-111.5765,31.8227],[-111.5756,31.8264],[-111.5769,31.8298],[-111.574,31.8321],[-111.5766,31.8359],[-111.5758,31.8388],[-111.5718,31.8422],[-111.5738,31.8488],[-111.5806,31.8557],[-111.5809,31.8583],[-111.5831,31.8609],[-111.5858,31.8609],[-111.5906,31.865],[-111.5958,31.8672],[-111.5994,31.8711],[-111.5972,31.8762],[-111.5982,31.8797],[-111.5951,31.8822],[-111.5947,31.8856],[-111.5997,31.8884],[-111.6052,31.8947],[-111.5817,31.8948],[-111.5812,31.9237],[-111.5475,31.9227],[-111.548,31.9524],[-111.5396,31.9521],[-111.5385,31.981],[-111.5474,31.9811],[-111.5473,32.0098],[-111.4785,32.0107],[-111.4784,32.0249],[-111.4193,32.0279],[-111.4195,32.043],[-111.3861,32.0446],[-111.3861,32.0586],[-111.4005,32.0589],[-111.4789,32.0544],[-111.4789,32.0688],[-111.4755,32.0688],[-111.4749,32.0999],[-111.4407,32.1001],[-111.4409,32.1725],[-111.3764,32.1725],[-111.3735,32.1726],[-111.3736,32.175],[-111.291,32.1757],[-111.291,32.1973],[-111.2787,32.1973],[-111.2787,32.1901]]]}},{"type":"Feature","properties":{"leaid":"0404860","name":"McNary Elementary District","kind":"Elementary","gradeLow":"KG","gradeHigh":"12","state":"AZ"},"geometry":{"type":"Polygon","coordinates":[[[-109.5442,34.1252],[-109.5442,33.9801],[-109.567,33.9801],[-109.567,33.9787],[-109.5734,33.9801],[-109.8593,33.9804],[-109.8592,34.1258],[-109.5442,34.1252]]]}},{"type":"Feature","properties":{"leaid":"0404920","name":"McNeal Elementary District","kind":"Elementary","gradeLow":"KG","gradeHigh":"12","state":"AZ"},"geometry":{"type":"Polygon","coordinates":[[[-109.5438,31.6425],[-109.5447,31.5381],[-109.5041,31.5379],[-109.5019,31.5053],[-109.5033,31.4994],[-109.5029,31.4654],[-109.591,31.4658],[-109.5956,31.4669],[-109.5974,31.4658],[-109.6465,31.4661],[-109.6467,31.5544],[-109.7239,31.5545],[-109.7223,31.5582],[-109.7245,31.5645],[-109.7206,31.5696],[-109.7248,31.5727],[-109.7218,31.5777],[-109.7236,31.581],[-109.7213,31.5852],[-109.7237,31.5901],[-109.7237,31.5929],[-109.7209,31.6017],[-109.7225,31.6047],[-109.7257,31.6056],[-109.728,31.6081],[-109.7269,31.6094],[-109.7299,31.6151],[-109.7278,31.6221],[-109.7262,31.6215],[-109.7235,31.626],[-109.7241,31.627],[-109.719,31.6323],[-109.7206,31.6337],[-109.7197,31.6389],[-109.7182,31.64],[-109.7189,31.6419],[-109.5438,31.6425]]]}},{"type":"Feature","properties":{"leaid":"0405100","name":"Mobile Elementary District","kind":"Elementary","gradeLow":"KG","gradeHigh":"12","state":"AZ"},"geometry":{"type":"Polygon","coordinates":[[[-112.2021,33.2033],[-112.203,32.942],[-112.5112,32.9426],[-112.5104,33.0201],[-112.5113,33.1161],[-112.3063,33.1162],[-112.3063,33.2033],[-112.2021,33.2033]]]}},{"type":"Feature","properties":{"leaid":"0405190","name":"Mohave Valley Elementary District","kind":"Elementary","gradeLow":"PK","gradeHigh":"08","state":"AZ"},"geometry":{"type":"Polygon","coordinates":[[[-114.2457,35.1036],[-114.2443,34.8058],[-114.4191,34.808],[-114.5749,34.8081],[-114.5787,34.821],[-114.5877,34.8367],[-114.6007,34.8474],[-114.6239,34.8597],[-114.631,34.8668],[-114.6352,34.875],[-114.6367,34.8891],[-114.6309,34.9073],[-114.6306,34.9119],[-114.6333,34.9246],[-114.6298,34.9387],[-114.6298,34.9448],[-114.635,34.9589],[-114.6352,34.9651],[-114.6291,34.9861],[-114.6302,34.9946],[-114.6371,35.0104],[-114.6382,35.0221],[-114.6375,35.0271],[-114.6307,35.0403],[-114.5625,35.0408],[-114.4011,35.0393],[-114.4008,35.1544],[-114.3601,35.154],[-114.3416,35.1562],[-114.2894,35.1563],[-114.289,35.1571],[-114.2443,35.1563],[-114.2441,35.1489],[-114.2455,35.1507],[-114.2457,35.1036]]]}},{"type":"Feature","properties":{"leaid":"0405430","name":"Naco Elementary District","kind":"Elementary","gradeLow":"KG","gradeHigh":"12","state":"AZ"},"geometry":{"type":"Polygon","coordinates":[[[-109.9184,31.3341],[-110.0031,31.3341],[-110.0036,31.3798],[-109.9192,31.3799],[-109.9184,31.3341]]]}},{"type":"Feature","properties":{"leaid":"0405640","name":"Oracle Elementary District","kind":"Elementary","gradeLow":"PK","gradeHigh":"12","state":"AZ"},"geometry":{"type":"Polygon","coordinates":[[[-110.7555,32.7714],[-110.7556,32.6697],[-110.6526,32.6701],[-110.6526,32.6359],[-110.6497,32.6273],[-110.6526,32.6273],[-110.6529,32.5138],[-110.8451,32.5139],[-110.8451,32.5111],[-110.9992,32.5113],[-110.9995,32.6836],[-110.9451,32.6843],[-110.9451,32.7716],[-110.7555,32.7714]]]}},{"type":"Feature","properties":{"leaid":"0405760","name":"Tonto Basin Elementary District","kind":"Elementary","gradeLow":"KG","gradeHigh":"12","state":"AZ"},"geometry":{"type":"Polygon","coordinates":[[[-111.0652,33.6822],[-111.0957,33.6813],[-111.3152,33.6815],[-111.3225,33.6844],[-111.326,33.6844],[-111.3314,33.6883],[-111.3338,33.6923],[-111.3338,33.6954],[-111.3362,33.7008],[-111.3383,33.7027],[-111.337,33.709],[-111.3386,33.7159],[-111.3381,33.7188],[-111.3364,33.7204],[-111.3436,33.7248],[-111.3443,33.7274],[-111.3523,33.7323],[-111.3519,33.7335],[-111.3548,33.7332],[-111.3558,33.738],[-111.3582,33.7404],[-111.3721,33.7452],[-111.373,33.7493],[-111.3766,33.7496],[-111.3811,33.7477],[-111.3868,33.75],[-111.3862,33.7531],[-111.3846,33.7533],[-111.3824,33.7582],[-111.3822,33.761],[-111.3833,33.7628],[-111.3871,33.7632],[-111.3894,33.7708],[-111.3866,33.7732],[-111.3894,33.7767],[-111.3855,33.7832],[-111.3812,33.7852],[-111.3828,33.7881],[-111.3785,33.7937],[-111.3879,33.8032],[-111.3883,33.8054],[-111.3851,33.8103],[-111.3842,33.8165],[-111.372,33.8182],[-111.3723,33.8239],[-111.378,33.8274],[-111.3786,33.8296],[-111.3836,33.8336],[-111.3875,33.8337],[-111.3925,33.8359],[-111.3901,33.8377],[-111.3955,33.8409],[-111.3959,33.8446],[-111.3918,33.853],[-111.3923,33.8548],[-111.387,33.8604],[-111.3872,33.8625],[-111.392,33.8648],[-111.3936,33.8678],[-111.3963,33.8686],[-111.3961,33.8728],[-111.3976,33.875],[-111.396,33.8769],[-111.4057,33.8795],[-111.4055,33.8821],[-111.4081,33.8839],[-111.4112,33.8836],[-111.4128,33.8859],[-111.4133,33.8887],[-111.4114,33.8916],[-111.4137,33.8987],[-111.4116,33.9037],[-111.408,33.9053],[-111.4086,33.912],[-111.4069,33.9134],[-111.4052,33.9194],[-111.4259,33.9261],[-111.4306,33.924],[-111.4375,33.9162],[-111.4506,33.9197],[-111.4517,33.921],[-111.4514,33.9251],[-111.4493,33.9297],[-111.4521,33.9323],[-111.452,33.9338],[-111.4471,33.9349],[-111.4481,33.9382],[-111.4472,33.9411],[-111.4523,33.9488],[-111.4516,33.954],[-111.448,33.9578],[-111.4529,33.9622],[-111.4526,33.9659],[-111.4489,33.9686],[-111.4481,33.9733],[-111.4452,33.9743],[-111.4413,33.9784],[-111.4347,33.9809],[-111.4331,33.9844],[-111.4349,33.987],[-111.0696,33.9873],[-111.0692,33.8463],[-111.0722,33.8453],[-111.0738,33.8421],[-111.0802,33.8394],[-111.0829,33.8326],[-111.0871,33.8322],[-111.0898,33.8232],[-111.0933,33.8216],[-111.0946,33.8185],[-111.0976,33.8164],[-111.0967,33.8087],[-111.0932,33.804],[-111.0954,33.799],[-111.0951,33.7967],[-111.0979,33.7931],[-111.1027,33.791],[-111.1066,33.7859],[-111.113,33.7818],[-111.1188,33.7736],[-111.1203,33.7672],[-111.1229,33.7651],[-111.1222,33.7589],[-111.1192,33.753],[-111.12,33.7505],[-111.1171,33.7504],[-111.1189,33.7486],[-111.1186,33.7464],[-111.1156,33.7452],[-111.1189,33.7427],[-111.1154,33.7418],[-111.1157,33.7398],[-111.1129,33.7382],[-111.1137,33.736],[-111.1103,33.7243],[-111.1043,33.7198],[-111.0968,33.7079],[-111.0974,33.7069],[-111.0866,33.7069],[-111.0866,33.6993],[-111.0824,33.6994],[-111.0823,33.6856],[-111.0652,33.6855],[-111.0652,33.6822]]]}},{"type":"Feature","properties":{"leaid":"0405880","name":"Palominas Elementary District","kind":"Elementary","gradeLow":"PK","gradeHigh":"12","state":"AZ"},"geometry":{"type":"Polygon","coordinates":[[[-110.1897,31.556],[-110.0534,31.5558],[-110.0532,31.4686],[-110.0035,31.4685],[-110.0051,31.4192],[-110.0044,31.4015],[-110.0036,31.4016],[-110.0031,31.3341],[-110.2742,31.3336],[-110.2743,31.3798],[-110.2571,31.3798],[-110.2572,31.3945],[-110.2407,31.3946],[-110.2401,31.3996],[-110.2407,31.4091],[-110.2745,31.4091],[-110.2744,31.4237],[-110.2575,31.4236],[-110.2576,31.4382],[-110.2407,31.4383],[-110.2408,31.4564],[-110.2395,31.4564],[-110.2407,31.4673],[-110.2068,31.4673],[-110.206,31.5018],[-110.2069,31.5256],[-110.1898,31.5253],[-110.1897,31.556]]]}},{"type":"Feature","properties":{"leaid":"0406510","name":"Pine Strawberry Elementary District","kind":"Elementary","gradeLow":"PK","gradeHigh":"12","state":"AZ"},"geometry":{"type":"Polygon","coordinates":[[[-111.3789,34.4309],[-111.3786,34.2852],[-111.3813,34.2835],[-111.3807,34.2812],[-111.3828,34.2787],[-111.3862,34.2796],[-111.3831,34.2848],[-111.3848,34.2867],[-111.391,34.2845],[-111.3937,34.2809],[-111.3997,34.2812],[-111.4005,34.2783],[-111.3984,34.2741],[-111.4076,34.2752],[-111.4087,34.2736],[-111.4136,34.2721],[-111.4153,34.276],[-111.4166,34.2763],[-111.4183,34.2709],[-111.4176,34.2688],[-111.4202,34.2699],[-111.4235,34.2687],[-111.4219,34.2661],[-111.4232,34.2624],[-111.4212,34.2623],[-111.4201,34.2585],[-111.4266,34.2515],[-111.4209,34.2497],[-111.42,34.2442],[-111.4253,34.2434],[-111.4236,34.2453],[-111.4251,34.2466],[-111.4295,34.2446],[-111.4308,34.2429],[-111.4285,34.2414],[-111.4297,34.2391],[-111.4354,34.2378],[-111.4355,34.2356],[-111.4328,34.234],[-111.4377,34.2267],[-111.4402,34.2258],[-111.4409,34.2286],[-111.4392,34.2345],[-111.4417,34.2346],[-111.4478,34.2382],[-111.4498,34.2339],[-111.4518,34.2332],[-111.4499,34.239],[-111.4524,34.2427],[-111.4568,34.2382],[-111.4538,34.237],[-111.455,34.2348],[-111.4542,34.2312],[-111.4578,34.2252],[-111.4601,34.2246],[-111.4625,34.2258],[-111.4698,34.2232],[-111.4736,34.2235],[-111.4757,34.2191],[-111.4786,34.2185],[-111.4806,34.2154],[-111.4839,34.2154],[-111.4857,34.2196],[-111.4913,34.2211],[-111.4843,34.151],[-111.6428,34.1511],[-111.6449,34.1456],[-111.6491,34.1458],[-111.6484,34.1511],[-111.712,34.1511],[-111.7135,34.1542],[-111.7201,34.1597],[-111.7198,34.1641],[-111.7146,34.1658],[-111.7056,34.1758],[-111.7049,34.1819],[-111.7012,34.183],[-111.6969,34.1809],[-111.6945,34.1821],[-111.6942,34.1872],[-111.6975,34.1902],[-111.7022,34.1897],[-111.7066,34.1869],[-111.7099,34.1874],[-111.7096,34.1895],[-111.7069,34.1914],[-111.712,34.1971],[-111.7111,34.1999],[-111.708,34.1997],[-111.7022,34.1977],[-111.7002,34.1932],[-111.6959,34.1932],[-111.6902,34.2],[-111.6906,34.2051],[-111.6944,34.2077],[-111.6956,34.2108],[-111.6977,34.212],[-111.7005,34.2111],[-111.7047,34.2122],[-111.7055,34.214],[-111.7049,34.2181],[-111.7029,34.2208],[-111.7043,34.2275],[-111.7033,34.2288],[-111.6981,34.23],[-111.7001,34.2336],[-111.7008,34.2394],[-111.6939,34.2431],[-111.6981,34.2453],[-111.6969,34.2498],[-111.6903,34.2561],[-111.6901,34.2602],[-111.6816,34.2616],[-111.6801,34.2658],[-111.6781,34.2663],[-111.6761,34.2691],[-111.6801,34.2709],[-111.6826,34.2786],[-111.6852,34.282],[-111.6698,34.2841],[-111.665,34.2865],[-111.6635,34.2955],[-111.6656,34.2972],[-111.6739,34.2948],[-111.6764,34.2894],[-111.6788,34.2904],[-111.6804,34.2948],[-111.6839,34.2964],[-111.6847,34.2982],[-111.6736,34.3077],[-111.6696,34.307],[-111.6677,34.3083],[-111.669,34.3105],[-111.6651,34.3145],[-111.6656,34.3169],[-111.6633,34.318],[-111.6644,34.3198],[-111.663,34.3224],[-111.6652,34.3236],[-111.6625,34.3245],[-111.6638,34.3263],[-111.6631,34.3305],[-111.6657,34.3313],[-111.6645,34.3421],[-111.6675,34.3437],[-111.6661,34.3456],[-111.6674,34.3479],[-111.6654,34.3504],[-111.6654,34.3531],[-111.6632,34.3582],[-111.6592,34.3619],[-111.6596,34.3652],[-111.6569,34.3677],[-111.6587,34.3718],[-111.6581,34.3838],[-111.6596,34.3863],[-111.6492,34.3898],[-111.6474,34.3931],[-111.6435,34.3918],[-111.6417,34.3943],[-111.6358,34.3925],[-111.6302,34.3934],[-111.6303,34.3975],[-111.6276,34.397],[-111.6248,34.4],[-111.6185,34.4009],[-111.6154,34.4051],[-111.6114,34.4054],[-111.609,34.41],[-111.6047,34.4117],[-111.6051,34.4155],[-111.601,34.4193],[-111.598,34.4189],[-111.596,34.4209],[-111.5929,34.4191],[-111.5913,34.4221],[-111.587,34.4202],[-111.5825,34.4215],[-111.5806,34.4196],[-111.5764,34.4207],[-111.5757,34.4229],[-111.5729,34.4233],[-111.5718,34.4298],[-111.5634,34.432],[-111.562,34.4354],[-111.5558,34.4374],[-111.5542,34.4394],[-111.5547,34.4717],[-111.552,34.4692],[-111.5506,34.4622],[-111.5488,34.4609],[-111.5464,34.4654],[-111.5419,34.4652],[-111.5434,34.468],[-111.5427,34.4712],[-111.5399,34.4726],[-111.5391,34.4755],[-111.5359,34.4719],[-111.5374,34.4697],[-111.5369,34.4677],[-111.5309,34.4705],[-111.528,34.4706],[-111.5237,34.4776],[-111.5214,34.4778],[-111.5202,34.4814],[-111.5209,34.4863],[-111.5231,34.4891],[-111.523,34.4924],[-111.5246,34.495],[-111.5208,34.4993],[-111.5186,34.4983],[-111.5192,34.4947],[-111.5171,34.4941],[-111.5153,34.4959],[-111.5131,34.4954],[-111.5082,34.4978],[-111.5016,34.4977],[-111.5073,34.4965],[-111.5077,34.4945],[-111.5137,34.4919],[-111.5138,34.4907],[-111.5103,34.4891],[-111.5118,34.4863],[-111.5139,34.4864],[-111.5133,34.4844],[-111.5102,34.4838],[-111.5088,34.4793],[-111.511,34.4792],[-111.512,34.4804],[-111.5119,34.4704],[-111.5132,34.4693],[-111.5124,34.4678],[-111.5201,34.4669],[-111.5191,34.4651],[-111.5217,34.4626],[-111.5234,34.4639],[-111.5273,34.4632],[-111.5378,34.4593],[-111.5385,34.4573],[-111.5405,34.4568],[-111.5404,34.4549],[-111.5365,34.4554],[-111.5354,34.4537],[-111.5248,34.4546],[-111.5193,34.4583],[-111.5174,34.4556],[-111.5106,34.456],[-111.509,34.4547],[-111.5042,34.4569],[-111.5027,34.4589],[-111.4997,34.4582],[-111.4998,34.4595],[-111.497,34.4612],[-111.4876,34.4622],[-111.4859,34.4638],[-111.4816,34.4628],[-111.4797,34.4608],[-111.472,34.4623],[-111.4731,34.4601],[-111.471,34.4572],[-111.4748,34.4591],[-111.4787,34.4554],[-111.4803,34.4558],[-111.477,34.4505],[-111.485,34.4547],[-111.486,34.4529],[-111.4891,34.4545],[-111.4894,34.4504],[-111.4934,34.4519],[-111.4959,34.4488],[-111.496,34.4467],[-111.4996,34.447],[-111.5001,34.4454],[-111.5038,34.4442],[-111.5018,34.4422],[-111.5066,34.4382],[-111.5082,34.441],[-111.5136,34.4444],[-111.5147,34.4436],[-111.5186,34.4465],[-111.5219,34.4454],[-111.5175,34.445],[-111.519,34.442],[-111.5165,34.4418],[-111.5158,34.4401],[-111.5173,34.4405],[-111.5173,34.4387],[-111.5197,34.4373],[-111.5177,34.4304],[-111.5201,34.4296],[-111.5209,34.4273],[-111.5226,34.4271],[-111.5289,34.4329],[-111.5297,34.4356],[-111.5302,34.4299],[-111.5285,34.423],[-111.535,34.4235],[-111.54,34.4286],[-111.5417,34.424],[-111.5503,34.4195],[-111.5466,34.4173],[-111.5457,34.4155],[-111.5421,34.4166],[-111.5404,34.4146],[-111.5375,34.4152],[-111.536,34.4145],[-111.5375,34.4125],[-111.536,34.4119],[-111.5239,34.4116],[-111.5124,34.4157],[-111.5085,34.4222],[-111.5045,34.4212],[-111.5004,34.4276],[-111.4991,34.4265],[-111.4979,34.4206],[-111.4939,34.4184],[-111.4919,34.4227],[-111.4949,34.434],[-111.4933,34.4343],[-111.4911,34.4308],[-111.487,34.4298],[-111.4838,34.4314],[-111.4844,34.4351],[-111.481,34.4336],[-111.475,34.4361],[-111.4785,34.4321],[-111.4774,34.4318],[-111.4731,34.4355],[-111.4672,34.4377],[-111.467,34.4365],[-111.4773,34.4295],[-111.4673,34.4293],[-111.4704,34.4284],[-111.4695,34.4266],[-111.4797,34.4274],[-111.4816,34.4231],[-111.4787,34.4236],[-111.4745,34.4222],[-111.4777,34.4225],[-111.4806,34.4195],[-111.4755,34.4166],[-111.48,34.4159],[-111.4784,34.4135],[-111.4668,34.4141],[-111.4651,34.4124],[-111.4671,34.4095],[-111.4643,34.4092],[-111.4619,34.4112],[-111.4645,34.4151],[-111.4616,34.42],[-111.4622,34.4225],[-111.4604,34.4232],[-111.4601,34.4251],[-111.4538,34.4271],[-111.4551,34.4306],[-111.4504,34.4313],[-111.4513,34.4349],[-111.4443,34.4328],[-111.4427,34.434],[-111.4443,34.4363],[-111.443,34.4377],[-111.4441,34.4414],[-111.4368,34.4383],[-111.4335,34.44],[-111.4356,34.4465],[-111.4311,34.4448],[-111.4309,34.4457],[-111.4277,34.4461],[-111.4264,34.4483],[-111.4232,34.4453],[-111.4209,34.4458],[-111.4192,34.4434],[-111.4173,34.4452],[-111.4161,34.4439],[-111.413,34.4445],[-111.4114,34.4426],[-111.4072,34.4442],[-111.4076,34.4464],[-111.4039,34.4453],[-111.4039,34.444],[-111.4014,34.443],[-111.3982,34.4438],[-111.3994,34.442],[-111.3985,34.4402],[-111.4012,34.4409],[-111.4073,34.438],[-111.4054,34.4373],[-111.4052,34.4333],[-111.4067,34.4333],[-111.4041,34.4308],[-111.406,34.4302],[-111.4052,34.4285],[-111.407,34.4274],[-111.407,34.4292],[-111.4091,34.4296],[-111.4088,34.4307],[-111.411,34.4316],[-111.4113,34.4335],[-111.415,34.4342],[-111.4154,34.4326],[-111.4177,34.4327],[-111.4184,34.4352],[-111.4219,34.4372],[-111.4254,34.4357],[-111.4248,34.4334],[-111.4213,34.4322],[-111.4228,34.4283],[-111.4247,34.4281],[-111.4246,34.4264],[-111.4262,34.4252],[-111.4259,34.4208],[-111.4276,34.4203],[-111.4242,34.4142],[-111.4285,34.4135],[-111.4248,34.4115],[-111.4221,34.4063],[-111.4247,34.3946],[-111.4293,34.3908],[-111.4281,34.3868],[-111.4269,34.386],[-111.4255,34.3869],[-111.425,34.3905],[-111.4216,34.3936],[-111.4232,34.3906],[-111.4219,34.3878],[-111.4192,34.3881],[-111.4199,34.3839],[-111.4185,34.377],[-111.4173,34.3806],[-111.4158,34.3796],[-111.4118,34.3823],[-111.4101,34.3779],[-111.4071,34.3769],[-111.4003,34.3789],[-111.3965,34.3831],[-111.3966,34.3854],[-111.3926,34.3854],[-111.3896,34.3878],[-111.3871,34.3875],[-111.3842,34.3904],[-111.3888,34.3909],[-111.3883,34.3923],[-111.3897,34.3937],[-111.3864,34.3978],[-111.3966,34.3978],[-111.4001,34.399],[-111.4034,34.3978],[-111.4072,34.4016],[-111.4061,34.4028],[-111.4094,34.405],[-111.4111,34.4089],[-111.4091,34.4103],[-111.4061,34.4086],[-111.4012,34.4109],[-111.3992,34.4226],[-111.4008,34.4249],[-111.3987,34.4277],[-111.397,34.4285],[-111.3972,34.4259],[-111.3937,34.4252],[-111.3928,34.4237],[-111.3907,34.4239],[-111.3882,34.4246],[-111.3874,34.4291],[-111.3841,34.4302],[-111.3855,34.4315],[-111.385,34.4324],[-111.3823,34.4326],[-111.3803,34.4302],[-111.3789,34.4309]]]}},{"type":"Feature","properties":{"leaid":"0406780","name":"Quartzsite Elementary District","kind":"Elementary","gradeLow":"PK","gradeHigh":"08","state":"AZ"},"geometry":{"type":"Polygon","coordinates":[[[-113.9758,33.782],[-113.9758,33.724],[-113.9575,33.724],[-113.9571,33.6207],[-113.9668,33.6099],[-113.9669,33.6071],[-113.957,33.5665],[-113.958,33.4644],[-114.2688,33.4644],[-114.268,33.2891],[-114.2688,33.2891],[-114.2688,33.03],[-114.3718,33.03],[-114.3718,33.028],[-114.5168,33.0279],[-114.5201,33.03],[-114.5311,33.0324],[-114.5648,33.0351],[-114.5717,33.0366],[-114.5783,33.0354],[-114.587,33.0269],[-114.6017,33.0254],[-114.6188,33.0272],[-114.6258,33.0294],[-114.6297,33.0325],[-114.6396,33.0453],[-114.646,33.0489],[-114.649,33.0468],[-114.655,33.0371],[-114.6598,33.0327],[-114.6651,33.0339],[-114.6708,33.038],[-114.6748,33.0455],[-114.6743,33.0572],[-114.687,33.071],[-114.6891,33.0761],[-114.689,33.084],[-114.6946,33.0862],[-114.7047,33.0871],[-114.7065,33.0882],[-114.7081,33.094],[-114.7037,33.1138],[-114.6969,33.1311],[-114.6874,33.142],[-114.6828,33.1548],[-114.6799,33.1591],[-114.6793,33.1624],[-114.6809,33.1691],[-114.6758,33.1815],[-114.6752,33.1882],[-114.6787,33.2034],[-114.6737,33.2192],[-114.6736,33.2231],[-114.6781,33.2303],[-114.6827,33.2349],[-114.6895,33.2464],[-114.6745,33.2556],[-114.6721,33.2585],[-114.677,33.2702],[-114.6805,33.2736],[-114.6944,33.2798],[-114.7112,33.2833],[-114.7217,33.287],[-114.7312,33.3024],[-114.7299,33.3057],[-114.7236,33.3121],[-114.7079,33.3233],[-114.7009,33.337],[-114.698,33.3524],[-114.6991,33.3611],[-114.7073,33.3766],[-114.7073,33.3825],[-114.7229,33.3988],[-114.7255,33.4041],[-114.7238,33.4065],[-114.7201,33.4079],[-114.7109,33.4073],[-114.7018,33.4084],[-114.6977,33.4109],[-114.6957,33.4151],[-114.688,33.4179],[-114.6737,33.4192],[-114.6583,33.413],[-114.6495,33.4136],[-114.6433,33.4167],[-114.6296,33.4281],[-114.6223,33.4476],[-114.6229,33.4566],[-114.6125,33.4708],[-114.6017,33.4814],[-114.5924,33.4987],[-114.5892,33.5018],[-114.5805,33.5065],[-114.5695,33.5092],[-114.561,33.5167],[-114.5608,33.5243],[-114.5589,33.5318],[-114.5318,33.5479],[-114.5304,33.5501],[-114.5246,33.5522],[-114.5268,33.5575],[-114.5316,33.5617],[-114.536,33.5692],[-114.5407,33.5829],[-114.5406,33.5914],[-114.5292,33.6066],[-114.5221,33.6113],[-114.5224,33.6142],[-114.5274,33.6178],[-114.5312,33.6239],[-114.531,33.6282],[-114.5264,33.6303],[-114.5238,33.6347],[-114.5249,33.6387],[-114.4941,33.6387],[-114.4769,33.6361],[-114.4766,33.6802],[-114.3626,33.6802],[-114.3545,33.746],[-114.353,33.75],[-114.3485,33.7809],[-114.0806,33.7821],[-114.0425,33.782],[-114.0384,33.781],[-113.9758,33.782]]]}},{"type":"Feature","properties":{"leaid":"0406900","name":"Red Rock Elementary District","kind":"Elementary","gradeLow":"PK","gradeHigh":"08","state":"AZ"},"geometry":{"type":"Polygon","coordinates":[[[-111.2607,32.5985],[-110.9993,32.5984],[-110.9992,32.5113],[-111.1575,32.5113],[-111.1576,32.5016],[-111.4657,32.5013],[-111.4656,32.5892],[-111.2608,32.5885],[-111.2607,32.5985]]]}},{"type":"Feature","properties":{"leaid":"0406930","name":"Redington Elementary District","kind":"Elementary","gradeLow":"PK","gradeHigh":"12","state":"AZ"},"geometry":{"type":"Polygon","coordinates":[[[-110.4515,32.514],[-110.451,32.2677],[-110.501,32.268],[-110.5009,32.2824],[-110.518,32.2823],[-110.5182,32.297],[-110.5354,32.2971],[-110.5354,32.312],[-110.5525,32.312],[-110.5532,32.3696],[-110.5707,32.3696],[-110.5706,32.3844],[-110.5876,32.3844],[-110.5877,32.3989],[-110.6046,32.3988],[-110.6047,32.4421],[-110.6218,32.442],[-110.6217,32.4565],[-110.6387,32.4567],[-110.6388,32.471],[-110.6957,32.471],[-110.6957,32.5138],[-110.4515,32.514]]]}},{"type":"Feature","properties":{"leaid":"0407200","name":"Sacaton Elementary District","kind":"Elementary","gradeLow":"PK","gradeHigh":"08","state":"AZ"},"geometry":{"type":"Polygon","coordinates":[[[-112.099,33.231],[-112.0948,33.2297],[-112.089,33.2234],[-112.0882,33.2198],[-112.0894,33.2141],[-112.0921,33.2092],[-112.0835,33.2046],[-111.8931,33.2047],[-111.8926,33.2033],[-111.7892,33.2047],[-111.7893,33.1568],[-111.7966,33.1583],[-111.7893,33.1564],[-111.7892,33.1179],[-111.7744,33.1158],[-111.7748,33.108],[-111.7641,33.106],[-111.7583,33.1017],[-111.7477,33.1026],[-111.7452,33.1002],[-111.7426,33.0935],[-111.7372,33.0882],[-111.7347,33.0888],[-111.7334,33.0908],[-111.7245,33.0908],[-111.7187,33.09],[-111.7074,33.0849],[-111.7037,33.0844],[-111.6935,33.0879],[-111.6893,33.0923],[-111.6856,33.094],[-111.6688,33.0898],[-111.6691,32.9961],[-111.8929,32.996],[-111.8928,33.0294],[-111.9276,33.029],[-111.9273,33.0655],[-111.9619,33.0654],[-111.9615,33.1177],[-112.1878,33.1177],[-112.2021,33.1167],[-112.202,33.2905],[-112.2032,33.2905],[-112.2032,33.3105],[-112.1932,33.2973],[-112.1975,33.2891],[-112.1956,33.2848],[-112.1975,33.2784],[-112.1964,33.2739],[-112.1921,33.2681],[-112.1913,33.2645],[-112.1807,33.2625],[-112.1745,33.2636],[-112.174,33.2626],[-112.1757,33.2611],[-112.1741,33.2581],[-112.172,33.2579],[-112.1713,33.2594],[-112.1696,33.2596],[-112.1658,33.2566],[-112.1622,33.2562],[-112.1604,33.2539],[-112.1491,33.2538],[-112.1401,33.247],[-112.1396,33.2436],[-112.135,33.242],[-112.1338,33.2357],[-112.1312,33.2328],[-112.1265,33.2355],[-112.1228,33.235],[-112.1199,33.2317],[-112.1162,33.2316],[-112.1155,33.2286],[-112.1137,33.2275],[-112.099,33.231]]]}},{"type":"Feature","properties":{"leaid":"0407380","name":"San Fernando Elementary District","kind":"Elementary","gradeLow":"KG","gradeHigh":"12","state":"AZ"},"geometry":{"type":"Polygon","coordinates":[[[-111.2663,31.7696],[-111.2647,31.7262],[-111.33,31.7249],[-111.4028,31.726],[-111.4034,31.692],[-111.4016,31.6379],[-111.4198,31.6379],[-111.4194,31.5496],[-111.4161,31.5496],[-111.4161,31.4627],[-111.4509,31.4628],[-111.4511,31.4531],[-111.6231,31.5079],[-111.6231,31.5501],[-111.5943,31.5502],[-111.5942,31.5523],[-111.5963,31.5534],[-111.598,31.5596],[-111.6003,31.5621],[-111.6038,31.5631],[-111.6091,31.5612],[-111.6147,31.5641],[-111.6163,31.5671],[-111.6195,31.5675],[-111.6244,31.5646],[-111.6267,31.565],[-111.6313,31.5689],[-111.6341,31.5685],[-111.6379,31.57],[-111.6389,31.5735],[-111.6432,31.5764],[-111.6454,31.5749],[-111.6499,31.5805],[-111.6508,31.5831],[-111.6492,31.5855],[-111.6516,31.5896],[-111.6459,31.5919],[-111.6453,31.5963],[-111.6516,31.6015],[-111.6511,31.6059],[-111.6485,31.6092],[-111.6493,31.6119],[-111.6478,31.6141],[-111.6491,31.6154],[-111.6476,31.6225],[-111.6416,31.6316],[-111.6373,31.6341],[-111.6369,31.6429],[-111.6408,31.646],[-111.6426,31.6458],[-111.6439,31.6488],[-111.6428,31.6524],[-111.6408,31.6536],[-111.6403,31.6576],[-111.6416,31.6593],[-111.6381,31.662],[-111.6382,31.6654],[-111.6338,31.6711],[-111.6345,31.6748],[-111.6311,31.6778],[-111.6315,31.6822],[-111.6421,31.6855],[-111.642,31.6889],[-111.6372,31.6913],[-111.6363,31.6954],[-111.631,31.6967],[-111.6276,31.7003],[-111.6247,31.7004],[-111.6212,31.7033],[-111.6187,31.7035],[-111.6107,31.7108],[-111.6117,31.7139],[-111.6155,31.7169],[-111.6154,31.7218],[-111.6183,31.7238],[-111.6167,31.7251],[-111.6164,31.732],[-111.6121,31.7387],[-111.603,31.7424],[-111.6022,31.746],[-111.6007,31.7462],[-111.5985,31.749],[-111.6005,31.7536],[-111.5992,31.7559],[-111.5996,31.7577],[-111.5966,31.7605],[-111.5945,31.7677],[-111.595,31.7695],[-111.2663,31.7696]]]}},{"type":"Feature","properties":{"leaid":"0407500","name":"Santa Cruz Elementary District","kind":"Elementary","gradeLow":"KG","gradeHigh":"12","state":"AZ"},"geometry":{"type":"Polygon","coordinates":[[[-110.761,31.3336],[-110.8907,31.3333],[-110.8902,31.3767],[-110.8856,31.3784],[-110.8818,31.3843],[-110.8774,31.3857],[-110.8774,31.3879],[-110.8818,31.3879],[-110.8818,31.3911],[-110.8894,31.3958],[-110.89,31.3911],[-110.9071,31.3911],[-110.9072,31.4056],[-110.9241,31.4055],[-110.9241,31.42],[-110.9404,31.42],[-110.9393,31.432],[-110.9416,31.4352],[-110.9416,31.4503],[-110.9378,31.4502],[-110.9349,31.4479],[-110.9295,31.4471],[-110.9249,31.4488],[-110.9123,31.4487],[-110.9123,31.4453],[-110.9099,31.4452],[-110.8822,31.4487],[-110.8731,31.4488],[-110.8736,31.4845],[-110.8589,31.4896],[-110.8588,31.4706],[-110.8262,31.4706],[-110.827,31.4676],[-110.8253,31.4672],[-110.7959,31.4703],[-110.7607,31.4704],[-110.761,31.3336]]]}},{"type":"Feature","properties":{"leaid":"0407770","name":"Skull Valley Elementary District","kind":"Elementary","gradeLow":"KG","gradeHigh":"12","state":"AZ"},"geometry":{"type":"Polygon","coordinates":[[[-112.6246,34.5045],[-112.659,34.5044],[-112.6554,34.4323],[-112.7265,34.4317],[-112.7283,34.4605],[-112.7794,34.4598],[-112.796,34.4583],[-112.7955,34.5032],[-112.866,34.5031],[-112.8658,34.5612],[-112.8833,34.561],[-112.8833,34.6047],[-112.9358,34.6047],[-112.936,34.7187],[-112.8366,34.7188],[-112.8366,34.7007],[-112.7472,34.7007],[-112.729,34.7008],[-112.7284,34.7186],[-112.626,34.7189],[-112.6243,34.5161],[-112.626,34.5166],[-112.6256,34.5148],[-112.6243,34.5147],[-112.6246,34.5045]]]}},{"type":"Feature","properties":{"leaid":"0407860","name":"Solomon Elementary District","kind":"Elementary","gradeLow":"PK","gradeHigh":"12","state":"AZ"},"geometry":{"type":"Polygon","coordinates":[[[-109.5011,33.6522],[-109.4954,33.6527],[-109.4957,33.0784],[-109.3334,32.8433],[-109.3181,32.8428],[-109.2524,32.7502],[-109.2482,32.7502],[-109.2452,32.7421],[-109.2138,32.6807],[-109.213,32.6536],[-109.2062,32.6358],[-109.2195,32.6017],[-109.2113,32.5843],[-109.226,32.543],[-109.2261,32.5291],[-109.1142,32.4264],[-109.2277,32.4263],[-109.2277,32.4248],[-109.4321,32.4276],[-109.6736,32.4267],[-109.6735,32.5136],[-109.6643,32.5137],[-109.6643,32.5166],[-109.6647,32.8268],[-109.6648,32.8315],[-109.6751,32.8314],[-109.6752,32.8371],[-109.6709,32.8386],[-109.6752,32.8406],[-109.6756,32.915],[-109.6756,32.9444],[-109.6671,32.9445],[-109.6669,32.9552],[-109.6679,33.1429],[-109.6665,33.1557],[-109.6677,33.2267],[-109.6649,33.2489],[-109.6639,33.2489],[-109.6679,33.2502],[-109.6686,33.3775],[-109.6247,33.3778],[-109.6262,33.5896],[-109.6246,33.5886],[-109.6232,33.5842],[-109.621,33.5833],[-109.6196,33.584],[-109.6155,33.5942],[-109.6138,33.5948],[-109.6117,33.5927],[-109.6095,33.5933],[-109.6083,33.5969],[-109.6042,33.6014],[-109.6069,33.6073],[-109.6043,33.6125],[-109.6029,33.6129],[-109.5984,33.6103],[-109.5985,33.613],[-109.5898,33.6164],[-109.5871,33.6155],[-109.5857,33.6129],[-109.5816,33.6129],[-109.5798,33.6161],[-109.5817,33.6164],[-109.5821,33.618],[-109.5769,33.618],[-109.5717,33.6221],[-109.5683,33.6223],[-109.5618,33.6263],[-109.5595,33.6265],[-109.5575,33.6247],[-109.5548,33.62],[-109.5502,33.6216],[-109.5464,33.6208],[-109.5469,33.6181],[-109.5437,33.6167],[-109.5441,33.6191],[-109.5416,33.6199],[-109.5412,33.624],[-109.5398,33.6248],[-109.5379,33.6245],[-109.5339,33.6197],[-109.525,33.6187],[-109.5257,33.622],[-109.5282,33.6229],[-109.5242,33.6271],[-109.5225,33.6309],[-109.5174,33.6348],[-109.5195,33.6458],[-109.5182,33.6459],[-109.5176,33.6434],[-109.5156,33.6432],[-109.5146,33.6416],[-109.5119,33.642],[-109.5111,33.645],[-109.5049,33.6435],[-109.5027,33.6456],[-109.5028,33.65],[-109.5006,33.6508],[-109.5011,33.6522]]]}},{"type":"Feature","properties":{"leaid":"0408130","name":"Stanfield Elementary District","kind":"Elementary","gradeLow":"PK","gradeHigh":"08","state":"AZ"},"geometry":{"type":"Polygon","coordinates":[[[-111.9968,32.9694],[-111.9462,32.9697],[-111.9451,32.9386],[-111.9294,32.9386],[-111.9293,32.7676],[-111.8776,32.7676],[-111.8776,32.7634],[-111.8611,32.7635],[-111.8614,32.5067],[-112.2036,32.5067],[-112.2035,32.9417],[-112.1,32.9423],[-112.1,32.9696],[-112.0394,32.9712],[-112.0136,32.9712],[-111.9968,32.9694]]]}},{"type":"Feature","properties":{"leaid":"0408430","name":"Paloma School District","kind":"Elementary","gradeLow":"KG","gradeHigh":"12","state":"AZ"},"geometry":{"type":"Polygon","coordinates":[[[-113.0232,32.8836],[-113.0235,32.9411],[-112.9767,32.9411],[-112.9779,32.9982],[-112.8568,32.9992],[-112.8559,32.9704],[-112.7876,32.9709],[-112.7869,32.8844],[-112.9432,32.8827],[-113.0232,32.8836]]]}},{"type":"Feature","properties":{"leaid":"0408550","name":"Toltec Elementary District","kind":"Elementary","gradeLow":"PK","gradeHigh":"08","state":"AZ"},"geometry":{"type":"Polygon","coordinates":[[[-111.5677,32.8067],[-111.568,32.7196],[-111.7063,32.7191],[-111.7069,32.6554],[-111.7579,32.6552],[-111.758,32.6751],[-111.7926,32.6753],[-111.7924,32.6807],[-111.7758,32.6808],[-111.7744,32.7192],[-111.7403,32.7189],[-111.7406,32.7631],[-111.7744,32.7631],[-111.7746,32.7927],[-111.8259,32.7927],[-111.826,32.8211],[-111.7574,32.8211],[-111.7572,32.8066],[-111.7486,32.8066],[-111.6711,32.8069],[-111.6711,32.814],[-111.6538,32.8141],[-111.6538,32.8213],[-111.6021,32.8212],[-111.6021,32.8068],[-111.5677,32.8067]]]}},{"type":"Feature","properties":{"leaid":"0408640","name":"Topock Elementary District","kind":"Elementary","gradeLow":"PK","gradeHigh":"08","state":"AZ"},"geometry":{"type":"Polygon","coordinates":[[[-114.4191,34.808],[-114.1925,34.8053],[-114.1933,34.6211],[-114.3505,34.622],[-114.3517,34.7615],[-114.4041,34.7615],[-114.4045,34.6218],[-114.4389,34.6223],[-114.4414,34.6302],[-114.4403,34.6382],[-114.4415,34.6425],[-114.4495,34.6514],[-114.458,34.6571],[-114.4577,34.6593],[-114.4518,34.6639],[-114.4505,34.6668],[-114.4543,34.6712],[-114.4555,34.6773],[-114.4652,34.6912],[-114.4686,34.7076],[-114.471,34.7122],[-114.4737,34.714],[-114.4828,34.7145],[-114.4875,34.7166],[-114.492,34.7257],[-114.5166,34.7367],[-114.5296,34.7508],[-114.5403,34.7571],[-114.5527,34.7669],[-114.5587,34.7739],[-114.571,34.7943],[-114.5749,34.8081],[-114.4191,34.808]]]}},{"type":"Feature","properties":{"leaid":"0408880","name":"Valentine Elementary District","kind":"Elementary","gradeLow":"KG","gradeHigh":"12","state":"AZ"},"geometry":{"type":"Polygon","coordinates":[[[-113.5159,35.5008],[-113.5159,35.3283],[-113.7112,35.3286],[-113.7113,35.5021],[-113.6225,35.5021],[-113.6052,35.5012],[-113.6054,35.4998],[-113.5576,35.4975],[-113.5549,35.5004],[-113.5159,35.5008]]]}},{"type":"Feature","properties":{"leaid":"0409030","name":"Walnut Grove Elementary District","kind":"Elementary","gradeLow":"KG","gradeHigh":"12","state":"AZ"},"geometry":{"type":"Polygon","coordinates":[[[-112.3777,34.3752],[-112.3776,34.2305],[-112.4135,34.2306],[-112.4139,34.1574],[-112.4122,34.1574],[-112.4121,34.155],[-112.4055,34.1516],[-112.4058,34.1502],[-112.4077,34.1512],[-112.4084,34.1495],[-112.4103,34.1506],[-112.4102,34.1474],[-112.4121,34.149],[-112.4122,34.1283],[-112.3908,34.1282],[-112.3828,34.1348],[-112.3811,34.1338],[-112.3876,34.1281],[-112.3841,34.1262],[-112.381,34.1281],[-112.3698,34.1284],[-112.2035,34.1284],[-112.2028,33.9859],[-112.3076,33.9854],[-112.3081,33.9697],[-112.393,33.9701],[-112.393,33.9842],[-112.428,33.9846],[-112.428,33.9991],[-112.4978,33.9991],[-112.4974,33.9846],[-112.5163,33.9842],[-112.5168,34.113],[-112.6211,34.1126],[-112.6209,34.1578],[-112.6185,34.1578],[-112.6183,34.3315],[-112.501,34.3319],[-112.5012,34.3753],[-112.3777,34.3752]]]}},{"type":"Feature","properties":{"leaid":"0409120","name":"Wenden Elementary District","kind":"Elementary","gradeLow":"PK","gradeHigh":"08","state":"AZ"},"geometry":{"type":"Polygon","coordinates":[[[-113.3334,34.3179],[-113.335,33.3775],[-113.6447,33.3773],[-113.6448,33.6524],[-113.6057,33.6525],[-113.5974,33.6545],[-113.5793,33.6526],[-113.5403,33.6527],[-113.5406,33.7393],[-113.4535,33.7394],[-113.4538,33.783],[-113.5839,33.7826],[-113.5839,33.8122],[-113.7658,33.8119],[-113.766,33.9858],[-113.6645,33.9859],[-113.6658,34.0601],[-113.6653,34.213],[-113.664,34.2121],[-113.6587,34.2176],[-113.6546,34.2167],[-113.6485,34.222],[-113.6456,34.2207],[-113.6434,34.2236],[-113.6443,34.2261],[-113.6418,34.2276],[-113.6403,34.2271],[-113.6389,34.223],[-113.6359,34.2248],[-113.6341,34.2241],[-113.6268,34.229],[-113.6173,34.2274],[-113.6118,34.2311],[-113.6075,34.2317],[-113.6063,34.2294],[-113.605,34.2295],[-113.5994,34.2333],[-113.5972,34.2372],[-113.5867,34.2434],[-113.582,34.2598],[-113.5734,34.2675],[-113.5692,34.2693],[-113.5686,34.2747],[-113.5537,34.2857],[-113.5469,34.2974],[-113.5395,34.3064],[-113.531,34.3101],[-113.5263,34.3105],[-113.5236,34.3088],[-113.5171,34.3105],[-113.5106,34.3044],[-113.5075,34.3048],[-113.5025,34.3028],[-113.4945,34.3029],[-113.4889,34.3052],[-113.4822,34.3031],[-113.4756,34.3054],[-113.4724,34.302],[-113.4666,34.3041],[-113.4496,34.2996],[-113.4421,34.2996],[-113.4331,34.3015],[-113.4206,34.2991],[-113.4158,34.2955],[-113.4123,34.2944],[-113.3987,34.3002],[-113.3865,34.2949],[-113.3692,34.292],[-113.359,34.295],[-113.3505,34.3006],[-113.3458,34.3087],[-113.3415,34.3123],[-113.3439,34.316],[-113.3432,34.3189],[-113.3356,34.3173],[-113.3334,34.3179]]]}},{"type":"Feature","properties":{"leaid":"0409360","name":"Williamson Valley Elementary School District","kind":"Elementary","gradeLow":"PK","gradeHigh":"12","state":"AZ"},"geometry":{"type":"Polygon","coordinates":[[[-112.958,34.9829],[-112.6283,34.9822],[-112.6288,34.8955],[-112.5229,34.8947],[-112.5216,34.8227],[-112.5184,34.8061],[-112.5919,34.8061],[-112.5921,34.777],[-112.5942,34.7622],[-112.5921,34.7171],[-112.626,34.7189],[-112.7282,34.7186],[-112.729,34.7008],[-112.8366,34.7007],[-112.8366,34.7188],[-112.936,34.7187],[-112.936,34.7174],[-112.9481,34.7172],[-113.1451,34.7182],[-113.145,34.8058],[-113.1574,34.8059],[-113.1578,34.8409],[-113.1806,34.8401],[-113.1783,34.8923],[-113.1773,34.9755],[-113.0235,34.9757],[-112.9584,34.9772],[-112.958,34.9829]]]}},{"type":"Feature","properties":{"leaid":"0409390","name":"Wilson Elementary District","kind":"Elementary","gradeLow":"PK","gradeHigh":"08","state":"AZ"},"geometry":{"type":"Polygon","coordinates":[[[-112.0129,33.4549],[-112.0129,33.444],[-111.9954,33.4439],[-111.9954,33.4288],[-111.9995,33.4288],[-111.9999,33.4257],[-112.0042,33.4258],[-112.0041,33.4221],[-112.0131,33.4222],[-112.013,33.4184],[-112.0343,33.4182],[-112.0345,33.4219],[-112.0478,33.422],[-112.0478,33.4441],[-112.039,33.4441],[-112.039,33.4553],[-112.0302,33.4552],[-112.0302,33.4571],[-112.0172,33.457],[-112.0172,33.4549],[-112.0129,33.4549]]]}},{"type":"Feature","properties":{"leaid":"0405220","name":"Mohawk Valley Elementary District","kind":"Elementary","gradeLow":"PK","gradeHigh":"08","state":"AZ"},"geometry":{"type":"Polygon","coordinates":[[[-114.0621,33.3776],[-113.3339,33.3774],[-113.3338,33.117],[-113.6658,33.1173],[-113.6656,32.9603],[-113.6648,32.9425],[-113.6619,32.9427],[-113.6624,32.8773],[-113.6611,32.8551],[-113.6614,32.8255],[-113.6442,32.8326],[-113.6439,32.7673],[-113.6608,32.7672],[-113.6608,32.7503],[-113.6169,32.767],[-113.5917,32.7671],[-113.5916,32.7635],[-113.5829,32.7635],[-113.583,32.7672],[-113.5787,32.7672],[-113.5787,32.7634],[-113.5746,32.7635],[-113.5745,32.7672],[-113.3337,32.7679],[-113.3337,32.5936],[-113.4498,32.5938],[-113.4498,32.5959],[-113.7468,32.5959],[-113.7466,32.5922],[-114.0215,32.5914],[-114.022,32.7155],[-114.039,32.7195],[-114.0408,32.7185],[-114.0468,32.7224],[-114.0565,32.7223],[-114.0569,32.9421],[-114.062,32.9421],[-114.0621,33.3776]]]}},{"type":"Feature","properties":{"leaid":"0407890","name":"Somerton Elementary District","kind":"Elementary","gradeLow":"PK","gradeHigh":"08","state":"AZ"},"geometry":{"type":"Polygon","coordinates":[[[-114.6326,32.6187],[-114.624,32.6187],[-114.6215,32.4366],[-114.7355,32.4711],[-114.7356,32.5891],[-114.8,32.5888],[-114.7995,32.5941],[-114.8016,32.5991],[-114.8064,32.6011],[-114.8078,32.6032],[-114.8094,32.616],[-114.8074,32.6213],[-114.7993,32.6251],[-114.7912,32.6218],[-114.7826,32.6243],[-114.7816,32.6256],[-114.7821,32.6296],[-114.7796,32.6327],[-114.6843,32.6331],[-114.6843,32.6183],[-114.6671,32.6183],[-114.6671,32.611],[-114.6627,32.6111],[-114.6627,32.6147],[-114.6585,32.6147],[-114.6585,32.6111],[-114.6326,32.6113],[-114.6326,32.6187]]]}},{"type":"Feature","properties":{"leaid":"0409090","name":"Wellton Elementary District","kind":"Elementary","gradeLow":"PK","gradeHigh":"08","state":"AZ"},"geometry":{"type":"Polygon","coordinates":[[[-113.958,33.4644],[-113.9575,33.3776],[-114.0621,33.3776],[-114.062,32.9421],[-114.0569,32.9421],[-114.0565,32.7223],[-114.0468,32.7224],[-114.0408,32.7185],[-114.039,32.7195],[-114.022,32.7155],[-114.0215,32.5914],[-114.358,32.5908],[-114.3582,32.6781],[-114.2961,32.6783],[-114.2891,32.6729],[-114.2824,32.6729],[-114.2719,32.6691],[-114.2614,32.6691],[-114.2625,32.8944],[-114.2616,32.9424],[-114.2685,32.9422],[-114.2688,33.4644],[-113.958,33.4644]]]}},{"type":"Feature","properties":{"leaid":"0405340","name":"Morristown Elementary District","kind":"Elementary","gradeLow":"PK","gradeHigh":"12","state":"AZ"},"geometry":{"type":"Polygon","coordinates":[[[-112.4279,33.9207],[-112.428,33.8982],[-112.4296,33.8982],[-112.4296,33.8545],[-112.5336,33.8547],[-112.5336,33.7822],[-112.7075,33.7822],[-112.7074,33.8984],[-112.703,33.8984],[-112.7031,33.9129],[-112.6852,33.9272],[-112.685,33.9852],[-112.4279,33.9207]]]}},{"type":"Feature","properties":{"leaid":"0407680","name":"Sentinel Elementary District","kind":"Elementary","gradeLow":"KG","gradeHigh":"12","state":"AZ"},"geometry":{"type":"Polygon","coordinates":[[[-113.0266,33.2044],[-113.0258,33.0761],[-113.0271,32.941],[-113.0235,32.9411],[-113.0231,32.825],[-113.3338,32.8251],[-113.3334,33.2046],[-113.1718,33.2036],[-113.0266,33.2044]]]}},{"type":"Feature","properties":{"leaid":"0405400","name":"Murphy Elementary District","kind":"Elementary","gradeLow":"PK","gradeHigh":"08","state":"AZ"},"geometry":{"type":"Polygon","coordinates":[[[-112.1431,33.4514],[-112.1086,33.4512],[-112.1117,33.451],[-112.111,33.4459],[-112.1087,33.4459],[-112.1087,33.444],[-112.1001,33.4441],[-112.1,33.4367],[-112.0956,33.4367],[-112.0956,33.4349],[-112.1,33.4349],[-112.0995,33.4106],[-112.1339,33.4109],[-112.1337,33.4067],[-112.1421,33.4065],[-112.1432,33.4167],[-112.1431,33.4514]]]}},{"type":"Feature","properties":{"leaid":"0405670","name":"Osborn Elementary District","kind":"Elementary","gradeLow":"PK","gradeHigh":"08","state":"AZ"},"geometry":{"type":"Polygon","coordinates":[[[-112.0824,33.5239],[-112.0825,33.5093],[-112.065,33.5092],[-112.065,33.5025],[-112.0584,33.5012],[-112.0476,33.4935],[-112.0476,33.4802],[-112.0498,33.4802],[-112.0498,33.4766],[-112.0596,33.4766],[-112.0596,33.4802],[-112.0651,33.4802],[-112.0651,33.4766],[-112.0829,33.4777],[-112.0828,33.473],[-112.0882,33.4726],[-112.0914,33.4732],[-112.0914,33.4805],[-112.1,33.4806],[-112.0997,33.5241],[-112.0824,33.5239]]]}},{"type":"Feature","properties":{"leaid":"0405850","name":"Palo Verde Elementary District","kind":"Elementary","gradeLow":"PK","gradeHigh":"08","state":"AZ"},"geometry":{"type":"Polygon","coordinates":[[[-112.6257,33.4645],[-112.6258,33.4212],[-112.6339,33.4211],[-112.6335,33.334],[-112.6427,33.3335],[-112.6428,33.3272],[-112.7031,33.3266],[-112.7031,33.3196],[-112.7118,33.3196],[-112.7116,33.334],[-112.7129,33.334],[-112.7173,33.3392],[-112.7208,33.3462],[-112.7246,33.3479],[-112.7245,33.3518],[-112.7288,33.3517],[-112.7291,33.3628],[-112.7375,33.3627],[-112.7377,33.3776],[-112.7638,33.3775],[-112.7639,33.4644],[-112.6257,33.4645]]]}},{"type":"Feature","properties":{"leaid":"0406210","name":"Pendergast Elementary District","kind":"Elementary","gradeLow":"PK","gradeHigh":"08","state":"AZ"},"geometry":{"type":"Polygon","coordinates":[[[-112.2377,33.5377],[-112.2378,33.4726],[-112.2552,33.4724],[-112.2552,33.4798],[-112.2725,33.4793],[-112.2725,33.4647],[-112.3238,33.4642],[-112.3238,33.4715],[-112.3152,33.4715],[-112.3151,33.4863],[-112.3107,33.4862],[-112.3109,33.4989],[-112.3095,33.5007],[-112.3063,33.5007],[-112.3065,33.5365],[-112.2377,33.5377]]]}},{"type":"Feature","properties":{"leaid":"0406300","name":"Phoenix Elementary District","kind":"Elementary","gradeLow":"PK","gradeHigh":"08","state":"AZ"},"geometry":{"type":"Polygon","coordinates":[[[-112.0999,33.4878],[-112.1,33.4806],[-112.0914,33.4805],[-112.0914,33.4732],[-112.0884,33.4726],[-112.0828,33.473],[-112.0829,33.4777],[-112.0651,33.4766],[-112.0651,33.4802],[-112.0596,33.4802],[-112.0596,33.4766],[-112.0498,33.4766],[-112.0498,33.4802],[-112.0476,33.4802],[-112.0477,33.4657],[-112.039,33.4657],[-112.039,33.4441],[-112.0478,33.4441],[-112.0478,33.4218],[-112.0649,33.4217],[-112.0648,33.42],[-112.0778,33.4199],[-112.0777,33.4181],[-112.0997,33.4184],[-112.1,33.4349],[-112.0956,33.4349],[-112.0956,33.4367],[-112.1,33.4367],[-112.1001,33.4441],[-112.1087,33.444],[-112.1087,33.4459],[-112.111,33.4459],[-112.1117,33.451],[-112.1086,33.4512],[-112.1175,33.4511],[-112.1171,33.4877],[-112.0999,33.4878]]]}},{"type":"Feature","properties":{"leaid":"0405730","name":"Owens-Whitney Elementary District","kind":"Elementary","gradeLow":"KG","gradeHigh":"12","state":"AZ"},"geometry":{"type":"Polygon","coordinates":[[[-113.8135,35.1523],[-113.3329,35.1514],[-113.333,34.6918],[-113.3344,34.5613],[-113.3335,34.5613],[-113.3332,34.5],[-113.3334,34.3179],[-113.3356,34.3173],[-113.3432,34.3189],[-113.3439,34.316],[-113.3415,34.3123],[-113.3458,34.3087],[-113.3505,34.3006],[-113.359,34.295],[-113.3692,34.292],[-113.3865,34.2949],[-113.3987,34.3002],[-113.4123,34.2944],[-113.4158,34.2955],[-113.4206,34.2991],[-113.4331,34.3015],[-113.4421,34.2996],[-113.4496,34.2996],[-113.4666,34.3041],[-113.4724,34.302],[-113.4756,34.3054],[-113.4822,34.3031],[-113.4889,34.3052],[-113.4945,34.3029],[-113.5025,34.3028],[-113.5075,34.3048],[-113.5106,34.3044],[-113.5171,34.3105],[-113.5236,34.3088],[-113.5263,34.3105],[-113.531,34.3101],[-113.5395,34.3064],[-113.5469,34.2974],[-113.5537,34.2857],[-113.5686,34.2747],[-113.5692,34.2693],[-113.5734,34.2675],[-113.582,34.2598],[-113.5867,34.2434],[-113.5972,34.2372],[-113.5994,34.2333],[-113.6043,34.2299],[-113.6061,34.2293],[-113.6077,34.2317],[-113.6118,34.2311],[-113.6174,34.2274],[-113.6263,34.2292],[-113.6342,34.224],[-113.6359,34.2248],[-113.639,34.223],[-113.6403,34.2271],[-113.6418,34.2276],[-113.6443,34.2261],[-113.6434,34.2236],[-113.6456,34.2207],[-113.6483,34.222],[-113.6548,34.2167],[-113.6587,34.2176],[-113.664,34.2121],[-113.6663,34.2136],[-113.6742,34.2132],[-113.6794,34.2098],[-113.6828,34.2096],[-113.6899,34.2108],[-113.7054,34.2105],[-113.7074,34.2152],[-113.715,34.2184],[-113.7147,34.2213],[-113.7229,34.2232],[-113.727,34.2336],[-113.7307,34.2403],[-113.7323,34.241],[-113.7439,34.2401],[-113.7578,34.2367],[-113.764,34.2334],[-113.7689,34.2327],[-113.7747,34.2289],[-113.7812,34.2292],[-113.7946,34.2367],[-113.7977,34.2356],[-113.8015,34.2362],[-113.8077,34.2331],[-113.8126,34.2325],[-113.8163,34.2353],[-113.8196,34.2323],[-113.8204,34.2281],[-113.8252,34.2255],[-113.8349,34.2232],[-113.839,34.2248],[-113.8443,34.2366],[-113.8497,34.2425],[-113.8517,34.2513],[-113.8577,34.2534],[-113.8725,34.2549],[-113.8929,34.2493],[-113.9055,34.2484],[-113.9291,34.2494],[-113.9396,34.2549],[-113.9496,34.2571],[-113.9633,34.2581],[-113.9788,34.2574],[-113.9901,34.2545],[-113.9998,34.255],[-114.0058,34.2537],[-114.0115,34.2561],[-114.0189,34.266],[-114.0245,34.2682],[-114.0295,34.2609],[-114.032,34.2595],[-114.035,34.2597],[-114.0367,34.2606],[-114.0376,34.2639],[-114.0469,34.27],[-114.0475,34.2737],[-114.0506,34.2749],[-114.053,34.2783],[-114.0583,34.2799],[-114.0697,34.2907],[-114.0754,34.2929],[-114.0797,34.2921],[-114.0874,34.2986],[-114.0966,34.3005],[-114.1086,34.2956],[-114.1144,34.2954],[-114.1258,34.3014],[-114.1284,34.3041],[-114.1367,34.3043],[-114.1383,34.3032],[-114.1572,34.3179],[-114.1728,34.345],[-114.1811,34.3522],[-114.1933,34.3574],[-114.1929,34.4191],[-114.2035,34.4191],[-114.2033,34.4545],[-114.2052,34.4791],[-114.2048,34.484],[-114.1935,34.4845],[-114.1939,34.5067],[-114.118,34.5065],[-114.0798,34.5134],[-113.9585,34.5066],[-113.7782,34.5071],[-113.7788,34.7631],[-113.7779,34.8051],[-113.8126,34.8057],[-113.8135,35.1523]]]}},{"type":"Feature","properties":{"leaid":"0406000","name":"Patagonia Elementary District","kind":"Elementary","gradeLow":"PK","gradeHigh":"08","state":"AZ"},"geometry":{"type":"Polygon","coordinates":[[[-110.8898,31.7267],[-110.8897,31.6975],[-110.8726,31.6976],[-110.8724,31.7267],[-110.8558,31.7267],[-110.8557,31.6952],[-110.8216,31.6952],[-110.8216,31.6443],[-110.6902,31.6442],[-110.6901,31.6152],[-110.6561,31.6154],[-110.6564,31.5571],[-110.5632,31.5571],[-110.5625,31.4282],[-110.4599,31.4281],[-110.4597,31.3329],[-110.761,31.3336],[-110.7607,31.4704],[-110.7959,31.4703],[-110.8253,31.4672],[-110.827,31.4676],[-110.8262,31.4706],[-110.8588,31.4706],[-110.8589,31.4896],[-110.8866,31.4799],[-110.8984,31.4873],[-110.9594,31.4875],[-110.9603,31.5285],[-110.981,31.5368],[-110.9872,31.5412],[-110.987,31.5462],[-110.981,31.5499],[-110.9803,31.5634],[-110.978,31.5654],[-110.9769,31.5728],[-110.9688,31.5757],[-110.9573,31.5856],[-110.9575,31.7267],[-110.8898,31.7267]]]}},{"type":"Feature","properties":{"leaid":"0407920","name":"Sonoita Elementary District","kind":"Elementary","gradeLow":"PK","gradeHigh":"08","state":"AZ"},"geometry":{"type":"Polygon","coordinates":[[[-110.8558,31.7317],[-110.4523,31.7312],[-110.4522,31.6139],[-110.4608,31.6139],[-110.4609,31.4698],[-110.4599,31.4698],[-110.4599,31.4281],[-110.5625,31.4282],[-110.5632,31.5571],[-110.6564,31.5571],[-110.6561,31.6154],[-110.6901,31.6152],[-110.6902,31.6442],[-110.8216,31.6443],[-110.8216,31.6952],[-110.8557,31.6952],[-110.8558,31.7317]]]}},{"type":"Feature","properties":{"leaid":"0406150","name":"Pearce Elementary District","kind":"Elementary","gradeLow":"PK","gradeHigh":"08","state":"AZ"},"geometry":{"type":"Polygon","coordinates":[[[-109.7447,31.9055],[-109.7384,31.8619],[-109.738,31.7903],[-109.7574,31.7886],[-109.7615,31.7587],[-109.8196,31.7586],[-109.8298,31.7796],[-109.8532,31.7582],[-109.8645,31.7582],[-109.8878,31.7884],[-109.9132,31.8178],[-109.9389,31.8175],[-109.9366,31.8914],[-109.9538,31.8911],[-109.9541,31.9061],[-109.9621,31.9059],[-109.9637,31.9256],[-109.9616,31.9317],[-109.9626,31.9347],[-109.9635,31.9925],[-109.9551,31.9926],[-109.9551,32.0075],[-109.9381,32.0086],[-109.9379,32.0498],[-109.8139,32.0504],[-109.813,31.9926],[-109.7959,31.9926],[-109.7964,31.949],[-109.7452,31.9483],[-109.7447,31.9055]]]}},{"type":"Feature","properties":{"leaid":"0406630","name":"Pomerene Elementary District","kind":"Elementary","gradeLow":"KG","gradeHigh":"12","state":"AZ"},"geometry":{"type":"Polygon","coordinates":[[[-110.1478,32.0211],[-110.1466,31.9494],[-110.1787,31.9483],[-110.2459,31.9491],[-110.2462,31.9776],[-110.2823,31.979],[-110.2797,31.9827],[-110.284,31.9843],[-110.29,31.9843],[-110.2909,31.9885],[-110.2965,31.9908],[-110.2975,31.9942],[-110.3002,31.9962],[-110.299,32.0017],[-110.3017,32.0031],[-110.3023,32.0068],[-110.3044,32.0089],[-110.3029,32.0111],[-110.306,32.0121],[-110.3036,32.0163],[-110.3132,32.0212],[-110.1478,32.0211]]]}},{"type":"Feature","properties":{"leaid":"0406360","name":"Picacho Elementary District","kind":"Elementary","gradeLow":"PK","gradeHigh":"08","state":"AZ"},"geometry":{"type":"Polygon","coordinates":[[[-111.5676,32.8503],[-111.3615,32.8497],[-111.3616,32.7629],[-111.2596,32.7626],[-111.2597,32.7441],[-111.2434,32.7438],[-111.2431,32.7291],[-111.2263,32.7288],[-111.2263,32.7144],[-111.2091,32.7145],[-111.2088,32.7002],[-111.1918,32.6999],[-111.1917,32.6855],[-111.1748,32.6855],[-111.1748,32.6712],[-111.1576,32.6711],[-111.1577,32.6559],[-111.1406,32.6561],[-111.1403,32.6419],[-111.1233,32.6419],[-111.1233,32.6272],[-111.1061,32.6272],[-111.1061,32.6128],[-111.0892,32.6128],[-111.0892,32.5985],[-111.2607,32.5985],[-111.2608,32.5885],[-111.3549,32.5885],[-111.355,32.6761],[-111.5338,32.6763],[-111.5333,32.7628],[-111.55,32.7629],[-111.5499,32.7923],[-111.5677,32.7922],[-111.5676,32.8503]]]}},{"type":"Feature","properties":{"leaid":"0407020","name":"Riverside Elementary District","kind":"Elementary","gradeLow":"PK","gradeHigh":"08","state":"AZ"},"geometry":{"type":"Polygon","coordinates":[[[-112.1866,33.4515],[-112.1431,33.4514],[-112.1432,33.4167],[-112.1421,33.4065],[-112.1736,33.4079],[-112.1732,33.4036],[-112.1776,33.4038],[-112.1774,33.3996],[-112.2041,33.401],[-112.204,33.4228],[-112.1865,33.4225],[-112.1866,33.4515]]]}},{"type":"Feature","properties":{"leaid":"0407080","name":"Roosevelt Elementary District","kind":"Elementary","gradeLow":"PK","gradeHigh":"08","state":"AZ"},"geometry":{"type":"Polygon","coordinates":[[[-111.9954,33.4288],[-111.9956,33.3781],[-111.9969,33.3781],[-111.9969,33.3708],[-112.0316,33.3705],[-112.0318,33.3634],[-112.0488,33.3633],[-112.0488,33.3487],[-112.1005,33.3486],[-112.1005,33.3559],[-112.1348,33.3558],[-112.1339,33.4109],[-112.0995,33.4106],[-112.0997,33.4184],[-112.0777,33.4181],[-112.0778,33.4199],[-112.0648,33.42],[-112.0649,33.4217],[-112.0345,33.4219],[-112.0343,33.4182],[-112.013,33.4184],[-112.0131,33.4222],[-112.0041,33.4221],[-112.0042,33.4258],[-111.9999,33.4257],[-111.9995,33.4288],[-111.9954,33.4288]]]}},{"type":"Feature","properties":{"leaid":"0408310","name":"Tempe School District","kind":"Elementary","gradeLow":"PK","gradeHigh":"08","state":"AZ"},"geometry":{"type":"Polygon","coordinates":[[[-111.8946,33.3638],[-111.997,33.3635],[-111.9969,33.3781],[-111.9956,33.3781],[-111.9955,33.4371],[-111.9613,33.4369],[-111.961,33.451],[-111.8747,33.4513],[-111.8743,33.4244],[-111.8847,33.4148],[-111.8919,33.4148],[-111.892,33.3785],[-111.8942,33.3785],[-111.8946,33.3638]]]}},{"type":"Feature","properties":{"leaid":"0408490","name":"Tolleson Elementary District","kind":"Elementary","gradeLow":"PK","gradeHigh":"08","state":"AZ"},"geometry":{"type":"Polygon","coordinates":[[[-112.2378,33.4726],[-112.2382,33.4372],[-112.2724,33.4357],[-112.2724,33.443],[-112.2811,33.4429],[-112.2809,33.4646],[-112.2725,33.4647],[-112.2725,33.4793],[-112.2552,33.4798],[-112.2552,33.4724],[-112.2378,33.4726]]]}},{"type":"Feature","properties":{"leaid":"0408460","name":"Hillside Elementary District","kind":"Elementary","gradeLow":"KG","gradeHigh":"12","state":"AZ"},"geometry":{"type":"Polygon","coordinates":[[[-112.7955,34.5032],[-112.7959,34.418],[-112.7959,34.4166],[-112.794,34.4166],[-112.7937,34.3738],[-112.8236,34.3738],[-112.8234,34.3773],[-112.9706,34.3773],[-112.9715,34.4782],[-112.9706,34.5033],[-112.9358,34.5033],[-112.9358,34.6047],[-112.8833,34.6047],[-112.8833,34.561],[-112.8658,34.5612],[-112.866,34.5031],[-112.7955,34.5032]]]}},{"type":"Feature","properties":{"leaid":"0408820","name":"Union Elementary District","kind":"Elementary","gradeLow":"PK","gradeHigh":"08","state":"AZ"},"geometry":{"type":"Polygon","coordinates":[[[-112.237,33.4084],[-112.2371,33.386],[-112.2338,33.3877],[-112.2291,33.3832],[-112.2292,33.2904],[-112.3061,33.2904],[-112.3061,33.377],[-112.2724,33.377],[-112.2724,33.4357],[-112.2382,33.4372],[-112.2386,33.423],[-112.2379,33.4084],[-112.237,33.4084]]]}},{"type":"Feature","properties":{"leaid":"0409060","name":"Washington Elementary District","kind":"Elementary","gradeLow":"PK","gradeHigh":"08","state":"AZ"},"geometry":{"type":"Polygon","coordinates":[[[-112.048,33.555],[-112.0507,33.5532],[-112.0826,33.5529],[-112.0824,33.5239],[-112.1343,33.524],[-112.1343,33.5385],[-112.1516,33.5385],[-112.1518,33.5675],[-112.169,33.5675],[-112.1684,33.6324],[-112.1693,33.639],[-112.0655,33.6403],[-112.0651,33.5822],[-112.0478,33.5822],[-112.048,33.555]]]}},{"type":"Feature","properties":{"leaid":"0409510","name":"Yarnell Elementary District","kind":"Elementary","gradeLow":"PK","gradeHigh":"12","state":"AZ"},"geometry":{"type":"Polygon","coordinates":[[[-112.6183,34.2432],[-112.7184,34.2433],[-112.7183,34.1867],[-112.7708,34.187],[-112.771,34.2433],[-112.824,34.2433],[-112.8237,34.3303],[-112.6183,34.3315],[-112.6183,34.2432]]]}},{"type":"Feature","properties":{"leaid":"0409570","name":"Yucca Elementary District","kind":"Elementary","gradeLow":"KG","gradeHigh":"12","state":"AZ"},"geometry":{"type":"Polygon","coordinates":[[[-113.8132,34.9786],[-113.8126,34.8057],[-113.7779,34.8051],[-113.7788,34.7631],[-113.7782,34.5071],[-113.9585,34.5066],[-114.0798,34.5134],[-114.118,34.5065],[-114.1939,34.5067],[-114.1925,34.8053],[-114.2443,34.8058],[-114.2448,34.8939],[-114.1392,34.8945],[-114.1395,34.8916],[-114.0203,34.8919],[-114.0213,34.9784],[-113.8132,34.9786]]]}},{"type":"Feature","properties":{"leaid":"0409600","name":"Yuma Elementary District","kind":"Elementary","gradeLow":"PK","gradeHigh":"08","state":"AZ"},"geometry":{"type":"Polygon","coordinates":[[[-114.2688,33.03],[-114.2685,32.9422],[-114.2616,32.9424],[-114.2625,32.8944],[-114.2614,32.6691],[-114.2719,32.6691],[-114.2824,32.6729],[-114.2891,32.6729],[-114.2961,32.6783],[-114.3582,32.6781],[-114.358,32.5908],[-113.7466,32.5922],[-113.7468,32.5959],[-113.4498,32.5959],[-113.4498,32.5938],[-113.3337,32.5936],[-113.3338,32.0389],[-113.8592,32.2033],[-114.6215,32.4366],[-114.624,32.6187],[-114.6326,32.6187],[-114.633,32.6694],[-114.6409,32.6695],[-114.6361,32.6793],[-114.6387,32.6828],[-114.6396,32.6902],[-114.6417,32.6912],[-114.6416,32.7055],[-114.6505,32.7058],[-114.6504,32.733],[-114.6174,32.7283],[-114.6157,32.7285],[-114.6151,32.7345],[-114.5818,32.7349],[-114.5817,32.7423],[-114.5645,32.7423],[-114.5644,32.7496],[-114.5392,32.7498],[-114.5391,32.7569],[-114.5269,32.7571],[-114.5284,32.7673],[-114.5324,32.7769],[-114.5317,32.7912],[-114.5296,32.7955],[-114.522,32.8017],[-114.5154,32.8114],[-114.5103,32.8165],[-114.4941,32.8233],[-114.469,32.8452],[-114.4629,32.9079],[-114.4644,32.9131],[-114.4766,32.9236],[-114.4809,32.9363],[-114.4708,32.9494],[-114.4681,32.9553],[-114.4673,32.9641],[-114.4686,32.9716],[-114.4705,32.9739],[-114.4754,32.9752],[-114.4886,32.9699],[-114.4929,32.9718],[-114.4957,32.9801],[-114.5012,33.0076],[-114.508,33.0197],[-114.5168,33.0279],[-114.3718,33.028],[-114.3718,33.03],[-114.2688,33.03]]]}},{"type":"Feature","properties":{"leaid":"0409540","name":"Young Elementary School District","kind":"Elementary","gradeLow":"PK","gradeHigh":"12","state":"AZ"},"geometry":{"type":"Polygon","coordinates":[[[-110.7833,34.3024],[-110.7832,33.8979],[-110.7815,33.8756],[-110.7813,33.847],[-110.7787,33.8307],[-110.7505,33.7253],[-110.7444,33.6978],[-110.7475,33.6997],[-110.7493,33.698],[-110.7447,33.6932],[-110.7462,33.6914],[-110.746,33.6895],[-110.7413,33.6871],[-110.7413,33.6858],[-110.7424,33.6839],[-110.7734,33.684],[-110.7733,33.6814],[-110.8065,33.6809],[-111.0347,33.6811],[-111.0483,33.6817],[-111.055,33.684],[-111.0569,33.6822],[-111.0652,33.6822],[-111.0652,33.6855],[-111.0823,33.6856],[-111.0824,33.6994],[-111.0866,33.6993],[-111.0866,33.7069],[-111.0974,33.7069],[-111.0968,33.7079],[-111.1043,33.7198],[-111.1103,33.7243],[-111.1137,33.736],[-111.1129,33.7382],[-111.1157,33.7398],[-111.1154,33.7418],[-111.1189,33.7427],[-111.1156,33.7452],[-111.1186,33.7464],[-111.1189,33.7486],[-111.1171,33.7504],[-111.12,33.7505],[-111.1192,33.753],[-111.1222,33.7589],[-111.1229,33.7651],[-111.1203,33.7672],[-111.1188,33.7736],[-111.113,33.7818],[-111.1066,33.7859],[-111.1027,33.791],[-111.0979,33.7931],[-111.0951,33.7967],[-111.0954,33.799],[-111.0932,33.804],[-111.0967,33.8087],[-111.0976,33.8164],[-111.0946,33.8185],[-111.0933,33.8216],[-111.0898,33.8232],[-111.0871,33.8322],[-111.0829,33.8326],[-111.0802,33.8394],[-111.0738,33.8421],[-111.0722,33.8453],[-111.0692,33.8463],[-111.0696,33.9873],[-111.2945,33.9874],[-111.2928,33.9887],[-111.2917,33.9931],[-111.2957,33.9982],[-111.2955,34.0062],[-111.2931,34.0076],[-111.2922,34.0101],[-111.2937,34.0119],[-111.2949,34.0189],[-111.2923,34.0205],[-111.2834,34.0211],[-111.2821,34.0253],[-111.2846,34.0261],[-111.2886,34.0339],[-111.2866,34.0377],[-111.2862,34.0418],[-111.292,34.0467],[-111.2916,34.0512],[-111.2941,34.0554],[-111.2926,34.0579],[-111.2856,34.0618],[-111.2872,34.0674],[-111.2833,34.0713],[-111.2838,34.0733],[-111.2865,34.0752],[-111.282,34.08],[-111.2868,34.0849],[-111.2809,34.093],[-111.2794,34.097],[-111.2737,34.0998],[-111.2713,34.1037],[-111.2704,34.1102],[-111.2713,34.1196],[-111.263,34.1241],[-111.2514,34.1267],[-111.2429,34.1328],[-111.2342,34.1333],[-111.2305,34.138],[-111.2241,34.1388],[-111.2217,34.1417],[-111.2215,34.145],[-111.2227,34.1461],[-111.2206,34.1482],[-111.2106,34.1483],[-111.2058,34.1466],[-111.2045,34.1473],[-111.205,34.15],[-111.1928,34.1489],[-111.1898,34.1542],[-111.1877,34.1533],[-111.1756,34.1608],[-111.0987,34.1609],[-111.0988,34.2482],[-111.0289,34.2482],[-111.0286,34.2626],[-110.9421,34.2629],[-110.9429,34.3122],[-110.9408,34.3105],[-110.9271,34.3105],[-110.9243,34.3077],[-110.9173,34.3047],[-110.9133,34.3052],[-110.9123,34.3034],[-110.9062,34.3003],[-110.8969,34.3024],[-110.8952,34.2955],[-110.8876,34.2931],[-110.8839,34.2896],[-110.8887,34.2863],[-110.8839,34.2804],[-110.8774,34.2758],[-110.865,34.271],[-110.8529,34.27],[-110.8481,34.2672],[-110.8476,34.2656],[-110.8466,34.267],[-110.8479,34.2711],[-110.844,34.2684],[-110.8357,34.2693],[-110.8318,34.2732],[-110.8265,34.2753],[-110.8261,34.2777],[-110.8316,34.2769],[-110.8325,34.2785],[-110.8348,34.2759],[-110.835,34.2795],[-110.8378,34.2806],[-110.8328,34.2814],[-110.8311,34.2842],[-110.8201,34.2886],[-110.8246,34.2954],[-110.8271,34.2966],[-110.8293,34.2958],[-110.831,34.2984],[-110.8342,34.2992],[-110.8348,34.3007],[-110.8428,34.3043],[-110.8453,34.3039],[-110.8445,34.3054],[-110.8459,34.3071],[-110.8402,34.3073],[-110.8385,34.3088],[-110.8339,34.303],[-110.8327,34.3042],[-110.8305,34.3018],[-110.8281,34.3036],[-110.8282,34.3017],[-110.8257,34.3011],[-110.8239,34.3026],[-110.8239,34.3003],[-110.8184,34.3001],[-110.8113,34.2954],[-110.8102,34.3005],[-110.8118,34.3031],[-110.8093,34.3029],[-110.8087,34.3082],[-110.8059,34.3093],[-110.8049,34.3113],[-110.8035,34.3078],[-110.8052,34.306],[-110.8028,34.2981],[-110.796,34.2991],[-110.7949,34.3023],[-110.7957,34.3071],[-110.7936,34.305],[-110.7903,34.3087],[-110.7881,34.3091],[-110.787,34.3057],[-110.7898,34.303],[-110.788,34.2978],[-110.7865,34.299],[-110.7853,34.3038],[-110.7809,34.3074],[-110.7833,34.3024]]]}},{"type":"Feature","properties":{"leaid":"0400001","name":"Cave Creek Unified District","kind":"Unified","gradeLow":"PK","gradeHigh":"12","state":"AZ"},"geometry":{"type":"MultiPolygon","coordinates":[[[[-111.657,33.7355],[-111.6654,33.7307],[-111.6654,33.7423],[-111.6607,33.7434],[-111.657,33.7355]]],[[[-111.9957,33.9009],[-111.786,33.9005],[-111.7869,33.8139],[-111.7697,33.8139],[-111.7697,33.7703],[-111.7349,33.7705],[-111.735,33.7743],[-111.7267,33.7769],[-111.7002,33.7777],[-111.7002,33.7561],[-111.7088,33.7561],[-111.7088,33.7414],[-111.686,33.7415],[-111.6859,33.7272],[-111.6835,33.7272],[-111.6835,33.7098],[-111.6873,33.7101],[-111.6895,33.7089],[-111.6922,33.6983],[-111.6915,33.6948],[-111.6941,33.6846],[-111.6933,33.6806],[-111.6997,33.6405],[-111.7874,33.6401],[-111.7872,33.6982],[-111.8906,33.698],[-111.8906,33.7267],[-111.9967,33.7264],[-111.9954,33.7278],[-111.9957,33.9009]]]]}},{"type":"Feature","properties":{"leaid":"0400003","name":"Chino Valley Unified District","kind":"Unified","gradeLow":"PK","gradeHigh":"12","state":"AZ"},"geometry":{"type":"Polygon","coordinates":[[[-112.3346,34.9878],[-112.3345,34.973],[-112.3211,34.8928],[-112.3074,34.8928],[-112.3076,34.8024],[-112.2007,34.8031],[-112.2016,34.7156],[-112.346,34.7156],[-112.378,34.717],[-112.3771,34.6434],[-112.4121,34.6437],[-112.4119,34.6617],[-112.4387,34.6617],[-112.4381,34.6437],[-112.4831,34.6433],[-112.483,34.6574],[-112.5174,34.6578],[-112.519,34.6965],[-112.5181,34.7016],[-112.5194,34.716],[-112.5193,34.7596],[-112.5378,34.7608],[-112.5364,34.8061],[-112.5184,34.8061],[-112.5216,34.8227],[-112.5229,34.8947],[-112.6288,34.8955],[-112.6283,34.9822],[-112.7335,34.9826],[-112.735,35.069],[-112.6269,35.0693],[-112.6119,35.071],[-112.5231,35.0704],[-112.523,34.9833],[-112.5094,34.9822],[-112.4102,34.9818],[-112.4103,34.9894],[-112.3346,34.9878]]]}},{"type":"Feature","properties":{"leaid":"0400021","name":"Colorado City Unified District","kind":"Unified","gradeLow":"PK","gradeHigh":"12","state":"AZ"},"geometry":{"type":"Polygon","coordinates":[[[-112.9823,36.2317],[-112.993,36.2337],[-113.0063,36.2388],[-113.0114,36.2388],[-113.0191,36.2367],[-113.0383,36.2266],[-113.0528,36.2094],[-113.0623,36.2072],[-113.0872,36.1954],[-113.0955,36.1936],[-113.1141,36.1832],[-113.1199,36.1754],[-113.1249,36.1711],[-113.1251,36.2095],[-113.0917,36.2096],[-113.0909,36.4701],[-113.1266,36.469],[-113.3066,36.4692],[-113.3071,36.5573],[-113.3138,36.5573],[-113.3153,36.9139],[-113.3208,36.9139],[-113.321,37.0],[-112.9376,37.0003],[-112.9379,36.9033],[-112.9174,36.9035],[-112.9177,36.731],[-112.9905,36.7308],[-112.9917,36.5572],[-112.9827,36.5572],[-112.9816,36.3937],[-112.9823,36.2317]]]}},{"type":"Feature","properties":{"leaid":"0400023","name":"Pinon Unified District","kind":"Unified","gradeLow":"PK","gradeHigh":"12","state":"AZ"},"geometry":{"type":"Polygon","coordinates":[[[-110.0007,36.2984],[-110.0007,35.8805],[-110.0771,35.8805],[-110.1209,35.9075],[-110.2627,35.9894],[-110.332,36.003],[-110.3342,36.0005],[-110.347,36.0089],[-110.4028,35.9916],[-110.4038,35.9936],[-110.4015,36.0],[-110.4789,36.0401],[-110.4873,36.0281],[-110.487,36.0244],[-110.4903,36.019],[-110.4907,36.0156],[-110.502,36.0],[-110.507,35.9955],[-110.5128,36.0009],[-110.5209,35.9941],[-110.5224,35.9976],[-110.5195,36.0024],[-110.5227,36.0042],[-110.5209,36.0085],[-110.5236,36.0082],[-110.5317,36.0193],[-110.5367,36.0217],[-110.5628,35.998],[-110.6309,35.9981],[-110.6518,35.9947],[-110.6626,36.0038],[-110.6739,36.0035],[-110.6753,36.0039],[-110.6745,36.0049],[-110.6785,36.0057],[-110.6787,36.0041],[-110.6822,36.0032],[-110.6836,36.0008],[-110.6861,36.0005],[-110.6861,35.9992],[-110.6892,35.9993],[-110.6866,35.9981],[-110.6906,35.9939],[-110.6936,35.9931],[-110.6933,35.9917],[-110.6991,35.989],[-110.7007,35.9899],[-110.7025,35.9875],[-110.7042,35.9874],[-110.7049,35.9849],[-110.7064,35.9848],[-110.7073,35.9831],[-110.7099,35.9842],[-110.7507,35.9775],[-110.7507,36.2984],[-110.2516,36.2985],[-110.2486,36.2988],[-110.239,36.305],[-110.2189,36.2985],[-110.0007,36.2984]]]}},{"type":"Feature","properties":{"leaid":"0400026","name":"Heber-Overgaard Unified District","kind":"Unified","gradeLow":"PK","gradeHigh":"12","state":"AZ"},"geometry":{"type":"Polygon","coordinates":[[[-110.3787,34.821],[-110.3775,34.6111],[-110.3783,34.6098],[-110.3787,34.4997],[-110.3782,34.4677],[-110.3731,34.4677],[-110.373,34.3874],[-110.425,34.3874],[-110.4249,34.3059],[-110.4283,34.3056],[-110.4311,34.3071],[-110.4313,34.3054],[-110.4332,34.3052],[-110.4332,34.3037],[-110.437,34.3004],[-110.4407,34.3001],[-110.456,34.3054],[-110.4569,34.3029],[-110.4706,34.3034],[-110.4757,34.3004],[-110.4933,34.3008],[-110.5118,34.303],[-110.5221,34.2971],[-110.524,34.2925],[-110.5339,34.2849],[-110.5403,34.2825],[-110.5404,34.2775],[-110.5377,34.2743],[-110.542,34.2713],[-110.5475,34.2714],[-110.5654,34.2813],[-110.5689,34.2748],[-110.5714,34.2743],[-110.5768,34.2767],[-110.5822,34.2817],[-110.584,34.2874],[-110.597,34.2913],[-110.6012,34.2892],[-110.6166,34.2867],[-110.6286,34.2887],[-110.6362,34.288],[-110.6393,34.2846],[-110.6408,34.2686],[-110.6442,34.2692],[-110.6443,34.2663],[-110.6495,34.266],[-110.6591,34.2742],[-110.672,34.2773],[-110.6767,34.275],[-110.6978,34.27],[-110.7005,34.2711],[-110.7066,34.2709],[-110.7111,34.2682],[-110.7174,34.2698],[-110.7303,34.2666],[-110.739,34.2707],[-110.7507,34.2647],[-110.7507,34.6366],[-110.6986,34.637],[-110.6986,34.6399],[-110.4865,34.6403],[-110.4869,34.8208],[-110.3787,34.821]]]}},{"type":"Feature","properties":{"leaid":"0400212","name":"Benson Unified School District","kind":"Unified","gradeLow":"PK","gradeHigh":"12","state":"AZ"},"geometry":{"type":"Polygon","coordinates":[[[-110.2513,32.4266],[-110.2504,32.2674],[-110.0458,32.2679],[-110.0455,32.166],[-110.1486,32.1675],[-110.1486,32.0787],[-110.1144,32.0795],[-110.1147,32.0935],[-110.0789,32.094],[-110.0467,32.0942],[-110.0465,32.0802],[-109.9979,32.0805],[-109.9973,32.05],[-109.9379,32.0498],[-109.9381,32.0086],[-109.9551,32.0075],[-109.9551,31.9926],[-109.9635,31.9925],[-109.9626,31.9347],[-110.0611,31.9344],[-110.0608,31.9928],[-110.0953,31.9929],[-110.0957,31.9784],[-110.1471,31.9785],[-110.1478,32.0211],[-110.3132,32.0212],[-110.3036,32.0163],[-110.306,32.0121],[-110.3029,32.0111],[-110.3044,32.0089],[-110.3023,32.0068],[-110.3017,32.0031],[-110.299,32.0017],[-110.3002,31.9962],[-110.2975,31.9942],[-110.2965,31.9908],[-110.2909,31.9885],[-110.29,31.9843],[-110.284,31.9843],[-110.2797,31.9827],[-110.2823,31.979],[-110.2462,31.9776],[-110.2459,31.9491],[-110.3493,31.9486],[-110.3484,31.9054],[-110.366,31.905],[-110.3658,31.8756],[-110.4084,31.8755],[-110.4083,31.9054],[-110.4508,31.9051],[-110.4515,32.0797],[-110.4499,32.0797],[-110.4484,32.1376],[-110.3438,32.1373],[-110.3482,32.2683],[-110.451,32.269],[-110.451,32.4275],[-110.2513,32.4266]]]}},{"type":"Feature","properties":{"leaid":"0400295","name":"Kingman Unified School District","kind":"Unified","gradeLow":"PK","gradeHigh":"12","state":"AZ"},"geometry":{"type":"Polygon","coordinates":[[[-113.8358,36.0491],[-113.8365,35.8506],[-113.8296,35.8505],[-113.8297,35.6427],[-113.8311,35.6069],[-113.8299,35.5854],[-113.8303,35.497],[-113.8215,35.4974],[-113.8177,35.5018],[-113.8176,35.4992],[-113.8173,35.159],[-113.8159,35.1527],[-113.8135,35.1523],[-113.8132,34.9786],[-114.0213,34.9784],[-114.0203,34.8919],[-114.1395,34.8916],[-114.1392,34.8945],[-114.2448,34.8939],[-114.2457,35.1036],[-114.2455,35.1507],[-114.2441,35.1489],[-114.2443,35.1563],[-114.289,35.1571],[-114.2894,35.1563],[-114.3416,35.1562],[-114.3601,35.154],[-114.4078,35.1546],[-114.4084,35.3283],[-114.4614,35.3281],[-114.4618,35.5024],[-114.4656,35.5023],[-114.4656,35.5034],[-114.4656,35.6765],[-114.683,35.6764],[-114.6806,35.684],[-114.6819,35.6876],[-114.6962,35.6965],[-114.7036,35.7039],[-114.7056,35.7083],[-114.7054,35.7118],[-114.6979,35.7317],[-114.6964,35.7427],[-114.6977,35.751],[-114.6965,35.7546],[-114.6943,35.7566],[-114.6974,35.7607],[-114.701,35.7697],[-114.6993,35.7905],[-114.712,35.8055],[-114.7093,35.8101],[-114.7033,35.8152],[-114.6952,35.8323],[-114.7015,35.8393],[-114.7023,35.8422],[-114.7042,35.8427],[-114.7065,35.849],[-114.7036,35.8526],[-114.6944,35.8545],[-114.6896,35.8599],[-114.6821,35.863],[-114.6697,35.865],[-114.6626,35.8692],[-114.6616,35.8712],[-114.6632,35.8737],[-114.6681,35.8752],[-114.672,35.878],[-114.679,35.8855],[-114.6945,35.8966],[-114.6961,35.8965],[-114.6949,35.8976],[-114.7003,35.9018],[-114.7057,35.9093],[-114.7081,35.9099],[-114.7092,35.9168],[-114.7074,35.9181],[-114.7076,35.9279],[-114.7128,35.9326],[-114.7134,35.9319],[-114.7133,35.9338],[-114.7298,35.9599],[-114.7285,35.9604],[-114.7287,35.9618],[-114.7405,35.9755],[-114.7436,35.9858],[-114.7393,35.9918],[-114.743,36.0085],[-114.7386,36.0152],[-114.7289,36.0214],[-114.7221,36.029],[-114.7237,36.0312],[-114.7334,36.0379],[-114.7413,36.038],[-114.7425,36.0457],[-114.7417,36.0479],[-114.7357,36.0534],[-114.7353,36.0566],[-114.736,36.0591],[-114.7401,36.0624],[-114.7435,36.071],[-114.7489,36.075],[-114.7506,36.0803],[-114.754,36.0831],[-114.7545,36.0862],[-114.7489,36.0952],[-114.7349,36.1044],[-114.7037,36.1083],[-114.6937,36.1125],[-114.6818,36.1092],[-114.6719,36.116],[-114.6643,36.1163],[-114.6555,36.1262],[-114.6401,36.1351],[-114.6358,36.1362],[-114.6305,36.1422],[-114.6271,36.1408],[-114.6206,36.1318],[-114.6155,36.1297],[-114.6093,36.1322],[-114.5965,36.1415],[-114.5807,36.146],[-114.5771,36.1488],[-114.5711,36.1511],[-114.5612,36.1509],[-114.5562,36.1525],[-114.5487,36.1507],[-114.5392,36.1518],[-114.5311,36.1476],[-114.5112,36.1506],[-114.5081,36.1497],[-114.5002,36.1432],[-114.5003,36.1407],[-114.5051,36.1381],[-114.5092,36.1332],[-114.5085,36.1299],[-114.5047,36.1272],[-114.4988,36.1266],[-114.4838,36.1297],[-114.4687,36.1389],[-114.4626,36.1396],[-114.4565,36.138],[-114.4513,36.1298],[-114.445,36.1253],[-114.4231,36.1374],[-114.4182,36.1428],[-114.4125,36.1465],[-114.4023,36.1465],[-114.3815,36.1413],[-114.3737,36.1437],[-114.3702,36.1426],[-114.3606,36.1294],[-114.3451,36.1186],[-114.3346,36.1068],[-114.3288,36.1059],[-114.3258,36.1039],[-114.3209,36.0965],[-114.3069,36.0825],[-114.3044,36.074],[-114.3075,36.0697],[-114.3124,36.0661],[-114.3143,36.062],[-114.3136,36.059],[-114.3086,36.057],[-114.2986,36.0573],[-114.2934,36.0545],[-114.2909,36.0505],[-114.288,36.0491],[-114.2796,36.0461],[-114.2739,36.0465],[-114.2709,36.0455],[-114.2689,36.0409],[-114.2686,36.035],[-114.2644,36.0279],[-114.2439,36.0153],[-114.2334,36.0128],[-114.228,36.0147],[-114.2248,36.0137],[-114.2119,36.0148],[-114.1912,36.02],[-114.1747,36.0267],[-114.1644,36.0269],[-114.1514,36.0231],[-114.1459,36.0272],[-114.1447,36.0343],[-114.1371,36.0385],[-114.1348,36.0439],[-114.1362,36.0532],[-114.1334,36.0617],[-114.1298,36.0685],[-114.124,36.0756],[-114.1196,36.0858],[-114.1123,36.0941],[-114.1119,36.0958],[-114.1152,36.0999],[-114.121,36.1039],[-114.1209,36.1108],[-114.1185,36.1139],[-114.1084,36.1192],[-114.1004,36.1194],[-114.097,36.1208],[-114.0917,36.1373],[-114.0812,36.1502],[-114.0788,36.1574],[-114.0668,36.1791],[-114.0587,36.1878],[-114.0495,36.1921],[-114.0418,36.193],[-114.0346,36.1893],[-114.027,36.1882],[-114.0144,36.1948],[-114.009,36.196],[-114.0067,36.1959],[-114.0017,36.1924],[-114.0023,36.1809],[-113.9896,36.1741],[-113.9867,36.1711],[-113.984,36.1601],[-113.9877,36.1483],[-113.9889,36.1394],[-113.986,36.1295],[-113.9813,36.1247],[-113.9766,36.1236],[-113.97,36.1291],[-113.9572,36.1321],[-113.9334,36.1313],[-113.9277,36.1223],[-113.9233,36.0985],[-113.9221,36.0969],[-113.9143,36.0933],[-113.8977,36.0921],[-113.8946,36.0871],[-113.8951,36.0755],[-113.8895,36.0659],[-113.8768,36.0574],[-113.8695,36.0547],[-113.8464,36.0498],[-113.8358,36.0491]]]}},{"type":"Feature","properties":{"leaid":"0400520","name":"Ajo Unified District","kind":"Unified","gradeLow":"PK","gradeHigh":"12","state":"AZ"},"geometry":{"type":"Polygon","coordinates":[[[-112.7254,32.5054],[-112.7278,32.3313],[-112.8693,32.3313],[-112.8824,32.3287],[-112.8854,32.3311],[-112.9164,32.3314],[-112.9158,32.5054],[-112.7254,32.5054]]]}},{"type":"Feature","properties":{"leaid":"0400680","name":"Amphitheater Unified District","kind":"Unified","gradeLow":"PK","gradeHigh":"12","state":"AZ"},"geometry":{"type":"Polygon","coordinates":[[[-110.8587,32.5112],[-110.859,32.4964],[-110.8671,32.4963],[-110.8672,32.4819],[-110.8758,32.4818],[-110.876,32.4386],[-110.8929,32.4385],[-110.8931,32.4098],[-110.9102,32.4099],[-110.9108,32.3951],[-110.9273,32.395],[-110.9269,32.3803],[-110.9612,32.3805],[-110.9611,32.3688],[-110.9645,32.3665],[-110.9611,32.3656],[-110.9613,32.3518],[-110.9514,32.3516],[-110.9482,32.3491],[-110.9274,32.3491],[-110.9273,32.3438],[-110.9102,32.3446],[-110.9098,32.3373],[-110.9473,32.3374],[-110.9472,32.336],[-110.9495,32.3373],[-110.9607,32.3372],[-110.9611,32.3081],[-110.9441,32.3082],[-110.9439,32.252],[-110.9525,32.2519],[-110.9525,32.2503],[-110.9865,32.2503],[-110.9867,32.2753],[-110.9932,32.2761],[-110.9933,32.2868],[-110.9951,32.2868],[-110.9951,32.2943],[-111.012,32.3029],[-111.0213,32.3053],[-111.0289,32.3095],[-111.03,32.3927],[-111.0294,32.4516],[-111.028,32.4537],[-111.0295,32.454],[-111.0297,32.5113],[-110.8587,32.5112]]]}},{"type":"Feature","properties":{"leaid":"0400790","name":"Apache Junction Unified District","kind":"Unified","gradeLow":"PK","gradeHigh":"12","state":"AZ"},"geometry":{"type":"Polygon","coordinates":[[[-111.2697,33.4659],[-111.2691,33.2922],[-111.3755,33.2928],[-111.3754,33.2783],[-111.3927,33.2782],[-111.3929,33.2928],[-111.5833,33.2926],[-111.5843,33.3788],[-111.5807,33.3787],[-111.5806,33.4658],[-111.2697,33.4659]]]}},{"type":"Feature","properties":{"leaid":"0400910","name":"Ash Fork Joint Unified District","kind":"Unified","gradeLow":"PK","gradeHigh":"12","state":"AZ"},"geometry":{"type":"Polygon","coordinates":[[[-112.3346,34.9878],[-112.4103,34.9894],[-112.4102,34.9818],[-112.5094,34.9822],[-112.523,34.9833],[-112.5231,35.0704],[-112.6119,35.071],[-112.6269,35.0693],[-112.735,35.069],[-112.7367,35.1534],[-112.7634,35.1533],[-112.7633,35.3133],[-112.7586,35.3105],[-112.7549,35.3062],[-112.7351,35.305],[-112.7179,35.3068],[-112.7012,35.3116],[-112.6914,35.3111],[-112.6764,35.3067],[-112.6671,35.3007],[-112.6605,35.2922],[-112.659,35.2918],[-112.6555,35.292],[-112.6496,35.2975],[-112.6436,35.3001],[-112.6356,35.3009],[-112.6298,35.2997],[-112.6228,35.2956],[-112.6187,35.2894],[-112.618,35.2831],[-112.6206,35.2748],[-112.6111,35.2726],[-112.604,35.2692],[-112.5774,35.2434],[-112.5483,35.2377],[-112.5491,35.3254],[-112.4413,35.3256],[-112.4408,35.2605],[-112.4424,35.2592],[-112.4423,35.1492],[-112.3358,35.1482],[-112.3346,34.9878]]]}},{"type":"Feature","properties":{"leaid":"0401000","name":"Bagdad Unified School District","kind":"Unified","gradeLow":"PK","gradeHigh":"12","state":"AZ"},"geometry":{"type":"Polygon","coordinates":[[[-113.1451,34.7209],[-113.1451,34.7182],[-113.1393,34.7184],[-113.1393,34.7175],[-112.936,34.7174],[-112.9358,34.5033],[-112.9706,34.5033],[-112.971,34.4122],[-113.3332,34.4115],[-113.3335,34.5613],[-113.3344,34.5613],[-113.333,34.7209],[-113.2498,34.7207],[-113.2499,34.7642],[-113.1977,34.7645],[-113.198,34.7501],[-113.2155,34.7501],[-113.2152,34.7352],[-113.2327,34.7352],[-113.2327,34.7207],[-113.1451,34.7209]]]}},{"type":"Feature","properties":{"leaid":"0401180","name":"Bisbee Unified District","kind":"Unified","gradeLow":"PK","gradeHigh":"12","state":"AZ"},"geometry":{"type":"Polygon","coordinates":[[[-109.7036,31.6418],[-109.7189,31.6419],[-109.7182,31.64],[-109.7197,31.6389],[-109.7206,31.6337],[-109.719,31.6323],[-109.7241,31.627],[-109.7235,31.626],[-109.7262,31.6215],[-109.7278,31.6222],[-109.7299,31.6151],[-109.7269,31.6094],[-109.7275,31.6073],[-109.7225,31.6047],[-109.7209,31.6017],[-109.7237,31.5929],[-109.7237,31.5901],[-109.7213,31.5852],[-109.7236,31.581],[-109.7218,31.5777],[-109.7248,31.5727],[-109.7206,31.5696],[-109.7245,31.5645],[-109.7223,31.5582],[-109.7245,31.5533],[-109.7229,31.5515],[-109.7251,31.5479],[-109.7256,31.5389],[-109.7229,31.5355],[-109.723,31.5311],[-109.7201,31.5238],[-109.717,31.5212],[-109.7195,31.5192],[-109.7212,31.5123],[-109.7193,31.5111],[-109.7188,31.5057],[-109.7174,31.5036],[-109.7118,31.5],[-109.7138,31.4981],[-109.7117,31.4961],[-109.7332,31.4963],[-109.7321,31.4376],[-109.6465,31.4374],[-109.6466,31.4083],[-109.6479,31.3941],[-109.6472,31.334],[-109.9184,31.3341],[-109.9192,31.3799],[-110.0036,31.3798],[-110.0036,31.4016],[-110.0044,31.4015],[-110.0051,31.4192],[-110.0035,31.4685],[-110.0532,31.4686],[-110.0534,31.5531],[-110.0036,31.554],[-109.8519,31.5532],[-109.8525,31.6412],[-109.7735,31.6416],[-109.7728,31.6861],[-109.7038,31.6858],[-109.7036,31.6418]]]}},{"type":"Feature","properties":{"leaid":"0401330","name":"Bowie Unified District","kind":"Unified","gradeLow":"PK","gradeHigh":"12","state":"AZ"},"geometry":{"type":"Polygon","coordinates":[[[-109.3301,32.4258],[-109.3301,32.2425],[-109.3282,32.2425],[-109.3278,32.0795],[-109.4828,32.0795],[-109.4819,32.1659],[-109.5333,32.1658],[-109.5332,32.23],[-109.5169,32.2381],[-109.5275,32.2502],[-109.5283,32.2553],[-109.5446,32.2531],[-109.7129,32.2531],[-109.7128,32.3396],[-109.7143,32.3397],[-109.7144,32.3615],[-109.7227,32.3614],[-109.7225,32.4268],[-109.4321,32.4276],[-109.3301,32.4258]]]}},{"type":"Feature","properties":{"leaid":"0401460","name":"Sierra Vista Unified District","kind":"Unified","gradeLow":"PK","gradeHigh":"12","state":"AZ"},"geometry":{"type":"Polygon","coordinates":[[[-110.1041,31.5555],[-110.1897,31.556],[-110.1898,31.5253],[-110.2069,31.5256],[-110.206,31.5018],[-110.2068,31.4673],[-110.2407,31.4673],[-110.2395,31.4564],[-110.2408,31.4564],[-110.2407,31.4383],[-110.2576,31.4382],[-110.2575,31.4236],[-110.2744,31.4237],[-110.2745,31.4091],[-110.2407,31.4091],[-110.2407,31.3946],[-110.2572,31.3945],[-110.2571,31.3798],[-110.2743,31.3798],[-110.2745,31.3946],[-110.3592,31.3947],[-110.3594,31.435],[-110.3472,31.4357],[-110.3432,31.4344],[-110.3397,31.4357],[-110.3417,31.4409],[-110.3365,31.446],[-110.3377,31.4479],[-110.3355,31.4521],[-110.3366,31.4571],[-110.3324,31.4608],[-110.329,31.4607],[-110.3266,31.4632],[-110.3165,31.4649],[-110.3155,31.467],[-110.3127,31.4675],[-110.3088,31.4716],[-110.3076,31.4702],[-110.3028,31.4731],[-110.2719,31.5116],[-110.2973,31.534],[-110.3084,31.5573],[-110.3081,31.5694],[-110.2743,31.5694],[-110.2743,31.5764],[-110.2577,31.5767],[-110.2574,31.5839],[-110.2404,31.5839],[-110.2406,31.591],[-110.2238,31.5908],[-110.2235,31.5981],[-110.2066,31.5983],[-110.2063,31.6134],[-110.1896,31.6132],[-110.1895,31.6164],[-110.1912,31.6352],[-110.2067,31.6353],[-110.2067,31.6431],[-110.1036,31.6431],[-110.1041,31.5555]]]}},{"type":"Feature","properties":{"leaid":"0401600","name":"Camp Verde Unified District","kind":"Unified","gradeLow":"PK","gradeHigh":"12","state":"AZ"},"geometry":{"type":"Polygon","coordinates":[[[-111.8536,34.6566],[-111.8532,34.6109],[-111.5534,34.6107],[-111.5542,34.4394],[-111.5558,34.4374],[-111.562,34.4354],[-111.5634,34.432],[-111.5718,34.4298],[-111.5729,34.4233],[-111.5757,34.4229],[-111.5767,34.4206],[-111.5812,34.4196],[-111.5828,34.4216],[-111.5874,34.4202],[-111.5913,34.4221],[-111.5929,34.4191],[-111.596,34.4209],[-111.598,34.4189],[-111.601,34.4193],[-111.6051,34.4155],[-111.6047,34.4117],[-111.609,34.41],[-111.6114,34.4054],[-111.6154,34.4051],[-111.6185,34.4009],[-111.6248,34.4],[-111.6276,34.397],[-111.6303,34.3975],[-111.6302,34.3934],[-111.6358,34.3925],[-111.6417,34.3943],[-111.6435,34.3918],[-111.6474,34.3931],[-111.6492,34.3898],[-111.6596,34.3863],[-111.6581,34.3838],[-111.6587,34.3718],[-111.6569,34.3677],[-111.6596,34.3652],[-111.6592,34.3619],[-111.6632,34.3582],[-111.6654,34.3531],[-111.6654,34.3504],[-111.6674,34.3479],[-111.6661,34.3456],[-111.6675,34.3437],[-111.6645,34.3421],[-111.6657,34.3313],[-111.6631,34.3305],[-111.6638,34.3263],[-111.6625,34.3245],[-111.6652,34.3236],[-111.663,34.3224],[-111.6644,34.3198],[-111.6633,34.318],[-111.6656,34.3169],[-111.6651,34.3145],[-111.669,34.3105],[-111.6677,34.3083],[-111.6696,34.307],[-111.6736,34.3077],[-111.6847,34.2982],[-111.6839,34.2964],[-111.6804,34.2948],[-111.6788,34.2904],[-111.6764,34.2894],[-111.6739,34.2948],[-111.6663,34.2972],[-111.6644,34.2964],[-111.6635,34.2955],[-111.664,34.2908],[-111.6659,34.2855],[-111.6732,34.2836],[-111.6835,34.283],[-111.6853,34.2817],[-111.7753,34.2822],[-111.7751,34.3688],[-111.9856,34.3695],[-111.9853,34.4564],[-111.9643,34.4565],[-111.9644,34.5287],[-111.9629,34.5315],[-111.963,34.5456],[-111.977,34.5456],[-111.977,34.6453],[-111.935,34.6445],[-111.9327,34.6462],[-111.9381,34.6536],[-111.9399,34.6592],[-111.8697,34.6583],[-111.8697,34.6563],[-111.8536,34.6566]]]}},{"type":"Feature","properties":{"leaid":"0401760","name":"Catalina Foothills Unified District","kind":"Unified","gradeLow":"PK","gradeHigh":"12","state":"AZ"},"geometry":{"type":"Polygon","coordinates":[[[-110.8241,32.3378],[-110.824,32.3232],[-110.807,32.3232],[-110.8068,32.2945],[-110.858,32.2944],[-110.864,32.2927],[-110.8746,32.2938],[-110.9137,32.2931],[-110.9247,32.2947],[-110.9257,32.2933],[-110.9391,32.2933],[-110.9391,32.2858],[-110.9438,32.2857],[-110.9441,32.3082],[-110.9611,32.3081],[-110.9607,32.3372],[-110.9495,32.3373],[-110.9472,32.336],[-110.9473,32.3374],[-110.8241,32.3378]]]}},{"type":"Feature","properties":{"leaid":"0401810","name":"Cedar Unified District","kind":"Unified","gradeLow":"PK","gradeHigh":"12","state":"AZ"},"geometry":{"type":"Polygon","coordinates":[[[-110.0007,35.8805],[-110.0007,35.6627],[-109.827,35.6626],[-109.8267,35.6054],[-109.8958,35.6053],[-109.9308,35.6037],[-109.94,35.6113],[-109.9414,35.6113],[-109.9473,35.6057],[-110.0526,35.6055],[-110.0529,35.6022],[-110.0683,35.6036],[-110.0679,35.6054],[-110.3593,35.6057],[-110.3593,35.5189],[-110.5007,35.5201],[-110.7507,35.5198],[-110.7507,35.9775],[-110.7099,35.9842],[-110.7073,35.9831],[-110.7064,35.9848],[-110.7049,35.9849],[-110.7042,35.9874],[-110.7025,35.9875],[-110.7007,35.9899],[-110.6991,35.989],[-110.6933,35.9917],[-110.6936,35.9931],[-110.6906,35.9939],[-110.6866,35.9981],[-110.6892,35.9993],[-110.6861,35.9992],[-110.6861,36.0005],[-110.6836,36.0008],[-110.6822,36.0032],[-110.6787,36.0041],[-110.6785,36.0057],[-110.6745,36.0049],[-110.6753,36.0039],[-110.6739,36.0035],[-110.6626,36.0038],[-110.6518,35.9947],[-110.6309,35.9981],[-110.5628,35.998],[-110.5367,36.0217],[-110.5317,36.0193],[-110.5236,36.0082],[-110.5209,36.0085],[-110.5227,36.0042],[-110.5195,36.0024],[-110.5224,35.9976],[-110.5209,35.9941],[-110.5128,36.0009],[-110.507,35.9955],[-110.502,36.0],[-110.4907,36.0156],[-110.4903,36.019],[-110.487,36.0244],[-110.4873,36.0281],[-110.4789,36.0401],[-110.4015,36.0],[-110.4038,35.9936],[-110.4028,35.9916],[-110.347,36.0089],[-110.3342,36.0005],[-110.332,36.003],[-110.2627,35.9894],[-110.1209,35.9075],[-110.0771,35.8805],[-110.0007,35.8805]]]}},{"type":"Feature","properties":{"leaid":"0401870","name":"Chandler Unified District","kind":"Unified","gradeLow":"PK","gradeHigh":"12","state":"AZ"},"geometry":{"type":"Polygon","coordinates":[[[-111.7379,33.2777],[-111.7381,33.2486],[-111.7054,33.2481],[-111.7054,33.2449],[-111.7032,33.2449],[-111.7032,33.2485],[-111.6774,33.249],[-111.6776,33.2195],[-111.669,33.2195],[-111.669,33.2047],[-111.8931,33.2035],[-111.8935,33.2938],[-111.895,33.2968],[-111.8951,33.3165],[-111.8935,33.3349],[-111.8069,33.3354],[-111.8068,33.3209],[-111.7898,33.3209],[-111.7893,33.2774],[-111.7379,33.2777]]]}},{"type":"Feature","properties":{"leaid":"0401940","name":"Chinle Unified District","kind":"Unified","gradeLow":"PK","gradeHigh":"12","state":"AZ"},"geometry":{"type":"Polygon","coordinates":[[[-109.0457,36.4656],[-109.046,35.923],[-109.1755,35.9234],[-109.1773,35.9199],[-109.1746,35.9106],[-109.1747,35.8369],[-109.5182,35.8369],[-109.5193,35.8383],[-109.52,35.8369],[-109.9889,35.8369],[-109.9894,35.8379],[-110.0007,35.8371],[-110.0007,36.4661],[-109.6589,36.4655],[-109.6121,36.4631],[-109.6023,36.4656],[-109.493,36.4662],[-109.0457,36.4656]]]}},{"type":"Feature","properties":{"leaid":"0402320","name":"Coolidge Unified District","kind":"Unified","gradeLow":"PK","gradeHigh":"12","state":"AZ"},"geometry":{"type":"Polygon","coordinates":[[[-111.6859,33.2046],[-111.686,33.1177],[-111.5773,33.1182],[-111.5163,33.0528],[-111.5159,33.0186],[-111.4888,33.017],[-111.4557,33.017],[-111.4561,33.0313],[-111.4388,33.0313],[-111.4384,32.9884],[-111.4214,32.9881],[-111.4221,32.9439],[-111.415,32.9438],[-111.4149,32.9086],[-111.4558,32.9086],[-111.4559,32.8867],[-111.4544,32.8867],[-111.4544,32.8831],[-111.4578,32.8831],[-111.4577,32.8854],[-111.4602,32.8854],[-111.4602,32.8904],[-111.4635,32.8904],[-111.4647,32.8506],[-111.5676,32.8503],[-111.5673,32.8796],[-111.5759,32.8796],[-111.5759,32.8841],[-111.5758,32.8941],[-111.5671,32.8941],[-111.5667,32.9232],[-111.6705,32.9234],[-111.6688,33.0898],[-111.6856,33.094],[-111.6893,33.0923],[-111.6935,33.0879],[-111.7037,33.0844],[-111.7074,33.0849],[-111.7187,33.09],[-111.7245,33.0908],[-111.7334,33.0908],[-111.7347,33.0888],[-111.7372,33.0882],[-111.7426,33.0935],[-111.7452,33.1002],[-111.7477,33.1026],[-111.758,33.1016],[-111.7641,33.106],[-111.7746,33.1079],[-111.7754,33.1108],[-111.7738,33.1143],[-111.7744,33.1158],[-111.7892,33.1179],[-111.7893,33.1564],[-111.7966,33.1583],[-111.7893,33.1568],[-111.7892,33.2047],[-111.6859,33.2046]]]}},{"type":"Feature","properties":{"leaid":"0402530","name":"Douglas Unified District","kind":"Unified","gradeLow":"PK","gradeHigh":"12","state":"AZ"},"geometry":{"type":"Polygon","coordinates":[[[-109.4133,31.5524],[-109.05,31.5525],[-109.05,31.3325],[-109.2669,31.3339],[-109.6472,31.334],[-109.6479,31.3941],[-109.6466,31.4083],[-109.6465,31.4374],[-109.6302,31.437],[-109.6301,31.4508],[-109.6301,31.452],[-109.647,31.4521],[-109.6465,31.4661],[-109.5974,31.4658],[-109.5956,31.4669],[-109.591,31.4658],[-109.5029,31.4654],[-109.5033,31.4994],[-109.5019,31.5053],[-109.5041,31.5379],[-109.5447,31.5381],[-109.5446,31.5535],[-109.4133,31.5524]]]}},{"type":"Feature","properties":{"leaid":"0402600","name":"Duncan Unified District","kind":"Unified","gradeLow":"PK","gradeHigh":"12","state":"AZ"},"geometry":{"type":"Polygon","coordinates":[[[-109.0475,32.9764],[-109.0479,32.4264],[-109.1142,32.4264],[-109.2261,32.5291],[-109.226,32.543],[-109.2113,32.5843],[-109.2195,32.6017],[-109.2062,32.6358],[-109.213,32.6536],[-109.2138,32.6807],[-109.2452,32.7421],[-109.2482,32.7502],[-109.2524,32.7502],[-109.3181,32.8428],[-109.3334,32.8433],[-109.4254,32.9768],[-109.0475,32.9764]]]}},{"type":"Feature","properties":{"leaid":"0402690","name":"Dysart Unified District","kind":"Unified","gradeLow":"PK","gradeHigh":"12","state":"AZ"},"geometry":{"type":"Polygon","coordinates":[[[-112.3602,33.7248],[-112.3598,33.6931],[-112.3512,33.6928],[-112.3511,33.6894],[-112.3526,33.6892],[-112.3528,33.6915],[-112.3602,33.6913],[-112.3635,33.6929],[-112.3641,33.6921],[-112.361,33.6899],[-112.3612,33.6836],[-112.3548,33.682],[-112.4064,33.6823],[-112.3504,33.6387],[-112.3347,33.6386],[-112.3358,33.6473],[-112.3385,33.6502],[-112.3461,33.653],[-112.351,33.6567],[-112.3567,33.6544],[-112.3606,33.656],[-112.3624,33.659],[-112.3586,33.662],[-112.3472,33.6541],[-112.3379,33.6501],[-112.3362,33.6485],[-112.3347,33.6459],[-112.3343,33.6386],[-112.3247,33.6387],[-112.325,33.6767],[-112.3077,33.6768],[-112.3077,33.6471],[-112.2985,33.6452],[-112.301,33.6452],[-112.3026,33.6307],[-112.3077,33.6307],[-112.308,33.5828],[-112.3065,33.5365],[-112.3836,33.5364],[-112.3846,33.5515],[-112.5135,33.5515],[-112.5135,33.5853],[-112.5112,33.5926],[-112.5134,33.6024],[-112.5129,33.7241],[-112.3602,33.7248]]]}},{"type":"Feature","properties":{"leaid":"0402860","name":"Flagstaff Unified District","kind":"Unified","gradeLow":"PK","gradeHigh":"12","state":"AZ"},"geometry":{"type":"Polygon","coordinates":[[[-110.7507,35.5237],[-110.7507,34.7208],[-111.1254,34.721],[-111.1254,34.654],[-111.1268,34.6498],[-111.1245,34.6457],[-111.1241,34.6411],[-111.1281,34.6389],[-111.1287,34.635],[-111.125,34.6155],[-111.1253,34.4673],[-111.3419,34.4682],[-111.3419,34.4248],[-111.3458,34.4243],[-111.347,34.4253],[-111.3505,34.4232],[-111.3552,34.4257],[-111.3539,34.4283],[-111.3552,34.4298],[-111.3519,34.4307],[-111.3516,34.4323],[-111.3544,34.4349],[-111.3516,34.4399],[-111.3502,34.4399],[-111.3519,34.441],[-111.3579,34.4399],[-111.3608,34.4367],[-111.3633,34.436],[-111.3644,34.4386],[-111.3667,34.4385],[-111.3668,34.4403],[-111.3696,34.4391],[-111.3717,34.4396],[-111.373,34.4369],[-111.3768,34.4362],[-111.3769,34.4336],[-111.3791,34.4308],[-111.3803,34.4302],[-111.3823,34.4326],[-111.385,34.4324],[-111.3855,34.4315],[-111.3839,34.4304],[-111.3874,34.4291],[-111.3882,34.4246],[-111.3928,34.4237],[-111.3937,34.4252],[-111.3972,34.4259],[-111.397,34.4285],[-111.3987,34.4277],[-111.4008,34.4249],[-111.3992,34.4226],[-111.4012,34.4109],[-111.4061,34.4086],[-111.4091,34.4103],[-111.4113,34.408],[-111.4094,34.405],[-111.4069,34.404],[-111.4061,34.4028],[-111.4072,34.4016],[-111.4034,34.3978],[-111.4001,34.399],[-111.3966,34.3978],[-111.3864,34.3978],[-111.3897,34.3937],[-111.3883,34.3923],[-111.3888,34.3909],[-111.3842,34.3904],[-111.3871,34.3875],[-111.3896,34.3878],[-111.3926,34.3854],[-111.3966,34.3854],[-111.3965,34.3831],[-111.4003,34.3789],[-111.4071,34.3769],[-111.4101,34.3779],[-111.4118,34.3823],[-111.4158,34.3796],[-111.4173,34.3806],[-111.4185,34.377],[-111.4199,34.3839],[-111.4192,34.3881],[-111.4219,34.3878],[-111.4232,34.3906],[-111.4216,34.3936],[-111.425,34.3905],[-111.4255,34.3869],[-111.4269,34.386],[-111.4281,34.3868],[-111.4293,34.3908],[-111.4247,34.3946],[-111.4221,34.4063],[-111.4248,34.4115],[-111.4285,34.4135],[-111.4242,34.4142],[-111.4276,34.4203],[-111.4259,34.4208],[-111.4262,34.4252],[-111.4246,34.4264],[-111.4247,34.4281],[-111.4228,34.4283],[-111.4213,34.4322],[-111.4248,34.4334],[-111.4254,34.4357],[-111.4219,34.4372],[-111.4184,34.4352],[-111.4177,34.4327],[-111.4154,34.4326],[-111.415,34.4342],[-111.4113,34.4335],[-111.411,34.4316],[-111.4088,34.4307],[-111.4091,34.4296],[-111.407,34.4292],[-111.407,34.4274],[-111.4052,34.4285],[-111.406,34.4302],[-111.4041,34.4308],[-111.4067,34.4333],[-111.4052,34.4333],[-111.4054,34.4373],[-111.4073,34.438],[-111.4012,34.4409],[-111.3985,34.4402],[-111.3994,34.442],[-111.3982,34.4438],[-111.4014,34.443],[-111.4039,34.444],[-111.4039,34.4453],[-111.4076,34.4464],[-111.4072,34.4442],[-111.4114,34.4426],[-111.413,34.4445],[-111.4161,34.4439],[-111.4173,34.4452],[-111.4192,34.4434],[-111.4209,34.4458],[-111.4232,34.4453],[-111.4264,34.4483],[-111.4277,34.4461],[-111.4309,34.4457],[-111.4311,34.4448],[-111.4356,34.4465],[-111.4335,34.44],[-111.4368,34.4383],[-111.4441,34.4414],[-111.443,34.4377],[-111.4443,34.4363],[-111.4427,34.434],[-111.4443,34.4328],[-111.4513,34.4349],[-111.4504,34.4313],[-111.4551,34.4306],[-111.4538,34.4271],[-111.4601,34.4251],[-111.4604,34.4232],[-111.4622,34.4225],[-111.4616,34.42],[-111.4645,34.4151],[-111.4619,34.4112],[-111.4643,34.4092],[-111.4671,34.4095],[-111.4651,34.4124],[-111.4668,34.4141],[-111.4784,34.4135],[-111.48,34.4159],[-111.4755,34.4166],[-111.4806,34.4195],[-111.4777,34.4225],[-111.4752,34.422],[-111.4745,34.4222],[-111.4787,34.4236],[-111.4816,34.4231],[-111.4797,34.4274],[-111.4695,34.4266],[-111.4704,34.4284],[-111.4673,34.4293],[-111.4773,34.4295],[-111.467,34.4365],[-111.4672,34.4377],[-111.4731,34.4355],[-111.4774,34.4318],[-111.4785,34.4321],[-111.475,34.4361],[-111.481,34.4336],[-111.4844,34.4351],[-111.4838,34.4314],[-111.487,34.4298],[-111.4911,34.4308],[-111.4933,34.4343],[-111.4949,34.434],[-111.4919,34.4227],[-111.4939,34.4184],[-111.4979,34.4206],[-111.4991,34.4265],[-111.5004,34.4276],[-111.5045,34.4212],[-111.5085,34.4222],[-111.5124,34.4157],[-111.5239,34.4116],[-111.536,34.4119],[-111.5375,34.4125],[-111.536,34.4145],[-111.5375,34.4152],[-111.5404,34.4146],[-111.5421,34.4166],[-111.5457,34.4155],[-111.5466,34.4173],[-111.5503,34.4195],[-111.5417,34.424],[-111.54,34.4286],[-111.535,34.4235],[-111.5285,34.423],[-111.5302,34.4299],[-111.5297,34.4356],[-111.5289,34.4329],[-111.5226,34.4271],[-111.5209,34.4273],[-111.5201,34.4296],[-111.5177,34.4304],[-111.5197,34.4373],[-111.5173,34.4387],[-111.5173,34.4405],[-111.5158,34.4401],[-111.5165,34.4418],[-111.519,34.442],[-111.5175,34.445],[-111.5216,34.445],[-111.5219,34.4454],[-111.5186,34.4465],[-111.5147,34.4436],[-111.5136,34.4444],[-111.5082,34.441],[-111.5066,34.4382],[-111.5018,34.4422],[-111.5038,34.4442],[-111.5001,34.4454],[-111.4996,34.447],[-111.496,34.4467],[-111.4959,34.4488],[-111.4934,34.4519],[-111.4894,34.4504],[-111.4891,34.4545],[-111.486,34.4529],[-111.485,34.4547],[-111.477,34.4505],[-111.4803,34.4558],[-111.4787,34.4554],[-111.4748,34.4591],[-111.4722,34.457],[-111.471,34.4572],[-111.4731,34.4601],[-111.472,34.4623],[-111.4797,34.4608],[-111.4816,34.4628],[-111.4859,34.4638],[-111.4876,34.4622],[-111.497,34.4612],[-111.4998,34.4595],[-111.4997,34.4582],[-111.5027,34.4589],[-111.5042,34.4569],[-111.509,34.4547],[-111.5106,34.456],[-111.5174,34.4556],[-111.5193,34.4583],[-111.5248,34.4546],[-111.5354,34.4537],[-111.5365,34.4554],[-111.5404,34.4549],[-111.5405,34.4568],[-111.5385,34.4573],[-111.5378,34.4593],[-111.5273,34.4632],[-111.5234,34.4639],[-111.5217,34.4626],[-111.5191,34.4651],[-111.5201,34.4669],[-111.5124,34.4678],[-111.5132,34.4693],[-111.5119,34.4704],[-111.512,34.4804],[-111.511,34.4792],[-111.5088,34.4793],[-111.5102,34.4838],[-111.5133,34.4844],[-111.5139,34.4864],[-111.5118,34.4863],[-111.5103,34.4891],[-111.5138,34.4907],[-111.5137,34.4919],[-111.5077,34.4945],[-111.5073,34.4965],[-111.5019,34.497],[-111.502,34.4982],[-111.5082,34.4978],[-111.5131,34.4954],[-111.5153,34.4959],[-111.5171,34.4941],[-111.5192,34.4947],[-111.5188,34.4987],[-111.5212,34.499],[-111.5246,34.495],[-111.523,34.4924],[-111.5231,34.4891],[-111.5209,34.4863],[-111.5202,34.4814],[-111.5214,34.4778],[-111.5237,34.4776],[-111.528,34.4706],[-111.5309,34.4705],[-111.5369,34.4677],[-111.5374,34.4697],[-111.5359,34.4719],[-111.5391,34.4755],[-111.5399,34.4726],[-111.5427,34.4712],[-111.5434,34.468],[-111.5419,34.4652],[-111.5464,34.4654],[-111.5488,34.4609],[-111.5506,34.4622],[-111.552,34.4692],[-111.5547,34.4717],[-111.5545,34.5],[-111.5531,34.5],[-111.5534,34.6364],[-111.552,34.6364],[-111.5518,34.6635],[-111.5521,34.8025],[-111.7604,34.804],[-111.7603,34.8327],[-111.7426,34.8328],[-111.7431,34.8763],[-111.7252,34.8762],[-111.7251,34.8919],[-111.7219,34.8924],[-111.7218,34.9083],[-111.7133,34.9086],[-111.7132,34.9228],[-111.7306,34.9227],[-111.7306,34.981],[-111.7144,34.9809],[-111.7225,35.0096],[-111.7563,35.0103],[-111.7563,34.9811],[-111.8091,34.9811],[-111.809,34.9763],[-111.9121,34.9763],[-111.9118,35.2644],[-111.8901,35.2644],[-111.8901,35.2788],[-111.8944,35.2788],[-111.8939,35.3241],[-111.816,35.3249],[-111.8164,35.4132],[-111.8879,35.4134],[-111.8885,35.4566],[-111.9066,35.4569],[-111.9066,35.4971],[-111.9048,35.4971],[-111.9041,35.6297],[-111.9043,35.934],[-111.7607,35.9341],[-111.7615,35.9745],[-111.7604,36.0067],[-111.7439,36.0066],[-111.7439,35.9921],[-111.726,35.9922],[-111.726,35.9777],[-111.7171,35.9776],[-111.7171,35.9486],[-111.726,35.9486],[-111.7262,35.847],[-111.7111,35.8471],[-111.7111,35.8249],[-111.6933,35.825],[-111.6932,35.7451],[-111.7466,35.7451],[-111.7465,35.6721],[-111.6342,35.6722],[-111.6342,35.6432],[-111.5956,35.6438],[-111.5898,35.6433],[-111.5898,35.6412],[-111.5546,35.6412],[-111.5545,35.6992],[-111.5367,35.6992],[-111.5367,35.7573],[-111.3205,35.7571],[-111.3196,35.75],[-111.3225,35.7375],[-111.322,35.7342],[-111.3127,35.7217],[-111.3104,35.7132],[-111.3054,35.7088],[-111.3053,35.7054],[-111.3102,35.702],[-111.3242,35.6994],[-111.3291,35.6894],[-111.3228,35.6802],[-111.3227,35.6714],[-111.3293,35.6647],[-111.3318,35.658],[-111.33,35.6524],[-111.3239,35.6465],[-111.3198,35.6444],[-111.3147,35.6358],[-111.3148,35.6304],[-111.3184,35.6206],[-111.3185,35.6168],[-111.316,35.6127],[-111.3065,35.6051],[-111.3065,35.6005],[-111.3097,35.5951],[-111.3064,35.5866],[-111.3041,35.585],[-111.2951,35.5843],[-111.293,35.58],[-111.287,35.5802],[-111.2824,35.5781],[-111.2723,35.5679],[-111.2665,35.556],[-111.2671,35.5461],[-111.2565,35.5312],[-111.258,35.5164],[-111.2499,35.5106],[-111.2443,35.4954],[-111.0006,35.4955],[-111.0006,35.5244],[-110.9896,35.5243],[-110.9876,35.5253],[-110.9003,35.5242],[-110.8824,35.5261],[-110.8678,35.5254],[-110.8599,35.5233],[-110.7507,35.5237]]]}},{"type":"Feature","properties":{"leaid":"0402920","name":"Florence Unified School District","kind":"Unified","gradeLow":"PK","gradeHigh":"12","state":"AZ"},"geometry":{"type":"Polygon","coordinates":[[[-111.1639,33.2493],[-111.1647,33.0327],[-110.9627,33.0326],[-110.9627,32.9452],[-110.9449,32.9452],[-110.9451,32.6843],[-110.9995,32.6836],[-110.9993,32.5984],[-111.0892,32.5985],[-111.0892,32.6128],[-111.1061,32.6128],[-111.1061,32.6272],[-111.1233,32.6272],[-111.1233,32.6419],[-111.1403,32.6419],[-111.1406,32.6561],[-111.1577,32.6559],[-111.1576,32.6711],[-111.1748,32.6712],[-111.1748,32.6855],[-111.1917,32.6855],[-111.1918,32.6999],[-111.2088,32.7002],[-111.2091,32.7145],[-111.2263,32.7144],[-111.2263,32.7288],[-111.2431,32.7291],[-111.2434,32.7438],[-111.2597,32.7441],[-111.2596,32.7626],[-111.3616,32.7629],[-111.3615,32.8497],[-111.4647,32.8506],[-111.4635,32.8904],[-111.4602,32.8904],[-111.4602,32.8854],[-111.4577,32.8854],[-111.4578,32.8831],[-111.4544,32.8831],[-111.4544,32.8867],[-111.4559,32.8867],[-111.4558,32.9086],[-111.4149,32.9086],[-111.415,32.9438],[-111.4221,32.9439],[-111.4214,32.9881],[-111.4384,32.9884],[-111.4388,33.0313],[-111.4561,33.0313],[-111.4557,33.017],[-111.4888,33.017],[-111.5159,33.0186],[-111.5163,33.0528],[-111.5773,33.1182],[-111.686,33.1177],[-111.6859,33.2046],[-111.5793,33.2053],[-111.5747,33.2064],[-111.5736,33.2054],[-111.5622,33.2052],[-111.2689,33.2059],[-111.269,33.2492],[-111.1639,33.2493]]]}},{"type":"Feature","properties":{"leaid":"0403010","name":"Flowing Wells Unified District","kind":"Unified","gradeLow":"PK","gradeHigh":"12","state":"AZ"},"geometry":{"type":"Polygon","coordinates":[[[-111.0299,32.3374],[-111.0289,32.3095],[-111.0213,32.3053],[-111.012,32.3029],[-110.9951,32.2943],[-110.9951,32.2868],[-110.9933,32.2868],[-110.9932,32.2761],[-110.9867,32.2753],[-110.9865,32.2503],[-110.9968,32.2505],[-111.0007,32.2564],[-111.0086,32.2574],[-111.0095,32.2626],[-111.0131,32.266],[-111.017,32.2739],[-111.0274,32.2779],[-111.0312,32.2875],[-111.036,32.2906],[-111.0381,32.2942],[-111.0628,32.2942],[-111.0629,32.3095],[-111.0668,32.3095],[-111.0629,32.3135],[-111.0631,32.3376],[-111.0299,32.3374]]]}},{"type":"Feature","properties":{"leaid":"0403040","name":"Fountain Hills Unified District","kind":"Unified","gradeLow":"PK","gradeHigh":"12","state":"AZ"},"geometry":{"type":"MultiPolygon","coordinates":[[[[-111.5885,33.5841],[-111.5889,33.5822],[-111.6141,33.5822],[-111.6048,33.5854],[-111.5969,33.5904],[-111.5926,33.5902],[-111.5943,33.5869],[-111.5885,33.5841]]],[[[-111.5836,33.6005],[-111.5836,33.5934],[-111.5919,33.5949],[-111.5866,33.601],[-111.5836,33.6005]]],[[[-111.6048,33.596],[-111.6076,33.5959],[-111.6077,33.6034],[-111.6046,33.6033],[-111.6048,33.596]]],[[[-111.5906,33.6037],[-111.5932,33.6018],[-111.5968,33.6037],[-111.6001,33.6024],[-111.6017,33.6033],[-111.598,33.6091],[-111.5933,33.6091],[-111.5899,33.6069],[-111.5906,33.6037]]],[[[-111.6141,33.626],[-111.6141,33.6099],[-111.6104,33.6093],[-111.611,33.5997],[-111.6142,33.599],[-111.6141,33.5951],[-111.6168,33.5922],[-111.6081,33.5911],[-111.6095,33.5852],[-111.6158,33.5833],[-111.6146,33.5879],[-111.6175,33.5883],[-111.6198,33.5827],[-111.6287,33.5823],[-111.6285,33.5859],[-111.6219,33.5921],[-111.6248,33.5962],[-111.6316,33.5968],[-111.6315,33.6113],[-111.6346,33.6114],[-111.6325,33.6259],[-111.6141,33.626]],[[-111.6195,33.5904],[-111.6174,33.5907],[-111.6179,33.5914],[-111.6195,33.5904]]],[[[-111.6985,33.6405],[-111.7084,33.5679],[-111.7701,33.5679],[-111.7701,33.5897],[-111.7614,33.5896],[-111.7614,33.5969],[-111.7701,33.5969],[-111.7702,33.6114],[-111.7873,33.6114],[-111.7874,33.6401],[-111.6985,33.6405]]]]}},{"type":"Feature","properties":{"leaid":"0403080","name":"Fredonia-Moccasin Unified District","kind":"Unified","gradeLow":"PK","gradeHigh":"12","state":"AZ"},"geometry":{"type":"Polygon","coordinates":[[[-112.9376,37.0003],[-111.4117,37.0015],[-111.4109,36.998],[-111.4067,36.9916],[-111.3894,36.9725],[-111.3884,36.9683],[-111.3905,36.9634],[-111.4032,36.9551],[-111.4109,36.9538],[-111.4134,36.9542],[-111.4196,36.9605],[-111.4336,36.9683],[-111.4399,36.9696],[-111.4445,36.9682],[-111.4476,36.9629],[-111.4444,36.9549],[-111.4439,36.9487],[-111.4454,36.9457],[-111.4497,36.9439],[-111.4578,36.945],[-111.4757,36.9534],[-111.4812,36.9548],[-111.4876,36.9539],[-111.4897,36.9511],[-111.4896,36.9467],[-111.4848,36.9406],[-111.4805,36.9304],[-111.4806,36.9254],[-111.488,36.9185],[-111.5007,36.9156],[-111.5012,36.9126],[-111.4996,36.9071],[-111.5018,36.9026],[-111.5071,36.9011],[-111.5208,36.9013],[-111.5233,36.9003],[-111.5248,36.8924],[-111.5301,36.8875],[-111.5281,36.8852],[-111.5166,36.8837],[-111.514,36.8812],[-111.515,36.8786],[-111.521,36.8768],[-111.5289,36.8793],[-111.5353,36.8797],[-111.5414,36.8788],[-111.5534,36.8729],[-111.5643,36.8752],[-111.5664,36.8736],[-111.5662,36.8696],[-111.5607,36.8633],[-111.5443,36.8495],[-111.544,36.8461],[-111.5454,36.8446],[-111.5509,36.8428],[-111.557,36.8444],[-111.5693,36.8429],[-111.5726,36.8454],[-111.5768,36.8546],[-111.5776,36.8615],[-111.5792,36.8639],[-111.5845,36.8653],[-111.5881,36.8649],[-111.593,36.8611],[-111.6,36.8589],[-111.6078,36.8507],[-111.6162,36.8489],[-111.6179,36.8347],[-111.6262,36.8284],[-111.6349,36.81],[-111.6444,36.8033],[-111.643,36.7947],[-111.648,36.7816],[-111.6546,36.7763],[-111.664,36.7629],[-111.6657,36.7557],[-111.6818,36.7489],[-111.6933,36.7408],[-111.6949,36.7295],[-111.6972,36.7273],[-111.7051,36.7245],[-111.708,36.721],[-111.709,36.7112],[-111.7122,36.6992],[-111.7142,36.6963],[-111.7177,36.6938],[-111.7303,36.6895],[-111.7372,36.6843],[-111.7397,36.6805],[-111.7413,36.6645],[-111.743,36.659],[-111.7475,36.6546],[-111.7608,36.6485],[-111.7619,36.6439],[-111.7611,36.6363],[-111.7642,36.6272],[-111.7597,36.6209],[-111.7583,36.6163],[-111.7586,36.6134],[-111.7639,36.6082],[-111.7661,36.6012],[-111.7721,36.5937],[-111.7901,36.579],[-111.7934,36.5768],[-111.8051,36.5731],[-111.8113,36.5678],[-111.8185,36.5567],[-111.8251,36.5492],[-111.8265,36.5378],[-111.828,36.5347],[-111.8313,36.5317],[-111.8346,36.531],[-111.846,36.521],[-111.8463,36.5176],[-111.8499,36.5108],[-111.8559,36.5052],[-111.8583,36.5012],[-111.8573,36.4988],[-111.8536,36.4972],[-111.8438,36.4962],[-111.8407,36.4931],[-111.8408,36.49],[-111.8475,36.4804],[-111.8386,36.4664],[-111.8357,36.4537],[-111.8393,36.4492],[-111.8485,36.4458],[-111.8517,36.4353],[-111.8634,36.4335],[-111.8697,36.4306],[-111.8711,36.4287],[-111.8714,36.4232],[-111.8683,36.416],[-111.8681,36.4124],[-111.883,36.4],[-111.8812,36.3948],[-111.8757,36.3924],[-111.8717,36.3925],[-111.859,36.3968],[-111.852,36.3963],[-111.8491,36.3946],[-111.847,36.3909],[-111.8473,36.389],[-111.8517,36.3851],[-111.8595,36.3843],[-111.8874,36.3771],[-111.8902,36.3747],[-111.8915,36.3707],[-111.8847,36.3619],[-111.8743,36.3541],[-111.87,36.3454],[-111.8608,36.3376],[-111.8584,36.3291],[-111.8634,36.3183],[-111.8646,36.3122],[-111.8623,36.3093],[-111.8558,36.3057],[-111.8558,36.3009],[-111.8588,36.2965],[-111.8447,36.2809],[-111.8392,36.277],[-111.8297,36.2644],[-111.8262,36.263],[-111.8244,36.2392],[-111.8206,36.2313],[-111.8143,36.2239],[-111.8089,36.2137],[-111.8008,36.203],[-111.7995,36.1948],[-111.8073,36.1892],[-111.814,36.1816],[-111.8152,36.1774],[-111.8121,36.1699],[-111.8113,36.1631],[-111.8163,36.1478],[-111.816,36.1411],[-111.8185,36.131],[-111.8299,36.1131],[-111.8266,36.1082],[-111.8275,36.1041],[-111.8296,36.1025],[-111.8328,36.1039],[-111.8386,36.1025],[-111.8411,36.101],[-111.8383,36.0979],[-111.8403,36.0944],[-111.8496,36.0935],[-111.8523,36.0894],[-111.8572,36.0873],[-111.8683,36.0877],[-111.8766,36.0859],[-111.8776,36.082],[-111.8712,36.0792],[-111.8706,36.0744],[-111.8808,36.0679],[-111.8915,36.0661],[-111.8949,36.06],[-111.9029,36.0519],[-111.9058,36.0461],[-111.917,36.0444],[-111.9217,36.0463],[-111.9329,36.0466],[-111.9457,36.0436],[-111.969,36.0501],[-111.9845,36.0504],[-111.9972,36.0555],[-112.019,36.0676],[-112.0318,36.0802],[-112.0478,36.0866],[-112.0563,36.0884],[-112.0737,36.0978],[-112.0809,36.1004],[-112.0884,36.1009],[-112.0944,36.0972],[-112.1046,36.101],[-112.1088,36.099],[-112.1122,36.0996],[-112.1175,36.0971],[-112.1248,36.0963],[-112.1319,36.098],[-112.1403,36.104],[-112.1471,36.1063],[-112.1576,36.1049],[-112.1661,36.0998],[-112.1756,36.0978],[-112.1845,36.0987],[-112.2006,36.0969],[-112.2158,36.1018],[-112.2284,36.1114],[-112.2339,36.127],[-112.2383,36.1328],[-112.2447,36.1349],[-112.2491,36.1388],[-112.2624,36.1456],[-112.274,36.1433],[-112.283,36.1444],[-112.2924,36.1473],[-112.301,36.1519],[-112.3064,36.1592],[-112.3067,36.1667],[-112.3102,36.1831],[-112.3209,36.1958],[-112.334,36.2163],[-112.34,36.2336],[-112.3432,36.2369],[-112.3526,36.237],[-112.3547,36.2408],[-112.3586,36.2431],[-112.3694,36.2422],[-112.3803,36.245],[-112.395,36.2435],[-112.4145,36.2352],[-112.4221,36.2271],[-112.4249,36.2065],[-112.4279,36.2026],[-112.4421,36.1981],[-112.4525,36.1985],[-112.4549,36.2004],[-112.4556,36.2037],[-112.4544,36.2143],[-112.4559,36.2256],[-112.4569,36.2293],[-112.4605,36.2337],[-112.4652,36.2374],[-112.4706,36.2396],[-112.5172,36.2451],[-112.5251,36.2508],[-112.5309,36.2629],[-112.5293,36.2669],[-112.5242,36.2705],[-112.5226,36.2739],[-112.5073,36.2804],[-112.5027,36.2841],[-112.5003,36.2871],[-112.4967,36.2988],[-112.4925,36.3046],[-112.4679,36.3228],[-112.4579,36.3334],[-112.4542,36.3423],[-112.4559,36.3559],[-112.4638,36.3667],[-112.4822,36.3775],[-112.4908,36.3803],[-112.5044,36.3871],[-112.5213,36.3912],[-112.5287,36.3961],[-112.5413,36.4001],[-112.5669,36.3994],[-112.5836,36.3954],[-112.6011,36.3969],[-112.6107,36.3928],[-112.6287,36.3918],[-112.6399,36.3888],[-112.6456,36.3852],[-112.6483,36.3817],[-112.651,36.3661],[-112.6532,36.3617],[-112.6684,36.3466],[-112.6816,36.3417],[-112.6857,36.3443],[-112.6893,36.3538],[-112.6975,36.3554],[-112.7226,36.3469],[-112.7265,36.342],[-112.724,36.333],[-112.7201,36.3252],[-112.7229,36.32],[-112.7251,36.3186],[-112.7318,36.3178],[-112.739,36.3199],[-112.7491,36.3254],[-112.7558,36.3243],[-112.7587,36.3207],[-112.7617,36.31],[-112.7661,36.3057],[-112.7717,36.3031],[-112.7827,36.303],[-112.7875,36.3008],[-112.7891,36.2977],[-112.7893,36.2891],[-112.7938,36.2844],[-112.7985,36.2839],[-112.8126,36.2886],[-112.8245,36.2883],[-112.8296,36.287],[-112.8377,36.2788],[-112.8437,36.2767],[-112.865,36.2824],[-112.8692,36.2823],[-112.8785,36.2763],[-112.8811,36.2683],[-112.8843,36.2638],[-112.8982,36.2548],[-112.9029,36.2538],[-112.9151,36.2581],[-112.9234,36.2577],[-112.9276,36.253],[-112.9301,36.2461],[-112.9353,36.2428],[-112.9823,36.2317],[-112.9816,36.3937],[-112.9827,36.5572],[-112.9917,36.5572],[-112.9905,36.7308],[-112.9177,36.731],[-112.9174,36.9035],[-112.9379,36.9033],[-112.9376,37.0003]]]}},{"type":"Feature","properties":{"leaid":"0403150","name":"Fort Huachuca Accommodation District","kind":"Unified","gradeLow":"PK","gradeHigh":"12","state":"AZ"},"geometry":{"type":"Polygon","coordinates":[[[-110.2057,31.6432],[-110.2067,31.6431],[-110.2067,31.6353],[-110.1912,31.6352],[-110.1895,31.6164],[-110.1896,31.6132],[-110.2063,31.6134],[-110.2066,31.5983],[-110.2235,31.5981],[-110.2238,31.5908],[-110.2406,31.591],[-110.2404,31.5839],[-110.2574,31.5839],[-110.2577,31.5767],[-110.2743,31.5764],[-110.2743,31.5694],[-110.3081,31.5694],[-110.3084,31.5573],[-110.2973,31.534],[-110.2719,31.5116],[-110.3028,31.4731],[-110.3076,31.4702],[-110.3088,31.4716],[-110.3127,31.4675],[-110.3155,31.467],[-110.3165,31.4649],[-110.3266,31.4632],[-110.329,31.4607],[-110.3324,31.4608],[-110.3366,31.4571],[-110.3355,31.4521],[-110.3377,31.4479],[-110.3365,31.446],[-110.3417,31.4409],[-110.3397,31.4361],[-110.3414,31.4347],[-110.3476,31.4357],[-110.3573,31.4345],[-110.3599,31.4355],[-110.366,31.435],[-110.3801,31.4502],[-110.3841,31.4502],[-110.388,31.4533],[-110.389,31.4588],[-110.3865,31.4616],[-110.3862,31.4709],[-110.3889,31.473],[-110.3883,31.4757],[-110.3951,31.4784],[-110.3914,31.4824],[-110.3925,31.4851],[-110.3988,31.4874],[-110.4045,31.4879],[-110.4083,31.4925],[-110.4109,31.4924],[-110.4126,31.4942],[-110.4145,31.4943],[-110.4189,31.4988],[-110.4193,31.5004],[-110.418,31.5018],[-110.4193,31.5056],[-110.4179,31.5066],[-110.4181,31.51],[-110.4132,31.5136],[-110.4182,31.5187],[-110.42,31.5185],[-110.4241,31.5217],[-110.4271,31.5224],[-110.429,31.5259],[-110.4328,31.528],[-110.4322,31.5303],[-110.4382,31.5364],[-110.438,31.5406],[-110.4421,31.5418],[-110.4491,31.55],[-110.4479,31.5545],[-110.449,31.5564],[-110.4468,31.6078],[-110.3369,31.6202],[-110.3338,31.614],[-110.3338,31.6201],[-110.3295,31.6202],[-110.3294,31.6351],[-110.3253,31.6352],[-110.3252,31.6431],[-110.3121,31.6432],[-110.3119,31.6542],[-110.2816,31.663],[-110.2823,31.665],[-110.2653,31.665],[-110.2653,31.6723],[-110.2396,31.6724],[-110.2395,31.6872],[-110.2058,31.6869],[-110.2057,31.6432]]]}},{"type":"Feature","properties":{"leaid":"0403200","name":"Fort Thomas Unified District","kind":"Unified","gradeLow":"PK","gradeHigh":"12","state":"AZ"},"geometry":{"type":"Polygon","coordinates":[[[-109.9048,33.5751],[-109.9053,33.3772],[-109.9419,33.3774],[-109.9419,33.3736],[-109.9372,33.0276],[-109.9329,33.0263],[-109.9329,33.0197],[-109.9278,33.0143],[-109.9273,33.0034],[-109.925,33.0034],[-109.9277,32.9955],[-109.9252,32.9954],[-109.9236,32.988],[-109.9208,32.988],[-109.9196,32.9522],[-109.9104,32.9522],[-109.9105,32.9481],[-109.9011,32.9482],[-109.9009,32.9439],[-110.2772,32.9438],[-110.2774,32.9513],[-110.286,32.9513],[-110.286,32.9589],[-110.2946,32.959],[-110.2951,32.973],[-110.3267,32.9729],[-110.3261,33.0305],[-110.3641,33.0317],[-110.3627,33.0013],[-110.4327,33.0017],[-110.4329,32.9874],[-110.4494,32.9874],[-110.449,33.1945],[-110.4464,33.1898],[-110.4369,33.1877],[-110.4356,33.1892],[-110.4326,33.1877],[-110.4297,33.191],[-110.4206,33.1936],[-110.4196,33.1911],[-110.4159,33.1925],[-110.4086,33.192],[-110.4064,33.1945],[-110.4059,33.1975],[-110.4026,33.1962],[-110.4005,33.1984],[-110.4031,33.2015],[-110.3985,33.2139],[-110.3989,33.2204],[-110.3939,33.2246],[-110.3897,33.2244],[-110.383,33.2188],[-110.3782,33.2167],[-110.3701,33.2189],[-110.3619,33.2181],[-110.3509,33.2131],[-110.3358,33.2147],[-110.3327,33.214],[-110.3283,33.2104],[-110.3162,33.2042],[-110.3111,33.2065],[-110.3117,33.2102],[-110.31,33.2182],[-110.3113,33.2205],[-110.3087,33.2316],[-110.31,33.2334],[-110.3079,33.235],[-110.309,33.2383],[-110.3075,33.2401],[-110.3075,33.2459],[-110.3098,33.2488],[-110.307,33.2521],[-110.3096,33.2539],[-110.3056,33.2588],[-110.3067,33.2659],[-110.3212,33.2712],[-110.3337,33.2795],[-110.3431,33.2838],[-110.352,33.2855],[-110.3708,33.2863],[-110.3703,33.2911],[-110.3654,33.3004],[-110.3539,33.3103],[-110.3379,33.3171],[-110.3276,33.3288],[-110.327,33.3317],[-110.3302,33.3509],[-110.3293,33.3536],[-110.2754,33.388],[-110.2562,33.3932],[-110.2278,33.3943],[-110.219,33.399],[-110.2032,33.4018],[-110.2039,33.4394],[-110.2008,33.4402],[-110.1978,33.443],[-110.1903,33.4417],[-110.1901,33.4431],[-110.1932,33.4473],[-110.1902,33.4518],[-110.1827,33.4467],[-110.1819,33.4497],[-110.1768,33.4484],[-110.169,33.4517],[-110.1695,33.4586],[-110.1678,33.4602],[-110.1695,33.4657],[-110.0006,33.4659],[-110.0006,33.5769],[-109.9975,33.5811],[-109.9951,33.5826],[-109.9886,33.5811],[-109.9834,33.5788],[-109.9811,33.5763],[-109.9695,33.5773],[-109.9669,33.5725],[-109.966,33.5788],[-109.9612,33.5796],[-109.9601,33.5726],[-109.9499,33.5732],[-109.9417,33.5685],[-109.937,33.5705],[-109.9233,33.5675],[-109.9151,33.5755],[-109.9048,33.5751]]]}},{"type":"Feature","properties":{"leaid":"0403310","name":"Gila Bend Unified District","kind":"Unified","gradeLow":"PK","gradeHigh":"12","state":"AZ"},"geometry":{"type":"Polygon","coordinates":[[[-113.0259,33.1162],[-112.5113,33.1161],[-112.5104,33.0201],[-112.5112,32.9426],[-112.513,32.9426],[-112.5119,32.5937],[-112.5207,32.5937],[-112.5207,32.5068],[-112.6252,32.5054],[-113.0281,32.5051],[-113.0281,32.5923],[-113.0218,32.5923],[-113.021,32.6145],[-113.0237,32.7733],[-113.0232,32.8836],[-112.9432,32.8827],[-112.7869,32.8844],[-112.7876,32.9709],[-112.8559,32.9704],[-112.8568,32.9992],[-112.9779,32.9982],[-112.9767,32.9411],[-113.0271,32.941],[-113.0259,33.1162]]]}},{"type":"Feature","properties":{"leaid":"0403400","name":"Gilbert Unified District","kind":"Unified","gradeLow":"PK","gradeHigh":"12","state":"AZ"},"geometry":{"type":"Polygon","coordinates":[[[-111.5843,33.3788],[-111.5837,33.3353],[-111.7381,33.3358],[-111.7383,33.3078],[-111.7363,33.3068],[-111.7383,33.3066],[-111.7379,33.2777],[-111.7893,33.2774],[-111.7898,33.3209],[-111.8068,33.3209],[-111.8069,33.3354],[-111.8417,33.3351],[-111.8426,33.3788],[-111.8316,33.3788],[-111.8317,33.386],[-111.7365,33.3864],[-111.7365,33.3792],[-111.5843,33.3788]]]}},{"type":"Feature","properties":{"leaid":"0403500","name":"Globe Unified District","kind":"Unified","gradeLow":"PK","gradeHigh":"12","state":"AZ"},"geometry":{"type":"Polygon","coordinates":[[[-110.7424,33.6839],[-110.694,33.5038],[-110.7381,33.2519],[-110.8606,33.2518],[-110.8606,33.2506],[-110.9162,33.2503],[-110.8762,33.2916],[-110.8634,33.3548],[-110.8607,33.3789],[-110.8364,33.3789],[-110.8182,33.3804],[-110.8172,33.3789],[-110.8083,33.3789],[-110.8086,33.4139],[-110.8095,33.415],[-110.8083,33.4226],[-110.8433,33.4224],[-110.8432,33.4278],[-110.8465,33.4287],[-110.8488,33.4313],[-110.8468,33.4326],[-110.847,33.4369],[-110.8606,33.437],[-110.8613,33.4555],[-110.86,33.4577],[-110.8606,33.4659],[-110.8625,33.4659],[-110.8624,33.4969],[-110.8794,33.4968],[-110.8968,33.555],[-110.8972,33.5698],[-110.8796,33.57],[-110.8795,33.6812],[-110.7733,33.6814],[-110.7734,33.684],[-110.7424,33.6839]]]}},{"type":"Feature","properties":{"leaid":"0403550","name":"Grand Canyon Unified District","kind":"Unified","gradeLow":"PK","gradeHigh":"12","state":"AZ"},"geometry":{"type":"Polygon","coordinates":[[[-111.7996,36.1938],[-111.7966,36.1922],[-111.7902,36.1924],[-111.7838,36.1898],[-111.7786,36.1917],[-111.7748,36.1981],[-111.7689,36.1961],[-111.7626,36.1984],[-111.7624,36.0067],[-111.7604,36.0067],[-111.7615,35.9745],[-111.7607,35.9341],[-112.1137,35.9338],[-112.1148,35.7621],[-112.2522,35.7623],[-112.2551,35.7641],[-112.2642,35.7624],[-112.3286,35.7628],[-112.3286,35.9059],[-112.3309,35.9587],[-112.329,36.0204],[-112.3287,36.2081],[-112.3209,36.1958],[-112.3107,36.1842],[-112.3084,36.177],[-112.3064,36.1592],[-112.301,36.1519],[-112.2924,36.1473],[-112.283,36.1444],[-112.274,36.1433],[-112.2624,36.1456],[-112.2491,36.1388],[-112.2447,36.1349],[-112.2383,36.1328],[-112.2339,36.127],[-112.2284,36.1114],[-112.2158,36.1018],[-112.2006,36.0969],[-112.1845,36.0987],[-112.1756,36.0978],[-112.1661,36.0998],[-112.1576,36.1049],[-112.1471,36.1063],[-112.1403,36.104],[-112.1319,36.098],[-112.1248,36.0963],[-112.1175,36.0971],[-112.1122,36.0996],[-112.1088,36.099],[-112.1046,36.101],[-112.0944,36.0972],[-112.0884,36.1009],[-112.0809,36.1004],[-112.0737,36.0978],[-112.0563,36.0884],[-112.0478,36.0866],[-112.0318,36.0802],[-112.019,36.0676],[-111.9972,36.0555],[-111.9834,36.05],[-111.969,36.0501],[-111.9457,36.0436],[-111.9329,36.0466],[-111.9217,36.0463],[-111.917,36.0444],[-111.9058,36.0461],[-111.9029,36.0519],[-111.8949,36.06],[-111.8915,36.0661],[-111.8808,36.0679],[-111.8706,36.0744],[-111.8712,36.0792],[-111.8776,36.082],[-111.8766,36.0859],[-111.8683,36.0877],[-111.8572,36.0873],[-111.8523,36.0894],[-111.8496,36.0935],[-111.8403,36.0944],[-111.8383,36.0979],[-111.8411,36.101],[-111.8386,36.1025],[-111.8328,36.1039],[-111.8306,36.1025],[-111.8282,36.1033],[-111.8263,36.1068],[-111.8299,36.1131],[-111.8185,36.131],[-111.816,36.1411],[-111.8163,36.1478],[-111.8113,36.1631],[-111.8121,36.1699],[-111.8152,36.1774],[-111.814,36.1816],[-111.8024,36.1934],[-111.7996,36.1938]]]}},{"type":"Feature","properties":{"leaid":"0403730","name":"Hayden-Winkelman Unified District","kind":"Unified","gradeLow":"PK","gradeHigh":"12","state":"AZ"},"geometry":{"type":"Polygon","coordinates":[[[-110.5319,33.1695],[-110.5343,33.1677],[-110.5344,33.1647],[-110.53,33.1616],[-110.5268,33.1637],[-110.5239,33.1617],[-110.525,33.1596],[-110.5284,33.1586],[-110.5344,33.1606],[-110.5407,33.1638],[-110.5427,33.1684],[-110.545,33.1692],[-110.5478,33.1654],[-110.5475,33.163],[-110.5501,33.1581],[-110.5497,33.1531],[-110.5526,33.1526],[-110.556,33.1553],[-110.5587,33.1553],[-110.5618,33.1529],[-110.5621,33.1488],[-110.5637,33.1478],[-110.567,33.1481],[-110.569,33.1448],[-110.575,33.1445],[-110.5794,33.1471],[-110.5818,33.1468],[-110.581,33.1442],[-110.5846,33.1421],[-110.587,33.1373],[-110.5904,33.1352],[-110.5961,33.1337],[-110.5978,33.1348],[-110.5987,33.1379],[-110.6015,33.1379],[-110.6113,33.1431],[-110.6207,33.144],[-110.6336,33.1426],[-110.6377,33.1382],[-110.639,33.1331],[-110.6436,33.1298],[-110.6565,33.1137],[-110.6595,33.1125],[-110.6621,33.1136],[-110.6628,33.1151],[-110.6617,33.1166],[-110.6633,33.1194],[-110.6662,33.12],[-110.6691,33.118],[-110.6728,33.1116],[-110.6746,33.1106],[-110.6761,33.112],[-110.678,33.1112],[-110.6798,33.1012],[-110.6832,33.1001],[-110.6836,33.0987],[-110.6825,33.0933],[-110.6831,33.0882],[-110.6911,33.089],[-110.695,33.0869],[-110.6946,33.0853],[-110.6911,33.0852],[-110.689,33.0837],[-110.6883,33.0812],[-110.69,33.0785],[-110.6933,33.0771],[-110.7044,33.0835],[-110.7067,33.0837],[-110.7086,33.0833],[-110.7086,33.0819],[-110.7116,33.0816],[-110.7127,33.078],[-110.7178,33.0758],[-110.7211,33.0762],[-110.7214,33.073],[-110.7257,33.0694],[-110.7249,33.0659],[-110.7209,33.061],[-110.716,33.0506],[-110.7154,33.0447],[-110.7165,33.0409],[-110.722,33.0432],[-110.7251,33.0419],[-110.7291,33.0355],[-110.7276,33.0329],[-110.7282,33.0295],[-110.7317,33.0249],[-110.738,33.0223],[-110.7388,33.0195],[-110.745,33.0175],[-110.7459,33.0154],[-110.745,33.0136],[-110.7468,33.0107],[-110.7513,33.0107],[-110.7543,33.0064],[-110.7638,33.0049],[-110.7652,33.0022],[-110.7637,32.9923],[-110.7651,32.9862],[-110.7685,32.9848],[-110.7807,32.9837],[-110.7831,32.9847],[-110.9344,33.2305],[-110.9162,33.2503],[-110.8606,33.2506],[-110.8606,33.2518],[-110.7381,33.2519],[-110.7528,33.1706],[-110.5319,33.1695]]]}},{"type":"Feature","properties":{"leaid":"0403780","name":"Higley Unified District","kind":"Unified","gradeLow":"PK","gradeHigh":"12","state":"AZ"},"geometry":{"type":"Polygon","coordinates":[[[-111.67,33.336],[-111.669,33.2487],[-111.7032,33.2485],[-111.7032,33.2449],[-111.7054,33.2449],[-111.7054,33.2481],[-111.7381,33.2486],[-111.7383,33.3066],[-111.7363,33.3068],[-111.7383,33.3078],[-111.7381,33.3358],[-111.67,33.336]]]}},{"type":"Feature","properties":{"leaid":"0403820","name":"Holbrook Unified District","kind":"Unified","gradeLow":"PK","gradeHigh":"12","state":"AZ"},"geometry":{"type":"Polygon","coordinates":[[[-109.8267,35.6054],[-109.827,35.5178],[-109.8438,35.5179],[-109.844,35.1994],[-109.8437,35.1702],[-109.8429,35.1702],[-109.8448,35.0852],[-109.845,35.0],[-109.8434,34.9523],[-109.8449,34.9118],[-109.8446,34.8226],[-109.8519,34.8225],[-109.8507,34.6462],[-109.8676,34.6446],[-109.9115,34.6452],[-109.9437,34.643],[-110.0642,34.6436],[-110.2742,34.6417],[-110.2745,34.8212],[-110.2703,34.8212],[-110.2699,34.9176],[-110.2787,34.927],[-110.283,34.9299],[-110.2761,34.9261],[-110.2662,34.9164],[-110.2659,34.913],[-110.2594,34.901],[-110.257,34.9005],[-110.2473,34.9025],[-110.2433,34.9009],[-110.2402,34.9026],[-110.2255,34.8968],[-110.1988,34.8979],[-110.1988,35.1704],[-110.1912,35.1704],[-110.1912,35.344],[-110.3462,35.3443],[-110.3489,35.3457],[-110.3681,35.3453],[-110.3681,35.4681],[-110.3671,35.4867],[-110.3686,35.4938],[-110.3683,35.5189],[-110.3593,35.5189],[-110.3593,35.6057],[-110.0679,35.6054],[-110.0683,35.6036],[-110.0529,35.6022],[-110.0526,35.6055],[-109.9473,35.6057],[-109.9414,35.6113],[-109.94,35.6113],[-109.9308,35.6037],[-109.8958,35.6053],[-109.8267,35.6054]]]}},{"type":"Feature","properties":{"leaid":"0403990","name":"J. O. Combs Unified School District","kind":"Unified","gradeLow":"KG","gradeHigh":"12","state":"AZ"},"geometry":{"type":"Polygon","coordinates":[[[-111.3754,33.2783],[-111.3755,33.2495],[-111.3925,33.2493],[-111.3924,33.206],[-111.5622,33.2052],[-111.5736,33.2054],[-111.5747,33.2064],[-111.5826,33.2054],[-111.5833,33.2926],[-111.3929,33.2928],[-111.3927,33.2782],[-111.3754,33.2783]]]}},{"type":"Feature","properties":{"leaid":"0404060","name":"Kayenta Unified District","kind":"Unified","gradeLow":"PK","gradeHigh":"12","state":"AZ"},"geometry":{"type":"Polygon","coordinates":[[[-110.0007,36.9983],[-110.0007,36.2984],[-110.2189,36.2985],[-110.239,36.305],[-110.2486,36.2988],[-110.2516,36.2985],[-110.7507,36.2984],[-110.7507,37.003],[-110.4903,37.0036],[-110.4697,36.9977],[-110.0007,36.9983]]]}},{"type":"Feature","properties":{"leaid":"0404280","name":"Lake Havasu Unified District","kind":"Unified","gradeLow":"PK","gradeHigh":"12","state":"AZ"},"geometry":{"type":"Polygon","coordinates":[[[-114.1933,34.6211],[-114.1943,34.5546],[-114.1935,34.4845],[-114.2048,34.484],[-114.2052,34.4791],[-114.2033,34.4545],[-114.2035,34.4191],[-114.1929,34.4191],[-114.1933,34.3574],[-114.1995,34.3614],[-114.2138,34.3625],[-114.2261,34.3659],[-114.2297,34.3689],[-114.2343,34.3767],[-114.2453,34.3857],[-114.2527,34.3901],[-114.2643,34.4013],[-114.2801,34.4031],[-114.2868,34.4053],[-114.2912,34.4098],[-114.2922,34.4176],[-114.2948,34.4214],[-114.301,34.4268],[-114.3123,34.4327],[-114.3191,34.4358],[-114.3261,34.4373],[-114.3307,34.4453],[-114.3354,34.45],[-114.3426,34.4514],[-114.3737,34.4469],[-114.3867,34.4579],[-114.3872,34.462],[-114.3817,34.476],[-114.383,34.4889],[-114.3824,34.4958],[-114.3781,34.5073],[-114.3782,34.5165],[-114.3808,34.5297],[-114.4052,34.5696],[-114.4224,34.5807],[-114.4357,34.5938],[-114.4364,34.5968],[-114.4253,34.6008],[-114.4243,34.6023],[-114.4242,34.6105],[-114.4389,34.6223],[-114.4045,34.6218],[-114.4041,34.7615],[-114.3517,34.7615],[-114.3505,34.622],[-114.1933,34.6211]]]}},{"type":"Feature","properties":{"leaid":"0404410","name":"Littlefield Unified District","kind":"Unified","gradeLow":"PK","gradeHigh":"12","state":"AZ"},"geometry":{"type":"Polygon","coordinates":[[[-113.321,37.0],[-113.3208,36.9139],[-113.3153,36.9139],[-113.3138,36.5573],[-113.3071,36.5573],[-113.3066,36.4692],[-113.1266,36.469],[-113.0909,36.4701],[-113.0917,36.2096],[-113.1251,36.2095],[-113.1249,36.1711],[-113.1258,36.1705],[-113.1371,36.1664],[-113.1397,36.1674],[-113.1432,36.1716],[-113.146,36.173],[-113.1569,36.1743],[-113.1651,36.1703],[-113.1667,36.1669],[-113.1728,36.1626],[-113.1992,36.1514],[-113.2013,36.1496],[-113.2009,36.1441],[-113.2036,36.1397],[-113.2053,36.1332],[-113.2017,36.119],[-113.2158,36.1076],[-113.2184,36.0994],[-113.2249,36.0911],[-113.2311,36.0895],[-113.2463,36.0933],[-113.2572,36.0885],[-113.2792,36.0973],[-113.3006,36.0957],[-113.3103,36.1],[-113.3134,36.1],[-113.32,36.0968],[-113.3237,36.0908],[-113.3262,36.0784],[-113.3308,36.0683],[-113.3473,36.0552],[-113.352,36.0475],[-113.3542,36.0404],[-113.3517,36.0343],[-113.3484,36.0131],[-113.3438,36.01],[-113.3427,36.0061],[-113.3401,36.0033],[-113.3414,35.9907],[-113.3398,35.9851],[-113.3328,35.9785],[-113.3218,35.9759],[-113.3194,35.9739],[-113.3173,35.9686],[-113.319,35.9658],[-113.3174,35.9608],[-113.3257,35.955],[-113.3287,35.9501],[-113.3255,35.9399],[-113.3255,35.9347],[-113.3281,35.9301],[-113.3288,35.926],[-113.3341,35.9187],[-113.3348,35.9139],[-113.3324,35.9106],[-113.3279,35.9077],[-113.3239,35.9026],[-113.3228,35.8987],[-113.3101,35.892],[-113.3093,35.8854],[-113.3128,35.8725],[-113.3106,35.8624],[-113.315,35.8545],[-113.3264,35.842],[-113.3271,35.8334],[-113.3258,35.8298],[-113.3333,35.8217],[-113.3322,35.817],[-113.3295,35.813],[-113.3368,35.7974],[-113.3374,35.7935],[-113.3416,35.7879],[-113.3579,35.7759],[-113.3687,35.7713],[-113.3701,35.7689],[-113.3777,35.7634],[-113.3806,35.758],[-113.385,35.7539],[-113.4196,35.7508],[-113.4373,35.753],[-113.4692,35.7649],[-113.4864,35.7667],[-113.4999,35.7656],[-113.511,35.7663],[-113.5142,35.7675],[-113.5283,35.7784],[-113.5434,35.7956],[-113.5529,35.7989],[-113.5631,35.8043],[-113.5665,35.8095],[-113.5696,35.8216],[-113.577,35.8284],[-113.6059,35.8495],[-113.6116,35.8497],[-113.6159,35.846],[-113.619,35.8369],[-113.6259,35.8293],[-113.6282,35.8224],[-113.6318,35.8196],[-113.6367,35.819],[-113.6474,35.8239],[-113.6562,35.8363],[-113.6552,35.8441],[-113.6559,35.8484],[-113.6638,35.8556],[-113.6688,35.8658],[-113.6757,35.8689],[-113.6811,35.8749],[-113.6941,35.8781],[-113.708,35.8796],[-113.7134,35.8854],[-113.7122,35.8941],[-113.7166,35.9039],[-113.7167,35.9074],[-113.7143,35.9174],[-113.7138,35.9279],[-113.7221,35.9392],[-113.7256,35.9404],[-113.7378,35.9397],[-113.7397,35.9406],[-113.7411,35.9475],[-113.7377,35.9561],[-113.7496,35.9686],[-113.7567,35.9675],[-113.7656,35.9701],[-113.7692,35.9727],[-113.7713,35.9787],[-113.7768,35.985],[-113.7797,35.9912],[-113.7811,36.0021],[-113.7847,36.0113],[-113.7824,36.0243],[-113.7832,36.0261],[-113.7863,36.0282],[-113.7956,36.0292],[-113.8106,36.0484],[-113.8209,36.0477],[-113.8464,36.0498],[-113.8695,36.0547],[-113.8804,36.0594],[-113.8895,36.0659],[-113.8936,36.0714],[-113.8954,36.0772],[-113.8946,36.0871],[-113.8977,36.0921],[-113.9143,36.0933],[-113.9221,36.0969],[-113.9233,36.0985],[-113.9277,36.1223],[-113.9331,36.1311],[-113.9572,36.1321],[-113.97,36.1291],[-113.9766,36.1236],[-113.9813,36.1247],[-113.9851,36.1279],[-113.9889,36.1394],[-113.9877,36.1483],[-113.984,36.1601],[-113.985,36.1658],[-113.9867,36.1711],[-113.9896,36.1741],[-114.0023,36.1809],[-114.0017,36.1924],[-114.0067,36.1959],[-114.009,36.196],[-114.0144,36.1948],[-114.0245,36.189],[-114.0296,36.1883],[-114.0439,36.1934],[-114.0438,36.2451],[-114.0456,36.2888],[-114.0441,36.3176],[-114.0447,36.3463],[-114.043,36.3859],[-114.0428,36.4482],[-114.0456,36.5211],[-114.0499,36.7095],[-114.0506,37.0002],[-113.321,37.0]]]}},{"type":"Feature","properties":{"leaid":"0404570","name":"Mammoth-San Manuel Unified District","kind":"Unified","gradeLow":"PK","gradeHigh":"12","state":"AZ"},"geometry":{"type":"Polygon","coordinates":[[[-110.4485,32.7712],[-110.4492,32.514],[-110.6529,32.5138],[-110.6526,32.6273],[-110.6497,32.6273],[-110.6526,32.6359],[-110.6526,32.6701],[-110.7556,32.6697],[-110.7555,32.7714],[-110.6959,32.7714],[-110.6612,32.7729],[-110.6266,32.7712],[-110.4485,32.7712]]]}},{"type":"Feature","properties":{"leaid":"0404720","name":"Maricopa Unified School District","kind":"Unified","gradeLow":"PK","gradeHigh":"12","state":"AZ"},"geometry":{"type":"Polygon","coordinates":[[[-111.9276,33.029],[-111.962,33.029],[-111.963,32.9699],[-111.9968,32.9694],[-112.0136,32.9712],[-112.0394,32.9712],[-112.1,32.9696],[-112.1,32.9423],[-112.2035,32.9417],[-112.2021,33.1167],[-112.1878,33.1177],[-111.9615,33.1177],[-111.9619,33.0654],[-111.9273,33.0655],[-111.9276,33.029]]]}},{"type":"Feature","properties":{"leaid":"0404820","name":"Mayer Unified District","kind":"Unified","gradeLow":"PK","gradeHigh":"12","state":"AZ"},"geometry":{"type":"Polygon","coordinates":[[[-111.9853,34.4564],[-111.9856,34.3695],[-111.7751,34.3688],[-111.7753,34.2822],[-111.6853,34.2817],[-111.683,34.2794],[-111.6801,34.2709],[-111.6779,34.2707],[-111.6762,34.269],[-111.6781,34.2663],[-111.6801,34.2658],[-111.6816,34.2616],[-111.6905,34.2597],[-111.6903,34.2561],[-111.6941,34.2534],[-111.6979,34.2474],[-111.698,34.2451],[-111.6939,34.243],[-111.7008,34.2393],[-111.7001,34.2336],[-111.6981,34.23],[-111.7033,34.2288],[-111.7043,34.2273],[-111.7029,34.221],[-111.705,34.2179],[-111.7051,34.2125],[-111.6956,34.2108],[-111.6944,34.2077],[-111.6906,34.2051],[-111.6902,34.2],[-111.6959,34.1932],[-111.7002,34.1932],[-111.7022,34.1977],[-111.708,34.1997],[-111.7111,34.1999],[-111.712,34.1971],[-111.7069,34.1914],[-111.7096,34.1895],[-111.7099,34.1874],[-111.7066,34.1869],[-111.7022,34.1897],[-111.6975,34.1902],[-111.6942,34.1872],[-111.6945,34.182],[-111.6971,34.1809],[-111.6996,34.1827],[-111.7046,34.1823],[-111.706,34.1795],[-111.7056,34.1758],[-111.7146,34.1658],[-111.7206,34.1628],[-111.7201,34.1597],[-111.7135,34.1542],[-111.712,34.1511],[-111.6484,34.1511],[-111.6491,34.1458],[-111.6449,34.1456],[-111.6428,34.1511],[-111.477,34.1509],[-111.4828,34.1458],[-111.4834,34.1415],[-111.4886,34.1394],[-111.4911,34.1367],[-111.4928,34.1324],[-111.4912,34.1307],[-111.4814,34.1315],[-111.4788,34.1299],[-111.4812,34.1249],[-111.4812,34.1213],[-111.4797,34.119],[-111.4743,34.1185],[-111.4739,34.1144],[-111.4708,34.1116],[-111.4753,34.1049],[-111.4782,34.1034],[-111.4786,34.101],[-111.4825,34.0992],[-111.4854,34.0949],[-111.4812,34.0925],[-111.48,34.088],[-111.4773,34.0867],[-111.4783,34.0838],[-111.4759,34.0825],[-111.4754,34.0804],[-111.4638,34.0724],[-111.4638,34.0692],[-111.4606,34.066],[-111.4606,34.063],[-111.4621,34.0593],[-111.4681,34.0595],[-111.4719,34.058],[-111.4718,34.0543],[-111.468,34.0477],[-111.472,34.0415],[-111.4786,34.0395],[-111.4801,34.0406],[-111.4829,34.0401],[-111.4857,34.0357],[-111.4926,34.0377],[-111.4941,34.0319],[-111.497,34.0288],[-111.4944,34.0238],[-111.4967,34.0181],[-111.4953,34.0141],[-111.4998,34.0086],[-111.4988,34.0042],[-111.496,34.0033],[-111.4963,34.0017],[-111.4947,34.0],[-111.7263,34.0],[-112.0995,34.0411],[-112.0978,34.1367],[-112.0981,34.1939],[-112.098,34.197],[-112.0936,34.1969],[-112.0943,34.2411],[-112.1994,34.2397],[-112.1995,34.3424],[-112.3778,34.3463],[-112.3777,34.3752],[-112.3607,34.3754],[-112.3612,34.4707],[-112.2644,34.4698],[-112.2033,34.4709],[-112.2032,34.4858],[-112.1444,34.4857],[-112.1443,34.4562],[-111.9853,34.4564]]]}},{"type":"Feature","properties":{"leaid":"0404970","name":"Mesa Unified District","kind":"Unified","gradeLow":"PK","gradeHigh":"12","state":"AZ"},"geometry":{"type":"Polygon","coordinates":[[[-111.5808,33.5673],[-111.5807,33.3787],[-111.7365,33.3792],[-111.7365,33.3864],[-111.8317,33.386],[-111.8316,33.3788],[-111.8426,33.3788],[-111.8417,33.3351],[-111.8935,33.3349],[-111.8946,33.3638],[-111.8942,33.3785],[-111.892,33.3785],[-111.8919,33.4148],[-111.8847,33.4148],[-111.8786,33.42],[-111.8743,33.4244],[-111.8742,33.4309],[-111.8747,33.4513],[-111.892,33.4512],[-111.8917,33.5021],[-111.874,33.5022],[-111.874,33.5168],[-111.8222,33.517],[-111.8217,33.5096],[-111.7874,33.5098],[-111.7872,33.4954],[-111.7355,33.4954],[-111.7355,33.5099],[-111.7181,33.5099],[-111.7181,33.5244],[-111.6827,33.5244],[-111.6824,33.5673],[-111.5808,33.5673]]]}},{"type":"Feature","properties":{"leaid":"0405320","name":"Morenci Unified District","kind":"Unified","gradeLow":"PK","gradeHigh":"12","state":"AZ"},"geometry":{"type":"Polygon","coordinates":[[[-109.0474,33.2404],[-109.0475,32.9764],[-109.4254,32.9768],[-109.4957,33.0784],[-109.4957,33.1805],[-109.3398,33.1803],[-109.3399,33.2092],[-109.2374,33.2093],[-109.1903,33.2106],[-109.1824,33.2088],[-109.1795,33.2062],[-109.1763,33.2058],[-109.1743,33.2072],[-109.1719,33.2046],[-109.1693,33.209],[-109.1641,33.2068],[-109.1557,33.2091],[-109.1489,33.2057],[-109.149,33.1989],[-109.1465,33.1952],[-109.143,33.1963],[-109.1386,33.2011],[-109.1363,33.2007],[-109.1347,33.2066],[-109.133,33.2082],[-109.1267,33.2074],[-109.127,33.2111],[-109.125,33.2127],[-109.129,33.2188],[-109.1243,33.2208],[-109.1217,33.2203],[-109.1192,33.2227],[-109.1134,33.2243],[-109.1118,33.2287],[-109.1142,33.231],[-109.112,33.2335],[-109.1096,33.2334],[-109.1076,33.231],[-109.1061,33.2311],[-109.1039,33.2362],[-109.0963,33.234],[-109.095,33.2367],[-109.0923,33.2383],[-109.0837,33.236],[-109.0821,33.2343],[-109.0754,33.239],[-109.0721,33.2348],[-109.0696,33.235],[-109.0678,33.2381],[-109.061,33.2391],[-109.0582,33.2391],[-109.0503,33.2357],[-109.0474,33.2404]]]}},{"type":"Feature","properties":{"leaid":"0405460","name":"Nadaburg Unified School District","kind":"Unified","gradeLow":"PK","gradeHigh":"12","state":"AZ"},"geometry":{"type":"Polygon","coordinates":[[[-112.3764,33.9077],[-112.3762,33.8975],[-112.3774,33.897],[-112.3772,33.7675],[-112.4122,33.7676],[-112.4123,33.7247],[-112.5129,33.7241],[-112.513,33.6969],[-112.608,33.6969],[-112.6079,33.7241],[-112.6209,33.724],[-112.6203,33.7822],[-112.5336,33.7822],[-112.5336,33.8547],[-112.4296,33.8545],[-112.4296,33.8982],[-112.428,33.8982],[-112.4279,33.9207],[-112.3764,33.9077]]]}},{"type":"Feature","properties":{"leaid":"0405530","name":"Nogales Unified District","kind":"Unified","gradeLow":"PK","gradeHigh":"12","state":"AZ"},"geometry":{"type":"Polygon","coordinates":[[[-111.1631,31.4209],[-110.9241,31.42],[-110.9241,31.4055],[-110.9072,31.4056],[-110.9071,31.3911],[-110.89,31.3911],[-110.8894,31.3958],[-110.8818,31.3911],[-110.8818,31.3879],[-110.8774,31.3879],[-110.8774,31.3857],[-110.8818,31.3843],[-110.8856,31.3784],[-110.8902,31.3767],[-110.8907,31.3333],[-111.075,31.3323],[-111.3664,31.4261],[-111.3669,31.5214],[-111.1837,31.5208],[-111.1637,31.5217],[-111.1649,31.4932],[-111.1631,31.4209]]]}},{"type":"Feature","properties":{"leaid":"0405820","name":"Page Unified District","kind":"Unified","gradeLow":"PK","gradeHigh":"12","state":"AZ"},"geometry":{"type":"Polygon","coordinates":[[[-110.7507,37.003],[-110.7507,36.5586],[-111.0096,36.5592],[-111.0306,36.5588],[-111.047,36.5533],[-111.0574,36.5558],[-111.0587,36.5588],[-111.0597,36.5589],[-111.1568,36.559],[-111.1728,36.5601],[-111.2056,36.5589],[-111.359,36.5591],[-111.3588,36.4534],[-111.357,36.3845],[-111.8529,36.3848],[-111.8473,36.389],[-111.847,36.3909],[-111.8504,36.3958],[-111.859,36.3968],[-111.8735,36.3922],[-111.8783,36.393],[-111.8825,36.3964],[-111.8824,36.4013],[-111.8716,36.4087],[-111.8681,36.4124],[-111.8683,36.416],[-111.8714,36.4232],[-111.8711,36.4287],[-111.8697,36.4306],[-111.8634,36.4335],[-111.8517,36.4353],[-111.8485,36.4458],[-111.8393,36.4492],[-111.8357,36.4537],[-111.8386,36.4664],[-111.8475,36.4804],[-111.8408,36.49],[-111.8407,36.4931],[-111.8438,36.4962],[-111.8536,36.4972],[-111.8573,36.4988],[-111.8583,36.5012],[-111.8568,36.504],[-111.8499,36.5108],[-111.8463,36.5176],[-111.846,36.521],[-111.8346,36.531],[-111.8313,36.5317],[-111.828,36.5347],[-111.8265,36.5378],[-111.8251,36.5492],[-111.8185,36.5567],[-111.8113,36.5678],[-111.8051,36.5731],[-111.7934,36.5768],[-111.7901,36.579],[-111.7721,36.5937],[-111.7661,36.6012],[-111.7639,36.6082],[-111.7586,36.6134],[-111.7583,36.6163],[-111.7597,36.6209],[-111.7642,36.6272],[-111.7611,36.6363],[-111.7619,36.6439],[-111.7608,36.6485],[-111.7475,36.6546],[-111.743,36.659],[-111.7413,36.6645],[-111.7397,36.6805],[-111.7372,36.6843],[-111.7303,36.6895],[-111.7177,36.6938],[-111.7142,36.6963],[-111.7122,36.6992],[-111.709,36.7112],[-111.708,36.721],[-111.7051,36.7245],[-111.6972,36.7273],[-111.6949,36.7295],[-111.6933,36.7408],[-111.6818,36.7489],[-111.6657,36.7557],[-111.664,36.7629],[-111.6546,36.7763],[-111.648,36.7816],[-111.643,36.7947],[-111.6444,36.8033],[-111.6349,36.81],[-111.6262,36.8284],[-111.6179,36.8347],[-111.6162,36.8489],[-111.6078,36.8507],[-111.6,36.8589],[-111.593,36.8611],[-111.5881,36.8649],[-111.5845,36.8653],[-111.5792,36.8639],[-111.5776,36.8615],[-111.5768,36.8546],[-111.5726,36.8454],[-111.5693,36.8429],[-111.557,36.8444],[-111.5509,36.8428],[-111.5454,36.8446],[-111.544,36.8461],[-111.5443,36.8495],[-111.5607,36.8633],[-111.5662,36.8696],[-111.5664,36.8736],[-111.5643,36.8752],[-111.5534,36.8729],[-111.5414,36.8788],[-111.5353,36.8797],[-111.5289,36.8793],[-111.521,36.8768],[-111.515,36.8786],[-111.514,36.8812],[-111.5166,36.8837],[-111.5281,36.8852],[-111.5301,36.8875],[-111.5248,36.8924],[-111.5233,36.9003],[-111.5208,36.9013],[-111.5071,36.9011],[-111.5018,36.9026],[-111.4996,36.9071],[-111.5012,36.9126],[-111.5007,36.9156],[-111.488,36.9185],[-111.4806,36.9254],[-111.4805,36.9304],[-111.4848,36.9406],[-111.4896,36.9467],[-111.4897,36.9511],[-111.4876,36.9539],[-111.4812,36.9548],[-111.4757,36.9534],[-111.4578,36.945],[-111.4497,36.9439],[-111.4454,36.9457],[-111.4439,36.9487],[-111.4444,36.9549],[-111.4476,36.9629],[-111.4445,36.9682],[-111.4399,36.9696],[-111.4336,36.9683],[-111.4196,36.9605],[-111.4134,36.9542],[-111.4109,36.9538],[-111.4032,36.9551],[-111.3905,36.9634],[-111.3884,36.9683],[-111.3894,36.9725],[-111.4067,36.9916],[-111.4109,36.998],[-111.4117,37.0015],[-111.1506,37.001],[-111.065,37.0023],[-110.7507,37.003]]]}},{"type":"Feature","properties":{"leaid":"0405930","name":"Paradise Valley Unified District","kind":"Unified","gradeLow":"PK","gradeHigh":"12","state":"AZ"},"geometry":{"type":"Polygon","coordinates":[[[-111.8906,33.7267],[-111.8914,33.5965],[-111.9958,33.5971],[-111.9961,33.5537],[-112.0393,33.5535],[-112.0398,33.558],[-112.0441,33.5554],[-112.048,33.555],[-112.0478,33.5822],[-112.0651,33.5822],[-112.0655,33.6403],[-112.0828,33.6402],[-112.0829,33.6685],[-112.0485,33.6689],[-112.0493,33.6723],[-112.0539,33.6774],[-112.0514,33.681],[-112.05,33.681],[-112.0485,33.6844],[-112.048,33.7264],[-111.8906,33.7267]]]}},{"type":"Feature","properties":{"leaid":"0405980","name":"Parker Unified School District","kind":"Unified","gradeLow":"PK","gradeHigh":"12","state":"AZ"},"geometry":{"type":"Polygon","coordinates":[[[-113.6651,34.213],[-113.6655,34.0702],[-113.9799,34.0703],[-113.9798,34.1251],[-114.0438,34.1249],[-114.0452,34.1234],[-114.0512,34.1252],[-114.2123,34.1259],[-114.2273,34.1232],[-114.2201,34.1058],[-114.2508,34.0259],[-114.3485,33.7812],[-114.353,33.75],[-114.3545,33.746],[-114.3626,33.6802],[-114.4766,33.6802],[-114.4769,33.6361],[-114.4941,33.6387],[-114.5249,33.6387],[-114.5254,33.6407],[-114.5332,33.6484],[-114.5332,33.6517],[-114.5306,33.6545],[-114.5252,33.6559],[-114.5183,33.6559],[-114.5146,33.658],[-114.5141,33.6602],[-114.5171,33.6629],[-114.5264,33.6639],[-114.5303,33.6668],[-114.5321,33.6697],[-114.5303,33.6792],[-114.524,33.6859],[-114.5191,33.6885],[-114.4965,33.6969],[-114.4942,33.7079],[-114.4966,33.7192],[-114.5008,33.7222],[-114.5042,33.7281],[-114.5123,33.7342],[-114.5045,33.751],[-114.5049,33.7605],[-114.5071,33.7679],[-114.5167,33.7883],[-114.5189,33.7973],[-114.528,33.815],[-114.5227,33.819],[-114.52,33.8254],[-114.5296,33.8481],[-114.5299,33.8576],[-114.5243,33.8601],[-114.5168,33.8581],[-114.5147,33.8586],[-114.5056,33.8643],[-114.503,33.868],[-114.5043,33.8769],[-114.5228,33.8926],[-114.5257,33.8994],[-114.5257,33.9014],[-114.5243,33.9016],[-114.5163,33.8979],[-114.5124,33.8984],[-114.508,33.9018],[-114.5092,33.9072],[-114.5124,33.9121],[-114.5192,33.9182],[-114.5267,33.9229],[-114.5346,33.9254],[-114.5358,33.9275],[-114.5355,33.9347],[-114.5287,33.9478],[-114.5215,33.9559],[-114.5159,33.9581],[-114.5096,33.9573],[-114.4999,33.9618],[-114.4848,33.9755],[-114.4815,33.9813],[-114.4711,33.988],[-114.4679,33.9929],[-114.4593,33.9947],[-114.458,33.9972],[-114.4592,34.0],[-114.4673,34.0052],[-114.4659,34.011],[-114.4633,34.0123],[-114.4548,34.011],[-114.4468,34.0142],[-114.4405,34.0193],[-114.4362,34.0281],[-114.4349,34.0378],[-114.4394,34.0538],[-114.4377,34.0719],[-114.4342,34.0874],[-114.428,34.0928],[-114.4262,34.097],[-114.4205,34.1035],[-114.4117,34.11],[-114.4013,34.1116],[-114.3906,34.1101],[-114.3792,34.116],[-114.3665,34.1186],[-114.3604,34.1236],[-114.3564,34.1304],[-114.3505,34.1341],[-114.3361,34.134],[-114.3216,34.1381],[-114.3122,34.1448],[-114.2928,34.1667],[-114.287,34.1707],[-114.2753,34.1721],[-114.2685,34.1702],[-114.257,34.1728],[-114.2444,34.1794],[-114.2407,34.1832],[-114.2297,34.1869],[-114.227,34.1889],[-114.2249,34.1939],[-114.2252,34.2036],[-114.2118,34.2115],[-114.1909,34.2309],[-114.178,34.24],[-114.1764,34.2415],[-114.1746,34.2473],[-114.1661,34.25],[-114.1639,34.2533],[-114.1653,34.2585],[-114.1646,34.2597],[-114.1533,34.2583],[-114.1448,34.2596],[-114.1354,34.2579],[-114.1315,34.2604],[-114.1312,34.2627],[-114.1367,34.2744],[-114.136,34.2808],[-114.1395,34.2958],[-114.1383,34.3032],[-114.1367,34.3043],[-114.1284,34.3041],[-114.1258,34.3014],[-114.1165,34.2964],[-114.1116,34.295],[-114.0982,34.3006],[-114.0874,34.2986],[-114.0797,34.2921],[-114.0754,34.2929],[-114.0692,34.2905],[-114.0583,34.2799],[-114.0525,34.278],[-114.0506,34.2749],[-114.0474,34.2736],[-114.0469,34.27],[-114.0376,34.2639],[-114.0365,34.2604],[-114.0309,34.26],[-114.0275,34.2627],[-114.0259,34.2673],[-114.0242,34.2681],[-114.0189,34.266],[-114.0115,34.2561],[-114.0062,34.2538],[-113.9998,34.255],[-113.9901,34.2545],[-113.9788,34.2574],[-113.9633,34.2581],[-113.9496,34.2571],[-113.9396,34.2549],[-113.9291,34.2494],[-113.9055,34.2484],[-113.8929,34.2493],[-113.8725,34.2549],[-113.8577,34.2534],[-113.8517,34.2513],[-113.8497,34.2425],[-113.8443,34.2366],[-113.839,34.2248],[-113.8349,34.2232],[-113.8252,34.2255],[-113.8204,34.2281],[-113.8196,34.2323],[-113.8163,34.2353],[-113.8126,34.2325],[-113.8077,34.2331],[-113.8015,34.2362],[-113.7977,34.2356],[-113.7946,34.2367],[-113.7812,34.2292],[-113.7747,34.2289],[-113.7689,34.2327],[-113.764,34.2334],[-113.7578,34.2367],[-113.7341,34.2412],[-113.7307,34.2403],[-113.7243,34.2284],[-113.7229,34.2232],[-113.7147,34.2213],[-113.7148,34.2181],[-113.7074,34.2152],[-113.706,34.2111],[-113.7044,34.2099],[-113.6956,34.2109],[-113.6795,34.2098],[-113.6748,34.2131],[-113.6651,34.213]]]}},{"type":"Feature","properties":{"leaid":"0406070","name":"Payson Unified District","kind":"Unified","gradeLow":"PK","gradeHigh":"12","state":"AZ"},"geometry":{"type":"Polygon","coordinates":[[[-110.9429,34.3122],[-110.9421,34.2629],[-111.0286,34.2626],[-111.0289,34.2482],[-111.0988,34.2482],[-111.0987,34.1609],[-111.1756,34.1608],[-111.1877,34.1533],[-111.1898,34.1542],[-111.1928,34.1489],[-111.205,34.15],[-111.2045,34.1473],[-111.2058,34.1466],[-111.2106,34.1483],[-111.2206,34.1482],[-111.2227,34.1461],[-111.2215,34.145],[-111.2217,34.1417],[-111.2241,34.1388],[-111.2305,34.138],[-111.2342,34.1333],[-111.2429,34.1328],[-111.2514,34.1267],[-111.263,34.1241],[-111.2704,34.1207],[-111.2715,34.1183],[-111.2704,34.1105],[-111.2713,34.1037],[-111.2737,34.0998],[-111.2794,34.097],[-111.2809,34.093],[-111.2868,34.0849],[-111.282,34.08],[-111.2865,34.0752],[-111.2838,34.0733],[-111.2833,34.0713],[-111.2872,34.0674],[-111.2856,34.0618],[-111.2926,34.0579],[-111.2941,34.0554],[-111.2916,34.0512],[-111.292,34.0467],[-111.2862,34.0418],[-111.2866,34.0377],[-111.2886,34.0339],[-111.2846,34.0261],[-111.2821,34.0253],[-111.2834,34.0211],[-111.2923,34.0205],[-111.2949,34.0189],[-111.2937,34.0119],[-111.2922,34.0101],[-111.2931,34.0076],[-111.2955,34.0062],[-111.2957,33.9982],[-111.2917,33.9931],[-111.2928,33.9887],[-111.2945,33.9874],[-111.437,33.9867],[-111.4428,33.9914],[-111.4403,33.9949],[-111.4418,33.9981],[-111.4443,33.9989],[-111.4451,34.0012],[-111.4494,34.0001],[-111.4544,34.0048],[-111.4584,34.0022],[-111.4665,34.0059],[-111.4707,34.0028],[-111.4724,34.0047],[-111.4735,34.0032],[-111.4899,34.0014],[-111.4917,33.9998],[-111.4948,33.9998],[-111.496,34.0033],[-111.4988,34.0042],[-111.4998,34.0088],[-111.4953,34.0141],[-111.4967,34.0181],[-111.4944,34.0235],[-111.497,34.0288],[-111.4941,34.0319],[-111.4926,34.0377],[-111.4857,34.0357],[-111.4829,34.0401],[-111.4801,34.0406],[-111.4786,34.0395],[-111.472,34.0415],[-111.468,34.0477],[-111.4718,34.0543],[-111.4719,34.058],[-111.4681,34.0595],[-111.4621,34.0593],[-111.4606,34.063],[-111.4606,34.066],[-111.4638,34.0692],[-111.4638,34.0724],[-111.4754,34.0804],[-111.4759,34.0825],[-111.4783,34.0838],[-111.4773,34.0867],[-111.48,34.088],[-111.4812,34.0925],[-111.4854,34.0949],[-111.4825,34.0992],[-111.4786,34.101],[-111.4782,34.1034],[-111.4753,34.1049],[-111.4708,34.1116],[-111.4739,34.1144],[-111.4743,34.1185],[-111.4797,34.119],[-111.4812,34.1213],[-111.4812,34.1249],[-111.4788,34.1299],[-111.4814,34.1315],[-111.4912,34.1307],[-111.4928,34.1324],[-111.4911,34.1367],[-111.4886,34.1394],[-111.4834,34.1415],[-111.4828,34.1458],[-111.477,34.1509],[-111.4843,34.151],[-111.4913,34.2211],[-111.4857,34.2196],[-111.4839,34.2154],[-111.4806,34.2154],[-111.4786,34.2185],[-111.4757,34.2191],[-111.4736,34.2235],[-111.4698,34.2232],[-111.4625,34.2258],[-111.4601,34.2246],[-111.4578,34.2252],[-111.4542,34.2312],[-111.455,34.2348],[-111.4538,34.237],[-111.4568,34.2382],[-111.4524,34.2427],[-111.4499,34.239],[-111.4517,34.2331],[-111.4498,34.2339],[-111.4478,34.2382],[-111.4433,34.2352],[-111.4391,34.2343],[-111.4409,34.2286],[-111.4394,34.2258],[-111.4355,34.2289],[-111.4328,34.234],[-111.4355,34.2356],[-111.4354,34.2378],[-111.4299,34.239],[-111.4287,34.2403],[-111.4289,34.2421],[-111.4308,34.2426],[-111.4295,34.2446],[-111.4251,34.2466],[-111.4236,34.2453],[-111.4253,34.2434],[-111.42,34.2442],[-111.4209,34.2497],[-111.4266,34.2515],[-111.4201,34.2585],[-111.4212,34.2623],[-111.4232,34.2624],[-111.4219,34.2661],[-111.4235,34.2687],[-111.4202,34.2699],[-111.4176,34.2688],[-111.4183,34.2709],[-111.4166,34.2763],[-111.4153,34.276],[-111.4136,34.2721],[-111.4087,34.2736],[-111.4076,34.2752],[-111.3982,34.2741],[-111.4005,34.2783],[-111.3998,34.2811],[-111.3937,34.2809],[-111.391,34.2845],[-111.385,34.2868],[-111.3831,34.2848],[-111.3861,34.2794],[-111.3828,34.2787],[-111.3813,34.2799],[-111.3813,34.2835],[-111.3786,34.2852],[-111.3789,34.4312],[-111.3769,34.4336],[-111.3768,34.4362],[-111.373,34.4369],[-111.3717,34.4396],[-111.3696,34.4391],[-111.3668,34.4403],[-111.3667,34.4385],[-111.3644,34.4386],[-111.3633,34.436],[-111.3608,34.4367],[-111.3579,34.4399],[-111.3519,34.441],[-111.3502,34.4399],[-111.3516,34.4399],[-111.3544,34.4349],[-111.3516,34.4323],[-111.3519,34.4307],[-111.3552,34.4298],[-111.3539,34.4283],[-111.3552,34.4257],[-111.3541,34.4246],[-111.3505,34.4232],[-111.347,34.4253],[-111.3458,34.4243],[-111.3429,34.4251],[-111.3372,34.4221],[-111.332,34.4249],[-111.3279,34.422],[-111.326,34.4231],[-111.3243,34.4226],[-111.3207,34.4278],[-111.3176,34.4264],[-111.3148,34.4292],[-111.313,34.4291],[-111.3107,34.4268],[-111.3106,34.4292],[-111.3068,34.4341],[-111.3011,34.4325],[-111.2989,34.4335],[-111.2968,34.4372],[-111.294,34.4366],[-111.2923,34.4376],[-111.289,34.436],[-111.287,34.4398],[-111.2832,34.4389],[-111.2791,34.4399],[-111.2786,34.4383],[-111.2727,34.4445],[-111.2666,34.4446],[-111.2666,34.4427],[-111.2652,34.4437],[-111.262,34.4428],[-111.2601,34.4477],[-111.2565,34.4468],[-111.2541,34.4523],[-111.2518,34.4513],[-111.2503,34.4533],[-111.2465,34.4507],[-111.2446,34.4461],[-111.2467,34.4454],[-111.2465,34.4435],[-111.2477,34.4422],[-111.2451,34.4424],[-111.2451,34.4384],[-111.2418,34.4386],[-111.2406,34.4372],[-111.2399,34.4314],[-111.2359,34.4299],[-111.2344,34.4314],[-111.2332,34.4305],[-111.2277,34.4318],[-111.2277,34.4299],[-111.225,34.4276],[-111.2258,34.4247],[-111.2222,34.4256],[-111.2219,34.4167],[-111.2199,34.4159],[-111.215,34.4178],[-111.2146,34.4129],[-111.2117,34.4134],[-111.2096,34.4084],[-111.2066,34.4099],[-111.2046,34.4087],[-111.1985,34.4092],[-111.1971,34.4076],[-111.1973,34.4054],[-111.1951,34.4047],[-111.1914,34.4073],[-111.1881,34.4074],[-111.1832,34.4101],[-111.1813,34.4079],[-111.1782,34.4084],[-111.1768,34.4062],[-111.1778,34.4037],[-111.1764,34.4037],[-111.1752,34.4058],[-111.1729,34.4056],[-111.1718,34.402],[-111.1703,34.4011],[-111.1683,34.4027],[-111.1653,34.403],[-111.1646,34.4044],[-111.161,34.4038],[-111.1603,34.3999],[-111.1558,34.3991],[-111.1552,34.3951],[-111.1521,34.3943],[-111.1508,34.3911],[-111.1523,34.3884],[-111.1506,34.3881],[-111.1489,34.3848],[-111.1516,34.379],[-111.1493,34.3781],[-111.1471,34.3752],[-111.1403,34.3758],[-111.1436,34.3776],[-111.1434,34.379],[-111.14,34.382],[-111.1398,34.3858],[-111.1379,34.3867],[-111.1357,34.3854],[-111.1351,34.3883],[-111.1295,34.3852],[-111.1299,34.3881],[-111.1277,34.3907],[-111.1264,34.3885],[-111.1227,34.3869],[-111.1213,34.3825],[-111.1211,34.3847],[-111.1183,34.383],[-111.1159,34.3851],[-111.1104,34.3836],[-111.1116,34.3915],[-111.1056,34.3894],[-111.102,34.3895],[-111.1019,34.3912],[-111.1003,34.3903],[-111.1002,34.394],[-111.098,34.3941],[-111.0963,34.3966],[-111.0948,34.3933],[-111.0875,34.395],[-111.0872,34.3938],[-111.0845,34.393],[-111.0876,34.3914],[-111.0865,34.3902],[-111.0796,34.3891],[-111.0802,34.3856],[-111.0762,34.3868],[-111.0754,34.3859],[-111.077,34.3807],[-111.0741,34.3805],[-111.0717,34.3784],[-111.067,34.38],[-111.061,34.3773],[-111.0596,34.378],[-111.0603,34.3798],[-111.0589,34.3806],[-111.0543,34.379],[-111.0515,34.3755],[-111.0534,34.3707],[-111.051,34.3704],[-111.0506,34.3738],[-111.0466,34.375],[-111.0473,34.3763],[-111.0449,34.3773],[-111.0443,34.3796],[-111.0422,34.3776],[-111.0406,34.3778],[-111.04,34.3734],[-111.0377,34.3737],[-111.0375,34.3713],[-111.0392,34.3712],[-111.0396,34.3701],[-111.0415,34.3713],[-111.0424,34.3675],[-111.0459,34.3643],[-111.0478,34.3644],[-111.0516,34.357],[-111.0569,34.3604],[-111.0578,34.3557],[-111.0571,34.3531],[-111.0527,34.3526],[-111.05,34.3472],[-111.0449,34.3449],[-111.0442,34.3429],[-111.0406,34.3432],[-111.0332,34.3409],[-111.0288,34.3413],[-111.0305,34.3433],[-111.0282,34.3464],[-111.0313,34.3496],[-111.0287,34.3516],[-111.0285,34.3532],[-111.0259,34.3538],[-111.0289,34.3555],[-111.0292,34.3582],[-111.0338,34.3623],[-111.0326,34.364],[-111.027,34.3638],[-111.0252,34.3661],[-111.026,34.3677],[-111.024,34.3688],[-111.0235,34.3724],[-111.0205,34.3733],[-111.0194,34.3714],[-111.0198,34.367],[-111.0212,34.3652],[-111.0205,34.3617],[-111.014,34.3615],[-111.0101,34.3585],[-111.0082,34.3626],[-111.0057,34.3608],[-111.0038,34.3568],[-111.0059,34.3512],[-111.0022,34.3517],[-110.9995,34.35],[-110.9982,34.3517],[-110.9971,34.3509],[-110.9963,34.347],[-110.9973,34.3441],[-110.9894,34.3423],[-110.9864,34.3397],[-110.983,34.3394],[-110.9789,34.3368],[-110.9754,34.3366],[-110.974,34.3332],[-110.9693,34.3277],[-110.9687,34.3238],[-110.9641,34.3191],[-110.9604,34.3174],[-110.9589,34.3145],[-110.9536,34.3139],[-110.9525,34.3186],[-110.9511,34.3188],[-110.9461,34.3173],[-110.9429,34.3122]]]}},{"type":"Feature","properties":{"leaid":"0406120","name":"Peach Springs Unified District","kind":"Unified","gradeLow":"PK","gradeHigh":"12","state":"AZ"},"geometry":{"type":"Polygon","coordinates":[[[-113.334,35.803],[-113.3342,35.5],[-113.333,35.5],[-113.3329,35.1514],[-113.3596,35.1515],[-113.3597,35.243],[-113.493,35.242],[-113.4935,35.3283],[-113.5159,35.3283],[-113.5159,35.5008],[-113.5029,35.5007],[-113.5027,35.7658],[-113.4864,35.7667],[-113.4692,35.7649],[-113.4373,35.753],[-113.4209,35.751],[-113.3869,35.7533],[-113.3819,35.7564],[-113.3777,35.7634],[-113.3701,35.7689],[-113.3687,35.7713],[-113.3579,35.7759],[-113.3416,35.7879],[-113.3374,35.7935],[-113.334,35.803]]]}},{"type":"Feature","properties":{"leaid":"0406250","name":"Peoria Unified School District","kind":"Unified","gradeLow":"PK","gradeHigh":"12","state":"AZ"},"geometry":{"type":"Polygon","coordinates":[[[-112.273,33.8943],[-112.273,33.7249],[-112.2554,33.7249],[-112.2549,33.7181],[-112.2465,33.7179],[-112.2466,33.7148],[-112.2381,33.7148],[-112.2383,33.7249],[-112.2207,33.7251],[-112.2204,33.6816],[-112.2225,33.6816],[-112.2269,33.6717],[-112.2328,33.6633],[-112.2345,33.6454],[-112.2371,33.6454],[-112.2378,33.638],[-112.1693,33.639],[-112.1684,33.6324],[-112.169,33.5675],[-112.2116,33.5671],[-112.2117,33.5526],[-112.2378,33.552],[-112.2377,33.5377],[-112.3065,33.5365],[-112.308,33.5848],[-112.3046,33.6068],[-112.2987,33.6052],[-112.2987,33.58],[-112.3029,33.5794],[-112.3021,33.5763],[-112.3031,33.5755],[-112.3028,33.5712],[-112.3002,33.5655],[-112.2761,33.5656],[-112.2759,33.5688],[-112.2726,33.5734],[-112.2726,33.5873],[-112.2639,33.5877],[-112.2638,33.6095],[-112.2571,33.6097],[-112.257,33.6241],[-112.2548,33.6242],[-112.255,33.638],[-112.2594,33.638],[-112.2593,33.6526],[-112.2724,33.6526],[-112.2725,33.6671],[-112.2899,33.6672],[-112.2898,33.6526],[-112.2985,33.6525],[-112.2985,33.6457],[-112.3043,33.6457],[-112.3077,33.6471],[-112.3077,33.6768],[-112.325,33.6767],[-112.3252,33.6822],[-112.3548,33.682],[-112.3612,33.6836],[-112.361,33.6899],[-112.3641,33.6921],[-112.3635,33.6929],[-112.3602,33.6913],[-112.3528,33.6915],[-112.3526,33.6892],[-112.3511,33.6894],[-112.3512,33.6928],[-112.3598,33.6931],[-112.3602,33.7676],[-112.3772,33.7675],[-112.3774,33.897],[-112.3762,33.8975],[-112.3764,33.9077],[-112.2762,33.8825],[-112.2776,33.8904],[-112.273,33.8943]]]}},{"type":"Feature","properties":{"leaid":"0406580","name":"Blue Ridge Unified District","kind":"Unified","gradeLow":"PK","gradeHigh":"12","state":"AZ"},"geometry":{"type":"Polygon","coordinates":[[[-109.849,34.2276],[-109.8494,34.1258],[-109.8592,34.1258],[-109.8592,34.1095],[-109.8624,34.1081],[-109.8675,34.108],[-109.8747,34.1048],[-109.8827,34.1047],[-109.8859,34.1008],[-109.8922,34.0983],[-109.8975,34.0991],[-109.9035,34.1022],[-109.916,34.1016],[-109.9241,34.1029],[-109.93,34.1053],[-109.9352,34.1096],[-109.9393,34.1108],[-109.9385,34.1113],[-109.947,34.1149],[-109.9596,34.1135],[-109.9667,34.1091],[-109.9694,34.1097],[-109.978,34.1172],[-109.9754,34.1217],[-109.9755,34.125],[-109.9808,34.139],[-109.9956,34.1436],[-110.002,34.142],[-110.0075,34.1465],[-110.0115,34.1467],[-110.0125,34.1494],[-110.0107,34.1516],[-110.0145,34.1559],[-110.0141,34.1595],[-110.0106,34.161],[-110.0108,34.165],[-110.0138,34.165],[-110.0182,34.1677],[-110.0176,34.1722],[-110.0159,34.1746],[-110.0243,34.1823],[-110.0248,34.1844],[-110.029,34.1873],[-110.0301,34.1863],[-110.0314,34.1874],[-110.034,34.1904],[-110.0332,34.1935],[-110.0367,34.1969],[-110.0409,34.198],[-110.0406,34.2274],[-109.849,34.2276]]]}},{"type":"Feature","properties":{"leaid":"0406730","name":"Prescott Unified District","kind":"Unified","gradeLow":"PK","gradeHigh":"12","state":"AZ"},"geometry":{"type":"Polygon","coordinates":[[[-112.5364,34.8061],[-112.5378,34.7608],[-112.5193,34.7596],[-112.5194,34.716],[-112.5181,34.7016],[-112.519,34.6965],[-112.5174,34.6578],[-112.483,34.6574],[-112.4831,34.6433],[-112.4381,34.6437],[-112.4387,34.6617],[-112.4119,34.6617],[-112.4121,34.6437],[-112.3595,34.6435],[-112.3604,34.5432],[-112.309,34.5433],[-112.3094,34.4827],[-112.3123,34.4816],[-112.3146,34.4781],[-112.3223,34.4732],[-112.3252,34.473],[-112.3252,34.4707],[-112.3612,34.4707],[-112.3607,34.3754],[-112.5012,34.3753],[-112.5014,34.4177],[-112.5151,34.4177],[-112.515,34.4375],[-112.5123,34.4421],[-112.509,34.4434],[-112.51,34.4466],[-112.5072,34.45],[-112.5149,34.452],[-112.5149,34.4543],[-112.4974,34.4537],[-112.5004,34.4672],[-112.4998,34.4978],[-112.5777,34.4977],[-112.5772,34.4984],[-112.5853,34.5025],[-112.5864,34.5012],[-112.5801,34.498],[-112.6154,34.4979],[-112.6203,34.4967],[-112.6201,34.5043],[-112.6246,34.5045],[-112.6243,34.5147],[-112.6256,34.5148],[-112.626,34.5166],[-112.6243,34.5161],[-112.626,34.7189],[-112.5921,34.7171],[-112.5942,34.7622],[-112.5921,34.777],[-112.5919,34.8061],[-112.5364,34.8061]]]}},{"type":"Feature","properties":{"leaid":"0406810","name":"Queen Creek Unified District","kind":"Unified","gradeLow":"PK","gradeHigh":"12","state":"AZ"},"geometry":{"type":"Polygon","coordinates":[[[-111.5837,33.3353],[-111.5826,33.2054],[-111.669,33.2047],[-111.669,33.2195],[-111.6776,33.2195],[-111.6774,33.249],[-111.669,33.2487],[-111.67,33.336],[-111.5837,33.3353]]]}},{"type":"Feature","properties":{"leaid":"0406850","name":"Ray Unified District","kind":"Unified","gradeLow":"PK","gradeHigh":"12","state":"AZ"},"geometry":{"type":"Polygon","coordinates":[[[-110.8656,33.1195],[-110.7831,32.9847],[-110.7807,32.9837],[-110.767,32.9851],[-110.7648,32.9866],[-110.7638,32.9901],[-110.7653,33.0006],[-110.7638,33.0049],[-110.7543,33.0064],[-110.7513,33.0107],[-110.7468,33.0107],[-110.745,33.0136],[-110.7459,33.0154],[-110.745,33.0175],[-110.7388,33.0195],[-110.738,33.0223],[-110.7317,33.0249],[-110.7282,33.0295],[-110.7276,33.0329],[-110.7291,33.0355],[-110.7251,33.0419],[-110.722,33.0432],[-110.7165,33.0409],[-110.7154,33.0447],[-110.716,33.0506],[-110.7209,33.061],[-110.7249,33.0659],[-110.7257,33.0694],[-110.7214,33.073],[-110.7211,33.0762],[-110.7178,33.0758],[-110.7127,33.078],[-110.7116,33.0816],[-110.7086,33.0819],[-110.7086,33.0833],[-110.7067,33.0837],[-110.7044,33.0835],[-110.6933,33.0771],[-110.69,33.0785],[-110.6883,33.0812],[-110.689,33.0837],[-110.6911,33.0852],[-110.6946,33.0853],[-110.695,33.0869],[-110.6911,33.089],[-110.6831,33.0882],[-110.6825,33.0933],[-110.6836,33.0987],[-110.6832,33.1001],[-110.6798,33.1012],[-110.6779,33.1114],[-110.6761,33.112],[-110.6746,33.1106],[-110.6728,33.1116],[-110.6705,33.1166],[-110.666,33.12],[-110.6624,33.1191],[-110.6616,33.1163],[-110.6628,33.1148],[-110.6617,33.1133],[-110.6595,33.1125],[-110.6565,33.1137],[-110.6436,33.1298],[-110.639,33.1331],[-110.638,33.1376],[-110.635,33.142],[-110.6207,33.144],[-110.6094,33.1428],[-110.6015,33.1379],[-110.5987,33.1379],[-110.5971,33.1341],[-110.5935,33.1339],[-110.587,33.1373],[-110.5846,33.1421],[-110.581,33.1442],[-110.5818,33.1468],[-110.5794,33.1471],[-110.575,33.1445],[-110.569,33.1448],[-110.567,33.1481],[-110.5637,33.1478],[-110.5621,33.1488],[-110.5618,33.1529],[-110.5587,33.1553],[-110.556,33.1553],[-110.5526,33.1526],[-110.5497,33.1531],[-110.5501,33.1581],[-110.5455,33.1691],[-110.5427,33.1684],[-110.5407,33.1638],[-110.5344,33.1606],[-110.5284,33.1586],[-110.525,33.1596],[-110.5239,33.1617],[-110.5268,33.1637],[-110.5292,33.1617],[-110.5327,33.1628],[-110.5346,33.1653],[-110.5343,33.1677],[-110.5281,33.1713],[-110.5271,33.1769],[-110.5163,33.1757],[-110.5135,33.1793],[-110.509,33.1803],[-110.5047,33.1862],[-110.4988,33.1868],[-110.4862,33.1829],[-110.4663,33.1823],[-110.4621,33.1849],[-110.4642,33.1924],[-110.4539,33.198],[-110.4517,33.1941],[-110.449,33.1945],[-110.4485,32.7712],[-110.6266,32.7712],[-110.6612,32.7729],[-110.6959,32.7714],[-110.9451,32.7716],[-110.9449,32.9452],[-110.9627,32.9452],[-110.9627,33.0326],[-111.1647,33.0327],[-111.1645,33.0963],[-111.16,33.0979],[-111.1591,33.0994],[-111.1591,33.1086],[-111.149,33.1118],[-111.1391,33.1108],[-111.1349,33.1039],[-111.1273,33.1049],[-111.1162,33.1033],[-111.1114,33.1073],[-111.1012,33.1087],[-111.1005,33.1121],[-111.0924,33.1121],[-111.0868,33.1136],[-111.0831,33.1165],[-111.0764,33.1187],[-111.067,33.1151],[-111.0669,33.2059],[-111.0623,33.2059],[-111.0623,33.221],[-110.9624,33.2208],[-110.9622,33.1339],[-110.9283,33.1339],[-110.9281,33.1196],[-110.8656,33.1195]]]}},{"type":"Feature","properties":{"leaid":"0406960","name":"San Carlos Unified District","kind":"Unified","gradeLow":"PK","gradeHigh":"12","state":"AZ"},"geometry":{"type":"Polygon","coordinates":[[[-110.0007,33.727],[-110.0006,33.4659],[-110.1695,33.4657],[-110.1678,33.4602],[-110.1695,33.4586],[-110.169,33.4517],[-110.1768,33.4484],[-110.1819,33.4497],[-110.1827,33.4467],[-110.1902,33.4518],[-110.1932,33.4473],[-110.1901,33.4431],[-110.1903,33.4417],[-110.1978,33.443],[-110.2008,33.4402],[-110.2039,33.4394],[-110.2032,33.4018],[-110.219,33.399],[-110.2278,33.3943],[-110.2562,33.3932],[-110.2754,33.388],[-110.3293,33.3536],[-110.3302,33.3509],[-110.327,33.3317],[-110.3276,33.3288],[-110.3379,33.3171],[-110.3539,33.3103],[-110.3654,33.3004],[-110.3703,33.2911],[-110.3708,33.2863],[-110.352,33.2855],[-110.3431,33.2838],[-110.3337,33.2795],[-110.3212,33.2712],[-110.3067,33.2659],[-110.3056,33.2588],[-110.3096,33.2539],[-110.307,33.2521],[-110.3098,33.2488],[-110.3075,33.2459],[-110.3075,33.2401],[-110.309,33.2383],[-110.3079,33.235],[-110.31,33.2334],[-110.3087,33.2316],[-110.3113,33.2205],[-110.31,33.2182],[-110.3117,33.2102],[-110.3111,33.2065],[-110.3145,33.2046],[-110.3163,33.2043],[-110.3335,33.2143],[-110.343,33.2146],[-110.3509,33.2131],[-110.3619,33.2181],[-110.3701,33.2189],[-110.3782,33.2167],[-110.383,33.2188],[-110.3897,33.2244],[-110.3939,33.2246],[-110.3989,33.2204],[-110.3985,33.2139],[-110.4031,33.2015],[-110.4005,33.1984],[-110.4026,33.1962],[-110.4059,33.1975],[-110.4064,33.1945],[-110.4086,33.192],[-110.4159,33.1925],[-110.4196,33.1911],[-110.4206,33.1936],[-110.4297,33.191],[-110.4326,33.1877],[-110.4356,33.1892],[-110.4369,33.1877],[-110.4464,33.1898],[-110.4484,33.1941],[-110.4517,33.1941],[-110.4539,33.198],[-110.4642,33.1924],[-110.4621,33.1849],[-110.4651,33.1826],[-110.4798,33.1823],[-110.4892,33.1833],[-110.4988,33.1868],[-110.5047,33.1862],[-110.509,33.1803],[-110.5135,33.1793],[-110.5163,33.1757],[-110.5271,33.1769],[-110.5281,33.1713],[-110.5319,33.1695],[-110.7528,33.1706],[-110.694,33.5038],[-110.7424,33.6839],[-110.7413,33.6871],[-110.746,33.6895],[-110.7462,33.6914],[-110.7447,33.6932],[-110.7493,33.6982],[-110.7471,33.6996],[-110.7416,33.6962],[-110.735,33.6977],[-110.7315,33.7003],[-110.7293,33.704],[-110.7307,33.7057],[-110.7373,33.7074],[-110.7372,33.7096],[-110.7297,33.7118],[-110.7186,33.7113],[-110.7166,33.7197],[-110.723,33.7252],[-110.723,33.729],[-110.7187,33.7299],[-110.7158,33.7292],[-110.7105,33.7358],[-110.7044,33.7397],[-110.69,33.7405],[-110.6893,33.7422],[-110.692,33.7456],[-110.6936,33.7507],[-110.6914,33.7531],[-110.6915,33.7609],[-110.6892,33.7684],[-110.6868,33.7704],[-110.6793,33.772],[-110.6763,33.7744],[-110.672,33.7873],[-110.6697,33.7908],[-110.665,33.7928],[-110.6616,33.7973],[-110.6556,33.8013],[-110.656,33.8039],[-110.6585,33.8062],[-110.6582,33.8088],[-110.6568,33.8103],[-110.6491,33.8119],[-110.6498,33.8158],[-110.6422,33.8157],[-110.6382,33.812],[-110.6318,33.8111],[-110.6299,33.8078],[-110.6239,33.813],[-110.6261,33.8228],[-110.6237,33.8256],[-110.6207,33.826],[-110.6185,33.8222],[-110.6165,33.8214],[-110.6119,33.8232],[-110.6069,33.8232],[-110.6003,33.831],[-110.5978,33.8317],[-110.5916,33.8291],[-110.5874,33.835],[-110.5853,33.8361],[-110.5669,33.825],[-110.5633,33.8286],[-110.5627,33.8335],[-110.5607,33.837],[-110.5581,33.8384],[-110.5562,33.8374],[-110.555,33.8301],[-110.5511,33.8267],[-110.5404,33.8245],[-110.5259,33.8144],[-110.5286,33.7265],[-110.0871,33.727],[-110.0616,33.7256],[-110.0437,33.727],[-110.0007,33.727]]]}},{"type":"Feature","properties":{"leaid":"0407170","name":"Saddle Mountain Unified School District","kind":"Unified","gradeLow":"KG","gradeHigh":"12","state":"AZ"},"geometry":{"type":"Polygon","coordinates":[[[-112.5133,33.6388],[-112.5134,33.6021],[-112.5112,33.5926],[-112.5135,33.5853],[-112.5134,33.5156],[-112.5136,33.5143],[-112.5193,33.5117],[-112.5137,33.5069],[-112.5137,33.5019],[-112.5119,33.5014],[-112.5134,33.4986],[-112.5135,33.4936],[-112.5108,33.4897],[-112.5101,33.486],[-112.5277,33.4818],[-112.5275,33.4792],[-112.5308,33.4792],[-112.5308,33.4681],[-112.5287,33.4682],[-112.5287,33.472],[-112.5254,33.4719],[-112.521,33.4764],[-112.5181,33.4739],[-112.5222,33.4686],[-112.5222,33.4648],[-112.7639,33.4644],[-112.7638,33.3775],[-112.8607,33.3773],[-112.8998,33.3777],[-112.9018,33.3786],[-112.905,33.3775],[-112.9278,33.3773],[-112.9363,33.3751],[-112.9475,33.3772],[-113.0216,33.3774],[-113.0211,33.551],[-113.3351,33.5519],[-113.3351,33.6386],[-112.9339,33.638],[-112.9338,33.6394],[-112.6958,33.6396],[-112.5133,33.6388]]]}},{"type":"Feature","properties":{"leaid":"0407240","name":"Safford Unified District","kind":"Unified","gradeLow":"PK","gradeHigh":"12","state":"AZ"},"geometry":{"type":"Polygon","coordinates":[[[-109.6736,32.4267],[-109.742,32.4271],[-109.7422,32.5139],[-109.7342,32.5138],[-109.7339,32.7436],[-109.7248,32.7435],[-109.7335,32.7439],[-109.733,32.8189],[-109.7398,32.8191],[-109.7398,32.8146],[-109.7415,32.8144],[-109.7414,32.8277],[-109.7398,32.8277],[-109.7398,32.829],[-109.733,32.8288],[-109.733,32.8818],[-109.7211,32.8815],[-109.7334,32.8821],[-109.7331,32.8866],[-109.7567,32.8866],[-109.7567,32.9445],[-109.783,32.9444],[-109.782,33.3766],[-109.7793,33.3783],[-109.7379,33.3777],[-109.7396,33.5105],[-109.7364,33.513],[-109.7283,33.5153],[-109.7281,33.5172],[-109.7314,33.5202],[-109.7306,33.5219],[-109.7247,33.5232],[-109.724,33.522],[-109.7251,33.5197],[-109.7214,33.5189],[-109.7221,33.5224],[-109.7128,33.5254],[-109.7164,33.5307],[-109.7073,33.532],[-109.7065,33.5344],[-109.7079,33.5373],[-109.7066,33.5399],[-109.7044,33.5399],[-109.7027,33.536],[-109.7006,33.535],[-109.6959,33.5397],[-109.6912,33.5394],[-109.6907,33.5419],[-109.6848,33.5435],[-109.6786,33.5523],[-109.679,33.5568],[-109.6708,33.5545],[-109.665,33.5555],[-109.6656,33.5579],[-109.6721,33.5595],[-109.6705,33.5666],[-109.672,33.5682],[-109.6765,33.5689],[-109.6742,33.5713],[-109.6754,33.5733],[-109.6649,33.5796],[-109.6608,33.5786],[-109.6597,33.5803],[-109.6605,33.5837],[-109.6553,33.5843],[-109.6524,33.5832],[-109.6447,33.586],[-109.6323,33.5844],[-109.631,33.585],[-109.6305,33.5874],[-109.6262,33.5896],[-109.6247,33.3778],[-109.6686,33.3775],[-109.6679,33.2502],[-109.6639,33.2489],[-109.6649,33.2489],[-109.6677,33.2267],[-109.6665,33.1557],[-109.6679,33.1429],[-109.6669,32.9552],[-109.6671,32.9445],[-109.6756,32.9444],[-109.6756,32.915],[-109.6752,32.8406],[-109.6709,32.8386],[-109.6752,32.8371],[-109.6751,32.8314],[-109.6648,32.8315],[-109.6647,32.8268],[-109.6643,32.5166],[-109.6643,32.5137],[-109.6735,32.5136],[-109.6736,32.4267]]]}},{"type":"Feature","properties":{"leaid":"0407430","name":"San Simon Unified District","kind":"Unified","gradeLow":"PK","gradeHigh":"12","state":"AZ"},"geometry":{"type":"Polygon","coordinates":[[[-109.0479,32.4264],[-109.0491,31.8417],[-109.0699,31.8411],[-109.0705,31.8261],[-109.0911,31.8253],[-109.0908,31.8169],[-109.1711,31.8156],[-109.1709,31.8787],[-109.221,31.8793],[-109.2203,31.9705],[-109.3202,31.9711],[-109.3204,32.0796],[-109.3278,32.0795],[-109.3282,32.2425],[-109.3301,32.2425],[-109.3301,32.4258],[-109.2277,32.4248],[-109.2277,32.4263],[-109.0479,32.4264]]]}},{"type":"Feature","properties":{"leaid":"0407520","name":"Santa Cruz Valley Unified District","kind":"Unified","gradeLow":"PK","gradeHigh":"12","state":"AZ"},"geometry":{"type":"Polygon","coordinates":[[[-110.8736,31.4845],[-110.8731,31.4488],[-110.8822,31.4487],[-110.9099,31.4452],[-110.9123,31.4453],[-110.9123,31.4487],[-110.9249,31.4488],[-110.9295,31.4471],[-110.9349,31.4479],[-110.9378,31.4502],[-110.9416,31.4503],[-110.9416,31.4352],[-110.9393,31.432],[-110.9404,31.42],[-111.1631,31.4209],[-111.1649,31.4932],[-111.1628,31.5438],[-111.1643,31.5512],[-111.1642,31.7259],[-110.9575,31.7267],[-110.9573,31.5856],[-110.9688,31.5757],[-110.9769,31.5728],[-110.978,31.5654],[-110.9803,31.5634],[-110.981,31.5499],[-110.987,31.5462],[-110.9872,31.5412],[-110.981,31.5368],[-110.9603,31.5285],[-110.9594,31.4875],[-110.8984,31.4873],[-110.8866,31.4799],[-110.8736,31.4845]]]}},{"type":"Feature","properties":{"leaid":"0407570","name":"Scottsdale Unified District","kind":"Unified","gradeLow":"PK","gradeHigh":"12","state":"AZ"},"geometry":{"type":"Polygon","coordinates":[[[-111.7872,33.6982],[-111.7873,33.6114],[-111.7702,33.6114],[-111.7701,33.5969],[-111.7614,33.5969],[-111.7614,33.5896],[-111.7701,33.5897],[-111.7701,33.5679],[-111.8913,33.568],[-111.892,33.4513],[-111.944,33.4511],[-111.9432,33.4802],[-111.9955,33.4804],[-111.9958,33.5971],[-111.8914,33.5965],[-111.8906,33.698],[-111.7872,33.6982]]]}},{"type":"Feature","properties":{"leaid":"0407630","name":"Seligman Unified District","kind":"Unified","gradeLow":"PK","gradeHigh":"12","state":"AZ"},"geometry":{"type":"Polygon","coordinates":[[[-113.3012,35.5312],[-113.2923,35.5293],[-113.2812,35.5291],[-113.2673,35.531],[-113.2614,35.5301],[-113.2536,35.5266],[-113.2484,35.5219],[-113.2335,35.5164],[-113.2187,35.5091],[-113.1977,35.5108],[-113.1716,35.5055],[-113.1547,35.4939],[-113.1517,35.4898],[-113.147,35.4785],[-113.0845,35.4519],[-112.975,35.3916],[-112.9679,35.3858],[-112.9632,35.3794],[-112.9532,35.3529],[-112.9448,35.3525],[-112.8881,35.3432],[-112.8149,35.3268],[-112.8037,35.3252],[-112.797,35.323],[-112.7851,35.3158],[-112.7701,35.3152],[-112.7633,35.3133],[-112.7634,35.1533],[-112.7367,35.1534],[-112.7335,34.9826],[-112.958,34.9829],[-112.9584,34.9772],[-113.0235,34.9757],[-113.1773,34.9755],[-113.1783,34.8923],[-113.1806,34.8401],[-113.1578,34.8409],[-113.1574,34.8059],[-113.145,34.8058],[-113.1451,34.7209],[-113.2327,34.7207],[-113.2327,34.7352],[-113.2152,34.7352],[-113.2155,34.7501],[-113.198,34.7501],[-113.1977,34.7645],[-113.2499,34.7642],[-113.2498,34.7207],[-113.333,34.7209],[-113.333,35.4604],[-113.3342,35.5282],[-113.3188,35.5308],[-113.3012,35.5312]]]}},{"type":"Feature","properties":{"leaid":"0407700","name":"Show Low Unified District","kind":"Unified","gradeLow":"PK","gradeHigh":"12","state":"AZ"},"geometry":{"type":"Polygon","coordinates":[[[-109.8484,34.3883],[-109.849,34.2276],[-110.0406,34.2274],[-110.0407,34.2005],[-110.0418,34.2042],[-110.0439,34.2045],[-110.0478,34.2022],[-110.0557,34.2],[-110.06,34.1959],[-110.0671,34.1951],[-110.0728,34.1912],[-110.075,34.1912],[-110.0776,34.1943],[-110.0767,34.1986],[-110.0867,34.2105],[-110.087,34.2124],[-110.0951,34.2073],[-110.1007,34.2058],[-110.1026,34.2028],[-110.1083,34.2019],[-110.1112,34.2057],[-110.1138,34.2068],[-110.1168,34.2132],[-110.1186,34.2138],[-110.1232,34.2124],[-110.1361,34.2136],[-110.1387,34.2164],[-110.1397,34.2159],[-110.1499,34.2215],[-110.1583,34.222],[-110.1592,34.226],[-110.1641,34.2286],[-110.1627,34.2338],[-110.1638,34.2352],[-110.1708,34.2391],[-110.1766,34.239],[-110.1773,34.2375],[-110.1794,34.2371],[-110.1815,34.2384],[-110.1878,34.2385],[-110.1922,34.2429],[-110.1927,34.2471],[-110.1974,34.2495],[-110.2,34.2494],[-110.2013,34.2509],[-110.2026,34.251],[-110.2027,34.2475],[-110.2061,34.245],[-110.2165,34.2438],[-110.2222,34.2404],[-110.2307,34.2307],[-110.2317,34.2247],[-110.2392,34.2197],[-110.2421,34.2192],[-110.2507,34.2194],[-110.2616,34.2168],[-110.2738,34.2169],[-110.2879,34.2188],[-110.2961,34.2227],[-110.3046,34.2342],[-110.3135,34.2357],[-110.3203,34.2395],[-110.3227,34.2393],[-110.3261,34.2358],[-110.3355,34.2334],[-110.3376,34.234],[-110.3482,34.2398],[-110.3551,34.2518],[-110.3632,34.2556],[-110.3694,34.2568],[-110.373,34.2601],[-110.374,34.2626],[-110.3711,34.2655],[-110.3732,34.2713],[-110.3712,34.2756],[-110.3743,34.2794],[-110.3817,34.2808],[-110.382,34.2826],[-110.3843,34.2835],[-110.3892,34.2822],[-110.3932,34.2842],[-110.3932,34.2875],[-110.3947,34.2885],[-110.4047,34.2885],[-110.4069,34.2902],[-110.407,34.2928],[-110.4082,34.292],[-110.4128,34.2944],[-110.4173,34.2937],[-110.4167,34.2965],[-110.4191,34.2975],[-110.4237,34.3056],[-110.4249,34.3059],[-110.425,34.3874],[-110.194,34.3877],[-110.1757,34.3873],[-110.1757,34.3823],[-110.0698,34.382],[-110.0697,34.388],[-109.9696,34.3877],[-109.912,34.3895],[-109.8484,34.3883]]]}},{"type":"Feature","properties":{"leaid":"0407750","name":"Deer Valley Unified District","kind":"Unified","gradeLow":"PK","gradeHigh":"12","state":"AZ"},"geometry":{"type":"Polygon","coordinates":[[[-112.1648,34.0482],[-111.9962,34.0299],[-111.9955,33.7272],[-112.048,33.7264],[-112.0485,33.6844],[-112.05,33.681],[-112.0514,33.681],[-112.0539,33.6774],[-112.0493,33.6723],[-112.0485,33.6689],[-112.0829,33.6685],[-112.0828,33.6402],[-112.2378,33.638],[-112.2371,33.6454],[-112.2345,33.6454],[-112.2328,33.6633],[-112.2269,33.6717],[-112.2225,33.6816],[-112.2204,33.6816],[-112.2207,33.7251],[-112.2383,33.7249],[-112.2381,33.7148],[-112.2466,33.7148],[-112.2465,33.7179],[-112.2549,33.7181],[-112.2554,33.7249],[-112.273,33.7249],[-112.273,33.8943],[-112.2657,33.8981],[-112.2589,33.905],[-112.243,33.9054],[-112.2407,33.9083],[-112.2436,33.9131],[-112.2429,33.9155],[-112.2366,33.9151],[-112.2351,33.9164],[-112.2316,33.936],[-112.236,33.9395],[-112.2414,33.9405],[-112.2358,33.9473],[-112.2403,33.9505],[-112.2403,33.9566],[-112.2292,33.9542],[-112.223,33.96],[-112.2146,33.9636],[-112.215,33.9671],[-112.2078,33.9699],[-112.2014,33.9707],[-112.1968,33.9739],[-112.1941,33.9779],[-112.1927,33.9919],[-112.1897,33.9954],[-112.1862,33.9972],[-112.1849,34.0006],[-112.1805,34.0036],[-112.1804,34.0057],[-112.1833,34.0099],[-112.1829,34.0125],[-112.1764,34.0144],[-112.172,34.0178],[-112.1697,34.0169],[-112.1667,34.0127],[-112.1644,34.0131],[-112.1611,34.0186],[-112.1648,34.027],[-112.1647,34.0363],[-112.1587,34.04],[-112.1536,34.0409],[-112.1584,34.0438],[-112.1616,34.0423],[-112.1628,34.0469],[-112.1648,34.0482]]]}},{"type":"Feature","properties":{"leaid":"0408020","name":"St. David Unified District","kind":"Unified","gradeLow":"PK","gradeHigh":"12","state":"AZ"},"geometry":{"type":"Polygon","coordinates":[[[-110.0438,31.9346],[-110.0436,31.8253],[-110.0471,31.825],[-110.0459,31.8225],[-110.0436,31.8227],[-110.0436,31.8179],[-110.1465,31.8184],[-110.1461,31.7749],[-110.2475,31.7739],[-110.2469,31.7452],[-110.2483,31.7451],[-110.2629,31.7308],[-110.4523,31.7305],[-110.4523,31.8181],[-110.4511,31.8181],[-110.4505,31.8472],[-110.4508,31.9051],[-110.4083,31.9054],[-110.4084,31.8755],[-110.3658,31.8756],[-110.366,31.905],[-110.3484,31.9054],[-110.3493,31.9486],[-110.2681,31.9495],[-110.1787,31.9483],[-110.1466,31.9494],[-110.1471,31.9785],[-110.0957,31.9784],[-110.0953,31.9929],[-110.0916,31.9932],[-110.0608,31.9928],[-110.0611,31.9344],[-110.0438,31.9346]]]}},{"type":"Feature","properties":{"leaid":"0408080","name":"St. Johns Unified District","kind":"Unified","gradeLow":"PK","gradeHigh":"12","state":"AZ"},"geometry":{"type":"Polygon","coordinates":[[[-109.0462,34.905],[-109.0465,34.3873],[-109.2715,34.3889],[-109.533,34.3875],[-109.5329,34.4746],[-109.5249,34.4753],[-109.5258,34.5675],[-109.6012,34.5647],[-109.6066,34.5664],[-109.6121,34.5644],[-109.6817,34.5615],[-109.7517,34.5622],[-109.7492,34.5854],[-109.7427,34.6224],[-109.7385,34.6231],[-109.7373,34.6309],[-109.7484,34.6315],[-109.7464,34.6481],[-109.8507,34.6465],[-109.8519,34.8225],[-109.8446,34.8226],[-109.8449,34.9095],[-109.7719,34.9094],[-109.7542,34.9108],[-109.7375,34.91],[-109.731,34.9084],[-109.7203,34.9096],[-109.5083,34.9082],[-109.5072,34.9054],[-109.5016,34.9081],[-109.1998,34.9073],[-109.0462,34.905]]]}},{"type":"Feature","properties":{"leaid":"0408170","name":"Sunnyside Unified District","kind":"Unified","gradeLow":"PK","gradeHigh":"12","state":"AZ"},"geometry":{"type":"Polygon","coordinates":[[[-110.8579,32.163],[-110.859,32.0304],[-110.9613,32.0303],[-110.9612,32.0758],[-111.0351,32.0749],[-111.0492,32.0651],[-111.051,32.0665],[-111.0785,32.0709],[-111.094,32.0748],[-111.217,32.0752],[-111.2172,32.1037],[-111.0194,32.1049],[-111.0197,32.1484],[-111.0116,32.1484],[-111.0115,32.1194],[-110.992,32.1193],[-110.992,32.122],[-110.995,32.1246],[-110.9918,32.1268],[-110.9909,32.1293],[-110.9947,32.142],[-110.9926,32.1441],[-110.9943,32.1481],[-110.9915,32.1539],[-110.9927,32.1632],[-110.8579,32.163]]]}},{"type":"Feature","properties":{"leaid":"0408230","name":"Superior Unified School District","kind":"Unified","gradeLow":"KG","gradeHigh":"12","state":"AZ"},"geometry":{"type":"Polygon","coordinates":[[[-110.9467,33.2501],[-110.8656,33.1195],[-110.9281,33.1196],[-110.9283,33.1339],[-110.9622,33.1339],[-110.9624,33.2208],[-111.0623,33.221],[-111.0623,33.2059],[-111.0669,33.2059],[-111.067,33.1151],[-111.0764,33.1187],[-111.0831,33.1165],[-111.0868,33.1136],[-111.0924,33.1121],[-111.1005,33.1121],[-111.1012,33.1087],[-111.1114,33.1073],[-111.1162,33.1033],[-111.1273,33.1049],[-111.1349,33.1039],[-111.1391,33.1108],[-111.149,33.1118],[-111.1591,33.1086],[-111.1591,33.0994],[-111.16,33.0979],[-111.1645,33.0963],[-111.1639,33.2493],[-111.269,33.2492],[-111.2689,33.2059],[-111.3924,33.206],[-111.3925,33.2493],[-111.3755,33.2495],[-111.3755,33.2928],[-111.2691,33.2922],[-111.2697,33.4659],[-111.04,33.466],[-110.9747,33.3421],[-110.9467,33.2501]]]}},{"type":"Feature","properties":{"leaid":"0408410","name":"Thatcher Unified District","kind":"Unified","gradeLow":"PK","gradeHigh":"12","state":"AZ"},"geometry":{"type":"Polygon","coordinates":[[[-109.742,32.4271],[-109.7895,32.4271],[-109.7899,32.5141],[-109.7863,32.5144],[-109.7855,32.5219],[-109.7864,32.5232],[-109.7865,32.5354],[-109.8045,32.5354],[-109.8058,32.6665],[-109.8046,32.8785],[-109.8056,32.8965],[-109.8117,32.8994],[-109.8046,32.901],[-109.8046,32.9036],[-109.8097,32.9034],[-109.8092,32.9073],[-109.8203,32.907],[-109.8208,32.9085],[-109.8207,32.9104],[-109.8183,32.911],[-109.8184,32.918],[-109.7923,32.9176],[-109.7924,32.9444],[-109.7567,32.9445],[-109.7567,32.8866],[-109.7331,32.8866],[-109.7334,32.8821],[-109.7211,32.8815],[-109.733,32.8818],[-109.733,32.8288],[-109.7398,32.829],[-109.7398,32.8277],[-109.7414,32.8277],[-109.7415,32.8144],[-109.7398,32.8146],[-109.7398,32.8191],[-109.733,32.8189],[-109.7335,32.7439],[-109.7248,32.7435],[-109.7339,32.7436],[-109.7342,32.5138],[-109.7422,32.5139],[-109.742,32.4271]]]}},{"type":"Feature","properties":{"leaid":"0408600","name":"Tombstone Unified District","kind":"Unified","gradeLow":"PK","gradeHigh":"12","state":"AZ"},"geometry":{"type":"Polygon","coordinates":[[[-109.9626,31.9347],[-109.9618,31.9288],[-109.9637,31.9256],[-109.9621,31.9059],[-109.9541,31.9061],[-109.9538,31.8911],[-109.9366,31.8914],[-109.9389,31.8175],[-109.9132,31.8178],[-109.8878,31.7884],[-109.8645,31.7582],[-109.8532,31.7582],[-109.8298,31.7796],[-109.8196,31.7586],[-109.7615,31.7587],[-109.7634,31.7299],[-109.7721,31.73],[-109.7735,31.6416],[-109.8525,31.6412],[-109.8519,31.5532],[-110.0036,31.554],[-110.0534,31.5531],[-110.0534,31.5558],[-110.1041,31.5555],[-110.1036,31.6431],[-110.2057,31.6432],[-110.2058,31.6869],[-110.2395,31.6872],[-110.2396,31.6724],[-110.2653,31.6723],[-110.2653,31.665],[-110.2823,31.665],[-110.2816,31.663],[-110.3119,31.6542],[-110.3121,31.6432],[-110.3252,31.6431],[-110.3253,31.6352],[-110.3294,31.6351],[-110.3295,31.6202],[-110.3338,31.6201],[-110.3338,31.614],[-110.3369,31.6202],[-110.4468,31.6078],[-110.4478,31.5851],[-110.4608,31.5851],[-110.4608,31.6139],[-110.4522,31.6139],[-110.4523,31.7305],[-110.2629,31.7308],[-110.2483,31.7451],[-110.2469,31.7452],[-110.2475,31.7739],[-110.1461,31.7749],[-110.1465,31.8184],[-110.0436,31.8179],[-110.0436,31.8227],[-110.0459,31.8225],[-110.0471,31.825],[-110.0436,31.8253],[-110.0438,31.9346],[-109.9626,31.9347]]]}},{"type":"Feature","properties":{"leaid":"0408680","name":"Tuba City Unified District","kind":"Unified","gradeLow":"PK","gradeHigh":"12","state":"AZ"},"geometry":{"type":"Polygon","coordinates":[[[-110.7507,36.5586],[-110.7507,35.5237],[-110.8599,35.5233],[-110.8678,35.5254],[-110.8824,35.5261],[-110.9003,35.5242],[-110.9876,35.5253],[-110.9896,35.5243],[-111.0006,35.5244],[-111.0006,35.4955],[-111.2443,35.4954],[-111.2499,35.5106],[-111.258,35.5164],[-111.2565,35.5312],[-111.2671,35.5461],[-111.2665,35.556],[-111.2723,35.5679],[-111.2824,35.5781],[-111.287,35.5802],[-111.293,35.58],[-111.2951,35.5843],[-111.3041,35.585],[-111.3064,35.5866],[-111.3097,35.5951],[-111.3065,35.6005],[-111.3065,35.6051],[-111.316,35.6127],[-111.3185,35.6168],[-111.3184,35.6206],[-111.3148,35.6304],[-111.3147,35.6358],[-111.3198,35.6444],[-111.3239,35.6465],[-111.33,35.6524],[-111.3318,35.658],[-111.3293,35.6647],[-111.3227,35.6714],[-111.3228,35.6802],[-111.3291,35.6894],[-111.3242,35.6994],[-111.3102,35.702],[-111.3053,35.7054],[-111.3054,35.7088],[-111.3104,35.7132],[-111.3127,35.7217],[-111.322,35.7342],[-111.3225,35.7375],[-111.3196,35.75],[-111.3205,35.7571],[-111.5367,35.7573],[-111.5367,35.6992],[-111.5545,35.6992],[-111.5546,35.6412],[-111.5898,35.6412],[-111.5898,35.6433],[-111.5956,35.6438],[-111.6342,35.6432],[-111.6342,35.6722],[-111.7465,35.6721],[-111.7466,35.7451],[-111.6932,35.7451],[-111.6933,35.825],[-111.7111,35.8249],[-111.7111,35.8471],[-111.7262,35.847],[-111.726,35.9486],[-111.7171,35.9486],[-111.7171,35.9776],[-111.726,35.9777],[-111.726,35.9922],[-111.7439,35.9921],[-111.7439,36.0066],[-111.7624,36.0067],[-111.7626,36.1984],[-111.7689,36.1961],[-111.7748,36.1981],[-111.7786,36.1917],[-111.7838,36.1898],[-111.7919,36.1928],[-111.7993,36.1928],[-111.8008,36.203],[-111.8089,36.2137],[-111.8143,36.2239],[-111.8206,36.2313],[-111.8244,36.2392],[-111.8262,36.263],[-111.8297,36.2644],[-111.8392,36.277],[-111.8447,36.2809],[-111.8588,36.2965],[-111.8558,36.3009],[-111.8558,36.3057],[-111.8623,36.3093],[-111.8646,36.3122],[-111.8634,36.3183],[-111.8584,36.3291],[-111.8608,36.3376],[-111.87,36.3454],[-111.8743,36.3541],[-111.8847,36.3619],[-111.8915,36.3707],[-111.8887,36.3764],[-111.8757,36.3807],[-111.8545,36.3848],[-111.8054,36.3853],[-111.7485,36.3839],[-111.6499,36.3849],[-111.357,36.3845],[-111.3588,36.4534],[-111.359,36.5591],[-111.2056,36.5589],[-111.1728,36.5601],[-111.1568,36.559],[-111.0597,36.5589],[-111.0587,36.5588],[-111.0574,36.5558],[-111.047,36.5533],[-111.0306,36.5588],[-111.0096,36.5592],[-110.7507,36.5586]]]}},{"type":"Feature","properties":{"leaid":"0408800","name":"Tucson Unified District","kind":"Unified","gradeLow":"PK","gradeHigh":"12","state":"AZ"},"geometry":{"type":"Polygon","coordinates":[[[-110.7554,32.3377],[-110.7552,32.3087],[-110.7729,32.3089],[-110.7727,32.2382],[-110.7688,32.2371],[-110.765,32.2395],[-110.7556,32.241],[-110.7557,32.1628],[-110.9927,32.1632],[-110.9915,32.1539],[-110.9943,32.1481],[-110.9926,32.1441],[-110.9947,32.142],[-110.9909,32.1293],[-110.9918,32.1268],[-110.995,32.1246],[-110.992,32.122],[-110.992,32.1193],[-111.0115,32.1194],[-111.0116,32.1484],[-111.0197,32.1484],[-111.0194,32.1049],[-111.1661,32.1042],[-111.1666,32.2207],[-111.0969,32.2208],[-111.0969,32.3087],[-111.0629,32.3087],[-111.0628,32.2942],[-111.0381,32.2942],[-111.036,32.2906],[-111.0312,32.2875],[-111.0274,32.2779],[-111.017,32.2739],[-111.0131,32.266],[-111.0095,32.2626],[-111.0086,32.2574],[-111.0007,32.2564],[-110.9968,32.2505],[-110.9525,32.2503],[-110.9525,32.2519],[-110.9439,32.252],[-110.9438,32.2857],[-110.9391,32.2858],[-110.9391,32.2933],[-110.9257,32.2933],[-110.9247,32.2947],[-110.9137,32.2931],[-110.8746,32.2938],[-110.864,32.2927],[-110.858,32.2944],[-110.8068,32.2945],[-110.807,32.3232],[-110.824,32.3232],[-110.8241,32.3378],[-110.7554,32.3377]]]}},{"type":"Feature","properties":{"leaid":"0408850","name":"Vail Unified District","kind":"Unified","gradeLow":"PK","gradeHigh":"12","state":"AZ"},"geometry":{"type":"Polygon","coordinates":[[[-110.8579,32.163],[-110.553,32.1627],[-110.5536,32.0559],[-110.5454,32.056],[-110.5453,32.0487],[-110.4515,32.0497],[-110.4512,31.9477],[-110.6042,31.9481],[-110.6041,31.9046],[-110.6553,31.9041],[-110.6551,31.8179],[-110.758,31.818],[-110.7573,31.8902],[-110.7768,31.8899],[-110.7927,31.8874],[-110.7944,31.8909],[-110.7937,31.9046],[-110.858,31.9046],[-110.8595,31.9693],[-110.8579,32.163]]]}},{"type":"Feature","properties":{"leaid":"0409160","name":"Whiteriver Unified District","kind":"Unified","gradeLow":"PK","gradeHigh":"12","state":"AZ"},"geometry":{"type":"Polygon","coordinates":[[[-110.4283,34.3056],[-110.4237,34.3056],[-110.4191,34.2975],[-110.4167,34.2965],[-110.4173,34.2937],[-110.4128,34.2944],[-110.4082,34.292],[-110.407,34.2928],[-110.4069,34.2902],[-110.4047,34.2885],[-110.3947,34.2885],[-110.3932,34.2875],[-110.3932,34.2842],[-110.3892,34.2822],[-110.3843,34.2835],[-110.382,34.2826],[-110.3817,34.2808],[-110.3743,34.2794],[-110.3712,34.2756],[-110.3732,34.2713],[-110.3711,34.2655],[-110.374,34.2626],[-110.373,34.2601],[-110.3694,34.2568],[-110.3632,34.2556],[-110.3551,34.2518],[-110.3482,34.2398],[-110.3376,34.234],[-110.3355,34.2334],[-110.3261,34.2358],[-110.3227,34.2393],[-110.3203,34.2395],[-110.3135,34.2357],[-110.3046,34.2342],[-110.2961,34.2227],[-110.2879,34.2188],[-110.2738,34.2169],[-110.2616,34.2168],[-110.2507,34.2194],[-110.2421,34.2192],[-110.2392,34.2197],[-110.2317,34.2247],[-110.2307,34.2307],[-110.2222,34.2404],[-110.2165,34.2438],[-110.2061,34.245],[-110.2027,34.2475],[-110.2026,34.251],[-110.2013,34.2509],[-110.2,34.2494],[-110.1974,34.2495],[-110.1927,34.2471],[-110.1922,34.2429],[-110.1878,34.2385],[-110.1815,34.2384],[-110.1794,34.2371],[-110.1773,34.2375],[-110.1766,34.239],[-110.1708,34.2391],[-110.1638,34.2352],[-110.1627,34.2338],[-110.1641,34.2286],[-110.1592,34.226],[-110.1583,34.222],[-110.1499,34.2215],[-110.1397,34.2159],[-110.1387,34.2164],[-110.1361,34.2136],[-110.1232,34.2124],[-110.1186,34.2138],[-110.1168,34.2132],[-110.1138,34.2068],[-110.1112,34.2057],[-110.1083,34.2019],[-110.1026,34.2028],[-110.1007,34.2058],[-110.0951,34.2073],[-110.087,34.2124],[-110.0867,34.2105],[-110.0767,34.1986],[-110.0776,34.1943],[-110.075,34.1912],[-110.072,34.1915],[-110.0671,34.1951],[-110.06,34.1959],[-110.0542,34.2007],[-110.0478,34.2022],[-110.0439,34.2045],[-110.0418,34.2042],[-110.0409,34.198],[-110.0367,34.1969],[-110.0332,34.1935],[-110.034,34.1904],[-110.0314,34.1874],[-110.0301,34.1863],[-110.029,34.1873],[-110.0248,34.1844],[-110.0243,34.1823],[-110.0159,34.1746],[-110.0176,34.1722],[-110.0182,34.1677],[-110.0138,34.165],[-110.0108,34.165],[-110.0106,34.161],[-110.0144,34.1586],[-110.0145,34.1559],[-110.0107,34.1516],[-110.0123,34.15],[-110.0121,34.1475],[-110.0075,34.1465],[-110.002,34.142],[-109.9956,34.1436],[-109.9808,34.139],[-109.9755,34.125],[-109.9754,34.1217],[-109.978,34.1172],[-109.9681,34.1091],[-109.9596,34.1135],[-109.947,34.1149],[-109.9385,34.1113],[-109.9393,34.1108],[-109.9352,34.1096],[-109.93,34.1053],[-109.9241,34.1029],[-109.916,34.1016],[-109.9035,34.1022],[-109.8975,34.0991],[-109.8922,34.0983],[-109.8859,34.1008],[-109.8827,34.1047],[-109.8747,34.1048],[-109.8675,34.108],[-109.8624,34.1081],[-109.8592,34.1095],[-109.8593,33.7777],[-109.8918,33.7778],[-109.8917,33.5679],[-109.8966,33.568],[-109.898,33.5741],[-109.9004,33.5754],[-109.915,33.5755],[-109.9234,33.5675],[-109.937,33.5705],[-109.9419,33.5685],[-109.95,33.5732],[-109.9601,33.5726],[-109.9612,33.574],[-109.9604,33.5789],[-109.9622,33.5798],[-109.966,33.5787],[-109.9669,33.5725],[-109.9695,33.5773],[-109.9811,33.5763],[-109.9839,33.5791],[-109.9951,33.5826],[-110.0006,33.5769],[-110.0007,33.727],[-110.0437,33.727],[-110.0616,33.7256],[-110.0871,33.727],[-110.5286,33.7265],[-110.5259,33.8144],[-110.5404,33.8245],[-110.5511,33.8267],[-110.555,33.8301],[-110.5555,33.8361],[-110.5578,33.8383],[-110.5607,33.837],[-110.5627,33.8335],[-110.5633,33.8286],[-110.5669,33.825],[-110.5853,33.8361],[-110.5874,33.835],[-110.5916,33.8291],[-110.5978,33.8317],[-110.6003,33.831],[-110.6069,33.8232],[-110.6119,33.8232],[-110.6165,33.8214],[-110.6185,33.8222],[-110.6207,33.826],[-110.6237,33.8256],[-110.6261,33.8228],[-110.6239,33.813],[-110.6299,33.8078],[-110.6318,33.8111],[-110.6382,33.812],[-110.6422,33.8157],[-110.65,33.8157],[-110.6491,33.8119],[-110.6568,33.8103],[-110.6582,33.8088],[-110.6585,33.8062],[-110.656,33.8039],[-110.6556,33.8013],[-110.6616,33.7973],[-110.665,33.7928],[-110.6697,33.7908],[-110.672,33.7873],[-110.6763,33.7744],[-110.6793,33.772],[-110.6868,33.7704],[-110.6892,33.7684],[-110.6915,33.7609],[-110.6914,33.7531],[-110.6936,33.7507],[-110.692,33.7456],[-110.6893,33.7422],[-110.69,33.7405],[-110.7044,33.7397],[-110.7105,33.7358],[-110.7158,33.7292],[-110.7187,33.7299],[-110.723,33.729],[-110.723,33.7252],[-110.7166,33.7197],[-110.7182,33.7118],[-110.7269,33.7109],[-110.7297,33.7118],[-110.737,33.7098],[-110.7373,33.7074],[-110.7307,33.7057],[-110.7295,33.7031],[-110.7331,33.6985],[-110.7376,33.6966],[-110.7416,33.6962],[-110.7444,33.6978],[-110.7505,33.7253],[-110.7787,33.8307],[-110.7813,33.847],[-110.7815,33.8756],[-110.7832,33.8979],[-110.7831,34.2999],[-110.7646,34.2924],[-110.7613,34.2879],[-110.7579,34.2793],[-110.7618,34.2762],[-110.7623,34.273],[-110.7673,34.2673],[-110.767,34.259],[-110.7632,34.2584],[-110.7507,34.2633],[-110.7507,34.2647],[-110.739,34.2707],[-110.7303,34.2666],[-110.7174,34.2698],[-110.7111,34.2682],[-110.7066,34.2709],[-110.7005,34.2711],[-110.6978,34.27],[-110.6767,34.275],[-110.672,34.2773],[-110.6591,34.2742],[-110.6495,34.266],[-110.6443,34.2663],[-110.6442,34.2692],[-110.6408,34.2686],[-110.6393,34.2846],[-110.6362,34.288],[-110.6286,34.2887],[-110.6166,34.2867],[-110.6012,34.2892],[-110.597,34.2913],[-110.584,34.2874],[-110.5822,34.2817],[-110.5768,34.2767],[-110.5714,34.2743],[-110.5689,34.2748],[-110.5654,34.2813],[-110.5475,34.2714],[-110.542,34.2713],[-110.5377,34.2743],[-110.5404,34.2775],[-110.5403,34.2825],[-110.5339,34.2849],[-110.524,34.2925],[-110.5221,34.2971],[-110.5118,34.303],[-110.4933,34.3008],[-110.4757,34.3004],[-110.4706,34.3034],[-110.4569,34.3029],[-110.456,34.3054],[-110.4407,34.3001],[-110.437,34.3004],[-110.4332,34.3037],[-110.4332,34.3052],[-110.4313,34.3054],[-110.4311,34.3071],[-110.4283,34.3056]]]}},{"type":"Feature","properties":{"leaid":"0409190","name":"Wickenburg Unified District","kind":"Unified","gradeLow":"PK","gradeHigh":"12","state":"AZ"},"geometry":{"type":"Polygon","coordinates":[[[-112.2028,33.9859],[-112.2029,33.9705],[-112.215,33.9671],[-112.2146,33.9636],[-112.223,33.96],[-112.2292,33.9542],[-112.2403,33.9566],[-112.2403,33.9505],[-112.2358,33.9473],[-112.2414,33.9405],[-112.236,33.9395],[-112.2316,33.936],[-112.2351,33.9164],[-112.2366,33.9151],[-112.2429,33.9155],[-112.2436,33.9131],[-112.2412,33.91],[-112.2414,33.9065],[-112.243,33.9054],[-112.2567,33.9054],[-112.2607,33.904],[-112.2657,33.8981],[-112.2767,33.8921],[-112.2776,33.8886],[-112.2762,33.8825],[-112.685,33.9852],[-112.6852,33.9272],[-112.7031,33.9129],[-112.703,33.8984],[-112.7074,33.8984],[-112.7075,33.7822],[-112.6203,33.7822],[-112.6209,33.724],[-112.6079,33.7241],[-112.608,33.6969],[-112.513,33.6969],[-112.5133,33.6388],[-112.6958,33.6396],[-112.9338,33.6394],[-112.9339,33.638],[-113.1274,33.6386],[-113.1272,33.7245],[-113.142,33.7246],[-113.142,34.0],[-112.8242,33.9999],[-112.8242,34.0578],[-112.8278,34.059],[-112.8265,34.0605],[-112.8275,34.0617],[-112.8255,34.0612],[-112.8253,34.0711],[-112.6604,34.0714],[-112.6588,34.07],[-112.6176,34.0712],[-112.6173,34.1128],[-112.5168,34.113],[-112.5163,33.9842],[-112.4974,33.9846],[-112.4978,33.9991],[-112.428,33.9991],[-112.428,33.9846],[-112.393,33.9842],[-112.393,33.9701],[-112.3081,33.9697],[-112.3076,33.9854],[-112.2028,33.9859]]]}},{"type":"Feature","properties":{"leaid":"0409250","name":"Willcox Unified District","kind":"Unified","gradeLow":"PK","gradeHigh":"12","state":"AZ"},"geometry":{"type":"Polygon","coordinates":[[[-110.2513,32.4266],[-109.7225,32.4268],[-109.7227,32.3614],[-109.7144,32.3615],[-109.7143,32.3397],[-109.7128,32.3396],[-109.7129,32.2386],[-109.6874,32.2386],[-109.6875,32.2096],[-109.6357,32.2096],[-109.6359,32.253],[-109.5446,32.2531],[-109.5283,32.2553],[-109.5275,32.2502],[-109.5169,32.2381],[-109.5332,32.23],[-109.5333,32.1658],[-109.4819,32.1659],[-109.4828,32.0795],[-109.3366,32.0795],[-109.3376,32.0674],[-109.3364,32.0628],[-109.3362,32.0368],[-109.3898,32.0367],[-109.3896,32.0149],[-109.3712,32.0149],[-109.3712,32.0109],[-109.3537,32.011],[-109.3537,32.0071],[-109.3719,32.0072],[-109.3718,31.985],[-109.3379,31.9853],[-109.3367,31.9488],[-109.373,31.9485],[-109.3722,31.9057],[-109.3781,31.903],[-109.388,31.9057],[-109.4407,31.905],[-109.4405,31.9489],[-109.5931,31.9488],[-109.5931,31.9922],[-109.661,31.9926],[-109.6953,31.9926],[-109.6953,31.9786],[-109.6875,31.9772],[-109.6783,31.978],[-109.66,31.9814],[-109.6609,31.9851],[-109.6439,31.9857],[-109.6439,31.9636],[-109.6518,31.9635],[-109.6521,31.9488],[-109.6612,31.9489],[-109.6615,31.9635],[-109.6995,31.9635],[-109.6959,31.9034],[-109.7156,31.9035],[-109.7219,31.9055],[-109.7447,31.9055],[-109.7452,31.9483],[-109.7964,31.949],[-109.7959,31.9926],[-109.813,31.9926],[-109.8139,32.0504],[-109.8478,32.0505],[-109.848,32.0795],[-109.8412,32.0796],[-109.8407,32.1453],[-109.9944,32.1446],[-109.9944,32.1664],[-110.0455,32.166],[-110.0458,32.2679],[-110.2504,32.2674],[-110.2513,32.4266]]]}},{"type":"Feature","properties":{"leaid":"0409310","name":"Williams Unified District","kind":"Unified","gradeLow":"PK","gradeHigh":"12","state":"AZ"},"geometry":{"type":"Polygon","coordinates":[[[-112.329,36.0204],[-112.3309,35.9587],[-112.3286,35.9059],[-112.3286,35.7628],[-112.2642,35.7624],[-112.2551,35.7641],[-112.2522,35.7623],[-112.1148,35.7621],[-112.1137,35.9338],[-111.9043,35.934],[-111.9041,35.6297],[-111.9048,35.4971],[-111.9066,35.4971],[-111.9066,35.4568],[-112.0134,35.4564],[-112.013,35.3233],[-112.054,35.3232],[-112.0553,35.2876],[-112.0542,35.2874],[-112.0538,35.2532],[-112.057,35.2518],[-112.0569,35.2506],[-112.0884,35.2504],[-112.0883,35.236],[-112.1243,35.2357],[-112.1249,35.2052],[-112.1245,35.1468],[-112.019,35.1479],[-112.019,35.1046],[-111.9118,35.1049],[-111.9121,34.9763],[-112.0007,34.9765],[-112.0219,34.9758],[-112.0219,34.9741],[-112.3345,34.973],[-112.3358,35.1482],[-112.4423,35.1492],[-112.4424,35.2592],[-112.4408,35.2605],[-112.4413,35.3256],[-112.5491,35.3254],[-112.5483,35.2377],[-112.5774,35.2434],[-112.604,35.2692],[-112.6111,35.2726],[-112.6206,35.2748],[-112.6179,35.2839],[-112.619,35.2904],[-112.6237,35.2963],[-112.6311,35.3001],[-112.6368,35.3009],[-112.6442,35.2999],[-112.6496,35.2975],[-112.6555,35.292],[-112.659,35.2918],[-112.6605,35.2922],[-112.6671,35.3007],[-112.6764,35.3067],[-112.6936,35.3115],[-112.7017,35.3115],[-112.7179,35.3068],[-112.7351,35.305],[-112.7549,35.3062],[-112.7586,35.3105],[-112.7643,35.3137],[-112.7702,35.3152],[-112.7851,35.3158],[-112.797,35.323],[-112.8075,35.3261],[-112.8149,35.3268],[-112.8898,35.3436],[-112.9448,35.3525],[-112.9532,35.3529],[-112.9632,35.3794],[-112.9679,35.3858],[-112.975,35.3916],[-113.0845,35.4519],[-113.147,35.4785],[-113.1517,35.4898],[-113.1547,35.4939],[-113.1716,35.5055],[-113.1977,35.5108],[-113.2187,35.5091],[-113.2335,35.5164],[-113.2484,35.5219],[-113.2536,35.5266],[-113.2614,35.5301],[-113.2673,35.531],[-113.2812,35.5291],[-113.2923,35.5293],[-113.3012,35.5312],[-112.8769,35.8203],[-112.8753,36.0588],[-112.8759,36.1579],[-112.8688,36.1579],[-112.8686,36.1508],[-112.8514,36.1511],[-112.8513,36.1654],[-112.7978,36.1657],[-112.7976,36.1517],[-112.7799,36.1515],[-112.7798,36.1654],[-112.7619,36.1655],[-112.7615,36.1085],[-112.601,36.1078],[-112.6015,36.0495],[-112.5475,36.0498],[-112.5474,36.0348],[-112.5303,36.0343],[-112.5299,36.0207],[-112.5254,36.0205],[-112.5257,36.0026],[-112.5299,36.0024],[-112.5301,35.981],[-112.5261,35.9811],[-112.5262,35.9699],[-112.5216,35.9699],[-112.5214,35.9685],[-112.5215,35.9556],[-112.5259,35.9556],[-112.526,35.9483],[-112.5213,35.9482],[-112.5215,35.9519],[-112.5124,35.9517],[-112.5127,35.9482],[-112.5067,35.9482],[-112.5066,35.952],[-112.5043,35.952],[-112.5042,35.9557],[-112.508,35.9557],[-112.508,35.9592],[-112.5123,35.9591],[-112.5124,35.9699],[-112.5169,35.97],[-112.5168,35.981],[-112.5121,35.9809],[-112.5125,35.9916],[-112.5171,35.9916],[-112.5167,36.0059],[-112.5122,36.006],[-112.5122,36.0206],[-112.329,36.0204]]]}},{"type":"Feature","properties":{"leaid":"0409430","name":"Window Rock Unified District","kind":"Unified","gradeLow":"PK","gradeHigh":"12","state":"AZ"},"geometry":{"type":"Polygon","coordinates":[[[-109.046,35.923],[-109.0468,35.4287],[-109.315,35.427],[-109.315,35.5146],[-109.2945,35.515],[-109.2929,35.5257],[-109.2947,35.5565],[-109.2943,35.7221],[-109.2811,35.7219],[-109.2807,35.8366],[-109.1747,35.8369],[-109.1746,35.9106],[-109.1773,35.9199],[-109.1755,35.9234],[-109.046,35.923]]]}},{"type":"Feature","properties":{"leaid":"0403290","name":"Ganado Unified District","kind":"Unified","gradeLow":"PK","gradeHigh":"12","state":"AZ"},"geometry":{"type":"Polygon","coordinates":[[[-109.2807,35.8366],[-109.2811,35.7219],[-109.2943,35.7221],[-109.2947,35.5565],[-109.2929,35.5257],[-109.2945,35.515],[-109.315,35.5146],[-109.3152,35.4709],[-109.6629,35.4712],[-109.6905,35.4699],[-109.8438,35.4707],[-109.8438,35.5179],[-109.827,35.5178],[-109.827,35.6626],[-110.0007,35.6627],[-110.0006,35.8371],[-109.52,35.8369],[-109.5193,35.8383],[-109.5182,35.8369],[-109.2807,35.8366]]]}},{"type":"Feature","properties":{"leaid":"0406740","name":"Sanders Unified District","kind":"Unified","gradeLow":"PK","gradeHigh":"12","state":"AZ"},"geometry":{"type":"Polygon","coordinates":[[[-109.3152,35.4709],[-109.315,35.427],[-109.0468,35.4287],[-109.046,34.9042],[-109.0462,34.905],[-109.1998,34.9073],[-109.5016,34.9081],[-109.5072,34.9054],[-109.5083,34.9082],[-109.7203,34.9096],[-109.731,34.9084],[-109.7375,34.91],[-109.7542,34.9108],[-109.7719,34.9094],[-109.8449,34.9095],[-109.8434,34.9544],[-109.845,35.0],[-109.8448,35.0852],[-109.8429,35.1702],[-109.8437,35.1702],[-109.844,35.1994],[-109.8438,35.4707],[-109.6905,35.4699],[-109.6629,35.4712],[-109.3152,35.4709]]]}},{"type":"Feature","properties":{"leaid":"0406870","name":"Red Mesa Unified District","kind":"Unified","gradeLow":"PK","gradeHigh":"12","state":"AZ"},"geometry":{"type":"Polygon","coordinates":[[[-109.0452,36.999],[-109.0457,36.4656],[-109.493,36.4662],[-109.6023,36.4656],[-109.6121,36.4631],[-109.6589,36.4655],[-110.0007,36.4661],[-110.0007,36.9983],[-109.0452,36.999]]]}},{"type":"Feature","properties":{"leaid":"0407130","name":"Round Valley Unified District","kind":"Unified","gradeLow":"PK","gradeHigh":"12","state":"AZ"},"geometry":{"type":"Polygon","coordinates":[[[-109.0465,34.3873],[-109.0469,33.908],[-109.1688,33.9075],[-109.1669,33.9072],[-109.2453,33.909],[-109.2455,33.8218],[-109.4363,33.8216],[-109.4362,33.7776],[-109.4951,33.7775],[-109.4963,33.7489],[-109.495,33.7005],[-109.4967,33.6524],[-109.5011,33.6522],[-109.5006,33.6508],[-109.5028,33.65],[-109.5027,33.6456],[-109.5049,33.6435],[-109.5111,33.645],[-109.5119,33.642],[-109.5146,33.6416],[-109.5156,33.6432],[-109.5176,33.6434],[-109.5182,33.6459],[-109.5195,33.6458],[-109.5174,33.6348],[-109.5225,33.6309],[-109.5242,33.6271],[-109.5282,33.6229],[-109.5257,33.622],[-109.5249,33.6188],[-109.5339,33.6197],[-109.5379,33.6245],[-109.5398,33.6248],[-109.5412,33.624],[-109.5416,33.6199],[-109.5441,33.6191],[-109.5437,33.6167],[-109.5469,33.6181],[-109.5467,33.6209],[-109.5502,33.6216],[-109.5549,33.62],[-109.5569,33.6239],[-109.5602,33.6266],[-109.5683,33.6223],[-109.5717,33.6221],[-109.5769,33.618],[-109.5821,33.618],[-109.5817,33.6164],[-109.5798,33.6161],[-109.5816,33.6129],[-109.5857,33.6129],[-109.5871,33.6155],[-109.5898,33.6164],[-109.5985,33.613],[-109.5984,33.6103],[-109.6042,33.6125],[-109.6058,33.6112],[-109.6069,33.6073],[-109.6042,33.6011],[-109.6082,33.5971],[-109.61,33.5928],[-109.612,33.5928],[-109.6138,33.5948],[-109.6157,33.5941],[-109.6201,33.5835],[-109.623,33.5839],[-109.6246,33.5886],[-109.6261,33.5896],[-109.6305,33.5874],[-109.631,33.585],[-109.6323,33.5844],[-109.6447,33.586],[-109.6524,33.5832],[-109.6553,33.5843],[-109.6605,33.5837],[-109.6597,33.5803],[-109.6608,33.5786],[-109.6649,33.5796],[-109.6754,33.5733],[-109.6742,33.5713],[-109.6765,33.5689],[-109.672,33.5682],[-109.6705,33.5666],[-109.6721,33.5595],[-109.6656,33.5579],[-109.665,33.5555],[-109.6708,33.5545],[-109.6788,33.5569],[-109.6786,33.5523],[-109.6851,33.5433],[-109.6907,33.5419],[-109.6912,33.5394],[-109.6959,33.5397],[-109.7006,33.535],[-109.7027,33.536],[-109.7044,33.5399],[-109.7066,33.5399],[-109.7079,33.5373],[-109.7065,33.5344],[-109.707,33.5324],[-109.7095,33.5312],[-109.7162,33.5309],[-109.7162,33.5292],[-109.7127,33.5257],[-109.7221,33.5224],[-109.7214,33.5189],[-109.7251,33.5197],[-109.724,33.522],[-109.7247,33.5232],[-109.7311,33.5216],[-109.7313,33.5199],[-109.728,33.516],[-109.7298,33.5143],[-109.7365,33.5129],[-109.7406,33.5093],[-109.7442,33.5025],[-109.7419,33.4942],[-109.7466,33.4897],[-109.7459,33.4858],[-109.7468,33.4847],[-109.7532,33.4814],[-109.7608,33.4818],[-109.7622,33.481],[-109.7626,33.4775],[-109.7673,33.4754],[-109.7782,33.4772],[-109.784,33.4766],[-109.7845,33.4817],[-109.7919,33.4852],[-109.7966,33.4838],[-109.8009,33.4888],[-109.8046,33.4874],[-109.8022,33.4837],[-109.8027,33.4819],[-109.8048,33.4821],[-109.8065,33.4849],[-109.8122,33.4836],[-109.8135,33.4859],[-109.8125,33.4885],[-109.8078,33.4894],[-109.8089,33.4944],[-109.8067,33.4976],[-109.8091,33.4987],[-109.813,33.4975],[-109.814,33.4992],[-109.8112,33.5008],[-109.8056,33.5002],[-109.804,33.5033],[-109.8057,33.5046],[-109.8136,33.5054],[-109.8184,33.5104],[-109.8235,33.5095],[-109.8212,33.5122],[-109.8212,33.5172],[-109.819,33.52],[-109.8195,33.521],[-109.8261,33.5225],[-109.8235,33.5274],[-109.8242,33.529],[-109.8295,33.5318],[-109.8305,33.5353],[-109.832,33.536],[-109.8335,33.535],[-109.8336,33.5316],[-109.8349,33.5299],[-109.8384,33.5292],[-109.8412,33.5305],[-109.8454,33.5347],[-109.8447,33.5409],[-109.8463,33.5407],[-109.8483,33.5379],[-109.8486,33.5344],[-109.8504,33.5347],[-109.8527,33.5399],[-109.8466,33.5476],[-109.8473,33.55],[-109.8545,33.5453],[-109.8568,33.5488],[-109.8687,33.5577],[-109.8676,33.5597],[-109.8688,33.5624],[-109.872,33.5628],[-109.8779,33.5592],[-109.878,33.5643],[-109.8805,33.567],[-109.8816,33.5713],[-109.8853,33.5682],[-109.8917,33.5679],[-109.8918,33.7778],[-109.8593,33.7777],[-109.8593,33.9804],[-109.5734,33.9801],[-109.567,33.9787],[-109.567,33.9801],[-109.5442,33.9801],[-109.5442,34.1252],[-109.5341,34.1251],[-109.534,34.1488],[-109.5291,34.1665],[-109.5291,34.1687],[-109.534,34.1736],[-109.5333,34.3589],[-109.5345,34.3665],[-109.533,34.3875],[-109.2715,34.3889],[-109.0465,34.3873]]]}},{"type":"Feature","properties":{"leaid":"0403870","name":"Humboldt Unified District","kind":"Unified","gradeLow":"PK","gradeHigh":"12","state":"AZ"},"geometry":{"type":"Polygon","coordinates":[[[-112.2016,34.7156],[-112.2017,34.7012],[-112.1684,34.7012],[-112.1682,34.6576],[-112.0905,34.6576],[-112.0908,34.6428],[-112.0794,34.6431],[-112.0794,34.6452],[-111.977,34.6451],[-111.977,34.5456],[-111.963,34.5456],[-111.9629,34.5315],[-111.9644,34.5287],[-111.9643,34.4565],[-112.1443,34.4562],[-112.1444,34.4857],[-112.2032,34.4858],[-112.2033,34.4709],[-112.2644,34.4698],[-112.3252,34.4707],[-112.3252,34.473],[-112.3223,34.4732],[-112.3146,34.4781],[-112.3123,34.4816],[-112.3094,34.4827],[-112.309,34.5433],[-112.3604,34.5432],[-112.3595,34.6435],[-112.3771,34.6436],[-112.378,34.717],[-112.346,34.7156],[-112.2016,34.7156]]]}},{"type":"Feature","properties":{"leaid":"0403950","name":"Indian Oasis-Baboquivari Unified District","kind":"Unified","gradeLow":"PK","gradeHigh":"12","state":"AZ"},"geometry":{"type":"Polygon","coordinates":[[[-112.5748,32.5061],[-111.7946,32.5066],[-111.7949,32.4196],[-111.8068,32.4197],[-111.8066,32.3746],[-111.6815,32.3742],[-111.6818,32.419],[-111.5909,32.4194],[-111.5908,32.4218],[-111.5793,32.4219],[-111.5789,32.374],[-111.4737,32.3742],[-111.4748,32.3313],[-111.4743,32.2159],[-111.3729,32.2163],[-111.3729,32.2188],[-111.3532,32.2191],[-111.218,32.2191],[-111.218,32.1902],[-111.2787,32.1901],[-111.2787,32.1973],[-111.291,32.1973],[-111.291,32.1757],[-111.3736,32.175],[-111.3735,32.1726],[-111.3764,32.1725],[-111.4409,32.1725],[-111.4407,32.1001],[-111.4749,32.0999],[-111.4755,32.0688],[-111.4789,32.0688],[-111.4789,32.0544],[-111.4005,32.0589],[-111.3861,32.0586],[-111.3861,32.0446],[-111.4195,32.043],[-111.4193,32.0279],[-111.4784,32.0249],[-111.4785,32.0107],[-111.5473,32.0098],[-111.5474,31.9811],[-111.5385,31.981],[-111.5396,31.9521],[-111.548,31.9524],[-111.5475,31.9227],[-111.5812,31.9237],[-111.5817,31.8948],[-111.6053,31.894],[-111.5997,31.8884],[-111.5947,31.8856],[-111.5951,31.8822],[-111.5982,31.8797],[-111.5972,31.8762],[-111.5994,31.8711],[-111.5958,31.8672],[-111.5906,31.865],[-111.5858,31.8609],[-111.5831,31.8609],[-111.5809,31.8583],[-111.5806,31.8557],[-111.5776,31.8535],[-111.5721,31.8453],[-111.5718,31.8422],[-111.5763,31.8373],[-111.5766,31.8359],[-111.574,31.8321],[-111.5769,31.8298],[-111.5756,31.8264],[-111.5765,31.8227],[-111.5796,31.8191],[-111.5793,31.8175],[-111.583,31.8117],[-111.5823,31.8091],[-111.5837,31.8031],[-111.5806,31.7996],[-111.5804,31.7946],[-111.588,31.7887],[-111.5875,31.7823],[-111.5892,31.7783],[-111.5888,31.775],[-111.5958,31.7711],[-111.5945,31.7677],[-111.5966,31.7605],[-111.5996,31.7577],[-111.5992,31.7559],[-111.6005,31.7536],[-111.5985,31.749],[-111.6007,31.7462],[-111.6022,31.746],[-111.603,31.7424],[-111.6121,31.7387],[-111.6164,31.732],[-111.6167,31.7251],[-111.6183,31.7238],[-111.6154,31.7218],[-111.6155,31.7169],[-111.6117,31.7139],[-111.6107,31.7108],[-111.6187,31.7035],[-111.6212,31.7033],[-111.6247,31.7004],[-111.6276,31.7003],[-111.631,31.6967],[-111.6363,31.6954],[-111.6372,31.6913],[-111.642,31.6889],[-111.6424,31.6863],[-111.6315,31.6822],[-111.6311,31.6778],[-111.6345,31.6748],[-111.6338,31.6711],[-111.6382,31.6654],[-111.6381,31.662],[-111.6416,31.6593],[-111.6403,31.6576],[-111.6408,31.6536],[-111.6428,31.6524],[-111.6439,31.6488],[-111.6426,31.6458],[-111.6408,31.646],[-111.6369,31.6429],[-111.6373,31.6341],[-111.6432,31.6298],[-111.648,31.6214],[-111.6491,31.6154],[-111.6478,31.6141],[-111.6493,31.6113],[-111.6485,31.6092],[-111.6511,31.6059],[-111.6516,31.6015],[-111.6453,31.5963],[-111.6454,31.5924],[-111.6516,31.5896],[-111.6492,31.5855],[-111.6508,31.5831],[-111.6454,31.5749],[-111.6432,31.5764],[-111.6389,31.5735],[-111.6379,31.57],[-111.6341,31.5685],[-111.6313,31.5689],[-111.6275,31.5653],[-111.6244,31.5646],[-111.6195,31.5675],[-111.6163,31.5671],[-111.6147,31.5641],[-111.6091,31.5612],[-111.6038,31.5631],[-111.6003,31.5621],[-111.598,31.5596],[-111.5963,31.5534],[-111.5942,31.5523],[-111.5943,31.5502],[-111.6231,31.5501],[-111.6231,31.5079],[-112.1583,31.6768],[-112.6078,31.8159],[-112.607,31.8956],[-112.6238,31.8955],[-112.6237,31.9241],[-112.6257,31.9249],[-112.6282,31.9285],[-112.6327,31.9294],[-112.6385,31.9366],[-112.6424,31.9366],[-112.6456,31.9407],[-112.6497,31.9424],[-112.6531,31.9456],[-112.6566,31.9521],[-112.6598,31.9513],[-112.6615,31.9565],[-112.6576,31.9596],[-112.6623,31.9711],[-112.6596,31.9748],[-112.662,31.9769],[-112.6629,31.9828],[-112.6601,31.9863],[-112.6583,31.991],[-112.6585,31.9954],[-112.6556,31.9991],[-112.6595,32.0001],[-112.6643,32.0046],[-112.6646,32.0076],[-112.6754,32.0103],[-112.6752,32.0116],[-112.6827,32.014],[-112.6884,32.0264],[-112.6909,32.0274],[-112.6911,32.0302],[-112.6894,32.031],[-112.6903,32.0376],[-112.6875,32.0399],[-112.6866,32.0448],[-112.6879,32.0461],[-112.6878,32.0519],[-112.696,32.056],[-112.6959,32.0598],[-112.7011,32.0633],[-112.6993,32.0668],[-112.7027,32.0716],[-112.7028,32.0763],[-112.6975,32.0806],[-112.6975,32.0875],[-112.6962,32.088],[-112.6954,32.0911],[-112.6977,32.0926],[-112.6974,32.0972],[-112.6934,32.098],[-112.6914,32.1023],[-112.6785,32.1036],[-112.6761,32.1111],[-112.6716,32.1109],[-112.6695,32.1136],[-112.6718,32.1223],[-112.6708,32.1255],[-112.6679,32.1278],[-112.668,32.157],[-112.7275,32.1569],[-112.7273,32.2313],[-112.7285,32.2502],[-112.7278,32.3313],[-112.6776,32.3309],[-112.6765,32.418],[-112.5752,32.4187],[-112.5748,32.5061]]]}},{"type":"Feature","properties":{"leaid":"0404630","name":"Marana Unified District","kind":"Unified","gradeLow":"PK","gradeHigh":"12","state":"AZ"},"geometry":{"type":"Polygon","coordinates":[[[-111.0297,32.5113],[-111.0295,32.454],[-111.028,32.4537],[-111.0294,32.4516],[-111.0299,32.3374],[-111.0631,32.3376],[-111.0629,32.3135],[-111.0668,32.3095],[-111.0629,32.3087],[-111.0969,32.3087],[-111.0969,32.2208],[-111.1666,32.2207],[-111.1667,32.1901],[-111.218,32.1902],[-111.218,32.2191],[-111.3532,32.2191],[-111.3729,32.2188],[-111.3729,32.2163],[-111.4743,32.2159],[-111.4748,32.3313],[-111.4737,32.3742],[-111.5789,32.374],[-111.5793,32.4219],[-111.5908,32.4218],[-111.5908,32.5067],[-111.5693,32.5068],[-111.5693,32.5014],[-111.1576,32.5016],[-111.1575,32.5113],[-111.0297,32.5113]]]}},{"type":"Feature","properties":{"leaid":"0407300","name":"Sahuarita Unified District","kind":"Unified","gradeLow":"PK","gradeHigh":"12","state":"AZ"},"geometry":{"type":"Polygon","coordinates":[[[-110.859,32.0304],[-110.8595,31.9693],[-110.858,31.9046],[-110.7937,31.9046],[-110.7944,31.8909],[-110.7927,31.8874],[-110.7768,31.8899],[-110.7573,31.8902],[-110.758,31.818],[-110.858,31.8183],[-110.8578,31.8992],[-110.9388,31.8993],[-110.9583,31.8955],[-110.9644,31.8956],[-110.9688,31.8994],[-111.0117,31.8995],[-111.0118,31.885],[-111.0627,31.8844],[-111.0622,31.7685],[-111.035,31.7687],[-111.033,31.7708],[-111.0338,31.7688],[-110.9944,31.7681],[-110.9938,31.7265],[-111.1642,31.7259],[-111.1643,31.5512],[-111.1628,31.5438],[-111.1637,31.5217],[-111.1837,31.5208],[-111.3669,31.5214],[-111.416,31.5198],[-111.4161,31.5496],[-111.4194,31.5496],[-111.4198,31.6379],[-111.4016,31.6379],[-111.4034,31.692],[-111.4028,31.726],[-111.33,31.7249],[-111.2647,31.7262],[-111.2663,31.7531],[-111.2662,31.784],[-111.2152,31.7839],[-111.217,32.0752],[-111.094,32.0748],[-111.0785,32.0709],[-111.051,32.0665],[-111.0492,32.0651],[-111.0351,32.0749],[-110.9612,32.0758],[-110.9613,32.0303],[-110.859,32.0304]]]}},{"type":"Feature","properties":{"leaid":"0408280","name":"Tanque Verde Unified District","kind":"Unified","gradeLow":"PK","gradeHigh":"12","state":"AZ"},"geometry":{"type":"Polygon","coordinates":[[[-110.6529,32.1624],[-110.7557,32.1628],[-110.7556,32.241],[-110.765,32.2395],[-110.7688,32.2371],[-110.7727,32.2382],[-110.7729,32.3089],[-110.7552,32.3087],[-110.7554,32.3377],[-110.6523,32.3383],[-110.6529,32.1624]]]}},{"type":"Feature","properties":{"leaid":"0404010","name":"Joseph City Unified District","kind":"Unified","gradeLow":"PK","gradeHigh":"12","state":"AZ"},"geometry":{"type":"Polygon","coordinates":[[[-110.2744,34.7922],[-110.3785,34.792],[-110.3787,34.821],[-110.4865,34.8208],[-110.4862,34.9578],[-110.4793,34.961],[-110.4682,34.9586],[-110.4634,34.9598],[-110.4501,34.9598],[-110.4502,35.1699],[-110.3679,35.17],[-110.3681,35.3453],[-110.3489,35.3457],[-110.3462,35.3443],[-110.1912,35.344],[-110.1912,35.1704],[-110.1988,35.1704],[-110.1988,34.8979],[-110.2255,34.8968],[-110.2402,34.9026],[-110.2433,34.9009],[-110.2473,34.9025],[-110.257,34.9005],[-110.2594,34.901],[-110.2659,34.913],[-110.2662,34.9164],[-110.2761,34.9261],[-110.283,34.9299],[-110.2787,34.927],[-110.2699,34.9176],[-110.2703,34.8212],[-110.2745,34.8212],[-110.2744,34.7922]]]}},{"type":"Feature","properties":{"leaid":"0407820","name":"Snowflake Unified District","kind":"Unified","gradeLow":"PK","gradeHigh":"12","state":"AZ"},"geometry":{"type":"Polygon","coordinates":[[[-109.8507,34.6462],[-109.8652,34.5597],[-109.8468,34.4735],[-109.8482,34.4734],[-109.8484,34.3883],[-109.912,34.3895],[-109.9696,34.3877],[-110.0697,34.388],[-110.0698,34.382],[-110.1757,34.3823],[-110.1757,34.3873],[-110.194,34.3877],[-110.373,34.3874],[-110.3731,34.4677],[-110.3782,34.4677],[-110.3787,34.4997],[-110.3783,34.6098],[-110.3775,34.6111],[-110.3785,34.792],[-110.2744,34.7922],[-110.2742,34.6417],[-110.0642,34.6436],[-109.9437,34.643],[-109.9115,34.6452],[-109.8676,34.6446],[-109.8507,34.6462]]]}},{"type":"Feature","properties":{"leaid":"0405030","name":"Miami Unified District","kind":"Unified","gradeLow":"PK","gradeHigh":"12","state":"AZ"},"geometry":{"type":"Polygon","coordinates":[[[-110.8795,33.6812],[-110.8796,33.57],[-110.8972,33.5698],[-110.8968,33.555],[-110.8794,33.4968],[-110.8624,33.4969],[-110.8625,33.4659],[-110.8606,33.4659],[-110.86,33.4577],[-110.8613,33.4555],[-110.8606,33.437],[-110.847,33.4369],[-110.8468,33.4326],[-110.8488,33.4313],[-110.8465,33.4287],[-110.8432,33.4278],[-110.8433,33.4224],[-110.8083,33.4226],[-110.8095,33.415],[-110.8086,33.4139],[-110.8083,33.3789],[-110.8172,33.3789],[-110.8182,33.3804],[-110.8364,33.3789],[-110.8607,33.3789],[-110.8634,33.3548],[-110.8762,33.2916],[-110.9344,33.2305],[-110.9467,33.2501],[-110.9747,33.3421],[-111.0459,33.4777],[-111.1534,33.6776],[-111.1593,33.673],[-111.1695,33.6675],[-111.1712,33.6624],[-111.1735,33.6601],[-111.1806,33.6598],[-111.2003,33.6403],[-111.2087,33.6351],[-111.2094,33.6328],[-111.2075,33.6206],[-111.2161,33.6127],[-111.2167,33.6083],[-111.2221,33.6024],[-111.2319,33.6095],[-111.232,33.6116],[-111.2308,33.6124],[-111.2315,33.6132],[-111.2374,33.6154],[-111.2384,33.6184],[-111.2467,33.6215],[-111.2495,33.6243],[-111.2557,33.6211],[-111.2628,33.6232],[-111.2693,33.6292],[-111.2706,33.6334],[-111.2734,33.636],[-111.2736,33.6384],[-111.2761,33.639],[-111.2802,33.6445],[-111.2798,33.6459],[-111.2823,33.6465],[-111.2837,33.6494],[-111.2872,33.652],[-111.2868,33.6582],[-111.2948,33.6608],[-111.2995,33.6638],[-111.3042,33.6714],[-111.3092,33.6739],[-111.3152,33.6815],[-111.0957,33.6813],[-111.0569,33.6822],[-111.055,33.684],[-111.0483,33.6817],[-111.0347,33.6811],[-110.8795,33.6812]]]}},{"type":"Feature","properties":{"leaid":"0406440","name":"Pima Unified District","kind":"Unified","gradeLow":"PK","gradeHigh":"12","state":"AZ"},"geometry":{"type":"Polygon","coordinates":[[[-109.8966,33.568],[-109.8853,33.5682],[-109.8816,33.5713],[-109.8805,33.567],[-109.878,33.5643],[-109.8779,33.5592],[-109.872,33.5628],[-109.8688,33.5624],[-109.8676,33.5597],[-109.8687,33.5577],[-109.8568,33.5488],[-109.8545,33.5453],[-109.8473,33.55],[-109.8466,33.5476],[-109.8527,33.5399],[-109.8504,33.5347],[-109.8486,33.5344],[-109.8483,33.5379],[-109.8463,33.5407],[-109.8447,33.5409],[-109.8454,33.5347],[-109.8412,33.5305],[-109.8384,33.5292],[-109.8349,33.5299],[-109.8336,33.5316],[-109.8335,33.535],[-109.832,33.536],[-109.8305,33.5353],[-109.8295,33.5318],[-109.8242,33.529],[-109.8235,33.5274],[-109.8261,33.5225],[-109.8195,33.521],[-109.819,33.52],[-109.8212,33.5172],[-109.8212,33.5122],[-109.8235,33.5095],[-109.8184,33.5104],[-109.8136,33.5054],[-109.8057,33.5046],[-109.804,33.5033],[-109.8056,33.5002],[-109.8112,33.5008],[-109.814,33.4992],[-109.813,33.4975],[-109.8091,33.4987],[-109.8067,33.4976],[-109.8089,33.4944],[-109.8078,33.4894],[-109.8125,33.4885],[-109.8135,33.4859],[-109.8122,33.4836],[-109.8065,33.4849],[-109.8048,33.4821],[-109.8027,33.4819],[-109.8022,33.4837],[-109.8046,33.4874],[-109.8009,33.4888],[-109.7966,33.4838],[-109.7919,33.4852],[-109.7845,33.4817],[-109.784,33.4766],[-109.7782,33.4772],[-109.7662,33.4758],[-109.7626,33.4775],[-109.7622,33.481],[-109.7608,33.4818],[-109.7532,33.4814],[-109.7462,33.4853],[-109.7467,33.4894],[-109.7419,33.4942],[-109.7441,33.503],[-109.7396,33.5105],[-109.7379,33.3777],[-109.7793,33.3783],[-109.782,33.3766],[-109.783,32.9444],[-109.7924,32.9444],[-109.7923,32.9176],[-109.8184,32.918],[-109.8183,32.911],[-109.8207,32.9104],[-109.8208,32.9085],[-109.8203,32.907],[-109.8092,32.9073],[-109.8097,32.9034],[-109.8046,32.9036],[-109.8046,32.901],[-109.8117,32.8994],[-109.8056,32.8965],[-109.8046,32.8785],[-109.8058,32.6665],[-109.8045,32.5354],[-109.7865,32.5354],[-109.7864,32.5232],[-109.7855,32.5219],[-109.7863,32.5144],[-109.7899,32.5141],[-109.7895,32.4271],[-109.8402,32.4271],[-109.8402,32.5145],[-109.8686,32.5143],[-109.8722,32.6901],[-109.8809,32.69],[-109.8868,32.6912],[-109.9009,32.69],[-109.9393,32.6904],[-109.9395,32.7333],[-109.9675,32.7332],[-109.9705,32.7358],[-109.974,32.7332],[-110.0424,32.7331],[-110.0424,32.7463],[-110.0445,32.753],[-110.0433,32.7764],[-110.0682,32.7755],[-110.1786,32.776],[-110.1785,32.8621],[-110.2308,32.8623],[-110.2302,32.9439],[-109.9009,32.9439],[-109.9011,32.9482],[-109.9105,32.9481],[-109.9104,32.9522],[-109.9196,32.9522],[-109.9208,32.988],[-109.9236,32.988],[-109.9252,32.9954],[-109.9277,32.9955],[-109.925,33.0034],[-109.9273,33.0034],[-109.9278,33.0143],[-109.9329,33.0197],[-109.9329,33.0263],[-109.9372,33.0276],[-109.9419,33.3774],[-109.9053,33.3772],[-109.9048,33.5751],[-109.8988,33.5749],[-109.8966,33.568]]]}},{"type":"Feature","properties":{"leaid":"0409460","name":"Winslow Unified District","kind":"Unified","gradeLow":"PK","gradeHigh":"12","state":"AZ"},"geometry":{"type":"Polygon","coordinates":[[[-110.4389,35.5189],[-110.4397,35.3682],[-110.4385,35.3681],[-110.4364,35.3273],[-110.4386,35.2907],[-110.4387,35.1701],[-110.4502,35.1699],[-110.4501,34.9598],[-110.4634,34.9598],[-110.4682,34.9586],[-110.4793,34.961],[-110.4862,34.9578],[-110.4865,34.6403],[-110.6986,34.6399],[-110.6986,34.637],[-110.7507,34.6366],[-110.7507,35.5198],[-110.5007,35.5201],[-110.4389,35.5189]]]}},{"type":"Feature","properties":{"leaid":"0499997","name":"School District Not Defined","kind":"Unified","gradeLow":"PK","gradeHigh":"12","state":"AZ"},"geometry":{"type":"MultiPolygon","coordinates":[[[[-111.3669,31.5211],[-111.3664,31.4261],[-111.4511,31.4531],[-111.4509,31.4628],[-111.4161,31.4627],[-111.416,31.5198],[-111.3669,31.5211]]],[[[-110.4276,31.5228],[-110.4203,31.5186],[-110.4182,31.5187],[-110.4132,31.5135],[-110.4181,31.51],[-110.4179,31.5066],[-110.4193,31.5056],[-110.418,31.5018],[-110.4193,31.5004],[-110.4189,31.4988],[-110.4145,31.4943],[-110.4126,31.4942],[-110.4109,31.4924],[-110.4083,31.4925],[-110.4045,31.4879],[-110.3988,31.4874],[-110.3925,31.4851],[-110.3914,31.4824],[-110.3951,31.4784],[-110.3883,31.4757],[-110.3889,31.473],[-110.3862,31.4709],[-110.3865,31.4616],[-110.389,31.4588],[-110.3881,31.4534],[-110.3841,31.4502],[-110.3801,31.4502],[-110.366,31.435],[-110.3594,31.435],[-110.3592,31.3947],[-110.2745,31.3946],[-110.2742,31.3336],[-110.4597,31.3329],[-110.4608,31.5851],[-110.4478,31.5851],[-110.449,31.5564],[-110.4479,31.5545],[-110.4491,31.55],[-110.4421,31.5418],[-110.438,31.5406],[-110.4382,31.5364],[-110.4322,31.5303],[-110.4328,31.528],[-110.429,31.5259],[-110.4276,31.5228]]],[[[-110.8724,31.7267],[-110.8726,31.6976],[-110.8897,31.6975],[-110.8898,31.7267],[-110.8724,31.7267]]],[[[-109.3366,32.0795],[-109.3204,32.0796],[-109.3202,31.9711],[-109.2203,31.9705],[-109.221,31.8793],[-109.1709,31.8787],[-109.1711,31.8156],[-109.1579,31.8155],[-109.1575,31.7727],[-109.226,31.7725],[-109.2257,31.7481],[-109.2237,31.7292],[-109.3253,31.729],[-109.3254,31.6419],[-109.3335,31.642],[-109.3357,31.6023],[-109.3342,31.5929],[-109.3367,31.5822],[-109.3353,31.553],[-109.4133,31.5524],[-109.5446,31.5535],[-109.5438,31.6425],[-109.5288,31.6426],[-109.5309,31.7289],[-109.5382,31.7713],[-109.5371,31.7784],[-109.5379,31.7872],[-109.4434,31.7876],[-109.4432,31.8027],[-109.4262,31.8028],[-109.4258,31.8172],[-109.3369,31.8169],[-109.3371,31.8611],[-109.339,31.8655],[-109.3375,31.8883],[-109.3379,31.9062],[-109.3722,31.9057],[-109.373,31.9485],[-109.3367,31.9488],[-109.3379,31.9853],[-109.3718,31.985],[-109.3719,32.0072],[-109.3537,32.0071],[-109.3537,32.011],[-109.3712,32.0109],[-109.3712,32.0149],[-109.3896,32.0149],[-109.3899,32.0352],[-109.3898,32.0367],[-109.3362,32.0368],[-109.3364,32.0628],[-109.3376,32.0674],[-109.3366,32.0795]]],[[[-109.7129,32.2531],[-109.6359,32.253],[-109.6357,32.2096],[-109.6875,32.2096],[-109.6874,32.2386],[-109.7129,32.2386],[-109.7129,32.2531]]],[[[-112.7278,32.3313],[-112.7254,32.5054],[-112.5748,32.5061],[-112.5752,32.4187],[-112.6765,32.418],[-112.6776,32.3309],[-112.7278,32.3313]]],[[[-111.5908,32.5067],[-111.5909,32.4194],[-111.6818,32.419],[-111.6815,32.3742],[-111.8066,32.3746],[-111.8068,32.4197],[-111.7949,32.4196],[-111.7946,32.5066],[-111.5908,32.5067]]],[[[-110.8451,32.5139],[-110.6957,32.5138],[-110.6957,32.471],[-110.6388,32.471],[-110.6387,32.4567],[-110.6217,32.4565],[-110.6218,32.442],[-110.6047,32.4421],[-110.6046,32.3988],[-110.5877,32.3989],[-110.5876,32.3844],[-110.5706,32.3844],[-110.5707,32.3696],[-110.5532,32.3696],[-110.5525,32.312],[-110.5354,32.312],[-110.5354,32.2971],[-110.5182,32.297],[-110.518,32.2823],[-110.5009,32.2824],[-110.501,32.268],[-110.451,32.2677],[-110.451,32.269],[-110.3482,32.2683],[-110.3438,32.1373],[-110.4484,32.1376],[-110.4499,32.0797],[-110.4515,32.0797],[-110.4515,32.0497],[-110.5453,32.0487],[-110.5454,32.056],[-110.5536,32.0559],[-110.553,32.1627],[-110.6529,32.1624],[-110.6523,32.3383],[-110.9095,32.3372],[-110.9102,32.3446],[-110.9273,32.3438],[-110.9274,32.3491],[-110.9482,32.3491],[-110.9514,32.3516],[-110.9613,32.3518],[-110.9611,32.3656],[-110.9645,32.3665],[-110.9611,32.3688],[-110.9612,32.3805],[-110.9269,32.3803],[-110.9273,32.395],[-110.9108,32.3951],[-110.9102,32.4099],[-110.8931,32.4098],[-110.8929,32.4385],[-110.876,32.4386],[-110.8758,32.4818],[-110.8672,32.4819],[-110.8671,32.4963],[-110.859,32.4964],[-110.8587,32.5112],[-110.8451,32.5111],[-110.8451,32.5139]]],[[[-112.7278,32.3313],[-112.7285,32.2502],[-112.7273,32.2313],[-112.7275,32.1569],[-112.668,32.157],[-112.6679,32.1278],[-112.6708,32.1255],[-112.6718,32.1223],[-112.6695,32.1136],[-112.6716,32.1109],[-112.6761,32.1111],[-112.6785,32.1036],[-112.6914,32.1023],[-112.6934,32.098],[-112.6974,32.0972],[-112.6977,32.0926],[-112.6954,32.0911],[-112.6962,32.088],[-112.6975,32.0875],[-112.6975,32.0806],[-112.7028,32.0763],[-112.7027,32.0716],[-112.6993,32.0668],[-112.7011,32.0633],[-112.6959,32.0598],[-112.696,32.056],[-112.6878,32.0519],[-112.6879,32.0461],[-112.6866,32.0448],[-112.6875,32.0399],[-112.6903,32.0376],[-112.6894,32.031],[-112.6911,32.0302],[-112.6909,32.0274],[-112.6884,32.0264],[-112.6827,32.014],[-112.6752,32.0116],[-112.6754,32.0103],[-112.6646,32.0076],[-112.6643,32.0046],[-112.6595,32.0001],[-112.6556,31.9991],[-112.6585,31.9954],[-112.6583,31.991],[-112.6601,31.9863],[-112.6629,31.9828],[-112.662,31.9769],[-112.6596,31.9748],[-112.6623,31.9711],[-112.6576,31.9596],[-112.6615,31.9565],[-112.6598,31.9513],[-112.6566,31.9521],[-112.6531,31.9456],[-112.6497,31.9424],[-112.6456,31.9407],[-112.6424,31.9366],[-112.6385,31.9366],[-112.6327,31.9294],[-112.6282,31.9285],[-112.6257,31.9249],[-112.6237,31.9241],[-112.6238,31.8955],[-112.607,31.8956],[-112.6078,31.8159],[-113.1553,31.9825],[-113.3338,32.0389],[-113.3338,32.8251],[-113.0231,32.825],[-113.0237,32.7733],[-113.021,32.6145],[-113.0218,32.5923],[-113.0281,32.5923],[-113.0281,32.5051],[-112.9158,32.5054],[-112.9164,32.3314],[-112.8854,32.3311],[-112.8824,32.3287],[-112.8693,32.3313],[-112.7278,32.3313]]],[[[-112.513,32.9426],[-112.2035,32.9417],[-112.2036,32.5067],[-112.5207,32.5068],[-112.5207,32.5937],[-112.5119,32.5937],[-112.513,32.9426]]],[[[-112.922,33.205],[-112.922,33.2034],[-112.8284,33.2035],[-112.8283,33.1165],[-113.0259,33.1162],[-113.0266,33.2044],[-112.9995,33.2036],[-112.922,33.205]]],[[[-112.2199,33.3701],[-112.2153,33.3701],[-112.1636,33.3195],[-112.1005,33.3196],[-112.1004,33.3051],[-112.1479,33.3046],[-112.1338,33.2903],[-112.099,33.2904],[-112.099,33.231],[-112.1137,33.2275],[-112.1155,33.2286],[-112.1162,33.2316],[-112.1199,33.2317],[-112.1228,33.235],[-112.1265,33.2355],[-112.1312,33.2328],[-112.1338,33.2357],[-112.135,33.242],[-112.1396,33.2436],[-112.1401,33.247],[-112.1491,33.2538],[-112.1604,33.2539],[-112.1622,33.2562],[-112.1658,33.2566],[-112.1696,33.2596],[-112.1713,33.2594],[-112.172,33.2579],[-112.1741,33.2581],[-112.1757,33.2611],[-112.174,33.2626],[-112.1745,33.2636],[-112.1807,33.2625],[-112.1913,33.2645],[-112.1921,33.2681],[-112.1964,33.2739],[-112.1975,33.2784],[-112.1956,33.2848],[-112.1975,33.2891],[-112.1932,33.2973],[-112.2032,33.3105],[-112.2032,33.2905],[-112.202,33.2905],[-112.2021,33.2033],[-112.3063,33.2033],[-112.3061,33.2904],[-112.2292,33.2904],[-112.2291,33.3832],[-112.2202,33.3746],[-112.2199,33.3701]]],[[[-111.6174,33.5907],[-111.6191,33.5897],[-111.6195,33.5904],[-111.6179,33.5914],[-111.6174,33.5907]]],[[[-112.2899,33.6672],[-112.2725,33.6671],[-112.2724,33.6526],[-112.2593,33.6526],[-112.2594,33.638],[-112.255,33.638],[-112.2548,33.6242],[-112.257,33.6241],[-112.2571,33.6097],[-112.2638,33.6095],[-112.2639,33.5877],[-112.2726,33.5873],[-112.2726,33.5734],[-112.2759,33.5688],[-112.2761,33.5656],[-112.3002,33.5655],[-112.3028,33.5712],[-112.3031,33.5755],[-112.3021,33.5763],[-112.3029,33.5794],[-112.2987,33.58],[-112.2987,33.6052],[-112.3046,33.6068],[-112.3074,33.5938],[-112.3077,33.6307],[-112.3026,33.6307],[-112.301,33.6452],[-112.2985,33.6452],[-112.2985,33.6525],[-112.2898,33.6526],[-112.2899,33.6672]]],[[[-112.4064,33.6823],[-112.3252,33.6822],[-112.3247,33.6387],[-112.3343,33.6386],[-112.3344,33.6446],[-112.335,33.6466],[-112.3368,33.6492],[-112.3402,33.6514],[-112.3472,33.6541],[-112.3586,33.662],[-112.3624,33.659],[-112.3595,33.6553],[-112.3555,33.6543],[-112.351,33.6567],[-112.3461,33.653],[-112.3385,33.6502],[-112.3349,33.6453],[-112.3347,33.6386],[-112.3504,33.6387],[-112.4064,33.6823]]],[[[-112.3602,33.7676],[-112.3602,33.7248],[-112.4123,33.7247],[-112.4122,33.7676],[-112.3602,33.7676]]],[[[-111.7268,34.0001],[-111.4917,33.9998],[-111.4899,34.0014],[-111.4735,34.0032],[-111.4724,34.0047],[-111.4707,34.0028],[-111.4665,34.0059],[-111.4584,34.0022],[-111.4544,34.0048],[-111.4494,34.0001],[-111.4451,34.0012],[-111.4443,33.9989],[-111.4404,33.9964],[-111.4428,33.9914],[-111.4372,33.9867],[-111.4347,33.9868],[-111.4331,33.984],[-111.4347,33.9809],[-111.4413,33.9784],[-111.4452,33.9743],[-111.4481,33.9733],[-111.4489,33.9686],[-111.4526,33.9659],[-111.4524,33.961],[-111.4492,33.9598],[-111.448,33.9578],[-111.4516,33.954],[-111.4523,33.9488],[-111.4473,33.9415],[-111.4481,33.9382],[-111.4471,33.9349],[-111.452,33.9338],[-111.4521,33.9323],[-111.4493,33.9297],[-111.4514,33.9251],[-111.4517,33.921],[-111.4506,33.9197],[-111.4375,33.9162],[-111.4306,33.924],[-111.4259,33.9261],[-111.4052,33.9194],[-111.4069,33.9134],[-111.4086,33.912],[-111.408,33.9053],[-111.4116,33.9037],[-111.4137,33.8987],[-111.4114,33.8916],[-111.4133,33.8887],[-111.4128,33.8859],[-111.4112,33.8836],[-111.4081,33.8839],[-111.4055,33.8821],[-111.4057,33.8795],[-111.396,33.8769],[-111.3976,33.875],[-111.3961,33.8728],[-111.3963,33.8686],[-111.3936,33.8678],[-111.392,33.8648],[-111.3872,33.8625],[-111.387,33.8604],[-111.3923,33.8548],[-111.3918,33.853],[-111.3959,33.8446],[-111.3955,33.8409],[-111.3901,33.8377],[-111.3925,33.8359],[-111.3875,33.8337],[-111.3836,33.8336],[-111.3786,33.8296],[-111.378,33.8274],[-111.3723,33.8239],[-111.372,33.8182],[-111.3842,33.8165],[-111.3851,33.8103],[-111.3883,33.8054],[-111.3879,33.8032],[-111.3785,33.7937],[-111.3828,33.7881],[-111.3812,33.7852],[-111.3855,33.7832],[-111.3894,33.7767],[-111.3866,33.7732],[-111.3894,33.7708],[-111.3871,33.7632],[-111.3833,33.7628],[-111.3822,33.761],[-111.3824,33.7582],[-111.3846,33.7533],[-111.3862,33.7531],[-111.3868,33.75],[-111.3811,33.7477],[-111.3766,33.7496],[-111.373,33.7493],[-111.3721,33.7452],[-111.3674,33.7443],[-111.3659,33.7423],[-111.3593,33.741],[-111.3563,33.7388],[-111.3548,33.7332],[-111.3519,33.7335],[-111.3523,33.7323],[-111.3443,33.7274],[-111.3436,33.7248],[-111.3364,33.7204],[-111.3381,33.7188],[-111.3386,33.7159],[-111.337,33.709],[-111.3383,33.7027],[-111.3362,33.7008],[-111.3338,33.6954],[-111.3338,33.6923],[-111.3314,33.6883],[-111.326,33.6844],[-111.3225,33.6844],[-111.3149,33.6814],[-111.3092,33.6739],[-111.3042,33.6714],[-111.2995,33.6638],[-111.2948,33.6608],[-111.2872,33.6586],[-111.2862,33.6566],[-111.2872,33.652],[-111.2837,33.6494],[-111.2823,33.6465],[-111.2798,33.6459],[-111.2802,33.6445],[-111.2761,33.639],[-111.2736,33.6384],[-111.2734,33.636],[-111.2706,33.6334],[-111.2693,33.6292],[-111.2628,33.6232],[-111.2557,33.6211],[-111.2495,33.6243],[-111.2467,33.6215],[-111.2384,33.6184],[-111.2374,33.6154],[-111.2315,33.6132],[-111.2308,33.6124],[-111.232,33.6116],[-111.2319,33.6095],[-111.2292,33.607],[-111.2272,33.6069],[-111.2237,33.6029],[-111.2221,33.6024],[-111.2167,33.6083],[-111.2161,33.6127],[-111.2075,33.6206],[-111.2094,33.6335],[-111.207,33.6369],[-111.2003,33.6403],[-111.1806,33.6598],[-111.1735,33.6601],[-111.1712,33.6624],[-111.1695,33.6675],[-111.1593,33.673],[-111.1534,33.6776],[-111.0399,33.4661],[-111.5806,33.4658],[-111.5808,33.5673],[-111.6824,33.5673],[-111.6827,33.5244],[-111.7181,33.5244],[-111.7181,33.5099],[-111.7355,33.5099],[-111.7355,33.4954],[-111.7872,33.4954],[-111.7874,33.5098],[-111.8217,33.5096],[-111.8223,33.517],[-111.874,33.5168],[-111.874,33.5022],[-111.8917,33.5021],[-111.8913,33.568],[-111.7084,33.5679],[-111.6989,33.6366],[-111.6985,33.6405],[-111.6997,33.6405],[-111.6933,33.6806],[-111.6941,33.6846],[-111.6915,33.6948],[-111.6922,33.6983],[-111.6895,33.7089],[-111.6873,33.7101],[-111.6835,33.7098],[-111.6835,33.7272],[-111.6859,33.7272],[-111.686,33.7415],[-111.7088,33.7414],[-111.7088,33.7561],[-111.7002,33.7561],[-111.7002,33.7777],[-111.7267,33.7769],[-111.735,33.7743],[-111.7349,33.7705],[-111.7697,33.7703],[-111.7697,33.8139],[-111.7869,33.8139],[-111.786,33.9005],[-111.9957,33.9009],[-111.9962,34.0299],[-111.7268,34.0001]],[[-111.6654,33.7416],[-111.6654,33.7352],[-111.6654,33.7307],[-111.657,33.7355],[-111.6607,33.7434],[-111.6654,33.7416]],[[-111.6346,33.6114],[-111.6315,33.6113],[-111.6316,33.5968],[-111.6248,33.5962],[-111.6219,33.5921],[-111.6285,33.5859],[-111.6287,33.5823],[-111.6198,33.5827],[-111.6175,33.5883],[-111.6146,33.5879],[-111.6158,33.5833],[-111.6095,33.5852],[-111.6081,33.5911],[-111.6168,33.5922],[-111.6141,33.5951],[-111.6142,33.599],[-111.611,33.5997],[-111.6104,33.6093],[-111.6141,33.6099],[-111.6141,33.6136],[-111.6154,33.6136],[-111.6141,33.626],[-111.6325,33.6259],[-111.6346,33.6114]],[[-111.598,33.6091],[-111.6017,33.6033],[-111.601,33.6027],[-111.5968,33.6037],[-111.5932,33.6018],[-111.5906,33.6037],[-111.5899,33.6069],[-111.5933,33.6091],[-111.598,33.6091]],[[-111.6047,33.5956],[-111.6046,33.6033],[-111.6077,33.6034],[-111.6084,33.6024],[-111.6071,33.5991],[-111.6076,33.5959],[-111.6047,33.5956]],[[-111.5866,33.601],[-111.5919,33.5949],[-111.5836,33.5934],[-111.5836,33.6005],[-111.5866,33.601]],[[-111.607,33.5845],[-111.6141,33.5822],[-111.5889,33.5822],[-111.5885,33.5841],[-111.5943,33.5869],[-111.5926,33.5902],[-111.5969,33.5904],[-111.607,33.5845]]],[[[-110.3683,35.5189],[-110.3686,35.4938],[-110.3671,35.4867],[-110.3681,35.4648],[-110.3679,35.17],[-110.4387,35.1701],[-110.4386,35.2907],[-110.4364,35.3273],[-110.4385,35.3681],[-110.4397,35.3682],[-110.4389,35.5189],[-110.3683,35.5189]]],[[[-112.5493,36.4002],[-112.5384,36.3995],[-112.5287,36.3961],[-112.5213,36.3912],[-112.5044,36.3871],[-112.4908,36.3803],[-112.4822,36.3775],[-112.4638,36.3667],[-112.4574,36.3587],[-112.4554,36.3533],[-112.4542,36.3423],[-112.4579,36.3334],[-112.4679,36.3228],[-112.4925,36.3046],[-112.4967,36.2988],[-112.5003,36.2871],[-112.5027,36.2841],[-112.5073,36.2804],[-112.5226,36.2739],[-112.5242,36.2705],[-112.5293,36.2669],[-112.5309,36.2629],[-112.5299,36.2592],[-112.5251,36.2508],[-112.5217,36.2474],[-112.5126,36.244],[-112.4994,36.2437],[-112.4809,36.2412],[-112.4706,36.2396],[-112.4652,36.2374],[-112.4569,36.2293],[-112.4544,36.2143],[-112.4558,36.2055],[-112.4549,36.2004],[-112.4525,36.1985],[-112.4482,36.1977],[-112.4392,36.1988],[-112.4279,36.2026],[-112.4249,36.2065],[-112.4221,36.2271],[-112.4205,36.2298],[-112.4145,36.2352],[-112.3999,36.2421],[-112.3814,36.245],[-112.3694,36.2422],[-112.3586,36.2431],[-112.3547,36.2408],[-112.3526,36.237],[-112.3432,36.2369],[-112.34,36.2336],[-112.334,36.2163],[-112.3287,36.2081],[-112.329,36.0204],[-112.5122,36.0206],[-112.5122,36.006],[-112.5167,36.0059],[-112.5171,35.9916],[-112.5125,35.9916],[-112.5121,35.9809],[-112.5168,35.981],[-112.5169,35.97],[-112.5124,35.9699],[-112.5123,35.9591],[-112.508,35.9592],[-112.508,35.9557],[-112.5042,35.9557],[-112.5043,35.952],[-112.5066,35.952],[-112.5067,35.9482],[-112.5127,35.9482],[-112.5124,35.9517],[-112.5215,35.9519],[-112.5213,35.9482],[-112.526,35.9483],[-112.5259,35.9556],[-112.5215,35.9556],[-112.5214,35.9685],[-112.5216,35.9699],[-112.5262,35.9699],[-112.5261,35.9811],[-112.5301,35.981],[-112.5299,36.0024],[-112.5257,36.0026],[-112.5254,36.0205],[-112.5299,36.0207],[-112.5303,36.0343],[-112.5474,36.0348],[-112.5475,36.0498],[-112.6015,36.0495],[-112.601,36.1078],[-112.7615,36.1085],[-112.7619,36.1655],[-112.7798,36.1654],[-112.7799,36.1515],[-112.7976,36.1517],[-112.7978,36.1657],[-112.8513,36.1654],[-112.8514,36.1511],[-112.8686,36.1508],[-112.8688,36.1579],[-112.8759,36.1579],[-112.8753,36.0588],[-112.8769,35.8203],[-113.3012,35.5312],[-113.3188,35.5308],[-113.3342,35.5282],[-113.334,35.803],[-113.3295,35.813],[-113.3322,35.817],[-113.3333,35.8217],[-113.3258,35.8298],[-113.3271,35.8334],[-113.3264,35.842],[-113.315,35.8545],[-113.3106,35.8624],[-113.3127,35.875],[-113.3092,35.8873],[-113.3112,35.8933],[-113.3228,35.8987],[-113.3239,35.9026],[-113.3279,35.9077],[-113.3324,35.9106],[-113.3348,35.9139],[-113.3341,35.9187],[-113.3288,35.926],[-113.3281,35.9301],[-113.3255,35.9347],[-113.3255,35.9399],[-113.3287,35.9501],[-113.3257,35.955],[-113.3174,35.9608],[-113.319,35.9658],[-113.3173,35.9686],[-113.3194,35.9739],[-113.3218,35.9759],[-113.3328,35.9785],[-113.3398,35.9851],[-113.3414,35.9907],[-113.3401,36.0033],[-113.3427,36.0061],[-113.3438,36.01],[-113.3484,36.0131],[-113.3517,36.0343],[-113.3542,36.0404],[-113.352,36.0475],[-113.3473,36.0552],[-113.3308,36.0683],[-113.3262,36.0784],[-113.3237,36.0908],[-113.32,36.0968],[-113.3134,36.1],[-113.3103,36.1],[-113.3006,36.0957],[-113.2792,36.0973],[-113.2572,36.0885],[-113.2463,36.0933],[-113.2311,36.0895],[-113.2249,36.0911],[-113.2184,36.0994],[-113.2158,36.1076],[-113.2017,36.119],[-113.2053,36.1332],[-113.2036,36.1397],[-113.2009,36.1441],[-113.2013,36.1496],[-113.1968,36.1529],[-113.1726,36.1627],[-113.1667,36.1669],[-113.1651,36.1703],[-113.1598,36.1732],[-113.1548,36.1745],[-113.146,36.173],[-113.1432,36.1716],[-113.1397,36.1674],[-113.1371,36.1664],[-113.128,36.1695],[-113.1214,36.1738],[-113.1141,36.1832],[-113.0955,36.1936],[-113.0872,36.1954],[-113.0623,36.2072],[-113.0528,36.2094],[-113.0383,36.2266],[-113.0191,36.2367],[-113.0114,36.2388],[-113.0063,36.2388],[-112.9897,36.2327],[-112.9812,36.2318],[-112.9353,36.2428],[-112.9301,36.2461],[-112.9276,36.253],[-112.9234,36.2577],[-112.9151,36.2581],[-112.9029,36.2538],[-112.8982,36.2548],[-112.8843,36.2638],[-112.8811,36.2683],[-112.8785,36.2763],[-112.8692,36.2823],[-112.865,36.2824],[-112.8437,36.2767],[-112.8377,36.2788],[-112.8296,36.287],[-112.8245,36.2883],[-112.8126,36.2886],[-112.7985,36.2839],[-112.7938,36.2844],[-112.7893,36.2891],[-112.7891,36.2977],[-112.7875,36.3008],[-112.7827,36.303],[-112.7717,36.3031],[-112.7661,36.3057],[-112.7617,36.31],[-112.7587,36.3207],[-112.7558,36.3243],[-112.7491,36.3254],[-112.739,36.3199],[-112.7318,36.3178],[-112.7251,36.3186],[-112.7229,36.32],[-112.7201,36.3252],[-112.724,36.333],[-112.7265,36.342],[-112.7226,36.3469],[-112.6975,36.3554],[-112.6893,36.3538],[-112.6857,36.3443],[-112.6816,36.3417],[-112.6684,36.3466],[-112.6532,36.3617],[-112.651,36.3661],[-112.6483,36.3817],[-112.6456,36.3852],[-112.6399,36.3888],[-112.6287,36.3918],[-112.6107,36.3928],[-112.6011,36.3969],[-112.5836,36.3954],[-112.5683,36.3992],[-112.5493,36.4002]]]]}},{"type":"Feature","properties":{"leaid":"0409733","name":"Sedona-Oak Creek Joint Unified District","kind":"Unified","gradeLow":"PK","gradeHigh":"12","state":"AZ"},"geometry":{"type":"Polygon","coordinates":[[[-111.6761,34.8033],[-111.6768,34.7605],[-111.7123,34.7603],[-111.7117,34.7323],[-111.8531,34.7331],[-111.8527,34.8038],[-111.8833,34.8036],[-111.8833,34.9342],[-111.7777,34.9339],[-111.7776,34.981],[-111.7563,34.9811],[-111.7563,35.0103],[-111.7225,35.0096],[-111.7144,34.9809],[-111.7306,34.981],[-111.7306,34.9227],[-111.7132,34.9228],[-111.7133,34.9086],[-111.7218,34.9083],[-111.7219,34.8924],[-111.7251,34.8919],[-111.7252,34.8762],[-111.7431,34.8763],[-111.7426,34.8328],[-111.7603,34.8327],[-111.7604,34.804],[-111.6761,34.8033]]]}}]}