{"type":"FeatureCollection","features":[{"type":"Feature","properties":{"leaid":"0800001","name":"Cheyenne County School District RE-5","kind":"Unified","gradeLow":"PK","gradeHigh":"12","state":"CO"},"geometry":{"type":"Polygon","coordinates":[[[-102.0466,39.047],[-102.0448,38.6153],[-102.3908,38.6152],[-102.627,38.6133],[-102.6277,38.6929],[-102.6157,38.693],[-102.6184,38.8235],[-102.6192,38.982],[-102.5447,38.9822],[-102.5447,39.041],[-102.3677,39.0456],[-102.0466,39.047]]]}},{"type":"Feature","properties":{"leaid":"0800016","name":"Yuma School District 1","kind":"Unified","gradeLow":"PK","gradeHigh":"12","state":"CO"},"geometry":{"type":"Polygon","coordinates":[[[-102.5117,40.3734],[-102.4923,40.3734],[-102.4923,40.3662],[-102.4735,40.3663],[-102.4734,40.3519],[-102.4522,40.3519],[-102.4523,40.1271],[-102.4308,40.1271],[-102.4309,40.1035],[-102.4364,40.0207],[-102.4353,39.9987],[-102.431,39.9978],[-102.4303,39.9834],[-102.4382,39.9831],[-102.4383,39.9757],[-102.4489,39.9756],[-102.4488,39.9393],[-102.4579,39.9393],[-102.4566,39.8396],[-102.4753,39.8394],[-102.4751,39.8316],[-102.8004,39.8308],[-102.8038,40.0026],[-102.7933,40.0025],[-102.7942,40.1183],[-102.7936,40.3513],[-102.7802,40.3511],[-102.78,40.4384],[-102.6455,40.4385],[-102.645,40.424],[-102.5691,40.4241],[-102.5691,40.4095],[-102.5882,40.4094],[-102.5881,40.4018],[-102.5691,40.402],[-102.5691,40.387],[-102.55,40.3868],[-102.55,40.395],[-102.5398,40.3951],[-102.5398,40.3805],[-102.55,40.3805],[-102.5499,40.3659],[-102.5116,40.3661],[-102.5117,40.3734]]]}},{"type":"Feature","properties":{"leaid":"0800017","name":"Wray School District RD-2","kind":"Unified","gradeLow":"PK","gradeHigh":"12","state":"CO"},"geometry":{"type":"Polygon","coordinates":[[[-102.0515,40.3966],[-102.0515,39.8595],[-102.0716,39.8594],[-102.0717,39.8332],[-102.1758,39.8337],[-102.3143,39.8314],[-102.3154,39.8467],[-102.3905,39.8464],[-102.3914,39.8609],[-102.457,39.8607],[-102.4579,39.9393],[-102.4488,39.9393],[-102.4489,39.9756],[-102.4383,39.9757],[-102.4382,39.9831],[-102.4303,39.9834],[-102.431,39.9978],[-102.4353,39.9987],[-102.4364,40.0207],[-102.4309,40.1035],[-102.4308,40.1271],[-102.4523,40.1271],[-102.4522,40.3519],[-102.4006,40.3524],[-102.401,40.3958],[-102.2847,40.3955],[-102.2847,40.4104],[-102.2078,40.4105],[-102.2079,40.3956],[-102.0515,40.3966]]]}},{"type":"Feature","properties":{"leaid":"0800018","name":"Idalia School District RJ-3","kind":"Unified","gradeLow":"PK","gradeHigh":"12","state":"CO"},"geometry":{"type":"Polygon","coordinates":[[[-102.0515,39.8595],[-102.0498,39.5741],[-102.2947,39.5715],[-102.3141,39.5654],[-102.3351,39.5652],[-102.3353,39.571],[-102.3447,39.5709],[-102.3447,39.5995],[-102.4,39.5997],[-102.4007,39.6143],[-102.4599,39.614],[-102.4641,39.7591],[-102.4737,39.7591],[-102.4753,39.8394],[-102.4566,39.8396],[-102.457,39.8607],[-102.3914,39.8609],[-102.3905,39.8464],[-102.3154,39.8467],[-102.3143,39.8314],[-102.1758,39.8337],[-102.0717,39.8332],[-102.0716,39.8594],[-102.0515,39.8595]]]}},{"type":"Feature","properties":{"leaid":"0800019","name":"Liberty School District J-4","kind":"Unified","gradeLow":"PK","gradeHigh":"12","state":"CO"},"geometry":{"type":"Polygon","coordinates":[[[-102.4,39.5997],[-102.4196,39.5998],[-102.4196,39.5853],[-102.4367,39.5852],[-102.4362,39.5761],[-102.4304,39.5708],[-102.4655,39.5708],[-102.4653,39.566],[-102.5003,39.5657],[-102.5007,39.5485],[-102.5198,39.5478],[-102.5199,39.5335],[-102.5573,39.5336],[-102.5573,39.511],[-102.5758,39.5112],[-102.5756,39.4971],[-102.5932,39.4972],[-102.5924,39.5342],[-102.6115,39.5343],[-102.6115,39.5262],[-102.63,39.5263],[-102.6306,39.4752],[-102.6493,39.4755],[-102.6488,39.5028],[-102.6511,39.5038],[-102.7227,39.5048],[-102.7222,39.5268],[-102.7408,39.5269],[-102.7398,39.5657],[-102.7476,39.5658],[-102.7477,39.5679],[-102.8029,39.5678],[-102.8004,39.8308],[-102.4751,39.8316],[-102.4737,39.7591],[-102.4641,39.7591],[-102.4599,39.614],[-102.4007,39.6143],[-102.4,39.5997]]]}},{"type":"Feature","properties":{"leaid":"0801920","name":"Academy School District 20","kind":"Unified","gradeLow":"PK","gradeHigh":"12","state":"CO"},"geometry":{"type":"Polygon","coordinates":[[[-104.6074,39.057],[-104.6075,39.0428],[-104.626,39.0423],[-104.6259,39.0134],[-104.6448,39.0131],[-104.6445,38.9986],[-104.6634,38.9984],[-104.6639,38.9549],[-104.7007,38.9549],[-104.7011,38.9411],[-104.7404,38.9402],[-104.7476,38.9371],[-104.7529,38.9303],[-104.7549,38.9297],[-104.7627,38.9308],[-104.7749,38.9293],[-104.7751,38.9258],[-104.7857,38.925],[-104.7872,38.9259],[-104.7928,38.926],[-104.7971,38.9246],[-104.8025,38.9258],[-104.8136,38.9256],[-104.8157,38.9171],[-104.8246,38.9092],[-104.8294,38.8991],[-104.8312,38.8997],[-104.8312,38.901],[-104.842,38.9021],[-104.8518,38.9],[-104.8506,38.9054],[-104.8552,38.91],[-104.8635,38.9283],[-104.8674,38.9348],[-104.877,38.9439],[-104.8865,38.9441],[-104.8867,38.9403],[-104.8913,38.9403],[-104.8913,38.9367],[-104.8863,38.9372],[-104.8852,38.9263],[-104.9054,38.9261],[-104.9053,38.9111],[-104.9354,38.911],[-104.9357,38.9835],[-104.9158,38.9836],[-104.9159,39.0399],[-104.91,39.0421],[-104.8496,39.0423],[-104.8494,39.0532],[-104.8485,39.0521],[-104.8494,39.0566],[-104.7683,39.0564],[-104.7392,39.058],[-104.7317,39.0566],[-104.6074,39.057]]]}},{"type":"Feature","properties":{"leaid":"0801950","name":"Adams County School District 14","kind":"Unified","gradeLow":"PK","gradeHigh":"12","state":"CO"},"geometry":{"type":"Polygon","coordinates":[[[-104.791,39.8656],[-104.7909,39.7983],[-104.866,39.7984],[-104.8661,39.8128],[-104.8844,39.8128],[-104.8845,39.7983],[-104.8991,39.7984],[-104.8991,39.8002],[-104.9014,39.8002],[-104.9014,39.7984],[-104.9036,39.7984],[-104.9034,39.7838],[-104.927,39.7838],[-104.927,39.7911],[-104.9405,39.791],[-104.9405,39.7946],[-104.9554,39.7946],[-104.9602,39.791],[-104.9689,39.791],[-104.9574,39.8034],[-104.9595,39.8084],[-104.9588,39.812],[-104.9521,39.8134],[-104.9508,39.8152],[-104.9479,39.8328],[-104.9495,39.838],[-104.9456,39.8402],[-104.9384,39.8471],[-104.938,39.8561],[-104.9403,39.856],[-104.9402,39.885],[-104.928,39.8852],[-104.9268,39.8891],[-104.9222,39.8936],[-104.922,39.8997],[-104.9176,39.8998],[-104.9125,39.9071],[-104.9125,39.9035],[-104.903,39.9034],[-104.903,39.8926],[-104.9126,39.8926],[-104.9129,39.8842],[-104.9164,39.8842],[-104.9149,39.8816],[-104.9173,39.8816],[-104.916,39.8782],[-104.9082,39.8782],[-104.9082,39.8809],[-104.9033,39.8811],[-104.9034,39.8745],[-104.8982,39.8744],[-104.8961,39.8764],[-104.8843,39.8763],[-104.884,39.8853],[-104.8653,39.8852],[-104.8653,39.8925],[-104.8609,39.8925],[-104.8595,39.8902],[-104.8609,39.8895],[-104.8609,39.8852],[-104.856,39.8852],[-104.856,39.8707],[-104.793,39.8706],[-104.791,39.8656]]]}},{"type":"Feature","properties":{"leaid":"0801980","name":"Agate School District 300","kind":"Unified","gradeLow":"PK","gradeHigh":"12","state":"CO"},"geometry":{"type":"Polygon","coordinates":[[[-103.7144,39.5663],[-103.715,39.4337],[-103.8257,39.4342],[-103.8258,39.3033],[-103.8997,39.3031],[-103.8997,39.2463],[-104.0296,39.2449],[-104.0297,39.3029],[-104.0694,39.3029],[-104.0695,39.3456],[-104.0878,39.3454],[-104.0878,39.3603],[-104.1064,39.3602],[-104.1066,39.3893],[-104.1454,39.3894],[-104.1455,39.3742],[-104.1833,39.3739],[-104.1833,39.3893],[-104.2014,39.3895],[-104.2014,39.4336],[-104.2971,39.4331],[-104.297,39.4961],[-104.3015,39.4958],[-104.3015,39.5018],[-104.3012,39.5058],[-104.2964,39.5058],[-104.2964,39.5131],[-104.3012,39.5129],[-104.3012,39.5531],[-104.2959,39.5531],[-104.2961,39.5647],[-103.7144,39.5663]]]}},{"type":"Feature","properties":{"leaid":"0802010","name":"Aguilar Reorganized School District 6","kind":"Unified","gradeLow":"PK","gradeHigh":"12","state":"CO"},"geometry":{"type":"Polygon","coordinates":[[[-104.1432,37.7583],[-104.1454,37.7543],[-104.1436,37.7454],[-104.1475,37.7428],[-104.144,37.7397],[-104.1441,37.7359],[-104.1532,37.7339],[-104.1558,37.7348],[-104.1576,37.7322],[-104.163,37.7311],[-104.1642,37.728],[-104.1672,37.7258],[-104.1746,37.728],[-104.1806,37.7244],[-104.1806,37.7228],[-104.1781,37.7206],[-104.1723,37.7183],[-104.1744,37.7152],[-104.1811,37.7124],[-104.1826,37.7111],[-104.1822,37.7099],[-104.1871,37.7099],[-104.1876,37.7076],[-104.1953,37.7049],[-104.1949,37.7031],[-104.1902,37.7034],[-104.1883,37.7021],[-104.1982,37.7012],[-104.1969,37.6989],[-104.1972,37.6951],[-104.203,37.6926],[-104.2026,37.691],[-104.1985,37.6914],[-104.1971,37.6897],[-104.1998,37.6881],[-104.2021,37.6842],[-104.2083,37.6808],[-104.2062,37.6779],[-104.2214,37.6696],[-104.2267,37.6692],[-104.2277,37.6705],[-104.2342,37.6709],[-104.2346,37.6685],[-104.2311,37.6673],[-104.2305,37.6659],[-104.2335,37.6657],[-104.2332,37.6627],[-104.2298,37.6628],[-104.2275,37.6609],[-104.2325,37.6588],[-104.2402,37.6588],[-104.2462,37.6497],[-104.2443,37.6484],[-104.2451,37.6417],[-104.2424,37.6382],[-104.2427,37.6354],[-104.2414,37.6329],[-104.2465,37.6259],[-104.2452,37.6235],[-104.2485,37.6207],[-104.2485,37.6162],[-104.2519,37.6153],[-104.2512,37.6143],[-104.2452,37.6147],[-104.2436,37.6132],[-104.2477,37.6116],[-104.2492,37.6077],[-104.2523,37.606],[-104.2498,37.6034],[-104.249,37.5972],[-104.2444,37.5979],[-104.2456,37.5958],[-104.2481,37.5953],[-104.2468,37.5937],[-104.2486,37.5911],[-104.2471,37.589],[-104.2471,37.5871],[-104.2487,37.5863],[-104.2477,37.584],[-104.2526,37.5832],[-104.2527,37.5815],[-104.255,37.5796],[-104.2546,37.5746],[-104.2582,37.5727],[-104.2582,37.5699],[-104.26,37.5683],[-104.2596,37.5657],[-104.2584,37.5651],[-104.2627,37.5635],[-104.2672,37.5552],[-104.2658,37.5533],[-104.267,37.5521],[-104.267,37.5487],[-104.2685,37.5486],[-104.2694,37.5466],[-104.2725,37.5462],[-104.2734,37.5416],[-104.2754,37.5416],[-104.275,37.5399],[-104.2794,37.536],[-104.2811,37.5365],[-104.28,37.5356],[-104.2823,37.534],[-104.2834,37.5348],[-104.2865,37.5338],[-104.2859,37.5325],[-104.2875,37.5306],[-104.2904,37.5296],[-104.2891,37.5283],[-104.2948,37.5192],[-104.2981,37.5186],[-104.2982,37.5173],[-104.3039,37.515],[-104.3059,37.5072],[-104.3047,37.5043],[-104.303,37.5035],[-104.304,37.5],[-104.3098,37.4973],[-104.3145,37.4976],[-104.3171,37.4993],[-104.3191,37.4975],[-104.3184,37.4968],[-104.3211,37.4967],[-104.321,37.4951],[-104.3226,37.4946],[-104.3213,37.4934],[-104.327,37.4938],[-104.3325,37.4922],[-104.3329,37.4935],[-104.3368,37.4937],[-104.3362,37.4946],[-104.3403,37.4989],[-104.3399,37.5],[-104.3422,37.5016],[-104.3422,37.5032],[-104.3453,37.5034],[-104.3495,37.5008],[-104.3503,37.4968],[-104.3573,37.492],[-104.3568,37.4905],[-104.359,37.4894],[-104.3614,37.49],[-104.3614,37.4883],[-104.3641,37.4863],[-104.3636,37.4851],[-104.3656,37.4839],[-104.3652,37.4827],[-104.3719,37.4785],[-104.3744,37.4748],[-104.3729,37.4725],[-104.3758,37.4707],[-104.3751,37.4686],[-104.3366,37.4677],[-104.3373,37.3815],[-104.374,37.382],[-104.394,37.3804],[-104.4489,37.3818],[-104.4492,37.3384],[-104.5,37.3386],[-104.5001,37.3243],[-104.5283,37.3243],[-104.5393,37.3267],[-104.5431,37.3243],[-104.555,37.3243],[-104.5559,37.3101],[-104.5739,37.31],[-104.572,37.295],[-104.6099,37.2955],[-104.6101,37.2639],[-104.6666,37.264],[-104.6663,37.3079],[-104.7166,37.3094],[-104.7202,37.3078],[-104.7224,37.3083],[-104.7224,37.2947],[-104.7405,37.2948],[-104.7405,37.2635],[-104.8299,37.264],[-104.8298,37.2509],[-104.9613,37.2508],[-104.9611,37.2444],[-104.9638,37.2441],[-104.9987,37.2508],[-105.0294,37.2508],[-105.029,37.3395],[-105.0235,37.3416],[-105.0248,37.35],[-105.0235,37.3569],[-105.0203,37.3563],[-105.0161,37.3584],[-105.0117,37.3588],[-105.0048,37.3632],[-104.9955,37.3756],[-104.9899,37.376],[-104.9835,37.3734],[-104.9758,37.3767],[-104.9712,37.3762],[-104.9539,37.3892],[-104.9467,37.3914],[-104.938,37.3894],[-104.9326,37.3954],[-104.9271,37.3969],[-104.9203,37.3938],[-104.91,37.3937],[-104.9061,37.3901],[-104.8929,37.3894],[-104.8835,37.3858],[-104.8747,37.3881],[-104.8716,37.3912],[-104.864,37.3909],[-104.8588,37.3936],[-104.8383,37.3987],[-104.8353,37.3978],[-104.8348,37.3953],[-104.8267,37.3957],[-104.8232,37.3981],[-104.8181,37.3971],[-104.8155,37.4004],[-104.8125,37.4003],[-104.811,37.3986],[-104.8085,37.3997],[-104.8072,37.4022],[-104.8037,37.4029],[-104.8,37.4],[-104.7931,37.4015],[-104.7874,37.4001],[-104.783,37.4005],[-104.7793,37.4038],[-104.775,37.4037],[-104.7728,37.4065],[-104.769,37.4048],[-104.7608,37.4055],[-104.7574,37.4071],[-104.7489,37.407],[-104.7491,37.414],[-104.7371,37.423],[-104.7368,37.4249],[-104.7306,37.4272],[-104.7259,37.4269],[-104.7251,37.43],[-104.7212,37.4294],[-104.7204,37.4312],[-104.7114,37.4375],[-104.7085,37.4366],[-104.7024,37.4382],[-104.6996,37.4401],[-104.6969,37.4389],[-104.6951,37.4399],[-104.6984,37.4454],[-104.6983,37.4481],[-104.7007,37.4502],[-104.6984,37.459],[-104.7,37.4637],[-104.6989,37.4679],[-104.6999,37.4698],[-104.6918,37.479],[-104.6934,37.4818],[-104.695,37.4823],[-104.6961,37.4854],[-104.6918,37.4866],[-104.6909,37.4892],[-104.6921,37.4912],[-104.6906,37.4936],[-104.6857,37.496],[-104.6665,37.4948],[-104.6492,37.4953],[-104.6277,37.5109],[-104.6203,37.5301],[-104.5487,37.5747],[-104.5484,37.6094],[-104.4549,37.7408],[-104.4567,37.7479],[-104.3755,37.7986],[-104.3511,37.8175],[-104.1432,37.7583]]]}},{"type":"Feature","properties":{"leaid":"0802040","name":"Akron School District R-1","kind":"Unified","gradeLow":"PK","gradeHigh":"12","state":"CO"},"geometry":{"type":"Polygon","coordinates":[[[-103.0617,40.2948],[-103.0607,40.2221],[-103.0798,40.2218],[-103.078,40.1628],[-103.0764,40.0022],[-103.0866,40.0022],[-103.086,39.9456],[-103.1049,39.9454],[-103.1057,39.9312],[-103.0868,39.9314],[-103.0868,39.9173],[-103.0677,39.9176],[-103.068,39.9028],[-103.1435,39.9016],[-103.1435,39.8871],[-103.2834,39.8864],[-103.2837,39.8492],[-103.2934,39.8492],[-103.2929,39.8717],[-103.3117,39.8643],[-103.3128,39.8687],[-103.3155,39.8716],[-103.3661,39.8705],[-103.3651,39.957],[-103.4396,39.9573],[-103.439,40.0016],[-103.472,40.0015],[-103.4735,40.1667],[-103.4714,40.2918],[-103.3592,40.2923],[-103.3569,40.3496],[-103.2932,40.3496],[-103.2931,40.3781],[-103.2352,40.3783],[-103.235,40.4361],[-103.0456,40.4371],[-103.0457,40.4081],[-103.1027,40.4077],[-103.1026,40.3932],[-103.1606,40.3933],[-103.1595,40.3496],[-103.0815,40.35],[-103.0809,40.2947],[-103.0617,40.2948]]]}},{"type":"Feature","properties":{"leaid":"0802070","name":"Alamosa School District RE-11J","kind":"Unified","gradeLow":"PK","gradeHigh":"12","state":"CO"},"geometry":{"type":"Polygon","coordinates":[[[-105.4855,37.5779],[-105.4907,37.5755],[-105.4961,37.5701],[-105.4973,37.5669],[-105.4963,37.5639],[-105.5006,37.5601],[-105.7433,37.3568],[-105.7607,37.3568],[-105.762,37.3585],[-105.766,37.3591],[-105.7661,37.3606],[-105.7634,37.3607],[-105.7645,37.3625],[-105.7639,37.3663],[-105.7704,37.37],[-105.7733,37.3754],[-105.769,37.3783],[-105.7687,37.3798],[-105.77,37.3806],[-105.7746,37.3798],[-105.7753,37.3842],[-105.7795,37.3828],[-105.7785,37.3855],[-105.8751,37.3856],[-105.8751,37.384],[-105.9845,37.3841],[-105.9846,37.3571],[-105.9856,37.3563],[-105.9837,37.3559],[-105.9838,37.3418],[-106.0203,37.3419],[-106.0202,37.3348],[-106.1123,37.3354],[-106.1124,37.4011],[-106.0393,37.4009],[-106.0393,37.5702],[-106.029,37.5694],[-106.0287,37.5682],[-106.0316,37.5673],[-106.0314,37.566],[-106.0259,37.5665],[-106.0239,37.5641],[-106.0206,37.5638],[-106.0178,37.5671],[-106.0064,37.5703],[-106.0041,37.5678],[-106.0082,37.5674],[-106.0084,37.5651],[-106.0047,37.5651],[-106.0,37.562],[-105.9953,37.5608],[-105.9932,37.5622],[-105.9955,37.5652],[-105.9932,37.5668],[-105.9916,37.5667],[-105.9885,37.5617],[-105.9835,37.5609],[-105.9822,37.5613],[-105.9817,37.5635],[-105.9801,37.5618],[-105.9784,37.562],[-105.979,37.5643],[-105.9762,37.5647],[-105.9769,37.566],[-105.9758,37.5667],[-105.9742,37.5645],[-105.9756,37.5631],[-105.9737,37.5603],[-105.9722,37.56],[-105.9685,37.563],[-105.9687,37.5608],[-105.9664,37.5596],[-105.5958,37.5615],[-105.5958,37.5781],[-105.4855,37.5779]]]}},{"type":"Feature","properties":{"leaid":"0802130","name":"South Conejos School District RE-10","kind":"Unified","gradeLow":"PK","gradeHigh":"12","state":"CO"},"geometry":{"type":"Polygon","coordinates":[[[-105.8924,37.1367],[-105.7481,37.1366],[-105.7478,37.1275],[-105.7499,37.1198],[-105.7497,37.1142],[-105.7449,37.1056],[-105.7416,37.1041],[-105.7407,37.1022],[-105.7473,37.0936],[-105.7485,37.0889],[-105.753,37.0848],[-105.7565,37.0786],[-105.7602,37.0766],[-105.7667,37.0663],[-105.7703,37.0645],[-105.7702,37.0612],[-105.7676,37.0604],[-105.7641,37.056],[-105.7679,37.0512],[-105.7672,37.0481],[-105.7713,37.0461],[-105.7707,37.0418],[-105.7664,37.0409],[-105.7689,37.0368],[-105.7658,37.035],[-105.761,37.0261],[-105.7525,37.028],[-105.7496,37.0266],[-105.749,37.0236],[-105.7506,37.0205],[-105.7492,37.018],[-105.7451,37.0174],[-105.7462,37.0142],[-105.7396,37.0129],[-105.7352,37.0146],[-105.7283,37.015],[-105.7249,37.0134],[-105.7238,37.0105],[-105.7261,37.009],[-105.7267,37.0068],[-105.7229,37.0039],[-105.7228,37.0008],[-105.7181,36.9994],[-105.7196,36.9967],[-105.7185,36.9958],[-106.4761,36.9935],[-106.4891,37.0151],[-106.5892,37.1402],[-106.5974,37.195],[-106.6707,37.2254],[-106.365,37.2279],[-106.3641,37.1413],[-106.2982,37.141],[-106.2493,37.1427],[-106.0558,37.1416],[-106.0558,37.1329],[-106.0468,37.1328],[-106.0468,37.1256],[-106.0284,37.1257],[-106.0284,37.1328],[-105.973,37.1324],[-105.973,37.1383],[-105.9274,37.1382],[-105.9274,37.13],[-105.9184,37.13],[-105.9183,37.1373],[-105.9051,37.1373],[-105.9051,37.131],[-105.8925,37.131],[-105.8924,37.1367]]]}},{"type":"Feature","properties":{"leaid":"0802190","name":"Archuleta County School District 50-JT","kind":"Unified","gradeLow":"KG","gradeHigh":"12","state":"CO"},"geometry":{"type":"Polygon","coordinates":[[[-107.1252,37.6041],[-107.1287,37.4733],[-107.1287,37.3924],[-106.8712,37.3937],[-106.7108,37.3962],[-106.7108,37.4042],[-106.6784,37.4036],[-106.6784,37.2286],[-106.5974,37.195],[-106.5892,37.1402],[-106.4891,37.0151],[-106.4761,36.9935],[-106.8698,36.9925],[-106.8772,37.0001],[-107.3338,37.0001],[-107.3345,37.1411],[-107.443,37.1413],[-107.4427,37.0824],[-107.4815,37.0826],[-107.4823,37.2504],[-107.47,37.2504],[-107.4612,37.2526],[-107.4526,37.2528],[-107.4544,37.3282],[-107.4823,37.3287],[-107.4822,37.643],[-107.4751,37.637],[-107.4718,37.6359],[-107.469,37.6326],[-107.4616,37.6294],[-107.455,37.6298],[-107.4559,37.6311],[-107.4538,37.6342],[-107.442,37.6323],[-107.44,37.6347],[-107.4414,37.6373],[-107.4343,37.6382],[-107.4286,37.6417],[-107.424,37.6474],[-107.4237,37.6503],[-107.4061,37.6496],[-107.3975,37.6533],[-107.3985,37.6562],[-107.3929,37.6668],[-107.3934,37.6791],[-107.3865,37.6805],[-107.3756,37.6873],[-107.3688,37.6845],[-107.3453,37.679],[-107.3324,37.6804],[-107.3237,37.6838],[-107.3188,37.6813],[-107.3119,37.6803],[-107.3067,37.6775],[-107.3024,37.6803],[-107.2925,37.6839],[-107.2912,37.6875],[-107.2865,37.6911],[-107.2834,37.6909],[-107.2815,37.693],[-107.269,37.696],[-107.2704,37.6903],[-107.2734,37.6877],[-107.2727,37.6849],[-107.274,37.6826],[-107.273,37.6798],[-107.281,37.6734],[-107.2883,37.6719],[-107.2892,37.6675],[-107.2803,37.6605],[-107.2785,37.6567],[-107.2767,37.6557],[-107.2763,37.6539],[-107.2789,37.6497],[-107.2778,37.6449],[-107.2789,37.641],[-107.268,37.6337],[-107.2665,37.6301],[-107.2569,37.6281],[-107.2568,37.625],[-107.2597,37.6212],[-107.2589,37.6199],[-107.2551,37.6153],[-107.2518,37.6139],[-107.2519,37.6117],[-107.2489,37.6079],[-107.2422,37.6041],[-107.2354,37.5978],[-107.2315,37.5953],[-107.2239,37.5944],[-107.2224,37.5958],[-107.2216,37.5998],[-107.2169,37.6008],[-107.213,37.6046],[-107.2084,37.6042],[-107.207,37.6079],[-107.2046,37.6078],[-107.2017,37.61],[-107.1981,37.6147],[-107.2016,37.6197],[-107.2018,37.6227],[-107.2,37.6253],[-107.1887,37.6263],[-107.1804,37.6296],[-107.1766,37.628],[-107.1727,37.6328],[-107.1638,37.6362],[-107.1616,37.634],[-107.1528,37.6373],[-107.1469,37.6335],[-107.1454,37.6284],[-107.1402,37.6246],[-107.1402,37.622],[-107.1442,37.6176],[-107.1415,37.6124],[-107.1424,37.6094],[-107.1394,37.6019],[-107.1361,37.6003],[-107.1327,37.6026],[-107.1281,37.6026],[-107.1252,37.6041]]]}},{"type":"Feature","properties":{"leaid":"0802220","name":"Arickaree School District R-2","kind":"Unified","gradeLow":"PK","gradeHigh":"12","state":"CO"},"geometry":{"type":"Polygon","coordinates":[[[-102.803,39.9602],[-102.8004,39.8299],[-102.8029,39.5678],[-102.9352,39.5685],[-103.1544,39.5657],[-103.2746,39.5665],[-103.2736,39.6529],[-103.2546,39.6531],[-103.2547,39.6823],[-103.311,39.6816],[-103.311,39.7107],[-103.2549,39.7113],[-103.2556,39.7844],[-103.3124,39.7834],[-103.3125,39.8271],[-103.2937,39.8274],[-103.2934,39.8492],[-103.2837,39.8492],[-103.2834,39.8864],[-103.1435,39.8871],[-103.1435,39.9016],[-103.068,39.9028],[-103.0677,39.9176],[-103.0868,39.9173],[-103.0868,39.9314],[-103.1057,39.9312],[-103.1049,39.9454],[-103.086,39.9456],[-103.086,39.9606],[-103.0302,39.9622],[-103.0109,39.9608],[-102.803,39.9602]]]}},{"type":"Feature","properties":{"leaid":"0802260","name":"Arriba-Flagler School District C-20","kind":"Unified","gradeLow":"PK","gradeHigh":"12","state":"CO"},"geometry":{"type":"Polygon","coordinates":[[[-102.9763,39.0399],[-103.0514,39.0396],[-103.163,39.0376],[-103.1631,39.128],[-103.1553,39.128],[-103.1551,39.1419],[-103.3795,39.1422],[-103.3793,39.317],[-103.3609,39.317],[-103.3617,39.3753],[-103.3608,39.3886],[-103.3791,39.3886],[-103.3781,39.5662],[-103.1544,39.5657],[-102.9677,39.5682],[-102.9682,39.4755],[-102.9495,39.4755],[-102.9511,39.3461],[-102.9506,39.301],[-102.9694,39.301],[-102.9691,39.2429],[-102.9599,39.243],[-102.9595,39.1999],[-102.9776,39.1999],[-102.9781,39.1276],[-102.9751,39.1276],[-102.9763,39.0399]]]}},{"type":"Feature","properties":{"leaid":"0802280","name":"Aspen School District 1","kind":"Unified","gradeLow":"PK","gradeHigh":"12","state":"CO"},"geometry":{"type":"Polygon","coordinates":[[[-106.4891,39.2485],[-106.4973,39.2427],[-106.4989,39.2354],[-106.4973,39.233],[-106.4897,39.228],[-106.4922,39.2257],[-106.4918,39.2208],[-106.4939,39.2193],[-106.4929,39.2159],[-106.495,39.2085],[-106.4938,39.2064],[-106.4946,39.2001],[-106.4936,39.1983],[-106.4982,39.1927],[-106.4996,39.1838],[-106.5026,39.1804],[-106.5082,39.178],[-106.51,39.1747],[-106.5085,39.1681],[-106.5091,39.1659],[-106.5209,39.1574],[-106.5274,39.161],[-106.5313,39.1612],[-106.5351,39.1631],[-106.5361,39.1594],[-106.5381,39.158],[-106.545,39.1589],[-106.5517,39.1615],[-106.5572,39.1567],[-106.5613,39.1557],[-106.5626,39.1519],[-106.5587,39.1438],[-106.5595,39.1397],[-106.5647,39.1329],[-106.5604,39.1284],[-106.5583,39.1242],[-106.5582,39.1202],[-106.565,39.114],[-106.5647,39.1091],[-106.5633,39.1073],[-106.564,39.106],[-106.5684,39.1052],[-106.5702,39.1035],[-106.5747,39.1043],[-106.5803,39.1022],[-106.5862,39.0941],[-106.5863,39.0877],[-106.5849,39.0848],[-106.5771,39.0794],[-106.5795,39.0775],[-106.5795,39.0756],[-106.5776,39.0728],[-106.5776,39.0532],[-106.5807,39.0487],[-106.5842,39.0472],[-106.5972,39.0448],[-106.5995,39.0338],[-106.5944,39.03],[-106.5917,39.0249],[-106.5949,39.0208],[-106.5945,39.0042],[-106.5992,38.998],[-106.6127,38.9957],[-106.6147,39.0],[-106.6242,39.0036],[-106.6247,39.0061],[-106.6277,39.0076],[-106.63,39.0122],[-106.6332,39.0121],[-106.6379,39.0147],[-106.6383,39.0192],[-106.6484,39.0222],[-106.65,39.0263],[-106.6465,39.0308],[-106.6468,39.0333],[-106.6555,39.0444],[-106.6641,39.0419],[-106.6741,39.0458],[-106.6845,39.0451],[-106.693,39.0551],[-106.695,39.0557],[-106.703,39.0559],[-106.7057,39.0548],[-106.7079,39.0535],[-106.7103,39.0476],[-106.7172,39.0483],[-106.7227,39.0452],[-106.7295,39.0465],[-106.7358,39.0448],[-106.7407,39.0459],[-106.7421,39.044],[-106.7494,39.0425],[-106.7472,39.04],[-106.7451,39.0269],[-106.7513,39.0258],[-106.7557,39.0206],[-106.7619,39.0193],[-106.7616,39.0162],[-106.7682,39.0102],[-106.7686,39.0082],[-106.775,39.0061],[-106.7781,39.0013],[-106.7825,38.9993],[-106.7837,38.9958],[-106.7822,38.9907],[-106.784,38.9869],[-106.7877,38.9843],[-106.7966,38.9842],[-106.8002,38.9822],[-106.8004,38.9791],[-106.8042,38.9781],[-106.8107,38.9787],[-106.8169,38.9814],[-106.8272,38.9777],[-106.8321,38.9808],[-106.8343,38.9808],[-106.8359,38.9836],[-106.8455,38.9862],[-106.849,38.9893],[-106.8525,38.9955],[-106.8565,38.999],[-106.8598,39.0083],[-106.8617,39.0094],[-106.8678,39.0069],[-106.8765,39.0069],[-106.8781,39.0059],[-106.8787,39.0029],[-106.8766,39.0],[-106.878,38.9943],[-106.8844,38.9904],[-106.8912,38.991],[-106.8931,38.9895],[-106.9003,38.9925],[-106.9082,38.9926],[-106.9076,38.9951],[-106.9104,39.0005],[-106.9179,38.9992],[-106.9284,39.0046],[-106.9351,39.0061],[-106.9446,39.0144],[-106.9483,39.0147],[-106.951,39.0166],[-106.9581,39.0155],[-106.9647,39.0175],[-106.9643,39.0296],[-106.9673,39.0309],[-106.9738,39.0289],[-106.9795,39.0308],[-106.988,39.0308],[-106.9961,39.0342],[-107.0016,39.0423],[-106.9997,39.0428],[-106.9968,39.0493],[-106.9898,39.052],[-106.9893,39.0555],[-106.9908,39.06],[-106.9864,39.0625],[-106.9868,39.0672],[-106.9885,39.0696],[-106.9889,39.1309],[-106.9701,39.131],[-106.9699,39.1991],[-106.972,39.199],[-106.9743,39.2032],[-106.9721,39.2067],[-106.975,39.2065],[-106.9752,39.2106],[-106.9779,39.2106],[-106.9723,39.2164],[-106.9701,39.2164],[-106.97,39.2117],[-106.9554,39.2125],[-106.9334,39.2296],[-106.9333,39.2444],[-106.9229,39.2531],[-106.9149,39.2555],[-106.9103,39.2551],[-106.8961,39.258],[-106.8963,39.2753],[-106.9345,39.2744],[-106.9364,39.3065],[-106.9316,39.3041],[-106.8974,39.3042],[-106.8977,39.3329],[-106.823,39.3332],[-106.8226,39.3046],[-106.6701,39.3039],[-106.6671,39.2456],[-106.4891,39.2485]]]}},{"type":"Feature","properties":{"leaid":"0802310","name":"Ault-Highland School District RE-9","kind":"Unified","gradeLow":"KG","gradeHigh":"12","state":"CO"},"geometry":{"type":"Polygon","coordinates":[[[-104.524,40.7985],[-104.5242,40.769],[-104.5622,40.7688],[-104.5621,40.7107],[-104.5816,40.7105],[-104.5807,40.6828],[-104.5828,40.6381],[-104.6197,40.6383],[-104.6199,40.6024],[-104.6583,40.6031],[-104.6583,40.596],[-104.6772,40.5964],[-104.6772,40.5924],[-104.6865,40.5925],[-104.6871,40.5853],[-104.689,40.5823],[-104.6951,40.5797],[-104.6869,40.5746],[-104.6867,40.5676],[-104.6965,40.5678],[-104.6966,40.5604],[-104.7245,40.5606],[-104.7213,40.5536],[-104.7543,40.5531],[-104.7542,40.5388],[-104.7741,40.5386],[-104.7734,40.5532],[-104.7926,40.5531],[-104.7926,40.5597],[-104.8222,40.5594],[-104.8223,40.5673],[-104.832,40.567],[-104.8318,40.6174],[-104.944,40.6168],[-104.9434,40.9982],[-104.8553,40.998],[-104.6001,41.0015],[-104.6009,40.8407],[-104.5619,40.8412],[-104.562,40.7976],[-104.524,40.7985]]]}},{"type":"Feature","properties":{"leaid":"0802340","name":"Adams-Arapahoe School District 28J","kind":"Unified","gradeLow":"PK","gradeHigh":"12","state":"CO"},"geometry":{"type":"Polygon","coordinates":[[[-104.6592,39.813],[-104.6603,39.7106],[-104.6033,39.7109],[-104.6038,39.6382],[-104.7163,39.6386],[-104.7162,39.653],[-104.7537,39.653],[-104.7536,39.6679],[-104.7724,39.6677],[-104.7725,39.6531],[-104.8279,39.6531],[-104.8282,39.6821],[-104.8412,39.6821],[-104.8406,39.6844],[-104.8429,39.6862],[-104.8472,39.6857],[-104.8472,39.7112],[-104.8706,39.7102],[-104.8706,39.7182],[-104.8753,39.7188],[-104.8753,39.7256],[-104.8819,39.725],[-104.8866,39.7292],[-104.8847,39.7309],[-104.8847,39.7475],[-104.88,39.7474],[-104.8799,39.7547],[-104.8469,39.7547],[-104.8482,39.7564],[-104.8563,39.7581],[-104.8564,39.7686],[-104.833,39.7664],[-104.833,39.7692],[-104.8282,39.7692],[-104.8282,39.7728],[-104.7816,39.7728],[-104.7816,39.7765],[-104.7722,39.7764],[-104.7722,39.7715],[-104.7646,39.7716],[-104.7646,39.7692],[-104.7346,39.7692],[-104.7344,39.7984],[-104.7626,39.7984],[-104.7627,39.8056],[-104.7533,39.8057],[-104.7532,39.8129],[-104.7156,39.8127],[-104.7156,39.8232],[-104.6661,39.8228],[-104.6662,39.8131],[-104.6592,39.813]]]}},{"type":"Feature","properties":{"leaid":"0802370","name":"Platte Canyon School District 1","kind":"Unified","gradeLow":"PK","gradeHigh":"12","state":"CO"},"geometry":{"type":"Polygon","coordinates":[[[-105.3989,39.5661],[-105.3981,39.3158],[-105.4944,39.316],[-105.4943,39.3298],[-105.5312,39.3298],[-105.5313,39.3491],[-105.5678,39.3493],[-105.5677,39.3589],[-105.6058,39.3589],[-105.6057,39.3826],[-105.6499,39.3827],[-105.6496,39.4196],[-105.7003,39.4162],[-105.7004,39.4014],[-105.7532,39.4015],[-105.7531,39.4171],[-105.7713,39.4172],[-105.7709,39.4318],[-105.7888,39.432],[-105.789,39.446],[-105.851,39.4462],[-105.8509,39.4724],[-105.8989,39.4723],[-105.8967,39.4757],[-105.8973,39.4771],[-105.8947,39.4775],[-105.8927,39.48],[-105.8922,39.484],[-105.8791,39.4838],[-105.8785,39.4894],[-105.8747,39.4935],[-105.8711,39.495],[-105.8666,39.4944],[-105.8641,39.5016],[-105.8604,39.5047],[-105.8539,39.5045],[-105.8548,39.5064],[-105.8595,39.5092],[-105.8599,39.5121],[-105.8669,39.5167],[-105.8681,39.5195],[-105.8647,39.5221],[-105.8629,39.5273],[-105.8595,39.5315],[-105.8577,39.5321],[-105.8546,39.5279],[-105.8454,39.5237],[-105.8443,39.526],[-105.83,39.532],[-105.8229,39.5299],[-105.8193,39.5376],[-105.8176,39.5383],[-105.8189,39.5458],[-105.8163,39.5482],[-105.8158,39.552],[-105.8223,39.553],[-105.8258,39.5557],[-105.8297,39.5649],[-105.7216,39.5653],[-105.588,39.5682],[-105.5003,39.5661],[-105.3989,39.5661]]]}},{"type":"Feature","properties":{"leaid":"0802400","name":"Bayfield School District 10 JT-R","kind":"Unified","gradeLow":"PK","gradeHigh":"12","state":"CO"},"geometry":{"type":"Polygon","coordinates":[[[-107.4822,37.6395],[-107.4823,37.3287],[-107.4544,37.3282],[-107.4526,37.2528],[-107.4612,37.2526],[-107.47,37.2504],[-107.4823,37.2504],[-107.4821,37.1838],[-107.6202,37.184],[-107.6205,37.177],[-107.6388,37.1767],[-107.6387,37.1839],[-107.6506,37.1839],[-107.6495,37.1987],[-107.6572,37.1986],[-107.6577,37.217],[-107.7224,37.2154],[-107.7223,37.2276],[-107.7237,37.2279],[-107.7237,37.2369],[-107.7328,37.237],[-107.7327,37.2405],[-107.7282,37.2405],[-107.7281,37.2439],[-107.7235,37.2439],[-107.7234,37.2465],[-107.722,37.2464],[-107.7221,37.2538],[-107.7357,37.2539],[-107.7353,37.2649],[-107.7398,37.265],[-107.7397,37.2685],[-107.7435,37.2685],[-107.7434,37.2759],[-107.7302,37.2759],[-107.7302,37.2801],[-107.7389,37.2794],[-107.7389,37.2842],[-107.7324,37.2848],[-107.7324,37.287],[-107.7303,37.287],[-107.73,37.2901],[-107.7396,37.2901],[-107.7393,37.2938],[-107.7438,37.2938],[-107.7436,37.3118],[-107.7025,37.3116],[-107.7022,37.3401],[-107.6839,37.3388],[-107.6838,37.3444],[-107.6736,37.3452],[-107.6731,37.3418],[-107.6509,37.3416],[-107.6515,37.3479],[-107.6483,37.3488],[-107.6483,37.3527],[-107.6431,37.357],[-107.6473,37.421],[-107.6472,37.45],[-107.7231,37.4499],[-107.7212,37.5528],[-107.8219,37.5545],[-107.8212,37.5931],[-107.8042,37.5931],[-107.8039,37.6402],[-107.4822,37.6395]]]}},{"type":"Feature","properties":{"leaid":"0802430","name":"Bennett School District 29-J","kind":"Unified","gradeLow":"PK","gradeHigh":"12","state":"CO"},"geometry":{"type":"Polygon","coordinates":[[[-104.3764,39.9267],[-104.3762,39.8806],[-104.3771,39.8745],[-104.3761,39.839],[-104.3577,39.8389],[-104.3579,39.8254],[-104.3765,39.8252],[-104.3778,39.6924],[-104.3827,39.6875],[-104.3829,39.6803],[-104.3969,39.6803],[-104.3987,39.5639],[-104.6048,39.5659],[-104.604,39.6236],[-104.6131,39.6235],[-104.6132,39.6383],[-104.6038,39.6382],[-104.6033,39.7109],[-104.6603,39.7106],[-104.6592,39.8128],[-104.5836,39.812],[-104.5833,39.8264],[-104.5457,39.8259],[-104.5458,39.913],[-104.4893,39.9124],[-104.4894,39.9266],[-104.3764,39.9267]]]}},{"type":"Feature","properties":{"leaid":"0802460","name":"Bethune School District R-5","kind":"Unified","gradeLow":"PK","gradeHigh":"12","state":"CO"},"geometry":{"type":"Polygon","coordinates":[[[-102.4655,39.5708],[-102.4091,39.5707],[-102.4091,39.5649],[-102.4071,39.5649],[-102.4071,39.5557],[-102.3883,39.5557],[-102.3883,39.5328],[-102.37,39.5331],[-102.37,39.5039],[-102.3615,39.5039],[-102.3623,39.3008],[-102.3444,39.3009],[-102.3428,39.2288],[-102.352,39.2288],[-102.3522,39.2143],[-102.343,39.2143],[-102.3429,39.1286],[-102.3343,39.1286],[-102.3352,39.0737],[-102.354,39.0745],[-102.354,39.0457],[-102.4659,39.0427],[-102.4656,39.128],[-102.4647,39.128],[-102.4634,39.1354],[-102.4637,39.172],[-102.4837,39.1708],[-102.4841,39.287],[-102.4825,39.432],[-102.4918,39.4323],[-102.4918,39.5],[-102.4819,39.5002],[-102.4814,39.5659],[-102.4653,39.566],[-102.4655,39.5708]]]}},{"type":"Feature","properties":{"leaid":"0802490","name":"Boulder Valley School District RE-2","kind":"Unified","gradeLow":"PK","gradeHigh":"12","state":"CO"},"geometry":{"type":"Polygon","coordinates":[[[-105.0528,40.0003],[-105.0529,39.9142],[-105.2385,39.9144],[-105.3978,39.9129],[-105.3975,39.8543],[-105.5377,39.8535],[-105.5377,39.882],[-105.7008,39.8789],[-105.6984,39.881],[-105.6977,39.8843],[-105.6994,39.8856],[-105.6997,39.8915],[-105.6972,39.8946],[-105.6911,39.8973],[-105.6918,39.8984],[-105.6903,39.9019],[-105.6872,39.9042],[-105.6886,39.9075],[-105.6879,39.9117],[-105.686,39.9156],[-105.6822,39.9175],[-105.6823,39.9219],[-105.6801,39.9265],[-105.6766,39.9286],[-105.678,39.9305],[-105.6751,39.9333],[-105.6829,39.9338],[-105.6937,39.9424],[-105.6918,39.9464],[-105.6944,39.9502],[-105.6891,39.9537],[-105.6884,39.9565],[-105.6851,39.9587],[-105.6882,39.9598],[-105.6893,39.9641],[-105.6886,39.9671],[-105.6903,39.9699],[-105.6884,39.9754],[-105.6849,39.9794],[-105.685,39.9829],[-105.6875,39.9854],[-105.686,39.9897],[-105.6832,39.9929],[-105.6832,39.9946],[-105.689,39.9954],[-105.6912,39.9973],[-105.6911,40.0038],[-105.6885,40.0069],[-105.69,40.0091],[-105.6898,40.0151],[-105.6878,40.016],[-105.6807,40.014],[-105.6701,40.0169],[-105.6616,40.0165],[-105.6588,40.0191],[-105.6519,40.0209],[-105.6528,40.0238],[-105.6439,40.0333],[-105.6406,40.035],[-105.6375,40.0458],[-105.6445,40.0498],[-105.6456,40.0527],[-105.6488,40.0543],[-105.6511,40.0584],[-105.6467,40.0652],[-105.6418,40.0679],[-105.6389,40.067],[-105.6411,40.073],[-105.6354,40.0749],[-105.6348,40.0796],[-105.6326,40.0814],[-105.6343,40.0815],[-105.636,40.0846],[-105.6337,40.0886],[-105.6347,40.0951],[-105.632,40.0972],[-105.636,40.1014],[-105.6367,40.107],[-105.6347,40.1132],[-105.63,40.1142],[-105.6291,40.117],[-105.6266,40.1187],[-105.6288,40.1235],[-105.6266,40.1279],[-105.4606,40.1273],[-105.4484,40.1313],[-105.4482,40.143],[-105.4122,40.1413],[-105.3755,40.1437],[-105.357,40.1427],[-105.357,40.1214],[-105.3278,40.1216],[-105.3276,40.1009],[-105.3064,40.101],[-105.3063,40.1085],[-105.3026,40.1085],[-105.3005,40.1084],[-105.3004,40.1008],[-105.282,40.1009],[-105.2821,40.087],[-105.2069,40.087],[-105.2069,40.0944],[-105.1961,40.0944],[-105.1966,40.0728],[-105.15,40.0727],[-105.1497,40.0873],[-105.1315,40.0874],[-105.1314,40.0833],[-105.121,40.0833],[-105.121,40.0793],[-105.0744,40.0796],[-105.0745,40.0657],[-105.0934,40.0657],[-105.0934,40.0436],[-105.0745,40.0441],[-105.0745,40.0221],[-105.0554,40.0215],[-105.0555,40.0003],[-105.0528,40.0003]]]}},{"type":"Feature","properties":{"leaid":"0802520","name":"Branson Reorganized School District 82","kind":"Unified","gradeLow":"KG","gradeHigh":"12","state":"CO"},"geometry":{"type":"Polygon","coordinates":[[[-103.4081,36.9993],[-104.2323,36.9948],[-104.2317,37.1174],[-104.1764,37.1172],[-104.1758,37.1617],[-104.1205,37.1615],[-104.12,37.1902],[-104.0649,37.19],[-104.0645,37.2199],[-104.0268,37.2197],[-104.0267,37.2353],[-104.0088,37.2351],[-104.0087,37.25],[-103.9905,37.2499],[-103.9904,37.2631],[-103.9536,37.263],[-103.9535,37.2911],[-103.9205,37.2912],[-103.9205,37.3201],[-103.903,37.3201],[-103.9032,37.349],[-103.8848,37.349],[-103.8849,37.363],[-103.866,37.363],[-103.8661,37.3785],[-103.8607,37.3785],[-103.8609,37.393],[-103.8417,37.393],[-103.8418,37.408],[-103.824,37.408],[-103.8235,37.4212],[-103.7873,37.4213],[-103.7875,37.4486],[-103.7499,37.4485],[-103.75,37.4629],[-103.7325,37.463],[-103.7326,37.5092],[-103.7174,37.5092],[-103.7175,37.5241],[-103.6807,37.5243],[-103.6809,37.5387],[-103.6443,37.5401],[-103.6442,37.5572],[-103.6076,37.5571],[-103.6078,37.5077],[-103.6252,37.5077],[-103.625,37.464],[-103.6225,37.4495],[-103.6593,37.4495],[-103.659,37.3911],[-103.6762,37.3911],[-103.6763,37.3763],[-103.679,37.3763],[-103.6788,37.3469],[-103.697,37.3469],[-103.6966,37.289],[-103.7336,37.2889],[-103.7332,37.1177],[-103.6241,37.1178],[-103.6241,37.1042],[-103.4732,37.1044],[-103.4729,37.0323],[-103.4077,37.0323],[-103.4081,36.9993]]]}},{"type":"Feature","properties":{"leaid":"0802550","name":"Briggsdale School District RE-10","kind":"Unified","gradeLow":"KG","gradeHigh":"12","state":"CO"},"geometry":{"type":"Polygon","coordinates":[[[-104.0289,40.6993],[-104.0312,40.5679],[-104.0511,40.5679],[-104.0514,40.5244],[-104.1397,40.5244],[-104.1396,40.5171],[-104.1477,40.5171],[-104.1467,40.4378],[-104.3186,40.4366],[-104.3187,40.4655],[-104.3373,40.4654],[-104.3371,40.5231],[-104.3468,40.5229],[-104.3469,40.5374],[-104.4129,40.5373],[-104.4129,40.5666],[-104.4322,40.5666],[-104.4321,40.61],[-104.4868,40.6099],[-104.4864,40.7114],[-104.4661,40.7117],[-104.4669,40.7844],[-104.3725,40.7849],[-104.3726,40.7998],[-104.3535,40.7999],[-104.3534,40.7847],[-104.2685,40.7847],[-104.2678,40.7489],[-104.257,40.749],[-104.2565,40.7267],[-104.19,40.7272],[-104.1901,40.6983],[-104.0289,40.6993]]]}},{"type":"Feature","properties":{"leaid":"0802580","name":"School District 27J","kind":"Unified","gradeLow":"PK","gradeHigh":"12","state":"CO"},"geometry":{"type":"MultiPolygon","coordinates":[[[[-104.7625,39.8234],[-104.7156,39.8232],[-104.7156,39.8127],[-104.7532,39.8129],[-104.7533,39.8057],[-104.7627,39.8056],[-104.7625,39.8234]]],[[[-104.7537,40.0222],[-104.7537,40.0005],[-104.4898,40.0006],[-104.4898,39.9702],[-104.4805,39.9702],[-104.4804,39.9561],[-104.4896,39.9557],[-104.4893,39.9124],[-104.5458,39.913],[-104.5457,39.8259],[-104.5833,39.8264],[-104.5836,39.812],[-104.6592,39.8128],[-104.6554,39.813],[-104.6554,39.8226],[-104.6198,39.8224],[-104.6192,39.8732],[-104.6053,39.8731],[-104.6052,39.8813],[-104.5998,39.8813],[-104.5996,39.899],[-104.6309,39.8993],[-104.6309,39.9066],[-104.6797,39.907],[-104.6796,39.914],[-104.6921,39.9142],[-104.6921,39.9069],[-104.7032,39.9069],[-104.7033,39.8959],[-104.7304,39.8961],[-104.731,39.8452],[-104.7623,39.8454],[-104.7623,39.8418],[-104.791,39.8418],[-104.791,39.8656],[-104.793,39.8706],[-104.856,39.8707],[-104.856,39.8852],[-104.8609,39.8852],[-104.8609,39.8895],[-104.8595,39.8902],[-104.8609,39.8925],[-104.8653,39.8925],[-104.8653,39.8852],[-104.884,39.8853],[-104.8843,39.8763],[-104.8961,39.8764],[-104.8982,39.8744],[-104.9034,39.8745],[-104.9033,39.8811],[-104.9082,39.8809],[-104.9082,39.8782],[-104.916,39.8782],[-104.9173,39.8816],[-104.9149,39.8816],[-104.9164,39.8842],[-104.9129,39.8842],[-104.9126,39.8926],[-104.903,39.8926],[-104.903,39.9034],[-104.9125,39.9035],[-104.9125,39.9071],[-104.903,39.9071],[-104.9031,39.9214],[-104.9219,39.9212],[-104.9221,39.9574],[-104.9315,39.9574],[-104.9314,39.9719],[-104.922,39.9719],[-104.922,39.979],[-104.9499,39.9792],[-104.9499,39.9865],[-104.9876,39.9866],[-104.9876,39.9937],[-104.9594,39.9935],[-104.9593,40.0003],[-104.8671,40.0004],[-104.8673,40.0218],[-104.7537,40.0222]]]]}},{"type":"Feature","properties":{"leaid":"0802610","name":"Brush School District RE-2J","kind":"Unified","gradeLow":"PK","gradeHigh":"12","state":"CO"},"geometry":{"type":"Polygon","coordinates":[[[-103.3569,40.3496],[-103.3592,40.2923],[-103.4714,40.2918],[-103.4735,40.1667],[-103.472,40.0015],[-103.698,40.0013],[-103.6981,40.0588],[-103.7029,40.059],[-103.6985,40.0728],[-103.6983,40.0877],[-103.6793,40.0879],[-103.6795,40.1023],[-103.6981,40.1023],[-103.6967,40.2973],[-103.6823,40.2975],[-103.6825,40.2946],[-103.6798,40.2945],[-103.6784,40.2949],[-103.6785,40.306],[-103.6596,40.3059],[-103.6595,40.3196],[-103.6777,40.3195],[-103.6775,40.349],[-103.6916,40.349],[-103.6945,40.4348],[-103.6375,40.4354],[-103.638,40.4499],[-103.6568,40.4496],[-103.658,40.5077],[-103.6389,40.5079],[-103.6391,40.5227],[-103.5243,40.5233],[-103.5226,40.4363],[-103.5037,40.437],[-103.4654,40.4357],[-103.4645,40.4068],[-103.446,40.4068],[-103.4459,40.399],[-103.4419,40.4004],[-103.4135,40.4003],[-103.4136,40.3929],[-103.4173,40.3929],[-103.4174,40.3854],[-103.4227,40.3854],[-103.4227,40.3785],[-103.4185,40.3785],[-103.4185,40.3568],[-103.3945,40.3568],[-103.3945,40.3496],[-103.3569,40.3496]]]}},{"type":"Feature","properties":{"leaid":"0802640","name":"Buena Vista School District R-31","kind":"Unified","gradeLow":"PK","gradeHigh":"12","state":"CO"},"geometry":{"type":"Polygon","coordinates":[[[-106.191,39.0561],[-106.1848,39.0508],[-106.1854,39.044],[-106.1825,39.0386],[-106.1863,39.0336],[-106.1887,39.0332],[-106.1921,39.0293],[-106.1895,39.0213],[-106.1931,39.0197],[-106.193,39.0177],[-106.1883,39.0154],[-106.1861,39.0156],[-106.1849,39.0126],[-106.1788,39.0108],[-106.1759,38.9996],[-106.1701,38.9946],[-106.1691,38.9913],[-106.1609,38.9948],[-106.1578,38.9943],[-106.1529,38.9966],[-106.1454,38.9979],[-106.1413,38.995],[-106.1326,38.9955],[-106.1168,38.9881],[-106.109,38.9874],[-106.1097,38.9822],[-106.1044,38.9734],[-106.1077,38.9641],[-106.1122,38.9602],[-106.1111,38.9577],[-106.1137,38.9556],[-106.112,38.9509],[-106.1127,38.9414],[-106.111,38.9401],[-106.1058,38.9404],[-106.0965,38.9382],[-106.0949,38.9368],[-106.0935,38.938],[-106.0907,38.9365],[-106.0848,38.9394],[-106.0786,38.9353],[-106.074,38.9348],[-106.0705,38.9321],[-106.0678,38.9329],[-106.0659,38.9319],[-106.0635,38.9357],[-106.0584,38.9392],[-106.0583,38.9418],[-106.0517,38.9435],[-106.0368,38.9406],[-106.0281,38.9428],[-106.0205,38.9346],[-106.015,38.9327],[-105.9997,38.9189],[-105.9982,38.9152],[-105.9944,38.9149],[-105.9857,38.918],[-105.9799,38.9142],[-105.9765,38.9144],[-105.9766,38.9106],[-105.9695,38.9086],[-105.9658,38.9059],[-105.9679,38.9044],[-105.9687,38.9007],[-105.9724,38.8993],[-105.9749,38.8962],[-105.9794,38.8945],[-105.9792,38.8889],[-105.9743,38.8825],[-105.965,38.886],[-105.9491,38.8831],[-105.9412,38.8856],[-105.933,38.8782],[-105.9312,38.8747],[-105.9268,38.8742],[-105.9251,38.8722],[-105.9282,38.8701],[-105.9286,38.8659],[-105.9318,38.866],[-105.9336,38.8603],[-105.9387,38.8574],[-105.9432,38.8523],[-105.9391,38.846],[-105.9418,38.8404],[-105.9322,38.8327],[-105.9176,38.8179],[-105.914,38.8161],[-105.9109,38.8128],[-105.9104,38.8101],[-105.9066,38.8069],[-105.9107,38.8045],[-105.9115,38.8026],[-105.9106,38.8016],[-105.9149,38.7906],[-105.9208,38.7895],[-105.9237,38.7862],[-105.9267,38.7855],[-105.925,38.7831],[-105.9296,38.7814],[-105.9306,38.7785],[-105.9293,38.7745],[-105.9342,38.7718],[-105.9396,38.772],[-105.9414,38.7692],[-105.9445,38.7681],[-105.9392,38.7641],[-105.938,38.756],[-105.9414,38.7487],[-105.9413,38.7456],[-105.9479,38.7438],[-105.9479,38.7417],[-105.943,38.7345],[-105.9435,38.7308],[-105.9461,38.7274],[-105.9435,38.7231],[-105.9476,38.7202],[-105.9462,38.7167],[-105.953,38.7137],[-105.9618,38.7061],[-105.9636,38.7013],[-105.9672,38.6975],[-105.969,38.6972],[-105.9699,38.6944],[-106.0228,38.6942],[-106.0226,38.6653],[-106.1668,38.6649],[-106.1667,38.6267],[-106.3859,38.6267],[-106.3852,38.6324],[-106.3799,38.6385],[-106.3858,38.6386],[-106.3902,38.641],[-106.4012,38.6397],[-106.4022,38.6422],[-106.4017,38.6458],[-106.4079,38.6477],[-106.4177,38.6445],[-106.4295,38.6512],[-106.4291,38.6576],[-106.4322,38.6679],[-106.4359,38.6711],[-106.4381,38.6766],[-106.4371,38.6781],[-106.4379,38.6825],[-106.4402,38.6869],[-106.446,38.689],[-106.4511,38.6954],[-106.4521,38.6988],[-106.4483,38.7049],[-106.4455,38.7055],[-106.4435,38.7092],[-106.4317,38.7087],[-106.4253,38.7103],[-106.4232,38.7162],[-106.4235,38.7208],[-106.4174,38.7257],[-106.4167,38.7278],[-106.4168,38.7338],[-106.42,38.7388],[-106.418,38.742],[-106.4184,38.7491],[-106.42,38.751],[-106.4151,38.7572],[-106.4171,38.7644],[-106.4193,38.7662],[-106.4155,38.7724],[-106.4138,38.7791],[-106.4168,38.7873],[-106.4129,38.7912],[-106.4146,38.7991],[-106.4179,38.8007],[-106.4227,38.8084],[-106.4206,38.8116],[-106.415,38.8153],[-106.4162,38.8241],[-106.4071,38.8293],[-106.3957,38.8225],[-106.3836,38.8247],[-106.3831,38.8311],[-106.3817,38.8329],[-106.3788,38.8361],[-106.3704,38.8385],[-106.3701,38.8405],[-106.3645,38.8462],[-106.365,38.853],[-106.3569,38.8553],[-106.3493,38.8549],[-106.3489,38.8651],[-106.3401,38.8712],[-106.3358,38.872],[-106.3368,38.875],[-106.3341,38.8813],[-106.3325,38.8807],[-106.3275,38.8823],[-106.326,38.8889],[-106.3213,38.8926],[-106.3206,38.8947],[-106.3247,38.9029],[-106.3241,38.9048],[-106.3261,38.911],[-106.335,38.9117],[-106.3381,38.9087],[-106.3452,38.9071],[-106.3571,38.9129],[-106.3642,38.9109],[-106.3675,38.9069],[-106.3734,38.9066],[-106.3762,38.9095],[-106.377,38.9227],[-106.3808,38.9257],[-106.3835,38.923],[-106.3863,38.923],[-106.3869,38.9211],[-106.3923,38.9188],[-106.394,38.9122],[-106.4021,38.9106],[-106.4076,38.9148],[-106.4132,38.9163],[-106.4172,38.9209],[-106.4182,38.9266],[-106.4212,38.9281],[-106.4303,38.9249],[-106.4372,38.9149],[-106.4421,38.9156],[-106.4538,38.9128],[-106.4578,38.9101],[-106.4619,38.9113],[-106.465,38.9104],[-106.47,38.9131],[-106.4722,38.9159],[-106.4809,38.9186],[-106.4821,38.9209],[-106.4857,38.9221],[-106.4899,38.9263],[-106.4907,38.9297],[-106.5044,38.9368],[-106.5059,38.9409],[-106.5053,38.9444],[-106.5072,38.9461],[-106.5157,38.9487],[-106.5199,38.954],[-106.5267,38.9554],[-106.5285,38.9599],[-106.5235,38.9648],[-106.5219,38.9687],[-106.5244,38.9711],[-106.5284,38.9807],[-106.5342,38.9823],[-106.5468,38.9911],[-106.5507,38.9917],[-106.5542,38.9987],[-106.5599,38.9985],[-106.5661,38.9938],[-106.5698,38.9945],[-106.5747,38.9928],[-106.5772,38.9904],[-106.5862,38.9928],[-106.5904,38.9913],[-106.5955,38.9913],[-106.5992,38.998],[-106.5945,39.0042],[-106.5949,39.0208],[-106.5917,39.0249],[-106.5944,39.03],[-106.5995,39.0338],[-106.5972,39.0448],[-106.5891,39.0456],[-106.5807,39.0487],[-106.5776,39.0532],[-106.578,39.0579],[-106.191,39.0561]]]}},{"type":"Feature","properties":{"leaid":"0802670","name":"Burlington School District RE-6J","kind":"Unified","gradeLow":"PK","gradeHigh":"12","state":"CO"},"geometry":{"type":"Polygon","coordinates":[[[-102.4196,39.5998],[-102.3447,39.5995],[-102.3447,39.5709],[-102.3353,39.571],[-102.3351,39.5652],[-102.3141,39.5654],[-102.2947,39.5715],[-102.0498,39.5741],[-102.0466,39.047],[-102.354,39.0457],[-102.354,39.0745],[-102.3352,39.0737],[-102.3343,39.1286],[-102.3429,39.1286],[-102.343,39.2143],[-102.3522,39.2143],[-102.352,39.2288],[-102.3428,39.2288],[-102.3444,39.3009],[-102.3623,39.3008],[-102.3615,39.5039],[-102.37,39.5039],[-102.37,39.5331],[-102.3883,39.5328],[-102.3883,39.5557],[-102.4071,39.5557],[-102.4071,39.5649],[-102.4091,39.5649],[-102.4091,39.5707],[-102.4306,39.5708],[-102.4364,39.5766],[-102.4367,39.5852],[-102.4196,39.5853],[-102.4196,39.5998]]]}},{"type":"Feature","properties":{"leaid":"0802700","name":"Byers School District 32J","kind":"Unified","gradeLow":"PK","gradeHigh":"12","state":"CO"},"geometry":{"type":"Polygon","coordinates":[[[-103.7057,40.0014],[-103.7065,39.769],[-103.7792,39.7692],[-103.7779,39.7982],[-103.9246,39.7977],[-103.9239,39.8263],[-104.0569,39.8266],[-104.0601,39.74],[-104.0962,39.7398],[-104.0965,39.6818],[-104.1536,39.6814],[-104.1538,39.6528],[-104.1736,39.6529],[-104.1743,39.5653],[-104.285,39.5647],[-104.2838,39.7387],[-104.2279,39.739],[-104.2259,39.8551],[-104.1884,39.8553],[-104.1873,39.9126],[-104.188,39.9424],[-104.0751,39.9427],[-104.0759,39.9856],[-104.0671,39.9855],[-104.0669,40.001],[-103.7057,40.0014]]]}},{"type":"Feature","properties":{"leaid":"0802730","name":"Calhan School District RJ-1","kind":"Unified","gradeLow":"PK","gradeHigh":"12","state":"CO"},"geometry":{"type":"Polygon","coordinates":[[[-104.2645,39.2159],[-104.2645,39.2117],[-104.2586,39.2114],[-104.2586,39.2045],[-104.2577,39.2045],[-104.2586,39.2044],[-104.2586,39.2009],[-104.2495,39.2009],[-104.2493,39.1937],[-104.2539,39.1936],[-104.254,39.1866],[-104.245,39.1866],[-104.2451,39.1793],[-104.2357,39.1793],[-104.236,39.1577],[-104.2546,39.1576],[-104.2547,39.1505],[-104.2361,39.1506],[-104.2364,39.1286],[-104.1996,39.1286],[-104.2001,39.114],[-104.219,39.1133],[-104.2191,39.0989],[-104.1444,39.1002],[-104.1462,39.03],[-104.1471,39.028],[-104.1462,39.027],[-104.1459,38.9844],[-104.2021,38.9837],[-104.2024,38.9405],[-104.184,38.9406],[-104.1846,38.9116],[-104.3318,38.9109],[-104.3314,38.9399],[-104.3865,38.9394],[-104.3863,38.9972],[-104.4046,38.9977],[-104.4047,39.0561],[-104.4137,39.0561],[-104.4138,39.0991],[-104.4088,39.099],[-104.4087,39.1059],[-104.4168,39.1062],[-104.417,39.1112],[-104.3873,39.1129],[-104.3857,39.1226],[-104.3863,39.1582],[-104.3476,39.1582],[-104.3477,39.194],[-104.3433,39.194],[-104.3435,39.2121],[-104.3389,39.2121],[-104.3386,39.2099],[-104.3291,39.2099],[-104.3291,39.2158],[-104.3476,39.2157],[-104.3477,39.2232],[-104.3432,39.2231],[-104.3433,39.2269],[-104.3384,39.2269],[-104.3385,39.223],[-104.3291,39.223],[-104.3288,39.256],[-104.3248,39.256],[-104.3248,39.2519],[-104.3204,39.2519],[-104.3204,39.256],[-104.315,39.256],[-104.3149,39.2586],[-104.2819,39.2587],[-104.2819,39.2661],[-104.2735,39.2661],[-104.2735,39.2159],[-104.2645,39.2159]]]}},{"type":"Feature","properties":{"leaid":"0802760","name":"Campo School District RE-6","kind":"Unified","gradeLow":"PK","gradeHigh":"12","state":"CO"},"geometry":{"type":"Polygon","coordinates":[[[-102.4794,37.178],[-102.3323,37.1771],[-102.332,37.1488],[-102.3135,37.1491],[-102.3134,37.1204],[-102.3255,37.1204],[-102.3252,36.9943],[-102.6981,36.9951],[-102.7521,36.9983],[-102.7936,36.9994],[-102.8867,36.9995],[-102.8864,37.1488],[-102.8141,37.1488],[-102.8142,37.1625],[-102.7052,37.163],[-102.7057,37.1923],[-102.6336,37.1923],[-102.6335,37.2068],[-102.561,37.2068],[-102.5611,37.1778],[-102.5533,37.1778],[-102.5525,37.1631],[-102.4795,37.163],[-102.4794,37.178]]]}},{"type":"Feature","properties":{"leaid":"0802790","name":"Fremont RE-1","kind":"Unified","gradeLow":"KG","gradeHigh":"12","state":"CO"},"geometry":{"type":"Polygon","coordinates":[[[-105.4484,38.6976],[-105.237,38.6973],[-105.2371,38.6792],[-105.2403,38.6622],[-105.2399,38.6475],[-105.0914,38.6478],[-105.0735,38.6485],[-105.0498,38.6524],[-105.0132,38.6527],[-104.9422,38.6501],[-104.9424,38.6086],[-105.0002,38.6098],[-105.0015,38.5898],[-104.999,38.5205],[-105.0173,38.5205],[-105.0352,38.5158],[-105.053,38.5157],[-105.053,38.5055],[-105.0716,38.5055],[-105.0703,38.4467],[-105.1435,38.4461],[-105.1436,38.4331],[-105.1619,38.4323],[-105.1623,38.4147],[-105.1677,38.4155],[-105.1719,38.42],[-105.1787,38.4221],[-105.178,38.4178],[-105.1813,38.4178],[-105.1815,38.4034],[-105.1997,38.4036],[-105.1995,38.3593],[-105.2118,38.3581],[-105.2174,38.3589],[-105.2163,38.2586],[-105.304,38.2582],[-105.3689,38.2594],[-105.375,38.3422],[-105.3748,38.3848],[-105.3793,38.4151],[-105.3803,38.4312],[-105.4981,38.4374],[-105.4963,38.5019],[-105.6077,38.5023],[-105.6086,38.5594],[-105.645,38.5605],[-105.6453,38.5887],[-105.6642,38.5884],[-105.6639,38.6158],[-105.7,38.6161],[-105.7021,38.6947],[-105.4484,38.6976]]]}},{"type":"Feature","properties":{"leaid":"0802850","name":"Center School District 26-JT","kind":"Unified","gradeLow":"PK","gradeHigh":"12","state":"CO"},"geometry":{"type":"Polygon","coordinates":[[[-106.1265,37.9225],[-105.964,37.921],[-105.9645,37.9067],[-105.9465,37.9066],[-105.9461,37.9208],[-105.9282,37.9207],[-105.9285,37.8649],[-105.9658,37.8647],[-105.9653,37.807],[-106.0107,37.8066],[-106.011,37.7485],[-106.031,37.7484],[-106.031,37.7404],[-106.0385,37.7404],[-106.0385,37.7338],[-106.03,37.7339],[-106.03,37.7262],[-106.0386,37.7262],[-106.0386,37.712],[-106.0937,37.7119],[-106.0937,37.7193],[-106.103,37.7193],[-106.1029,37.7337],[-106.1121,37.7337],[-106.1121,37.7266],[-106.1303,37.7265],[-106.1303,37.7192],[-106.1395,37.7192],[-106.1396,37.7118],[-106.1489,37.7117],[-106.1489,37.7046],[-106.167,37.7045],[-106.1669,37.7115],[-106.1762,37.7115],[-106.1762,37.7045],[-106.2038,37.7046],[-106.204,37.7258],[-106.2319,37.7261],[-106.2318,37.7481],[-106.439,37.7483],[-106.4386,37.8306],[-106.4358,37.9113],[-106.4365,37.9233],[-106.3714,37.925],[-106.1451,37.9226],[-106.1445,37.9525],[-106.1257,37.9522],[-106.1265,37.9225]]]}},{"type":"Feature","properties":{"leaid":"0802880","name":"Cheraw School District 31","kind":"Unified","gradeLow":"PK","gradeHigh":"12","state":"CO"},"geometry":{"type":"Polygon","coordinates":[[[-103.3999,38.2654],[-103.3987,38.0847],[-103.5098,38.0845],[-103.5097,38.0701],[-103.5281,38.07],[-103.5281,38.0551],[-103.5648,38.0552],[-103.5648,38.048],[-103.6192,38.0472],[-103.6193,38.0614],[-103.6654,38.0616],[-103.6647,38.113],[-103.6192,38.1134],[-103.6193,38.1715],[-103.5832,38.1728],[-103.5094,38.1725],[-103.5101,38.2652],[-103.3999,38.2654]]]}},{"type":"Feature","properties":{"leaid":"0802910","name":"Cherry Creek School District 5","kind":"Unified","gradeLow":"PK","gradeHigh":"12","state":"CO"},"geometry":{"type":"MultiPolygon","coordinates":[[[[-104.9029,39.6242],[-104.904,39.6241],[-104.9039,39.6268],[-104.9033,39.626],[-104.9029,39.6242]]],[[[-104.9339,39.6733],[-104.9297,39.6724],[-104.9272,39.669],[-104.9293,39.6694],[-104.9316,39.6675],[-104.9317,39.6706],[-104.9339,39.6712],[-104.9339,39.6733]]],[[[-104.9257,39.6766],[-104.9176,39.673],[-104.9175,39.6676],[-104.9164,39.6676],[-104.9159,39.6635],[-104.913,39.6631],[-104.913,39.6562],[-104.9166,39.6561],[-104.9159,39.6585],[-104.921,39.6603],[-104.9222,39.6669],[-104.9206,39.6669],[-104.9206,39.668],[-104.9227,39.6676],[-104.9264,39.6694],[-104.9302,39.6748],[-104.9257,39.6753],[-104.9257,39.6766]]],[[[-104.911,39.6821],[-104.9082,39.6821],[-104.9082,39.6799],[-104.911,39.6799],[-104.911,39.6821]]],[[[-104.8988,39.6857],[-104.8988,39.6834],[-104.9027,39.6857],[-104.8988,39.6857]]],[[[-104.9284,39.7014],[-104.9293,39.7013],[-104.9293,39.702],[-104.9292,39.702],[-104.9284,39.7014]]],[[[-104.9295,39.7064],[-104.927,39.7067],[-104.927,39.7039],[-104.9317,39.7039],[-104.9317,39.7021],[-104.9342,39.7038],[-104.9341,39.7013],[-104.9288,39.7002],[-104.9282,39.6966],[-104.9359,39.6966],[-104.9365,39.6979],[-104.9362,39.6948],[-104.9406,39.6954],[-104.9406,39.6966],[-104.9385,39.6966],[-104.9385,39.6979],[-104.9407,39.6977],[-104.9407,39.7111],[-104.9316,39.7111],[-104.9316,39.7091],[-104.9296,39.7086],[-104.9295,39.7064]],[[-104.9341,39.6984],[-104.9317,39.6984],[-104.9317,39.7002],[-104.9341,39.7002],[-104.9341,39.6984]]],[[[-104.8472,39.7112],[-104.8472,39.6857],[-104.8429,39.6862],[-104.8406,39.6844],[-104.8412,39.6821],[-104.8282,39.6821],[-104.8279,39.6531],[-104.7725,39.6531],[-104.7724,39.6677],[-104.7536,39.6679],[-104.7537,39.653],[-104.7162,39.653],[-104.7163,39.6386],[-104.6132,39.6383],[-104.6131,39.6235],[-104.604,39.6236],[-104.6048,39.5659],[-104.9119,39.566],[-104.9119,39.5703],[-104.9135,39.5713],[-104.9138,39.5805],[-104.923,39.5806],[-104.9228,39.6118],[-104.927,39.6162],[-104.9394,39.6224],[-104.9394,39.62],[-104.9411,39.6224],[-104.9505,39.6224],[-104.9551,39.6223],[-104.9552,39.6206],[-104.9598,39.6199],[-104.9598,39.6242],[-104.9692,39.6241],[-104.9693,39.6167],[-104.9787,39.6168],[-104.9783,39.6479],[-104.9759,39.6469],[-104.9749,39.6476],[-104.9736,39.6514],[-104.9712,39.6513],[-104.9712,39.6531],[-104.9696,39.6531],[-104.9688,39.6568],[-104.9676,39.6568],[-104.9676,39.6604],[-104.9631,39.6604],[-104.9631,39.6616],[-104.9594,39.6615],[-104.9595,39.6567],[-104.9538,39.6567],[-104.955,39.653],[-104.9317,39.653],[-104.9319,39.6458],[-104.9225,39.6458],[-104.9132,39.6387],[-104.9134,39.6241],[-104.8853,39.6241],[-104.8851,39.6389],[-104.8803,39.6413],[-104.8801,39.6531],[-104.877,39.6531],[-104.8755,39.6515],[-104.8756,39.645],[-104.8682,39.6471],[-104.8541,39.6552],[-104.8473,39.6571],[-104.8486,39.6571],[-104.8487,39.6592],[-104.8554,39.6608],[-104.8663,39.6603],[-104.8661,39.6708],[-104.8709,39.6748],[-104.8753,39.6748],[-104.8753,39.6721],[-104.8775,39.6721],[-104.8754,39.6687],[-104.8762,39.6639],[-104.8795,39.6639],[-104.8852,39.6676],[-104.8905,39.6676],[-104.8884,39.6657],[-104.8902,39.6645],[-104.894,39.6676],[-104.9035,39.6676],[-104.9036,39.6767],[-104.9081,39.6797],[-104.9046,39.6803],[-104.9052,39.6861],[-104.9034,39.6849],[-104.9034,39.6786],[-104.8941,39.6784],[-104.894,39.6821],[-104.8893,39.6821],[-104.8893,39.6857],[-104.8941,39.6857],[-104.8942,39.693],[-104.8988,39.693],[-104.8988,39.6893],[-104.9035,39.6894],[-104.9035,39.693],[-104.9001,39.693],[-104.9035,39.6966],[-104.9035,39.6985],[-104.8998,39.6971],[-104.8991,39.6954],[-104.8968,39.6966],[-104.8777,39.6965],[-104.8777,39.6984],[-104.8753,39.6984],[-104.8753,39.6965],[-104.866,39.6966],[-104.866,39.6993],[-104.8671,39.7002],[-104.8683,39.7002],[-104.8683,39.6984],[-104.8707,39.6984],[-104.8706,39.7005],[-104.8687,39.703],[-104.866,39.7038],[-104.866,39.7111],[-104.8472,39.7112]]]]}},{"type":"Feature","properties":{"leaid":"0802940","name":"Cheyenne Mountain School District 12","kind":"Unified","gradeLow":"PK","gradeHigh":"12","state":"CO"},"geometry":{"type":"Polygon","coordinates":[[[-104.887,38.8243],[-104.8873,38.8231],[-104.8836,38.8247],[-104.8508,38.825],[-104.8505,38.8171],[-104.841,38.8172],[-104.841,38.8099],[-104.8318,38.8099],[-104.8319,38.803],[-104.8221,38.8027],[-104.8219,38.7867],[-104.813,38.7723],[-104.8113,38.754],[-104.8129,38.7464],[-104.8163,38.7468],[-104.8172,38.7495],[-104.8197,38.7503],[-104.82,38.7482],[-104.8253,38.7479],[-104.8272,38.7447],[-104.833,38.7415],[-104.8337,38.7378],[-104.9027,38.7386],[-104.9028,38.6961],[-104.9397,38.6963],[-104.9399,38.7965],[-104.9488,38.7986],[-105.0156,38.7978],[-105.0722,38.7994],[-105.0718,38.8179],[-104.9402,38.8179],[-104.9402,38.825],[-104.9315,38.8261],[-104.9296,38.8282],[-104.9258,38.8248],[-104.887,38.8243]]]}},{"type":"Feature","properties":{"leaid":"0803000","name":"Clear Creek School District RE-1","kind":"Unified","gradeLow":"PK","gradeHigh":"12","state":"CO"},"geometry":{"type":"Polygon","coordinates":[[[-105.3979,39.746],[-105.3989,39.5661],[-105.5003,39.5661],[-105.588,39.5682],[-105.7216,39.5653],[-105.8297,39.5649],[-105.8306,39.5665],[-105.8366,39.5688],[-105.8384,39.573],[-105.8324,39.5776],[-105.8265,39.5802],[-105.8216,39.5804],[-105.8199,39.5822],[-105.8178,39.5808],[-105.8081,39.5834],[-105.8002,39.5934],[-105.7953,39.5942],[-105.7908,39.5982],[-105.7827,39.6001],[-105.776,39.6051],[-105.7761,39.6111],[-105.7827,39.618],[-105.7832,39.6299],[-105.7935,39.6364],[-105.8109,39.6353],[-105.8172,39.6336],[-105.8212,39.6427],[-105.826,39.6409],[-105.8349,39.642],[-105.8415,39.6462],[-105.8487,39.6442],[-105.8543,39.6491],[-105.8566,39.6576],[-105.86,39.6592],[-105.8648,39.6672],[-105.8796,39.6636],[-105.8849,39.6571],[-105.8939,39.6594],[-105.8968,39.6647],[-105.9037,39.6644],[-105.9108,39.6623],[-105.9267,39.6736],[-105.927,39.6767],[-105.9213,39.6843],[-105.9196,39.6903],[-105.92,39.6939],[-105.9246,39.699],[-105.9245,39.7034],[-105.9214,39.7099],[-105.9168,39.7136],[-105.9118,39.7153],[-105.9105,39.7207],[-105.9075,39.724],[-105.9083,39.7262],[-105.9067,39.7275],[-105.8894,39.7315],[-105.8837,39.737],[-105.8824,39.7403],[-105.8833,39.7438],[-105.8823,39.7456],[-105.885,39.75],[-105.8848,39.7517],[-105.8805,39.7593],[-105.8828,39.7634],[-105.8867,39.766],[-105.8875,39.7705],[-105.8896,39.7737],[-105.89,39.7786],[-105.8927,39.7826],[-105.8877,39.789],[-105.8874,39.797],[-105.8756,39.7993],[-105.8723,39.7967],[-105.8549,39.7962],[-105.8509,39.7891],[-105.8515,39.7878],[-105.8441,39.7895],[-105.8386,39.7881],[-105.83,39.7882],[-105.823,39.7856],[-105.8192,39.7898],[-105.8105,39.7915],[-105.8083,39.7973],[-105.8019,39.7993],[-105.799,39.8034],[-105.7937,39.8019],[-105.7909,39.8031],[-105.7847,39.8024],[-105.7781,39.7985],[-105.7639,39.795],[-105.7506,39.8013],[-105.7471,39.8013],[-105.74,39.8048],[-105.7359,39.805],[-105.7335,39.8125],[-105.7242,39.8185],[-105.7242,39.8241],[-105.7191,39.8278],[-105.7193,39.8311],[-105.717,39.8355],[-105.7134,39.8382],[-105.7051,39.8366],[-105.6963,39.8389],[-105.6935,39.8479],[-105.6903,39.852],[-105.6811,39.8473],[-105.6779,39.8473],[-105.6762,39.8492],[-105.6678,39.8475],[-105.6598,39.8504],[-105.6519,39.8483],[-105.6497,39.8465],[-105.6333,39.8437],[-105.6309,39.8393],[-105.6313,39.8373],[-105.6285,39.8344],[-105.6289,39.8327],[-105.6215,39.8295],[-105.6136,39.823],[-105.6119,39.8246],[-105.6058,39.8226],[-105.6031,39.8205],[-105.6026,39.8181],[-105.5979,39.8184],[-105.5956,39.8161],[-105.5847,39.8218],[-105.5779,39.8225],[-105.5744,39.8189],[-105.5758,39.8151],[-105.5798,39.8128],[-105.5784,39.8124],[-105.5785,39.8054],[-105.5726,39.8031],[-105.5703,39.8005],[-105.5642,39.7997],[-105.5605,39.7951],[-105.5557,39.7944],[-105.5541,39.7919],[-105.5467,39.788],[-105.5455,39.7869],[-105.5476,39.7859],[-105.548,39.7808],[-105.5444,39.7778],[-105.5434,39.7745],[-105.5359,39.7709],[-105.5262,39.7688],[-105.5177,39.7649],[-105.5101,39.7657],[-105.5076,39.7631],[-105.4949,39.7641],[-105.494,39.7629],[-105.4966,39.7611],[-105.4971,39.7579],[-105.493,39.757],[-105.4842,39.7594],[-105.4788,39.7591],[-105.4705,39.7568],[-105.4547,39.7559],[-105.4503,39.753],[-105.4413,39.7557],[-105.4297,39.7547],[-105.4279,39.7558],[-105.4226,39.7552],[-105.4233,39.7504],[-105.4214,39.7459],[-105.4154,39.7495],[-105.4066,39.7515],[-105.3979,39.746]]]}},{"type":"Feature","properties":{"leaid":"0803030","name":"Plateau Valley School District 50","kind":"Unified","gradeLow":"PK","gradeHigh":"12","state":"CO"},"geometry":{"type":"Polygon","coordinates":[[[-107.4316,39.3662],[-107.4285,39.3625],[-107.4305,39.3482],[-107.4368,39.3464],[-107.4389,39.3433],[-107.4385,39.341],[-107.4429,39.3391],[-107.4455,39.3353],[-107.45,39.3327],[-107.4508,39.33],[-107.4625,39.3272],[-107.4634,39.3243],[-107.466,39.3221],[-107.4633,39.3172],[-107.4652,39.3143],[-107.4617,39.3133],[-107.4592,39.3097],[-107.4569,39.3092],[-107.4565,39.3069],[-107.4517,39.3045],[-107.4472,39.3058],[-107.4449,39.3088],[-107.4388,39.309],[-107.4378,39.3058],[-107.4397,39.3025],[-107.4375,39.2996],[-107.4212,39.2969],[-107.4126,39.2919],[-107.4086,39.2941],[-107.4049,39.2927],[-107.3985,39.2951],[-107.397,39.2945],[-107.3977,39.2918],[-107.3961,39.2895],[-107.397,39.2836],[-107.394,39.2816],[-107.3941,39.2794],[-107.3883,39.2783],[-107.3822,39.2751],[-107.3793,39.2755],[-107.3775,39.2722],[-107.3799,39.2686],[-107.3915,39.2639],[-107.3914,39.2606],[-107.396,39.255],[-107.4003,39.2529],[-107.4072,39.2534],[-107.4162,39.2558],[-107.4219,39.2556],[-107.4244,39.2565],[-107.4246,39.2576],[-107.4296,39.2573],[-107.4305,39.2565],[-107.4294,39.2506],[-107.4306,39.2474],[-107.4295,39.2413],[-107.4428,39.2365],[-107.4442,39.2343],[-107.4513,39.2306],[-107.4578,39.2294],[-107.4608,39.2303],[-107.4639,39.2284],[-107.4747,39.229],[-107.4779,39.2308],[-107.4789,39.2336],[-107.4842,39.2354],[-107.4869,39.2268],[-107.4923,39.222],[-107.4945,39.2184],[-107.5107,39.2162],[-107.5203,39.2065],[-107.5288,39.2029],[-107.5233,39.1978],[-107.5333,39.1989],[-107.5426,39.1955],[-107.5436,39.1939],[-107.5428,39.1917],[-107.5438,39.1862],[-107.5417,39.1846],[-107.5428,39.1822],[-107.5581,39.1783],[-107.5684,39.1813],[-107.573,39.1763],[-107.5836,39.1737],[-107.5933,39.1649],[-107.601,39.1641],[-107.6071,39.1618],[-107.6139,39.1546],[-107.6191,39.1549],[-107.6213,39.151],[-107.6289,39.148],[-107.6324,39.1409],[-107.6383,39.1419],[-107.6479,39.1313],[-107.6513,39.1309],[-107.6538,39.124],[-107.6566,39.1227],[-107.6627,39.1162],[-107.6603,39.1118],[-107.6714,39.1076],[-107.6738,39.1011],[-107.6808,39.1003],[-107.6829,39.0927],[-107.6876,39.088],[-107.6935,39.0875],[-107.6941,39.0851],[-107.7,39.0839],[-107.7039,39.085],[-107.7091,39.0831],[-107.7101,39.0812],[-107.7133,39.0803],[-107.715,39.076],[-107.7221,39.0686],[-107.7216,39.0653],[-107.7299,39.0661],[-107.7326,39.063],[-107.735,39.0663],[-107.738,39.0662],[-107.7444,39.0622],[-107.7449,39.0597],[-107.7425,39.0593],[-107.7436,39.0579],[-107.7506,39.054],[-107.7556,39.0539],[-107.7562,39.0497],[-107.7635,39.0469],[-107.7655,39.0433],[-107.7711,39.0437],[-107.7801,39.0526],[-107.7863,39.0562],[-107.7889,39.0563],[-107.7942,39.0617],[-107.8135,39.0673],[-107.8197,39.0709],[-107.8282,39.0718],[-107.84,39.0772],[-107.8521,39.0785],[-107.8558,39.0768],[-107.8586,39.0802],[-107.8614,39.0776],[-107.8626,39.0789],[-107.8676,39.0744],[-107.8703,39.075],[-107.8726,39.0738],[-107.8752,39.0709],[-107.8809,39.071],[-107.8909,39.0663],[-107.8997,39.0659],[-107.9074,39.0605],[-107.9175,39.064],[-107.9512,39.0597],[-107.9643,39.0597],[-107.9726,39.0612],[-107.9822,39.0599],[-107.9872,39.0529],[-108.0006,39.0454],[-108.0043,39.0419],[-108.0207,39.0333],[-108.023,39.0309],[-108.0308,39.0284],[-108.0358,39.0206],[-108.0361,39.0172],[-108.0383,39.0157],[-108.0478,39.0115],[-108.0504,39.0151],[-108.0538,39.0141],[-108.0597,39.0067],[-108.0645,39.0042],[-108.07,38.9966],[-108.0797,38.9911],[-108.0869,38.983],[-108.0947,38.98],[-108.0904,38.9716],[-108.0869,38.9678],[-108.0873,38.9632],[-108.0898,38.9602],[-108.0956,38.9568],[-108.0955,38.9545],[-108.1023,38.9492],[-108.1096,38.9389],[-108.1218,38.9264],[-108.1307,38.9223],[-108.1377,38.9261],[-108.1405,38.9252],[-108.1404,38.9209],[-108.1444,38.9185],[-108.1448,38.9164],[-108.1403,38.9088],[-108.1407,38.9068],[-108.147,38.9075],[-108.1525,38.9013],[-108.1663,38.9022],[-108.1705,38.8983],[-108.1753,38.8978],[-108.177,38.8953],[-108.1856,38.8924],[-108.18,39.0395],[-108.2165,39.0405],[-108.2159,39.0822],[-108.2506,39.0819],[-108.2509,39.1109],[-108.287,39.1109],[-108.2873,39.1342],[-108.2708,39.1343],[-108.2715,39.171],[-108.2423,39.1709],[-108.2428,39.1924],[-108.2897,39.1923],[-108.2895,39.2481],[-108.2872,39.25],[-108.2761,39.253],[-108.2633,39.2505],[-108.1585,39.2513],[-108.1595,39.2972],[-108.0492,39.2976],[-108.0491,39.3022],[-108.0382,39.3023],[-108.0381,39.3154],[-107.9706,39.3159],[-107.9704,39.3662],[-107.4316,39.3662]]]}},{"type":"Feature","properties":{"leaid":"0803060","name":"Colorado Springs School District 11","kind":"Unified","gradeLow":"PK","gradeHigh":"12","state":"CO"},"geometry":{"type":"Polygon","coordinates":[[[-104.7197,38.9403],[-104.7203,38.8534],[-104.6829,38.8537],[-104.6817,38.8501],[-104.6828,38.8484],[-104.6826,38.8174],[-104.7203,38.8174],[-104.7203,38.8257],[-104.7219,38.8245],[-104.7525,38.8253],[-104.7525,38.8214],[-104.7666,38.8203],[-104.7678,38.8182],[-104.7929,38.8167],[-104.7938,38.8177],[-104.8129,38.8175],[-104.8131,38.815],[-104.8104,38.8119],[-104.8131,38.8128],[-104.8131,38.8105],[-104.8223,38.8099],[-104.8221,38.8027],[-104.8297,38.8029],[-104.8319,38.803],[-104.8318,38.8099],[-104.841,38.8099],[-104.841,38.8172],[-104.8505,38.8171],[-104.8508,38.825],[-104.8836,38.8247],[-104.8877,38.8236],[-104.8866,38.8248],[-104.8854,38.9111],[-104.9053,38.9111],[-104.9054,38.9261],[-104.8852,38.9263],[-104.8863,38.9372],[-104.8913,38.9367],[-104.8913,38.9403],[-104.8867,38.9403],[-104.8868,38.9439],[-104.877,38.9439],[-104.8673,38.9346],[-104.8552,38.91],[-104.8506,38.9054],[-104.8518,38.9],[-104.842,38.9021],[-104.8312,38.901],[-104.8312,38.8997],[-104.8294,38.8991],[-104.8246,38.9092],[-104.8157,38.9171],[-104.8136,38.9256],[-104.8025,38.9258],[-104.7971,38.9246],[-104.7928,38.926],[-104.7857,38.925],[-104.7751,38.9258],[-104.7749,38.9293],[-104.7627,38.9308],[-104.7529,38.9303],[-104.7479,38.9369],[-104.7404,38.9402],[-104.7197,38.9403]]]}},{"type":"Feature","properties":{"leaid":"0803090","name":"Montezuma-Cortez School District RE-1","kind":"Unified","gradeLow":"PK","gradeHigh":"12","state":"CO"},"geometry":{"type":"MultiPolygon","coordinates":[[[[-108.5275,37.4173],[-108.5295,37.4174],[-108.5342,37.4175],[-108.5329,37.4209],[-108.5276,37.4209],[-108.5275,37.4173]]],[[[-108.5275,37.4173],[-108.5187,37.4173],[-108.5182,37.4137],[-108.5052,37.4138],[-108.5036,37.4002],[-108.4896,37.4002],[-108.4895,37.3971],[-108.4809,37.397],[-108.4813,37.4138],[-108.4628,37.4141],[-108.4606,37.4152],[-108.4573,37.4139],[-108.4444,37.4137],[-108.4445,37.4085],[-108.4536,37.4081],[-108.4537,37.4007],[-108.4438,37.4008],[-108.445,37.3911],[-108.4438,37.3787],[-108.449,37.3778],[-108.4487,37.3861],[-108.4578,37.3859],[-108.4579,37.379],[-108.4626,37.379],[-108.4624,37.3714],[-108.4534,37.3714],[-108.4534,37.3603],[-108.4468,37.3603],[-108.4476,37.3498],[-108.4446,37.3477],[-108.4447,37.2975],[-108.4538,37.2975],[-108.4539,37.2902],[-108.509,37.2906],[-108.5091,37.2832],[-108.5546,37.283],[-108.5543,37.2157],[-108.5449,37.2157],[-108.5445,37.1565],[-108.4459,37.1565],[-108.4456,37.2159],[-108.2952,37.215],[-108.2973,37.2132],[-108.2975,37.2084],[-108.2929,37.2025],[-108.2927,37.1953],[-108.2957,37.1901],[-108.2946,37.1802],[-108.2974,37.1712],[-108.2936,37.1636],[-108.2961,37.1584],[-108.2902,37.1542],[-108.2912,37.1493],[-108.2905,37.146],[-108.2942,37.1444],[-108.3009,37.1388],[-108.3015,37.1364],[-108.3041,37.1354],[-108.3103,37.1293],[-108.3097,37.125],[-108.3112,37.1238],[-108.3096,37.1193],[-108.3118,37.1168],[-108.3097,37.1123],[-108.3113,37.1094],[-108.3101,37.1054],[-108.3161,37.103],[-108.3173,37.0975],[-108.3211,37.0971],[-108.3206,37.0954],[-108.3231,37.0907],[-108.3222,37.0892],[-108.3251,37.0834],[-108.3241,37.0813],[-108.3268,37.0792],[-108.3257,37.0762],[-108.3302,37.0746],[-108.3277,37.0713],[-108.3283,37.0691],[-108.3332,37.0674],[-108.3343,37.0646],[-108.3334,37.0608],[-108.3347,37.0598],[-108.3344,37.0549],[-108.343,37.0488],[-108.3468,37.0481],[-108.3507,37.0407],[-108.3544,37.0388],[-108.3551,37.0356],[-108.3529,37.0333],[-108.3564,37.0284],[-108.3554,37.0256],[-108.3721,37.0289],[-108.3733,37.0247],[-108.3717,37.0206],[-108.3743,37.0179],[-108.3748,37.0137],[-108.3767,37.0118],[-108.3773,37.0089],[-108.3763,37.0069],[-108.3811,37.0015],[-108.3793,36.9996],[-109.0452,36.999],[-109.0458,37.3311],[-109.0434,37.4848],[-109.0249,37.5045],[-108.9171,37.6319],[-108.6661,37.6316],[-108.6663,37.6121],[-108.6573,37.6121],[-108.6574,37.6016],[-108.6484,37.6016],[-108.6487,37.5726],[-108.6527,37.5726],[-108.6528,37.5657],[-108.657,37.5657],[-108.657,37.5585],[-108.6114,37.5583],[-108.6116,37.5366],[-108.5981,37.5365],[-108.5982,37.5227],[-108.5935,37.5227],[-108.5938,37.5082],[-108.6112,37.5083],[-108.6104,37.4861],[-108.6376,37.4863],[-108.6373,37.4796],[-108.628,37.4795],[-108.6281,37.4717],[-108.619,37.4717],[-108.6191,37.4503],[-108.6098,37.4502],[-108.6098,37.436],[-108.5868,37.4349],[-108.5556,37.4357],[-108.5557,37.429],[-108.56,37.429],[-108.56,37.4207],[-108.5548,37.4207],[-108.5549,37.4134],[-108.5271,37.4136],[-108.5275,37.4173]]]]}},{"type":"Feature","properties":{"leaid":"0803120","name":"Fremont RE-3","kind":"Unified","gradeLow":"PK","gradeHigh":"12","state":"CO"},"geometry":{"type":"Polygon","coordinates":[[[-105.3689,38.2594],[-105.5919,38.2649],[-105.7969,38.265],[-105.8,38.2699],[-105.8194,38.2736],[-105.8215,38.2761],[-105.8271,38.2786],[-105.8317,38.2862],[-105.8372,38.2884],[-105.8408,38.2925],[-105.8428,38.2932],[-105.8466,38.2903],[-105.8502,38.2945],[-105.8583,38.2984],[-105.8616,38.3034],[-105.8668,38.3057],[-105.8686,38.3087],[-105.872,38.3108],[-105.8739,38.3151],[-105.8764,38.316],[-105.8767,38.3188],[-105.8798,38.3212],[-105.8822,38.3275],[-105.8835,38.3282],[-105.881,38.4084],[-105.8632,38.4085],[-105.863,38.4505],[-105.8447,38.4505],[-105.8447,38.464],[-105.8266,38.4639],[-105.8263,38.5168],[-105.8091,38.5171],[-105.8143,38.6945],[-105.7021,38.6947],[-105.7,38.6161],[-105.6639,38.6158],[-105.6642,38.5884],[-105.6453,38.5887],[-105.645,38.5605],[-105.6086,38.5594],[-105.6077,38.5023],[-105.4963,38.5019],[-105.4981,38.4374],[-105.3803,38.4312],[-105.3793,38.4151],[-105.3748,38.3848],[-105.375,38.3422],[-105.3689,38.2594]]]}},{"type":"Feature","properties":{"leaid":"0803150","name":"Creede School District","kind":"Unified","gradeLow":"PK","gradeHigh":"12","state":"CO"},"geometry":{"type":"Polygon","coordinates":[[[-106.8744,37.9427],[-106.8698,37.9415],[-106.8663,37.9341],[-106.8473,37.9192],[-106.8299,37.9179],[-106.8245,37.9187],[-106.8184,37.914],[-106.8079,37.9154],[-106.801,37.9137],[-106.7785,37.8949],[-106.7731,37.8856],[-106.7558,37.8806],[-106.7506,37.8815],[-106.7367,37.8879],[-106.7229,37.875],[-106.7187,37.8728],[-106.7124,37.872],[-106.7045,37.8758],[-106.6993,37.8764],[-106.6935,37.8735],[-106.6956,37.6643],[-106.7116,37.6643],[-106.7108,37.3962],[-106.8712,37.3937],[-107.1287,37.3924],[-107.1287,37.4733],[-107.1256,37.6005],[-107.1237,37.625],[-107.1239,37.675],[-107.1451,37.6755],[-107.1399,37.7572],[-107.1374,37.8288],[-107.1386,37.8659],[-107.1382,37.9388],[-107.1296,37.9378],[-107.1107,37.9433],[-107.1061,37.9471],[-107.1029,37.9552],[-107.1001,37.9519],[-107.0921,37.9492],[-107.0884,37.9504],[-107.0856,37.9534],[-107.0737,37.9545],[-107.0678,37.9613],[-107.0654,37.9598],[-107.0605,37.9591],[-107.0594,37.9557],[-107.0564,37.9523],[-107.0512,37.953],[-107.0435,37.9488],[-107.0332,37.9501],[-107.0299,37.9535],[-107.0255,37.9545],[-107.0229,37.9538],[-107.0175,37.949],[-107.009,37.9465],[-107.0068,37.9492],[-107.0056,37.9567],[-107.001,37.9559],[-106.9977,37.9573],[-106.9969,37.9604],[-106.9898,37.961],[-106.9876,37.9637],[-106.9869,37.9694],[-106.9779,37.9691],[-106.968,37.975],[-106.9625,37.9723],[-106.9622,37.9675],[-106.9554,37.965],[-106.953,37.9628],[-106.9524,37.9574],[-106.9445,37.9537],[-106.9374,37.9566],[-106.9353,37.9604],[-106.9301,37.9633],[-106.9224,37.9656],[-106.9203,37.9674],[-106.9116,37.9665],[-106.9087,37.9641],[-106.9052,37.9639],[-106.8978,37.9679],[-106.8946,37.9671],[-106.8896,37.9619],[-106.8814,37.9622],[-106.8792,37.9611],[-106.8783,37.9585],[-106.8799,37.9499],[-106.8771,37.9486],[-106.8744,37.9427]]]}},{"type":"Feature","properties":{"leaid":"0803180","name":"Cripple Creek-Victor School District RE-1","kind":"Unified","gradeLow":"PK","gradeHigh":"12","state":"CO"},"geometry":{"type":"Polygon","coordinates":[[[-105.0684,38.8511],[-105.0724,38.8111],[-105.0722,38.7994],[-105.0156,38.7978],[-104.9488,38.7986],[-104.9399,38.7965],[-104.939,38.7105],[-104.9397,38.6963],[-104.9422,38.6963],[-104.9422,38.6501],[-105.0132,38.6527],[-105.0498,38.6524],[-105.0735,38.6485],[-105.0914,38.6478],[-105.2399,38.6475],[-105.2403,38.6622],[-105.2371,38.6792],[-105.237,38.6973],[-105.329,38.6976],[-105.3293,38.8928],[-105.2724,38.8934],[-105.2713,38.8925],[-105.2691,38.8934],[-105.2135,38.894],[-105.2185,38.851],[-105.187,38.8501],[-105.0684,38.8511]]]}},{"type":"Feature","properties":{"leaid":"0803210","name":"Crowley County School District RE-1-J","kind":"Unified","gradeLow":"PK","gradeHigh":"12","state":"CO"},"geometry":{"type":"Polygon","coordinates":[[[-103.5047,38.5164],[-103.507,38.3423],[-103.5017,38.3423],[-103.5016,38.274],[-103.5018,38.265],[-103.5101,38.2652],[-103.5094,38.1725],[-103.5832,38.1728],[-103.6193,38.1715],[-103.6192,38.1134],[-103.8014,38.1125],[-103.8038,38.1706],[-103.8571,38.1701],[-103.857,38.1632],[-103.8654,38.1632],[-103.8654,38.1558],[-103.8757,38.1558],[-103.8756,38.1488],[-103.8842,38.1487],[-103.8843,38.1414],[-103.921,38.1413],[-103.9211,38.1295],[-103.9234,38.1304],[-103.9259,38.1296],[-103.9301,38.125],[-103.9328,38.1244],[-103.9446,38.1267],[-103.9525,38.1305],[-103.9744,38.1321],[-103.977,38.1343],[-103.9741,38.1386],[-103.975,38.1403],[-103.9842,38.1409],[-103.9932,38.1464],[-103.9983,38.1463],[-104.0026,38.1428],[-104.0073,38.1453],[-104.0071,38.1687],[-104.0028,38.1687],[-104.004,38.2622],[-103.9993,38.2622],[-104.001,38.3512],[-103.999,38.5227],[-103.9105,38.5233],[-103.7993,38.5218],[-103.7999,38.6089],[-103.6135,38.6092],[-103.613,38.5179],[-103.5047,38.5164]]]}},{"type":"Feature","properties":{"leaid":"0803240","name":"De Beque School District 49-JT","kind":"Unified","gradeLow":"PK","gradeHigh":"12","state":"CO"},"geometry":{"type":"Polygon","coordinates":[[[-108.2179,39.6939],[-108.2189,39.565],[-108.1606,39.5652],[-108.1607,39.3662],[-107.9704,39.3662],[-107.9706,39.3159],[-108.0381,39.3154],[-108.0382,39.3023],[-108.0491,39.3022],[-108.0492,39.2976],[-108.1595,39.2972],[-108.1585,39.2513],[-108.2633,39.2505],[-108.2761,39.253],[-108.2872,39.25],[-108.2895,39.2481],[-108.2898,39.1779],[-108.327,39.1781],[-108.327,39.2203],[-108.3813,39.2205],[-108.3801,39.3073],[-108.5266,39.309],[-108.5273,39.3495],[-108.5257,39.3662],[-109.0508,39.3667],[-109.0512,39.6605],[-108.8957,39.6605],[-108.8957,39.6503],[-108.5546,39.6502],[-108.5547,39.6936],[-108.3113,39.6947],[-108.2179,39.6939]]]}},{"type":"Feature","properties":{"leaid":"0803270","name":"Deer Trail School District 26J","kind":"Unified","gradeLow":"PK","gradeHigh":"12","state":"CO"},"geometry":{"type":"Polygon","coordinates":[[[-103.7065,39.769],[-103.7071,39.5663],[-104.1743,39.5653],[-104.1736,39.6529],[-104.1538,39.6528],[-104.1536,39.6814],[-104.0965,39.6818],[-104.0962,39.7398],[-104.0601,39.74],[-104.0569,39.8266],[-103.9239,39.8263],[-103.9246,39.7977],[-103.7779,39.7982],[-103.7792,39.7692],[-103.7065,39.769]]]}},{"type":"Feature","properties":{"leaid":"0803300","name":"Upper Rio Grande School District C-7","kind":"Unified","gradeLow":"KG","gradeHigh":"12","state":"CO"},"geometry":{"type":"Polygon","coordinates":[[[-106.5864,37.7478],[-106.2318,37.7481],[-106.2321,37.6975],[-106.2496,37.6976],[-106.2497,37.6833],[-106.2593,37.6834],[-106.2589,37.6612],[-106.2409,37.6611],[-106.2402,37.6546],[-106.2224,37.6546],[-106.2228,37.6314],[-106.2242,37.6344],[-106.2279,37.6356],[-106.2325,37.6397],[-106.2322,37.6438],[-106.235,37.6459],[-106.2402,37.6471],[-106.2404,37.6363],[-106.2456,37.6364],[-106.2455,37.6399],[-106.2499,37.64],[-106.2496,37.6246],[-106.2409,37.6245],[-106.2407,37.5599],[-106.2438,37.5577],[-106.2489,37.5576],[-106.255,37.5607],[-106.2973,37.5603],[-106.2994,37.5426],[-106.2955,37.5362],[-106.2957,37.5012],[-106.3646,37.5014],[-106.3655,37.4829],[-106.3654,37.4009],[-106.488,37.3994],[-106.488,37.4016],[-106.4987,37.4018],[-106.6144,37.4022],[-106.7108,37.4042],[-106.7116,37.6643],[-106.6956,37.6643],[-106.6938,37.8352],[-106.5871,37.8344],[-106.5864,37.7478]]]}},{"type":"Feature","properties":{"leaid":"0803330","name":"Delta County School District 50J","kind":"Unified","gradeLow":"PK","gradeHigh":"12","state":"CO"},"geometry":{"type":"Polygon","coordinates":[[[-107.3945,39.2563],[-107.3922,39.255],[-107.3904,39.2506],[-107.3864,39.2503],[-107.3843,39.2478],[-107.3764,39.246],[-107.3753,39.2419],[-107.3714,39.2389],[-107.3761,39.2367],[-107.3793,39.2311],[-107.3768,39.2201],[-107.3806,39.2102],[-107.3784,39.2081],[-107.3768,39.199],[-107.3669,39.192],[-107.3635,39.1863],[-107.3597,39.1848],[-107.3577,39.1798],[-107.3541,39.1761],[-107.3534,39.173],[-107.3435,39.1686],[-107.3369,39.169],[-107.3334,39.1662],[-107.3187,39.1653],[-107.3076,39.1571],[-107.3043,39.1556],[-107.2999,39.1565],[-107.2963,39.1543],[-107.2938,39.1447],[-107.2882,39.1398],[-107.2864,39.1366],[-107.2861,39.1327],[-107.2835,39.1279],[-107.2854,39.1251],[-107.2826,39.1239],[-107.2815,39.1196],[-107.2825,39.1187],[-107.2744,39.1187],[-107.276,38.969],[-107.2777,38.969],[-107.2786,38.8691],[-107.4821,38.8676],[-107.4824,38.8405],[-107.4984,38.8406],[-107.4984,38.8396],[-107.5006,38.8397],[-107.5006,38.4456],[-107.5105,38.4451],[-107.5165,38.4466],[-107.5207,38.4458],[-107.5268,38.4491],[-107.5431,38.453],[-107.546,38.4552],[-107.5556,38.4585],[-107.5602,38.4617],[-107.5621,38.4669],[-107.5691,38.4716],[-107.5711,38.4789],[-107.5754,38.4809],[-107.5816,38.4811],[-107.589,38.4877],[-107.5926,38.4945],[-107.597,38.4963],[-107.6079,38.4964],[-107.6134,38.5024],[-107.6214,38.5051],[-107.6276,38.5193],[-107.6484,38.5231],[-107.6493,38.5242],[-107.6483,38.5305],[-107.6514,38.5342],[-107.6536,38.534],[-107.6595,38.5372],[-107.6696,38.538],[-107.676,38.541],[-107.6782,38.5451],[-107.6778,38.5525],[-107.6796,38.5574],[-107.6844,38.5606],[-107.6945,38.5627],[-107.6957,38.569],[-107.6994,38.575],[-107.7139,38.5831],[-107.7149,38.5847],[-107.7195,38.5848],[-107.7299,38.5784],[-107.7305,38.5767],[-107.7419,38.5751],[-107.7552,38.5761],[-107.7617,38.5843],[-107.7753,38.5884],[-107.7834,38.5931],[-107.7867,38.5934],[-107.7869,38.5946],[-107.7996,38.6014],[-107.8036,38.6087],[-107.8153,38.6122],[-107.8187,38.6174],[-107.829,38.6205],[-107.8346,38.6245],[-107.837,38.6287],[-107.8432,38.6293],[-107.8482,38.6324],[-107.8505,38.6354],[-107.8563,38.6365],[-107.8587,38.6462],[-107.8592,38.6587],[-107.8511,38.6631],[-107.8486,38.6681],[-108.3787,38.6681],[-108.3791,38.5],[-108.601,38.5],[-108.5975,38.6977],[-108.3788,38.6962],[-108.379,38.8291],[-108.177,38.8953],[-108.1758,38.8975],[-108.1705,38.8983],[-108.1663,38.9022],[-108.1525,38.9013],[-108.147,38.9075],[-108.1411,38.9065],[-108.1403,38.9088],[-108.1448,38.9169],[-108.1444,38.9185],[-108.1404,38.9209],[-108.1405,38.9252],[-108.1377,38.9261],[-108.1307,38.9223],[-108.1218,38.9264],[-108.1096,38.9389],[-108.1023,38.9492],[-108.0955,38.9545],[-108.0956,38.9568],[-108.0898,38.9602],[-108.0873,38.9632],[-108.0869,38.9678],[-108.0904,38.9716],[-108.0947,38.98],[-108.0869,38.983],[-108.0797,38.9911],[-108.07,38.9966],[-108.0645,39.0042],[-108.0597,39.0067],[-108.0538,39.0141],[-108.0504,39.0151],[-108.0478,39.0115],[-108.0383,39.0157],[-108.0361,39.0172],[-108.0358,39.0206],[-108.0308,39.0284],[-108.023,39.0309],[-108.0207,39.0333],[-108.0043,39.0419],[-108.0006,39.0454],[-107.9872,39.0529],[-107.9822,39.0599],[-107.9726,39.0612],[-107.9643,39.0597],[-107.9512,39.0597],[-107.9175,39.064],[-107.9074,39.0605],[-107.8997,39.0659],[-107.8909,39.0663],[-107.8809,39.071],[-107.8752,39.0709],[-107.8726,39.0738],[-107.8703,39.075],[-107.8676,39.0744],[-107.8626,39.0789],[-107.8614,39.0776],[-107.8586,39.0802],[-107.8558,39.0768],[-107.8521,39.0785],[-107.84,39.0772],[-107.8282,39.0718],[-107.8197,39.0709],[-107.8135,39.0673],[-107.7942,39.0617],[-107.7889,39.0563],[-107.7863,39.0562],[-107.7801,39.0526],[-107.7711,39.0437],[-107.7655,39.0433],[-107.7635,39.0469],[-107.7562,39.0497],[-107.7556,39.0539],[-107.7506,39.054],[-107.7436,39.0579],[-107.7425,39.0593],[-107.7449,39.0597],[-107.7444,39.0622],[-107.738,39.0662],[-107.735,39.0663],[-107.7326,39.063],[-107.7299,39.0661],[-107.7216,39.0653],[-107.7221,39.0686],[-107.715,39.076],[-107.7133,39.0803],[-107.7101,39.0812],[-107.7091,39.0831],[-107.7039,39.085],[-107.7,39.0839],[-107.6941,39.0851],[-107.6935,39.0875],[-107.6876,39.088],[-107.6829,39.0927],[-107.6808,39.1003],[-107.6738,39.1011],[-107.6714,39.1076],[-107.6603,39.1118],[-107.6627,39.1162],[-107.6566,39.1227],[-107.6538,39.124],[-107.6513,39.1309],[-107.6479,39.1313],[-107.6383,39.1419],[-107.6324,39.1409],[-107.6289,39.148],[-107.6213,39.151],[-107.6191,39.1549],[-107.6139,39.1546],[-107.6071,39.1618],[-107.601,39.1641],[-107.5933,39.1649],[-107.5836,39.1737],[-107.573,39.1763],[-107.5684,39.1813],[-107.5581,39.1783],[-107.5428,39.1822],[-107.5417,39.1846],[-107.5438,39.1862],[-107.5428,39.1917],[-107.5436,39.1939],[-107.5426,39.1955],[-107.5333,39.1989],[-107.5233,39.1978],[-107.5288,39.2029],[-107.5203,39.2065],[-107.5107,39.2162],[-107.4945,39.2184],[-107.4923,39.222],[-107.4869,39.2268],[-107.4842,39.2354],[-107.4789,39.2336],[-107.4779,39.2308],[-107.4747,39.229],[-107.4639,39.2284],[-107.4608,39.2303],[-107.4578,39.2294],[-107.4513,39.2306],[-107.4442,39.2343],[-107.4428,39.2365],[-107.4295,39.2413],[-107.4306,39.2474],[-107.4294,39.2506],[-107.4305,39.2565],[-107.4296,39.2573],[-107.4246,39.2576],[-107.4244,39.2565],[-107.4216,39.2555],[-107.4162,39.2558],[-107.4003,39.2529],[-107.3945,39.2563]]]}},{"type":"Feature","properties":{"leaid":"0803360","name":"Denver County School District 1","kind":"Unified","gradeLow":"PK","gradeHigh":"12","state":"CO"},"geometry":{"type":"MultiPolygon","coordinates":[[[[-104.9317,39.6989],[-104.9341,39.6984],[-104.9341,39.7002],[-104.9317,39.7002],[-104.9317,39.6989]]],[[[-104.6797,39.907],[-104.6309,39.9066],[-104.6309,39.8993],[-104.5996,39.899],[-104.5998,39.8813],[-104.6052,39.8813],[-104.6053,39.8731],[-104.6192,39.8732],[-104.6198,39.8224],[-104.6554,39.8226],[-104.6554,39.813],[-104.6662,39.8131],[-104.6661,39.8228],[-104.7625,39.8234],[-104.7626,39.7984],[-104.7344,39.7984],[-104.7346,39.7692],[-104.7646,39.7692],[-104.7646,39.7716],[-104.7722,39.7715],[-104.7722,39.7764],[-104.7816,39.7765],[-104.7816,39.7728],[-104.8282,39.7728],[-104.8282,39.7692],[-104.833,39.7692],[-104.833,39.7664],[-104.8564,39.7686],[-104.8563,39.7581],[-104.8482,39.7564],[-104.8469,39.7547],[-104.8799,39.7547],[-104.88,39.7474],[-104.8847,39.7475],[-104.8847,39.7309],[-104.8866,39.7292],[-104.8819,39.725],[-104.8753,39.7256],[-104.8753,39.7188],[-104.8706,39.7182],[-104.8706,39.7102],[-104.866,39.7111],[-104.866,39.7038],[-104.8687,39.703],[-104.8706,39.7005],[-104.8707,39.6984],[-104.8683,39.6984],[-104.8683,39.7002],[-104.8671,39.7002],[-104.866,39.6993],[-104.866,39.6966],[-104.8753,39.6965],[-104.8753,39.6984],[-104.8777,39.6984],[-104.8777,39.6965],[-104.8968,39.6966],[-104.8991,39.6954],[-104.8998,39.6971],[-104.9035,39.6985],[-104.9035,39.6966],[-104.9001,39.693],[-104.9035,39.693],[-104.9035,39.6894],[-104.8988,39.6893],[-104.8988,39.693],[-104.8942,39.693],[-104.8941,39.6857],[-104.8893,39.6857],[-104.8893,39.6821],[-104.894,39.6821],[-104.8941,39.6784],[-104.9034,39.6786],[-104.9034,39.6849],[-104.9052,39.6861],[-104.9046,39.6803],[-104.9081,39.6797],[-104.9036,39.6767],[-104.9035,39.6676],[-104.894,39.6676],[-104.8902,39.6645],[-104.8884,39.6657],[-104.8905,39.6676],[-104.8852,39.6676],[-104.8795,39.6639],[-104.8762,39.6639],[-104.8754,39.6687],[-104.8775,39.6721],[-104.8753,39.6721],[-104.8753,39.6748],[-104.8709,39.6748],[-104.8661,39.6708],[-104.8663,39.6603],[-104.8554,39.6608],[-104.8487,39.6592],[-104.8486,39.6571],[-104.8473,39.6571],[-104.8541,39.6552],[-104.8682,39.6471],[-104.8756,39.645],[-104.8755,39.6515],[-104.877,39.6531],[-104.8801,39.6531],[-104.8803,39.6413],[-104.8851,39.6389],[-104.8853,39.6241],[-104.9134,39.6241],[-104.9132,39.6387],[-104.9225,39.6458],[-104.9319,39.6458],[-104.9317,39.653],[-104.955,39.653],[-104.9538,39.6567],[-104.9595,39.6567],[-104.9594,39.6615],[-104.9688,39.6604],[-104.9688,39.6658],[-104.9735,39.6659],[-104.9735,39.6677],[-105.0004,39.6677],[-105.004,39.6663],[-105.0044,39.6605],[-105.0109,39.6605],[-105.0063,39.6677],[-105.0064,39.6768],[-105.0086,39.6768],[-105.0087,39.6786],[-105.0157,39.6787],[-105.0158,39.6605],[-105.023,39.6605],[-105.023,39.6568],[-105.0331,39.657],[-105.0322,39.6533],[-105.0346,39.6533],[-105.0347,39.6437],[-105.03,39.6428],[-105.0299,39.6402],[-105.03,39.6386],[-105.0347,39.6386],[-105.0348,39.6332],[-105.0301,39.6332],[-105.0254,39.6314],[-105.0254,39.6286],[-105.0368,39.6281],[-105.038,39.6268],[-105.0401,39.6281],[-105.0428,39.6276],[-105.0442,39.628],[-105.0441,39.6315],[-105.0534,39.6315],[-105.0533,39.6388],[-105.059,39.6388],[-105.0593,39.6343],[-105.0535,39.6295],[-105.0558,39.6242],[-105.0535,39.6243],[-105.0535,39.6209],[-105.0572,39.6209],[-105.0565,39.6199],[-105.0582,39.6174],[-105.0581,39.6144],[-105.097,39.6143],[-105.097,39.6184],[-105.0651,39.6186],[-105.0657,39.6206],[-105.0761,39.6242],[-105.0745,39.6242],[-105.081,39.6313],[-105.0837,39.6313],[-105.0837,39.6302],[-105.0817,39.6301],[-105.0817,39.6273],[-105.0856,39.6285],[-105.0856,39.6261],[-105.0912,39.6271],[-105.0913,39.6242],[-105.1075,39.6242],[-105.1075,39.6271],[-105.1099,39.6271],[-105.1099,39.6351],[-105.0911,39.6351],[-105.0911,39.6387],[-105.0817,39.6388],[-105.0816,39.6362],[-105.0733,39.6366],[-105.0733,39.6387],[-105.0768,39.6394],[-105.0745,39.6441],[-105.072,39.646],[-105.0632,39.646],[-105.0632,39.6496],[-105.0571,39.6497],[-105.0571,39.6512],[-105.0536,39.6512],[-105.058,39.653],[-105.0581,39.6513],[-105.0626,39.6515],[-105.0639,39.6496],[-105.0708,39.6496],[-105.0675,39.6525],[-105.0673,39.6569],[-105.0701,39.6569],[-105.07,39.6591],[-105.072,39.66],[-105.0767,39.6593],[-105.0792,39.662],[-105.0815,39.6621],[-105.0813,39.6701],[-105.0767,39.6691],[-105.075,39.6705],[-105.072,39.6693],[-105.072,39.6678],[-105.0533,39.6678],[-105.0533,39.675],[-105.0626,39.675],[-105.0626,39.6793],[-105.0603,39.678],[-105.0578,39.6787],[-105.0578,39.6823],[-105.0532,39.6824],[-105.0532,39.7331],[-105.0556,39.7331],[-105.0556,39.7345],[-105.0532,39.7349],[-105.0532,39.7838],[-105.0627,39.7838],[-105.0627,39.7883],[-105.065,39.7884],[-105.0644,39.7911],[-105.0346,39.7911],[-105.0346,39.7921],[-105.0253,39.7911],[-105.0253,39.794],[-105.0229,39.7934],[-105.0218,39.7945],[-105.0205,39.7911],[-104.9932,39.791],[-104.9932,39.792],[-104.9906,39.792],[-104.9903,39.791],[-104.9777,39.7919],[-104.9759,39.791],[-104.976,39.7924],[-104.9731,39.7924],[-104.9747,39.7956],[-104.9712,39.7956],[-104.9716,39.7983],[-104.9687,39.7984],[-104.9688,39.7932],[-104.9675,39.7933],[-104.9689,39.791],[-104.9602,39.791],[-104.9554,39.7946],[-104.9405,39.7946],[-104.9405,39.791],[-104.927,39.7911],[-104.927,39.7838],[-104.9034,39.7838],[-104.9036,39.7984],[-104.9014,39.7984],[-104.9014,39.8002],[-104.8991,39.8002],[-104.8991,39.7984],[-104.8845,39.7983],[-104.8844,39.8128],[-104.8661,39.8128],[-104.866,39.7984],[-104.7909,39.7983],[-104.7909,39.8418],[-104.7623,39.8418],[-104.7623,39.8454],[-104.731,39.8452],[-104.7304,39.8961],[-104.7033,39.8959],[-104.7032,39.9069],[-104.6921,39.9069],[-104.6921,39.9142],[-104.6796,39.914],[-104.6797,39.907]],[[-104.9407,39.6977],[-104.9385,39.6979],[-104.9385,39.6966],[-104.9406,39.6966],[-104.9395,39.6948],[-104.9362,39.6948],[-104.9365,39.6979],[-104.9359,39.6966],[-104.9282,39.6966],[-104.9288,39.7002],[-104.9328,39.7003],[-104.9341,39.7013],[-104.9342,39.7038],[-104.9317,39.7021],[-104.9317,39.7039],[-104.927,39.7039],[-104.927,39.7067],[-104.9296,39.7064],[-104.9296,39.7086],[-104.9316,39.7091],[-104.9316,39.7111],[-104.9407,39.7111],[-104.9407,39.6977]],[[-104.9291,39.7019],[-104.9293,39.7013],[-104.9283,39.7013],[-104.9291,39.7019]],[[-104.911,39.6821],[-104.911,39.6799],[-104.9082,39.6799],[-104.9082,39.6821],[-104.911,39.6821]],[[-105.065,39.6538],[-105.0639,39.6533],[-105.0639,39.6538],[-105.065,39.6538]],[[-105.0635,39.653],[-105.0626,39.6519],[-105.0626,39.653],[-105.0635,39.653]],[[-105.0816,39.6357],[-105.0809,39.635],[-105.0809,39.6357],[-105.0816,39.6357]],[[-104.9176,39.673],[-104.9257,39.6766],[-104.9257,39.6753],[-104.9302,39.6748],[-104.9264,39.6694],[-104.9227,39.6676],[-104.9206,39.668],[-104.9206,39.6669],[-104.9222,39.6669],[-104.921,39.6603],[-104.9159,39.6585],[-104.9166,39.6561],[-104.913,39.6562],[-104.913,39.6631],[-104.9159,39.6635],[-104.9164,39.6676],[-104.9175,39.6676],[-104.9176,39.673]],[[-104.9316,39.6675],[-104.9293,39.6694],[-104.9272,39.669],[-104.9297,39.6724],[-104.9339,39.6733],[-104.9339,39.6712],[-104.9317,39.6706],[-104.9316,39.6675]],[[-104.9038,39.6268],[-104.904,39.6241],[-104.9029,39.6242],[-104.9038,39.6268]],[[-104.8993,39.6837],[-104.8988,39.6857],[-104.9027,39.6857],[-104.9012,39.6848],[-104.8993,39.6837]]]]}},{"type":"Feature","properties":{"leaid":"0803390","name":"Dolores School District RE-4A","kind":"Unified","gradeLow":"PK","gradeHigh":"12","state":"CO"},"geometry":{"type":"Polygon","coordinates":[[[-108.5275,37.4173],[-108.5271,37.4136],[-108.5549,37.4134],[-108.5548,37.4207],[-108.56,37.4207],[-108.56,37.429],[-108.5557,37.429],[-108.5556,37.4357],[-108.5868,37.4349],[-108.6098,37.436],[-108.6098,37.4502],[-108.6191,37.4503],[-108.619,37.4717],[-108.6281,37.4717],[-108.628,37.4795],[-108.6373,37.4796],[-108.6376,37.4863],[-108.6104,37.4861],[-108.6112,37.5083],[-108.5938,37.5082],[-108.5935,37.5227],[-108.5982,37.5227],[-108.5981,37.5365],[-108.6116,37.5366],[-108.6114,37.5583],[-108.657,37.5585],[-108.657,37.5657],[-108.6528,37.5657],[-108.6527,37.5726],[-108.6487,37.5726],[-108.6484,37.6016],[-108.6574,37.6016],[-108.6573,37.6121],[-108.6663,37.6121],[-108.6661,37.6332],[-108.3091,37.6323],[-108.1945,37.634],[-108.108,37.6388],[-107.9701,37.6396],[-107.9699,37.6372],[-107.9721,37.6343],[-107.9721,37.6298],[-107.9799,37.6289],[-107.9872,37.625],[-107.9897,37.6207],[-107.9917,37.6197],[-107.9932,37.6159],[-108.0002,37.6143],[-108.0007,37.6112],[-108.0048,37.606],[-108.0098,37.6058],[-108.0142,37.6038],[-108.0155,37.6009],[-108.0139,37.5965],[-108.0167,37.5958],[-108.0168,37.5921],[-108.0228,37.5913],[-108.0197,37.5849],[-108.0205,37.5825],[-108.0195,37.574],[-108.0208,37.5714],[-108.0183,37.5671],[-108.0217,37.5628],[-108.0212,37.5594],[-108.0197,37.5582],[-108.0219,37.5513],[-108.0215,37.5487],[-108.024,37.5459],[-108.0241,37.5435],[-108.177,37.5471],[-108.177,37.5042],[-108.3349,37.5039],[-108.3354,37.4293],[-108.3796,37.4292],[-108.3792,37.4075],[-108.3773,37.4071],[-108.377,37.4038],[-108.3784,37.4002],[-108.4348,37.4003],[-108.4348,37.3936],[-108.444,37.3937],[-108.4438,37.4008],[-108.4537,37.4007],[-108.4536,37.4081],[-108.4445,37.4085],[-108.4444,37.4137],[-108.4573,37.4139],[-108.4606,37.4152],[-108.4628,37.4141],[-108.4813,37.4138],[-108.4809,37.397],[-108.4895,37.3971],[-108.4896,37.4002],[-108.5036,37.4002],[-108.5052,37.4138],[-108.5182,37.4137],[-108.5187,37.4173],[-108.5275,37.4173]],[[-108.5275,37.4173],[-108.5276,37.4209],[-108.5329,37.4209],[-108.5342,37.4175],[-108.5275,37.4173]]]}},{"type":"Feature","properties":{"leaid":"0803420","name":"Dolores County School District RE-2","kind":"Unified","gradeLow":"PK","gradeHigh":"12","state":"CO"},"geometry":{"type":"Polygon","coordinates":[[[-108.9067,38.1533],[-108.9126,38.1013],[-108.8529,38.1013],[-108.8504,38.0676],[-108.816,38.0658],[-108.8168,38.0522],[-108.8158,38.0381],[-108.7586,38.0379],[-108.7589,37.9546],[-108.7426,37.9547],[-108.7422,37.8954],[-108.3743,37.8935],[-108.2565,37.8946],[-108.2574,37.8897],[-108.2536,37.8859],[-108.2504,37.8846],[-108.2479,37.8794],[-108.2378,37.8764],[-108.2351,37.8693],[-108.232,37.8651],[-108.2318,37.8621],[-108.2296,37.861],[-108.2299,37.8557],[-108.2265,37.8455],[-108.227,37.8432],[-108.2237,37.8419],[-108.2217,37.8388],[-108.2173,37.837],[-108.2184,37.8349],[-108.2153,37.8343],[-108.2124,37.832],[-108.2094,37.823],[-108.2105,37.8215],[-108.2091,37.8209],[-108.1991,37.8242],[-108.1832,37.8265],[-108.1783,37.8312],[-108.1752,37.8326],[-108.1691,37.8311],[-108.1639,37.8349],[-108.1604,37.8338],[-108.1527,37.8351],[-108.15,37.8343],[-108.1472,37.8389],[-108.1445,37.8383],[-108.142,37.833],[-108.1403,37.8324],[-108.1401,37.8349],[-108.1374,37.8379],[-108.1266,37.8453],[-108.1247,37.8486],[-108.125,37.8521],[-108.1125,37.8552],[-108.0983,37.8484],[-108.0953,37.8443],[-108.0963,37.8403],[-108.0909,37.8399],[-108.0846,37.8416],[-108.0814,37.8442],[-108.0721,37.8478],[-108.0683,37.8515],[-108.0665,37.851],[-108.0642,37.8467],[-108.0603,37.8449],[-108.0585,37.841],[-108.0549,37.8418],[-108.0557,37.8445],[-108.0516,37.8462],[-108.0477,37.8507],[-108.0358,37.8522],[-108.0309,37.8555],[-108.0189,37.8555],[-108.0121,37.8571],[-108.0073,37.8551],[-108.0027,37.8571],[-107.999,37.8558],[-107.9895,37.8568],[-107.9842,37.845],[-107.9798,37.843],[-107.972,37.8326],[-107.9659,37.8318],[-107.9587,37.8346],[-107.9508,37.8358],[-107.9468,37.8313],[-107.947,37.8285],[-107.9447,37.8281],[-107.9381,37.8227],[-107.9213,37.8237],[-107.9136,37.8141],[-107.9096,37.8111],[-107.906,37.8108],[-107.9043,37.8069],[-107.8922,37.8024],[-107.8887,37.7961],[-107.8909,37.7909],[-107.8863,37.7855],[-107.8738,37.7865],[-107.87,37.7843],[-107.8705,37.7815],[-107.8618,37.7774],[-107.8608,37.7755],[-107.8652,37.7717],[-107.8649,37.7691],[-107.8686,37.7669],[-107.8705,37.7628],[-107.8632,37.7602],[-107.8631,37.7568],[-107.8619,37.756],[-107.8643,37.7534],[-107.8661,37.7468],[-107.8697,37.7457],[-107.8756,37.7389],[-107.8745,37.7289],[-107.8756,37.7258],[-107.873,37.7224],[-107.8737,37.7201],[-107.8779,37.716],[-107.8816,37.7184],[-107.8942,37.7175],[-107.899,37.7192],[-107.907,37.7177],[-107.9103,37.7164],[-107.911,37.7126],[-107.9281,37.71],[-107.9372,37.7026],[-107.9414,37.7027],[-107.9453,37.7064],[-107.9543,37.7065],[-107.9689,37.6965],[-107.9709,37.69],[-107.9703,37.6877],[-107.9751,37.6836],[-107.9694,37.6792],[-107.9688,37.6756],[-107.9644,37.6676],[-107.9645,37.6644],[-107.9616,37.6617],[-107.9617,37.6581],[-107.9571,37.6489],[-107.9601,37.6426],[-107.9701,37.6396],[-108.108,37.6388],[-108.1945,37.634],[-108.3091,37.6323],[-108.6661,37.6332],[-108.6661,37.6316],[-108.9171,37.6319],[-109.0249,37.5045],[-109.0434,37.4848],[-109.0416,37.5621],[-109.0426,38.153],[-108.9067,38.1533]]]}},{"type":"Feature","properties":{"leaid":"0803450","name":"Douglas County School District RE-1","kind":"Unified","gradeLow":"PK","gradeHigh":"12","state":"CO"},"geometry":{"type":"Polygon","coordinates":[[[-105.0487,39.5661],[-104.5692,39.5653],[-104.5701,39.4919],[-104.643,39.4921],[-104.643,39.4827],[-104.65,39.4827],[-104.65,39.4792],[-104.6613,39.4802],[-104.6628,39.3038],[-104.6625,39.1295],[-105.3294,39.1295],[-105.322,39.137],[-105.3231,39.1456],[-105.3156,39.1458],[-105.3155,39.1545],[-105.3132,39.1566],[-105.3132,39.1599],[-105.308,39.1653],[-105.3049,39.1641],[-105.3004,39.1672],[-105.302,39.1692],[-105.2994,39.1725],[-105.2938,39.1731],[-105.2947,39.1748],[-105.2875,39.1791],[-105.2873,39.1813],[-105.2893,39.1839],[-105.2864,39.1863],[-105.2851,39.1946],[-105.2823,39.201],[-105.2781,39.2022],[-105.2756,39.2076],[-105.2695,39.2094],[-105.2632,39.208],[-105.2621,39.2099],[-105.2599,39.2106],[-105.2615,39.2145],[-105.2606,39.2169],[-105.2635,39.221],[-105.2613,39.2233],[-105.2624,39.2246],[-105.2615,39.2266],[-105.2636,39.2291],[-105.2556,39.2359],[-105.2535,39.2433],[-105.2468,39.2404],[-105.2406,39.2441],[-105.2356,39.2443],[-105.2339,39.2469],[-105.235,39.2495],[-105.2371,39.2493],[-105.2377,39.2507],[-105.2344,39.252],[-105.2344,39.2553],[-105.2278,39.2539],[-105.227,39.2563],[-105.2234,39.2562],[-105.2234,39.2584],[-105.2251,39.2605],[-105.2174,39.2604],[-105.2185,39.2668],[-105.2206,39.2678],[-105.2206,39.2692],[-105.2154,39.2725],[-105.2175,39.2746],[-105.2155,39.2766],[-105.2164,39.2776],[-105.2114,39.2807],[-105.2125,39.2845],[-105.208,39.2896],[-105.2086,39.2912],[-105.2067,39.2906],[-105.2055,39.2917],[-105.2068,39.2938],[-105.2025,39.2936],[-105.2029,39.2948],[-105.2072,39.2962],[-105.2077,39.2982],[-105.205,39.2998],[-105.2011,39.2993],[-105.2002,39.302],[-105.196,39.3021],[-105.198,39.3054],[-105.1967,39.3085],[-105.1985,39.31],[-105.1929,39.3129],[-105.1887,39.3171],[-105.1888,39.3212],[-105.1855,39.3244],[-105.1882,39.328],[-105.1822,39.3302],[-105.1823,39.3314],[-105.1878,39.3342],[-105.1842,39.3353],[-105.1821,39.3386],[-105.1792,39.3399],[-105.1795,39.343],[-105.1773,39.3445],[-105.1765,39.3469],[-105.1773,39.3494],[-105.1721,39.353],[-105.1718,39.3568],[-105.1676,39.3592],[-105.1666,39.3618],[-105.1692,39.3687],[-105.1672,39.3724],[-105.173,39.3777],[-105.1696,39.3807],[-105.1735,39.3834],[-105.17,39.3891],[-105.164,39.3915],[-105.1655,39.394],[-105.1673,39.3943],[-105.1672,39.3998],[-105.1697,39.4021],[-105.171,39.4078],[-105.1661,39.4086],[-105.1603,39.4142],[-105.1551,39.4141],[-105.1449,39.419],[-105.1382,39.4231],[-105.1359,39.4265],[-105.1236,39.4341],[-105.1261,39.4402],[-105.1231,39.448],[-105.1242,39.455],[-105.1275,39.4585],[-105.1325,39.4612],[-105.1326,39.4679],[-105.1349,39.471],[-105.1304,39.4737],[-105.1281,39.4776],[-105.1218,39.4813],[-105.119,39.4801],[-105.1163,39.4815],[-105.1159,39.4825],[-105.1183,39.483],[-105.1176,39.4854],[-105.1151,39.486],[-105.1117,39.4835],[-105.0987,39.4854],[-105.0925,39.4884],[-105.0868,39.4934],[-105.0861,39.4949],[-105.0873,39.4966],[-105.0848,39.5012],[-105.085,39.506],[-105.0784,39.5115],[-105.0779,39.5175],[-105.0801,39.5232],[-105.0761,39.5327],[-105.0777,39.5367],[-105.0741,39.5443],[-105.0667,39.5505],[-105.0643,39.5553],[-105.0611,39.5569],[-105.0607,39.5599],[-105.0583,39.5604],[-105.0573,39.5623],[-105.0514,39.5633],[-105.0487,39.5661]]]}},{"type":"Feature","properties":{"leaid":"0803480","name":"Durango School District 9-R","kind":"Unified","gradeLow":"PK","gradeHigh":"12","state":"CO"},"geometry":{"type":"Polygon","coordinates":[[[-107.6969,37.2159],[-107.6969,37.2019],[-107.7118,37.2019],[-107.7118,37.1984],[-107.7227,37.1984],[-107.7227,37.1934],[-107.7209,37.1934],[-107.7209,37.1912],[-107.7163,37.1911],[-107.7161,37.184],[-107.7531,37.1839],[-107.753,37.1793],[-107.7568,37.1794],[-107.7572,37.1394],[-107.7896,37.1395],[-107.7893,37.1177],[-107.7985,37.1178],[-107.7987,37.1112],[-107.808,37.1113],[-107.8079,37.1039],[-107.8168,37.1038],[-107.817,37.0963],[-107.7827,37.0952],[-107.7671,37.0963],[-107.7669,37.0001],[-108.3793,36.9996],[-108.3811,37.0015],[-108.3763,37.0069],[-108.3773,37.0089],[-108.3767,37.0118],[-108.3748,37.0137],[-108.3743,37.0179],[-108.3717,37.0206],[-108.3733,37.0247],[-108.3721,37.0289],[-108.3554,37.0256],[-108.3564,37.0284],[-108.3529,37.0333],[-108.3551,37.0356],[-108.3544,37.0388],[-108.3507,37.0407],[-108.3468,37.0481],[-108.343,37.0488],[-108.3344,37.0549],[-108.3347,37.0598],[-108.3334,37.0608],[-108.3343,37.0646],[-108.3332,37.0674],[-108.3283,37.0691],[-108.3277,37.0713],[-108.3302,37.0746],[-108.3257,37.0762],[-108.3268,37.0792],[-108.3241,37.0813],[-108.3251,37.0834],[-108.3222,37.0892],[-108.3231,37.0907],[-108.3206,37.0954],[-108.3211,37.0971],[-108.3173,37.0975],[-108.3161,37.103],[-108.3101,37.1054],[-108.3113,37.1094],[-108.3097,37.1123],[-108.3118,37.1168],[-108.3096,37.1193],[-108.3112,37.1238],[-108.3097,37.125],[-108.3103,37.1293],[-108.3041,37.1354],[-108.3015,37.1364],[-108.3009,37.1388],[-108.2942,37.1444],[-108.2905,37.146],[-108.2912,37.1493],[-108.2902,37.1542],[-108.2961,37.1584],[-108.2936,37.1636],[-108.2974,37.1712],[-108.2946,37.1802],[-108.2957,37.1901],[-108.2929,37.1943],[-108.2926,37.1983],[-108.2929,37.2025],[-108.2975,37.2084],[-108.2973,37.2132],[-108.2938,37.2165],[-108.2915,37.2225],[-108.2863,37.2248],[-108.2817,37.2286],[-108.2797,37.2286],[-108.2788,37.2272],[-108.2756,37.2292],[-108.2696,37.2297],[-108.2675,37.2331],[-108.2614,37.235],[-108.2601,37.2393],[-108.2577,37.2404],[-108.2562,37.2434],[-108.2506,37.2463],[-108.2496,37.2497],[-108.2473,37.2499],[-108.2466,37.2549],[-108.2425,37.2614],[-108.2386,37.2627],[-108.2372,37.2704],[-108.2345,37.2753],[-108.2273,37.2782],[-108.2269,37.2805],[-108.228,37.2819],[-108.2257,37.2863],[-108.2197,37.2874],[-108.218,37.2972],[-108.2138,37.2981],[-108.2125,37.3002],[-108.2131,37.3033],[-108.2165,37.3062],[-108.2165,37.3116],[-108.2136,37.3132],[-108.2105,37.3217],[-108.203,37.3263],[-108.2079,37.3331],[-108.2077,37.3351],[-108.204,37.3461],[-108.1982,37.3515],[-108.1976,37.3552],[-108.1916,37.3597],[-108.173,37.3664],[-108.1666,37.3652],[-108.1638,37.3621],[-108.1581,37.3639],[-108.1516,37.3628],[-108.147,37.3654],[-108.1405,37.3728],[-108.1323,37.3747],[-108.1205,37.3747],[-108.1136,37.3803],[-108.1062,37.3818],[-108.1056,37.389],[-108.1076,37.3943],[-108.1053,37.4056],[-108.0995,37.4126],[-108.0978,37.4175],[-108.0895,37.4212],[-108.0873,37.4278],[-108.08,37.4292],[-108.0811,37.4324],[-108.078,37.4389],[-108.053,37.4375],[-108.0484,37.4426],[-108.0441,37.443],[-108.0424,37.4484],[-108.0384,37.4519],[-108.0392,37.4559],[-108.0375,37.4591],[-108.0348,37.4606],[-108.0331,37.4649],[-108.0364,37.4712],[-108.0345,37.4768],[-108.0326,37.4788],[-108.0338,37.4845],[-108.0359,37.4857],[-108.0366,37.4882],[-108.0346,37.4972],[-108.038,37.5028],[-108.0357,37.5072],[-108.0315,37.5091],[-108.0345,37.5131],[-108.0321,37.518],[-108.0346,37.5223],[-108.0337,37.5267],[-108.0349,37.532],[-108.0254,37.5397],[-108.0203,37.5538],[-108.0197,37.5585],[-108.0212,37.5594],[-108.0217,37.5628],[-108.0183,37.5671],[-108.0208,37.5714],[-108.0195,37.574],[-108.0205,37.5825],[-108.0197,37.5849],[-108.023,37.591],[-108.0168,37.5921],[-108.0167,37.5958],[-108.0139,37.5965],[-108.0155,37.6009],[-108.0142,37.6038],[-108.0098,37.6058],[-108.0048,37.606],[-108.0007,37.6112],[-108.0002,37.6143],[-107.9932,37.6159],[-107.9917,37.6197],[-107.9897,37.6207],[-107.9872,37.625],[-107.9799,37.6289],[-107.9721,37.6298],[-107.9721,37.6343],[-107.9699,37.6372],[-107.9701,37.6396],[-107.8039,37.6402],[-107.8042,37.5931],[-107.8212,37.5931],[-107.8219,37.5545],[-107.7212,37.5528],[-107.7231,37.4499],[-107.6472,37.45],[-107.6473,37.421],[-107.6431,37.357],[-107.6483,37.3527],[-107.6483,37.3488],[-107.6515,37.3479],[-107.6509,37.3416],[-107.6731,37.3418],[-107.6736,37.3452],[-107.6838,37.3444],[-107.6839,37.3388],[-107.7022,37.3401],[-107.7025,37.3116],[-107.7436,37.3118],[-107.7438,37.2938],[-107.7393,37.2938],[-107.7396,37.2901],[-107.73,37.2901],[-107.7303,37.287],[-107.7324,37.287],[-107.7324,37.2848],[-107.7389,37.2842],[-107.7389,37.2794],[-107.7302,37.2801],[-107.7302,37.2759],[-107.7434,37.2759],[-107.7435,37.2685],[-107.7397,37.2685],[-107.7398,37.265],[-107.7353,37.2649],[-107.7357,37.2539],[-107.7221,37.2538],[-107.722,37.2464],[-107.7234,37.2465],[-107.7235,37.2439],[-107.7281,37.2439],[-107.7282,37.2405],[-107.7327,37.2405],[-107.7328,37.237],[-107.7237,37.2369],[-107.7237,37.2279],[-107.7223,37.2276],[-107.7224,37.2154],[-107.6969,37.2159]]]}},{"type":"Feature","properties":{"leaid":"0803510","name":"Kiowa County School District No. RE-1","kind":"Unified","gradeLow":"PK","gradeHigh":"12","state":"CO"},"geometry":{"type":"Polygon","coordinates":[[[-102.627,38.6133],[-102.4546,38.6148],[-102.4535,38.6079],[-102.4546,38.6049],[-102.4553,38.4694],[-102.437,38.4693],[-102.4367,38.4258],[-102.4185,38.4257],[-102.419,38.3831],[-102.4729,38.3821],[-102.471,38.2678],[-102.7614,38.2667],[-102.799,38.2678],[-102.8229,38.2665],[-103.5018,38.265],[-103.5017,38.3423],[-103.507,38.3423],[-103.5047,38.5237],[-103.2506,38.5237],[-103.1729,38.5253],[-103.1729,38.6125],[-103.0542,38.6151],[-102.627,38.6133]]]}},{"type":"Feature","properties":{"leaid":"0803540","name":"Eagle County School District RE 50","kind":"Unified","gradeLow":"PK","gradeHigh":"12","state":"CO"},"geometry":{"type":"Polygon","coordinates":[[[-106.637,40.0454],[-106.637,40.0021],[-106.6265,40.0019],[-106.6261,40.0],[-106.6266,39.9187],[-106.6291,39.8288],[-106.598,39.8304],[-106.5726,39.8289],[-106.4125,39.8293],[-106.4107,39.8204],[-106.4072,39.8128],[-106.4011,39.8056],[-106.4013,39.7999],[-106.3964,39.7958],[-106.3958,39.7927],[-106.3969,39.7901],[-106.3943,39.7906],[-106.389,39.7877],[-106.391,39.7769],[-106.3859,39.7696],[-106.3855,39.7672],[-106.3792,39.763],[-106.3742,39.7622],[-106.3705,39.7566],[-106.3637,39.7521],[-106.3591,39.7532],[-106.3544,39.7524],[-106.3507,39.7569],[-106.3435,39.759],[-106.3421,39.753],[-106.3354,39.7494],[-106.3314,39.7425],[-106.3308,39.7393],[-106.327,39.7366],[-106.3254,39.7332],[-106.3205,39.7317],[-106.3185,39.7287],[-106.312,39.7252],[-106.2983,39.7206],[-106.2952,39.7164],[-106.2942,39.7093],[-106.2909,39.7041],[-106.2774,39.6995],[-106.2721,39.7043],[-106.2641,39.7013],[-106.2628,39.6967],[-106.2659,39.6895],[-106.2612,39.6858],[-106.2613,39.6827],[-106.2597,39.6808],[-106.2523,39.679],[-106.2469,39.6807],[-106.2387,39.6803],[-106.2404,39.6681],[-106.2348,39.662],[-106.2278,39.6608],[-106.2225,39.663],[-106.22,39.6626],[-106.2184,39.6608],[-106.219,39.6563],[-106.2172,39.6546],[-106.2092,39.6543],[-106.2077,39.6553],[-106.1944,39.6511],[-106.1892,39.6533],[-106.1838,39.6522],[-106.1835,39.6486],[-106.1793,39.6425],[-106.1793,39.6385],[-106.1761,39.634],[-106.1775,39.6317],[-106.1759,39.6161],[-106.178,39.6118],[-106.1776,39.6091],[-106.1849,39.6023],[-106.2004,39.6064],[-106.2057,39.6039],[-106.209,39.5994],[-106.2112,39.5932],[-106.2109,39.5868],[-106.2138,39.5825],[-106.215,39.5752],[-106.2103,39.5717],[-106.2092,39.5626],[-106.2057,39.5582],[-106.1965,39.5573],[-106.1977,39.5508],[-106.2099,39.5469],[-106.2101,39.5425],[-106.2118,39.5397],[-106.2104,39.5349],[-106.2115,39.53],[-106.2173,39.532],[-106.2249,39.5314],[-106.2289,39.5384],[-106.2349,39.5435],[-106.2354,39.5483],[-106.2372,39.5485],[-106.2443,39.5438],[-106.2483,39.5443],[-106.2506,39.5385],[-106.2558,39.5322],[-106.2544,39.5274],[-106.2559,39.5208],[-106.2548,39.5186],[-106.2484,39.5157],[-106.2465,39.5121],[-106.2495,39.504],[-106.2537,39.5003],[-106.2569,39.4997],[-106.2596,39.495],[-106.2473,39.4913],[-106.2456,39.4897],[-106.2494,39.484],[-106.2503,39.4774],[-106.2515,39.4767],[-106.2504,39.4689],[-106.2516,39.465],[-106.2451,39.4615],[-106.2385,39.4552],[-106.2389,39.4514],[-106.236,39.446],[-106.2319,39.441],[-106.2284,39.4398],[-106.225,39.4366],[-106.2233,39.4338],[-106.2269,39.4286],[-106.2327,39.4262],[-106.2301,39.4223],[-106.2304,39.417],[-106.2282,39.4144],[-106.219,39.4123],[-106.217,39.4102],[-106.2179,39.4083],[-106.213,39.4057],[-106.2128,39.404],[-106.2012,39.3959],[-106.2031,39.3896],[-106.2104,39.3841],[-106.2105,39.3828],[-106.2067,39.3796],[-106.2256,39.3796],[-106.2269,39.3742],[-106.2339,39.3729],[-106.2395,39.3657],[-106.245,39.3641],[-106.2502,39.3607],[-106.251,39.3576],[-106.2591,39.362],[-106.2638,39.3588],[-106.271,39.3581],[-106.2838,39.3495],[-106.2857,39.3521],[-106.2923,39.3518],[-106.2953,39.3529],[-106.2963,39.3573],[-106.3026,39.3611],[-106.3116,39.3622],[-106.3212,39.3593],[-106.3329,39.3582],[-106.3393,39.3591],[-106.3517,39.3537],[-106.358,39.3551],[-106.3626,39.3572],[-106.3645,39.36],[-106.3708,39.3606],[-106.372,39.3637],[-106.3782,39.3694],[-106.3806,39.3762],[-106.3867,39.3767],[-106.3917,39.3794],[-106.4001,39.381],[-106.4051,39.3789],[-106.4082,39.3737],[-106.4148,39.3675],[-106.4173,39.3673],[-106.4216,39.3638],[-106.4265,39.3619],[-106.5779,39.3621],[-106.5785,39.4428],[-106.8539,39.4441],[-106.8531,39.4857],[-106.92,39.4837],[-107.0509,39.4848],[-107.0509,39.4877],[-107.0985,39.4877],[-107.0987,39.4961],[-107.1136,39.4955],[-107.1137,39.5664],[-107.1254,39.5664],[-107.1253,39.6213],[-107.1272,39.6187],[-107.1387,39.6153],[-107.1459,39.6107],[-107.1542,39.6086],[-107.1573,39.6041],[-107.1647,39.6018],[-107.1635,39.6189],[-107.2008,39.6194],[-107.2,39.6482],[-107.3663,39.6524],[-107.3934,39.6521],[-107.399,39.8281],[-107.4318,39.8284],[-107.4317,39.9177],[-107.3188,39.915],[-107.3193,40.0],[-107.3192,40.0038],[-107.3171,40.0038],[-107.317,40.0908],[-107.0374,40.0915],[-107.0374,40.0031],[-107.032,40.0029],[-107.0322,39.9397],[-107.034,39.9189],[-106.8241,39.9195],[-106.8233,40.0024],[-106.8092,40.0026],[-106.8088,40.0324],[-106.7898,40.0326],[-106.7897,40.0471],[-106.7795,40.0473],[-106.7794,40.0506],[-106.7752,40.0507],[-106.7751,40.0542],[-106.7699,40.0542],[-106.77,40.0507],[-106.7652,40.0507],[-106.7652,40.0462],[-106.637,40.0454]]]}},{"type":"Feature","properties":{"leaid":"0803600","name":"Weld County School District No. RE-2","kind":"Unified","gradeLow":"PK","gradeHigh":"12","state":"CO"},"geometry":{"type":"Polygon","coordinates":[[[-104.4669,40.7844],[-104.4661,40.7117],[-104.4864,40.7114],[-104.4868,40.6099],[-104.4321,40.61],[-104.4322,40.5666],[-104.4129,40.5666],[-104.4129,40.5373],[-104.3469,40.5374],[-104.3468,40.5229],[-104.3371,40.5231],[-104.3372,40.5157],[-104.527,40.5153],[-104.5268,40.5225],[-104.5458,40.5223],[-104.5456,40.5084],[-104.5646,40.5084],[-104.5646,40.4714],[-104.5731,40.4714],[-104.5732,40.4642],[-104.5837,40.4642],[-104.5837,40.4569],[-104.6208,40.4568],[-104.6208,40.4641],[-104.6296,40.4641],[-104.6303,40.4705],[-104.659,40.4705],[-104.6589,40.4644],[-104.6624,40.4646],[-104.6624,40.4576],[-104.6923,40.458],[-104.6921,40.4517],[-104.706,40.452],[-104.7063,40.4499],[-104.7163,40.45],[-104.7162,40.4521],[-104.7109,40.452],[-104.7109,40.4591],[-104.7161,40.4591],[-104.7163,40.4524],[-104.7177,40.4524],[-104.7253,40.453],[-104.7253,40.4591],[-104.7298,40.4591],[-104.7298,40.4557],[-104.7348,40.4557],[-104.7347,40.4516],[-104.7439,40.452],[-104.7447,40.4373],[-104.7734,40.4374],[-104.7734,40.4484],[-104.7923,40.4483],[-104.7924,40.4664],[-104.8016,40.4663],[-104.8016,40.4727],[-104.7924,40.4727],[-104.7924,40.4875],[-104.8016,40.4874],[-104.802,40.5096],[-104.8163,40.5093],[-104.8164,40.5156],[-104.8272,40.5156],[-104.8272,40.509],[-104.8321,40.5089],[-104.8323,40.5157],[-104.8417,40.5157],[-104.8419,40.5307],[-104.8322,40.5307],[-104.8323,40.5594],[-104.7926,40.5597],[-104.7926,40.5531],[-104.7734,40.5532],[-104.7741,40.5386],[-104.7542,40.5388],[-104.7543,40.5531],[-104.7213,40.5536],[-104.7245,40.5606],[-104.6966,40.5604],[-104.6965,40.5678],[-104.6867,40.5676],[-104.6869,40.5746],[-104.6951,40.5797],[-104.689,40.5823],[-104.6871,40.5853],[-104.6865,40.5925],[-104.6772,40.5924],[-104.6772,40.5964],[-104.6583,40.596],[-104.6583,40.6031],[-104.6199,40.6024],[-104.6197,40.6383],[-104.5828,40.6381],[-104.5807,40.6828],[-104.5816,40.7105],[-104.5621,40.7107],[-104.5622,40.7688],[-104.5242,40.769],[-104.524,40.7985],[-104.4855,40.7986],[-104.4855,40.7842],[-104.4669,40.7844]]]}},{"type":"Feature","properties":{"leaid":"0803630","name":"Edison School District 54-JT","kind":"Unified","gradeLow":"KG","gradeHigh":"12","state":"CO"},"geometry":{"type":"Polygon","coordinates":[[[-103.8003,38.654],[-103.7993,38.5218],[-103.9105,38.5233],[-104.1341,38.5218],[-104.1341,38.4644],[-104.1665,38.4643],[-104.1666,38.45],[-104.2752,38.4493],[-104.2751,38.6946],[-104.2936,38.6946],[-104.2934,38.7083],[-104.0525,38.7092],[-104.0519,38.6943],[-103.908,38.6945],[-103.9078,38.6536],[-103.8003,38.654]]]}},{"type":"Feature","properties":{"leaid":"0803690","name":"Elbert School District 200","kind":"Unified","gradeLow":"PK","gradeHigh":"12","state":"CO"},"geometry":{"type":"Polygon","coordinates":[[[-104.3476,39.2336],[-104.3476,39.2157],[-104.3291,39.2158],[-104.3291,39.2099],[-104.3386,39.2099],[-104.3389,39.2121],[-104.3435,39.2121],[-104.3433,39.194],[-104.3477,39.194],[-104.3476,39.1582],[-104.4507,39.1581],[-104.4509,39.1512],[-104.4416,39.1513],[-104.4416,39.1441],[-104.4596,39.1441],[-104.4597,39.1512],[-104.4775,39.1515],[-104.4775,39.1437],[-104.4829,39.1438],[-104.4829,39.1409],[-104.4877,39.1409],[-104.4877,39.1443],[-104.4974,39.1443],[-104.4972,39.1296],[-104.6625,39.1295],[-104.6629,39.2458],[-104.5906,39.2455],[-104.5908,39.2521],[-104.5708,39.2523],[-104.5707,39.2561],[-104.5533,39.2559],[-104.5533,39.2743],[-104.55,39.2744],[-104.5499,39.282],[-104.5435,39.2821],[-104.5436,39.2927],[-104.5341,39.2926],[-104.5342,39.289],[-104.5157,39.2891],[-104.5157,39.278],[-104.4971,39.2782],[-104.4971,39.2817],[-104.478,39.2817],[-104.4779,39.2594],[-104.4434,39.2596],[-104.4436,39.2661],[-104.4233,39.2671],[-104.4232,39.2662],[-104.4037,39.2663],[-104.4038,39.2415],[-104.3799,39.2411],[-104.3516,39.244],[-104.3516,39.2335],[-104.3476,39.2336]]]}},{"type":"Feature","properties":{"leaid":"0803720","name":"Elizabeth School District","kind":"Unified","gradeLow":"PK","gradeHigh":"12","state":"CO"},"geometry":{"type":"Polygon","coordinates":[[[-104.4574,39.564],[-104.458,39.4624],[-104.478,39.4627],[-104.4781,39.4551],[-104.4958,39.4551],[-104.4959,39.4393],[-104.4916,39.4392],[-104.4915,39.4371],[-104.496,39.4374],[-104.4961,39.4191],[-104.5145,39.4193],[-104.5145,39.4049],[-104.5232,39.4049],[-104.5234,39.3904],[-104.5148,39.3903],[-104.5151,39.3324],[-104.524,39.3324],[-104.5244,39.3252],[-104.5382,39.3251],[-104.5381,39.3321],[-104.5531,39.3322],[-104.5533,39.321],[-104.5354,39.321],[-104.5354,39.3136],[-104.5262,39.3136],[-104.5264,39.3084],[-104.5534,39.3083],[-104.5533,39.2559],[-104.5707,39.2561],[-104.5708,39.2523],[-104.5908,39.2521],[-104.5906,39.2455],[-104.6629,39.2458],[-104.6613,39.4802],[-104.65,39.4792],[-104.65,39.4827],[-104.643,39.4827],[-104.643,39.4921],[-104.5701,39.4919],[-104.5692,39.5653],[-104.4574,39.564]]]}},{"type":"Feature","properties":{"leaid":"0803750","name":"Ellicott School District 22","kind":"Unified","gradeLow":"PK","gradeHigh":"12","state":"CO"},"geometry":{"type":"Polygon","coordinates":[[[-104.3144,38.9112],[-104.315,38.8822],[-104.3059,38.8822],[-104.3059,38.8678],[-104.2961,38.8677],[-104.2959,38.8823],[-104.2776,38.8823],[-104.2777,38.8532],[-104.3137,38.8534],[-104.3137,38.7813],[-104.2768,38.7814],[-104.2735,38.7082],[-104.6089,38.7088],[-104.6087,38.8246],[-104.6739,38.824],[-104.6733,38.8096],[-104.6915,38.8099],[-104.6919,38.8174],[-104.6826,38.8174],[-104.6828,38.8484],[-104.6817,38.8501],[-104.6827,38.8533],[-104.6007,38.8525],[-104.5721,38.8535],[-104.54,38.8523],[-104.5353,38.8535],[-104.5081,38.8536],[-104.5082,38.8674],[-104.4985,38.8675],[-104.4982,38.889],[-104.4894,38.8891],[-104.4894,38.8965],[-104.4807,38.8964],[-104.4789,38.9396],[-104.3314,38.9399],[-104.3321,38.911],[-104.3144,38.9112]]]}},{"type":"Feature","properties":{"leaid":"0803780","name":"Englewood School District 1","kind":"Unified","gradeLow":"PK","gradeHigh":"12","state":"CO"},"geometry":{"type":"MultiPolygon","coordinates":[[[[-104.9962,39.6677],[-104.9735,39.6677],[-104.9735,39.6659],[-104.9688,39.6658],[-104.9676,39.6568],[-104.9688,39.6568],[-104.9696,39.6531],[-104.9712,39.6531],[-104.9712,39.6513],[-104.9736,39.6514],[-104.9758,39.6469],[-104.9783,39.6479],[-104.9786,39.6241],[-105.0101,39.6241],[-104.9988,39.6605],[-105.0044,39.6605],[-105.0049,39.6637],[-105.0036,39.6666],[-104.9962,39.6677]]],[[[-105.0157,39.6787],[-105.0087,39.6786],[-105.0086,39.6768],[-105.0064,39.6768],[-105.0063,39.6677],[-105.0081,39.6641],[-105.0158,39.6637],[-105.0157,39.6787]]]]}},{"type":"Feature","properties":{"leaid":"0803810","name":"Estes Park School District R-3","kind":"Unified","gradeLow":"PK","gradeHigh":"12","state":"CO"},"geometry":{"type":"Polygon","coordinates":[[[-105.4029,40.5342],[-105.4005,40.4222],[-105.3809,40.4223],[-105.3792,40.3786],[-105.3357,40.378],[-105.335,40.3717],[-105.3355,40.349],[-105.3906,40.3502],[-105.391,40.3172],[-105.3734,40.3218],[-105.3586,40.3203],[-105.3373,40.3214],[-105.337,40.2535],[-105.3361,40.2524],[-105.3373,40.2473],[-105.3765,40.2472],[-105.3911,40.2432],[-105.4289,40.2431],[-105.4289,40.2291],[-105.4464,40.2291],[-105.4463,40.1743],[-105.4626,40.1748],[-105.468,40.1732],[-105.4658,40.1692],[-105.4658,40.1658],[-105.5026,40.1659],[-105.5027,40.1568],[-105.6239,40.1572],[-105.6561,40.1559],[-105.6581,40.1573],[-105.6664,40.1573],[-105.6677,40.1583],[-105.6675,40.1612],[-105.6706,40.1627],[-105.6715,40.1662],[-105.6669,40.1699],[-105.6697,40.1743],[-105.6683,40.177],[-105.6718,40.18],[-105.6706,40.1854],[-105.6746,40.186],[-105.6776,40.1885],[-105.6776,40.1972],[-105.6764,40.1995],[-105.6776,40.2023],[-105.6738,40.2041],[-105.6706,40.2078],[-105.6711,40.2122],[-105.6702,40.2136],[-105.6713,40.2171],[-105.6703,40.2194],[-105.6632,40.22],[-105.669,40.2242],[-105.6674,40.231],[-105.6644,40.2332],[-105.6654,40.2373],[-105.6603,40.2448],[-105.66,40.2488],[-105.644,40.2499],[-105.6508,40.2537],[-105.6514,40.2581],[-105.6542,40.2613],[-105.6624,40.2641],[-105.6679,40.2677],[-105.6782,40.2681],[-105.6824,40.2728],[-105.6803,40.2747],[-105.6815,40.279],[-105.6793,40.2789],[-105.6806,40.2845],[-105.6865,40.2883],[-105.6854,40.2901],[-105.6812,40.2919],[-105.6874,40.2937],[-105.6882,40.2977],[-105.6858,40.3029],[-105.691,40.3049],[-105.6901,40.3086],[-105.6948,40.3093],[-105.6971,40.3109],[-105.7004,40.3105],[-105.7021,40.3121],[-105.7002,40.3164],[-105.6976,40.3183],[-105.6987,40.3208],[-105.702,40.3217],[-105.7017,40.3243],[-105.7131,40.3256],[-105.7214,40.332],[-105.7274,40.334],[-105.7291,40.3353],[-105.7288,40.3379],[-105.7299,40.3396],[-105.7354,40.343],[-105.7363,40.3466],[-105.7396,40.3471],[-105.7423,40.3493],[-105.7478,40.3475],[-105.7524,40.3491],[-105.7533,40.3514],[-105.7583,40.3524],[-105.7602,40.3562],[-105.763,40.3571],[-105.7644,40.3593],[-105.768,40.3601],[-105.7691,40.3645],[-105.7741,40.3652],[-105.7764,40.3695],[-105.7819,40.3738],[-105.7818,40.377],[-105.7872,40.3809],[-105.7912,40.3879],[-105.791,40.3986],[-105.8004,40.4072],[-105.802,40.4109],[-105.8083,40.415],[-105.8111,40.4194],[-105.8153,40.4215],[-105.8173,40.4243],[-105.8172,40.4265],[-105.8143,40.4295],[-105.816,40.4372],[-105.813,40.4392],[-105.8117,40.4429],[-105.8058,40.4473],[-105.8076,40.4523],[-105.8045,40.4642],[-105.811,40.4709],[-105.8071,40.4724],[-105.8073,40.4745],[-105.8111,40.4758],[-105.8201,40.476],[-105.8346,40.4799],[-105.8378,40.483],[-105.847,40.4828],[-105.8473,40.4839],[-105.8549,40.4863],[-105.8561,40.4904],[-105.8552,40.4944],[-105.8518,40.4985],[-105.8523,40.5066],[-105.8571,40.5079],[-105.8619,40.5144],[-105.8664,40.5173],[-105.8691,40.5207],[-105.8801,40.5233],[-105.8946,40.5202],[-105.9045,40.5141],[-105.9079,40.5155],[-105.9113,40.5214],[-105.9064,40.5293],[-105.9051,40.5354],[-105.7791,40.5363],[-105.5181,40.5328],[-105.4602,40.5347],[-105.432,40.5335],[-105.4029,40.5342]]]}},{"type":"Feature","properties":{"leaid":"0803840","name":"Park County School District RE-2","kind":"Unified","gradeLow":"PK","gradeHigh":"12","state":"CO"},"geometry":{"type":"Polygon","coordinates":[[[-105.3981,39.3158],[-105.3967,39.2649],[-105.3979,39.25],[-105.3979,39.1296],[-105.3304,39.1297],[-105.329,38.6972],[-105.4484,38.6976],[-105.5315,38.6959],[-105.8509,38.6939],[-105.8889,38.6952],[-105.8984,38.6938],[-105.9698,38.6936],[-105.969,38.6972],[-105.9654,38.699],[-105.9618,38.7061],[-105.953,38.7137],[-105.9462,38.7167],[-105.9476,38.7202],[-105.9435,38.7231],[-105.9461,38.7274],[-105.9435,38.7308],[-105.943,38.7345],[-105.9479,38.7417],[-105.9479,38.7438],[-105.9413,38.7456],[-105.9414,38.7487],[-105.938,38.756],[-105.9392,38.7641],[-105.9445,38.7681],[-105.9414,38.7692],[-105.9396,38.772],[-105.9342,38.7718],[-105.9293,38.7745],[-105.9306,38.7785],[-105.9296,38.7814],[-105.925,38.7831],[-105.9267,38.7855],[-105.9237,38.7862],[-105.9208,38.7895],[-105.9149,38.7906],[-105.9106,38.8016],[-105.9115,38.8026],[-105.9107,38.8045],[-105.9066,38.8069],[-105.9104,38.8101],[-105.9109,38.8128],[-105.914,38.8161],[-105.9176,38.8179],[-105.9322,38.8327],[-105.9418,38.8404],[-105.9391,38.846],[-105.9432,38.8523],[-105.9387,38.8574],[-105.9336,38.8603],[-105.9318,38.866],[-105.9286,38.8659],[-105.9282,38.8701],[-105.9251,38.8722],[-105.9268,38.8742],[-105.9312,38.8747],[-105.933,38.8782],[-105.9412,38.8856],[-105.9491,38.8831],[-105.965,38.886],[-105.9743,38.8825],[-105.9792,38.8889],[-105.9794,38.8945],[-105.9749,38.8962],[-105.9724,38.8993],[-105.9687,38.9007],[-105.9679,38.9044],[-105.9658,38.9059],[-105.9695,38.9086],[-105.9766,38.9106],[-105.9765,38.9144],[-105.9799,38.9142],[-105.9857,38.918],[-105.9944,38.9149],[-105.9982,38.9152],[-105.9997,38.9189],[-106.015,38.9327],[-106.0205,38.9346],[-106.0281,38.9428],[-106.0368,38.9406],[-106.0517,38.9435],[-106.0583,38.9418],[-106.0584,38.9392],[-106.0635,38.9357],[-106.0659,38.9319],[-106.0678,38.9329],[-106.0705,38.9321],[-106.074,38.9348],[-106.0786,38.9353],[-106.0848,38.9394],[-106.0907,38.9365],[-106.0935,38.938],[-106.0949,38.9368],[-106.0965,38.9382],[-106.1058,38.9404],[-106.111,38.9401],[-106.1127,38.9414],[-106.112,38.9509],[-106.1137,38.9556],[-106.1111,38.9577],[-106.1122,38.9602],[-106.1077,38.9641],[-106.1044,38.9734],[-106.1097,38.9822],[-106.109,38.9874],[-106.1168,38.9881],[-106.1326,38.9955],[-106.1413,38.995],[-106.1454,38.9979],[-106.1529,38.9966],[-106.1578,38.9943],[-106.1609,38.9948],[-106.1691,38.9913],[-106.1701,38.9946],[-106.1759,38.9996],[-106.1788,39.0108],[-106.1849,39.0126],[-106.1861,39.0156],[-106.1883,39.0154],[-106.193,39.0177],[-106.1931,39.0197],[-106.1895,39.0213],[-106.1921,39.0293],[-106.1887,39.0332],[-106.1863,39.0336],[-106.1825,39.0386],[-106.1854,39.044],[-106.1848,39.0508],[-106.191,39.0561],[-106.1917,39.0592],[-106.1905,39.064],[-106.1916,39.068],[-106.1865,39.0716],[-106.1861,39.075],[-106.1803,39.0772],[-106.1757,39.0829],[-106.1728,39.084],[-106.1693,39.0878],[-106.172,39.096],[-106.1786,39.1033],[-106.1879,39.1037],[-106.1904,39.1028],[-106.1958,39.1045],[-106.1999,39.1044],[-106.2034,39.1027],[-106.2102,39.1039],[-106.2074,39.1095],[-106.2034,39.112],[-106.2035,39.1141],[-106.1911,39.1211],[-106.1887,39.121],[-106.1858,39.1292],[-106.1823,39.1303],[-106.1729,39.1388],[-106.1748,39.1414],[-106.1735,39.1448],[-106.1748,39.148],[-106.1753,39.1563],[-106.1794,39.165],[-106.1782,39.1675],[-106.1784,39.1746],[-106.1828,39.1804],[-106.1855,39.1866],[-106.1793,39.1935],[-106.1803,39.2025],[-106.1847,39.2093],[-106.1821,39.2099],[-106.1784,39.213],[-106.1772,39.2181],[-106.1782,39.2191],[-106.1702,39.223],[-106.1699,39.2281],[-106.1683,39.2307],[-106.1695,39.2338],[-106.1729,39.2368],[-106.1828,39.2396],[-106.1851,39.2427],[-106.1808,39.2479],[-106.1816,39.257],[-106.1804,39.2599],[-106.1815,39.2654],[-106.1857,39.2733],[-106.1867,39.2791],[-106.1849,39.2834],[-106.1855,39.2858],[-106.1819,39.29],[-106.1826,39.2931],[-106.1809,39.2988],[-106.1831,39.3011],[-106.1837,39.3103],[-106.1764,39.3121],[-106.1742,39.3183],[-106.1695,39.3222],[-106.1512,39.3207],[-106.15,39.3254],[-106.1472,39.3276],[-106.1399,39.3396],[-106.147,39.3493],[-106.1484,39.3586],[-106.1529,39.3628],[-106.1488,39.3684],[-106.1444,39.3681],[-106.1387,39.372],[-106.1378,39.3768],[-106.1355,39.3795],[-106.1274,39.3789],[-106.1203,39.3766],[-106.0968,39.3779],[-106.0856,39.3697],[-106.0812,39.3692],[-106.0802,39.3704],[-106.0742,39.3686],[-106.0685,39.3644],[-106.0561,39.3584],[-106.0439,39.3574],[-106.0347,39.3584],[-106.0267,39.3613],[-106.022,39.3617],[-106.0176,39.3655],[-106.0168,39.375],[-106.0184,39.3814],[-106.0139,39.3869],[-106.0084,39.3874],[-106.0033,39.3918],[-105.9966,39.3944],[-105.9929,39.4019],[-105.985,39.4017],[-105.9819,39.406],[-105.9769,39.4086],[-105.9519,39.4143],[-105.9553,39.422],[-105.9548,39.4262],[-105.9566,39.428],[-105.9607,39.429],[-105.965,39.4334],[-105.9668,39.438],[-105.9627,39.44],[-105.9554,39.4383],[-105.9442,39.4409],[-105.9437,39.4462],[-105.9419,39.4482],[-105.9422,39.4528],[-105.9387,39.4585],[-105.9347,39.4579],[-105.9267,39.4594],[-105.9148,39.4584],[-105.9116,39.4567],[-105.9086,39.4593],[-105.906,39.4597],[-105.9022,39.4637],[-105.9015,39.47],[-105.8989,39.4723],[-105.8509,39.4724],[-105.851,39.4462],[-105.789,39.446],[-105.7888,39.432],[-105.7709,39.4318],[-105.7713,39.4172],[-105.7531,39.4171],[-105.7532,39.4015],[-105.7004,39.4014],[-105.7003,39.4162],[-105.6496,39.4196],[-105.6499,39.3827],[-105.6057,39.3826],[-105.6058,39.3589],[-105.5677,39.3589],[-105.5678,39.3493],[-105.5313,39.3491],[-105.5312,39.3298],[-105.4943,39.3298],[-105.4944,39.316],[-105.3981,39.3158]]]}},{"type":"Feature","properties":{"leaid":"0803870","name":"School District 49","kind":"Unified","gradeLow":"PK","gradeHigh":"12","state":"CO"},"geometry":{"type":"Polygon","coordinates":[[[-104.5893,39.1294],[-104.5891,39.1002],[-104.5522,39.1004],[-104.5522,39.0862],[-104.561,39.0861],[-104.561,39.0712],[-104.571,39.0711],[-104.5713,39.0425],[-104.589,39.0425],[-104.5886,39.0309],[-104.5756,39.0309],[-104.5758,39.0275],[-104.5714,39.0275],[-104.5714,39.0237],[-104.5663,39.0235],[-104.5655,39.0166],[-104.5615,39.0059],[-104.5628,38.9969],[-104.5692,38.986],[-104.5691,38.9805],[-104.5536,38.9805],[-104.5526,38.9657],[-104.5516,38.9651],[-104.5527,38.9475],[-104.5064,38.9475],[-104.5063,38.9545],[-104.4787,38.9542],[-104.4807,38.8964],[-104.4894,38.8965],[-104.4894,38.8891],[-104.4982,38.889],[-104.4985,38.8675],[-104.5082,38.8674],[-104.5081,38.8536],[-104.5353,38.8535],[-104.54,38.8523],[-104.5721,38.8535],[-104.6007,38.8525],[-104.7203,38.8534],[-104.7197,38.9403],[-104.7011,38.9411],[-104.7007,38.9549],[-104.6639,38.9549],[-104.6634,38.9984],[-104.6445,38.9986],[-104.6448,39.0131],[-104.6259,39.0134],[-104.626,39.0423],[-104.6075,39.0428],[-104.6073,39.0634],[-104.6454,39.0635],[-104.6443,39.0782],[-104.6458,39.1037],[-104.6451,39.1295],[-104.5893,39.1294]]]}},{"type":"Feature","properties":{"leaid":"0803930","name":"Frenchman School District RE-3","kind":"Unified","gradeLow":"PK","gradeHigh":"12","state":"CO"},"geometry":{"type":"Polygon","coordinates":[[[-102.7295,40.8072],[-102.7287,40.748],[-102.7094,40.7488],[-102.709,40.7196],[-102.7284,40.7192],[-102.7283,40.7157],[-102.7186,40.7155],[-102.7185,40.7122],[-102.7089,40.7123],[-102.7088,40.7048],[-102.6992,40.7049],[-102.6989,40.7196],[-102.6896,40.7197],[-102.6895,40.705],[-102.6647,40.7052],[-102.6656,40.6132],[-102.6846,40.6131],[-102.6846,40.606],[-102.6941,40.606],[-102.6941,40.613],[-102.7789,40.6126],[-102.7794,40.5255],[-102.7985,40.5252],[-102.7985,40.5179],[-102.7795,40.518],[-102.7798,40.4751],[-102.77,40.4751],[-102.77,40.4636],[-102.78,40.4637],[-102.78,40.4384],[-102.9422,40.4379],[-102.9432,40.5259],[-102.9805,40.5259],[-102.9809,40.6128],[-103.106,40.6123],[-103.106,40.6852],[-103.0681,40.6852],[-103.0681,40.7027],[-102.9597,40.7025],[-102.9597,40.7319],[-102.9216,40.7322],[-102.9214,40.7472],[-102.8833,40.7474],[-102.8833,40.8058],[-102.7295,40.8072]]]}},{"type":"Feature","properties":{"leaid":"0803960","name":"Fremont RE-2","kind":"Unified","gradeLow":"KG","gradeHigh":"12","state":"CO"},"geometry":{"type":"Polygon","coordinates":[[[-104.7734,38.606],[-104.7757,38.6004],[-104.7758,38.5199],[-104.9415,38.5196],[-104.9404,38.2583],[-105.0492,38.258],[-105.0483,38.1278],[-105.0507,38.1138],[-105.0504,38.0958],[-105.0877,38.0969],[-105.1165,38.0961],[-105.1194,38.0976],[-105.1352,38.0982],[-105.1354,38.1149],[-105.1396,38.115],[-105.1395,38.1184],[-105.1503,38.1184],[-105.1503,38.1221],[-105.1554,38.1221],[-105.1509,38.2578],[-105.2163,38.2586],[-105.2174,38.3589],[-105.2118,38.3581],[-105.1995,38.3593],[-105.1997,38.4036],[-105.1815,38.4034],[-105.1813,38.4178],[-105.178,38.4178],[-105.1787,38.4221],[-105.1719,38.42],[-105.1677,38.4155],[-105.1623,38.4147],[-105.1619,38.4323],[-105.1436,38.4331],[-105.1435,38.4461],[-105.0703,38.4467],[-105.0716,38.5055],[-105.053,38.5055],[-105.053,38.5157],[-105.0352,38.5158],[-105.0173,38.5205],[-104.999,38.5205],[-105.0015,38.5898],[-105.0002,38.6098],[-104.9424,38.6086],[-104.9422,38.6499],[-104.8298,38.6498],[-104.83,38.6061],[-104.7734,38.606]]]}},{"type":"Feature","properties":{"leaid":"0803990","name":"Poudre School District R-1","kind":"Unified","gradeLow":"PK","gradeHigh":"12","state":"CO"},"geometry":{"type":"Polygon","coordinates":[[[-104.9434,40.9982],[-104.9442,40.457],[-105.0294,40.4578],[-105.0303,40.4725],[-105.0395,40.4726],[-105.0393,40.4948],[-105.1353,40.4946],[-105.1353,40.4703],[-105.1487,40.4696],[-105.1509,40.4729],[-105.1823,40.4731],[-105.1829,40.5115],[-105.1819,40.5596],[-105.2102,40.56],[-105.2103,40.574],[-105.2288,40.5741],[-105.2291,40.5953],[-105.3059,40.5944],[-105.3061,40.5624],[-105.3086,40.5594],[-105.3065,40.558],[-105.3064,40.5505],[-105.3587,40.5509],[-105.4029,40.5489],[-105.4029,40.5342],[-105.432,40.5335],[-105.4602,40.5347],[-105.5181,40.5328],[-105.7791,40.5363],[-105.9051,40.5354],[-105.907,40.5429],[-105.9096,40.545],[-105.9095,40.5479],[-105.9118,40.5527],[-105.9099,40.5588],[-105.9109,40.5664],[-105.9147,40.5706],[-105.9184,40.5707],[-105.9223,40.5742],[-105.928,40.593],[-105.9281,40.6001],[-105.9299,40.6058],[-105.9421,40.6091],[-105.947,40.6167],[-105.945,40.6219],[-105.9493,40.6273],[-105.9485,40.6423],[-105.9511,40.6435],[-105.9511,40.6459],[-105.9544,40.6474],[-105.9567,40.655],[-105.9558,40.6589],[-105.9586,40.663],[-105.965,40.6682],[-105.9667,40.6757],[-105.9714,40.6808],[-105.9718,40.6828],[-105.9699,40.6854],[-105.974,40.6901],[-105.9726,40.6956],[-105.9771,40.7026],[-105.9887,40.7096],[-105.9901,40.7183],[-105.9881,40.7214],[-105.9909,40.7248],[-105.9906,40.7272],[-105.9948,40.7321],[-106.0006,40.7343],[-106.0105,40.7408],[-106.0104,40.7424],[-106.0122,40.7434],[-106.0154,40.7503],[-106.0153,40.7528],[-106.0223,40.7547],[-106.0207,40.7584],[-106.0239,40.7613],[-106.0235,40.7643],[-106.0266,40.768],[-106.0245,40.7713],[-106.0292,40.7734],[-106.0289,40.7775],[-106.031,40.7779],[-106.0297,40.7816],[-106.0346,40.7853],[-106.0397,40.7858],[-106.0454,40.7919],[-106.0461,40.7955],[-106.0449,40.7977],[-106.0467,40.803],[-106.0487,40.8051],[-106.0524,40.8059],[-106.0515,40.8091],[-106.0546,40.8133],[-106.0578,40.8144],[-106.0577,40.8171],[-106.0648,40.8216],[-106.0713,40.8223],[-106.0796,40.8302],[-106.0879,40.8334],[-106.0883,40.8358],[-106.0925,40.8407],[-106.0997,40.8421],[-106.1013,40.8436],[-106.0985,40.8497],[-106.1024,40.8523],[-106.1081,40.8522],[-106.1056,40.8554],[-106.1047,40.8603],[-106.1078,40.8614],[-106.1084,40.8633],[-106.1165,40.8664],[-106.119,40.8658],[-106.1208,40.8676],[-106.1232,40.8675],[-106.1269,40.8696],[-106.1277,40.8718],[-106.1307,40.8739],[-106.1324,40.8766],[-106.13,40.8782],[-106.1276,40.8849],[-106.1314,40.8929],[-106.1313,40.8966],[-106.1367,40.8996],[-106.1369,40.902],[-106.1441,40.9049],[-106.1479,40.9046],[-106.1546,40.9094],[-106.1586,40.9106],[-106.1592,40.9147],[-106.1682,40.9184],[-106.1695,40.92],[-106.1694,40.9235],[-106.1734,40.9248],[-106.1772,40.9295],[-106.1853,40.934],[-106.1876,40.9377],[-106.1872,40.9408],[-106.1893,40.9459],[-106.1844,40.9546],[-106.1874,40.9587],[-106.1853,40.961],[-106.1848,40.9638],[-106.1877,40.9649],[-106.1867,40.9702],[-106.1902,40.9745],[-106.19,40.9786],[-106.1923,40.9826],[-106.1906,40.9839],[-106.1911,40.986],[-106.1949,40.9869],[-106.1954,40.9882],[-106.1949,40.9911],[-106.1906,40.9976],[-105.7294,40.9968],[-104.9434,40.9982]]]}},{"type":"Feature","properties":{"leaid":"0804020","name":"Weld County School District RE-8","kind":"Unified","gradeLow":"PK","gradeHigh":"12","state":"CO"},"geometry":{"type":"Polygon","coordinates":[[[-104.7537,40.0222],[-104.8673,40.0218],[-104.8671,40.0004],[-104.9708,40.0003],[-104.9707,40.0585],[-104.9051,40.0583],[-104.9046,40.1456],[-104.886,40.1455],[-104.8859,40.1529],[-104.8768,40.1528],[-104.8767,40.1599],[-104.8676,40.1598],[-104.8677,40.1528],[-104.8585,40.1527],[-104.8583,40.1598],[-104.8484,40.1597],[-104.8485,40.1669],[-104.8391,40.167],[-104.8391,40.1739],[-104.7539,40.1745],[-104.7541,40.1165],[-104.7348,40.1165],[-104.7348,40.1022],[-104.7159,40.1022],[-104.716,40.0586],[-104.7539,40.0586],[-104.7537,40.0222]]]}},{"type":"Feature","properties":{"leaid":"0804050","name":"Fort Morgan School District RE-3","kind":"Unified","gradeLow":"PK","gradeHigh":"12","state":"CO"},"geometry":{"type":"Polygon","coordinates":[[[-103.6391,40.5227],[-103.6389,40.5079],[-103.658,40.5077],[-103.6578,40.4994],[-103.6568,40.4496],[-103.638,40.4499],[-103.6375,40.4354],[-103.6945,40.4348],[-103.6916,40.349],[-103.6775,40.349],[-103.6777,40.3195],[-103.6595,40.3196],[-103.6596,40.3059],[-103.6785,40.306],[-103.6784,40.2949],[-103.6798,40.2945],[-103.6825,40.2946],[-103.6823,40.2975],[-103.6967,40.2973],[-103.6981,40.1023],[-103.6795,40.1023],[-103.6793,40.0879],[-103.6983,40.0877],[-103.6985,40.0728],[-103.7029,40.059],[-103.6981,40.0588],[-103.698,40.0013],[-103.9809,40.0011],[-103.9809,40.0592],[-103.9902,40.0594],[-103.9898,40.1172],[-103.9807,40.1173],[-103.9816,40.1677],[-103.9798,40.2765],[-103.924,40.2759],[-103.9228,40.3221],[-103.918,40.3195],[-103.9151,40.3144],[-103.9073,40.3132],[-103.904,40.3113],[-103.9034,40.3494],[-103.9174,40.3494],[-103.9179,40.5239],[-103.8034,40.5242],[-103.6959,40.522],[-103.6391,40.5227]]]}},{"type":"Feature","properties":{"leaid":"0804080","name":"Fountain School District 8","kind":"Unified","gradeLow":"PK","gradeHigh":"12","state":"CO"},"geometry":{"type":"Polygon","coordinates":[[[-104.7755,38.7372],[-104.7756,38.7114],[-104.6586,38.7111],[-104.6574,38.7121],[-104.6274,38.7121],[-104.6089,38.7115],[-104.6089,38.7088],[-104.5519,38.7085],[-104.5524,38.607],[-104.83,38.6061],[-104.8298,38.6498],[-104.9422,38.6499],[-104.9422,38.6963],[-104.9028,38.6961],[-104.9027,38.7386],[-104.8337,38.7378],[-104.833,38.7415],[-104.8272,38.7447],[-104.8253,38.7479],[-104.82,38.7482],[-104.8197,38.7503],[-104.8172,38.7495],[-104.8163,38.7468],[-104.8127,38.7466],[-104.8113,38.754],[-104.8124,38.7666],[-104.7976,38.7666],[-104.7941,38.7665],[-104.7943,38.7375],[-104.7755,38.7372]]]}},{"type":"Feature","properties":{"leaid":"0804110","name":"Fowler School District R-4J","kind":"Unified","gradeLow":"KG","gradeHigh":"12","state":"CO"},"geometry":{"type":"Polygon","coordinates":[[[-103.9401,38.1258],[-103.9401,38.1051],[-103.9493,38.1049],[-103.9503,37.8228],[-104.0619,37.8227],[-104.0611,37.7347],[-104.3842,37.8268],[-104.3844,37.9362],[-104.2267,37.9381],[-104.2267,37.993],[-104.2255,38.0048],[-104.2233,38.1259],[-104.2037,38.1259],[-104.2039,38.1396],[-104.2001,38.1551],[-104.2041,38.1591],[-104.2029,38.1883],[-104.1834,38.178],[-104.1701,38.1737],[-104.1693,38.1839],[-104.1605,38.1824],[-104.1573,38.1858],[-104.1556,38.191],[-104.1534,38.1915],[-104.1498,38.1883],[-104.1518,38.1839],[-104.1511,38.1819],[-104.1432,38.183],[-104.1427,38.1807],[-104.1447,38.1775],[-104.1429,38.177],[-104.1392,38.179],[-104.1382,38.2143],[-104.1324,38.2143],[-104.1328,38.2607],[-104.129,38.2607],[-104.1296,38.4427],[-104.119,38.4425],[-104.1191,38.4499],[-104.1666,38.45],[-104.1665,38.4634],[-104.1665,38.4643],[-104.1341,38.4644],[-104.1341,38.5218],[-103.999,38.5227],[-104.001,38.3512],[-103.9993,38.2622],[-104.004,38.2622],[-104.0028,38.1687],[-104.0071,38.1687],[-104.0073,38.1453],[-104.0026,38.1428],[-103.9983,38.1463],[-103.9932,38.1464],[-103.9842,38.1409],[-103.975,38.1403],[-103.9741,38.1386],[-103.977,38.1343],[-103.9744,38.1321],[-103.9525,38.1305],[-103.9401,38.1258]]]}},{"type":"Feature","properties":{"leaid":"0804140","name":"Sierra Grande School District R-30","kind":"Unified","gradeLow":"PK","gradeHigh":"12","state":"CO"},"geometry":{"type":"Polygon","coordinates":[[[-105.2067,37.5898],[-105.2119,37.5861],[-105.2172,37.5849],[-105.2183,37.5824],[-105.2143,37.5797],[-105.2139,37.5779],[-105.2053,37.5743],[-105.2016,37.574],[-105.1983,37.5718],[-105.1935,37.5669],[-105.1948,37.5647],[-105.184,37.5558],[-105.1839,37.5526],[-105.1803,37.5499],[-105.1784,37.5463],[-105.1827,37.5468],[-105.1821,37.5426],[-105.1837,37.5396],[-105.1777,37.5341],[-105.1767,37.5269],[-105.1736,37.523],[-105.1743,37.5199],[-105.1716,37.5181],[-105.1725,37.5156],[-105.1713,37.5132],[-105.1741,37.5093],[-105.1734,37.5058],[-105.1743,37.5025],[-105.1726,37.4988],[-105.1777,37.4914],[-105.1745,37.4861],[-105.1822,37.4792],[-105.1767,37.4756],[-105.1735,37.4611],[-105.1755,37.4565],[-105.1714,37.4554],[-105.1688,37.4562],[-105.1639,37.4545],[-105.1586,37.4573],[-105.1557,37.4565],[-105.1522,37.4516],[-105.1496,37.4432],[-105.1468,37.4411],[-105.1465,37.436],[-105.144,37.4317],[-105.1451,37.429],[-105.141,37.4286],[-105.1415,37.4237],[-105.1394,37.4156],[-105.136,37.4125],[-105.1306,37.4117],[-105.1297,37.4093],[-105.1327,37.4036],[-105.1386,37.4007],[-105.1562,37.3992],[-105.1626,37.3903],[-105.167,37.3879],[-105.1653,37.3812],[-105.169,37.375],[-105.1657,37.3694],[-105.1689,37.3615],[-105.167,37.3581],[-105.168,37.3547],[-105.166,37.3525],[-105.1663,37.349],[-105.1641,37.343],[-105.1679,37.337],[-105.1631,37.3289],[-105.1669,37.3227],[-105.1654,37.3168],[-105.1669,37.3138],[-105.1634,37.3004],[-105.1652,37.2931],[-105.7223,37.2943],[-105.7265,37.2964],[-105.7292,37.3049],[-105.7346,37.3027],[-105.7383,37.3065],[-105.7362,37.3087],[-105.738,37.3112],[-105.7372,37.3136],[-105.7408,37.3143],[-105.7426,37.3164],[-105.7385,37.3186],[-105.7383,37.32],[-105.7458,37.3239],[-105.7476,37.327],[-105.7468,37.3311],[-105.7508,37.3339],[-105.7494,37.339],[-105.7533,37.3441],[-105.7473,37.3489],[-105.7497,37.3491],[-105.7501,37.3512],[-105.5006,37.5601],[-105.4963,37.5639],[-105.4973,37.5669],[-105.4961,37.5701],[-105.4907,37.5755],[-105.4855,37.5779],[-105.4699,37.5819],[-105.4673,37.5844],[-105.4645,37.5846],[-105.4545,37.5905],[-105.4552,37.5939],[-105.4513,37.5985],[-105.4478,37.6003],[-105.4482,37.6024],[-105.4459,37.6043],[-105.4423,37.6119],[-105.4376,37.6135],[-105.4285,37.6139],[-105.4235,37.6168],[-105.417,37.6174],[-105.4149,37.6159],[-105.4084,37.618],[-105.4003,37.6134],[-105.3962,37.6168],[-105.3914,37.6184],[-105.3866,37.6264],[-105.3808,37.628],[-105.3769,37.6345],[-105.3738,37.6358],[-105.3703,37.6394],[-105.364,37.6385],[-105.3605,37.6364],[-105.3548,37.6361],[-105.352,37.6382],[-105.3486,37.6378],[-105.3454,37.642],[-105.3295,37.643],[-105.3183,37.6488],[-105.3153,37.6483],[-105.3098,37.6505],[-105.3085,37.6538],[-105.3018,37.6536],[-105.2969,37.6583],[-105.2954,37.6568],[-105.2952,37.6535],[-105.2897,37.6504],[-105.287,37.651],[-105.2849,37.6459],[-105.2787,37.6464],[-105.276,37.6452],[-105.2727,37.6408],[-105.2674,37.6402],[-105.2669,37.6384],[-105.2553,37.6403],[-105.2537,37.6371],[-105.2545,37.6333],[-105.2533,37.6312],[-105.2506,37.6298],[-105.2434,37.6292],[-105.2416,37.6237],[-105.236,37.6208],[-105.2212,37.6212],[-105.2195,37.6242],[-105.2145,37.6264],[-105.2112,37.623],[-105.2015,37.6192],[-105.1875,37.6197],[-105.1844,37.616],[-105.1897,37.6144],[-105.1956,37.6089],[-105.1948,37.6074],[-105.1963,37.6027],[-105.1941,37.601],[-105.1932,37.5922],[-105.2023,37.5948],[-105.2038,37.5944],[-105.2067,37.5898]]]}},{"type":"Feature","properties":{"leaid":"0804200","name":"Weld County School District RE-1","kind":"Unified","gradeLow":"PK","gradeHigh":"12","state":"CO"},"geometry":{"type":"Polygon","coordinates":[[[-104.6104,40.3562],[-104.6102,40.3341],[-104.602,40.3339],[-104.6025,40.247],[-104.6207,40.2472],[-104.6208,40.2326],[-104.6027,40.2327],[-104.6027,40.2034],[-104.6211,40.2035],[-104.6215,40.1744],[-104.6402,40.1742],[-104.6407,40.161],[-104.6783,40.1605],[-104.6782,40.1745],[-104.8391,40.1739],[-104.8391,40.167],[-104.8485,40.1669],[-104.8484,40.1597],[-104.8583,40.1598],[-104.8585,40.1527],[-104.8677,40.1528],[-104.8676,40.1598],[-104.8767,40.1599],[-104.8768,40.1528],[-104.8859,40.1529],[-104.886,40.1455],[-104.9241,40.1456],[-104.9231,40.2042],[-104.9047,40.2041],[-104.9047,40.2253],[-104.9143,40.2253],[-104.9143,40.2331],[-104.9232,40.2332],[-104.9233,40.24],[-104.9048,40.2401],[-104.9049,40.2476],[-104.8957,40.2475],[-104.8954,40.2547],[-104.8859,40.2553],[-104.886,40.2651],[-104.8808,40.2651],[-104.8808,40.2686],[-104.873,40.2687],[-104.8735,40.272],[-104.8664,40.2759],[-104.8652,40.28],[-104.8576,40.2843],[-104.8484,40.2851],[-104.842,40.2926],[-104.8349,40.2935],[-104.8206,40.3082],[-104.8159,40.3101],[-104.8158,40.3124],[-104.8186,40.3175],[-104.818,40.3189],[-104.8088,40.3201],[-104.8058,40.322],[-104.7999,40.3304],[-104.794,40.3317],[-104.7861,40.3306],[-104.7812,40.3422],[-104.7738,40.3432],[-104.7681,40.3415],[-104.7637,40.3424],[-104.7625,40.351],[-104.7596,40.3543],[-104.7371,40.3596],[-104.7323,40.3569],[-104.727,40.3593],[-104.7241,40.3591],[-104.7226,40.3556],[-104.7189,40.3546],[-104.6998,40.3644],[-104.6884,40.3651],[-104.6776,40.3733],[-104.6776,40.37],[-104.6679,40.3702],[-104.6678,40.3561],[-104.6104,40.3562]]]}},{"type":"Feature","properties":{"leaid":"0804230","name":"Gilpin County School District RE-1","kind":"Unified","gradeLow":"PK","gradeHigh":"12","state":"CO"},"geometry":{"type":"Polygon","coordinates":[[[-105.3975,39.8543],[-105.3979,39.746],[-105.4066,39.7515],[-105.4154,39.7495],[-105.4214,39.7459],[-105.4233,39.7504],[-105.4226,39.7552],[-105.4413,39.7557],[-105.4503,39.753],[-105.4547,39.7559],[-105.4705,39.7568],[-105.4788,39.7591],[-105.4842,39.7594],[-105.493,39.757],[-105.4971,39.7579],[-105.4966,39.7611],[-105.494,39.7629],[-105.4949,39.7641],[-105.5076,39.7631],[-105.5115,39.766],[-105.5177,39.7649],[-105.5262,39.7688],[-105.5401,39.7726],[-105.5439,39.775],[-105.5444,39.7778],[-105.548,39.7808],[-105.5476,39.7859],[-105.5455,39.7869],[-105.5467,39.788],[-105.5541,39.7919],[-105.5557,39.7944],[-105.5605,39.7951],[-105.5642,39.7997],[-105.5703,39.8005],[-105.5726,39.8031],[-105.5785,39.8054],[-105.5784,39.8124],[-105.5798,39.8128],[-105.5758,39.8151],[-105.5744,39.8189],[-105.5779,39.8225],[-105.5847,39.8218],[-105.5956,39.8161],[-105.5979,39.8184],[-105.6026,39.8181],[-105.6031,39.8205],[-105.6058,39.8226],[-105.6119,39.8246],[-105.6136,39.823],[-105.6215,39.8295],[-105.6289,39.8327],[-105.6285,39.8344],[-105.6313,39.8373],[-105.6309,39.8393],[-105.6333,39.8437],[-105.6497,39.8465],[-105.6519,39.8483],[-105.6598,39.8504],[-105.6678,39.8475],[-105.6762,39.8492],[-105.6779,39.8473],[-105.6811,39.8473],[-105.6867,39.8496],[-105.6911,39.8526],[-105.6961,39.8615],[-105.6978,39.868],[-105.6969,39.8717],[-105.6992,39.8741],[-105.7008,39.8789],[-105.5377,39.882],[-105.5377,39.8535],[-105.3975,39.8543]]]}},{"type":"Feature","properties":{"leaid":"0804260","name":"Roaring Fork School District RE-1","kind":"Unified","gradeLow":"PK","gradeHigh":"12","state":"CO"},"geometry":{"type":"Polygon","coordinates":[[[-106.4265,39.3619],[-106.4335,39.3542],[-106.4351,39.3473],[-106.4352,39.3425],[-106.4335,39.3375],[-106.4323,39.336],[-106.4285,39.3351],[-106.4295,39.3337],[-106.4269,39.3234],[-106.4325,39.3164],[-106.4398,39.3173],[-106.4441,39.3152],[-106.4507,39.3167],[-106.4542,39.3123],[-106.4597,39.313],[-106.4659,39.3115],[-106.4683,39.3073],[-106.4734,39.3088],[-106.4762,39.3125],[-106.4762,39.3147],[-106.4841,39.3129],[-106.4864,39.3115],[-106.4874,39.309],[-106.4918,39.3066],[-106.4925,39.304],[-106.4999,39.3015],[-106.5027,39.2981],[-106.5036,39.2936],[-106.5029,39.29],[-106.5046,39.2872],[-106.504,39.2848],[-106.4985,39.2793],[-106.4936,39.278],[-106.4898,39.2731],[-106.483,39.2724],[-106.4841,39.2654],[-106.4812,39.2592],[-106.483,39.258],[-106.4831,39.2551],[-106.4862,39.2539],[-106.4891,39.2485],[-106.6671,39.2456],[-106.6701,39.3039],[-106.8226,39.3046],[-106.823,39.3332],[-106.8977,39.3329],[-106.8974,39.3042],[-106.9316,39.3041],[-106.9364,39.3065],[-106.9345,39.2744],[-106.8963,39.2753],[-106.8961,39.258],[-106.9103,39.2551],[-106.9149,39.2555],[-106.9229,39.2531],[-106.9333,39.2444],[-106.9334,39.2296],[-106.9554,39.2125],[-106.97,39.2117],[-106.9701,39.2164],[-106.9723,39.2164],[-106.9779,39.2106],[-106.9752,39.2106],[-106.975,39.2065],[-106.9721,39.2067],[-106.9743,39.2032],[-106.972,39.199],[-106.9699,39.1991],[-106.9701,39.131],[-106.9889,39.1309],[-106.9885,39.0696],[-106.989,39.0707],[-106.997,39.0693],[-107.0043,39.0745],[-107.0125,39.0844],[-107.02,39.0895],[-107.0363,39.0949],[-107.0407,39.0991],[-107.0462,39.1019],[-107.0532,39.1106],[-107.0602,39.112],[-107.0663,39.1188],[-107.2825,39.1187],[-107.2815,39.1196],[-107.2826,39.1239],[-107.2854,39.1251],[-107.2835,39.1279],[-107.2861,39.1327],[-107.2864,39.1366],[-107.2882,39.1398],[-107.2938,39.1447],[-107.2963,39.1543],[-107.2999,39.1565],[-107.3043,39.1556],[-107.3076,39.1571],[-107.3187,39.1653],[-107.3334,39.1662],[-107.3369,39.169],[-107.3435,39.1686],[-107.3534,39.173],[-107.3541,39.1761],[-107.3577,39.1798],[-107.3597,39.1848],[-107.3635,39.1863],[-107.3669,39.192],[-107.3772,39.1996],[-107.3771,39.2041],[-107.3784,39.2081],[-107.3806,39.2102],[-107.3768,39.2201],[-107.3793,39.2311],[-107.3761,39.2367],[-107.3714,39.2389],[-107.3753,39.2419],[-107.3764,39.246],[-107.3843,39.2478],[-107.3864,39.2503],[-107.3904,39.2506],[-107.3922,39.255],[-107.3946,39.2567],[-107.3914,39.2606],[-107.3915,39.2639],[-107.3792,39.2691],[-107.3775,39.2722],[-107.3784,39.2748],[-107.3941,39.2794],[-107.394,39.2816],[-107.397,39.2836],[-107.3961,39.2895],[-107.3977,39.2918],[-107.3967,39.2939],[-107.3981,39.295],[-107.4038,39.2928],[-107.4086,39.2941],[-107.4126,39.2919],[-107.4212,39.2969],[-107.4375,39.2996],[-107.4397,39.3025],[-107.4378,39.3058],[-107.4388,39.309],[-107.4449,39.3088],[-107.4472,39.3058],[-107.4517,39.3045],[-107.4565,39.3069],[-107.4569,39.3092],[-107.4592,39.3097],[-107.4617,39.3133],[-107.4652,39.3143],[-107.4633,39.3172],[-107.466,39.3221],[-107.4634,39.3243],[-107.4625,39.3272],[-107.4508,39.33],[-107.45,39.3327],[-107.4455,39.3353],[-107.4429,39.3391],[-107.4385,39.341],[-107.4389,39.3433],[-107.4368,39.3464],[-107.4305,39.3482],[-107.4285,39.3625],[-107.4316,39.3662],[-107.4318,39.3933],[-107.3814,39.3928],[-107.3818,39.4277],[-107.3804,39.4657],[-107.3996,39.4656],[-107.3996,39.4773],[-107.4182,39.4773],[-107.4179,39.4922],[-107.4372,39.4923],[-107.4372,39.5495],[-107.4654,39.5493],[-107.4653,39.5645],[-107.4497,39.5646],[-107.4505,39.572],[-107.4587,39.5695],[-107.4659,39.5724],[-107.4724,39.5731],[-107.4825,39.5705],[-107.4872,39.5656],[-107.4924,39.8283],[-107.399,39.8281],[-107.3934,39.6521],[-107.3663,39.6524],[-107.2,39.6482],[-107.2008,39.6194],[-107.1635,39.6189],[-107.1647,39.6018],[-107.1573,39.6041],[-107.1542,39.6086],[-107.1459,39.6107],[-107.1387,39.6153],[-107.1272,39.6187],[-107.1253,39.6213],[-107.1254,39.5664],[-107.1137,39.5664],[-107.1136,39.4955],[-107.0987,39.4961],[-107.0985,39.4877],[-107.0509,39.4877],[-107.0509,39.4848],[-106.92,39.4837],[-106.8531,39.4857],[-106.8539,39.4441],[-106.5785,39.4428],[-106.5779,39.3621],[-106.4265,39.3619]]]}},{"type":"Feature","properties":{"leaid":"0804290","name":"Granada School District RE-1","kind":"Unified","gradeLow":"PK","gradeHigh":"12","state":"CO"},"geometry":{"type":"Polygon","coordinates":[[[-102.2194,37.6442],[-102.4194,37.6439],[-102.42,37.8239],[-102.4104,37.824],[-102.4104,37.8259],[-102.4103,37.9778],[-102.4114,37.9839],[-102.4122,38.1145],[-102.3847,38.1146],[-102.3849,38.1328],[-102.3878,38.1329],[-102.3919,38.1288],[-102.3945,38.1329],[-102.4,38.1311],[-102.4048,38.1342],[-102.4073,38.1504],[-102.4086,38.1516],[-102.4107,38.1503],[-102.4116,38.1457],[-102.4153,38.1395],[-102.4181,38.1392],[-102.4234,38.1415],[-102.4259,38.1398],[-102.4293,38.1341],[-102.4338,38.1362],[-102.4364,38.1402],[-102.4406,38.1383],[-102.4484,38.1412],[-102.4518,38.1462],[-102.4549,38.1481],[-102.4597,38.1466],[-102.463,38.142],[-102.4678,38.1417],[-102.4693,38.1502],[-102.4689,38.17],[-102.4703,38.1738],[-102.4687,38.1769],[-102.474,38.1877],[-102.4723,38.1959],[-102.4776,38.2007],[-102.4857,38.2026],[-102.4864,38.2043],[-102.4833,38.2065],[-102.4825,38.2108],[-102.4803,38.2139],[-102.4822,38.2189],[-102.4855,38.2207],[-102.4862,38.2232],[-102.4835,38.2257],[-102.4856,38.2281],[-102.4824,38.231],[-102.4852,38.2353],[-102.4849,38.2443],[-102.4871,38.2491],[-102.4817,38.256],[-102.484,38.2595],[-102.4807,38.2635],[-102.4797,38.2679],[-102.2567,38.2681],[-102.2567,38.1152],[-102.2589,38.1152],[-102.2588,38.108],[-102.2565,38.1042],[-102.2472,38.1043],[-102.247,38.0685],[-102.252,38.0703],[-102.2561,38.0743],[-102.2561,38.0731],[-102.2511,38.0694],[-102.2369,38.0638],[-102.2306,38.0575],[-102.2284,38.0534],[-102.2107,38.0435],[-102.1919,38.0432],[-102.1919,37.9993],[-102.2296,37.9995],[-102.2296,37.9845],[-102.2377,37.9845],[-102.2356,37.919],[-102.2356,37.868],[-102.19,37.8679],[-102.1894,37.8246],[-102.2196,37.8243],[-102.2194,37.6442]]]}},{"type":"Feature","properties":{"leaid":"0804320","name":"East Grand School District 2","kind":"Unified","gradeLow":"PK","gradeHigh":"12","state":"CO"},"geometry":{"type":"Polygon","coordinates":[[[-105.6677,40.1583],[-105.6613,40.1565],[-105.656,40.1513],[-105.6473,40.151],[-105.6463,40.1486],[-105.6357,40.146],[-105.6355,40.1404],[-105.6297,40.1378],[-105.63,40.1304],[-105.6261,40.1273],[-105.6288,40.1235],[-105.6266,40.1187],[-105.6291,40.117],[-105.63,40.1142],[-105.6347,40.1132],[-105.6367,40.107],[-105.636,40.1014],[-105.632,40.0972],[-105.6347,40.0951],[-105.6337,40.0886],[-105.636,40.0846],[-105.6343,40.0815],[-105.6326,40.0814],[-105.6348,40.0796],[-105.6354,40.0749],[-105.6411,40.073],[-105.6389,40.067],[-105.6418,40.0679],[-105.6467,40.0652],[-105.6511,40.0584],[-105.6488,40.0543],[-105.6456,40.0527],[-105.6445,40.0498],[-105.6375,40.0458],[-105.6406,40.035],[-105.6439,40.0333],[-105.6528,40.0238],[-105.6519,40.0209],[-105.6588,40.0191],[-105.6616,40.0165],[-105.6701,40.0169],[-105.6807,40.014],[-105.6878,40.016],[-105.6898,40.0151],[-105.69,40.0091],[-105.6885,40.0069],[-105.6911,40.0038],[-105.6912,39.9973],[-105.689,39.9954],[-105.6832,39.9946],[-105.6832,39.9929],[-105.686,39.9897],[-105.6875,39.9854],[-105.685,39.9829],[-105.6849,39.9794],[-105.6884,39.9754],[-105.6903,39.9699],[-105.6886,39.9671],[-105.6893,39.9641],[-105.6882,39.9598],[-105.6851,39.9587],[-105.6884,39.9565],[-105.6891,39.9537],[-105.6944,39.9502],[-105.6918,39.9464],[-105.6937,39.9424],[-105.6829,39.9338],[-105.6751,39.9333],[-105.678,39.9305],[-105.6766,39.9286],[-105.6801,39.9265],[-105.6823,39.9219],[-105.6822,39.9175],[-105.686,39.9156],[-105.6879,39.9117],[-105.6886,39.9075],[-105.6872,39.9042],[-105.6903,39.9019],[-105.6918,39.8984],[-105.6911,39.8973],[-105.6972,39.8946],[-105.6997,39.8915],[-105.6994,39.8856],[-105.6977,39.8843],[-105.6984,39.881],[-105.7008,39.8789],[-105.6992,39.8741],[-105.6969,39.8717],[-105.6978,39.868],[-105.6961,39.8615],[-105.6903,39.852],[-105.6935,39.8479],[-105.6957,39.8395],[-105.7033,39.8367],[-105.7134,39.8382],[-105.717,39.8355],[-105.719,39.8319],[-105.7192,39.8275],[-105.7239,39.8246],[-105.7244,39.8182],[-105.7335,39.8125],[-105.7359,39.805],[-105.74,39.8048],[-105.7471,39.8013],[-105.7506,39.8013],[-105.7639,39.795],[-105.7781,39.7985],[-105.7847,39.8024],[-105.7909,39.8031],[-105.7937,39.8019],[-105.799,39.8034],[-105.8019,39.7993],[-105.8083,39.7973],[-105.8105,39.7915],[-105.8192,39.7898],[-105.823,39.7856],[-105.83,39.7882],[-105.8386,39.7881],[-105.8441,39.7895],[-105.8515,39.7878],[-105.8509,39.7891],[-105.8549,39.7962],[-105.8723,39.7967],[-105.8756,39.7993],[-105.8876,39.7966],[-105.9019,39.809],[-105.9061,39.8101],[-105.9083,39.8098],[-105.91,39.8073],[-105.9162,39.8082],[-105.9227,39.7993],[-105.9311,39.796],[-105.9342,39.793],[-105.9358,39.7944],[-105.9438,39.7939],[-105.9475,39.7961],[-105.9518,39.7962],[-105.9613,39.8002],[-105.9633,39.8027],[-105.9619,39.8113],[-105.9587,39.8139],[-105.957,39.8191],[-105.9536,39.8219],[-105.9524,39.8261],[-105.9576,39.8339],[-105.9557,39.8387],[-105.9559,39.8421],[-105.9574,39.8438],[-105.9645,39.8462],[-105.9663,39.8489],[-105.9476,39.8645],[-105.9446,39.8711],[-105.9397,39.8768],[-105.9426,39.8879],[-105.94,39.902],[-105.9493,39.907],[-105.9627,39.9072],[-105.9627,39.9356],[-105.9807,39.9371],[-105.9802,39.9795],[-105.9875,39.9807],[-105.9999,39.9806],[-105.9998,39.9996],[-106.0489,40.0004],[-106.0484,40.0149],[-106.0853,40.0147],[-106.0857,40.028],[-106.1046,40.0283],[-106.1048,40.0427],[-106.1431,40.043],[-106.1426,40.1788],[-106.1404,40.2672],[-106.1403,40.3301],[-106.1364,40.3303],[-106.1343,40.336],[-106.1279,40.338],[-106.1167,40.3459],[-106.1051,40.3502],[-106.1016,40.3538],[-106.0994,40.3545],[-106.0915,40.3501],[-106.0874,40.3504],[-106.0857,40.3472],[-106.0658,40.3544],[-106.0632,40.3572],[-106.0546,40.3576],[-106.0434,40.3629],[-106.036,40.3691],[-106.0298,40.3684],[-106.0274,40.3709],[-106.0186,40.3733],[-106.0146,40.3729],[-106.0135,40.3721],[-106.0139,40.3706],[-106.0116,40.3703],[-106.0131,40.368],[-106.0109,40.3619],[-105.9983,40.3625],[-105.9944,40.3646],[-105.9867,40.3646],[-105.9839,40.3631],[-105.9813,40.3596],[-105.9783,40.358],[-105.9759,40.3582],[-105.9706,40.3501],[-105.9597,40.3481],[-105.9554,40.3548],[-105.9543,40.3603],[-105.9498,40.3629],[-105.9385,40.3662],[-105.9373,40.3719],[-105.9467,40.3772],[-105.9466,40.385],[-105.9405,40.3845],[-105.9275,40.391],[-105.9244,40.3932],[-105.9206,40.4018],[-105.9136,40.4016],[-105.9051,40.3988],[-105.9033,40.4008],[-105.9017,40.4065],[-105.9021,40.4129],[-105.8977,40.4177],[-105.8986,40.4268],[-105.9033,40.4317],[-105.8971,40.4485],[-105.8989,40.4503],[-105.8998,40.4545],[-105.8983,40.4574],[-105.8993,40.4656],[-105.8972,40.4692],[-105.8943,40.4695],[-105.8918,40.4767],[-105.886,40.4773],[-105.8815,40.4759],[-105.8723,40.4783],[-105.8692,40.481],[-105.8625,40.4802],[-105.8572,40.4833],[-105.8549,40.4863],[-105.8473,40.4839],[-105.847,40.4828],[-105.8378,40.483],[-105.8346,40.4799],[-105.8201,40.476],[-105.8085,40.4751],[-105.8067,40.4731],[-105.8089,40.4711],[-105.811,40.4709],[-105.8045,40.4642],[-105.8076,40.4523],[-105.8058,40.4473],[-105.8117,40.4429],[-105.813,40.4392],[-105.816,40.4372],[-105.8143,40.4295],[-105.8172,40.4265],[-105.8173,40.4243],[-105.8153,40.4215],[-105.8111,40.4194],[-105.8083,40.415],[-105.802,40.4109],[-105.8004,40.4072],[-105.791,40.3986],[-105.7912,40.3879],[-105.7872,40.3809],[-105.7818,40.377],[-105.7819,40.3738],[-105.7764,40.3695],[-105.7741,40.3652],[-105.7691,40.3645],[-105.768,40.3601],[-105.7644,40.3593],[-105.763,40.3571],[-105.7602,40.3562],[-105.7583,40.3524],[-105.7533,40.3514],[-105.7524,40.3491],[-105.7478,40.3475],[-105.7423,40.3493],[-105.7396,40.3471],[-105.7363,40.3466],[-105.7354,40.343],[-105.7299,40.3396],[-105.7288,40.3379],[-105.7291,40.3353],[-105.7274,40.334],[-105.7214,40.332],[-105.7131,40.3256],[-105.7017,40.3243],[-105.702,40.3217],[-105.6987,40.3208],[-105.6976,40.3183],[-105.7002,40.3164],[-105.7021,40.3121],[-105.7004,40.3105],[-105.6971,40.3109],[-105.6948,40.3093],[-105.6901,40.3086],[-105.691,40.3049],[-105.6858,40.3029],[-105.6882,40.2977],[-105.6874,40.2937],[-105.6812,40.2919],[-105.6854,40.2901],[-105.6865,40.2883],[-105.6806,40.2845],[-105.6793,40.2789],[-105.6815,40.279],[-105.6803,40.2747],[-105.6824,40.2728],[-105.6782,40.2681],[-105.6679,40.2677],[-105.6624,40.2641],[-105.6542,40.2613],[-105.6514,40.2581],[-105.6508,40.2537],[-105.644,40.2499],[-105.66,40.2488],[-105.6603,40.2448],[-105.6654,40.2373],[-105.6644,40.2332],[-105.6674,40.231],[-105.669,40.2242],[-105.6632,40.22],[-105.6703,40.2194],[-105.6713,40.2171],[-105.6702,40.2136],[-105.6711,40.2122],[-105.6706,40.2078],[-105.6738,40.2041],[-105.6776,40.2023],[-105.6764,40.1995],[-105.6776,40.1972],[-105.6776,40.1885],[-105.6746,40.186],[-105.6706,40.1854],[-105.6718,40.18],[-105.6683,40.177],[-105.6697,40.1743],[-105.6669,40.1699],[-105.6692,40.169],[-105.6715,40.1654],[-105.6706,40.1627],[-105.6675,40.1612],[-105.6677,40.1583]]]}},{"type":"Feature","properties":{"leaid":"0804350","name":"Mesa County Valley School District 51","kind":"Unified","gradeLow":"PK","gradeHigh":"12","state":"CO"},"geometry":{"type":"Polygon","coordinates":[[[-108.2897,39.1923],[-108.2428,39.1924],[-108.2423,39.1709],[-108.2715,39.171],[-108.2708,39.1343],[-108.2873,39.1342],[-108.287,39.1109],[-108.2509,39.1109],[-108.2506,39.0819],[-108.2159,39.0822],[-108.2165,39.0405],[-108.18,39.0395],[-108.1856,38.8924],[-108.379,38.8291],[-108.3788,38.6962],[-108.5975,38.6977],[-108.601,38.5],[-109.0601,38.5],[-109.0598,38.7147],[-109.054,38.8772],[-109.0526,39.008],[-109.0508,39.3667],[-108.5257,39.3662],[-108.5273,39.3495],[-108.5266,39.309],[-108.3801,39.3073],[-108.3813,39.2205],[-108.327,39.2203],[-108.327,39.1781],[-108.2898,39.1779],[-108.2897,39.1923]]]}},{"type":"Feature","properties":{"leaid":"0804380","name":"Garfield County School District 16","kind":"Unified","gradeLow":"PK","gradeHigh":"12","state":"CO"},"geometry":{"type":"Polygon","coordinates":[[[-107.9385,39.6945],[-107.9384,39.5197],[-107.9371,39.4957],[-107.9318,39.497],[-107.9208,39.4935],[-107.9204,39.4803],[-107.9157,39.4784],[-107.9155,39.3662],[-108.1607,39.3662],[-108.1606,39.5652],[-108.2189,39.565],[-108.2179,39.6951],[-107.9385,39.6945]]]}},{"type":"Feature","properties":{"leaid":"0804410","name":"Greeley School District 6","kind":"Unified","gradeLow":"PK","gradeHigh":"12","state":"CO"},"geometry":{"type":"Polygon","coordinates":[[[-104.5837,40.4642],[-104.5646,40.4642],[-104.5647,40.4575],[-104.5725,40.4571],[-104.5725,40.4425],[-104.5775,40.4426],[-104.5775,40.4352],[-104.5834,40.4352],[-104.583,40.4208],[-104.5993,40.4208],[-104.6042,40.4162],[-104.613,40.4143],[-104.6178,40.4107],[-104.6179,40.409],[-104.6152,40.4072],[-104.6144,40.404],[-104.6201,40.4009],[-104.6201,40.3921],[-104.6106,40.392],[-104.6104,40.3562],[-104.6678,40.3561],[-104.6679,40.3702],[-104.6776,40.37],[-104.6776,40.3733],[-104.6884,40.3651],[-104.6998,40.3644],[-104.7189,40.3546],[-104.7226,40.3556],[-104.7241,40.3591],[-104.727,40.3593],[-104.7323,40.3569],[-104.7371,40.3596],[-104.7596,40.3543],[-104.763,40.3489],[-104.772,40.3489],[-104.772,40.3506],[-104.7749,40.3506],[-104.7749,40.3489],[-104.8224,40.349],[-104.8227,40.3777],[-104.813,40.3777],[-104.8131,40.3842],[-104.8032,40.3842],[-104.8039,40.421],[-104.8031,40.4406],[-104.7977,40.4417],[-104.7978,40.4436],[-104.7922,40.4436],[-104.7923,40.4483],[-104.7734,40.4484],[-104.7734,40.4374],[-104.7447,40.4373],[-104.7439,40.452],[-104.7347,40.4516],[-104.7348,40.4557],[-104.7298,40.4557],[-104.7298,40.4591],[-104.7253,40.4591],[-104.7253,40.453],[-104.7177,40.4524],[-104.7163,40.4524],[-104.7161,40.4591],[-104.7109,40.4591],[-104.7109,40.452],[-104.7162,40.4521],[-104.7163,40.45],[-104.7063,40.4499],[-104.706,40.452],[-104.6921,40.4517],[-104.6923,40.458],[-104.6624,40.4576],[-104.6624,40.4646],[-104.6589,40.4644],[-104.659,40.4705],[-104.6303,40.4705],[-104.6296,40.4641],[-104.6208,40.4641],[-104.6208,40.4568],[-104.5837,40.4569],[-104.5837,40.4642]]]}},{"type":"Feature","properties":{"leaid":"0804440","name":"Pawnee School District RE-12","kind":"Unified","gradeLow":"KG","gradeHigh":"12","state":"CO"},"geometry":{"type":"Polygon","coordinates":[[[-103.9148,41.0017],[-103.9174,40.7961],[-103.9164,40.6997],[-104.1901,40.6983],[-104.19,40.7272],[-104.2565,40.7267],[-104.257,40.749],[-104.2678,40.7489],[-104.2685,40.7847],[-104.3534,40.7847],[-104.3535,40.7999],[-104.3726,40.7998],[-104.3725,40.7849],[-104.4855,40.7842],[-104.4855,40.7986],[-104.562,40.7976],[-104.5619,40.8412],[-104.6009,40.8407],[-104.6001,41.0015],[-103.9148,41.0017]]]}},{"type":"Feature","properties":{"leaid":"0804470","name":"Gunnison Watershed School District RE-1J","kind":"Unified","gradeLow":"PK","gradeHigh":"12","state":"CO"},"geometry":{"type":"Polygon","coordinates":[[[-106.989,39.0707],[-106.9868,39.0672],[-106.9864,39.0625],[-106.9908,39.06],[-106.9893,39.0555],[-106.9898,39.052],[-106.9968,39.0493],[-106.9997,39.0428],[-107.0016,39.0423],[-106.9961,39.0342],[-106.988,39.0308],[-106.9795,39.0308],[-106.9738,39.0289],[-106.9669,39.0308],[-106.9639,39.0285],[-106.9652,39.0233],[-106.9641,39.0211],[-106.9647,39.0175],[-106.9581,39.0155],[-106.951,39.0166],[-106.9483,39.0147],[-106.9446,39.0144],[-106.9351,39.0061],[-106.9284,39.0046],[-106.9179,38.9992],[-106.9104,39.0005],[-106.9076,38.9951],[-106.9082,38.9926],[-106.9064,38.9921],[-106.9003,38.9925],[-106.8931,38.9895],[-106.8912,38.991],[-106.8844,38.9904],[-106.878,38.9943],[-106.8766,39.0],[-106.8787,39.0029],[-106.8781,39.0059],[-106.8765,39.0069],[-106.8678,39.0069],[-106.8617,39.0094],[-106.8598,39.0083],[-106.8565,38.999],[-106.8525,38.9955],[-106.849,38.9893],[-106.8455,38.9862],[-106.8359,38.9836],[-106.8343,38.9808],[-106.8321,38.9808],[-106.8272,38.9777],[-106.8169,38.9814],[-106.8107,38.9787],[-106.8019,38.9783],[-106.7997,38.9797],[-106.8002,38.9822],[-106.7966,38.9842],[-106.7877,38.9843],[-106.784,38.9869],[-106.7822,38.9907],[-106.7837,38.9958],[-106.7825,38.9993],[-106.7781,39.0013],[-106.775,39.0061],[-106.7686,39.0082],[-106.7682,39.0102],[-106.7616,39.0162],[-106.7619,39.0193],[-106.7557,39.0206],[-106.7513,39.0258],[-106.7451,39.0269],[-106.7472,39.04],[-106.7494,39.0425],[-106.7421,39.044],[-106.7407,39.0459],[-106.7358,39.0448],[-106.7295,39.0465],[-106.7227,39.0452],[-106.7172,39.0483],[-106.7103,39.0476],[-106.7079,39.0535],[-106.7057,39.0548],[-106.703,39.0559],[-106.695,39.0557],[-106.693,39.0551],[-106.6845,39.0451],[-106.6741,39.0458],[-106.6641,39.0419],[-106.6555,39.0444],[-106.6468,39.0333],[-106.6465,39.0308],[-106.65,39.0263],[-106.6484,39.0222],[-106.6383,39.0192],[-106.6379,39.0147],[-106.6332,39.0121],[-106.63,39.0122],[-106.6277,39.0076],[-106.6247,39.0061],[-106.6242,39.0036],[-106.6147,39.0],[-106.6127,38.9957],[-106.5992,38.998],[-106.595,38.9911],[-106.5862,38.9928],[-106.5772,38.9904],[-106.5747,38.9928],[-106.5698,38.9945],[-106.5661,38.9938],[-106.5599,38.9985],[-106.5542,38.9987],[-106.5507,38.9917],[-106.5468,38.9911],[-106.5342,38.9823],[-106.5284,38.9807],[-106.5244,38.9711],[-106.5219,38.9687],[-106.5235,38.9648],[-106.5285,38.9599],[-106.5267,38.9554],[-106.5199,38.954],[-106.5157,38.9487],[-106.5072,38.9461],[-106.5053,38.9444],[-106.5059,38.9409],[-106.5044,38.9368],[-106.4907,38.9297],[-106.4899,38.9263],[-106.4857,38.9221],[-106.4821,38.9209],[-106.4809,38.9186],[-106.4722,38.9159],[-106.47,38.9131],[-106.465,38.9104],[-106.4619,38.9113],[-106.4578,38.9101],[-106.4538,38.9128],[-106.4421,38.9156],[-106.4372,38.9149],[-106.4303,38.9249],[-106.4212,38.9281],[-106.4182,38.9266],[-106.4172,38.9209],[-106.4132,38.9163],[-106.4076,38.9148],[-106.4021,38.9106],[-106.394,38.9122],[-106.3923,38.9188],[-106.3869,38.9211],[-106.3863,38.923],[-106.3835,38.923],[-106.3808,38.9257],[-106.377,38.9227],[-106.3762,38.9095],[-106.3734,38.9066],[-106.3675,38.9069],[-106.3642,38.9109],[-106.3571,38.9129],[-106.3452,38.9071],[-106.3381,38.9087],[-106.335,38.9117],[-106.3261,38.911],[-106.3241,38.9048],[-106.3247,38.9029],[-106.3206,38.8947],[-106.3213,38.8926],[-106.326,38.8889],[-106.3275,38.8823],[-106.3325,38.8807],[-106.3341,38.8813],[-106.3368,38.875],[-106.3358,38.872],[-106.3401,38.8712],[-106.3489,38.8651],[-106.3493,38.8549],[-106.3569,38.8553],[-106.365,38.853],[-106.3645,38.8462],[-106.3701,38.8405],[-106.3704,38.8385],[-106.3788,38.8361],[-106.3817,38.8329],[-106.3831,38.8311],[-106.3836,38.8247],[-106.3957,38.8225],[-106.4071,38.8293],[-106.4162,38.8241],[-106.415,38.8153],[-106.4206,38.8116],[-106.4227,38.8084],[-106.4179,38.8007],[-106.4146,38.7991],[-106.4129,38.7912],[-106.4168,38.7873],[-106.4138,38.7791],[-106.4155,38.7724],[-106.4193,38.7662],[-106.4171,38.7644],[-106.4151,38.7572],[-106.42,38.751],[-106.4184,38.7491],[-106.418,38.742],[-106.42,38.7388],[-106.4168,38.7338],[-106.4167,38.7278],[-106.4174,38.7257],[-106.4235,38.7208],[-106.4232,38.7162],[-106.4253,38.7103],[-106.4317,38.7087],[-106.4435,38.7092],[-106.4455,38.7055],[-106.4483,38.7049],[-106.4521,38.6988],[-106.4511,38.6954],[-106.446,38.689],[-106.4402,38.6869],[-106.4379,38.6825],[-106.4371,38.6781],[-106.4381,38.6766],[-106.4359,38.6711],[-106.4322,38.6679],[-106.4291,38.6576],[-106.4295,38.6512],[-106.4177,38.6445],[-106.4079,38.6477],[-106.4017,38.6458],[-106.4022,38.6422],[-106.4012,38.6397],[-106.3902,38.641],[-106.3858,38.6386],[-106.3799,38.6385],[-106.3852,38.6324],[-106.3863,38.6278],[-106.3854,38.625],[-106.3801,38.6204],[-106.3745,38.6208],[-106.3691,38.6187],[-106.3642,38.6145],[-106.3647,38.6059],[-106.3593,38.5994],[-106.361,38.5945],[-106.3582,38.5927],[-106.3513,38.5835],[-106.3534,38.5815],[-106.3517,38.5769],[-106.3446,38.5686],[-106.3469,38.5651],[-106.3466,38.5589],[-106.3535,38.55],[-106.3554,38.5426],[-106.3537,38.5392],[-106.3542,38.5334],[-106.3471,38.5288],[-106.3426,38.5215],[-106.3437,38.5175],[-106.3481,38.5125],[-106.3442,38.5046],[-106.3393,38.5012],[-106.3363,38.4967],[-106.3304,38.4937],[-106.3272,38.4976],[-106.3201,38.4977],[-106.3177,38.4949],[-106.3115,38.4949],[-106.304,38.4778],[-106.2903,38.4733],[-106.2885,38.4614],[-106.2806,38.4543],[-106.2727,38.4552],[-106.2722,38.4488],[-106.2741,38.4469],[-106.2705,38.4455],[-106.2661,38.4417],[-106.2613,38.4424],[-106.2454,38.4392],[-106.2494,38.4326],[-106.2479,38.424],[-106.2439,38.4186],[-106.2469,38.4144],[-106.2459,38.4113],[-106.2506,38.4061],[-106.2532,38.4008],[-106.2526,38.3977],[-106.2449,38.3897],[-106.2422,38.3885],[-106.2399,38.3818],[-106.2371,38.3796],[-106.2402,38.3746],[-106.2375,38.368],[-106.2394,38.3633],[-106.2444,38.3579],[-106.2437,38.3526],[-106.2498,38.3502],[-106.2528,38.3475],[-106.2711,38.3528],[-106.2915,38.3449],[-106.3082,38.3434],[-106.3096,38.3445],[-106.3161,38.3427],[-106.3182,38.3398],[-106.318,38.3346],[-106.3193,38.3313],[-106.3254,38.324],[-106.3264,38.3163],[-106.3285,38.313],[-106.3334,38.2927],[-106.3373,38.2905],[-106.3436,38.2902],[-106.3531,38.2918],[-106.3599,38.2907],[-106.3801,38.2939],[-106.3818,38.2932],[-106.3853,38.2873],[-106.3952,38.2822],[-106.3998,38.2846],[-106.4054,38.2857],[-106.4094,38.2855],[-106.4124,38.2823],[-106.4193,38.2804],[-106.4239,38.2826],[-106.4308,38.2813],[-106.4376,38.283],[-106.4416,38.2886],[-106.4463,38.2904],[-106.4534,38.2982],[-106.4572,38.2992],[-106.4642,38.3131],[-106.4668,38.3142],[-106.4726,38.313],[-106.4739,38.3221],[-106.4848,38.3164],[-106.4885,38.317],[-106.499,38.3146],[-106.505,38.3149],[-106.5066,38.3108],[-106.5094,38.309],[-106.5097,38.3052],[-106.5132,38.3017],[-106.5141,38.2985],[-106.5183,38.2948],[-106.52,38.2848],[-106.5243,38.2826],[-106.5252,38.2793],[-106.5279,38.2776],[-106.5312,38.2686],[-106.5349,38.2632],[-106.5366,38.2617],[-106.541,38.2608],[-106.5442,38.256],[-106.5469,38.2558],[-106.5501,38.2531],[-106.556,38.2537],[-106.5588,38.2519],[-106.5593,38.2479],[-106.5562,38.2462],[-106.5559,38.2445],[-106.5603,38.2384],[-106.5607,38.2354],[-106.5592,38.2317],[-106.5548,38.2289],[-106.5757,38.2122],[-106.5762,38.2093],[-106.581,38.2036],[-106.587,38.1895],[-106.5979,38.1892],[-106.5984,38.1859],[-106.5966,38.1823],[-106.5981,38.1799],[-106.5973,38.1766],[-106.6015,38.1711],[-106.6003,38.1617],[-106.5969,38.1566],[-106.6027,38.1503],[-106.6028,38.1452],[-106.6087,38.1423],[-106.6079,38.1409],[-106.611,38.1343],[-106.6155,38.1314],[-106.6206,38.1319],[-106.6271,38.1299],[-106.63,38.1308],[-106.6335,38.1284],[-106.6339,38.125],[-106.6375,38.1235],[-106.6409,38.1201],[-106.6436,38.117],[-106.6434,38.115],[-106.6457,38.1152],[-106.6483,38.111],[-106.6543,38.1102],[-106.6552,38.1052],[-106.6604,38.1027],[-106.6631,38.0973],[-106.6716,38.0933],[-106.6714,38.0876],[-106.6701,38.087],[-106.6822,38.0848],[-106.6845,38.0825],[-106.6907,38.0811],[-106.7029,38.0804],[-106.7191,38.091],[-106.7364,38.0908],[-106.7436,38.0933],[-106.7468,38.0924],[-106.7495,38.0881],[-106.7527,38.086],[-106.7596,38.0859],[-106.7667,38.0802],[-106.7663,38.0752],[-106.7688,38.071],[-106.7772,38.0658],[-106.7799,38.0595],[-106.7872,38.0537],[-106.7879,38.0507],[-106.7988,38.0429],[-106.8005,38.0363],[-106.8067,38.03],[-106.8065,38.0203],[-106.8104,38.0167],[-106.7928,38.0057],[-106.7814,38.002],[-106.7801,38.0011],[-106.7808,38.0],[-106.7947,37.9928],[-106.8017,37.9869],[-106.8049,37.9754],[-106.8032,37.9732],[-106.8097,37.9711],[-106.8101,37.9643],[-106.814,37.9616],[-106.8174,37.9559],[-106.8363,37.9552],[-106.8493,37.9568],[-106.8526,37.9559],[-106.8578,37.9497],[-106.8714,37.9419],[-106.8744,37.9427],[-106.8771,37.9486],[-106.8799,37.9499],[-106.8783,37.9585],[-106.8792,37.9611],[-106.8814,37.9622],[-106.8896,37.9619],[-106.8946,37.9671],[-106.8978,37.9679],[-106.9052,37.9639],[-106.9087,37.9641],[-106.9116,37.9665],[-106.9203,37.9674],[-106.9224,37.9656],[-106.9301,37.9633],[-106.9353,37.9604],[-106.9374,37.9566],[-106.9445,37.9537],[-106.9524,37.9574],[-106.953,37.9628],[-106.9554,37.965],[-106.9622,37.9675],[-106.9625,37.9723],[-106.968,37.975],[-106.9779,37.9691],[-106.9869,37.9694],[-106.9883,37.9621],[-106.9969,37.9604],[-106.9977,37.9573],[-107.0006,37.956],[-107.0019,38.0928],[-107.0011,38.1471],[-107.5686,38.1473],[-107.5686,38.1488],[-107.5644,38.1503],[-107.5622,38.1588],[-107.5643,38.1667],[-107.568,38.1715],[-107.5666,38.1766],[-107.568,38.1808],[-107.5703,38.1814],[-107.5723,38.1874],[-107.5726,38.1941],[-107.5755,38.2],[-107.5756,38.2098],[-107.581,38.2127],[-107.5799,38.2148],[-107.5809,38.2181],[-107.579,38.2227],[-107.5804,38.225],[-107.5802,38.2308],[-107.5821,38.2311],[-107.5827,38.2346],[-107.5875,38.2402],[-107.5866,38.243],[-107.5907,38.252],[-107.594,38.2535],[-107.6002,38.2539],[-107.6127,38.2622],[-107.6154,38.269],[-107.6147,38.2701],[-107.6171,38.2725],[-107.6171,38.2755],[-107.6199,38.2753],[-107.6245,38.2797],[-107.6263,38.2856],[-107.6296,38.2887],[-107.6296,38.2942],[-107.635,38.3019],[-107.5,38.3019],[-107.5,38.3103],[-107.4666,38.3101],[-107.4661,38.3563],[-107.4671,38.3626],[-107.3746,38.3623],[-107.3739,38.4401],[-107.3725,38.4506],[-107.3892,38.4494],[-107.3948,38.4517],[-107.4069,38.4535],[-107.4245,38.4477],[-107.4303,38.4485],[-107.4424,38.4464],[-107.4502,38.4467],[-107.4509,38.4478],[-107.457,38.4463],[-107.4603,38.4479],[-107.4644,38.4467],[-107.4651,38.4477],[-107.4656,38.4464],[-107.4784,38.4463],[-107.4843,38.4431],[-107.4878,38.4455],[-107.4933,38.4444],[-107.5006,38.4468],[-107.5006,38.8397],[-107.4984,38.8396],[-107.4984,38.8406],[-107.4824,38.8405],[-107.4821,38.8676],[-107.2786,38.8691],[-107.2777,38.969],[-107.276,38.969],[-107.2744,39.1187],[-107.0663,39.1188],[-107.0602,39.112],[-107.0532,39.1106],[-107.0462,39.1019],[-107.0407,39.0991],[-107.0363,39.0949],[-107.02,39.0895],[-107.0125,39.0844],[-107.0043,39.0745],[-106.997,39.0693],[-106.989,39.0707]]]}},{"type":"Feature","properties":{"leaid":"0804500","name":"Hanover School District 28","kind":"Unified","gradeLow":"PK","gradeHigh":"12","state":"CO"},"geometry":{"type":"Polygon","coordinates":[[[-104.2934,38.7083],[-104.2936,38.6946],[-104.2751,38.6946],[-104.2755,38.5211],[-104.7758,38.5199],[-104.7757,38.6004],[-104.7734,38.606],[-104.5524,38.607],[-104.5518,38.7088],[-104.2934,38.7083]]]}},{"type":"Feature","properties":{"leaid":"0804530","name":"Harrison School District 2","kind":"Unified","gradeLow":"PK","gradeHigh":"12","state":"CO"},"geometry":{"type":"Polygon","coordinates":[[[-104.7203,38.8257],[-104.7206,38.7812],[-104.771,38.7815],[-104.7696,38.7666],[-104.7759,38.7664],[-104.7755,38.7372],[-104.7943,38.7375],[-104.7941,38.7665],[-104.8124,38.7666],[-104.8132,38.7729],[-104.8217,38.7862],[-104.8223,38.8099],[-104.8131,38.8105],[-104.8131,38.8128],[-104.8104,38.8119],[-104.8131,38.815],[-104.8129,38.8175],[-104.7938,38.8177],[-104.7929,38.8167],[-104.7678,38.8182],[-104.7666,38.8203],[-104.7525,38.8214],[-104.7525,38.8253],[-104.7219,38.8245],[-104.7203,38.8257]]]}},{"type":"Feature","properties":{"leaid":"0804560","name":"Haxtun School District RE-2J","kind":"Unified","gradeLow":"PK","gradeHigh":"12","state":"CO"},"geometry":{"type":"Polygon","coordinates":[[[-102.43,40.7783],[-102.43,40.7707],[-102.42,40.7706],[-102.4196,40.7492],[-102.4006,40.7493],[-102.4002,40.7201],[-102.4384,40.7201],[-102.4381,40.7055],[-102.459,40.7054],[-102.459,40.7018],[-102.4638,40.702],[-102.464,40.6945],[-102.4443,40.6947],[-102.4442,40.702],[-102.4345,40.7019],[-102.4343,40.7055],[-102.4152,40.7055],[-102.4176,40.6294],[-102.4271,40.6294],[-102.4271,40.622],[-102.4369,40.622],[-102.4369,40.6072],[-102.4463,40.6072],[-102.4463,40.6],[-102.4559,40.6],[-102.4558,40.5489],[-102.4653,40.5489],[-102.4652,40.5342],[-102.4558,40.5343],[-102.4558,40.5271],[-102.475,40.5271],[-102.475,40.5416],[-102.4844,40.5416],[-102.4843,40.5123],[-102.4748,40.5124],[-102.4746,40.4978],[-102.4937,40.4977],[-102.4929,40.439],[-102.512,40.4389],[-102.5118,40.4243],[-102.5012,40.4244],[-102.5012,40.4174],[-102.4822,40.4175],[-102.4822,40.4315],[-102.4737,40.4315],[-102.4736,40.4162],[-102.444,40.4163],[-102.444,40.4102],[-102.4633,40.4101],[-102.4633,40.4015],[-102.4734,40.4015],[-102.4735,40.41],[-102.502,40.4102],[-102.502,40.3877],[-102.4822,40.3877],[-102.4822,40.3955],[-102.4734,40.3955],[-102.4732,40.381],[-102.483,40.3809],[-102.483,40.3734],[-102.4923,40.3734],[-102.4923,40.3808],[-102.5016,40.3807],[-102.5016,40.3734],[-102.5117,40.3734],[-102.5116,40.3661],[-102.5499,40.3659],[-102.55,40.3805],[-102.5398,40.3805],[-102.5398,40.3951],[-102.55,40.395],[-102.55,40.3868],[-102.5691,40.387],[-102.5691,40.402],[-102.5881,40.4018],[-102.5882,40.4094],[-102.5691,40.4095],[-102.5691,40.4241],[-102.645,40.424],[-102.6455,40.4385],[-102.78,40.4384],[-102.78,40.4637],[-102.77,40.4636],[-102.77,40.4751],[-102.7798,40.4751],[-102.7795,40.518],[-102.7985,40.5179],[-102.7985,40.5252],[-102.7794,40.5255],[-102.7789,40.6126],[-102.6941,40.613],[-102.6941,40.606],[-102.6846,40.606],[-102.6846,40.6131],[-102.6656,40.6132],[-102.6647,40.7052],[-102.6895,40.705],[-102.6896,40.7197],[-102.6989,40.7196],[-102.6992,40.7049],[-102.7088,40.7048],[-102.7089,40.7123],[-102.7185,40.7122],[-102.7186,40.7155],[-102.7283,40.7157],[-102.7284,40.7192],[-102.709,40.7196],[-102.7094,40.7488],[-102.7287,40.748],[-102.7292,40.7927],[-102.6514,40.793],[-102.6513,40.7494],[-102.5357,40.7495],[-102.5366,40.7865],[-102.5171,40.7925],[-102.459,40.7933],[-102.4588,40.7785],[-102.43,40.7783]]]}},{"type":"Feature","properties":{"leaid":"0804590","name":"Hayden School District RE-1","kind":"Unified","gradeLow":"PK","gradeHigh":"12","state":"CO"},"geometry":{"type":"Polygon","coordinates":[[[-107.082,40.4274],[-107.1207,40.4276],[-107.1207,40.4398],[-107.112,40.4454],[-107.12,40.4481],[-107.12,40.4534],[-107.1404,40.4534],[-107.1405,40.3986],[-107.0843,40.3986],[-107.0841,40.3698],[-107.0824,40.3476],[-107.0836,40.3465],[-107.0844,40.3393],[-107.0973,40.3393],[-107.0973,40.327],[-107.1162,40.3271],[-107.1162,40.3125],[-107.0973,40.3124],[-107.0975,40.2688],[-107.0917,40.2688],[-107.0917,40.2547],[-107.1157,40.2546],[-107.116,40.2252],[-107.4394,40.2234],[-107.4426,40.3348],[-107.4321,40.3349],[-107.4285,40.4698],[-107.4288,40.5422],[-107.3713,40.5424],[-107.3715,40.6003],[-107.3142,40.6003],[-107.3134,40.6866],[-107.3163,40.8595],[-107.0825,40.8606],[-107.0834,40.5449],[-107.0256,40.5447],[-107.0259,40.517],[-106.9967,40.5167],[-106.9972,40.4867],[-106.9986,40.4853],[-106.9977,40.4834],[-106.9977,40.4559],[-107.0773,40.4549],[-107.0776,40.4306],[-107.082,40.4274]]]}},{"type":"Feature","properties":{"leaid":"0804620","name":"Hinsdale County School District RE-1","kind":"Unified","gradeLow":"PK","gradeHigh":"12","state":"CO"},"geometry":{"type":"Polygon","coordinates":[[[-107.0006,37.956],[-107.0063,37.9562],[-107.0068,37.9492],[-107.009,37.9465],[-107.0175,37.949],[-107.0229,37.9538],[-107.0255,37.9545],[-107.0299,37.9535],[-107.0332,37.9501],[-107.0426,37.9487],[-107.0512,37.953],[-107.0564,37.9523],[-107.0594,37.9557],[-107.0605,37.9591],[-107.0654,37.9598],[-107.0678,37.9613],[-107.0737,37.9545],[-107.0856,37.9534],[-107.0884,37.9504],[-107.0921,37.9492],[-107.1001,37.9519],[-107.1029,37.9552],[-107.1061,37.9471],[-107.1107,37.9433],[-107.1296,37.9378],[-107.1382,37.9388],[-107.1386,37.8659],[-107.1374,37.8288],[-107.1399,37.7572],[-107.1451,37.6755],[-107.1239,37.675],[-107.1237,37.625],[-107.1252,37.6041],[-107.1281,37.6026],[-107.1327,37.6026],[-107.1361,37.6003],[-107.1394,37.6019],[-107.1424,37.6094],[-107.1415,37.6124],[-107.1442,37.6176],[-107.1402,37.622],[-107.1402,37.6246],[-107.1454,37.6284],[-107.1469,37.6335],[-107.1528,37.6373],[-107.1616,37.634],[-107.1638,37.6362],[-107.1727,37.6328],[-107.1766,37.628],[-107.1804,37.6296],[-107.1887,37.6263],[-107.2,37.6253],[-107.2018,37.6227],[-107.2016,37.6197],[-107.1981,37.6147],[-107.2017,37.61],[-107.2046,37.6078],[-107.207,37.6079],[-107.2084,37.6042],[-107.213,37.6046],[-107.2169,37.6008],[-107.2216,37.5998],[-107.2224,37.5958],[-107.2239,37.5944],[-107.2315,37.5953],[-107.2354,37.5978],[-107.2422,37.6041],[-107.2489,37.6079],[-107.2519,37.6117],[-107.2518,37.6139],[-107.2551,37.6153],[-107.2589,37.6199],[-107.2597,37.6212],[-107.2568,37.625],[-107.2569,37.6281],[-107.2665,37.6301],[-107.268,37.6337],[-107.2789,37.641],[-107.2778,37.6449],[-107.2789,37.6497],[-107.2763,37.6539],[-107.2767,37.6557],[-107.2785,37.6567],[-107.2803,37.6605],[-107.2892,37.6675],[-107.2883,37.6719],[-107.281,37.6734],[-107.273,37.6798],[-107.274,37.6826],[-107.2727,37.6849],[-107.2734,37.6877],[-107.2704,37.6903],[-107.269,37.696],[-107.2815,37.693],[-107.2834,37.6909],[-107.2865,37.6911],[-107.2912,37.6875],[-107.2925,37.6839],[-107.3024,37.6803],[-107.3067,37.6775],[-107.3119,37.6803],[-107.3188,37.6813],[-107.3237,37.6838],[-107.3324,37.6804],[-107.3453,37.679],[-107.3688,37.6845],[-107.3756,37.6873],[-107.3865,37.6805],[-107.3934,37.6791],[-107.3929,37.6668],[-107.3985,37.6562],[-107.3975,37.6533],[-107.3996,37.6518],[-107.4061,37.6496],[-107.4237,37.6503],[-107.424,37.6474],[-107.4286,37.6417],[-107.4343,37.6382],[-107.4414,37.6373],[-107.44,37.6347],[-107.442,37.6323],[-107.4538,37.6342],[-107.4559,37.6311],[-107.455,37.6298],[-107.4638,37.63],[-107.469,37.6326],[-107.4718,37.6359],[-107.4751,37.637],[-107.4822,37.643],[-107.4822,37.7684],[-107.4784,37.7693],[-107.4694,37.7665],[-107.469,37.7652],[-107.4669,37.7663],[-107.4674,37.7701],[-107.4639,37.7771],[-107.4604,37.7815],[-107.4581,37.782],[-107.4608,37.7868],[-107.4594,37.7896],[-107.4593,37.7944],[-107.4621,37.7972],[-107.4622,37.7991],[-107.4659,37.8],[-107.4688,37.8097],[-107.4747,37.8156],[-107.4789,37.8167],[-107.4855,37.8224],[-107.491,37.8244],[-107.4982,37.8229],[-107.5168,37.8267],[-107.5162,37.8345],[-107.5184,37.839],[-107.5206,37.8395],[-107.5197,37.8412],[-107.5224,37.8421],[-107.5209,37.848],[-107.5186,37.8492],[-107.5179,37.857],[-107.5208,37.8595],[-107.5211,37.8619],[-107.5244,37.8652],[-107.5241,37.8666],[-107.526,37.869],[-107.536,37.8739],[-107.535,37.8756],[-107.5365,37.8801],[-107.5325,37.884],[-107.5335,37.8891],[-107.5279,37.8907],[-107.5261,37.8936],[-107.5262,37.8966],[-107.5223,37.8981],[-107.5202,37.9013],[-107.5285,37.9071],[-107.5292,37.9147],[-107.5367,37.9211],[-107.5345,37.9247],[-107.5374,37.9261],[-107.5381,37.9328],[-107.5324,37.9407],[-107.5326,37.9439],[-107.5373,37.9476],[-107.551,37.9497],[-107.5627,37.9555],[-107.5645,37.9608],[-107.569,37.9631],[-107.569,37.966],[-107.5803,37.9685],[-107.5853,37.968],[-107.5882,37.9703],[-107.5842,37.976],[-107.5882,37.9828],[-107.5914,37.9923],[-107.5868,37.9938],[-107.5867,37.9994],[-107.5804,38.0005],[-107.5743,38.0047],[-107.5739,38.0064],[-107.566,38.0052],[-107.5565,37.9992],[-107.5499,37.9983],[-107.548,37.9993],[-107.5434,38.0058],[-107.538,38.0089],[-107.5394,38.0177],[-107.5366,38.0227],[-107.5399,38.0271],[-107.5369,38.0287],[-107.5375,38.0323],[-107.5318,38.037],[-107.5311,38.039],[-107.527,38.0399],[-107.5253,38.039],[-107.5221,38.042],[-107.5223,38.0442],[-107.5206,38.0457],[-107.5228,38.0482],[-107.5211,38.0518],[-107.523,38.0553],[-107.5223,38.0572],[-107.5159,38.0579],[-107.5109,38.0609],[-107.5145,38.0643],[-107.5168,38.0697],[-107.5233,38.072],[-107.5265,38.0759],[-107.5301,38.0765],[-107.5333,38.0801],[-107.5374,38.0794],[-107.5444,38.0807],[-107.5503,38.0782],[-107.5541,38.0795],[-107.5574,38.0857],[-107.5599,38.0878],[-107.5598,38.0917],[-107.5653,38.0984],[-107.5623,38.1015],[-107.5609,38.1105],[-107.5639,38.1171],[-107.5637,38.125],[-107.5647,38.1279],[-107.5685,38.131],[-107.5692,38.134],[-107.5735,38.135],[-107.574,38.137],[-107.5686,38.1473],[-107.0011,38.1471],[-107.0019,38.0928],[-107.0006,37.956]]]}},{"type":"Feature","properties":{"leaid":"0804650","name":"Hoehne Reorganized School District 3","kind":"Unified","gradeLow":"PK","gradeHigh":"12","state":"CO"},"geometry":{"type":"Polygon","coordinates":[[[-104.1432,37.7583],[-104.0593,37.7342],[-104.0582,37.644],[-103.8571,37.6448],[-103.7321,37.6436],[-103.7325,37.463],[-103.75,37.4629],[-103.7499,37.4485],[-103.7875,37.4486],[-103.7873,37.4213],[-103.8235,37.4212],[-103.824,37.408],[-103.8418,37.408],[-103.8417,37.393],[-103.8609,37.393],[-103.8607,37.3785],[-103.8661,37.3785],[-103.866,37.363],[-103.8849,37.363],[-103.8848,37.349],[-103.9032,37.349],[-103.903,37.3201],[-103.9205,37.3201],[-103.9205,37.2912],[-103.9535,37.2911],[-103.9536,37.263],[-103.9904,37.2631],[-103.9905,37.2499],[-104.0087,37.25],[-104.0088,37.2351],[-104.0267,37.2353],[-104.0268,37.2197],[-104.0645,37.2199],[-104.0649,37.19],[-104.12,37.1902],[-104.1205,37.1615],[-104.1758,37.1617],[-104.1764,37.1172],[-104.2317,37.1174],[-104.2323,36.9948],[-104.3388,36.9935],[-104.4685,36.9938],[-104.4681,37.0901],[-104.4521,37.0898],[-104.4516,37.163],[-104.4866,37.1631],[-104.4863,37.1777],[-104.493,37.1777],[-104.4862,37.1869],[-104.4886,37.1899],[-104.4853,37.191],[-104.4844,37.1927],[-104.4795,37.1933],[-104.4724,37.1995],[-104.4852,37.1994],[-104.4846,37.2249],[-104.486,37.2409],[-104.4851,37.28],[-104.5004,37.28],[-104.5004,37.2948],[-104.5183,37.2948],[-104.5182,37.3243],[-104.5001,37.3243],[-104.5,37.3386],[-104.4492,37.3384],[-104.4489,37.3818],[-104.394,37.3804],[-104.374,37.382],[-104.3373,37.3815],[-104.3366,37.4677],[-104.3751,37.4686],[-104.3758,37.4707],[-104.3729,37.4725],[-104.3744,37.4748],[-104.3719,37.4785],[-104.3652,37.4827],[-104.3656,37.4839],[-104.3636,37.4851],[-104.3641,37.4863],[-104.3614,37.4883],[-104.3614,37.49],[-104.359,37.4894],[-104.3568,37.4905],[-104.3573,37.492],[-104.3503,37.4968],[-104.3495,37.5008],[-104.3453,37.5034],[-104.3422,37.5032],[-104.3422,37.5016],[-104.3399,37.5],[-104.3403,37.4989],[-104.3362,37.4946],[-104.3368,37.4937],[-104.3329,37.4935],[-104.3325,37.4922],[-104.327,37.4938],[-104.3213,37.4934],[-104.3226,37.4946],[-104.321,37.4951],[-104.3211,37.4967],[-104.3184,37.4968],[-104.3191,37.4975],[-104.3171,37.4993],[-104.3145,37.4976],[-104.3098,37.4973],[-104.3042,37.4999],[-104.303,37.5035],[-104.3047,37.5043],[-104.3059,37.5072],[-104.3039,37.515],[-104.2982,37.5173],[-104.2981,37.5186],[-104.2948,37.5192],[-104.2891,37.5283],[-104.2904,37.5296],[-104.2875,37.5306],[-104.2859,37.5325],[-104.2865,37.5338],[-104.2834,37.5348],[-104.2823,37.534],[-104.28,37.5356],[-104.2811,37.5365],[-104.2794,37.536],[-104.275,37.5399],[-104.2754,37.5416],[-104.2734,37.5416],[-104.2725,37.5462],[-104.2694,37.5466],[-104.2685,37.5486],[-104.267,37.5487],[-104.267,37.5521],[-104.2658,37.5533],[-104.2672,37.5552],[-104.2627,37.5635],[-104.2584,37.5651],[-104.2596,37.5657],[-104.26,37.5683],[-104.2582,37.5699],[-104.2582,37.5727],[-104.2546,37.5746],[-104.255,37.5796],[-104.2527,37.5815],[-104.2526,37.5832],[-104.2477,37.584],[-104.2487,37.5863],[-104.2471,37.5871],[-104.2471,37.589],[-104.2486,37.5911],[-104.2468,37.5937],[-104.2481,37.5953],[-104.2456,37.5958],[-104.2444,37.5979],[-104.249,37.5972],[-104.2498,37.6034],[-104.2523,37.606],[-104.2492,37.6077],[-104.2477,37.6116],[-104.2436,37.6132],[-104.2452,37.6147],[-104.2512,37.6143],[-104.2519,37.6153],[-104.2485,37.6162],[-104.2485,37.6207],[-104.2452,37.6235],[-104.2465,37.6259],[-104.2414,37.6329],[-104.2427,37.6354],[-104.2424,37.6382],[-104.2451,37.6417],[-104.2443,37.6484],[-104.2462,37.6497],[-104.2402,37.6588],[-104.2325,37.6588],[-104.2275,37.6609],[-104.2298,37.6628],[-104.2332,37.6627],[-104.2335,37.6657],[-104.2305,37.6659],[-104.2311,37.6673],[-104.2346,37.6685],[-104.2342,37.6709],[-104.2277,37.6705],[-104.2267,37.6692],[-104.2214,37.6696],[-104.2062,37.6779],[-104.2083,37.6808],[-104.2021,37.6842],[-104.1998,37.6881],[-104.1971,37.6897],[-104.1985,37.6914],[-104.2026,37.691],[-104.203,37.6926],[-104.1972,37.6951],[-104.1969,37.6989],[-104.1982,37.7012],[-104.1883,37.7021],[-104.1902,37.7034],[-104.1949,37.7031],[-104.1953,37.7049],[-104.1876,37.7076],[-104.1871,37.7099],[-104.1822,37.7099],[-104.1826,37.7111],[-104.1811,37.7124],[-104.1744,37.7152],[-104.1723,37.7183],[-104.1781,37.7206],[-104.1806,37.7228],[-104.1806,37.7244],[-104.1746,37.728],[-104.1672,37.7258],[-104.1642,37.728],[-104.163,37.7311],[-104.1576,37.7322],[-104.1558,37.7348],[-104.1532,37.7339],[-104.1441,37.7359],[-104.144,37.7397],[-104.1475,37.7428],[-104.1436,37.7454],[-104.1454,37.7543],[-104.1432,37.7583]]]}},{"type":"Feature","properties":{"leaid":"0804680","name":"Holly School District RE-3","kind":"Unified","gradeLow":"PK","gradeHigh":"12","state":"CO"},"geometry":{"type":"Polygon","coordinates":[[[-102.0445,38.2687],[-102.0445,37.9846],[-102.0416,37.6443],[-102.2194,37.6442],[-102.2196,37.8243],[-102.1894,37.8246],[-102.19,37.8679],[-102.2356,37.868],[-102.2356,37.919],[-102.2377,37.9845],[-102.2296,37.9845],[-102.2296,37.9995],[-102.1919,37.9993],[-102.1919,38.0432],[-102.2107,38.0435],[-102.2284,38.0534],[-102.2306,38.0575],[-102.2369,38.0638],[-102.2511,38.0694],[-102.2561,38.0731],[-102.2561,38.0743],[-102.252,38.0703],[-102.247,38.0685],[-102.2472,38.1043],[-102.2565,38.1042],[-102.2588,38.108],[-102.2589,38.1152],[-102.2567,38.1152],[-102.2567,38.2681],[-102.0445,38.2687]]]}},{"type":"Feature","properties":{"leaid":"0804710","name":"Holyoke School District RE-1J","kind":"Unified","gradeLow":"KG","gradeHigh":"12","state":"CO"},"geometry":{"type":"MultiPolygon","coordinates":[[[[-102.4923,40.3734],[-102.5016,40.3734],[-102.5016,40.3807],[-102.4923,40.3808],[-102.4923,40.3734]]],[[[-102.3912,40.7419],[-102.4005,40.7419],[-102.4006,40.7493],[-102.3914,40.7493],[-102.3912,40.7419]]],[[[-102.4006,40.7493],[-102.41,40.7492],[-102.41,40.7566],[-102.4008,40.7566],[-102.4006,40.7493]]],[[[-102.4923,40.3734],[-102.4899,40.3734],[-102.483,40.3734],[-102.483,40.3809],[-102.4732,40.381],[-102.4734,40.3955],[-102.4822,40.3955],[-102.4822,40.3877],[-102.502,40.3877],[-102.502,40.4102],[-102.4735,40.41],[-102.4734,40.4015],[-102.4633,40.4015],[-102.4633,40.4101],[-102.444,40.4102],[-102.444,40.4163],[-102.4736,40.4162],[-102.4737,40.4315],[-102.4822,40.4315],[-102.4822,40.4175],[-102.5012,40.4174],[-102.5012,40.4244],[-102.5118,40.4243],[-102.512,40.4389],[-102.4929,40.439],[-102.4937,40.4977],[-102.4746,40.4978],[-102.4748,40.5124],[-102.4843,40.5123],[-102.4844,40.5416],[-102.475,40.5416],[-102.475,40.5271],[-102.4558,40.5271],[-102.4558,40.5343],[-102.4652,40.5342],[-102.4653,40.5489],[-102.4558,40.5489],[-102.4559,40.6],[-102.4463,40.6],[-102.4463,40.6072],[-102.4369,40.6072],[-102.4369,40.622],[-102.4271,40.622],[-102.4271,40.6294],[-102.4176,40.6294],[-102.4152,40.7055],[-102.4343,40.7055],[-102.4345,40.7019],[-102.4442,40.702],[-102.4443,40.6947],[-102.464,40.6945],[-102.4638,40.702],[-102.459,40.7018],[-102.459,40.7054],[-102.4381,40.7055],[-102.4384,40.7201],[-102.4002,40.7201],[-102.4004,40.7348],[-102.391,40.7348],[-102.3912,40.7419],[-102.3633,40.742],[-102.3637,40.7493],[-102.3823,40.7494],[-102.3822,40.7639],[-102.3629,40.7639],[-102.3631,40.7493],[-102.3256,40.7492],[-102.3257,40.7604],[-102.321,40.7604],[-102.3209,40.7635],[-102.3163,40.7635],[-102.3157,40.7418],[-102.3064,40.7417],[-102.3064,40.7491],[-102.0514,40.7496],[-102.0515,40.3966],[-102.2079,40.3956],[-102.2078,40.4105],[-102.2847,40.4104],[-102.2847,40.3955],[-102.401,40.3958],[-102.4006,40.3524],[-102.4734,40.3519],[-102.4735,40.3663],[-102.4923,40.3662],[-102.4923,40.3734]]],[[[-102.3822,40.7639],[-102.3875,40.7639],[-102.3875,40.7708],[-102.3823,40.7707],[-102.3822,40.7639]]]]}},{"type":"Feature","properties":{"leaid":"0804740","name":"Genoa-Hugo School District C-113","kind":"Unified","gradeLow":"PK","gradeHigh":"12","state":"CO"},"geometry":{"type":"Polygon","coordinates":[[[-103.1631,39.128],[-103.1638,38.7627],[-103.2743,38.7623],[-103.2744,38.7922],[-103.3863,38.7924],[-103.386,38.8944],[-103.4965,38.8944],[-103.4963,38.9225],[-103.5355,38.9226],[-103.5357,38.9516],[-103.7209,38.9511],[-103.721,39.009],[-103.6665,39.0093],[-103.6667,39.0742],[-103.6653,39.128],[-103.6406,39.1279],[-103.6407,39.2147],[-103.5848,39.2153],[-103.5843,39.273],[-103.5659,39.273],[-103.5659,39.2875],[-103.5474,39.2875],[-103.5473,39.3302],[-103.5653,39.3302],[-103.5653,39.3602],[-103.5848,39.3601],[-103.585,39.3889],[-103.585,39.4178],[-103.5479,39.4183],[-103.5481,39.5347],[-103.5576,39.5346],[-103.5577,39.5493],[-103.5483,39.5494],[-103.5485,39.5661],[-103.3781,39.5662],[-103.3791,39.3886],[-103.3608,39.3886],[-103.3617,39.3753],[-103.3609,39.317],[-103.3793,39.317],[-103.3795,39.1422],[-103.1551,39.1419],[-103.1553,39.128],[-103.1631,39.128]]]}},{"type":"Feature","properties":{"leaid":"0804770","name":"Ignacio School District 11-JT","kind":"Unified","gradeLow":"KG","gradeHigh":"12","state":"CO"},"geometry":{"type":"Polygon","coordinates":[[[-107.4821,37.1838],[-107.4815,37.0826],[-107.4427,37.0824],[-107.443,37.1413],[-107.3345,37.1411],[-107.3338,37.0001],[-107.7669,37.0001],[-107.7671,37.0963],[-107.7827,37.0952],[-107.817,37.0963],[-107.8168,37.1038],[-107.8079,37.1039],[-107.808,37.1113],[-107.7987,37.1112],[-107.7985,37.1178],[-107.7893,37.1177],[-107.7896,37.1395],[-107.7572,37.1394],[-107.7568,37.1794],[-107.753,37.1793],[-107.7531,37.1839],[-107.7161,37.184],[-107.7163,37.1911],[-107.7209,37.1912],[-107.7209,37.1934],[-107.7227,37.1934],[-107.7227,37.1984],[-107.7118,37.1984],[-107.7118,37.2019],[-107.6969,37.2019],[-107.6969,37.2159],[-107.6577,37.217],[-107.6572,37.1986],[-107.6495,37.1987],[-107.6506,37.1839],[-107.6387,37.1839],[-107.6388,37.1767],[-107.6205,37.177],[-107.6202,37.184],[-107.4821,37.1838]]]}},{"type":"Feature","properties":{"leaid":"0804800","name":"Jefferson County School District R-1","kind":"Unified","gradeLow":"PK","gradeHigh":"12","state":"CO"},"geometry":{"type":"MultiPolygon","coordinates":[[[[-105.0535,39.6243],[-105.0558,39.6242],[-105.0558,39.626],[-105.0533,39.628],[-105.0535,39.6243]]],[[[-105.0816,39.635],[-105.0809,39.6357],[-105.0809,39.635],[-105.0816,39.635]]],[[[-105.0533,39.6388],[-105.0535,39.6295],[-105.0565,39.6314],[-105.0593,39.6343],[-105.059,39.6388],[-105.0533,39.6388]]],[[[-105.0626,39.653],[-105.0636,39.6519],[-105.0635,39.653],[-105.0626,39.653]]],[[[-105.0639,39.6533],[-105.065,39.6538],[-105.0639,39.6538],[-105.0639,39.6533]]],[[[-105.3978,39.9129],[-105.0529,39.9142],[-105.0532,39.7911],[-105.0644,39.7911],[-105.065,39.7902],[-105.065,39.7884],[-105.0627,39.7883],[-105.0627,39.7838],[-105.0532,39.7838],[-105.0532,39.7349],[-105.0556,39.7345],[-105.0556,39.7331],[-105.0532,39.7331],[-105.0532,39.6824],[-105.0578,39.6823],[-105.0578,39.6787],[-105.0603,39.678],[-105.0626,39.6793],[-105.0626,39.675],[-105.0533,39.675],[-105.0533,39.6678],[-105.072,39.6678],[-105.072,39.6693],[-105.075,39.6705],[-105.0767,39.6691],[-105.0813,39.6701],[-105.0815,39.6686],[-105.0815,39.6621],[-105.0792,39.662],[-105.0767,39.6593],[-105.072,39.66],[-105.07,39.6591],[-105.0701,39.6569],[-105.0673,39.6569],[-105.0675,39.6525],[-105.0708,39.6496],[-105.0639,39.6496],[-105.0626,39.6515],[-105.0581,39.6513],[-105.058,39.653],[-105.0536,39.6512],[-105.0571,39.6512],[-105.0571,39.6497],[-105.0632,39.6496],[-105.0632,39.646],[-105.072,39.646],[-105.0745,39.6441],[-105.0768,39.6394],[-105.0733,39.6387],[-105.0733,39.6366],[-105.0816,39.6362],[-105.0817,39.6388],[-105.0911,39.6387],[-105.0911,39.6351],[-105.1099,39.6351],[-105.1099,39.6271],[-105.1075,39.6271],[-105.1075,39.6242],[-105.0913,39.6242],[-105.0912,39.6271],[-105.0856,39.6261],[-105.0856,39.6285],[-105.0817,39.6273],[-105.0817,39.6301],[-105.0837,39.6302],[-105.0837,39.6313],[-105.081,39.6313],[-105.0745,39.6242],[-105.0761,39.6242],[-105.0651,39.62],[-105.0651,39.6186],[-105.097,39.6184],[-105.097,39.6143],[-105.0581,39.6144],[-105.0582,39.6174],[-105.0565,39.6199],[-105.0572,39.6209],[-105.0535,39.6209],[-105.0541,39.5661],[-105.0487,39.5661],[-105.0514,39.5633],[-105.0573,39.5623],[-105.0583,39.5604],[-105.0607,39.5599],[-105.0611,39.5569],[-105.0643,39.5553],[-105.0667,39.5505],[-105.0741,39.5443],[-105.0746,39.5417],[-105.0764,39.5401],[-105.0777,39.5367],[-105.0761,39.5327],[-105.0801,39.5232],[-105.0779,39.5175],[-105.0784,39.5115],[-105.085,39.506],[-105.0848,39.5012],[-105.0873,39.4966],[-105.0861,39.4949],[-105.0868,39.4934],[-105.0925,39.4884],[-105.0987,39.4854],[-105.1117,39.4835],[-105.1151,39.486],[-105.1176,39.4854],[-105.1183,39.483],[-105.1159,39.4825],[-105.1163,39.4815],[-105.119,39.4801],[-105.1218,39.4813],[-105.1281,39.4776],[-105.1304,39.4737],[-105.1349,39.471],[-105.1326,39.4679],[-105.1325,39.4612],[-105.1275,39.4585],[-105.1242,39.455],[-105.1231,39.448],[-105.1261,39.4402],[-105.1236,39.4341],[-105.1359,39.4265],[-105.1382,39.4231],[-105.1449,39.419],[-105.1551,39.4141],[-105.1603,39.4142],[-105.1661,39.4086],[-105.171,39.4078],[-105.1697,39.4021],[-105.1672,39.3998],[-105.1673,39.3943],[-105.1655,39.394],[-105.164,39.3915],[-105.17,39.3891],[-105.1735,39.3834],[-105.1696,39.3807],[-105.173,39.3777],[-105.1672,39.3724],[-105.1692,39.3687],[-105.1666,39.3618],[-105.1676,39.3592],[-105.1718,39.3568],[-105.1721,39.353],[-105.1773,39.3494],[-105.1765,39.3469],[-105.1773,39.3445],[-105.1795,39.343],[-105.1792,39.3399],[-105.1821,39.3386],[-105.1842,39.3353],[-105.1878,39.3342],[-105.1823,39.3314],[-105.1822,39.3302],[-105.1882,39.328],[-105.1855,39.3244],[-105.1888,39.3212],[-105.1887,39.3171],[-105.1929,39.3129],[-105.1985,39.31],[-105.1967,39.3085],[-105.198,39.3054],[-105.196,39.3021],[-105.2002,39.302],[-105.2011,39.2993],[-105.205,39.2998],[-105.2077,39.2982],[-105.2072,39.2962],[-105.2029,39.2948],[-105.2025,39.2936],[-105.2068,39.2938],[-105.2055,39.2917],[-105.2067,39.2906],[-105.2086,39.2912],[-105.208,39.2896],[-105.2125,39.2845],[-105.2114,39.2807],[-105.2164,39.2776],[-105.2155,39.2766],[-105.2175,39.2746],[-105.2154,39.2725],[-105.2206,39.2692],[-105.2206,39.2678],[-105.2185,39.2668],[-105.2174,39.2604],[-105.2251,39.2605],[-105.2234,39.2584],[-105.2234,39.2562],[-105.227,39.2563],[-105.2278,39.2539],[-105.2344,39.2553],[-105.2344,39.252],[-105.2377,39.2507],[-105.2371,39.2493],[-105.235,39.2495],[-105.2339,39.2469],[-105.2356,39.2443],[-105.2406,39.2441],[-105.2468,39.2404],[-105.2535,39.2433],[-105.2556,39.2359],[-105.2636,39.2291],[-105.2615,39.2266],[-105.2624,39.2246],[-105.2613,39.2233],[-105.2635,39.221],[-105.2606,39.2169],[-105.2615,39.2145],[-105.2599,39.2106],[-105.2621,39.2099],[-105.2632,39.208],[-105.2695,39.2094],[-105.2756,39.2076],[-105.2781,39.2022],[-105.2823,39.201],[-105.2851,39.1946],[-105.2864,39.1863],[-105.2893,39.1839],[-105.2873,39.1813],[-105.2875,39.1791],[-105.2947,39.1748],[-105.2938,39.1731],[-105.2994,39.1725],[-105.302,39.1692],[-105.3004,39.1672],[-105.3049,39.1641],[-105.308,39.1653],[-105.3132,39.1599],[-105.3132,39.1566],[-105.3155,39.1545],[-105.3156,39.1458],[-105.3232,39.1454],[-105.322,39.137],[-105.3283,39.13],[-105.3979,39.1296],[-105.3979,39.25],[-105.3967,39.2649],[-105.3987,39.3262],[-105.3979,39.467],[-105.3992,39.5816],[-105.3978,39.9129]]]]}},{"type":"Feature","properties":{"leaid":"0804830","name":"Johnstown-Milliken School District RE-5J","kind":"Unified","gradeLow":"PK","gradeHigh":"12","state":"CO"},"geometry":{"type":"Polygon","coordinates":[[[-104.8131,40.3842],[-104.813,40.3777],[-104.8227,40.3777],[-104.8224,40.349],[-104.7749,40.3489],[-104.7749,40.3506],[-104.772,40.3506],[-104.772,40.3489],[-104.763,40.3489],[-104.7637,40.3424],[-104.7681,40.3415],[-104.7738,40.3432],[-104.7812,40.3422],[-104.7861,40.3306],[-104.794,40.3317],[-104.7999,40.3304],[-104.8058,40.322],[-104.8088,40.3201],[-104.818,40.3189],[-104.8186,40.3175],[-104.8158,40.3124],[-104.8159,40.3101],[-104.8206,40.3082],[-104.8349,40.2935],[-104.842,40.2926],[-104.8484,40.2851],[-104.8576,40.2843],[-104.8652,40.28],[-104.8664,40.2759],[-104.8735,40.272],[-104.873,40.2687],[-104.8808,40.2686],[-104.8808,40.2651],[-104.886,40.2651],[-104.8859,40.2553],[-104.8954,40.2547],[-104.8957,40.2475],[-104.9049,40.2476],[-104.9048,40.2401],[-104.9233,40.24],[-104.9233,40.2478],[-104.9334,40.248],[-104.9335,40.255],[-104.9417,40.2549],[-104.9417,40.2628],[-104.9514,40.2628],[-104.9513,40.2698],[-104.9987,40.2695],[-104.9988,40.3128],[-105.0178,40.3127],[-105.0177,40.3353],[-104.9893,40.3354],[-104.9896,40.3426],[-104.9804,40.3426],[-104.9813,40.3492],[-104.9704,40.3491],[-104.9705,40.3564],[-104.9514,40.3566],[-104.9514,40.3636],[-104.955,40.3636],[-104.955,40.3709],[-104.9452,40.3708],[-104.9446,40.407],[-104.8699,40.4067],[-104.8698,40.3917],[-104.8227,40.3917],[-104.8227,40.3843],[-104.8131,40.3842]]]}},{"type":"Feature","properties":{"leaid":"0804860","name":"Julesburg School District RE-1","kind":"Unified","gradeLow":"PK","gradeHigh":"12","state":"CO"},"geometry":{"type":"MultiPolygon","coordinates":[[[[-102.3912,40.7419],[-102.3914,40.7493],[-102.4006,40.7493],[-102.4008,40.7566],[-102.41,40.7566],[-102.41,40.7492],[-102.4196,40.7492],[-102.42,40.7706],[-102.43,40.7707],[-102.43,40.7783],[-102.4201,40.7782],[-102.4204,40.7928],[-102.4019,40.7928],[-102.4016,40.8076],[-102.3631,40.8077],[-102.3635,40.7929],[-102.2686,40.7929],[-102.2671,40.8075],[-102.2668,40.8368],[-102.2864,40.8368],[-102.2863,40.8436],[-102.2668,40.8436],[-102.2668,40.866],[-102.3055,40.8661],[-102.3056,40.9388],[-102.2867,40.9386],[-102.2866,40.9585],[-102.2915,40.9573],[-102.2982,40.9524],[-102.3082,40.948],[-102.3106,40.945],[-102.3161,40.9437],[-102.3158,40.9757],[-102.3358,40.9757],[-102.3357,40.9913],[-102.345,40.9912],[-102.3449,41.0022],[-102.0517,41.0024],[-102.0514,40.7496],[-102.3064,40.7491],[-102.3064,40.7417],[-102.3157,40.7418],[-102.3163,40.7635],[-102.3209,40.7635],[-102.321,40.7604],[-102.3257,40.7604],[-102.3256,40.7492],[-102.3631,40.7493],[-102.3629,40.7639],[-102.3822,40.7639],[-102.3823,40.7494],[-102.3637,40.7493],[-102.3633,40.742],[-102.3912,40.7419]],[[-102.3822,40.7639],[-102.3823,40.7707],[-102.3875,40.7708],[-102.3875,40.7639],[-102.3822,40.7639]]],[[[-102.3912,40.7419],[-102.391,40.7348],[-102.4004,40.7348],[-102.4005,40.7419],[-102.3912,40.7419]]]]}},{"type":"Feature","properties":{"leaid":"0804890","name":"Karval School District RE-23","kind":"Unified","gradeLow":"PK","gradeHigh":"12","state":"CO"},"geometry":{"type":"Polygon","coordinates":[[[-103.1638,38.7627],[-103.1642,38.6901],[-103.1725,38.6901],[-103.1729,38.5253],[-103.2506,38.5237],[-103.501,38.5238],[-103.5047,38.5237],[-103.5047,38.5164],[-103.613,38.5179],[-103.6135,38.6092],[-103.7999,38.6089],[-103.8006,38.6929],[-103.8311,38.6928],[-103.8311,38.8449],[-103.8329,38.8669],[-103.7197,38.8668],[-103.7209,38.9511],[-103.5357,38.9516],[-103.5355,38.9226],[-103.4963,38.9225],[-103.4965,38.8944],[-103.386,38.8944],[-103.3863,38.7924],[-103.2744,38.7922],[-103.2743,38.7623],[-103.1638,38.7627]]]}},{"type":"Feature","properties":{"leaid":"0804920","name":"Weld County School District RE-3J","kind":"Unified","gradeLow":"PK","gradeHigh":"12","state":"CO"},"geometry":{"type":"Polygon","coordinates":[[[-104.4924,40.2619],[-104.2637,40.2619],[-104.2638,40.1747],[-104.1975,40.1746],[-104.1977,40.109],[-104.1502,40.1089],[-104.1503,40.0009],[-104.3768,40.0007],[-104.3764,39.9267],[-104.3874,39.9266],[-104.4894,39.9266],[-104.4896,39.9557],[-104.4804,39.9561],[-104.4805,39.9702],[-104.4898,39.9702],[-104.4898,40.0006],[-104.7537,40.0005],[-104.7539,40.0586],[-104.716,40.0586],[-104.7159,40.1022],[-104.7348,40.1022],[-104.7348,40.1165],[-104.7541,40.1165],[-104.7539,40.1745],[-104.6782,40.1745],[-104.6783,40.1605],[-104.6407,40.161],[-104.6402,40.1742],[-104.6215,40.1744],[-104.6211,40.2035],[-104.4924,40.2037],[-104.4924,40.2619]]]}},{"type":"Feature","properties":{"leaid":"0804950","name":"Platte Valley School District RE-7","kind":"Unified","gradeLow":"PK","gradeHigh":"12","state":"CO"},"geometry":{"type":"Polygon","coordinates":[[[-104.3372,40.5157],[-104.3373,40.4654],[-104.3187,40.4655],[-104.3186,40.4366],[-104.3,40.4368],[-104.3006,40.2619],[-104.4924,40.2619],[-104.4924,40.2037],[-104.6027,40.2034],[-104.6027,40.2327],[-104.6208,40.2326],[-104.6207,40.2472],[-104.6025,40.247],[-104.6021,40.3049],[-104.602,40.3339],[-104.6102,40.3341],[-104.6106,40.392],[-104.6201,40.3921],[-104.6201,40.4009],[-104.6145,40.4036],[-104.6152,40.4072],[-104.618,40.4095],[-104.6137,40.414],[-104.6042,40.4162],[-104.5993,40.4208],[-104.583,40.4208],[-104.5834,40.4352],[-104.5775,40.4352],[-104.5775,40.4426],[-104.5725,40.4425],[-104.5725,40.4571],[-104.5647,40.4575],[-104.5646,40.4642],[-104.5732,40.4642],[-104.5732,40.4678],[-104.5731,40.4714],[-104.5646,40.4714],[-104.5646,40.5084],[-104.5456,40.5084],[-104.5458,40.5223],[-104.5268,40.5225],[-104.527,40.5153],[-104.3372,40.5157]]]}},{"type":"Feature","properties":{"leaid":"0804980","name":"Kim Reorganized School District 88","kind":"Unified","gradeLow":"PK","gradeHigh":"12","state":"CO"},"geometry":{"type":"Polygon","coordinates":[[[-103.0759,37.6434],[-103.0747,37.3818],[-103.0825,37.3816],[-103.0867,37.1764],[-103.0873,37.1027],[-103.0861,37.0002],[-103.4081,36.9993],[-103.4077,37.0323],[-103.4729,37.0323],[-103.4732,37.1044],[-103.6241,37.1042],[-103.6241,37.1178],[-103.7332,37.1177],[-103.7336,37.2889],[-103.6966,37.289],[-103.697,37.3469],[-103.6788,37.3469],[-103.679,37.3763],[-103.6763,37.3763],[-103.6762,37.3911],[-103.659,37.3911],[-103.6593,37.4495],[-103.6225,37.4495],[-103.625,37.464],[-103.6252,37.5077],[-103.6078,37.5077],[-103.6076,37.5571],[-103.6442,37.5572],[-103.6443,37.5401],[-103.6809,37.5387],[-103.6807,37.5243],[-103.7175,37.5241],[-103.7174,37.5092],[-103.7326,37.5092],[-103.7321,37.6436],[-103.0759,37.6434]]]}},{"type":"Feature","properties":{"leaid":"0805010","name":"Kiowa School District C-2","kind":"Unified","gradeLow":"PK","gradeHigh":"12","state":"CO"},"geometry":{"type":"Polygon","coordinates":[[[-104.0878,39.3454],[-104.1442,39.3453],[-104.142,39.2737],[-104.1977,39.2736],[-104.1978,39.2588],[-104.179,39.2588],[-104.1795,39.2157],[-104.2073,39.2158],[-104.2072,39.2078],[-104.2174,39.2077],[-104.2175,39.2014],[-104.2359,39.2013],[-104.2358,39.2079],[-104.2444,39.2079],[-104.2443,39.2158],[-104.2735,39.2159],[-104.2735,39.2661],[-104.2819,39.2661],[-104.2819,39.2587],[-104.3149,39.2586],[-104.315,39.256],[-104.3204,39.256],[-104.3204,39.2519],[-104.3248,39.2519],[-104.3248,39.256],[-104.3288,39.256],[-104.3291,39.223],[-104.3385,39.223],[-104.3384,39.2269],[-104.3433,39.2269],[-104.3432,39.2231],[-104.3477,39.2232],[-104.3476,39.2336],[-104.3516,39.2335],[-104.3516,39.244],[-104.3799,39.2411],[-104.4038,39.2415],[-104.4037,39.2663],[-104.4232,39.2662],[-104.4233,39.2671],[-104.4436,39.2661],[-104.4434,39.2596],[-104.4779,39.2594],[-104.478,39.2817],[-104.4971,39.2817],[-104.4971,39.2782],[-104.5157,39.278],[-104.5157,39.2891],[-104.5342,39.289],[-104.5341,39.2926],[-104.5436,39.2927],[-104.5435,39.2821],[-104.5499,39.282],[-104.55,39.2744],[-104.5533,39.2743],[-104.5534,39.3083],[-104.5264,39.3084],[-104.5262,39.3136],[-104.5354,39.3136],[-104.5354,39.321],[-104.5533,39.321],[-104.5531,39.3322],[-104.5381,39.3321],[-104.5382,39.3251],[-104.5244,39.3252],[-104.524,39.3324],[-104.5151,39.3324],[-104.5148,39.3903],[-104.5234,39.3904],[-104.5232,39.4049],[-104.5145,39.4049],[-104.5145,39.4193],[-104.4961,39.4191],[-104.496,39.4374],[-104.4915,39.4371],[-104.4916,39.4392],[-104.4959,39.4393],[-104.4958,39.4551],[-104.4781,39.4551],[-104.478,39.4627],[-104.458,39.4624],[-104.4574,39.564],[-104.2961,39.5647],[-104.2959,39.5531],[-104.3012,39.5531],[-104.3012,39.5129],[-104.2964,39.5131],[-104.2964,39.5058],[-104.3012,39.5058],[-104.3015,39.5018],[-104.3015,39.4958],[-104.297,39.4961],[-104.2971,39.4331],[-104.2014,39.4336],[-104.2014,39.3895],[-104.1833,39.3893],[-104.1833,39.3739],[-104.1455,39.3742],[-104.1454,39.3894],[-104.1066,39.3893],[-104.1064,39.3602],[-104.0878,39.3603],[-104.0878,39.3454]]]}},{"type":"Feature","properties":{"leaid":"0805040","name":"Kit Carson School District R-1","kind":"Unified","gradeLow":"KG","gradeHigh":"12","state":"CO"},"geometry":{"type":"Polygon","coordinates":[[[-102.627,38.6133],[-103.0542,38.6151],[-103.1729,38.6125],[-103.1725,38.6901],[-103.1642,38.6901],[-103.163,39.0376],[-103.0514,39.0396],[-102.7241,39.0402],[-102.7158,39.0387],[-102.5447,39.041],[-102.5447,38.9822],[-102.6192,38.982],[-102.6184,38.8235],[-102.6157,38.693],[-102.6277,38.6929],[-102.627,38.6133]]]}},{"type":"Feature","properties":{"leaid":"0805070","name":"West Grand School District 1-JT","kind":"Unified","gradeLow":"KG","gradeHigh":"12","state":"CO"},"geometry":{"type":"Polygon","coordinates":[[[-106.1403,40.3301],[-106.1404,40.2672],[-106.1426,40.1788],[-106.1431,40.043],[-106.1048,40.0427],[-106.1046,40.0283],[-106.0857,40.028],[-106.0853,40.0147],[-106.0484,40.0149],[-106.0489,40.0004],[-105.9998,39.9996],[-105.9999,39.9806],[-105.9875,39.9807],[-105.9802,39.9795],[-105.9807,39.9371],[-105.9627,39.9356],[-105.9627,39.9072],[-105.9493,39.907],[-105.94,39.902],[-105.9426,39.8879],[-105.9397,39.8768],[-105.9446,39.8711],[-105.9476,39.8645],[-105.9663,39.8489],[-105.9645,39.8462],[-105.9574,39.8438],[-105.9559,39.8421],[-105.9557,39.8387],[-105.9576,39.8339],[-105.9524,39.8261],[-105.9536,39.8219],[-105.957,39.8191],[-105.9587,39.8139],[-105.9619,39.8113],[-105.9633,39.8027],[-105.9613,39.8002],[-105.9518,39.7962],[-105.9475,39.7961],[-105.9438,39.7939],[-105.9358,39.7944],[-105.9342,39.793],[-105.9311,39.796],[-105.9227,39.7993],[-105.916,39.8083],[-105.91,39.8073],[-105.9083,39.8098],[-105.9061,39.8101],[-105.9019,39.809],[-105.8978,39.8059],[-105.8876,39.7966],[-105.8877,39.789],[-105.8927,39.7826],[-105.89,39.7786],[-105.8896,39.7737],[-105.8875,39.7705],[-105.8867,39.766],[-105.8828,39.7634],[-105.8805,39.7593],[-105.8848,39.7517],[-105.885,39.75],[-105.8823,39.7456],[-105.8837,39.737],[-105.8918,39.7304],[-105.9047,39.7288],[-105.9067,39.7275],[-105.9083,39.7262],[-105.9075,39.724],[-105.9105,39.7207],[-105.9118,39.7153],[-105.9168,39.7136],[-105.9214,39.7099],[-105.9245,39.7034],[-105.9251,39.6984],[-105.9301,39.6975],[-105.9365,39.6926],[-105.9456,39.6889],[-105.951,39.6951],[-105.9619,39.6908],[-105.9704,39.6906],[-105.9724,39.6917],[-105.981,39.6898],[-105.9854,39.6874],[-105.991,39.6875],[-105.9963,39.6841],[-106.0065,39.688],[-106.013,39.6863],[-106.0259,39.6891],[-106.0263,39.6908],[-106.0319,39.6942],[-106.0336,39.6968],[-106.0343,39.703],[-106.0379,39.7076],[-106.0381,39.7121],[-106.0416,39.716],[-106.0486,39.7211],[-106.056,39.7214],[-106.0585,39.7247],[-106.058,39.7288],[-106.0602,39.7345],[-106.0597,39.7406],[-106.0649,39.7481],[-106.0619,39.7514],[-106.0659,39.7538],[-106.0648,39.7603],[-106.0656,39.7626],[-106.0701,39.7673],[-106.071,39.7727],[-106.0746,39.7801],[-106.0812,39.7874],[-106.078,39.7935],[-106.0822,39.7963],[-106.0841,39.8067],[-106.09,39.8093],[-106.092,39.8129],[-106.0999,39.8198],[-106.1047,39.8218],[-106.1124,39.8297],[-106.117,39.832],[-106.1245,39.8418],[-106.1297,39.844],[-106.1379,39.8435],[-106.1434,39.8393],[-106.1489,39.8394],[-106.1601,39.8434],[-106.1651,39.8438],[-106.1676,39.8455],[-106.1711,39.8453],[-106.1725,39.8479],[-106.1768,39.849],[-106.1767,39.8267],[-106.2528,39.8275],[-106.2524,39.7829],[-106.3895,39.7824],[-106.389,39.7877],[-106.3943,39.7906],[-106.3969,39.7901],[-106.3958,39.7927],[-106.3964,39.7958],[-106.4013,39.7999],[-106.4011,39.8056],[-106.4072,39.8128],[-106.4107,39.8204],[-106.4125,39.8293],[-106.5726,39.8289],[-106.598,39.8304],[-106.6291,39.8288],[-106.6266,39.9187],[-106.6261,40.0],[-106.6265,40.0019],[-106.637,40.0021],[-106.637,40.179],[-106.6331,40.179],[-106.6323,40.3416],[-106.6528,40.3416],[-106.6522,40.4452],[-106.6503,40.4398],[-106.6386,40.4322],[-106.6325,40.4326],[-106.6264,40.431],[-106.6235,40.4317],[-106.6222,40.4298],[-106.6265,40.427],[-106.6292,40.4189],[-106.6252,40.415],[-106.6239,40.4109],[-106.6195,40.4052],[-106.6176,40.3932],[-106.612,40.3868],[-106.6123,40.3794],[-106.6094,40.3783],[-106.6082,40.3797],[-106.6037,40.3783],[-106.6025,40.3761],[-106.601,40.3758],[-106.5965,40.3789],[-106.5967,40.381],[-106.5945,40.3814],[-106.5946,40.3832],[-106.5911,40.3806],[-106.5854,40.3823],[-106.5766,40.3786],[-106.5593,40.3781],[-106.5567,40.3773],[-106.5556,40.3726],[-106.5535,40.3699],[-106.5467,40.3703],[-106.5444,40.372],[-106.5399,40.3713],[-106.5349,40.3651],[-106.5313,40.3666],[-106.5297,40.3691],[-106.5293,40.3728],[-106.5268,40.3772],[-106.527,40.3832],[-106.5253,40.3858],[-106.5204,40.3885],[-106.5189,40.391],[-106.5123,40.3868],[-106.5103,40.3893],[-106.5105,40.3934],[-106.5026,40.3993],[-106.501,40.4026],[-106.4958,40.4036],[-106.4949,40.4069],[-106.4898,40.4116],[-106.4825,40.4084],[-106.4773,40.4037],[-106.4771,40.3997],[-106.48,40.3948],[-106.4797,40.3919],[-106.4813,40.3894],[-106.4745,40.388],[-106.4712,40.3834],[-106.4731,40.3794],[-106.4671,40.3792],[-106.4644,40.3759],[-106.4632,40.367],[-106.4583,40.3665],[-106.4561,40.3633],[-106.4555,40.358],[-106.4578,40.3561],[-106.457,40.3545],[-106.4543,40.3543],[-106.4432,40.3465],[-106.4388,40.3503],[-106.433,40.3496],[-106.4306,40.3513],[-106.4275,40.3508],[-106.4218,40.3528],[-106.4185,40.3501],[-106.414,40.3509],[-106.4103,40.3502],[-106.4074,40.3461],[-106.404,40.345],[-106.3964,40.347],[-106.3897,40.3457],[-106.3853,40.3524],[-106.3812,40.3528],[-106.3725,40.357],[-106.37,40.3575],[-106.3663,40.3559],[-106.3622,40.358],[-106.3565,40.3581],[-106.3515,40.3558],[-106.3504,40.3531],[-106.3449,40.3496],[-106.3439,40.3465],[-106.3376,40.3429],[-106.337,40.3396],[-106.3212,40.3373],[-106.3122,40.3302],[-106.3058,40.3285],[-106.3052,40.3309],[-106.2995,40.3303],[-106.2983,40.3324],[-106.296,40.3331],[-106.2965,40.3353],[-106.2939,40.3376],[-106.2985,40.3413],[-106.2987,40.3448],[-106.2972,40.3469],[-106.2987,40.3494],[-106.2958,40.3515],[-106.2955,40.3542],[-106.2927,40.3569],[-106.2863,40.3589],[-106.2842,40.3558],[-106.2779,40.3537],[-106.2698,40.3572],[-106.2692,40.3593],[-106.2657,40.361],[-106.2597,40.3578],[-106.2561,40.3513],[-106.2536,40.3503],[-106.2536,40.3466],[-106.2511,40.3406],[-106.2448,40.3373],[-106.2389,40.3298],[-106.239,40.328],[-106.2362,40.3257],[-106.2307,40.3245],[-106.2305,40.3234],[-106.2217,40.3258],[-106.2207,40.3278],[-106.2171,40.3291],[-106.2017,40.3265],[-106.1989,40.3271],[-106.1969,40.3256],[-106.1892,40.3265],[-106.1798,40.334],[-106.1792,40.3383],[-106.1747,40.3432],[-106.1705,40.344],[-106.1627,40.343],[-106.1564,40.337],[-106.1516,40.3349],[-106.1494,40.332],[-106.1403,40.3301]]]}},{"type":"Feature","properties":{"leaid":"0805100","name":"North Conejos School District RE-1J","kind":"Unified","gradeLow":"KG","gradeHigh":"12","state":"CO"},"geometry":{"type":"Polygon","coordinates":[[[-106.3654,37.4009],[-106.1124,37.4011],[-106.1123,37.3354],[-106.0202,37.3348],[-106.0203,37.3419],[-105.9838,37.3418],[-105.9837,37.3559],[-105.9856,37.3563],[-105.9846,37.3571],[-105.9845,37.3841],[-105.8751,37.384],[-105.8747,37.3563],[-105.8867,37.3563],[-105.8866,37.3418],[-105.9095,37.342],[-105.9095,37.346],[-105.918,37.3459],[-105.918,37.3425],[-105.9226,37.3425],[-105.9226,37.3343],[-105.8913,37.3344],[-105.8913,37.3286],[-105.8955,37.3286],[-105.8955,37.3272],[-105.9091,37.3273],[-105.9091,37.3241],[-105.9141,37.3241],[-105.9141,37.3273],[-105.9235,37.3272],[-105.9232,37.3057],[-105.932,37.3057],[-105.932,37.2989],[-105.9224,37.2984],[-105.9224,37.2956],[-105.9133,37.2958],[-105.9134,37.2943],[-105.9225,37.2942],[-105.9225,37.2879],[-105.9138,37.2869],[-105.9138,37.2832],[-105.9187,37.2833],[-105.9187,37.2795],[-105.928,37.2795],[-105.928,37.2778],[-105.9372,37.2764],[-105.9371,37.2729],[-105.9233,37.2729],[-105.9233,37.2685],[-105.9328,37.2686],[-105.9342,37.2395],[-105.9579,37.24],[-105.9576,37.2294],[-105.9469,37.2295],[-105.9471,37.2249],[-105.944,37.2249],[-105.9438,37.2296],[-105.9386,37.2296],[-105.9385,37.2363],[-105.9248,37.2364],[-105.9248,37.2331],[-105.9339,37.2331],[-105.9342,37.2249],[-105.9209,37.2249],[-105.9208,37.2172],[-105.9165,37.2173],[-105.9165,37.203],[-105.8889,37.203],[-105.8891,37.2173],[-105.8849,37.2173],[-105.8847,37.2098],[-105.8705,37.2096],[-105.8704,37.2022],[-105.8177,37.2022],[-105.8178,37.1367],[-105.8924,37.1367],[-105.8925,37.131],[-105.9051,37.131],[-105.9051,37.1373],[-105.9183,37.1373],[-105.9184,37.13],[-105.9274,37.13],[-105.9274,37.1382],[-105.973,37.1383],[-105.973,37.1324],[-106.0284,37.1328],[-106.0284,37.1257],[-106.0468,37.1256],[-106.0468,37.1328],[-106.0558,37.1329],[-106.0558,37.1416],[-106.2493,37.1427],[-106.2982,37.141],[-106.3641,37.1413],[-106.365,37.2279],[-106.6707,37.2254],[-106.6784,37.2286],[-106.6784,37.4037],[-106.4987,37.4018],[-106.488,37.4016],[-106.488,37.3994],[-106.3654,37.4009]]]}},{"type":"Feature","properties":{"leaid":"0805130","name":"East Otero School District R-1","kind":"Unified","gradeLow":"PK","gradeHigh":"12","state":"CO"},"geometry":{"type":"Polygon","coordinates":[[[-103.4043,37.6436],[-103.7505,37.6436],[-103.8571,37.6448],[-104.0582,37.644],[-104.0593,37.7342],[-104.0611,37.7347],[-104.0617,37.75],[-104.0619,37.8227],[-103.9503,37.8228],[-103.9496,37.9101],[-103.9167,37.91],[-103.915,37.9168],[-103.8973,37.9178],[-103.8859,37.9099],[-103.7116,37.9096],[-103.712,37.8653],[-103.6724,37.8939],[-103.5834,37.8957],[-103.5829,38.0257],[-103.5647,38.0264],[-103.5648,38.0552],[-103.5281,38.0551],[-103.5281,38.07],[-103.5097,38.0701],[-103.5098,38.0845],[-103.3987,38.0847],[-103.3981,37.9606],[-103.3998,37.8996],[-103.3999,37.8228],[-103.4037,37.8228],[-103.4043,37.6436]]]}},{"type":"Feature","properties":{"leaid":"0805160","name":"La Veta School District RE-2","kind":"Unified","gradeLow":"PK","gradeHigh":"12","state":"CO"},"geometry":{"type":"Polygon","coordinates":[[[-104.925,37.3962],[-104.9264,37.397],[-104.9326,37.3954],[-104.9389,37.3892],[-104.9467,37.3914],[-104.9539,37.3892],[-104.9712,37.3762],[-104.9758,37.3767],[-104.9835,37.3734],[-104.9899,37.376],[-104.9955,37.3756],[-105.0048,37.3632],[-105.0117,37.3588],[-105.0161,37.3584],[-105.0203,37.3563],[-105.0236,37.3568],[-105.0248,37.35],[-105.0233,37.3426],[-105.0247,37.3403],[-105.0303,37.3395],[-105.0367,37.3416],[-105.0506,37.331],[-105.068,37.326],[-105.0735,37.3201],[-105.0746,37.3168],[-105.0842,37.315],[-105.0942,37.3147],[-105.0962,37.3118],[-105.0949,37.3082],[-105.0986,37.3036],[-105.1113,37.2992],[-105.1157,37.2962],[-105.1281,37.2968],[-105.1302,37.2979],[-105.1317,37.3012],[-105.143,37.2959],[-105.1481,37.2964],[-105.152,37.293],[-105.1579,37.2929],[-105.1646,37.2891],[-105.1653,37.2952],[-105.1634,37.3004],[-105.1669,37.3138],[-105.1654,37.3168],[-105.1669,37.3227],[-105.1631,37.3289],[-105.1679,37.337],[-105.1641,37.3428],[-105.1641,37.3452],[-105.1663,37.349],[-105.166,37.3525],[-105.168,37.3547],[-105.167,37.3581],[-105.1689,37.3615],[-105.1657,37.3694],[-105.169,37.375],[-105.1653,37.3812],[-105.167,37.3879],[-105.1626,37.3903],[-105.1562,37.3992],[-105.1386,37.4007],[-105.1327,37.4036],[-105.1297,37.4093],[-105.1306,37.4117],[-105.136,37.4125],[-105.1394,37.4156],[-105.1415,37.4237],[-105.141,37.4286],[-105.1451,37.429],[-105.144,37.4317],[-105.1465,37.436],[-105.1468,37.4411],[-105.1496,37.4432],[-105.1522,37.4516],[-105.1557,37.4565],[-105.1586,37.4573],[-105.1639,37.4545],[-105.1688,37.4562],[-105.1714,37.4554],[-105.1755,37.4565],[-105.1735,37.4611],[-105.1767,37.4756],[-105.1822,37.4792],[-105.1748,37.4853],[-105.1745,37.487],[-105.1777,37.4914],[-105.1726,37.4988],[-105.1743,37.5025],[-105.1734,37.5058],[-105.1741,37.5093],[-105.1713,37.5132],[-105.1725,37.5156],[-105.1716,37.5181],[-105.1743,37.5199],[-105.1736,37.523],[-105.1767,37.5269],[-105.1777,37.5341],[-105.1837,37.5396],[-105.1821,37.5426],[-105.1827,37.5468],[-105.1784,37.5463],[-105.1803,37.5499],[-105.1839,37.5526],[-105.184,37.5558],[-105.1948,37.5647],[-105.1933,37.5664],[-105.196,37.5699],[-105.2016,37.574],[-105.2053,37.5743],[-105.2139,37.5779],[-105.2143,37.5797],[-105.2184,37.5835],[-105.2119,37.5861],[-105.2067,37.5898],[-105.1085,37.5908],[-105.1082,37.6198],[-105.0714,37.6199],[-105.0712,37.6055],[-105.053,37.6057],[-105.0527,37.5768],[-105.0431,37.5769],[-105.0412,37.5757],[-105.039,37.577],[-105.0293,37.5771],[-104.9784,37.5761],[-104.9783,37.5614],[-104.9232,37.5611],[-104.9235,37.547],[-104.8979,37.5462],[-104.8832,37.5425],[-104.8766,37.544],[-104.877,37.5164],[-104.9418,37.5178],[-104.9418,37.4921],[-104.9403,37.4917],[-104.9423,37.4736],[-104.9608,37.4737],[-104.9608,37.4298],[-104.9421,37.4298],[-104.942,37.4153],[-104.9243,37.4144],[-104.925,37.3962]]]}},{"type":"Feature","properties":{"leaid":"0805190","name":"Lake County School District R-1","kind":"Unified","gradeLow":"PK","gradeHigh":"12","state":"CO"},"geometry":{"type":"Polygon","coordinates":[[[-106.2256,39.3796],[-106.1355,39.3795],[-106.1378,39.3768],[-106.1387,39.372],[-106.1444,39.3681],[-106.1488,39.3684],[-106.1529,39.3628],[-106.1484,39.3586],[-106.147,39.3493],[-106.1399,39.3396],[-106.1472,39.3276],[-106.15,39.3254],[-106.1512,39.3207],[-106.1695,39.3222],[-106.1742,39.3183],[-106.1764,39.3121],[-106.183,39.3109],[-106.184,39.3094],[-106.1831,39.3011],[-106.1809,39.2988],[-106.1826,39.2931],[-106.1819,39.29],[-106.1855,39.2858],[-106.1849,39.2834],[-106.1867,39.2791],[-106.1857,39.2733],[-106.1815,39.2654],[-106.1804,39.2599],[-106.1816,39.257],[-106.1808,39.2479],[-106.1851,39.2427],[-106.1828,39.2396],[-106.1729,39.2368],[-106.1695,39.2338],[-106.1683,39.2307],[-106.1699,39.2281],[-106.1702,39.223],[-106.1782,39.2191],[-106.1772,39.2181],[-106.1784,39.213],[-106.1821,39.2099],[-106.1847,39.2093],[-106.1803,39.2025],[-106.1793,39.1935],[-106.1855,39.1866],[-106.1828,39.1804],[-106.1784,39.1746],[-106.1782,39.1675],[-106.1794,39.165],[-106.1753,39.1563],[-106.1748,39.148],[-106.1735,39.1448],[-106.1748,39.1414],[-106.1729,39.1388],[-106.1823,39.1303],[-106.1858,39.1292],[-106.1887,39.121],[-106.1911,39.1211],[-106.2035,39.1141],[-106.2034,39.112],[-106.2074,39.1095],[-106.2102,39.1039],[-106.2034,39.1027],[-106.1999,39.1044],[-106.1958,39.1045],[-106.1904,39.1028],[-106.1879,39.1037],[-106.1786,39.1033],[-106.172,39.096],[-106.1693,39.0878],[-106.1728,39.084],[-106.1757,39.0829],[-106.1803,39.0772],[-106.1861,39.075],[-106.1865,39.0716],[-106.1916,39.068],[-106.1905,39.064],[-106.1917,39.0592],[-106.191,39.0561],[-106.578,39.0579],[-106.5769,39.0634],[-106.5776,39.0728],[-106.5795,39.0775],[-106.5771,39.0794],[-106.5849,39.0848],[-106.5863,39.0877],[-106.5862,39.0941],[-106.5803,39.1022],[-106.5747,39.1043],[-106.5702,39.1035],[-106.5633,39.1073],[-106.5647,39.1091],[-106.565,39.114],[-106.5582,39.1202],[-106.5583,39.1242],[-106.5604,39.1284],[-106.5647,39.1329],[-106.5595,39.1397],[-106.5587,39.1438],[-106.5626,39.1519],[-106.5613,39.1557],[-106.5572,39.1567],[-106.5517,39.1615],[-106.545,39.1589],[-106.5381,39.158],[-106.5361,39.1594],[-106.5351,39.1631],[-106.5313,39.1612],[-106.5274,39.161],[-106.5209,39.1574],[-106.5189,39.1597],[-106.5111,39.1635],[-106.5084,39.1678],[-106.51,39.1747],[-106.5082,39.178],[-106.5026,39.1804],[-106.4996,39.1838],[-106.4982,39.1927],[-106.4936,39.1983],[-106.4946,39.2001],[-106.4938,39.2064],[-106.495,39.2085],[-106.4929,39.2159],[-106.4939,39.2193],[-106.4918,39.2208],[-106.4922,39.2257],[-106.4897,39.228],[-106.4987,39.2349],[-106.4976,39.242],[-106.4883,39.2493],[-106.4862,39.2539],[-106.4831,39.2551],[-106.483,39.258],[-106.4811,39.2599],[-106.4841,39.2654],[-106.483,39.2724],[-106.4898,39.2731],[-106.4936,39.278],[-106.4985,39.2793],[-106.504,39.2848],[-106.5046,39.2874],[-106.5029,39.29],[-106.5036,39.2951],[-106.4999,39.3015],[-106.4925,39.304],[-106.4918,39.3066],[-106.4874,39.309],[-106.4851,39.3126],[-106.4777,39.3145],[-106.4762,39.3147],[-106.4762,39.3125],[-106.4729,39.3084],[-106.4683,39.3073],[-106.4659,39.3115],[-106.4597,39.313],[-106.4542,39.3123],[-106.4507,39.3167],[-106.4441,39.3152],[-106.4398,39.3173],[-106.4325,39.3164],[-106.4269,39.3234],[-106.4295,39.3337],[-106.4285,39.3351],[-106.4323,39.336],[-106.4349,39.3411],[-106.4352,39.3466],[-106.4335,39.3542],[-106.4282,39.3609],[-106.4216,39.3638],[-106.4173,39.3673],[-106.4148,39.3675],[-106.4082,39.3737],[-106.4051,39.3789],[-106.4006,39.381],[-106.3917,39.3794],[-106.3867,39.3767],[-106.3806,39.3762],[-106.3782,39.3694],[-106.372,39.3637],[-106.3708,39.3606],[-106.3645,39.36],[-106.3626,39.3572],[-106.358,39.3551],[-106.3517,39.3537],[-106.3393,39.3591],[-106.3329,39.3582],[-106.3212,39.3593],[-106.3116,39.3622],[-106.3026,39.3611],[-106.2963,39.3573],[-106.2953,39.3529],[-106.2923,39.3518],[-106.2857,39.3521],[-106.2838,39.3495],[-106.271,39.3581],[-106.2638,39.3588],[-106.2591,39.362],[-106.251,39.3576],[-106.2502,39.3607],[-106.245,39.3641],[-106.2395,39.3657],[-106.2339,39.3729],[-106.2269,39.3742],[-106.2256,39.3796]]]}},{"type":"Feature","properties":{"leaid":"0805220","name":"Lamar School District RE-2","kind":"Unified","gradeLow":"PK","gradeHigh":"12","state":"CO"},"geometry":{"type":"Polygon","coordinates":[[[-102.4797,38.2679],[-102.4807,38.2635],[-102.484,38.2595],[-102.4817,38.256],[-102.4871,38.2491],[-102.4849,38.2443],[-102.4852,38.2353],[-102.4824,38.231],[-102.4856,38.2281],[-102.4835,38.2257],[-102.4862,38.2232],[-102.4855,38.2207],[-102.4822,38.2189],[-102.4803,38.2139],[-102.4825,38.2108],[-102.4833,38.2065],[-102.4864,38.2043],[-102.4857,38.2026],[-102.4776,38.2007],[-102.4723,38.1959],[-102.474,38.1877],[-102.4687,38.1769],[-102.4703,38.1738],[-102.4689,38.17],[-102.4693,38.1502],[-102.4678,38.1417],[-102.463,38.142],[-102.4597,38.1466],[-102.4549,38.1481],[-102.4518,38.1462],[-102.4484,38.1412],[-102.4406,38.1383],[-102.4364,38.1402],[-102.4338,38.1362],[-102.4293,38.1341],[-102.4259,38.1398],[-102.4234,38.1415],[-102.4181,38.1392],[-102.4153,38.1395],[-102.4116,38.1457],[-102.4107,38.1503],[-102.4086,38.1516],[-102.4073,38.1504],[-102.4048,38.1342],[-102.4,38.1311],[-102.3945,38.1329],[-102.3919,38.1288],[-102.3878,38.1329],[-102.3849,38.1328],[-102.3847,38.1146],[-102.4122,38.1145],[-102.4114,37.9839],[-102.4103,37.9778],[-102.4104,37.8259],[-102.4104,37.824],[-102.42,37.8239],[-102.4194,37.6439],[-102.7476,37.6436],[-102.748,37.8232],[-102.7405,37.8241],[-102.7417,38.097],[-102.7209,38.1029],[-102.7037,38.1027],[-102.6965,38.0989],[-102.6952,38.0949],[-102.6935,38.0935],[-102.682,38.0985],[-102.6799,38.0981],[-102.6772,38.0945],[-102.6721,38.0938],[-102.6709,38.0949],[-102.6713,38.099],[-102.6695,38.1006],[-102.6609,38.1003],[-102.6611,38.1058],[-102.6594,38.1083],[-102.6534,38.1044],[-102.6401,38.1074],[-102.6255,38.1078],[-102.6232,38.1069],[-102.623,38.1509],[-102.6321,38.1508],[-102.6322,38.1578],[-102.65,38.1578],[-102.6507,38.1723],[-102.66,38.1722],[-102.6599,38.1935],[-102.6688,38.1936],[-102.6682,38.2673],[-102.4797,38.2679]]]}},{"type":"Feature","properties":{"leaid":"0805250","name":"Las Animas School District RE-1","kind":"Unified","gradeLow":"PK","gradeHigh":"12","state":"CO"},"geometry":{"type":"Polygon","coordinates":[[[-103.071,38.2664],[-103.0705,38.1141],[-103.0598,38.1141],[-103.0597,38.1068],[-103.0709,38.1067],[-103.071,38.088],[-103.0687,38.0876],[-103.0529,38.0762],[-103.0491,38.0749],[-103.0434,38.0762],[-103.0386,38.0729],[-103.0136,38.0702],[-103.0134,37.9911],[-102.9958,37.9914],[-102.9957,37.9767],[-103.0132,37.9781],[-103.014,37.9239],[-103.0167,37.9107],[-103.0167,37.867],[-103.1063,37.8669],[-103.1059,37.8232],[-103.102,37.8235],[-103.1021,37.8037],[-103.0213,37.804],[-103.0215,37.7309],[-102.9662,37.7312],[-102.9658,37.6438],[-103.4043,37.6436],[-103.4037,37.8228],[-103.3999,37.8228],[-103.3998,37.8996],[-103.3981,37.9606],[-103.3999,38.2654],[-103.071,38.2664]]]}},{"type":"Feature","properties":{"leaid":"0805280","name":"Limon School District RE-4J","kind":"Unified","gradeLow":"PK","gradeHigh":"12","state":"CO"},"geometry":{"type":"Polygon","coordinates":[[[-103.5485,39.5661],[-103.5483,39.5494],[-103.5577,39.5493],[-103.5576,39.5346],[-103.5481,39.5347],[-103.5479,39.4183],[-103.585,39.4178],[-103.585,39.3889],[-103.5848,39.3601],[-103.5653,39.3602],[-103.5653,39.3302],[-103.5473,39.3302],[-103.5474,39.2875],[-103.5659,39.2875],[-103.5659,39.273],[-103.5843,39.273],[-103.5848,39.2153],[-103.6407,39.2147],[-103.6406,39.1279],[-103.6653,39.128],[-103.6667,39.0742],[-103.6665,39.0093],[-103.721,39.009],[-103.7209,39.0401],[-103.8302,39.0401],[-103.829,39.1282],[-103.8272,39.1288],[-103.8257,39.4342],[-103.715,39.4337],[-103.7144,39.5663],[-103.5485,39.5661]]]}},{"type":"Feature","properties":{"leaid":"0805310","name":"Littleton School District 6","kind":"Unified","gradeLow":"PK","gradeHigh":"12","state":"CO"},"geometry":{"type":"Polygon","coordinates":[[[-105.0368,39.6281],[-105.0161,39.6277],[-105.0161,39.6258],[-105.0141,39.6257],[-105.0142,39.6241],[-104.9786,39.6241],[-104.9783,39.6167],[-104.9693,39.6167],[-104.9692,39.6241],[-104.9598,39.6242],[-104.9598,39.6199],[-104.9552,39.6206],[-104.9551,39.6223],[-104.9505,39.6224],[-104.9411,39.6224],[-104.9394,39.62],[-104.9394,39.6224],[-104.9272,39.6163],[-104.9228,39.6118],[-104.923,39.5806],[-104.9138,39.5805],[-104.9135,39.5713],[-104.9119,39.5703],[-104.9119,39.566],[-105.0541,39.5661],[-105.0534,39.6315],[-105.0441,39.6315],[-105.0442,39.628],[-105.0401,39.6281],[-105.038,39.6268],[-105.0368,39.6281]]]}},{"type":"Feature","properties":{"leaid":"0805340","name":"Lone Star School District 101","kind":"Unified","gradeLow":"KG","gradeHigh":"12","state":"CO"},"geometry":{"type":"Polygon","coordinates":[[[-102.78,40.4384],[-102.7802,40.3511],[-102.7936,40.3513],[-102.7934,40.2197],[-102.8703,40.2215],[-102.8704,40.2509],[-102.8895,40.2512],[-102.89,40.2658],[-102.928,40.2663],[-102.9283,40.2514],[-102.9473,40.2512],[-102.9469,40.2662],[-102.9659,40.2662],[-102.9664,40.2806],[-103.0138,40.2808],[-103.0138,40.2949],[-102.9952,40.2951],[-102.9954,40.3235],[-103.0237,40.3247],[-103.0237,40.3301],[-103.0334,40.33],[-103.0336,40.3378],[-103.0428,40.3375],[-103.0428,40.3299],[-103.053,40.3298],[-103.053,40.3374],[-103.062,40.3374],[-103.062,40.3232],[-103.0531,40.3232],[-103.0529,40.309],[-103.0618,40.309],[-103.0617,40.2948],[-103.0809,40.2947],[-103.0815,40.35],[-103.1595,40.3496],[-103.1606,40.3933],[-103.1026,40.3932],[-103.1027,40.4077],[-103.0457,40.4081],[-103.0456,40.4371],[-102.78,40.4384]]]}},{"type":"Feature","properties":{"leaid":"0805370","name":"St. Vrain Valley School District RE 1J","kind":"Unified","gradeLow":"PK","gradeHigh":"12","state":"CO"},"geometry":{"type":"Polygon","coordinates":[[[-105.3906,40.3502],[-105.3061,40.3494],[-105.3061,40.3367],[-105.2988,40.3367],[-105.2988,40.3235],[-105.2688,40.3236],[-105.2614,40.3217],[-105.2612,40.3152],[-105.2635,40.3098],[-105.2317,40.3098],[-105.2309,40.2854],[-105.2256,40.2852],[-105.2255,40.2774],[-105.2217,40.2774],[-105.2216,40.2627],[-105.2126,40.2625],[-105.2126,40.2612],[-105.2148,40.2613],[-105.2148,40.2464],[-105.1928,40.2463],[-105.1929,40.2384],[-105.1683,40.2384],[-105.1684,40.2354],[-105.1653,40.2354],[-105.1653,40.2323],[-105.1596,40.2323],[-105.1597,40.2392],[-105.1375,40.2392],[-105.1376,40.2429],[-105.1332,40.2429],[-105.1331,40.2469],[-105.1312,40.2469],[-105.1311,40.2569],[-105.1429,40.2613],[-105.0551,40.2618],[-105.0551,40.2693],[-104.9513,40.2698],[-104.9514,40.2628],[-104.9417,40.2628],[-104.9417,40.2549],[-104.9335,40.255],[-104.9334,40.248],[-104.9233,40.2478],[-104.9232,40.2332],[-104.9143,40.2331],[-104.9143,40.2253],[-104.9047,40.2253],[-104.9047,40.2041],[-104.9231,40.2042],[-104.9241,40.1456],[-104.9046,40.1456],[-104.9051,40.0583],[-104.9707,40.0585],[-104.9708,40.0003],[-105.0555,40.0003],[-105.0554,40.0215],[-105.0745,40.0221],[-105.0745,40.0441],[-105.0934,40.0436],[-105.0934,40.0657],[-105.0745,40.0657],[-105.0744,40.0796],[-105.121,40.0793],[-105.121,40.0833],[-105.1314,40.0833],[-105.1315,40.0874],[-105.1497,40.0873],[-105.15,40.0727],[-105.1966,40.0728],[-105.1961,40.0944],[-105.2069,40.0944],[-105.2069,40.087],[-105.2821,40.087],[-105.282,40.1009],[-105.3004,40.1008],[-105.3005,40.1084],[-105.3026,40.1085],[-105.3063,40.1085],[-105.3064,40.101],[-105.3276,40.1009],[-105.3278,40.1216],[-105.357,40.1214],[-105.357,40.1427],[-105.3755,40.1437],[-105.4122,40.1413],[-105.4482,40.143],[-105.4484,40.1313],[-105.4606,40.1273],[-105.6266,40.1279],[-105.63,40.1304],[-105.6297,40.1378],[-105.6355,40.1404],[-105.6357,40.146],[-105.6463,40.1486],[-105.6473,40.151],[-105.656,40.1513],[-105.6613,40.1565],[-105.6664,40.1573],[-105.6581,40.1573],[-105.6561,40.1559],[-105.6239,40.1572],[-105.5027,40.1568],[-105.5026,40.1659],[-105.4658,40.1658],[-105.4658,40.1692],[-105.468,40.1732],[-105.4626,40.1748],[-105.4463,40.1743],[-105.4464,40.2291],[-105.4289,40.2291],[-105.4289,40.2431],[-105.3911,40.2432],[-105.3765,40.2472],[-105.3373,40.2473],[-105.3361,40.2524],[-105.337,40.2535],[-105.3373,40.3214],[-105.3586,40.3203],[-105.3734,40.3218],[-105.391,40.3172],[-105.3906,40.3502]]]}},{"type":"Feature","properties":{"leaid":"0805400","name":"Thompson School District R-2J","kind":"Unified","gradeLow":"PK","gradeHigh":"12","state":"CO"},"geometry":{"type":"Polygon","coordinates":[[[-104.9442,40.457],[-104.9452,40.3708],[-104.955,40.3709],[-104.955,40.3636],[-104.9514,40.3636],[-104.9514,40.3566],[-104.9705,40.3564],[-104.9704,40.3491],[-104.9813,40.3492],[-104.9804,40.3426],[-104.9896,40.3426],[-104.9893,40.3354],[-105.0177,40.3353],[-105.0178,40.3127],[-104.9988,40.3128],[-104.9987,40.2695],[-105.0551,40.2693],[-105.0551,40.2618],[-105.1429,40.2613],[-105.1311,40.2569],[-105.1312,40.2469],[-105.1331,40.2469],[-105.1332,40.2429],[-105.1376,40.2429],[-105.1375,40.2392],[-105.1597,40.2392],[-105.1596,40.2323],[-105.1653,40.2323],[-105.1653,40.2354],[-105.1684,40.2354],[-105.1683,40.2384],[-105.1929,40.2384],[-105.1928,40.2463],[-105.2148,40.2464],[-105.2148,40.2613],[-105.2126,40.2612],[-105.2126,40.2625],[-105.2216,40.2627],[-105.2217,40.2774],[-105.2255,40.2774],[-105.2256,40.2852],[-105.2309,40.2854],[-105.2317,40.3098],[-105.2635,40.3098],[-105.2612,40.3152],[-105.2614,40.3217],[-105.2688,40.3236],[-105.2988,40.3235],[-105.2988,40.3367],[-105.3061,40.3367],[-105.3061,40.3494],[-105.3355,40.349],[-105.3357,40.378],[-105.3792,40.3786],[-105.3809,40.4223],[-105.4005,40.4222],[-105.4029,40.5489],[-105.3587,40.5509],[-105.3064,40.5505],[-105.3065,40.558],[-105.3086,40.5594],[-105.3061,40.5624],[-105.3059,40.5944],[-105.2291,40.5953],[-105.2288,40.5741],[-105.2103,40.574],[-105.2102,40.56],[-105.1819,40.5596],[-105.1829,40.5115],[-105.1823,40.4731],[-105.1509,40.4729],[-105.1487,40.4696],[-105.1353,40.4703],[-105.1353,40.4946],[-105.0393,40.4948],[-105.0395,40.4726],[-105.0303,40.4725],[-105.0294,40.4578],[-104.9442,40.457]]]}},{"type":"Feature","properties":{"leaid":"0805460","name":"Mancos School District RE-6","kind":"Unified","gradeLow":"PK","gradeHigh":"12","state":"CO"},"geometry":{"type":"Polygon","coordinates":[[[-108.0241,37.5435],[-108.0254,37.5397],[-108.0349,37.532],[-108.0337,37.5267],[-108.0346,37.5223],[-108.0321,37.518],[-108.0345,37.5131],[-108.0315,37.5091],[-108.0357,37.5072],[-108.038,37.5028],[-108.0346,37.4972],[-108.0366,37.4882],[-108.0359,37.4857],[-108.0338,37.4845],[-108.0326,37.4788],[-108.0345,37.4768],[-108.0364,37.4712],[-108.0331,37.4649],[-108.0348,37.4606],[-108.0375,37.4591],[-108.0392,37.4559],[-108.0384,37.4519],[-108.0424,37.4484],[-108.0441,37.443],[-108.0484,37.4426],[-108.053,37.4375],[-108.078,37.4389],[-108.0811,37.4324],[-108.08,37.4292],[-108.0873,37.4278],[-108.0895,37.4212],[-108.0978,37.4175],[-108.0995,37.4126],[-108.1053,37.4056],[-108.1076,37.3943],[-108.1056,37.389],[-108.1062,37.3818],[-108.1136,37.3803],[-108.1205,37.3747],[-108.1323,37.3747],[-108.1405,37.3728],[-108.147,37.3654],[-108.1516,37.3628],[-108.1581,37.3639],[-108.1638,37.3621],[-108.1666,37.3652],[-108.173,37.3664],[-108.1916,37.3597],[-108.1976,37.3552],[-108.1982,37.3515],[-108.204,37.3461],[-108.2077,37.3351],[-108.2079,37.3331],[-108.203,37.3263],[-108.2105,37.3217],[-108.2136,37.3132],[-108.2165,37.3116],[-108.2165,37.3062],[-108.2131,37.3033],[-108.2125,37.3002],[-108.2138,37.2981],[-108.218,37.2972],[-108.2201,37.287],[-108.2257,37.2863],[-108.228,37.2819],[-108.2269,37.2805],[-108.2273,37.2782],[-108.2345,37.2753],[-108.2372,37.2704],[-108.2386,37.2627],[-108.2425,37.2614],[-108.2466,37.2549],[-108.2473,37.2499],[-108.2496,37.2497],[-108.2506,37.2463],[-108.2562,37.2434],[-108.2577,37.2404],[-108.2601,37.2393],[-108.2614,37.235],[-108.2675,37.2331],[-108.2696,37.2297],[-108.2756,37.2292],[-108.2788,37.2272],[-108.2797,37.2286],[-108.2817,37.2286],[-108.2863,37.2248],[-108.2904,37.2236],[-108.2952,37.215],[-108.4456,37.2159],[-108.4459,37.1565],[-108.5445,37.1565],[-108.5449,37.2157],[-108.5543,37.2157],[-108.5546,37.283],[-108.5091,37.2832],[-108.509,37.2906],[-108.4539,37.2902],[-108.4538,37.2975],[-108.4447,37.2975],[-108.4446,37.3477],[-108.4476,37.3498],[-108.4468,37.3603],[-108.4534,37.3603],[-108.4534,37.3714],[-108.4624,37.3714],[-108.4626,37.379],[-108.4579,37.379],[-108.4578,37.3859],[-108.4487,37.3861],[-108.449,37.3778],[-108.4438,37.3787],[-108.445,37.3911],[-108.444,37.3937],[-108.4348,37.3936],[-108.4348,37.4003],[-108.3782,37.4003],[-108.377,37.4038],[-108.3773,37.4071],[-108.3792,37.4075],[-108.3796,37.4292],[-108.3354,37.4293],[-108.3349,37.5039],[-108.177,37.5042],[-108.177,37.5471],[-108.0241,37.5435]]]}},{"type":"Feature","properties":{"leaid":"0805490","name":"Manitou Springs School District 14","kind":"Unified","gradeLow":"PK","gradeHigh":"12","state":"CO"},"geometry":{"type":"Polygon","coordinates":[[[-104.9358,39.0123],[-104.9354,38.911],[-104.8854,38.9111],[-104.8866,38.8248],[-104.9258,38.8248],[-104.9296,38.8282],[-104.9315,38.8261],[-104.9402,38.825],[-104.9402,38.8179],[-105.0718,38.8179],[-105.0664,38.8692],[-105.0286,38.8687],[-105.0273,38.9854],[-105.0299,38.9996],[-105.0278,39.0144],[-105.0107,39.0135],[-105.0107,39.021],[-104.9917,39.021],[-104.9917,39.0136],[-104.973,39.014],[-104.9539,39.0122],[-104.9358,39.0123]]]}},{"type":"Feature","properties":{"leaid":"0805520","name":"Manzanola School District 3J","kind":"Unified","gradeLow":"KG","gradeHigh":"12","state":"CO"},"geometry":{"type":"Polygon","coordinates":[[[-103.8014,38.1125],[-103.8119,38.1178],[-103.8208,38.114],[-103.8209,38.0833],[-103.8114,38.0834],[-103.8114,38.0764],[-103.8574,38.0762],[-103.8581,37.9098],[-103.8859,37.9099],[-103.8973,37.9178],[-103.915,37.9168],[-103.9167,37.91],[-103.9496,37.9101],[-103.9493,38.1049],[-103.9401,38.1051],[-103.9401,38.1258],[-103.9309,38.1248],[-103.9259,38.1296],[-103.9234,38.1304],[-103.9211,38.1295],[-103.921,38.1413],[-103.8843,38.1414],[-103.8842,38.1487],[-103.8756,38.1488],[-103.8757,38.1558],[-103.8654,38.1558],[-103.8654,38.1632],[-103.857,38.1632],[-103.8571,38.1701],[-103.8038,38.1706],[-103.8014,38.1125]]]}},{"type":"Feature","properties":{"leaid":"0805550","name":"Mapleton School District 1","kind":"Unified","gradeLow":"PK","gradeHigh":"12","state":"CO"},"geometry":{"type":"Polygon","coordinates":[[[-104.9402,39.8923],[-104.9403,39.856],[-104.938,39.8561],[-104.9382,39.8481],[-104.9455,39.8402],[-104.9495,39.838],[-104.9479,39.8328],[-104.9506,39.8158],[-104.9521,39.8134],[-104.9589,39.8118],[-104.9595,39.8084],[-104.9575,39.8033],[-104.9669,39.7933],[-104.9688,39.7932],[-104.9687,39.7984],[-104.9716,39.7983],[-104.9712,39.7956],[-104.9747,39.7956],[-104.9731,39.7924],[-104.976,39.7924],[-104.9759,39.791],[-104.9777,39.7919],[-104.9903,39.791],[-104.9906,39.792],[-104.9967,39.791],[-104.997,39.8016],[-104.9953,39.8039],[-104.9969,39.8055],[-104.9968,39.8103],[-105.0158,39.8103],[-105.0157,39.8202],[-104.9972,39.82],[-104.9969,39.8425],[-104.9779,39.8417],[-104.9779,39.8381],[-104.9685,39.8381],[-104.9682,39.8425],[-104.9589,39.8428],[-104.9578,39.8442],[-104.959,39.8448],[-104.9589,39.8485],[-104.9684,39.8486],[-104.9675,39.8778],[-104.9589,39.8778],[-104.9589,39.8851],[-104.9448,39.8852],[-104.9446,39.8923],[-104.9402,39.8923]]]}},{"type":"Feature","properties":{"leaid":"0805580","name":"McClave School District RE-2","kind":"Unified","gradeLow":"PK","gradeHigh":"12","state":"CO"},"geometry":{"type":"Polygon","coordinates":[[[-102.8345,38.2665],[-102.8348,38.1715],[-102.8247,38.1721],[-102.8238,38.1862],[-102.8152,38.1862],[-102.8156,38.1715],[-102.7689,38.1721],[-102.7688,38.1587],[-102.7646,38.1588],[-102.7646,38.1518],[-102.7601,38.1518],[-102.7599,38.1442],[-102.7685,38.144],[-102.7684,38.1399],[-102.7546,38.14],[-102.7545,38.1331],[-102.7785,38.133],[-102.7785,38.1291],[-102.7601,38.1291],[-102.7601,38.1145],[-102.7418,38.1141],[-102.7417,38.1003],[-102.7591,38.1003],[-102.7593,38.0906],[-102.7541,38.0876],[-102.7492,38.0881],[-102.7445,38.0909],[-102.7417,38.0966],[-102.7405,37.8241],[-102.748,37.8232],[-102.7476,37.6436],[-102.9658,37.6438],[-102.9662,37.7312],[-103.0215,37.7309],[-103.0213,37.804],[-103.1021,37.8037],[-103.102,37.8235],[-103.1059,37.8232],[-103.1063,37.8669],[-103.0167,37.867],[-103.0167,37.9107],[-103.014,37.9239],[-103.0132,37.9781],[-102.9957,37.9767],[-102.9958,37.9914],[-103.0134,37.9911],[-103.0136,38.0702],[-103.0386,38.0729],[-103.0434,38.0762],[-103.0491,38.0749],[-103.0529,38.0762],[-103.0687,38.0876],[-103.071,38.088],[-103.0709,38.1067],[-103.0597,38.1068],[-103.0598,38.1141],[-103.0705,38.1141],[-103.071,38.2664],[-102.8345,38.2665]]]}},{"type":"Feature","properties":{"leaid":"0805610","name":"Meeker School District RE1","kind":"Unified","gradeLow":"PK","gradeHigh":"12","state":"CO"},"geometry":{"type":"Polygon","coordinates":[[[-107.4394,40.2234],[-107.0963,40.2251],[-107.0964,40.1638],[-107.0469,40.164],[-107.0514,40.1698],[-107.0377,40.1643],[-107.0374,40.0915],[-107.317,40.0908],[-107.3171,40.0038],[-107.3192,40.0038],[-107.3193,40.0],[-107.3188,39.915],[-107.4317,39.9177],[-107.4318,39.8284],[-107.5447,39.8281],[-107.6942,39.8301],[-107.7872,39.825],[-107.9385,39.825],[-107.9385,39.6945],[-108.0603,39.6953],[-108.2179,39.6951],[-108.2179,39.6939],[-108.4506,39.6941],[-108.4496,39.8],[-108.45,39.984],[-108.4512,40.0038],[-108.449,40.0038],[-108.4479,40.13],[-108.3462,40.1294],[-108.3459,40.1583],[-108.3271,40.1581],[-108.3268,40.2219],[-107.7805,40.2225],[-107.7536,40.2239],[-107.6615,40.2234],[-107.654,40.2235],[-107.6539,40.2243],[-107.4956,40.22],[-107.4394,40.2205],[-107.4394,40.2234]]]}},{"type":"Feature","properties":{"leaid":"0805640","name":"Buffalo School District RE-4","kind":"Unified","gradeLow":"KG","gradeHigh":"12","state":"CO"},"geometry":{"type":"Polygon","coordinates":[[[-103.1604,40.4367],[-103.235,40.4361],[-103.2352,40.3783],[-103.2931,40.3781],[-103.2932,40.3496],[-103.3945,40.3496],[-103.3945,40.3568],[-103.4185,40.3568],[-103.4185,40.3785],[-103.4227,40.3785],[-103.4227,40.3854],[-103.4174,40.3854],[-103.4173,40.3929],[-103.4136,40.3929],[-103.4135,40.4003],[-103.4419,40.4004],[-103.4459,40.399],[-103.446,40.4068],[-103.4645,40.4068],[-103.4654,40.4357],[-103.5037,40.437],[-103.5226,40.4363],[-103.5243,40.5233],[-103.5818,40.5234],[-103.5818,40.5596],[-103.568,40.5595],[-103.5681,40.5671],[-103.5726,40.5671],[-103.5727,40.5743],[-103.5774,40.5743],[-103.5773,40.567],[-103.5817,40.5671],[-103.5804,40.702],[-103.5244,40.7016],[-103.524,40.6921],[-103.4663,40.6922],[-103.4681,40.6097],[-103.4487,40.6097],[-103.4488,40.5813],[-103.3786,40.5804],[-103.3786,40.5834],[-103.3735,40.5833],[-103.3729,40.5946],[-103.3332,40.5949],[-103.3328,40.5441],[-103.3337,40.5373],[-103.3326,40.5222],[-103.3273,40.5223],[-103.3274,40.5325],[-103.3226,40.5326],[-103.3223,40.5223],[-103.3136,40.5224],[-103.3136,40.5333],[-103.3082,40.5333],[-103.3083,40.5399],[-103.2992,40.54],[-103.2993,40.5321],[-103.2889,40.5321],[-103.2888,40.536],[-103.2664,40.5363],[-103.2659,40.526],[-103.262,40.5259],[-103.262,40.5297],[-103.2563,40.5297],[-103.2563,40.5228],[-103.2659,40.5226],[-103.2654,40.5091],[-103.1609,40.509],[-103.1604,40.4367]]]}},{"type":"Feature","properties":{"leaid":"0805670","name":"Miami-Yoder School District 60-JT","kind":"Unified","gradeLow":"PK","gradeHigh":"12","state":"CO"},"geometry":{"type":"Polygon","coordinates":[[[-103.8329,38.8669],[-103.8311,38.8449],[-103.8311,38.6928],[-103.8006,38.6929],[-103.8003,38.654],[-103.9078,38.6536],[-103.908,38.6945],[-104.0519,38.6943],[-104.0525,38.7092],[-104.2735,38.7082],[-104.2768,38.7814],[-104.3137,38.7813],[-104.3137,38.8534],[-104.2777,38.8532],[-104.2776,38.8823],[-104.2959,38.8823],[-104.2961,38.8677],[-104.3059,38.8678],[-104.3059,38.8822],[-104.315,38.8822],[-104.3144,38.9112],[-104.1846,38.9116],[-104.184,38.9406],[-104.2024,38.9405],[-104.2021,38.9837],[-104.0533,38.9844],[-104.0531,38.954],[-103.9404,38.9554],[-103.9405,38.8682],[-103.8329,38.8669]]]}},{"type":"Feature","properties":{"leaid":"0805700","name":"Moffat School District 2","kind":"Unified","gradeLow":"PK","gradeHigh":"12","state":"CO"},"geometry":{"type":"Polygon","coordinates":[[[-105.7161,38.1853],[-105.7083,38.1819],[-105.7068,38.1782],[-105.7022,38.1742],[-105.7007,38.1696],[-105.698,38.1672],[-105.6932,38.1657],[-105.6868,38.1668],[-105.6808,38.1605],[-105.673,38.1591],[-105.6717,38.1543],[-105.6702,38.1531],[-105.6727,38.1483],[-105.6763,38.1459],[-105.6743,38.1413],[-105.6725,38.1402],[-105.6734,38.1374],[-105.6697,38.1309],[-105.6702,38.1286],[-105.665,38.1243],[-105.6627,38.1192],[-105.6577,38.1175],[-105.6613,38.1115],[-105.6622,38.1068],[-105.6614,38.1005],[-105.6556,38.0955],[-105.6553,38.0913],[-105.6369,38.0762],[-105.6373,38.0728],[-105.6362,38.0714],[-105.6321,38.0684],[-105.6272,38.0673],[-105.626,38.0612],[-105.6282,38.0574],[-105.6178,38.0533],[-105.618,38.0473],[-105.615,38.0437],[-105.6132,38.0381],[-105.6089,38.035],[-105.6094,38.0323],[-105.6032,38.031],[-105.6031,38.0271],[-105.5987,38.0226],[-105.597,38.0132],[-105.6044,38.0087],[-105.6046,38.005],[-105.6006,38.0023],[-105.5984,37.997],[-105.5959,37.9964],[-105.5921,37.9921],[-105.5899,37.9874],[-105.5882,37.9867],[-105.5859,37.9797],[-105.5832,37.98],[-105.5819,37.978],[-105.5815,37.9752],[-105.5851,37.9705],[-105.5839,37.9672],[-105.5826,37.9659],[-105.5777,37.9655],[-105.5707,37.9583],[-105.5672,37.9571],[-105.5603,37.9519],[-105.5518,37.9506],[-105.5501,37.9539],[-105.5427,37.9565],[-105.5333,37.9552],[-105.5271,37.9495],[-105.5157,37.942],[-105.5146,37.9399],[-105.5111,37.9391],[-105.5084,37.9361],[-105.5031,37.9237],[-105.4911,37.9152],[-105.4881,37.9098],[-105.4826,37.905],[-105.4784,37.9033],[-105.4789,37.9005],[-105.4733,37.8966],[-105.4771,37.888],[-105.4762,37.8833],[-105.4785,37.8798],[-105.4692,37.8788],[-105.4601,37.8804],[-105.4505,37.8781],[-105.4433,37.8707],[-105.4407,37.8696],[-105.4389,37.8613],[-105.4372,37.8602],[-105.4368,37.8582],[-105.4335,37.8575],[-105.4292,37.8524],[-105.4309,37.8474],[-105.4287,37.8437],[-105.4326,37.8351],[-105.4324,37.8332],[-105.4356,37.8285],[-105.4341,37.8245],[-105.4367,37.8192],[-105.4347,37.8137],[-105.4359,37.8118],[-105.4352,37.8048],[-105.4453,37.801],[-105.4549,37.7957],[-105.4552,37.7908],[-105.4517,37.7869],[-105.4517,37.7826],[-105.4493,37.7793],[-105.4509,37.7752],[-105.4502,37.7706],[-105.4537,37.7673],[-105.4577,37.7601],[-105.4579,37.7587],[-105.4558,37.7565],[-105.4598,37.7533],[-105.4573,37.7515],[-105.6173,37.7523],[-105.7095,37.7514],[-105.7092,37.8068],[-105.7813,37.807],[-105.7814,37.8383],[-105.8262,37.8375],[-105.8264,37.8666],[-105.9285,37.8649],[-105.9282,37.9207],[-105.9461,37.9208],[-105.9465,37.9066],[-105.9645,37.9067],[-105.964,37.921],[-106.0533,37.9223],[-106.0522,37.9659],[-106.0256,37.9659],[-106.025,37.9799],[-106.0244,38.022],[-106.0333,38.022],[-106.0334,38.0328],[-106.0375,38.0328],[-106.0376,38.0362],[-106.0425,38.0361],[-106.0425,38.0291],[-106.051,38.029],[-106.0507,38.0506],[-106.0554,38.0506],[-106.0554,38.0544],[-106.0507,38.0544],[-106.0507,38.1014],[-105.8094,38.0995],[-105.8086,38.1863],[-105.7161,38.1853]]]}},{"type":"Feature","properties":{"leaid":"0805730","name":"Moffat County School District RE-1","kind":"Unified","gradeLow":"PK","gradeHigh":"12","state":"CO"},"geometry":{"type":"Polygon","coordinates":[[[-107.3178,41.0029],[-107.3134,40.6866],[-107.3142,40.6003],[-107.3715,40.6003],[-107.3713,40.5424],[-107.4288,40.5422],[-107.4285,40.4698],[-107.4321,40.3349],[-107.4426,40.3348],[-107.4394,40.2205],[-107.4956,40.22],[-107.6539,40.2243],[-107.654,40.2235],[-107.6615,40.2234],[-107.7536,40.2239],[-107.7802,40.2225],[-108.1132,40.2217],[-109.0509,40.2226],[-109.0512,40.4416],[-109.0478,40.6099],[-109.0489,40.6626],[-109.0485,40.8261],[-109.05,41.0007],[-108.526,40.9996],[-108.1812,41.0005],[-108.0465,41.0021],[-107.3178,41.0029]]]}},{"type":"Feature","properties":{"leaid":"0805760","name":"Monte Vista School District C-8","kind":"Unified","gradeLow":"PK","gradeHigh":"12","state":"CO"},"geometry":{"type":"Polygon","coordinates":[[[-106.2242,37.6344],[-106.2205,37.6293],[-106.2029,37.6236],[-106.1935,37.6169],[-106.1845,37.6155],[-106.1828,37.6163],[-106.1818,37.6142],[-106.1792,37.6166],[-106.1777,37.6136],[-106.1785,37.6113],[-106.1737,37.6117],[-106.1731,37.6099],[-106.1697,37.6081],[-106.1685,37.6048],[-106.1649,37.6058],[-106.1592,37.6045],[-106.1585,37.6065],[-106.1443,37.6099],[-106.1426,37.6086],[-106.1447,37.6067],[-106.1412,37.6071],[-106.1372,37.6034],[-106.1344,37.6045],[-106.1335,37.6024],[-106.1302,37.6018],[-106.1237,37.6031],[-106.1221,37.6009],[-106.1209,37.601],[-106.1215,37.5997],[-106.1203,37.5988],[-106.1131,37.6001],[-106.1137,37.5974],[-106.1108,37.597],[-106.1122,37.5939],[-106.1088,37.5933],[-106.11,37.5914],[-106.1063,37.5875],[-106.1009,37.5855],[-106.0993,37.5831],[-106.083,37.5816],[-106.0747,37.5794],[-106.0727,37.5775],[-106.0719,37.5727],[-106.068,37.5737],[-106.0618,37.5721],[-106.0566,37.5727],[-106.0552,37.5709],[-106.0523,37.5712],[-106.0513,37.5728],[-106.0532,37.5748],[-106.0519,37.5758],[-106.0491,37.5734],[-106.0481,37.5696],[-106.0393,37.5702],[-106.0393,37.4009],[-106.3654,37.4009],[-106.3655,37.4829],[-106.3646,37.5014],[-106.2957,37.5012],[-106.2955,37.5362],[-106.2994,37.5426],[-106.2973,37.5603],[-106.255,37.5607],[-106.2489,37.5576],[-106.2438,37.5577],[-106.2407,37.5599],[-106.2409,37.6245],[-106.2496,37.6246],[-106.2499,37.64],[-106.2455,37.6399],[-106.2456,37.6364],[-106.2404,37.6363],[-106.2402,37.6471],[-106.235,37.6459],[-106.2322,37.6438],[-106.2325,37.6397],[-106.2279,37.6356],[-106.2242,37.6344]]]}},{"type":"Feature","properties":{"leaid":"0805790","name":"Montrose County School District RE-1J","kind":"Unified","gradeLow":"PK","gradeHigh":"12","state":"CO"},"geometry":{"type":"Polygon","coordinates":[[[-107.5006,38.4468],[-107.4933,38.4444],[-107.4878,38.4455],[-107.4843,38.4431],[-107.4784,38.4463],[-107.4656,38.4464],[-107.4651,38.4477],[-107.4644,38.4467],[-107.4603,38.4479],[-107.457,38.4463],[-107.4509,38.4478],[-107.4502,38.4467],[-107.4424,38.4464],[-107.4303,38.4485],[-107.4245,38.4477],[-107.4069,38.4535],[-107.3948,38.4517],[-107.3892,38.4494],[-107.3725,38.4506],[-107.3739,38.4401],[-107.3746,38.3623],[-107.4671,38.3626],[-107.4661,38.3563],[-107.4666,38.3101],[-107.5,38.3103],[-107.5,38.3019],[-107.635,38.3019],[-107.6296,38.2942],[-107.6296,38.2887],[-107.6263,38.2856],[-107.6245,38.2797],[-107.6199,38.2753],[-107.6171,38.2755],[-107.6171,38.2727],[-107.6941,38.2748],[-107.8564,38.2764],[-107.8561,38.3322],[-108.1324,38.3316],[-108.1317,38.3208],[-108.1237,38.3209],[-108.1233,38.3136],[-108.1048,38.3137],[-108.1042,38.2842],[-108.0863,38.2843],[-108.0866,38.2552],[-108.0115,38.2553],[-108.0115,38.2482],[-107.9841,38.2484],[-107.9842,38.2339],[-107.9654,38.234],[-107.9654,38.2265],[-107.9471,38.2265],[-107.947,38.2189],[-107.9376,38.219],[-107.9381,38.1739],[-107.9477,38.1738],[-107.947,38.1525],[-108.2418,38.1525],[-108.2339,38.3111],[-108.3439,38.3133],[-108.3378,38.407],[-108.3382,38.4597],[-108.3584,38.4597],[-108.3587,38.5002],[-108.3791,38.5],[-108.3787,38.6681],[-107.8486,38.6681],[-107.8511,38.6631],[-107.8592,38.6587],[-107.8587,38.6462],[-107.8563,38.6365],[-107.8505,38.6354],[-107.8482,38.6324],[-107.8432,38.6293],[-107.837,38.6287],[-107.8346,38.6245],[-107.829,38.6205],[-107.8187,38.6174],[-107.8153,38.6122],[-107.8036,38.6087],[-107.7996,38.6014],[-107.7869,38.5946],[-107.7867,38.5934],[-107.7834,38.5931],[-107.7753,38.5884],[-107.7617,38.5843],[-107.7552,38.5761],[-107.7419,38.5751],[-107.7305,38.5767],[-107.7299,38.5784],[-107.7195,38.5848],[-107.7149,38.5847],[-107.7139,38.5831],[-107.6994,38.575],[-107.6957,38.569],[-107.6945,38.5627],[-107.6844,38.5606],[-107.6796,38.5574],[-107.6778,38.5525],[-107.6782,38.5451],[-107.676,38.541],[-107.6696,38.538],[-107.6595,38.5372],[-107.6536,38.534],[-107.6514,38.5342],[-107.6483,38.5305],[-107.6493,38.5242],[-107.6484,38.5231],[-107.6276,38.5193],[-107.6214,38.5051],[-107.6134,38.5024],[-107.6079,38.4964],[-107.597,38.4963],[-107.5926,38.4945],[-107.589,38.4877],[-107.5816,38.4811],[-107.5754,38.4809],[-107.5711,38.4789],[-107.5691,38.4716],[-107.5621,38.4669],[-107.5602,38.4617],[-107.5556,38.4585],[-107.546,38.4552],[-107.5431,38.453],[-107.5268,38.4491],[-107.5207,38.4458],[-107.5165,38.4466],[-107.5105,38.4451],[-107.5006,38.4456],[-107.5006,38.4468]]]}},{"type":"Feature","properties":{"leaid":"0805820","name":"Lewis-Palmer School District 38","kind":"Unified","gradeLow":"PK","gradeHigh":"12","state":"CO"},"geometry":{"type":"Polygon","coordinates":[[[-105.0335,39.1298],[-104.6451,39.1295],[-104.6458,39.1037],[-104.6443,39.0782],[-104.6454,39.0635],[-104.6073,39.0634],[-104.6074,39.057],[-104.7317,39.0566],[-104.7392,39.058],[-104.7683,39.0564],[-104.8494,39.0566],[-104.8485,39.0521],[-104.8494,39.0532],[-104.8496,39.0423],[-104.91,39.0421],[-104.9159,39.0399],[-104.9158,38.9836],[-104.9357,38.9835],[-104.9358,39.0123],[-104.9539,39.0122],[-104.973,39.014],[-104.9917,39.0136],[-104.9917,39.021],[-105.0107,39.021],[-105.0107,39.0135],[-105.0278,39.0144],[-105.0271,39.029],[-105.0335,39.1298]]]}},{"type":"Feature","properties":{"leaid":"0805850","name":"West End School District RE-2","kind":"Unified","gradeLow":"PK","gradeHigh":"12","state":"CO"},"geometry":{"type":"Polygon","coordinates":[[[-108.2382,38.2241],[-108.3478,38.2295],[-108.3479,38.227],[-108.3935,38.2316],[-108.4316,38.2296],[-108.4918,38.2295],[-108.4917,38.1532],[-108.7783,38.1533],[-108.9067,38.155],[-108.9067,38.1533],[-109.0426,38.153],[-109.0428,38.1663],[-109.0602,38.2755],[-109.0601,38.5],[-108.3587,38.5002],[-108.3584,38.4597],[-108.3382,38.4597],[-108.3378,38.407],[-108.3439,38.3133],[-108.2339,38.3111],[-108.2382,38.2241]]]}},{"type":"Feature","properties":{"leaid":"0805880","name":"Norwood School District R-2J","kind":"Unified","gradeLow":"PK","gradeHigh":"12","state":"CO"},"geometry":{"type":"Polygon","coordinates":[[[-108.2382,38.2241],[-108.2418,38.1525],[-108.1161,38.1523],[-108.1162,38.1006],[-108.1097,38.1007],[-108.1099,38.0127],[-108.1151,37.9677],[-108.1155,37.9479],[-108.1128,37.9421],[-108.1133,37.855],[-108.125,37.8521],[-108.1247,37.8486],[-108.1266,37.8453],[-108.1374,37.8379],[-108.1399,37.8352],[-108.1406,37.8323],[-108.1445,37.8383],[-108.1472,37.8389],[-108.15,37.8343],[-108.1527,37.8351],[-108.1604,37.8338],[-108.1639,37.8349],[-108.1691,37.8311],[-108.1752,37.8326],[-108.1783,37.8312],[-108.1832,37.8265],[-108.1991,37.8242],[-108.2102,37.8211],[-108.2094,37.823],[-108.2124,37.832],[-108.2153,37.8343],[-108.2184,37.8349],[-108.2173,37.837],[-108.2217,37.8388],[-108.2237,37.8419],[-108.227,37.8432],[-108.2265,37.8455],[-108.2299,37.8557],[-108.2296,37.861],[-108.2318,37.8621],[-108.232,37.8651],[-108.2351,37.8693],[-108.2378,37.8764],[-108.2479,37.8794],[-108.2504,37.8846],[-108.2536,37.8859],[-108.2574,37.8897],[-108.2565,37.8946],[-108.3743,37.8935],[-108.7422,37.8954],[-108.7426,37.9547],[-108.7589,37.9546],[-108.7586,38.0379],[-108.8158,38.0381],[-108.8168,38.0522],[-108.816,38.0658],[-108.8504,38.0676],[-108.8529,38.1013],[-108.9126,38.1013],[-108.9067,38.155],[-108.7783,38.1533],[-108.4917,38.1532],[-108.4918,38.2295],[-108.4316,38.2296],[-108.3935,38.2316],[-108.3479,38.227],[-108.3478,38.2295],[-108.2382,38.2241]]]}},{"type":"Feature","properties":{"leaid":"0805910","name":"South Routt School District RE-3","kind":"Unified","gradeLow":"PK","gradeHigh":"12","state":"CO"},"geometry":{"type":"Polygon","coordinates":[[[-107.085,40.4274],[-107.0853,40.412],[-106.99,40.4116],[-106.9905,40.3541],[-106.9707,40.3541],[-106.9707,40.3682],[-106.9531,40.3683],[-106.9526,40.3414],[-106.917,40.3413],[-106.9169,40.314],[-106.8838,40.3138],[-106.8834,40.3408],[-106.8433,40.341],[-106.8433,40.3135],[-106.6324,40.3129],[-106.6331,40.179],[-106.637,40.179],[-106.637,40.0454],[-106.7652,40.0462],[-106.7652,40.0507],[-106.77,40.0507],[-106.7699,40.0542],[-106.7751,40.0542],[-106.7752,40.0507],[-106.7794,40.0506],[-106.7795,40.0473],[-106.7897,40.0471],[-106.7898,40.0326],[-106.8088,40.0324],[-106.8092,40.0026],[-106.8233,40.0024],[-106.8241,39.9195],[-107.034,39.9189],[-107.0322,39.9397],[-107.032,40.0029],[-107.0374,40.0031],[-107.0377,40.1643],[-107.0514,40.1698],[-107.0469,40.164],[-107.0964,40.1638],[-107.0963,40.2251],[-107.116,40.2252],[-107.1157,40.2546],[-107.0917,40.2547],[-107.0917,40.2688],[-107.0975,40.2688],[-107.0973,40.3124],[-107.1162,40.3125],[-107.1162,40.3271],[-107.0973,40.327],[-107.0973,40.3393],[-107.0844,40.3393],[-107.0836,40.3465],[-107.0824,40.3476],[-107.0841,40.3698],[-107.0843,40.3986],[-107.1405,40.3986],[-107.1404,40.4534],[-107.12,40.4534],[-107.12,40.4481],[-107.112,40.4454],[-107.1207,40.4398],[-107.1207,40.4276],[-107.085,40.4274]]]}},{"type":"Feature","properties":{"leaid":"0805940","name":"Otis School District R-3","kind":"Unified","gradeLow":"PK","gradeHigh":"12","state":"CO"},"geometry":{"type":"Polygon","coordinates":[[[-102.7934,40.2197],[-102.7942,40.1183],[-102.7933,40.0025],[-102.8038,40.0026],[-102.803,39.9602],[-103.0109,39.9608],[-103.0302,39.9622],[-103.086,39.9606],[-103.0866,40.0022],[-103.0764,40.0022],[-103.078,40.1628],[-103.0798,40.2218],[-103.0607,40.2221],[-103.0618,40.309],[-103.0529,40.309],[-103.0531,40.3232],[-103.062,40.3232],[-103.062,40.3374],[-103.053,40.3374],[-103.053,40.3298],[-103.0428,40.3299],[-103.0428,40.3375],[-103.0336,40.3378],[-103.0334,40.33],[-103.0237,40.3301],[-103.0237,40.3247],[-102.9954,40.3235],[-102.9952,40.2951],[-103.0138,40.2949],[-103.0138,40.2808],[-102.9664,40.2806],[-102.9659,40.2662],[-102.9469,40.2662],[-102.9473,40.2512],[-102.9283,40.2514],[-102.928,40.2663],[-102.89,40.2658],[-102.8895,40.2512],[-102.8704,40.2509],[-102.8703,40.2215],[-102.7934,40.2197]]]}},{"type":"Feature","properties":{"leaid":"0805970","name":"Ouray School District R-1","kind":"Unified","gradeLow":"PK","gradeHigh":"12","state":"CO"},"geometry":{"type":"Polygon","coordinates":[[[-107.519,38.0582],[-107.5229,38.0561],[-107.5211,38.0522],[-107.5228,38.0482],[-107.5206,38.0457],[-107.5223,38.0442],[-107.5221,38.042],[-107.5253,38.039],[-107.527,38.0399],[-107.5311,38.039],[-107.5318,38.037],[-107.5375,38.0323],[-107.5369,38.0287],[-107.5399,38.0271],[-107.5366,38.0227],[-107.5394,38.0177],[-107.538,38.0089],[-107.5434,38.0058],[-107.5467,38.0004],[-107.5499,37.9983],[-107.5565,37.9992],[-107.566,38.0052],[-107.5741,38.0063],[-107.5743,38.0047],[-107.5804,38.0005],[-107.5867,37.9994],[-107.5868,37.9938],[-107.5914,37.9923],[-107.5882,37.9828],[-107.5844,37.9771],[-107.5882,37.9703],[-107.587,37.9685],[-107.5727,37.9672],[-107.569,37.966],[-107.5689,37.965],[-107.6416,37.965],[-107.6399,37.9579],[-107.6429,37.9531],[-107.6427,37.9496],[-107.6409,37.9472],[-107.642,37.9437],[-107.6405,37.9394],[-107.6428,37.9366],[-107.6419,37.9314],[-107.6375,37.9236],[-107.6379,37.9209],[-107.6468,37.9166],[-107.6472,37.9134],[-107.6488,37.913],[-107.6506,37.9096],[-107.6567,37.908],[-107.6613,37.9094],[-107.6623,37.9075],[-107.6615,37.9066],[-107.6638,37.9035],[-107.6716,37.9029],[-107.6785,37.9045],[-107.6806,37.9041],[-107.6833,37.9009],[-107.6891,37.9016],[-107.6899,37.899],[-107.6923,37.8977],[-107.6932,37.8948],[-107.6957,37.8924],[-107.7011,37.892],[-107.7051,37.894],[-107.7072,37.8936],[-107.7076,37.8986],[-107.7093,37.8994],[-107.7166,37.8971],[-107.7209,37.8974],[-107.7326,37.9042],[-107.7383,37.9054],[-107.7351,37.9109],[-107.7375,37.9177],[-107.7332,37.9203],[-107.7356,37.9249],[-107.7333,37.9269],[-107.7328,37.93],[-107.7379,37.9345],[-107.7391,37.9393],[-107.7439,37.942],[-107.7443,37.9458],[-107.7489,37.9531],[-107.7558,37.9546],[-107.7609,37.9596],[-107.7636,37.9592],[-107.7693,37.962],[-107.7787,37.9609],[-107.7804,37.9619],[-107.7854,37.971],[-107.7892,37.9753],[-107.7868,37.9785],[-107.7917,37.9824],[-107.794,37.9873],[-107.7959,37.9887],[-107.8019,37.9869],[-107.7965,38.1077],[-107.7995,38.1078],[-107.7994,38.1327],[-107.7487,38.1325],[-107.7487,38.1124],[-107.7412,38.1124],[-107.7393,38.1096],[-107.7211,38.1096],[-107.721,38.1124],[-107.7245,38.1124],[-107.7245,38.1135],[-107.7344,38.1136],[-107.7344,38.1191],[-107.7368,38.1191],[-107.7367,38.1253],[-107.7387,38.1253],[-107.7387,38.1324],[-107.7297,38.1324],[-107.7298,38.1585],[-107.7183,38.1586],[-107.7178,38.1431],[-107.6661,38.1418],[-107.6662,38.1044],[-107.6514,38.1043],[-107.6519,38.0597],[-107.519,38.0582]]]}},{"type":"Feature","properties":{"leaid":"0806000","name":"Revere School District","kind":"Unified","gradeLow":"KG","gradeHigh":"12","state":"CO"},"geometry":{"type":"Polygon","coordinates":[[[-102.3449,41.0022],[-102.345,40.9912],[-102.3357,40.9913],[-102.3358,40.9757],[-102.3158,40.9757],[-102.3161,40.9437],[-102.3106,40.945],[-102.3082,40.948],[-102.2982,40.9524],[-102.2915,40.9573],[-102.2866,40.9585],[-102.2867,40.9386],[-102.3056,40.9388],[-102.3055,40.8661],[-102.2668,40.866],[-102.2668,40.8436],[-102.2863,40.8436],[-102.2864,40.8368],[-102.2668,40.8368],[-102.2671,40.8075],[-102.2686,40.7929],[-102.3635,40.7929],[-102.3631,40.8077],[-102.4016,40.8076],[-102.4019,40.7928],[-102.4204,40.7928],[-102.4201,40.7782],[-102.4588,40.7785],[-102.459,40.7933],[-102.5171,40.7925],[-102.5366,40.7865],[-102.5357,40.7495],[-102.6513,40.7494],[-102.6535,41.0023],[-102.3449,41.0022]]]}},{"type":"Feature","properties":{"leaid":"0806030","name":"Plateau School District RE-5","kind":"Unified","gradeLow":"PK","gradeHigh":"12","state":"CO"},"geometry":{"type":"Polygon","coordinates":[[[-103.5738,41.0017],[-102.8858,41.0024],[-102.8858,40.966],[-102.866,40.9659],[-102.8654,40.9512],[-102.8856,40.9515],[-102.8853,40.9226],[-103.0003,40.9209],[-102.9995,40.9065],[-103.0766,40.9055],[-103.0764,40.8769],[-103.1156,40.8771],[-103.1155,40.8627],[-103.0751,40.8624],[-103.0753,40.8405],[-103.0954,40.8407],[-103.0953,40.8332],[-103.1151,40.8335],[-103.1148,40.819],[-103.1719,40.8188],[-103.1719,40.8263],[-103.1911,40.8264],[-103.2012,40.8263],[-103.201,40.8186],[-103.3434,40.8185],[-103.344,40.8332],[-103.3624,40.8331],[-103.3624,40.8194],[-103.5261,40.8195],[-103.5263,40.8346],[-103.5734,40.834],[-103.5738,41.0017]]]}},{"type":"Feature","properties":{"leaid":"0806060","name":"Peyton School District 23-JT","kind":"Unified","gradeLow":"PK","gradeHigh":"12","state":"CO"},"geometry":{"type":"Polygon","coordinates":[[[-104.3865,38.9394],[-104.4789,38.9396],[-104.4787,38.9542],[-104.5063,38.9545],[-104.5064,38.9475],[-104.5527,38.9475],[-104.5516,38.9651],[-104.5526,38.9657],[-104.5536,38.9805],[-104.5691,38.9805],[-104.5692,38.986],[-104.5628,38.9969],[-104.5615,39.0059],[-104.5655,39.0166],[-104.5663,39.0235],[-104.5714,39.0237],[-104.5714,39.0275],[-104.5758,39.0275],[-104.5756,39.0309],[-104.5886,39.0309],[-104.5891,39.0385],[-104.589,39.0425],[-104.5713,39.0425],[-104.571,39.0711],[-104.561,39.0712],[-104.561,39.0861],[-104.5522,39.0862],[-104.5522,39.1004],[-104.5891,39.1002],[-104.5893,39.1294],[-104.4972,39.1296],[-104.4974,39.1443],[-104.4877,39.1443],[-104.4877,39.1409],[-104.4829,39.1409],[-104.4829,39.1438],[-104.4775,39.1437],[-104.4775,39.1515],[-104.4597,39.1512],[-104.4596,39.1441],[-104.4416,39.1441],[-104.4416,39.1513],[-104.4509,39.1512],[-104.4507,39.1581],[-104.3863,39.1582],[-104.3857,39.1226],[-104.3873,39.1129],[-104.417,39.1112],[-104.4168,39.1062],[-104.4087,39.1059],[-104.4088,39.099],[-104.4138,39.0991],[-104.4137,39.0561],[-104.4047,39.0561],[-104.4046,38.9977],[-104.3863,38.9972],[-104.3865,38.9394]]]}},{"type":"Feature","properties":{"leaid":"0806090","name":"Pritchett School District RE-3","kind":"Unified","gradeLow":"PK","gradeHigh":"12","state":"CO"},"geometry":{"type":"Polygon","coordinates":[[[-103.0759,37.6434],[-102.7842,37.6436],[-102.783,37.3823],[-102.7783,37.3823],[-102.7782,37.2793],[-102.8145,37.2793],[-102.8144,37.2649],[-102.8237,37.2649],[-102.8234,37.2575],[-102.8143,37.257],[-102.8141,37.1488],[-102.8864,37.1488],[-102.8867,36.9995],[-102.987,36.9985],[-103.0023,37.0002],[-103.0861,37.0002],[-103.0873,37.1027],[-103.0867,37.1764],[-103.0825,37.3816],[-103.0747,37.3818],[-103.0759,37.6434]]]}},{"type":"Feature","properties":{"leaid":"0806120","name":"Pueblo City School District 60","kind":"Unified","gradeLow":"PK","gradeHigh":"12","state":"CO"},"geometry":{"type":"Polygon","coordinates":[[[-104.572,38.3322],[-104.5725,38.3025],[-104.527,38.3023],[-104.5261,38.275],[-104.5371,38.2747],[-104.5522,38.2722],[-104.5701,38.2668],[-104.57,38.2571],[-104.5763,38.2518],[-104.5799,38.2509],[-104.5797,38.2271],[-104.5639,38.227],[-104.5638,38.1984],[-104.5914,38.1983],[-104.5914,38.1834],[-104.6099,38.1833],[-104.6101,38.1692],[-104.7081,38.1708],[-104.7127,38.1804],[-104.7124,38.186],[-104.7071,38.1997],[-104.7356,38.1996],[-104.7358,38.2525],[-104.7347,38.2571],[-104.7358,38.2605],[-104.7362,38.2853],[-104.7176,38.2853],[-104.7176,38.3091],[-104.6991,38.3091],[-104.6991,38.3164],[-104.6938,38.3164],[-104.6939,38.3128],[-104.6799,38.3123],[-104.6802,38.3164],[-104.6738,38.3153],[-104.673,38.3164],[-104.663,38.3166],[-104.6628,38.3314],[-104.6413,38.3315],[-104.6354,38.3269],[-104.6336,38.3269],[-104.6344,38.3281],[-104.6331,38.3287],[-104.6199,38.3316],[-104.572,38.3322]]]}},{"type":"Feature","properties":{"leaid":"0806150","name":"Pueblo County School District 70","kind":"Unified","gradeLow":"PK","gradeHigh":"12","state":"CO"},"geometry":{"type":"Polygon","coordinates":[[[-104.2752,38.4493],[-104.1191,38.4499],[-104.119,38.4425],[-104.1296,38.4427],[-104.129,38.2607],[-104.1328,38.2607],[-104.1324,38.2143],[-104.1382,38.2143],[-104.1392,38.179],[-104.1429,38.177],[-104.1447,38.1775],[-104.1427,38.1807],[-104.1432,38.183],[-104.1511,38.1819],[-104.1518,38.1839],[-104.1498,38.1883],[-104.1534,38.1915],[-104.1556,38.191],[-104.1573,38.1858],[-104.1605,38.1824],[-104.1693,38.1839],[-104.1701,38.1737],[-104.1834,38.178],[-104.2029,38.1883],[-104.2041,38.1591],[-104.2001,38.1551],[-104.2039,38.1396],[-104.2037,38.1259],[-104.2233,38.1259],[-104.2255,38.0048],[-104.2267,37.993],[-104.2267,37.9381],[-104.3844,37.9362],[-104.3842,37.8268],[-104.6464,37.9005],[-105.0137,37.8813],[-105.0138,37.8835],[-105.0158,37.8855],[-105.0348,37.8946],[-105.0316,37.9041],[-105.033,37.9053],[-105.0387,37.9044],[-105.0398,37.9081],[-105.0439,37.9095],[-105.0446,37.9117],[-105.0499,37.9155],[-105.0495,38.0399],[-105.0507,38.1138],[-105.0483,38.1278],[-105.0492,38.258],[-104.9404,38.2583],[-104.9415,38.5196],[-104.2751,38.5211],[-104.2752,38.4493]],[[-104.5725,38.3025],[-104.572,38.3322],[-104.6199,38.3316],[-104.6331,38.3287],[-104.6344,38.3281],[-104.6336,38.3269],[-104.6354,38.3269],[-104.6413,38.3315],[-104.6628,38.3314],[-104.663,38.3166],[-104.673,38.3164],[-104.6738,38.3153],[-104.6802,38.3164],[-104.6799,38.3123],[-104.6939,38.3128],[-104.6938,38.3164],[-104.6991,38.3164],[-104.6991,38.3091],[-104.7176,38.3091],[-104.7176,38.2853],[-104.7362,38.2853],[-104.7358,38.2605],[-104.7347,38.2571],[-104.7358,38.2525],[-104.7356,38.1996],[-104.7071,38.1997],[-104.7124,38.186],[-104.7127,38.1804],[-104.7081,38.1708],[-104.6101,38.1692],[-104.6099,38.1833],[-104.5914,38.1834],[-104.5914,38.1983],[-104.5638,38.1984],[-104.5639,38.227],[-104.5797,38.2271],[-104.5799,38.2509],[-104.5763,38.2518],[-104.57,38.2571],[-104.5701,38.2668],[-104.5522,38.2722],[-104.5371,38.2747],[-104.5261,38.275],[-104.527,38.3023],[-104.5725,38.3025]]]}},{"type":"Feature","properties":{"leaid":"0806180","name":"Rangely School District RE-4","kind":"Unified","gradeLow":"PK","gradeHigh":"12","state":"CO"},"geometry":{"type":"Polygon","coordinates":[[[-108.3268,40.2219],[-108.3271,40.1581],[-108.3459,40.1583],[-108.3462,40.1294],[-108.4479,40.13],[-108.449,40.0038],[-108.4512,40.0038],[-108.45,39.984],[-108.4496,39.8],[-108.4506,39.6941],[-108.5547,39.6936],[-108.5546,39.6502],[-108.8957,39.6503],[-108.8957,39.6605],[-109.0512,39.6605],[-109.0509,40.2226],[-108.3268,40.2219]]]}},{"type":"Feature","properties":{"leaid":"0806210","name":"Ridgway School District R-2","kind":"Unified","gradeLow":"PK","gradeHigh":"12","state":"CO"},"geometry":{"type":"Polygon","coordinates":[[[-107.6171,38.2727],[-107.6147,38.2701],[-107.6154,38.269],[-107.6116,38.2608],[-107.6002,38.2539],[-107.594,38.2535],[-107.5907,38.252],[-107.5866,38.243],[-107.5875,38.2402],[-107.5827,38.2346],[-107.5821,38.2311],[-107.5802,38.2308],[-107.5804,38.225],[-107.579,38.2227],[-107.5809,38.2181],[-107.5799,38.2148],[-107.581,38.2127],[-107.5756,38.2098],[-107.5755,38.2],[-107.5726,38.1941],[-107.5723,38.1874],[-107.5703,38.1814],[-107.568,38.1808],[-107.5666,38.1766],[-107.568,38.1715],[-107.5643,38.1667],[-107.5622,38.1588],[-107.5644,38.1503],[-107.5686,38.1488],[-107.5742,38.136],[-107.5692,38.134],[-107.5685,38.131],[-107.5647,38.1279],[-107.5633,38.1237],[-107.5639,38.1171],[-107.5609,38.1105],[-107.5623,38.1015],[-107.5654,38.0989],[-107.5647,38.097],[-107.5598,38.0917],[-107.5599,38.0878],[-107.5574,38.0857],[-107.5541,38.0795],[-107.5503,38.0782],[-107.5444,38.0807],[-107.5374,38.0794],[-107.5333,38.0801],[-107.5301,38.0765],[-107.5265,38.0759],[-107.5233,38.072],[-107.5168,38.0697],[-107.5149,38.065],[-107.511,38.0605],[-107.5173,38.0578],[-107.6519,38.0597],[-107.6514,38.1043],[-107.6662,38.1044],[-107.6661,38.1418],[-107.7178,38.1431],[-107.7183,38.1586],[-107.7298,38.1585],[-107.7297,38.1324],[-107.7387,38.1324],[-107.7387,38.1253],[-107.7367,38.1253],[-107.7368,38.1191],[-107.7344,38.1191],[-107.7344,38.1136],[-107.7245,38.1135],[-107.7245,38.1124],[-107.721,38.1124],[-107.7211,38.1096],[-107.7393,38.1096],[-107.7412,38.1124],[-107.7487,38.1124],[-107.7487,38.1325],[-107.7994,38.1327],[-107.7995,38.1078],[-107.7965,38.1077],[-107.8019,37.9869],[-107.8049,37.9888],[-107.8143,37.9907],[-107.8156,37.9894],[-107.8195,37.9897],[-107.8248,37.9882],[-107.8298,37.989],[-107.8377,37.9925],[-107.8431,37.9917],[-107.8491,37.9926],[-107.8477,37.9975],[-107.8424,38.0],[-107.8414,38.0029],[-107.8423,38.0058],[-107.8489,38.0085],[-107.859,38.0084],[-107.8624,38.0094],[-107.8736,38.0068],[-107.8787,38.0082],[-107.8833,38.0074],[-107.891,38.0135],[-107.8893,38.0176],[-107.8914,38.0225],[-107.891,38.025],[-107.9002,38.0262],[-107.8967,38.0316],[-107.8966,38.0348],[-107.8932,38.0392],[-107.8929,38.0427],[-107.888,38.0454],[-107.8914,38.0487],[-107.892,38.0578],[-107.8938,38.0577],[-107.8929,38.0725],[-107.8967,38.0868],[-107.8921,38.087],[-107.8915,38.116],[-107.9516,38.1161],[-107.9517,38.145],[-107.9655,38.1449],[-107.9658,38.1523],[-107.947,38.1525],[-107.9477,38.1738],[-107.9381,38.1739],[-107.9376,38.219],[-107.947,38.2189],[-107.9471,38.2265],[-107.9654,38.2265],[-107.9654,38.234],[-107.9842,38.2339],[-107.9841,38.2484],[-108.0115,38.2482],[-108.0115,38.2553],[-108.0866,38.2552],[-108.0863,38.2843],[-108.1042,38.2842],[-108.1048,38.3137],[-108.1233,38.3136],[-108.1237,38.3209],[-108.1317,38.3208],[-108.1324,38.3316],[-107.8561,38.3322],[-107.8564,38.2764],[-107.6941,38.2748],[-107.6171,38.2727]]]}},{"type":"Feature","properties":{"leaid":"0806240","name":"Garfield School District RE-2","kind":"Unified","gradeLow":"PK","gradeHigh":"12","state":"CO"},"geometry":{"type":"Polygon","coordinates":[[[-107.4924,39.8283],[-107.4872,39.5656],[-107.4825,39.5705],[-107.4724,39.5731],[-107.4659,39.5724],[-107.4587,39.5695],[-107.4505,39.572],[-107.4497,39.5646],[-107.4653,39.5645],[-107.4654,39.5493],[-107.4372,39.5495],[-107.4372,39.4923],[-107.4179,39.4922],[-107.4182,39.4773],[-107.3996,39.4773],[-107.3996,39.4656],[-107.3804,39.4657],[-107.3818,39.4277],[-107.3814,39.3928],[-107.4318,39.3933],[-107.4316,39.3662],[-107.9155,39.3662],[-107.9157,39.4784],[-107.9204,39.4803],[-107.9208,39.4935],[-107.9318,39.497],[-107.9371,39.4957],[-107.9383,39.519],[-107.9385,39.825],[-107.7872,39.825],[-107.6942,39.8301],[-107.4924,39.8283]]]}},{"type":"Feature","properties":{"leaid":"0806270","name":"Rocky Ford School District R-2","kind":"Unified","gradeLow":"KG","gradeHigh":"12","state":"CO"},"geometry":{"type":"Polygon","coordinates":[[[-103.8014,38.1125],[-103.6647,38.113],[-103.6658,38.0457],[-103.656,38.0468],[-103.6516,38.045],[-103.6487,38.0407],[-103.6538,38.0365],[-103.6533,38.0347],[-103.6485,38.034],[-103.6465,38.0304],[-103.6413,38.0311],[-103.6369,38.0279],[-103.6381,38.0234],[-103.6328,38.0248],[-103.6313,38.0226],[-103.639,38.0216],[-103.6423,38.0164],[-103.6445,38.0158],[-103.6428,38.0145],[-103.6463,38.0137],[-103.6475,38.0083],[-103.6525,38.0059],[-103.6523,38.0026],[-103.6565,38.0027],[-103.6573,37.9984],[-103.661,37.9982],[-103.6639,37.995],[-103.6657,37.9947],[-103.6664,37.9959],[-103.6681,37.9945],[-103.6694,37.9961],[-103.6683,37.9975],[-103.6697,37.9979],[-103.6715,37.9952],[-103.6733,37.9969],[-103.6809,37.9914],[-103.6892,37.9905],[-103.6964,37.9834],[-103.6971,37.9802],[-103.6981,37.9799],[-103.6972,37.9785],[-103.6981,37.9773],[-103.6965,37.9764],[-103.6978,37.9747],[-103.7013,37.976],[-103.7016,37.974],[-103.6998,37.9728],[-103.7019,37.9716],[-103.702,37.9095],[-103.8581,37.9098],[-103.8574,38.0762],[-103.8114,38.0764],[-103.8114,38.0834],[-103.8209,38.0833],[-103.8208,38.114],[-103.8119,38.1178],[-103.8014,38.1125]]]}},{"type":"Feature","properties":{"leaid":"0806300","name":"Mountain Valley School District RE-1","kind":"Unified","gradeLow":"KG","gradeHigh":"12","state":"CO"},"geometry":{"type":"Polygon","coordinates":[[[-105.8888,38.3344],[-105.8822,38.3275],[-105.8798,38.3212],[-105.8767,38.3188],[-105.8767,38.3164],[-105.8739,38.3151],[-105.872,38.3108],[-105.8686,38.3087],[-105.8668,38.3057],[-105.8616,38.3034],[-105.8583,38.2984],[-105.8502,38.2945],[-105.8483,38.2914],[-105.8462,38.2902],[-105.8428,38.2932],[-105.8408,38.2925],[-105.8372,38.2884],[-105.8317,38.2862],[-105.8271,38.2786],[-105.8215,38.2761],[-105.8194,38.2736],[-105.8,38.2699],[-105.7969,38.2663],[-105.7957,38.2601],[-105.7891,38.2518],[-105.7898,38.2444],[-105.7879,38.2421],[-105.7755,38.2358],[-105.7686,38.234],[-105.7666,38.2313],[-105.7594,38.2286],[-105.7565,38.225],[-105.756,38.2181],[-105.7506,38.2142],[-105.7448,38.2146],[-105.7407,38.2103],[-105.7363,38.2092],[-105.733,38.201],[-105.7268,38.1995],[-105.7161,38.1853],[-105.8086,38.1863],[-105.8094,38.0995],[-106.0507,38.1014],[-106.0507,38.0544],[-106.0554,38.0544],[-106.0554,38.0506],[-106.0507,38.0506],[-106.051,38.029],[-106.0425,38.0291],[-106.0425,38.0361],[-106.0376,38.0362],[-106.0375,38.0328],[-106.0334,38.0328],[-106.0333,38.022],[-106.0244,38.022],[-106.025,37.9799],[-106.0256,37.9659],[-106.0522,37.9659],[-106.0533,37.9223],[-106.1265,37.9225],[-106.1257,37.9522],[-106.1445,37.9525],[-106.1451,37.9226],[-106.3714,37.925],[-106.4365,37.9233],[-106.4358,37.9113],[-106.4386,37.8306],[-106.439,37.7483],[-106.5864,37.7478],[-106.5871,37.8344],[-106.6938,37.8352],[-106.6935,37.8735],[-106.6972,37.8761],[-106.7045,37.8758],[-106.7124,37.872],[-106.7187,37.8728],[-106.7229,37.875],[-106.7367,37.8879],[-106.7506,37.8815],[-106.7558,37.8806],[-106.7731,37.8856],[-106.7785,37.8949],[-106.801,37.9137],[-106.8079,37.9154],[-106.8184,37.914],[-106.8245,37.9187],[-106.8299,37.9179],[-106.8473,37.9192],[-106.8663,37.9341],[-106.8698,37.9415],[-106.8714,37.9419],[-106.8578,37.9497],[-106.8526,37.9559],[-106.8493,37.9568],[-106.8363,37.9552],[-106.8174,37.9559],[-106.814,37.9616],[-106.8101,37.9643],[-106.8097,37.9711],[-106.8032,37.9732],[-106.8049,37.9754],[-106.8017,37.9869],[-106.7947,37.9928],[-106.7808,38.0],[-106.7801,38.0011],[-106.7814,38.002],[-106.7928,38.0057],[-106.8104,38.0167],[-106.8065,38.0203],[-106.8067,38.03],[-106.8005,38.0363],[-106.7988,38.0429],[-106.7879,38.0507],[-106.7872,38.0537],[-106.7799,38.0595],[-106.7772,38.0658],[-106.7688,38.071],[-106.7663,38.0752],[-106.7667,38.0802],[-106.7596,38.0859],[-106.7527,38.086],[-106.7495,38.0881],[-106.7468,38.0924],[-106.7436,38.0933],[-106.7364,38.0908],[-106.7191,38.091],[-106.7029,38.0804],[-106.6907,38.0811],[-106.6845,38.0825],[-106.6822,38.0848],[-106.6701,38.087],[-106.6714,38.0876],[-106.6716,38.0933],[-106.6631,38.0973],[-106.6604,38.1027],[-106.6552,38.1052],[-106.6543,38.1102],[-106.6483,38.111],[-106.6457,38.1152],[-106.6434,38.115],[-106.6436,38.117],[-106.6409,38.1201],[-106.6375,38.1235],[-106.6339,38.125],[-106.6335,38.1284],[-106.63,38.1308],[-106.6271,38.1299],[-106.6206,38.1319],[-106.6155,38.1314],[-106.611,38.1343],[-106.6079,38.1409],[-106.6087,38.1423],[-106.6028,38.1452],[-106.6027,38.1503],[-106.5969,38.1566],[-106.6003,38.1617],[-106.6015,38.1711],[-106.5973,38.1766],[-106.5981,38.1799],[-106.5966,38.1823],[-106.5984,38.1859],[-106.5979,38.1892],[-106.587,38.1895],[-106.581,38.2036],[-106.5762,38.2093],[-106.5757,38.2122],[-106.5548,38.2289],[-106.5592,38.2317],[-106.5607,38.2354],[-106.5603,38.2384],[-106.5559,38.2445],[-106.5562,38.2462],[-106.5593,38.2479],[-106.5588,38.2519],[-106.556,38.2537],[-106.5501,38.2531],[-106.5469,38.2558],[-106.5442,38.256],[-106.541,38.2608],[-106.5366,38.2617],[-106.5349,38.2632],[-106.5312,38.2686],[-106.5279,38.2776],[-106.5252,38.2793],[-106.5243,38.2826],[-106.52,38.2848],[-106.5183,38.2948],[-106.5141,38.2985],[-106.5132,38.3017],[-106.5097,38.3052],[-106.5094,38.309],[-106.5066,38.3108],[-106.505,38.3149],[-106.499,38.3146],[-106.4885,38.317],[-106.4848,38.3164],[-106.4739,38.3221],[-106.4726,38.313],[-106.4668,38.3142],[-106.4642,38.3131],[-106.4572,38.2992],[-106.4534,38.2982],[-106.4463,38.2904],[-106.4416,38.2886],[-106.4376,38.283],[-106.4308,38.2813],[-106.4239,38.2826],[-106.4193,38.2804],[-106.4124,38.2823],[-106.4094,38.2855],[-106.4054,38.2857],[-106.3998,38.2846],[-106.3952,38.2822],[-106.3853,38.2873],[-106.3818,38.2932],[-106.3801,38.2939],[-106.3584,38.2906],[-106.3518,38.2918],[-106.3392,38.2902],[-106.3351,38.2914],[-106.3334,38.2927],[-106.3303,38.3028],[-106.3254,38.324],[-106.3193,38.3313],[-106.318,38.3346],[-106.3182,38.3398],[-106.3161,38.3427],[-106.3096,38.3445],[-106.3082,38.3434],[-106.2915,38.3449],[-106.2711,38.3528],[-106.2528,38.3475],[-106.2498,38.3502],[-106.2438,38.3523],[-106.2444,38.3579],[-106.2394,38.3633],[-106.2375,38.368],[-106.2402,38.3746],[-106.2371,38.3796],[-106.2399,38.3818],[-106.2422,38.3885],[-106.2449,38.3897],[-106.2526,38.3977],[-106.2532,38.4008],[-106.2506,38.4061],[-106.2459,38.4113],[-106.2469,38.4144],[-106.2439,38.4186],[-106.2469,38.4228],[-106.1057,38.4222],[-106.0881,38.4223],[-106.0861,38.4241],[-106.0841,38.4229],[-106.0765,38.4237],[-106.0694,38.4302],[-106.0701,38.4323],[-106.0664,38.4338],[-106.0581,38.4442],[-106.0589,38.4481],[-106.0622,38.4503],[-106.0586,38.4569],[-106.0521,38.4542],[-106.0428,38.4583],[-106.0309,38.4535],[-106.019,38.4544],[-106.0169,38.4518],[-106.0177,38.4487],[-106.0108,38.4466],[-106.0125,38.445],[-106.0123,38.4389],[-106.0075,38.4332],[-106.0016,38.4311],[-106.0003,38.4278],[-106.0007,38.4253],[-105.9968,38.4203],[-105.9873,38.4188],[-105.9839,38.42],[-105.9804,38.4173],[-105.9792,38.4141],[-105.9734,38.4095],[-105.9695,38.4097],[-105.9607,38.4031],[-105.9595,38.3971],[-105.9557,38.3944],[-105.9507,38.3937],[-105.9476,38.3905],[-105.9446,38.3786],[-105.9404,38.377],[-105.9385,38.3741],[-105.9314,38.3698],[-105.9199,38.3672],[-105.918,38.3634],[-105.9125,38.3615],[-105.9084,38.3545],[-105.8976,38.3501],[-105.8936,38.3466],[-105.891,38.3415],[-105.8888,38.3408],[-105.8888,38.3344]]]}},{"type":"Feature","properties":{"leaid":"0806330","name":"Salida School District R-32","kind":"Unified","gradeLow":"PK","gradeHigh":"12","state":"CO"},"geometry":{"type":"Polygon","coordinates":[[[-105.8143,38.6945],[-105.8091,38.5171],[-105.8263,38.5168],[-105.8266,38.4639],[-105.8447,38.464],[-105.8447,38.4505],[-105.863,38.4505],[-105.8632,38.4085],[-105.881,38.4084],[-105.8835,38.3282],[-105.8888,38.3344],[-105.8888,38.3408],[-105.891,38.3415],[-105.8936,38.3466],[-105.8976,38.3501],[-105.9084,38.3545],[-105.9125,38.3615],[-105.918,38.3634],[-105.9199,38.3672],[-105.9314,38.3698],[-105.9385,38.3741],[-105.9404,38.377],[-105.9446,38.3786],[-105.9476,38.3905],[-105.9507,38.3937],[-105.9557,38.3944],[-105.9595,38.3971],[-105.9607,38.4031],[-105.9695,38.4097],[-105.9734,38.4095],[-105.9792,38.4141],[-105.9804,38.4173],[-105.9839,38.42],[-105.9873,38.4188],[-105.9968,38.4203],[-106.0007,38.4253],[-106.0003,38.4278],[-106.0016,38.4311],[-106.0075,38.4332],[-106.0123,38.4389],[-106.0125,38.445],[-106.0108,38.4466],[-106.0177,38.4487],[-106.0169,38.4518],[-106.019,38.4544],[-106.0309,38.4535],[-106.0428,38.4583],[-106.0521,38.4542],[-106.0586,38.4569],[-106.0622,38.4503],[-106.0589,38.4481],[-106.0581,38.4442],[-106.0664,38.4338],[-106.0701,38.4323],[-106.0694,38.4302],[-106.0765,38.4237],[-106.0841,38.4229],[-106.0861,38.4241],[-106.0881,38.4223],[-106.1057,38.4222],[-106.2469,38.4228],[-106.2486,38.426],[-106.2495,38.4332],[-106.2454,38.4392],[-106.2613,38.4424],[-106.2661,38.4417],[-106.2705,38.4455],[-106.2741,38.4469],[-106.2722,38.4488],[-106.2727,38.4552],[-106.2806,38.4543],[-106.2885,38.4614],[-106.2903,38.4733],[-106.304,38.4778],[-106.3115,38.4949],[-106.3177,38.4949],[-106.3201,38.4977],[-106.3272,38.4976],[-106.3304,38.4937],[-106.3363,38.4967],[-106.3393,38.5012],[-106.3442,38.5046],[-106.3481,38.5125],[-106.3437,38.5175],[-106.3426,38.5215],[-106.3471,38.5288],[-106.3542,38.5334],[-106.3537,38.5392],[-106.3554,38.5426],[-106.3535,38.55],[-106.3466,38.5589],[-106.3469,38.5651],[-106.3446,38.5686],[-106.3517,38.5769],[-106.3534,38.5815],[-106.3513,38.5835],[-106.3582,38.5927],[-106.361,38.5945],[-106.3593,38.5994],[-106.3647,38.6059],[-106.3642,38.6145],[-106.3691,38.6187],[-106.3745,38.6208],[-106.3791,38.6201],[-106.3813,38.6211],[-106.3859,38.6267],[-106.1667,38.6267],[-106.1668,38.6649],[-106.0226,38.6653],[-106.0228,38.6942],[-105.9699,38.6944],[-105.9698,38.6936],[-105.9445,38.6931],[-105.8984,38.6938],[-105.8889,38.6952],[-105.8816,38.6941],[-105.8143,38.6945]]]}},{"type":"Feature","properties":{"leaid":"0806360","name":"Centennial School District R-1","kind":"Unified","gradeLow":"PK","gradeHigh":"12","state":"CO"},"geometry":{"type":"Polygon","coordinates":[[[-105.1652,37.2931],[-105.1646,37.2891],[-105.1579,37.2929],[-105.1542,37.2931],[-105.155,36.9953],[-105.7185,36.9958],[-105.7196,36.9967],[-105.7181,36.9994],[-105.7228,37.0008],[-105.7229,37.0039],[-105.7267,37.0068],[-105.7261,37.009],[-105.7238,37.0105],[-105.7249,37.0134],[-105.7283,37.015],[-105.7352,37.0146],[-105.7396,37.0129],[-105.7462,37.0142],[-105.7451,37.0174],[-105.7492,37.018],[-105.7506,37.0205],[-105.749,37.0236],[-105.7497,37.0267],[-105.7525,37.028],[-105.7609,37.0261],[-105.7658,37.035],[-105.7687,37.0365],[-105.7664,37.0407],[-105.7705,37.0415],[-105.7714,37.0458],[-105.7672,37.0481],[-105.7679,37.0512],[-105.7641,37.0561],[-105.7676,37.0604],[-105.7702,37.0612],[-105.7703,37.0645],[-105.7667,37.0663],[-105.7602,37.0766],[-105.7565,37.0786],[-105.753,37.0848],[-105.7485,37.0889],[-105.7473,37.0936],[-105.7407,37.1022],[-105.7416,37.1041],[-105.7449,37.1056],[-105.7497,37.1142],[-105.7499,37.1198],[-105.7478,37.1283],[-105.7488,37.1354],[-105.744,37.1436],[-105.7347,37.1493],[-105.7321,37.1533],[-105.7317,37.1585],[-105.738,37.1656],[-105.7369,37.1708],[-105.7309,37.1761],[-105.7297,37.18],[-105.7331,37.1886],[-105.7376,37.1897],[-105.7389,37.1913],[-105.739,37.1947],[-105.7366,37.1969],[-105.736,37.1996],[-105.7393,37.2021],[-105.7379,37.2043],[-105.7396,37.212],[-105.7441,37.2149],[-105.7457,37.2179],[-105.7435,37.2228],[-105.7461,37.2268],[-105.7467,37.2304],[-105.7412,37.2344],[-105.7408,37.2403],[-105.7462,37.2489],[-105.7428,37.2553],[-105.7376,37.2577],[-105.7367,37.2601],[-105.7388,37.2636],[-105.7377,37.2655],[-105.7329,37.2664],[-105.7297,37.2713],[-105.7237,37.2749],[-105.7253,37.2811],[-105.7284,37.2838],[-105.7262,37.2865],[-105.7219,37.2852],[-105.72,37.2859],[-105.7201,37.2903],[-105.7223,37.2925],[-105.7223,37.2943],[-105.1652,37.2931]]]}},{"type":"Feature","properties":{"leaid":"0806390","name":"Sanford School District 6J","kind":"Unified","gradeLow":"PK","gradeHigh":"12","state":"CO"},"geometry":{"type":"Polygon","coordinates":[[[-105.7433,37.3568],[-105.7501,37.3512],[-105.7497,37.3492],[-105.7475,37.3495],[-105.7475,37.3485],[-105.7532,37.3445],[-105.7494,37.339],[-105.7508,37.3339],[-105.7468,37.3311],[-105.7476,37.327],[-105.7458,37.3239],[-105.7383,37.32],[-105.7385,37.3186],[-105.7426,37.3163],[-105.7408,37.3143],[-105.7372,37.3136],[-105.738,37.3112],[-105.7362,37.3087],[-105.7382,37.3064],[-105.7346,37.3027],[-105.7292,37.3049],[-105.7265,37.2964],[-105.7224,37.2947],[-105.7223,37.2925],[-105.7203,37.2908],[-105.7199,37.2864],[-105.7215,37.2852],[-105.7253,37.2865],[-105.7279,37.2854],[-105.7283,37.2835],[-105.7253,37.2811],[-105.7237,37.275],[-105.7297,37.2713],[-105.7329,37.2664],[-105.7377,37.2655],[-105.7388,37.2636],[-105.7367,37.2601],[-105.7376,37.2577],[-105.7428,37.2553],[-105.7462,37.249],[-105.7408,37.2403],[-105.7412,37.2344],[-105.7467,37.2304],[-105.7461,37.2268],[-105.7435,37.2228],[-105.7457,37.2179],[-105.7441,37.2149],[-105.7396,37.212],[-105.7379,37.2043],[-105.7393,37.2021],[-105.736,37.1996],[-105.7366,37.1969],[-105.739,37.1947],[-105.7389,37.1913],[-105.7376,37.1897],[-105.7331,37.1886],[-105.7297,37.1799],[-105.7309,37.1761],[-105.7369,37.1708],[-105.738,37.1656],[-105.7317,37.1585],[-105.7321,37.1533],[-105.7347,37.1493],[-105.744,37.1436],[-105.7481,37.1366],[-105.8178,37.1366],[-105.8177,37.2022],[-105.8704,37.2022],[-105.8705,37.2096],[-105.8847,37.2098],[-105.8849,37.2173],[-105.8891,37.2173],[-105.8889,37.203],[-105.9165,37.203],[-105.9165,37.2173],[-105.9208,37.2172],[-105.9209,37.2249],[-105.9342,37.2249],[-105.9339,37.2331],[-105.9248,37.2331],[-105.9248,37.2364],[-105.9385,37.2363],[-105.9386,37.2296],[-105.9438,37.2296],[-105.944,37.2249],[-105.9471,37.2249],[-105.9469,37.2295],[-105.9576,37.2294],[-105.9579,37.24],[-105.9342,37.2395],[-105.9328,37.2686],[-105.9233,37.2685],[-105.9233,37.2729],[-105.9371,37.2729],[-105.9372,37.2764],[-105.928,37.2778],[-105.928,37.2795],[-105.9187,37.2795],[-105.9187,37.2833],[-105.9138,37.2832],[-105.9138,37.2869],[-105.9225,37.2879],[-105.9225,37.2942],[-105.9134,37.2943],[-105.9133,37.2958],[-105.9224,37.2956],[-105.9224,37.2984],[-105.932,37.2989],[-105.932,37.3057],[-105.9232,37.3057],[-105.9235,37.3272],[-105.9141,37.3273],[-105.9141,37.3241],[-105.9091,37.3241],[-105.9091,37.3273],[-105.8955,37.3272],[-105.8955,37.3286],[-105.8913,37.3286],[-105.8913,37.3344],[-105.9226,37.3343],[-105.9226,37.3425],[-105.918,37.3425],[-105.918,37.3459],[-105.9095,37.346],[-105.9095,37.342],[-105.8866,37.3418],[-105.8867,37.3563],[-105.8747,37.3563],[-105.8751,37.3856],[-105.7785,37.3855],[-105.7795,37.3828],[-105.7753,37.3842],[-105.7746,37.3798],[-105.77,37.3806],[-105.7687,37.3798],[-105.769,37.3783],[-105.7733,37.3754],[-105.7704,37.37],[-105.7639,37.3663],[-105.7645,37.3625],[-105.7634,37.3607],[-105.7661,37.3606],[-105.766,37.3591],[-105.762,37.3585],[-105.7607,37.3568],[-105.7433,37.3568]]]}},{"type":"Feature","properties":{"leaid":"0806420","name":"Sangre de Cristo School District RE-22J","kind":"Unified","gradeLow":"PK","gradeHigh":"12","state":"CO"},"geometry":{"type":"Polygon","coordinates":[[[-105.4573,37.7515],[-105.4572,37.7467],[-105.4543,37.7445],[-105.4527,37.7413],[-105.4553,37.7351],[-105.4532,37.7309],[-105.4542,37.724],[-105.4573,37.7191],[-105.4624,37.717],[-105.4639,37.7138],[-105.4666,37.7118],[-105.4711,37.7112],[-105.4741,37.7077],[-105.4775,37.7075],[-105.4814,37.6938],[-105.4809,37.6872],[-105.4777,37.6846],[-105.4767,37.6799],[-105.4769,37.6758],[-105.4788,37.6721],[-105.4772,37.6662],[-105.4811,37.6617],[-105.4815,37.6585],[-105.487,37.6535],[-105.4878,37.6445],[-105.4924,37.6348],[-105.4915,37.625],[-105.4986,37.6145],[-105.4955,37.6122],[-105.493,37.6053],[-105.4933,37.6009],[-105.5017,37.5981],[-105.5009,37.5961],[-105.4946,37.5924],[-105.4943,37.585],[-105.4868,37.58],[-105.4855,37.5779],[-105.5958,37.5781],[-105.5958,37.5615],[-105.9649,37.5596],[-105.9686,37.5606],[-105.9686,37.563],[-105.9732,37.56],[-105.9756,37.5631],[-105.9742,37.5645],[-105.9746,37.6687],[-105.9838,37.6688],[-105.9833,37.6834],[-105.9931,37.6834],[-105.9931,37.6979],[-106.0387,37.6975],[-106.0386,37.7262],[-106.03,37.7262],[-106.03,37.7339],[-106.0385,37.7338],[-106.0385,37.7404],[-106.031,37.7404],[-106.031,37.7484],[-106.011,37.7485],[-106.0107,37.8066],[-105.9653,37.807],[-105.9658,37.8647],[-105.8264,37.8666],[-105.8262,37.8375],[-105.7814,37.8383],[-105.7813,37.807],[-105.7092,37.8068],[-105.7095,37.7514],[-105.6173,37.7523],[-105.4573,37.7515]]]}},{"type":"Feature","properties":{"leaid":"0806450","name":"Sargent School District RE-33J","kind":"Unified","gradeLow":"KG","gradeHigh":"12","state":"CO"},"geometry":{"type":"Polygon","coordinates":[[[-106.0386,37.712],[-106.0387,37.6975],[-105.9931,37.6979],[-105.9931,37.6834],[-105.9833,37.6834],[-105.9838,37.6688],[-105.9746,37.6687],[-105.9743,37.565],[-105.9766,37.5664],[-105.9762,37.5647],[-105.979,37.5642],[-105.9789,37.5616],[-105.9815,37.5635],[-105.9827,37.561],[-105.988,37.5615],[-105.9924,37.567],[-105.9955,37.5652],[-105.9932,37.5623],[-105.9937,37.5611],[-106.0,37.562],[-106.0045,37.565],[-106.0084,37.5651],[-106.0082,37.5674],[-106.0041,37.5678],[-106.0051,37.5699],[-106.0067,37.5704],[-106.0123,37.5678],[-106.018,37.5669],[-106.0202,37.5639],[-106.0236,37.5641],[-106.0259,37.5665],[-106.0314,37.566],[-106.0316,37.5673],[-106.0287,37.5682],[-106.029,37.5694],[-106.0436,37.5705],[-106.048,37.5696],[-106.0492,37.5736],[-106.0519,37.5758],[-106.0532,37.5748],[-106.0513,37.5728],[-106.0523,37.5712],[-106.0552,37.5709],[-106.0566,37.5727],[-106.0618,37.5721],[-106.068,37.5737],[-106.0719,37.5727],[-106.0727,37.5775],[-106.0747,37.5794],[-106.083,37.5816],[-106.0993,37.5831],[-106.1009,37.5855],[-106.1063,37.5875],[-106.11,37.5914],[-106.1088,37.5933],[-106.1122,37.5939],[-106.1108,37.597],[-106.1137,37.5974],[-106.1131,37.6001],[-106.1203,37.5988],[-106.1215,37.5997],[-106.1209,37.601],[-106.1221,37.6009],[-106.1237,37.6031],[-106.1302,37.6018],[-106.1335,37.6024],[-106.1344,37.6045],[-106.1372,37.6034],[-106.1412,37.6071],[-106.1447,37.6067],[-106.1426,37.6086],[-106.1443,37.6099],[-106.1585,37.6065],[-106.1592,37.6045],[-106.1649,37.6058],[-106.1685,37.6048],[-106.1697,37.6081],[-106.1731,37.6099],[-106.1737,37.6117],[-106.1785,37.6113],[-106.1777,37.6136],[-106.1792,37.6166],[-106.1818,37.6142],[-106.1828,37.6163],[-106.1845,37.6155],[-106.1935,37.6169],[-106.2067,37.6254],[-106.2212,37.6298],[-106.2228,37.6314],[-106.2224,37.6546],[-106.2402,37.6546],[-106.2409,37.6611],[-106.2592,37.6616],[-106.2593,37.6834],[-106.2497,37.6833],[-106.2496,37.6976],[-106.2321,37.6975],[-106.2319,37.7261],[-106.204,37.7258],[-106.2038,37.7046],[-106.1762,37.7045],[-106.1762,37.7115],[-106.1669,37.7115],[-106.167,37.7045],[-106.1489,37.7046],[-106.1489,37.7117],[-106.1396,37.7118],[-106.1395,37.7192],[-106.1303,37.7192],[-106.1303,37.7265],[-106.1121,37.7266],[-106.1121,37.7337],[-106.1029,37.7337],[-106.103,37.7193],[-106.0937,37.7193],[-106.0937,37.7119],[-106.0386,37.712]]]}},{"type":"Feature","properties":{"leaid":"0806480","name":"Widefield School District 3","kind":"Unified","gradeLow":"PK","gradeHigh":"12","state":"CO"},"geometry":{"type":"Polygon","coordinates":[[[-104.6089,38.7115],[-104.7756,38.7114],[-104.7759,38.7664],[-104.7696,38.7666],[-104.771,38.7815],[-104.7207,38.7812],[-104.7203,38.8174],[-104.6919,38.8174],[-104.6915,38.8099],[-104.6733,38.8096],[-104.6739,38.824],[-104.6087,38.8246],[-104.6089,38.7115]]]}},{"type":"Feature","properties":{"leaid":"0806510","name":"Hi-Plains School District R-23","kind":"Unified","gradeLow":"PK","gradeHigh":"12","state":"CO"},"geometry":{"type":"Polygon","coordinates":[[[-102.9677,39.5682],[-102.7477,39.5679],[-102.7476,39.5658],[-102.7398,39.5657],[-102.7408,39.5269],[-102.7222,39.5268],[-102.7227,39.5048],[-102.6853,39.505],[-102.6674,39.5039],[-102.6684,39.3447],[-102.6688,39.3277],[-102.6702,39.3241],[-102.6712,39.272],[-102.6692,39.0394],[-102.9773,39.0393],[-102.9763,39.0399],[-102.9751,39.1276],[-102.9781,39.1276],[-102.9776,39.1999],[-102.9595,39.1999],[-102.9599,39.243],[-102.9691,39.2429],[-102.9694,39.301],[-102.9506,39.301],[-102.9511,39.3461],[-102.9495,39.4755],[-102.9682,39.4755],[-102.9677,39.5682]]]}},{"type":"Feature","properties":{"leaid":"0806540","name":"Sheridan School District 2","kind":"Unified","gradeLow":"PK","gradeHigh":"12","state":"CO"},"geometry":{"type":"Polygon","coordinates":[[[-105.0082,39.6641],[-105.0109,39.6605],[-104.9988,39.6605],[-105.0101,39.6241],[-105.0142,39.6241],[-105.0141,39.6257],[-105.0161,39.6258],[-105.0161,39.6277],[-105.0275,39.6279],[-105.0254,39.6286],[-105.0254,39.6314],[-105.0301,39.6332],[-105.0348,39.6332],[-105.0347,39.6386],[-105.03,39.6386],[-105.03,39.6428],[-105.0347,39.6437],[-105.0346,39.6533],[-105.0322,39.6533],[-105.0331,39.657],[-105.023,39.6568],[-105.023,39.6605],[-105.0158,39.6605],[-105.0158,39.6637],[-105.0082,39.6641]]]}},{"type":"Feature","properties":{"leaid":"0806570","name":"Silverton School District 1","kind":"Unified","gradeLow":"PK","gradeHigh":"12","state":"CO"},"geometry":{"type":"Polygon","coordinates":[[[-107.4822,37.7684],[-107.4822,37.6395],[-107.9701,37.6396],[-107.9601,37.6426],[-107.9571,37.6489],[-107.9617,37.6581],[-107.9616,37.6617],[-107.9645,37.6644],[-107.9644,37.6676],[-107.9688,37.6756],[-107.9694,37.6792],[-107.9751,37.6836],[-107.9703,37.6877],[-107.9709,37.69],[-107.9689,37.6965],[-107.9543,37.7065],[-107.9453,37.7064],[-107.9414,37.7027],[-107.9372,37.7026],[-107.9299,37.7092],[-107.911,37.7126],[-107.9103,37.7164],[-107.903,37.7188],[-107.8967,37.7192],[-107.8942,37.7175],[-107.8816,37.7184],[-107.8772,37.7163],[-107.873,37.7224],[-107.8756,37.7258],[-107.8745,37.7289],[-107.8756,37.7389],[-107.8697,37.7457],[-107.8661,37.7468],[-107.8643,37.7534],[-107.8619,37.756],[-107.8631,37.7568],[-107.8632,37.7602],[-107.8705,37.7628],[-107.8686,37.7669],[-107.8649,37.7691],[-107.8654,37.7715],[-107.8608,37.7755],[-107.8508,37.7763],[-107.8446,37.7736],[-107.8409,37.7741],[-107.8359,37.7828],[-107.8328,37.7843],[-107.8275,37.7895],[-107.8247,37.7902],[-107.8222,37.7957],[-107.8285,37.7996],[-107.8247,37.8049],[-107.829,37.8086],[-107.8285,37.8119],[-107.821,37.815],[-107.8172,37.8193],[-107.8107,37.8214],[-107.8087,37.8241],[-107.8044,37.8251],[-107.7964,37.8227],[-107.7902,37.8374],[-107.7829,37.8409],[-107.7825,37.8436],[-107.7851,37.8466],[-107.7827,37.849],[-107.78,37.8487],[-107.7791,37.8498],[-107.7791,37.8527],[-107.7803,37.8531],[-107.7801,37.8623],[-107.7828,37.8659],[-107.7826,37.8677],[-107.7749,37.8686],[-107.7661,37.8775],[-107.7609,37.8776],[-107.7562,37.8829],[-107.7562,37.89],[-107.7506,37.8924],[-107.7481,37.8951],[-107.749,37.898],[-107.743,37.8994],[-107.7383,37.9054],[-107.7326,37.9042],[-107.7209,37.8974],[-107.7166,37.8971],[-107.7093,37.8994],[-107.7076,37.8986],[-107.7072,37.8936],[-107.7051,37.894],[-107.7006,37.892],[-107.694,37.8935],[-107.6924,37.8975],[-107.6905,37.8982],[-107.6886,37.9018],[-107.6833,37.9009],[-107.6806,37.9041],[-107.6785,37.9045],[-107.6716,37.9029],[-107.6638,37.9035],[-107.6615,37.9066],[-107.6623,37.9075],[-107.6613,37.9094],[-107.6567,37.908],[-107.6506,37.9096],[-107.6488,37.913],[-107.6472,37.9134],[-107.6468,37.9166],[-107.6379,37.9209],[-107.6375,37.9236],[-107.6419,37.9314],[-107.6428,37.9366],[-107.6405,37.9394],[-107.642,37.9437],[-107.6409,37.9472],[-107.6427,37.9496],[-107.6429,37.9531],[-107.6399,37.9579],[-107.6416,37.965],[-107.5689,37.965],[-107.5683,37.9619],[-107.5645,37.9608],[-107.5627,37.9555],[-107.551,37.9497],[-107.5373,37.9476],[-107.5326,37.9439],[-107.5324,37.9407],[-107.5381,37.9328],[-107.5374,37.9261],[-107.5345,37.9247],[-107.5367,37.9211],[-107.5292,37.9147],[-107.5285,37.9071],[-107.5202,37.9013],[-107.5223,37.8981],[-107.5262,37.8966],[-107.5261,37.8936],[-107.5279,37.8907],[-107.5335,37.8891],[-107.5325,37.884],[-107.5365,37.8801],[-107.535,37.8756],[-107.536,37.8739],[-107.526,37.869],[-107.5241,37.8666],[-107.5244,37.8652],[-107.5211,37.8619],[-107.5208,37.8595],[-107.5179,37.857],[-107.5186,37.8492],[-107.5209,37.848],[-107.5224,37.8421],[-107.5197,37.8412],[-107.5206,37.8395],[-107.5184,37.839],[-107.5162,37.8345],[-107.5168,37.8267],[-107.4982,37.8229],[-107.491,37.8244],[-107.4855,37.8224],[-107.4789,37.8167],[-107.4747,37.8156],[-107.4688,37.8097],[-107.4659,37.8],[-107.4622,37.7991],[-107.4621,37.7972],[-107.4592,37.7943],[-107.4608,37.7868],[-107.4581,37.782],[-107.4604,37.7815],[-107.4639,37.7771],[-107.4674,37.7701],[-107.4669,37.7663],[-107.469,37.7652],[-107.4694,37.7665],[-107.4784,37.7693],[-107.4822,37.7684]]]}},{"type":"Feature","properties":{"leaid":"0806600","name":"Big Sandy School District 100J","kind":"Unified","gradeLow":"PK","gradeHigh":"12","state":"CO"},"geometry":{"type":"Polygon","coordinates":[[[-103.8258,39.3033],[-103.8272,39.1288],[-103.829,39.1282],[-103.8302,39.0401],[-103.7209,39.0401],[-103.7215,38.9973],[-103.7197,38.8668],[-103.8616,38.8668],[-103.9405,38.8682],[-103.9404,38.9554],[-104.0531,38.954],[-104.0533,38.9844],[-104.1459,38.9844],[-104.1462,39.027],[-104.1471,39.028],[-104.1462,39.03],[-104.1444,39.1002],[-104.2191,39.0989],[-104.219,39.1133],[-104.2001,39.114],[-104.1996,39.1286],[-104.2364,39.1286],[-104.2361,39.1506],[-104.2547,39.1505],[-104.2546,39.1576],[-104.236,39.1577],[-104.2357,39.1793],[-104.2451,39.1793],[-104.245,39.1866],[-104.254,39.1866],[-104.2539,39.1936],[-104.2493,39.1937],[-104.2495,39.2009],[-104.2586,39.2009],[-104.2586,39.2044],[-104.2577,39.2045],[-104.2586,39.2045],[-104.2586,39.2114],[-104.2645,39.2117],[-104.2645,39.2159],[-104.2443,39.2158],[-104.2444,39.2079],[-104.2358,39.2079],[-104.2354,39.2013],[-104.2175,39.2014],[-104.2174,39.2077],[-104.2072,39.2078],[-104.2073,39.2158],[-104.1795,39.2157],[-104.179,39.2588],[-104.1978,39.2588],[-104.1977,39.2736],[-104.142,39.2737],[-104.1442,39.3453],[-104.0695,39.3456],[-104.0694,39.3029],[-104.0297,39.3029],[-104.0296,39.2449],[-103.8997,39.2463],[-103.8997,39.3031],[-103.8258,39.3033]]]}},{"type":"Feature","properties":{"leaid":"0806630","name":"Springfield School District RE-4","kind":"Unified","gradeLow":"PK","gradeHigh":"12","state":"CO"},"geometry":{"type":"Polygon","coordinates":[[[-102.3831,37.6441],[-102.3828,37.4705],[-102.4366,37.4703],[-102.4367,37.4778],[-102.4551,37.4775],[-102.4549,37.4703],[-102.529,37.4699],[-102.5287,37.3835],[-102.5432,37.3835],[-102.5438,37.3231],[-102.4888,37.3229],[-102.4888,37.2509],[-102.4706,37.2504],[-102.4707,37.2276],[-102.5069,37.2276],[-102.5069,37.1778],[-102.4794,37.178],[-102.4795,37.163],[-102.5525,37.1631],[-102.5533,37.1778],[-102.5611,37.1778],[-102.561,37.2068],[-102.6335,37.2068],[-102.6336,37.1923],[-102.7057,37.1923],[-102.7052,37.163],[-102.8142,37.1625],[-102.8143,37.257],[-102.8234,37.2575],[-102.8237,37.2649],[-102.8144,37.2649],[-102.8145,37.2793],[-102.7782,37.2793],[-102.7783,37.3823],[-102.783,37.3823],[-102.7842,37.6436],[-102.3831,37.6441]]]}},{"type":"Feature","properties":{"leaid":"0806660","name":"Steamboat Springs School District RE-2","kind":"Unified","gradeLow":"KG","gradeHigh":"12","state":"CO"},"geometry":{"type":"Polygon","coordinates":[[[-106.8578,41.0027],[-106.8615,41.0],[-106.8613,40.9962],[-106.8509,40.9913],[-106.8507,40.9902],[-106.8554,40.9871],[-106.8571,40.9813],[-106.8623,40.9837],[-106.8706,40.9812],[-106.8732,40.973],[-106.8727,40.9672],[-106.8695,40.9598],[-106.8698,40.9562],[-106.8646,40.9542],[-106.8635,40.9524],[-106.8624,40.9415],[-106.8594,40.9384],[-106.856,40.9373],[-106.8561,40.935],[-106.8519,40.9336],[-106.8524,40.9297],[-106.8487,40.9267],[-106.8523,40.9252],[-106.8372,40.9237],[-106.8294,40.9243],[-106.8251,40.9288],[-106.8248,40.932],[-106.8187,40.9225],[-106.819,40.9186],[-106.8113,40.916],[-106.8085,40.9085],[-106.8063,40.9066],[-106.8053,40.902],[-106.8098,40.8998],[-106.8006,40.8959],[-106.7954,40.8979],[-106.7941,40.9007],[-106.7876,40.9006],[-106.7886,40.9028],[-106.7813,40.907],[-106.769,40.9041],[-106.7675,40.8986],[-106.7701,40.8965],[-106.7649,40.8964],[-106.7611,40.8941],[-106.75,40.8938],[-106.7436,40.892],[-106.7409,40.8898],[-106.7468,40.8821],[-106.7459,40.8798],[-106.7422,40.8771],[-106.7426,40.875],[-106.7393,40.8708],[-106.7383,40.8731],[-106.7278,40.8713],[-106.7058,40.876],[-106.7035,40.8804],[-106.7002,40.8826],[-106.7,40.8848],[-106.6942,40.888],[-106.6917,40.8882],[-106.6859,40.8858],[-106.6862,40.8806],[-106.6803,40.8743],[-106.6795,40.8696],[-106.678,40.8679],[-106.6682,40.8651],[-106.6668,40.8592],[-106.666,40.8582],[-106.6646,40.8592],[-106.6645,40.8568],[-106.6581,40.8537],[-106.6545,40.8491],[-106.6545,40.8455],[-106.6626,40.8433],[-106.6613,40.8409],[-106.664,40.835],[-106.6629,40.8323],[-106.664,40.8282],[-106.66,40.8267],[-106.6591,40.8237],[-106.6434,40.8215],[-106.6384,40.817],[-106.6392,40.8145],[-106.6355,40.8114],[-106.6371,40.8092],[-106.6368,40.8056],[-106.6355,40.8048],[-106.6365,40.8037],[-106.6369,40.7942],[-106.636,40.7919],[-106.6369,40.7895],[-106.6483,40.7818],[-106.6498,40.7776],[-106.6492,40.7754],[-106.6524,40.7756],[-106.6592,40.7729],[-106.6627,40.7699],[-106.6633,40.767],[-106.6697,40.7617],[-106.6695,40.7597],[-106.6652,40.7577],[-106.6634,40.7541],[-106.6613,40.7533],[-106.6652,40.7489],[-106.6626,40.7448],[-106.663,40.743],[-106.6683,40.7391],[-106.6767,40.7366],[-106.671,40.7328],[-106.6695,40.7288],[-106.6738,40.724],[-106.67,40.7207],[-106.6712,40.7164],[-106.6687,40.711],[-106.6725,40.7085],[-106.6725,40.7069],[-106.668,40.6963],[-106.6729,40.6883],[-106.6795,40.6859],[-106.6802,40.6837],[-106.6873,40.6827],[-106.6871,40.6806],[-106.6824,40.6779],[-106.6811,40.6752],[-106.6869,40.6727],[-106.6856,40.6629],[-106.6918,40.66],[-106.6921,40.6577],[-106.6877,40.6499],[-106.6821,40.6497],[-106.6801,40.648],[-106.6828,40.6469],[-106.686,40.6414],[-106.6887,40.6396],[-106.6868,40.6347],[-106.689,40.6351],[-106.6942,40.6329],[-106.6983,40.6275],[-106.7036,40.6278],[-106.7011,40.6255],[-106.704,40.6218],[-106.7062,40.6156],[-106.7037,40.6106],[-106.7046,40.6076],[-106.6987,40.602],[-106.6983,40.5994],[-106.6951,40.598],[-106.694,40.5945],[-106.6994,40.5868],[-106.6988,40.5829],[-106.7023,40.578],[-106.6982,40.5744],[-106.6922,40.5635],[-106.6929,40.5566],[-106.6862,40.5513],[-106.6837,40.5448],[-106.6782,40.544],[-106.6767,40.538],[-106.6698,40.5344],[-106.6695,40.5325],[-106.6737,40.5259],[-106.6731,40.5225],[-106.6708,40.5205],[-106.6662,40.5199],[-106.6591,40.5146],[-106.6611,40.5119],[-106.6556,40.5085],[-106.6564,40.5009],[-106.6531,40.4947],[-106.6539,40.4924],[-106.6593,40.4902],[-106.6574,40.4883],[-106.6562,40.4844],[-106.6633,40.4803],[-106.6648,40.4771],[-106.6671,40.4761],[-106.6674,40.4737],[-106.6653,40.4705],[-106.6579,40.4716],[-106.6575,40.4624],[-106.659,40.4594],[-106.6565,40.456],[-106.6558,40.4502],[-106.6515,40.4494],[-106.6528,40.3416],[-106.6323,40.3416],[-106.6324,40.3129],[-106.8433,40.3135],[-106.8433,40.341],[-106.8834,40.3408],[-106.8838,40.3138],[-106.9169,40.314],[-106.917,40.3413],[-106.9526,40.3414],[-106.9531,40.3683],[-106.9707,40.3682],[-106.9707,40.3541],[-106.9905,40.3541],[-106.99,40.4116],[-107.0853,40.412],[-107.085,40.4274],[-107.082,40.4274],[-107.0776,40.4306],[-107.0773,40.4549],[-106.9977,40.4559],[-106.9977,40.4834],[-106.9986,40.4853],[-106.9972,40.4867],[-106.9967,40.5167],[-107.0259,40.517],[-107.0256,40.5447],[-107.0834,40.5449],[-107.0825,40.8606],[-107.3163,40.8595],[-107.3178,41.0029],[-106.8578,41.0027]]]}},{"type":"Feature","properties":{"leaid":"0806690","name":"Valley School District RE-1","kind":"Unified","gradeLow":"PK","gradeHigh":"12","state":"CO"},"geometry":{"type":"Polygon","coordinates":[[[-102.6535,41.0023],[-102.6514,40.793],[-102.7292,40.7927],[-102.7295,40.8072],[-102.8833,40.8058],[-102.8833,40.7474],[-102.9214,40.7472],[-102.9216,40.7322],[-102.9597,40.7319],[-102.9597,40.7025],[-103.0681,40.7027],[-103.0681,40.6852],[-103.106,40.6852],[-103.106,40.6123],[-102.9809,40.6128],[-102.9805,40.5259],[-102.9432,40.5259],[-102.9422,40.4379],[-103.1604,40.4367],[-103.1609,40.509],[-103.2654,40.5091],[-103.2659,40.5226],[-103.2563,40.5228],[-103.2563,40.5297],[-103.262,40.5297],[-103.262,40.5259],[-103.2659,40.526],[-103.2664,40.5363],[-103.2888,40.536],[-103.2889,40.5321],[-103.2993,40.5321],[-103.2992,40.54],[-103.3083,40.5399],[-103.3082,40.5333],[-103.3136,40.5333],[-103.3136,40.5224],[-103.3223,40.5223],[-103.3226,40.5326],[-103.3274,40.5325],[-103.3273,40.5223],[-103.3326,40.5222],[-103.3337,40.5373],[-103.3328,40.5441],[-103.3332,40.5949],[-103.3729,40.5946],[-103.3735,40.5833],[-103.3786,40.5834],[-103.3786,40.5804],[-103.4488,40.5813],[-103.4487,40.6097],[-103.4681,40.6097],[-103.4663,40.6922],[-103.524,40.6921],[-103.5244,40.7016],[-103.5743,40.7021],[-103.5734,40.834],[-103.5263,40.8346],[-103.5261,40.8195],[-103.3624,40.8194],[-103.3624,40.8331],[-103.344,40.8332],[-103.3434,40.8185],[-103.201,40.8186],[-103.2012,40.8263],[-103.1911,40.8264],[-103.1719,40.8263],[-103.1719,40.8188],[-103.1148,40.819],[-103.1151,40.8335],[-103.0953,40.8332],[-103.0954,40.8407],[-103.0753,40.8405],[-103.0751,40.8624],[-103.1155,40.8627],[-103.1156,40.8771],[-103.0764,40.8769],[-103.0766,40.9055],[-102.9995,40.9065],[-103.0003,40.9209],[-102.8853,40.9226],[-102.8856,40.9515],[-102.8654,40.9512],[-102.8653,40.9534],[-102.866,40.9659],[-102.8858,40.966],[-102.8856,41.0021],[-102.6535,41.0023]]]}},{"type":"Feature","properties":{"leaid":"0806720","name":"Prairie School District RE-11","kind":"Unified","gradeLow":"PK","gradeHigh":"12","state":"CO"},"geometry":{"type":"Polygon","coordinates":[[[-103.9148,41.0017],[-103.5738,41.0017],[-103.5734,40.9927],[-103.5732,40.7892],[-103.5743,40.702],[-103.5804,40.702],[-103.5817,40.5671],[-103.5773,40.567],[-103.5774,40.5743],[-103.5727,40.5743],[-103.5726,40.5671],[-103.5681,40.5671],[-103.568,40.5595],[-103.5818,40.5596],[-103.5818,40.5232],[-103.6959,40.522],[-103.8034,40.5242],[-104.0514,40.5244],[-104.0511,40.5679],[-104.0312,40.5679],[-104.0289,40.6993],[-103.9164,40.6997],[-103.9174,40.7961],[-103.9148,41.0017]]]}},{"type":"Feature","properties":{"leaid":"0806750","name":"Strasburg School District 31J","kind":"Unified","gradeLow":"PK","gradeHigh":"12","state":"CO"},"geometry":{"type":"Polygon","coordinates":[[[-104.208,40.0008],[-104.2068,39.9421],[-104.188,39.9424],[-104.1873,39.9126],[-104.1884,39.8553],[-104.2259,39.8551],[-104.2279,39.739],[-104.2838,39.7387],[-104.285,39.5647],[-104.3987,39.5639],[-104.3969,39.6803],[-104.3829,39.6803],[-104.3827,39.6875],[-104.3778,39.6924],[-104.3765,39.8252],[-104.3579,39.8254],[-104.3577,39.8389],[-104.3761,39.839],[-104.3771,39.8745],[-104.3762,39.8806],[-104.3768,40.0007],[-104.208,40.0008]]]}},{"type":"Feature","properties":{"leaid":"0806780","name":"Stratton School District R-4","kind":"Unified","gradeLow":"PK","gradeHigh":"12","state":"CO"},"geometry":{"type":"Polygon","coordinates":[[[-102.4659,39.0427],[-102.6692,39.0394],[-102.6712,39.272],[-102.6702,39.3241],[-102.6688,39.3277],[-102.6684,39.3447],[-102.6674,39.5039],[-102.6511,39.5038],[-102.6488,39.5028],[-102.6493,39.4755],[-102.6306,39.4752],[-102.63,39.5263],[-102.6115,39.5262],[-102.6115,39.5343],[-102.5924,39.5342],[-102.5932,39.4972],[-102.5756,39.4971],[-102.5758,39.5112],[-102.5573,39.511],[-102.5573,39.5336],[-102.5199,39.5335],[-102.5198,39.5478],[-102.5007,39.5485],[-102.5002,39.5657],[-102.4814,39.5659],[-102.4819,39.5002],[-102.4918,39.5],[-102.4918,39.4323],[-102.4825,39.432],[-102.4841,39.287],[-102.4837,39.1708],[-102.4637,39.172],[-102.4634,39.1354],[-102.4647,39.128],[-102.4656,39.128],[-102.4659,39.0427]]]}},{"type":"Feature","properties":{"leaid":"0806810","name":"Summit School District RE-1","kind":"Unified","gradeLow":"PK","gradeHigh":"12","state":"CO"},"geometry":{"type":"Polygon","coordinates":[[[-105.9246,39.699],[-105.92,39.6939],[-105.9196,39.6903],[-105.9213,39.6843],[-105.927,39.6767],[-105.9267,39.6736],[-105.9108,39.6623],[-105.9037,39.6644],[-105.8968,39.6647],[-105.8939,39.6594],[-105.8849,39.6571],[-105.8796,39.6636],[-105.8648,39.6672],[-105.86,39.6592],[-105.8566,39.6576],[-105.8543,39.6491],[-105.8487,39.6442],[-105.8415,39.6462],[-105.8349,39.642],[-105.826,39.6409],[-105.8212,39.6427],[-105.8172,39.6336],[-105.8109,39.6353],[-105.7931,39.6363],[-105.7827,39.629],[-105.7827,39.618],[-105.7761,39.6111],[-105.776,39.6051],[-105.7827,39.6001],[-105.7908,39.5982],[-105.7953,39.5942],[-105.8002,39.5934],[-105.8081,39.5834],[-105.8178,39.5808],[-105.8199,39.5822],[-105.8216,39.5804],[-105.8265,39.5802],[-105.8324,39.5776],[-105.8384,39.573],[-105.8366,39.5688],[-105.83,39.5659],[-105.8258,39.5557],[-105.8223,39.553],[-105.8158,39.552],[-105.8163,39.5482],[-105.8189,39.5458],[-105.8176,39.5383],[-105.8193,39.5376],[-105.8229,39.5299],[-105.83,39.532],[-105.8443,39.526],[-105.8454,39.5237],[-105.8546,39.5279],[-105.8577,39.5321],[-105.8595,39.5315],[-105.8629,39.5273],[-105.8647,39.5221],[-105.8681,39.5195],[-105.8669,39.5167],[-105.8599,39.5121],[-105.8595,39.5092],[-105.8548,39.5064],[-105.8539,39.5045],[-105.8604,39.5047],[-105.8641,39.5016],[-105.8666,39.4944],[-105.8711,39.495],[-105.8747,39.4935],[-105.8785,39.4894],[-105.8791,39.4838],[-105.8922,39.484],[-105.8927,39.48],[-105.8947,39.4775],[-105.8973,39.4771],[-105.8969,39.4752],[-105.9016,39.4696],[-105.9018,39.4642],[-105.906,39.4597],[-105.9086,39.4593],[-105.9116,39.4567],[-105.9148,39.4584],[-105.9267,39.4594],[-105.9347,39.4579],[-105.9387,39.4585],[-105.9422,39.4528],[-105.9419,39.4482],[-105.9437,39.4462],[-105.9442,39.4409],[-105.9545,39.4384],[-105.9618,39.4401],[-105.966,39.4388],[-105.9668,39.438],[-105.9645,39.4328],[-105.9607,39.429],[-105.9566,39.428],[-105.9548,39.4262],[-105.9553,39.422],[-105.9519,39.4143],[-105.9769,39.4086],[-105.9819,39.406],[-105.985,39.4017],[-105.9929,39.4019],[-105.9966,39.3944],[-106.0033,39.3918],[-106.0084,39.3874],[-106.0139,39.3869],[-106.0184,39.3814],[-106.0168,39.375],[-106.0176,39.3655],[-106.022,39.3617],[-106.0267,39.3613],[-106.0347,39.3584],[-106.0439,39.3574],[-106.0561,39.3584],[-106.0685,39.3644],[-106.0742,39.3686],[-106.0802,39.3704],[-106.0812,39.3692],[-106.0856,39.3697],[-106.0972,39.378],[-106.1185,39.3765],[-106.1364,39.3797],[-106.2067,39.3796],[-106.2105,39.3828],[-106.2104,39.3841],[-106.2031,39.3896],[-106.2012,39.3959],[-106.2128,39.404],[-106.213,39.4057],[-106.2179,39.4083],[-106.217,39.4102],[-106.219,39.4123],[-106.2282,39.4144],[-106.2298,39.416],[-106.2309,39.4186],[-106.2301,39.4223],[-106.2327,39.4262],[-106.2269,39.4286],[-106.2233,39.4338],[-106.225,39.4366],[-106.2284,39.4398],[-106.2319,39.441],[-106.236,39.446],[-106.2389,39.4514],[-106.2385,39.4552],[-106.2451,39.4615],[-106.2516,39.465],[-106.2504,39.4689],[-106.2515,39.4767],[-106.2503,39.4774],[-106.2494,39.484],[-106.2455,39.4894],[-106.2473,39.4913],[-106.2596,39.495],[-106.2569,39.4997],[-106.2537,39.5003],[-106.2495,39.504],[-106.2464,39.5128],[-106.2484,39.5157],[-106.2558,39.5199],[-106.2544,39.5274],[-106.2559,39.5318],[-106.2506,39.5385],[-106.2483,39.5443],[-106.2434,39.5441],[-106.2367,39.5486],[-106.235,39.5479],[-106.2349,39.5435],[-106.2289,39.5384],[-106.2249,39.5314],[-106.2173,39.532],[-106.2113,39.5301],[-106.2104,39.5349],[-106.2118,39.5397],[-106.2101,39.5425],[-106.2099,39.5469],[-106.1981,39.5503],[-106.1976,39.5551],[-106.1963,39.5569],[-106.2057,39.5582],[-106.2092,39.5626],[-106.2103,39.5717],[-106.2149,39.5748],[-106.214,39.582],[-106.2109,39.5868],[-106.2112,39.5932],[-106.2086,39.6],[-106.2057,39.6039],[-106.2021,39.6058],[-106.194,39.6055],[-106.1849,39.6023],[-106.1776,39.6091],[-106.178,39.6118],[-106.1759,39.6161],[-106.1775,39.6317],[-106.1761,39.634],[-106.1793,39.6385],[-106.1793,39.6425],[-106.1835,39.6486],[-106.1838,39.6522],[-106.1892,39.6533],[-106.1944,39.6511],[-106.2077,39.6553],[-106.2092,39.6543],[-106.2172,39.6546],[-106.219,39.6563],[-106.2184,39.6608],[-106.22,39.6626],[-106.2225,39.663],[-106.2278,39.6608],[-106.2348,39.662],[-106.2404,39.6681],[-106.2387,39.6803],[-106.2469,39.6807],[-106.2523,39.679],[-106.2582,39.6798],[-106.2613,39.6827],[-106.2612,39.6858],[-106.2659,39.6895],[-106.2628,39.6967],[-106.2641,39.7013],[-106.2721,39.7043],[-106.2774,39.6995],[-106.2903,39.7036],[-106.2942,39.7093],[-106.2952,39.7164],[-106.2983,39.7206],[-106.312,39.7252],[-106.3185,39.7287],[-106.3205,39.7317],[-106.3254,39.7332],[-106.327,39.7366],[-106.3308,39.7393],[-106.3314,39.7425],[-106.3354,39.7494],[-106.3421,39.753],[-106.3435,39.759],[-106.3507,39.7569],[-106.3544,39.7524],[-106.3591,39.7532],[-106.3643,39.7522],[-106.3705,39.7566],[-106.3742,39.7622],[-106.3792,39.763],[-106.3855,39.7672],[-106.3909,39.7779],[-106.3895,39.7824],[-106.2524,39.7829],[-106.2528,39.8275],[-106.1767,39.8267],[-106.1768,39.849],[-106.1725,39.8479],[-106.1711,39.8453],[-106.1676,39.8455],[-106.1651,39.8438],[-106.1601,39.8434],[-106.1489,39.8394],[-106.1434,39.8393],[-106.1379,39.8435],[-106.1297,39.844],[-106.1245,39.8418],[-106.117,39.832],[-106.1124,39.8297],[-106.1047,39.8218],[-106.0999,39.8198],[-106.092,39.8129],[-106.09,39.8093],[-106.0841,39.8067],[-106.0822,39.7963],[-106.078,39.7935],[-106.0812,39.7874],[-106.0746,39.7801],[-106.071,39.7727],[-106.0701,39.7673],[-106.0656,39.7626],[-106.0648,39.7603],[-106.0659,39.7538],[-106.0619,39.7514],[-106.0649,39.7481],[-106.0597,39.7406],[-106.0602,39.7345],[-106.058,39.7288],[-106.0585,39.7247],[-106.056,39.7214],[-106.0486,39.7211],[-106.0416,39.716],[-106.0381,39.7121],[-106.0379,39.7076],[-106.0343,39.703],[-106.0336,39.6968],[-106.0319,39.6942],[-106.0263,39.6908],[-106.0267,39.6895],[-106.013,39.6863],[-106.0065,39.688],[-105.9963,39.6841],[-105.991,39.6875],[-105.9854,39.6874],[-105.981,39.6898],[-105.9724,39.6917],[-105.9704,39.6906],[-105.9619,39.6908],[-105.951,39.6951],[-105.9456,39.6889],[-105.9365,39.6926],[-105.9301,39.6975],[-105.9246,39.699]]]}},{"type":"Feature","properties":{"leaid":"0806840","name":"Swink School District 33","kind":"Unified","gradeLow":"KG","gradeHigh":"12","state":"CO"},"geometry":{"type":"Polygon","coordinates":[[[-103.5648,38.048],[-103.5647,38.0264],[-103.5829,38.0257],[-103.5834,37.8957],[-103.6724,37.8939],[-103.712,37.8653],[-103.7116,37.9096],[-103.702,37.9095],[-103.7019,37.9716],[-103.6998,37.9728],[-103.7016,37.974],[-103.7013,37.976],[-103.6978,37.9747],[-103.6965,37.9764],[-103.6981,37.9773],[-103.6972,37.9785],[-103.6981,37.9799],[-103.6971,37.9802],[-103.6964,37.9834],[-103.6892,37.9905],[-103.6809,37.9914],[-103.6733,37.9969],[-103.6715,37.9952],[-103.6697,37.9979],[-103.6683,37.9975],[-103.6694,37.9961],[-103.6681,37.9945],[-103.6664,37.9959],[-103.6657,37.9947],[-103.6639,37.995],[-103.661,37.9982],[-103.6573,37.9984],[-103.6565,38.0027],[-103.6523,38.0026],[-103.6525,38.0059],[-103.6475,38.0083],[-103.6463,38.0137],[-103.6428,38.0145],[-103.6445,38.0158],[-103.6423,38.0164],[-103.639,38.0216],[-103.6313,38.0226],[-103.6328,38.0248],[-103.6381,38.0234],[-103.6369,38.0279],[-103.6413,38.0311],[-103.6465,38.0304],[-103.6485,38.034],[-103.6533,38.0347],[-103.6538,38.0365],[-103.6487,38.0407],[-103.6516,38.045],[-103.656,38.0468],[-103.6658,38.0457],[-103.6654,38.0616],[-103.6193,38.0614],[-103.6192,38.0472],[-103.5648,38.048]]]}},{"type":"Feature","properties":{"leaid":"0806870","name":"Telluride School District R-1","kind":"Unified","gradeLow":"KG","gradeHigh":"12","state":"CO"},"geometry":{"type":"Polygon","coordinates":[[[-107.9658,38.1523],[-107.9655,38.1449],[-107.9517,38.145],[-107.9516,38.1161],[-107.8915,38.116],[-107.8921,38.087],[-107.8967,38.0868],[-107.8929,38.0725],[-107.8938,38.0577],[-107.892,38.0578],[-107.8914,38.0487],[-107.888,38.0454],[-107.8929,38.0427],[-107.8932,38.0392],[-107.8966,38.0348],[-107.8967,38.0316],[-107.9002,38.0262],[-107.891,38.025],[-107.8914,38.0225],[-107.8893,38.0176],[-107.891,38.0135],[-107.8897,38.0116],[-107.8833,38.0074],[-107.8787,38.0082],[-107.8736,38.0068],[-107.8624,38.0094],[-107.859,38.0084],[-107.8491,38.0086],[-107.8423,38.0058],[-107.8415,38.0011],[-107.8477,37.9975],[-107.8494,37.9944],[-107.8487,37.9925],[-107.8431,37.9917],[-107.8377,37.9925],[-107.8298,37.989],[-107.8248,37.9882],[-107.8195,37.9897],[-107.8156,37.9894],[-107.8143,37.9907],[-107.8049,37.9888],[-107.802,37.9869],[-107.7955,37.9885],[-107.7933,37.9864],[-107.7917,37.9824],[-107.7868,37.9785],[-107.7892,37.9753],[-107.7854,37.971],[-107.7804,37.9619],[-107.7787,37.9609],[-107.7693,37.962],[-107.7636,37.9592],[-107.7609,37.9596],[-107.7558,37.9546],[-107.7489,37.9531],[-107.7443,37.9458],[-107.7439,37.942],[-107.7391,37.9393],[-107.7379,37.9345],[-107.7328,37.93],[-107.7333,37.9269],[-107.7356,37.9249],[-107.7332,37.9203],[-107.7375,37.9177],[-107.7351,37.9109],[-107.7413,37.901],[-107.7444,37.8986],[-107.749,37.898],[-107.7481,37.8951],[-107.7494,37.8935],[-107.7562,37.89],[-107.7562,37.8829],[-107.7609,37.8776],[-107.7661,37.8775],[-107.7749,37.8686],[-107.7826,37.8677],[-107.7828,37.8659],[-107.7801,37.8623],[-107.7803,37.8531],[-107.7791,37.8527],[-107.7791,37.8498],[-107.78,37.8487],[-107.7827,37.849],[-107.7851,37.8466],[-107.7825,37.8436],[-107.7829,37.8409],[-107.7902,37.8374],[-107.7964,37.8227],[-107.8044,37.8251],[-107.8087,37.8241],[-107.8107,37.8214],[-107.8172,37.8193],[-107.821,37.815],[-107.8285,37.8119],[-107.829,37.8086],[-107.8247,37.8049],[-107.8285,37.7996],[-107.8222,37.7955],[-107.8247,37.7902],[-107.8275,37.7895],[-107.8328,37.7843],[-107.8359,37.7828],[-107.8409,37.7741],[-107.8446,37.7736],[-107.8508,37.7763],[-107.8608,37.7755],[-107.8642,37.7791],[-107.8705,37.7815],[-107.87,37.7843],[-107.8738,37.7865],[-107.8863,37.7855],[-107.8909,37.7909],[-107.8887,37.7961],[-107.8922,37.8024],[-107.9043,37.8069],[-107.906,37.8108],[-107.9096,37.8111],[-107.9136,37.8141],[-107.9213,37.8237],[-107.9381,37.8227],[-107.9447,37.8281],[-107.947,37.8285],[-107.9468,37.8313],[-107.9508,37.8358],[-107.9587,37.8346],[-107.9659,37.8318],[-107.972,37.8326],[-107.9798,37.843],[-107.9842,37.845],[-107.9895,37.8568],[-107.999,37.8558],[-108.0027,37.8571],[-108.0073,37.8551],[-108.0121,37.8571],[-108.0189,37.8555],[-108.0309,37.8555],[-108.0358,37.8522],[-108.0477,37.8507],[-108.0516,37.8462],[-108.0557,37.8445],[-108.0549,37.8418],[-108.0585,37.841],[-108.0603,37.8449],[-108.0642,37.8467],[-108.0665,37.851],[-108.0683,37.8515],[-108.0721,37.8478],[-108.0814,37.8442],[-108.0846,37.8416],[-108.0909,37.8399],[-108.0963,37.8403],[-108.095,37.8424],[-108.0955,37.8449],[-108.0988,37.8488],[-108.1133,37.855],[-108.1128,37.9421],[-108.1155,37.9479],[-108.1151,37.9677],[-108.1099,38.0127],[-108.1097,38.1007],[-108.1162,38.1006],[-108.1161,38.1523],[-107.9658,38.1523]]]}},{"type":"Feature","properties":{"leaid":"0806900","name":"Adams 12 Five Star Schools","kind":"Unified","gradeLow":"PK","gradeHigh":"12","state":"CO"},"geometry":{"type":"Polygon","coordinates":[[[-105.0528,40.0003],[-104.9593,40.0003],[-104.9594,39.9935],[-104.9876,39.9937],[-104.9876,39.9866],[-104.9499,39.9865],[-104.9499,39.9792],[-104.922,39.979],[-104.922,39.9719],[-104.9314,39.9719],[-104.9315,39.9574],[-104.9221,39.9574],[-104.9219,39.9212],[-104.9031,39.9214],[-104.903,39.9071],[-104.9125,39.9071],[-104.9176,39.8998],[-104.922,39.8997],[-104.9222,39.8936],[-104.9268,39.8891],[-104.928,39.8852],[-104.9402,39.885],[-104.9402,39.8923],[-104.9446,39.8923],[-104.9448,39.8852],[-104.9589,39.8851],[-104.9589,39.8778],[-104.9675,39.8778],[-104.9684,39.8486],[-104.9589,39.8485],[-104.959,39.8448],[-104.9578,39.8442],[-104.9622,39.8422],[-104.9682,39.8425],[-104.9685,39.8381],[-104.9779,39.8381],[-104.9779,39.8417],[-104.9969,39.8425],[-104.9965,39.8491],[-105.0194,39.8491],[-105.0202,39.8708],[-105.0345,39.8708],[-105.0344,39.8852],[-105.0531,39.8854],[-105.0528,40.0003]]]}},{"type":"Feature","properties":{"leaid":"0806930","name":"Plainview School District RE-2","kind":"Unified","gradeLow":"KG","gradeHigh":"12","state":"CO"},"geometry":{"type":"Polygon","coordinates":[[[-102.0451,38.6152],[-102.0445,38.2687],[-102.471,38.2678],[-102.4729,38.3821],[-102.419,38.3831],[-102.4185,38.4257],[-102.4367,38.4258],[-102.437,38.4693],[-102.4553,38.4694],[-102.4546,38.6049],[-102.4535,38.6079],[-102.4546,38.6148],[-102.0451,38.6152]]]}},{"type":"Feature","properties":{"leaid":"0806960","name":"Trinidad School District 1","kind":"Unified","gradeLow":"PK","gradeHigh":"12","state":"CO"},"geometry":{"type":"Polygon","coordinates":[[[-104.5182,37.3243],[-104.5183,37.2948],[-104.5004,37.2948],[-104.5004,37.28],[-104.4851,37.28],[-104.486,37.2409],[-104.4846,37.2249],[-104.4852,37.1994],[-104.4724,37.1995],[-104.4795,37.1933],[-104.4844,37.1927],[-104.4853,37.191],[-104.4886,37.1899],[-104.4862,37.1869],[-104.493,37.1777],[-104.4863,37.1777],[-104.4866,37.1631],[-104.4516,37.163],[-104.4521,37.0898],[-104.4681,37.0901],[-104.4685,36.9938],[-104.6314,36.9936],[-104.6309,37.1197],[-104.6126,37.1197],[-104.6127,37.1344],[-104.6495,37.1345],[-104.6494,37.1489],[-104.6588,37.149],[-104.6587,37.1631],[-104.6682,37.1631],[-104.668,37.1903],[-104.6864,37.1903],[-104.6862,37.199],[-104.7217,37.1993],[-104.7226,37.2059],[-104.7753,37.206],[-104.7747,37.2148],[-104.7778,37.2171],[-104.7782,37.2202],[-104.8298,37.2202],[-104.8299,37.264],[-104.7405,37.2635],[-104.7405,37.2948],[-104.7224,37.2947],[-104.7224,37.3083],[-104.7202,37.3078],[-104.7166,37.3094],[-104.6663,37.3079],[-104.6666,37.264],[-104.6101,37.2639],[-104.6099,37.2955],[-104.572,37.295],[-104.5739,37.31],[-104.5559,37.3101],[-104.555,37.3243],[-104.5431,37.3243],[-104.5393,37.3267],[-104.5283,37.3243],[-104.5182,37.3243]]]}},{"type":"Feature","properties":{"leaid":"0806990","name":"Vilas School District RE-5","kind":"Unified","gradeLow":"PK","gradeHigh":"12","state":"CO"},"geometry":{"type":"Polygon","coordinates":[[[-102.4366,37.4703],[-102.3465,37.4707],[-102.3465,37.3839],[-102.3434,37.3839],[-102.3435,37.3681],[-102.3293,37.368],[-102.3291,37.3245],[-102.3137,37.3241],[-102.3131,37.3156],[-102.3139,37.3093],[-102.3798,37.3074],[-102.3792,37.2366],[-102.35,37.236],[-102.3501,37.2071],[-102.362,37.207],[-102.3617,37.1773],[-102.5069,37.1778],[-102.5069,37.2276],[-102.4707,37.2276],[-102.4706,37.2504],[-102.4888,37.2509],[-102.4888,37.3229],[-102.5438,37.3231],[-102.5432,37.3835],[-102.5287,37.3835],[-102.529,37.4699],[-102.4549,37.4703],[-102.4551,37.4775],[-102.4367,37.4778],[-102.4366,37.4703]]]}},{"type":"Feature","properties":{"leaid":"0807050","name":"North Park School District R-1","kind":"Unified","gradeLow":"PK","gradeHigh":"12","state":"CO"},"geometry":{"type":"Polygon","coordinates":[[[-106.4557,41.0021],[-106.1906,40.9976],[-106.1949,40.9911],[-106.1954,40.9882],[-106.1949,40.9869],[-106.1911,40.986],[-106.1906,40.9839],[-106.1923,40.9826],[-106.19,40.9786],[-106.1902,40.9745],[-106.1867,40.9702],[-106.1877,40.9649],[-106.1848,40.9638],[-106.1853,40.961],[-106.1874,40.9587],[-106.1844,40.9546],[-106.1893,40.9459],[-106.1872,40.9408],[-106.1876,40.9377],[-106.1853,40.934],[-106.1772,40.9295],[-106.1734,40.9248],[-106.1694,40.9235],[-106.1695,40.92],[-106.1682,40.9184],[-106.1592,40.9147],[-106.1586,40.9106],[-106.1546,40.9094],[-106.1479,40.9046],[-106.1441,40.9049],[-106.1369,40.902],[-106.1367,40.8996],[-106.1313,40.8966],[-106.1314,40.8929],[-106.1276,40.8849],[-106.13,40.8782],[-106.1324,40.8766],[-106.1307,40.8739],[-106.1277,40.8718],[-106.1269,40.8696],[-106.1232,40.8675],[-106.1208,40.8676],[-106.119,40.8658],[-106.1165,40.8664],[-106.1084,40.8633],[-106.1078,40.8614],[-106.1047,40.8603],[-106.1056,40.8554],[-106.1081,40.8522],[-106.1024,40.8523],[-106.0985,40.8497],[-106.1013,40.8436],[-106.0997,40.8421],[-106.0925,40.8407],[-106.0883,40.8358],[-106.0879,40.8334],[-106.0796,40.8302],[-106.0713,40.8223],[-106.0648,40.8216],[-106.0577,40.8171],[-106.0578,40.8144],[-106.0546,40.8133],[-106.0515,40.8091],[-106.0524,40.8059],[-106.0487,40.8051],[-106.0467,40.803],[-106.0449,40.7977],[-106.0461,40.7955],[-106.0454,40.7919],[-106.0397,40.7858],[-106.0346,40.7853],[-106.0297,40.7816],[-106.031,40.7779],[-106.0289,40.7775],[-106.0292,40.7734],[-106.0245,40.7713],[-106.0266,40.768],[-106.0235,40.7643],[-106.0239,40.7613],[-106.0207,40.7584],[-106.0223,40.7547],[-106.0153,40.7528],[-106.0154,40.7503],[-106.0122,40.7434],[-106.0104,40.7424],[-106.0105,40.7408],[-106.0006,40.7343],[-105.9948,40.7321],[-105.9906,40.7272],[-105.9909,40.7248],[-105.9881,40.7214],[-105.9901,40.7183],[-105.9887,40.7096],[-105.9771,40.7026],[-105.9726,40.6956],[-105.974,40.6901],[-105.9699,40.6854],[-105.9718,40.6828],[-105.9714,40.6808],[-105.9667,40.6757],[-105.965,40.6682],[-105.9586,40.663],[-105.9558,40.6589],[-105.9567,40.655],[-105.9544,40.6474],[-105.9511,40.6459],[-105.9511,40.6435],[-105.9485,40.6423],[-105.9493,40.6273],[-105.945,40.6219],[-105.947,40.6167],[-105.9421,40.6091],[-105.9299,40.6058],[-105.9281,40.6001],[-105.928,40.593],[-105.9223,40.5742],[-105.9184,40.5707],[-105.9147,40.5706],[-105.9109,40.5664],[-105.9099,40.5588],[-105.9118,40.5527],[-105.9095,40.5479],[-105.9096,40.545],[-105.907,40.5429],[-105.9051,40.5353],[-105.9071,40.5278],[-105.9112,40.5222],[-105.9083,40.5161],[-105.9045,40.5141],[-105.8946,40.5202],[-105.879,40.5232],[-105.8691,40.5207],[-105.8664,40.5173],[-105.8619,40.5144],[-105.8571,40.5079],[-105.8523,40.5066],[-105.8518,40.4985],[-105.8552,40.4944],[-105.8561,40.4904],[-105.8549,40.4863],[-105.8572,40.4833],[-105.8625,40.4802],[-105.8692,40.481],[-105.8723,40.4783],[-105.8815,40.4759],[-105.886,40.4773],[-105.8918,40.4767],[-105.8943,40.4695],[-105.8972,40.4692],[-105.8993,40.4656],[-105.8983,40.4574],[-105.8998,40.4545],[-105.8989,40.4503],[-105.8971,40.4485],[-105.9033,40.4317],[-105.8986,40.4268],[-105.8977,40.4177],[-105.9021,40.4129],[-105.9017,40.4065],[-105.9033,40.4008],[-105.9051,40.3988],[-105.9136,40.4016],[-105.9206,40.4018],[-105.9244,40.3932],[-105.9275,40.391],[-105.9405,40.3845],[-105.9466,40.385],[-105.9467,40.3772],[-105.9373,40.3719],[-105.9385,40.3662],[-105.9498,40.3629],[-105.9543,40.3603],[-105.9554,40.3548],[-105.9597,40.3481],[-105.9706,40.3501],[-105.9759,40.3582],[-105.9783,40.358],[-105.9813,40.3596],[-105.9839,40.3631],[-105.9867,40.3646],[-105.9944,40.3646],[-105.9983,40.3625],[-106.0109,40.3619],[-106.0131,40.368],[-106.0116,40.3703],[-106.0139,40.3706],[-106.0135,40.3721],[-106.0146,40.3729],[-106.0186,40.3733],[-106.0274,40.3709],[-106.0298,40.3684],[-106.036,40.3691],[-106.0434,40.3629],[-106.0546,40.3576],[-106.0632,40.3572],[-106.0658,40.3544],[-106.0857,40.3472],[-106.0874,40.3504],[-106.0915,40.3501],[-106.0994,40.3545],[-106.1016,40.3538],[-106.1051,40.3502],[-106.1167,40.3459],[-106.1279,40.338],[-106.1343,40.336],[-106.1368,40.3301],[-106.1494,40.332],[-106.162,40.3426],[-106.1705,40.344],[-106.1747,40.3432],[-106.1792,40.3383],[-106.1798,40.334],[-106.1892,40.3265],[-106.1969,40.3256],[-106.1989,40.3271],[-106.2017,40.3265],[-106.2171,40.3291],[-106.2207,40.3278],[-106.2217,40.3258],[-106.2301,40.3234],[-106.239,40.328],[-106.2389,40.3298],[-106.2448,40.3373],[-106.2511,40.3406],[-106.2536,40.3466],[-106.2536,40.3503],[-106.2561,40.3513],[-106.2597,40.3578],[-106.2657,40.361],[-106.2692,40.3593],[-106.2698,40.3572],[-106.2779,40.3537],[-106.2842,40.3558],[-106.2863,40.3589],[-106.2927,40.3569],[-106.2955,40.3542],[-106.2958,40.3515],[-106.2987,40.3494],[-106.2972,40.3469],[-106.2987,40.3448],[-106.2985,40.3413],[-106.2939,40.3376],[-106.2965,40.3353],[-106.296,40.3331],[-106.2983,40.3324],[-106.2995,40.3303],[-106.3052,40.3309],[-106.3058,40.3285],[-106.3122,40.3302],[-106.3212,40.3373],[-106.337,40.3396],[-106.3376,40.3429],[-106.3439,40.3465],[-106.3449,40.3496],[-106.3504,40.3531],[-106.3515,40.3558],[-106.3565,40.3581],[-106.3622,40.358],[-106.3663,40.3559],[-106.37,40.3575],[-106.3725,40.357],[-106.3812,40.3528],[-106.3853,40.3524],[-106.3897,40.3457],[-106.3964,40.347],[-106.404,40.345],[-106.4074,40.3461],[-106.4103,40.3502],[-106.414,40.3509],[-106.4185,40.3501],[-106.4218,40.3528],[-106.4275,40.3508],[-106.4306,40.3513],[-106.433,40.3496],[-106.4388,40.3503],[-106.4432,40.3465],[-106.4543,40.3543],[-106.457,40.3545],[-106.4578,40.3561],[-106.4555,40.358],[-106.4561,40.3633],[-106.4583,40.3665],[-106.4632,40.367],[-106.4644,40.3759],[-106.4671,40.3792],[-106.4731,40.3794],[-106.4712,40.3834],[-106.4745,40.388],[-106.4813,40.3894],[-106.4797,40.3919],[-106.48,40.3948],[-106.4771,40.3997],[-106.4773,40.4037],[-106.4825,40.4084],[-106.4898,40.4116],[-106.4949,40.4069],[-106.4958,40.4036],[-106.501,40.4026],[-106.5026,40.3993],[-106.5105,40.3934],[-106.5103,40.3893],[-106.5123,40.3868],[-106.5189,40.391],[-106.5204,40.3885],[-106.5253,40.3858],[-106.527,40.3832],[-106.5268,40.3772],[-106.5293,40.3728],[-106.5297,40.3691],[-106.5313,40.3666],[-106.5349,40.3651],[-106.5399,40.3713],[-106.5444,40.372],[-106.5467,40.3703],[-106.5535,40.3699],[-106.5556,40.3726],[-106.5567,40.3773],[-106.5593,40.3781],[-106.5766,40.3786],[-106.5854,40.3823],[-106.5911,40.3806],[-106.5946,40.3832],[-106.5945,40.3814],[-106.5967,40.381],[-106.5965,40.3789],[-106.601,40.3758],[-106.6037,40.3783],[-106.6082,40.3797],[-106.6094,40.3783],[-106.6123,40.3794],[-106.612,40.3868],[-106.6176,40.3932],[-106.6195,40.4052],[-106.6239,40.4109],[-106.6252,40.415],[-106.6292,40.4189],[-106.6265,40.427],[-106.6222,40.4298],[-106.6235,40.4317],[-106.6264,40.431],[-106.6325,40.4326],[-106.6386,40.4322],[-106.6503,40.4398],[-106.6519,40.4421],[-106.6515,40.4494],[-106.6558,40.4502],[-106.6565,40.456],[-106.659,40.4594],[-106.6575,40.4624],[-106.6579,40.4716],[-106.6653,40.4705],[-106.6674,40.4737],[-106.6671,40.4761],[-106.6648,40.4771],[-106.6633,40.4803],[-106.6562,40.4844],[-106.6574,40.4883],[-106.6593,40.4902],[-106.6539,40.4924],[-106.6531,40.4947],[-106.6564,40.5009],[-106.6556,40.5085],[-106.6611,40.5119],[-106.6591,40.5146],[-106.6662,40.5199],[-106.6708,40.5205],[-106.6731,40.5225],[-106.6737,40.5259],[-106.6695,40.5325],[-106.6698,40.5344],[-106.6767,40.538],[-106.6782,40.544],[-106.6837,40.5448],[-106.6862,40.5513],[-106.6929,40.5566],[-106.6922,40.5635],[-106.6982,40.5744],[-106.7023,40.578],[-106.6988,40.5829],[-106.6994,40.5868],[-106.694,40.5945],[-106.6951,40.598],[-106.6983,40.5994],[-106.6987,40.602],[-106.7046,40.6076],[-106.7037,40.6106],[-106.7062,40.6156],[-106.704,40.6218],[-106.7011,40.6255],[-106.7036,40.6278],[-106.6983,40.6275],[-106.6942,40.6329],[-106.689,40.6351],[-106.6868,40.6347],[-106.6887,40.6396],[-106.686,40.6414],[-106.6828,40.6469],[-106.6801,40.648],[-106.6821,40.6497],[-106.6877,40.6499],[-106.6921,40.6577],[-106.6918,40.66],[-106.6856,40.6629],[-106.6869,40.6727],[-106.6811,40.6752],[-106.6824,40.6779],[-106.6871,40.6806],[-106.6873,40.6827],[-106.6802,40.6837],[-106.6795,40.6859],[-106.6729,40.6883],[-106.668,40.6963],[-106.6725,40.7069],[-106.6725,40.7085],[-106.6687,40.711],[-106.6712,40.7164],[-106.67,40.7207],[-106.6738,40.724],[-106.6695,40.7288],[-106.671,40.7328],[-106.6767,40.7366],[-106.6683,40.7391],[-106.663,40.743],[-106.6626,40.7448],[-106.6652,40.7489],[-106.6613,40.7533],[-106.6634,40.7541],[-106.6652,40.7577],[-106.6695,40.7597],[-106.6697,40.7617],[-106.6633,40.767],[-106.6627,40.7699],[-106.6592,40.7729],[-106.6524,40.7756],[-106.6492,40.7754],[-106.6498,40.7776],[-106.6483,40.7818],[-106.6369,40.7895],[-106.636,40.7919],[-106.6369,40.7942],[-106.6365,40.8037],[-106.6355,40.8048],[-106.6368,40.8056],[-106.6371,40.8092],[-106.6355,40.8114],[-106.6392,40.8145],[-106.6384,40.817],[-106.6434,40.8215],[-106.6591,40.8237],[-106.66,40.8267],[-106.664,40.8282],[-106.6629,40.8323],[-106.664,40.835],[-106.6613,40.8409],[-106.6626,40.8433],[-106.6545,40.8455],[-106.6545,40.8491],[-106.6581,40.8537],[-106.6645,40.8568],[-106.6646,40.8592],[-106.666,40.8582],[-106.6668,40.8592],[-106.6682,40.8651],[-106.678,40.8679],[-106.6795,40.8696],[-106.6803,40.8743],[-106.6862,40.8806],[-106.6859,40.8858],[-106.6917,40.8882],[-106.6942,40.888],[-106.7,40.8848],[-106.7002,40.8826],[-106.7035,40.8804],[-106.7058,40.876],[-106.7278,40.8713],[-106.7383,40.8731],[-106.7393,40.8708],[-106.7426,40.875],[-106.7422,40.8771],[-106.7459,40.8798],[-106.7468,40.8821],[-106.7409,40.8898],[-106.7436,40.892],[-106.75,40.8938],[-106.7611,40.8941],[-106.7649,40.8964],[-106.7701,40.8965],[-106.7675,40.8986],[-106.769,40.9041],[-106.7813,40.907],[-106.7886,40.9028],[-106.7876,40.9006],[-106.7941,40.9007],[-106.7954,40.8979],[-106.8006,40.8959],[-106.8098,40.8998],[-106.8053,40.902],[-106.8063,40.9066],[-106.8085,40.9085],[-106.8113,40.916],[-106.819,40.9186],[-106.8187,40.9225],[-106.8248,40.932],[-106.8251,40.9288],[-106.8294,40.9243],[-106.8372,40.9237],[-106.8523,40.9252],[-106.8487,40.9267],[-106.8524,40.9297],[-106.8519,40.9336],[-106.8561,40.935],[-106.856,40.9373],[-106.8594,40.9384],[-106.8624,40.9415],[-106.8622,40.9473],[-106.8637,40.9531],[-106.8698,40.9562],[-106.8701,40.9626],[-106.8727,40.9672],[-106.8732,40.9744],[-106.8706,40.9812],[-106.8623,40.9837],[-106.8571,40.9813],[-106.8554,40.9871],[-106.8505,40.9907],[-106.8613,40.9962],[-106.8615,41.0],[-106.8578,41.0027],[-106.7519,41.0027],[-106.4557,41.0021]]]}},{"type":"Feature","properties":{"leaid":"0807080","name":"Huerfano School District RE-1","kind":"Unified","gradeLow":"PK","gradeHigh":"12","state":"CO"},"geometry":{"type":"Polygon","coordinates":[[[-105.0543,37.9175],[-105.0446,37.9117],[-105.0439,37.9095],[-105.0398,37.9081],[-105.0387,37.9044],[-105.033,37.9053],[-105.0316,37.9041],[-105.0348,37.8946],[-105.0158,37.8855],[-105.0138,37.8835],[-105.0137,37.8813],[-104.6464,37.9005],[-104.3511,37.8175],[-104.3755,37.7986],[-104.4567,37.7479],[-104.4549,37.7408],[-104.5484,37.6094],[-104.5487,37.5747],[-104.6203,37.5301],[-104.6277,37.5109],[-104.6492,37.4953],[-104.6665,37.4948],[-104.6841,37.496],[-104.6897,37.4944],[-104.6921,37.4912],[-104.6909,37.4892],[-104.6918,37.4866],[-104.6961,37.4854],[-104.695,37.4823],[-104.6934,37.4818],[-104.6918,37.479],[-104.6999,37.4698],[-104.6989,37.4679],[-104.7,37.4637],[-104.6984,37.459],[-104.7007,37.4502],[-104.6983,37.4481],[-104.6984,37.4454],[-104.6951,37.4399],[-104.6969,37.4389],[-104.6996,37.4401],[-104.7024,37.4382],[-104.7085,37.4366],[-104.7114,37.4375],[-104.7204,37.4312],[-104.7212,37.4294],[-104.7251,37.43],[-104.7259,37.4269],[-104.7306,37.4272],[-104.7368,37.4249],[-104.7371,37.423],[-104.7491,37.414],[-104.7489,37.407],[-104.7574,37.4071],[-104.7608,37.4055],[-104.769,37.4048],[-104.7728,37.4065],[-104.775,37.4037],[-104.7793,37.4038],[-104.783,37.4005],[-104.7874,37.4001],[-104.7931,37.4015],[-104.8,37.4],[-104.8037,37.4029],[-104.8072,37.4022],[-104.8085,37.3997],[-104.811,37.3986],[-104.8125,37.4003],[-104.8155,37.4004],[-104.8181,37.3971],[-104.8232,37.3981],[-104.8267,37.3957],[-104.8348,37.3953],[-104.8353,37.3978],[-104.8383,37.3987],[-104.8588,37.3936],[-104.864,37.3909],[-104.8716,37.3912],[-104.8747,37.3881],[-104.8835,37.3858],[-104.8929,37.3894],[-104.9061,37.3901],[-104.9111,37.3939],[-104.9222,37.3943],[-104.925,37.3962],[-104.9243,37.4144],[-104.942,37.4153],[-104.9421,37.4298],[-104.9608,37.4298],[-104.9608,37.4737],[-104.9423,37.4736],[-104.9403,37.4917],[-104.9418,37.4921],[-104.9418,37.5178],[-104.877,37.5164],[-104.8766,37.544],[-104.8832,37.5425],[-104.8979,37.5462],[-104.9235,37.547],[-104.9232,37.5611],[-104.9783,37.5614],[-104.9784,37.5761],[-105.0293,37.5771],[-105.039,37.577],[-105.0412,37.5757],[-105.0431,37.5769],[-105.0527,37.5768],[-105.053,37.6057],[-105.0712,37.6055],[-105.0714,37.6199],[-105.1082,37.6198],[-105.1085,37.5908],[-105.2067,37.5898],[-105.2038,37.5944],[-105.2023,37.5948],[-105.1932,37.5922],[-105.1941,37.601],[-105.1963,37.6027],[-105.1948,37.6074],[-105.1956,37.6089],[-105.1897,37.6144],[-105.1844,37.616],[-105.1875,37.6197],[-105.2015,37.6192],[-105.2112,37.623],[-105.2145,37.6264],[-105.2195,37.6242],[-105.2212,37.6212],[-105.236,37.6208],[-105.2416,37.6237],[-105.2434,37.6292],[-105.2506,37.6298],[-105.2533,37.6312],[-105.2545,37.6333],[-105.2537,37.6371],[-105.2553,37.6403],[-105.2669,37.6384],[-105.2674,37.6402],[-105.2727,37.6408],[-105.276,37.6452],[-105.2787,37.6464],[-105.2849,37.6459],[-105.287,37.651],[-105.2897,37.6504],[-105.2952,37.6535],[-105.2954,37.6568],[-105.2972,37.6583],[-105.3018,37.6536],[-105.3085,37.6538],[-105.3098,37.6505],[-105.3153,37.6483],[-105.3183,37.6488],[-105.3295,37.643],[-105.3454,37.642],[-105.3486,37.6378],[-105.352,37.6382],[-105.3548,37.6361],[-105.3605,37.6364],[-105.364,37.6385],[-105.3703,37.6394],[-105.3738,37.6358],[-105.3769,37.6345],[-105.3808,37.628],[-105.3866,37.6264],[-105.3914,37.6184],[-105.3962,37.6168],[-105.4003,37.6134],[-105.4084,37.618],[-105.4149,37.6159],[-105.417,37.6174],[-105.4235,37.6168],[-105.4285,37.6139],[-105.4376,37.6135],[-105.4423,37.6119],[-105.4459,37.6043],[-105.4482,37.6024],[-105.4478,37.6003],[-105.4513,37.5985],[-105.4552,37.5939],[-105.4545,37.5905],[-105.4714,37.5813],[-105.4855,37.5779],[-105.4868,37.58],[-105.4943,37.585],[-105.4946,37.5924],[-105.5018,37.5976],[-105.4933,37.6009],[-105.493,37.6053],[-105.4955,37.6122],[-105.4986,37.6145],[-105.4915,37.625],[-105.4924,37.6348],[-105.4878,37.6445],[-105.487,37.6535],[-105.4815,37.6585],[-105.4811,37.6617],[-105.4772,37.6662],[-105.4788,37.6721],[-105.4767,37.6792],[-105.4777,37.6846],[-105.4809,37.6872],[-105.4805,37.6981],[-105.4783,37.7024],[-105.4775,37.7075],[-105.4741,37.7077],[-105.4711,37.7112],[-105.4666,37.7118],[-105.4639,37.7138],[-105.4624,37.717],[-105.4573,37.7191],[-105.4542,37.724],[-105.4532,37.7309],[-105.4553,37.7351],[-105.4527,37.7413],[-105.4543,37.7445],[-105.4572,37.7467],[-105.4565,37.7509],[-105.4598,37.7533],[-105.4558,37.7565],[-105.4579,37.7587],[-105.4577,37.7601],[-105.4537,37.7673],[-105.4502,37.7706],[-105.4509,37.7752],[-105.4493,37.7793],[-105.4517,37.7826],[-105.4517,37.7869],[-105.4552,37.7908],[-105.4549,37.7957],[-105.4453,37.801],[-105.4352,37.8048],[-105.4359,37.8118],[-105.4347,37.8137],[-105.4367,37.8192],[-105.4341,37.8245],[-105.4356,37.8285],[-105.4324,37.8332],[-105.4326,37.8351],[-105.4287,37.8437],[-105.4309,37.8474],[-105.4292,37.8524],[-105.4335,37.8575],[-105.4368,37.8582],[-105.4372,37.8602],[-105.4389,37.8613],[-105.4407,37.8696],[-105.4433,37.8707],[-105.4505,37.8781],[-105.4601,37.8804],[-105.4692,37.8788],[-105.4785,37.8798],[-105.4762,37.8833],[-105.4771,37.888],[-105.476,37.8912],[-105.4732,37.896],[-105.467,37.8955],[-105.4592,37.8972],[-105.4524,37.8957],[-105.4403,37.8975],[-105.432,37.8952],[-105.4278,37.8913],[-105.4242,37.8902],[-105.4136,37.8905],[-105.4087,37.8944],[-105.4034,37.8958],[-105.3948,37.9014],[-105.3879,37.9081],[-105.3784,37.9138],[-105.3771,37.9161],[-105.3638,37.9221],[-105.3472,37.9248],[-105.3317,37.9358],[-105.3245,37.9384],[-105.3171,37.9389],[-105.3145,37.9384],[-105.3138,37.9369],[-105.3111,37.9359],[-105.3103,37.9335],[-105.3066,37.9323],[-105.3036,37.9262],[-105.3005,37.9231],[-105.3017,37.9181],[-105.3003,37.9125],[-105.2967,37.9088],[-105.2924,37.9086],[-105.291,37.9039],[-105.2867,37.9002],[-105.2832,37.9],[-105.2738,37.9077],[-105.2734,37.9107],[-105.2699,37.9137],[-105.268,37.9183],[-105.2618,37.9256],[-105.2638,37.9288],[-105.2639,37.9321],[-105.2615,37.9372],[-105.2575,37.9381],[-105.2568,37.9426],[-105.2554,37.9429],[-105.2497,37.9515],[-105.2418,37.9538],[-105.2381,37.9569],[-105.2399,37.9604],[-105.2386,37.9628],[-105.2294,37.9652],[-105.2263,37.9639],[-105.2231,37.9688],[-105.2154,37.9705],[-105.2165,37.9754],[-105.2131,37.9773],[-105.214,37.9808],[-105.2067,37.9823],[-105.2061,37.9897],[-105.1988,37.9902],[-105.1971,37.9924],[-105.2,38.0008],[-105.1989,38.0038],[-105.1946,38.0076],[-105.1877,38.0106],[-105.181,38.0156],[-105.1687,38.0189],[-105.1658,38.0168],[-105.1611,38.0159],[-105.148,38.0062],[-105.1519,38.0033],[-105.1532,38.0008],[-105.1525,37.9921],[-105.148,37.9868],[-105.1439,37.9878],[-105.1412,37.9869],[-105.1394,37.9848],[-105.1421,37.9798],[-105.1313,37.9735],[-105.1313,37.9712],[-105.1332,37.9704],[-105.1359,37.9664],[-105.1334,37.963],[-105.1279,37.9626],[-105.1264,37.9607],[-105.1269,37.9551],[-105.125,37.9532],[-105.126,37.9512],[-105.1226,37.9492],[-105.1172,37.9491],[-105.1085,37.9434],[-105.0991,37.9449],[-105.088,37.9486],[-105.0855,37.9511],[-105.0841,37.9556],[-105.0778,37.953],[-105.0742,37.9485],[-105.0661,37.9442],[-105.0664,37.9385],[-105.0636,37.935],[-105.0637,37.9293],[-105.0663,37.925],[-105.0642,37.9179],[-105.0615,37.9161],[-105.0572,37.9159],[-105.0543,37.9175]]]}},{"type":"Feature","properties":{"leaid":"0807110","name":"Walsh School District RE-1","kind":"Unified","gradeLow":"PK","gradeHigh":"12","state":"CO"},"geometry":{"type":"Polygon","coordinates":[[[-102.0416,37.6443],[-102.0421,36.993],[-102.3252,36.9943],[-102.3255,37.1204],[-102.3134,37.1204],[-102.3135,37.1491],[-102.332,37.1488],[-102.3323,37.1771],[-102.3617,37.1773],[-102.362,37.207],[-102.3501,37.2071],[-102.35,37.236],[-102.3792,37.2366],[-102.3798,37.3074],[-102.3135,37.3094],[-102.3137,37.3241],[-102.3291,37.3245],[-102.3293,37.368],[-102.3435,37.3681],[-102.3434,37.3839],[-102.3465,37.3839],[-102.3465,37.4707],[-102.3828,37.4705],[-102.3831,37.6441],[-102.0416,37.6443]]]}},{"type":"Feature","properties":{"leaid":"0807140","name":"Weldon Valley School District RE-20J","kind":"Unified","gradeLow":"PK","gradeHigh":"12","state":"CO"},"geometry":{"type":"Polygon","coordinates":[[[-104.1397,40.5244],[-103.9179,40.5239],[-103.9174,40.3494],[-103.9034,40.3494],[-103.904,40.3113],[-103.9073,40.3132],[-103.9151,40.3144],[-103.918,40.3195],[-103.9228,40.3221],[-103.924,40.2759],[-103.9798,40.2765],[-103.9797,40.2912],[-104.0082,40.2909],[-104.0082,40.2983],[-104.0176,40.2984],[-104.0174,40.3087],[-104.0285,40.3081],[-104.0362,40.3116],[-104.036,40.3344],[-104.0839,40.3344],[-104.0847,40.3066],[-104.0939,40.3066],[-104.0939,40.2981],[-104.1033,40.2979],[-104.1032,40.2907],[-104.1312,40.2904],[-104.1313,40.2975],[-104.1502,40.2975],[-104.1501,40.2907],[-104.1616,40.2906],[-104.1616,40.2963],[-104.1666,40.296],[-104.1666,40.303],[-104.1502,40.3029],[-104.1504,40.3271],[-104.1593,40.3269],[-104.1594,40.3347],[-104.1504,40.3347],[-104.1505,40.3502],[-104.1475,40.3502],[-104.1465,40.4301],[-104.1477,40.5171],[-104.1396,40.5171],[-104.1397,40.5244]]]}},{"type":"Feature","properties":{"leaid":"0807200","name":"Custer County School District C-1","kind":"Unified","gradeLow":"PK","gradeHigh":"12","state":"CO"},"geometry":{"type":"Polygon","coordinates":[[[-105.3689,38.2594],[-105.1509,38.2578],[-105.1554,38.1221],[-105.1503,38.1221],[-105.1503,38.1184],[-105.1395,38.1184],[-105.1396,38.115],[-105.1354,38.1149],[-105.1352,38.0982],[-105.1194,38.0976],[-105.1165,38.0961],[-105.0877,38.0969],[-105.0504,38.0958],[-105.0499,37.9155],[-105.0543,37.9175],[-105.0572,37.9159],[-105.0615,37.9161],[-105.0642,37.9179],[-105.0663,37.925],[-105.0637,37.9293],[-105.0636,37.935],[-105.0664,37.9385],[-105.0661,37.9442],[-105.0742,37.9485],[-105.0778,37.953],[-105.0841,37.9556],[-105.0855,37.9511],[-105.088,37.9486],[-105.0991,37.9449],[-105.1085,37.9434],[-105.1172,37.9491],[-105.1226,37.9492],[-105.126,37.9512],[-105.125,37.9532],[-105.1269,37.9551],[-105.1264,37.9607],[-105.1279,37.9626],[-105.1334,37.963],[-105.1359,37.9664],[-105.1332,37.9704],[-105.1313,37.9712],[-105.1313,37.9735],[-105.1421,37.9798],[-105.1394,37.9848],[-105.1412,37.9869],[-105.1439,37.9878],[-105.148,37.9868],[-105.1525,37.9921],[-105.1532,38.0008],[-105.1519,38.0033],[-105.148,38.0062],[-105.1611,38.0159],[-105.1658,38.0168],[-105.1687,38.0189],[-105.181,38.0156],[-105.1877,38.0106],[-105.1946,38.0076],[-105.1989,38.0038],[-105.2,38.0008],[-105.1971,37.9924],[-105.1988,37.9902],[-105.2061,37.9897],[-105.2067,37.9823],[-105.214,37.9808],[-105.2131,37.9773],[-105.2165,37.9754],[-105.2154,37.9705],[-105.2231,37.9688],[-105.2263,37.9639],[-105.2294,37.9652],[-105.2386,37.9628],[-105.2399,37.9604],[-105.2381,37.9569],[-105.2418,37.9538],[-105.2497,37.9515],[-105.2554,37.9429],[-105.2568,37.9426],[-105.2575,37.9381],[-105.2615,37.9372],[-105.2639,37.9321],[-105.2638,37.9288],[-105.2618,37.9256],[-105.268,37.9183],[-105.2699,37.9137],[-105.2734,37.9107],[-105.2738,37.9077],[-105.2832,37.9],[-105.2867,37.9002],[-105.291,37.9039],[-105.2924,37.9086],[-105.2967,37.9088],[-105.3003,37.9125],[-105.3017,37.9181],[-105.3005,37.9231],[-105.3036,37.9262],[-105.3066,37.9323],[-105.3103,37.9335],[-105.3111,37.9359],[-105.3138,37.9369],[-105.3145,37.9384],[-105.3171,37.9389],[-105.3245,37.9384],[-105.3317,37.9358],[-105.3472,37.9248],[-105.3638,37.9221],[-105.3771,37.9161],[-105.3784,37.9138],[-105.3879,37.9081],[-105.3948,37.9014],[-105.4034,37.8958],[-105.4087,37.8944],[-105.4136,37.8905],[-105.4242,37.8902],[-105.4278,37.8913],[-105.432,37.8952],[-105.4403,37.8975],[-105.4524,37.8957],[-105.4592,37.8972],[-105.467,37.8955],[-105.473,37.8957],[-105.4761,37.8994],[-105.4789,37.9005],[-105.4784,37.9033],[-105.4826,37.905],[-105.4881,37.9098],[-105.4911,37.9152],[-105.5031,37.9237],[-105.5084,37.9361],[-105.5111,37.9391],[-105.5146,37.9399],[-105.5157,37.942],[-105.5271,37.9495],[-105.5304,37.9534],[-105.5333,37.9552],[-105.5427,37.9565],[-105.5501,37.9539],[-105.5518,37.9506],[-105.5603,37.9519],[-105.5672,37.9571],[-105.5707,37.9583],[-105.5777,37.9655],[-105.5826,37.9659],[-105.5839,37.9672],[-105.5851,37.9705],[-105.5815,37.9752],[-105.5819,37.978],[-105.5832,37.98],[-105.5859,37.9797],[-105.5882,37.9867],[-105.5899,37.9874],[-105.5921,37.9921],[-105.5959,37.9964],[-105.5984,37.997],[-105.6006,38.0023],[-105.6046,38.005],[-105.6044,38.0087],[-105.597,38.0132],[-105.5987,38.0226],[-105.6031,38.0271],[-105.6032,38.031],[-105.6094,38.0323],[-105.6089,38.035],[-105.6132,38.0381],[-105.615,38.0437],[-105.618,38.0473],[-105.6178,38.0533],[-105.6282,38.0574],[-105.626,38.0612],[-105.6272,38.0673],[-105.6321,38.0684],[-105.6362,38.0714],[-105.6373,38.0728],[-105.6369,38.0762],[-105.6553,38.0913],[-105.6556,38.0955],[-105.6614,38.1005],[-105.6622,38.1068],[-105.6613,38.1115],[-105.6577,38.1175],[-105.6627,38.1192],[-105.665,38.1243],[-105.6702,38.1286],[-105.6697,38.1309],[-105.6734,38.1374],[-105.6725,38.1402],[-105.6743,38.1413],[-105.6763,38.1459],[-105.6727,38.1483],[-105.6702,38.1531],[-105.6717,38.1543],[-105.673,38.1591],[-105.6808,38.1605],[-105.6868,38.1668],[-105.6932,38.1657],[-105.6992,38.168],[-105.7022,38.1742],[-105.7068,38.1782],[-105.7083,38.1819],[-105.716,38.1852],[-105.727,38.1997],[-105.733,38.201],[-105.7363,38.2092],[-105.7407,38.2103],[-105.7448,38.2146],[-105.7506,38.2142],[-105.756,38.2181],[-105.7565,38.225],[-105.7594,38.2286],[-105.7666,38.2313],[-105.7686,38.234],[-105.7755,38.2358],[-105.7879,38.2421],[-105.7898,38.2444],[-105.7891,38.2518],[-105.7957,38.2601],[-105.7969,38.265],[-105.5919,38.2649],[-105.3689,38.2594]]]}},{"type":"Feature","properties":{"leaid":"0807230","name":"Westminster Public School District","kind":"Unified","gradeLow":"PK","gradeHigh":"12","state":"CO"},"geometry":{"type":"Polygon","coordinates":[[[-104.9965,39.8491],[-104.9972,39.82],[-105.0157,39.8202],[-105.0158,39.8143],[-105.0158,39.8103],[-104.9968,39.8103],[-104.9969,39.8055],[-104.9953,39.8039],[-104.997,39.8016],[-104.9967,39.791],[-105.0205,39.7911],[-105.0218,39.7945],[-105.0229,39.7934],[-105.0253,39.794],[-105.0253,39.7911],[-105.0346,39.7921],[-105.0346,39.7911],[-105.0532,39.7911],[-105.0531,39.8854],[-105.0344,39.8852],[-105.0345,39.8708],[-105.0199,39.8704],[-105.0194,39.8491],[-104.9965,39.8491]]]}},{"type":"Feature","properties":{"leaid":"0807260","name":"Primero Reorganized School District 2","kind":"Unified","gradeLow":"PK","gradeHigh":"12","state":"CO"},"geometry":{"type":"Polygon","coordinates":[[[-105.029,37.3395],[-105.0294,37.2508],[-104.9987,37.2508],[-104.9638,37.2441],[-104.9611,37.2444],[-104.9613,37.2508],[-104.8298,37.2509],[-104.8298,37.2202],[-104.7782,37.2202],[-104.7778,37.2171],[-104.7747,37.2148],[-104.7753,37.206],[-104.7226,37.2059],[-104.7218,37.1993],[-104.6862,37.199],[-104.6864,37.1903],[-104.668,37.1903],[-104.6682,37.1631],[-104.6587,37.1631],[-104.6588,37.149],[-104.6494,37.1489],[-104.6495,37.1345],[-104.6127,37.1344],[-104.6126,37.1197],[-104.6309,37.1197],[-104.6314,36.9936],[-105.0292,36.9927],[-105.1208,36.9954],[-105.155,36.9953],[-105.1542,37.2931],[-105.1505,37.2938],[-105.1481,37.2964],[-105.1414,37.2965],[-105.1317,37.3012],[-105.1302,37.2979],[-105.1281,37.2968],[-105.1154,37.2963],[-105.1113,37.2992],[-105.0983,37.3037],[-105.0949,37.3082],[-105.0962,37.3118],[-105.0942,37.3147],[-105.0842,37.315],[-105.0748,37.3168],[-105.0735,37.3201],[-105.068,37.326],[-105.0506,37.331],[-105.0367,37.3416],[-105.029,37.3395]]]}},{"type":"Feature","properties":{"leaid":"0807290","name":"Wiggins School District RE-50J","kind":"Unified","gradeLow":"PK","gradeHigh":"12","state":"CO"},"geometry":{"type":"Polygon","coordinates":[[[-103.9797,40.2912],[-103.9816,40.1677],[-103.9807,40.1173],[-103.9898,40.1172],[-103.9902,40.0594],[-103.9809,40.0592],[-103.9809,40.0011],[-104.0669,40.001],[-104.0671,39.9855],[-104.0759,39.9856],[-104.0751,39.9427],[-104.2068,39.9421],[-104.2081,40.0007],[-104.1503,40.0009],[-104.1502,40.1089],[-104.1977,40.109],[-104.1975,40.1746],[-104.2638,40.1747],[-104.2637,40.2619],[-104.3006,40.2619],[-104.3,40.4368],[-104.1467,40.4378],[-104.1475,40.3502],[-104.1505,40.3502],[-104.1504,40.3347],[-104.1594,40.3347],[-104.1593,40.3269],[-104.1504,40.3271],[-104.1502,40.3029],[-104.1666,40.303],[-104.1666,40.296],[-104.1616,40.2963],[-104.1616,40.2906],[-104.1501,40.2907],[-104.1502,40.2975],[-104.1313,40.2975],[-104.1312,40.2904],[-104.1032,40.2907],[-104.1033,40.2979],[-104.0939,40.2981],[-104.0939,40.3066],[-104.0847,40.3066],[-104.0839,40.3344],[-104.036,40.3344],[-104.0362,40.3116],[-104.0285,40.3081],[-104.0174,40.3087],[-104.0176,40.2984],[-104.0082,40.2983],[-104.0082,40.2909],[-103.9797,40.2912]]]}},{"type":"Feature","properties":{"leaid":"0807320","name":"Wiley School District RE-13-JT","kind":"Unified","gradeLow":"PK","gradeHigh":"12","state":"CO"},"geometry":{"type":"Polygon","coordinates":[[[-102.6682,38.2673],[-102.6688,38.1936],[-102.6599,38.1935],[-102.66,38.1722],[-102.6507,38.1723],[-102.65,38.1578],[-102.6322,38.1578],[-102.6321,38.1508],[-102.623,38.1509],[-102.6232,38.1069],[-102.6255,38.1078],[-102.6401,38.1074],[-102.6534,38.1044],[-102.6594,38.1083],[-102.6611,38.1058],[-102.6609,38.1003],[-102.6695,38.1006],[-102.6713,38.099],[-102.6709,38.0949],[-102.6721,38.0938],[-102.6772,38.0945],[-102.6799,38.0981],[-102.682,38.0985],[-102.6933,38.0935],[-102.6952,38.0949],[-102.6961,38.0986],[-102.7018,38.1022],[-102.7209,38.1029],[-102.7371,38.0976],[-102.7409,38.0974],[-102.7454,38.0902],[-102.7517,38.0873],[-102.7552,38.0879],[-102.7593,38.0906],[-102.7591,38.1003],[-102.7417,38.1003],[-102.7418,38.1141],[-102.7601,38.1145],[-102.7601,38.1291],[-102.7785,38.1291],[-102.7785,38.133],[-102.7545,38.1331],[-102.7546,38.14],[-102.7684,38.1399],[-102.7685,38.144],[-102.7599,38.1442],[-102.7601,38.1518],[-102.7646,38.1518],[-102.7646,38.1588],[-102.7688,38.1587],[-102.7689,38.1721],[-102.8156,38.1715],[-102.8152,38.1862],[-102.8238,38.1862],[-102.8247,38.1721],[-102.8348,38.1715],[-102.8345,38.2665],[-102.799,38.2678],[-102.7614,38.2667],[-102.6682,38.2673]]]}},{"type":"Feature","properties":{"leaid":"0807350","name":"Windsor School District RE-4","kind":"Unified","gradeLow":"PK","gradeHigh":"12","state":"CO"},"geometry":{"type":"Polygon","coordinates":[[[-104.8222,40.5594],[-104.8323,40.5594],[-104.8322,40.5307],[-104.8419,40.5307],[-104.8417,40.5157],[-104.8323,40.5157],[-104.8321,40.5089],[-104.8272,40.509],[-104.8272,40.5156],[-104.8164,40.5156],[-104.8163,40.5093],[-104.802,40.5096],[-104.8016,40.4874],[-104.7924,40.4875],[-104.7924,40.4727],[-104.8016,40.4727],[-104.8016,40.4663],[-104.7924,40.4664],[-104.7922,40.4436],[-104.7978,40.4436],[-104.7977,40.4417],[-104.8031,40.4406],[-104.8039,40.421],[-104.8032,40.3842],[-104.8227,40.3843],[-104.8227,40.3917],[-104.8698,40.3917],[-104.8699,40.4067],[-104.9446,40.407],[-104.944,40.6168],[-104.8318,40.6174],[-104.832,40.567],[-104.8223,40.5673],[-104.8222,40.5594]]]}},{"type":"Feature","properties":{"leaid":"0807380","name":"Woodland Park School District RE-2","kind":"Unified","gradeLow":"PK","gradeHigh":"12","state":"CO"},"geometry":{"type":"Polygon","coordinates":[[[-105.0271,39.029],[-105.0299,38.9996],[-105.0273,38.9854],[-105.0286,38.8687],[-105.0664,38.8692],[-105.0684,38.8511],[-105.187,38.8501],[-105.2185,38.851],[-105.2135,38.894],[-105.2691,38.8934],[-105.2713,38.8925],[-105.2724,38.8934],[-105.3293,38.8928],[-105.3304,39.1295],[-105.0335,39.1298],[-105.0271,39.029]]]}},{"type":"Feature","properties":{"leaid":"0807410","name":"Woodlin School District R-104","kind":"Unified","gradeLow":"PK","gradeHigh":"12","state":"CO"},"geometry":{"type":"Polygon","coordinates":[[[-103.2929,39.8717],[-103.2937,39.8274],[-103.3125,39.8271],[-103.3124,39.7834],[-103.2556,39.7844],[-103.2549,39.7113],[-103.311,39.7107],[-103.311,39.6816],[-103.2547,39.6823],[-103.2546,39.6531],[-103.2736,39.6529],[-103.2746,39.5665],[-103.7071,39.5663],[-103.7057,40.0014],[-103.439,40.0016],[-103.4396,39.9573],[-103.3651,39.957],[-103.3661,39.8705],[-103.3155,39.8716],[-103.3128,39.8687],[-103.3117,39.8643],[-103.2929,39.8717]]]}}]}