{"type":"FeatureCollection","features":[{"type":"Feature","properties":{"leaid":"0903750","name":"Regional School District 08","kind":"Secondary","gradeLow":"07","gradeHigh":"12","state":"CT"},"geometry":{"type":"Polygon","coordinates":[[[-72.3546,41.7672],[-72.3289,41.7388],[-72.3507,41.7119],[-72.3565,41.7015],[-72.3245,41.6186],[-72.3281,41.6055],[-72.3435,41.5993],[-72.3524,41.599],[-72.3562,41.5976],[-72.3625,41.6012],[-72.3652,41.5998],[-72.3711,41.5995],[-72.3752,41.6014],[-72.3776,41.5962],[-72.3822,41.5936],[-72.3842,41.5887],[-72.4013,41.5956],[-72.4061,41.5988],[-72.4085,41.6023],[-72.4104,41.6026],[-72.4172,41.5906],[-72.4667,41.5839],[-72.5054,41.647],[-72.4973,41.6624],[-72.4773,41.6688],[-72.4827,41.6813],[-72.4768,41.6861],[-72.4522,41.6888],[-72.4601,41.7273],[-72.4036,41.734],[-72.4103,41.7655],[-72.3809,41.7639],[-72.3546,41.7672]]]}},{"type":"Feature","properties":{"leaid":"0903780","name":"Regional School District 09","kind":"Secondary","gradeLow":"09","gradeHigh":"12","state":"CT"},"geometry":{"type":"Polygon","coordinates":[[[-73.3471,41.3504],[-73.3333,41.3183],[-73.306,41.3324],[-73.2726,41.3182],[-73.2731,41.3162],[-73.271,41.3115],[-73.2706,41.3072],[-73.272,41.3039],[-73.2761,41.3017],[-73.2782,41.2984],[-73.2743,41.2937],[-73.2752,41.2916],[-73.2745,41.2839],[-73.2361,41.2384],[-73.2514,41.2305],[-73.2566,41.2193],[-73.26,41.2165],[-73.2621,41.2129],[-73.2633,41.2125],[-73.2795,41.2316],[-73.2843,41.2253],[-73.2883,41.2239],[-73.2908,41.2201],[-73.3019,41.2127],[-73.329,41.2134],[-73.3257,41.2162],[-73.3255,41.2201],[-73.3236,41.2219],[-73.3267,41.2259],[-73.3259,41.2274],[-73.3688,41.275],[-73.4301,41.2543],[-73.4471,41.2785],[-73.4512,41.306],[-73.4661,41.3122],[-73.4701,41.3264],[-73.3602,41.3468],[-73.3471,41.3504]]]}},{"type":"Feature","properties":{"leaid":"0900005","name":"Regional School District 19","kind":"Secondary","gradeLow":"09","gradeHigh":"12","state":"CT"},"geometry":{"type":"Polygon","coordinates":[[[-72.2368,41.9583],[-72.1517,41.9593],[-72.1528,41.9531],[-72.1508,41.9526],[-72.1495,41.9441],[-72.147,41.9425],[-72.1467,41.9392],[-72.1453,41.9381],[-72.1447,41.9288],[-72.1389,41.9212],[-72.1394,41.9162],[-72.1328,41.9104],[-72.1129,41.8793],[-72.1124,41.8628],[-72.114,41.8317],[-72.1308,41.8344],[-72.1645,41.8349],[-72.1563,41.7535],[-72.1576,41.7518],[-72.164,41.7498],[-72.1681,41.7523],[-72.1716,41.7485],[-72.1741,41.7512],[-72.1764,41.75],[-72.176,41.7514],[-72.1783,41.7531],[-72.1779,41.7554],[-72.1823,41.7562],[-72.1877,41.7552],[-72.188,41.7537],[-72.1857,41.7519],[-72.1892,41.7504],[-72.189,41.7471],[-72.1934,41.7437],[-72.1956,41.7396],[-72.1953,41.7361],[-72.1925,41.7345],[-72.191,41.7314],[-72.195,41.73],[-72.1985,41.7317],[-72.1992,41.7296],[-72.1981,41.7282],[-72.2526,41.7282],[-72.254,41.7295],[-72.2597,41.7296],[-72.2635,41.7405],[-72.266,41.7439],[-72.2684,41.7447],[-72.2676,41.7455],[-72.2697,41.746],[-72.2658,41.7503],[-72.266,41.7528],[-72.2709,41.7598],[-72.2689,41.7629],[-72.2724,41.7672],[-72.272,41.7712],[-72.2752,41.7738],[-72.2761,41.7772],[-72.2806,41.7795],[-72.2807,41.7844],[-72.2916,41.7953],[-72.296,41.795],[-72.3027,41.7975],[-72.3059,41.7954],[-72.3119,41.7976],[-72.3129,41.7992],[-72.3102,41.8002],[-72.3095,41.8021],[-72.3159,41.8054],[-72.3167,41.8082],[-72.3153,41.8093],[-72.3149,41.8126],[-72.3168,41.8164],[-72.3131,41.8204],[-72.314,41.8225],[-72.3128,41.827],[-72.3141,41.8283],[-72.3107,41.8296],[-72.3084,41.8329],[-72.3102,41.8349],[-72.3088,41.8402],[-72.3098,41.8476],[-72.3066,41.8503],[-72.3042,41.8506],[-72.3038,41.8533],[-72.3072,41.8561],[-72.3065,41.8609],[-72.3119,41.8737],[-72.3082,41.875],[-72.3089,41.8784],[-72.3065,41.881],[-72.3067,41.8829],[-72.3047,41.8825],[-72.3013,41.8869],[-72.2982,41.8878],[-72.3031,41.8892],[-72.3021,41.8922],[-72.2909,41.8973],[-72.2927,41.9002],[-72.2912,41.9063],[-72.2968,41.9111],[-72.2988,41.9191],[-72.3052,41.9242],[-72.3072,41.9306],[-72.3091,41.9315],[-72.3072,41.9389],[-72.3063,41.9407],[-72.2367,41.9399],[-72.2368,41.9583]]]}},{"type":"Feature","properties":{"leaid":"0903570","name":"Regional School District 11","kind":"Secondary","gradeLow":"07","gradeHigh":"12","state":"CT"},"geometry":{"type":"Polygon","coordinates":[[[-72.1645,41.8349],[-72.1293,41.8343],[-72.114,41.8317],[-72.0318,41.8317],[-72.0214,41.8282],[-72.0145,41.805],[-72.0229,41.7596],[-72.0458,41.7305],[-72.0526,41.7314],[-72.0562,41.7014],[-72.0529,41.6879],[-72.0621,41.6522],[-72.1198,41.6618],[-72.1225,41.7128],[-72.112,41.7459],[-72.1225,41.7488],[-72.1567,41.7537],[-72.1645,41.8349]]]}},{"type":"Feature","properties":{"leaid":"0903630","name":"Regional School District 04","kind":"Secondary","gradeLow":"07","gradeHigh":"12","state":"CT"},"geometry":{"type":"MultiPolygon","coordinates":[[[[-72.3896,41.3481],[-72.3846,41.3481],[-72.3803,41.3434],[-72.3896,41.3481]]],[[[-72.3823,41.3571],[-72.3845,41.3526],[-72.3857,41.3531],[-72.3823,41.3571]]],[[[-72.3757,41.3736],[-72.3768,41.3716],[-72.3771,41.3754],[-72.3757,41.3736]]],[[[-72.4285,41.4123],[-72.4288,41.4075],[-72.4316,41.4078],[-72.4313,41.4115],[-72.4384,41.412],[-72.4415,41.4101],[-72.4431,41.4069],[-72.4389,41.4112],[-72.4322,41.4112],[-72.4326,41.4083],[-72.4298,41.4067],[-72.4313,41.4056],[-72.4293,41.4047],[-72.4298,41.4001],[-72.4259,41.3949],[-72.423,41.3878],[-72.4221,41.3896],[-72.4193,41.3881],[-72.4056,41.3869],[-72.4018,41.3877],[-72.3925,41.3854],[-72.3788,41.3694],[-72.3791,41.3627],[-72.3817,41.3574],[-72.3827,41.3593],[-72.3847,41.3594],[-72.3806,41.3626],[-72.3848,41.3644],[-72.3819,41.3664],[-72.3831,41.3665],[-72.3828,41.3679],[-72.3886,41.3702],[-72.3873,41.3741],[-72.3902,41.3701],[-72.3884,41.3681],[-72.3924,41.3674],[-72.3972,41.3638],[-72.4013,41.3637],[-72.4025,41.3626],[-72.4022,41.3608],[-72.4038,41.3603],[-72.405,41.3562],[-72.4067,41.3556],[-72.4055,41.3545],[-72.4039,41.3566],[-72.4038,41.36],[-72.4017,41.3608],[-72.4024,41.362],[-72.401,41.3634],[-72.3951,41.3631],[-72.3918,41.3661],[-72.388,41.3676],[-72.3881,41.3633],[-72.3919,41.3582],[-72.388,41.3581],[-72.3876,41.3544],[-72.3865,41.3539],[-72.3874,41.3531],[-72.3844,41.3513],[-72.3845,41.3486],[-72.3862,41.3483],[-72.388,41.3507],[-72.391,41.3511],[-72.3909,41.3475],[-72.384,41.3415],[-72.3861,41.3395],[-72.3827,41.3369],[-72.3789,41.3393],[-72.379,41.3419],[-72.3778,41.3436],[-72.3754,41.3432],[-72.3728,41.3409],[-72.3708,41.3411],[-72.3745,41.3376],[-72.3839,41.332],[-72.4027,41.3316],[-72.4255,41.3242],[-72.432,41.3265],[-72.4358,41.331],[-72.4766,41.3344],[-72.4982,41.3476],[-72.5139,41.3464],[-72.5388,41.4215],[-72.5242,41.4248],[-72.4537,41.4333],[-72.4392,41.4275],[-72.4285,41.4123]]]]}},{"type":"Feature","properties":{"leaid":"0903660","name":"Regional School District 05","kind":"Secondary","gradeLow":"07","gradeHigh":"12","state":"CT"},"geometry":{"type":"MultiPolygon","coordinates":[[[[-73.0832,41.28],[-73.0851,41.2786],[-73.0817,41.2818],[-73.0832,41.28]]],[[[-73.0013,41.4711],[-72.948,41.4641],[-72.9474,41.4601],[-72.949,41.4558],[-72.9571,41.4501],[-72.9579,41.4452],[-72.9632,41.4394],[-72.9635,41.4375],[-72.9616,41.4324],[-72.9507,41.4278],[-72.9526,41.4194],[-72.9402,41.4112],[-72.9389,41.4086],[-72.9447,41.4062],[-72.9535,41.3997],[-72.9536,41.3955],[-72.9611,41.3879],[-72.9741,41.3653],[-72.9754,41.3599],[-72.9748,41.3526],[-72.9702,41.3429],[-72.9833,41.3373],[-72.985,41.333],[-72.9889,41.3289],[-72.9968,41.3236],[-72.998,41.3141],[-72.9891,41.3133],[-72.9843,41.3018],[-72.986,41.2903],[-72.9873,41.2882],[-72.9861,41.2855],[-72.9871,41.2813],[-72.9856,41.2805],[-72.983,41.2813],[-72.9799,41.2792],[-72.992,41.2681],[-72.9924,41.2516],[-72.9914,41.2505],[-72.9924,41.2487],[-72.9905,41.2474],[-72.991,41.2451],[-72.9921,41.2449],[-73.0303,41.2528],[-73.0441,41.2568],[-73.0858,41.2762],[-73.0779,41.2835],[-73.0694,41.2875],[-73.0673,41.2897],[-73.065,41.2935],[-73.0646,41.2974],[-73.0675,41.3014],[-73.0617,41.3101],[-73.0579,41.3121],[-73.0491,41.3113],[-73.0407,41.3139],[-73.0389,41.328],[-73.0437,41.3423],[-73.0463,41.3461],[-73.0491,41.3811],[-73.0471,41.3988],[-73.0417,41.4209],[-73.0295,41.4195],[-73.0252,41.4346],[-73.0258,41.4596],[-73.0033,41.4627],[-73.0013,41.4711]]]]}},{"type":"Feature","properties":{"leaid":"0903600","name":"Regional School District 01","kind":"Secondary","gradeLow":"09","gradeHigh":"12","state":"CT"},"geometry":{"type":"Polygon","coordinates":[[[-73.2493,41.9643],[-73.3014,41.779],[-73.3869,41.781],[-73.3932,41.7609],[-73.4016,41.7544],[-73.3985,41.7362],[-73.3835,41.7083],[-73.38,41.704],[-73.3803,41.7017],[-73.3788,41.6994],[-73.384,41.6988],[-73.3821,41.6833],[-73.5019,41.6695],[-73.5041,41.6691],[-73.5069,41.6658],[-73.5181,41.6667],[-73.4922,41.9672],[-73.4873,42.0495],[-73.4285,42.0505],[-73.233,42.045],[-73.2493,41.9643]]]}},{"type":"Feature","properties":{"leaid":"0903720","name":"Regional School District 07","kind":"Secondary","gradeLow":"07","gradeHigh":"12","state":"CT"},"geometry":{"type":"Polygon","coordinates":[[[-73.0088,42.0388],[-73.0295,41.9666],[-72.8871,41.9731],[-72.9153,41.8968],[-72.9406,41.8952],[-72.9463,41.874],[-72.9536,41.8539],[-72.9538,41.8485],[-72.9518,41.8429],[-72.9422,41.8434],[-72.9391,41.8425],[-72.9363,41.8398],[-72.949,41.8064],[-73.0167,41.7982],[-73.0767,41.7985],[-73.0677,41.8304],[-73.034,41.9663],[-73.1515,41.9597],[-73.165,41.9132],[-73.263,41.9162],[-73.2492,41.965],[-73.233,42.045],[-73.0088,42.0388]]]}},{"type":"Feature","properties":{"leaid":"0900030","name":"Andover School District","kind":"Elementary","gradeLow":"PK","gradeHigh":"06","state":"CT"},"geometry":{"type":"Polygon","coordinates":[[[-72.3289,41.7388],[-72.3507,41.7119],[-72.3565,41.7015],[-72.3987,41.6969],[-72.4191,41.7251],[-72.4228,41.732],[-72.4036,41.734],[-72.4103,41.7655],[-72.3809,41.7639],[-72.3546,41.7672],[-72.3289,41.7388]]]}},{"type":"Feature","properties":{"leaid":"0900090","name":"Ashford School District","kind":"Elementary","gradeLow":"PK","gradeHigh":"08","state":"CT"},"geometry":{"type":"Polygon","coordinates":[[[-72.1517,41.9593],[-72.1528,41.9531],[-72.1508,41.9526],[-72.1495,41.9441],[-72.147,41.9425],[-72.1467,41.9392],[-72.1453,41.9381],[-72.1447,41.9288],[-72.1389,41.9212],[-72.1394,41.9162],[-72.1328,41.9104],[-72.1129,41.8793],[-72.1124,41.8628],[-72.114,41.8317],[-72.1324,41.8345],[-72.2177,41.8352],[-72.2163,41.8928],[-72.217,41.9582],[-72.1955,41.9594],[-72.1517,41.9593]]]}},{"type":"Feature","properties":{"leaid":"0900150","name":"Barkhamsted School District","kind":"Elementary","gradeLow":"PK","gradeHigh":"06","state":"CT"},"geometry":{"type":"Polygon","coordinates":[[[-72.8871,41.9731],[-72.9153,41.8968],[-73.0535,41.8873],[-73.034,41.9663],[-72.8871,41.9731]]]}},{"type":"Feature","properties":{"leaid":"0900570","name":"Brooklyn School District","kind":"Elementary","gradeLow":"PK","gradeHigh":"12","state":"CT"},"geometry":{"type":"Polygon","coordinates":[[[-71.9062,41.8268],[-71.9079,41.8247],[-71.9069,41.8211],[-71.9084,41.8173],[-71.9143,41.8156],[-71.9118,41.8148],[-71.8996,41.8165],[-71.8948,41.8113],[-71.8957,41.8096],[-71.8989,41.8088],[-71.899,41.8075],[-71.8872,41.8018],[-71.8857,41.7966],[-71.8901,41.7932],[-71.889,41.7849],[-71.9037,41.7802],[-71.9058,41.7765],[-71.9063,41.7721],[-71.9135,41.766],[-71.9172,41.7597],[-71.918,41.7572],[-71.914,41.7544],[-71.9129,41.7518],[-71.9153,41.7468],[-71.9139,41.7423],[-72.0229,41.7596],[-72.0145,41.805],[-71.992,41.8061],[-71.9923,41.8185],[-71.9776,41.8183],[-71.9766,41.8268],[-71.9062,41.8268]]]}},{"type":"Feature","properties":{"leaid":"0900630","name":"Canaan School District","kind":"Elementary","gradeLow":"KG","gradeHigh":"08","state":"CT"},"geometry":{"type":"Polygon","coordinates":[[[-73.2436,41.994],[-73.2493,41.9643],[-73.263,41.9162],[-73.3618,41.9184],[-73.3625,41.9192],[-73.3621,41.9222],[-73.3567,41.9261],[-73.3615,41.9305],[-73.3613,41.9339],[-73.3663,41.9361],[-73.3634,41.9417],[-73.3665,41.9432],[-73.3667,41.9476],[-73.37,41.9513],[-73.3698,41.9573],[-73.373,41.9602],[-73.3718,41.9634],[-73.3674,41.9675],[-73.3675,41.9722],[-73.3716,41.9765],[-73.373,41.9806],[-73.3706,41.9832],[-73.3676,41.9821],[-73.3663,41.9831],[-73.368,41.9875],[-73.3667,41.9925],[-73.3675,41.9945],[-73.3649,41.9982],[-73.3694,41.9984],[-73.3667,42.0003],[-73.3654,42.0005],[-73.365,41.9984],[-73.3637,42.001],[-73.3566,42.0026],[-73.2436,41.994]]]}},{"type":"Feature","properties":{"leaid":"0900660","name":"Canterbury School District","kind":"Elementary","gradeLow":"PK","gradeHigh":"12","state":"CT"},"geometry":{"type":"Polygon","coordinates":[[[-71.9139,41.7423],[-71.918,41.7371],[-71.9222,41.7344],[-71.9315,41.7346],[-71.9335,41.7307],[-71.9417,41.727],[-71.9457,41.7225],[-71.9532,41.7264],[-71.9563,41.7262],[-71.9581,41.7196],[-71.9663,41.7144],[-71.964,41.7107],[-71.9654,41.7085],[-71.9623,41.7049],[-71.9624,41.6958],[-71.9601,41.6921],[-71.9568,41.6926],[-71.9547,41.6898],[-71.9557,41.6798],[-71.9534,41.6774],[-71.9535,41.6753],[-71.9484,41.6748],[-71.955,41.6348],[-72.0621,41.6522],[-72.0529,41.6879],[-72.0562,41.7014],[-72.0526,41.7314],[-72.0458,41.7305],[-72.0229,41.7596],[-71.9139,41.7423]]]}},{"type":"Feature","properties":{"leaid":"0900720","name":"Chaplin School District","kind":"Elementary","gradeLow":"PK","gradeHigh":"06","state":"CT"},"geometry":{"type":"Polygon","coordinates":[[[-72.114,41.8317],[-72.0924,41.8317],[-72.0928,41.8142],[-72.0966,41.7683],[-72.1026,41.7444],[-72.1225,41.7488],[-72.1563,41.7535],[-72.1645,41.8349],[-72.1308,41.8344],[-72.114,41.8317]]]}},{"type":"Feature","properties":{"leaid":"0901380","name":"Eastford School District","kind":"Elementary","gradeLow":"PK","gradeHigh":"12","state":"CT"},"geometry":{"type":"Polygon","coordinates":[[[-72.0992,41.9589],[-72.097,41.915],[-72.044,41.9146],[-72.0447,41.8315],[-72.114,41.8317],[-72.1124,41.8628],[-72.1129,41.8793],[-72.1328,41.9104],[-72.1394,41.9162],[-72.1389,41.9212],[-72.1447,41.9288],[-72.1453,41.9381],[-72.1467,41.9392],[-72.147,41.9425],[-72.1495,41.9441],[-72.1507,41.9525],[-72.1527,41.953],[-72.1526,41.9557],[-72.1517,41.9593],[-72.0992,41.9589]]]}},{"type":"Feature","properties":{"leaid":"0904020","name":"Sharon School District","kind":"Elementary","gradeLow":"PK","gradeHigh":"08","state":"CT"},"geometry":{"type":"Polygon","coordinates":[[[-73.3618,41.9184],[-73.3596,41.9032],[-73.3611,41.8981],[-73.3589,41.8954],[-73.3578,41.8882],[-73.3594,41.8863],[-73.3654,41.8843],[-73.3654,41.875],[-73.3637,41.8692],[-73.3683,41.8684],[-73.3693,41.8655],[-73.3739,41.8607],[-73.3739,41.8532],[-73.3758,41.851],[-73.374,41.848],[-73.3742,41.8455],[-73.3779,41.8376],[-73.3841,41.831],[-73.3786,41.8257],[-73.3739,41.8251],[-73.3719,41.8228],[-73.374,41.8168],[-73.3763,41.8145],[-73.3864,41.8082],[-73.3918,41.8075],[-73.3939,41.8059],[-73.3996,41.7988],[-73.4072,41.7927],[-73.4101,41.7883],[-73.5079,41.7915],[-73.4983,41.8925],[-73.4966,41.9217],[-73.3618,41.9184]]]}},{"type":"Feature","properties":{"leaid":"0900240","name":"Bethany School District","kind":"Elementary","gradeLow":"PK","gradeHigh":"06","state":"CT"},"geometry":{"type":"Polygon","coordinates":[[[-73.0013,41.4711],[-72.948,41.4641],[-72.9474,41.4601],[-72.949,41.4558],[-72.9571,41.4501],[-72.9579,41.4452],[-72.9632,41.4394],[-72.9635,41.4375],[-72.9616,41.4324],[-72.9507,41.4278],[-72.9526,41.4194],[-72.9402,41.4112],[-72.9389,41.4086],[-72.9447,41.4062],[-72.9535,41.3997],[-72.9529,41.3969],[-72.9549,41.3945],[-73.03,41.3885],[-73.034,41.3917],[-73.0378,41.3917],[-73.0424,41.3956],[-73.0475,41.3958],[-73.0417,41.4209],[-73.0295,41.4195],[-73.0252,41.4346],[-73.0258,41.4596],[-73.0033,41.4627],[-73.0013,41.4711]]]}},{"type":"Feature","properties":{"leaid":"0903210","name":"Orange School District","kind":"Elementary","gradeLow":"PK","gradeHigh":"06","state":"CT"},"geometry":{"type":"MultiPolygon","coordinates":[[[[-73.0832,41.28],[-73.0851,41.2786],[-73.0817,41.2818],[-73.0832,41.28]]],[[[-72.9891,41.3133],[-72.9843,41.3018],[-72.986,41.2903],[-72.9873,41.2882],[-72.9861,41.2855],[-72.9871,41.2815],[-72.9856,41.2805],[-72.983,41.2813],[-72.9799,41.2792],[-72.992,41.2681],[-72.9924,41.2516],[-72.9914,41.2505],[-72.9924,41.2487],[-72.9905,41.2477],[-72.991,41.2451],[-73.0303,41.2528],[-73.0441,41.2568],[-73.0858,41.2762],[-73.0779,41.2835],[-73.0694,41.2875],[-73.0673,41.2897],[-73.065,41.2935],[-73.0646,41.2974],[-73.0675,41.3014],[-73.0617,41.3101],[-73.0579,41.3121],[-73.0491,41.3113],[-73.0407,41.3139],[-73.0088,41.3104],[-72.998,41.3141],[-72.9891,41.3133]]]]}},{"type":"Feature","properties":{"leaid":"0900390","name":"Bozrah School District","kind":"Elementary","gradeLow":"PK","gradeHigh":"12","state":"CT"},"geometry":{"type":"Polygon","coordinates":[[[-72.1358,41.5735],[-72.1358,41.5689],[-72.1321,41.5648],[-72.1327,41.5485],[-72.1407,41.5363],[-72.1329,41.5089],[-72.1354,41.504],[-72.1367,41.505],[-72.1425,41.5042],[-72.1657,41.5106],[-72.1712,41.5139],[-72.1785,41.516],[-72.1826,41.5161],[-72.1825,41.5128],[-72.1911,41.5142],[-72.1935,41.512],[-72.2276,41.5187],[-72.2259,41.5266],[-72.194,41.5904],[-72.1387,41.5764],[-72.1358,41.5735]]]}},{"type":"Feature","properties":{"leaid":"0900780","name":"Chester School District","kind":"Elementary","gradeLow":"PK","gradeHigh":"06","state":"CT"},"geometry":{"type":"Polygon","coordinates":[[[-72.4298,41.4012],[-72.4336,41.4018],[-72.4362,41.4006],[-72.4371,41.3978],[-72.4423,41.3926],[-72.46,41.3866],[-72.4546,41.3824],[-72.5241,41.3762],[-72.5388,41.4215],[-72.5242,41.4248],[-72.4537,41.4333],[-72.4413,41.4288],[-72.4378,41.426],[-72.4289,41.4131],[-72.4281,41.409],[-72.4288,41.4075],[-72.4308,41.4074],[-72.4313,41.4115],[-72.4384,41.412],[-72.4415,41.4101],[-72.4431,41.4069],[-72.4389,41.4112],[-72.4328,41.4115],[-72.4318,41.4108],[-72.4322,41.4074],[-72.4298,41.4067],[-72.4313,41.4059],[-72.4293,41.4047],[-72.4298,41.4012]]]}},{"type":"Feature","properties":{"leaid":"0901080","name":"Deep River School District","kind":"Elementary","gradeLow":"PK","gradeHigh":"06","state":"CT"},"geometry":{"type":"Polygon","coordinates":[[[-72.4298,41.4012],[-72.423,41.3878],[-72.4225,41.3896],[-72.4193,41.3881],[-72.4001,41.3873],[-72.3915,41.385],[-72.3875,41.3807],[-72.4129,41.3741],[-72.4252,41.3645],[-72.4687,41.3455],[-72.4727,41.3342],[-72.4769,41.3345],[-72.4982,41.3476],[-72.5139,41.3464],[-72.5241,41.3762],[-72.4546,41.3824],[-72.46,41.3866],[-72.4423,41.3926],[-72.4371,41.3978],[-72.4362,41.4006],[-72.4336,41.4018],[-72.4298,41.4012]]]}},{"type":"Feature","properties":{"leaid":"0900870","name":"Colebrook School District","kind":"Elementary","gradeLow":"KG","gradeHigh":"06","state":"CT"},"geometry":{"type":"Polygon","coordinates":[[[-73.1272,42.0421],[-73.0088,42.0388],[-73.0295,41.9666],[-73.1515,41.9597],[-73.1272,42.0421]]]}},{"type":"Feature","properties":{"leaid":"0900930","name":"Cornwall School District","kind":"Elementary","gradeLow":"PK","gradeHigh":"08","state":"CT"},"geometry":{"type":"Polygon","coordinates":[[[-73.263,41.9162],[-73.3014,41.779],[-73.4148,41.7814],[-73.4077,41.7922],[-73.3996,41.7988],[-73.3939,41.8059],[-73.3918,41.8075],[-73.3864,41.8082],[-73.3771,41.8139],[-73.374,41.8168],[-73.3716,41.8215],[-73.3739,41.8251],[-73.3786,41.8257],[-73.3841,41.831],[-73.3779,41.8376],[-73.3742,41.8455],[-73.374,41.848],[-73.3758,41.851],[-73.3739,41.8532],[-73.3739,41.8607],[-73.3693,41.8655],[-73.3683,41.8684],[-73.3637,41.8692],[-73.3654,41.875],[-73.3654,41.8843],[-73.3594,41.8863],[-73.3578,41.8882],[-73.3589,41.8954],[-73.3611,41.8981],[-73.3596,41.9032],[-73.3618,41.9184],[-73.263,41.9162]]]}},{"type":"Feature","properties":{"leaid":"0902040","name":"Kent School District","kind":"Elementary","gradeLow":"PK","gradeHigh":"08","state":"CT"},"geometry":{"type":"Polygon","coordinates":[[[-73.4101,41.7883],[-73.4148,41.7814],[-73.3869,41.781],[-73.3932,41.7609],[-73.4016,41.7544],[-73.3985,41.7362],[-73.3835,41.7083],[-73.38,41.704],[-73.3803,41.7017],[-73.3788,41.6994],[-73.384,41.6988],[-73.3821,41.6833],[-73.5019,41.6695],[-73.5041,41.6691],[-73.5069,41.6658],[-73.5181,41.6667],[-73.5079,41.7915],[-73.4101,41.7883]]]}},{"type":"Feature","properties":{"leaid":"0902760","name":"New Hartford School District","kind":"Elementary","gradeLow":"PK","gradeHigh":"06","state":"CT"},"geometry":{"type":"Polygon","coordinates":[[[-72.949,41.8064],[-73.0167,41.7982],[-73.0767,41.7985],[-73.0535,41.8873],[-72.9406,41.8952],[-72.9463,41.874],[-72.9536,41.8539],[-72.9538,41.8485],[-72.9518,41.8429],[-72.9422,41.8434],[-72.9391,41.8425],[-72.9363,41.8398],[-72.949,41.8064]]]}},{"type":"Feature","properties":{"leaid":"0902940","name":"Norfolk School District","kind":"Elementary","gradeLow":"PK","gradeHigh":"06","state":"CT"},"geometry":{"type":"Polygon","coordinates":[[[-73.233,42.045],[-73.1272,42.0421],[-73.165,41.9132],[-73.263,41.9162],[-73.2492,41.965],[-73.233,42.045]]]}},{"type":"Feature","properties":{"leaid":"0903000","name":"North Canaan School District","kind":"Elementary","gradeLow":"PK","gradeHigh":"08","state":"CT"},"geometry":{"type":"Polygon","coordinates":[[[-73.233,42.045],[-73.2436,41.994],[-73.3574,42.0026],[-73.3591,42.0078],[-73.3578,42.013],[-73.3511,42.0164],[-73.3521,42.0229],[-73.3533,42.0242],[-73.3524,42.0287],[-73.3448,42.0376],[-73.343,42.0426],[-73.3405,42.0443],[-73.3405,42.0484],[-73.233,42.045]]]}},{"type":"Feature","properties":{"leaid":"0900900","name":"Columbia School District","kind":"Elementary","gradeLow":"PK","gradeHigh":"12","state":"CT"},"geometry":{"type":"Polygon","coordinates":[[[-72.2466,41.7229],[-72.2442,41.7169],[-72.2396,41.7142],[-72.2427,41.7131],[-72.2429,41.7141],[-72.2447,41.7141],[-72.2433,41.7121],[-72.2457,41.711],[-72.2466,41.7083],[-72.2477,41.7088],[-72.2473,41.7069],[-72.244,41.7065],[-72.2443,41.7052],[-72.246,41.7037],[-72.2512,41.7033],[-72.2507,41.6991],[-72.2554,41.7005],[-72.2584,41.6984],[-72.2607,41.6986],[-72.2613,41.6953],[-72.2658,41.6909],[-72.2682,41.6928],[-72.2701,41.6913],[-72.2743,41.6926],[-72.2748,41.6906],[-72.2694,41.6857],[-72.2674,41.6782],[-72.2661,41.6773],[-72.2684,41.6711],[-72.2787,41.672],[-72.3036,41.654],[-72.3342,41.6436],[-72.3565,41.7015],[-72.3507,41.7119],[-72.3289,41.7388],[-72.3277,41.738],[-72.3286,41.7364],[-72.3271,41.7345],[-72.3219,41.7338],[-72.3173,41.7313],[-72.311,41.7316],[-72.3025,41.7277],[-72.3003,41.7252],[-72.2974,41.7263],[-72.2946,41.725],[-72.2848,41.7251],[-72.2836,41.7239],[-72.2848,41.7239],[-72.2844,41.7225],[-72.2825,41.7231],[-72.2822,41.7219],[-72.2792,41.7237],[-72.2784,41.7229],[-72.2781,41.724],[-72.2755,41.7217],[-72.2769,41.721],[-72.2762,41.7203],[-72.2717,41.721],[-72.2654,41.7176],[-72.2633,41.718],[-72.2588,41.7223],[-72.2534,41.721],[-72.2492,41.7232],[-72.2481,41.723],[-72.2483,41.7218],[-72.2466,41.7229]]]}},{"type":"Feature","properties":{"leaid":"0902010","name":"Hebron School District","kind":"Elementary","gradeLow":"PK","gradeHigh":"06","state":"CT"},"geometry":{"type":"Polygon","coordinates":[[[-72.3565,41.7015],[-72.3245,41.6186],[-72.3281,41.6055],[-72.3435,41.5993],[-72.3524,41.599],[-72.3562,41.5976],[-72.3625,41.6012],[-72.3652,41.5998],[-72.3711,41.5995],[-72.3752,41.6014],[-72.3776,41.5962],[-72.3822,41.5936],[-72.3842,41.5887],[-72.4013,41.5956],[-72.4061,41.5988],[-72.4085,41.6023],[-72.4104,41.6026],[-72.4095,41.62],[-72.4079,41.6252],[-72.4092,41.6307],[-72.4137,41.6347],[-72.4139,41.6369],[-72.4294,41.6623],[-72.4481,41.6719],[-72.4601,41.7273],[-72.4228,41.732],[-72.4191,41.7251],[-72.3987,41.6969],[-72.3565,41.7015]]]}},{"type":"Feature","properties":{"leaid":"0902340","name":"Mansfield School District","kind":"Elementary","gradeLow":"PK","gradeHigh":"08","state":"CT"},"geometry":{"type":"Polygon","coordinates":[[[-72.3101,41.8361],[-72.1645,41.8349],[-72.1563,41.7535],[-72.1592,41.7507],[-72.1634,41.7497],[-72.1661,41.752],[-72.1685,41.7522],[-72.1716,41.7485],[-72.1741,41.7512],[-72.1764,41.75],[-72.176,41.7514],[-72.1783,41.7531],[-72.1779,41.7554],[-72.1823,41.7562],[-72.1877,41.7552],[-72.188,41.7537],[-72.1857,41.7519],[-72.1892,41.7504],[-72.189,41.7471],[-72.1934,41.7437],[-72.1956,41.7396],[-72.1953,41.7361],[-72.1925,41.7345],[-72.191,41.7314],[-72.195,41.73],[-72.1985,41.7317],[-72.1992,41.7296],[-72.1981,41.7282],[-72.2526,41.7282],[-72.254,41.7295],[-72.2597,41.7296],[-72.2635,41.7405],[-72.266,41.7439],[-72.2684,41.7447],[-72.2676,41.7455],[-72.2697,41.746],[-72.2658,41.7503],[-72.266,41.7528],[-72.2709,41.7598],[-72.2689,41.7629],[-72.2724,41.7672],[-72.272,41.7712],[-72.2752,41.7738],[-72.2761,41.7772],[-72.2806,41.7795],[-72.2807,41.7844],[-72.2916,41.7953],[-72.296,41.795],[-72.3027,41.7975],[-72.3059,41.7954],[-72.3128,41.7983],[-72.3094,41.8016],[-72.3159,41.8054],[-72.3167,41.8082],[-72.3153,41.8093],[-72.3149,41.8126],[-72.3168,41.8164],[-72.3131,41.8204],[-72.314,41.8225],[-72.3128,41.827],[-72.3141,41.8283],[-72.3107,41.8296],[-72.3085,41.8326],[-72.3101,41.8361]]]}},{"type":"Feature","properties":{"leaid":"0901410","name":"Easton School District","kind":"Elementary","gradeLow":"PK","gradeHigh":"08","state":"CT"},"geometry":{"type":"Polygon","coordinates":[[[-73.2744,41.2938],[-73.2752,41.2916],[-73.2745,41.2839],[-73.2361,41.2384],[-73.2514,41.2305],[-73.2566,41.2193],[-73.2633,41.2125],[-73.2795,41.2316],[-73.2843,41.2253],[-73.2883,41.2239],[-73.2908,41.2201],[-73.3019,41.2127],[-73.329,41.2134],[-73.3257,41.2162],[-73.3255,41.2201],[-73.3236,41.2219],[-73.3267,41.2259],[-73.3259,41.2274],[-73.3688,41.275],[-73.3048,41.2978],[-73.3157,41.3086],[-73.316,41.3109],[-73.3191,41.3133],[-73.3253,41.3225],[-73.306,41.3324],[-73.2727,41.3183],[-73.2731,41.3162],[-73.271,41.3115],[-73.2706,41.3072],[-73.272,41.3039],[-73.2761,41.3017],[-73.2782,41.2984],[-73.2744,41.2938]]]}},{"type":"Feature","properties":{"leaid":"0903510","name":"Redding School District","kind":"Elementary","gradeLow":"PK","gradeHigh":"08","state":"CT"},"geometry":{"type":"Polygon","coordinates":[[[-73.3253,41.3225],[-73.3191,41.3133],[-73.316,41.3109],[-73.3157,41.3086],[-73.3048,41.2978],[-73.4301,41.2543],[-73.4471,41.2785],[-73.4512,41.306],[-73.4661,41.3122],[-73.4701,41.3264],[-73.3602,41.3468],[-73.3471,41.3504],[-73.3333,41.3183],[-73.3253,41.3225]]]}},{"type":"Feature","properties":{"leaid":"0901500","name":"Essex School District","kind":"Elementary","gradeLow":"PK","gradeHigh":"06","state":"CT"},"geometry":{"type":"MultiPolygon","coordinates":[[[[-72.3896,41.3481],[-72.3846,41.3481],[-72.3803,41.3434],[-72.3896,41.3481]]],[[[-72.3823,41.3571],[-72.3845,41.3526],[-72.3857,41.3531],[-72.3823,41.3571]]],[[[-72.3757,41.3736],[-72.3768,41.3716],[-72.3771,41.3754],[-72.3757,41.3736]]],[[[-72.3875,41.3807],[-72.3785,41.3685],[-72.3795,41.361],[-72.3817,41.3574],[-72.3827,41.3593],[-72.3847,41.3594],[-72.3806,41.3626],[-72.3848,41.3644],[-72.3819,41.3664],[-72.3831,41.3665],[-72.3828,41.3679],[-72.3886,41.3702],[-72.3873,41.3741],[-72.3902,41.3701],[-72.3884,41.3681],[-72.3924,41.3674],[-72.3972,41.3638],[-72.4013,41.3637],[-72.4025,41.3626],[-72.4022,41.3608],[-72.4038,41.3603],[-72.405,41.3562],[-72.4067,41.3556],[-72.4055,41.3545],[-72.4039,41.3566],[-72.4038,41.36],[-72.4017,41.3608],[-72.4024,41.362],[-72.401,41.3634],[-72.3951,41.3631],[-72.3918,41.3661],[-72.388,41.3676],[-72.3881,41.3633],[-72.3919,41.3582],[-72.388,41.3581],[-72.3876,41.3544],[-72.3865,41.3539],[-72.3874,41.3531],[-72.3844,41.3513],[-72.3845,41.3486],[-72.3862,41.3483],[-72.389,41.3511],[-72.3917,41.3502],[-72.3896,41.3456],[-72.384,41.3415],[-72.3861,41.3395],[-72.3825,41.3369],[-72.3789,41.3393],[-72.3789,41.3426],[-72.3769,41.3437],[-72.3731,41.341],[-72.3708,41.3411],[-72.3839,41.332],[-72.4027,41.3316],[-72.4255,41.3242],[-72.432,41.3265],[-72.4358,41.331],[-72.4727,41.3342],[-72.4689,41.3454],[-72.4252,41.3645],[-72.4129,41.3741],[-72.3875,41.3807]]]]}},{"type":"Feature","properties":{"leaid":"0901590","name":"Franklin School District","kind":"Elementary","gradeLow":"PK","gradeHigh":"12","state":"CT"},"geometry":{"type":"Polygon","coordinates":[[[-72.12,41.6633],[-72.1041,41.6008],[-72.1252,41.5633],[-72.135,41.5695],[-72.1358,41.5735],[-72.1387,41.5764],[-72.194,41.5904],[-72.1517,41.6675],[-72.12,41.6633]]]}},{"type":"Feature","properties":{"leaid":"0902190","name":"Lisbon School District","kind":"Elementary","gradeLow":"PK","gradeHigh":"12","state":"CT"},"geometry":{"type":"Polygon","coordinates":[[[-71.9753,41.6381],[-71.979,41.6314],[-71.979,41.6241],[-71.9829,41.6185],[-71.9844,41.6101],[-71.9915,41.6055],[-71.9909,41.604],[-71.9878,41.6032],[-71.9846,41.5979],[-71.9848,41.5923],[-71.987,41.5883],[-71.9845,41.585],[-71.9888,41.5802],[-71.9895,41.5769],[-71.988,41.5721],[-71.9892,41.5656],[-71.9906,41.5648],[-71.9931,41.5664],[-72.0,41.5657],[-72.0107,41.5694],[-72.0158,41.5573],[-72.0192,41.554],[-72.0227,41.5534],[-72.0295,41.5553],[-72.0366,41.5537],[-72.0461,41.556],[-72.0432,41.5611],[-72.0459,41.5706],[-72.0412,41.5804],[-72.046,41.5853],[-72.0479,41.5948],[-72.0356,41.6107],[-72.0364,41.6153],[-72.0402,41.6234],[-72.0406,41.6284],[-72.0323,41.635],[-72.032,41.6419],[-72.0306,41.6447],[-72.0312,41.6472],[-71.9753,41.6381]]]}},{"type":"Feature","properties":{"leaid":"0903420","name":"Preston School District","kind":"Elementary","gradeLow":"PK","gradeHigh":"12","state":"CT"},"geometry":{"type":"Polygon","coordinates":[[[-71.9906,41.5648],[-71.9546,41.5665],[-71.9029,41.5203],[-71.9672,41.5287],[-71.9566,41.4874],[-72.0236,41.4831],[-72.0338,41.4848],[-72.0397,41.4829],[-72.0409,41.4847],[-72.0501,41.4849],[-72.0557,41.4833],[-72.0584,41.4799],[-72.0581,41.4736],[-72.0649,41.4657],[-72.07,41.4636],[-72.0706,41.4693],[-72.0736,41.475],[-72.0744,41.4818],[-72.0805,41.4892],[-72.081,41.4921],[-72.0776,41.4907],[-72.0725,41.4919],[-72.0677,41.5175],[-72.0586,41.5121],[-72.0519,41.5174],[-72.0403,41.5311],[-72.0469,41.5352],[-72.0451,41.5406],[-72.0503,41.5418],[-72.0489,41.5463],[-72.0458,41.5493],[-72.0461,41.556],[-72.0366,41.5537],[-72.0295,41.5553],[-72.0227,41.5534],[-72.0192,41.554],[-72.0158,41.5573],[-72.0107,41.5694],[-72.0,41.5657],[-71.9931,41.5664],[-71.9906,41.5648]]]}},{"type":"Feature","properties":{"leaid":"0901890","name":"Hampton School District","kind":"Elementary","gradeLow":"PK","gradeHigh":"06","state":"CT"},"geometry":{"type":"Polygon","coordinates":[[[-72.0924,41.8317],[-72.0318,41.8317],[-72.0214,41.8282],[-72.0163,41.8127],[-72.0145,41.805],[-72.0229,41.7596],[-72.0458,41.7305],[-72.081,41.7351],[-72.1026,41.7444],[-72.0966,41.7683],[-72.0928,41.8142],[-72.0924,41.8317]]]}},{"type":"Feature","properties":{"leaid":"0903360","name":"Pomfret School District","kind":"Elementary","gradeLow":"PK","gradeHigh":"12","state":"CT"},"geometry":{"type":"Polygon","coordinates":[[[-71.9174,41.8692],[-71.923,41.8628],[-71.9231,41.8597],[-71.9262,41.8564],[-71.9273,41.8508],[-71.9258,41.8496],[-71.9216,41.85],[-71.9191,41.8461],[-71.9161,41.8449],[-71.9143,41.8407],[-71.9109,41.8383],[-71.9092,41.8346],[-71.9043,41.8313],[-71.9062,41.8268],[-71.9766,41.8268],[-71.9776,41.8183],[-71.9923,41.8185],[-71.992,41.8061],[-72.0145,41.805],[-72.0214,41.8282],[-72.0318,41.8317],[-72.0447,41.8315],[-72.044,41.9146],[-72.0052,41.9144],[-71.9338,41.9169],[-71.9322,41.9061],[-71.9272,41.9008],[-71.9212,41.887],[-71.9235,41.8832],[-71.9249,41.8736],[-71.9232,41.8705],[-71.9174,41.8692]]]}},{"type":"Feature","properties":{"leaid":"0901950","name":"Hartland School District","kind":"Elementary","gradeLow":"PK","gradeHigh":"12","state":"CT"},"geometry":{"type":"Polygon","coordinates":[[[-72.8636,42.0375],[-72.8871,41.9731],[-73.0295,41.9666],[-73.0088,42.0388],[-72.8636,42.0375]]]}},{"type":"Feature","properties":{"leaid":"0902370","name":"Marlborough School District","kind":"Elementary","gradeLow":"PK","gradeHigh":"06","state":"CT"},"geometry":{"type":"Polygon","coordinates":[[[-72.4104,41.6026],[-72.4172,41.5906],[-72.4667,41.5839],[-72.5054,41.647],[-72.4973,41.6624],[-72.4773,41.6688],[-72.4827,41.6813],[-72.4768,41.6861],[-72.4522,41.6888],[-72.4481,41.6719],[-72.4294,41.6623],[-72.4139,41.6369],[-72.4137,41.6347],[-72.4092,41.6307],[-72.4079,41.6252],[-72.4095,41.62],[-72.4104,41.6026]]]}},{"type":"Feature","properties":{"leaid":"0903930","name":"Salisbury School District","kind":"Elementary","gradeLow":"PK","gradeHigh":"08","state":"CT"},"geometry":{"type":"Polygon","coordinates":[[[-73.3405,42.0484],[-73.3405,42.0443],[-73.343,42.0426],[-73.3448,42.0376],[-73.3524,42.0287],[-73.3533,42.0242],[-73.3509,42.0173],[-73.3581,42.0125],[-73.3592,42.009],[-73.3573,42.0027],[-73.3586,42.0015],[-73.3637,42.001],[-73.365,41.9984],[-73.366,42.0006],[-73.3693,41.9985],[-73.3649,41.9982],[-73.3675,41.9945],[-73.3667,41.9925],[-73.368,41.9875],[-73.3663,41.9831],[-73.3676,41.9821],[-73.37,41.9834],[-73.373,41.981],[-73.3716,41.9765],[-73.3671,41.9712],[-73.3679,41.9664],[-73.3718,41.9634],[-73.373,41.9602],[-73.3698,41.9573],[-73.37,41.9513],[-73.3667,41.9476],[-73.3665,41.9432],[-73.3634,41.9417],[-73.3663,41.9361],[-73.3613,41.9339],[-73.3615,41.9305],[-73.3567,41.9261],[-73.3621,41.9222],[-73.3618,41.9184],[-73.4966,41.9217],[-73.4896,42.0001],[-73.4873,42.0495],[-73.4285,42.0505],[-73.3405,42.0484]]]}},{"type":"Feature","properties":{"leaid":"0903900","name":"Salem School District","kind":"Elementary","gradeLow":"PK","gradeHigh":"12","state":"CT"},"geometry":{"type":"Polygon","coordinates":[[[-72.2276,41.5187],[-72.2244,41.5097],[-72.2182,41.5004],[-72.2168,41.4813],[-72.2127,41.4575],[-72.2225,41.4565],[-72.2215,41.4463],[-72.242,41.4432],[-72.2866,41.4391],[-72.3049,41.4327],[-72.3125,41.4784],[-72.3152,41.4781],[-72.3229,41.5181],[-72.2191,41.5388],[-72.2259,41.5266],[-72.2276,41.5187]]]}},{"type":"Feature","properties":{"leaid":"0903960","name":"Scotland School District","kind":"Elementary","gradeLow":"PK","gradeHigh":"06","state":"CT"},"geometry":{"type":"Polygon","coordinates":[[[-72.1026,41.7444],[-72.081,41.7351],[-72.0526,41.7314],[-72.0562,41.7014],[-72.0529,41.6879],[-72.0621,41.6522],[-72.1198,41.6618],[-72.1225,41.7128],[-72.112,41.7459],[-72.1026,41.7444]]]}},{"type":"Feature","properties":{"leaid":"0904080","name":"Sherman School District","kind":"Elementary","gradeLow":"PK","gradeHigh":"12","state":"CT"},"geometry":{"type":"Polygon","coordinates":[[[-73.5069,41.6658],[-73.5063,41.6633],[-73.4983,41.6589],[-73.4949,41.6612],[-73.4936,41.6609],[-73.4903,41.6533],[-73.4847,41.6474],[-73.4941,41.6445],[-73.4963,41.6425],[-73.496,41.6402],[-73.4978,41.6381],[-73.469,41.5775],[-73.4504,41.5347],[-73.5307,41.52],[-73.521,41.6198],[-73.5181,41.6667],[-73.5069,41.6658]]]}},{"type":"Feature","properties":{"leaid":"0904260","name":"Sprague School District","kind":"Elementary","gradeLow":"PK","gradeHigh":"12","state":"CT"},"geometry":{"type":"Polygon","coordinates":[[[-72.1198,41.6618],[-72.0312,41.6472],[-72.0306,41.6454],[-72.032,41.6419],[-72.0323,41.6349],[-72.0406,41.6284],[-72.0402,41.6234],[-72.0364,41.6153],[-72.0356,41.6107],[-72.047,41.5952],[-72.0479,41.5948],[-72.0553,41.6046],[-72.0639,41.6083],[-72.1041,41.6008],[-72.1198,41.6618]]]}},{"type":"Feature","properties":{"leaid":"0904350","name":"Sterling School District","kind":"Elementary","gradeLow":"PK","gradeHigh":"12","state":"CT"},"geometry":{"type":"Polygon","coordinates":[[[-71.7913,41.7745],[-71.7872,41.6561],[-71.7877,41.6399],[-71.8579,41.6442],[-71.8387,41.7688],[-71.7913,41.7745]]]}},{"type":"Feature","properties":{"leaid":"0904650","name":"Union School District","kind":"Elementary","gradeLow":"PK","gradeHigh":"12","state":"CT"},"geometry":{"type":"Polygon","coordinates":[[[-72.2051,42.0311],[-72.1022,42.0289],[-72.0992,41.9589],[-72.1955,41.9594],[-72.2349,41.9576],[-72.2149,42.0001],[-72.2051,42.0311]]]}},{"type":"Feature","properties":{"leaid":"0904710","name":"Voluntown School District","kind":"Elementary","gradeLow":"PK","gradeHigh":"12","state":"CT"},"geometry":{"type":"Polygon","coordinates":[[[-71.7877,41.6399],[-71.7932,41.5057],[-71.8634,41.5149],[-71.8832,41.6251],[-71.8844,41.6412],[-71.8579,41.6442],[-71.7877,41.6399]]]}},{"type":"Feature","properties":{"leaid":"0905100","name":"Willington School District","kind":"Elementary","gradeLow":"PK","gradeHigh":"08","state":"CT"},"geometry":{"type":"Polygon","coordinates":[[[-72.2368,41.9583],[-72.217,41.9582],[-72.2163,41.8928],[-72.2177,41.8352],[-72.3101,41.8361],[-72.3088,41.8402],[-72.3097,41.8479],[-72.3042,41.8506],[-72.3038,41.8533],[-72.3072,41.8561],[-72.3065,41.8609],[-72.3119,41.8737],[-72.3082,41.875],[-72.3089,41.8784],[-72.3065,41.881],[-72.3067,41.8829],[-72.3047,41.8825],[-72.3013,41.8869],[-72.2982,41.8878],[-72.3031,41.8892],[-72.3021,41.8922],[-72.2909,41.8973],[-72.2927,41.9002],[-72.2912,41.9063],[-72.2968,41.9111],[-72.2988,41.9191],[-72.3052,41.9242],[-72.3072,41.9306],[-72.3091,41.9315],[-72.3063,41.9407],[-72.2367,41.9399],[-72.2368,41.9583]]]}},{"type":"Feature","properties":{"leaid":"0905310","name":"Woodbridge School District","kind":"Elementary","gradeLow":"PK","gradeHigh":"06","state":"CT"},"geometry":{"type":"Polygon","coordinates":[[[-72.9549,41.3945],[-72.9611,41.3879],[-72.9747,41.3636],[-72.9748,41.3526],[-72.9702,41.3429],[-72.9833,41.3373],[-72.985,41.333],[-72.9889,41.3289],[-72.9968,41.3236],[-72.998,41.3141],[-73.0044,41.3115],[-73.0131,41.3103],[-73.0407,41.3139],[-73.0389,41.328],[-73.0437,41.3423],[-73.0463,41.3461],[-73.0491,41.3811],[-73.0475,41.3958],[-73.0424,41.3956],[-73.0378,41.3917],[-73.034,41.3917],[-73.03,41.3885],[-72.9549,41.3945]]]}},{"type":"Feature","properties":{"leaid":"0905370","name":"Woodstock School District","kind":"Elementary","gradeLow":"PK","gradeHigh":"12","state":"CT"},"geometry":{"type":"Polygon","coordinates":[[[-72.1022,42.0289],[-71.963,42.0262],[-71.9535,42.0001],[-71.9274,41.917],[-72.0052,41.9144],[-72.097,41.915],[-72.1022,42.0289]]]}},{"type":"Feature","properties":{"leaid":"0900060","name":"Ansonia School District","kind":"Unified","gradeLow":"PK","gradeHigh":"12","state":"CT"},"geometry":{"type":"MultiPolygon","coordinates":[[[[-73.0923,41.3603],[-73.0868,41.3537],[-73.0861,41.3509],[-73.0828,41.3462],[-73.081,41.3448],[-73.0819,41.3392],[-73.0795,41.3376],[-73.0775,41.3337],[-73.0797,41.331],[-73.0882,41.3351],[-73.0911,41.3387],[-73.0957,41.3393],[-73.1024,41.3529],[-73.0948,41.3607],[-73.0923,41.3603]]],[[[-73.085,41.363],[-73.0707,41.3602],[-73.0472,41.3605],[-73.0463,41.3461],[-73.0417,41.337],[-73.0391,41.3267],[-73.0583,41.324],[-73.0669,41.3266],[-73.0721,41.3269],[-73.0789,41.3308],[-73.0768,41.3345],[-73.0789,41.3383],[-73.0815,41.3394],[-73.0804,41.3448],[-73.0855,41.3511],[-73.0857,41.3534],[-73.0919,41.3602],[-73.085,41.363]]]]}},{"type":"Feature","properties":{"leaid":"0900120","name":"Avon School District","kind":"Unified","gradeLow":"PK","gradeHigh":"12","state":"CT"},"geometry":{"type":"Polygon","coordinates":[[[-72.7986,41.8249],[-72.7972,41.8047],[-72.7985,41.7938],[-72.7989,41.7919],[-72.8,41.7918],[-72.7967,41.7588],[-72.8201,41.7579],[-72.8811,41.7655],[-72.8952,41.7647],[-72.9012,41.7687],[-72.9022,41.7751],[-72.919,41.7783],[-72.925,41.7879],[-72.9254,41.7984],[-72.9281,41.8028],[-72.921,41.8054],[-72.9212,41.8071],[-72.9154,41.8076],[-72.9159,41.8104],[-72.7986,41.8249]]]}},{"type":"Feature","properties":{"leaid":"0900210","name":"Berlin School District","kind":"Unified","gradeLow":"PK","gradeHigh":"12","state":"CT"},"geometry":{"type":"Polygon","coordinates":[[[-72.7123,41.6306],[-72.7158,41.6237],[-72.7111,41.618],[-72.7126,41.6167],[-72.7136,41.6107],[-72.7159,41.6064],[-72.7145,41.6043],[-72.7299,41.6015],[-72.7317,41.5958],[-72.7529,41.5925],[-72.7521,41.5789],[-72.8012,41.5731],[-72.8092,41.562],[-72.8102,41.5624],[-72.8191,41.5543],[-72.8261,41.5559],[-72.8257,41.5643],[-72.8296,41.5624],[-72.8276,41.571],[-72.8402,41.5691],[-72.8365,41.5805],[-72.8339,41.5832],[-72.8265,41.5869],[-72.8235,41.6043],[-72.8202,41.6069],[-72.8183,41.6069],[-72.8194,41.6156],[-72.8228,41.6176],[-72.8206,41.6193],[-72.8202,41.6211],[-72.8223,41.6216],[-72.818,41.6276],[-72.8253,41.6277],[-72.8252,41.6298],[-72.8142,41.6457],[-72.7504,41.6502],[-72.7499,41.647],[-72.7272,41.6495],[-72.7274,41.6522],[-72.7153,41.6527],[-72.7138,41.6348],[-72.7123,41.6306]]]}},{"type":"Feature","properties":{"leaid":"0900270","name":"Bethel School District","kind":"Unified","gradeLow":"PK","gradeHigh":"12","state":"CT"},"geometry":{"type":"Polygon","coordinates":[[[-73.3801,41.4229],[-73.3471,41.3504],[-73.3602,41.3468],[-73.4243,41.3353],[-73.435,41.3724],[-73.4326,41.3785],[-73.4239,41.3823],[-73.4073,41.3957],[-73.4078,41.3971],[-73.4047,41.4012],[-73.405,41.4026],[-73.4009,41.4032],[-73.406,41.4154],[-73.406,41.4282],[-73.3801,41.4229]]]}},{"type":"Feature","properties":{"leaid":"0900330","name":"Bloomfield School District","kind":"Unified","gradeLow":"PK","gradeHigh":"12","state":"CT"},"geometry":{"type":"Polygon","coordinates":[[[-72.7378,41.8924],[-72.743,41.8774],[-72.6897,41.8662],[-72.686,41.8002],[-72.6901,41.8008],[-72.6914,41.8076],[-72.7972,41.8047],[-72.7986,41.8249],[-72.7833,41.8269],[-72.7844,41.8333],[-72.7835,41.8366],[-72.7852,41.8434],[-72.7844,41.8557],[-72.7704,41.8808],[-72.7714,41.8851],[-72.7651,41.9026],[-72.7606,41.9057],[-72.761,41.9035],[-72.7591,41.902],[-72.7378,41.8924]]]}},{"type":"Feature","properties":{"leaid":"0900360","name":"Bolton School District","kind":"Unified","gradeLow":"PK","gradeHigh":"12","state":"CT"},"geometry":{"type":"Polygon","coordinates":[[[-72.4189,41.8066],[-72.4036,41.734],[-72.4601,41.7273],[-72.4735,41.7983],[-72.4189,41.8066]]]}},{"type":"Feature","properties":{"leaid":"0900420","name":"Branford School District","kind":"Unified","gradeLow":"PK","gradeHigh":"12","state":"CT"},"geometry":{"type":"MultiPolygon","coordinates":[[[[-72.7597,41.2416],[-72.7606,41.2411],[-72.7613,41.2429],[-72.7607,41.2431],[-72.7597,41.2416]]],[[[-72.7552,41.2454],[-72.7573,41.2439],[-72.7593,41.2442],[-72.7563,41.2458],[-72.7552,41.2454]]],[[[-72.8095,41.2473],[-72.8102,41.246],[-72.8107,41.2464],[-72.8095,41.2473]]],[[[-72.7496,41.2476],[-72.7504,41.2467],[-72.7504,41.2472],[-72.7496,41.2476]]],[[[-72.8139,41.2481],[-72.8162,41.2473],[-72.8142,41.2485],[-72.8139,41.2481]]],[[[-72.7539,41.2492],[-72.754,41.2477],[-72.7563,41.2466],[-72.7564,41.2475],[-72.7539,41.2492]]],[[[-72.7512,41.2506],[-72.7504,41.2496],[-72.7531,41.2488],[-72.7528,41.2501],[-72.7512,41.2506]]],[[[-72.7552,41.2503],[-72.7593,41.2475],[-72.7599,41.2479],[-72.7563,41.251],[-72.7552,41.2503]]],[[[-72.7454,41.2514],[-72.7461,41.25],[-72.7462,41.251],[-72.7454,41.2514]]],[[[-72.8568,41.252],[-72.8536,41.2507],[-72.8503,41.2511],[-72.8508,41.2499],[-72.8544,41.2488],[-72.8543,41.2473],[-72.8551,41.2483],[-72.8583,41.2477],[-72.857,41.249],[-72.8568,41.252]]],[[[-72.747,41.2535],[-72.7475,41.252],[-72.7484,41.2522],[-72.747,41.2535]]],[[[-72.7412,41.2536],[-72.741,41.2525],[-72.743,41.2525],[-72.7412,41.2536]]],[[[-72.7486,41.2545],[-72.7483,41.254],[-72.7488,41.254],[-72.7486,41.2545]]],[[[-72.7489,41.2551],[-72.7494,41.2544],[-72.7498,41.2547],[-72.7489,41.2551]]],[[[-72.7476,41.2559],[-72.748,41.255],[-72.7483,41.2554],[-72.7476,41.2559]]],[[[-72.7548,41.2563],[-72.7547,41.254],[-72.7588,41.2536],[-72.7548,41.2563]]],[[[-72.7402,41.2549],[-72.7422,41.2543],[-72.742,41.256],[-72.7404,41.2562],[-72.7402,41.2549]]],[[[-72.7933,41.257],[-72.7944,41.2564],[-72.794,41.2571],[-72.7933,41.257]]],[[[-72.7571,41.2572],[-72.7586,41.2564],[-72.7586,41.2569],[-72.7571,41.2572]]],[[[-72.7525,41.2602],[-72.7528,41.2593],[-72.7533,41.2595],[-72.7525,41.2602]]],[[[-72.7622,41.2605],[-72.7613,41.2589],[-72.763,41.2582],[-72.7643,41.2593],[-72.7622,41.2605]]],[[[-72.7547,41.2631],[-72.755,41.2625],[-72.7555,41.2629],[-72.7547,41.2631]]],[[[-72.762,41.2635],[-72.7618,41.2628],[-72.7625,41.263],[-72.762,41.2635]]],[[[-72.7549,41.2638],[-72.7553,41.2633],[-72.7554,41.2637],[-72.7549,41.2638]]],[[[-72.7655,41.2638],[-72.7661,41.263],[-72.766,41.2636],[-72.7655,41.2638]]],[[[-72.7634,41.2644],[-72.7641,41.263],[-72.7647,41.2638],[-72.7634,41.2644]]],[[[-72.7992,41.3243],[-72.7805,41.3132],[-72.7713,41.3051],[-72.7461,41.3106],[-72.7467,41.308],[-72.7381,41.2863],[-72.7358,41.2841],[-72.728,41.268],[-72.7323,41.2656],[-72.7317,41.2628],[-72.7348,41.2628],[-72.737,41.2611],[-72.7385,41.2618],[-72.7396,41.2675],[-72.7394,41.262],[-72.7514,41.2587],[-72.7495,41.2599],[-72.7506,41.26],[-72.749,41.2622],[-72.7521,41.2626],[-72.7505,41.2638],[-72.753,41.2642],[-72.7518,41.2673],[-72.7544,41.2669],[-72.7547,41.269],[-72.757,41.2695],[-72.7581,41.2718],[-72.7571,41.2687],[-72.7586,41.2664],[-72.7604,41.2659],[-72.7637,41.2677],[-72.7677,41.2649],[-72.7713,41.266],[-72.7729,41.2632],[-72.7802,41.2656],[-72.7861,41.2648],[-72.7881,41.2639],[-72.7873,41.2627],[-72.7906,41.2594],[-72.7952,41.2603],[-72.7999,41.2577],[-72.8033,41.2575],[-72.806,41.2563],[-72.8073,41.2529],[-72.8103,41.2507],[-72.813,41.2495],[-72.8114,41.2514],[-72.8127,41.2515],[-72.8163,41.2497],[-72.8161,41.2512],[-72.8184,41.2485],[-72.818,41.2529],[-72.8245,41.2555],[-72.8205,41.2594],[-72.8169,41.2603],[-72.8146,41.2576],[-72.811,41.2585],[-72.8101,41.2612],[-72.8075,41.2611],[-72.8089,41.2622],[-72.8082,41.2642],[-72.8091,41.2632],[-72.8111,41.2655],[-72.8148,41.2657],[-72.818,41.2676],[-72.8171,41.2704],[-72.8129,41.2722],[-72.8117,41.2747],[-72.8109,41.2739],[-72.8066,41.2751],[-72.8035,41.2735],[-72.8028,41.2756],[-72.8041,41.2745],[-72.8025,41.2761],[-72.804,41.2779],[-72.8027,41.2801],[-72.8042,41.2818],[-72.8021,41.2825],[-72.802,41.2838],[-72.8033,41.2841],[-72.8017,41.2855],[-72.7984,41.2853],[-72.7953,41.2897],[-72.7937,41.2896],[-72.7938,41.2911],[-72.7922,41.2919],[-72.7935,41.2935],[-72.7943,41.293],[-72.7925,41.2922],[-72.7943,41.291],[-72.7939,41.2901],[-72.7962,41.2909],[-72.7954,41.2903],[-72.7992,41.2854],[-72.8018,41.2858],[-72.8038,41.2843],[-72.8024,41.2835],[-72.8047,41.2819],[-72.8031,41.2797],[-72.8044,41.278],[-72.8037,41.2761],[-72.8049,41.2752],[-72.8079,41.2767],[-72.8111,41.276],[-72.8146,41.2724],[-72.8175,41.2715],[-72.8188,41.2673],[-72.8121,41.2643],[-72.8121,41.2633],[-72.8191,41.2632],[-72.8208,41.2621],[-72.8211,41.2602],[-72.8219,41.262],[-72.825,41.262],[-72.8243,41.2636],[-72.8269,41.2635],[-72.8278,41.2647],[-72.8313,41.2597],[-72.8302,41.2594],[-72.8305,41.2577],[-72.8315,41.2579],[-72.8314,41.2556],[-72.8335,41.2545],[-72.8336,41.2513],[-72.8359,41.2486],[-72.8373,41.25],[-72.8361,41.2504],[-72.8385,41.2511],[-72.8361,41.2544],[-72.8397,41.2513],[-72.8407,41.2531],[-72.8389,41.2557],[-72.8412,41.2564],[-72.8417,41.2589],[-72.8448,41.2581],[-72.845,41.2565],[-72.8499,41.2569],[-72.8511,41.2526],[-72.8553,41.2523],[-72.8526,41.258],[-72.8516,41.2571],[-72.8512,41.2623],[-72.8537,41.2646],[-72.8605,41.2655],[-72.8617,41.2672],[-72.8604,41.2679],[-72.8624,41.2683],[-72.8625,41.2698],[-72.8643,41.2692],[-72.8595,41.2789],[-72.8603,41.2851],[-72.8558,41.2909],[-72.8413,41.298],[-72.8365,41.3135],[-72.8224,41.3188],[-72.7992,41.3243]]]]}},{"type":"Feature","properties":{"leaid":"0900450","name":"Bridgeport School District","kind":"Unified","gradeLow":"PK","gradeHigh":"12","state":"CT"},"geometry":{"type":"MultiPolygon","coordinates":[[[[-73.1627,41.1628],[-73.1641,41.1633],[-73.1623,41.1643],[-73.1623,41.1642],[-73.1627,41.1628]]],[[[-73.1634,41.1609],[-73.1644,41.158],[-73.1717,41.1593],[-73.1672,41.1645],[-73.1634,41.1609]]],[[[-73.1966,41.2278],[-73.1909,41.225],[-73.1883,41.2275],[-73.1814,41.2271],[-73.1845,41.2259],[-73.1832,41.2237],[-73.1907,41.2242],[-73.1863,41.2205],[-73.1695,41.2228],[-73.1576,41.2284],[-73.1611,41.2246],[-73.1628,41.2202],[-73.1538,41.1927],[-73.1552,41.1903],[-73.1542,41.1831],[-73.1554,41.178],[-73.1593,41.1738],[-73.1622,41.166],[-73.1638,41.1686],[-73.1595,41.1736],[-73.1614,41.1739],[-73.1645,41.1706],[-73.1651,41.1727],[-73.166,41.1684],[-73.1651,41.1661],[-73.1719,41.1692],[-73.1729,41.1685],[-73.1784,41.1724],[-73.1715,41.1852],[-73.1782,41.1759],[-73.1812,41.1741],[-73.1815,41.1752],[-73.1845,41.1757],[-73.1855,41.1829],[-73.189,41.1848],[-73.189,41.186],[-73.1894,41.1843],[-73.1865,41.1827],[-73.1865,41.1766],[-73.1851,41.1727],[-73.1794,41.1669],[-73.1845,41.1652],[-73.1853,41.1607],[-73.1893,41.1593],[-73.19,41.1604],[-73.1973,41.1598],[-73.2111,41.1534],[-73.216,41.1483],[-73.2155,41.1425],[-73.2169,41.1413],[-73.2179,41.1421],[-73.2159,41.1446],[-73.2168,41.1533],[-73.208,41.1592],[-73.2048,41.1643],[-73.2012,41.1663],[-73.2047,41.1651],[-73.2049,41.166],[-73.2078,41.162],[-73.2091,41.1613],[-73.2101,41.1622],[-73.2095,41.1603],[-73.2119,41.1587],[-73.2176,41.1584],[-73.22,41.1555],[-73.217,41.1557],[-73.218,41.1535],[-73.2206,41.1532],[-73.2238,41.1505],[-73.2227,41.1481],[-73.2277,41.1425],[-73.2348,41.1439],[-73.2329,41.1476],[-73.2331,41.1495],[-73.2337,41.1521],[-73.2361,41.1524],[-73.2372,41.1551],[-73.2236,41.1669],[-73.2223,41.1689],[-73.2236,41.1711],[-73.2246,41.1696],[-73.225,41.1708],[-73.2277,41.169],[-73.2277,41.1702],[-73.2257,41.1737],[-73.2234,41.1743],[-73.223,41.1765],[-73.2193,41.179],[-73.2196,41.1816],[-73.2178,41.1828],[-73.2204,41.1879],[-73.2191,41.1978],[-73.2442,41.2266],[-73.2124,41.2285],[-73.2073,41.2278],[-73.2015,41.2296],[-73.2011,41.2283],[-73.1966,41.2278]]]]}},{"type":"Feature","properties":{"leaid":"0900510","name":"Bristol School District","kind":"Unified","gradeLow":"PK","gradeHigh":"12","state":"CT"},"geometry":{"type":"Polygon","coordinates":[[[-72.8983,41.7232],[-72.8834,41.6495],[-72.9239,41.6455],[-72.922,41.6411],[-72.9278,41.6407],[-72.9286,41.6455],[-72.9831,41.6395],[-72.9986,41.7125],[-72.9614,41.7165],[-72.962,41.7153],[-72.9593,41.7167],[-72.9431,41.7188],[-72.8983,41.7232]]]}},{"type":"Feature","properties":{"leaid":"0900540","name":"Brookfield School District","kind":"Unified","gradeLow":"PK","gradeHigh":"12","state":"CT"},"geometry":{"type":"Polygon","coordinates":[[[-73.3317,41.4727],[-73.3643,41.4379],[-73.3787,41.4199],[-73.3801,41.4229],[-73.4158,41.4303],[-73.4249,41.4596],[-73.4297,41.4697],[-73.4313,41.4688],[-73.4332,41.472],[-73.4383,41.4741],[-73.4348,41.4689],[-73.4356,41.4662],[-73.4374,41.4655],[-73.4433,41.4724],[-73.4444,41.4776],[-73.443,41.4791],[-73.4427,41.4854],[-73.437,41.4836],[-73.4415,41.4913],[-73.4308,41.498],[-73.419,41.5015],[-73.387,41.5148],[-73.385,41.511],[-73.3886,41.5065],[-73.379,41.5019],[-73.3768,41.499],[-73.3753,41.4892],[-73.3477,41.4781],[-73.3367,41.4757],[-73.3317,41.4727]]]}},{"type":"Feature","properties":{"leaid":"0900690","name":"Canton School District","kind":"Unified","gradeLow":"PK","gradeHigh":"12","state":"CT"},"geometry":{"type":"Polygon","coordinates":[[[-72.8766,41.9208],[-72.873,41.8374],[-72.8702,41.8161],[-72.9159,41.8104],[-72.9154,41.8076],[-72.9198,41.8069],[-72.9256,41.8092],[-72.949,41.8064],[-72.9363,41.8398],[-72.9391,41.8425],[-72.9422,41.8434],[-72.9518,41.8429],[-72.9538,41.8485],[-72.9536,41.8539],[-72.9463,41.874],[-72.9406,41.8952],[-72.9153,41.8968],[-72.9059,41.9217],[-72.8766,41.9208]]]}},{"type":"Feature","properties":{"leaid":"0900750","name":"Cheshire School District","kind":"Unified","gradeLow":"PK","gradeHigh":"12","state":"CT"},"geometry":{"type":"Polygon","coordinates":[[[-72.8531,41.5464],[-72.8517,41.5403],[-72.8536,41.5335],[-72.858,41.5345],[-72.8612,41.5281],[-72.8531,41.5249],[-72.8538,41.5222],[-72.8514,41.516],[-72.8496,41.5146],[-72.8463,41.5028],[-72.8774,41.4612],[-72.8766,41.4597],[-72.8781,41.4575],[-72.8867,41.448],[-72.9169,41.4597],[-72.9524,41.4646],[-72.9477,41.4774],[-72.9444,41.4794],[-72.9436,41.4885],[-72.9415,41.4917],[-72.9412,41.4952],[-72.9376,41.4971],[-72.9346,41.5012],[-72.9347,41.5067],[-72.949,41.5227],[-72.9694,41.5302],[-72.9568,41.5553],[-72.8839,41.5638],[-72.8793,41.5632],[-72.8797,41.5625],[-72.8741,41.5593],[-72.8733,41.5565],[-72.8719,41.557],[-72.8719,41.5549],[-72.8695,41.5545],[-72.8678,41.549],[-72.8531,41.5464]]]}},{"type":"Feature","properties":{"leaid":"0900810","name":"Clinton School District","kind":"Unified","gradeLow":"PK","gradeHigh":"12","state":"CT"},"geometry":{"type":"MultiPolygon","coordinates":[[[[-72.5256,41.2651],[-72.5335,41.2629],[-72.5367,41.2581],[-72.5361,41.2547],[-72.5458,41.2603],[-72.5387,41.2605],[-72.5324,41.2645],[-72.5253,41.2671],[-72.5245,41.2667],[-72.5256,41.2651]]],[[[-72.4926,41.2875],[-72.4965,41.2928],[-72.495,41.2944],[-72.4943,41.2922],[-72.4926,41.2875]]],[[[-72.4979,41.2997],[-72.498,41.2986],[-72.4985,41.2991],[-72.4979,41.2997]]],[[[-72.512,41.3416],[-72.4996,41.3077],[-72.4986,41.3017],[-72.4996,41.3006],[-72.4983,41.3002],[-72.4989,41.2993],[-72.4976,41.2964],[-72.4967,41.2958],[-72.4972,41.2983],[-72.4952,41.2949],[-72.4968,41.2934],[-72.4967,41.2918],[-72.4926,41.2872],[-72.4862,41.2707],[-72.5023,41.264],[-72.5075,41.2588],[-72.5067,41.2569],[-72.5094,41.256],[-72.5149,41.2583],[-72.5187,41.2576],[-72.5207,41.2702],[-72.5195,41.27],[-72.5175,41.2653],[-72.5148,41.2648],[-72.5137,41.2657],[-72.5131,41.2649],[-72.5111,41.2659],[-72.5108,41.2671],[-72.5089,41.2666],[-72.5095,41.2658],[-72.5064,41.2648],[-72.5032,41.2663],[-72.5041,41.2674],[-72.5014,41.2681],[-72.5001,41.2692],[-72.5045,41.2676],[-72.5036,41.2664],[-72.5065,41.2651],[-72.5088,41.266],[-72.5083,41.2667],[-72.5109,41.2675],[-72.5129,41.2653],[-72.5134,41.2661],[-72.5171,41.2658],[-72.5192,41.2702],[-72.523,41.2707],[-72.5227,41.2732],[-72.5241,41.2734],[-72.5237,41.2743],[-72.5244,41.2755],[-72.5264,41.2758],[-72.5247,41.2768],[-72.5252,41.2801],[-72.5215,41.2819],[-72.523,41.2835],[-72.5224,41.2846],[-72.5254,41.2857],[-72.5228,41.2819],[-72.525,41.2811],[-72.5256,41.2798],[-72.5251,41.277],[-72.5273,41.2753],[-72.5242,41.2744],[-72.5246,41.2702],[-72.5234,41.2691],[-72.5356,41.2679],[-72.5462,41.2629],[-72.5468,41.2652],[-72.5449,41.2662],[-72.5462,41.2658],[-72.5458,41.2698],[-72.5469,41.2714],[-72.5443,41.2738],[-72.5478,41.2774],[-72.546,41.2803],[-72.5493,41.2823],[-72.5517,41.2807],[-72.5569,41.282],[-72.5603,41.2874],[-72.5639,41.2887],[-72.5676,41.2942],[-72.57,41.2945],[-72.5698,41.2966],[-72.5716,41.2975],[-72.5707,41.298],[-72.5759,41.3009],[-72.5776,41.3034],[-72.5818,41.304],[-72.5813,41.3055],[-72.5854,41.3073],[-72.586,41.3091],[-72.5317,41.3368],[-72.512,41.3416]]]]}},{"type":"Feature","properties":{"leaid":"0900840","name":"Colchester School District","kind":"Unified","gradeLow":"PK","gradeHigh":"12","state":"CT"},"geometry":{"type":"Polygon","coordinates":[[[-72.2191,41.5388],[-72.3229,41.5181],[-72.3234,41.5342],[-72.4308,41.5246],[-72.4667,41.5839],[-72.4172,41.5906],[-72.4104,41.6026],[-72.4085,41.6023],[-72.4061,41.5988],[-72.4013,41.5956],[-72.3842,41.5887],[-72.3822,41.5936],[-72.3776,41.5962],[-72.3752,41.6014],[-72.3711,41.5995],[-72.3652,41.5998],[-72.3625,41.6012],[-72.3562,41.5976],[-72.3524,41.599],[-72.3435,41.5993],[-72.3281,41.6055],[-72.3245,41.6186],[-72.3131,41.6095],[-72.3095,41.6115],[-72.262,41.574],[-72.2474,41.5604],[-72.2191,41.5388]]]}},{"type":"Feature","properties":{"leaid":"0900960","name":"Coventry School District","kind":"Unified","gradeLow":"PK","gradeHigh":"12","state":"CT"},"geometry":{"type":"Polygon","coordinates":[[[-72.3101,41.8361],[-72.3084,41.8329],[-72.3107,41.8296],[-72.3141,41.8283],[-72.3128,41.827],[-72.314,41.8225],[-72.3131,41.8204],[-72.3168,41.8164],[-72.3149,41.8126],[-72.3153,41.8093],[-72.3167,41.8082],[-72.3159,41.8054],[-72.3095,41.8021],[-72.3128,41.7983],[-72.3059,41.7954],[-72.3027,41.7975],[-72.296,41.795],[-72.2916,41.7953],[-72.281,41.7848],[-72.2806,41.7795],[-72.2757,41.7766],[-72.2752,41.7738],[-72.272,41.7712],[-72.2724,41.7672],[-72.2708,41.7657],[-72.2711,41.7643],[-72.2689,41.7629],[-72.2709,41.7598],[-72.2664,41.7539],[-72.2657,41.7507],[-72.2697,41.746],[-72.2676,41.7455],[-72.2684,41.7447],[-72.266,41.7439],[-72.2635,41.7405],[-72.2598,41.7297],[-72.2537,41.7294],[-72.252,41.7273],[-72.253,41.7249],[-72.2471,41.7235],[-72.2478,41.7219],[-72.2492,41.7232],[-72.2534,41.721],[-72.2588,41.7223],[-72.2633,41.718],[-72.2654,41.7176],[-72.2717,41.721],[-72.2762,41.7203],[-72.2769,41.721],[-72.2755,41.7217],[-72.2781,41.724],[-72.2784,41.7229],[-72.2792,41.7237],[-72.2822,41.7219],[-72.2825,41.7231],[-72.2844,41.7225],[-72.2848,41.7239],[-72.2836,41.7239],[-72.2848,41.7251],[-72.2946,41.725],[-72.2974,41.7263],[-72.3003,41.7252],[-72.3025,41.7277],[-72.311,41.7316],[-72.3173,41.7313],[-72.3219,41.7338],[-72.3271,41.7345],[-72.3286,41.7364],[-72.3277,41.7381],[-72.3546,41.7672],[-72.3809,41.7639],[-72.4103,41.7655],[-72.419,41.807],[-72.4215,41.8255],[-72.3127,41.8376],[-72.3097,41.8378],[-72.3101,41.8361]]]}},{"type":"Feature","properties":{"leaid":"0900990","name":"Cromwell School District","kind":"Unified","gradeLow":"PK","gradeHigh":"12","state":"CT"},"geometry":{"type":"MultiPolygon","coordinates":[[[[-72.6502,41.5741],[-72.6494,41.5783],[-72.6482,41.5802],[-72.6471,41.5799],[-72.6502,41.5741]]],[[[-72.6237,41.6039],[-72.64,41.5955],[-72.6434,41.5872],[-72.6502,41.5785],[-72.6511,41.5734],[-72.654,41.5723],[-72.6561,41.5734],[-72.6553,41.5776],[-72.6609,41.579],[-72.6611,41.5803],[-72.6681,41.5835],[-72.6679,41.5862],[-72.6654,41.5871],[-72.6673,41.5892],[-72.6673,41.5914],[-72.6704,41.5917],[-72.6732,41.5947],[-72.6718,41.5976],[-72.674,41.5997],[-72.6795,41.5971],[-72.681,41.6005],[-72.6841,41.6019],[-72.6892,41.6008],[-72.6937,41.6016],[-72.6965,41.6003],[-72.7053,41.6033],[-72.708,41.6026],[-72.7089,41.6039],[-72.7131,41.6027],[-72.7159,41.6064],[-72.7136,41.6107],[-72.7126,41.6167],[-72.7111,41.618],[-72.7155,41.6228],[-72.7159,41.625],[-72.7139,41.6277],[-72.6301,41.6398],[-72.6328,41.6275],[-72.6284,41.6201],[-72.6204,41.6138],[-72.6194,41.6104],[-72.6204,41.6071],[-72.6237,41.6039]]]]}},{"type":"Feature","properties":{"leaid":"0901020","name":"Danbury School District","kind":"Unified","gradeLow":"PK","gradeHigh":"12","state":"CT"},"geometry":{"type":"Polygon","coordinates":[[[-73.406,41.4282],[-73.406,41.4154],[-73.4009,41.4032],[-73.405,41.4026],[-73.4047,41.4012],[-73.4078,41.3971],[-73.4073,41.3957],[-73.4239,41.3823],[-73.4326,41.3785],[-73.435,41.3724],[-73.4242,41.3349],[-73.4701,41.3264],[-73.4854,41.3566],[-73.5016,41.362],[-73.5064,41.3774],[-73.5436,41.3751],[-73.5415,41.4044],[-73.5363,41.4405],[-73.4269,41.4638],[-73.4158,41.4303],[-73.406,41.4282]]]}},{"type":"Feature","properties":{"leaid":"0901050","name":"Darien School District","kind":"Unified","gradeLow":"PK","gradeHigh":"12","state":"CT"},"geometry":{"type":"MultiPolygon","coordinates":[[[[-73.4566,41.0482],[-73.4577,41.0478],[-73.4575,41.0483],[-73.4566,41.0482]]],[[[-73.4606,41.0501],[-73.4617,41.0493],[-73.4612,41.0503],[-73.4606,41.0501]]],[[[-73.458,41.0505],[-73.4588,41.0493],[-73.4594,41.0503],[-73.458,41.0505]]],[[[-73.4623,41.0534],[-73.4633,41.053],[-73.4622,41.054],[-73.4623,41.0534]]],[[[-73.4586,41.0561],[-73.459,41.056],[-73.4586,41.0565],[-73.4586,41.0561]]],[[[-73.4643,41.0567],[-73.4648,41.0563],[-73.4648,41.0569],[-73.4643,41.0567]]],[[[-73.4674,41.0577],[-73.4677,41.0576],[-73.4679,41.0579],[-73.4674,41.0577]]],[[[-73.444,41.0684],[-73.4441,41.0683],[-73.4441,41.0684],[-73.444,41.0684]]],[[[-73.474,41.114],[-73.4536,41.0919],[-73.4538,41.0875],[-73.4513,41.0886],[-73.4475,41.085],[-73.4459,41.0765],[-73.4478,41.0709],[-73.4447,41.0688],[-73.4475,41.0638],[-73.4477,41.0607],[-73.4494,41.0598],[-73.4502,41.061],[-73.4523,41.0588],[-73.4508,41.0585],[-73.447,41.0607],[-73.4469,41.0574],[-73.4535,41.0564],[-73.4534,41.0545],[-73.4616,41.0522],[-73.4613,41.0542],[-73.4559,41.0579],[-73.4582,41.0572],[-73.4573,41.0593],[-73.4525,41.0617],[-73.452,41.0634],[-73.4526,41.0643],[-73.4561,41.06],[-73.4602,41.0584],[-73.4618,41.0592],[-73.4621,41.061],[-73.4629,41.0579],[-73.465,41.0575],[-73.4634,41.0592],[-73.466,41.0615],[-73.4685,41.0577],[-73.4712,41.0569],[-73.4719,41.056],[-73.4701,41.0567],[-73.4712,41.0549],[-73.4735,41.0555],[-73.4753,41.0542],[-73.4754,41.0562],[-73.4755,41.0539],[-73.4667,41.0546],[-73.4671,41.0516],[-73.4679,41.0521],[-73.4689,41.0502],[-73.4744,41.051],[-73.4738,41.0478],[-73.4769,41.0488],[-73.4753,41.0444],[-73.4723,41.0485],[-73.47,41.048],[-73.4783,41.0359],[-73.4823,41.0443],[-73.4838,41.045],[-73.4813,41.0499],[-73.4815,41.0533],[-73.4803,41.0535],[-73.4771,41.0577],[-73.4774,41.0607],[-73.4738,41.066],[-73.477,41.0618],[-73.4792,41.0617],[-73.478,41.0589],[-73.4788,41.0559],[-73.4806,41.0564],[-73.4841,41.0525],[-73.485,41.0529],[-73.484,41.0511],[-73.4822,41.0513],[-73.4832,41.0495],[-73.484,41.0504],[-73.4841,41.0465],[-73.4862,41.0443],[-73.4895,41.0436],[-73.4863,41.042],[-73.4895,41.0401],[-73.489,41.0421],[-73.491,41.0423],[-73.4905,41.0451],[-73.4936,41.049],[-73.4961,41.0488],[-73.4929,41.0518],[-73.4915,41.0512],[-73.4923,41.0495],[-73.4913,41.0493],[-73.4889,41.0516],[-73.4913,41.0531],[-73.4903,41.0538],[-73.495,41.054],[-73.4964,41.0563],[-73.5005,41.0561],[-73.5057,41.0586],[-73.5101,41.0672],[-73.5101,41.0708],[-73.5113,41.0727],[-73.5154,41.0743],[-73.5146,41.0748],[-73.5182,41.0803],[-73.5146,41.0877],[-73.5157,41.0893],[-73.5144,41.0916],[-73.5149,41.0944],[-73.5094,41.1038],[-73.5116,41.106],[-73.5101,41.1093],[-73.5065,41.1096],[-73.5008,41.1144],[-73.474,41.114]]]]}},{"type":"Feature","properties":{"leaid":"0901110","name":"Derby School District","kind":"Unified","gradeLow":"PK","gradeHigh":"12","state":"CT"},"geometry":{"type":"MultiPolygon","coordinates":[[[[-73.0696,41.3265],[-73.0563,41.3238],[-73.0391,41.3267],[-73.0407,41.3139],[-73.0491,41.3113],[-73.059,41.3116],[-73.065,41.3061],[-73.0675,41.3014],[-73.0769,41.3078],[-73.0778,41.3112],[-73.0806,41.3139],[-73.0815,41.3191],[-73.0821,41.3251],[-73.081,41.329],[-73.079,41.3308],[-73.0696,41.3265]]],[[[-73.0954,41.3392],[-73.0911,41.3387],[-73.0882,41.3351],[-73.0797,41.331],[-73.084,41.3262],[-73.082,41.3225],[-73.0826,41.3178],[-73.0815,41.3161],[-73.0821,41.3151],[-73.085,41.3161],[-73.0823,41.3138],[-73.0862,41.3149],[-73.0883,41.3181],[-73.1033,41.3274],[-73.113,41.3314],[-73.116,41.3337],[-73.1163,41.3374],[-73.1179,41.3392],[-73.1173,41.3375],[-73.1191,41.3383],[-73.1179,41.3366],[-73.124,41.3456],[-73.1024,41.3529],[-73.0954,41.3392]]]]}},{"type":"Feature","properties":{"leaid":"0901200","name":"East Haddam School District","kind":"Unified","gradeLow":"PK","gradeHigh":"12","state":"CT"},"geometry":{"type":"MultiPolygon","coordinates":[[[[-72.4482,41.4341],[-72.4511,41.4353],[-72.4525,41.4376],[-72.4518,41.4377],[-72.4482,41.4341]]],[[[-72.4498,41.437],[-72.4519,41.4384],[-72.4542,41.4407],[-72.4515,41.4395],[-72.4498,41.437]]],[[[-72.4597,41.54],[-72.4487,41.5225],[-72.3234,41.5342],[-72.3226,41.5161],[-72.3152,41.4781],[-72.3125,41.4784],[-72.3055,41.4363],[-72.3998,41.4261],[-72.403,41.4248],[-72.4309,41.4237],[-72.4351,41.4283],[-72.4382,41.4305],[-72.442,41.4312],[-72.4487,41.4369],[-72.4458,41.4378],[-72.4416,41.435],[-72.4424,41.4375],[-72.4474,41.4417],[-72.4506,41.4425],[-72.4471,41.4383],[-72.4492,41.4378],[-72.4598,41.4468],[-72.4635,41.4531],[-72.4656,41.4636],[-72.47,41.4702],[-72.47,41.4735],[-72.4717,41.4754],[-72.4705,41.4717],[-72.4764,41.4755],[-72.4746,41.4771],[-72.476,41.479],[-72.4745,41.4804],[-72.4762,41.4862],[-72.4749,41.4894],[-72.4847,41.4909],[-72.4879,41.5001],[-72.4878,41.5022],[-72.4821,41.5118],[-72.4826,41.5184],[-72.4804,41.5192],[-72.4794,41.5218],[-72.4686,41.5311],[-72.4636,41.5335],[-72.4597,41.54]]]]}},{"type":"Feature","properties":{"leaid":"0901230","name":"East Hampton School District","kind":"Unified","gradeLow":"PK","gradeHigh":"12","state":"CT"},"geometry":{"type":"Polygon","coordinates":[[[-72.5054,41.647],[-72.4308,41.5246],[-72.4495,41.5225],[-72.4582,41.5359],[-72.4588,41.5396],[-72.4597,41.54],[-72.4636,41.5335],[-72.4686,41.5311],[-72.4794,41.5218],[-72.4804,41.5195],[-72.5526,41.5114],[-72.5536,41.522],[-72.5491,41.537],[-72.5498,41.5459],[-72.5542,41.5527],[-72.562,41.5561],[-72.5628,41.5584],[-72.5594,41.5627],[-72.5575,41.5784],[-72.543,41.5964],[-72.5408,41.6054],[-72.5445,41.6158],[-72.5293,41.6174],[-72.5442,41.6427],[-72.5054,41.647]]]}},{"type":"Feature","properties":{"leaid":"0901260","name":"East Hartford School District","kind":"Unified","gradeLow":"PK","gradeHigh":"12","state":"CT"},"geometry":{"type":"Polygon","coordinates":[[[-72.5712,41.7338],[-72.6363,41.7249],[-72.6463,41.7276],[-72.6403,41.735],[-72.6421,41.7457],[-72.648,41.7531],[-72.6479,41.7516],[-72.6551,41.7549],[-72.6562,41.757],[-72.6603,41.7594],[-72.6643,41.7656],[-72.6637,41.7695],[-72.6564,41.7759],[-72.6504,41.7776],[-72.6438,41.7858],[-72.6441,41.7978],[-72.5835,41.8006],[-72.5712,41.7338]]]}},{"type":"Feature","properties":{"leaid":"0901290","name":"East Haven School District","kind":"Unified","gradeLow":"PK","gradeHigh":"12","state":"CT"},"geometry":{"type":"Polygon","coordinates":[[[-72.817,41.3639],[-72.8178,41.34],[-72.8238,41.3183],[-72.8365,41.3135],[-72.8413,41.298],[-72.8558,41.2909],[-72.8603,41.2851],[-72.8595,41.2789],[-72.8643,41.2692],[-72.8625,41.2698],[-72.8624,41.2683],[-72.8604,41.2679],[-72.8617,41.2672],[-72.8605,41.2655],[-72.8534,41.2639],[-72.8522,41.2622],[-72.8525,41.2592],[-72.8596,41.2497],[-72.8604,41.2465],[-72.8613,41.2453],[-72.8745,41.2441],[-72.8812,41.2419],[-72.8845,41.2439],[-72.8906,41.2442],[-72.8948,41.2418],[-72.8954,41.2437],[-72.9006,41.2462],[-72.8996,41.2485],[-72.8892,41.251],[-72.8868,41.2539],[-72.8877,41.2857],[-72.8724,41.3088],[-72.8603,41.3366],[-72.828,41.3424],[-72.8271,41.3615],[-72.8228,41.3618],[-72.8225,41.3642],[-72.817,41.3639]]]}},{"type":"Feature","properties":{"leaid":"0901320","name":"East Lyme School District","kind":"Unified","gradeLow":"PK","gradeHigh":"12","state":"CT"},"geometry":{"type":"MultiPolygon","coordinates":[[[[-72.2227,41.2891],[-72.2225,41.2887],[-72.2229,41.289],[-72.2227,41.2891]]],[[[-72.2393,41.2894],[-72.2399,41.2887],[-72.2401,41.2896],[-72.2393,41.2894]]],[[[-72.2229,41.2897],[-72.2232,41.2895],[-72.2232,41.2897],[-72.2229,41.2897]]],[[[-72.2226,41.291],[-72.223,41.2905],[-72.2229,41.2911],[-72.2226,41.291]]],[[[-72.2272,41.2906],[-72.2277,41.2907],[-72.2278,41.2919],[-72.2272,41.2906]]],[[[-72.2222,41.2924],[-72.223,41.2917],[-72.2225,41.2928],[-72.2222,41.2924]]],[[[-72.2446,41.2928],[-72.2453,41.2922],[-72.2452,41.293],[-72.2446,41.2928]]],[[[-72.2255,41.2942],[-72.2231,41.2948],[-72.2246,41.2927],[-72.2255,41.2942]]],[[[-72.2233,41.2986],[-72.223,41.2967],[-72.2233,41.2963],[-72.2242,41.2973],[-72.2233,41.2986]]],[[[-72.2192,41.3019],[-72.218,41.301],[-72.2174,41.2961],[-72.2202,41.2975],[-72.221,41.2961],[-72.2227,41.2984],[-72.2228,41.3001],[-72.2209,41.3001],[-72.2192,41.3019]]],[[[-72.2221,41.3017],[-72.2229,41.3013],[-72.2222,41.3023],[-72.2221,41.3017]]],[[[-72.2214,41.3026],[-72.2219,41.3025],[-72.2215,41.303],[-72.2214,41.3026]]],[[[-72.2198,41.3048],[-72.2182,41.3039],[-72.22,41.3028],[-72.2198,41.3048]]],[[[-72.1762,41.324],[-72.1762,41.324],[-72.1762,41.324],[-72.1762,41.324]]],[[[-72.1926,41.3691],[-72.1926,41.369],[-72.1926,41.3692],[-72.1926,41.3691]]],[[[-72.1916,41.3731],[-72.1929,41.3708],[-72.1934,41.3719],[-72.1978,41.3712],[-72.1931,41.3697],[-72.1948,41.3673],[-72.1909,41.3585],[-72.1901,41.3459],[-72.1889,41.3434],[-72.1861,41.3428],[-72.1852,41.339],[-72.1878,41.3378],[-72.1913,41.3387],[-72.1926,41.3333],[-72.189,41.3335],[-72.1893,41.3374],[-72.1852,41.3371],[-72.1834,41.3311],[-72.1858,41.3291],[-72.1866,41.3253],[-72.177,41.3241],[-72.1776,41.3225],[-72.1841,41.324],[-72.191,41.3232],[-72.1969,41.3201],[-72.1962,41.3187],[-72.2014,41.3157],[-72.203,41.3132],[-72.2022,41.3104],[-72.2045,41.3028],[-72.202,41.2927],[-72.2036,41.2861],[-72.2058,41.2849],[-72.2107,41.2852],[-72.2126,41.291],[-72.2202,41.2934],[-72.219,41.2957],[-72.2164,41.2955],[-72.2173,41.2948],[-72.215,41.2936],[-72.2144,41.2953],[-72.2161,41.2961],[-72.2158,41.2982],[-72.2169,41.2986],[-72.2159,41.2997],[-72.2181,41.3023],[-72.2171,41.3039],[-72.2178,41.3078],[-72.2192,41.3079],[-72.2182,41.3126],[-72.2168,41.3149],[-72.2149,41.3149],[-72.2121,41.3164],[-72.2117,41.3177],[-72.21,41.3168],[-72.2079,41.3187],[-72.2107,41.3189],[-72.2091,41.3181],[-72.2097,41.3172],[-72.212,41.318],[-72.2147,41.3153],[-72.2173,41.3153],[-72.2207,41.3091],[-72.2208,41.3071],[-72.2193,41.3072],[-72.221,41.3036],[-72.2274,41.2982],[-72.2305,41.2982],[-72.2306,41.2953],[-72.2356,41.3008],[-72.2433,41.2998],[-72.2458,41.2978],[-72.2488,41.2994],[-72.253,41.3091],[-72.2548,41.3103],[-72.2567,41.3195],[-72.2583,41.3218],[-72.2564,41.3259],[-72.2745,41.3561],[-72.2767,41.3663],[-72.2822,41.4059],[-72.2766,41.4404],[-72.242,41.4432],[-72.1932,41.3762],[-72.1916,41.3731]]]]}},{"type":"Feature","properties":{"leaid":"0901440","name":"Ellington School District","kind":"Unified","gradeLow":"PK","gradeHigh":"12","state":"CT"},"geometry":{"type":"Polygon","coordinates":[[[-72.3063,41.9407],[-72.3092,41.9335],[-72.3091,41.9315],[-72.307,41.9303],[-72.3077,41.9294],[-72.4313,41.915],[-72.428,41.8746],[-72.4945,41.8663],[-72.4955,41.866],[-72.4968,41.8606],[-72.5183,41.8569],[-72.5133,41.9454],[-72.4067,41.9572],[-72.4072,41.9414],[-72.3063,41.9407]]]}},{"type":"Feature","properties":{"leaid":"0901470","name":"Enfield School District","kind":"Unified","gradeLow":"PK","gradeHigh":"12","state":"CT"},"geometry":{"type":"Polygon","coordinates":[[[-72.5092,42.0344],[-72.4927,41.9475],[-72.6234,41.9343],[-72.6139,41.9435],[-72.6116,41.9608],[-72.607,41.9738],[-72.6036,41.9898],[-72.6075,41.9993],[-72.6049,42.0119],[-72.607,42.0251],[-72.5822,42.0247],[-72.5728,42.0302],[-72.5315,42.0346],[-72.5092,42.0344]]]}},{"type":"Feature","properties":{"leaid":"0901530","name":"Fairfield School District","kind":"Unified","gradeLow":"PK","gradeHigh":"12","state":"CT"},"geometry":{"type":"Polygon","coordinates":[[[-73.2486,41.232],[-73.2191,41.1978],[-73.2204,41.1879],[-73.2178,41.1828],[-73.2196,41.1816],[-73.2193,41.179],[-73.223,41.1765],[-73.2234,41.1743],[-73.2257,41.1737],[-73.2278,41.1692],[-73.225,41.1708],[-73.2246,41.1696],[-73.2238,41.1712],[-73.2223,41.1689],[-73.2289,41.1615],[-73.2372,41.1551],[-73.2361,41.1524],[-73.2337,41.1521],[-73.2329,41.1476],[-73.2406,41.135],[-73.2424,41.1278],[-73.2525,41.1249],[-73.2624,41.1175],[-73.2713,41.1203],[-73.2738,41.12],[-73.2767,41.1216],[-73.2785,41.1252],[-73.2861,41.1274],[-73.2829,41.1316],[-73.2771,41.1333],[-73.2737,41.1389],[-73.2744,41.1396],[-73.2773,41.1357],[-73.2846,41.1318],[-73.2846,41.1299],[-73.2868,41.1279],[-73.2986,41.1247],[-73.2971,41.1264],[-73.2974,41.1316],[-73.2961,41.1337],[-73.299,41.1407],[-73.2981,41.1437],[-73.2999,41.1455],[-73.3035,41.146],[-73.3043,41.149],[-73.306,41.1495],[-73.3048,41.1524],[-73.3074,41.1523],[-73.309,41.1545],[-73.3385,41.1945],[-73.3377,41.1968],[-73.3335,41.1988],[-73.3325,41.205],[-73.3289,41.21],[-73.3304,41.211],[-73.329,41.2134],[-73.3019,41.2127],[-73.2908,41.2201],[-73.2883,41.2239],[-73.2843,41.2253],[-73.2796,41.2316],[-73.2633,41.2125],[-73.2621,41.2129],[-73.26,41.2165],[-73.2566,41.2193],[-73.2514,41.2305],[-73.2486,41.232]]]}},{"type":"Feature","properties":{"leaid":"0901560","name":"Farmington School District","kind":"Unified","gradeLow":"PK","gradeHigh":"12","state":"CT"},"geometry":{"type":"Polygon","coordinates":[[[-72.7967,41.7588],[-72.795,41.7475],[-72.7822,41.7482],[-72.7791,41.7302],[-72.7689,41.7396],[-72.7688,41.7376],[-72.7625,41.7377],[-72.762,41.7158],[-72.783,41.7128],[-72.8101,41.6918],[-72.8111,41.6922],[-72.8154,41.6878],[-72.8778,41.6981],[-72.8929,41.6967],[-72.9042,41.7502],[-72.9085,41.776],[-72.9022,41.7751],[-72.9012,41.7687],[-72.8952,41.7647],[-72.8811,41.7655],[-72.8201,41.7579],[-72.7967,41.7588]]]}},{"type":"Feature","properties":{"leaid":"0901620","name":"Glastonbury School District","kind":"Unified","gradeLow":"PK","gradeHigh":"12","state":"CT"},"geometry":{"type":"Polygon","coordinates":[[[-72.4639,41.7456],[-72.4522,41.6888],[-72.4768,41.6861],[-72.4827,41.6813],[-72.4773,41.6688],[-72.4973,41.6624],[-72.5054,41.647],[-72.6286,41.6334],[-72.6219,41.6495],[-72.6208,41.6498],[-72.622,41.65],[-72.6272,41.6659],[-72.6244,41.6683],[-72.6098,41.6723],[-72.6075,41.6761],[-72.6083,41.6815],[-72.6118,41.6869],[-72.6182,41.6898],[-72.631,41.6901],[-72.6356,41.6933],[-72.6343,41.6969],[-72.6297,41.6994],[-72.6168,41.7031],[-72.6147,41.7079],[-72.6216,41.7137],[-72.64,41.7154],[-72.6473,41.7233],[-72.5677,41.7343],[-72.4639,41.7456]]]}},{"type":"Feature","properties":{"leaid":"0901740","name":"Griswold School District","kind":"Unified","gradeLow":"PK","gradeHigh":"12","state":"CT"},"geometry":{"type":"Polygon","coordinates":[[[-71.8634,41.5149],[-71.9029,41.5203],[-71.9546,41.5665],[-71.9892,41.5656],[-71.988,41.5721],[-71.9895,41.5769],[-71.9888,41.5802],[-71.9845,41.585],[-71.987,41.5883],[-71.9848,41.5923],[-71.9846,41.5979],[-71.9878,41.6032],[-71.9909,41.604],[-71.9915,41.6055],[-71.9844,41.6101],[-71.9829,41.6185],[-71.979,41.6241],[-71.979,41.6314],[-71.9753,41.6381],[-71.9519,41.6343],[-71.8844,41.6412],[-71.8832,41.6251],[-71.8634,41.5149]]]}},{"type":"Feature","properties":{"leaid":"0901770","name":"Groton School District","kind":"Unified","gradeLow":"PK","gradeHigh":"12","state":"CT"},"geometry":{"type":"MultiPolygon","coordinates":[[[[-71.9913,41.3147],[-71.9923,41.3138],[-71.9924,41.3155],[-71.9913,41.3147]]],[[[-71.9722,41.3417],[-71.9726,41.3412],[-71.9724,41.3417],[-71.9722,41.3417]]],[[[-72.0932,41.4003],[-71.9587,41.3979],[-71.9609,41.3931],[-71.9606,41.3901],[-71.9586,41.3881],[-71.9612,41.3868],[-71.9642,41.3826],[-71.9635,41.3791],[-71.9673,41.3697],[-71.9671,41.3581],[-71.9711,41.3514],[-71.9702,41.3491],[-71.9748,41.3468],[-71.9751,41.3448],[-71.9736,41.344],[-71.977,41.3408],[-71.9778,41.3435],[-71.9791,41.3416],[-71.9811,41.3414],[-71.9811,41.3405],[-71.9792,41.3413],[-71.9786,41.3404],[-71.9815,41.3348],[-71.9798,41.3372],[-71.9778,41.3348],[-71.9804,41.3334],[-71.9773,41.3333],[-71.9831,41.3327],[-71.9849,41.331],[-71.9852,41.3279],[-71.984,41.3256],[-71.9886,41.3201],[-71.9882,41.3191],[-71.9893,41.3195],[-71.9896,41.3162],[-71.9917,41.3211],[-71.9914,41.3242],[-71.9925,41.3245],[-71.9953,41.3205],[-71.9982,41.3215],[-71.9992,41.3206],[-71.9988,41.3176],[-72.0034,41.3281],[-72.0033,41.3319],[-72.004,41.3303],[-72.0049,41.3312],[-72.0051,41.3273],[-72.0069,41.3269],[-72.0072,41.3255],[-72.0056,41.3246],[-72.0044,41.3254],[-72.0025,41.3234],[-72.0039,41.3219],[-72.0023,41.3203],[-72.0044,41.3144],[-72.0042,41.3072],[-72.005,41.3062],[-72.0088,41.3078],[-72.0108,41.3066],[-72.0107,41.3104],[-72.0153,41.3139],[-72.0174,41.3133],[-72.0179,41.3146],[-72.0137,41.3143],[-72.0102,41.3117],[-72.0104,41.3128],[-72.0143,41.3154],[-72.0191,41.315],[-72.0146,41.3166],[-72.0137,41.3157],[-72.0103,41.3149],[-72.0084,41.315],[-72.0105,41.315],[-72.0115,41.3168],[-72.0116,41.3156],[-72.0136,41.316],[-72.0144,41.3173],[-72.0113,41.3225],[-72.0135,41.3199],[-72.0183,41.3285],[-72.0188,41.3271],[-72.0214,41.3271],[-72.0211,41.333],[-72.0244,41.3343],[-72.0248,41.3334],[-72.0229,41.3321],[-72.0238,41.3293],[-72.0231,41.3244],[-72.0213,41.3234],[-72.0217,41.3205],[-72.0206,41.3211],[-72.0207,41.3197],[-72.0279,41.3161],[-72.0296,41.3123],[-72.0346,41.3131],[-72.0427,41.3185],[-72.0487,41.319],[-72.0544,41.3158],[-72.0503,41.319],[-72.0474,41.3195],[-72.0416,41.3186],[-72.0414,41.3214],[-72.0372,41.3267],[-72.0381,41.3229],[-72.0361,41.3224],[-72.0359,41.3266],[-72.0341,41.3284],[-72.0327,41.3343],[-72.0353,41.3352],[-72.0341,41.3356],[-72.0335,41.3395],[-72.0379,41.3466],[-72.0359,41.3387],[-72.0372,41.3351],[-72.0359,41.335],[-72.0373,41.3343],[-72.0359,41.3329],[-72.0376,41.3312],[-72.0355,41.3297],[-72.0418,41.3288],[-72.0415,41.3258],[-72.0442,41.3223],[-72.0452,41.3245],[-72.0454,41.3224],[-72.0497,41.3204],[-72.0491,41.3214],[-72.0501,41.3222],[-72.0477,41.3246],[-72.0494,41.3231],[-72.0538,41.3224],[-72.0539,41.3254],[-72.0522,41.3267],[-72.0568,41.3296],[-72.0538,41.3338],[-72.0578,41.3308],[-72.0604,41.3409],[-72.059,41.3308],[-72.0552,41.3266],[-72.0584,41.3272],[-72.0557,41.3256],[-72.0552,41.3178],[-72.0577,41.3209],[-72.0612,41.3184],[-72.0633,41.3191],[-72.0611,41.3165],[-72.0632,41.3152],[-72.0665,41.3159],[-72.0678,41.3196],[-72.075,41.3188],[-72.0766,41.3192],[-72.0765,41.3203],[-72.0739,41.3211],[-72.0774,41.3231],[-72.0761,41.3242],[-72.0787,41.3268],[-72.0803,41.3318],[-72.0803,41.3344],[-72.0792,41.3351],[-72.0817,41.3387],[-72.0819,41.3417],[-72.0832,41.3417],[-72.0823,41.3432],[-72.0831,41.3476],[-72.0818,41.3499],[-72.0852,41.3582],[-72.0847,41.3629],[-72.0834,41.3631],[-72.0853,41.3632],[-72.0833,41.3674],[-72.0849,41.3685],[-72.0885,41.3778],[-72.0874,41.385],[-72.0929,41.3966],[-72.0932,41.4003]]]]}},{"type":"Feature","properties":{"leaid":"0901800","name":"Guilford School District","kind":"Unified","gradeLow":"PK","gradeHigh":"12","state":"CT"},"geometry":{"type":"MultiPolygon","coordinates":[[[[-72.7338,41.2543],[-72.7344,41.2532],[-72.7349,41.2537],[-72.7338,41.2543]]],[[[-72.7079,41.2555],[-72.7088,41.2561],[-72.707,41.2565],[-72.7079,41.2555]]],[[[-72.7122,41.2559],[-72.7138,41.2559],[-72.7121,41.2566],[-72.7122,41.2559]]],[[[-72.729,41.2562],[-72.7301,41.2558],[-72.7294,41.2569],[-72.729,41.2562]]],[[[-72.6543,41.2713],[-72.6543,41.2712],[-72.6543,41.2713],[-72.6543,41.2713]]],[[[-72.6625,41.2713],[-72.6563,41.2694],[-72.6549,41.2665],[-72.6546,41.2661],[-72.6545,41.2657],[-72.6584,41.265],[-72.6643,41.2703],[-72.6625,41.2713]]],[[[-72.6492,41.2796],[-72.6492,41.2796],[-72.6492,41.2796],[-72.6492,41.2796]]],[[[-72.6444,41.2809],[-72.6449,41.2807],[-72.6444,41.2809],[-72.6444,41.2809]]],[[[-72.6472,41.2864],[-72.6472,41.2863],[-72.6472,41.2864],[-72.6472,41.2864]]],[[[-72.646,41.2872],[-72.6464,41.2867],[-72.6461,41.2875],[-72.646,41.2872]]],[[[-72.6471,41.29],[-72.6467,41.2896],[-72.6478,41.2896],[-72.6471,41.29]]],[[[-72.645,41.2895],[-72.6452,41.2893],[-72.6448,41.2904],[-72.645,41.2895]]],[[[-72.6787,41.4338],[-72.6797,41.3798],[-72.6782,41.3719],[-72.6786,41.3601],[-72.675,41.3486],[-72.6653,41.3354],[-72.6584,41.3303],[-72.6555,41.3313],[-72.6505,41.3284],[-72.6504,41.3266],[-72.6451,41.324],[-72.6453,41.323],[-72.6424,41.3226],[-72.642,41.3203],[-72.6364,41.3164],[-72.6357,41.313],[-72.6317,41.3093],[-72.634,41.3039],[-72.6333,41.2994],[-72.6443,41.291],[-72.6443,41.2925],[-72.6478,41.2933],[-72.6465,41.2941],[-72.6465,41.2954],[-72.6516,41.2957],[-72.653,41.2972],[-72.6554,41.2981],[-72.6553,41.2997],[-72.6586,41.303],[-72.6668,41.3082],[-72.6685,41.3076],[-72.6725,41.311],[-72.6692,41.3076],[-72.6684,41.3073],[-72.6669,41.308],[-72.6588,41.3026],[-72.6556,41.2996],[-72.6556,41.2979],[-72.6527,41.2959],[-72.6516,41.2953],[-72.6471,41.2953],[-72.6482,41.293],[-72.6446,41.2922],[-72.6459,41.2894],[-72.6471,41.2905],[-72.6491,41.2892],[-72.6465,41.2877],[-72.6479,41.2878],[-72.6468,41.2871],[-72.6479,41.2862],[-72.6448,41.2812],[-72.6496,41.2797],[-72.6484,41.2759],[-72.6497,41.2747],[-72.6545,41.2742],[-72.6547,41.2714],[-72.6561,41.2702],[-72.6615,41.2717],[-72.6654,41.2711],[-72.6661,41.2725],[-72.6641,41.2733],[-72.6635,41.2741],[-72.6656,41.2735],[-72.6666,41.2721],[-72.6655,41.2706],[-72.6683,41.2677],[-72.6675,41.2661],[-72.669,41.2655],[-72.6717,41.2672],[-72.6746,41.2661],[-72.6847,41.2738],[-72.6741,41.2641],[-72.6771,41.2642],[-72.6788,41.2612],[-72.6766,41.258],[-72.6773,41.2546],[-72.684,41.2582],[-72.6857,41.2515],[-72.6902,41.2469],[-72.6925,41.2473],[-72.6947,41.245],[-72.6974,41.2459],[-72.6957,41.247],[-72.697,41.2479],[-72.7007,41.2475],[-72.7063,41.2437],[-72.7066,41.245],[-72.7085,41.2442],[-72.7108,41.2457],[-72.7046,41.2457],[-72.7039,41.2464],[-72.7071,41.2465],[-72.7052,41.2478],[-72.7053,41.2493],[-72.7116,41.2469],[-72.7135,41.2472],[-72.7142,41.2488],[-72.7084,41.2513],[-72.7029,41.2559],[-72.7047,41.2577],[-72.7042,41.2587],[-72.7064,41.26],[-72.7105,41.2577],[-72.7184,41.2558],[-72.7195,41.2563],[-72.7151,41.26],[-72.7149,41.2612],[-72.717,41.2628],[-72.7247,41.258],[-72.7254,41.2584],[-72.7236,41.2607],[-72.725,41.2601],[-72.7267,41.2612],[-72.7264,41.2576],[-72.7285,41.2569],[-72.7279,41.2576],[-72.7284,41.2593],[-72.7289,41.2581],[-72.7307,41.2591],[-72.7311,41.2558],[-72.733,41.2547],[-72.7344,41.2546],[-72.7324,41.2563],[-72.7363,41.2563],[-72.7375,41.2574],[-72.7337,41.2591],[-72.7337,41.2598],[-72.7344,41.26],[-72.7364,41.259],[-72.7358,41.2615],[-72.737,41.2611],[-72.7345,41.2628],[-72.7319,41.2627],[-72.7323,41.2656],[-72.728,41.268],[-72.7358,41.2841],[-72.7381,41.2863],[-72.7467,41.308],[-72.7414,41.3237],[-72.7468,41.3826],[-72.7493,41.3981],[-72.746,41.3969],[-72.7427,41.403],[-72.7282,41.4176],[-72.7234,41.4191],[-72.7206,41.4274],[-72.6787,41.4338]]]]}},{"type":"Feature","properties":{"leaid":"0901860","name":"Hamden School District","kind":"Unified","gradeLow":"PK","gradeHigh":"12","state":"CT"},"geometry":{"type":"MultiPolygon","coordinates":[[[[-72.8788,41.3446],[-72.8788,41.3446],[-72.8788,41.3446],[-72.8788,41.3446]]],[[[-72.8816,41.3458],[-72.88,41.3435],[-72.8825,41.3442],[-72.8816,41.3458]]],[[[-72.8611,41.4266],[-72.8742,41.4263],[-72.8832,41.4233],[-72.8846,41.4114],[-72.8864,41.4113],[-72.8853,41.3996],[-72.887,41.3933],[-72.8909,41.3932],[-72.8956,41.3836],[-72.9038,41.3781],[-72.908,41.3665],[-72.8821,41.361],[-72.8847,41.3546],[-72.8829,41.3531],[-72.8763,41.3529],[-72.8736,41.3492],[-72.877,41.347],[-72.8803,41.3482],[-72.883,41.3442],[-72.888,41.3405],[-72.8897,41.3318],[-72.8934,41.3299],[-72.8919,41.3284],[-72.9025,41.3272],[-72.9132,41.3336],[-72.954,41.3374],[-72.9572,41.3402],[-72.9514,41.3439],[-72.9515,41.3471],[-72.9539,41.3474],[-72.9528,41.3491],[-72.9547,41.3502],[-72.9613,41.349],[-72.9621,41.3463],[-72.9642,41.3464],[-72.9645,41.3438],[-72.9678,41.3479],[-72.9732,41.3475],[-72.9754,41.3599],[-72.9741,41.3653],[-72.9673,41.3777],[-72.9611,41.3879],[-72.9536,41.3955],[-72.9535,41.3997],[-72.9447,41.4062],[-72.9389,41.4086],[-72.9402,41.4112],[-72.9526,41.4194],[-72.9507,41.4278],[-72.9616,41.4324],[-72.9635,41.4375],[-72.9632,41.4394],[-72.9579,41.4452],[-72.9571,41.4501],[-72.949,41.4558],[-72.9474,41.4601],[-72.948,41.4641],[-72.9169,41.4597],[-72.8514,41.4344],[-72.8544,41.4308],[-72.8585,41.4294],[-72.8611,41.4266]]]]}},{"type":"Feature","properties":{"leaid":"0901920","name":"Hartford School District","kind":"Unified","gradeLow":"PK","gradeHigh":"12","state":"CT"},"geometry":{"type":"Polygon","coordinates":[[[-72.6861,41.8029],[-72.6587,41.8073],[-72.6584,41.8057],[-72.6627,41.8056],[-72.6629,41.8015],[-72.6608,41.8014],[-72.6557,41.806],[-72.6456,41.8058],[-72.6457,41.8048],[-72.6481,41.8051],[-72.6481,41.7865],[-72.6587,41.7776],[-72.6669,41.7727],[-72.666,41.7655],[-72.6675,41.7648],[-72.6624,41.758],[-72.657,41.7536],[-72.6508,41.751],[-72.6529,41.7514],[-72.6469,41.7466],[-72.6439,41.7355],[-72.6493,41.7283],[-72.6556,41.7299],[-72.7146,41.7236],[-72.7148,41.7564],[-72.7165,41.7708],[-72.7139,41.7774],[-72.7182,41.8066],[-72.6914,41.8076],[-72.6901,41.8008],[-72.686,41.8002],[-72.6861,41.8029]]]}},{"type":"Feature","properties":{"leaid":"0902070","name":"Killingly School District","kind":"Unified","gradeLow":"PK","gradeHigh":"12","state":"CT"},"geometry":{"type":"Polygon","coordinates":[[[-71.7968,41.9044],[-71.7913,41.7745],[-71.9172,41.7597],[-71.9135,41.766],[-71.9063,41.7721],[-71.9058,41.7765],[-71.9037,41.7802],[-71.889,41.7849],[-71.8901,41.7932],[-71.8861,41.7956],[-71.8857,41.797],[-71.8872,41.8018],[-71.899,41.8075],[-71.8989,41.8088],[-71.8957,41.8096],[-71.8948,41.8113],[-71.8996,41.8165],[-71.9118,41.8148],[-71.9144,41.8157],[-71.9081,41.8177],[-71.9069,41.8211],[-71.9077,41.8253],[-71.9051,41.828],[-71.9043,41.8313],[-71.9081,41.8334],[-71.9109,41.8383],[-71.9143,41.8407],[-71.9161,41.8449],[-71.9191,41.8461],[-71.921,41.8495],[-71.9258,41.8496],[-71.9273,41.8508],[-71.9262,41.8564],[-71.9231,41.8597],[-71.923,41.8628],[-71.9182,41.8686],[-71.9158,41.87],[-71.9096,41.8696],[-71.9088,41.8724],[-71.9056,41.8732],[-71.9038,41.8767],[-71.8983,41.8806],[-71.7968,41.9044]]]}},{"type":"Feature","properties":{"leaid":"0902130","name":"Lebanon School District","kind":"Unified","gradeLow":"PK","gradeHigh":"12","state":"CT"},"geometry":{"type":"Polygon","coordinates":[[[-72.2396,41.7142],[-72.1867,41.6763],[-72.1575,41.6576],[-72.1981,41.5835],[-72.2191,41.5388],[-72.2474,41.5604],[-72.262,41.574],[-72.3095,41.6115],[-72.3131,41.6095],[-72.3244,41.6184],[-72.3342,41.6436],[-72.3036,41.654],[-72.2787,41.672],[-72.2684,41.6711],[-72.2661,41.6773],[-72.2674,41.6782],[-72.2694,41.6857],[-72.2748,41.6906],[-72.2743,41.6926],[-72.2701,41.6913],[-72.2682,41.6928],[-72.2665,41.6907],[-72.2639,41.6918],[-72.2613,41.6953],[-72.2607,41.6986],[-72.2584,41.6984],[-72.2554,41.7005],[-72.2502,41.6993],[-72.2512,41.7033],[-72.246,41.7037],[-72.244,41.7057],[-72.2478,41.708],[-72.2433,41.7121],[-72.245,41.7139],[-72.2429,41.7141],[-72.2427,41.7131],[-72.2396,41.7142]]]}},{"type":"Feature","properties":{"leaid":"0902160","name":"Ledyard School District","kind":"Unified","gradeLow":"PK","gradeHigh":"12","state":"CT"},"geometry":{"type":"Polygon","coordinates":[[[-71.9426,41.435],[-71.9432,41.4291],[-71.9508,41.4245],[-71.9569,41.4138],[-71.9628,41.4114],[-71.9637,41.407],[-71.962,41.4012],[-71.963,41.4001],[-71.9613,41.3979],[-72.0932,41.4003],[-72.0939,41.4036],[-72.0943,41.4083],[-72.0906,41.4128],[-72.0856,41.4105],[-72.0831,41.4109],[-72.0878,41.4126],[-72.0868,41.4139],[-72.0878,41.4162],[-72.0905,41.4131],[-72.0886,41.4165],[-72.0892,41.4209],[-72.0914,41.4227],[-72.0913,41.4263],[-72.0942,41.4306],[-72.0911,41.4321],[-72.091,41.4356],[-72.0874,41.4386],[-72.0882,41.4392],[-72.0841,41.4474],[-72.0736,41.4563],[-72.07,41.4636],[-72.0649,41.4657],[-72.0581,41.4736],[-72.0587,41.4783],[-72.0571,41.4817],[-72.0551,41.4836],[-72.0501,41.4849],[-72.0409,41.4847],[-72.0397,41.4829],[-72.0338,41.4848],[-72.0236,41.4831],[-71.9566,41.4874],[-71.9474,41.4582],[-71.9494,41.4492],[-71.9471,41.4464],[-71.9458,41.4417],[-71.9429,41.4414],[-71.9424,41.44],[-71.9437,41.4375],[-71.9426,41.435]]]}},{"type":"Feature","properties":{"leaid":"0902280","name":"Madison School District","kind":"Unified","gradeLow":"PK","gradeHigh":"12","state":"CT"},"geometry":{"type":"MultiPolygon","coordinates":[[[[-72.5465,41.2688],[-72.5468,41.2687],[-72.5466,41.2695],[-72.5465,41.2688]]],[[[-72.5443,41.2737],[-72.5444,41.2737],[-72.5444,41.2737],[-72.5443,41.2737]]],[[[-72.5461,41.2804],[-72.546,41.2803],[-72.5463,41.2805],[-72.5461,41.2804]]],[[[-72.6468,41.2811],[-72.6468,41.2811],[-72.6469,41.2811],[-72.6468,41.2811]]],[[[-72.5593,41.2849],[-72.5587,41.2845],[-72.5594,41.2849],[-72.5593,41.2849]]],[[[-72.5601,41.2862],[-72.5601,41.2862],[-72.5601,41.2862],[-72.5601,41.2862]]],[[[-72.5641,41.289],[-72.5639,41.2887],[-72.5639,41.2887],[-72.5641,41.289]]],[[[-72.6471,41.2898],[-72.6465,41.2877],[-72.6491,41.2892],[-72.6471,41.2898]]],[[[-72.5656,41.2924],[-72.5653,41.2915],[-72.5663,41.2927],[-72.5656,41.2924]]],[[[-72.5676,41.2942],[-72.5673,41.2935],[-72.5678,41.2942],[-72.5676,41.2942]]],[[[-72.5688,41.2944],[-72.5687,41.2944],[-72.5688,41.2944],[-72.5688,41.2944]]],[[[-72.5716,41.2975],[-72.5705,41.2969],[-72.5716,41.2975],[-72.5716,41.2975]]],[[[-72.5707,41.298],[-72.5708,41.2979],[-72.5709,41.2981],[-72.5707,41.298]]],[[[-72.5745,41.3],[-72.5745,41.3],[-72.5746,41.3],[-72.5745,41.3]]],[[[-72.5756,41.3007],[-72.5754,41.3006],[-72.5759,41.3009],[-72.5756,41.3007]]],[[[-72.5799,41.304],[-72.5798,41.304],[-72.5801,41.304],[-72.5799,41.304]]],[[[-72.5818,41.304],[-72.5818,41.304],[-72.5818,41.304],[-72.5818,41.304]]],[[[-72.5813,41.3055],[-72.5811,41.3049],[-72.5816,41.3057],[-72.5813,41.3055]]],[[[-72.5835,41.3065],[-72.5844,41.3065],[-72.5854,41.3073],[-72.5846,41.3069],[-72.5835,41.3065]]],[[[-72.5856,41.3097],[-72.5856,41.3097],[-72.5856,41.3097],[-72.5856,41.3097]]],[[[-72.5858,41.3101],[-72.5858,41.31],[-72.586,41.3102],[-72.5858,41.3101]]],[[[-72.5869,41.311],[-72.5867,41.3109],[-72.5873,41.3112],[-72.5869,41.311]]],[[[-72.6525,41.4346],[-72.6486,41.4354],[-72.6496,41.431],[-72.6461,41.4311],[-72.6423,41.4292],[-72.6488,41.422],[-72.6505,41.4191],[-72.6494,41.4175],[-72.6383,41.4125],[-72.632,41.4121],[-72.6327,41.4095],[-72.6304,41.4068],[-72.6303,41.4027],[-72.6253,41.3995],[-72.6259,41.3972],[-72.6225,41.3936],[-72.6181,41.3917],[-72.6123,41.3862],[-72.6138,41.3844],[-72.614,41.3808],[-72.6088,41.3735],[-72.6081,41.3674],[-72.6106,41.3668],[-72.6093,41.3654],[-72.6097,41.3634],[-72.6122,41.3627],[-72.6126,41.3605],[-72.6127,41.3538],[-72.6115,41.3519],[-72.6129,41.3504],[-72.6111,41.3445],[-72.6144,41.3373],[-72.6143,41.3296],[-72.6121,41.3292],[-72.6115,41.3275],[-72.606,41.3278],[-72.6008,41.3258],[-72.5967,41.3284],[-72.5915,41.3227],[-72.5859,41.324],[-72.5851,41.3189],[-72.5896,41.3155],[-72.5846,41.3132],[-72.589,41.3115],[-72.5861,41.3097],[-72.5862,41.3074],[-72.5849,41.3065],[-72.5819,41.3055],[-72.5821,41.3037],[-72.5793,41.3036],[-72.5765,41.3009],[-72.5712,41.2979],[-72.5721,41.2974],[-72.5704,41.2965],[-72.5701,41.2942],[-72.5661,41.2923],[-72.5642,41.2882],[-72.5615,41.2875],[-72.5563,41.2808],[-72.5512,41.2802],[-72.5489,41.2815],[-72.5465,41.2802],[-72.5483,41.2772],[-72.5452,41.2749],[-72.5451,41.2735],[-72.5475,41.2714],[-72.5476,41.2683],[-72.5491,41.2685],[-72.5469,41.2673],[-72.5486,41.263],[-72.5463,41.26],[-72.5361,41.2547],[-72.538,41.2522],[-72.5413,41.2521],[-72.54,41.2515],[-72.538,41.252],[-72.5364,41.2529],[-72.5384,41.2503],[-72.5446,41.2487],[-72.5685,41.2668],[-72.5783,41.2713],[-72.5828,41.272],[-72.5982,41.2689],[-72.6043,41.2711],[-72.609,41.2699],[-72.6151,41.2721],[-72.6222,41.2718],[-72.6304,41.2701],[-72.6317,41.2679],[-72.6496,41.2653],[-72.651,41.2663],[-72.6545,41.2657],[-72.6563,41.2694],[-72.6528,41.2673],[-72.6487,41.2672],[-72.6487,41.2682],[-72.6529,41.2677],[-72.6559,41.2697],[-72.6543,41.2706],[-72.6541,41.2739],[-72.6494,41.2744],[-72.6477,41.2761],[-72.6492,41.2796],[-72.6443,41.281],[-72.6472,41.2863],[-72.6439,41.2916],[-72.6333,41.2994],[-72.634,41.3039],[-72.6317,41.3093],[-72.6357,41.313],[-72.6364,41.3164],[-72.642,41.3203],[-72.6424,41.3226],[-72.6453,41.323],[-72.6451,41.324],[-72.6504,41.3266],[-72.6505,41.3284],[-72.6555,41.3313],[-72.6584,41.3303],[-72.6653,41.3354],[-72.675,41.3486],[-72.6786,41.3601],[-72.6782,41.3719],[-72.6797,41.3798],[-72.6787,41.4338],[-72.6542,41.4383],[-72.6546,41.4363],[-72.6525,41.4346]]]]}},{"type":"Feature","properties":{"leaid":"0902310","name":"Manchester School District","kind":"Unified","gradeLow":"PK","gradeHigh":"12","state":"CT"},"geometry":{"type":"Polygon","coordinates":[[[-72.476,41.813],[-72.4639,41.7456],[-72.5712,41.7338],[-72.5835,41.8006],[-72.5054,41.8203],[-72.5075,41.8097],[-72.476,41.813]]]}},{"type":"Feature","properties":{"leaid":"0902400","name":"Meriden School District","kind":"Unified","gradeLow":"PK","gradeHigh":"12","state":"CT"},"geometry":{"type":"Polygon","coordinates":[[[-72.7522,41.5789],[-72.7448,41.4982],[-72.7726,41.4967],[-72.7961,41.5048],[-72.8514,41.516],[-72.8538,41.5222],[-72.8531,41.5249],[-72.8612,41.5281],[-72.858,41.5345],[-72.8536,41.5335],[-72.8517,41.5403],[-72.8531,41.5464],[-72.8443,41.5447],[-72.8485,41.5673],[-72.8276,41.571],[-72.8296,41.5624],[-72.8257,41.5643],[-72.8261,41.5559],[-72.8191,41.5543],[-72.8102,41.5624],[-72.8092,41.562],[-72.8012,41.5731],[-72.7522,41.5789]]]}},{"type":"Feature","properties":{"leaid":"0902490","name":"Middletown School District","kind":"Unified","gradeLow":"PK","gradeHigh":"12","state":"CT"},"geometry":{"type":"MultiPolygon","coordinates":[[[[-72.565,41.5534],[-72.5612,41.5531],[-72.5569,41.5506],[-72.565,41.5534]]],[[[-72.6484,41.5694],[-72.6504,41.5737],[-72.6488,41.5752],[-72.6487,41.5732],[-72.6484,41.5694]]],[[[-72.7127,41.6025],[-72.7089,41.6039],[-72.708,41.6026],[-72.7053,41.6033],[-72.6965,41.6003],[-72.6937,41.6016],[-72.6892,41.6008],[-72.6841,41.6019],[-72.681,41.6005],[-72.6795,41.5971],[-72.6752,41.5998],[-72.6728,41.5989],[-72.6718,41.5976],[-72.6732,41.5947],[-72.6704,41.5917],[-72.6673,41.5914],[-72.6673,41.5892],[-72.6654,41.5871],[-72.6679,41.5862],[-72.6681,41.5835],[-72.6611,41.5803],[-72.6609,41.579],[-72.6553,41.5776],[-72.6561,41.5734],[-72.654,41.5723],[-72.6511,41.5734],[-72.6494,41.5668],[-72.6431,41.5586],[-72.6382,41.5582],[-72.6334,41.56],[-72.6206,41.5586],[-72.6085,41.5616],[-72.5959,41.5573],[-72.5816,41.5566],[-72.556,41.5495],[-72.5532,41.542],[-72.5549,41.5325],[-72.558,41.5263],[-72.5591,41.518],[-72.5569,41.5109],[-72.6776,41.4948],[-72.6803,41.5162],[-72.6813,41.5169],[-72.6821,41.5297],[-72.6881,41.537],[-72.6946,41.5495],[-72.7112,41.5477],[-72.7117,41.5487],[-72.7229,41.548],[-72.7336,41.5462],[-72.7349,41.5443],[-72.7489,41.5443],[-72.7529,41.5925],[-72.7317,41.5958],[-72.7299,41.6015],[-72.727,41.6024],[-72.7145,41.6043],[-72.7127,41.6025]]]]}},{"type":"Feature","properties":{"leaid":"0902520","name":"Milford School District","kind":"Unified","gradeLow":"PK","gradeHigh":"12","state":"CT"},"geometry":{"type":"MultiPolygon","coordinates":[[[[-73.112,41.1745],[-73.1129,41.1744],[-73.113,41.1754],[-73.1126,41.1754],[-73.112,41.1745]]],[[[-73.1133,41.1766],[-73.1132,41.176],[-73.1139,41.1767],[-73.1133,41.1766]]],[[[-73.1132,41.1747],[-73.1159,41.1755],[-73.1185,41.1774],[-73.1169,41.1779],[-73.1132,41.1747]]],[[[-73.1119,41.1862],[-73.1118,41.1852],[-73.1127,41.1867],[-73.1119,41.1862]]],[[[-73.1174,41.1782],[-73.1189,41.1776],[-73.1204,41.1795],[-73.1207,41.1828],[-73.1197,41.1878],[-73.1151,41.1897],[-73.1122,41.1851],[-73.1123,41.1831],[-73.1171,41.1799],[-73.1174,41.1782]]],[[[-73.098,41.2402],[-73.1029,41.2351],[-73.1063,41.2332],[-73.1038,41.2377],[-73.098,41.2402]]],[[[-73.0858,41.2602],[-73.0863,41.2583],[-73.0862,41.2615],[-73.0858,41.2602]]],[[[-73.0858,41.2762],[-73.0441,41.2568],[-73.0303,41.2528],[-72.9921,41.2449],[-72.9933,41.2447],[-72.9946,41.2417],[-72.9922,41.2393],[-72.9932,41.2373],[-72.9924,41.2367],[-72.9934,41.2365],[-72.9928,41.2343],[-72.9869,41.2355],[-72.9862,41.2335],[-72.9921,41.2233],[-73.0022,41.2228],[-73.0037,41.2217],[-73.0081,41.2102],[-73.0162,41.2043],[-73.0202,41.2042],[-73.0204,41.2065],[-73.0222,41.2072],[-73.0296,41.2075],[-73.0359,41.2052],[-73.0382,41.2019],[-73.0453,41.2095],[-73.0482,41.2102],[-73.0451,41.2108],[-73.0385,41.2171],[-73.037,41.2171],[-73.034,41.2231],[-73.035,41.2232],[-73.0349,41.2245],[-73.0393,41.2183],[-73.0442,41.2182],[-73.0435,41.2149],[-73.046,41.2149],[-73.0468,41.211],[-73.0529,41.2142],[-73.0533,41.2188],[-73.0554,41.2221],[-73.0545,41.2187],[-73.0558,41.2186],[-73.0564,41.2157],[-73.0548,41.2138],[-73.0571,41.2133],[-73.0546,41.2136],[-73.0496,41.2116],[-73.0493,41.2105],[-73.0593,41.2067],[-73.0665,41.1976],[-73.0738,41.1967],[-73.0823,41.1927],[-73.0892,41.1872],[-73.1005,41.1746],[-73.1055,41.1722],[-73.1113,41.1725],[-73.1113,41.1734],[-73.1088,41.1724],[-73.1048,41.1754],[-73.1067,41.1752],[-73.1057,41.1786],[-73.1067,41.1769],[-73.1074,41.1779],[-73.1074,41.1758],[-73.1113,41.1745],[-73.1132,41.1767],[-73.1167,41.1781],[-73.1168,41.1797],[-73.1121,41.183],[-73.1113,41.1853],[-73.1086,41.1843],[-73.1063,41.1814],[-73.1082,41.1845],[-73.113,41.1873],[-73.1142,41.19],[-73.1129,41.1912],[-73.1029,41.1884],[-73.1035,41.1855],[-73.0998,41.1824],[-73.1026,41.1865],[-73.1027,41.1887],[-73.1067,41.1899],[-73.1057,41.191],[-73.1079,41.1899],[-73.1124,41.1916],[-73.1111,41.192],[-73.1107,41.1982],[-73.1075,41.2016],[-73.1095,41.2078],[-73.1068,41.2181],[-73.1089,41.2285],[-73.1077,41.2309],[-73.1011,41.2351],[-73.0901,41.2464],[-73.083,41.2563],[-73.0835,41.2595],[-73.0845,41.2554],[-73.0852,41.2572],[-73.0862,41.2686],[-73.0849,41.2711],[-73.0867,41.2696],[-73.0858,41.2762]]]]}},{"type":"Feature","properties":{"leaid":"0902580","name":"Montville School District","kind":"Unified","gradeLow":"PK","gradeHigh":"12","state":"CT"},"geometry":{"type":"Polygon","coordinates":[[[-72.1367,41.505],[-72.1329,41.5026],[-72.127,41.5032],[-72.122,41.5019],[-72.1197,41.5029],[-72.1141,41.5005],[-72.108,41.5028],[-72.1062,41.5013],[-72.1065,41.4996],[-72.1003,41.4968],[-72.0992,41.4946],[-72.0937,41.4972],[-72.081,41.4921],[-72.0805,41.4892],[-72.0744,41.4818],[-72.0736,41.475],[-72.0706,41.4693],[-72.07,41.4636],[-72.0736,41.4563],[-72.0841,41.4474],[-72.0879,41.4394],[-72.0943,41.4386],[-72.0968,41.4394],[-72.0961,41.4399],[-72.0979,41.4431],[-72.1016,41.4465],[-72.1011,41.4501],[-72.1055,41.4526],[-72.1033,41.4513],[-72.1022,41.4436],[-72.0991,41.4412],[-72.1016,41.4389],[-72.097,41.4387],[-72.0973,41.4362],[-72.0956,41.4354],[-72.0977,41.4321],[-72.0999,41.4313],[-72.1,41.4295],[-72.099,41.4299],[-72.1012,41.4289],[-72.1001,41.428],[-72.1013,41.4264],[-72.1044,41.4275],[-72.2193,41.4121],[-72.242,41.4432],[-72.2215,41.4463],[-72.2225,41.4565],[-72.2127,41.4575],[-72.2168,41.4813],[-72.2182,41.5004],[-72.2244,41.5097],[-72.2276,41.5187],[-72.1935,41.512],[-72.1911,41.5142],[-72.1825,41.5128],[-72.1826,41.5161],[-72.1785,41.516],[-72.1712,41.5139],[-72.1657,41.5106],[-72.1425,41.5042],[-72.1367,41.505]]]}},{"type":"Feature","properties":{"leaid":"0902640","name":"Naugatuck School District","kind":"Unified","gradeLow":"PK","gradeHigh":"12","state":"CT"},"geometry":{"type":"Polygon","coordinates":[[[-73.0013,41.4711],[-73.0033,41.4627],[-73.0258,41.4596],[-73.0262,41.4616],[-73.0305,41.4659],[-73.0392,41.4664],[-73.0414,41.4689],[-73.0521,41.469],[-73.0538,41.4654],[-73.0537,41.4616],[-73.0621,41.4563],[-73.1034,41.4817],[-73.1046,41.4918],[-73.1019,41.497],[-73.0953,41.5016],[-73.096,41.508],[-73.0947,41.5138],[-73.0547,41.5146],[-73.0187,41.5196],[-73.0013,41.4711]]]}},{"type":"Feature","properties":{"leaid":"0902670","name":"New Britain School District","kind":"Unified","gradeLow":"PK","gradeHigh":"12","state":"CT"},"geometry":{"type":"Polygon","coordinates":[[[-72.7504,41.6502],[-72.8192,41.645],[-72.8207,41.6557],[-72.8226,41.6557],[-72.8256,41.6685],[-72.8198,41.6831],[-72.8111,41.6922],[-72.8101,41.6918],[-72.783,41.7128],[-72.762,41.7158],[-72.7504,41.6502]]]}},{"type":"Feature","properties":{"leaid":"0902790","name":"New Haven School District","kind":"Unified","gradeLow":"PK","gradeHigh":"12","state":"CT"},"geometry":{"type":"MultiPolygon","coordinates":[[[[-72.8604,41.3364],[-72.8724,41.3088],[-72.8877,41.2857],[-72.8873,41.253],[-72.8928,41.2497],[-72.8992,41.2487],[-72.9009,41.2464],[-72.9041,41.2476],[-72.9028,41.2529],[-72.8947,41.2562],[-72.8934,41.2584],[-72.8944,41.2615],[-72.8994,41.267],[-72.9057,41.2704],[-72.9031,41.2746],[-72.9051,41.2813],[-72.906,41.2827],[-72.9081,41.283],[-72.9062,41.2834],[-72.9053,41.2885],[-72.9077,41.2891],[-72.9058,41.2895],[-72.907,41.292],[-72.9046,41.2933],[-72.906,41.2942],[-72.9042,41.2945],[-72.9045,41.2969],[-72.9009,41.2994],[-72.8909,41.3015],[-72.8876,41.3083],[-72.8819,41.3133],[-72.8834,41.3164],[-72.8834,41.3217],[-72.8847,41.3194],[-72.8899,41.3213],[-72.8911,41.3231],[-72.8886,41.3249],[-72.8922,41.33],[-72.8882,41.3307],[-72.8867,41.3323],[-72.8881,41.3326],[-72.8604,41.3364]]],[[[-72.9539,41.3474],[-72.9515,41.3471],[-72.9514,41.3439],[-72.9572,41.3402],[-72.954,41.3374],[-72.9132,41.3336],[-72.9025,41.3272],[-72.8918,41.3284],[-72.8899,41.3254],[-72.8924,41.3227],[-72.8872,41.3191],[-72.8867,41.3154],[-72.8885,41.3115],[-72.8882,41.3092],[-72.8919,41.303],[-72.8999,41.3012],[-72.9045,41.3018],[-72.906,41.3086],[-72.9069,41.3055],[-72.9078,41.3088],[-72.9086,41.3062],[-72.9064,41.3047],[-72.9058,41.2987],[-72.9109,41.2963],[-72.9153,41.2964],[-72.9238,41.2859],[-72.9272,41.2847],[-72.9254,41.2828],[-72.9289,41.2817],[-72.9299,41.2798],[-72.933,41.2806],[-72.9331,41.2819],[-72.9388,41.2817],[-72.9403,41.2857],[-72.9388,41.2866],[-72.9401,41.2883],[-72.9465,41.2932],[-72.9481,41.2924],[-72.9517,41.2944],[-72.9494,41.296],[-72.9563,41.3016],[-72.956,41.3054],[-72.9574,41.3066],[-72.9563,41.3105],[-72.998,41.3141],[-72.9968,41.3236],[-72.9889,41.3289],[-72.985,41.333],[-72.9833,41.3373],[-72.9702,41.3429],[-72.9729,41.3474],[-72.9678,41.3479],[-72.9645,41.3438],[-72.9642,41.3464],[-72.9621,41.3463],[-72.9613,41.349],[-72.9586,41.3491],[-72.9577,41.3504],[-72.9528,41.3491],[-72.9539,41.3474]]]]}},{"type":"Feature","properties":{"leaid":"0902820","name":"New London School District","kind":"Unified","gradeLow":"PK","gradeHigh":"12","state":"CT"},"geometry":{"type":"MultiPolygon","coordinates":[[[[-72.1036,41.3056],[-72.1036,41.3058],[-72.1034,41.3057],[-72.1036,41.3056]]],[[[-72.0919,41.3365],[-72.0925,41.3363],[-72.0928,41.3368],[-72.0919,41.3365]]],[[[-72.0966,41.3795],[-72.0982,41.3774],[-72.0969,41.3757],[-72.0984,41.3763],[-72.0987,41.3749],[-72.097,41.3742],[-72.0969,41.3709],[-72.0937,41.3666],[-72.094,41.3653],[-72.0893,41.3624],[-72.0909,41.3598],[-72.089,41.3576],[-72.0923,41.3593],[-72.0905,41.3568],[-72.0913,41.3565],[-72.0969,41.3606],[-72.0957,41.3581],[-72.093,41.3572],[-72.0917,41.3532],[-72.0973,41.3498],[-72.0988,41.3505],[-72.1001,41.3496],[-72.1001,41.3457],[-72.0975,41.3494],[-72.0981,41.3474],[-72.0956,41.3472],[-72.0965,41.3467],[-72.0955,41.3452],[-72.0942,41.3454],[-72.0929,41.3436],[-72.0943,41.3413],[-72.0982,41.3409],[-72.0951,41.3404],[-72.098,41.3384],[-72.0997,41.3386],[-72.1005,41.3371],[-72.0917,41.3279],[-72.0888,41.3229],[-72.0901,41.3164],[-72.0944,41.3141],[-72.0946,41.3094],[-72.1031,41.3048],[-72.1017,41.3068],[-72.1005,41.3136],[-72.1052,41.3202],[-72.1135,41.3436],[-72.1285,41.3576],[-72.1283,41.3653],[-72.1098,41.3829],[-72.0987,41.3854],[-72.0978,41.3805],[-72.0966,41.3795]]]]}},{"type":"Feature","properties":{"leaid":"0902850","name":"New Milford School District","kind":"Unified","gradeLow":"PK","gradeHigh":"12","state":"CT"},"geometry":{"type":"Polygon","coordinates":[[[-73.387,41.5148],[-73.419,41.5015],[-73.4308,41.498],[-73.4415,41.4913],[-73.4453,41.5095],[-73.4428,41.5141],[-73.4459,41.5253],[-73.469,41.5775],[-73.4978,41.6381],[-73.496,41.6402],[-73.4963,41.6425],[-73.4941,41.6445],[-73.4847,41.6474],[-73.4903,41.6533],[-73.494,41.6611],[-73.4983,41.6589],[-73.5067,41.6638],[-73.5069,41.6658],[-73.5041,41.6691],[-73.3821,41.6833],[-73.3779,41.659],[-73.3704,41.6553],[-73.3591,41.6465],[-73.3431,41.5659],[-73.372,41.5651],[-73.3912,41.556],[-73.3902,41.5523],[-73.391,41.5501],[-73.389,41.5469],[-73.3907,41.5468],[-73.3921,41.5448],[-73.3995,41.544],[-73.4035,41.5406],[-73.4047,41.537],[-73.4045,41.5312],[-73.3998,41.5201],[-73.387,41.5148]]]}},{"type":"Feature","properties":{"leaid":"0902880","name":"Newington School District","kind":"Unified","gradeLow":"PK","gradeHigh":"12","state":"CT"},"geometry":{"type":"Polygon","coordinates":[[[-72.7069,41.6737],[-72.703,41.6543],[-72.7274,41.6522],[-72.7272,41.6495],[-72.7499,41.647],[-72.7622,41.7183],[-72.7059,41.7243],[-72.708,41.7104],[-72.7004,41.6746],[-72.7069,41.6737]]]}},{"type":"Feature","properties":{"leaid":"0902910","name":"Newtown School District","kind":"Unified","gradeLow":"PK","gradeHigh":"12","state":"CT"},"geometry":{"type":"Polygon","coordinates":[[[-73.3129,41.4674],[-73.3028,41.4714],[-73.2992,41.4695],[-73.2983,41.4648],[-73.3008,41.4559],[-73.2978,41.4483],[-73.2939,41.4474],[-73.2807,41.4523],[-73.2737,41.4516],[-73.2675,41.4436],[-73.2658,41.4368],[-73.2637,41.4345],[-73.2577,41.4336],[-73.2453,41.4399],[-73.2423,41.4361],[-73.2423,41.4298],[-73.2384,41.4263],[-73.2359,41.4262],[-73.2265,41.4303],[-73.2182,41.4291],[-73.1982,41.4119],[-73.1866,41.4086],[-73.1849,41.4063],[-73.1854,41.4022],[-73.1882,41.3982],[-73.1833,41.3917],[-73.1876,41.3889],[-73.1956,41.3879],[-73.1978,41.3828],[-73.2036,41.3792],[-73.2013,41.3739],[-73.2048,41.3705],[-73.2103,41.3679],[-73.215,41.3673],[-73.2212,41.364],[-73.2281,41.3652],[-73.2294,41.3665],[-73.2281,41.3687],[-73.2291,41.3703],[-73.3333,41.3183],[-73.3786,41.42],[-73.3643,41.4379],[-73.3317,41.4727],[-73.3268,41.4695],[-73.3129,41.4674]]]}},{"type":"Feature","properties":{"leaid":"0901170","name":"East Granby School District","kind":"Unified","gradeLow":"PK","gradeHigh":"12","state":"CT"},"geometry":{"type":"Polygon","coordinates":[[[-72.6876,41.9481],[-72.6954,41.9223],[-72.7133,41.9269],[-72.7222,41.9279],[-72.7292,41.9156],[-72.7378,41.8924],[-72.7439,41.8957],[-72.7485,41.8964],[-72.7605,41.9029],[-72.7609,41.9053],[-72.7587,41.9071],[-72.7589,41.9081],[-72.7649,41.9132],[-72.765,41.9154],[-72.7675,41.9152],[-72.7682,41.9177],[-72.7854,41.918],[-72.7629,41.9859],[-72.7085,41.9738],[-72.7076,41.9734],[-72.7162,41.9498],[-72.6876,41.9481]]]}},{"type":"Feature","properties":{"leaid":"0901350","name":"East Windsor School District","kind":"Unified","gradeLow":"PK","gradeHigh":"12","state":"CT"},"geometry":{"type":"Polygon","coordinates":[[[-72.5133,41.9454],[-72.5173,41.8699],[-72.6193,41.8683],[-72.6197,41.8828],[-72.6215,41.8932],[-72.6207,41.8977],[-72.6241,41.9292],[-72.6234,41.9343],[-72.5133,41.9454]]]}},{"type":"Feature","properties":{"leaid":"0901680","name":"Granby School District","kind":"Unified","gradeLow":"PK","gradeHigh":"12","state":"CT"},"geometry":{"type":"Polygon","coordinates":[[[-72.7747,42.0024],[-72.7784,41.9894],[-72.7629,41.9859],[-72.7854,41.918],[-72.9059,41.9217],[-72.8636,42.0375],[-72.8138,42.0367],[-72.8171,41.9977],[-72.7747,42.0024]]]}},{"type":"Feature","properties":{"leaid":"0901710","name":"Greenwich School District","kind":"Unified","gradeLow":"PK","gradeHigh":"12","state":"CT"},"geometry":{"type":"MultiPolygon","coordinates":[[[[-73.6225,40.9843],[-73.6217,40.9828],[-73.6242,40.9815],[-73.6234,40.9835],[-73.6242,40.9836],[-73.6292,40.9799],[-73.6285,40.9816],[-73.6246,40.9838],[-73.6225,40.9843]]],[[[-73.6095,40.9888],[-73.6109,40.9883],[-73.6101,40.9894],[-73.6095,40.9888]]],[[[-73.6579,40.9902],[-73.6579,40.9902],[-73.6578,40.9902],[-73.6579,40.9902]]],[[[-73.6076,40.9904],[-73.6079,40.9902],[-73.6082,40.9906],[-73.6076,40.9904]]],[[[-73.6375,40.9912],[-73.6399,40.9884],[-73.6415,40.9907],[-73.64,40.9924],[-73.6406,40.9937],[-73.6375,40.993],[-73.6375,40.9912]]],[[[-73.6595,40.9944],[-73.6593,40.9937],[-73.6596,40.9945],[-73.6595,40.9944]]],[[[-73.6428,40.9954],[-73.6445,40.9952],[-73.6426,40.9969],[-73.6428,40.9954]]],[[[-73.6429,40.999],[-73.6439,40.9986],[-73.6444,40.9991],[-73.6438,40.9996],[-73.6429,40.999]]],[[[-73.5835,41.009],[-73.5836,41.0087],[-73.5838,41.0091],[-73.5835,41.009]]],[[[-73.6145,41.0085],[-73.6159,41.0082],[-73.6165,41.0088],[-73.6151,41.0094],[-73.6145,41.0085]]],[[[-73.5981,41.011],[-73.5977,41.0107],[-73.5987,41.011],[-73.5981,41.011]]],[[[-73.5765,41.0122],[-73.5771,41.0117],[-73.5764,41.0128],[-73.5765,41.0122]]],[[[-73.5989,41.0136],[-73.5986,41.0133],[-73.5989,41.0134],[-73.5989,41.0136]]],[[[-73.6033,41.015],[-73.6042,41.0133],[-73.6043,41.0143],[-73.6033,41.015]]],[[[-73.5984,41.017],[-73.5983,41.0165],[-73.5992,41.0169],[-73.5984,41.017]]],[[[-73.5918,41.0218],[-73.5918,41.0203],[-73.5924,41.0203],[-73.5918,41.0218]]],[[[-73.6,41.024],[-73.5993,41.0229],[-73.6004,41.0234],[-73.6,41.024]]],[[[-73.5537,41.0238],[-73.5533,41.0233],[-73.5543,41.0242],[-73.5537,41.0238]]],[[[-73.5992,41.0267],[-73.5993,41.0262],[-73.6,41.0266],[-73.5992,41.0267]]],[[[-73.6339,41.144],[-73.5683,41.0597],[-73.5632,41.0402],[-73.5556,41.0284],[-73.5559,41.0233],[-73.5544,41.0224],[-73.5573,41.0166],[-73.5595,41.0169],[-73.5601,41.0155],[-73.56,41.0167],[-73.562,41.0168],[-73.5639,41.0151],[-73.5633,41.0137],[-73.5644,41.0146],[-73.5677,41.0109],[-73.5701,41.0016],[-73.584,41.0009],[-73.5844,41.005],[-73.5818,41.0074],[-73.5751,41.0037],[-73.5686,41.0111],[-73.5683,41.0137],[-73.5712,41.0134],[-73.569,41.0143],[-73.5688,41.0164],[-73.5681,41.0149],[-73.5656,41.0164],[-73.567,41.0165],[-73.5658,41.0169],[-73.5661,41.018],[-73.5679,41.0174],[-73.5703,41.0192],[-73.5703,41.0204],[-73.5684,41.0207],[-73.5695,41.0229],[-73.5708,41.0214],[-73.5736,41.0225],[-73.5739,41.0237],[-73.5716,41.0256],[-73.5743,41.0247],[-73.5738,41.0264],[-73.5752,41.0271],[-73.5743,41.0262],[-73.5755,41.0255],[-73.5748,41.0207],[-73.5785,41.0207],[-73.5768,41.0187],[-73.5779,41.019],[-73.5792,41.0162],[-73.5792,41.0202],[-73.5835,41.0134],[-73.5837,41.0148],[-73.5859,41.0155],[-73.5852,41.0145],[-73.5863,41.0151],[-73.5884,41.013],[-73.5862,41.0134],[-73.5866,41.0109],[-73.589,41.0128],[-73.5924,41.011],[-73.5924,41.0122],[-73.594,41.012],[-73.5933,41.0144],[-73.5947,41.0146],[-73.5922,41.0145],[-73.5951,41.0172],[-73.5894,41.0176],[-73.5892,41.0212],[-73.5893,41.0226],[-73.5931,41.0216],[-73.594,41.0258],[-73.593,41.0309],[-73.5907,41.0367],[-73.5887,41.0384],[-73.5881,41.0411],[-73.5889,41.0421],[-73.5843,41.0489],[-73.5847,41.0524],[-73.5826,41.0544],[-73.582,41.0569],[-73.5861,41.0515],[-73.5861,41.0485],[-73.589,41.0456],[-73.5892,41.0418],[-73.5922,41.0368],[-73.5937,41.0364],[-73.5942,41.0332],[-73.5969,41.0336],[-73.5968,41.0317],[-73.5948,41.0303],[-73.5979,41.0271],[-73.6001,41.0286],[-73.6016,41.0278],[-73.6014,41.0207],[-73.5989,41.0181],[-73.6016,41.0172],[-73.6028,41.0181],[-73.602,41.0148],[-73.6025,41.0159],[-73.6058,41.0148],[-73.6068,41.0122],[-73.6089,41.0121],[-73.6131,41.0088],[-73.6155,41.011],[-73.6127,41.0119],[-73.6127,41.0154],[-73.6082,41.02],[-73.6113,41.0172],[-73.6115,41.0188],[-73.6141,41.0212],[-73.6136,41.0279],[-73.6128,41.0288],[-73.6119,41.0316],[-73.6118,41.0345],[-73.6156,41.0228],[-73.6123,41.0187],[-73.6151,41.0177],[-73.6167,41.0109],[-73.618,41.0102],[-73.6201,41.0183],[-73.621,41.011],[-73.6227,41.0186],[-73.6232,41.0172],[-73.625,41.0173],[-73.6246,41.0185],[-73.6274,41.0177],[-73.6239,41.0152],[-73.624,41.0132],[-73.6278,41.0138],[-73.6272,41.0158],[-73.6293,41.0147],[-73.628,41.0138],[-73.629,41.0134],[-73.6233,41.0103],[-73.6244,41.0084],[-73.6233,41.0067],[-73.6276,41.0002],[-73.6306,41.0034],[-73.6346,41.0006],[-73.638,41.0032],[-73.6388,41.0025],[-73.6396,41.0063],[-73.6412,41.0068],[-73.6396,41.0109],[-73.6446,41.0037],[-73.6453,41.0014],[-73.6432,41.0013],[-73.6431,40.9999],[-73.6457,41.0006],[-73.6457,40.9992],[-73.6492,40.9973],[-73.655,40.9885],[-73.6577,40.9866],[-73.6583,40.9878],[-73.6561,40.9899],[-73.6582,40.9933],[-73.6591,40.9994],[-73.6566,41.0043],[-73.6545,41.0113],[-73.6579,41.0029],[-73.6591,41.0027],[-73.6553,41.0122],[-73.7278,41.1007],[-73.6339,41.144]]]]}},{"type":"Feature","properties":{"leaid":"0902550","name":"Monroe School District","kind":"Unified","gradeLow":"PK","gradeHigh":"12","state":"CT"},"geometry":{"type":"MultiPolygon","coordinates":[[[[-73.1676,41.3835],[-73.1678,41.3835],[-73.1682,41.3836],[-73.1676,41.3835]]],[[[-73.1605,41.3837],[-73.1617,41.3837],[-73.1619,41.3838],[-73.1613,41.3839],[-73.1605,41.3837]]],[[[-73.1833,41.3917],[-73.1734,41.3836],[-73.1586,41.3827],[-73.1594,41.3786],[-73.1575,41.3765],[-73.1596,41.3749],[-73.1594,41.3729],[-73.1707,41.3579],[-73.1768,41.3376],[-73.2048,41.2994],[-73.2744,41.2938],[-73.2782,41.2984],[-73.2761,41.3017],[-73.272,41.3039],[-73.2706,41.3072],[-73.271,41.3115],[-73.2731,41.3162],[-73.2727,41.3183],[-73.306,41.3324],[-73.2291,41.3703],[-73.2281,41.3687],[-73.2294,41.3665],[-73.2281,41.3652],[-73.2224,41.364],[-73.2176,41.3651],[-73.2135,41.3679],[-73.2103,41.3679],[-73.2022,41.3721],[-73.2013,41.374],[-73.2036,41.3792],[-73.1978,41.3828],[-73.1949,41.3885],[-73.1892,41.3884],[-73.1833,41.3917]]]]}},{"type":"Feature","properties":{"leaid":"0902700","name":"New Canaan School District","kind":"Unified","gradeLow":"PK","gradeHigh":"12","state":"CT"},"geometry":{"type":"Polygon","coordinates":[[[-73.4498,41.1572],[-73.4495,41.1501],[-73.4578,41.1364],[-73.4746,41.1147],[-73.4856,41.1138],[-73.5223,41.1145],[-73.5225,41.1189],[-73.5341,41.1498],[-73.5344,41.1515],[-73.5331,41.152],[-73.5323,41.1546],[-73.5437,41.1637],[-73.5531,41.1742],[-73.5523,41.1761],[-73.5548,41.1799],[-73.4849,41.2117],[-73.4837,41.208],[-73.4803,41.2079],[-73.4789,41.2064],[-73.4757,41.1991],[-73.472,41.1944],[-73.4729,41.1914],[-73.4701,41.1896],[-73.4728,41.185],[-73.4723,41.1825],[-73.4735,41.1819],[-73.4689,41.1775],[-73.4653,41.1759],[-73.4665,41.1646],[-73.4647,41.1639],[-73.464,41.1613],[-73.4546,41.1591],[-73.4525,41.1596],[-73.4498,41.1572]]]}},{"type":"Feature","properties":{"leaid":"0902730","name":"New Fairfield School District","kind":"Unified","gradeLow":"PK","gradeHigh":"12","state":"CT"},"geometry":{"type":"Polygon","coordinates":[[[-73.4415,41.4913],[-73.437,41.4836],[-73.4429,41.4852],[-73.443,41.4791],[-73.4444,41.4776],[-73.4433,41.4724],[-73.4371,41.4654],[-73.4348,41.4689],[-73.4383,41.4741],[-73.4332,41.472],[-73.4313,41.4688],[-73.4297,41.4697],[-73.4269,41.4638],[-73.5143,41.4456],[-73.5371,41.4397],[-73.5307,41.52],[-73.4504,41.5347],[-73.4459,41.5253],[-73.4428,41.5141],[-73.4453,41.5095],[-73.4415,41.4913]]]}},{"type":"Feature","properties":{"leaid":"0902970","name":"North Branford School District","kind":"Unified","gradeLow":"PK","gradeHigh":"12","state":"CT"},"geometry":{"type":"Polygon","coordinates":[[[-72.7461,41.3106],[-72.7713,41.3051],[-72.7805,41.3132],[-72.7992,41.3243],[-72.8238,41.3183],[-72.8178,41.34],[-72.8177,41.3994],[-72.7461,41.4233],[-72.7206,41.4274],[-72.7234,41.4191],[-72.7282,41.4176],[-72.7427,41.403],[-72.746,41.3969],[-72.7493,41.3981],[-72.7415,41.3264],[-72.7414,41.3237],[-72.7461,41.3106]]]}},{"type":"Feature","properties":{"leaid":"0903030","name":"North Haven School District","kind":"Unified","gradeLow":"PK","gradeHigh":"12","state":"CT"},"geometry":{"type":"MultiPolygon","coordinates":[[[[-72.8866,41.3391],[-72.888,41.3374],[-72.8865,41.3407],[-72.8866,41.3391]]],[[[-72.8827,41.3531],[-72.8829,41.3531],[-72.8831,41.3532],[-72.8827,41.3531]]],[[[-72.8839,41.3537],[-72.8837,41.3535],[-72.8838,41.3535],[-72.8839,41.3537]]],[[[-72.8479,41.4261],[-72.8476,41.4272],[-72.8442,41.427],[-72.8442,41.426],[-72.8385,41.4273],[-72.8342,41.4242],[-72.8274,41.4244],[-72.8276,41.3966],[-72.8177,41.3994],[-72.817,41.3639],[-72.8225,41.3642],[-72.8228,41.3618],[-72.8271,41.3615],[-72.828,41.3424],[-72.8881,41.3326],[-72.8886,41.3339],[-72.8859,41.3389],[-72.8858,41.3414],[-72.8836,41.343],[-72.88,41.343],[-72.8786,41.3448],[-72.8807,41.3465],[-72.876,41.3464],[-72.8726,41.3494],[-72.8761,41.3535],[-72.8828,41.3535],[-72.8832,41.3575],[-72.881,41.3591],[-72.8812,41.3639],[-72.8797,41.3645],[-72.8754,41.363],[-72.873,41.3655],[-72.873,41.3671],[-72.8739,41.3652],[-72.8748,41.3662],[-72.8721,41.3692],[-72.8725,41.3731],[-72.8713,41.3754],[-72.8736,41.3794],[-72.872,41.3791],[-72.8709,41.3793],[-72.8726,41.381],[-72.8744,41.381],[-72.8734,41.383],[-72.8714,41.3828],[-72.8712,41.3861],[-72.8722,41.3874],[-72.8697,41.3907],[-72.8698,41.3918],[-72.8688,41.3912],[-72.8679,41.3913],[-72.8677,41.3934],[-72.8682,41.3939],[-72.87,41.3932],[-72.8695,41.3945],[-72.868,41.394],[-72.8682,41.3968],[-72.866,41.3992],[-72.8645,41.3988],[-72.863,41.3996],[-72.863,41.4007],[-72.8596,41.4017],[-72.8597,41.405],[-72.8586,41.4054],[-72.8586,41.4071],[-72.8534,41.4066],[-72.8516,41.4084],[-72.8517,41.4107],[-72.8537,41.4115],[-72.8519,41.4117],[-72.8518,41.4138],[-72.8532,41.4148],[-72.8522,41.4149],[-72.8519,41.4175],[-72.8535,41.4144],[-72.8523,41.4141],[-72.8522,41.412],[-72.8542,41.4116],[-72.8522,41.4108],[-72.8517,41.4086],[-72.8544,41.4082],[-72.8537,41.4068],[-72.859,41.4075],[-72.8588,41.4058],[-72.8601,41.4054],[-72.86,41.4018],[-72.8633,41.401],[-72.865,41.399],[-72.8662,41.3996],[-72.869,41.3971],[-72.8683,41.3944],[-72.8695,41.395],[-72.8705,41.3935],[-72.8703,41.3929],[-72.869,41.3926],[-72.8682,41.3935],[-72.8684,41.3914],[-72.8701,41.392],[-72.8715,41.39],[-72.8727,41.3875],[-72.8718,41.3829],[-72.8738,41.3832],[-72.8748,41.381],[-72.8715,41.3793],[-72.874,41.3795],[-72.8731,41.3778],[-72.8744,41.3781],[-72.8719,41.3756],[-72.8742,41.3743],[-72.873,41.3738],[-72.8731,41.3691],[-72.8748,41.3674],[-72.8754,41.3662],[-72.8747,41.365],[-72.8761,41.3633],[-72.8789,41.3648],[-72.8806,41.3648],[-72.882,41.3638],[-72.8821,41.361],[-72.908,41.3665],[-72.9038,41.3781],[-72.8956,41.3836],[-72.8909,41.3932],[-72.887,41.3933],[-72.8853,41.3996],[-72.8864,41.4113],[-72.8846,41.4114],[-72.8832,41.4233],[-72.874,41.4263],[-72.8618,41.4259],[-72.8585,41.4294],[-72.8544,41.4308],[-72.8514,41.4344],[-72.8501,41.434],[-72.8509,41.432],[-72.8479,41.4261]]]]}},{"type":"Feature","properties":{"leaid":"0903060","name":"North Stonington School District","kind":"Unified","gradeLow":"PK","gradeHigh":"12","state":"CT"},"geometry":{"type":"Polygon","coordinates":[[[-71.9672,41.5287],[-71.7932,41.5057],[-71.7977,41.4167],[-71.8014,41.4155],[-71.8037,41.4174],[-71.8068,41.4167],[-71.8122,41.4192],[-71.8181,41.4199],[-71.8237,41.4173],[-71.8254,41.4147],[-71.8341,41.4116],[-71.8393,41.4124],[-71.8424,41.4103],[-71.8425,41.4087],[-71.845,41.4088],[-71.9433,41.4336],[-71.9426,41.435],[-71.9437,41.4375],[-71.9424,41.44],[-71.9429,41.4414],[-71.9458,41.4417],[-71.9471,41.4464],[-71.9494,41.4492],[-71.9474,41.4582],[-71.961,41.502],[-71.9672,41.5287]]]}},{"type":"Feature","properties":{"leaid":"0903090","name":"Norwalk School District","kind":"Unified","gradeLow":"PK","gradeHigh":"12","state":"CT"},"geometry":{"type":"MultiPolygon","coordinates":[[[[-73.4052,41.055],[-73.4055,41.0547],[-73.406,41.0552],[-73.4052,41.055]]],[[[-73.4085,41.0552],[-73.4099,41.0549],[-73.4094,41.0553],[-73.4085,41.0552]]],[[[-73.4055,41.0572],[-73.406,41.0562],[-73.4066,41.0566],[-73.4055,41.0572]]],[[[-73.4102,41.0586],[-73.4106,41.0583],[-73.4106,41.0585],[-73.4102,41.0586]]],[[[-73.4051,41.0587],[-73.4058,41.0585],[-73.4059,41.0589],[-73.4051,41.0587]]],[[[-73.392,41.0613],[-73.3868,41.0599],[-73.3867,41.0587],[-73.3883,41.0586],[-73.392,41.0613]]],[[[-73.4218,41.0606],[-73.4235,41.0602],[-73.4218,41.0615],[-73.4218,41.0606]]],[[[-73.4004,41.0624],[-73.3997,41.0614],[-73.4025,41.0566],[-73.4024,41.0544],[-73.4034,41.0533],[-73.4133,41.0527],[-73.4213,41.0477],[-73.4237,41.0472],[-73.4238,41.0482],[-73.4212,41.0483],[-73.4178,41.0542],[-73.4135,41.0547],[-73.4147,41.0536],[-73.4136,41.0529],[-73.4033,41.0539],[-73.4023,41.0585],[-73.4058,41.0604],[-73.4069,41.0582],[-73.4078,41.0589],[-73.4057,41.0619],[-73.4004,41.0624]]],[[[-73.4203,41.0633],[-73.4208,41.0631],[-73.4203,41.0634],[-73.4203,41.0633]]],[[[-73.3919,41.0638],[-73.3949,41.0644],[-73.3946,41.0672],[-73.3906,41.0688],[-73.3873,41.068],[-73.3873,41.0663],[-73.3919,41.0638]]],[[[-73.4187,41.07],[-73.4185,41.0695],[-73.4191,41.0695],[-73.4187,41.07]]],[[[-73.418,41.0704],[-73.4176,41.0701],[-73.418,41.0702],[-73.418,41.0704]]],[[[-73.3836,41.0703],[-73.3861,41.07],[-73.3837,41.0716],[-73.3836,41.0703]]],[[[-73.3872,41.0724],[-73.392,41.0703],[-73.3926,41.0706],[-73.3886,41.073],[-73.3872,41.0724]]],[[[-73.4037,41.0733],[-73.4038,41.0729],[-73.4045,41.0729],[-73.4037,41.0733]]],[[[-73.4149,41.0742],[-73.4152,41.0739],[-73.4155,41.0748],[-73.4149,41.0742]]],[[[-73.4196,41.0742],[-73.4203,41.073],[-73.4197,41.0754],[-73.4196,41.0742]]],[[[-73.3844,41.0831],[-73.3845,41.0821],[-73.3851,41.0827],[-73.3844,41.0831]]],[[[-73.4062,41.0836],[-73.4058,41.0825],[-73.4065,41.0825],[-73.4062,41.0836]]],[[[-73.3833,41.0952],[-73.3849,41.0927],[-73.3855,41.0942],[-73.3833,41.0988],[-73.3833,41.0952]]],[[[-73.3801,41.1219],[-73.3843,41.1073],[-73.3836,41.1004],[-73.3852,41.0993],[-73.3861,41.1004],[-73.3862,41.0983],[-73.3852,41.0982],[-73.3875,41.0946],[-73.3898,41.0957],[-73.3885,41.0954],[-73.3892,41.0963],[-73.3878,41.0986],[-73.3899,41.098],[-73.3915,41.0925],[-73.3896,41.0936],[-73.3873,41.0934],[-73.389,41.092],[-73.3868,41.0935],[-73.3869,41.0925],[-73.3922,41.0877],[-73.3933,41.0836],[-73.396,41.0823],[-73.3987,41.083],[-73.3995,41.085],[-73.3963,41.0869],[-73.3977,41.0885],[-73.397,41.093],[-73.398,41.0931],[-73.3991,41.0868],[-73.4024,41.0868],[-73.4004,41.094],[-73.4021,41.0924],[-73.4043,41.0929],[-73.4038,41.0962],[-73.4066,41.099],[-73.4076,41.0965],[-73.4103,41.096],[-73.4147,41.1006],[-73.4145,41.1032],[-73.4098,41.1056],[-73.4095,41.1068],[-73.4109,41.11],[-73.4088,41.1132],[-73.4123,41.1184],[-73.4101,41.1148],[-73.4131,41.1093],[-73.411,41.1074],[-73.4167,41.1039],[-73.4146,41.0969],[-73.4122,41.0946],[-73.4132,41.0943],[-73.4127,41.0931],[-73.4103,41.0915],[-73.4122,41.0877],[-73.4107,41.0857],[-73.4133,41.0821],[-73.4159,41.0811],[-73.4114,41.0809],[-73.4115,41.0833],[-73.4084,41.0845],[-73.409,41.0805],[-73.4073,41.0755],[-73.4075,41.0721],[-73.4083,41.0743],[-73.4086,41.0719],[-73.4124,41.0712],[-73.4134,41.0753],[-73.4147,41.0763],[-73.4172,41.0753],[-73.416,41.0786],[-73.4178,41.0784],[-73.4175,41.0768],[-73.4188,41.0761],[-73.4211,41.0778],[-73.4208,41.0808],[-73.4219,41.0814],[-73.4221,41.078],[-73.4235,41.0777],[-73.421,41.0764],[-73.4246,41.072],[-73.4237,41.0705],[-73.4247,41.0663],[-73.4297,41.0635],[-73.4309,41.0672],[-73.4301,41.0704],[-73.4321,41.0695],[-73.4342,41.0627],[-73.4358,41.0617],[-73.4401,41.0608],[-73.4402,41.0636],[-73.4409,41.0646],[-73.4412,41.0602],[-73.4381,41.0609],[-73.4376,41.0585],[-73.4358,41.0575],[-73.4368,41.0602],[-73.4329,41.0601],[-73.4342,41.0587],[-73.4337,41.056],[-73.4378,41.0569],[-73.4392,41.0555],[-73.4456,41.0583],[-73.4437,41.071],[-73.4465,41.0713],[-73.4475,41.0726],[-73.4459,41.0765],[-73.4475,41.085],[-73.4513,41.0886],[-73.4538,41.0875],[-73.4536,41.0919],[-73.4555,41.0929],[-73.4746,41.1147],[-73.4578,41.1364],[-73.4495,41.1501],[-73.4489,41.1538],[-73.4186,41.1609],[-73.3948,41.1718],[-73.3868,41.1698],[-73.3888,41.1489],[-73.3827,41.1423],[-73.3801,41.1219]]]]}},{"type":"Feature","properties":{"leaid":"0903120","name":"Norwich School District","kind":"Unified","gradeLow":"PK","gradeHigh":"12","state":"CT"},"geometry":{"type":"Polygon","coordinates":[[[-72.0479,41.5948],[-72.046,41.5853],[-72.0412,41.5804],[-72.0459,41.5706],[-72.0432,41.5611],[-72.0461,41.556],[-72.0458,41.5493],[-72.0489,41.5463],[-72.0503,41.5418],[-72.0451,41.5406],[-72.0469,41.5352],[-72.0403,41.5311],[-72.0519,41.5174],[-72.0586,41.5121],[-72.0677,41.5175],[-72.0725,41.4919],[-72.078,41.4907],[-72.0937,41.4972],[-72.0989,41.4945],[-72.1003,41.4968],[-72.1065,41.4996],[-72.1062,41.5013],[-72.108,41.5028],[-72.1141,41.5005],[-72.1197,41.5029],[-72.1224,41.5019],[-72.135,41.5036],[-72.1329,41.5089],[-72.1407,41.5363],[-72.1327,41.5485],[-72.1321,41.5648],[-72.1358,41.5692],[-72.1252,41.5633],[-72.1041,41.6008],[-72.0639,41.6083],[-72.0553,41.6046],[-72.0479,41.5948]]]}},{"type":"Feature","properties":{"leaid":"0903180","name":"Old Saybrook School District","kind":"Unified","gradeLow":"PK","gradeHigh":"12","state":"CT"},"geometry":{"type":"MultiPolygon","coordinates":[[[[-72.3984,41.277],[-72.3938,41.2764],[-72.3923,41.2766],[-72.3925,41.2759],[-72.3911,41.274],[-72.39,41.2733],[-72.3904,41.2709],[-72.3923,41.2708],[-72.3924,41.2724],[-72.395,41.2726],[-72.3984,41.277]]],[[[-72.3708,41.3411],[-72.3652,41.3386],[-72.3619,41.3348],[-72.3628,41.3338],[-72.3599,41.333],[-72.3602,41.3311],[-72.3571,41.3242],[-72.3608,41.3254],[-72.3613,41.3251],[-72.3615,41.3235],[-72.3636,41.3232],[-72.3649,41.3215],[-72.3612,41.3235],[-72.3611,41.3249],[-72.3592,41.3248],[-72.3593,41.3239],[-72.3558,41.3232],[-72.3573,41.319],[-72.356,41.3205],[-72.3542,41.3198],[-72.3559,41.3214],[-72.3552,41.323],[-72.3515,41.3229],[-72.3504,41.3178],[-72.356,41.3],[-72.3582,41.3005],[-72.3582,41.3044],[-72.3595,41.305],[-72.3577,41.3074],[-72.3576,41.3081],[-72.3591,41.3069],[-72.3601,41.3079],[-72.3595,41.3087],[-72.3606,41.3081],[-72.3594,41.3065],[-72.36,41.3049],[-72.3588,41.3037],[-72.3594,41.3013],[-72.3574,41.2995],[-72.3582,41.2991],[-72.3569,41.299],[-72.3577,41.2922],[-72.3587,41.2917],[-72.3569,41.2906],[-72.3626,41.2927],[-72.3651,41.2949],[-72.363,41.2941],[-72.3634,41.2968],[-72.3663,41.2974],[-72.3663,41.2956],[-72.3689,41.2926],[-72.3666,41.2914],[-72.3674,41.2866],[-72.3649,41.2849],[-72.3553,41.2898],[-72.352,41.2882],[-72.3521,41.2864],[-72.3515,41.2874],[-72.3502,41.286],[-72.3497,41.2839],[-72.3511,41.2817],[-72.3489,41.2808],[-72.354,41.2815],[-72.3576,41.2798],[-72.3617,41.2816],[-72.3643,41.28],[-72.3687,41.2811],[-72.3727,41.2759],[-72.3726,41.2717],[-72.3646,41.2726],[-72.3623,41.2717],[-72.3576,41.2746],[-72.3508,41.274],[-72.3466,41.2763],[-72.3448,41.2728],[-72.3426,41.2719],[-72.3428,41.2688],[-72.3481,41.2697],[-72.358,41.2685],[-72.3675,41.264],[-72.3801,41.2645],[-72.3886,41.2607],[-72.3948,41.2721],[-72.3925,41.272],[-72.3928,41.2701],[-72.392,41.269],[-72.3911,41.2684],[-72.3925,41.2704],[-72.3898,41.2707],[-72.3893,41.2722],[-72.3884,41.2697],[-72.3891,41.2737],[-72.3909,41.2743],[-72.3892,41.2758],[-72.3892,41.2779],[-72.3879,41.2775],[-72.3858,41.2782],[-72.3853,41.2801],[-72.3835,41.2802],[-72.3825,41.2812],[-72.3809,41.281],[-72.3804,41.2818],[-72.3789,41.2812],[-72.3804,41.2821],[-72.3856,41.2804],[-72.3877,41.2779],[-72.3893,41.2782],[-72.3911,41.2753],[-72.3919,41.2755],[-72.3919,41.2774],[-72.3927,41.2779],[-72.3912,41.2774],[-72.391,41.2784],[-72.3887,41.2793],[-72.3885,41.2802],[-72.3911,41.2788],[-72.3914,41.278],[-72.3914,41.279],[-72.393,41.2782],[-72.3923,41.2774],[-72.3935,41.2768],[-72.3949,41.2782],[-72.3966,41.2776],[-72.3941,41.2802],[-72.3951,41.2815],[-72.3935,41.2827],[-72.3938,41.2854],[-72.3923,41.2864],[-72.3924,41.2878],[-72.3881,41.2907],[-72.3888,41.2915],[-72.3872,41.2954],[-72.3888,41.2969],[-72.387,41.2994],[-72.3895,41.297],[-72.3893,41.291],[-72.3911,41.2905],[-72.3949,41.285],[-72.3946,41.2829],[-72.3959,41.2817],[-72.395,41.2803],[-72.3962,41.2788],[-72.4028,41.2774],[-72.4061,41.2788],[-72.4059,41.2825],[-72.4076,41.2811],[-72.4066,41.2789],[-72.4053,41.2782],[-72.4065,41.2768],[-72.4166,41.2785],[-72.4216,41.2837],[-72.4331,41.3152],[-72.4269,41.3213],[-72.4255,41.3242],[-72.4027,41.3316],[-72.3839,41.332],[-72.3708,41.3411]]]]}},{"type":"Feature","properties":{"leaid":"0903240","name":"Oxford School District","kind":"Unified","gradeLow":"PK","gradeHigh":"12","state":"CT"},"geometry":{"type":"Polygon","coordinates":[[[-73.1042,41.4894],[-73.1034,41.4817],[-73.0774,41.4652],[-73.0835,41.4391],[-73.0864,41.4337],[-73.0927,41.4134],[-73.0836,41.4038],[-73.0887,41.3997],[-73.1105,41.3981],[-73.1138,41.3888],[-73.1158,41.3863],[-73.147,41.3678],[-73.158,41.3779],[-73.1582,41.3835],[-73.1734,41.3836],[-73.1812,41.3896],[-73.188,41.3973],[-73.1854,41.4022],[-73.1849,41.4063],[-73.1866,41.4086],[-73.1982,41.4119],[-73.2077,41.4205],[-73.1849,41.4341],[-73.1642,41.4482],[-73.1662,41.4523],[-73.1648,41.4538],[-73.1658,41.4569],[-73.1647,41.4583],[-73.1619,41.4577],[-73.16,41.4614],[-73.1583,41.462],[-73.1576,41.4651],[-73.1597,41.4705],[-73.1567,41.4773],[-73.156,41.4829],[-73.1579,41.4894],[-73.125,41.4876],[-73.1042,41.4894]]]}},{"type":"Feature","properties":{"leaid":"0903270","name":"Plainfield School District","kind":"Unified","gradeLow":"PK","gradeHigh":"12","state":"CT"},"geometry":{"type":"Polygon","coordinates":[[[-71.8579,41.6442],[-71.955,41.6348],[-71.9484,41.6748],[-71.9535,41.6753],[-71.9534,41.6774],[-71.9557,41.6798],[-71.9547,41.6898],[-71.9568,41.6926],[-71.9601,41.6921],[-71.9624,41.6958],[-71.9623,41.7049],[-71.9654,41.7085],[-71.964,41.7107],[-71.9663,41.7144],[-71.9581,41.7196],[-71.9563,41.7262],[-71.9532,41.7264],[-71.9457,41.7225],[-71.9417,41.727],[-71.9335,41.7307],[-71.9315,41.7346],[-71.9237,41.7341],[-71.919,41.7361],[-71.9142,41.7415],[-71.9153,41.7468],[-71.9129,41.7511],[-71.914,41.7544],[-71.918,41.7572],[-71.9172,41.7597],[-71.8387,41.7688],[-71.8579,41.6442]]]}},{"type":"Feature","properties":{"leaid":"0903300","name":"Plainville School District","kind":"Unified","gradeLow":"PK","gradeHigh":"12","state":"CT"},"geometry":{"type":"Polygon","coordinates":[[[-72.8154,41.6878],[-72.8198,41.6831],[-72.8256,41.6685],[-72.8226,41.6557],[-72.8834,41.6494],[-72.8929,41.6967],[-72.8778,41.6981],[-72.8154,41.6878]]]}},{"type":"Feature","properties":{"leaid":"0903330","name":"Plymouth School District","kind":"Unified","gradeLow":"PK","gradeHigh":"12","state":"CT"},"geometry":{"type":"Polygon","coordinates":[[[-72.9989,41.7144],[-72.9831,41.6395],[-73.004,41.6286],[-73.0215,41.6271],[-73.0186,41.6141],[-73.0362,41.6152],[-73.0504,41.6097],[-73.0648,41.641],[-73.0553,41.7082],[-72.9989,41.7144]]]}},{"type":"Feature","properties":{"leaid":"0903390","name":"Portland School District","kind":"Unified","gradeLow":"PK","gradeHigh":"12","state":"CT"},"geometry":{"type":"MultiPolygon","coordinates":[[[[-72.6473,41.5793],[-72.6473,41.5783],[-72.6467,41.5789],[-72.6484,41.5694],[-72.649,41.5755],[-72.6473,41.5793]]],[[[-72.6201,41.6011],[-72.6163,41.6064],[-72.6156,41.6111],[-72.6138,41.6107],[-72.6122,41.6091],[-72.6125,41.6066],[-72.617,41.6023],[-72.6201,41.6011]]],[[[-72.5408,41.6054],[-72.5435,41.5955],[-72.5575,41.5784],[-72.5594,41.5627],[-72.5628,41.5584],[-72.562,41.5561],[-72.5739,41.5594],[-72.5954,41.5595],[-72.6028,41.5613],[-72.605,41.5639],[-72.6096,41.565],[-72.6323,41.5618],[-72.64,41.5637],[-72.6465,41.568],[-72.6459,41.5755],[-72.6366,41.5928],[-72.6286,41.5989],[-72.6199,41.5996],[-72.615,41.602],[-72.611,41.6076],[-72.611,41.6097],[-72.6134,41.6124],[-72.6235,41.6194],[-72.6258,41.6222],[-72.6278,41.6259],[-72.6287,41.6334],[-72.5442,41.6427],[-72.5293,41.6174],[-72.5445,41.6158],[-72.5408,41.6054]]]]}},{"type":"Feature","properties":{"leaid":"0903480","name":"Putnam School District","kind":"Unified","gradeLow":"PK","gradeHigh":"12","state":"CT"},"geometry":{"type":"Polygon","coordinates":[[[-71.7979,41.9324],[-71.7968,41.9044],[-71.8983,41.8806],[-71.9038,41.8767],[-71.9056,41.8732],[-71.9086,41.8726],[-71.9104,41.8693],[-71.9232,41.8705],[-71.9248,41.8734],[-71.9235,41.8832],[-71.9212,41.887],[-71.9272,41.9008],[-71.9323,41.9063],[-71.9338,41.9169],[-71.9274,41.917],[-71.9318,41.9316],[-71.7979,41.9324]]]}},{"type":"Feature","properties":{"leaid":"0903520","name":"Regional School District 10","kind":"Unified","gradeLow":"PK","gradeHigh":"12","state":"CT"},"geometry":{"type":"Polygon","coordinates":[[[-72.9212,41.8071],[-72.921,41.8054],[-72.9268,41.804],[-72.9282,41.8025],[-72.9254,41.7984],[-72.925,41.7879],[-72.9194,41.7786],[-72.9085,41.776],[-72.8983,41.7232],[-72.9431,41.7188],[-72.9593,41.7167],[-72.962,41.7153],[-72.9614,41.7165],[-72.9986,41.7125],[-72.9989,41.7144],[-73.0684,41.7071],[-73.071,41.7103],[-73.0815,41.717],[-73.0887,41.7181],[-73.0977,41.7298],[-73.1019,41.731],[-73.1056,41.7364],[-73.1156,41.7419],[-73.1153,41.7452],[-73.1121,41.7507],[-73.1172,41.7567],[-73.1161,41.7599],[-73.1172,41.7629],[-73.1162,41.7698],[-73.1205,41.7746],[-73.1172,41.7814],[-73.1125,41.7822],[-73.1103,41.7879],[-73.1037,41.7951],[-73.1041,41.7984],[-73.0167,41.7982],[-72.9256,41.8092],[-72.9212,41.8071]]]}},{"type":"Feature","properties":{"leaid":"0903530","name":"Regional School District 12","kind":"Unified","gradeLow":"PK","gradeHigh":"12","state":"CT"},"geometry":{"type":"Polygon","coordinates":[[[-73.2614,41.6646],[-73.2535,41.6044],[-73.2673,41.6032],[-73.258,41.5369],[-73.2523,41.5121],[-73.3194,41.5051],[-73.3268,41.493],[-73.3248,41.4896],[-73.3271,41.4845],[-73.3227,41.4808],[-73.3209,41.477],[-73.3105,41.4688],[-73.3129,41.4674],[-73.3268,41.4695],[-73.3367,41.4757],[-73.3477,41.4781],[-73.3753,41.4892],[-73.3768,41.499],[-73.379,41.5019],[-73.3886,41.5065],[-73.385,41.511],[-73.3851,41.5125],[-73.387,41.5148],[-73.3975,41.5183],[-73.4026,41.5251],[-73.4045,41.5312],[-73.4047,41.537],[-73.4035,41.5406],[-73.3995,41.544],[-73.3921,41.5448],[-73.3907,41.5468],[-73.389,41.5469],[-73.391,41.5501],[-73.3902,41.5523],[-73.3912,41.556],[-73.372,41.5651],[-73.3431,41.5659],[-73.3591,41.6465],[-73.3704,41.6553],[-73.3779,41.659],[-73.3831,41.6871],[-73.384,41.6988],[-73.3788,41.6994],[-73.3433,41.6969],[-73.3049,41.7051],[-73.2943,41.7087],[-73.2606,41.6838],[-73.2614,41.6646]]]}},{"type":"Feature","properties":{"leaid":"0903535","name":"Regional School District 13","kind":"Unified","gradeLow":"PK","gradeHigh":"12","state":"CT"},"geometry":{"type":"Polygon","coordinates":[[[-72.6337,41.5002],[-72.6279,41.4854],[-72.637,41.4638],[-72.6226,41.4546],[-72.609,41.4431],[-72.6542,41.4383],[-72.7461,41.4233],[-72.7391,41.4383],[-72.7339,41.4854],[-72.7433,41.4831],[-72.7489,41.5443],[-72.7349,41.5443],[-72.7336,41.5462],[-72.7229,41.548],[-72.7117,41.5487],[-72.7112,41.5477],[-72.6946,41.5495],[-72.6881,41.537],[-72.6821,41.5297],[-72.6813,41.5169],[-72.6803,41.5162],[-72.6776,41.4948],[-72.6337,41.5002]]]}},{"type":"Feature","properties":{"leaid":"0903536","name":"Regional School District 14","kind":"Unified","gradeLow":"PK","gradeHigh":"12","state":"CT"},"geometry":{"type":"Polygon","coordinates":[[[-73.145,41.5578],[-73.1647,41.5571],[-73.1555,41.5143],[-73.2042,41.5085],[-73.2424,41.513],[-73.2523,41.5121],[-73.258,41.5369],[-73.2673,41.6032],[-73.2535,41.6044],[-73.2614,41.6646],[-73.1708,41.6692],[-73.145,41.5578]]]}},{"type":"Feature","properties":{"leaid":"0903537","name":"Regional School District 15","kind":"Unified","gradeLow":"PK","gradeHigh":"12","state":"CT"},"geometry":{"type":"Polygon","coordinates":[[[-73.0701,41.5143],[-73.0947,41.5138],[-73.096,41.508],[-73.0953,41.5016],[-73.1019,41.497],[-73.1045,41.4921],[-73.1042,41.4894],[-73.125,41.4876],[-73.1579,41.4894],[-73.156,41.4829],[-73.1567,41.4773],[-73.1597,41.4705],[-73.1576,41.4651],[-73.1583,41.462],[-73.16,41.4614],[-73.1619,41.4577],[-73.1647,41.4583],[-73.1658,41.4569],[-73.1648,41.4538],[-73.1662,41.4523],[-73.1642,41.4482],[-73.1849,41.4341],[-73.2077,41.4205],[-73.2118,41.4228],[-73.2171,41.4284],[-73.2221,41.4298],[-73.2265,41.4303],[-73.2359,41.4262],[-73.2384,41.4263],[-73.2423,41.4298],[-73.2423,41.4361],[-73.2453,41.4399],[-73.2577,41.4336],[-73.2637,41.4345],[-73.2658,41.4368],[-73.2675,41.4436],[-73.2737,41.4516],[-73.2807,41.4523],[-73.2939,41.4474],[-73.2978,41.4483],[-73.3008,41.4559],[-73.2983,41.4648],[-73.2996,41.4701],[-73.3028,41.4714],[-73.3105,41.4688],[-73.3128,41.4699],[-73.3209,41.477],[-73.3227,41.4808],[-73.3271,41.4845],[-73.3248,41.4896],[-73.3268,41.493],[-73.3194,41.5051],[-73.2428,41.513],[-73.2042,41.5085],[-73.1555,41.5143],[-73.1647,41.5571],[-73.1452,41.5578],[-73.0939,41.5702],[-73.0868,41.5372],[-73.0802,41.526],[-73.0723,41.5183],[-73.0701,41.5143]]]}},{"type":"Feature","properties":{"leaid":"0903538","name":"Regional School District 16","kind":"Unified","gradeLow":"PK","gradeHigh":"12","state":"CT"},"geometry":{"type":"MultiPolygon","coordinates":[[[[-73.0521,41.469],[-73.0414,41.4689],[-73.0392,41.4664],[-73.0305,41.4659],[-73.0262,41.4616],[-73.025,41.4512],[-73.0252,41.4346],[-73.0295,41.4195],[-73.0631,41.4236],[-73.0653,41.4188],[-73.0696,41.4138],[-73.0703,41.4114],[-73.0685,41.4107],[-73.0759,41.4104],[-73.0836,41.4038],[-73.0927,41.4134],[-73.0864,41.4337],[-73.0835,41.4391],[-73.0774,41.4652],[-73.0618,41.4563],[-73.0544,41.4608],[-73.0521,41.469]]],[[[-72.949,41.5227],[-72.9351,41.5076],[-72.9346,41.5012],[-72.9376,41.4971],[-72.9412,41.4952],[-72.9415,41.4917],[-72.9436,41.4885],[-72.9444,41.4794],[-72.9477,41.4774],[-72.9524,41.4646],[-73.0013,41.4711],[-73.0187,41.5196],[-72.9783,41.5339],[-72.949,41.5227]]]]}},{"type":"Feature","properties":{"leaid":"0903539","name":"Regional School District 17","kind":"Unified","gradeLow":"PK","gradeHigh":"12","state":"CT"},"geometry":{"type":"MultiPolygon","coordinates":[[[[-72.515,41.4901],[-72.518,41.4907],[-72.5232,41.4942],[-72.5177,41.4927],[-72.515,41.4901]]],[[[-72.5569,41.5109],[-72.5535,41.5033],[-72.5475,41.4997],[-72.5404,41.4987],[-72.524,41.4924],[-72.5066,41.4815],[-72.5026,41.4768],[-72.4982,41.474],[-72.4918,41.4733],[-72.4786,41.4683],[-72.4736,41.4649],[-72.4709,41.462],[-72.4674,41.4526],[-72.4639,41.4491],[-72.4634,41.4408],[-72.4537,41.4333],[-72.5242,41.4248],[-72.5388,41.4215],[-72.512,41.3416],[-72.5317,41.3368],[-72.5736,41.3148],[-72.5856,41.3099],[-72.5877,41.3119],[-72.5849,41.3129],[-72.5849,41.314],[-72.5874,41.3137],[-72.5896,41.3155],[-72.5851,41.3189],[-72.5859,41.324],[-72.5915,41.3227],[-72.5967,41.3284],[-72.6008,41.3258],[-72.606,41.3278],[-72.6115,41.3275],[-72.6121,41.3292],[-72.6143,41.3296],[-72.6144,41.3373],[-72.6111,41.3445],[-72.6129,41.3504],[-72.6115,41.3519],[-72.6127,41.3538],[-72.6126,41.3605],[-72.6122,41.3627],[-72.6097,41.3634],[-72.6093,41.3654],[-72.6106,41.3668],[-72.6081,41.3674],[-72.6088,41.3735],[-72.614,41.3808],[-72.6138,41.3844],[-72.6123,41.3862],[-72.6181,41.3917],[-72.6225,41.3936],[-72.6259,41.3972],[-72.6253,41.3995],[-72.6303,41.4027],[-72.6304,41.4068],[-72.6327,41.4095],[-72.632,41.4121],[-72.6383,41.4125],[-72.6494,41.4175],[-72.6505,41.4191],[-72.6488,41.422],[-72.6423,41.4292],[-72.6461,41.4311],[-72.6495,41.4309],[-72.6484,41.4351],[-72.6522,41.4345],[-72.6546,41.4364],[-72.6537,41.4381],[-72.609,41.4431],[-72.6226,41.4546],[-72.637,41.4638],[-72.6279,41.4854],[-72.6337,41.5002],[-72.5569,41.5109]]],[[[-72.4816,41.5142],[-72.4892,41.4989],[-72.487,41.4912],[-72.4802,41.4887],[-72.4792,41.4872],[-72.4789,41.4818],[-72.4803,41.4784],[-72.4826,41.4776],[-72.4811,41.4776],[-72.4798,41.4751],[-72.4716,41.4705],[-72.4699,41.4675],[-72.5073,41.4854],[-72.5159,41.4953],[-72.5292,41.4995],[-72.5469,41.5029],[-72.5498,41.5053],[-72.5526,41.5114],[-72.4804,41.5195],[-72.4826,41.5184],[-72.4831,41.5166],[-72.4816,41.5142]]]]}},{"type":"Feature","properties":{"leaid":"0903540","name":"Regional School District 18","kind":"Unified","gradeLow":"PK","gradeHigh":"12","state":"CT"},"geometry":{"type":"MultiPolygon","coordinates":[[[[-72.3194,41.2806],[-72.3201,41.2793],[-72.3218,41.2796],[-72.3194,41.2806]]],[[[-72.3341,41.2812],[-72.3329,41.2813],[-72.3329,41.2806],[-72.3341,41.2812]]],[[[-72.3235,41.2861],[-72.3201,41.2853],[-72.3226,41.2835],[-72.3235,41.2861]]],[[[-72.3266,41.2913],[-72.3274,41.2911],[-72.3273,41.2915],[-72.3266,41.2913]]],[[[-72.3427,41.2986],[-72.3259,41.2896],[-72.3254,41.2883],[-72.3265,41.2882],[-72.3296,41.2903],[-72.3295,41.289],[-72.3322,41.2882],[-72.3334,41.2865],[-72.329,41.2893],[-72.3266,41.288],[-72.3253,41.2879],[-72.3244,41.2845],[-72.3295,41.2862],[-72.33,41.2858],[-72.3242,41.2844],[-72.3248,41.2813],[-72.3289,41.2799],[-72.3337,41.2827],[-72.3329,41.2833],[-72.334,41.285],[-72.3369,41.2862],[-72.3394,41.2901],[-72.3427,41.2986]]],[[[-72.3479,41.3301],[-72.3426,41.3277],[-72.3448,41.3239],[-72.3472,41.3264],[-72.3479,41.3301]]],[[[-72.3545,41.3398],[-72.3459,41.337],[-72.3464,41.3321],[-72.3539,41.336],[-72.3531,41.3382],[-72.3545,41.3398]]],[[[-72.3598,41.3526],[-72.3554,41.3516],[-72.3538,41.3504],[-72.3579,41.3498],[-72.3588,41.3478],[-72.3609,41.3504],[-72.3598,41.3526]]],[[[-72.3698,41.3493],[-72.3675,41.3454],[-72.3691,41.3457],[-72.3675,41.345],[-72.3669,41.3429],[-72.3741,41.3492],[-72.3756,41.3492],[-72.3751,41.3535],[-72.3698,41.3493]]],[[[-72.3668,41.3562],[-72.3646,41.3565],[-72.3636,41.3561],[-72.3667,41.3548],[-72.3668,41.3562]]],[[[-72.3626,41.3583],[-72.3591,41.3588],[-72.3597,41.3575],[-72.3595,41.354],[-72.3618,41.3551],[-72.3626,41.3583]]],[[[-72.3571,41.3602],[-72.3572,41.359],[-72.358,41.3596],[-72.3571,41.3602]]],[[[-72.3627,41.3602],[-72.3642,41.3589],[-72.3636,41.3581],[-72.3642,41.3576],[-72.365,41.3596],[-72.3627,41.3602]]],[[[-72.3619,41.3616],[-72.3614,41.3596],[-72.363,41.3592],[-72.3619,41.3616]]],[[[-72.4161,41.3907],[-72.421,41.3918],[-72.4245,41.3955],[-72.422,41.3937],[-72.4161,41.3907]]],[[[-72.3952,41.3894],[-72.4068,41.3903],[-72.4158,41.3941],[-72.4194,41.3987],[-72.4214,41.405],[-72.4211,41.4079],[-72.4166,41.4097],[-72.4151,41.4089],[-72.4108,41.4031],[-72.4035,41.4002],[-72.3952,41.3894]]],[[[-72.4148,41.4094],[-72.4167,41.4103],[-72.4166,41.4106],[-72.4147,41.4107],[-72.4148,41.4094]]],[[[-72.2766,41.4404],[-72.2822,41.4059],[-72.2767,41.3663],[-72.2745,41.3561],[-72.2564,41.3259],[-72.2583,41.3218],[-72.2567,41.3195],[-72.2548,41.3103],[-72.253,41.3091],[-72.2487,41.2996],[-72.252,41.2984],[-72.2506,41.2917],[-72.2515,41.2899],[-72.2524,41.2909],[-72.2546,41.2898],[-72.2558,41.2864],[-72.2618,41.2822],[-72.2716,41.2846],[-72.2778,41.2838],[-72.2844,41.2809],[-72.2991,41.2786],[-72.306,41.2793],[-72.3128,41.2774],[-72.3273,41.2784],[-72.3286,41.2795],[-72.3137,41.2781],[-72.315,41.2801],[-72.3209,41.2811],[-72.3208,41.2829],[-72.3146,41.2863],[-72.3152,41.2875],[-72.3129,41.2885],[-72.3097,41.2923],[-72.3088,41.2922],[-72.3093,41.2896],[-72.3086,41.2891],[-72.308,41.2955],[-72.3087,41.2972],[-72.3113,41.2998],[-72.3095,41.3026],[-72.3099,41.3033],[-72.3081,41.3036],[-72.3032,41.3109],[-72.3036,41.312],[-72.3061,41.3066],[-72.3082,41.3057],[-72.3084,41.3037],[-72.3103,41.3035],[-72.3117,41.3],[-72.3115,41.2984],[-72.309,41.2969],[-72.3101,41.2928],[-72.3125,41.2897],[-72.3147,41.2892],[-72.3168,41.2904],[-72.3166,41.288],[-72.3181,41.287],[-72.3174,41.289],[-72.3195,41.2877],[-72.3202,41.2891],[-72.3172,41.2926],[-72.3189,41.2941],[-72.3191,41.2929],[-72.3175,41.2928],[-72.3199,41.2927],[-72.319,41.2919],[-72.3208,41.2892],[-72.3202,41.2875],[-72.322,41.2863],[-72.3236,41.2866],[-72.3266,41.2924],[-72.33,41.2941],[-72.3287,41.2959],[-72.3298,41.2969],[-72.329,41.2985],[-72.3321,41.2993],[-72.3335,41.3021],[-72.33,41.306],[-72.3313,41.305],[-72.3338,41.3058],[-72.3363,41.3034],[-72.3386,41.3051],[-72.3387,41.3035],[-72.3409,41.3038],[-72.3371,41.3013],[-72.3354,41.3021],[-72.3365,41.2999],[-72.3355,41.3007],[-72.332,41.2964],[-72.3301,41.2964],[-72.3304,41.2929],[-72.3284,41.2913],[-72.3344,41.2949],[-72.3337,41.2956],[-72.3342,41.2966],[-72.3343,41.2956],[-72.3355,41.2955],[-72.3396,41.2983],[-72.3396,41.2997],[-72.3402,41.2989],[-72.3451,41.305],[-72.3454,41.3086],[-72.3408,41.3071],[-72.3392,41.3085],[-72.3394,41.3121],[-72.3337,41.3158],[-72.3332,41.3201],[-72.3316,41.3203],[-72.3326,41.3216],[-72.3316,41.3217],[-72.3283,41.3269],[-72.3298,41.3344],[-72.3288,41.336],[-72.3264,41.336],[-72.3301,41.337],[-72.3308,41.3358],[-72.3311,41.3389],[-72.3322,41.3356],[-72.3287,41.3283],[-72.3314,41.3258],[-72.3306,41.3254],[-72.3337,41.3202],[-72.334,41.3163],[-72.3399,41.312],[-72.3408,41.3077],[-72.3454,41.3094],[-72.3467,41.3113],[-72.3441,41.3149],[-72.3441,41.321],[-72.3406,41.3289],[-72.345,41.3326],[-72.3451,41.3408],[-72.3468,41.34],[-72.3504,41.345],[-72.3514,41.3439],[-72.3511,41.3459],[-72.3524,41.3464],[-72.3539,41.3516],[-72.3591,41.3535],[-72.3593,41.3581],[-72.3565,41.3593],[-72.3568,41.3602],[-72.3573,41.3604],[-72.3589,41.359],[-72.3611,41.3598],[-72.3589,41.3644],[-72.3603,41.3622],[-72.3616,41.3625],[-72.3654,41.3597],[-72.3645,41.3573],[-72.3687,41.3594],[-72.3685,41.3616],[-72.3657,41.3643],[-72.3682,41.3643],[-72.3676,41.3636],[-72.3703,41.3611],[-72.3684,41.3581],[-72.3656,41.3574],[-72.3675,41.3562],[-72.3666,41.3539],[-72.3601,41.3529],[-72.3614,41.3507],[-72.3637,41.3505],[-72.3638,41.3496],[-72.3612,41.3503],[-72.3591,41.3475],[-72.3578,41.3478],[-72.3571,41.3497],[-72.355,41.3495],[-72.3548,41.3463],[-72.3585,41.3462],[-72.3616,41.3435],[-72.3544,41.3378],[-72.3594,41.3396],[-72.364,41.3432],[-72.3674,41.3516],[-72.3749,41.3574],[-72.3762,41.3634],[-72.3719,41.3743],[-72.3615,41.3732],[-72.3604,41.376],[-72.3565,41.3796],[-72.3561,41.3822],[-72.3513,41.3843],[-72.3527,41.3919],[-72.3557,41.3879],[-72.353,41.3853],[-72.3569,41.3827],[-72.3581,41.3804],[-72.3643,41.3755],[-72.3675,41.3756],[-72.3659,41.3777],[-72.3692,41.3756],[-72.3726,41.3758],[-72.3767,41.3797],[-72.3793,41.3867],[-72.3815,41.3883],[-72.3935,41.3895],[-72.4038,41.4012],[-72.4109,41.4039],[-72.4142,41.4093],[-72.4118,41.4117],[-72.4168,41.4126],[-72.4188,41.4111],[-72.4181,41.4101],[-72.4191,41.4091],[-72.4209,41.4091],[-72.4309,41.4237],[-72.403,41.4248],[-72.3998,41.4261],[-72.3055,41.4363],[-72.3049,41.4327],[-72.2866,41.4391],[-72.2766,41.4404]]]]}},{"type":"Feature","properties":{"leaid":"0903810","name":"Ridgefield School District","kind":"Unified","gradeLow":"PK","gradeHigh":"12","state":"CT"},"geometry":{"type":"Polygon","coordinates":[[[-73.4701,41.3264],[-73.4661,41.3122],[-73.4512,41.306],[-73.4471,41.2785],[-73.4382,41.2652],[-73.461,41.2556],[-73.4639,41.2528],[-73.4692,41.252],[-73.5025,41.2372],[-73.551,41.2954],[-73.5491,41.3251],[-73.5436,41.3751],[-73.5064,41.3774],[-73.5016,41.362],[-73.4854,41.3566],[-73.4701,41.3264]]]}},{"type":"Feature","properties":{"leaid":"0903840","name":"Rocky Hill School District","kind":"Unified","gradeLow":"PK","gradeHigh":"12","state":"CT"},"geometry":{"type":"Polygon","coordinates":[[[-72.6301,41.6398],[-72.7139,41.6277],[-72.7123,41.6306],[-72.7138,41.6348],[-72.7153,41.6527],[-72.703,41.6543],[-72.706,41.6688],[-72.6831,41.6719],[-72.6771,41.6699],[-72.6699,41.6699],[-72.667,41.6726],[-72.6653,41.6801],[-72.6633,41.6809],[-72.6491,41.685],[-72.6184,41.6878],[-72.612,41.6837],[-72.6106,41.68],[-72.6128,41.6829],[-72.6104,41.6796],[-72.6102,41.6772],[-72.611,41.6748],[-72.624,41.6709],[-72.6292,41.6664],[-72.6291,41.6619],[-72.6258,41.6537],[-72.6262,41.6453],[-72.6301,41.6398]]]}},{"type":"Feature","properties":{"leaid":"0903990","name":"Seymour School District","kind":"Unified","gradeLow":"PK","gradeHigh":"12","state":"CT"},"geometry":{"type":"Polygon","coordinates":[[[-73.0417,41.4209],[-73.0471,41.3988],[-73.0489,41.3841],[-73.0472,41.3605],[-73.0707,41.3602],[-73.08,41.3628],[-73.0853,41.363],[-73.0919,41.3603],[-73.0895,41.3631],[-73.092,41.3621],[-73.0923,41.3606],[-73.0948,41.3607],[-73.1024,41.3529],[-73.124,41.3456],[-73.1254,41.3473],[-73.1359,41.3517],[-73.1387,41.3621],[-73.147,41.3678],[-73.1158,41.3863],[-73.1138,41.3888],[-73.1105,41.3981],[-73.0887,41.3997],[-73.0759,41.4104],[-73.0685,41.4107],[-73.0703,41.4114],[-73.0696,41.4138],[-73.0653,41.4188],[-73.0631,41.4236],[-73.0417,41.4209]]]}},{"type":"Feature","properties":{"leaid":"0904050","name":"Shelton School District","kind":"Unified","gradeLow":"PK","gradeHigh":"12","state":"CT"},"geometry":{"type":"Polygon","coordinates":[[[-73.0952,41.2577],[-73.103,41.2595],[-73.1041,41.2632],[-73.1073,41.2644],[-73.1059,41.2668],[-73.1083,41.2686],[-73.1469,41.2554],[-73.1553,41.2691],[-73.1739,41.2686],[-73.2048,41.2994],[-73.1768,41.3376],[-73.1707,41.3579],[-73.158,41.3762],[-73.1414,41.3622],[-73.1387,41.3523],[-73.1258,41.3453],[-73.1237,41.3413],[-73.1254,41.3418],[-73.1174,41.3322],[-73.1071,41.3262],[-73.0969,41.3222],[-73.0852,41.313],[-73.0796,41.312],[-73.0783,41.307],[-73.0697,41.2989],[-73.0688,41.3003],[-73.0664,41.2984],[-73.0659,41.2951],[-73.0685,41.299],[-73.0695,41.2986],[-73.0678,41.2921],[-73.0713,41.2884],[-73.0831,41.2841],[-73.0855,41.2817],[-73.0905,41.2707],[-73.0895,41.2562],[-73.0906,41.2576],[-73.0944,41.2568],[-73.0948,41.2587],[-73.0969,41.2589],[-73.0952,41.2577]]]}},{"type":"Feature","properties":{"leaid":"0904140","name":"Somers School District","kind":"Unified","gradeLow":"PK","gradeHigh":"12","state":"CT"},"geometry":{"type":"Polygon","coordinates":[[[-72.5092,42.0344],[-72.3974,42.0331],[-72.4067,41.9572],[-72.4927,41.9475],[-72.5092,42.0344]]]}},{"type":"Feature","properties":{"leaid":"0904170","name":"South Windsor School District","kind":"Unified","gradeLow":"PK","gradeHigh":"12","state":"CT"},"geometry":{"type":"Polygon","coordinates":[[[-72.4968,41.8606],[-72.5054,41.8203],[-72.5836,41.8006],[-72.6441,41.7978],[-72.6438,41.8046],[-72.6457,41.8048],[-72.6456,41.8058],[-72.6404,41.8252],[-72.6389,41.8288],[-72.6299,41.8372],[-72.6256,41.8457],[-72.6193,41.8683],[-72.5173,41.8699],[-72.5183,41.8569],[-72.4968,41.8606]]]}},{"type":"Feature","properties":{"leaid":"0904230","name":"Southington School District","kind":"Unified","gradeLow":"PK","gradeHigh":"12","state":"CT"},"geometry":{"type":"Polygon","coordinates":[[[-72.8142,41.6457],[-72.8252,41.6298],[-72.8253,41.6277],[-72.818,41.6276],[-72.8223,41.6216],[-72.8202,41.6211],[-72.8206,41.6193],[-72.8228,41.6176],[-72.8194,41.6156],[-72.8183,41.6069],[-72.8202,41.6069],[-72.8235,41.6043],[-72.8265,41.5869],[-72.8339,41.5832],[-72.8365,41.5805],[-72.8402,41.5691],[-72.8485,41.5673],[-72.8443,41.5447],[-72.8678,41.549],[-72.8695,41.5545],[-72.8719,41.5549],[-72.8719,41.557],[-72.8733,41.5565],[-72.8741,41.5593],[-72.8797,41.5625],[-72.8793,41.5632],[-72.8839,41.5638],[-72.9463,41.5568],[-72.9336,41.6078],[-72.9385,41.6443],[-72.9286,41.6455],[-72.9278,41.6407],[-72.922,41.6411],[-72.9239,41.6455],[-72.8226,41.6557],[-72.8207,41.6557],[-72.8192,41.645],[-72.8142,41.6457]]]}},{"type":"Feature","properties":{"leaid":"0904290","name":"Stafford School District","kind":"Unified","gradeLow":"PK","gradeHigh":"12","state":"CT"},"geometry":{"type":"Polygon","coordinates":[[[-72.3974,42.0331],[-72.3388,42.0322],[-72.2051,42.0311],[-72.2164,41.9964],[-72.2349,41.9576],[-72.2368,41.9583],[-72.2367,41.9399],[-72.4072,41.9414],[-72.4071,41.9572],[-72.3974,42.0331]]]}},{"type":"Feature","properties":{"leaid":"0904320","name":"Stamford School District","kind":"Unified","gradeLow":"PK","gradeHigh":"12","state":"CT"},"geometry":{"type":"MultiPolygon","coordinates":[[[[-73.5394,41.0254],[-73.5406,41.0261],[-73.5393,41.0274],[-73.5394,41.0254]]],[[[-73.5359,41.0305],[-73.5356,41.0297],[-73.5361,41.0301],[-73.5359,41.0305]]],[[[-73.5047,41.0338],[-73.5053,41.0337],[-73.5052,41.0342],[-73.5047,41.0338]]],[[[-73.509,41.0352],[-73.5095,41.0343],[-73.5104,41.0352],[-73.509,41.0352]]],[[[-73.5064,41.0369],[-73.5045,41.0354],[-73.5072,41.0369],[-73.5064,41.0369]]],[[[-73.4959,41.0486],[-73.4964,41.0485],[-73.4961,41.0488],[-73.4959,41.0486]]],[[[-73.5531,41.1742],[-73.5404,41.1603],[-73.5323,41.1546],[-73.5331,41.152],[-73.5344,41.1515],[-73.5341,41.1498],[-73.5225,41.1189],[-73.5223,41.1145],[-73.5008,41.1144],[-73.5065,41.1096],[-73.5093,41.1097],[-73.5114,41.1076],[-73.5115,41.1058],[-73.5094,41.1038],[-73.5149,41.0944],[-73.5144,41.0916],[-73.5157,41.0893],[-73.5146,41.0877],[-73.5182,41.0803],[-73.5146,41.0748],[-73.5154,41.0743],[-73.5113,41.0727],[-73.5101,41.0708],[-73.5101,41.0672],[-73.5081,41.0621],[-73.5022,41.0535],[-73.5032,41.0529],[-73.5026,41.0501],[-73.496,41.0475],[-73.4998,41.0457],[-73.4998,41.0428],[-73.502,41.0429],[-73.5009,41.0414],[-73.5017,41.0411],[-73.503,41.0468],[-73.5042,41.0441],[-73.5035,41.0429],[-73.5056,41.0417],[-73.5077,41.0374],[-73.5098,41.0381],[-73.51,41.0395],[-73.5108,41.0383],[-73.5204,41.0378],[-73.5207,41.0401],[-73.5187,41.0398],[-73.5222,41.0421],[-73.5213,41.0406],[-73.5225,41.0382],[-73.5214,41.0376],[-73.5221,41.0325],[-73.5207,41.0307],[-73.5168,41.0295],[-73.5227,41.0193],[-73.5273,41.0186],[-73.5289,41.0164],[-73.5312,41.0219],[-73.5301,41.0238],[-73.5302,41.0288],[-73.5326,41.0316],[-73.5315,41.034],[-73.5324,41.0327],[-73.5357,41.0328],[-73.5342,41.035],[-73.5345,41.0332],[-73.5335,41.0333],[-73.5319,41.0377],[-73.5299,41.0362],[-73.5315,41.038],[-73.5306,41.0392],[-73.5285,41.0391],[-73.5299,41.0456],[-73.5337,41.0479],[-73.5315,41.0454],[-73.5307,41.0402],[-73.5369,41.0356],[-73.5375,41.0314],[-73.5399,41.0358],[-73.5401,41.0324],[-73.541,41.0323],[-73.5433,41.0398],[-73.5446,41.0422],[-73.5462,41.042],[-73.5425,41.0292],[-73.5448,41.0252],[-73.5459,41.0266],[-73.5474,41.0262],[-73.5471,41.0224],[-73.5484,41.0224],[-73.5501,41.025],[-73.549,41.0254],[-73.5501,41.0268],[-73.5477,41.0279],[-73.5495,41.0309],[-73.5499,41.0286],[-73.551,41.0282],[-73.5507,41.0255],[-73.5531,41.0235],[-73.5543,41.0242],[-73.5556,41.0284],[-73.5632,41.0402],[-73.5683,41.0597],[-73.6339,41.144],[-73.5548,41.1799],[-73.5523,41.1761],[-73.5531,41.1742]]]]}},{"type":"Feature","properties":{"leaid":"0904380","name":"Stonington School District","kind":"Unified","gradeLow":"PK","gradeHigh":"12","state":"CT"},"geometry":{"type":"MultiPolygon","coordinates":[[[[-71.9784,41.3118],[-71.976,41.3116],[-71.978,41.3107],[-71.9799,41.3114],[-71.98,41.3134],[-71.977,41.3165],[-71.9788,41.3135],[-71.9784,41.3118]]],[[[-71.9763,41.318],[-71.9769,41.317],[-71.9766,41.318],[-71.9763,41.318]]],[[[-71.9755,41.3177],[-71.9751,41.318],[-71.9751,41.3179],[-71.9755,41.3177]]],[[[-71.9642,41.324],[-71.9619,41.3222],[-71.9631,41.3209],[-71.9642,41.3215],[-71.9642,41.324]]],[[[-71.8915,41.3301],[-71.8907,41.3295],[-71.892,41.3301],[-71.8915,41.3301]]],[[[-71.8972,41.3307],[-71.8921,41.3301],[-71.893,41.3277],[-71.8972,41.3307]]],[[[-71.9534,41.3315],[-71.9548,41.3308],[-71.9533,41.3289],[-71.9556,41.3272],[-71.955,41.3312],[-71.9534,41.3315]]],[[[-71.9466,41.3317],[-71.9471,41.3307],[-71.947,41.3316],[-71.9466,41.3317]]],[[[-71.9551,41.3317],[-71.9571,41.3302],[-71.9583,41.333],[-71.9557,41.3349],[-71.9551,41.3317]]],[[[-71.9433,41.4336],[-71.8425,41.4087],[-71.8436,41.4053],[-71.8416,41.403],[-71.8411,41.3997],[-71.8422,41.3954],[-71.8387,41.3911],[-71.8327,41.3872],[-71.8335,41.3823],[-71.8306,41.3788],[-71.8329,41.376],[-71.8322,41.3701],[-71.8381,41.3656],[-71.8399,41.3596],[-71.837,41.3516],[-71.8322,41.3503],[-71.8333,41.3478],[-71.8302,41.3461],[-71.8313,41.3449],[-71.8308,41.3426],[-71.832,41.3426],[-71.84,41.3346],[-71.8512,41.329],[-71.8525,41.3303],[-71.8534,41.3266],[-71.8575,41.3249],[-71.8594,41.3226],[-71.8611,41.3231],[-71.8623,41.3317],[-71.8636,41.331],[-71.8637,41.3279],[-71.8653,41.3278],[-71.8656,41.3305],[-71.8677,41.328],[-71.8696,41.3283],[-71.8682,41.3315],[-71.866,41.3323],[-71.8669,41.3334],[-71.8632,41.3334],[-71.8629,41.3347],[-71.8667,41.3357],[-71.869,41.3344],[-71.8694,41.3358],[-71.8714,41.3357],[-71.8709,41.3373],[-71.8684,41.3383],[-71.8695,41.3385],[-71.8748,41.3381],[-71.8759,41.3363],[-71.8783,41.3362],[-71.8806,41.3385],[-71.8798,41.3395],[-71.8811,41.3459],[-71.8825,41.3455],[-71.8815,41.3467],[-71.8818,41.3515],[-71.8773,41.36],[-71.8796,41.3583],[-71.8809,41.3553],[-71.8819,41.3554],[-71.8813,41.3546],[-71.8834,41.3515],[-71.8881,41.3497],[-71.8902,41.3504],[-71.8885,41.3492],[-71.8841,41.3506],[-71.8833,41.349],[-71.8856,41.344],[-71.8828,41.3451],[-71.8894,41.3408],[-71.886,41.3391],[-71.8876,41.3346],[-71.8891,41.3357],[-71.8907,41.3339],[-71.8933,41.3337],[-71.8892,41.3373],[-71.8884,41.3364],[-71.8877,41.3385],[-71.8898,41.3405],[-71.8906,41.3388],[-71.8909,41.3396],[-71.8927,41.3384],[-71.8934,41.3357],[-71.8954,41.3342],[-71.9018,41.3348],[-71.9049,41.3317],[-71.9041,41.3298],[-71.9053,41.3272],[-71.9072,41.3299],[-71.9093,41.3305],[-71.9077,41.3303],[-71.9074,41.3333],[-71.9104,41.3344],[-71.9089,41.335],[-71.9113,41.3351],[-71.9077,41.339],[-71.9115,41.3414],[-71.9091,41.3419],[-71.9087,41.3436],[-71.9149,41.3449],[-71.9129,41.3455],[-71.9135,41.3486],[-71.9161,41.3472],[-71.9172,41.3478],[-71.9177,41.3459],[-71.921,41.3467],[-71.9202,41.3448],[-71.9222,41.3427],[-71.9147,41.3425],[-71.9173,41.3404],[-71.9167,41.3322],[-71.9211,41.3279],[-71.9218,41.3316],[-71.9243,41.3301],[-71.9254,41.3313],[-71.9228,41.3333],[-71.9221,41.3346],[-71.9227,41.3339],[-71.9234,41.335],[-71.9235,41.3333],[-71.9257,41.3342],[-71.9298,41.3328],[-71.9297,41.3351],[-71.9312,41.3359],[-71.9329,41.3341],[-71.933,41.3367],[-71.9373,41.338],[-71.9346,41.3399],[-71.9348,41.341],[-71.9365,41.3403],[-71.9357,41.3421],[-71.9367,41.3425],[-71.9356,41.3425],[-71.9361,41.3439],[-71.9348,41.3436],[-71.9355,41.345],[-71.934,41.3455],[-71.9359,41.3494],[-71.9346,41.3503],[-71.9361,41.3542],[-71.9375,41.354],[-71.9373,41.3555],[-71.9387,41.3541],[-71.9365,41.3517],[-71.9371,41.3423],[-71.9398,41.3406],[-71.9377,41.3394],[-71.9379,41.3378],[-71.9465,41.3355],[-71.9467,41.3378],[-71.9456,41.3379],[-71.9468,41.3396],[-71.9495,41.3344],[-71.9531,41.3326],[-71.9537,41.3352],[-71.9498,41.3381],[-71.9522,41.3402],[-71.9518,41.3419],[-71.9539,41.3384],[-71.9548,41.3391],[-71.954,41.3406],[-71.9553,41.341],[-71.9578,41.3369],[-71.9596,41.34],[-71.9616,41.3402],[-71.9612,41.339],[-71.9632,41.3384],[-71.9622,41.3338],[-71.9643,41.3277],[-71.9634,41.3271],[-71.9639,41.3246],[-71.9654,41.3251],[-71.9649,41.3264],[-71.9658,41.3259],[-71.9694,41.3208],[-71.971,41.3268],[-71.97,41.3283],[-71.9742,41.3269],[-71.9743,41.3292],[-71.9721,41.3293],[-71.9713,41.3326],[-71.9695,41.3327],[-71.9688,41.3338],[-71.9713,41.333],[-71.9734,41.3309],[-71.9741,41.3312],[-71.9754,41.3286],[-71.9781,41.3287],[-71.9742,41.3315],[-71.9748,41.3337],[-71.9723,41.3345],[-71.9724,41.3376],[-71.974,41.338],[-71.9722,41.3417],[-71.9706,41.3393],[-71.9688,41.3414],[-71.9666,41.3402],[-71.9627,41.3429],[-71.9603,41.3417],[-71.9619,41.3406],[-71.9595,41.3403],[-71.9584,41.3436],[-71.9594,41.3433],[-71.9604,41.3462],[-71.9593,41.3476],[-71.9606,41.3494],[-71.9618,41.3499],[-71.9618,41.3476],[-71.9639,41.3477],[-71.9659,41.346],[-71.9684,41.3474],[-71.966,41.3473],[-71.9654,41.3492],[-71.9705,41.3492],[-71.9711,41.3514],[-71.9671,41.3581],[-71.9673,41.3697],[-71.9635,41.3791],[-71.9642,41.3826],[-71.9612,41.3868],[-71.9586,41.3881],[-71.9606,41.3901],[-71.9609,41.3931],[-71.9587,41.3979],[-71.9613,41.3979],[-71.9626,41.3993],[-71.962,41.4012],[-71.9637,41.407],[-71.9628,41.4114],[-71.9569,41.4138],[-71.9508,41.4245],[-71.9432,41.4291],[-71.9433,41.4336]]]]}},{"type":"Feature","properties":{"leaid":"0904440","name":"Stratford School District","kind":"Unified","gradeLow":"PK","gradeHigh":"12","state":"CT"},"geometry":{"type":"MultiPolygon","coordinates":[[[[-73.1434,41.1531],[-73.1429,41.1524],[-73.1454,41.1535],[-73.1434,41.1531]]],[[[-73.1166,41.1949],[-73.117,41.1935],[-73.1175,41.1938],[-73.1166,41.1949]]],[[[-73.1093,41.2172],[-73.1104,41.2161],[-73.1118,41.2194],[-73.1114,41.2227],[-73.1095,41.2201],[-73.1093,41.2172]]],[[[-73.1072,41.265],[-73.1041,41.2632],[-73.103,41.2595],[-73.0972,41.2589],[-73.0953,41.2581],[-73.0946,41.2562],[-73.0915,41.2568],[-73.0889,41.2544],[-73.0887,41.2526],[-73.0925,41.2464],[-73.1053,41.2393],[-73.1139,41.2253],[-73.1157,41.2178],[-73.1142,41.2159],[-73.1139,41.2213],[-73.1115,41.2129],[-73.1127,41.208],[-73.111,41.205],[-73.1114,41.2005],[-73.1159,41.1968],[-73.1229,41.1877],[-73.1242,41.1815],[-73.1255,41.1813],[-73.1244,41.181],[-73.1248,41.1777],[-73.121,41.1754],[-73.1242,41.1769],[-73.1263,41.1732],[-73.1222,41.172],[-73.1194,41.1736],[-73.1207,41.1717],[-73.1146,41.1714],[-73.109,41.1669],[-73.1104,41.1662],[-73.1086,41.164],[-73.1104,41.1597],[-73.11,41.157],[-73.1034,41.1555],[-73.1013,41.1538],[-73.103,41.1514],[-73.1084,41.1522],[-73.1111,41.1508],[-73.1179,41.1512],[-73.1303,41.1468],[-73.1401,41.1489],[-73.1449,41.1518],[-73.1644,41.158],[-73.1634,41.1609],[-73.1586,41.157],[-73.1487,41.1536],[-73.1477,41.1545],[-73.1399,41.1501],[-73.1411,41.1522],[-73.1373,41.1537],[-73.136,41.1528],[-73.1369,41.1544],[-73.1346,41.1559],[-73.139,41.1548],[-73.1408,41.1551],[-73.1407,41.1563],[-73.1427,41.1557],[-73.1425,41.1569],[-73.1401,41.1574],[-73.141,41.1584],[-73.1401,41.1602],[-73.1426,41.1587],[-73.1437,41.1608],[-73.1439,41.1578],[-73.1468,41.1569],[-73.1476,41.1554],[-73.1487,41.1558],[-73.1468,41.1584],[-73.148,41.1594],[-73.1494,41.1559],[-73.1541,41.1567],[-73.1588,41.1607],[-73.1584,41.162],[-73.1628,41.1627],[-73.1599,41.1661],[-73.1614,41.1666],[-73.1593,41.1738],[-73.1554,41.178],[-73.1542,41.1831],[-73.1552,41.1903],[-73.1538,41.1927],[-73.1628,41.2202],[-73.1611,41.2246],[-73.1575,41.2286],[-73.1506,41.2323],[-73.1467,41.2368],[-73.1407,41.238],[-73.1432,41.2412],[-73.1454,41.2541],[-73.1469,41.2554],[-73.1083,41.2686],[-73.1059,41.2668],[-73.1072,41.265]]]]}},{"type":"Feature","properties":{"leaid":"0904470","name":"Suffield School District","kind":"Unified","gradeLow":"PK","gradeHigh":"12","state":"CT"},"geometry":{"type":"Polygon","coordinates":[[[-72.608,42.0311],[-72.6049,42.0119],[-72.6075,41.9993],[-72.6036,41.9898],[-72.607,41.9738],[-72.6116,41.9608],[-72.6139,41.9435],[-72.7162,41.9498],[-72.7076,41.9734],[-72.7784,41.9894],[-72.7747,42.0024],[-72.7667,42.0033],[-72.7663,42.0079],[-72.7615,42.0093],[-72.7631,42.0133],[-72.7606,42.0157],[-72.7597,42.0151],[-72.7589,42.0155],[-72.7629,42.0197],[-72.7658,42.0196],[-72.7645,42.021],[-72.7653,42.0221],[-72.7635,42.0212],[-72.7612,42.0227],[-72.759,42.021],[-72.7567,42.0216],[-72.7519,42.0298],[-72.7535,42.032],[-72.7573,42.0334],[-72.7559,42.0363],[-72.6993,42.037],[-72.6402,42.032],[-72.608,42.0311]]]}},{"type":"Feature","properties":{"leaid":"0904500","name":"Thomaston School District","kind":"Unified","gradeLow":"PK","gradeHigh":"12","state":"CT"},"geometry":{"type":"Polygon","coordinates":[[[-73.0504,41.6097],[-73.0588,41.6067],[-73.0579,41.6162],[-73.0591,41.6198],[-73.0631,41.6209],[-73.0672,41.624],[-73.0687,41.6267],[-73.0777,41.6313],[-73.0773,41.6339],[-73.0809,41.6422],[-73.0811,41.6477],[-73.0931,41.6516],[-73.0949,41.6548],[-73.1038,41.6579],[-73.1073,41.6566],[-73.1092,41.658],[-73.114,41.6568],[-73.1138,41.6611],[-73.1185,41.6617],[-73.1219,41.6604],[-73.1236,41.6633],[-73.1257,41.6642],[-73.1293,41.6636],[-73.1317,41.6617],[-73.1342,41.6656],[-73.1393,41.6685],[-73.1415,41.6727],[-73.0686,41.707],[-73.0553,41.7082],[-73.0648,41.641],[-73.0504,41.6097]]]}},{"type":"Feature","properties":{"leaid":"0904530","name":"Thompson School District","kind":"Unified","gradeLow":"PK","gradeHigh":"12","state":"CT"},"geometry":{"type":"Polygon","coordinates":[[[-71.963,42.0262],[-71.8007,42.0235],[-71.7992,42.0081],[-71.7979,41.9324],[-71.9318,41.9316],[-71.9535,42.0001],[-71.963,42.0262]]]}},{"type":"Feature","properties":{"leaid":"0904560","name":"Tolland School District","kind":"Unified","gradeLow":"PK","gradeHigh":"12","state":"CT"},"geometry":{"type":"Polygon","coordinates":[[[-72.3097,41.8378],[-72.4215,41.8255],[-72.4288,41.8813],[-72.4313,41.915],[-72.3069,41.9296],[-72.3052,41.9242],[-72.2988,41.9191],[-72.2968,41.9111],[-72.2912,41.9063],[-72.2927,41.9002],[-72.2909,41.8973],[-72.3021,41.8922],[-72.3031,41.8892],[-72.2982,41.8878],[-72.3013,41.8869],[-72.3047,41.8825],[-72.3067,41.8829],[-72.3065,41.881],[-72.3089,41.8784],[-72.3082,41.875],[-72.3119,41.8737],[-72.3065,41.8609],[-72.3072,41.8561],[-72.3038,41.8533],[-72.3042,41.8506],[-72.3097,41.8479],[-72.3088,41.8402],[-72.3097,41.8378]]]}},{"type":"Feature","properties":{"leaid":"0904590","name":"Torrington School District","kind":"Unified","gradeLow":"PK","gradeHigh":"12","state":"CT"},"geometry":{"type":"Polygon","coordinates":[[[-73.0535,41.8873],[-73.0767,41.7985],[-73.1041,41.7984],[-73.1037,41.7951],[-73.1103,41.7879],[-73.1125,41.7822],[-73.1172,41.7814],[-73.1198,41.7756],[-73.1586,41.7848],[-73.1632,41.794],[-73.2018,41.79],[-73.1707,41.8943],[-73.1582,41.8922],[-73.1532,41.8874],[-73.1533,41.8857],[-73.1516,41.8856],[-73.1532,41.8726],[-73.0535,41.8873]]]}},{"type":"Feature","properties":{"leaid":"0904620","name":"Trumbull School District","kind":"Unified","gradeLow":"PK","gradeHigh":"12","state":"CT"},"geometry":{"type":"Polygon","coordinates":[[[-73.1553,41.2691],[-73.1454,41.2541],[-73.1432,41.2412],[-73.1407,41.238],[-73.1467,41.2368],[-73.1539,41.23],[-73.1695,41.2228],[-73.1873,41.2205],[-73.1907,41.2242],[-73.1832,41.2237],[-73.1845,41.2259],[-73.1814,41.2271],[-73.1883,41.2275],[-73.1909,41.225],[-73.1964,41.2277],[-73.2011,41.2283],[-73.2015,41.2296],[-73.2073,41.2278],[-73.2124,41.2285],[-73.2442,41.2266],[-73.2486,41.232],[-73.2361,41.2384],[-73.2712,41.2793],[-73.2745,41.2839],[-73.2752,41.2918],[-73.2744,41.2938],[-73.2724,41.2941],[-73.2048,41.2994],[-73.1739,41.2686],[-73.1553,41.2691]]]}},{"type":"Feature","properties":{"leaid":"0904680","name":"Vernon School District","kind":"Unified","gradeLow":"PK","gradeHigh":"12","state":"CT"},"geometry":{"type":"Polygon","coordinates":[[[-72.428,41.8746],[-72.4189,41.8066],[-72.4207,41.8062],[-72.4735,41.7983],[-72.476,41.813],[-72.5075,41.8097],[-72.4987,41.8533],[-72.4955,41.866],[-72.4945,41.8663],[-72.428,41.8746]]]}},{"type":"Feature","properties":{"leaid":"0904740","name":"Wallingford School District","kind":"Unified","gradeLow":"PK","gradeHigh":"12","state":"CT"},"geometry":{"type":"Polygon","coordinates":[[[-72.7448,41.4982],[-72.7433,41.4831],[-72.7339,41.4854],[-72.7391,41.4383],[-72.7461,41.4233],[-72.7986,41.4051],[-72.8276,41.3966],[-72.8274,41.4244],[-72.8342,41.4242],[-72.8385,41.4273],[-72.8442,41.426],[-72.8442,41.427],[-72.8476,41.4272],[-72.848,41.4261],[-72.8509,41.432],[-72.8501,41.434],[-72.8867,41.448],[-72.8781,41.4575],[-72.8766,41.4597],[-72.8774,41.4612],[-72.8463,41.5028],[-72.8503,41.5157],[-72.7961,41.5048],[-72.7726,41.4967],[-72.7448,41.4982]]]}},{"type":"Feature","properties":{"leaid":"0904830","name":"Waterbury School District","kind":"Unified","gradeLow":"PK","gradeHigh":"12","state":"CT"},"geometry":{"type":"Polygon","coordinates":[[[-73.0186,41.6141],[-73.0121,41.5838],[-72.9799,41.5533],[-72.9568,41.5553],[-72.9686,41.5313],[-72.9694,41.5302],[-72.9783,41.5339],[-73.0189,41.5194],[-73.0476,41.5152],[-73.0701,41.5143],[-73.0723,41.5183],[-73.0802,41.526],[-73.0868,41.5372],[-73.0939,41.5702],[-73.0924,41.5705],[-73.083,41.5856],[-73.0804,41.5867],[-73.0782,41.5861],[-73.0776,41.5875],[-73.058,41.5886],[-73.0604,41.5947],[-73.0607,41.6008],[-73.0589,41.6027],[-73.0595,41.6062],[-73.0362,41.6152],[-73.0186,41.6141]]]}},{"type":"Feature","properties":{"leaid":"0904860","name":"Waterford School District","kind":"Unified","gradeLow":"PK","gradeHigh":"12","state":"CT"},"geometry":{"type":"MultiPolygon","coordinates":[[[[-72.1024,41.3049],[-72.1031,41.3048],[-72.1028,41.3049],[-72.1024,41.3049]]],[[[-72.1018,41.3067],[-72.1021,41.3093],[-72.1013,41.3106],[-72.102,41.3093],[-72.1018,41.3067]]],[[[-72.1006,41.3112],[-72.1011,41.311],[-72.1006,41.3116],[-72.1006,41.3112]]],[[[-72.1022,41.4258],[-72.0976,41.4236],[-72.0968,41.4132],[-72.0988,41.4111],[-72.0985,41.401],[-72.1022,41.3977],[-72.1012,41.3966],[-72.1025,41.3948],[-72.1012,41.3911],[-72.1002,41.3946],[-72.0959,41.3917],[-72.0958,41.3902],[-72.101,41.3898],[-72.1021,41.3885],[-72.1006,41.3892],[-72.0975,41.3877],[-72.0987,41.3854],[-72.1098,41.3829],[-72.1279,41.3657],[-72.1285,41.3576],[-72.1135,41.3436],[-72.1086,41.3286],[-72.1017,41.3146],[-72.1061,41.3208],[-72.1059,41.3181],[-72.1015,41.313],[-72.1014,41.3112],[-72.1039,41.3093],[-72.1021,41.3082],[-72.1023,41.3065],[-72.106,41.3045],[-72.1022,41.3046],[-72.1016,41.3035],[-72.1068,41.3034],[-72.113,41.299],[-72.1186,41.3007],[-72.1163,41.3007],[-72.1185,41.3024],[-72.1185,41.3037],[-72.1177,41.3034],[-72.1186,41.3063],[-72.1196,41.3038],[-72.1205,41.3035],[-72.1211,41.3051],[-72.1243,41.3027],[-72.1191,41.3027],[-72.1168,41.3009],[-72.128,41.301],[-72.1342,41.2994],[-72.1441,41.3027],[-72.1489,41.3081],[-72.1476,41.3087],[-72.1459,41.3068],[-72.1485,41.3112],[-72.1546,41.314],[-72.1497,41.3143],[-72.1479,41.3113],[-72.1489,41.3169],[-72.1473,41.3231],[-72.1482,41.3253],[-72.1463,41.3302],[-72.1467,41.335],[-72.1443,41.3381],[-72.1411,41.3381],[-72.1406,41.3399],[-72.1422,41.3408],[-72.1412,41.3398],[-72.1418,41.3386],[-72.1446,41.3385],[-72.1473,41.3361],[-72.1488,41.3277],[-72.1489,41.3246],[-72.1482,41.325],[-72.1506,41.3217],[-72.1502,41.3182],[-72.1526,41.3164],[-72.1561,41.318],[-72.157,41.3163],[-72.1554,41.3151],[-72.1562,41.3143],[-72.1631,41.3116],[-72.1639,41.3085],[-72.1616,41.3062],[-72.1603,41.3067],[-72.1653,41.3044],[-72.1661,41.3056],[-72.165,41.3057],[-72.1663,41.3069],[-72.167,41.3058],[-72.1689,41.309],[-72.1737,41.3095],[-72.1722,41.3138],[-72.1739,41.3176],[-72.1778,41.3206],[-72.1759,41.3245],[-72.1779,41.3256],[-72.1744,41.3279],[-72.1774,41.3307],[-72.1745,41.3344],[-72.1752,41.3374],[-72.1741,41.341],[-72.1782,41.3489],[-72.1762,41.3567],[-72.178,41.3528],[-72.179,41.353],[-72.1778,41.3526],[-72.1818,41.3498],[-72.1824,41.3474],[-72.187,41.3471],[-72.1858,41.3499],[-72.1888,41.3558],[-72.1877,41.3568],[-72.1887,41.3634],[-72.1902,41.3638],[-72.1899,41.3662],[-72.1921,41.3671],[-72.1929,41.3707],[-72.1916,41.3731],[-72.1928,41.3755],[-72.2193,41.4121],[-72.1044,41.4275],[-72.1013,41.4264],[-72.1022,41.4258]]]]}},{"type":"Feature","properties":{"leaid":"0904890","name":"Watertown School District","kind":"Unified","gradeLow":"PK","gradeHigh":"12","state":"CT"},"geometry":{"type":"Polygon","coordinates":[[[-73.058,41.6067],[-73.0597,41.6058],[-73.0589,41.6027],[-73.0607,41.6008],[-73.0602,41.5935],[-73.0574,41.5893],[-73.058,41.5886],[-73.0804,41.5867],[-73.083,41.5856],[-73.0924,41.5705],[-73.145,41.5578],[-73.1708,41.6692],[-73.1415,41.6727],[-73.1393,41.6685],[-73.1342,41.6656],[-73.1317,41.6617],[-73.1293,41.6636],[-73.1257,41.6642],[-73.1236,41.6633],[-73.1219,41.6604],[-73.1185,41.6617],[-73.1138,41.6611],[-73.114,41.6568],[-73.1092,41.658],[-73.1073,41.6566],[-73.1038,41.6579],[-73.0949,41.6548],[-73.0931,41.6516],[-73.0811,41.6477],[-73.0809,41.6422],[-73.0773,41.6339],[-73.0777,41.6313],[-73.0687,41.6267],[-73.0672,41.624],[-73.0631,41.6209],[-73.0591,41.6198],[-73.0579,41.6162],[-73.058,41.6067]]]}},{"type":"Feature","properties":{"leaid":"0904920","name":"West Hartford School District","kind":"Unified","gradeLow":"PK","gradeHigh":"12","state":"CT"},"geometry":{"type":"Polygon","coordinates":[[[-72.7182,41.8066],[-72.7139,41.7774],[-72.7165,41.7708],[-72.7148,41.7564],[-72.7146,41.7236],[-72.7622,41.7183],[-72.7625,41.7377],[-72.7688,41.7376],[-72.7689,41.7396],[-72.7791,41.7302],[-72.7822,41.7482],[-72.795,41.7475],[-72.8,41.7918],[-72.7989,41.7919],[-72.7985,41.7938],[-72.7972,41.8047],[-72.7182,41.8066]]]}},{"type":"Feature","properties":{"leaid":"0904950","name":"West Haven School District","kind":"Unified","gradeLow":"PK","gradeHigh":"12","state":"CT"},"geometry":{"type":"MultiPolygon","coordinates":[[[[-72.9269,41.2671],[-72.9272,41.267],[-72.9268,41.2671],[-72.9269,41.2671]]],[[[-72.9237,41.2685],[-72.9237,41.2685],[-72.9237,41.2685],[-72.9237,41.2685]]],[[[-72.9209,41.2698],[-72.9222,41.2687],[-72.9234,41.2686],[-72.9227,41.2687],[-72.9209,41.2698]]],[[[-72.9495,41.293],[-72.9492,41.2928],[-72.9498,41.293],[-72.9495,41.293]]],[[[-72.9505,41.2935],[-72.9499,41.2931],[-72.95,41.2931],[-72.9505,41.2935]]],[[[-72.9569,41.3055],[-72.956,41.3051],[-72.9563,41.3016],[-72.9526,41.2994],[-72.9501,41.296],[-72.9523,41.2942],[-72.9477,41.2918],[-72.9468,41.2927],[-72.9404,41.2875],[-72.9409,41.2836],[-72.9385,41.2803],[-72.9362,41.2729],[-72.9306,41.2679],[-72.9312,41.2665],[-72.9306,41.2664],[-72.9306,41.2668],[-72.9299,41.2668],[-72.9284,41.2674],[-72.9254,41.2683],[-72.925,41.2684],[-72.9303,41.2658],[-72.9308,41.2626],[-72.9335,41.26],[-72.9534,41.2552],[-72.9566,41.2534],[-72.957,41.2517],[-72.9601,41.2527],[-72.962,41.2516],[-72.9628,41.2483],[-72.9695,41.2429],[-72.9718,41.2372],[-72.9755,41.2335],[-72.9783,41.2333],[-72.9859,41.2357],[-72.9926,41.2342],[-72.9934,41.2365],[-72.9924,41.2367],[-72.9932,41.2373],[-72.9922,41.2393],[-72.9946,41.2417],[-72.9933,41.2447],[-72.991,41.2451],[-72.9906,41.2463],[-72.9905,41.2478],[-72.9924,41.2487],[-72.9914,41.2505],[-72.9924,41.2516],[-72.992,41.2681],[-72.9799,41.2792],[-72.983,41.2813],[-72.9856,41.2805],[-72.9871,41.2815],[-72.9861,41.2855],[-72.9873,41.2882],[-72.986,41.2903],[-72.9843,41.3018],[-72.9891,41.3133],[-72.9563,41.3105],[-72.9569,41.3055]]]]}},{"type":"Feature","properties":{"leaid":"0904980","name":"Westbrook School District","kind":"Unified","gradeLow":"PK","gradeHigh":"12","state":"CT"},"geometry":{"type":"MultiPolygon","coordinates":[[[[-72.4854,41.2875],[-72.4834,41.2859],[-72.4807,41.2843],[-72.4825,41.2839],[-72.4814,41.2823],[-72.4826,41.28],[-72.4811,41.2812],[-72.481,41.2823],[-72.4819,41.2838],[-72.4806,41.2839],[-72.4791,41.2831],[-72.4792,41.2812],[-72.474,41.2804],[-72.4737,41.2775],[-72.477,41.2761],[-72.4773,41.2732],[-72.4746,41.2699],[-72.4752,41.2708],[-72.4725,41.2701],[-72.4753,41.2695],[-72.4862,41.2707],[-72.4926,41.2872],[-72.4901,41.2866],[-72.4888,41.287],[-72.4875,41.2888],[-72.4854,41.2875]]],[[[-72.4769,41.3345],[-72.4358,41.331],[-72.432,41.3265],[-72.4255,41.3242],[-72.4269,41.3213],[-72.4331,41.3152],[-72.4216,41.2837],[-72.4166,41.2785],[-72.4208,41.2767],[-72.4216,41.275],[-72.4266,41.2739],[-72.4312,41.2759],[-72.4314,41.2776],[-72.4523,41.2788],[-72.4592,41.2763],[-72.4658,41.2721],[-72.4679,41.2692],[-72.4708,41.2697],[-72.4715,41.2709],[-72.4687,41.2711],[-72.4707,41.2712],[-72.4681,41.2723],[-72.4702,41.2725],[-72.4676,41.2733],[-72.4696,41.2731],[-72.4693,41.2751],[-72.4658,41.2769],[-72.4678,41.2785],[-72.4674,41.2803],[-72.4663,41.2795],[-72.4604,41.2813],[-72.4525,41.2861],[-72.4455,41.2929],[-72.4446,41.2951],[-72.4467,41.299],[-72.445,41.295],[-72.4457,41.2931],[-72.4531,41.2863],[-72.459,41.2837],[-72.4606,41.2818],[-72.4679,41.2803],[-72.4683,41.2784],[-72.4667,41.2769],[-72.4701,41.2752],[-72.4722,41.2707],[-72.4768,41.2746],[-72.4761,41.2762],[-72.4723,41.2775],[-72.4741,41.2816],[-72.4789,41.2818],[-72.4783,41.2849],[-72.4791,41.286],[-72.478,41.2859],[-72.4773,41.2877],[-72.4787,41.2892],[-72.4777,41.2873],[-72.4795,41.2861],[-72.4792,41.2835],[-72.4875,41.2893],[-72.4891,41.2871],[-72.4926,41.2875],[-72.4974,41.3046],[-72.4992,41.3056],[-72.4977,41.3045],[-72.4988,41.3046],[-72.4996,41.3062],[-72.5139,41.3464],[-72.4982,41.3476],[-72.4769,41.3345]]]]}},{"type":"Feature","properties":{"leaid":"0905010","name":"Weston School District","kind":"Unified","gradeLow":"PK","gradeHigh":"12","state":"CT"},"geometry":{"type":"Polygon","coordinates":[[[-73.3257,41.2162],[-73.3304,41.211],[-73.3289,41.21],[-73.3325,41.205],[-73.3336,41.1987],[-73.3372,41.1974],[-73.3384,41.1946],[-73.3716,41.1747],[-73.4301,41.2543],[-73.3688,41.275],[-73.3259,41.2274],[-73.3267,41.2259],[-73.3236,41.2219],[-73.3255,41.2201],[-73.3257,41.2162]]]}},{"type":"Feature","properties":{"leaid":"0905040","name":"Westport School District","kind":"Unified","gradeLow":"PK","gradeHigh":"12","state":"CT"},"geometry":{"type":"MultiPolygon","coordinates":[[[[-73.3836,41.0703],[-73.3837,41.0716],[-73.3829,41.0722],[-73.3821,41.071],[-73.3836,41.0703]]],[[[-73.3728,41.0724],[-73.3723,41.0709],[-73.3731,41.0709],[-73.3728,41.0724]]],[[[-73.3551,41.0874],[-73.3557,41.0836],[-73.3585,41.0821],[-73.3607,41.082],[-73.3624,41.083],[-73.361,41.0833],[-73.3605,41.0822],[-73.3586,41.0838],[-73.357,41.0834],[-73.3562,41.0845],[-73.3582,41.0854],[-73.3553,41.0872],[-73.3597,41.0857],[-73.3551,41.0874]]],[[[-73.3801,41.0904],[-73.3816,41.0889],[-73.3829,41.0897],[-73.3801,41.0904]]],[[[-73.3832,41.0987],[-73.3805,41.0966],[-73.3823,41.096],[-73.3812,41.0963],[-73.3795,41.0952],[-73.3833,41.0952],[-73.3832,41.0987]]],[[[-73.3687,41.1072],[-73.3679,41.1065],[-73.3686,41.1066],[-73.3687,41.1072]]],[[[-73.3608,41.1086],[-73.3612,41.1084],[-73.3605,41.1091],[-73.3608,41.1086]]],[[[-73.3597,41.1093],[-73.36,41.1091],[-73.3601,41.1094],[-73.3597,41.1093]]],[[[-73.3446,41.1137],[-73.3439,41.1144],[-73.3438,41.1142],[-73.3446,41.1137]]],[[[-73.3731,41.1154],[-73.3728,41.1147],[-73.3732,41.1147],[-73.3731,41.1154]]],[[[-73.3429,41.1153],[-73.344,41.115],[-73.3451,41.1151],[-73.3442,41.1155],[-73.3429,41.1153]]],[[[-73.3409,41.1172],[-73.3415,41.1168],[-73.3413,41.1177],[-73.3409,41.1172]]],[[[-73.3627,41.1438],[-73.3638,41.143],[-73.3637,41.1455],[-73.3633,41.1454],[-73.3627,41.1438]]],[[[-73.3634,41.1463],[-73.3633,41.1457],[-73.3637,41.1458],[-73.3634,41.1463]]],[[[-73.3635,41.1466],[-73.3638,41.1465],[-73.3639,41.1468],[-73.3635,41.1466]]],[[[-73.3445,41.1142],[-73.3464,41.1128],[-73.3452,41.1108],[-73.3457,41.1091],[-73.352,41.1053],[-73.353,41.1014],[-73.3576,41.1048],[-73.3545,41.1063],[-73.3646,41.1062],[-73.3621,41.108],[-73.3596,41.1073],[-73.3601,41.1084],[-73.3582,41.1094],[-73.357,41.1086],[-73.359,41.1077],[-73.3573,41.1074],[-73.3559,41.1113],[-73.3566,41.1118],[-73.3567,41.11],[-73.3576,41.1112],[-73.3576,41.1098],[-73.3606,41.1105],[-73.3636,41.1074],[-73.3654,41.1073],[-73.3662,41.109],[-73.3674,41.1078],[-73.3698,41.1091],[-73.3712,41.1083],[-73.3663,41.1222],[-73.3691,41.1239],[-73.3678,41.1303],[-73.3663,41.1324],[-73.3642,41.1317],[-73.3644,41.1326],[-73.3612,41.1337],[-73.3618,41.1368],[-73.3599,41.1374],[-73.3614,41.1381],[-73.3609,41.1391],[-73.362,41.1379],[-73.3627,41.1411],[-73.3627,41.1438],[-73.3633,41.1467],[-73.3666,41.1493],[-73.3644,41.1455],[-73.3654,41.1454],[-73.3633,41.138],[-73.3648,41.1339],[-73.3684,41.1308],[-73.3711,41.1239],[-73.3691,41.1187],[-73.3722,41.1131],[-73.3733,41.1136],[-73.3727,41.114],[-73.373,41.1164],[-73.3738,41.1177],[-73.3747,41.1166],[-73.3734,41.1164],[-73.3738,41.1152],[-73.3798,41.1063],[-73.3781,41.1054],[-73.3817,41.1043],[-73.3832,41.1059],[-73.3826,41.1039],[-73.3788,41.1044],[-73.3765,41.1019],[-73.369,41.0983],[-73.3677,41.0986],[-73.3686,41.1006],[-73.3661,41.0977],[-73.368,41.0955],[-73.3716,41.0953],[-73.3814,41.0974],[-73.3829,41.0992],[-73.3776,41.0981],[-73.3773,41.099],[-73.3813,41.1024],[-73.3836,41.1004],[-73.3844,41.1029],[-73.3834,41.1049],[-73.3843,41.1073],[-73.3801,41.1219],[-73.3827,41.1423],[-73.3888,41.1489],[-73.3884,41.158],[-73.3871,41.1705],[-73.3796,41.1858],[-73.3716,41.1747],[-73.3385,41.1945],[-73.3074,41.1523],[-73.3048,41.1524],[-73.306,41.1495],[-73.3043,41.149],[-73.3034,41.1459],[-73.2988,41.1448],[-73.298,41.143],[-73.299,41.1407],[-73.2961,41.1337],[-73.2974,41.1316],[-73.2971,41.1264],[-73.299,41.1252],[-73.2991,41.1199],[-73.3095,41.1146],[-73.3119,41.1163],[-73.32,41.1154],[-73.3307,41.11],[-73.3363,41.1121],[-73.3392,41.1117],[-73.3444,41.1135],[-73.3417,41.1165],[-73.3413,41.1152],[-73.3402,41.1159],[-73.3406,41.1132],[-73.3401,41.1127],[-73.3392,41.1169],[-73.3373,41.113],[-73.3374,41.1183],[-73.3332,41.1201],[-73.3348,41.1214],[-73.3391,41.1195],[-73.339,41.1223],[-73.3405,41.1224],[-73.34,41.1208],[-73.3422,41.1205],[-73.3431,41.1166],[-73.3461,41.1169],[-73.346,41.1145],[-73.3445,41.1142]]]]}},{"type":"Feature","properties":{"leaid":"0905070","name":"Wethersfield School District","kind":"Unified","gradeLow":"PK","gradeHigh":"12","state":"CT"},"geometry":{"type":"MultiPolygon","coordinates":[[[[-72.6363,41.7249],[-72.6473,41.7233],[-72.6463,41.7276],[-72.6363,41.7249]]],[[[-72.6556,41.7299],[-72.6493,41.7283],[-72.6509,41.7254],[-72.6486,41.72],[-72.6415,41.7136],[-72.6252,41.7116],[-72.6268,41.7112],[-72.6255,41.7105],[-72.6238,41.7106],[-72.6247,41.7117],[-72.6212,41.7111],[-72.6197,41.7095],[-72.6258,41.7095],[-72.6263,41.7054],[-72.6181,41.7047],[-72.6172,41.7065],[-72.618,41.704],[-72.635,41.7002],[-72.6315,41.7049],[-72.6333,41.7041],[-72.6325,41.7068],[-72.6384,41.6947],[-72.6356,41.6899],[-72.6185,41.6878],[-72.6491,41.685],[-72.6633,41.6809],[-72.6653,41.6801],[-72.667,41.6726],[-72.6699,41.6699],[-72.6771,41.6699],[-72.6831,41.6719],[-72.706,41.6688],[-72.7069,41.6737],[-72.7004,41.6746],[-72.708,41.7104],[-72.7059,41.7243],[-72.6556,41.7299]]]]}},{"type":"Feature","properties":{"leaid":"0905130","name":"Wilton School District","kind":"Unified","gradeLow":"PK","gradeHigh":"12","state":"CT"},"geometry":{"type":"Polygon","coordinates":[[[-73.4382,41.2652],[-73.3796,41.1858],[-73.3871,41.1705],[-73.3948,41.1718],[-73.4186,41.1609],[-73.4489,41.1538],[-73.4498,41.1572],[-73.4525,41.1596],[-73.4546,41.1591],[-73.464,41.1613],[-73.4647,41.1639],[-73.4665,41.1646],[-73.4653,41.1759],[-73.4689,41.1775],[-73.4735,41.1819],[-73.4723,41.1825],[-73.4728,41.185],[-73.4701,41.1896],[-73.4729,41.1914],[-73.472,41.1944],[-73.4757,41.1991],[-73.4789,41.2064],[-73.4844,41.209],[-73.4849,41.2117],[-73.4827,41.2128],[-73.5025,41.2372],[-73.4692,41.252],[-73.4639,41.2528],[-73.461,41.2556],[-73.4382,41.2652]]]}},{"type":"Feature","properties":{"leaid":"0905160","name":"Winchester School District","kind":"Unified","gradeLow":"PK","gradeHigh":"12","state":"CT"},"geometry":{"type":"Polygon","coordinates":[[[-73.0535,41.8873],[-73.1532,41.8726],[-73.1516,41.8856],[-73.1533,41.8857],[-73.1532,41.8874],[-73.1582,41.8922],[-73.1707,41.8943],[-73.1515,41.9597],[-73.034,41.9663],[-73.0535,41.8873]]]}},{"type":"Feature","properties":{"leaid":"0905190","name":"Windham School District","kind":"Unified","gradeLow":"PK","gradeHigh":"12","state":"CT"},"geometry":{"type":"Polygon","coordinates":[[[-72.1563,41.7535],[-72.1225,41.7488],[-72.112,41.7459],[-72.1225,41.7128],[-72.1202,41.6835],[-72.12,41.6633],[-72.1517,41.6675],[-72.1575,41.6576],[-72.1867,41.6763],[-72.2442,41.7169],[-72.2471,41.7235],[-72.2532,41.7253],[-72.252,41.7273],[-72.2526,41.7282],[-72.1981,41.7282],[-72.1992,41.7296],[-72.1985,41.7317],[-72.195,41.73],[-72.191,41.7314],[-72.1925,41.7345],[-72.1953,41.7361],[-72.1956,41.7396],[-72.1934,41.7437],[-72.189,41.7471],[-72.1892,41.7504],[-72.1857,41.7519],[-72.188,41.7537],[-72.1877,41.7552],[-72.1823,41.7562],[-72.1779,41.7554],[-72.1783,41.7531],[-72.176,41.7514],[-72.1764,41.75],[-72.1741,41.7512],[-72.1716,41.7485],[-72.1685,41.7522],[-72.1661,41.752],[-72.1634,41.7497],[-72.1592,41.7507],[-72.1563,41.7535]]]}},{"type":"Feature","properties":{"leaid":"0905220","name":"Windsor School District","kind":"Unified","gradeLow":"PK","gradeHigh":"12","state":"CT"},"geometry":{"type":"Polygon","coordinates":[[[-72.6959,41.9224],[-72.6922,41.9197],[-72.6744,41.916],[-72.6629,41.9083],[-72.6499,41.9034],[-72.6398,41.8976],[-72.6354,41.9033],[-72.6217,41.9046],[-72.6193,41.8683],[-72.6256,41.8457],[-72.6299,41.8372],[-72.6389,41.8288],[-72.6456,41.8058],[-72.6557,41.806],[-72.6608,41.8014],[-72.6629,41.8015],[-72.6627,41.8056],[-72.6584,41.8057],[-72.6587,41.8073],[-72.6861,41.8029],[-72.6897,41.8662],[-72.743,41.8774],[-72.7292,41.9156],[-72.7222,41.9279],[-72.7133,41.9269],[-72.6959,41.9224]]]}},{"type":"Feature","properties":{"leaid":"0905250","name":"Windsor Locks School District","kind":"Unified","gradeLow":"PK","gradeHigh":"12","state":"CT"},"geometry":{"type":"Polygon","coordinates":[[[-72.6139,41.9435],[-72.6234,41.9343],[-72.6241,41.9292],[-72.6217,41.9046],[-72.6354,41.9033],[-72.6398,41.8976],[-72.6499,41.9034],[-72.6629,41.9083],[-72.6744,41.916],[-72.6922,41.9197],[-72.6959,41.9224],[-72.6876,41.9481],[-72.6139,41.9435]]]}},{"type":"Feature","properties":{"leaid":"0905280","name":"Wolcott School District","kind":"Unified","gradeLow":"PK","gradeHigh":"12","state":"CT"},"geometry":{"type":"Polygon","coordinates":[[[-72.9463,41.5568],[-72.9799,41.5533],[-73.0121,41.5838],[-73.0215,41.6271],[-73.004,41.6286],[-72.9831,41.6395],[-72.9385,41.6443],[-72.9336,41.6078],[-72.9463,41.5568]]]}},{"type":"Feature","properties":{"leaid":"0905374","name":"Regional School District 20","kind":"Unified","gradeLow":"PK","gradeHigh":"12","state":"CT"},"geometry":{"type":"Polygon","coordinates":[[[-73.165,41.9132],[-73.2018,41.79],[-73.1632,41.794],[-73.1586,41.7848],[-73.1198,41.7756],[-73.1204,41.7741],[-73.1162,41.7696],[-73.1172,41.7629],[-73.1161,41.7599],[-73.1172,41.7567],[-73.1121,41.7507],[-73.1153,41.7452],[-73.1156,41.7419],[-73.1056,41.7364],[-73.1019,41.731],[-73.0977,41.7298],[-73.0887,41.7181],[-73.0815,41.717],[-73.071,41.7103],[-73.0684,41.7071],[-73.142,41.6723],[-73.1708,41.6692],[-73.2614,41.6646],[-73.2606,41.6838],[-73.2943,41.7087],[-73.3049,41.7051],[-73.3433,41.6969],[-73.3788,41.6994],[-73.3803,41.7017],[-73.38,41.704],[-73.3835,41.7083],[-73.3985,41.7362],[-73.4016,41.7544],[-73.3932,41.7609],[-73.3869,41.781],[-73.3014,41.779],[-73.263,41.9162],[-73.165,41.9132]]]}},{"type":"Feature","properties":{"leaid":"0999997","name":"School District Not Defined","kind":"Unified","gradeLow":"PK","gradeHigh":"12","state":"CT"},"geometry":{"type":"MultiPolygon","coordinates":[[[[-73.1026,41.174],[-73.1055,41.1722],[-73.1055,41.1722],[-73.105,41.1729],[-73.1026,41.174]]],[[[-73.0987,41.1763],[-73.1002,41.175],[-73.0975,41.1775],[-73.0987,41.1763]]],[[[-73.095,41.1801],[-73.0967,41.1784],[-73.0953,41.1801],[-73.095,41.1801]]],[[[-73.092,41.1835],[-73.0923,41.1831],[-73.0921,41.1835],[-73.092,41.1835]]],[[[-73.0907,41.185],[-73.0907,41.185],[-73.0906,41.185],[-73.0907,41.185]]],[[[-73.0827,41.1922],[-73.0832,41.1919],[-73.0825,41.1924],[-73.0827,41.1922]]],[[[-73.0795,41.194],[-73.0816,41.193],[-73.075,41.1961],[-73.0795,41.194]]],[[[-73.0202,41.2045],[-73.0202,41.2044],[-73.0202,41.2046],[-73.0202,41.2045]]],[[[-73.0245,41.2074],[-73.0222,41.2072],[-73.0204,41.2065],[-73.0203,41.2048],[-73.0204,41.2064],[-73.0226,41.2072],[-73.0283,41.2074],[-73.0293,41.2069],[-73.0294,41.2071],[-73.0281,41.2075],[-73.0245,41.2074]]],[[[-73.0382,41.2019],[-73.0374,41.2039],[-73.0355,41.2055],[-73.0336,41.2064],[-73.0295,41.2075],[-73.0361,41.2049],[-73.0378,41.2016],[-73.0388,41.2023],[-73.0447,41.2085],[-73.0382,41.2019]]],[[[-73.0451,41.2093],[-73.0448,41.2086],[-73.0458,41.2097],[-73.0451,41.2093]]],[[[-73.0492,41.2104],[-73.0549,41.2085],[-73.0555,41.2089],[-73.0523,41.2101],[-73.0492,41.2104]]],[[[-73.0132,41.2055],[-73.0149,41.2043],[-73.0201,41.2041],[-73.0137,41.2052],[-73.0105,41.2088],[-73.0081,41.2102],[-73.0063,41.216],[-73.006,41.2159],[-73.0075,41.2102],[-73.0132,41.2055]]],[[[-72.7053,41.2443],[-72.7044,41.2441],[-72.7062,41.2437],[-72.7053,41.2443]]],[[[-72.7106,41.2445],[-72.7079,41.2445],[-72.7077,41.244],[-72.7106,41.2445]]],[[[-72.7065,41.2448],[-72.7062,41.2447],[-72.7063,41.2436],[-72.7068,41.2448],[-72.7075,41.2442],[-72.7075,41.2449],[-72.7065,41.2448]]],[[[-72.697,41.2459],[-72.6971,41.2457],[-72.6973,41.2458],[-72.697,41.2459]]],[[[-72.9625,41.248],[-72.9638,41.2464],[-72.9671,41.2449],[-72.9713,41.2371],[-72.9752,41.2332],[-72.9782,41.2327],[-72.9799,41.2344],[-72.9816,41.234],[-72.9867,41.2354],[-72.9824,41.2352],[-72.9796,41.2344],[-72.9783,41.2333],[-72.9755,41.2335],[-72.9718,41.2372],[-72.9695,41.2429],[-72.9666,41.2455],[-72.9641,41.2468],[-72.9628,41.2483],[-72.9629,41.2501],[-72.9625,41.2507],[-72.9625,41.248]]],[[[-72.9622,41.2513],[-72.9623,41.251],[-72.9623,41.2512],[-72.9622,41.2513]]],[[[-72.9039,41.2479],[-72.9009,41.2464],[-72.8994,41.2475],[-72.901,41.2462],[-72.9043,41.2473],[-72.9052,41.2483],[-72.9041,41.2493],[-72.9042,41.2503],[-72.9037,41.2515],[-72.9036,41.2516],[-72.9039,41.2479]]],[[[-72.9566,41.2525],[-72.9565,41.2522],[-72.9567,41.2524],[-72.9566,41.2525]]],[[[-72.5396,41.2524],[-72.5412,41.2518],[-72.538,41.2524],[-72.54,41.2515],[-72.5413,41.2518],[-72.5396,41.2524]]],[[[-72.9615,41.2517],[-72.9564,41.252],[-72.9561,41.2515],[-72.9615,41.2517]]],[[[-72.5374,41.2527],[-72.5379,41.2525],[-72.5378,41.2527],[-72.5374,41.2527]]],[[[-72.537,41.2527],[-72.537,41.2527],[-72.537,41.2528],[-72.537,41.2527]]],[[[-72.5362,41.2527],[-72.5365,41.2522],[-72.5365,41.2526],[-72.5362,41.2527]]],[[[-72.6853,41.2529],[-72.6904,41.2467],[-72.6905,41.2468],[-72.6853,41.2529]]],[[[-72.9028,41.2523],[-72.903,41.2528],[-72.9028,41.2529],[-72.9028,41.2523]]],[[[-72.5365,41.2531],[-72.5364,41.2529],[-72.5367,41.253],[-72.5365,41.2531]]],[[[-72.9019,41.2534],[-72.9027,41.253],[-72.9013,41.2539],[-72.9019,41.2534]]],[[[-72.685,41.2543],[-72.6851,41.2536],[-72.6852,41.2541],[-72.685,41.2543]]],[[[-72.537,41.2541],[-72.5361,41.2538],[-72.5369,41.2533],[-72.537,41.2541]]],[[[-72.6849,41.2549],[-72.685,41.2548],[-72.6846,41.2551],[-72.6849,41.2549]]],[[[-72.8992,41.2549],[-72.8991,41.2551],[-72.899,41.2551],[-72.8992,41.2549]]],[[[-72.9356,41.2585],[-72.9516,41.2549],[-72.9571,41.2526],[-72.9534,41.2552],[-72.9335,41.26],[-72.9356,41.2585]]],[[[-72.6688,41.2658],[-72.6689,41.2657],[-72.6689,41.2658],[-72.6688,41.2658]]],[[[-72.6687,41.2659],[-72.6675,41.2661],[-72.6673,41.2659],[-72.6687,41.2659]]],[[[-72.6555,41.2663],[-72.6543,41.2656],[-72.6538,41.266],[-72.6533,41.2662],[-72.651,41.2663],[-72.6484,41.2655],[-72.6543,41.2653],[-72.6555,41.2663]]],[[[-72.642,41.267],[-72.6385,41.2669],[-72.6471,41.2658],[-72.642,41.267]]],[[[-72.6723,41.2672],[-72.6708,41.267],[-72.669,41.2655],[-72.6723,41.267],[-72.6746,41.2661],[-72.6723,41.2672]]],[[[-72.9297,41.2669],[-72.9303,41.2669],[-72.9284,41.2674],[-72.9297,41.2669]]],[[[-72.668,41.2668],[-72.6677,41.2663],[-72.6683,41.2675],[-72.668,41.2668]]],[[[-72.5593,41.2605],[-72.5439,41.2487],[-72.5365,41.2518],[-72.5387,41.2499],[-72.5445,41.2483],[-72.571,41.2679],[-72.5593,41.2605]]],[[[-72.6317,41.2679],[-72.6315,41.2678],[-72.6319,41.2679],[-72.6317,41.2679]]],[[[-72.6329,41.2681],[-72.6355,41.2671],[-72.6386,41.2671],[-72.6355,41.2673],[-72.6329,41.2681]]],[[[-72.6669,41.2684],[-72.6671,41.2686],[-72.6664,41.2692],[-72.6669,41.2684]]],[[[-72.666,41.2699],[-72.6664,41.2692],[-72.6664,41.2694],[-72.666,41.2699]]],[[[-72.6643,41.2703],[-72.6584,41.265],[-72.6562,41.2658],[-72.6585,41.2649],[-72.6643,41.2703]]],[[[-72.9204,41.27],[-72.923,41.2678],[-72.9297,41.2659],[-72.9313,41.2631],[-72.9308,41.2651],[-72.9287,41.267],[-72.9204,41.27]]],[[[-72.6655,41.2706],[-72.6656,41.2705],[-72.6656,41.2706],[-72.6655,41.2706]]],[[[-72.617,41.2722],[-72.6096,41.2706],[-72.609,41.2699],[-72.6069,41.2709],[-72.6043,41.2711],[-72.5982,41.2689],[-72.5933,41.2702],[-72.5895,41.2699],[-72.5899,41.2701],[-72.5895,41.2707],[-72.5828,41.272],[-72.5783,41.2713],[-72.571,41.2681],[-72.5793,41.2714],[-72.585,41.2715],[-72.5892,41.2697],[-72.598,41.2687],[-72.605,41.2709],[-72.6082,41.2696],[-72.6172,41.272],[-72.6178,41.2716],[-72.6192,41.2718],[-72.6217,41.2713],[-72.6241,41.2714],[-72.6262,41.2705],[-72.6289,41.2704],[-72.6319,41.2683],[-72.6304,41.2701],[-72.6243,41.2715],[-72.617,41.2722]]],[[[-72.9308,41.2686],[-72.9311,41.2664],[-72.931,41.2686],[-72.9344,41.2708],[-72.9357,41.2723],[-72.9362,41.2729],[-72.9362,41.273],[-72.9364,41.2749],[-72.9361,41.2729],[-72.9308,41.2686]]],[[[-72.9369,41.276],[-72.9365,41.2751],[-72.9368,41.2756],[-72.9369,41.276]]],[[[-72.9039,41.2687],[-72.9028,41.269],[-72.8998,41.2673],[-72.8953,41.2627],[-72.8935,41.2595],[-72.8935,41.258],[-72.8942,41.2566],[-72.8948,41.2618],[-72.8994,41.2666],[-72.9042,41.2685],[-72.9035,41.269],[-72.9061,41.2702],[-72.9033,41.2746],[-72.9039,41.2766],[-72.9031,41.2744],[-72.9057,41.2704],[-72.9029,41.2691],[-72.9039,41.2687]]],[[[-72.9384,41.2791],[-72.938,41.2783],[-72.9381,41.2783],[-72.9384,41.2791]]],[[[-72.9386,41.2795],[-72.9387,41.2795],[-72.9387,41.2798],[-72.9386,41.2795]]],[[[-72.9384,41.2803],[-72.939,41.28],[-72.9385,41.2803],[-72.9384,41.2803]]],[[[-72.9296,41.2812],[-72.9284,41.2815],[-72.9294,41.2809],[-72.929,41.2803],[-72.93,41.2795],[-72.9312,41.2804],[-72.9296,41.2799],[-72.9302,41.2808],[-72.9292,41.2804],[-72.9296,41.2812]]],[[[-72.9328,41.2817],[-72.9329,41.2815],[-72.9338,41.2819],[-72.9328,41.2817]]],[[[-72.9383,41.2814],[-72.9366,41.2816],[-72.9342,41.2819],[-72.9381,41.2813],[-72.9383,41.2814]]],[[[-72.9261,41.2819],[-72.9269,41.2813],[-72.9285,41.2817],[-72.9267,41.2818],[-72.927,41.2827],[-72.9261,41.2819]]],[[[-72.9036,41.2768],[-72.9054,41.2816],[-72.9064,41.2827],[-72.9051,41.2813],[-72.9036,41.2768]]],[[[-72.9264,41.2831],[-72.9251,41.2826],[-72.927,41.2827],[-72.9264,41.2831]]]]}},{"type":"Feature","properties":{"leaid":"0904110","name":"Simsbury School District","kind":"Unified","gradeLow":"PK","gradeHigh":"12","state":"CT"},"geometry":{"type":"Polygon","coordinates":[[[-72.8766,41.9208],[-72.7682,41.9177],[-72.7678,41.9155],[-72.765,41.9154],[-72.7649,41.9132],[-72.7622,41.9118],[-72.7586,41.9072],[-72.7651,41.9026],[-72.7714,41.8851],[-72.7704,41.8808],[-72.7844,41.8557],[-72.7852,41.8434],[-72.7835,41.8366],[-72.7844,41.8333],[-72.7833,41.8269],[-72.8702,41.8161],[-72.873,41.8374],[-72.8766,41.9208]]]}}]}