{"type":"FeatureCollection","features":[{"type":"Feature","properties":{"leaid":"1313053","name":"Chattahoochee County for Fort Benning","kind":"Secondary","gradeLow":"09","gradeHigh":"12","state":"GA"},"geometry":{"type":"Polygon","coordinates":[[[-84.6373,32.5349],[-84.6382,32.4948],[-84.6573,32.4949],[-84.6587,32.4416],[-84.6575,32.4414],[-84.6582,32.3098],[-84.6649,32.3102],[-84.6872,32.3063],[-84.6953,32.3176],[-84.703,32.3197],[-84.721,32.3212],[-84.7263,32.3253],[-84.7565,32.3317],[-84.7634,32.3356],[-84.7756,32.3389],[-84.7832,32.3483],[-84.7938,32.3486],[-84.7945,32.2998],[-84.7917,32.2998],[-84.7926,32.2568],[-84.7955,32.2569],[-84.7973,32.259],[-84.8009,32.2572],[-84.8112,32.2574],[-84.8113,32.2551],[-84.8179,32.2523],[-84.8246,32.2462],[-84.8451,32.2386],[-84.8609,32.2403],[-84.8676,32.2422],[-84.8734,32.2412],[-84.8732,32.2514],[-84.8784,32.2516],[-84.8782,32.2592],[-84.8882,32.2597],[-84.8894,32.2619],[-84.904,32.2737],[-84.9111,32.2769],[-84.9229,32.2853],[-84.9346,32.2989],[-84.9419,32.3026],[-84.9513,32.3049],[-84.9888,32.3192],[-85.0003,32.3214],[-85.0033,32.3228],[-85.0064,32.3268],[-85.0081,32.3367],[-85.0046,32.3452],[-84.9912,32.355],[-84.9839,32.3624],[-84.9832,32.3651],[-84.986,32.3677],[-84.9863,32.3697],[-84.9853,32.3725],[-84.9833,32.3739],[-84.9752,32.3742],[-84.972,32.3777],[-84.9685,32.379],[-84.9674,32.3757],[-84.9632,32.374],[-84.9624,32.3749],[-84.9644,32.3759],[-84.9634,32.3766],[-84.9566,32.3739],[-84.9517,32.3771],[-84.9488,32.3756],[-84.9451,32.376],[-84.9437,32.3787],[-84.9415,32.3783],[-84.9409,32.3818],[-84.9363,32.3793],[-84.9324,32.3806],[-84.931,32.3829],[-84.926,32.385],[-84.9257,32.3871],[-84.9136,32.3925],[-84.9111,32.3953],[-84.9037,32.3961],[-84.9001,32.4021],[-84.8951,32.3995],[-84.89,32.4015],[-84.8877,32.4052],[-84.8841,32.4065],[-84.8822,32.4105],[-84.8747,32.4128],[-84.8704,32.4109],[-84.866,32.4139],[-84.8554,32.4145],[-84.852,32.4123],[-84.8478,32.4149],[-84.8447,32.4133],[-84.8378,32.4133],[-84.8352,32.4116],[-84.8333,32.4142],[-84.8314,32.4131],[-84.8287,32.4141],[-84.8263,32.4128],[-84.8231,32.4141],[-84.819,32.4128],[-84.8114,32.4161],[-84.8114,32.42],[-84.807,32.4226],[-84.8052,32.4189],[-84.7969,32.4145],[-84.7926,32.4139],[-84.7901,32.4155],[-84.7913,32.4178],[-84.7868,32.4175],[-84.7855,32.4197],[-84.7833,32.4196],[-84.7839,32.4213],[-84.7806,32.4229],[-84.7823,32.424],[-84.7819,32.4248],[-84.7795,32.4237],[-84.7783,32.4249],[-84.7782,32.4225],[-84.7728,32.4211],[-84.7694,32.4223],[-84.768,32.4205],[-84.768,32.423],[-84.7701,32.4235],[-84.7699,32.426],[-84.7668,32.4292],[-84.7667,32.4349],[-84.7607,32.4367],[-84.7594,32.4415],[-84.7571,32.4428],[-84.7565,32.4465],[-84.7547,32.447],[-84.7544,32.4487],[-84.7563,32.4511],[-84.7538,32.4543],[-84.7518,32.4547],[-84.7517,32.4576],[-84.7447,32.4592],[-84.747,32.4603],[-84.7464,32.4629],[-84.7444,32.4639],[-84.7426,32.467],[-84.7433,32.4718],[-84.74,32.4734],[-84.7406,32.4768],[-84.7374,32.4783],[-84.7369,32.4793],[-84.7385,32.4798],[-84.7356,32.4812],[-84.7362,32.4828],[-84.7344,32.483],[-84.735,32.485],[-84.7337,32.4856],[-84.7347,32.4882],[-84.7331,32.4905],[-84.7314,32.4905],[-84.7309,32.4935],[-84.7292,32.4937],[-84.7293,32.4973],[-84.7308,32.4984],[-84.7279,32.4991],[-84.7243,32.5024],[-84.726,32.5048],[-84.7243,32.5078],[-84.7232,32.508],[-84.7228,32.5064],[-84.7139,32.5095],[-84.7135,32.5116],[-84.7018,32.5188],[-84.6935,32.5187],[-84.6848,32.5206],[-84.6843,32.5191],[-84.6782,32.5189],[-84.6784,32.5202],[-84.675,32.5201],[-84.6746,32.5216],[-84.6722,32.5222],[-84.6659,32.5276],[-84.6602,32.5294],[-84.658,32.5288],[-84.6531,32.5314],[-84.6506,32.5343],[-84.6492,32.5335],[-84.649,32.535],[-84.6373,32.5349]]]}},{"type":"Feature","properties":{"leaid":"1313215","name":"Muscogee County for Fort Benning","kind":"Secondary","gradeLow":"09","gradeHigh":"12","state":"GA"},"geometry":{"type":"Polygon","coordinates":[[[-84.6795,32.5358],[-84.6785,32.5337],[-84.68,32.5315],[-84.6867,32.5276],[-84.688,32.5235],[-84.6905,32.521],[-84.6945,32.5187],[-84.7018,32.5188],[-84.7135,32.5116],[-84.7139,32.5095],[-84.7228,32.5064],[-84.7232,32.508],[-84.7246,32.5074],[-84.726,32.5048],[-84.7243,32.5024],[-84.7279,32.4991],[-84.7308,32.4984],[-84.7293,32.4973],[-84.7292,32.4937],[-84.7309,32.4935],[-84.7314,32.4905],[-84.7331,32.4905],[-84.7347,32.4882],[-84.7337,32.4856],[-84.735,32.485],[-84.7344,32.483],[-84.7362,32.4828],[-84.7356,32.4812],[-84.7385,32.4798],[-84.7369,32.4793],[-84.7374,32.4783],[-84.7406,32.4768],[-84.74,32.4734],[-84.7433,32.4718],[-84.7426,32.467],[-84.7444,32.4639],[-84.7464,32.4629],[-84.747,32.4603],[-84.7447,32.4592],[-84.7517,32.4576],[-84.7518,32.4547],[-84.7538,32.4543],[-84.7563,32.4511],[-84.7544,32.4487],[-84.7547,32.447],[-84.7565,32.4465],[-84.7571,32.4428],[-84.7594,32.4415],[-84.7607,32.4367],[-84.7667,32.4349],[-84.7668,32.4292],[-84.7699,32.426],[-84.7701,32.4235],[-84.768,32.423],[-84.768,32.4205],[-84.7694,32.4223],[-84.7728,32.4211],[-84.7782,32.4225],[-84.7783,32.4249],[-84.7795,32.4237],[-84.7819,32.4248],[-84.7823,32.424],[-84.7806,32.4229],[-84.7839,32.4213],[-84.7833,32.4196],[-84.7855,32.4197],[-84.7868,32.4175],[-84.7913,32.4178],[-84.7901,32.4155],[-84.7926,32.4139],[-84.7969,32.4145],[-84.8052,32.4189],[-84.807,32.4226],[-84.8114,32.42],[-84.8114,32.4161],[-84.819,32.4128],[-84.8231,32.4141],[-84.8263,32.4128],[-84.8287,32.4141],[-84.8314,32.4131],[-84.8333,32.4142],[-84.8352,32.4116],[-84.8378,32.4133],[-84.8447,32.4133],[-84.8478,32.4149],[-84.852,32.4123],[-84.8554,32.4145],[-84.866,32.4139],[-84.8704,32.4109],[-84.8747,32.4128],[-84.8822,32.4105],[-84.8841,32.4065],[-84.8877,32.4052],[-84.89,32.4015],[-84.8951,32.3995],[-84.9001,32.4021],[-84.9037,32.3961],[-84.9111,32.3953],[-84.9136,32.3925],[-84.9257,32.3871],[-84.926,32.385],[-84.931,32.3829],[-84.9324,32.3806],[-84.9363,32.3793],[-84.9406,32.3819],[-84.9415,32.3783],[-84.9437,32.3787],[-84.9451,32.376],[-84.9488,32.3756],[-84.9517,32.3771],[-84.9542,32.3749],[-84.9578,32.3741],[-84.9572,32.3874],[-84.9545,32.3888],[-84.9536,32.3954],[-84.9487,32.4067],[-84.9401,32.4067],[-84.9401,32.4029],[-84.934,32.4008],[-84.9328,32.4011],[-84.9347,32.4056],[-84.9124,32.4053],[-84.9207,32.4105],[-84.9266,32.4231],[-84.8923,32.4228],[-84.8932,32.4243],[-84.8921,32.4278],[-84.8942,32.4386],[-84.899,32.4388],[-84.8989,32.4553],[-84.87,32.4551],[-84.8697,32.4794],[-84.8477,32.4791],[-84.8481,32.4839],[-84.8451,32.4908],[-84.8501,32.4951],[-84.8496,32.5053],[-84.8466,32.51],[-84.8404,32.5113],[-84.8398,32.516],[-84.8352,32.5216],[-84.8349,32.5234],[-84.8402,32.5315],[-84.8183,32.5362],[-84.7985,32.5462],[-84.7755,32.5479],[-84.7734,32.5499],[-84.7586,32.552],[-84.7056,32.536],[-84.6966,32.5376],[-84.6877,32.5346],[-84.6795,32.5358]]]}},{"type":"Feature","properties":{"leaid":"1300002","name":"Fort Benning Schools","kind":"Elementary","gradeLow":"KG","gradeHigh":"08","state":"GA"},"geometry":{"type":"Polygon","coordinates":[[[-84.7592,32.552],[-84.7407,32.5473],[-84.7056,32.536],[-84.6966,32.5376],[-84.6877,32.5346],[-84.6795,32.5358],[-84.6785,32.5337],[-84.68,32.5315],[-84.6867,32.5276],[-84.6888,32.5226],[-84.6945,32.5186],[-84.6848,32.5206],[-84.6843,32.5191],[-84.6782,32.5189],[-84.6784,32.5202],[-84.675,32.5201],[-84.6746,32.5216],[-84.6722,32.5222],[-84.6659,32.5276],[-84.6602,32.5294],[-84.658,32.5288],[-84.6531,32.5314],[-84.6506,32.5343],[-84.6492,32.5335],[-84.649,32.535],[-84.6373,32.5349],[-84.6382,32.4948],[-84.6573,32.4949],[-84.6587,32.4416],[-84.6575,32.4414],[-84.6582,32.3098],[-84.6649,32.3102],[-84.6872,32.3063],[-84.6953,32.3176],[-84.703,32.3197],[-84.721,32.3212],[-84.7263,32.3253],[-84.7565,32.3317],[-84.7634,32.3356],[-84.7756,32.3389],[-84.7832,32.3483],[-84.7938,32.3486],[-84.7945,32.2998],[-84.7917,32.2998],[-84.7926,32.2568],[-84.7955,32.2569],[-84.7973,32.259],[-84.8009,32.2572],[-84.8112,32.2574],[-84.8113,32.2551],[-84.8179,32.2523],[-84.8246,32.2462],[-84.8451,32.2386],[-84.8609,32.2403],[-84.8676,32.2422],[-84.8734,32.2412],[-84.8732,32.2514],[-84.8784,32.2516],[-84.8782,32.2592],[-84.8882,32.2597],[-84.8894,32.2619],[-84.904,32.2737],[-84.9111,32.2769],[-84.9229,32.2853],[-84.9346,32.2989],[-84.9419,32.3026],[-84.9513,32.3049],[-84.9888,32.3192],[-85.0003,32.3214],[-85.0038,32.3233],[-85.0071,32.3284],[-85.0081,32.3352],[-85.0073,32.339],[-85.0029,32.3469],[-84.9912,32.355],[-84.9839,32.3624],[-84.9832,32.3651],[-84.9863,32.3687],[-84.9853,32.3725],[-84.982,32.3743],[-84.9752,32.3742],[-84.972,32.3777],[-84.9685,32.379],[-84.9672,32.3756],[-84.963,32.374],[-84.9624,32.3749],[-84.9644,32.3759],[-84.9634,32.3766],[-84.9609,32.3748],[-84.9575,32.3744],[-84.9572,32.3874],[-84.9545,32.3888],[-84.9536,32.3954],[-84.9487,32.4067],[-84.9401,32.4067],[-84.9401,32.4029],[-84.934,32.4008],[-84.9328,32.4011],[-84.9347,32.4056],[-84.9124,32.4053],[-84.9207,32.4105],[-84.9266,32.4231],[-84.8923,32.4228],[-84.8932,32.4243],[-84.8921,32.4278],[-84.8942,32.4386],[-84.899,32.4388],[-84.8989,32.4553],[-84.87,32.4551],[-84.8697,32.4794],[-84.8477,32.4791],[-84.8481,32.4839],[-84.8451,32.4908],[-84.8501,32.4951],[-84.8496,32.5053],[-84.8466,32.51],[-84.8404,32.5113],[-84.8398,32.516],[-84.8352,32.5216],[-84.8349,32.5234],[-84.8402,32.5315],[-84.819,32.536],[-84.7979,32.5463],[-84.7755,32.5479],[-84.7734,32.5499],[-84.7592,32.552]]]}},{"type":"Feature","properties":{"leaid":"1300001","name":"Troup County School District","kind":"Unified","gradeLow":"PK","gradeHigh":"12","state":"GA"},"geometry":{"type":"Polygon","coordinates":[[[-84.8624,33.1991],[-84.8646,32.9685],[-84.8645,32.9608],[-84.8615,32.9608],[-84.8619,32.8686],[-85.0995,32.8702],[-85.0994,32.8666],[-85.1087,32.8667],[-85.1088,32.8702],[-85.1847,32.8705],[-85.2365,33.1296],[-85.1174,33.1637],[-85.1175,33.1785],[-85.1079,33.1785],[-85.108,33.1951],[-85.0976,33.1951],[-85.0976,33.1866],[-85.0877,33.1866],[-85.088,33.1717],[-85.0645,33.1785],[-85.0584,33.1834],[-85.0453,33.1816],[-85.0418,33.1854],[-85.0408,33.1883],[-84.939,33.2247],[-84.8621,33.2239],[-84.8622,33.2075],[-84.872,33.2074],[-84.8692,33.199],[-84.8699,33.1957],[-84.8675,33.1957],[-84.8624,33.1991]]]}},{"type":"Feature","properties":{"leaid":"1300003","name":"Fort Stewart School District","kind":"Unified","gradeLow":"PK","gradeHigh":"12","state":"GA"},"geometry":{"type":"MultiPolygon","coordinates":[[[[-81.3192,32.0138],[-81.3201,32.0136],[-81.319,32.014],[-81.3192,32.0138]]],[[[-81.788,32.1248],[-81.7312,32.1082],[-81.7185,32.1096],[-81.7054,32.1081],[-81.6997,32.1086],[-81.6893,32.112],[-81.6803,32.1121],[-81.6005,32.1043],[-81.5964,32.1011],[-81.5943,32.1036],[-81.5851,32.1036],[-81.5333,32.0987],[-81.5061,32.0934],[-81.4756,32.0952],[-81.4614,32.0914],[-81.4358,32.0979],[-81.4195,32.0948],[-81.4153,32.0953],[-81.4055,32.0915],[-81.3964,32.0829],[-81.39,32.0799],[-81.3847,32.0795],[-81.3796,32.0748],[-81.3724,32.072],[-81.3689,32.069],[-81.3692,32.0679],[-81.3734,32.0684],[-81.3752,32.0662],[-81.3705,32.0639],[-81.3687,32.0599],[-81.3698,32.0589],[-81.3672,32.0573],[-81.3702,32.0545],[-81.3675,32.0513],[-81.368,32.0485],[-81.3606,32.0486],[-81.3612,32.0457],[-81.356,32.0421],[-81.3504,32.0342],[-81.3484,32.0391],[-81.3477,32.0355],[-81.3438,32.0331],[-81.3424,32.0342],[-81.3412,32.0313],[-81.3383,32.0329],[-81.335,32.0278],[-81.3372,32.0239],[-81.3361,32.0217],[-81.33,32.0186],[-81.3248,32.021],[-81.3256,32.016],[-81.3237,32.0149],[-81.3189,32.0158],[-81.3192,32.0145],[-81.3233,32.0126],[-81.3231,32.0075],[-81.3194,32.0065],[-81.3159,32.0109],[-81.3156,32.0051],[-81.3075,32.0021],[-81.3047,31.9998],[-81.3056,31.9982],[-81.3094,31.9971],[-81.3107,31.9949],[-81.3081,31.99],[-81.3102,31.9824],[-81.316,31.9836],[-81.3213,31.9786],[-81.3239,31.9832],[-81.3257,31.9841],[-81.3274,31.9834],[-81.3279,31.9822],[-81.3244,31.9828],[-81.323,31.9789],[-81.3214,31.9777],[-81.3157,31.9825],[-81.313,31.9828],[-81.3111,31.9812],[-81.3304,31.9609],[-81.3319,31.9618],[-81.3374,31.9526],[-81.3693,31.952],[-81.526,31.8851],[-81.554,31.8663],[-81.5592,31.8687],[-81.5671,31.8779],[-81.5918,31.865],[-81.5987,31.8636],[-81.6026,31.8605],[-81.602,31.8564],[-81.6064,31.8531],[-81.6074,31.8532],[-81.6089,31.8564],[-81.6144,31.8535],[-81.6166,31.8497],[-81.6186,31.8492],[-81.6379,31.8496],[-81.6902,31.8656],[-81.6908,31.8673],[-81.6968,31.8675],[-81.726,31.8758],[-81.7951,31.8975],[-81.8128,31.9023],[-81.8139,31.9011],[-81.8188,31.9028],[-81.8192,31.9049],[-81.882,31.9241],[-81.8828,31.9272],[-81.8819,31.932],[-81.8836,31.9355],[-81.8829,31.9412],[-81.8892,31.9471],[-81.8896,31.949],[-81.8845,31.9561],[-81.8768,31.9622],[-81.8761,31.9684],[-81.87,31.9716],[-81.8686,31.9736],[-81.8698,31.9779],[-81.868,31.9808],[-81.8592,31.9863],[-81.8595,31.9916],[-81.8516,32.0018],[-81.8501,32.0111],[-81.8513,32.0211],[-81.8463,32.0392],[-81.8576,32.0499],[-81.8547,32.0546],[-81.8533,32.0548],[-81.8533,32.0572],[-81.8392,32.0808],[-81.8307,32.0965],[-81.8287,32.1033],[-81.8207,32.1013],[-81.8138,32.1055],[-81.8124,32.1079],[-81.7942,32.1223],[-81.788,32.1248]]]]}},{"type":"Feature","properties":{"leaid":"1300060","name":"Appling County School District","kind":"Unified","gradeLow":"PK","gradeHigh":"12","state":"GA"},"geometry":{"type":"Polygon","coordinates":[[[-82.2309,31.9124],[-82.2211,31.9128],[-82.2185,31.9095],[-82.2066,31.9103],[-82.2013,31.9063],[-82.192,31.9065],[-82.1906,31.9045],[-82.1922,31.9018],[-82.1913,31.9005],[-82.16,31.904],[-82.1554,31.9031],[-82.1486,31.8988],[-82.1451,31.8981],[-82.1428,31.8993],[-82.1399,31.9057],[-82.1342,31.908],[-82.1317,31.9058],[-82.1312,31.9027],[-82.1365,31.8945],[-82.1357,31.892],[-82.1334,31.8904],[-82.1255,31.8897],[-82.1204,31.8861],[-82.1174,31.8866],[-82.1154,31.8888],[-82.1166,31.8997],[-82.1139,31.9012],[-82.1118,31.9005],[-82.1102,31.8979],[-82.112,31.8913],[-82.1078,31.8837],[-82.1098,31.878],[-82.1096,31.8703],[-82.1164,31.8663],[-82.117,31.8654],[-82.1155,31.8628],[-82.1063,31.8633],[-82.0983,31.8584],[-82.094,31.8534],[-82.0845,31.8479],[-82.0813,31.8428],[-82.0661,31.8382],[-82.0586,31.8324],[-82.0486,31.8271],[-82.0563,31.8278],[-82.064,31.8254],[-82.0676,31.8277],[-82.0713,31.8257],[-82.0735,31.8289],[-82.0771,31.8291],[-82.0801,31.8275],[-82.0801,31.8259],[-82.0831,31.823],[-82.0856,31.8234],[-82.0874,31.8216],[-82.0872,31.7995],[-82.1065,31.7998],[-82.107,31.7861],[-82.0893,31.7859],[-82.0894,31.7729],[-82.133,31.7734],[-82.1329,31.5693],[-82.1479,31.5691],[-82.1479,31.5573],[-82.1329,31.5575],[-82.1328,31.4713],[-82.1366,31.4701],[-82.1502,31.4697],[-82.1597,31.4735],[-82.1778,31.4865],[-82.1984,31.5053],[-82.2162,31.5162],[-82.2215,31.5216],[-82.2251,31.5276],[-82.2323,31.5453],[-82.2386,31.5536],[-82.2443,31.558],[-82.2603,31.562],[-82.2634,31.5638],[-82.2697,31.5719],[-82.2723,31.5734],[-82.2835,31.5775],[-82.2962,31.5842],[-82.3092,31.5888],[-82.3124,31.5918],[-82.3181,31.5943],[-82.3261,31.6019],[-82.3349,31.6069],[-82.3485,31.6207],[-82.357,31.6237],[-82.367,31.6302],[-82.3706,31.6313],[-82.3751,31.6305],[-82.3803,31.6338],[-82.3862,31.6347],[-82.3896,31.6379],[-82.3976,31.638],[-82.4022,31.6398],[-82.4075,31.6392],[-82.4099,31.642],[-82.4141,31.6431],[-82.4138,31.6448],[-82.4164,31.6456],[-82.4282,31.6559],[-82.4357,31.6607],[-82.4378,31.6614],[-82.4424,31.6588],[-82.4471,31.6593],[-82.4509,31.6614],[-82.4513,31.6652],[-82.4532,31.6681],[-82.4603,31.6704],[-82.4642,31.6765],[-82.4727,31.6802],[-82.4738,31.6835],[-82.477,31.6856],[-82.4777,31.6906],[-82.4824,31.6941],[-82.4828,31.6959],[-82.4868,31.6977],[-82.4879,31.7016],[-82.4896,31.7021],[-82.4959,31.7106],[-82.5214,31.7108],[-82.5206,31.7362],[-82.5507,31.7363],[-82.5507,31.7491],[-82.5202,31.7492],[-82.5203,31.8384],[-82.4314,31.838],[-82.4305,31.9387],[-82.4315,31.9662],[-82.4247,31.9642],[-82.4178,31.9596],[-82.4084,31.9561],[-82.4075,31.9541],[-82.4084,31.9513],[-82.4072,31.9495],[-82.404,31.9495],[-82.402,31.9517],[-82.4019,31.9537],[-82.4044,31.9579],[-82.4029,31.9599],[-82.4008,31.9603],[-82.3932,31.9556],[-82.3908,31.9493],[-82.3871,31.9482],[-82.3854,31.9514],[-82.389,31.9578],[-82.3876,31.9597],[-82.3845,31.96],[-82.3795,31.955],[-82.3715,31.9535],[-82.3721,31.9512],[-82.3784,31.946],[-82.3776,31.9419],[-82.3724,31.9415],[-82.3623,31.9437],[-82.358,31.9397],[-82.3233,31.9345],[-82.3145,31.9308],[-82.3089,31.9327],[-82.3077,31.9373],[-82.3122,31.9394],[-82.3153,31.9428],[-82.3161,31.9452],[-82.3139,31.9471],[-82.3095,31.9465],[-82.306,31.9387],[-82.3039,31.9372],[-82.3028,31.9339],[-82.3011,31.9333],[-82.2981,31.934],[-82.2916,31.9424],[-82.2864,31.9424],[-82.2776,31.9371],[-82.2703,31.9359],[-82.2668,31.9284],[-82.2632,31.928],[-82.2597,31.9324],[-82.256,31.9321],[-82.2546,31.9275],[-82.249,31.9219],[-82.2468,31.9151],[-82.2429,31.9151],[-82.2382,31.9201],[-82.2363,31.9205],[-82.2328,31.9189],[-82.2309,31.9124]]]}},{"type":"Feature","properties":{"leaid":"1302700","name":"Harris County School District","kind":"Unified","gradeLow":"PK","gradeHigh":"12","state":"GA"},"geometry":{"type":"Polygon","coordinates":[[[-84.8618,32.8725],[-84.8477,32.8724],[-84.8476,32.8684],[-84.8411,32.8681],[-84.7679,32.8677],[-84.7678,32.8689],[-84.7513,32.8692],[-84.7515,32.8627],[-84.7005,32.8446],[-84.6924,32.8294],[-84.6931,32.7388],[-84.6879,32.7388],[-84.688,32.7304],[-84.6829,32.7304],[-84.6829,32.7228],[-84.6932,32.7226],[-84.6934,32.7081],[-84.6997,32.7082],[-84.6996,32.7009],[-84.7032,32.7007],[-84.7032,32.6862],[-84.6938,32.6857],[-84.6946,32.5839],[-84.9079,32.5834],[-84.9077,32.6076],[-85.0808,32.6081],[-85.0822,32.6163],[-85.0884,32.621],[-85.0909,32.6257],[-85.09,32.6276],[-85.0838,32.6319],[-85.0831,32.6362],[-85.0849,32.6366],[-85.09,32.634],[-85.0945,32.6346],[-85.0967,32.6362],[-85.0962,32.6348],[-85.1001,32.6346],[-85.0989,32.6369],[-85.1004,32.6371],[-85.1016,32.6404],[-85.1045,32.641],[-85.1053,32.6435],[-85.1043,32.6464],[-85.0995,32.6511],[-85.0897,32.6556],[-85.0885,32.6578],[-85.093,32.6644],[-85.0935,32.6697],[-85.104,32.6796],[-85.1126,32.6834],[-85.1147,32.6856],[-85.117,32.692],[-85.12,32.7065],[-85.1181,32.7094],[-85.1218,32.7126],[-85.1227,32.716],[-85.1208,32.7229],[-85.1141,32.7304],[-85.1133,32.7358],[-85.1186,32.7408],[-85.1282,32.7422],[-85.1331,32.7446],[-85.1395,32.7518],[-85.1429,32.7595],[-85.1416,32.7642],[-85.1374,32.7672],[-85.137,32.7709],[-85.1309,32.7696],[-85.1237,32.772],[-85.1223,32.7744],[-85.1262,32.7792],[-85.1311,32.7803],[-85.1349,32.7845],[-85.1397,32.7851],[-85.1422,32.7921],[-85.1463,32.7916],[-85.152,32.7942],[-85.1679,32.8116],[-85.1686,32.8142],[-85.1648,32.8198],[-85.1683,32.8285],[-85.1647,32.8348],[-85.1606,32.8382],[-85.1546,32.8398],[-85.1534,32.8449],[-85.1563,32.8505],[-85.1619,32.8564],[-85.1643,32.8562],[-85.1698,32.8525],[-85.1794,32.8553],[-85.1844,32.8613],[-85.1841,32.8705],[-85.1088,32.8702],[-85.1087,32.8667],[-85.0994,32.8666],[-85.0995,32.8702],[-84.8619,32.8686],[-84.8618,32.8725]]]}},{"type":"Feature","properties":{"leaid":"1302820","name":"Henry County School District","kind":"Unified","gradeLow":"PK","gradeHigh":"12","state":"GA"},"geometry":{"type":"Polygon","coordinates":[[[-84.1841,33.6462],[-84.1839,33.6424],[-84.1795,33.6325],[-84.1816,33.6292],[-84.1721,33.6219],[-84.1538,33.5973],[-84.1497,33.5868],[-84.1468,33.5866],[-84.145,33.5834],[-84.1401,33.5802],[-84.1393,33.5744],[-84.1338,33.57],[-84.1309,33.5643],[-84.1233,33.561],[-84.1173,33.5629],[-84.1153,33.5661],[-84.1068,33.5664],[-84.0899,33.5547],[-84.0857,33.556],[-84.0821,33.5555],[-84.0772,33.5509],[-84.0745,33.5514],[-84.0729,33.5482],[-84.0701,33.547],[-84.0657,33.5495],[-84.0627,33.5437],[-84.0596,33.5406],[-84.0576,33.54],[-84.0539,33.5426],[-84.0517,33.5424],[-84.0486,33.5387],[-84.0514,33.536],[-84.0509,33.5305],[-84.0558,33.5305],[-84.0563,33.5267],[-84.0531,33.5263],[-84.0467,33.5307],[-84.0444,33.5263],[-84.048,33.5227],[-84.0549,33.5195],[-84.0544,33.515],[-84.0514,33.511],[-84.0492,33.511],[-84.0483,33.5122],[-84.0506,33.5164],[-84.0462,33.518],[-84.0444,33.5203],[-84.0429,33.5199],[-84.0418,33.5182],[-84.043,33.5098],[-84.0356,33.5091],[-84.0341,33.5037],[-84.03,33.5001],[-84.0317,33.4978],[-84.0369,33.497],[-84.0372,33.4958],[-84.0278,33.4915],[-84.0257,33.4966],[-84.0158,33.4981],[-84.0122,33.4922],[-84.0003,33.4943],[-83.9914,33.4928],[-83.9877,33.4909],[-83.9858,33.488],[-83.9835,33.4887],[-83.9803,33.487],[-83.9765,33.4888],[-83.9747,33.487],[-83.974,33.4835],[-83.9694,33.4868],[-83.9647,33.4867],[-83.9554,33.4837],[-83.9493,33.4857],[-83.9464,33.4827],[-83.9478,33.4767],[-83.9446,33.4715],[-83.9378,33.4678],[-83.9352,33.4601],[-83.9314,33.4574],[-83.932,33.4547],[-83.9225,33.4504],[-83.9249,33.4459],[-83.9239,33.4442],[-83.9326,33.4445],[-83.9333,33.4416],[-83.9435,33.4418],[-83.9435,33.4253],[-83.954,33.4252],[-83.954,33.4192],[-83.9631,33.4192],[-83.9631,33.4076],[-83.9731,33.4076],[-83.9732,33.3852],[-83.966,33.3851],[-83.966,33.3817],[-83.9673,33.3803],[-83.9635,33.3784],[-83.9644,33.3752],[-83.9769,33.3747],[-83.9787,33.372],[-83.9808,33.3717],[-83.986,33.3675],[-84.0076,33.3683],[-84.013,33.3601],[-84.021,33.3569],[-84.0248,33.3573],[-84.0244,33.3613],[-84.0327,33.3616],[-84.033,33.3428],[-84.0383,33.3428],[-84.0425,33.3411],[-84.0427,33.3365],[-84.0445,33.3372],[-84.0446,33.3335],[-84.0427,33.3335],[-84.0427,33.3313],[-84.0458,33.3313],[-84.0459,33.3295],[-84.0536,33.3295],[-84.0537,33.3177],[-84.0613,33.3096],[-84.0636,33.3098],[-84.0635,33.3176],[-84.073,33.3176],[-84.0733,33.3018],[-84.0802,33.3019],[-84.0861,33.2976],[-84.0886,33.3019],[-84.1024,33.3021],[-84.1026,33.2982],[-84.1088,33.3013],[-84.1101,33.2991],[-84.1138,33.2977],[-84.1185,33.3024],[-84.1241,33.3001],[-84.1279,33.3024],[-84.1343,33.3036],[-84.1348,33.3079],[-84.1388,33.3089],[-84.1398,33.3129],[-84.143,33.3147],[-84.1463,33.314],[-84.145,33.3165],[-84.1489,33.3151],[-84.1482,33.3131],[-84.1509,33.313],[-84.1506,33.3356],[-84.2473,33.3358],[-84.2474,33.3526],[-84.3544,33.3525],[-84.3536,33.4362],[-84.3232,33.4359],[-84.3234,33.428],[-84.3042,33.4274],[-84.3043,33.4357],[-84.2947,33.4357],[-84.2942,33.4843],[-84.2839,33.4843],[-84.2825,33.5313],[-84.2825,33.5329],[-84.293,33.533],[-84.2926,33.5491],[-84.2637,33.5489],[-84.2636,33.5822],[-84.2531,33.5822],[-84.2532,33.5903],[-84.2439,33.5903],[-84.2439,33.5986],[-84.2532,33.5988],[-84.2532,33.6069],[-84.263,33.607],[-84.2626,33.631],[-84.2721,33.6312],[-84.2719,33.6392],[-84.2815,33.6394],[-84.2817,33.6473],[-84.2458,33.6469],[-84.2455,33.6307],[-84.2242,33.6307],[-84.224,33.6466],[-84.1841,33.6462]]]}},{"type":"Feature","properties":{"leaid":"1303240","name":"Lanier County School District","kind":"Unified","gradeLow":"PK","gradeHigh":"12","state":"GA"},"geometry":{"type":"Polygon","coordinates":[[[-82.9712,31.184],[-82.9698,31.097],[-82.9713,30.8694],[-82.9822,30.8722],[-82.992,30.8617],[-83.0066,30.8595],[-83.0104,30.8536],[-83.0114,30.8475],[-83.014,30.8447],[-83.0152,30.8486],[-83.0183,30.8484],[-83.0253,30.8521],[-83.0237,30.8591],[-83.026,30.8615],[-83.0252,30.8627],[-83.0263,30.8643],[-83.0231,30.8678],[-83.0234,30.8718],[-83.0216,30.8727],[-83.0242,30.8737],[-83.0224,30.8741],[-83.0232,30.8762],[-83.0219,30.8768],[-83.0231,30.8781],[-83.0208,30.8815],[-83.0237,30.8828],[-83.0225,30.8838],[-83.0237,30.8849],[-83.0226,30.8868],[-83.0246,30.888],[-83.0208,30.8907],[-83.0227,30.8966],[-83.0204,30.9043],[-83.0229,30.9028],[-83.0248,30.9064],[-83.0273,30.9062],[-83.0257,30.9082],[-83.0278,30.9082],[-83.0294,30.9102],[-83.0277,30.9152],[-83.033,30.9148],[-83.0364,30.916],[-83.0366,30.9177],[-83.0352,30.9191],[-83.0363,30.9211],[-83.0319,30.9222],[-83.0367,30.9239],[-83.0403,30.9269],[-83.0394,30.9292],[-83.0365,30.9298],[-83.0361,30.9321],[-83.0384,30.9358],[-83.0425,30.9377],[-83.0429,30.9473],[-83.1795,30.9501],[-83.1806,31.0255],[-83.198,31.0254],[-83.1979,31.0622],[-83.1672,31.0624],[-83.1651,31.1472],[-83.0382,31.1467],[-83.0392,31.1502],[-83.0364,31.151],[-83.0402,31.1548],[-83.0389,31.1603],[-83.0422,31.1641],[-83.0401,31.1685],[-83.041,31.1701],[-83.0429,31.1693],[-83.0449,31.1705],[-83.0438,31.1746],[-83.0493,31.1762],[-83.0486,31.1775],[-83.0496,31.1806],[-83.0474,31.1812],[-83.0499,31.1839],[-83.0481,31.1826],[-83.0469,31.1837],[-83.0381,31.1838],[-82.9712,31.184]]]}},{"type":"Feature","properties":{"leaid":"1304530","name":"Seminole County School District","kind":"Unified","gradeLow":"PK","gradeHigh":"12","state":"GA"},"geometry":{"type":"Polygon","coordinates":[[[-85.0286,31.0752],[-84.7309,31.0692],[-84.7316,31.0501],[-84.7423,31.0501],[-84.7423,31.0409],[-84.7529,31.0412],[-84.7559,30.8853],[-84.7669,30.8853],[-84.7669,30.8763],[-84.7695,30.8764],[-84.7697,30.8437],[-84.7713,30.8425],[-84.7689,30.8369],[-84.7703,30.8354],[-84.7731,30.8361],[-84.7727,30.8331],[-84.7769,30.8303],[-84.7783,30.8278],[-84.7825,30.8275],[-84.7824,30.8254],[-84.7853,30.8236],[-84.7845,30.8185],[-84.7892,30.8164],[-84.7899,30.8135],[-84.7881,30.8126],[-84.7875,30.8108],[-84.7887,30.8091],[-84.7869,30.8052],[-84.7883,30.802],[-84.7867,30.8014],[-84.7879,30.8002],[-84.791,30.8005],[-84.7923,30.8019],[-84.7929,30.8008],[-84.801,30.8014],[-84.8062,30.7965],[-84.8078,30.7897],[-84.8139,30.7814],[-84.8154,30.782],[-84.815,30.7828],[-84.8179,30.7832],[-84.8208,30.7819],[-84.8208,30.7794],[-84.8221,30.7803],[-84.8253,30.7785],[-84.8285,30.7786],[-84.8287,30.7774],[-84.8335,30.7792],[-84.8363,30.7789],[-84.8396,30.7764],[-84.8404,30.7722],[-84.8455,30.7734],[-84.8499,30.7722],[-84.8508,30.7684],[-84.8493,30.7668],[-84.8518,30.7635],[-84.8559,30.7622],[-84.8595,30.7636],[-84.8611,30.762],[-84.8614,30.7574],[-84.8595,30.7529],[-84.8655,30.7506],[-84.8675,30.7477],[-84.8713,30.7325],[-84.8633,30.7181],[-84.8635,30.7115],[-84.8647,30.7115],[-84.8713,30.7238],[-84.8838,30.7326],[-84.8875,30.7418],[-84.8961,30.7506],[-84.9002,30.7519],[-84.9073,30.7506],[-84.9135,30.7523],[-84.915,30.7612],[-84.9201,30.766],[-84.918,30.7721],[-84.918,30.7781],[-84.9283,30.7931],[-84.9283,30.8051],[-84.9374,30.8209],[-84.9348,30.8359],[-84.9321,30.8383],[-84.9271,30.839],[-84.9257,30.8427],[-84.9278,30.8479],[-84.9332,30.8515],[-84.9361,30.857],[-84.9364,30.8598],[-84.9323,30.8643],[-84.9398,30.8726],[-84.9345,30.8813],[-84.9344,30.8836],[-84.9381,30.8868],[-84.9425,30.8885],[-84.9561,30.9076],[-84.9667,30.9173],[-84.971,30.9282],[-84.9831,30.9348],[-84.983,30.9426],[-84.9795,30.9556],[-84.9801,30.9613],[-84.9825,30.9656],[-84.9872,30.9685],[-84.9999,30.9712],[-85.004,30.9735],[-85.0057,30.9759],[-85.0059,30.9798],[-85.0024,30.9878],[-85.0025,31.0007],[-84.9994,31.0138],[-85.0045,31.0192],[-85.0051,31.0247],[-85.0094,31.0324],[-85.0086,31.0441],[-85.0114,31.0535],[-85.0182,31.0593],[-85.0286,31.0752]]]}},{"type":"Feature","properties":{"leaid":"1304590","name":"Stewart County School District","kind":"Unified","gradeLow":"PK","gradeHigh":"12","state":"GA"},"geometry":{"type":"Polygon","coordinates":[[[-84.6558,31.9203],[-84.6758,31.9205],[-84.6758,31.9287],[-84.6857,31.929],[-84.6855,31.9203],[-84.8007,31.9228],[-84.8007,31.9315],[-84.8101,31.9318],[-84.8104,31.9229],[-84.9173,31.9247],[-84.9172,31.9331],[-84.9361,31.9338],[-84.9358,31.9418],[-84.9552,31.9423],[-84.9549,31.9503],[-84.9741,31.9502],[-84.9737,31.9593],[-84.9642,31.9591],[-84.9639,31.9669],[-84.954,31.9668],[-84.9537,31.9748],[-85.0012,31.976],[-85.0011,31.9839],[-85.0118,31.9838],[-85.0119,31.9759],[-85.042,31.9757],[-85.0419,31.9848],[-85.0609,31.9851],[-85.0609,31.9919],[-85.0682,31.9919],[-85.0674,31.9953],[-85.0634,32.0041],[-85.0551,32.0107],[-85.0538,32.0135],[-85.0553,32.0178],[-85.0537,32.0207],[-85.0488,32.0217],[-85.0489,32.023],[-85.0563,32.0283],[-85.058,32.0336],[-85.0535,32.036],[-85.0542,32.0393],[-85.058,32.0438],[-85.0588,32.0467],[-85.0566,32.0542],[-85.0567,32.0604],[-85.0542,32.068],[-85.0558,32.0744],[-85.0532,32.0806],[-85.0448,32.0858],[-85.0534,32.1048],[-85.055,32.1137],[-85.0619,32.1329],[-85.0587,32.136],[-85.0456,32.1438],[-85.0266,32.1661],[-85.0171,32.1735],[-85.0113,32.1805],[-84.975,32.1911],[-84.9637,32.1959],[-84.9617,32.1988],[-84.9646,32.2036],[-84.9669,32.2045],[-84.9744,32.2036],[-84.9802,32.2078],[-84.9798,32.2111],[-84.9733,32.2176],[-84.9681,32.2194],[-84.9594,32.2179],[-84.9301,32.2191],[-84.9254,32.2215],[-84.9229,32.2247],[-84.9233,32.2309],[-84.8139,32.2309],[-84.814,32.2211],[-84.8025,32.221],[-84.8025,32.2309],[-84.6493,32.233],[-84.6493,32.2252],[-84.6403,32.2253],[-84.6403,32.1843],[-84.6311,32.1841],[-84.6313,32.1764],[-84.6403,32.1766],[-84.6404,32.168],[-84.6426,32.168],[-84.6424,32.1602],[-84.6516,32.1602],[-84.6514,32.1519],[-84.6423,32.1519],[-84.6434,32.0863],[-84.6353,32.0862],[-84.6345,32.0793],[-84.6434,32.0827],[-84.6444,32.0289],[-84.6541,32.0285],[-84.6552,31.9844],[-84.6448,31.9843],[-84.645,31.977],[-84.6552,31.9771],[-84.655,31.9696],[-84.6451,31.9697],[-84.6454,31.9615],[-84.655,31.9615],[-84.6558,31.9203]]]}},{"type":"Feature","properties":{"leaid":"1304830","name":"Telfair County School District","kind":"Unified","gradeLow":"PK","gradeHigh":"12","state":"GA"},"geometry":{"type":"Polygon","coordinates":[[[-82.9279,32.1353],[-82.9402,32.1249],[-82.9299,32.1259],[-82.9147,32.1232],[-82.9117,32.119],[-82.902,32.1103],[-82.902,32.0995],[-82.9005,32.0952],[-82.8965,32.0873],[-82.891,32.0851],[-82.8877,32.0799],[-82.8744,32.074],[-82.8707,32.0747],[-82.8665,32.0725],[-82.8618,32.0679],[-82.8587,32.0666],[-82.8559,32.0618],[-82.8462,32.06],[-82.8379,32.0608],[-82.8359,32.0594],[-82.8327,32.0596],[-82.8291,32.0582],[-82.8251,32.0539],[-82.8237,32.0543],[-82.8181,32.0516],[-82.8148,32.0524],[-82.8081,32.0495],[-82.8072,32.0473],[-82.8012,32.0447],[-82.8014,32.0431],[-82.7991,32.0388],[-82.797,32.0375],[-82.7964,32.0345],[-82.7911,32.0318],[-82.7904,32.0277],[-82.7878,32.0248],[-82.7868,32.0251],[-82.7869,32.0225],[-82.7797,32.0184],[-82.7747,32.0187],[-82.7721,32.0143],[-82.7696,32.0143],[-82.7668,32.0116],[-82.7632,32.0121],[-82.7614,32.01],[-82.7602,32.0111],[-82.7565,32.0101],[-82.7559,32.0087],[-82.7505,32.0085],[-82.7492,32.0072],[-82.7469,32.0086],[-82.7451,32.0075],[-82.7403,32.0083],[-82.7289,32.0068],[-82.7292,32.0057],[-82.7231,32.0028],[-82.7239,32.001],[-82.7206,32.0006],[-82.7224,31.9965],[-82.721,31.9959],[-82.7194,31.9908],[-82.7162,31.9886],[-82.717,31.9853],[-82.7139,31.984],[-82.7131,31.9829],[-82.7141,31.9821],[-82.7103,31.9793],[-82.7104,31.9759],[-82.7061,31.9727],[-82.7019,31.9727],[-82.7025,31.9712],[-82.7003,31.9705],[-82.6994,31.9672],[-82.697,31.9673],[-82.6977,31.9651],[-82.6966,31.9645],[-82.697,31.963],[-82.6951,31.9622],[-82.6965,31.9607],[-82.6952,31.9569],[-82.6918,31.9561],[-82.6919,31.9538],[-82.6882,31.9535],[-82.6871,31.9501],[-82.683,31.9482],[-82.6818,31.9459],[-82.68,31.9468],[-82.6792,31.9438],[-82.6772,31.9425],[-82.6758,31.9431],[-82.6765,31.9417],[-82.6721,31.9382],[-82.6698,31.9342],[-82.6659,31.9349],[-82.6627,31.9325],[-82.6528,31.9289],[-82.6524,31.9273],[-82.6553,31.9267],[-82.654,31.9251],[-82.6548,31.924],[-82.6516,31.9222],[-82.6495,31.9226],[-82.6486,31.9203],[-82.6458,31.9205],[-82.6457,31.9189],[-82.6486,31.9165],[-82.6505,31.9165],[-82.6514,31.917],[-82.6512,31.9209],[-82.6561,31.9205],[-82.6581,31.9237],[-82.6613,31.9199],[-82.6681,31.9215],[-82.6753,31.9198],[-82.6824,31.9205],[-82.6824,31.9163],[-82.6789,31.9162],[-82.6763,31.9132],[-82.6773,31.9099],[-82.6843,31.9087],[-82.6858,31.9058],[-82.6886,31.9047],[-82.6893,31.9016],[-82.6947,31.8981],[-82.6961,31.8988],[-82.6968,31.9026],[-82.6999,31.9036],[-82.702,31.8992],[-82.7062,31.8984],[-82.7071,31.8933],[-82.7103,31.8893],[-82.7154,31.8891],[-82.7173,31.8858],[-82.7211,31.887],[-82.7227,31.8842],[-82.7265,31.8819],[-82.7313,31.8826],[-82.7323,31.8804],[-82.7364,31.878],[-82.742,31.8768],[-82.754,31.8658],[-82.7534,31.8608],[-82.7562,31.8593],[-82.7573,31.8569],[-82.7623,31.8577],[-82.7626,31.8604],[-82.7687,31.8615],[-82.7702,31.8601],[-82.768,31.857],[-82.7697,31.8554],[-82.773,31.8578],[-82.7728,31.8617],[-82.7764,31.8622],[-82.7759,31.8585],[-82.7806,31.8565],[-82.782,31.8524],[-82.7841,31.852],[-82.786,31.8537],[-82.7908,31.853],[-82.7919,31.8467],[-82.7902,31.8437],[-82.7851,31.8417],[-82.7855,31.8376],[-82.7916,31.8339],[-82.7958,31.8351],[-82.8027,31.8287],[-82.8048,31.8314],[-82.8094,31.8278],[-82.8097,31.8258],[-82.807,31.8245],[-82.8081,31.8229],[-82.8127,31.8208],[-82.8144,31.8186],[-82.8193,31.8198],[-82.8204,31.8167],[-82.8247,31.8135],[-82.8267,31.8135],[-82.8279,31.815],[-82.8249,31.8177],[-82.8249,31.8197],[-82.8262,31.8194],[-82.8269,31.8172],[-82.832,31.8181],[-82.8387,31.8157],[-82.839,31.8142],[-82.8367,31.8126],[-82.8366,31.8109],[-82.8382,31.8106],[-82.8407,31.8125],[-82.8423,31.8116],[-82.8386,31.8072],[-82.8415,31.8067],[-82.8423,31.8047],[-82.8447,31.8049],[-82.8499,31.7979],[-82.8555,31.7987],[-82.856,31.7948],[-82.8589,31.7931],[-82.8573,31.7905],[-82.8623,31.7871],[-82.8618,31.7843],[-82.8628,31.783],[-82.8682,31.7858],[-82.8694,31.7848],[-82.8681,31.7823],[-82.8722,31.7832],[-82.877,31.7809],[-82.8777,31.7822],[-82.8736,31.7847],[-82.8767,31.7871],[-82.8775,31.7851],[-82.8821,31.7855],[-82.8807,31.7828],[-82.8861,31.7816],[-82.8867,31.7797],[-82.8904,31.7804],[-82.892,31.7822],[-82.8959,31.7837],[-82.8996,31.7832],[-82.8988,31.7852],[-82.8996,31.7873],[-82.8965,31.7899],[-82.8988,31.7915],[-82.9073,31.7849],[-82.9157,31.7837],[-82.9172,31.7792],[-82.9194,31.7787],[-82.9213,31.7805],[-82.9187,31.7834],[-82.9194,31.7843],[-82.9247,31.7843],[-82.9311,31.7865],[-82.9338,31.7858],[-82.9346,31.7877],[-82.9368,31.7864],[-82.9404,31.7875],[-82.941,31.7848],[-82.9424,31.7842],[-82.9458,31.7879],[-82.9471,31.7872],[-82.9467,31.7834],[-82.9492,31.7854],[-82.956,31.783],[-82.96,31.786],[-82.9636,31.7845],[-82.966,31.788],[-82.9696,31.7884],[-82.9686,31.7916],[-82.9697,31.7928],[-82.9738,31.791],[-82.9774,31.7933],[-82.983,31.7896],[-82.9825,31.7839],[-82.9841,31.7842],[-82.9848,31.7871],[-82.989,31.7883],[-82.9907,31.7872],[-82.9919,31.7825],[-82.9899,31.7789],[-82.9904,31.7766],[-82.9914,31.7766],[-82.9928,31.7795],[-82.9979,31.7817],[-82.9999,31.7809],[-83.0024,31.7758],[-83.0058,31.7746],[-83.0142,31.7792],[-83.028,31.7783],[-83.0305,31.7807],[-83.0308,31.7836],[-83.0354,31.7863],[-83.0398,31.7864],[-83.0381,31.7893],[-83.039,31.7906],[-83.0459,31.7915],[-83.0465,31.7891],[-83.0506,31.79],[-83.0528,31.7892],[-83.0557,31.7923],[-83.0591,31.7913],[-83.0597,31.7937],[-83.0646,31.7946],[-83.0658,31.7968],[-83.0696,31.7962],[-83.0722,31.8016],[-83.0759,31.8015],[-83.078,31.8028],[-83.0804,31.8006],[-83.0841,31.8029],[-83.0857,31.8074],[-83.0847,31.8105],[-83.0867,31.8127],[-83.0891,31.8122],[-83.0888,31.809],[-83.09,31.8076],[-83.0916,31.8089],[-83.0993,31.8083],[-83.1029,31.8137],[-83.1072,31.8145],[-83.1059,31.8191],[-83.1115,31.8162],[-83.1122,31.8124],[-83.1092,31.8133],[-83.1077,31.8123],[-83.108,31.8108],[-83.1116,31.8092],[-83.1167,31.8119],[-83.129,31.81],[-83.1387,31.8144],[-83.1405,31.8183],[-83.1371,31.816],[-83.1323,31.8156],[-83.1337,31.8177],[-83.1326,31.8206],[-83.1346,31.8241],[-83.1381,31.8253],[-83.152,31.8249],[-83.1535,31.8266],[-83.1508,31.8286],[-83.1523,31.8317],[-83.1605,31.8346],[-83.1603,31.8367],[-83.1617,31.8379],[-83.1694,31.8399],[-83.1775,31.8479],[-83.1773,31.8527],[-83.179,31.8534],[-83.1789,31.8559],[-83.1835,31.8597],[-83.1814,31.8611],[-83.1768,31.8684],[-83.1801,31.8707],[-83.1786,31.8738],[-83.1813,31.8757],[-83.1812,31.8792],[-83.1825,31.8798],[-83.1839,31.8775],[-83.1899,31.8745],[-83.1925,31.8751],[-83.1925,31.8797],[-83.1953,31.8781],[-83.1994,31.8798],[-83.1976,31.8839],[-83.2044,31.8851],[-83.2011,31.8864],[-83.204,31.8886],[-83.2042,31.8907],[-83.1999,31.8925],[-83.2071,31.8952],[-83.2057,31.9003],[-82.9421,32.1241],[-82.9555,32.1353],[-82.9346,32.1533],[-82.9275,32.1472],[-82.9348,32.141],[-82.9279,32.1353]]]}},{"type":"Feature","properties":{"leaid":"1305130","name":"Trion City School District","kind":"Unified","gradeLow":"PK","gradeHigh":"12","state":"GA"},"geometry":{"type":"Polygon","coordinates":[[[-85.3062,34.5681],[-85.3066,34.5659],[-85.298,34.5647],[-85.2979,34.5605],[-85.2996,34.5568],[-85.2951,34.5567],[-85.297,34.5557],[-85.2961,34.5553],[-85.2981,34.5518],[-85.2972,34.5516],[-85.2979,34.5493],[-85.2962,34.549],[-85.2968,34.5463],[-85.2952,34.5463],[-85.293,34.5489],[-85.2936,34.5449],[-85.2917,34.5449],[-85.2888,34.5401],[-85.2907,34.5391],[-85.2973,34.5391],[-85.2966,34.5378],[-85.3006,34.5379],[-85.301,34.5306],[-85.3132,34.5317],[-85.3134,34.5308],[-85.3274,34.531],[-85.3272,34.5601],[-85.3209,34.5598],[-85.3218,34.5644],[-85.3149,34.5643],[-85.3156,34.568],[-85.3062,34.5681]]]}},{"type":"Feature","properties":{"leaid":"1300090","name":"Atkinson County School District","kind":"Unified","gradeLow":"PK","gradeHigh":"12","state":"GA"},"geometry":{"type":"Polygon","coordinates":[[[-82.629,31.3639],[-82.6296,31.2747],[-82.632,31.2733],[-82.6343,31.2746],[-82.636,31.2737],[-82.6388,31.2745],[-82.6379,31.2777],[-82.6431,31.279],[-82.645,31.2782],[-82.6503,31.2839],[-82.6527,31.2839],[-82.6546,31.2862],[-82.6549,31.2853],[-82.6593,31.2864],[-82.6614,31.2856],[-82.6638,31.2881],[-82.6648,31.287],[-82.667,31.2878],[-82.6671,31.2866],[-82.6688,31.2869],[-82.6688,31.2859],[-82.6742,31.2838],[-82.6812,31.2853],[-82.6992,31.2781],[-82.701,31.2232],[-82.6908,31.2234],[-82.6717,31.1837],[-83.0469,31.1837],[-83.0484,31.1857],[-83.0457,31.186],[-83.0469,31.1878],[-83.0458,31.1903],[-83.0478,31.1903],[-83.047,31.1912],[-83.0481,31.1927],[-83.0452,31.1943],[-83.0475,31.195],[-83.046,31.1955],[-83.0465,31.1993],[-83.0454,31.2003],[-83.0498,31.2022],[-83.0486,31.2039],[-83.0511,31.2037],[-83.0501,31.2053],[-83.0516,31.2054],[-83.0508,31.2069],[-83.0519,31.2078],[-83.0492,31.2076],[-83.0498,31.2097],[-83.051,31.2099],[-83.0501,31.2109],[-83.051,31.2126],[-83.0491,31.2119],[-83.0498,31.2136],[-83.0471,31.2138],[-83.0466,31.2153],[-83.0483,31.2163],[-83.0462,31.2169],[-83.0472,31.218],[-83.0457,31.2186],[-83.0452,31.2206],[-83.0478,31.2227],[-83.0505,31.2227],[-83.0491,31.2238],[-83.0495,31.2263],[-83.0522,31.2255],[-83.0515,31.2272],[-83.0494,31.2272],[-83.0509,31.2296],[-83.0491,31.231],[-83.0507,31.2321],[-83.0489,31.2326],[-83.0493,31.2338],[-83.0474,31.2334],[-83.0472,31.2351],[-83.0451,31.2338],[-83.0439,31.235],[-83.0459,31.2357],[-83.0478,31.2409],[-83.046,31.2424],[-83.046,31.2454],[-83.0417,31.2484],[-83.0433,31.2494],[-83.0408,31.2524],[-83.042,31.2532],[-83.0384,31.2551],[-83.0392,31.2601],[-83.0417,31.2625],[-83.0418,31.2647],[-83.0362,31.2683],[-83.0357,31.2704],[-83.037,31.2712],[-83.0348,31.2715],[-83.0353,31.2746],[-83.0335,31.275],[-83.0362,31.279],[-83.0379,31.2783],[-83.0369,31.2805],[-83.0391,31.2803],[-83.0398,31.2788],[-83.0409,31.2812],[-83.047,31.283],[-83.0474,31.286],[-83.0448,31.288],[-83.0468,31.2876],[-83.046,31.2889],[-83.048,31.2901],[-83.0456,31.2916],[-83.0451,31.2929],[-83.0474,31.2922],[-83.0482,31.2949],[-83.0516,31.2963],[-83.0512,31.3004],[-83.0531,31.3014],[-83.0537,31.3035],[-83.0552,31.304],[-83.0557,31.3023],[-83.0565,31.3038],[-83.059,31.3042],[-83.0578,31.3091],[-83.0591,31.309],[-83.0589,31.3136],[-83.0575,31.3146],[-83.0597,31.315],[-83.061,31.3169],[-83.0603,31.3179],[-83.0611,31.3175],[-83.0592,31.3193],[-83.0603,31.321],[-83.0586,31.322],[-83.0581,31.3246],[-83.0613,31.3255],[-83.0595,31.3268],[-83.0596,31.3299],[-83.062,31.3318],[-83.0629,31.3313],[-83.0639,31.3343],[-83.0648,31.3336],[-83.0657,31.335],[-83.067,31.334],[-83.0665,31.3371],[-83.069,31.3379],[-83.0689,31.3408],[-83.0711,31.3423],[-83.0724,31.3416],[-83.0756,31.3473],[-83.0762,31.3454],[-83.082,31.3498],[-83.0843,31.3487],[-83.0836,31.3475],[-83.085,31.3463],[-83.0874,31.3463],[-83.0892,31.3488],[-83.088,31.3511],[-83.0972,31.352],[-83.0971,31.3539],[-83.0997,31.3539],[-83.1009,31.3573],[-83.1034,31.3578],[-83.1055,31.3632],[-83.1124,31.3701],[-83.113,31.3731],[-83.1116,31.376],[-83.1161,31.38],[-83.1151,31.3825],[-83.1163,31.3887],[-83.1215,31.393],[-83.1249,31.3931],[-83.1372,31.3987],[-83.1407,31.4019],[-83.141,31.4067],[-83.1379,31.4094],[-83.1376,31.4125],[-83.1405,31.4204],[-82.9585,31.4173],[-82.9581,31.403],[-82.8441,31.4033],[-82.8429,31.4016],[-82.8377,31.4007],[-82.8356,31.3975],[-82.8369,31.3919],[-82.8352,31.3869],[-82.8295,31.3775],[-82.8226,31.3752],[-82.8222,31.3695],[-82.8184,31.3673],[-82.8175,31.3645],[-82.629,31.3639]]]}},{"type":"Feature","properties":{"leaid":"1300120","name":"Atlanta City School District","kind":"Unified","gradeLow":"PK","gradeHigh":"12","state":"GA"},"geometry":{"type":"MultiPolygon","coordinates":[[[[-84.4211,33.6578],[-84.419,33.6556],[-84.419,33.6488],[-84.4284,33.6488],[-84.4284,33.6575],[-84.4269,33.6575],[-84.4269,33.659],[-84.4206,33.6589],[-84.4211,33.6578]]],[[[-84.3955,33.8863],[-84.3873,33.8811],[-84.3874,33.8781],[-84.3678,33.8781],[-84.3664,33.88],[-84.3641,33.8801],[-84.3621,33.8769],[-84.3552,33.878],[-84.3559,33.8789],[-84.3539,33.882],[-84.3481,33.8821],[-84.3486,33.8046],[-84.348,33.806],[-84.3475,33.8047],[-84.3379,33.8046],[-84.3381,33.8029],[-84.3339,33.8035],[-84.3351,33.8051],[-84.3334,33.8071],[-84.3304,33.8075],[-84.3312,33.8096],[-84.3299,33.8101],[-84.3277,33.8035],[-84.325,33.8034],[-84.3253,33.8058],[-84.322,33.8055],[-84.323,33.803],[-84.3229,33.7999],[-84.3244,33.7993],[-84.3269,33.8007],[-84.3277,33.8008],[-84.3279,33.8002],[-84.3193,33.7974],[-84.3184,33.7992],[-84.3195,33.798],[-84.321,33.7983],[-84.321,33.8015],[-84.3228,33.8022],[-84.3218,33.8055],[-84.3195,33.8053],[-84.3156,33.8034],[-84.3116,33.8034],[-84.3135,33.8032],[-84.3134,33.8005],[-84.3091,33.8008],[-84.3066,33.7981],[-84.3089,33.7952],[-84.3168,33.7952],[-84.3175,33.7935],[-84.3145,33.792],[-84.3174,33.7905],[-84.3173,33.7926],[-84.3187,33.7897],[-84.3255,33.7882],[-84.3287,33.7908],[-84.3288,33.7933],[-84.3307,33.7937],[-84.3307,33.7961],[-84.3361,33.8011],[-84.3359,33.8021],[-84.3385,33.8021],[-84.3386,33.7999],[-84.3415,33.7962],[-84.3413,33.7944],[-84.3393,33.7936],[-84.3393,33.793],[-84.3415,33.7932],[-84.345,33.7961],[-84.3453,33.7921],[-84.344,33.7906],[-84.3424,33.7911],[-84.3423,33.79],[-84.3488,33.7898],[-84.3489,33.783],[-84.3472,33.7831],[-84.3474,33.7802],[-84.3452,33.7793],[-84.3376,33.7785],[-84.3383,33.7793],[-84.3328,33.7793],[-84.3322,33.7781],[-84.3318,33.7792],[-84.3301,33.7793],[-84.33,33.7725],[-84.3314,33.7716],[-84.3288,33.7716],[-84.329,33.7706],[-84.3284,33.7715],[-84.3284,33.7679],[-84.3268,33.7679],[-84.3268,33.7697],[-84.323,33.7696],[-84.323,33.7678],[-84.3198,33.7676],[-84.3162,33.7644],[-84.3124,33.7649],[-84.3125,33.7553],[-84.3098,33.7541],[-84.3125,33.7518],[-84.3047,33.7524],[-84.3025,33.7548],[-84.2906,33.7531],[-84.2908,33.7471],[-84.2896,33.7447],[-84.291,33.7448],[-84.2897,33.7422],[-84.2903,33.7389],[-84.2953,33.7395],[-84.2955,33.7385],[-84.2978,33.7386],[-84.2968,33.7383],[-84.2968,33.737],[-84.2979,33.7371],[-84.2988,33.7371],[-84.2984,33.7386],[-84.3005,33.7386],[-84.3005,33.7374],[-84.3055,33.7375],[-84.306,33.7393],[-84.314,33.7396],[-84.3139,33.7382],[-84.3125,33.7382],[-84.3135,33.7367],[-84.3153,33.7374],[-84.3153,33.7396],[-84.323,33.7397],[-84.323,33.741],[-84.3205,33.7416],[-84.3203,33.7456],[-84.317,33.7448],[-84.317,33.7466],[-84.3286,33.7474],[-84.3271,33.74],[-84.3294,33.74],[-84.3293,33.7353],[-84.3258,33.7366],[-84.323,33.7323],[-84.3245,33.7334],[-84.326,33.7323],[-84.3293,33.7333],[-84.3294,33.7307],[-84.3208,33.7263],[-84.3272,33.7228],[-84.3293,33.7184],[-84.3319,33.7207],[-84.3334,33.7258],[-84.3365,33.7258],[-84.3367,33.7272],[-84.3342,33.7275],[-84.3348,33.7287],[-84.3401,33.733],[-84.3448,33.7324],[-84.3442,33.7312],[-84.3454,33.7312],[-84.3456,33.7324],[-84.3486,33.7325],[-84.3486,33.7283],[-84.3459,33.7276],[-84.3487,33.7263],[-84.3495,33.7155],[-84.3445,33.7158],[-84.3442,33.7144],[-84.3449,33.7125],[-84.3495,33.714],[-84.3499,33.6479],[-84.3993,33.6483],[-84.3997,33.6531],[-84.397,33.6532],[-84.396,33.6545],[-84.395,33.6593],[-84.3978,33.6687],[-84.3979,33.6729],[-84.4181,33.6731],[-84.4181,33.677],[-84.4155,33.6775],[-84.4151,33.6788],[-84.4151,33.6813],[-84.4169,33.6814],[-84.4168,33.6922],[-84.4155,33.6922],[-84.4153,33.6972],[-84.4296,33.6974],[-84.4293,33.6997],[-84.4431,33.701],[-84.4431,33.7056],[-84.4497,33.7057],[-84.4497,33.6983],[-84.456,33.6994],[-84.4614,33.6977],[-84.477,33.6978],[-84.4771,33.6931],[-84.4824,33.6932],[-84.4825,33.691],[-84.4863,33.6907],[-84.4866,33.6744],[-84.4919,33.6739],[-84.4922,33.6661],[-84.5065,33.6663],[-84.5065,33.6542],[-84.5259,33.6569],[-84.5259,33.6589],[-84.5287,33.6592],[-84.5293,33.6603],[-84.5286,33.6626],[-84.5258,33.6641],[-84.5259,33.6731],[-84.5356,33.6732],[-84.5356,33.6806],[-84.5456,33.6808],[-84.5453,33.6936],[-84.5475,33.6937],[-84.5473,33.6976],[-84.5451,33.6975],[-84.5451,33.7016],[-84.5464,33.7011],[-84.5451,33.7027],[-84.5455,33.7093],[-84.5361,33.7089],[-84.5365,33.706],[-84.5353,33.706],[-84.5365,33.726],[-84.5392,33.7272],[-84.5393,33.7222],[-84.5435,33.7222],[-84.5434,33.7202],[-84.5506,33.7202],[-84.5508,33.7284],[-84.5398,33.7283],[-84.5411,33.7335],[-84.5357,33.7347],[-84.5279,33.7327],[-84.5277,33.7345],[-84.5272,33.7262],[-84.5242,33.7258],[-84.5242,33.7242],[-84.523,33.7242],[-84.5228,33.7258],[-84.5229,33.7221],[-84.5191,33.7221],[-84.5187,33.7206],[-84.5176,33.7221],[-84.5139,33.7221],[-84.5141,33.7199],[-84.5079,33.7193],[-84.5082,33.717],[-84.5147,33.7174],[-84.5163,33.7139],[-84.5124,33.7132],[-84.506,33.713],[-84.5059,33.7163],[-84.5036,33.7169],[-84.506,33.717],[-84.5057,33.7231],[-84.4964,33.7216],[-84.4963,33.725],[-84.5006,33.725],[-84.5022,33.7239],[-84.5022,33.7316],[-84.5058,33.7316],[-84.5057,33.7394],[-84.5084,33.7396],[-84.5088,33.7321],[-84.5136,33.7291],[-84.5143,33.7265],[-84.5176,33.7314],[-84.5211,33.7315],[-84.5213,33.7289],[-84.5214,33.7301],[-84.5237,33.73],[-84.5239,33.7315],[-84.5245,33.7306],[-84.5242,33.7323],[-84.5258,33.7334],[-84.5254,33.7377],[-84.5356,33.7385],[-84.5353,33.7445],[-84.5375,33.7445],[-84.5375,33.7464],[-84.5403,33.7482],[-84.535,33.7513],[-84.535,33.7578],[-84.5249,33.7577],[-84.5248,33.7626],[-84.5153,33.7625],[-84.5152,33.773],[-84.5069,33.7834],[-84.5152,33.7833],[-84.5152,33.7905],[-84.5032,33.7991],[-84.4924,33.8113],[-84.4836,33.815],[-84.4697,33.827],[-84.4656,33.8276],[-84.4591,33.8247],[-84.4564,33.8253],[-84.4552,33.8289],[-84.4607,33.8398],[-84.4587,33.847],[-84.4602,33.8525],[-84.4548,33.8581],[-84.4542,33.8602],[-84.4561,33.8647],[-84.452,33.8692],[-84.4517,33.8726],[-84.4475,33.8766],[-84.4362,33.8804],[-84.4362,33.8785],[-84.4299,33.8785],[-84.4291,33.8812],[-84.4277,33.8804],[-84.428,33.8785],[-84.407,33.8783],[-84.407,33.8824],[-84.4051,33.8823],[-84.4051,33.8852],[-84.4026,33.8868],[-84.4011,33.8859],[-84.401,33.8819],[-84.3992,33.8813],[-84.3992,33.8795],[-84.3972,33.8795],[-84.3972,33.8782],[-84.3887,33.8781],[-84.3955,33.8863]]]]}},{"type":"Feature","properties":{"leaid":"1302100","name":"Fannin County School District","kind":"Unified","gradeLow":"PK","gradeHigh":"12","state":"GA"},"geometry":{"type":"Polygon","coordinates":[[[-84.1294,34.9875],[-84.1337,34.9832],[-84.1417,34.9796],[-84.1434,34.9766],[-84.1486,34.9761],[-84.1527,34.9703],[-84.155,34.9701],[-84.1592,34.9676],[-84.1602,34.9656],[-84.1659,34.9634],[-84.168,34.9603],[-84.1724,34.9593],[-84.1749,34.9567],[-84.1752,34.9545],[-84.1788,34.9521],[-84.1788,34.9468],[-84.1741,34.9435],[-84.1703,34.9366],[-84.1633,34.9361],[-84.1635,34.9312],[-84.1608,34.9269],[-84.1523,34.9256],[-84.1503,34.9236],[-84.1491,34.9196],[-84.1462,34.9197],[-84.1383,34.9154],[-84.1335,34.9165],[-84.1294,34.9112],[-84.1255,34.9089],[-84.1259,34.9061],[-84.1216,34.9015],[-84.1192,34.8954],[-84.1146,34.8897],[-84.1077,34.8876],[-84.1137,34.8704],[-84.1197,34.8649],[-84.1265,34.8638],[-84.129,34.8647],[-84.1325,34.8598],[-84.1425,34.854],[-84.1421,34.8501],[-84.1475,34.8446],[-84.1465,34.8405],[-84.1476,34.8379],[-84.1456,34.836],[-84.1446,34.8279],[-84.146,34.8262],[-84.1412,34.8195],[-84.1399,34.8103],[-84.1417,34.8073],[-84.124,34.796],[-84.114,34.7988],[-84.111,34.798],[-84.1046,34.7989],[-84.1,34.8017],[-84.0932,34.8014],[-84.0932,34.7278],[-84.1036,34.7278],[-84.1886,34.6027],[-84.1899,34.6047],[-84.1893,34.6089],[-84.1968,34.6179],[-84.1959,34.6229],[-84.1935,34.6252],[-84.1945,34.6313],[-84.197,34.6361],[-84.1952,34.6364],[-84.1939,34.6388],[-84.1975,34.6415],[-84.1974,34.6427],[-84.2041,34.6424],[-84.2114,34.6464],[-84.212,34.6485],[-84.2165,34.6489],[-84.2213,34.6528],[-84.2265,34.6539],[-84.2271,34.6564],[-84.2296,34.6575],[-84.2333,34.6663],[-84.2359,34.6658],[-84.2426,34.6709],[-84.2465,34.6696],[-84.2523,34.6646],[-84.2522,34.7182],[-84.2609,34.7181],[-84.2609,34.7255],[-84.2573,34.7254],[-84.3147,34.8073],[-84.3208,34.8053],[-84.3259,34.8073],[-84.3281,34.8064],[-84.3341,34.8111],[-84.3343,34.8128],[-84.3309,34.8163],[-84.3315,34.8179],[-84.3346,34.8175],[-84.3397,34.8208],[-84.3443,34.8207],[-84.3444,34.8232],[-84.343,34.8234],[-84.3437,34.8248],[-84.3542,34.825],[-84.3558,34.8263],[-84.3568,34.8254],[-84.3624,34.8284],[-84.3629,34.8264],[-84.3667,34.8304],[-84.3706,34.8292],[-84.3766,34.8336],[-84.3821,34.8334],[-84.3833,34.8347],[-84.3821,34.8356],[-84.3837,34.8363],[-84.3828,34.8389],[-84.3814,34.8394],[-84.3862,34.8392],[-84.3909,34.8343],[-84.3957,34.8393],[-84.3949,34.8417],[-84.3972,34.841],[-84.4122,34.8492],[-84.4174,34.8498],[-84.4226,34.8575],[-84.4228,34.8548],[-84.6186,34.8554],[-84.6228,34.8571],[-84.6215,34.9883],[-84.1294,34.9875]]]}},{"type":"Feature","properties":{"leaid":"1300150","name":"Bacon County School District","kind":"Unified","gradeLow":"PK","gradeHigh":"12","state":"GA"},"geometry":{"type":"Polygon","coordinates":[[[-82.2266,31.5307],[-82.2393,31.5306],[-82.2388,31.5176],[-82.2559,31.5174],[-82.2558,31.5054],[-82.2696,31.5057],[-82.2697,31.4926],[-82.3004,31.4932],[-82.3006,31.4678],[-82.315,31.4679],[-82.3151,31.4571],[-82.33,31.4571],[-82.3305,31.4421],[-82.345,31.4418],[-82.3448,31.4301],[-82.4015,31.4303],[-82.4018,31.4173],[-82.4815,31.4175],[-82.4814,31.4431],[-82.4937,31.4429],[-82.4947,31.4687],[-82.5975,31.4693],[-82.5963,31.5579],[-82.6283,31.5583],[-82.6273,31.6727],[-82.5214,31.6725],[-82.5214,31.7108],[-82.4959,31.7106],[-82.4896,31.7021],[-82.4879,31.7016],[-82.4868,31.6977],[-82.4828,31.6959],[-82.4824,31.6941],[-82.4777,31.6906],[-82.477,31.6856],[-82.4738,31.6835],[-82.4727,31.6802],[-82.4642,31.6765],[-82.4603,31.6704],[-82.4532,31.6681],[-82.4513,31.6652],[-82.4509,31.6614],[-82.4471,31.6593],[-82.4424,31.6588],[-82.4395,31.6608],[-82.4365,31.661],[-82.4292,31.6567],[-82.4164,31.6456],[-82.4138,31.6448],[-82.4141,31.6431],[-82.4099,31.642],[-82.4075,31.6392],[-82.4022,31.6398],[-82.3976,31.638],[-82.3892,31.6378],[-82.3858,31.6346],[-82.3803,31.6338],[-82.3749,31.6305],[-82.3688,31.631],[-82.357,31.6237],[-82.3496,31.6213],[-82.3349,31.6069],[-82.3261,31.6019],[-82.3181,31.5943],[-82.3124,31.5918],[-82.3092,31.5888],[-82.2962,31.5842],[-82.2835,31.5775],[-82.2723,31.5734],[-82.2697,31.5719],[-82.2634,31.5638],[-82.2603,31.562],[-82.253,31.5596],[-82.2475,31.5595],[-82.2407,31.5556],[-82.232,31.5447],[-82.2266,31.5307]]]}},{"type":"Feature","properties":{"leaid":"1300180","name":"Baker County School District","kind":"Unified","gradeLow":"PK","gradeHigh":"12","state":"GA"},"geometry":{"type":"Polygon","coordinates":[[[-84.4481,31.4366],[-84.2116,31.4359],[-84.2111,31.4404],[-84.1426,31.4403],[-84.1411,31.4402],[-84.1421,31.4386],[-84.1409,31.4338],[-84.1488,31.4239],[-84.1533,31.4136],[-84.1585,31.417],[-84.1779,31.4101],[-84.1793,31.4062],[-84.1759,31.398],[-84.1793,31.3913],[-84.1824,31.3916],[-84.1813,31.3976],[-84.1826,31.3992],[-84.1955,31.3916],[-84.1958,31.389],[-84.1993,31.385],[-84.2006,31.3747],[-84.1978,31.3653],[-84.1977,31.3581],[-84.2007,31.3555],[-84.2049,31.3584],[-84.2078,31.3582],[-84.21,31.3594],[-84.2121,31.3557],[-84.2162,31.3573],[-84.2251,31.356],[-84.2285,31.3475],[-84.2316,31.3452],[-84.2336,31.341],[-84.2399,31.3384],[-84.2419,31.3388],[-84.244,31.3426],[-84.2464,31.3388],[-84.2543,31.3355],[-84.257,31.3394],[-84.2679,31.3415],[-84.2717,31.3372],[-84.2699,31.333],[-84.2756,31.3298],[-84.2776,31.3291],[-84.2801,31.3305],[-84.2837,31.3274],[-84.2865,31.3298],[-84.2883,31.3261],[-84.2904,31.3251],[-84.2969,31.3261],[-84.3028,31.3238],[-84.3111,31.324],[-84.3133,31.3219],[-84.3133,31.3144],[-84.3162,31.3117],[-84.3207,31.3114],[-84.3242,31.3139],[-84.3319,31.3117],[-84.3406,31.3053],[-84.3408,31.3038],[-84.3373,31.3003],[-84.3355,31.2918],[-84.3367,31.2882],[-84.341,31.2851],[-84.3409,31.2778],[-84.3479,31.2701],[-84.3544,31.2661],[-84.3594,31.2597],[-84.359,31.2542],[-84.3633,31.2494],[-84.3658,31.2404],[-84.372,31.2384],[-84.3753,31.2395],[-84.3823,31.2341],[-84.3862,31.2335],[-84.394,31.2297],[-84.3941,31.2259],[-84.4006,31.2235],[-84.406,31.2189],[-84.4056,31.2131],[-84.4091,31.2097],[-84.4039,31.2033],[-84.4044,31.1991],[-84.4079,31.1938],[-84.412,31.1919],[-84.4128,31.1885],[-84.4181,31.1858],[-84.4199,31.1868],[-84.4168,31.1941],[-84.4201,31.1977],[-84.4204,31.195],[-84.426,31.1905],[-84.428,31.1896],[-84.4298,31.1897],[-84.4288,31.1899],[-84.4292,31.1905],[-84.4308,31.1906],[-84.4294,31.1901],[-84.4329,31.1895],[-84.4396,31.1828],[-84.4487,31.1802],[-84.4535,31.1718],[-84.4581,31.1671],[-84.4609,31.1661],[-84.4674,31.1689],[-84.4703,31.1686],[-84.4711,31.1669],[-84.4685,31.1641],[-84.4741,31.1598],[-84.4826,31.1567],[-84.4828,31.1535],[-84.4787,31.1482],[-84.4807,31.1393],[-84.4833,31.1376],[-84.4859,31.1396],[-84.4886,31.1385],[-84.4986,31.1291],[-84.5068,31.1236],[-84.5015,31.1206],[-84.5001,31.118],[-84.5012,31.1127],[-84.5063,31.109],[-84.5068,31.102],[-84.5044,31.0979],[-84.5048,31.0931],[-84.5034,31.0893],[-84.5081,31.0784],[-84.5427,31.079],[-84.5371,31.2559],[-84.6417,31.259],[-84.6417,31.3125],[-84.6399,31.3126],[-84.6381,31.3321],[-84.6276,31.3321],[-84.6277,31.3416],[-84.6383,31.3417],[-84.638,31.3666],[-84.6381,31.3702],[-84.6395,31.3704],[-84.6397,31.3785],[-84.6388,31.3785],[-84.6376,31.4339],[-84.5461,31.4319],[-84.546,31.4408],[-84.535,31.4404],[-84.5353,31.4317],[-84.5244,31.4315],[-84.5243,31.44],[-84.5135,31.4396],[-84.5138,31.431],[-84.5028,31.4304],[-84.502,31.428],[-84.4908,31.4279],[-84.4908,31.4354],[-84.482,31.4354],[-84.482,31.4389],[-84.4686,31.4388],[-84.4687,31.4482],[-84.459,31.4482],[-84.4591,31.4548],[-84.4479,31.4547],[-84.4481,31.4463],[-84.436,31.4463],[-84.436,31.4416],[-84.4481,31.4415],[-84.4481,31.4366]]]}},{"type":"Feature","properties":{"leaid":"1300210","name":"Baldwin County School District","kind":"Unified","gradeLow":"PK","gradeHigh":"12","state":"GA"},"geometry":{"type":"Polygon","coordinates":[[[-83.2911,33.1904],[-83.2699,33.187],[-83.2619,33.189],[-83.2372,33.1835],[-83.1954,33.1763],[-83.0975,33.1514],[-83.0968,33.1479],[-83.0952,33.147],[-83.0955,33.1409],[-83.0974,33.1385],[-83.0986,33.1331],[-83.1029,33.1304],[-83.1081,33.1306],[-83.1106,33.1273],[-83.108,33.119],[-83.1099,33.1139],[-83.1119,33.1144],[-83.113,33.1132],[-83.1122,33.1111],[-83.1141,33.1066],[-83.1122,33.1052],[-83.1146,33.1032],[-83.113,33.1009],[-83.1129,33.0972],[-83.1188,33.0871],[-83.1169,33.0856],[-83.1189,33.0831],[-83.1175,33.0776],[-83.115,33.0788],[-83.1139,33.0762],[-83.1087,33.0714],[-83.1095,33.0693],[-83.1038,33.0601],[-83.1062,33.0571],[-83.1026,33.0538],[-83.1028,33.0514],[-83.1008,33.0498],[-83.0937,33.0542],[-83.084,33.0637],[-83.0725,33.0645],[-83.0596,33.0759],[-83.0522,33.0807],[-83.0456,33.0702],[-83.0443,33.064],[-83.045,33.0601],[-83.0471,33.0582],[-83.0487,33.0538],[-83.0556,33.0463],[-83.0552,33.0372],[-83.061,33.0341],[-83.0677,33.0274],[-83.0671,33.0218],[-83.063,33.0156],[-83.0585,33.0128],[-83.0516,33.0039],[-83.0514,32.996],[-83.0491,32.991],[-83.0488,32.9864],[-83.0519,32.9823],[-83.0517,32.9809],[-83.054,32.9804],[-83.0578,32.9746],[-83.0682,32.9744],[-83.0719,32.9635],[-83.0691,32.9524],[-83.0707,32.9471],[-83.0736,32.9466],[-83.0752,32.9479],[-83.0787,32.9465],[-83.0789,32.9474],[-83.0758,32.9503],[-83.0796,32.9516],[-83.0851,32.956],[-83.0864,32.9549],[-83.0839,32.9519],[-83.0879,32.951],[-83.0878,32.9558],[-83.0908,32.9556],[-83.0908,32.9585],[-83.0959,32.9599],[-83.0944,32.9683],[-83.0969,32.9656],[-83.1009,32.966],[-83.1043,32.9701],[-83.1084,32.9692],[-83.1093,32.9733],[-83.1152,32.9737],[-83.1168,32.9813],[-83.1216,32.9838],[-83.1251,32.9835],[-83.1249,32.9856],[-83.1209,32.9873],[-83.1279,32.9894],[-83.1285,32.9907],[-83.1234,32.9927],[-83.1259,32.9967],[-83.1224,33.0001],[-83.1228,33.0013],[-83.1299,32.9992],[-83.1323,33.0069],[-83.1467,33.0088],[-83.1503,33.0068],[-83.1483,33.0001],[-83.1503,32.9971],[-83.1538,32.9975],[-83.1596,33.0028],[-83.1795,32.9874],[-83.1623,32.9696],[-83.166,32.9692],[-83.1885,32.9749],[-83.1923,32.979],[-83.1928,32.9812],[-83.197,32.9828],[-83.203,32.9816],[-83.2062,32.9836],[-83.2687,32.9587],[-83.2632,32.9541],[-83.2761,32.9421],[-83.2877,32.9519],[-83.3577,32.9261],[-83.4129,33.1052],[-83.4291,33.1854],[-83.4272,33.1829],[-83.4233,33.1821],[-83.4181,33.1773],[-83.4173,33.179],[-83.4117,33.1791],[-83.4064,33.1853],[-83.4023,33.182],[-83.4009,33.1832],[-83.3983,33.1823],[-83.3915,33.1835],[-83.3881,33.1856],[-83.3875,33.181],[-83.3832,33.1789],[-83.3807,33.1761],[-83.3753,33.1767],[-83.3756,33.1739],[-83.3743,33.172],[-83.3686,33.1728],[-83.3635,33.169],[-83.3618,33.171],[-83.3636,33.1799],[-83.3578,33.1783],[-83.3544,33.1798],[-83.3462,33.1711],[-83.3417,33.1697],[-83.3423,33.1722],[-83.3395,33.1724],[-83.3306,33.1675],[-83.3272,33.1707],[-83.3297,33.1733],[-83.3283,33.1751],[-83.323,33.1737],[-83.3202,33.1695],[-83.3182,33.1696],[-83.3152,33.1758],[-83.3189,33.18],[-83.3186,33.1834],[-83.3158,33.1811],[-83.3122,33.1819],[-83.3038,33.1808],[-83.2972,33.1877],[-83.2911,33.1904]]]}},{"type":"Feature","properties":{"leaid":"1300240","name":"Banks County School District","kind":"Unified","gradeLow":"PK","gradeHigh":"12","state":"GA"},"geometry":{"type":"Polygon","coordinates":[[[-83.4584,34.4839],[-83.4162,34.4691],[-83.4091,34.4645],[-83.3967,34.4606],[-83.398,34.4596],[-83.3903,34.4451],[-83.387,34.4352],[-83.3822,34.4286],[-83.3797,34.4107],[-83.38,34.404],[-83.3871,34.3795],[-83.3939,34.3248],[-83.3379,34.2616],[-83.3413,34.252],[-83.341,34.249],[-83.3441,34.2456],[-83.3432,34.2391],[-83.347,34.2381],[-83.3507,34.2348],[-83.3553,34.2237],[-83.3588,34.2227],[-83.3587,34.2178],[-83.3633,34.2163],[-83.3649,34.2114],[-83.3678,34.2092],[-83.3704,34.2091],[-83.373,34.2061],[-83.3903,34.2042],[-83.4001,34.2005],[-83.4024,34.1975],[-83.4125,34.2064],[-83.423,34.2126],[-83.4237,34.2167],[-83.4432,34.2311],[-83.4792,34.2607],[-83.4887,34.2564],[-83.4948,34.2612],[-83.5025,34.2565],[-83.5318,34.2564],[-83.5615,34.2527],[-83.5646,34.2559],[-83.5734,34.2588],[-83.5871,34.2697],[-83.5931,34.2727],[-83.5976,34.2818],[-83.6171,34.292],[-83.625,34.3013],[-83.6241,34.3045],[-83.6252,34.3063],[-83.6334,34.3075],[-83.6418,34.3128],[-83.6491,34.3204],[-83.6496,34.3272],[-83.6479,34.3346],[-83.6514,34.3437],[-83.6513,34.3488],[-83.657,34.3549],[-83.6636,34.3572],[-83.6694,34.3658],[-83.6658,34.3688],[-83.6601,34.3795],[-83.6602,34.3906],[-83.6556,34.3997],[-83.6454,34.4064],[-83.6449,34.4129],[-83.6426,34.4154],[-83.638,34.4169],[-83.6361,34.4157],[-83.6228,34.4195],[-83.6172,34.4302],[-83.6096,34.4361],[-83.6073,34.4441],[-83.5848,34.4534],[-83.5764,34.4652],[-83.568,34.4711],[-83.5524,34.4858],[-83.5448,34.4863],[-83.5374,34.4917],[-83.4699,34.4841],[-83.4598,34.4811],[-83.4584,34.4839]]]}},{"type":"Feature","properties":{"leaid":"1300690","name":"Butts County School District","kind":"Unified","gradeLow":"PK","gradeHigh":"12","state":"GA"},"geometry":{"type":"Polygon","coordinates":[[[-83.9239,33.4442],[-83.9188,33.4389],[-83.9197,33.4343],[-83.915,33.4361],[-83.9162,33.4334],[-83.9142,33.4304],[-83.9152,33.4273],[-83.9105,33.4259],[-83.9125,33.4178],[-83.9083,33.4178],[-83.9052,33.4129],[-83.8981,33.4103],[-83.8954,33.4079],[-83.8959,33.402],[-83.8945,33.3958],[-83.8867,33.3916],[-83.8788,33.3898],[-83.8776,33.3837],[-83.8733,33.378],[-83.8642,33.377],[-83.8666,33.3726],[-83.8613,33.3653],[-83.862,33.359],[-83.8571,33.3538],[-83.8607,33.3486],[-83.863,33.3416],[-83.8578,33.339],[-83.8545,33.3352],[-83.8464,33.3329],[-83.8399,33.3282],[-83.8396,33.3241],[-83.8427,33.3181],[-83.8373,33.3123],[-83.8374,33.3076],[-83.83,33.3012],[-83.8274,33.2925],[-83.8288,33.2863],[-83.8327,33.283],[-83.8323,33.2723],[-83.8286,33.2664],[-83.8249,33.2645],[-83.8235,33.2578],[-83.8202,33.2532],[-83.8134,33.2486],[-83.8142,33.2419],[-83.8218,33.2287],[-83.8237,33.2218],[-83.8344,33.2106],[-83.8329,33.2093],[-83.8292,33.2107],[-83.8248,33.2097],[-83.8244,33.2055],[-83.8211,33.2018],[-83.812,33.1988],[-83.8131,33.1964],[-83.8169,33.1959],[-83.8166,33.1941],[-83.8135,33.1929],[-83.8084,33.194],[-83.8075,33.1919],[-83.8169,33.1865],[-83.8222,33.1802],[-83.8326,33.1847],[-83.8351,33.1868],[-83.8355,33.1897],[-83.837,33.1896],[-83.8401,33.1926],[-83.84,33.1952],[-83.8425,33.1967],[-83.846,33.1972],[-83.8525,33.1948],[-83.8594,33.2006],[-83.8657,33.2002],[-83.8687,33.202],[-84.1238,33.2028],[-84.123,33.2445],[-84.1181,33.2444],[-84.1181,33.2487],[-84.1227,33.2488],[-84.1226,33.2527],[-84.089,33.2856],[-84.0914,33.2865],[-84.093,33.2899],[-84.097,33.2917],[-84.0971,33.2938],[-84.1025,33.2981],[-84.1024,33.3021],[-84.0886,33.3019],[-84.0861,33.2976],[-84.0802,33.3019],[-84.0733,33.3018],[-84.073,33.3176],[-84.0635,33.3176],[-84.0636,33.3098],[-84.0613,33.3096],[-84.0537,33.3177],[-84.0536,33.3295],[-84.0459,33.3295],[-84.0458,33.3313],[-84.0427,33.3313],[-84.0427,33.3335],[-84.0446,33.3335],[-84.0445,33.3372],[-84.0427,33.3365],[-84.0425,33.3411],[-84.0383,33.3428],[-84.033,33.3428],[-84.0327,33.3616],[-84.0244,33.3613],[-84.0248,33.3573],[-84.021,33.3569],[-84.013,33.3601],[-84.0076,33.3683],[-83.986,33.3675],[-83.9808,33.3717],[-83.9787,33.372],[-83.9769,33.3747],[-83.9644,33.3752],[-83.9635,33.3784],[-83.9673,33.3803],[-83.966,33.3817],[-83.966,33.3851],[-83.9732,33.3852],[-83.9731,33.4076],[-83.9631,33.4076],[-83.9631,33.4192],[-83.954,33.4192],[-83.954,33.4252],[-83.9435,33.4253],[-83.9435,33.4418],[-83.9333,33.4416],[-83.9326,33.4445],[-83.9239,33.4442]]]}},{"type":"Feature","properties":{"leaid":"1301170","name":"Clarke County School District","kind":"Unified","gradeLow":"PK","gradeHigh":"12","state":"GA"},"geometry":{"type":"Polygon","coordinates":[[[-83.2584,33.9991],[-83.262,33.9984],[-83.269,34.0006],[-83.2692,33.9817],[-83.2756,33.9775],[-83.2709,33.9756],[-83.2674,33.9723],[-83.2656,33.9681],[-83.2657,33.9638],[-83.2696,33.958],[-83.2791,33.9547],[-83.2786,33.9516],[-83.2754,33.9422],[-83.2409,33.9044],[-83.2759,33.848],[-83.289,33.8513],[-83.3023,33.8504],[-83.313,33.8557],[-83.3199,33.8545],[-83.3265,33.8555],[-83.3254,33.8578],[-83.3278,33.8601],[-83.3247,33.8615],[-83.324,33.8645],[-83.3279,33.8692],[-83.3444,33.8753],[-83.3457,33.8787],[-83.3525,33.8773],[-83.3528,33.8747],[-83.36,33.8756],[-83.3615,33.8807],[-83.3662,33.8878],[-83.3734,33.8856],[-83.379,33.893],[-83.3849,33.8955],[-83.3825,33.8984],[-83.3908,33.9],[-83.3935,33.9023],[-83.3943,33.9076],[-83.4022,33.9112],[-83.4029,33.9131],[-83.4049,33.9128],[-83.4062,33.9159],[-83.408,33.9154],[-83.4111,33.9182],[-83.4131,33.9174],[-83.4155,33.9185],[-83.4202,33.9224],[-83.4189,33.9238],[-83.422,33.9271],[-83.4307,33.9261],[-83.4354,33.9227],[-83.4383,33.9225],[-83.448,33.9257],[-83.454,33.9243],[-83.461,33.9266],[-83.4667,33.9262],[-83.4692,33.9311],[-83.4753,33.9289],[-83.4917,33.9325],[-83.4958,33.9302],[-83.5085,33.9313],[-83.5374,33.9659],[-83.4982,33.9875],[-83.5022,33.991],[-83.5037,33.9979],[-83.5031,33.9996],[-83.5019,33.9963],[-83.4947,33.9974],[-83.4845,33.9928],[-83.384,34.031],[-83.393,34.0337],[-83.3898,34.0351],[-83.3904,34.0361],[-83.3844,34.0385],[-83.3829,34.0355],[-83.3798,34.0374],[-83.3777,34.0334],[-83.3595,34.0403],[-83.3202,34.026],[-83.2995,34.0128],[-83.2944,34.0081],[-83.2864,34.0072],[-83.284,34.0049],[-83.2802,34.0036],[-83.2735,34.0067],[-83.2668,34.0046],[-83.2659,34.0063],[-83.2642,34.0066],[-83.2584,33.9991]]]}},{"type":"Feature","properties":{"leaid":"1300290","name":"Barrow County School District","kind":"Unified","gradeLow":"PK","gradeHigh":"12","state":"GA"},"geometry":{"type":"Polygon","coordinates":[[[-83.5369,33.9662],[-83.647,33.9062],[-83.6489,33.908],[-83.6558,33.9092],[-83.6574,33.9083],[-83.6603,33.9122],[-83.6647,33.9124],[-83.6653,33.9158],[-83.6763,33.9176],[-83.6869,33.9111],[-83.6961,33.9115],[-83.7018,33.9056],[-83.7117,33.9046],[-83.7218,33.9001],[-83.7246,33.901],[-83.7271,33.8982],[-83.7293,33.9007],[-83.733,33.899],[-83.7391,33.8996],[-83.7439,33.9058],[-83.7436,33.9015],[-83.7462,33.9009],[-83.7456,33.8989],[-83.7485,33.8969],[-83.7538,33.8982],[-83.7569,33.8976],[-83.7609,33.8946],[-83.7646,33.8984],[-83.7631,33.8995],[-83.763,33.9017],[-83.7647,33.9073],[-83.7676,33.9086],[-83.77,33.9082],[-83.774,33.9127],[-83.7766,33.9108],[-83.7798,33.9155],[-83.7849,33.9171],[-83.7988,33.9277],[-83.8002,33.9315],[-83.8023,33.9318],[-83.8059,33.9374],[-83.8049,33.9422],[-83.8073,33.9436],[-83.8088,33.9465],[-83.8111,33.9468],[-83.8134,33.9491],[-83.8137,33.9545],[-83.8244,33.9644],[-83.8319,33.9663],[-83.8348,33.9761],[-83.8389,33.9843],[-83.8503,33.9914],[-83.8558,33.9932],[-83.8678,34.0042],[-83.8652,34.0058],[-83.8633,34.0094],[-83.8654,34.0102],[-83.8606,34.0197],[-83.862,34.0214],[-83.859,34.0243],[-83.8577,34.0298],[-83.8548,34.0342],[-83.8543,34.0385],[-83.8462,34.0564],[-83.8447,34.0574],[-83.8457,34.0579],[-83.8435,34.0621],[-83.843,34.0664],[-83.8399,34.0687],[-83.8409,34.07],[-83.8367,34.0814],[-83.8308,34.0968],[-83.8288,34.0973],[-83.8298,34.0983],[-83.828,34.1045],[-83.8232,34.1134],[-83.8243,34.1125],[-83.8244,34.1129],[-83.8215,34.1166],[-83.8199,34.1221],[-83.8179,34.1234],[-83.8193,34.1231],[-83.8169,34.1274],[-83.8157,34.126],[-83.8165,34.1225],[-83.8123,34.1208],[-83.8131,34.1174],[-83.8108,34.116],[-83.8151,34.1136],[-83.8108,34.1124],[-83.8078,34.1094],[-83.8059,34.1098],[-83.8058,34.1077],[-83.7999,34.1029],[-83.7923,34.1004],[-83.7899,34.0937],[-83.7914,34.0885],[-83.7908,34.0869],[-83.778,34.0798],[-83.7734,34.0738],[-83.7699,34.0732],[-83.7678,34.0668],[-83.7638,34.0647],[-83.7608,34.0667],[-83.7518,34.0642],[-83.7425,34.0652],[-83.7434,34.0683],[-83.7416,34.0695],[-83.7377,34.0664],[-83.7336,34.0673],[-83.7343,34.0636],[-83.7323,34.0603],[-83.7279,34.0607],[-83.7231,34.0634],[-83.7203,34.0596],[-83.7208,34.0554],[-83.7188,34.0535],[-83.7158,34.056],[-83.7131,34.0562],[-83.7123,34.054],[-83.7144,34.0499],[-83.7116,34.0461],[-83.7092,34.0451],[-83.7042,34.0464],[-83.7009,34.0543],[-83.6979,34.0527],[-83.6958,34.0562],[-83.6946,34.0563],[-83.6941,34.0531],[-83.6921,34.0517],[-83.6881,34.0537],[-83.6855,34.0534],[-83.6867,34.0489],[-83.6851,34.0469],[-83.6795,34.0474],[-83.6787,34.0497],[-83.6796,34.0516],[-83.6759,34.0538],[-83.6724,34.0526],[-83.6717,34.0506],[-83.6676,34.048],[-83.6631,34.0489],[-83.664,34.0516],[-83.6631,34.0524],[-83.6573,34.0534],[-83.6551,34.0475],[-83.6488,34.0459],[-83.6471,34.0467],[-83.6466,34.05],[-83.645,34.0509],[-83.6437,34.0508],[-83.644,34.0495],[-83.6426,34.0488],[-83.6376,34.0479],[-83.636,34.0459],[-83.6308,34.0462],[-83.6302,34.0446],[-83.6273,34.046],[-83.6251,34.0451],[-83.6227,34.0467],[-83.6146,34.0472],[-83.6155,34.0454],[-83.6115,34.0443],[-83.6116,34.041],[-83.6094,34.0394],[-83.6101,34.0385],[-83.6051,34.0388],[-83.6005,34.0353],[-83.5987,34.0374],[-83.5953,34.0365],[-83.5865,34.0392],[-83.5842,34.0385],[-83.5842,34.0411],[-83.5737,34.0393],[-83.5737,34.0366],[-83.5711,34.0314],[-83.5633,34.0319],[-83.5369,33.9662]]]}},{"type":"Feature","properties":{"leaid":"1302910","name":"Irwin County School District","kind":"Unified","gradeLow":"PK","gradeHigh":"12","state":"GA"},"geometry":{"type":"Polygon","coordinates":[[[-82.9984,31.6732],[-82.9988,31.6605],[-83.0134,31.6608],[-83.0142,31.6357],[-83.0294,31.6362],[-83.0302,31.6237],[-83.0445,31.6241],[-83.0448,31.6108],[-83.0588,31.6112],[-83.06,31.5655],[-83.0683,31.5452],[-83.0717,31.5407],[-83.0749,31.5325],[-83.0823,31.5248],[-83.0839,31.5149],[-83.0922,31.5106],[-83.0963,31.507],[-83.1017,31.4937],[-83.1103,31.4823],[-83.1117,31.4782],[-83.1153,31.4779],[-83.1198,31.4737],[-83.1304,31.4739],[-83.1418,31.4719],[-83.2497,31.4752],[-83.3414,31.4759],[-83.3487,31.4767],[-83.3641,31.4849],[-83.3706,31.4845],[-83.3728,31.4822],[-83.3766,31.482],[-83.378,31.4847],[-83.3822,31.4871],[-83.384,31.4914],[-83.3862,31.5097],[-83.3894,31.5147],[-83.392,31.5154],[-83.3946,31.5181],[-83.3956,31.5246],[-83.3977,31.5286],[-83.3973,31.5316],[-83.4021,31.5341],[-83.4048,31.5412],[-83.4108,31.5453],[-83.4125,31.5481],[-83.4207,31.5536],[-83.4709,31.556],[-83.4708,31.5694],[-83.501,31.5701],[-83.4999,31.6195],[-83.4916,31.6194],[-83.4907,31.6961],[-83.4606,31.6954],[-83.4613,31.699],[-83.4597,31.7035],[-83.4549,31.7059],[-83.453,31.709],[-83.4558,31.7168],[-83.4561,31.7228],[-83.4631,31.7291],[-83.4638,31.7358],[-83.4667,31.7394],[-83.4668,31.7413],[-83.4632,31.7422],[-83.457,31.7484],[-83.4527,31.7506],[-83.4536,31.7579],[-83.3703,31.7571],[-83.3696,31.7697],[-83.3397,31.7696],[-83.3399,31.7566],[-83.3253,31.7566],[-83.3256,31.6806],[-83.2656,31.6799],[-83.2664,31.6542],[-83.1772,31.6517],[-83.1765,31.6785],[-82.9984,31.6732]]]}},{"type":"Feature","properties":{"leaid":"1300330","name":"Bartow County School District","kind":"Unified","gradeLow":"PK","gradeHigh":"12","state":"GA"},"geometry":{"type":"MultiPolygon","coordinates":[[[[-84.8126,34.0965],[-84.8126,34.1004],[-84.807,34.1008],[-84.807,34.0973],[-84.8126,34.0965]]],[[[-84.8029,34.1373],[-84.804,34.136],[-84.8047,34.1373],[-84.8029,34.1373]]],[[[-84.8075,34.1391],[-84.8065,34.1374],[-84.8076,34.1375],[-84.8075,34.1391]]],[[[-84.809,34.1395],[-84.8104,34.1394],[-84.8113,34.1411],[-84.81,34.1412],[-84.809,34.1395]]],[[[-84.8029,34.1383],[-84.8051,34.1402],[-84.8053,34.1415],[-84.8029,34.1415],[-84.8029,34.1383]]],[[[-84.811,34.1421],[-84.8125,34.142],[-84.8129,34.1399],[-84.8144,34.1404],[-84.8141,34.1423],[-84.811,34.1421]]],[[[-84.8265,34.1621],[-84.8181,34.1621],[-84.8235,34.1552],[-84.8265,34.1621]]],[[[-84.8301,34.1629],[-84.8289,34.1621],[-84.83,34.1621],[-84.8301,34.1629]]],[[[-84.8431,34.1657],[-84.8438,34.1651],[-84.8438,34.1657],[-84.8431,34.1657]]],[[[-84.8434,34.169],[-84.8427,34.1685],[-84.8434,34.1685],[-84.8434,34.169]]],[[[-84.8535,34.1705],[-84.8541,34.17],[-84.8541,34.1705],[-84.8535,34.1705]]],[[[-84.8133,34.1658],[-84.8159,34.1655],[-84.8157,34.1714],[-84.8117,34.1714],[-84.8133,34.1658]]],[[[-84.7791,34.1761],[-84.7783,34.1759],[-84.7791,34.1759],[-84.7791,34.1761]]],[[[-84.7791,34.1764],[-84.7783,34.1762],[-84.7791,34.1762],[-84.7791,34.1764]]],[[[-84.7828,34.1759],[-84.7824,34.1765],[-84.7823,34.1759],[-84.7828,34.1759]]],[[[-84.7808,34.1765],[-84.7812,34.1762],[-84.7812,34.1765],[-84.7808,34.1765]]],[[[-84.7803,34.1765],[-84.7796,34.1759],[-84.7803,34.1759],[-84.7803,34.1765]]],[[[-84.7828,34.1768],[-84.7826,34.1765],[-84.7828,34.1765],[-84.7828,34.1768]]],[[[-84.8104,34.1745],[-84.8157,34.1736],[-84.8143,34.1789],[-84.8104,34.1745]]],[[[-84.777,34.1794],[-84.7781,34.1789],[-84.7781,34.1794],[-84.777,34.1794]]],[[[-84.7791,34.1794],[-84.78,34.1789],[-84.78,34.1794],[-84.7791,34.1794]]],[[[-84.7803,34.1794],[-84.7803,34.1776],[-84.7853,34.1777],[-84.785,34.179],[-84.7803,34.1794]]],[[[-84.7634,34.1758],[-84.7672,34.1758],[-84.7672,34.1794],[-84.7634,34.1794],[-84.7634,34.1758]]],[[[-84.7456,34.1795],[-84.7546,34.1795],[-84.7545,34.1829],[-84.7456,34.183],[-84.7456,34.1795]]],[[[-84.7803,34.184],[-84.7803,34.1829],[-84.7835,34.183],[-84.7803,34.184]]],[[[-84.776,34.1869],[-84.776,34.1845],[-84.7783,34.1854],[-84.776,34.1869]]],[[[-84.7717,34.1891],[-84.7716,34.1863],[-84.7759,34.1869],[-84.7759,34.1899],[-84.7717,34.1891]]],[[[-84.7894,34.1903],[-84.7903,34.1899],[-84.7904,34.1907],[-84.7894,34.1903]]],[[[-84.7816,34.1908],[-84.7826,34.19],[-84.7825,34.1908],[-84.7816,34.1908]]],[[[-84.7965,34.1913],[-84.7971,34.19],[-84.7974,34.191],[-84.7965,34.1913]]],[[[-84.7868,34.1945],[-84.7872,34.1939],[-84.7873,34.1945],[-84.7868,34.1945]]],[[[-84.8191,34.1969],[-84.8187,34.1963],[-84.8191,34.1963],[-84.8191,34.1969]]],[[[-84.8182,34.1976],[-84.8175,34.1973],[-84.8182,34.1973],[-84.8182,34.1976]]],[[[-84.8182,34.1989],[-84.8175,34.1982],[-84.8182,34.1982],[-84.8182,34.1989]]],[[[-84.8168,34.1988],[-84.8175,34.1992],[-84.8168,34.1991],[-84.8168,34.1988]]],[[[-84.8189,34.1992],[-84.8182,34.1995],[-84.8182,34.1992],[-84.8189,34.1992]]],[[[-84.8175,34.2001],[-84.8168,34.1998],[-84.8175,34.1998],[-84.8175,34.2001]]],[[[-84.8189,34.2001],[-84.8182,34.2004],[-84.8182,34.2001],[-84.8189,34.2001]]],[[[-84.8223,34.2006],[-84.8219,34.2],[-84.8223,34.2001],[-84.8223,34.2006]]],[[[-84.8188,34.2013],[-84.8181,34.2008],[-84.8188,34.2008],[-84.8188,34.2013]]],[[[-84.8174,34.2028],[-84.8181,34.2022],[-84.8181,34.2028],[-84.8174,34.2028]]],[[[-84.8167,34.204],[-84.816,34.2037],[-84.8167,34.2037],[-84.8167,34.204]]],[[[-84.8136,34.2042],[-84.8146,34.2037],[-84.8143,34.2044],[-84.8136,34.2042]]],[[[-84.816,34.2049],[-84.8181,34.2051],[-84.818,34.207],[-84.8155,34.2062],[-84.816,34.2049]]],[[[-84.822,34.2094],[-84.822,34.2087],[-84.8223,34.2088],[-84.822,34.2094]]],[[[-84.8227,34.2096],[-84.8226,34.2089],[-84.823,34.209],[-84.8227,34.2096]]],[[[-84.8208,34.2094],[-84.8213,34.21],[-84.8206,34.2099],[-84.8208,34.2094]]],[[[-84.8206,34.2103],[-84.8199,34.21],[-84.8206,34.21],[-84.8206,34.2103]]],[[[-84.7771,34.2402],[-84.7766,34.2398],[-84.7772,34.24],[-84.7771,34.2402]]],[[[-84.7762,34.2421],[-84.7758,34.2414],[-84.7765,34.2416],[-84.7762,34.2421]]],[[[-84.8126,34.0965],[-84.8126,34.0898],[-84.8069,34.0898],[-84.8069,34.0825],[-84.8968,34.0825],[-84.8969,34.0787],[-84.9099,34.0786],[-84.91,34.0753],[-84.9144,34.0753],[-84.9143,34.0826],[-84.9299,34.0826],[-84.93,34.0782],[-84.939,34.0784],[-84.9391,34.0826],[-85.047,34.0829],[-85.0447,34.2136],[-85.0238,34.2134],[-85.0239,34.2512],[-85.0156,34.2511],[-85.0155,34.2582],[-85.0239,34.2583],[-85.0231,34.3471],[-85.0052,34.3471],[-85.0058,34.3925],[-84.9909,34.3925],[-84.9888,34.3846],[-84.9539,34.3842],[-84.9557,34.3918],[-84.9473,34.3915],[-84.9472,34.3989],[-84.8962,34.3986],[-84.8963,34.3963],[-84.8371,34.3977],[-84.7341,34.3965],[-84.7339,34.413],[-84.6532,34.4126],[-84.654,34.3552],[-84.6443,34.3552],[-84.6447,34.3468],[-84.654,34.3469],[-84.654,34.2093],[-84.6572,34.2093],[-84.6592,34.0782],[-84.7378,34.0793],[-84.7378,34.0823],[-84.7725,34.0824],[-84.7725,34.0859],[-84.7679,34.0859],[-84.7679,34.0896],[-84.7651,34.09],[-84.7658,34.0915],[-84.7708,34.0936],[-84.7852,34.0938],[-84.7852,34.0975],[-84.7893,34.0975],[-84.7893,34.1008],[-84.7993,34.1003],[-84.8004,34.1029],[-84.8006,34.1039],[-84.7988,34.1043],[-84.7988,34.1085],[-84.7968,34.108],[-84.7964,34.1101],[-84.7948,34.1111],[-84.7957,34.1121],[-84.7932,34.1136],[-84.7987,34.1174],[-84.7987,34.1188],[-84.7973,34.1188],[-84.798,34.1199],[-84.7833,34.1197],[-84.7835,34.1243],[-84.7914,34.1245],[-84.7962,34.1229],[-84.798,34.1208],[-84.8006,34.1211],[-84.8025,34.1243],[-84.8047,34.124],[-84.8039,34.1171],[-84.7988,34.1174],[-84.7987,34.1107],[-84.8172,34.1107],[-84.8172,34.1143],[-84.8159,34.1143],[-84.816,34.116],[-84.8086,34.1166],[-84.8091,34.1224],[-84.8119,34.123],[-84.8118,34.1212],[-84.8194,34.1201],[-84.8206,34.1215],[-84.8205,34.1281],[-84.8118,34.1281],[-84.8118,34.1312],[-84.8072,34.1315],[-84.8072,34.1304],[-84.8006,34.1297],[-84.8006,34.1269],[-84.7872,34.1381],[-84.7851,34.1416],[-84.7878,34.1415],[-84.7879,34.1446],[-84.7892,34.1447],[-84.7892,34.1474],[-84.7869,34.1474],[-84.7866,34.1486],[-84.788,34.153],[-84.785,34.1533],[-84.7854,34.1543],[-84.7806,34.1598],[-84.7789,34.1637],[-84.7788,34.169],[-84.7758,34.169],[-84.7758,34.1703],[-84.7728,34.1712],[-84.7731,34.1724],[-84.7634,34.1725],[-84.7634,34.165],[-84.7645,34.165],[-84.7634,34.1612],[-84.7653,34.1591],[-84.7633,34.1592],[-84.7601,34.1564],[-84.7598,34.1535],[-84.7577,34.1532],[-84.7548,34.1539],[-84.7526,34.1576],[-84.7559,34.1613],[-84.7547,34.1613],[-84.7547,34.1629],[-84.7497,34.1652],[-84.7469,34.1652],[-84.7467,34.1629],[-84.7455,34.1632],[-84.7455,34.1652],[-84.7365,34.1652],[-84.7365,34.1757],[-84.7381,34.1802],[-84.7365,34.1807],[-84.7365,34.1859],[-84.7456,34.186],[-84.7459,34.192],[-84.7475,34.1922],[-84.7475,34.1934],[-84.7516,34.1923],[-84.7525,34.1896],[-84.7544,34.1896],[-84.7545,34.1865],[-84.7586,34.1865],[-84.7586,34.1934],[-84.7541,34.1936],[-84.7541,34.2],[-84.7585,34.1999],[-84.7585,34.2036],[-84.7629,34.2036],[-84.763,34.1998],[-84.7675,34.1998],[-84.7675,34.1965],[-84.7716,34.1967],[-84.7716,34.1932],[-84.776,34.1934],[-84.776,34.1968],[-84.7814,34.1968],[-84.7803,34.1997],[-84.7822,34.1984],[-84.7841,34.2002],[-84.7822,34.2033],[-84.7826,34.204],[-84.781,34.2062],[-84.7851,34.205],[-84.7847,34.2016],[-84.7826,34.2028],[-84.7842,34.2001],[-84.7876,34.2002],[-84.7815,34.1979],[-84.782,34.1968],[-84.784,34.1973],[-84.7817,34.1951],[-84.7821,34.1922],[-84.7845,34.1922],[-84.7843,34.1973],[-84.788,34.1962],[-84.7901,34.1974],[-84.7892,34.1986],[-84.791,34.2002],[-84.793,34.2002],[-84.7929,34.1978],[-84.7949,34.1994],[-84.7949,34.1958],[-84.7905,34.1968],[-84.7894,34.1941],[-84.7913,34.194],[-84.7914,34.193],[-84.7893,34.1935],[-84.7888,34.1909],[-84.7923,34.191],[-84.7913,34.1927],[-84.7972,34.1936],[-84.7977,34.1952],[-84.7956,34.1953],[-84.798,34.1966],[-84.7994,34.2027],[-84.7956,34.202],[-84.7946,34.2036],[-84.7972,34.2041],[-84.793,34.2041],[-84.793,34.2099],[-84.7973,34.2105],[-84.7951,34.2121],[-84.7843,34.23],[-84.7749,34.2399],[-84.7655,34.2398],[-84.7693,34.2429],[-84.7694,34.2508],[-84.7703,34.2508],[-84.7666,34.2552],[-84.7681,34.2576],[-84.7743,34.2597],[-84.7743,34.2653],[-84.7824,34.2653],[-84.7823,34.2727],[-84.7914,34.2728],[-84.7915,34.2798],[-84.7869,34.2803],[-84.7859,34.2855],[-84.7868,34.2865],[-84.7857,34.2864],[-84.7851,34.2892],[-84.7856,34.2938],[-84.7928,34.2908],[-84.8034,34.2838],[-84.803,34.2821],[-84.8,34.2832],[-84.8007,34.273],[-84.7915,34.2721],[-84.7912,34.264],[-84.7929,34.2565],[-84.7838,34.251],[-84.7847,34.2438],[-84.7829,34.2439],[-84.7829,34.2423],[-84.7823,34.2448],[-84.7798,34.2449],[-84.7798,34.2458],[-84.7829,34.2449],[-84.783,34.25],[-84.7808,34.249],[-84.7754,34.2577],[-84.7707,34.2581],[-84.7687,34.255],[-84.7812,34.2391],[-84.7791,34.2382],[-84.7791,34.2364],[-84.7814,34.2377],[-84.7822,34.2367],[-84.78,34.2353],[-84.7845,34.2301],[-84.791,34.2198],[-84.792,34.2199],[-84.7922,34.2219],[-84.7927,34.2197],[-84.7947,34.2228],[-84.7909,34.227],[-84.792,34.2295],[-84.7887,34.2319],[-84.7932,34.2403],[-84.7954,34.2403],[-84.8005,34.2359],[-84.8005,34.2325],[-84.8052,34.2325],[-84.8058,34.2376],[-84.8038,34.2389],[-84.8059,34.2404],[-84.8053,34.239],[-84.8068,34.2384],[-84.8081,34.2395],[-84.8179,34.2311],[-84.8144,34.2311],[-84.8155,34.2289],[-84.8147,34.2286],[-84.816,34.2284],[-84.8052,34.2283],[-84.8049,34.2256],[-84.8013,34.2256],[-84.8013,34.2283],[-84.7919,34.2283],[-84.792,34.2267],[-84.7989,34.2181],[-84.7945,34.2144],[-84.7974,34.2106],[-84.802,34.2111],[-84.8009,34.2114],[-84.8021,34.2136],[-84.8016,34.2193],[-84.8055,34.2211],[-84.8056,34.2223],[-84.8083,34.2196],[-84.8104,34.2208],[-84.8104,34.2173],[-84.8136,34.2152],[-84.8139,34.2132],[-84.8198,34.2132],[-84.8212,34.2121],[-84.819,34.2118],[-84.8191,34.2106],[-84.8216,34.2114],[-84.8218,34.2103],[-84.8239,34.2122],[-84.8249,34.2104],[-84.826,34.2108],[-84.8259,34.2125],[-84.8267,34.2105],[-84.8273,34.2118],[-84.8274,34.2107],[-84.8285,34.2111],[-84.8187,34.2061],[-84.8195,34.2011],[-84.824,34.2011],[-84.8248,34.2001],[-84.8233,34.1977],[-84.8241,34.197],[-84.8196,34.1969],[-84.8189,34.1949],[-84.8139,34.1948],[-84.8152,34.1969],[-84.8137,34.1988],[-84.8094,34.2001],[-84.8101,34.2012],[-84.8118,34.2008],[-84.8109,34.2018],[-84.8116,34.204],[-84.8148,34.2053],[-84.8138,34.2078],[-84.8112,34.207],[-84.8105,34.2088],[-84.809,34.2077],[-84.8065,34.2107],[-84.8073,34.2034],[-84.8049,34.2042],[-84.8051,34.2027],[-84.8044,34.2042],[-84.7996,34.2041],[-84.7999,34.1985],[-84.7984,34.1972],[-84.8021,34.1963],[-84.802,34.1934],[-84.8038,34.193],[-84.802,34.1929],[-84.8019,34.1904],[-84.803,34.1902],[-84.8018,34.1888],[-84.8033,34.1885],[-84.8018,34.1876],[-84.804,34.1876],[-84.8032,34.186],[-84.8017,34.1862],[-84.8015,34.1797],[-84.8064,34.179],[-84.8053,34.1795],[-84.8067,34.1806],[-84.8069,34.1855],[-84.808,34.1863],[-84.806,34.1857],[-84.8084,34.1887],[-84.8099,34.1869],[-84.8112,34.1875],[-84.8119,34.1851],[-84.814,34.1842],[-84.8127,34.183],[-84.8129,34.1812],[-84.8163,34.1826],[-84.8183,34.1855],[-84.8149,34.1872],[-84.8146,34.1903],[-84.8156,34.1902],[-84.8154,34.1935],[-84.8175,34.1935],[-84.8176,34.1901],[-84.8193,34.1899],[-84.8198,34.1866],[-84.8242,34.1882],[-84.8308,34.1844],[-84.8292,34.1833],[-84.8298,34.1819],[-84.8264,34.1815],[-84.8259,34.1762],[-84.8241,34.1762],[-84.8243,34.1691],[-84.8264,34.1691],[-84.8264,34.1674],[-84.8296,34.1674],[-84.8294,34.1655],[-84.8334,34.1656],[-84.8333,34.1686],[-84.8376,34.1674],[-84.8376,34.1661],[-84.8407,34.1662],[-84.8414,34.1675],[-84.8399,34.1667],[-84.8399,34.1687],[-84.8452,34.1706],[-84.8409,34.1707],[-84.8399,34.1693],[-84.8386,34.1704],[-84.8387,34.1693],[-84.8376,34.1692],[-84.8363,34.1729],[-84.8421,34.1729],[-84.843,34.1753],[-84.8438,34.1737],[-84.8462,34.1733],[-84.8441,34.1729],[-84.8446,34.1719],[-84.8481,34.173],[-84.8501,34.171],[-84.8522,34.1731],[-84.8509,34.1731],[-84.8513,34.1782],[-84.8554,34.1782],[-84.8555,34.1765],[-84.8659,34.1763],[-84.8659,34.1752],[-84.8644,34.1752],[-84.8643,34.1723],[-84.86,34.1722],[-84.8601,34.1695],[-84.8573,34.1695],[-84.8565,34.1674],[-84.8574,34.166],[-84.8556,34.1663],[-84.8556,34.1695],[-84.8465,34.1693],[-84.8465,34.1658],[-84.8549,34.1658],[-84.855,34.1646],[-84.851,34.1637],[-84.851,34.1622],[-84.8467,34.1622],[-84.8468,34.1587],[-84.8263,34.1584],[-84.8263,34.1546],[-84.8285,34.1546],[-84.8311,34.1487],[-84.8291,34.1513],[-84.8266,34.1502],[-84.8308,34.1477],[-84.8327,34.148],[-84.8325,34.1494],[-84.8338,34.1495],[-84.8341,34.1481],[-84.8342,34.1496],[-84.8356,34.1497],[-84.8358,34.1484],[-84.8359,34.1497],[-84.8369,34.1486],[-84.837,34.1498],[-84.8375,34.1486],[-84.8375,34.1498],[-84.8383,34.1487],[-84.8387,34.1498],[-84.8397,34.1489],[-84.84,34.1499],[-84.8411,34.149],[-84.8471,34.1499],[-84.8471,34.1515],[-84.8539,34.1513],[-84.8541,34.1486],[-84.8573,34.148],[-84.8573,34.146],[-84.8518,34.1481],[-84.8518,34.1401],[-84.8627,34.1382],[-84.8627,34.1317],[-84.8649,34.1316],[-84.8649,34.128],[-84.8602,34.1279],[-84.8592,34.1237],[-84.8577,34.1254],[-84.8584,34.1261],[-84.8561,34.1261],[-84.8562,34.1392],[-84.8518,34.14],[-84.8518,34.1327],[-84.8477,34.1333],[-84.8498,34.1305],[-84.8476,34.1303],[-84.8476,34.119],[-84.845,34.1286],[-84.8462,34.1324],[-84.8414,34.1379],[-84.8396,34.1378],[-84.8393,34.1393],[-84.8384,34.1381],[-84.8369,34.1382],[-84.8369,34.1397],[-84.8323,34.1386],[-84.8318,34.1406],[-84.8286,34.14],[-84.8292,34.144],[-84.8244,34.144],[-84.8243,34.1475],[-84.8202,34.1475],[-84.8203,34.1422],[-84.8244,34.1422],[-84.8245,34.1362],[-84.8294,34.1363],[-84.829,34.1241],[-84.8258,34.1222],[-84.8238,34.1112],[-84.829,34.1118],[-84.829,34.1168],[-84.8431,34.1156],[-84.8513,34.1132],[-84.8514,34.1117],[-84.8381,34.1117],[-84.8381,34.108],[-84.8429,34.108],[-84.8427,34.1006],[-84.8438,34.1006],[-84.8438,34.0995],[-84.8432,34.0991],[-84.8436,34.0996],[-84.8436,34.1005],[-84.8426,34.1005],[-84.8435,34.0995],[-84.8427,34.099],[-84.8413,34.0994],[-84.8415,34.1013],[-84.8372,34.102],[-84.8382,34.1024],[-84.8382,34.1048],[-84.8338,34.1048],[-84.834,34.1009],[-84.836,34.1012],[-84.8362,34.1004],[-84.8296,34.1006],[-84.8296,34.097],[-84.8394,34.0971],[-84.8393,34.0897],[-84.8256,34.0897],[-84.8256,34.0963],[-84.8214,34.0964],[-84.8215,34.1005],[-84.8169,34.1004],[-84.817,34.0964],[-84.8126,34.0965]],[[-84.7831,34.1353],[-84.7851,34.1371],[-84.7867,34.1367],[-84.7867,34.1354],[-84.7831,34.1353]],[[-84.7913,34.1297],[-84.799,34.1243],[-84.7977,34.1231],[-84.7914,34.1258],[-84.7841,34.1258],[-84.7849,34.1277],[-84.784,34.1297],[-84.7913,34.1297]]]]}},{"type":"Feature","properties":{"leaid":"1300900","name":"Cartersville City School District","kind":"Unified","gradeLow":"PK","gradeHigh":"12","state":"GA"},"geometry":{"type":"MultiPolygon","coordinates":[[[[-84.8126,34.0965],[-84.817,34.0964],[-84.8169,34.1004],[-84.8215,34.1005],[-84.8214,34.0964],[-84.8256,34.0963],[-84.8256,34.0897],[-84.8393,34.0897],[-84.8394,34.0971],[-84.8296,34.097],[-84.8296,34.1006],[-84.8362,34.1004],[-84.834,34.1009],[-84.8338,34.1048],[-84.8382,34.1048],[-84.8382,34.1024],[-84.8372,34.102],[-84.8415,34.1013],[-84.8413,34.0994],[-84.8427,34.099],[-84.8435,34.0995],[-84.8426,34.1005],[-84.8436,34.1005],[-84.8436,34.0996],[-84.8432,34.0991],[-84.8438,34.0995],[-84.8438,34.1006],[-84.8427,34.1006],[-84.8429,34.108],[-84.8381,34.108],[-84.8381,34.1117],[-84.8514,34.1117],[-84.8513,34.1132],[-84.8431,34.1156],[-84.829,34.1168],[-84.829,34.1118],[-84.8238,34.1112],[-84.8258,34.1222],[-84.829,34.1241],[-84.8294,34.1363],[-84.8245,34.1362],[-84.8244,34.1422],[-84.8203,34.1422],[-84.8202,34.1475],[-84.8243,34.1475],[-84.8244,34.144],[-84.8292,34.144],[-84.8286,34.14],[-84.8318,34.1406],[-84.8323,34.1386],[-84.8369,34.1397],[-84.8369,34.1382],[-84.8384,34.1381],[-84.8393,34.1393],[-84.8396,34.1378],[-84.8414,34.1379],[-84.8462,34.1324],[-84.845,34.1286],[-84.8476,34.119],[-84.8476,34.1303],[-84.8498,34.1305],[-84.8477,34.1333],[-84.8518,34.1327],[-84.8518,34.14],[-84.8562,34.1392],[-84.8561,34.1261],[-84.8584,34.1261],[-84.8577,34.1254],[-84.8592,34.1237],[-84.8602,34.1279],[-84.8649,34.128],[-84.8649,34.1316],[-84.8627,34.1317],[-84.8627,34.1382],[-84.8518,34.1401],[-84.8518,34.1481],[-84.8573,34.146],[-84.8573,34.148],[-84.8541,34.1486],[-84.8539,34.1513],[-84.8471,34.1515],[-84.8471,34.1499],[-84.8411,34.149],[-84.84,34.1499],[-84.8397,34.1489],[-84.8387,34.1498],[-84.8383,34.1487],[-84.8375,34.1498],[-84.8375,34.1486],[-84.837,34.1498],[-84.8369,34.1486],[-84.8359,34.1497],[-84.8358,34.1484],[-84.8356,34.1497],[-84.8342,34.1496],[-84.8341,34.1481],[-84.8338,34.1495],[-84.8325,34.1494],[-84.8327,34.148],[-84.8308,34.1477],[-84.8266,34.1502],[-84.8291,34.1513],[-84.8301,34.149],[-84.8311,34.1487],[-84.8285,34.1546],[-84.8263,34.1546],[-84.8263,34.1584],[-84.8468,34.1587],[-84.8467,34.1622],[-84.851,34.1622],[-84.851,34.1637],[-84.855,34.1646],[-84.8549,34.1658],[-84.8465,34.1658],[-84.8465,34.1693],[-84.8556,34.1695],[-84.8556,34.1663],[-84.8574,34.166],[-84.8565,34.1674],[-84.8573,34.1695],[-84.8601,34.1695],[-84.86,34.1722],[-84.8643,34.1723],[-84.8644,34.1752],[-84.8659,34.1752],[-84.8659,34.1763],[-84.8555,34.1765],[-84.8554,34.1782],[-84.8513,34.1782],[-84.8509,34.1731],[-84.8522,34.1731],[-84.8501,34.171],[-84.8481,34.173],[-84.8446,34.1719],[-84.8441,34.1729],[-84.8462,34.1733],[-84.8438,34.1737],[-84.843,34.1753],[-84.8421,34.1729],[-84.8363,34.1729],[-84.8376,34.1692],[-84.8387,34.1693],[-84.8386,34.1704],[-84.8399,34.1693],[-84.8409,34.1707],[-84.8452,34.1706],[-84.8399,34.1687],[-84.8399,34.1667],[-84.8414,34.1675],[-84.8407,34.1662],[-84.8376,34.1661],[-84.8376,34.1674],[-84.8333,34.1686],[-84.8334,34.1656],[-84.8294,34.1655],[-84.8296,34.1674],[-84.8264,34.1674],[-84.8264,34.1691],[-84.8243,34.1691],[-84.8241,34.1762],[-84.8259,34.1762],[-84.8264,34.1815],[-84.8298,34.1819],[-84.8292,34.1833],[-84.8308,34.1844],[-84.8242,34.1882],[-84.8198,34.1866],[-84.8193,34.1899],[-84.8176,34.1901],[-84.8175,34.1935],[-84.8154,34.1935],[-84.8156,34.1902],[-84.8146,34.1903],[-84.8149,34.1872],[-84.8183,34.1855],[-84.8163,34.1826],[-84.8129,34.1812],[-84.8127,34.183],[-84.814,34.1842],[-84.8119,34.1851],[-84.8112,34.1875],[-84.8099,34.1869],[-84.8084,34.1887],[-84.806,34.1857],[-84.808,34.1863],[-84.8069,34.1855],[-84.8067,34.1806],[-84.8053,34.1795],[-84.8064,34.179],[-84.8015,34.1797],[-84.8017,34.1862],[-84.8032,34.186],[-84.804,34.1876],[-84.8018,34.1876],[-84.8033,34.1885],[-84.8018,34.1888],[-84.803,34.1902],[-84.8019,34.1904],[-84.802,34.1929],[-84.8038,34.193],[-84.802,34.1934],[-84.8021,34.1963],[-84.7984,34.1972],[-84.7999,34.1985],[-84.7996,34.2041],[-84.8044,34.2042],[-84.8051,34.2027],[-84.8049,34.2042],[-84.8073,34.2034],[-84.8065,34.2107],[-84.809,34.2077],[-84.8105,34.2088],[-84.8112,34.207],[-84.8138,34.2078],[-84.8148,34.2053],[-84.8116,34.204],[-84.8109,34.2018],[-84.8118,34.2008],[-84.8101,34.2012],[-84.8094,34.2001],[-84.8137,34.1988],[-84.8152,34.1969],[-84.8139,34.1948],[-84.8189,34.1949],[-84.8196,34.1969],[-84.8241,34.197],[-84.8233,34.1977],[-84.8248,34.2001],[-84.824,34.2011],[-84.8195,34.2011],[-84.8187,34.2061],[-84.8285,34.2111],[-84.8274,34.2107],[-84.8273,34.2118],[-84.8267,34.2105],[-84.8259,34.2125],[-84.826,34.2108],[-84.8249,34.2104],[-84.8239,34.2122],[-84.8218,34.2103],[-84.8216,34.2114],[-84.8191,34.2106],[-84.819,34.2118],[-84.8212,34.2121],[-84.8198,34.2132],[-84.8139,34.2132],[-84.8136,34.2152],[-84.8104,34.2173],[-84.8104,34.2208],[-84.8083,34.2196],[-84.8056,34.2223],[-84.8055,34.2211],[-84.8016,34.2193],[-84.8021,34.2136],[-84.8009,34.2114],[-84.802,34.2111],[-84.7974,34.2106],[-84.7945,34.2144],[-84.7989,34.2181],[-84.792,34.2267],[-84.7919,34.2283],[-84.8013,34.2283],[-84.8013,34.2256],[-84.8049,34.2256],[-84.8052,34.2283],[-84.816,34.2284],[-84.8147,34.2286],[-84.8155,34.2289],[-84.8144,34.2311],[-84.8179,34.2311],[-84.8081,34.2395],[-84.8068,34.2384],[-84.8053,34.239],[-84.8059,34.2404],[-84.8038,34.2389],[-84.8058,34.2376],[-84.8052,34.2325],[-84.8005,34.2325],[-84.8005,34.2359],[-84.7954,34.2403],[-84.7932,34.2403],[-84.7887,34.2319],[-84.792,34.2295],[-84.7909,34.227],[-84.7947,34.2228],[-84.7927,34.2197],[-84.7922,34.2219],[-84.792,34.2199],[-84.791,34.2198],[-84.7845,34.2301],[-84.78,34.2353],[-84.7822,34.2367],[-84.7814,34.2377],[-84.7791,34.2364],[-84.7791,34.2382],[-84.7812,34.2391],[-84.7687,34.255],[-84.7707,34.2581],[-84.7754,34.2577],[-84.7808,34.249],[-84.783,34.25],[-84.7829,34.2449],[-84.7798,34.2458],[-84.7798,34.2449],[-84.7823,34.2448],[-84.7829,34.2423],[-84.7829,34.2439],[-84.7847,34.2438],[-84.7838,34.251],[-84.7929,34.2565],[-84.7912,34.264],[-84.7915,34.2721],[-84.8007,34.273],[-84.8,34.2832],[-84.803,34.2821],[-84.8034,34.2838],[-84.7928,34.2908],[-84.7856,34.2938],[-84.7851,34.2892],[-84.7857,34.2864],[-84.7868,34.2865],[-84.7859,34.2855],[-84.7869,34.2803],[-84.7915,34.2798],[-84.7914,34.2728],[-84.7823,34.2727],[-84.7824,34.2653],[-84.7743,34.2653],[-84.7743,34.2597],[-84.7681,34.2576],[-84.7666,34.2552],[-84.7703,34.2508],[-84.7694,34.2508],[-84.7693,34.2429],[-84.7655,34.2398],[-84.7749,34.2399],[-84.7843,34.23],[-84.7951,34.2121],[-84.7973,34.2105],[-84.793,34.2099],[-84.793,34.2041],[-84.7972,34.2041],[-84.7946,34.2036],[-84.7956,34.202],[-84.7994,34.2027],[-84.798,34.1966],[-84.7956,34.1953],[-84.7977,34.1952],[-84.7972,34.1936],[-84.7913,34.1927],[-84.7923,34.191],[-84.7888,34.1909],[-84.7893,34.1935],[-84.7914,34.193],[-84.7913,34.194],[-84.7894,34.1941],[-84.7905,34.1968],[-84.7949,34.1958],[-84.7949,34.1994],[-84.7929,34.1978],[-84.793,34.2002],[-84.791,34.2002],[-84.7892,34.1986],[-84.7901,34.1974],[-84.788,34.1962],[-84.7843,34.1973],[-84.7845,34.1922],[-84.7821,34.1922],[-84.7817,34.1951],[-84.784,34.1973],[-84.782,34.1968],[-84.7815,34.1979],[-84.7876,34.2002],[-84.7842,34.2001],[-84.7835,34.2015],[-84.7826,34.2028],[-84.7847,34.2016],[-84.7851,34.205],[-84.781,34.2062],[-84.7826,34.204],[-84.7822,34.2033],[-84.7841,34.2002],[-84.7822,34.1984],[-84.7803,34.1997],[-84.7814,34.1968],[-84.776,34.1968],[-84.776,34.1934],[-84.7716,34.1932],[-84.7716,34.1967],[-84.7675,34.1965],[-84.7675,34.1998],[-84.763,34.1998],[-84.7629,34.2036],[-84.7585,34.2036],[-84.7585,34.1999],[-84.7541,34.2],[-84.7541,34.1936],[-84.7586,34.1934],[-84.7586,34.1865],[-84.7545,34.1865],[-84.7544,34.1896],[-84.7525,34.1896],[-84.7516,34.1923],[-84.7475,34.1934],[-84.7475,34.1922],[-84.7459,34.192],[-84.7456,34.186],[-84.7365,34.1859],[-84.7365,34.1807],[-84.7381,34.1802],[-84.7365,34.1757],[-84.7365,34.1652],[-84.7455,34.1652],[-84.7455,34.1632],[-84.7467,34.1629],[-84.7469,34.1652],[-84.7497,34.1652],[-84.7547,34.1629],[-84.7547,34.1613],[-84.7559,34.1613],[-84.7526,34.1576],[-84.7536,34.1553],[-84.7556,34.1534],[-84.7598,34.1535],[-84.7601,34.1564],[-84.7633,34.1592],[-84.7653,34.1591],[-84.7634,34.1612],[-84.7645,34.165],[-84.7634,34.165],[-84.7634,34.1725],[-84.7731,34.1724],[-84.7728,34.1712],[-84.7758,34.1703],[-84.7758,34.169],[-84.7788,34.169],[-84.7789,34.1637],[-84.7806,34.1598],[-84.7854,34.1543],[-84.785,34.1533],[-84.788,34.153],[-84.7866,34.1486],[-84.7869,34.1474],[-84.7892,34.1474],[-84.7892,34.1447],[-84.7879,34.1446],[-84.7878,34.1415],[-84.7851,34.1416],[-84.7872,34.1381],[-84.8006,34.1269],[-84.8006,34.1297],[-84.8072,34.1304],[-84.8072,34.1315],[-84.8118,34.1312],[-84.8118,34.1281],[-84.8205,34.1281],[-84.8206,34.1215],[-84.8194,34.1201],[-84.8118,34.1212],[-84.8119,34.123],[-84.8091,34.1224],[-84.8086,34.1166],[-84.816,34.116],[-84.8159,34.1143],[-84.8172,34.1143],[-84.8172,34.1107],[-84.7987,34.1107],[-84.7988,34.1174],[-84.8039,34.1171],[-84.8047,34.124],[-84.8025,34.1243],[-84.8006,34.1211],[-84.798,34.1208],[-84.7962,34.1229],[-84.7914,34.1245],[-84.7835,34.1243],[-84.7833,34.1197],[-84.798,34.1199],[-84.7973,34.1188],[-84.7987,34.1188],[-84.7987,34.1174],[-84.7932,34.1136],[-84.7957,34.1121],[-84.7948,34.1111],[-84.7964,34.1101],[-84.7968,34.108],[-84.7988,34.1085],[-84.7988,34.1043],[-84.8006,34.1039],[-84.8004,34.1029],[-84.7993,34.1003],[-84.7893,34.1008],[-84.7893,34.0975],[-84.7852,34.0975],[-84.7852,34.0938],[-84.7708,34.0936],[-84.7661,34.0918],[-84.765,34.0902],[-84.7679,34.0896],[-84.7679,34.0859],[-84.7725,34.0859],[-84.7725,34.0824],[-84.8069,34.0825],[-84.8069,34.0898],[-84.8126,34.0898],[-84.8126,34.0965]],[[-84.8126,34.0965],[-84.807,34.0973],[-84.807,34.1008],[-84.8126,34.1004],[-84.8126,34.0965]],[[-84.7456,34.1801],[-84.7456,34.183],[-84.7545,34.1829],[-84.7546,34.1795],[-84.7456,34.1801]],[[-84.7672,34.1794],[-84.7672,34.1758],[-84.7634,34.1758],[-84.7634,34.1794],[-84.7672,34.1794]],[[-84.7759,34.1869],[-84.7716,34.1863],[-84.7717,34.1899],[-84.7759,34.1899],[-84.7759,34.1869]],[[-84.7758,34.2414],[-84.7762,34.2421],[-84.7765,34.2416],[-84.7758,34.2414]],[[-84.776,34.1845],[-84.776,34.1869],[-84.7783,34.1854],[-84.776,34.1845]],[[-84.7767,34.2399],[-84.7765,34.24],[-84.7772,34.24],[-84.7767,34.2399]],[[-84.777,34.1794],[-84.7781,34.1789],[-84.777,34.179],[-84.777,34.1794]],[[-84.7791,34.1764],[-84.7783,34.1762],[-84.7782,34.1764],[-84.7791,34.1764]],[[-84.7783,34.1759],[-84.7791,34.1761],[-84.7791,34.1759],[-84.7783,34.1759]],[[-84.78,34.1789],[-84.7791,34.1794],[-84.78,34.1794],[-84.78,34.1789]],[[-84.7803,34.1759],[-84.7794,34.1765],[-84.7803,34.1765],[-84.7803,34.1759]],[[-84.7803,34.1829],[-84.7803,34.184],[-84.7835,34.183],[-84.7835,34.183],[-84.7803,34.1829]],[[-84.7853,34.1777],[-84.7803,34.1776],[-84.7803,34.1794],[-84.785,34.179],[-84.7853,34.1777]],[[-84.7808,34.1765],[-84.7812,34.1762],[-84.7808,34.1762],[-84.7808,34.1765]],[[-84.7816,34.1908],[-84.7826,34.19],[-84.7816,34.1899],[-84.7816,34.1908]],[[-84.7828,34.1759],[-84.7824,34.1765],[-84.7828,34.1765],[-84.7828,34.1759]],[[-84.7828,34.1765],[-84.7826,34.1768],[-84.7828,34.1768],[-84.7828,34.1765]],[[-84.7872,34.1939],[-84.7868,34.1945],[-84.7873,34.1945],[-84.7872,34.1939]],[[-84.7903,34.1899],[-84.7894,34.1903],[-84.7904,34.1907],[-84.7903,34.1899]],[[-84.7971,34.19],[-84.7965,34.1913],[-84.7974,34.191],[-84.7971,34.19]],[[-84.8029,34.1383],[-84.8028,34.1414],[-84.8053,34.1415],[-84.8051,34.1402],[-84.8029,34.1383]],[[-84.8029,34.1373],[-84.8047,34.1373],[-84.8047,34.1372],[-84.8029,34.1359],[-84.8029,34.1373]],[[-84.8065,34.1374],[-84.8068,34.139],[-84.8075,34.1391],[-84.8076,34.1375],[-84.8065,34.1374]],[[-84.8089,34.1393],[-84.8113,34.1411],[-84.8104,34.1394],[-84.8089,34.1393]],[[-84.8104,34.1745],[-84.8143,34.1789],[-84.8157,34.1736],[-84.8104,34.1745]],[[-84.8123,34.1403],[-84.8125,34.142],[-84.811,34.142],[-84.8113,34.1429],[-84.8146,34.1416],[-84.8144,34.1404],[-84.8123,34.1403]],[[-84.8159,34.1655],[-84.8133,34.1654],[-84.8117,34.1714],[-84.8157,34.1714],[-84.8159,34.1655]],[[-84.8136,34.2042],[-84.8146,34.2037],[-84.8139,34.2035],[-84.8136,34.2042]],[[-84.818,34.207],[-84.8181,34.2051],[-84.816,34.2046],[-84.8155,34.2062],[-84.818,34.207]],[[-84.816,34.204],[-84.8167,34.2037],[-84.816,34.2037],[-84.816,34.204]],[[-84.8168,34.2001],[-84.8175,34.1998],[-84.8168,34.1998],[-84.8168,34.2001]],[[-84.8175,34.1982],[-84.8182,34.1989],[-84.8182,34.1982],[-84.8175,34.1982]],[[-84.8175,34.1992],[-84.8168,34.1988],[-84.8168,34.1991],[-84.8175,34.1992]],[[-84.8181,34.2028],[-84.8174,34.2022],[-84.8174,34.2028],[-84.8181,34.2028]],[[-84.8182,34.1976],[-84.8175,34.1973],[-84.8175,34.1976],[-84.8182,34.1976]],[[-84.8181,34.162],[-84.8265,34.1621],[-84.8235,34.1552],[-84.823,34.155],[-84.8181,34.162]],[[-84.8188,34.2013],[-84.8181,34.2008],[-84.8181,34.2013],[-84.8188,34.2013]],[[-84.8188,34.2004],[-84.8182,34.2001],[-84.8182,34.2004],[-84.8188,34.2004]],[[-84.8189,34.1992],[-84.8182,34.1995],[-84.8189,34.1995],[-84.8189,34.1992]],[[-84.8191,34.1969],[-84.8187,34.1963],[-84.8187,34.1969],[-84.8191,34.1969]],[[-84.8206,34.2103],[-84.8199,34.21],[-84.8199,34.2103],[-84.8206,34.2103]],[[-84.8213,34.21],[-84.8215,34.2092],[-84.8206,34.2099],[-84.8213,34.21]],[[-84.8217,34.2093],[-84.8223,34.2088],[-84.822,34.2087],[-84.8217,34.2093]],[[-84.8219,34.2006],[-84.8223,34.2001],[-84.8219,34.2],[-84.8219,34.2006]],[[-84.823,34.209],[-84.8224,34.2095],[-84.8227,34.2096],[-84.823,34.209]],[[-84.83,34.1621],[-84.829,34.1629],[-84.8301,34.1629],[-84.83,34.1621]],[[-84.8434,34.1685],[-84.8428,34.169],[-84.8434,34.169],[-84.8434,34.1685]],[[-84.8438,34.1651],[-84.8431,34.1657],[-84.8438,34.1657],[-84.8438,34.1651]],[[-84.8535,34.17],[-84.8541,34.1705],[-84.8541,34.17],[-84.8535,34.17]]],[[[-84.783,34.1354],[-84.7867,34.1354],[-84.7867,34.1367],[-84.7851,34.1371],[-84.783,34.1354]]],[[[-84.7842,34.1259],[-84.7914,34.1258],[-84.7977,34.1231],[-84.799,34.1243],[-84.7913,34.1297],[-84.784,34.1297],[-84.7849,34.1277],[-84.7842,34.1259]]]]}},{"type":"Feature","properties":{"leaid":"1300360","name":"Ben Hill County School District","kind":"Unified","gradeLow":"PK","gradeHigh":"12","state":"GA"},"geometry":{"type":"Polygon","coordinates":[[[-83.1829,31.852],[-83.1694,31.8399],[-83.1617,31.8379],[-83.1603,31.8367],[-83.1605,31.8346],[-83.1523,31.8317],[-83.1508,31.8286],[-83.1535,31.8266],[-83.152,31.8249],[-83.1381,31.8253],[-83.1346,31.8241],[-83.1326,31.8206],[-83.1337,31.8177],[-83.1326,31.8152],[-83.1408,31.8178],[-83.1387,31.8144],[-83.1296,31.8101],[-83.1167,31.8119],[-83.1106,31.8095],[-83.1077,31.8123],[-83.1092,31.8133],[-83.1122,31.8124],[-83.1115,31.8162],[-83.1063,31.8192],[-83.1056,31.8175],[-83.1072,31.8145],[-83.1029,31.8137],[-83.0993,31.8083],[-83.0916,31.8089],[-83.09,31.8076],[-83.0888,31.809],[-83.0891,31.8122],[-83.0867,31.8127],[-83.0847,31.8105],[-83.0857,31.8074],[-83.0841,31.8029],[-83.0811,31.801],[-83.0793,31.8008],[-83.078,31.8028],[-83.0759,31.8015],[-83.0722,31.8016],[-83.0696,31.7962],[-83.0658,31.7968],[-83.0646,31.7946],[-83.0597,31.7937],[-83.0591,31.7913],[-83.0557,31.7923],[-83.0528,31.7892],[-83.0506,31.79],[-83.0465,31.7891],[-83.0459,31.7915],[-83.039,31.7906],[-83.0381,31.7893],[-83.0398,31.7864],[-83.0354,31.7863],[-83.0308,31.7836],[-83.0305,31.7807],[-83.028,31.7783],[-83.0142,31.7792],[-83.0058,31.7746],[-83.0011,31.7771],[-82.9993,31.7814],[-82.9957,31.781],[-82.9984,31.6732],[-83.1765,31.6785],[-83.1772,31.6517],[-83.2664,31.6542],[-83.2656,31.6799],[-83.3256,31.6806],[-83.3253,31.7566],[-83.3399,31.7566],[-83.3397,31.7696],[-83.3696,31.7697],[-83.3703,31.7571],[-83.4536,31.7579],[-83.4523,31.7603],[-83.455,31.7683],[-83.4551,31.7783],[-83.4594,31.78],[-83.4602,31.7831],[-83.4574,31.7879],[-83.4589,31.7936],[-83.4651,31.7971],[-83.4666,31.8027],[-83.4727,31.807],[-83.4747,31.8131],[-83.474,31.8171],[-83.4776,31.8202],[-83.4786,31.8236],[-83.4766,31.8295],[-83.479,31.8324],[-83.4845,31.8355],[-83.4798,31.8447],[-83.4802,31.8473],[-83.2096,31.8446],[-83.2069,31.8465],[-83.2073,31.8479],[-83.2058,31.8493],[-83.1907,31.8492],[-83.1829,31.852]]]}},{"type":"Feature","properties":{"leaid":"1300390","name":"Berrien County School District","kind":"Unified","gradeLow":"PK","gradeHigh":"12","state":"GA"},"geometry":{"type":"Polygon","coordinates":[[[-83.1456,31.4723],[-83.1452,31.4696],[-83.1508,31.4623],[-83.1508,31.4577],[-83.1494,31.456],[-83.1449,31.4546],[-83.1416,31.4463],[-83.1391,31.4437],[-83.1386,31.44],[-83.1398,31.4379],[-83.1359,31.4305],[-83.14,31.4263],[-83.1402,31.4177],[-83.1376,31.4125],[-83.1379,31.4094],[-83.141,31.4067],[-83.1407,31.4019],[-83.1372,31.3987],[-83.1249,31.3931],[-83.1215,31.393],[-83.1163,31.3887],[-83.1151,31.3825],[-83.1161,31.38],[-83.1116,31.376],[-83.113,31.3731],[-83.1124,31.3701],[-83.1079,31.3663],[-83.1043,31.3591],[-83.1009,31.3573],[-83.0997,31.3539],[-83.0971,31.3539],[-83.0972,31.352],[-83.0939,31.351],[-83.088,31.3511],[-83.0892,31.3488],[-83.087,31.3461],[-83.085,31.3463],[-83.0836,31.3475],[-83.0843,31.3487],[-83.082,31.3498],[-83.0762,31.3454],[-83.0756,31.3473],[-83.0724,31.3416],[-83.0711,31.3423],[-83.0689,31.3408],[-83.069,31.3379],[-83.0665,31.3371],[-83.067,31.334],[-83.0657,31.335],[-83.0648,31.3336],[-83.0639,31.3343],[-83.0629,31.3313],[-83.062,31.3318],[-83.0596,31.3299],[-83.0595,31.3268],[-83.0613,31.3255],[-83.0581,31.3246],[-83.0586,31.322],[-83.0603,31.321],[-83.0592,31.3193],[-83.0611,31.3175],[-83.0603,31.3179],[-83.061,31.3169],[-83.0597,31.315],[-83.0575,31.3146],[-83.0589,31.3136],[-83.0591,31.309],[-83.0578,31.3091],[-83.059,31.3042],[-83.0565,31.3038],[-83.0557,31.3023],[-83.0552,31.304],[-83.0537,31.3035],[-83.0531,31.3014],[-83.0512,31.3004],[-83.0516,31.2963],[-83.0482,31.2949],[-83.0474,31.2922],[-83.0451,31.2929],[-83.048,31.2901],[-83.046,31.2889],[-83.0468,31.2876],[-83.0448,31.288],[-83.0474,31.286],[-83.047,31.283],[-83.0409,31.2812],[-83.0398,31.2788],[-83.0391,31.2803],[-83.0369,31.2805],[-83.0379,31.2783],[-83.0362,31.279],[-83.0335,31.275],[-83.0353,31.2746],[-83.0348,31.2715],[-83.037,31.2712],[-83.0357,31.2704],[-83.0362,31.2683],[-83.0418,31.2647],[-83.0417,31.2625],[-83.0392,31.2601],[-83.0384,31.2551],[-83.042,31.2532],[-83.0408,31.2524],[-83.0433,31.2494],[-83.0417,31.2484],[-83.046,31.2454],[-83.046,31.2424],[-83.0478,31.2409],[-83.0459,31.2357],[-83.0439,31.235],[-83.0451,31.2338],[-83.0472,31.2351],[-83.0474,31.2334],[-83.0493,31.2338],[-83.0489,31.2326],[-83.0507,31.2321],[-83.0491,31.231],[-83.0509,31.2296],[-83.0494,31.2272],[-83.0515,31.2272],[-83.0522,31.2255],[-83.0495,31.2263],[-83.0491,31.2238],[-83.0505,31.2227],[-83.0478,31.2227],[-83.0452,31.2206],[-83.0457,31.2186],[-83.0472,31.218],[-83.0462,31.2169],[-83.0483,31.2163],[-83.0466,31.2153],[-83.0471,31.2138],[-83.0498,31.2136],[-83.0491,31.2119],[-83.051,31.2126],[-83.0501,31.2109],[-83.051,31.2099],[-83.0498,31.2097],[-83.0492,31.2076],[-83.0519,31.2078],[-83.0508,31.2069],[-83.0516,31.2054],[-83.0501,31.2053],[-83.0511,31.2037],[-83.0486,31.2039],[-83.0498,31.2022],[-83.0454,31.2003],[-83.0465,31.1993],[-83.046,31.1955],[-83.0475,31.195],[-83.0452,31.1943],[-83.0481,31.1927],[-83.047,31.1912],[-83.0478,31.1903],[-83.0458,31.1903],[-83.0469,31.1878],[-83.0457,31.186],[-83.0484,31.1857],[-83.0469,31.1829],[-83.0501,31.1836],[-83.0474,31.1812],[-83.0496,31.1806],[-83.0486,31.1775],[-83.0493,31.1762],[-83.0438,31.1746],[-83.0449,31.1705],[-83.0429,31.1693],[-83.0407,31.1699],[-83.0404,31.1664],[-83.0422,31.1641],[-83.0389,31.1603],[-83.0403,31.1551],[-83.0387,31.1523],[-83.0364,31.151],[-83.0392,31.1502],[-83.0382,31.1467],[-83.1651,31.1472],[-83.1672,31.0624],[-83.1979,31.0622],[-83.198,31.0254],[-83.2951,31.0273],[-83.2943,31.0287],[-83.2958,31.0287],[-83.2922,31.0311],[-83.2922,31.0341],[-83.2891,31.0382],[-83.2884,31.0373],[-83.2878,31.0393],[-83.2869,31.0379],[-83.2836,31.0404],[-83.284,31.0436],[-83.2857,31.0452],[-83.2851,31.0517],[-83.2824,31.0545],[-83.2811,31.0596],[-83.2798,31.0599],[-83.2809,31.0611],[-83.2797,31.0636],[-83.2819,31.0656],[-83.2845,31.0655],[-83.2873,31.0693],[-83.2903,31.0694],[-83.2916,31.0679],[-83.2925,31.0698],[-83.2961,31.0702],[-83.2965,31.0725],[-83.2948,31.0743],[-83.2956,31.0775],[-83.2945,31.0797],[-83.2974,31.0808],[-83.298,31.083],[-83.3022,31.0836],[-83.3006,31.088],[-83.3027,31.088],[-83.3015,31.0894],[-83.3042,31.0918],[-83.3064,31.0927],[-83.3068,31.0913],[-83.3119,31.0902],[-83.3174,31.0962],[-83.3219,31.0977],[-83.3205,31.098],[-83.3216,31.1023],[-83.3204,31.104],[-83.3206,31.1066],[-83.3228,31.109],[-83.321,31.1168],[-83.3224,31.1168],[-83.3225,31.1183],[-83.32,31.1242],[-83.3177,31.1248],[-83.3141,31.1287],[-83.3139,31.1314],[-83.3095,31.1403],[-83.3096,31.1432],[-83.3048,31.1479],[-83.3045,31.1564],[-83.3066,31.1602],[-83.3056,31.1672],[-83.3077,31.1691],[-83.3125,31.1698],[-83.3178,31.1728],[-83.3239,31.1797],[-83.3265,31.1806],[-83.3344,31.1918],[-83.3346,31.1973],[-83.333,31.202],[-83.3338,31.2087],[-83.3322,31.2159],[-83.3338,31.2169],[-83.334,31.2194],[-83.3369,31.2227],[-83.3374,31.2254],[-83.3331,31.2358],[-83.3342,31.2416],[-83.3369,31.2454],[-83.347,31.2521],[-83.3558,31.2498],[-83.3584,31.2506],[-83.3662,31.2491],[-83.3699,31.2519],[-83.3731,31.2518],[-83.3768,31.2536],[-83.379,31.256],[-83.3812,31.2556],[-83.3817,31.257],[-83.3873,31.2594],[-83.3888,31.2644],[-83.397,31.2704],[-83.3996,31.2738],[-83.4027,31.2747],[-83.4094,31.2868],[-83.4128,31.2871],[-83.4165,31.2919],[-83.4198,31.2928],[-83.4223,31.2951],[-83.4297,31.2936],[-83.4353,31.3033],[-83.4353,31.3088],[-83.434,31.3124],[-83.4388,31.3164],[-83.439,31.3194],[-83.4361,31.3222],[-83.4354,31.326],[-83.4369,31.3293],[-83.4328,31.3323],[-83.4322,31.3342],[-83.434,31.3395],[-83.4324,31.3454],[-83.4347,31.3481],[-83.4345,31.3504],[-83.4302,31.3507],[-83.4299,31.3639],[-83.4153,31.3632],[-83.4152,31.3759],[-83.3999,31.3764],[-83.3995,31.3893],[-83.385,31.3888],[-83.3848,31.401],[-83.3709,31.4011],[-83.3695,31.4651],[-83.3392,31.4651],[-83.3387,31.476],[-83.2514,31.4752],[-83.1456,31.4723]]]}},{"type":"Feature","properties":{"leaid":"1300540","name":"Brooks County School District","kind":"Unified","gradeLow":"PK","gradeHigh":"12","state":"GA"},"geometry":{"type":"MultiPolygon","coordinates":[[[[-83.3185,30.6404],[-83.317,30.6375],[-83.3141,30.6359],[-83.3092,30.6357],[-83.309,30.6347],[-83.3409,30.6363],[-83.3371,30.6407],[-83.3294,30.6402],[-83.3273,30.6433],[-83.3185,30.6404]]],[[[-83.5744,31.0789],[-83.5731,31.0772],[-83.5734,31.0753],[-83.5722,31.0757],[-83.5697,31.0731],[-83.5708,31.0717],[-83.5613,31.0654],[-83.559,31.0616],[-83.556,31.0611],[-83.5538,31.0561],[-83.5508,31.0564],[-83.5507,31.0552],[-83.5521,31.055],[-83.5499,31.0534],[-83.5467,31.0535],[-83.541,31.051],[-83.534,31.053],[-83.5298,31.0511],[-83.5289,31.0537],[-83.5263,31.0539],[-83.5268,31.0549],[-83.5256,31.0553],[-83.5251,31.0538],[-83.524,31.0546],[-83.5205,31.0532],[-83.5205,31.0519],[-83.5107,31.0506],[-83.5074,31.0482],[-83.5044,31.0519],[-83.5034,31.0514],[-83.503,31.0533],[-83.5005,31.052],[-83.4975,31.0476],[-83.4955,31.0442],[-83.4971,31.0407],[-83.4923,31.0391],[-83.4916,31.0375],[-83.4925,31.0365],[-83.484,31.0349],[-83.4819,31.0326],[-83.4758,31.0329],[-83.4769,31.031],[-83.475,31.0303],[-83.4738,31.0313],[-83.4733,31.0285],[-83.4723,31.0297],[-83.4706,31.0285],[-83.4682,31.0295],[-83.4715,31.0267],[-83.4706,31.0253],[-83.4715,31.0241],[-83.4681,31.0223],[-83.4694,31.0209],[-83.4675,31.0208],[-83.4661,31.0191],[-83.4662,31.0167],[-83.4684,31.0165],[-83.4641,31.0109],[-83.4641,31.0082],[-83.4629,31.0073],[-83.4638,31.0061],[-83.4613,31.0057],[-83.4604,31.0028],[-83.4584,31.0031],[-83.4582,31.0008],[-83.4548,30.9986],[-83.4563,30.9973],[-83.4547,30.9967],[-83.4559,30.9948],[-83.4544,30.9929],[-83.4527,30.9938],[-83.4517,30.9903],[-83.4484,30.9892],[-83.4472,30.9904],[-83.4463,30.9877],[-83.4441,30.9883],[-83.445,30.9872],[-83.443,30.9848],[-83.4423,30.9728],[-83.4381,30.9686],[-83.4397,30.9663],[-83.4364,30.9659],[-83.4371,30.9642],[-83.4355,30.9638],[-83.4372,30.9627],[-83.4347,30.9615],[-83.4361,30.9608],[-83.4347,30.9597],[-83.4366,30.9553],[-83.4357,30.9545],[-83.4323,30.9561],[-83.4339,30.9547],[-83.431,30.9537],[-83.4307,30.9508],[-83.432,30.9497],[-83.4292,30.9489],[-83.4315,30.9443],[-83.4367,30.9397],[-83.4399,30.9398],[-83.4351,30.9354],[-83.4365,30.9326],[-83.439,30.9316],[-83.4359,30.9307],[-83.4389,30.9298],[-83.4369,30.9291],[-83.4378,30.9282],[-83.4365,30.9273],[-83.4388,30.9211],[-83.4363,30.9207],[-83.4394,30.9196],[-83.4388,30.9182],[-83.4409,30.9178],[-83.4418,30.9161],[-83.44,30.9147],[-83.4418,30.9138],[-83.4395,30.9136],[-83.4411,30.9126],[-83.4398,30.9113],[-83.4412,30.9106],[-83.4397,30.9103],[-83.4409,30.9094],[-83.4384,30.9083],[-83.4387,30.9066],[-83.4404,30.9065],[-83.4403,30.9048],[-83.4385,30.9048],[-83.4382,30.9033],[-83.4348,30.9042],[-83.4344,30.9017],[-83.4323,30.9006],[-83.4327,30.8994],[-83.4309,30.9007],[-83.4277,30.8987],[-83.4265,30.8992],[-83.4265,30.8977],[-83.4283,30.8975],[-83.4256,30.8965],[-83.4274,30.8952],[-83.4246,30.895],[-83.4263,30.893],[-83.421,30.8923],[-83.4172,30.8892],[-83.4158,30.8895],[-83.4168,30.891],[-83.4152,30.8922],[-83.4123,30.8921],[-83.4136,30.894],[-83.4117,30.8944],[-83.4112,30.8925],[-83.4087,30.8924],[-83.4088,30.8907],[-83.4053,30.8877],[-83.408,30.8878],[-83.4084,30.8868],[-83.4042,30.8872],[-83.4027,30.8847],[-83.3989,30.8838],[-83.3967,30.8851],[-83.3936,30.8828],[-83.3925,30.8835],[-83.3934,30.8854],[-83.3906,30.8842],[-83.3845,30.8852],[-83.3809,30.8844],[-83.3775,30.8804],[-83.373,30.8846],[-83.3695,30.8842],[-83.3679,30.883],[-83.3685,30.8811],[-83.3661,30.8805],[-83.364,30.8764],[-83.3591,30.8735],[-83.3588,30.8723],[-83.356,30.8723],[-83.3574,30.871],[-83.3556,30.869],[-83.358,30.8687],[-83.3571,30.8665],[-83.3538,30.8645],[-83.3547,30.8617],[-83.351,30.86],[-83.3501,30.8551],[-83.3481,30.856],[-83.3465,30.8537],[-83.3489,30.8495],[-83.3477,30.8471],[-83.352,30.8463],[-83.3509,30.8418],[-83.3536,30.8415],[-83.3595,30.8364],[-83.3627,30.8377],[-83.3637,30.8398],[-83.3648,30.8371],[-83.3708,30.8377],[-83.3732,30.8398],[-83.3792,30.8305],[-83.3836,30.8282],[-83.3865,30.8289],[-83.3892,30.8272],[-83.392,30.8278],[-83.3945,30.8254],[-83.4089,30.829],[-83.4147,30.8287],[-83.4262,30.815],[-83.4296,30.8169],[-83.4325,30.814],[-83.4386,30.8144],[-83.4427,30.8174],[-83.4497,30.8178],[-83.4511,30.8109],[-83.4467,30.8064],[-83.4475,30.7989],[-83.4532,30.7945],[-83.4517,30.7903],[-83.4523,30.7882],[-83.457,30.7865],[-83.4593,30.7834],[-83.4571,30.7808],[-83.4593,30.7775],[-83.4544,30.77],[-83.4583,30.7646],[-83.4629,30.7636],[-83.468,30.7644],[-83.4721,30.7592],[-83.4749,30.7605],[-83.4825,30.7569],[-83.4848,30.7524],[-83.4799,30.7436],[-83.4754,30.7404],[-83.468,30.7322],[-83.4675,30.7258],[-83.4687,30.7181],[-83.4659,30.7179],[-83.4579,30.7135],[-83.4532,30.7087],[-83.4523,30.7041],[-83.4545,30.7009],[-83.4513,30.6999],[-83.4477,30.6954],[-83.4429,30.6951],[-83.4397,30.6886],[-83.431,30.6887],[-83.4235,30.6863],[-83.4234,30.6882],[-83.4208,30.689],[-83.417,30.6834],[-83.4168,30.6818],[-83.4183,30.6811],[-83.4164,30.6796],[-83.4187,30.6784],[-83.4152,30.6747],[-83.4125,30.6739],[-83.4045,30.6748],[-83.3963,30.6773],[-83.3915,30.6719],[-83.3943,30.6694],[-83.394,30.6677],[-83.3881,30.6676],[-83.381,30.663],[-83.3762,30.6621],[-83.3749,30.659],[-83.3709,30.6567],[-83.3631,30.6589],[-83.3627,30.6575],[-83.3646,30.6553],[-83.3613,30.6519],[-83.3606,30.6441],[-83.3652,30.6436],[-83.366,30.6421],[-83.3653,30.6408],[-83.3577,30.6374],[-83.7437,30.6584],[-83.7423,30.742],[-83.739,30.742],[-83.7392,30.7869],[-83.7408,30.8181],[-83.7362,31.0377],[-83.574,31.0339],[-83.5744,31.0789]]]]}},{"type":"Feature","properties":{"leaid":"1301260","name":"Clinch County School District","kind":"Unified","gradeLow":"PK","gradeHigh":"12","state":"GA"},"geometry":{"type":"Polygon","coordinates":[[[-82.6717,31.1837],[-82.5921,31.0185],[-82.5872,31.0176],[-82.5799,31.0107],[-82.5768,31.0097],[-82.5721,31.0103],[-82.5579,31.0022],[-82.5506,31.0009],[-82.55,30.9964],[-82.5458,30.9897],[-82.537,30.9857],[-82.5276,30.9698],[-82.5212,30.9671],[-82.5201,30.9631],[-82.4906,30.9632],[-82.4922,30.8326],[-82.4955,30.8196],[-82.4359,30.8201],[-82.4352,30.7291],[-82.4201,30.7292],[-82.42,30.7166],[-82.4351,30.7166],[-82.4351,30.7035],[-82.4289,30.6903],[-82.4291,30.6641],[-82.4312,30.6514],[-82.4309,30.6128],[-82.4188,30.6131],[-82.4189,30.5818],[-82.584,30.5915],[-82.5828,30.6581],[-82.5824,30.659],[-82.5799,30.6587],[-82.5847,30.6634],[-82.5865,30.675],[-82.5854,30.6793],[-82.5815,30.6859],[-82.5806,30.6905],[-82.5788,30.6908],[-82.5812,30.6962],[-82.5882,30.7008],[-82.5898,30.706],[-82.604,30.7137],[-82.6103,30.7133],[-82.6128,30.7153],[-82.6148,30.7145],[-82.6252,30.7186],[-82.6374,30.7171],[-82.6535,30.7208],[-82.6555,30.7226],[-82.6626,30.7223],[-82.6702,30.7255],[-82.6744,30.7244],[-82.6779,30.7273],[-82.684,30.7292],[-82.6855,30.7313],[-82.6919,30.734],[-82.6984,30.7341],[-82.71,30.7292],[-82.7176,30.7304],[-82.7297,30.7291],[-82.7346,30.7322],[-82.7436,30.7335],[-82.7511,30.7325],[-82.7526,30.7312],[-82.761,30.7334],[-82.7654,30.7334],[-82.7666,30.7323],[-82.7742,30.7362],[-82.7772,30.736],[-82.7786,30.7375],[-82.7846,30.7382],[-82.7954,30.7421],[-82.7996,30.7469],[-82.8024,30.7473],[-82.8053,30.7498],[-82.8074,30.755],[-82.807,30.762],[-82.8105,30.7653],[-82.8099,30.7673],[-82.8156,30.7758],[-82.8204,30.7763],[-82.8235,30.7801],[-82.8288,30.7806],[-82.8321,30.783],[-82.8348,30.8],[-82.8302,30.8106],[-82.8323,30.8137],[-82.8391,30.8183],[-82.8413,30.8246],[-82.8459,30.8272],[-82.8475,30.833],[-82.8464,30.835],[-82.9713,30.8694],[-82.9698,31.097],[-82.9712,31.184],[-82.6717,31.1837]]]}},{"type":"Feature","properties":{"leaid":"1300420","name":"Bibb County School District","kind":"Unified","gradeLow":"PK","gradeHigh":"12","state":"GA"},"geometry":{"type":"Polygon","coordinates":[[[-83.5164,32.8472],[-83.4894,32.8241],[-83.4966,32.8184],[-83.4956,32.8171],[-83.4985,32.8151],[-83.497,32.8127],[-83.4988,32.8106],[-83.4965,32.8069],[-83.4958,32.8076],[-83.4929,32.8051],[-83.498,32.8007],[-83.5026,32.8011],[-83.5787,32.7381],[-83.5856,32.7448],[-83.593,32.7389],[-83.599,32.7434],[-83.6024,32.7413],[-83.5987,32.7404],[-83.6019,32.7385],[-83.6003,32.7368],[-83.5976,32.7367],[-83.5999,32.7338],[-83.5951,32.7318],[-83.598,32.7316],[-83.6001,32.7298],[-83.5965,32.7285],[-83.5981,32.7253],[-83.6008,32.7251],[-83.5984,32.7229],[-83.6005,32.721],[-83.5989,32.7184],[-83.6012,32.72],[-83.6042,32.7173],[-83.6008,32.7177],[-83.6002,32.7162],[-83.6014,32.7146],[-83.5986,32.7134],[-83.5972,32.7147],[-83.5968,32.7129],[-83.5988,32.7117],[-83.5987,32.7098],[-83.6005,32.7082],[-83.5998,32.704],[-83.6027,32.7012],[-83.605,32.7017],[-83.6024,32.6996],[-83.6069,32.7015],[-83.6082,32.6979],[-83.6103,32.6988],[-83.6096,32.6966],[-83.6113,32.6962],[-83.6116,32.6949],[-83.6086,32.6926],[-83.6086,32.691],[-83.6064,32.691],[-83.6083,32.6901],[-83.6085,32.688],[-83.6111,32.6885],[-83.6078,32.6869],[-83.6084,32.6836],[-83.6058,32.6824],[-83.607,32.6791],[-83.6053,32.6749],[-83.6068,32.6737],[-83.6033,32.6719],[-83.5998,32.6718],[-83.6012,32.6693],[-83.5994,32.6693],[-83.5991,32.6677],[-83.5972,32.6669],[-83.5977,32.6643],[-83.6023,32.663],[-83.6047,32.6606],[-83.6073,32.662],[-83.6075,32.6643],[-83.6094,32.6649],[-83.6137,32.6649],[-83.6146,32.6635],[-83.6159,32.6648],[-83.6165,32.6634],[-83.619,32.6639],[-83.6265,32.6696],[-83.6333,32.6682],[-83.6361,32.6696],[-83.6388,32.6691],[-83.6454,32.6742],[-83.6602,32.6738],[-83.6614,32.6752],[-83.6632,32.6738],[-83.6703,32.6775],[-83.6738,32.6769],[-83.6785,32.6798],[-83.6799,32.6828],[-83.6852,32.6853],[-83.6884,32.6846],[-83.6883,32.6867],[-83.6921,32.6887],[-83.6978,32.6891],[-83.7,32.6919],[-83.7068,32.6918],[-83.7072,32.6933],[-83.7098,32.6919],[-83.7142,32.6933],[-83.7158,32.6922],[-83.7203,32.6935],[-83.7204,32.6925],[-83.7221,32.6947],[-83.7224,32.6937],[-83.7254,32.6937],[-83.7267,32.6962],[-83.7296,32.6972],[-83.7352,32.6949],[-83.7356,32.6937],[-83.7394,32.6946],[-83.7401,32.6965],[-83.7444,32.6989],[-83.7443,32.7005],[-83.7472,32.703],[-83.7472,32.7053],[-83.7503,32.7052],[-83.7511,32.704],[-83.7528,32.7062],[-83.7533,32.7049],[-83.7544,32.7057],[-83.7537,32.7074],[-83.756,32.7072],[-83.7556,32.7083],[-83.7606,32.7138],[-83.7619,32.7132],[-83.7639,32.715],[-83.7718,32.7143],[-83.7743,32.7152],[-83.7746,32.7175],[-83.78,32.7212],[-83.7825,32.7218],[-83.7859,32.7204],[-83.7876,32.7233],[-83.7914,32.7259],[-83.7939,32.7248],[-83.7979,32.7259],[-83.799,32.7249],[-83.8019,32.7276],[-83.8036,32.7269],[-83.803,32.728],[-83.8047,32.7293],[-83.8087,32.7287],[-83.8103,32.7298],[-83.8103,32.731],[-83.8092,32.7312],[-83.81,32.7328],[-83.8141,32.7338],[-83.819,32.7391],[-83.8189,32.7404],[-83.8231,32.7408],[-83.8276,32.7453],[-83.8285,32.7498],[-83.8318,32.752],[-83.8301,32.7544],[-83.8348,32.758],[-83.8381,32.7633],[-83.8377,32.7644],[-83.8394,32.7646],[-83.8412,32.768],[-83.8452,32.7687],[-83.8469,32.7723],[-83.8506,32.7701],[-83.8514,32.772],[-83.8477,32.7753],[-83.8533,32.7813],[-83.8514,32.7855],[-83.8566,32.7878],[-83.8571,32.794],[-83.8618,32.7945],[-83.8602,32.7966],[-83.8614,32.7979],[-83.8684,32.8018],[-83.8694,32.8041],[-83.8733,32.8039],[-83.8769,32.8069],[-83.876,32.8098],[-83.8771,32.8104],[-83.8759,32.8112],[-83.8787,32.8128],[-83.8774,32.8137],[-83.8785,32.8164],[-83.8822,32.8184],[-83.8862,32.8172],[-83.8879,32.8194],[-83.892,32.8196],[-83.8919,32.8484],[-83.7708,32.9177],[-83.7655,32.9219],[-83.7259,32.9449],[-83.7306,32.945],[-83.7306,32.951],[-83.7342,32.951],[-83.7341,32.9524],[-83.7107,32.9528],[-83.7094,32.9512],[-83.7051,32.9502],[-83.7006,32.944],[-83.7017,32.9389],[-83.6977,32.9272],[-83.698,32.9216],[-83.6959,32.9166],[-83.6801,32.9048],[-83.6633,32.8987],[-83.6607,32.8961],[-83.6604,32.8915],[-83.6586,32.8878],[-83.5982,32.8878],[-83.5786,32.8651],[-83.5651,32.8772],[-83.5234,32.8413],[-83.5164,32.8472]]]}},{"type":"Feature","properties":{"leaid":"1300440","name":"Bleckley County School District","kind":"Unified","gradeLow":"PK","gradeHigh":"12","state":"GA"},"geometry":{"type":"Polygon","coordinates":[[[-83.139,32.4231],[-83.1733,32.4525],[-83.2834,32.3587],[-83.3047,32.342],[-83.284,32.3243],[-83.3322,32.284],[-83.3393,32.2898],[-83.3461,32.2838],[-83.3396,32.2782],[-83.3465,32.2725],[-83.3661,32.2894],[-83.3678,32.2889],[-83.498,32.4017],[-83.493,32.4041],[-83.4856,32.4042],[-83.4841,32.4058],[-83.4827,32.4092],[-83.4829,32.4182],[-83.4855,32.4219],[-83.4825,32.4251],[-83.4883,32.4267],[-83.4877,32.4295],[-83.4896,32.4322],[-83.4914,32.4326],[-83.488,32.4363],[-83.4878,32.4406],[-83.4897,32.4434],[-83.4976,32.4473],[-83.4979,32.4522],[-83.4088,32.4957],[-83.4121,32.5021],[-83.4035,32.5054],[-83.4,32.5002],[-83.2345,32.5794],[-83.2265,32.5842],[-83.139,32.4231]]]}},{"type":"Feature","properties":{"leaid":"1300480","name":"Brantley County School District","kind":"Unified","gradeLow":"PK","gradeHigh":"12","state":"GA"},"geometry":{"type":"Polygon","coordinates":[[[-81.7317,31.33],[-81.733,31.3258],[-81.7325,31.3025],[-81.7337,31.2973],[-81.7374,31.2896],[-81.7472,31.2815],[-81.7508,31.2712],[-81.7587,31.2379],[-81.7644,31.2232],[-81.7669,31.2015],[-81.776,31.1765],[-81.7826,31.1725],[-81.7818,31.1658],[-81.7763,31.1645],[-81.7662,31.1697],[-81.7882,31.1522],[-81.7907,31.146],[-81.8016,31.1513],[-81.8188,31.1368],[-81.8247,31.1244],[-81.832,31.1164],[-81.8329,31.1081],[-81.8379,31.1031],[-81.8407,31.0977],[-81.881,31.0985],[-81.8896,31.1008],[-81.9112,31.0971],[-81.9135,31.0957],[-81.9119,31.0943],[-81.9127,31.0937],[-81.9159,31.0953],[-81.9183,31.0919],[-81.9212,31.092],[-81.9191,31.0893],[-81.9237,31.0884],[-81.9244,31.0814],[-81.9274,31.0793],[-81.9261,31.0612],[-81.9293,31.061],[-81.9318,31.064],[-81.9369,31.0605],[-81.9318,31.0562],[-81.9367,31.0511],[-81.936,31.0499],[-81.9328,31.0503],[-81.9322,31.0492],[-81.936,31.048],[-81.9846,31.0579],[-82.0609,31.0758],[-82.0812,31.0106],[-82.1317,31.0107],[-82.1636,31.0486],[-82.2083,31.0848],[-82.2087,31.1709],[-82.2304,31.1686],[-82.2506,31.1822],[-82.2843,31.1922],[-82.2846,31.2244],[-82.2837,31.2265],[-82.2764,31.224],[-82.2791,31.2223],[-82.2769,31.221],[-82.2727,31.2212],[-82.2724,31.2181],[-82.2695,31.2197],[-82.2686,31.217],[-82.2668,31.2174],[-82.264,31.2213],[-82.2598,31.2183],[-82.2546,31.2208],[-82.2533,31.2187],[-82.2505,31.2188],[-82.2493,31.2201],[-82.2467,31.2174],[-82.2404,31.2171],[-82.2376,31.2189],[-82.2337,31.2186],[-82.2315,31.2203],[-82.2275,31.2187],[-82.2257,31.2206],[-82.2208,31.2179],[-82.2236,31.216],[-82.2235,31.2148],[-82.2206,31.2162],[-82.219,31.214],[-82.2154,31.2161],[-82.2135,31.2149],[-82.2115,31.2154],[-82.2117,31.2143],[-82.2092,31.214],[-82.2098,31.2122],[-82.2043,31.2113],[-82.2057,31.2095],[-82.2021,31.2108],[-82.1992,31.2083],[-82.1949,31.2077],[-82.1939,31.206],[-82.196,31.2054],[-82.1954,31.2031],[-82.1933,31.2039],[-82.1932,31.2021],[-82.1882,31.2066],[-82.183,31.2057],[-82.1848,31.2083],[-82.183,31.2089],[-82.1821,31.2112],[-82.1755,31.2138],[-82.1741,31.216],[-82.1756,31.2172],[-82.1747,31.2179],[-82.1723,31.2178],[-82.1718,31.2153],[-82.1704,31.2177],[-82.1681,31.2157],[-82.1668,31.2174],[-82.1673,31.2149],[-82.1662,31.2148],[-82.1643,31.2175],[-82.1628,31.2161],[-82.1589,31.2198],[-82.1568,31.2191],[-82.1514,31.2225],[-82.1498,31.2247],[-82.1504,31.2285],[-82.1464,31.2269],[-82.1451,31.2294],[-82.147,31.2296],[-82.1474,31.2345],[-82.1497,31.2338],[-82.1507,31.235],[-82.1462,31.2353],[-82.1447,31.2371],[-82.1435,31.2362],[-82.1419,31.2376],[-82.1426,31.2397],[-82.1398,31.2435],[-82.1432,31.2432],[-82.1447,31.2488],[-82.1437,31.2501],[-82.1409,31.2496],[-82.1404,31.2507],[-82.1417,31.2522],[-82.144,31.2508],[-82.1455,31.2525],[-82.1403,31.2585],[-82.1343,31.2581],[-82.1345,31.2554],[-82.1331,31.2549],[-82.1324,31.257],[-82.1301,31.2568],[-82.1301,31.2589],[-82.1269,31.2579],[-82.1257,31.2584],[-82.1256,31.2605],[-82.1227,31.2601],[-82.1233,31.2625],[-82.1205,31.2654],[-82.1165,31.2667],[-82.1146,31.2706],[-82.1082,31.2722],[-82.1032,31.2717],[-82.1008,31.2739],[-82.1002,31.2767],[-82.0967,31.275],[-82.0933,31.2766],[-82.0909,31.2733],[-82.0889,31.2746],[-82.0907,31.2768],[-82.0843,31.2753],[-82.0825,31.2714],[-82.0762,31.2757],[-82.0734,31.2738],[-82.0706,31.2765],[-82.0635,31.2712],[-82.0633,31.274],[-82.061,31.2753],[-82.0616,31.2765],[-82.0587,31.2738],[-82.056,31.2749],[-82.0556,31.273],[-82.053,31.2729],[-82.0518,31.2711],[-82.0486,31.2725],[-82.0502,31.2742],[-82.0476,31.2739],[-82.0473,31.2751],[-82.0438,31.2765],[-82.0429,31.2746],[-82.0405,31.275],[-82.0391,31.273],[-82.0349,31.2752],[-82.0332,31.2734],[-82.032,31.275],[-82.0335,31.2766],[-82.0317,31.2775],[-82.0298,31.2743],[-82.0286,31.2748],[-82.0283,31.2778],[-82.0263,31.2763],[-82.0235,31.2768],[-82.0225,31.2751],[-82.0214,31.2794],[-82.0151,31.2772],[-82.0125,31.2777],[-82.0137,31.275],[-82.0096,31.2779],[-82.0072,31.2758],[-82.0081,31.2797],[-82.0064,31.2813],[-82.0063,31.2852],[-82.0048,31.286],[-82.0022,31.2841],[-82.0022,31.2874],[-81.9986,31.287],[-81.9972,31.2887],[-81.9921,31.308],[-81.9976,31.3088],[-82.0002,31.3113],[-82.0017,31.3102],[-82.005,31.3111],[-82.0046,31.3124],[-82.0073,31.3149],[-82.009,31.3146],[-82.0089,31.3163],[-82.013,31.3183],[-82.0121,31.3197],[-82.0133,31.3199],[-82.0134,31.3229],[-82.0154,31.3238],[-82.0151,31.3248],[-82.0201,31.3273],[-82.0205,31.3312],[-82.0232,31.333],[-82.0243,31.3388],[-82.0267,31.341],[-82.0276,31.3404],[-82.0286,31.3452],[-82.0308,31.3448],[-82.0299,31.3455],[-82.0321,31.3461],[-82.0325,31.3492],[-82.0339,31.3496],[-82.0329,31.3506],[-82.035,31.3549],[-82.0342,31.3565],[-82.0363,31.357],[-82.0358,31.3585],[-82.0386,31.3589],[-82.0407,31.3619],[-82.0388,31.3662],[-82.0401,31.3673],[-82.0387,31.3679],[-82.0386,31.3695],[-82.0411,31.3737],[-82.0311,31.3662],[-81.9232,31.3459],[-81.8452,31.3547],[-81.8011,31.3637],[-81.7644,31.3481],[-81.7592,31.3422],[-81.7317,31.33]]]}},{"type":"Feature","properties":{"leaid":"1300510","name":"Bremen City School District","kind":"Unified","gradeLow":"PK","gradeHigh":"12","state":"GA"},"geometry":{"type":"MultiPolygon","coordinates":[[[[-85.1684,33.7236],[-85.1704,33.7205],[-85.1766,33.7189],[-85.1764,33.7217],[-85.1748,33.7217],[-85.1741,33.7239],[-85.1692,33.725],[-85.1686,33.7261],[-85.1684,33.7236]]],[[[-85.1684,33.7236],[-85.1669,33.7261],[-85.1646,33.7262],[-85.1645,33.7287],[-85.1594,33.7331],[-85.1687,33.7333],[-85.1678,33.7374],[-85.1611,33.7363],[-85.1602,33.7383],[-85.1565,33.7392],[-85.1529,33.7388],[-85.1523,33.7377],[-85.1459,33.7387],[-85.1507,33.7388],[-85.1518,33.7408],[-85.1511,33.7421],[-85.1527,33.7423],[-85.1486,33.7429],[-85.1495,33.7395],[-85.1459,33.7393],[-85.1458,33.7427],[-85.1471,33.7428],[-85.1405,33.7469],[-85.1412,33.7436],[-85.1442,33.7437],[-85.1443,33.7423],[-85.1402,33.7421],[-85.1397,33.7401],[-85.1414,33.737],[-85.1291,33.7369],[-85.128,33.7347],[-85.1263,33.7345],[-85.1262,33.7261],[-85.1274,33.7258],[-85.119,33.7271],[-85.1192,33.7218],[-85.1148,33.7215],[-85.1152,33.7226],[-85.1142,33.7226],[-85.1134,33.7216],[-85.1139,33.7203],[-85.1165,33.7214],[-85.1164,33.7165],[-85.1098,33.7165],[-85.1099,33.7077],[-85.1157,33.7079],[-85.1147,33.7062],[-85.1166,33.7063],[-85.1166,33.7052],[-85.1147,33.7057],[-85.1148,33.7046],[-85.1195,33.7047],[-85.1185,33.7055],[-85.1199,33.7063],[-85.1209,33.7044],[-85.1176,33.7041],[-85.1168,33.701],[-85.1159,33.7014],[-85.1167,33.7041],[-85.1148,33.704],[-85.1138,33.7072],[-85.1099,33.7054],[-85.1115,33.7032],[-85.11,33.7017],[-85.1102,33.6979],[-85.1089,33.6952],[-85.1052,33.6943],[-85.1052,33.6919],[-85.109,33.69],[-85.1102,33.6913],[-85.1158,33.6914],[-85.114,33.6986],[-85.1206,33.7015],[-85.1209,33.703],[-85.1279,33.7039],[-85.1267,33.7031],[-85.131,33.7026],[-85.1327,33.7003],[-85.1352,33.7001],[-85.1345,33.699],[-85.1354,33.6982],[-85.1375,33.7004],[-85.1383,33.7042],[-85.1422,33.7036],[-85.143,33.7058],[-85.1469,33.7057],[-85.1469,33.7031],[-85.1419,33.7025],[-85.1435,33.7025],[-85.1441,33.7002],[-85.1425,33.7002],[-85.1466,33.694],[-85.1511,33.6904],[-85.15,33.6898],[-85.1473,33.6925],[-85.1453,33.6926],[-85.1395,33.6917],[-85.1396,33.6901],[-85.1448,33.6885],[-85.1461,33.6838],[-85.1521,33.6831],[-85.1515,33.68],[-85.1499,33.6801],[-85.1499,33.6788],[-85.1519,33.6785],[-85.1529,33.6813],[-85.1593,33.681],[-85.1593,33.6839],[-85.1643,33.684],[-85.1643,33.6855],[-85.17,33.6866],[-85.1694,33.6783],[-85.1702,33.6753],[-85.1777,33.675],[-85.1777,33.6687],[-85.1835,33.67],[-85.1886,33.6757],[-85.1867,33.6782],[-85.1871,33.6816],[-85.1951,33.6779],[-85.196,33.6842],[-85.1931,33.6879],[-85.1879,33.6866],[-85.1858,33.6881],[-85.182,33.6881],[-85.182,33.6896],[-85.1803,33.6894],[-85.1805,33.6921],[-85.1748,33.6919],[-85.1784,33.6982],[-85.1715,33.698],[-85.1715,33.7004],[-85.1691,33.7003],[-85.1691,33.6986],[-85.1641,33.6996],[-85.1634,33.7039],[-85.1652,33.7038],[-85.1634,33.705],[-85.1679,33.7087],[-85.1628,33.7099],[-85.1623,33.7113],[-85.166,33.7127],[-85.1691,33.7082],[-85.169,33.712],[-85.1674,33.7124],[-85.169,33.7134],[-85.1688,33.7169],[-85.1653,33.7147],[-85.1639,33.716],[-85.1656,33.7169],[-85.1668,33.7244],[-85.167,33.7233],[-85.1684,33.7236]],[[-85.1267,33.7148],[-85.1279,33.7129],[-85.1208,33.7122],[-85.1207,33.714],[-85.1267,33.7148]],[[-85.1193,33.713],[-85.1193,33.712],[-85.1209,33.712],[-85.1187,33.7091],[-85.1232,33.7078],[-85.1162,33.7072],[-85.119,33.7107],[-85.1193,33.713]],[[-85.1184,33.7063],[-85.1175,33.7069],[-85.1184,33.7069],[-85.1184,33.7063]],[[-85.1149,33.7024],[-85.1159,33.7019],[-85.1149,33.7018],[-85.1149,33.7024]],[[-85.1148,33.7035],[-85.1158,33.703],[-85.1148,33.7029],[-85.1148,33.7035]]]]}},{"type":"Feature","properties":{"leaid":"1302670","name":"Haralson County School District","kind":"Unified","gradeLow":"PK","gradeHigh":"12","state":"GA"},"geometry":{"type":"MultiPolygon","coordinates":[[[[-85.1684,33.7236],[-85.167,33.7233],[-85.1668,33.7244],[-85.1656,33.7169],[-85.1639,33.716],[-85.1653,33.7147],[-85.1688,33.7169],[-85.169,33.7134],[-85.1674,33.7124],[-85.169,33.712],[-85.1691,33.7082],[-85.166,33.7127],[-85.1623,33.7113],[-85.1628,33.7099],[-85.1679,33.7087],[-85.1634,33.705],[-85.1652,33.7038],[-85.1634,33.7039],[-85.1641,33.6996],[-85.1691,33.6986],[-85.1691,33.7003],[-85.1715,33.7004],[-85.1715,33.698],[-85.1784,33.6982],[-85.1748,33.6919],[-85.1805,33.6921],[-85.1803,33.6894],[-85.182,33.6896],[-85.182,33.6881],[-85.1858,33.6881],[-85.1879,33.6866],[-85.1931,33.6879],[-85.196,33.6842],[-85.1952,33.6825],[-85.2897,33.6521],[-85.3382,33.6531],[-85.3866,33.9017],[-85.2128,33.8992],[-85.2128,33.9063],[-85.0367,33.9043],[-85.0379,33.8119],[-85.0493,33.8124],[-85.0509,33.7146],[-85.0665,33.715],[-85.0665,33.7107],[-85.1071,33.6945],[-85.109,33.6953],[-85.1102,33.6979],[-85.11,33.7017],[-85.1115,33.7032],[-85.1099,33.7054],[-85.1138,33.7072],[-85.1148,33.704],[-85.1167,33.7041],[-85.1159,33.7014],[-85.1168,33.701],[-85.1176,33.7041],[-85.1209,33.7044],[-85.1199,33.7063],[-85.1185,33.7055],[-85.1195,33.7047],[-85.1148,33.7046],[-85.1147,33.7057],[-85.1166,33.7052],[-85.1166,33.7063],[-85.1147,33.7062],[-85.1157,33.7079],[-85.1099,33.7077],[-85.1098,33.7165],[-85.1164,33.7165],[-85.1165,33.7214],[-85.1139,33.7203],[-85.1134,33.7216],[-85.1142,33.7226],[-85.1152,33.7226],[-85.1148,33.7215],[-85.1192,33.7218],[-85.119,33.7271],[-85.1274,33.7258],[-85.1262,33.7261],[-85.1263,33.7345],[-85.128,33.7347],[-85.1291,33.7369],[-85.1414,33.737],[-85.1397,33.7401],[-85.1402,33.7421],[-85.1443,33.7423],[-85.1442,33.7437],[-85.1412,33.7436],[-85.1405,33.7469],[-85.1471,33.7428],[-85.1458,33.7427],[-85.1459,33.7393],[-85.1495,33.7395],[-85.1486,33.7429],[-85.1527,33.7423],[-85.1511,33.7421],[-85.1518,33.7408],[-85.1507,33.7388],[-85.1483,33.7393],[-85.1459,33.7387],[-85.1523,33.7377],[-85.1529,33.7388],[-85.1565,33.7392],[-85.1602,33.7383],[-85.1611,33.7363],[-85.1678,33.7374],[-85.1687,33.7333],[-85.1594,33.7331],[-85.1645,33.7287],[-85.1646,33.7262],[-85.1669,33.7261],[-85.1684,33.7236]],[[-85.1684,33.7236],[-85.1686,33.7261],[-85.1692,33.725],[-85.1741,33.7239],[-85.1748,33.7217],[-85.1764,33.7217],[-85.1766,33.7189],[-85.1704,33.7205],[-85.1684,33.7236]]],[[[-85.1279,33.7039],[-85.1209,33.703],[-85.1206,33.7015],[-85.1142,33.6989],[-85.116,33.6926],[-85.1148,33.6914],[-85.1297,33.6914],[-85.1294,33.6998],[-85.1352,33.7001],[-85.1327,33.7003],[-85.131,33.7026],[-85.1267,33.7031],[-85.1279,33.7039]]],[[[-85.1158,33.703],[-85.1148,33.7035],[-85.1148,33.7029],[-85.1158,33.703]]],[[[-85.1159,33.7024],[-85.1149,33.7018],[-85.1159,33.7019],[-85.1159,33.7024]]],[[[-85.1193,33.713],[-85.1162,33.7072],[-85.1232,33.7078],[-85.1187,33.7091],[-85.1209,33.712],[-85.1193,33.712],[-85.1193,33.713]]],[[[-85.1175,33.7069],[-85.1184,33.7063],[-85.1184,33.7069],[-85.1175,33.7069]]],[[[-85.1267,33.7148],[-85.1207,33.714],[-85.1208,33.7122],[-85.1279,33.7129],[-85.1267,33.7148]]],[[[-85.143,33.7058],[-85.1422,33.7036],[-85.1383,33.7042],[-85.137,33.7],[-85.1435,33.6986],[-85.1425,33.7002],[-85.1441,33.7002],[-85.1435,33.7025],[-85.1421,33.7031],[-85.1469,33.7031],[-85.1469,33.7057],[-85.143,33.7058]]]]}},{"type":"Feature","properties":{"leaid":"1300570","name":"Bryan County School District","kind":"Unified","gradeLow":"PK","gradeHigh":"12","state":"GA"},"geometry":{"type":"MultiPolygon","coordinates":[[[[-81.2504,31.7519],[-81.2503,31.7519],[-81.251,31.752],[-81.2504,31.7519]]],[[[-81.2571,31.7555],[-81.2611,31.7563],[-81.2656,31.7613],[-81.2669,31.7657],[-81.2591,31.7612],[-81.2571,31.7555]]],[[[-81.2658,31.7676],[-81.2659,31.7662],[-81.2672,31.7679],[-81.2658,31.7676]]],[[[-81.2655,31.7683],[-81.2678,31.7691],[-81.2672,31.7728],[-81.2668,31.7727],[-81.2655,31.7683]]],[[[-81.2865,31.7992],[-81.2881,31.7995],[-81.2855,31.8002],[-81.2865,31.7992]]],[[[-81.1632,31.8215],[-81.164,31.821],[-81.1641,31.8213],[-81.1632,31.8215]]],[[[-81.292,31.8222],[-81.2909,31.8],[-81.2866,31.7979],[-81.2799,31.8003],[-81.2783,31.7987],[-81.2781,31.7958],[-81.2811,31.7968],[-81.2803,31.7959],[-81.2844,31.7961],[-81.2954,31.7924],[-81.3095,31.79],[-81.3101,31.7908],[-81.3072,31.7967],[-81.3079,31.801],[-81.3163,31.8058],[-81.3194,31.8095],[-81.3145,31.8146],[-81.3139,31.8177],[-81.3123,31.8137],[-81.3064,31.8126],[-81.3034,31.8076],[-81.2995,31.8078],[-81.297,31.8106],[-81.3023,31.8213],[-81.292,31.8222]]],[[[-81.2975,31.8227],[-81.2986,31.8221],[-81.2989,31.8226],[-81.2975,31.8227]]],[[[-81.1674,31.8416],[-81.1664,31.8368],[-81.1594,31.8361],[-81.1605,31.8262],[-81.163,31.8225],[-81.1704,31.8211],[-81.1776,31.8174],[-81.179,31.8148],[-81.1785,31.806],[-81.1832,31.7982],[-81.1828,31.7937],[-81.1806,31.7902],[-81.1762,31.788],[-81.1648,31.7861],[-81.1622,31.7842],[-81.1637,31.7801],[-81.1724,31.7753],[-81.1813,31.7794],[-81.1885,31.7807],[-81.1946,31.7849],[-81.2002,31.7869],[-81.2015,31.7903],[-81.1933,31.7916],[-81.1902,31.7935],[-81.1854,31.8021],[-81.1908,31.8097],[-81.1861,31.8103],[-81.1841,31.8122],[-81.1843,31.8138],[-81.189,31.8171],[-81.1837,31.818],[-81.1815,31.8198],[-81.1808,31.8255],[-81.1788,31.8291],[-81.1795,31.8335],[-81.1782,31.8348],[-81.177,31.8342],[-81.1772,31.8322],[-81.1766,31.8302],[-81.1737,31.8294],[-81.1744,31.8284],[-81.1736,31.8238],[-81.1734,31.8297],[-81.1717,31.8294],[-81.1764,31.8304],[-81.1769,31.8329],[-81.1758,31.831],[-81.1725,31.8308],[-81.1715,31.8315],[-81.1753,31.8313],[-81.1763,31.8342],[-81.1757,31.8341],[-81.1761,31.8338],[-81.1759,31.8331],[-81.1754,31.8329],[-81.1744,31.8336],[-81.1758,31.8335],[-81.1755,31.8343],[-81.177,31.8359],[-81.1733,31.8364],[-81.1721,31.8402],[-81.1674,31.8416]]],[[[-81.2328,31.8872],[-81.2348,31.8883],[-81.2316,31.8907],[-81.232,31.888],[-81.2328,31.8872]]],[[[-81.2303,31.8859],[-81.2327,31.8865],[-81.2287,31.8943],[-81.2283,31.8885],[-81.2303,31.8859]]],[[[-81.1626,31.878],[-81.1639,31.8781],[-81.1682,31.889],[-81.1679,31.8944],[-81.1613,31.887],[-81.1612,31.882],[-81.1626,31.878]]],[[[-81.1803,31.8997],[-81.1751,31.8999],[-81.1732,31.8988],[-81.1803,31.8997]]],[[[-81.2342,31.9027],[-81.2344,31.9029],[-81.2336,31.9038],[-81.2342,31.9027]]],[[[-81.2334,31.904],[-81.2335,31.904],[-81.2335,31.904],[-81.2334,31.904]]],[[[-81.3028,31.9788],[-81.2917,31.9785],[-81.2888,31.9767],[-81.2883,31.9719],[-81.2921,31.9611],[-81.2879,31.9519],[-81.2896,31.9457],[-81.287,31.9428],[-81.2794,31.9439],[-81.274,31.9402],[-81.274,31.9373],[-81.2772,31.9303],[-81.2761,31.9271],[-81.2711,31.9234],[-81.2605,31.9267],[-81.2587,31.9262],[-81.2589,31.9239],[-81.2661,31.9177],[-81.2675,31.914],[-81.2669,31.9095],[-81.2585,31.9041],[-81.2543,31.905],[-81.2503,31.9089],[-81.2469,31.9101],[-81.2405,31.9105],[-81.2339,31.9078],[-81.2356,31.9029],[-81.2433,31.8962],[-81.2442,31.8936],[-81.2431,31.8902],[-81.2396,31.8867],[-81.2335,31.8845],[-81.2276,31.8851],[-81.2255,31.8907],[-81.2248,31.8988],[-81.2154,31.9123],[-81.2114,31.9163],[-81.2047,31.9202],[-81.195,31.9205],[-81.1923,31.9189],[-81.1915,31.9168],[-81.1942,31.9109],[-81.2027,31.904],[-81.2145,31.9021],[-81.2192,31.8999],[-81.2244,31.8949],[-81.2239,31.89],[-81.2183,31.8867],[-81.2104,31.8861],[-81.1837,31.897],[-81.18,31.8976],[-81.1726,31.8964],[-81.1615,31.8645],[-81.1578,31.8606],[-81.1472,31.8569],[-81.1427,31.8534],[-81.1516,31.8428],[-81.1542,31.8429],[-81.156,31.8484],[-81.1604,31.8511],[-81.1636,31.8598],[-81.1664,31.8624],[-81.1657,31.866],[-81.1712,31.8705],[-81.1718,31.8757],[-81.1676,31.8775],[-81.1691,31.8799],[-81.1764,31.881],[-81.1808,31.8786],[-81.1919,31.8796],[-81.1992,31.8763],[-81.201,31.8743],[-81.2025,31.8752],[-81.2004,31.8738],[-81.1995,31.8756],[-81.1915,31.8789],[-81.1832,31.8783],[-81.1814,31.8771],[-81.1791,31.8777],[-81.1769,31.8803],[-81.1694,31.879],[-81.1694,31.8773],[-81.1718,31.8773],[-81.1732,31.876],[-81.1724,31.8708],[-81.1667,31.8655],[-81.1679,31.8618],[-81.1645,31.859],[-81.1614,31.8501],[-81.157,31.8475],[-81.1551,31.8413],[-81.1579,31.8379],[-81.1661,31.8371],[-81.1661,31.8412],[-81.1682,31.8422],[-81.1726,31.8406],[-81.174,31.8371],[-81.1772,31.8368],[-81.1795,31.8348],[-81.1828,31.8195],[-81.1874,31.8192],[-81.1896,31.8171],[-81.1851,31.8119],[-81.1902,31.8113],[-81.1917,31.8099],[-81.1911,31.8072],[-81.1869,31.803],[-81.1873,31.801],[-81.1931,31.7927],[-81.1989,31.7928],[-81.2025,31.79],[-81.201,31.7859],[-81.1957,31.7837],[-81.1917,31.7792],[-81.2015,31.773],[-81.2059,31.7744],[-81.2081,31.7738],[-81.2078,31.7715],[-81.2034,31.7672],[-81.2084,31.7677],[-81.2127,31.7669],[-81.2129,31.7687],[-81.2136,31.7672],[-81.2129,31.7664],[-81.2033,31.7665],[-81.2027,31.7678],[-81.2069,31.7711],[-81.2077,31.7735],[-81.2043,31.7736],[-81.2018,31.7709],[-81.2009,31.772],[-81.1994,31.7707],[-81.1994,31.7723],[-81.1976,31.774],[-81.1909,31.7777],[-81.1814,31.7766],[-81.1761,31.7737],[-81.1743,31.7705],[-81.1764,31.7654],[-81.1757,31.7549],[-81.1728,31.7507],[-81.1617,31.7412],[-81.1607,31.7281],[-81.1642,31.727],[-81.1738,31.7275],[-81.1932,31.7333],[-81.1946,31.7354],[-81.1932,31.7395],[-81.1982,31.7378],[-81.196,31.7405],[-81.1959,31.7423],[-81.1983,31.7428],[-81.2037,31.7407],[-81.2079,31.7414],[-81.2057,31.7446],[-81.2101,31.7451],[-81.2086,31.7475],[-81.2103,31.7473],[-81.2108,31.7444],[-81.2064,31.7442],[-81.2087,31.7418],[-81.2082,31.7409],[-81.2033,31.7402],[-81.1971,31.7425],[-81.1965,31.741],[-81.1986,31.7373],[-81.1972,31.7368],[-81.1939,31.739],[-81.1954,31.736],[-81.1949,31.734],[-81.202,31.7355],[-81.225,31.7494],[-81.2358,31.7517],[-81.238,31.7541],[-81.2391,31.7531],[-81.2551,31.7571],[-81.2619,31.7652],[-81.2632,31.7656],[-81.2621,31.7647],[-81.2631,31.7643],[-81.266,31.7659],[-81.2647,31.7681],[-81.2663,31.7732],[-81.2636,31.7712],[-81.2619,31.7714],[-81.26,31.7745],[-81.2612,31.7767],[-81.2586,31.7793],[-81.2585,31.7806],[-81.2594,31.7813],[-81.2589,31.7799],[-81.2623,31.7769],[-81.2606,31.7747],[-81.2625,31.7719],[-81.2667,31.7738],[-81.2652,31.7804],[-81.2666,31.7894],[-81.274,31.7951],[-81.2764,31.7997],[-81.2687,31.8032],[-81.2685,31.811],[-81.2699,31.8136],[-81.2726,31.8157],[-81.2738,31.8201],[-81.2691,31.8217],[-81.2676,31.8264],[-81.2699,31.8215],[-81.2743,31.8206],[-81.2733,31.8156],[-81.2691,31.8112],[-81.2703,31.803],[-81.2751,31.8026],[-81.2759,31.8047],[-81.2775,31.8012],[-81.2883,31.8003],[-81.2911,31.8228],[-81.2932,31.8235],[-81.2999,31.8228],[-81.303,31.8218],[-81.3031,31.8192],[-81.2978,31.8102],[-81.3024,31.8077],[-81.3052,31.813],[-81.3121,31.8148],[-81.3138,31.8197],[-81.3178,31.82],[-81.3281,31.8241],[-81.3257,31.8307],[-81.3291,31.8383],[-81.3336,31.841],[-81.3393,31.8412],[-81.3446,31.8389],[-81.3462,31.8358],[-81.3428,31.8337],[-81.3353,31.8356],[-81.3333,31.8347],[-81.334,31.8319],[-81.3389,31.8312],[-81.343,31.8289],[-81.3429,31.8253],[-81.3395,31.8191],[-81.3462,31.8152],[-81.3547,31.8147],[-81.3561,31.8162],[-81.355,31.8188],[-81.3522,31.8193],[-81.3483,31.8173],[-81.3459,31.8186],[-81.3444,31.8251],[-81.3494,31.8262],[-81.3443,31.8261],[-81.3446,31.828],[-81.3475,31.8293],[-81.3513,31.8261],[-81.3546,31.8301],[-81.3577,31.8315],[-81.3567,31.8342],[-81.3528,31.8356],[-81.3527,31.8379],[-81.3547,31.8393],[-81.3606,31.8382],[-81.3545,31.8399],[-81.3554,31.8422],[-81.3611,31.8403],[-81.3624,31.8375],[-81.3613,31.8447],[-81.3642,31.8403],[-81.3631,31.8433],[-81.3665,31.847],[-81.3695,31.8452],[-81.3695,31.8412],[-81.3716,31.8404],[-81.3728,31.8436],[-81.3718,31.8469],[-81.3748,31.8466],[-81.375,31.8481],[-81.3781,31.8487],[-81.3768,31.8503],[-81.3789,31.8508],[-81.3783,31.8527],[-81.382,31.8542],[-81.3823,31.8558],[-81.3812,31.8565],[-81.3836,31.8582],[-81.3824,31.8589],[-81.384,31.8621],[-81.3807,31.8668],[-81.381,31.8697],[-81.3832,31.8726],[-81.3829,31.8761],[-81.3867,31.88],[-81.3928,31.8803],[-81.3964,31.8832],[-81.395,31.8853],[-81.3956,31.8874],[-81.3916,31.8938],[-81.3934,31.8994],[-81.3951,31.901],[-81.3944,31.9047],[-81.3996,31.9095],[-81.4009,31.9114],[-81.4004,31.9143],[-81.4037,31.917],[-81.4043,31.9201],[-81.401,31.9222],[-81.4016,31.9273],[-81.3997,31.9292],[-81.405,31.937],[-81.3685,31.9523],[-81.3374,31.9526],[-81.3319,31.9618],[-81.3304,31.9609],[-81.3201,31.9713],[-81.3111,31.9812],[-81.3118,31.9821],[-81.3028,31.9788]]],[[[-81.4313,32.2331],[-81.4287,32.2344],[-81.4301,32.2313],[-81.4277,32.2311],[-81.4261,32.228],[-81.4268,32.2247],[-81.4301,32.2239],[-81.4301,32.2223],[-81.427,32.2192],[-81.4295,32.2169],[-81.4231,32.2151],[-81.4213,32.2102],[-81.4161,32.2122],[-81.416,32.2099],[-81.4134,32.2078],[-81.4145,32.2064],[-81.4132,32.2048],[-81.4162,32.2038],[-81.4163,32.2027],[-81.4151,32.2025],[-81.4158,32.1995],[-81.4186,32.1969],[-81.4161,32.1935],[-81.4151,32.1879],[-81.4123,32.1854],[-81.4097,32.1853],[-81.4127,32.1836],[-81.4142,32.1846],[-81.4153,32.1831],[-81.4146,32.1766],[-81.4116,32.1757],[-81.4137,32.1735],[-81.4122,32.1713],[-81.4135,32.1698],[-81.4108,32.1702],[-81.41,32.168],[-81.4115,32.1653],[-81.4109,32.1612],[-81.4134,32.1621],[-81.4138,32.1607],[-81.4119,32.1577],[-81.4081,32.1553],[-81.4085,32.1521],[-81.4064,32.1527],[-81.4056,32.1513],[-81.4015,32.1498],[-81.402,32.1478],[-81.4039,32.1474],[-81.4019,32.1436],[-81.4059,32.1419],[-81.405,32.1402],[-81.407,32.1374],[-81.4063,32.1325],[-81.4072,32.1302],[-81.4056,32.1292],[-81.4082,32.1273],[-81.4053,32.125],[-81.4045,32.1208],[-81.4069,32.1216],[-81.4068,32.1195],[-81.4052,32.1187],[-81.4041,32.1137],[-81.4009,32.1127],[-81.4024,32.1112],[-81.4014,32.109],[-81.403,32.1084],[-81.4008,32.1074],[-81.4006,32.1064],[-81.4032,32.1076],[-81.407,32.1022],[-81.4055,32.1023],[-81.4029,32.1073],[-81.4013,32.1042],[-81.3996,32.1046],[-81.3918,32.1005],[-81.3916,32.0955],[-81.3872,32.0904],[-81.389,32.087],[-81.3847,32.0795],[-81.3897,32.0798],[-81.3946,32.0819],[-81.4055,32.0915],[-81.4153,32.0953],[-81.4195,32.0948],[-81.4355,32.0979],[-81.4614,32.0914],[-81.4756,32.0952],[-81.5061,32.0934],[-81.5333,32.0987],[-81.5851,32.1036],[-81.5943,32.1036],[-81.5964,32.1011],[-81.6005,32.1043],[-81.6802,32.1121],[-81.6893,32.112],[-81.6997,32.1086],[-81.7054,32.1081],[-81.7185,32.1096],[-81.7312,32.1082],[-81.7633,32.1176],[-81.7612,32.1196],[-81.7661,32.122],[-81.7652,32.1244],[-81.7673,32.1251],[-81.7673,32.1275],[-81.7712,32.1314],[-81.7774,32.1322],[-81.7756,32.1328],[-81.7769,32.1355],[-81.7761,32.1367],[-81.7784,32.1391],[-81.7772,32.1416],[-81.7816,32.1477],[-81.7817,32.1523],[-81.7807,32.1529],[-81.6248,32.1897],[-81.4358,32.2413],[-81.4325,32.2378],[-81.4313,32.2331]]]]}},{"type":"Feature","properties":{"leaid":"1304050","name":"Peach County School District","kind":"Unified","gradeLow":"PK","gradeHigh":"12","state":"GA"},"geometry":{"type":"Polygon","coordinates":[[[-83.7011,32.6916],[-83.702,32.6822],[-83.7044,32.6784],[-83.7089,32.675],[-83.7092,32.6513],[-83.7281,32.6508],[-83.7282,32.6351],[-83.7186,32.635],[-83.7187,32.6106],[-83.7127,32.6106],[-83.7144,32.6037],[-83.7192,32.5974],[-83.7199,32.5318],[-83.7219,32.5233],[-83.7231,32.5211],[-83.7269,32.5213],[-83.7278,32.5227],[-83.7318,32.5225],[-83.7362,32.5287],[-83.739,32.5286],[-83.7426,32.5318],[-83.7451,32.5319],[-83.7487,32.5342],[-83.749,32.5052],[-83.778,32.5055],[-83.7779,32.5129],[-83.7873,32.5128],[-83.7878,32.4965],[-83.7977,32.4966],[-83.7977,32.447],[-83.8171,32.4467],[-83.8171,32.4399],[-83.8276,32.4391],[-83.8278,32.4576],[-83.8378,32.4611],[-83.8419,32.4605],[-83.8455,32.4673],[-83.851,32.4737],[-83.8721,32.479],[-83.8773,32.4893],[-83.8849,32.492],[-83.8865,32.4937],[-83.8966,32.4945],[-83.9005,32.497],[-83.9228,32.4974],[-83.923,32.4833],[-83.9311,32.4837],[-83.9242,32.5035],[-83.9234,32.5114],[-83.9322,32.5116],[-83.9325,32.5057],[-83.9711,32.5059],[-83.9712,32.5142],[-83.9873,32.5143],[-83.9874,32.5061],[-84.0181,32.5064],[-84.0139,32.5092],[-84.0136,32.5107],[-84.0163,32.51],[-84.0153,32.5137],[-84.0088,32.5159],[-84.0095,32.5192],[-84.0079,32.5229],[-84.0044,32.521],[-84.0007,32.521],[-84.0034,32.5269],[-84.0031,32.5302],[-83.9567,32.5618],[-83.9547,32.563],[-83.955,32.5527],[-83.9452,32.5527],[-83.9454,32.5696],[-83.9305,32.58],[-83.9297,32.5873],[-83.9201,32.587],[-83.7668,32.6926],[-83.7011,32.6916]]]}},{"type":"Feature","properties":{"leaid":"1300600","name":"Buford City School District","kind":"Unified","gradeLow":"PK","gradeHigh":"12","state":"GA"},"geometry":{"type":"MultiPolygon","coordinates":[[[[-83.9793,34.0921],[-83.9768,34.0887],[-83.9812,34.0887],[-83.9768,34.0852],[-83.9797,34.0855],[-83.9831,34.0827],[-83.9841,34.0798],[-83.9805,34.0783],[-83.978,34.0741],[-83.9767,34.0747],[-83.9733,34.0734],[-83.9744,34.0723],[-83.9738,34.0708],[-83.9727,34.0702],[-83.972,34.0721],[-83.9703,34.0706],[-83.9706,34.0695],[-83.9687,34.0709],[-83.969,34.0691],[-83.9681,34.0691],[-83.962,34.0706],[-83.9642,34.0732],[-83.9612,34.0744],[-83.9584,34.0703],[-83.9597,34.0697],[-83.9565,34.068],[-83.9537,34.0703],[-83.9529,34.0677],[-83.9507,34.0665],[-83.9513,34.0658],[-83.9504,34.0662],[-83.9469,34.0633],[-83.9576,34.0598],[-83.9584,34.0611],[-83.9649,34.0627],[-83.967,34.065],[-83.968,34.0644],[-83.97,34.069],[-83.9731,34.07],[-83.9745,34.0687],[-83.9769,34.0725],[-83.9842,34.0722],[-83.9857,34.0686],[-83.9868,34.0696],[-83.9857,34.0721],[-83.9911,34.0711],[-83.9904,34.0715],[-83.9925,34.0747],[-83.9881,34.0766],[-83.9889,34.0777],[-83.9905,34.0768],[-83.994,34.0801],[-83.9936,34.0786],[-83.998,34.0778],[-83.9967,34.0756],[-83.9942,34.0768],[-83.9967,34.0726],[-83.9988,34.0734],[-83.9999,34.0728],[-83.9993,34.0719],[-84.0077,34.0676],[-84.0155,34.0789],[-84.0126,34.0801],[-84.0142,34.0835],[-84.0136,34.0851],[-84.0176,34.0877],[-84.017,34.0895],[-84.0211,34.0906],[-84.0161,34.0931],[-84.0173,34.095],[-84.0216,34.0929],[-84.0223,34.094],[-84.0173,34.0965],[-84.0156,34.0939],[-84.014,34.0953],[-84.0256,34.1118],[-84.0207,34.1143],[-84.023,34.116],[-84.0272,34.114],[-84.0301,34.1182],[-84.0252,34.1205],[-84.0275,34.1238],[-84.0254,34.1249],[-84.029,34.1278],[-84.0316,34.1266],[-84.0365,34.1268],[-84.042,34.1298],[-84.0464,34.1285],[-84.0493,34.1354],[-84.0389,34.1407],[-84.0337,34.142],[-84.0324,34.1401],[-84.0296,34.1407],[-84.0283,34.1419],[-84.0322,34.1435],[-84.0289,34.145],[-84.0287,34.147],[-84.033,34.1484],[-84.0338,34.1476],[-84.0341,34.1486],[-84.0331,34.1484],[-84.0331,34.1505],[-84.0286,34.1485],[-84.0274,34.1467],[-84.0264,34.1473],[-84.0273,34.1512],[-84.0244,34.1532],[-84.0236,34.151],[-84.0245,34.1514],[-84.0254,34.1453],[-84.0246,34.1442],[-84.022,34.1454],[-84.021,34.1448],[-84.0241,34.141],[-84.0212,34.1421],[-84.0195,34.1453],[-84.018,34.1407],[-84.0204,34.1395],[-84.0191,34.139],[-84.0247,34.1365],[-84.0254,34.1375],[-84.0273,34.1366],[-84.0251,34.1411],[-84.0263,34.1417],[-84.0292,34.1356],[-84.0265,34.1316],[-84.0213,34.132],[-84.0227,34.1296],[-84.0257,34.1305],[-84.0241,34.1283],[-84.0262,34.1273],[-84.0245,34.1244],[-84.0214,34.1244],[-84.0204,34.1267],[-84.0226,34.1257],[-84.0217,34.1271],[-84.0229,34.1277],[-84.0227,34.1295],[-84.0189,34.1284],[-84.0151,34.1308],[-84.0168,34.1315],[-84.0157,34.132],[-84.0121,34.1293],[-84.0105,34.132],[-84.0131,34.1344],[-84.0134,34.1335],[-84.0158,34.1346],[-84.013,34.1362],[-84.016,34.1387],[-84.0156,34.1411],[-84.0174,34.1415],[-84.0166,34.1431],[-84.0116,34.1422],[-84.0101,34.1397],[-84.0083,34.1405],[-84.0076,34.1369],[-84.0057,34.1371],[-84.0063,34.1399],[-84.0117,34.1428],[-84.0108,34.1447],[-84.0122,34.1451],[-84.0113,34.1454],[-84.0125,34.1502],[-84.0095,34.1488],[-84.0095,34.1453],[-84.0084,34.1458],[-84.0051,34.1431],[-84.0024,34.1445],[-84.0028,34.1455],[-83.9973,34.1433],[-83.9967,34.1454],[-83.9943,34.1466],[-83.996,34.1501],[-83.9883,34.1536],[-83.987,34.1519],[-83.9885,34.1499],[-83.989,34.1507],[-83.9909,34.1493],[-83.9899,34.1476],[-83.9884,34.1484],[-83.9887,34.145],[-83.9857,34.1461],[-83.9842,34.1431],[-83.9816,34.144],[-83.9805,34.1456],[-83.9815,34.1467],[-83.9781,34.1475],[-83.9799,34.1496],[-83.9818,34.1494],[-83.9811,34.1502],[-83.9745,34.1521],[-83.9748,34.1581],[-83.9706,34.1599],[-83.9691,34.1584],[-83.9654,34.1612],[-83.966,34.16],[-83.9645,34.1583],[-83.963,34.16],[-83.9621,34.1582],[-83.9613,34.1586],[-83.9654,34.1538],[-83.9716,34.1477],[-83.978,34.144],[-83.9759,34.1419],[-83.975,34.1426],[-83.9761,34.145],[-83.9734,34.1446],[-83.9738,34.1454],[-83.97,34.1476],[-83.9661,34.1463],[-83.9676,34.1472],[-83.9657,34.147],[-83.9651,34.1496],[-83.9642,34.1488],[-83.9628,34.1499],[-83.9638,34.1509],[-83.963,34.1518],[-83.9609,34.1492],[-83.9601,34.1499],[-83.9627,34.1546],[-83.9644,34.1539],[-83.9598,34.1584],[-83.957,34.1586],[-83.9543,34.157],[-83.9535,34.1577],[-83.9562,34.1599],[-83.9584,34.1599],[-83.9554,34.1632],[-83.9532,34.16],[-83.9491,34.1612],[-83.951,34.1642],[-83.9537,34.1651],[-83.9511,34.1682],[-83.952,34.1657],[-83.9512,34.1645],[-83.9485,34.1677],[-83.9469,34.1671],[-83.9482,34.1656],[-83.9472,34.1651],[-83.9441,34.1673],[-83.9451,34.1662],[-83.9443,34.1651],[-83.948,34.1623],[-83.9466,34.1605],[-83.9475,34.1591],[-83.9485,34.1584],[-83.9492,34.1603],[-83.9507,34.1588],[-83.949,34.1589],[-83.9494,34.1578],[-83.9469,34.1582],[-83.9456,34.1564],[-83.9469,34.1558],[-83.9469,34.1537],[-83.9451,34.1509],[-83.9442,34.1513],[-83.944,34.1495],[-83.9423,34.1516],[-83.9434,34.1532],[-83.9393,34.1551],[-83.9382,34.1529],[-83.936,34.1533],[-83.9359,34.1543],[-83.9347,34.153],[-83.9521,34.1396],[-83.9563,34.1426],[-83.9644,34.1369],[-83.9606,34.134],[-83.9562,34.1339],[-83.9496,34.139],[-83.9464,34.1366],[-83.945,34.1373],[-83.9473,34.1405],[-83.9442,34.142],[-83.9415,34.1401],[-83.9423,34.1413],[-83.9375,34.1435],[-83.9379,34.1401],[-83.9368,34.1403],[-83.9346,34.1348],[-83.9353,34.1339],[-83.9451,34.1361],[-83.9477,34.1345],[-83.945,34.1327],[-83.9469,34.1326],[-83.9461,34.1318],[-83.9437,34.1311],[-83.945,34.1296],[-83.948,34.1313],[-83.947,34.1304],[-83.9474,34.1277],[-83.9504,34.1305],[-83.9506,34.1271],[-83.947,34.1219],[-83.9482,34.1214],[-83.9524,34.1239],[-83.9588,34.1209],[-83.9605,34.1234],[-83.9583,34.1245],[-83.9591,34.1255],[-83.9578,34.1248],[-83.955,34.1261],[-83.9563,34.1267],[-83.9554,34.1282],[-83.9577,34.1328],[-83.9635,34.1274],[-83.9609,34.1239],[-83.9664,34.1183],[-83.9649,34.1182],[-83.9656,34.1173],[-83.9635,34.1143],[-83.9624,34.1157],[-83.9628,34.1148],[-83.9604,34.1143],[-83.9597,34.113],[-83.9612,34.1122],[-83.9594,34.1098],[-83.9591,34.1086],[-83.9597,34.1098],[-83.9618,34.1094],[-83.9649,34.1062],[-83.9699,34.1092],[-83.9716,34.1073],[-83.9677,34.1022],[-83.9689,34.1006],[-83.9714,34.1005],[-83.9736,34.0987],[-83.9751,34.1004],[-83.9786,34.0977],[-83.9794,34.099],[-83.9816,34.0981],[-83.9826,34.0959],[-83.9818,34.0946],[-83.9859,34.0916],[-83.9846,34.0897],[-83.9793,34.0921]],[[-83.9529,34.1245],[-83.9515,34.1243],[-83.9535,34.1261],[-83.9529,34.1245]],[[-83.9763,34.1011],[-83.9745,34.1012],[-83.9762,34.1018],[-83.9763,34.1011]],[[-83.9482,34.156],[-83.9481,34.1553],[-83.9469,34.1565],[-83.9482,34.156]],[[-83.9517,34.1267],[-83.9488,34.1226],[-83.948,34.123],[-83.9509,34.127],[-83.9517,34.1267]],[[-83.9569,34.153],[-83.9579,34.1534],[-83.9573,34.1526],[-83.9569,34.153]],[[-83.9592,34.1531],[-83.9572,34.1544],[-83.9579,34.1553],[-83.9588,34.1544],[-83.96,34.156],[-83.961,34.1555],[-83.9592,34.1531]],[[-83.9588,34.1502],[-83.9593,34.1507],[-83.9599,34.1501],[-83.9588,34.1502]],[[-83.9592,34.1508],[-83.9601,34.152],[-83.9604,34.1517],[-83.9592,34.1508]],[[-83.9664,34.1437],[-83.9663,34.1445],[-83.967,34.1438],[-83.9664,34.1437]],[[-83.9707,34.1198],[-83.976,34.1139],[-83.9752,34.1128],[-83.9717,34.1143],[-83.9684,34.1135],[-83.9661,34.1167],[-83.9683,34.1178],[-83.9675,34.1187],[-83.9707,34.1198]],[[-83.9673,34.1444],[-83.9674,34.1456],[-83.9681,34.1444],[-83.9673,34.1444]],[[-83.9713,34.1317],[-83.9678,34.1359],[-83.969,34.1376],[-83.9701,34.137],[-83.9712,34.1387],[-83.9698,34.1402],[-83.9716,34.1414],[-83.9746,34.139],[-83.9761,34.1412],[-83.9804,34.1385],[-83.9791,34.1366],[-83.978,34.137],[-83.9773,34.1338],[-83.9743,34.1345],[-83.9732,34.1368],[-83.9706,34.1351],[-83.9722,34.1334],[-83.9713,34.1317]],[[-83.9714,34.1135],[-83.9703,34.1125],[-83.9688,34.1125],[-83.9687,34.1128],[-83.9714,34.1135]],[[-83.9699,34.1022],[-83.9709,34.1014],[-83.9708,34.1011],[-83.9699,34.1022]],[[-83.9723,34.1033],[-83.9712,34.1017],[-83.9705,34.1024],[-83.9723,34.1033]],[[-83.9722,34.1445],[-83.9715,34.1451],[-83.9722,34.1451],[-83.9722,34.1445]],[[-83.9729,34.1061],[-83.9737,34.1056],[-83.974,34.1054],[-83.9735,34.1052],[-83.9729,34.1061]],[[-83.978,34.1062],[-83.9742,34.1092],[-83.9757,34.1102],[-83.978,34.1062]],[[-83.9769,34.1474],[-83.9754,34.147],[-83.9765,34.1478],[-83.9769,34.1474]],[[-83.9778,34.1472],[-83.978,34.1459],[-83.9771,34.1464],[-83.9778,34.1472]],[[-83.9808,34.1449],[-83.9786,34.1453],[-83.9792,34.146],[-83.9808,34.1449]],[[-83.9789,34.1444],[-83.9798,34.144],[-83.9789,34.1443],[-83.9789,34.1444]],[[-83.9801,34.1439],[-83.9819,34.1437],[-83.9821,34.1432],[-83.9818,34.1433],[-83.9801,34.1439]],[[-83.9851,34.1422],[-83.9836,34.1431],[-83.9853,34.1425],[-83.9851,34.1422]],[[-83.9846,34.0979],[-83.9842,34.0967],[-83.9839,34.0967],[-83.9846,34.0979]],[[-83.9917,34.1431],[-83.9901,34.1431],[-83.991,34.1444],[-83.9894,34.1441],[-83.9896,34.1432],[-83.9887,34.1443],[-83.9919,34.1452],[-83.9917,34.1431]],[[-83.9894,34.0967],[-83.9917,34.0959],[-83.9923,34.0948],[-83.9904,34.0957],[-83.9894,34.0967]],[[-83.9904,34.0953],[-83.9906,34.0947],[-83.9902,34.0947],[-83.9904,34.0953]],[[-83.9925,34.0829],[-83.9935,34.0817],[-83.9936,34.0808],[-83.9915,34.0814],[-83.9925,34.0829]],[[-83.9949,34.0942],[-83.9963,34.0919],[-83.9949,34.0926],[-83.9949,34.0942]],[[-83.9968,34.0926],[-83.9985,34.0924],[-83.9981,34.0909],[-83.9976,34.0918],[-83.9968,34.0926]],[[-84.0069,34.0873],[-84.007,34.085],[-84.0058,34.0868],[-84.0069,34.0873]],[[-84.0066,34.136],[-84.0088,34.1365],[-84.0075,34.1357],[-84.0088,34.1355],[-84.0082,34.1352],[-84.0066,34.136]],[[-84.0074,34.1423],[-84.0072,34.1431],[-84.0079,34.1428],[-84.0074,34.1423]],[[-84.01,34.1365],[-84.0105,34.1379],[-84.0118,34.138],[-84.0115,34.1403],[-84.0127,34.1398],[-84.012,34.1379],[-84.01,34.1365]],[[-84.0267,34.1454],[-84.0275,34.1448],[-84.0268,34.1447],[-84.0267,34.1454]],[[-84.0269,34.1439],[-84.0276,34.1443],[-84.0277,34.144],[-84.0269,34.1439]]],[[[-83.9793,34.0921],[-83.9796,34.0933],[-83.9777,34.0939],[-83.9786,34.0929],[-83.9793,34.0921]]],[[[-83.9405,34.1671],[-83.9395,34.1657],[-83.9384,34.1663],[-83.937,34.162],[-83.9399,34.1634],[-83.9404,34.1626],[-83.9383,34.1615],[-83.9392,34.1601],[-83.9414,34.1609],[-83.9395,34.1596],[-83.9408,34.1576],[-83.9455,34.1632],[-83.9429,34.1642],[-83.9435,34.1648],[-83.942,34.1659],[-83.9412,34.1643],[-83.9416,34.1662],[-83.9405,34.1671]]],[[[-83.9393,34.1455],[-83.9453,34.1427],[-83.9476,34.1416],[-83.9441,34.1446],[-83.9393,34.1455]]],[[[-83.956,34.1644],[-83.958,34.162],[-83.9601,34.1651],[-83.9577,34.1678],[-83.956,34.1644]]],[[[-83.9585,34.1616],[-83.9595,34.1604],[-83.9612,34.1623],[-83.9604,34.1645],[-83.9585,34.1616]]],[[[-83.9919,34.1634],[-83.9907,34.1622],[-83.9883,34.1633],[-83.9865,34.1609],[-83.9851,34.162],[-83.9856,34.1604],[-83.9839,34.16],[-83.9839,34.1588],[-83.986,34.1599],[-83.9871,34.158],[-83.9808,34.1558],[-83.9788,34.1574],[-83.9779,34.1539],[-83.9804,34.1531],[-83.9784,34.1524],[-83.9831,34.1508],[-83.9825,34.1522],[-83.984,34.1521],[-83.9813,34.1533],[-83.9822,34.1549],[-83.9869,34.1542],[-83.9914,34.1583],[-83.9908,34.1595],[-83.9958,34.1604],[-83.9972,34.1624],[-83.9959,34.1623],[-83.9957,34.161],[-83.9956,34.1622],[-83.9919,34.1634]],[[-83.9881,34.158],[-83.9883,34.1569],[-83.9875,34.1573],[-83.9881,34.158]]]]}},{"type":"Feature","properties":{"leaid":"1301620","name":"Dalton City School District","kind":"Unified","gradeLow":"PK","gradeHigh":"12","state":"GA"},"geometry":{"type":"MultiPolygon","coordinates":[[[[-84.8821,34.7314],[-84.8742,34.7312],[-84.8749,34.7294],[-84.8679,34.7295],[-84.8652,34.728],[-84.8646,34.725],[-84.8629,34.7243],[-84.8635,34.7176],[-84.8619,34.7161],[-84.8631,34.7153],[-84.8661,34.7176],[-84.8693,34.7179],[-84.8794,34.7265],[-84.8789,34.7273],[-84.8808,34.7282],[-84.8801,34.731],[-84.8821,34.7314]]],[[[-84.9991,34.7434],[-85.0007,34.7425],[-85.0017,34.7437],[-85.0004,34.7435],[-85.0001,34.7452],[-85.0022,34.7451],[-85.0018,34.754],[-84.999,34.754],[-84.9993,34.7562],[-85.0005,34.7562],[-85.0,34.7583],[-85.0027,34.7563],[-85.0068,34.7563],[-85.0071,34.7573],[-85.0093,34.7511],[-85.0109,34.7503],[-85.0106,34.7488],[-85.0128,34.7472],[-85.0155,34.7419],[-85.0154,34.747],[-85.024,34.747],[-85.0242,34.7615],[-85.0179,34.7615],[-85.0171,34.7661],[-85.0332,34.7652],[-85.0332,34.7689],[-85.0367,34.7689],[-85.0353,34.7714],[-85.0372,34.7731],[-85.0372,34.7763],[-85.0244,34.7763],[-85.0245,34.7837],[-85.015,34.7836],[-85.0149,34.7688],[-85.0072,34.7688],[-85.0088,34.7697],[-85.0088,34.777],[-85.0044,34.777],[-85.0047,34.779],[-85.0066,34.7789],[-85.0065,34.7809],[-85.0051,34.7835],[-85.0018,34.7835],[-85.004,34.7851],[-85.0032,34.7864],[-85.0077,34.7851],[-85.0078,34.7905],[-85.0092,34.7902],[-85.0093,34.7912],[-85.0066,34.7907],[-85.0054,34.7925],[-85.006,34.7951],[-85.0049,34.7959],[-85.0061,34.7967],[-85.0071,34.7946],[-85.0104,34.7945],[-85.0105,34.7984],[-85.0124,34.7984],[-85.0124,34.7998],[-85.0111,34.7998],[-85.0111,34.801],[-85.0098,34.7989],[-85.0091,34.7999],[-85.0072,34.7988],[-85.0081,34.7982],[-85.0065,34.797],[-85.0048,34.7982],[-85.0163,34.8057],[-85.0179,34.8085],[-85.0182,34.8126],[-85.0166,34.8126],[-85.0163,34.8083],[-85.0145,34.8055],[-85.0036,34.7984],[-85.0045,34.8025],[-85.0018,34.8028],[-85.0041,34.8033],[-85.0043,34.8053],[-85.0026,34.8117],[-84.9896,34.8127],[-84.9896,34.8116],[-84.9869,34.8116],[-84.9891,34.8063],[-84.9899,34.8069],[-84.9924,34.8052],[-84.9924,34.8003],[-84.9936,34.7983],[-84.9896,34.7985],[-84.9896,34.7959],[-84.9895,34.7985],[-84.9866,34.7986],[-84.9856,34.797],[-84.9887,34.7954],[-84.9859,34.7959],[-84.984,34.794],[-84.982,34.7954],[-84.9821,34.7931],[-84.9836,34.7924],[-84.981,34.7924],[-84.9805,34.791],[-84.9772,34.7914],[-84.9781,34.793],[-84.981,34.793],[-84.9805,34.7948],[-84.9814,34.7971],[-84.9825,34.797],[-84.9824,34.7987],[-84.9805,34.7979],[-84.9803,34.8049],[-84.978,34.8048],[-84.9789,34.8106],[-84.9777,34.8106],[-84.9773,34.8066],[-84.9742,34.8066],[-84.974,34.8031],[-84.9721,34.7995],[-84.9731,34.7979],[-84.9719,34.7974],[-84.9719,34.8065],[-84.966,34.8065],[-84.9647,34.8029],[-84.9648,34.7966],[-84.9558,34.7982],[-84.9547,34.8067],[-84.9509,34.8094],[-84.9539,34.8105],[-84.9537,34.814],[-84.9527,34.814],[-84.9527,34.8124],[-84.9506,34.8125],[-84.9504,34.8097],[-84.9475,34.8098],[-84.9467,34.806],[-84.9487,34.8049],[-84.9458,34.8049],[-84.9459,34.8063],[-84.9448,34.8062],[-84.9447,34.805],[-84.9361,34.8051],[-84.9361,34.8124],[-84.9348,34.8149],[-84.9318,34.8146],[-84.9318,34.8123],[-84.9274,34.8123],[-84.9274,34.8048],[-84.9361,34.8048],[-84.9357,34.8022],[-84.9317,34.8001],[-84.9298,34.7973],[-84.9301,34.7937],[-84.9361,34.7935],[-84.935,34.7915],[-84.9266,34.7915],[-84.9267,34.7941],[-84.923,34.7976],[-84.9229,34.7902],[-84.9274,34.7893],[-84.9276,34.7867],[-84.9253,34.7851],[-84.9275,34.7855],[-84.9275,34.7833],[-84.9344,34.7833],[-84.934,34.7902],[-84.9423,34.7903],[-84.9425,34.7854],[-84.9433,34.7854],[-84.9433,34.7832],[-84.9394,34.7831],[-84.9394,34.7808],[-84.9361,34.7805],[-84.9369,34.776],[-84.942,34.7755],[-84.9408,34.7712],[-84.9401,34.7719],[-84.9377,34.7699],[-84.9379,34.7664],[-84.9387,34.7679],[-84.9415,34.7672],[-84.9394,34.7657],[-84.9329,34.7644],[-84.9343,34.7615],[-84.9325,34.7625],[-84.9327,34.7641],[-84.9287,34.7655],[-84.9274,34.7635],[-84.9292,34.7628],[-84.9306,34.758],[-84.9327,34.7574],[-84.9331,34.7539],[-84.936,34.7539],[-84.936,34.7606],[-84.9403,34.7595],[-84.9403,34.7611],[-84.9415,34.7611],[-84.9415,34.7595],[-84.9427,34.7595],[-84.9427,34.7611],[-84.9439,34.7611],[-84.9434,34.7581],[-84.9444,34.7595],[-84.9479,34.7597],[-84.9479,34.7586],[-84.9456,34.7586],[-84.9456,34.7575],[-84.9479,34.7575],[-84.9468,34.7568],[-84.9474,34.754],[-84.9465,34.754],[-84.9488,34.7517],[-84.9503,34.7468],[-84.9536,34.7468],[-84.9537,34.754],[-84.9568,34.7541],[-84.9582,34.7524],[-84.9559,34.7509],[-84.9575,34.7492],[-84.9597,34.7505],[-84.9607,34.7497],[-84.961,34.744],[-84.9536,34.7428],[-84.9536,34.7389],[-84.9547,34.74],[-84.9577,34.7393],[-84.9573,34.7377],[-84.9555,34.7381],[-84.9553,34.7322],[-84.9561,34.735],[-84.9626,34.7335],[-84.9626,34.7323],[-84.9595,34.7322],[-84.9591,34.7288],[-84.9626,34.7284],[-84.9626,34.7263],[-84.9655,34.7263],[-84.9655,34.7292],[-84.9677,34.7279],[-84.9668,34.7254],[-84.9538,34.7253],[-84.9546,34.7176],[-84.9621,34.7176],[-84.9618,34.716],[-84.9588,34.7163],[-84.9583,34.7134],[-84.9615,34.7132],[-84.9605,34.7127],[-84.961,34.7107],[-84.9731,34.7109],[-84.9711,34.7142],[-84.9711,34.7127],[-84.9681,34.7137],[-84.9681,34.7149],[-84.9729,34.715],[-84.9703,34.7228],[-84.9715,34.7228],[-84.972,34.7253],[-84.9707,34.7285],[-84.9713,34.7354],[-84.9756,34.7349],[-84.9752,34.7363],[-84.9719,34.736],[-84.9699,34.7424],[-84.968,34.7425],[-84.9664,34.7469],[-84.9694,34.7469],[-84.968,34.7503],[-84.9697,34.7505],[-84.9693,34.7517],[-84.9712,34.7508],[-84.9702,34.7492],[-84.973,34.75],[-84.9722,34.7469],[-84.9757,34.7433],[-84.9803,34.7434],[-84.9811,34.7469],[-84.9902,34.7474],[-84.9902,34.7464],[-84.9889,34.7465],[-84.989,34.7429],[-84.9905,34.7428],[-84.9898,34.7403],[-84.9911,34.7398],[-84.9905,34.7388],[-84.989,34.7393],[-84.989,34.7379],[-84.9867,34.7385],[-84.9879,34.7368],[-84.9867,34.7362],[-84.989,34.7362],[-84.9879,34.7346],[-84.989,34.7349],[-84.9884,34.7339],[-84.99,34.732],[-84.9925,34.7327],[-84.9939,34.7358],[-84.9938,34.7388],[-84.9952,34.7398],[-84.9938,34.7399],[-84.9952,34.7424],[-84.9938,34.7434],[-84.9966,34.7434],[-84.9958,34.745],[-84.9977,34.7464],[-84.9977,34.7445],[-84.9995,34.7452],[-84.9991,34.7434]],[[-84.9843,34.7931],[-84.9833,34.7936],[-84.9843,34.7936],[-84.9843,34.7931]],[[-84.9406,34.7689],[-84.9388,34.7682],[-84.9391,34.7691],[-84.9406,34.7689]],[[-84.9254,34.7912],[-84.9271,34.7902],[-84.9254,34.7902],[-84.9254,34.7912]],[[-84.9369,34.7633],[-84.9364,34.7627],[-84.936,34.7633],[-84.9369,34.7633]],[[-84.9365,34.7642],[-84.9369,34.7635],[-84.9364,34.7635],[-84.9365,34.7642]],[[-84.9371,34.7627],[-84.9376,34.7638],[-84.9376,34.7626],[-84.9371,34.7627]],[[-84.9371,34.7644],[-84.9376,34.7642],[-84.9371,34.7641],[-84.9371,34.7644]],[[-84.9381,34.7644],[-84.9377,34.7639],[-84.9378,34.7644],[-84.9381,34.7644]],[[-84.9393,34.7636],[-84.9386,34.7633],[-84.9387,34.7636],[-84.9393,34.7636]],[[-84.9394,34.7654],[-84.9387,34.7649],[-84.9387,34.7654],[-84.9394,34.7654]],[[-84.9392,34.7617],[-84.9387,34.7627],[-84.9393,34.7627],[-84.9392,34.7617]],[[-84.9405,34.7702],[-84.9406,34.7692],[-84.9392,34.7693],[-84.9405,34.7702]],[[-84.9394,34.7641],[-84.94,34.7638],[-84.9394,34.7638],[-84.9394,34.7641]],[[-84.9394,34.7648],[-84.94,34.7646],[-84.9394,34.7646],[-84.9394,34.7648]],[[-84.9405,34.7622],[-84.9399,34.7624],[-84.9405,34.7624],[-84.9405,34.7622]],[[-84.9411,34.7638],[-84.9407,34.764],[-84.9411,34.764],[-84.9411,34.7638]],[[-84.9411,34.7645],[-84.9407,34.7642],[-84.9407,34.7645],[-84.9411,34.7645]],[[-84.9417,34.7656],[-84.9411,34.765],[-84.9411,34.7656],[-84.9417,34.7656]],[[-84.9417,34.7613],[-84.9421,34.7619],[-84.9421,34.7613],[-84.9417,34.7613]],[[-84.9454,34.805],[-84.9451,34.8056],[-84.9454,34.8056],[-84.9454,34.805]],[[-84.9472,34.7902],[-84.9495,34.79],[-84.9495,34.7862],[-84.9484,34.7862],[-84.9472,34.7902]],[[-84.9615,34.7418],[-84.962,34.74],[-84.9608,34.7398],[-84.9597,34.7415],[-84.9615,34.7418]],[[-84.9673,34.7149],[-84.967,34.7129],[-84.9651,34.7127],[-84.9651,34.7141],[-84.9673,34.7149]],[[-84.9683,34.7262],[-84.9688,34.7254],[-84.9683,34.7254],[-84.9683,34.7262]],[[-84.9688,34.7369],[-84.9718,34.7357],[-84.9691,34.7342],[-84.9688,34.7369]],[[-84.9778,34.7521],[-84.9814,34.7523],[-84.9817,34.7501],[-84.978,34.75],[-84.9778,34.7521]],[[-84.9885,34.7376],[-84.989,34.7368],[-84.9885,34.7368],[-84.9885,34.7376]],[[-84.9899,34.7575],[-84.9923,34.7547],[-84.9928,34.7559],[-84.9949,34.7561],[-84.9949,34.755],[-84.9936,34.755],[-84.9968,34.7533],[-84.995,34.7527],[-84.998,34.7527],[-84.998,34.7514],[-84.9891,34.7505],[-84.9899,34.7575]],[[-84.9896,34.7891],[-84.9915,34.7898],[-84.9936,34.789],[-84.9917,34.7851],[-84.9937,34.7835],[-84.9895,34.7837],[-84.9896,34.7891]],[[-84.99,34.7346],[-84.9902,34.734],[-84.9893,34.734],[-84.99,34.7346]],[[-84.9921,34.7365],[-84.9904,34.7383],[-84.993,34.7375],[-84.9921,34.7365]],[[-84.9897,34.7371],[-84.991,34.7367],[-84.9897,34.7367],[-84.9897,34.7371]],[[-84.9903,34.7378],[-84.9897,34.7374],[-84.9897,34.7378],[-84.9903,34.7378]],[[-84.9937,34.7953],[-84.992,34.7965],[-84.9902,34.7965],[-84.9919,34.7977],[-84.9942,34.7972],[-84.9937,34.7953]],[[-84.991,34.7365],[-84.9914,34.736],[-84.9908,34.7363],[-84.991,34.7365]],[[-84.991,34.7354],[-84.9927,34.7348],[-84.9912,34.734],[-84.991,34.7354]],[[-84.9918,34.7395],[-84.9925,34.7386],[-84.9915,34.739],[-84.9918,34.7395]],[[-84.9921,34.7358],[-84.9924,34.7352],[-84.9919,34.7354],[-84.9921,34.7358]],[[-84.9969,34.7981],[-84.9972,34.8012],[-84.9959,34.8012],[-84.9959,34.7989],[-84.9938,34.7988],[-84.9925,34.8052],[-84.9978,34.8052],[-84.9984,34.7987],[-84.9969,34.7981]],[[-84.9944,34.7506],[-84.994,34.7501],[-84.994,34.7506],[-84.9944,34.7506]],[[-84.9947,34.7964],[-84.9956,34.7968],[-84.9958,34.7964],[-84.9947,34.7964]],[[-84.9954,34.7484],[-84.9956,34.7501],[-84.998,34.7491],[-84.9954,34.7484]],[[-84.9962,34.7741],[-84.997,34.7742],[-84.997,34.774],[-84.9962,34.7741]],[[-84.998,34.7482],[-84.9974,34.7475],[-84.997,34.7482],[-84.998,34.7482]],[[-84.9978,34.7732],[-84.9983,34.7744],[-84.9983,34.7732],[-84.9978,34.7732]],[[-85.0011,34.7869],[-85.0028,34.7869],[-85.0027,34.7852],[-85.001,34.7852],[-85.0011,34.7869]]],[[[-84.9992,34.7426],[-84.998,34.7432],[-84.998,34.7426],[-84.9992,34.7426]]],[[[-84.9361,34.8124],[-84.9407,34.8125],[-84.9401,34.8196],[-84.936,34.8196],[-84.9361,34.8124]]],[[[-84.9274,34.8048],[-84.9185,34.8048],[-84.9185,34.8004],[-84.9233,34.8],[-84.9234,34.8023],[-84.9274,34.8023],[-84.9274,34.8048]]],[[[-84.961,34.7107],[-84.9575,34.7108],[-84.9578,34.7167],[-84.9546,34.7167],[-84.956,34.7137],[-84.9545,34.7137],[-84.9546,34.7153],[-84.9501,34.7153],[-84.9501,34.7111],[-84.9514,34.7099],[-84.954,34.711],[-84.9539,34.7101],[-84.9523,34.7093],[-84.9529,34.7037],[-84.9495,34.7027],[-84.9485,34.7008],[-84.9516,34.7007],[-84.953,34.7032],[-84.9636,34.7029],[-84.9637,34.7071],[-84.9611,34.707],[-84.9611,34.7084],[-84.9637,34.7083],[-84.9638,34.7096],[-84.9611,34.7097],[-84.961,34.7107]],[[-84.958,34.7091],[-84.958,34.7079],[-84.9559,34.7069],[-84.9571,34.7082],[-84.9562,34.7092],[-84.958,34.7091]]],[[[-84.9896,34.7395],[-84.9898,34.7417],[-84.9882,34.7423],[-84.989,34.7415],[-84.9882,34.7399],[-84.9896,34.7395]]],[[[-84.9418,34.7076],[-84.9451,34.7041],[-84.9451,34.7069],[-84.9462,34.707],[-84.9463,34.7042],[-84.9478,34.7048],[-84.9478,34.7036],[-84.9492,34.7035],[-84.9477,34.7078],[-84.9418,34.7076]]],[[[-84.9577,34.8043],[-84.9576,34.8031],[-84.9584,34.8038],[-84.9577,34.8043]]],[[[-84.9627,34.8125],[-84.9622,34.809],[-84.9601,34.8094],[-84.9598,34.8077],[-84.9584,34.808],[-84.9573,34.8048],[-84.9593,34.8055],[-84.962,34.8021],[-84.9614,34.8012],[-84.9623,34.8025],[-84.9615,34.8031],[-84.9637,34.8054],[-84.9648,34.8044],[-84.9644,34.8079],[-84.9656,34.8079],[-84.9658,34.81],[-84.9672,34.81],[-84.9647,34.8104],[-84.9647,34.8126],[-84.9627,34.8125]],[[-84.9622,34.8065],[-84.9632,34.8049],[-84.9613,34.8046],[-84.9622,34.8065]]],[[[-84.9797,34.7919],[-84.9792,34.7914],[-84.9796,34.7914],[-84.9797,34.7919]]],[[[-84.9916,34.7892],[-84.9908,34.7888],[-84.9916,34.7888],[-84.9916,34.7892]]]]}},{"type":"Feature","properties":{"leaid":"1301870","name":"Dublin City School District","kind":"Unified","gradeLow":"PK","gradeHigh":"12","state":"GA"},"geometry":{"type":"Polygon","coordinates":[[[-82.8917,32.5977],[-82.8905,32.5874],[-82.8871,32.581],[-82.8787,32.575],[-82.8753,32.5696],[-82.8751,32.5681],[-82.8837,32.5544],[-82.8866,32.5517],[-82.8923,32.5494],[-82.8941,32.5467],[-82.8893,32.5373],[-82.8883,32.528],[-82.8854,32.5184],[-82.8878,32.5162],[-82.8865,32.5132],[-82.8894,32.5126],[-82.8925,32.5126],[-82.8937,32.5162],[-82.9007,32.5159],[-82.9005,32.5136],[-82.8982,32.5138],[-82.9005,32.5135],[-82.9005,32.5101],[-82.895,32.4876],[-82.8951,32.482],[-82.897,32.4819],[-82.8974,32.4843],[-82.8957,32.4841],[-82.897,32.4924],[-82.8999,32.5053],[-82.9016,32.5053],[-82.9001,32.5061],[-82.9009,32.5139],[-82.9043,32.5129],[-82.9045,32.5159],[-82.9065,32.5166],[-82.9143,32.516],[-82.9171,32.514],[-82.9223,32.5166],[-82.9242,32.507],[-82.9262,32.5017],[-82.9291,32.5036],[-82.9277,32.5052],[-82.9255,32.5044],[-82.9238,32.5106],[-82.9248,32.5108],[-82.9237,32.5117],[-82.93,32.517],[-82.9343,32.5136],[-82.9397,32.5183],[-82.9427,32.5158],[-82.9358,32.51],[-82.9429,32.5041],[-82.9365,32.4987],[-82.9324,32.5009],[-82.9308,32.4996],[-82.9318,32.4977],[-82.9276,32.4938],[-82.926,32.4952],[-82.9282,32.4971],[-82.9275,32.4986],[-82.9246,32.4964],[-82.9221,32.4986],[-82.9087,32.4863],[-82.9096,32.4854],[-82.9146,32.4854],[-82.9153,32.4861],[-82.9123,32.489],[-82.9156,32.4918],[-82.9222,32.4864],[-82.9282,32.4914],[-82.9321,32.4876],[-82.9343,32.4886],[-82.9359,32.4865],[-82.9423,32.4866],[-82.9408,32.4849],[-82.9463,32.4836],[-82.9496,32.4864],[-82.9439,32.4865],[-82.9424,32.4889],[-82.9359,32.4872],[-82.9346,32.4888],[-82.9372,32.4885],[-82.934,32.491],[-82.9357,32.4924],[-82.9325,32.495],[-82.935,32.4959],[-82.9373,32.499],[-82.9401,32.4966],[-82.9488,32.5042],[-82.9529,32.501],[-82.9564,32.5042],[-82.9495,32.5103],[-82.9544,32.5143],[-82.9529,32.5156],[-82.9548,32.517],[-82.9639,32.5095],[-82.9621,32.5078],[-82.966,32.5052],[-82.9673,32.5065],[-82.9811,32.495],[-82.9834,32.4935],[-82.9843,32.4942],[-82.9851,32.4957],[-82.9835,32.4965],[-82.9816,32.4953],[-82.9834,32.4966],[-82.9825,32.4979],[-82.9801,32.4966],[-82.9692,32.5056],[-82.9709,32.507],[-82.9724,32.5058],[-82.9754,32.5082],[-82.9748,32.5111],[-82.9686,32.5147],[-82.9632,32.5106],[-82.9438,32.527],[-82.9456,32.5285],[-82.951,32.526],[-82.965,32.5241],[-82.9544,32.526],[-82.9636,32.5335],[-82.9602,32.5366],[-82.9698,32.5346],[-82.9707,32.5349],[-82.9594,32.5373],[-82.9569,32.5393],[-82.9577,32.5423],[-82.9648,32.5448],[-82.9641,32.5454],[-82.9661,32.5463],[-82.9688,32.5441],[-82.9666,32.5465],[-82.9719,32.5491],[-82.9729,32.5476],[-82.9743,32.5502],[-82.9788,32.5507],[-82.9805,32.5497],[-82.9801,32.5507],[-82.9852,32.5509],[-82.98,32.5511],[-82.9769,32.5556],[-82.9788,32.551],[-82.9766,32.5509],[-82.9782,32.5513],[-82.9764,32.555],[-82.9744,32.5522],[-82.9729,32.5534],[-82.9798,32.5595],[-82.9792,32.5633],[-82.9731,32.568],[-82.9687,32.5639],[-82.9754,32.5583],[-82.9765,32.5593],[-82.9777,32.5579],[-82.9668,32.5485],[-82.9661,32.5491],[-82.9658,32.5465],[-82.9636,32.5454],[-82.9544,32.5531],[-82.9568,32.5557],[-82.9495,32.5642],[-82.9552,32.567],[-82.9552,32.5647],[-82.9575,32.5641],[-82.9563,32.5631],[-82.9594,32.5617],[-82.9585,32.5612],[-82.9599,32.5602],[-82.9616,32.5617],[-82.9612,32.5648],[-82.9585,32.5647],[-82.9586,32.5662],[-82.9592,32.567],[-82.9614,32.5651],[-82.962,32.5664],[-82.958,32.5685],[-82.9635,32.5693],[-82.9587,32.569],[-82.9484,32.5642],[-82.9467,32.5671],[-82.9457,32.5662],[-82.9473,32.5638],[-82.9422,32.5631],[-82.9409,32.5642],[-82.9382,32.5617],[-82.9391,32.5607],[-82.9351,32.5573],[-82.9266,32.5646],[-82.9293,32.566],[-82.9288,32.5681],[-82.9275,32.5691],[-82.9253,32.5671],[-82.9244,32.5679],[-82.9409,32.5851],[-82.944,32.5876],[-82.9551,32.5925],[-82.959,32.5953],[-82.9454,32.5887],[-82.9421,32.5866],[-82.9243,32.5694],[-82.9201,32.5734],[-82.9158,32.5704],[-82.9132,32.5742],[-82.9138,32.575],[-82.8976,32.5612],[-82.8981,32.5574],[-82.9015,32.5543],[-82.894,32.5472],[-82.8921,32.55],[-82.8866,32.5519],[-82.8838,32.5545],[-82.8755,32.5681],[-82.8795,32.5752],[-82.8872,32.5804],[-82.8903,32.5859],[-82.8921,32.5925],[-82.8992,32.5924],[-82.8976,32.5952],[-82.8961,32.6035],[-82.8865,32.6032],[-82.8917,32.5977]],[[-82.9535,32.547],[-82.9553,32.5468],[-82.9556,32.542],[-82.955,32.5459],[-82.9531,32.546],[-82.9535,32.547]],[[-82.9591,32.544],[-82.9608,32.5444],[-82.9614,32.5443],[-82.9591,32.544]],[[-82.9628,32.545],[-82.9625,32.5459],[-82.9632,32.5452],[-82.9628,32.545]],[[-82.9439,32.5612],[-82.9452,32.5614],[-82.9469,32.5595],[-82.9464,32.5591],[-82.9439,32.5612]],[[-82.9478,32.5621],[-82.9481,32.5631],[-82.9485,32.5625],[-82.9478,32.5621]],[[-82.9444,32.5623],[-82.9447,32.5632],[-82.9451,32.5624],[-82.9444,32.5623]],[[-82.9514,32.5348],[-82.9566,32.5391],[-82.9596,32.5367],[-82.9558,32.531],[-82.9514,32.5348]],[[-82.9461,32.5284],[-82.9452,32.5299],[-82.9461,32.5306],[-82.9473,32.5289],[-82.9461,32.5284]],[[-82.938,32.5237],[-82.9425,32.5261],[-82.9455,32.5247],[-82.9411,32.5211],[-82.938,32.5237]]]}},{"type":"Feature","properties":{"leaid":"1300630","name":"Bulloch County School District","kind":"Unified","gradeLow":"PK","gradeHigh":"12","state":"GA"},"geometry":{"type":"Polygon","coordinates":[[[-81.5496,32.492],[-81.5474,32.4865],[-81.539,32.4839],[-81.5359,32.4811],[-81.5359,32.4753],[-81.5376,32.4745],[-81.5386,32.4767],[-81.5398,32.4764],[-81.5415,32.473],[-81.5402,32.4698],[-81.5416,32.4694],[-81.5429,32.4665],[-81.5368,32.4651],[-81.5362,32.4666],[-81.5315,32.4665],[-81.5327,32.4642],[-81.5303,32.4631],[-81.5312,32.4584],[-81.5273,32.4539],[-81.5257,32.4498],[-81.5319,32.4381],[-81.539,32.4356],[-81.5361,32.4309],[-81.5372,32.4295],[-81.5353,32.4223],[-81.5385,32.4205],[-81.5382,32.419],[-81.5404,32.4183],[-81.541,32.4208],[-81.5426,32.4192],[-81.5406,32.4138],[-81.5327,32.4069],[-81.5354,32.4008],[-81.5333,32.3963],[-81.5345,32.3964],[-81.5349,32.3936],[-81.5306,32.3903],[-81.5287,32.3926],[-81.5273,32.3908],[-81.5242,32.3916],[-81.5244,32.3928],[-81.5233,32.3929],[-81.5223,32.39],[-81.5235,32.3887],[-81.5223,32.3875],[-81.5238,32.3854],[-81.5232,32.3804],[-81.5218,32.3792],[-81.5216,32.3808],[-81.5203,32.3808],[-81.5208,32.3769],[-81.5143,32.3756],[-81.5141,32.3717],[-81.512,32.3694],[-81.5087,32.3714],[-81.5089,32.3614],[-81.5077,32.3579],[-81.4948,32.3498],[-81.491,32.3519],[-81.49,32.348],[-81.4906,32.3431],[-81.4861,32.3383],[-81.489,32.3367],[-81.4879,32.3339],[-81.4808,32.3289],[-81.4773,32.3315],[-81.4737,32.3283],[-81.4705,32.3296],[-81.4672,32.3278],[-81.4656,32.3289],[-81.4659,32.3265],[-81.4644,32.3238],[-81.4677,32.3232],[-81.4653,32.3215],[-81.465,32.3175],[-81.4631,32.317],[-81.4656,32.3129],[-81.4607,32.313],[-81.4589,32.3106],[-81.4594,32.3092],[-81.4567,32.3094],[-81.4527,32.3059],[-81.4546,32.3031],[-81.4516,32.302],[-81.4543,32.3007],[-81.4491,32.2957],[-81.4513,32.2942],[-81.4532,32.2947],[-81.4521,32.2927],[-81.4531,32.2914],[-81.4503,32.29],[-81.4489,32.2908],[-81.4478,32.2895],[-81.4473,32.2867],[-81.4489,32.2856],[-81.4463,32.2847],[-81.4483,32.2827],[-81.4493,32.2837],[-81.4499,32.2829],[-81.4472,32.2786],[-81.4434,32.2772],[-81.4454,32.2754],[-81.4417,32.2743],[-81.44,32.2751],[-81.4382,32.2716],[-81.4401,32.2686],[-81.4417,32.2684],[-81.4375,32.2655],[-81.4351,32.2597],[-81.439,32.2554],[-81.4369,32.2543],[-81.4352,32.2514],[-81.4373,32.2479],[-81.4335,32.2462],[-81.4335,32.244],[-81.4366,32.2442],[-81.4375,32.2427],[-81.4359,32.2413],[-81.6248,32.1897],[-81.7809,32.1529],[-81.7814,32.1542],[-81.7794,32.1544],[-81.781,32.157],[-81.7794,32.1586],[-81.7812,32.1605],[-81.7784,32.1624],[-81.7827,32.1686],[-81.7818,32.1696],[-81.7827,32.1718],[-81.7811,32.1719],[-81.7813,32.1765],[-81.7854,32.1779],[-81.7866,32.1801],[-81.7852,32.181],[-81.7871,32.1818],[-81.7881,32.1852],[-81.7906,32.1863],[-81.7888,32.1877],[-81.7924,32.1932],[-81.7947,32.1943],[-81.7945,32.1933],[-81.7974,32.1935],[-81.7973,32.1949],[-81.8014,32.1962],[-81.8034,32.1991],[-81.8023,32.1996],[-81.8042,32.2009],[-81.8048,32.2043],[-81.8066,32.2049],[-81.8056,32.2076],[-81.8069,32.2076],[-81.806,32.2099],[-81.8044,32.2104],[-81.8055,32.2129],[-81.8044,32.2146],[-81.8059,32.2174],[-81.8037,32.2196],[-81.8139,32.2301],[-81.8119,32.233],[-81.8163,32.2375],[-81.829,32.2385],[-81.8333,32.2421],[-81.842,32.2411],[-81.8492,32.2485],[-81.8513,32.248],[-81.8523,32.2509],[-81.8553,32.253],[-81.8563,32.2571],[-81.8609,32.2554],[-81.8617,32.2578],[-81.8652,32.2595],[-81.8679,32.2592],[-81.8742,32.265],[-81.8927,32.2748],[-81.9184,32.2746],[-81.9345,32.2697],[-81.9532,32.2668],[-81.9622,32.2718],[-81.9671,32.2677],[-81.9691,32.2688],[-81.9688,32.2711],[-81.9643,32.2742],[-81.9619,32.2776],[-81.96,32.2846],[-81.9569,32.2862],[-81.9568,32.2947],[-81.9514,32.3039],[-81.9523,32.3109],[-81.949,32.3152],[-81.9375,32.3573],[-81.9187,32.4154],[-81.9214,32.416],[-81.924,32.419],[-81.9325,32.4202],[-81.9367,32.4228],[-81.9399,32.4263],[-81.9388,32.4294],[-81.9407,32.432],[-81.9398,32.4349],[-81.9409,32.4367],[-81.9432,32.4372],[-81.9438,32.4394],[-81.9466,32.4396],[-81.9561,32.4482],[-81.9573,32.4515],[-81.9621,32.4525],[-81.9641,32.4585],[-81.964,32.4635],[-81.9668,32.4652],[-81.9682,32.4677],[-81.9718,32.4678],[-81.9741,32.47],[-81.9738,32.472],[-81.9764,32.4789],[-81.974,32.4867],[-81.9769,32.4977],[-81.9788,32.4985],[-81.9798,32.5013],[-81.9742,32.5048],[-81.9726,32.5085],[-81.9733,32.5118],[-81.971,32.5132],[-82.0302,32.5388],[-82.0268,32.5552],[-82.0015,32.6069],[-81.8397,32.6494],[-81.8365,32.6509],[-81.838,32.6521],[-81.835,32.6523],[-81.8343,32.6534],[-81.8289,32.653],[-81.826,32.6521],[-81.827,32.6506],[-81.8193,32.6467],[-81.816,32.6476],[-81.8134,32.6457],[-81.8131,32.6468],[-81.811,32.6463],[-81.8102,32.6474],[-81.8072,32.644],[-81.802,32.6432],[-81.8004,32.6406],[-81.8029,32.6373],[-81.8003,32.6357],[-81.8007,32.6342],[-81.798,32.6318],[-81.8012,32.6303],[-81.799,32.6272],[-81.7974,32.6262],[-81.7938,32.6285],[-81.7913,32.6274],[-81.7885,32.6226],[-81.7831,32.6205],[-81.7828,32.6191],[-81.7846,32.6172],[-81.784,32.6152],[-81.7738,32.607],[-81.7724,32.607],[-81.7736,32.6091],[-81.7711,32.6092],[-81.7684,32.6081],[-81.7664,32.6045],[-81.7615,32.6006],[-81.7605,32.6006],[-81.7603,32.6024],[-81.758,32.6015],[-81.7547,32.6022],[-81.7539,32.6014],[-81.7548,32.5992],[-81.7502,32.5966],[-81.7486,32.5978],[-81.7461,32.5916],[-81.7412,32.59],[-81.7417,32.5879],[-81.7333,32.5858],[-81.7345,32.5808],[-81.7325,32.5793],[-81.7325,32.5763],[-81.7295,32.5738],[-81.7266,32.5735],[-81.7271,32.5722],[-81.7238,32.5718],[-81.7193,32.5671],[-81.7194,32.5657],[-81.714,32.5646],[-81.7132,32.5634],[-81.7121,32.5656],[-81.708,32.5658],[-81.7028,32.5614],[-81.7034,32.5583],[-81.6993,32.5564],[-81.6952,32.5523],[-81.6961,32.5511],[-81.6926,32.5497],[-81.6896,32.5463],[-81.6877,32.5461],[-81.6861,32.5485],[-81.6838,32.5492],[-81.6776,32.5484],[-81.6757,32.5472],[-81.6754,32.5445],[-81.6688,32.5433],[-81.6662,32.5442],[-81.6644,32.5404],[-81.6658,32.5388],[-81.6616,32.5371],[-81.6598,32.5368],[-81.6594,32.5398],[-81.6565,32.5399],[-81.6534,32.5345],[-81.6545,32.5315],[-81.6506,32.5316],[-81.6481,32.5275],[-81.6464,32.5288],[-81.6412,32.5292],[-81.6417,32.5318],[-81.6394,32.5325],[-81.6333,32.5292],[-81.6327,32.5302],[-81.6288,32.5286],[-81.6301,32.5263],[-81.6289,32.5241],[-81.6175,32.525],[-81.6183,32.5231],[-81.6164,32.5157],[-81.6126,32.5163],[-81.6125,32.5138],[-81.6115,32.5145],[-81.6087,32.5133],[-81.6063,32.5146],[-81.6061,32.5132],[-81.6038,32.5121],[-81.6053,32.511],[-81.5999,32.5092],[-81.5988,32.5074],[-81.5934,32.5066],[-81.5934,32.5078],[-81.5955,32.508],[-81.5948,32.5092],[-81.5878,32.5124],[-81.5785,32.5125],[-81.574,32.5083],[-81.5741,32.5059],[-81.5708,32.506],[-81.5667,32.5016],[-81.5617,32.5015],[-81.563,32.4998],[-81.5619,32.4987],[-81.5626,32.4976],[-81.5598,32.4964],[-81.56,32.4955],[-81.5571,32.4965],[-81.5547,32.4925],[-81.5496,32.492]]]}},{"type":"Feature","properties":{"leaid":"1300660","name":"Burke County School District","kind":"Unified","gradeLow":"PK","gradeHigh":"12","state":"GA"},"geometry":{"type":"Polygon","coordinates":[[[-81.8521,33.2473],[-81.8486,33.245],[-81.8465,33.2417],[-81.835,33.2361],[-81.8279,33.2287],[-81.8096,33.2226],[-81.8081,33.2194],[-81.8079,33.2137],[-81.8052,33.2114],[-81.7982,33.2116],[-81.7902,33.2084],[-81.7845,33.2081],[-81.7775,33.2113],[-81.7773,33.2149],[-81.781,33.2198],[-81.7801,33.2211],[-81.774,33.2211],[-81.7689,33.2174],[-81.7635,33.2036],[-81.7582,33.2002],[-81.7568,33.1979],[-81.7595,33.1947],[-81.7606,33.1892],[-81.767,33.1865],[-81.7676,33.1835],[-81.7649,33.1799],[-81.7654,33.1783],[-81.7682,33.1782],[-81.7724,33.1812],[-81.7667,33.1714],[-81.768,33.1675],[-81.7642,33.1652],[-81.7627,33.1588],[-81.7521,33.1485],[-81.7463,33.146],[-81.7438,33.1415],[-81.7295,33.1338],[-81.7217,33.1265],[-81.7116,33.122],[-81.7046,33.1165],[-81.6969,33.1166],[-81.6794,33.1118],[-81.6718,33.1078],[-81.659,33.1035],[-81.6437,33.0936],[-81.6372,33.093],[-81.6173,33.0957],[-81.6117,33.0943],[-81.6083,33.089],[-81.6129,33.084],[-81.6121,33.08],[-81.6068,33.0817],[-81.6013,33.087],[-81.5965,33.0799],[-81.599,33.0767],[-81.6032,33.0744],[-81.6009,33.0728],[-81.596,33.0727],[-81.5936,33.0695],[-81.5925,33.0731],[-81.5873,33.0699],[-81.5844,33.0699],[-81.583,33.0686],[-81.5831,33.065],[-81.5772,33.0659],[-81.5772,33.0643],[-81.581,33.0627],[-81.5803,33.0618],[-81.5749,33.0618],[-81.5745,33.06],[-81.5783,33.0589],[-81.5781,33.0578],[-81.5718,33.0581],[-81.5729,33.0542],[-81.5663,33.0534],[-81.5628,33.0561],[-81.567,33.0604],[-81.5634,33.0602],[-81.5594,33.0549],[-81.5592,33.0518],[-81.5603,33.05],[-81.566,33.0494],[-81.5655,33.0479],[-81.5531,33.0432],[-81.5466,33.0488],[-81.5438,33.0486],[-81.5418,33.0457],[-81.7678,32.9093],[-81.7722,32.912],[-81.7719,32.9144],[-81.7732,32.9155],[-81.7728,32.9181],[-81.7741,32.9205],[-81.7837,32.9285],[-81.7852,32.9281],[-81.788,32.9301],[-81.7911,32.9294],[-81.7958,32.9333],[-81.7991,32.9338],[-81.8008,32.9355],[-81.8053,32.9356],[-81.8067,32.9341],[-81.8146,32.9368],[-81.8156,32.9432],[-81.8197,32.9461],[-81.8289,32.9423],[-81.8343,32.9449],[-81.839,32.9445],[-81.8391,32.9457],[-81.8449,32.9485],[-81.8539,32.9501],[-81.858,32.9539],[-81.9564,32.9237],[-82.0813,32.9168],[-82.1237,32.8837],[-82.1479,32.8198],[-82.145,32.8127],[-82.1469,32.8149],[-82.1512,32.8143],[-82.1547,32.8158],[-82.1546,32.8141],[-82.1578,32.816],[-82.1603,32.8151],[-82.1601,32.8129],[-82.166,32.8125],[-82.1681,32.8108],[-82.1749,32.8133],[-82.177,32.8125],[-82.177,32.8114],[-82.1782,32.8122],[-82.1787,32.8109],[-82.1846,32.8098],[-82.1854,32.8084],[-82.187,32.8094],[-82.1877,32.8068],[-82.1942,32.8069],[-82.1958,32.8092],[-82.203,32.804],[-82.2078,32.8056],[-82.2142,32.8037],[-82.2158,32.8047],[-82.2159,32.8081],[-82.2198,32.8092],[-82.2206,32.808],[-82.2229,32.8127],[-82.2273,32.8124],[-82.235,32.8147],[-82.2397,32.8124],[-82.2428,32.8131],[-82.2499,32.8186],[-82.2532,32.8175],[-82.2553,32.8204],[-82.2542,32.8225],[-82.2563,32.824],[-82.2596,32.8244],[-82.2618,32.8233],[-82.2659,32.8264],[-82.2664,32.8246],[-82.2681,32.8253],[-82.2696,32.8243],[-82.2689,32.8224],[-82.2711,32.8211],[-82.2782,32.8257],[-82.2855,32.8264],[-82.2871,32.8252],[-82.2888,32.8266],[-82.296,32.8268],[-82.3001,32.8258],[-82.3126,32.8302],[-82.3165,32.8359],[-82.2953,32.8794],[-82.2724,32.9378],[-82.2819,33.0082],[-82.288,33.0374],[-82.2912,33.063],[-82.2811,33.1104],[-82.2668,33.1531],[-82.2446,33.2057],[-82.2328,33.2285],[-82.233,33.2318],[-82.2366,33.2313],[-82.2411,33.2333],[-82.2408,33.2393],[-82.2427,33.2405],[-82.2442,33.2443],[-82.247,33.2459],[-82.2466,33.2489],[-82.2484,33.2501],[-82.2494,33.2531],[-82.2544,33.2566],[-82.255,33.2594],[-82.2624,33.2657],[-82.2676,33.2674],[-82.1785,33.2955],[-82.17,33.297],[-82.164,33.2955],[-82.1611,33.2894],[-82.152,33.2824],[-82.1438,33.2819],[-82.1337,33.2759],[-82.1325,33.269],[-82.1299,33.2667],[-82.1301,33.2605],[-82.1253,33.2497],[-82.1196,33.2478],[-82.1136,33.2431],[-82.1094,33.2415],[-82.1074,33.2372],[-82.1034,33.233],[-82.0971,33.2306],[-82.0882,33.2302],[-82.0762,33.2358],[-82.0723,33.239],[-82.06,33.2426],[-82.046,33.2364],[-82.0291,33.2319],[-82.0218,33.2337],[-82.0177,33.2327],[-82.0115,33.2339],[-81.9968,33.2311],[-81.9899,33.2279],[-81.9866,33.2289],[-81.9789,33.2272],[-81.9747,33.2298],[-81.9629,33.2332],[-81.9602,33.236],[-81.9509,33.2393],[-81.9405,33.2469],[-81.9385,33.2489],[-81.9387,33.2505],[-81.9361,33.2524],[-81.9279,33.2543],[-81.9227,33.2574],[-81.9146,33.2591],[-81.9064,33.2591],[-81.9004,33.2614],[-81.8904,33.2601],[-81.886,33.2619],[-81.8775,33.2587],[-81.8634,33.2474],[-81.8583,33.2457],[-81.8521,33.2473]]]}},{"type":"Feature","properties":{"leaid":"1300720","name":"Calhoun City School District","kind":"Unified","gradeLow":"PK","gradeHigh":"12","state":"GA"},"geometry":{"type":"MultiPolygon","coordinates":[[[[-84.9328,34.5529],[-84.9268,34.5471],[-84.9258,34.5443],[-84.929,34.5437],[-84.9303,34.5372],[-84.9313,34.5361],[-84.9331,34.5367],[-84.9328,34.534],[-84.9357,34.5335],[-84.9347,34.5318],[-84.9383,34.5307],[-84.9361,34.5307],[-84.9364,34.529],[-84.9376,34.5295],[-84.9382,34.5284],[-84.9367,34.5281],[-84.9389,34.5281],[-84.9394,34.5262],[-84.941,34.5267],[-84.9425,34.5228],[-84.9434,34.5232],[-84.9448,34.5212],[-84.9418,34.5215],[-84.9412,34.5253],[-84.9361,34.5248],[-84.9355,34.526],[-84.935,34.5244],[-84.9316,34.5243],[-84.9308,34.522],[-84.9283,34.5214],[-84.9282,34.5203],[-84.9299,34.52],[-84.9324,34.5221],[-84.9333,34.5216],[-84.9333,34.5238],[-84.9351,34.524],[-84.9349,34.5207],[-84.9323,34.5215],[-84.9309,34.5191],[-84.9292,34.5199],[-84.93,34.5193],[-84.9309,34.5181],[-84.9315,34.5172],[-84.9348,34.5189],[-84.9348,34.5172],[-84.9326,34.5158],[-84.9318,34.5169],[-84.9316,34.514],[-84.9287,34.5166],[-84.9258,34.5166],[-84.9259,34.5201],[-84.9232,34.5207],[-84.9233,34.522],[-84.9228,34.5208],[-84.9164,34.5208],[-84.9165,34.5156],[-84.9143,34.5154],[-84.9145,34.5112],[-84.9092,34.5134],[-84.9032,34.5133],[-84.9031,34.5164],[-84.8988,34.5153],[-84.8968,34.5163],[-84.8971,34.5123],[-84.8915,34.5144],[-84.8898,34.5134],[-84.8907,34.5066],[-84.896,34.5066],[-84.8968,34.5047],[-84.8992,34.5051],[-84.8988,34.5105],[-84.9075,34.5115],[-84.9075,34.5096],[-84.9054,34.5085],[-84.9076,34.5085],[-84.9085,34.5038],[-84.9032,34.5026],[-84.9032,34.5008],[-84.9061,34.5008],[-84.9077,34.4985],[-84.9076,34.493],[-84.9042,34.4925],[-84.9039,34.4839],[-84.9116,34.4842],[-84.911,34.4783],[-84.9131,34.4776],[-84.9131,34.4765],[-84.9151,34.4765],[-84.9165,34.4844],[-84.9176,34.4843],[-84.9156,34.485],[-84.9158,34.4861],[-84.919,34.4858],[-84.9193,34.4892],[-84.9174,34.4891],[-84.9176,34.4912],[-84.9165,34.4913],[-84.9165,34.4962],[-84.9208,34.4981],[-84.9212,34.4928],[-84.9199,34.4849],[-84.9187,34.4849],[-84.9177,34.4806],[-84.9185,34.4747],[-84.9172,34.4715],[-84.9172,34.4724],[-84.9148,34.4715],[-84.9165,34.4734],[-84.9136,34.471],[-84.9145,34.4693],[-84.9032,34.4694],[-84.9032,34.4655],[-84.9125,34.4653],[-84.9136,34.4668],[-84.9125,34.4676],[-84.9136,34.4668],[-84.9145,34.4678],[-84.9154,34.4664],[-84.9178,34.4661],[-84.9184,34.4697],[-84.9193,34.467],[-84.9242,34.467],[-84.9256,34.4681],[-84.9254,34.4659],[-84.9208,34.4663],[-84.9211,34.4572],[-84.9196,34.4572],[-84.9207,34.4277],[-84.9278,34.4277],[-84.9272,34.4296],[-84.9291,34.4304],[-84.9278,34.4316],[-84.9315,34.4332],[-84.9316,34.4372],[-84.9353,34.4378],[-84.9351,34.4356],[-84.9339,34.4357],[-84.935,34.435],[-84.9418,34.4352],[-84.9418,34.4406],[-84.9351,34.4398],[-84.9354,34.4413],[-84.9341,34.4424],[-84.927,34.4419],[-84.9269,34.4494],[-84.9317,34.4495],[-84.9322,34.4471],[-84.9308,34.4459],[-84.9322,34.4459],[-84.9324,34.4435],[-84.9313,34.4423],[-84.9357,34.4436],[-84.9401,34.4434],[-84.9402,34.4423],[-84.9483,34.4423],[-84.9461,34.4438],[-84.9488,34.4463],[-84.945,34.4468],[-84.9473,34.4491],[-84.9474,34.4518],[-84.945,34.4508],[-84.9478,34.4531],[-84.9474,34.4554],[-84.9402,34.4553],[-84.9429,34.4565],[-84.941,34.4575],[-84.9447,34.4608],[-84.944,34.4617],[-84.9477,34.4618],[-84.9477,34.4693],[-84.9445,34.4695],[-84.9467,34.4727],[-84.9485,34.4711],[-84.9511,34.4734],[-84.9478,34.4803],[-84.9511,34.4806],[-84.9521,34.4834],[-84.9558,34.484],[-84.957,34.4821],[-84.9647,34.4785],[-84.9648,34.4761],[-84.9673,34.4761],[-84.9704,34.478],[-84.97,34.4816],[-84.9716,34.4813],[-84.9717,34.48],[-84.9794,34.48],[-84.9795,34.4875],[-84.9755,34.4875],[-84.9751,34.491],[-84.9796,34.491],[-84.9796,34.4982],[-84.9752,34.4983],[-84.9731,34.5005],[-84.9704,34.4984],[-84.966,34.4983],[-84.9657,34.5013],[-84.964,34.5025],[-84.9648,34.5029],[-84.963,34.5028],[-84.9641,34.5038],[-84.9635,34.5058],[-84.9687,34.5058],[-84.9714,34.5072],[-84.973,34.5101],[-84.9704,34.5094],[-84.9716,34.5125],[-84.968,34.5146],[-84.9639,34.5103],[-84.9583,34.5102],[-84.9608,34.5159],[-84.9608,34.5133],[-84.9633,34.5133],[-84.9626,34.5208],[-84.9678,34.5207],[-84.9712,34.5239],[-84.9705,34.5243],[-84.9719,34.5265],[-84.9688,34.5278],[-84.9701,34.5294],[-84.9703,34.5307],[-84.9686,34.5313],[-84.9696,34.5331],[-84.9643,34.5332],[-84.9644,34.5353],[-84.9622,34.5346],[-84.9563,34.5295],[-84.9612,34.5299],[-84.9612,34.528],[-84.9552,34.5273],[-84.9535,34.528],[-84.9547,34.531],[-84.9528,34.53],[-84.9528,34.5353],[-84.9434,34.5353],[-84.94,34.5364],[-84.9388,34.5372],[-84.9388,34.5352],[-84.9363,34.5355],[-84.9348,34.5375],[-84.9373,34.5381],[-84.9365,34.5387],[-84.9375,34.5408],[-84.9357,34.5405],[-84.9352,34.5417],[-84.9335,34.5405],[-84.9326,34.5427],[-84.9375,34.5423],[-84.9374,34.543],[-84.9371,34.5441],[-84.9321,34.5445],[-84.9314,34.5465],[-84.9358,34.547],[-84.9355,34.5483],[-84.9339,34.5478],[-84.9351,34.5487],[-84.9336,34.5491],[-84.9328,34.5529]],[[-84.8978,34.5149],[-84.8972,34.5155],[-84.8979,34.5154],[-84.8978,34.5149]],[[-84.9076,34.4899],[-84.9085,34.4885],[-84.9077,34.4885],[-84.9076,34.4899]],[[-84.9077,34.4865],[-84.9086,34.4851],[-84.9077,34.4851],[-84.9077,34.4865]],[[-84.91,34.4953],[-84.9084,34.4956],[-84.9102,34.4957],[-84.91,34.4953]],[[-84.9107,34.4912],[-84.9084,34.4906],[-84.9084,34.4912],[-84.9107,34.4912]],[[-84.9091,34.493],[-84.9084,34.4926],[-84.9084,34.493],[-84.9091,34.493]],[[-84.9107,34.4894],[-84.9092,34.4885],[-84.9085,34.4894],[-84.9107,34.4894]],[[-84.9111,34.5069],[-84.9162,34.506],[-84.9159,34.5043],[-84.9171,34.5068],[-84.9172,34.5034],[-84.9155,34.5032],[-84.9154,34.4979],[-84.9091,34.498],[-84.9121,34.4994],[-84.9121,34.5013],[-84.9096,34.5005],[-84.9096,34.5034],[-84.912,34.5032],[-84.9127,34.506],[-84.9111,34.5069]],[[-84.9108,34.4864],[-84.9093,34.487],[-84.9108,34.4872],[-84.9108,34.4864]],[[-84.9101,34.4856],[-84.9108,34.486],[-84.9108,34.4856],[-84.9101,34.4856]],[[-84.9102,34.4939],[-84.9108,34.4936],[-84.9103,34.4935],[-84.9102,34.4939]],[[-84.9127,34.4958],[-84.9115,34.4948],[-84.9109,34.4952],[-84.9127,34.4958]],[[-84.9121,34.4972],[-84.913,34.4966],[-84.9119,34.4968],[-84.9121,34.4972]],[[-84.9155,34.4965],[-84.9142,34.4951],[-84.9133,34.4951],[-84.914,34.4964],[-84.9155,34.4965]],[[-84.9146,34.4712],[-84.9146,34.4709],[-84.9145,34.4709],[-84.9146,34.4712]],[[-84.9149,34.4942],[-84.9157,34.4938],[-84.9149,34.4938],[-84.9149,34.4942]],[[-84.9174,34.4704],[-84.9151,34.4682],[-84.9149,34.4684],[-84.9174,34.4704]],[[-84.9157,34.4947],[-84.915,34.4954],[-84.9157,34.4954],[-84.9157,34.4947]],[[-84.917,34.5079],[-84.9165,34.5072],[-84.9167,34.5085],[-84.917,34.5079]],[[-84.9169,34.4987],[-84.9174,34.5009],[-84.9179,34.4987],[-84.9169,34.4987]],[[-84.9172,34.4978],[-84.917,34.4973],[-84.9169,34.4977],[-84.9172,34.4978]],[[-84.9194,34.511],[-84.9197,34.5097],[-84.9219,34.5097],[-84.9219,34.508],[-84.9191,34.508],[-84.9207,34.4983],[-84.9181,34.5081],[-84.9182,34.5108],[-84.9194,34.511]],[[-84.9216,34.4796],[-84.9205,34.4789],[-84.9216,34.4787],[-84.9203,34.4788],[-84.9216,34.4796]],[[-84.9206,34.4803],[-84.9216,34.4797],[-84.9204,34.4802],[-84.9204,34.4806],[-84.9206,34.4803]],[[-84.9379,34.4913],[-84.9394,34.4894],[-84.9386,34.4888],[-84.9397,34.4888],[-84.9361,34.4885],[-84.9372,34.4874],[-84.9349,34.4852],[-84.9318,34.4851],[-84.9334,34.4829],[-84.9313,34.4828],[-84.9297,34.4805],[-84.9285,34.4824],[-84.9263,34.4825],[-84.9259,34.481],[-84.9275,34.4792],[-84.9249,34.4786],[-84.9256,34.4766],[-84.9243,34.4766],[-84.9235,34.4783],[-84.9256,34.4789],[-84.9252,34.4823],[-84.9228,34.482],[-84.9234,34.4833],[-84.9212,34.4825],[-84.9212,34.4842],[-84.9235,34.4842],[-84.9235,34.4895],[-84.9241,34.4882],[-84.9252,34.489],[-84.9251,34.4869],[-84.9272,34.4888],[-84.9272,34.4897],[-84.9246,34.4895],[-84.9257,34.4905],[-84.9245,34.4912],[-84.9379,34.4913]],[[-84.9234,34.5066],[-84.9241,34.5012],[-84.9213,34.5041],[-84.9227,34.5052],[-84.9213,34.5062],[-84.9245,34.5072],[-84.9234,34.5066]],[[-84.9227,34.4797],[-84.9213,34.4801],[-84.9213,34.4817],[-84.923,34.4815],[-84.9227,34.4797]],[[-84.9232,34.478],[-84.9224,34.478],[-84.9232,34.478],[-84.9232,34.478]],[[-84.9228,34.514],[-84.9233,34.5148],[-84.9233,34.514],[-84.9228,34.514]],[[-84.9258,34.5079],[-84.9229,34.5068],[-84.9238,34.5098],[-84.9241,34.5079],[-84.9258,34.5079]],[[-84.9229,34.5134],[-84.9236,34.5131],[-84.9229,34.5131],[-84.9229,34.5134]],[[-84.9236,34.5128],[-84.9232,34.5125],[-84.9232,34.5128],[-84.9236,34.5128]],[[-84.9242,34.5126],[-84.9236,34.5119],[-84.9242,34.5128],[-84.9242,34.5126]],[[-84.9238,34.5104],[-84.9244,34.51],[-84.9238,34.51],[-84.9238,34.5104]],[[-84.9256,34.4762],[-84.9262,34.4759],[-84.9256,34.4759],[-84.9256,34.4762]],[[-84.9303,34.4619],[-84.9398,34.4626],[-84.9346,34.4619],[-84.9357,34.4497],[-84.9352,34.4513],[-84.9336,34.4513],[-84.9335,34.4527],[-84.9352,34.4532],[-84.9267,34.453],[-84.9267,34.4547],[-84.935,34.4549],[-84.9342,34.4595],[-84.9304,34.4594],[-84.9303,34.4619]],[[-84.9273,34.4763],[-84.9281,34.4766],[-84.928,34.4764],[-84.9273,34.4763]],[[-84.9274,34.5094],[-84.9282,34.5091],[-84.9274,34.509],[-84.9274,34.5094]],[[-84.9287,34.4809],[-84.9286,34.4802],[-84.9283,34.4803],[-84.9287,34.4809]],[[-84.9291,34.506],[-84.9287,34.5067],[-84.9291,34.507],[-84.9291,34.506]],[[-84.9348,34.4989],[-84.9345,34.5018],[-84.9299,34.5014],[-84.9296,34.5032],[-84.9379,34.5026],[-84.938,34.4985],[-84.9348,34.4989]],[[-84.9303,34.4789],[-84.93,34.4787],[-84.9299,34.4791],[-84.9303,34.4789]],[[-84.9329,34.4704],[-84.9343,34.4693],[-84.9314,34.4693],[-84.9325,34.4704],[-84.9314,34.4706],[-84.9315,34.4724],[-84.9337,34.4715],[-84.9329,34.4704]],[[-84.932,34.4782],[-84.9327,34.4801],[-84.9331,34.48],[-84.932,34.4782]],[[-84.933,34.5118],[-84.9347,34.5116],[-84.9331,34.5114],[-84.933,34.5118]],[[-84.9332,34.506],[-84.9332,34.5075],[-84.9345,34.5074],[-84.9343,34.5059],[-84.9332,34.506]],[[-84.9347,34.5112],[-84.9332,34.5106],[-84.9332,34.5111],[-84.9347,34.5112]],[[-84.9333,34.4751],[-84.9338,34.4748],[-84.9333,34.4748],[-84.9333,34.4751]],[[-84.9335,34.5354],[-84.9346,34.5349],[-84.9336,34.5349],[-84.9335,34.5354]],[[-84.9345,34.4818],[-84.9341,34.4811],[-84.9339,34.4813],[-84.9345,34.4818]],[[-84.9355,34.4483],[-84.9406,34.4498],[-84.938,34.4452],[-84.9357,34.4448],[-84.9342,34.4464],[-84.934,34.4496],[-84.9355,34.4496],[-84.9347,34.4488],[-84.9355,34.4483]],[[-84.936,34.4821],[-84.9344,34.4819],[-84.9351,34.4828],[-84.9342,34.4835],[-84.9357,34.4834],[-84.936,34.4821]],[[-84.9345,34.4702],[-84.94,34.4701],[-84.9404,34.4693],[-84.9345,34.4693],[-84.9345,34.4702]],[[-84.9354,34.4791],[-84.9362,34.4791],[-84.9352,34.4788],[-84.9354,34.4791]],[[-84.9372,34.4794],[-84.9355,34.4808],[-84.9367,34.4817],[-84.9391,34.4804],[-84.938,34.481],[-84.9372,34.4794]],[[-84.9363,34.5138],[-84.9366,34.5131],[-84.9363,34.5131],[-84.9363,34.5138]],[[-84.9383,34.4569],[-84.9365,34.4593],[-84.9389,34.4591],[-84.9383,34.4569]],[[-84.9408,34.4959],[-84.9416,34.4933],[-84.9442,34.4903],[-84.9423,34.4912],[-84.9408,34.4897],[-84.9406,34.4913],[-84.9379,34.4937],[-84.9379,34.4954],[-84.9408,34.4959]],[[-84.9411,34.4822],[-84.9397,34.483],[-84.9386,34.4819],[-84.938,34.4826],[-84.9398,34.4838],[-84.9411,34.4822]],[[-84.9449,34.4864],[-84.9424,34.4883],[-84.94,34.4888],[-84.9422,34.4904],[-84.9432,34.4887],[-84.9435,34.4903],[-84.9446,34.49],[-84.944,34.4879],[-84.9433,34.4884],[-84.9434,34.4877],[-84.9455,34.4872],[-84.9449,34.4864]],[[-84.9448,34.4861],[-84.9453,34.4861],[-84.9452,34.486],[-84.9448,34.4861]],[[-84.9415,34.4835],[-84.9408,34.483],[-84.9404,34.4838],[-84.9415,34.4835]],[[-84.9414,34.486],[-84.941,34.485],[-84.9407,34.4853],[-84.9414,34.486]],[[-84.9419,34.4823],[-84.9422,34.4832],[-84.943,34.4832],[-84.9419,34.4823]],[[-84.9423,34.4841],[-84.9423,34.485],[-84.9429,34.4845],[-84.9423,34.4841]],[[-84.9441,34.4818],[-84.9437,34.4818],[-84.9422,34.4817],[-84.9421,34.4822],[-84.9441,34.4818]],[[-84.9475,34.5259],[-84.9476,34.5234],[-84.9453,34.5213],[-84.9429,34.5247],[-84.9475,34.5259]],[[-84.9444,34.5205],[-84.9439,34.5199],[-84.9437,34.5203],[-84.9444,34.5205]],[[-84.9454,34.5183],[-84.945,34.5177],[-84.9448,34.518],[-84.9454,34.5183]],[[-84.9451,34.4812],[-84.9449,34.4814],[-84.9451,34.4815],[-84.9451,34.4812]],[[-84.9456,34.491],[-84.9449,34.4901],[-84.945,34.4911],[-84.9456,34.491]],[[-84.9455,34.4817],[-84.9453,34.4819],[-84.9456,34.4819],[-84.9455,34.4817]],[[-84.9459,34.4879],[-84.9467,34.4879],[-84.9465,34.4876],[-84.9459,34.4879]],[[-84.9462,34.5317],[-84.9508,34.5316],[-84.9539,34.524],[-84.957,34.5224],[-84.962,34.5262],[-84.9649,34.5255],[-84.9603,34.5211],[-84.9618,34.5205],[-84.9602,34.5208],[-84.9607,34.5192],[-84.9585,34.5201],[-84.9573,34.5181],[-84.9585,34.5182],[-84.9591,34.5133],[-84.958,34.5146],[-84.9554,34.5133],[-84.9536,34.5149],[-84.9558,34.5207],[-84.9529,34.5207],[-84.9512,34.5176],[-84.9519,34.5198],[-84.9502,34.5206],[-84.9519,34.5206],[-84.9519,34.5217],[-84.9505,34.5216],[-84.9484,34.5243],[-84.9482,34.5255],[-84.949,34.5243],[-84.952,34.5263],[-84.9503,34.5259],[-84.9481,34.5281],[-84.9462,34.5317]],[[-84.9462,34.4846],[-84.9468,34.4853],[-84.9477,34.4848],[-84.9462,34.4846]],[[-84.9474,34.5164],[-84.9508,34.5158],[-84.9523,34.512],[-84.9474,34.5139],[-84.9474,34.5164]],[[-84.9476,34.4826],[-84.9481,34.4825],[-84.9476,34.4825],[-84.9476,34.4826]],[[-84.9483,34.4823],[-84.9489,34.4826],[-84.949,34.4823],[-84.9483,34.4823]],[[-84.9505,34.4869],[-84.95,34.4873],[-84.9506,34.4871],[-84.9505,34.4869]],[[-84.9493,34.4874],[-84.9497,34.4869],[-84.9491,34.4872],[-84.9493,34.4874]],[[-84.9508,34.4873],[-84.9506,34.4882],[-84.9513,34.488],[-84.9508,34.4873]],[[-84.9629,34.5018],[-84.9635,34.5025],[-84.9635,34.5019],[-84.9629,34.5018]],[[-84.9698,34.4878],[-84.9679,34.4901],[-84.9674,34.4914],[-84.9707,34.4906],[-84.9698,34.4878]],[[-84.971,34.4874],[-84.9702,34.4876],[-84.9709,34.4878],[-84.971,34.4874]]],[[[-84.9029,34.5089],[-84.9023,34.5072],[-84.9045,34.5072],[-84.9045,34.5089],[-84.9029,34.5089]]],[[[-84.9103,34.4562],[-84.9104,34.4538],[-84.9088,34.4538],[-84.909,34.4508],[-84.912,34.4509],[-84.912,34.4525],[-84.9147,34.4525],[-84.9143,34.4479],[-84.9074,34.4483],[-84.9077,34.442],[-84.9095,34.4349],[-84.9138,34.4349],[-84.9137,34.4378],[-84.9182,34.4379],[-84.9179,34.4415],[-84.9147,34.4417],[-84.9147,34.4405],[-84.9141,34.4422],[-84.9114,34.442],[-84.9113,34.4441],[-84.9123,34.444],[-84.9123,34.4426],[-84.9173,34.4429],[-84.9181,34.442],[-84.9192,34.4495],[-84.9178,34.4495],[-84.9177,34.4535],[-84.9112,34.4542],[-84.9103,34.4562]]],[[[-84.9092,34.489],[-84.91,34.4894],[-84.9092,34.4894],[-84.9092,34.489]]],[[[-84.9156,34.4658],[-84.9167,34.4632],[-84.917,34.4636],[-84.9174,34.4651],[-84.9176,34.4655],[-84.9177,34.4655],[-84.917,34.4619],[-84.9129,34.4609],[-84.9112,34.4567],[-84.9142,34.4567],[-84.914,34.4588],[-84.9165,34.4593],[-84.9166,34.4568],[-84.9191,34.4568],[-84.9188,34.4658],[-84.9156,34.4658]]],[[[-84.9117,34.4563],[-84.9122,34.4552],[-84.9124,34.4563],[-84.9117,34.4563]]],[[[-84.9194,34.4889],[-84.9197,34.4883],[-84.9198,34.4889],[-84.9194,34.4889]]],[[[-84.9276,34.5535],[-84.9259,34.5536],[-84.9258,34.5503],[-84.9274,34.5487],[-84.9303,34.5516],[-84.9304,34.5542],[-84.9315,34.5574],[-84.927,34.5574],[-84.9276,34.5535]],[[-84.9291,34.5519],[-84.9289,34.5512],[-84.9286,34.5516],[-84.9291,34.5519]]],[[[-84.9289,34.5182],[-84.9296,34.517],[-84.931,34.518],[-84.9304,34.5188],[-84.9289,34.5182]]],[[[-84.9304,34.5529],[-84.9304,34.5518],[-84.9315,34.5528],[-84.9304,34.5529]]],[[[-84.9406,34.5653],[-84.938,34.5665],[-84.9348,34.5663],[-84.931,34.5556],[-84.9345,34.5556],[-84.9353,34.557],[-84.9319,34.5567],[-84.9333,34.558],[-84.936,34.5579],[-84.9371,34.5606],[-84.9358,34.5609],[-84.9361,34.5622],[-84.9386,34.5614],[-84.9429,34.5669],[-84.9416,34.5674],[-84.9406,34.5653]],[[-84.9386,34.5649],[-84.9375,34.565],[-84.9374,34.5657],[-84.9383,34.5658],[-84.9386,34.5649]]],[[[-84.9356,34.4874],[-84.9361,34.4871],[-84.9361,34.4873],[-84.9356,34.4874]]],[[[-84.9374,34.5575],[-84.9374,34.5533],[-84.9422,34.5574],[-84.9374,34.5575]]],[[[-84.9367,34.5465],[-84.9373,34.5437],[-84.9412,34.5439],[-84.9412,34.5447],[-84.9442,34.5447],[-84.9442,34.5467],[-84.9367,34.5465]]],[[[-84.9404,34.5374],[-84.9411,34.5369],[-84.9411,34.5376],[-84.9404,34.5374]]],[[[-84.9513,34.4556],[-84.9483,34.4547],[-84.9485,34.4518],[-84.953,34.4518],[-84.953,34.4504],[-84.9487,34.4501],[-84.9494,34.4468],[-84.953,34.4463],[-84.953,34.4424],[-84.9507,34.4424],[-84.9509,34.4419],[-84.9629,34.4416],[-84.9594,34.4461],[-84.9636,34.4472],[-84.9634,34.4499],[-84.955,34.45],[-84.9548,34.4531],[-84.9493,34.452],[-84.95,34.4551],[-84.9513,34.4556]]],[[[-84.9544,34.4538],[-84.9562,34.4525],[-84.9572,34.4538],[-84.9544,34.4538]]],[[[-84.9622,34.4765],[-84.9615,34.4693],[-84.9571,34.4693],[-84.9588,34.4619],[-84.9614,34.4619],[-84.9614,34.4642],[-84.9683,34.4652],[-84.9683,34.4681],[-84.9661,34.4687],[-84.9683,34.4689],[-84.9684,34.4727],[-84.9622,34.4765]],[[-84.966,34.4717],[-84.9661,34.4708],[-84.9668,34.4708],[-84.9668,34.4691],[-84.9654,34.469],[-84.966,34.4717]],[[-84.9678,34.4711],[-84.9665,34.4716],[-84.9678,34.4717],[-84.9678,34.4711]]]]}},{"type":"Feature","properties":{"leaid":"1300750","name":"Calhoun County School District","kind":"Unified","gradeLow":"PK","gradeHigh":"12","state":"GA"},"geometry":{"type":"Polygon","coordinates":[[[-84.557,31.6212],[-84.4504,31.6219],[-84.4496,31.6167],[-84.4506,31.6148],[-84.449,31.6129],[-84.4494,31.6107],[-84.4471,31.6045],[-84.4502,31.6008],[-84.4492,31.5974],[-84.4529,31.5939],[-84.4577,31.5843],[-84.4545,31.5811],[-84.4535,31.5755],[-84.4518,31.5727],[-84.4545,31.5628],[-84.4543,31.5578],[-84.4557,31.5555],[-84.4549,31.5483],[-84.4471,31.5438],[-84.4482,31.5405],[-84.4397,31.5223],[-84.4381,31.5098],[-84.4327,31.5074],[-84.4303,31.504],[-84.4292,31.4997],[-84.4255,31.4971],[-84.4257,31.4947],[-84.4238,31.4935],[-84.4183,31.4696],[-84.4125,31.4569],[-84.4197,31.4496],[-84.4261,31.4479],[-84.4258,31.4463],[-84.4286,31.441],[-84.4281,31.4389],[-84.4299,31.4367],[-84.4481,31.4366],[-84.4481,31.4415],[-84.436,31.4416],[-84.436,31.4463],[-84.4481,31.4463],[-84.4479,31.4547],[-84.4591,31.4548],[-84.459,31.4482],[-84.4687,31.4482],[-84.4686,31.4388],[-84.482,31.4389],[-84.482,31.4354],[-84.4908,31.4354],[-84.4908,31.4279],[-84.502,31.428],[-84.5028,31.4304],[-84.5138,31.431],[-84.5135,31.4396],[-84.5243,31.44],[-84.5244,31.4315],[-84.5353,31.4317],[-84.535,31.4404],[-84.546,31.4408],[-84.5466,31.4319],[-84.789,31.4364],[-84.789,31.4393],[-84.7923,31.4458],[-84.7914,31.4512],[-84.7896,31.4514],[-84.7894,31.4525],[-84.7939,31.4591],[-84.8018,31.4616],[-84.803,31.4663],[-84.8058,31.4687],[-84.8076,31.4731],[-84.7971,31.4736],[-84.7966,31.5013],[-84.8071,31.5013],[-84.8069,31.4917],[-84.8198,31.4916],[-84.8199,31.5144],[-84.808,31.5144],[-84.8078,31.5189],[-84.8099,31.519],[-84.81,31.5308],[-84.8196,31.5309],[-84.8189,31.5479],[-84.8103,31.5477],[-84.8102,31.5565],[-84.7991,31.5653],[-84.8184,31.5657],[-84.8182,31.5932],[-84.8281,31.5925],[-84.8279,31.6019],[-84.818,31.602],[-84.8178,31.6198],[-84.6565,31.62],[-84.6563,31.6379],[-84.6496,31.6379],[-84.6493,31.6437],[-84.6362,31.6435],[-84.6362,31.638],[-84.6222,31.6378],[-84.6225,31.6285],[-84.6069,31.6283],[-84.6068,31.6378],[-84.5971,31.6376],[-84.5974,31.6214],[-84.5865,31.6212],[-84.5866,31.6374],[-84.5843,31.6374],[-84.578,31.6373],[-84.578,31.6211],[-84.5688,31.6211],[-84.5688,31.6286],[-84.5571,31.6284],[-84.557,31.6212]]]}},{"type":"Feature","properties":{"leaid":"1302400","name":"Glynn County School District","kind":"Unified","gradeLow":"PK","gradeHigh":"12","state":"GA"},"geometry":{"type":"MultiPolygon","coordinates":[[[[-81.4141,31.0074],[-81.4142,31.007],[-81.4143,31.0073],[-81.4141,31.0074]]],[[[-81.4176,31.0088],[-81.4188,31.0085],[-81.4177,31.0092],[-81.4176,31.0088]]],[[[-81.3998,31.0038],[-81.4047,31.0046],[-81.4083,31.0065],[-81.4047,31.0097],[-81.4044,31.0066],[-81.4,31.0051],[-81.3998,31.0038]]],[[[-81.4207,31.0109],[-81.4222,31.0104],[-81.4223,31.0105],[-81.4207,31.0109]]],[[[-81.4227,31.0401],[-81.424,31.0392],[-81.4234,31.0406],[-81.4227,31.0401]]],[[[-81.455,31.0536],[-81.4552,31.0524],[-81.4569,31.0533],[-81.4584,31.0528],[-81.4578,31.0545],[-81.455,31.0536]]],[[[-81.481,31.0603],[-81.4749,31.0544],[-81.4775,31.0553],[-81.481,31.0603]]],[[[-81.4937,31.0565],[-81.5072,31.0592],[-81.5203,31.0634],[-81.5161,31.0651],[-81.5056,31.0627],[-81.4966,31.0618],[-81.4946,31.0598],[-81.4937,31.0565]]],[[[-81.5024,31.0747],[-81.5035,31.0751],[-81.5038,31.0754],[-81.503,31.0754],[-81.5024,31.0747]]],[[[-81.4467,31.0744],[-81.447,31.0758],[-81.4453,31.0786],[-81.4448,31.078],[-81.4466,31.0755],[-81.4467,31.0744]]],[[[-81.5331,31.08],[-81.5319,31.0783],[-81.5332,31.0801],[-81.5331,31.08]]],[[[-81.4451,31.0801],[-81.4453,31.0788],[-81.4454,31.0802],[-81.4451,31.0801]]],[[[-81.496,31.0794],[-81.4858,31.0803],[-81.4832,31.0776],[-81.4848,31.0759],[-81.4835,31.0707],[-81.506,31.0777],[-81.5055,31.0804],[-81.5033,31.0816],[-81.496,31.0794]]],[[[-81.4462,31.0829],[-81.4467,31.0823],[-81.4468,31.0825],[-81.4462,31.0829]]],[[[-81.5139,31.0777],[-81.5115,31.0778],[-81.5089,31.0796],[-81.5083,31.0752],[-81.5134,31.0766],[-81.5179,31.0757],[-81.5224,31.0774],[-81.5214,31.083],[-81.5184,31.0841],[-81.5166,31.0833],[-81.5139,31.0777]]],[[[-81.4487,31.0876],[-81.4491,31.0871],[-81.4493,31.0877],[-81.4487,31.0876]]],[[[-81.451,31.0889],[-81.4512,31.0887],[-81.4513,31.0889],[-81.451,31.0889]]],[[[-81.5066,31.0944],[-81.5096,31.0927],[-81.5061,31.0972],[-81.5066,31.0944]]],[[[-81.4946,31.0911],[-81.4913,31.0887],[-81.4902,31.0862],[-81.4913,31.0832],[-81.4951,31.0813],[-81.4998,31.0842],[-81.5071,31.0823],[-81.5084,31.0864],[-81.5105,31.088],[-81.5148,31.0858],[-81.5165,31.0867],[-81.5142,31.0912],[-81.5076,31.0921],[-81.5014,31.0986],[-81.4988,31.0976],[-81.4946,31.0911]]],[[[-81.4925,31.1001],[-81.4928,31.0968],[-81.4919,31.0962],[-81.4928,31.0944],[-81.4972,31.0988],[-81.4925,31.1001]]],[[[-81.4749,31.1019],[-81.4646,31.0895],[-81.4667,31.0845],[-81.4724,31.0854],[-81.4756,31.0885],[-81.4736,31.0857],[-81.4752,31.085],[-81.4645,31.0838],[-81.4659,31.0846],[-81.4652,31.0864],[-81.4621,31.0888],[-81.4565,31.0868],[-81.4515,31.0874],[-81.4475,31.0833],[-81.4484,31.079],[-81.4518,31.0787],[-81.4557,31.0757],[-81.4567,31.0737],[-81.4577,31.0748],[-81.4609,31.0749],[-81.4627,31.0736],[-81.4626,31.073],[-81.4605,31.0747],[-81.4566,31.0731],[-81.4554,31.0754],[-81.4526,31.0753],[-81.4517,31.078],[-81.4477,31.0789],[-81.4462,31.0821],[-81.4456,31.0807],[-81.4476,31.0765],[-81.4478,31.0732],[-81.4458,31.0704],[-81.4467,31.0737],[-81.4447,31.0773],[-81.4417,31.0787],[-81.4369,31.0786],[-81.4397,31.0797],[-81.4447,31.079],[-81.4453,31.085],[-81.447,31.0871],[-81.4418,31.0923],[-81.4408,31.0892],[-81.4341,31.0838],[-81.4298,31.0713],[-81.4301,31.0692],[-81.4318,31.0685],[-81.4324,31.0688],[-81.4323,31.0701],[-81.4319,31.0688],[-81.4307,31.0695],[-81.4303,31.0718],[-81.432,31.0706],[-81.4344,31.0747],[-81.4333,31.069],[-81.4385,31.0692],[-81.4407,31.0672],[-81.4395,31.0663],[-81.4408,31.0631],[-81.4466,31.0652],[-81.4469,31.0667],[-81.4508,31.0629],[-81.4498,31.0618],[-81.4464,31.0643],[-81.443,31.0623],[-81.4393,31.0631],[-81.4367,31.0601],[-81.4404,31.0579],[-81.4379,31.0559],[-81.4388,31.0528],[-81.4331,31.0489],[-81.4316,31.0495],[-81.4321,31.0518],[-81.4358,31.0521],[-81.4369,31.0531],[-81.4367,31.0555],[-81.4391,31.058],[-81.4357,31.0594],[-81.4384,31.0654],[-81.4345,31.0678],[-81.4328,31.0647],[-81.4297,31.0646],[-81.4263,31.0587],[-81.428,31.0593],[-81.429,31.0583],[-81.4273,31.056],[-81.427,31.0489],[-81.4259,31.0477],[-81.4273,31.0453],[-81.4337,31.0467],[-81.4391,31.0504],[-81.4434,31.0482],[-81.4469,31.0501],[-81.4493,31.0491],[-81.4492,31.0516],[-81.4511,31.0523],[-81.4494,31.054],[-81.4511,31.0546],[-81.4522,31.0515],[-81.4553,31.0545],[-81.4598,31.0551],[-81.4602,31.0564],[-81.4589,31.0566],[-81.4564,31.0591],[-81.4556,31.0611],[-81.4509,31.0607],[-81.4542,31.0622],[-81.4568,31.0618],[-81.4556,31.0644],[-81.4567,31.0657],[-81.459,31.0642],[-81.4563,31.0647],[-81.4576,31.0618],[-81.4566,31.0596],[-81.4592,31.0583],[-81.4593,31.0569],[-81.461,31.0569],[-81.4615,31.0553],[-81.4589,31.0546],[-81.4587,31.0522],[-81.4569,31.0529],[-81.452,31.051],[-81.4504,31.0513],[-81.4495,31.0476],[-81.4471,31.049],[-81.4451,31.0475],[-81.4416,31.048],[-81.4389,31.0498],[-81.437,31.0478],[-81.4386,31.045],[-81.434,31.046],[-81.4278,31.0447],[-81.4274,31.0428],[-81.4297,31.0385],[-81.4378,31.0353],[-81.4377,31.0368],[-81.4408,31.0396],[-81.4491,31.0448],[-81.4637,31.05],[-81.4687,31.0581],[-81.4677,31.061],[-81.4631,31.0663],[-81.4638,31.0691],[-81.4657,31.0703],[-81.4708,31.0705],[-81.4803,31.0693],[-81.4667,31.0699],[-81.4643,31.069],[-81.4651,31.0652],[-81.4704,31.059],[-81.481,31.0692],[-81.4835,31.0744],[-81.4823,31.0767],[-81.4735,31.0773],[-81.4824,31.0777],[-81.4818,31.0798],[-81.4838,31.0791],[-81.4856,31.0808],[-81.4903,31.0808],[-81.487,31.0885],[-81.4801,31.0881],[-81.4768,31.0895],[-81.476,31.0923],[-81.477,31.0915],[-81.4807,31.0963],[-81.4798,31.0998],[-81.4776,31.1018],[-81.4749,31.1019]]],[[[-81.5128,31.1026],[-81.5134,31.1011],[-81.5156,31.1003],[-81.5128,31.1026]]],[[[-81.4973,31.1018],[-81.5003,31.1002],[-81.4978,31.1028],[-81.4973,31.1018]]],[[[-81.528,31.1035],[-81.5292,31.1037],[-81.5308,31.1047],[-81.5291,31.1043],[-81.528,31.1035]]],[[[-81.5112,31.1047],[-81.5129,31.1034],[-81.5117,31.1055],[-81.5112,31.1047]]],[[[-81.5137,31.1033],[-81.5166,31.1017],[-81.5125,31.1058],[-81.5137,31.1033]]],[[[-81.4443,31.1091],[-81.4448,31.1086],[-81.4449,31.1089],[-81.4443,31.1091]]],[[[-81.4402,31.111],[-81.4424,31.1105],[-81.4414,31.1116],[-81.4402,31.111]]],[[[-81.4378,31.112],[-81.4376,31.1131],[-81.4365,31.1132],[-81.4365,31.113],[-81.4378,31.112]]],[[[-81.4322,31.115],[-81.4356,31.1132],[-81.4301,31.1173],[-81.4322,31.115]]],[[[-81.4016,31.1198],[-81.4052,31.1199],[-81.4064,31.1207],[-81.4023,31.1204],[-81.4016,31.1198]]],[[[-81.4005,31.1211],[-81.395,31.1183],[-81.4007,31.1189],[-81.3991,31.1202],[-81.4005,31.1211]]],[[[-81.4016,31.0907],[-81.4018,31.0702],[-81.4151,31.0267],[-81.4205,31.0167],[-81.4229,31.0146],[-81.433,31.0131],[-81.4351,31.0162],[-81.4342,31.0305],[-81.4301,31.0339],[-81.4287,31.0337],[-81.4292,31.0346],[-81.4245,31.0382],[-81.4233,31.0382],[-81.4244,31.0339],[-81.4226,31.0336],[-81.4196,31.0358],[-81.4221,31.0376],[-81.4221,31.0532],[-81.4239,31.0603],[-81.4286,31.0665],[-81.4292,31.0791],[-81.4302,31.0788],[-81.4299,31.0752],[-81.4315,31.0797],[-81.4292,31.0812],[-81.4305,31.0837],[-81.4316,31.0813],[-81.4334,31.0849],[-81.4297,31.0883],[-81.4339,31.0857],[-81.4395,31.0899],[-81.4402,31.0924],[-81.4326,31.0972],[-81.4246,31.1046],[-81.4164,31.1191],[-81.4097,31.1212],[-81.4069,31.1184],[-81.4048,31.1113],[-81.4016,31.0907]]],[[[-81.3911,31.1213],[-81.3938,31.1205],[-81.3939,31.1206],[-81.3911,31.1213]]],[[[-81.4674,31.1206],[-81.4658,31.1204],[-81.463,31.1212],[-81.4636,31.118],[-81.4601,31.1178],[-81.4622,31.1138],[-81.4658,31.1145],[-81.4662,31.1161],[-81.4685,31.1162],[-81.4681,31.1197],[-81.472,31.1228],[-81.4689,31.1232],[-81.4674,31.1206]]],[[[-81.3896,31.1237],[-81.3899,31.1225],[-81.392,31.1237],[-81.3896,31.1237]]],[[[-81.509,31.1298],[-81.5093,31.1292],[-81.5097,31.1294],[-81.509,31.1298]]],[[[-81.5033,31.1298],[-81.5039,31.1295],[-81.5045,31.1296],[-81.5033,31.1298]]],[[[-81.4283,31.132],[-81.4292,31.1303],[-81.4295,31.1314],[-81.4283,31.132]]],[[[-81.3564,31.1341],[-81.35,31.1333],[-81.3643,31.1323],[-81.3678,31.1332],[-81.3564,31.1341]]],[[[-81.5359,31.1351],[-81.5296,31.1345],[-81.5293,31.1342],[-81.533,31.1329],[-81.5359,31.1351]]],[[[-81.4316,31.1335],[-81.4315,31.135],[-81.4305,31.1357],[-81.4305,31.1353],[-81.4316,31.1335]]],[[[-81.3638,31.1366],[-81.3643,31.1355],[-81.365,31.1362],[-81.3638,31.1366]]],[[[-81.5446,31.1419],[-81.5412,31.1361],[-81.5371,31.1323],[-81.5308,31.1297],[-81.5224,31.1282],[-81.5184,31.1242],[-81.5084,31.1187],[-81.5111,31.1149],[-81.5175,31.115],[-81.5177,31.1177],[-81.5198,31.1179],[-81.5202,31.1219],[-81.5215,31.1228],[-81.5203,31.1214],[-81.5204,31.1173],[-81.5178,31.1146],[-81.5155,31.1137],[-81.5104,31.1146],[-81.5098,31.1112],[-81.5123,31.1131],[-81.5173,31.1136],[-81.5185,31.1125],[-81.5092,31.1104],[-81.5071,31.1085],[-81.5089,31.1108],[-81.5091,31.1159],[-81.5069,31.118],[-81.5037,31.1171],[-81.5047,31.1127],[-81.502,31.1075],[-81.5041,31.1149],[-81.5025,31.1164],[-81.4986,31.1165],[-81.4971,31.1156],[-81.4973,31.1137],[-81.4961,31.1142],[-81.4933,31.1121],[-81.4954,31.112],[-81.4925,31.1109],[-81.4894,31.114],[-81.4881,31.1138],[-81.4883,31.1116],[-81.4867,31.1126],[-81.4848,31.1106],[-81.4851,31.1088],[-81.4832,31.1092],[-81.4781,31.1044],[-81.4773,31.1028],[-81.4806,31.1004],[-81.4812,31.0953],[-81.4775,31.0902],[-81.4845,31.0886],[-81.4873,31.0894],[-81.4915,31.0934],[-81.4882,31.0948],[-81.4866,31.0942],[-81.492,31.1021],[-81.4952,31.1022],[-81.4934,31.1033],[-81.4966,31.1024],[-81.4985,31.1042],[-81.4994,31.1016],[-81.5011,31.1024],[-81.5003,31.1012],[-81.5032,31.1005],[-81.5076,31.1068],[-81.5045,31.0994],[-81.5105,31.0928],[-81.5123,31.0923],[-81.5162,31.0972],[-81.511,31.1023],[-81.5101,31.1047],[-81.5115,31.1065],[-81.5169,31.1064],[-81.5185,31.1052],[-81.5158,31.1052],[-81.5171,31.1031],[-81.5214,31.102],[-81.5331,31.1066],[-81.5318,31.1083],[-81.5251,31.1077],[-81.5231,31.1096],[-81.5236,31.1108],[-81.5256,31.1091],[-81.5319,31.1102],[-81.5343,31.1073],[-81.5292,31.1021],[-81.5174,31.1006],[-81.518,31.0969],[-81.5171,31.0944],[-81.5191,31.0898],[-81.5199,31.0919],[-81.5238,31.0922],[-81.5186,31.0894],[-81.5158,31.0936],[-81.5153,31.0917],[-81.5176,31.0882],[-81.5172,31.0861],[-81.5131,31.0848],[-81.5101,31.0861],[-81.5089,31.084],[-81.5094,31.081],[-81.513,31.078],[-81.5155,31.0832],[-81.5192,31.0848],[-81.522,31.0828],[-81.5226,31.0819],[-81.5229,31.077],[-81.5176,31.0749],[-81.5127,31.0761],[-81.504,31.0717],[-81.4932,31.0705],[-81.4873,31.0663],[-81.4789,31.0551],[-81.4741,31.0524],[-81.4752,31.0503],[-81.4741,31.0505],[-81.4742,31.0482],[-81.473,31.0521],[-81.4635,31.0431],[-81.4751,31.0379],[-81.4825,31.0376],[-81.4793,31.0367],[-81.4797,31.0359],[-81.4765,31.0371],[-81.4769,31.035],[-81.4734,31.0368],[-81.4679,31.0366],[-81.4649,31.0392],[-81.4609,31.0361],[-81.4744,31.0328],[-81.4832,31.0377],[-81.4865,31.0488],[-81.4947,31.062],[-81.5173,31.0656],[-81.5223,31.0641],[-81.5259,31.0647],[-81.5285,31.0682],[-81.5278,31.074],[-81.5289,31.0784],[-81.533,31.0827],[-81.5428,31.0882],[-81.5424,31.092],[-81.5459,31.0928],[-81.5467,31.0966],[-81.548,31.0968],[-81.5507,31.0942],[-81.5504,31.098],[-81.5545,31.0989],[-81.5584,31.0974],[-81.557,31.0969],[-81.5576,31.0956],[-81.5564,31.0943],[-81.5553,31.0958],[-81.5552,31.0922],[-81.5544,31.0948],[-81.5553,31.0963],[-81.5561,31.095],[-81.5569,31.0955],[-81.5569,31.0977],[-81.5509,31.0974],[-81.5515,31.0944],[-81.5501,31.0932],[-81.547,31.096],[-81.5471,31.0927],[-81.5436,31.0915],[-81.5438,31.0888],[-81.5411,31.0859],[-81.5542,31.0813],[-81.5578,31.0831],[-81.5605,31.0892],[-81.5634,31.092],[-81.571,31.0947],[-81.5696,31.1004],[-81.5644,31.1041],[-81.5613,31.1088],[-81.5584,31.1187],[-81.5486,31.1164],[-81.5478,31.1168],[-81.5497,31.1191],[-81.5487,31.1215],[-81.5528,31.1262],[-81.5508,31.1273],[-81.5522,31.1293],[-81.5504,31.1305],[-81.548,31.1353],[-81.5448,31.1341],[-81.5432,31.1344],[-81.543,31.1354],[-81.5449,31.1377],[-81.5463,31.1382],[-81.5541,31.1362],[-81.5553,31.1369],[-81.5551,31.1394],[-81.5526,31.1412],[-81.5494,31.1402],[-81.5446,31.1419]]],[[[-81.4412,31.1417],[-81.4332,31.1302],[-81.4349,31.1276],[-81.4376,31.126],[-81.4379,31.1285],[-81.4416,31.1256],[-81.4434,31.1182],[-81.4445,31.1216],[-81.4474,31.1223],[-81.4499,31.1202],[-81.45,31.1179],[-81.4577,31.1196],[-81.4583,31.1228],[-81.4572,31.1241],[-81.4539,31.1244],[-81.4508,31.1222],[-81.4494,31.1224],[-81.4478,31.124],[-81.4493,31.1261],[-81.4532,31.1283],[-81.4528,31.1314],[-81.4539,31.133],[-81.4579,31.1324],[-81.4593,31.1316],[-81.4593,31.1292],[-81.4583,31.1259],[-81.4577,31.1256],[-81.4564,31.1258],[-81.4563,31.1264],[-81.458,31.1261],[-81.4592,31.131],[-81.4552,31.1327],[-81.4534,31.1313],[-81.4534,31.128],[-81.4486,31.1248],[-81.45,31.1226],[-81.454,31.1248],[-81.4582,31.124],[-81.4588,31.1229],[-81.4583,31.1189],[-81.4499,31.1174],[-81.4483,31.1215],[-81.4463,31.1219],[-81.4446,31.1206],[-81.4455,31.1151],[-81.4489,31.1117],[-81.4541,31.1097],[-81.4628,31.1111],[-81.4723,31.1145],[-81.479,31.1209],[-81.4777,31.1223],[-81.4728,31.1227],[-81.4684,31.1195],[-81.4692,31.1156],[-81.4662,31.1157],[-81.4664,31.1144],[-81.4617,31.1134],[-81.4596,31.1178],[-81.4631,31.1182],[-81.4626,31.1214],[-81.4669,31.1209],[-81.4685,31.1233],[-81.4636,31.1249],[-81.4647,31.1287],[-81.4578,31.1347],[-81.4529,31.1355],[-81.4466,31.1317],[-81.4448,31.1323],[-81.4441,31.1351],[-81.4461,31.1408],[-81.4443,31.1424],[-81.4412,31.1417]]],[[[-81.437,31.1447],[-81.4323,31.1397],[-81.4331,31.1346],[-81.441,31.1426],[-81.4458,31.1431],[-81.4465,31.1467],[-81.4437,31.1486],[-81.437,31.1447]]],[[[-81.4629,31.1417],[-81.4604,31.1395],[-81.455,31.1383],[-81.4523,31.142],[-81.4468,31.1421],[-81.4453,31.1329],[-81.4523,31.136],[-81.4567,31.1361],[-81.4607,31.134],[-81.4659,31.1284],[-81.4696,31.1306],[-81.4711,31.1334],[-81.4711,31.1312],[-81.4657,31.1279],[-81.4643,31.1249],[-81.4803,31.1226],[-81.477,31.1312],[-81.4777,31.1394],[-81.4749,31.1493],[-81.4717,31.1443],[-81.4737,31.144],[-81.4705,31.1427],[-81.4712,31.1415],[-81.4709,31.1408],[-81.4669,31.1405],[-81.4682,31.139],[-81.4672,31.1383],[-81.4678,31.1373],[-81.4662,31.137],[-81.4672,31.1375],[-81.4668,31.1384],[-81.4676,31.1389],[-81.4665,31.1406],[-81.4708,31.1415],[-81.4693,31.143],[-81.4733,31.149],[-81.4694,31.1499],[-81.4664,31.147],[-81.46,31.1447],[-81.4629,31.1417]]],[[[-81.4575,31.1518],[-81.4481,31.1517],[-81.4462,31.1494],[-81.4472,31.143],[-81.453,31.1426],[-81.4555,31.1391],[-81.462,31.1411],[-81.4564,31.1455],[-81.459,31.1466],[-81.4596,31.149],[-81.4568,31.1479],[-81.4534,31.1489],[-81.4537,31.1495],[-81.4572,31.1506],[-81.4575,31.1518]]],[[[-81.5582,31.1526],[-81.559,31.1528],[-81.5603,31.1528],[-81.5598,31.1533],[-81.5582,31.1526]]],[[[-81.5617,31.1534],[-81.5634,31.1531],[-81.5634,31.1533],[-81.5617,31.1534]]],[[[-81.4758,31.1545],[-81.4763,31.154],[-81.4763,31.1545],[-81.4758,31.1545]]],[[[-81.4766,31.1556],[-81.4772,31.1549],[-81.4769,31.1556],[-81.4766,31.1556]]],[[[-81.5314,31.156],[-81.5318,31.1553],[-81.5319,31.1558],[-81.5314,31.156]]],[[[-81.57,31.1634],[-81.5693,31.1625],[-81.5703,31.1625],[-81.57,31.1634]]],[[[-81.4505,31.1675],[-81.446,31.1609],[-81.4485,31.157],[-81.4488,31.1531],[-81.4547,31.156],[-81.4539,31.159],[-81.4552,31.1588],[-81.4555,31.1581],[-81.4544,31.1588],[-81.4551,31.1559],[-81.4514,31.1527],[-81.4581,31.1518],[-81.4578,31.1504],[-81.454,31.1491],[-81.4558,31.1483],[-81.459,31.1495],[-81.4604,31.1488],[-81.4598,31.1467],[-81.4573,31.1454],[-81.4662,31.1476],[-81.4684,31.1503],[-81.474,31.1497],[-81.4726,31.1525],[-81.4751,31.1502],[-81.4752,31.1536],[-81.4761,31.1561],[-81.4704,31.159],[-81.4692,31.1559],[-81.4694,31.1589],[-81.4675,31.1581],[-81.4699,31.1597],[-81.4689,31.1626],[-81.4704,31.1637],[-81.4622,31.1649],[-81.4578,31.1631],[-81.4505,31.1675]]],[[[-81.529,31.1681],[-81.529,31.1675],[-81.5293,31.168],[-81.529,31.1681]]],[[[-81.5283,31.1713],[-81.5283,31.1735],[-81.5296,31.1782],[-81.5278,31.1734],[-81.5283,31.1713]]],[[[-81.5693,31.1783],[-81.571,31.1782],[-81.5717,31.1796],[-81.5702,31.1796],[-81.5693,31.1783]]],[[[-81.4099,31.1718],[-81.4173,31.1679],[-81.4251,31.159],[-81.425,31.156],[-81.4276,31.155],[-81.4301,31.1586],[-81.4302,31.1624],[-81.4223,31.1724],[-81.4209,31.1821],[-81.4162,31.1798],[-81.4101,31.1742],[-81.4099,31.1718]]],[[[-81.5211,31.182],[-81.522,31.1817],[-81.5211,31.1822],[-81.5211,31.182]]],[[[-81.4366,31.1858],[-81.4375,31.185],[-81.4381,31.1862],[-81.4376,31.1865],[-81.4366,31.1858]]],[[[-81.3647,31.1887],[-81.3595,31.1868],[-81.3572,31.1884],[-81.3551,31.1856],[-81.3531,31.1878],[-81.352,31.1861],[-81.3512,31.1863],[-81.3507,31.1878],[-81.3489,31.1867],[-81.3551,31.1827],[-81.3638,31.1823],[-81.3681,31.1842],[-81.3647,31.1887]]],[[[-81.345,31.1899],[-81.3483,31.1872],[-81.3488,31.1892],[-81.3472,31.1905],[-81.345,31.1899]]],[[[-81.526,31.1912],[-81.5271,31.1907],[-81.5261,31.1919],[-81.526,31.1912]]],[[[-81.5266,31.1922],[-81.5277,31.1921],[-81.5264,31.1932],[-81.5266,31.1922]]],[[[-81.5388,31.1947],[-81.5352,31.1925],[-81.5425,31.1953],[-81.5388,31.1947]]],[[[-81.541,31.1956],[-81.5421,31.1957],[-81.5432,31.1962],[-81.5428,31.1962],[-81.541,31.1956]]],[[[-81.5284,31.192],[-81.532,31.1944],[-81.5312,31.1978],[-81.5266,31.195],[-81.5284,31.192]]],[[[-81.5685,31.1983],[-81.5708,31.1966],[-81.5715,31.1967],[-81.5685,31.1983]]],[[[-81.3467,31.1995],[-81.347,31.1991],[-81.3476,31.1996],[-81.3467,31.1995]]],[[[-81.3483,31.1995],[-81.3492,31.1996],[-81.3491,31.2002],[-81.3487,31.2005],[-81.3483,31.1995]]],[[[-81.3491,31.201],[-81.3497,31.2005],[-81.3495,31.2012],[-81.3491,31.201]]],[[[-81.3462,31.2006],[-81.3445,31.2014],[-81.3459,31.1994],[-81.3462,31.2006]]],[[[-81.3466,31.2017],[-81.3471,31.2001],[-81.3473,31.202],[-81.3466,31.2017]]],[[[-81.3507,31.1983],[-81.3531,31.1998],[-81.3503,31.2025],[-81.3489,31.2023],[-81.3511,31.1991],[-81.3507,31.1983]]],[[[-81.3475,31.2001],[-81.3484,31.2007],[-81.348,31.2026],[-81.3478,31.2025],[-81.3475,31.2001]]],[[[-81.3493,31.2035],[-81.3497,31.2031],[-81.3499,31.2032],[-81.3493,31.2035]]],[[[-81.4426,31.2039],[-81.4347,31.2006],[-81.4343,31.1975],[-81.4265,31.1838],[-81.4247,31.1773],[-81.4267,31.1713],[-81.4338,31.165],[-81.4328,31.1549],[-81.4364,31.1499],[-81.4434,31.1518],[-81.4448,31.1533],[-81.4429,31.159],[-81.4357,31.1675],[-81.4372,31.1707],[-81.4414,31.1732],[-81.4423,31.1752],[-81.4369,31.1796],[-81.4371,31.1845],[-81.436,31.1854],[-81.4311,31.1856],[-81.4338,31.1836],[-81.4309,31.1795],[-81.4326,31.1784],[-81.4309,31.178],[-81.4306,31.1804],[-81.4335,31.1833],[-81.4309,31.1847],[-81.4309,31.1859],[-81.4353,31.186],[-81.4337,31.1874],[-81.4341,31.188],[-81.4361,31.1862],[-81.4375,31.187],[-81.4411,31.1867],[-81.4451,31.1851],[-81.4482,31.1885],[-81.4511,31.1876],[-81.4523,31.1887],[-81.4494,31.1896],[-81.448,31.1914],[-81.4528,31.189],[-81.4512,31.1871],[-81.4486,31.1882],[-81.445,31.1843],[-81.4399,31.1858],[-81.4374,31.1809],[-81.4431,31.1764],[-81.4457,31.1762],[-81.4464,31.1792],[-81.4497,31.178],[-81.4504,31.1762],[-81.4522,31.1796],[-81.4527,31.1776],[-81.4506,31.1757],[-81.4493,31.1778],[-81.4464,31.1787],[-81.4464,31.1758],[-81.4436,31.1756],[-81.4427,31.1727],[-81.4369,31.1681],[-81.4437,31.1619],[-81.4456,31.1656],[-81.453,31.1734],[-81.4613,31.178],[-81.4562,31.1889],[-81.4545,31.1956],[-81.4463,31.1995],[-81.4434,31.1961],[-81.4402,31.1942],[-81.4458,31.2003],[-81.4426,31.2039]]],[[[-81.345,31.2023],[-81.3462,31.2022],[-81.3466,31.2039],[-81.3456,31.2035],[-81.345,31.2023]]],[[[-81.4424,31.2044],[-81.4433,31.204],[-81.4425,31.2048],[-81.4424,31.2044]]],[[[-81.3399,31.2047],[-81.3412,31.2028],[-81.3399,31.205],[-81.3399,31.2047]]],[[[-81.3413,31.2053],[-81.3409,31.2051],[-81.3414,31.2045],[-81.3413,31.2053]]],[[[-81.3476,31.2037],[-81.3483,31.2042],[-81.3485,31.2057],[-81.3475,31.2049],[-81.3476,31.2037]]],[[[-81.3418,31.2045],[-81.3425,31.2053],[-81.3436,31.2059],[-81.3423,31.2062],[-81.3418,31.2045]]],[[[-81.3443,31.2069],[-81.3451,31.2039],[-81.3471,31.2047],[-81.3443,31.2069]]],[[[-81.5299,31.2031],[-81.5312,31.2064],[-81.5292,31.2076],[-81.5277,31.2056],[-81.5299,31.2031]]],[[[-81.2763,31.2065],[-81.2774,31.2065],[-81.2775,31.2076],[-81.2761,31.2079],[-81.2763,31.2065]]],[[[-81.3467,31.208],[-81.3457,31.2078],[-81.3459,31.2071],[-81.3466,31.2069],[-81.3467,31.208]]],[[[-81.3484,31.2091],[-81.3484,31.2085],[-81.3488,31.2092],[-81.3484,31.2091]]],[[[-81.5954,31.2083],[-81.5972,31.2085],[-81.5992,31.2097],[-81.5964,31.2093],[-81.5954,31.2083]]],[[[-81.2775,31.2129],[-81.2784,31.2121],[-81.2796,31.2137],[-81.2775,31.2129]]],[[[-81.589,31.2135],[-81.5865,31.2139],[-81.5865,31.2136],[-81.589,31.2135]]],[[[-81.2818,31.2139],[-81.2804,31.213],[-81.2809,31.2098],[-81.2913,31.2074],[-81.2934,31.2063],[-81.2916,31.2062],[-81.2923,31.2052],[-81.3016,31.2079],[-81.3047,31.2126],[-81.2919,31.2121],[-81.2818,31.2139]]],[[[-81.4361,31.2026],[-81.4397,31.2036],[-81.4417,31.2064],[-81.4395,31.2093],[-81.4307,31.214],[-81.4287,31.2118],[-81.4283,31.2088],[-81.4361,31.2026]]],[[[-81.5766,31.2147],[-81.5781,31.2139],[-81.5802,31.2128],[-81.5766,31.2147]]],[[[-81.2744,31.2159],[-81.2748,31.2146],[-81.2759,31.216],[-81.2744,31.2159]]],[[[-81.4252,31.2167],[-81.4263,31.2162],[-81.4263,31.2166],[-81.4252,31.2167]]],[[[-81.4336,31.2141],[-81.4385,31.2112],[-81.4385,31.2125],[-81.4421,31.2111],[-81.44,31.2146],[-81.4355,31.217],[-81.4336,31.2141]]],[[[-81.4272,31.2172],[-81.4275,31.2169],[-81.4281,31.2172],[-81.4272,31.2172]]],[[[-81.5612,31.2176],[-81.5571,31.2145],[-81.5586,31.2153],[-81.5557,31.203],[-81.5508,31.1933],[-81.542,31.188],[-81.5343,31.1862],[-81.5289,31.1823],[-81.5328,31.1728],[-81.5342,31.1654],[-81.5329,31.1501],[-81.5286,31.1409],[-81.5286,31.1359],[-81.5369,31.136],[-81.54,31.1461],[-81.5469,31.1521],[-81.554,31.1542],[-81.5668,31.1539],[-81.5679,31.1551],[-81.5671,31.1596],[-81.5597,31.1669],[-81.5521,31.1677],[-81.5598,31.1676],[-81.5578,31.1738],[-81.5559,31.1755],[-81.5585,31.1739],[-81.5601,31.1702],[-81.5611,31.1729],[-81.5597,31.176],[-81.5617,31.1732],[-81.5617,31.1691],[-81.5642,31.1704],[-81.5657,31.1805],[-81.5729,31.1924],[-81.5724,31.1945],[-81.5678,31.1982],[-81.5651,31.2062],[-81.5654,31.2085],[-81.567,31.209],[-81.5677,31.2078],[-81.5683,31.2055],[-81.5689,31.2048],[-81.5707,31.2055],[-81.5714,31.2074],[-81.5684,31.2093],[-81.5677,31.2111],[-81.571,31.2126],[-81.5713,31.214],[-81.5665,31.2174],[-81.5612,31.2176]]],[[[-81.2721,31.2181],[-81.2719,31.2176],[-81.2723,31.2181],[-81.2721,31.2181]]],[[[-81.5877,31.2187],[-81.5865,31.2177],[-81.5898,31.2181],[-81.5877,31.2187]]],[[[-81.4161,31.2217],[-81.4136,31.2218],[-81.41,31.2239],[-81.4114,31.219],[-81.4084,31.2168],[-81.4119,31.2146],[-81.4161,31.2145],[-81.4229,31.2124],[-81.4214,31.2108],[-81.4176,31.21],[-81.4196,31.2055],[-81.4151,31.2043],[-81.4162,31.2031],[-81.4212,31.2045],[-81.4226,31.204],[-81.4206,31.1997],[-81.4174,31.1996],[-81.4176,31.1983],[-81.4249,31.1989],[-81.4295,31.1977],[-81.4316,31.2011],[-81.4247,31.2081],[-81.4253,31.214],[-81.4181,31.2167],[-81.4191,31.2242],[-81.4172,31.2238],[-81.4161,31.2217]]],[[[-81.282,31.2261],[-81.282,31.2256],[-81.2826,31.2259],[-81.282,31.2261]]],[[[-81.5919,31.231],[-81.5918,31.2291],[-81.5921,31.2291],[-81.5925,31.23],[-81.5919,31.231]]],[[[-81.5515,31.2317],[-81.5522,31.2307],[-81.552,31.2319],[-81.5515,31.2317]]],[[[-81.3256,31.2319],[-81.3143,31.2176],[-81.3059,31.2128],[-81.302,31.2072],[-81.305,31.2062],[-81.3146,31.2078],[-81.3279,31.1978],[-81.3459,31.1794],[-81.3558,31.1658],[-81.3608,31.1559],[-81.3605,31.1495],[-81.3579,31.1473],[-81.3629,31.1491],[-81.3645,31.1508],[-81.3657,31.1612],[-81.3614,31.1623],[-81.351,31.1787],[-81.3523,31.1839],[-81.3472,31.1863],[-81.3437,31.1902],[-81.3447,31.1913],[-81.3465,31.1908],[-81.3462,31.1948],[-81.35,31.197],[-81.3453,31.1964],[-81.3443,31.1981],[-81.3462,31.1983],[-81.3439,31.2009],[-81.3431,31.1987],[-81.344,31.1968],[-81.3419,31.1973],[-81.3433,31.2019],[-81.3406,31.2],[-81.3408,31.2023],[-81.3387,31.2053],[-81.3408,31.2062],[-81.3375,31.2059],[-81.3382,31.2098],[-81.3377,31.2073],[-81.3363,31.2085],[-81.3378,31.2105],[-81.3402,31.2077],[-81.3449,31.2097],[-81.3379,31.2113],[-81.3383,31.2132],[-81.339,31.212],[-81.3412,31.2123],[-81.3415,31.2112],[-81.3439,31.2115],[-81.3456,31.2102],[-81.349,31.2117],[-81.3472,31.2119],[-81.3468,31.2137],[-81.3489,31.213],[-81.3509,31.2211],[-81.3388,31.219],[-81.3336,31.2158],[-81.3287,31.2158],[-81.3254,31.2197],[-81.3252,31.2237],[-81.3272,31.2292],[-81.3256,31.2319]]],[[[-81.2616,31.24],[-81.2623,31.2393],[-81.2624,31.2399],[-81.2616,31.24]]],[[[-81.3855,31.2457],[-81.3896,31.2428],[-81.391,31.2399],[-81.3963,31.242],[-81.3998,31.2387],[-81.3986,31.2332],[-81.3999,31.2254],[-81.3985,31.2235],[-81.3951,31.2233],[-81.3946,31.2221],[-81.3966,31.2177],[-81.4017,31.2176],[-81.4035,31.2153],[-81.397,31.2082],[-81.3969,31.2053],[-81.4039,31.2033],[-81.4098,31.2048],[-81.4141,31.2033],[-81.4156,31.1977],[-81.4227,31.1902],[-81.4284,31.1951],[-81.4278,31.197],[-81.4259,31.1984],[-81.4174,31.1975],[-81.4168,31.2],[-81.42,31.2001],[-81.4221,31.2037],[-81.4173,31.2027],[-81.4155,31.2029],[-81.4145,31.2041],[-81.4151,31.2053],[-81.419,31.2057],[-81.4173,31.2082],[-81.4174,31.2107],[-81.4221,31.2118],[-81.4165,31.214],[-81.4123,31.2141],[-81.4116,31.2103],[-81.406,31.2075],[-81.4105,31.2113],[-81.4109,31.2145],[-81.408,31.2167],[-81.4108,31.219],[-81.4105,31.2203],[-81.4088,31.2232],[-81.4039,31.2233],[-81.4015,31.2214],[-81.4019,31.2201],[-81.4007,31.2218],[-81.4041,31.2242],[-81.404,31.2254],[-81.407,31.2235],[-81.4109,31.2246],[-81.4158,31.2221],[-81.4155,31.2265],[-81.4187,31.2295],[-81.4191,31.2315],[-81.4167,31.2339],[-81.4124,31.2339],[-81.411,31.2325],[-81.4134,31.232],[-81.4138,31.2311],[-81.4105,31.2289],[-81.4089,31.2292],[-81.4087,31.2314],[-81.4092,31.2341],[-81.4078,31.2333],[-81.4086,31.2347],[-81.4097,31.234],[-81.4094,31.2294],[-81.4131,31.2311],[-81.4105,31.2325],[-81.4123,31.2362],[-81.41,31.2355],[-81.4093,31.2359],[-81.4107,31.2385],[-81.4096,31.2396],[-81.4109,31.2397],[-81.4117,31.2391],[-81.4099,31.236],[-81.4129,31.2369],[-81.4158,31.2364],[-81.4164,31.2376],[-81.4152,31.2391],[-81.4172,31.2371],[-81.4145,31.2355],[-81.4198,31.232],[-81.4194,31.2293],[-81.4163,31.2267],[-81.4209,31.2241],[-81.4201,31.2163],[-81.4293,31.2181],[-81.4321,31.2268],[-81.4303,31.2291],[-81.4238,31.2327],[-81.4214,31.2361],[-81.4207,31.2454],[-81.4189,31.2471],[-81.412,31.2448],[-81.3987,31.2466],[-81.3949,31.2521],[-81.394,31.2588],[-81.3877,31.2541],[-81.3855,31.2457]]],[[[-81.317,31.2507],[-81.3227,31.2528],[-81.3243,31.257],[-81.3271,31.2595],[-81.3268,31.2622],[-81.317,31.2604],[-81.315,31.253],[-81.317,31.2507]]],[[[-81.3183,31.2628],[-81.3194,31.2624],[-81.3195,31.2624],[-81.3183,31.2628]]],[[[-81.3167,31.2639],[-81.3169,31.2632],[-81.3174,31.2634],[-81.3167,31.2639]]],[[[-81.2567,31.2624],[-81.2568,31.2632],[-81.2547,31.2648],[-81.2545,31.2642],[-81.2567,31.2624]]],[[[-81.2625,31.2649],[-81.265,31.2663],[-81.266,31.268],[-81.2628,31.2669],[-81.2625,31.2649]]],[[[-81.3946,31.2722],[-81.3919,31.268],[-81.3949,31.2626],[-81.3956,31.2582],[-81.4022,31.2587],[-81.4027,31.2622],[-81.4004,31.2658],[-81.3971,31.2677],[-81.3946,31.2722]]],[[[-81.3136,31.2735],[-81.3136,31.273],[-81.314,31.2737],[-81.3136,31.2735]]],[[[-81.3147,31.276],[-81.3154,31.2758],[-81.3153,31.2762],[-81.3147,31.276]]],[[[-81.3327,31.285],[-81.3349,31.2827],[-81.3328,31.2855],[-81.3327,31.285]]],[[[-81.382,31.2835],[-81.3833,31.2837],[-81.3864,31.2916],[-81.3828,31.2898],[-81.382,31.2835]]],[[[-81.4011,31.2925],[-81.4033,31.2895],[-81.4056,31.2911],[-81.4024,31.2933],[-81.4011,31.2925]]],[[[-81.3502,31.296],[-81.3482,31.2976],[-81.345,31.2969],[-81.3485,31.2943],[-81.3438,31.2956],[-81.3385,31.2924],[-81.3379,31.2902],[-81.3339,31.2867],[-81.3362,31.2829],[-81.3429,31.2803],[-81.3429,31.2775],[-81.3416,31.2755],[-81.3449,31.274],[-81.3447,31.2714],[-81.3444,31.2735],[-81.341,31.2754],[-81.3427,31.2785],[-81.3423,31.2802],[-81.3346,31.2822],[-81.3323,31.2843],[-81.3336,31.2886],[-81.337,31.2914],[-81.3269,31.2896],[-81.3183,31.2828],[-81.3182,31.2744],[-81.3141,31.266],[-81.3254,31.2658],[-81.3301,31.2636],[-81.3366,31.2491],[-81.3344,31.2437],[-81.3276,31.2395],[-81.3264,31.2349],[-81.3296,31.2332],[-81.3303,31.2307],[-81.327,31.2196],[-81.3299,31.2174],[-81.3398,31.2218],[-81.3447,31.2222],[-81.3457,31.2248],[-81.3474,31.2252],[-81.3453,31.2223],[-81.349,31.2232],[-81.3527,31.2218],[-81.3532,31.217],[-81.3544,31.2168],[-81.3508,31.2122],[-81.3514,31.2097],[-81.35,31.2058],[-81.3524,31.207],[-81.3506,31.2052],[-81.3583,31.2045],[-81.3509,31.2044],[-81.3514,31.2019],[-81.3544,31.2004],[-81.3535,31.1982],[-81.355,31.1984],[-81.3554,31.1975],[-81.3542,31.1977],[-81.354,31.1947],[-81.3535,31.1973],[-81.3515,31.1975],[-81.3517,31.1937],[-81.3533,31.1915],[-81.352,31.1924],[-81.3507,31.1964],[-81.3473,31.1951],[-81.3466,31.1931],[-81.3495,31.1881],[-81.3517,31.1881],[-81.3516,31.1866],[-81.3536,31.1884],[-81.3552,31.1863],[-81.3574,31.1893],[-81.3601,31.1872],[-81.3649,31.1893],[-81.3694,31.1842],[-81.364,31.1815],[-81.3577,31.1823],[-81.3522,31.1802],[-81.3613,31.1654],[-81.3659,31.1621],[-81.3671,31.168],[-81.3649,31.1702],[-81.369,31.1723],[-81.3655,31.1733],[-81.3658,31.1744],[-81.3682,31.1749],[-81.3673,31.177],[-81.3665,31.1754],[-81.3629,31.1762],[-81.3661,31.1759],[-81.3674,31.1777],[-81.3697,31.1749],[-81.3665,31.174],[-81.3697,31.1722],[-81.3662,31.1703],[-81.3683,31.1686],[-81.3667,31.1615],[-81.3695,31.1596],[-81.3666,31.1607],[-81.3651,31.1497],[-81.3583,31.1467],[-81.3872,31.1341],[-81.368,31.1367],[-81.3728,31.1349],[-81.3913,31.1329],[-81.4109,31.1363],[-81.4149,31.1413],[-81.4159,31.1474],[-81.4173,31.1502],[-81.4184,31.1499],[-81.4192,31.1552],[-81.4164,31.1615],[-81.4085,31.1705],[-81.4081,31.1747],[-81.4109,31.1814],[-81.4167,31.1849],[-81.4177,31.1884],[-81.4177,31.1853],[-81.4148,31.1832],[-81.4177,31.1849],[-81.4178,31.1901],[-81.413,31.1977],[-81.412,31.2029],[-81.4056,31.2016],[-81.3986,31.2027],[-81.3952,31.205],[-81.394,31.2087],[-81.39,31.2068],[-81.3867,31.2064],[-81.3879,31.2028],[-81.3934,31.2022],[-81.3944,31.1971],[-81.3927,31.1964],[-81.3906,31.2004],[-81.3889,31.1996],[-81.3898,31.196],[-81.3861,31.1948],[-81.3898,31.1899],[-81.3855,31.1942],[-81.3863,31.1955],[-81.3892,31.1961],[-81.3881,31.1994],[-81.3901,31.2009],[-81.3917,31.2001],[-81.3927,31.1971],[-81.3941,31.1972],[-81.3925,31.2022],[-81.3891,31.202],[-81.3867,31.2032],[-81.3865,31.2071],[-81.3953,31.2095],[-81.4013,31.2152],[-81.401,31.2162],[-81.396,31.2165],[-81.3933,31.223],[-81.3942,31.2247],[-81.3987,31.2247],[-81.3977,31.2346],[-81.3987,31.2389],[-81.3958,31.2411],[-81.391,31.2388],[-81.3888,31.2424],[-81.3843,31.246],[-81.3867,31.2547],[-81.3926,31.2596],[-81.3935,31.2622],[-81.3903,31.2642],[-81.3834,31.2732],[-81.379,31.2702],[-81.3772,31.2715],[-81.3797,31.2712],[-81.3831,31.2743],[-81.3826,31.2799],[-81.3791,31.2844],[-81.3766,31.2832],[-81.3753,31.2865],[-81.3736,31.286],[-81.3736,31.2837],[-81.373,31.2833],[-81.3714,31.2846],[-81.3707,31.287],[-81.3697,31.2869],[-81.3709,31.2874],[-81.3725,31.2837],[-81.3732,31.2862],[-81.3748,31.2869],[-81.3763,31.2865],[-81.3763,31.2844],[-81.3795,31.2849],[-81.3786,31.2902],[-81.3801,31.2934],[-81.3748,31.2975],[-81.3739,31.2997],[-81.3712,31.2956],[-81.3736,31.2936],[-81.3705,31.2955],[-81.367,31.2948],[-81.3647,31.2937],[-81.3674,31.2924],[-81.3652,31.2919],[-81.3651,31.29],[-81.3635,31.2906],[-81.3648,31.2921],[-81.364,31.2937],[-81.359,31.2953],[-81.3618,31.2964],[-81.359,31.2972],[-81.3568,31.2997],[-81.3489,31.2977],[-81.3502,31.296]]],[[[-81.3457,31.3044],[-81.335,31.3015],[-81.3344,31.2995],[-81.3434,31.2983],[-81.346,31.2993],[-81.3451,31.3032],[-81.3457,31.3044]]],[[[-81.394,31.304],[-81.3939,31.3053],[-81.3927,31.3052],[-81.3927,31.3049],[-81.394,31.304]]],[[[-81.4044,31.307],[-81.4043,31.3064],[-81.4048,31.3068],[-81.4044,31.307]]],[[[-81.3917,31.3103],[-81.3914,31.31],[-81.3918,31.3101],[-81.3917,31.3103]]],[[[-81.3364,31.3103],[-81.3371,31.3103],[-81.3371,31.3107],[-81.3364,31.3103]]],[[[-81.3853,31.3136],[-81.3382,31.3111],[-81.3318,31.3055],[-81.3276,31.3072],[-81.3175,31.3078],[-81.3079,31.297],[-81.2971,31.2904],[-81.2718,31.2919],[-81.2747,31.2894],[-81.2753,31.2868],[-81.2749,31.271],[-81.2739,31.27],[-81.2742,31.2727],[-81.2703,31.2641],[-81.2619,31.259],[-81.2584,31.2594],[-81.2633,31.2539],[-81.2736,31.256],[-81.2769,31.2547],[-81.2796,31.2513],[-81.2838,31.2412],[-81.282,31.235],[-81.2877,31.2309],[-81.2881,31.2227],[-81.2911,31.2186],[-81.2885,31.2191],[-81.2832,31.225],[-81.2799,31.2227],[-81.2908,31.2165],[-81.2967,31.2155],[-81.3026,31.2163],[-81.3036,31.2169],[-81.303,31.2181],[-81.3052,31.2178],[-81.3121,31.2221],[-81.3184,31.2329],[-81.3204,31.2376],[-81.3194,31.238],[-81.3191,31.2399],[-81.3217,31.2415],[-81.3192,31.2423],[-81.32,31.2435],[-81.3189,31.2432],[-81.3174,31.2441],[-81.3168,31.2419],[-81.3167,31.2444],[-81.3204,31.2439],[-81.3201,31.2425],[-81.3222,31.2414],[-81.3225,31.2406],[-81.3195,31.2398],[-81.3208,31.2382],[-81.3251,31.2435],[-81.3321,31.2474],[-81.3287,31.2581],[-81.3256,31.2561],[-81.3231,31.2514],[-81.3209,31.2499],[-81.3146,31.251],[-81.3131,31.2539],[-81.3143,31.26],[-81.31,31.2671],[-81.3084,31.2664],[-81.308,31.2644],[-81.3054,31.2631],[-81.3038,31.2598],[-81.3008,31.2584],[-81.3049,31.2565],[-81.3096,31.2507],[-81.3137,31.2494],[-81.3138,31.2452],[-81.3125,31.2444],[-81.3037,31.2472],[-81.3032,31.2429],[-81.3052,31.2411],[-81.3059,31.2375],[-81.3057,31.2351],[-81.3022,31.2342],[-81.3006,31.2364],[-81.2988,31.2358],[-81.2976,31.2361],[-81.2986,31.2405],[-81.2961,31.2454],[-81.2961,31.2477],[-81.2904,31.2479],[-81.2911,31.2394],[-81.2854,31.2393],[-81.2869,31.241],[-81.2904,31.2397],[-81.2897,31.2482],[-81.296,31.2485],[-81.2991,31.2411],[-81.2978,31.2364],[-81.3004,31.237],[-81.3028,31.2344],[-81.305,31.2354],[-81.3056,31.2373],[-81.3024,31.2431],[-81.3035,31.248],[-81.313,31.2451],[-81.3129,31.2493],[-81.309,31.2506],[-81.3046,31.2562],[-81.3004,31.2584],[-81.3036,31.2601],[-81.306,31.2642],[-81.3079,31.2647],[-81.3079,31.2672],[-81.3102,31.2685],[-81.3131,31.2748],[-81.3155,31.2773],[-81.3153,31.2801],[-81.3141,31.2803],[-81.3149,31.2823],[-81.3127,31.2832],[-81.3151,31.2831],[-81.3126,31.2853],[-81.3156,31.2838],[-81.3177,31.2867],[-81.3144,31.2884],[-81.3152,31.2891],[-81.3165,31.2874],[-81.3181,31.2876],[-81.3183,31.2922],[-81.3194,31.292],[-81.3183,31.2888],[-81.3193,31.2879],[-81.3273,31.2925],[-81.335,31.2929],[-81.3426,31.2975],[-81.3352,31.2982],[-81.3347,31.2962],[-81.334,31.2989],[-81.3308,31.299],[-81.3334,31.2994],[-81.3337,31.3014],[-81.3284,31.3017],[-81.3272,31.3029],[-81.3239,31.3013],[-81.3223,31.3018],[-81.3273,31.3033],[-81.3283,31.3021],[-81.3343,31.3016],[-81.3444,31.3055],[-81.3462,31.3045],[-81.3473,31.306],[-81.3457,31.3033],[-81.3464,31.2994],[-81.353,31.2998],[-81.3584,31.3011],[-81.3627,31.3064],[-81.3724,31.3101],[-81.3633,31.3061],[-81.3588,31.3005],[-81.3593,31.299],[-81.3622,31.2982],[-81.3644,31.2953],[-81.3702,31.297],[-81.3698,31.2985],[-81.3679,31.2993],[-81.37,31.2991],[-81.3683,31.301],[-81.3704,31.2996],[-81.3708,31.2982],[-81.3733,31.3012],[-81.3752,31.301],[-81.3756,31.2978],[-81.3813,31.2944],[-81.3796,31.2897],[-81.3815,31.2842],[-81.3819,31.2892],[-81.3834,31.2915],[-81.3861,31.2921],[-81.3873,31.291],[-81.3852,31.2859],[-81.3957,31.2946],[-81.3962,31.2973],[-81.395,31.2944],[-81.3946,31.2998],[-81.3909,31.3076],[-81.3853,31.3136]]],[[[-81.3775,31.3151],[-81.3784,31.3146],[-81.379,31.3148],[-81.3775,31.3151]]],[[[-81.3709,31.3179],[-81.366,31.3161],[-81.3699,31.3171],[-81.3706,31.3165],[-81.3687,31.3153],[-81.3751,31.3158],[-81.3709,31.3179]]],[[[-81.4788,31.3361],[-81.479,31.3375],[-81.4792,31.3377],[-81.479,31.3375],[-81.4789,31.3374],[-81.4788,31.3361]]],[[[-81.4815,31.3396],[-81.4816,31.3394],[-81.4815,31.3396],[-81.4815,31.3396]]],[[[-81.4822,31.3402],[-81.4832,31.3401],[-81.4826,31.3403],[-81.4822,31.3402]]],[[[-81.4897,31.3449],[-81.4894,31.3447],[-81.4897,31.3449],[-81.4897,31.3449]]],[[[-81.4904,31.3449],[-81.4911,31.3447],[-81.4908,31.3448],[-81.4904,31.3449]]],[[[-81.4902,31.3449],[-81.49,31.3449],[-81.4902,31.3449],[-81.4902,31.3449]]],[[[-81.4914,31.3457],[-81.4925,31.345],[-81.4914,31.3461],[-81.4914,31.3457]]],[[[-81.4968,31.3478],[-81.4982,31.3486],[-81.4993,31.3501],[-81.498,31.3493],[-81.4968,31.3478]]],[[[-81.5191,31.3566],[-81.5206,31.3571],[-81.5211,31.3581],[-81.5206,31.358],[-81.5191,31.3566]]],[[[-81.5244,31.3631],[-81.5267,31.3638],[-81.5283,31.3657],[-81.527,31.3653],[-81.5244,31.3631]]],[[[-81.537,31.3738],[-81.5369,31.3728],[-81.5385,31.3747],[-81.537,31.3738]]],[[[-81.5365,31.3745],[-81.5374,31.3748],[-81.5414,31.3771],[-81.5379,31.3764],[-81.5365,31.3745]]],[[[-81.626,31.453],[-81.6243,31.453],[-81.6251,31.4514],[-81.6241,31.4499],[-81.6179,31.4468],[-81.6114,31.4461],[-81.6099,31.4422],[-81.6069,31.4392],[-81.6112,31.4361],[-81.6111,31.4349],[-81.6055,31.4316],[-81.6046,31.4255],[-81.5971,31.4212],[-81.5939,31.4159],[-81.5903,31.4151],[-81.5868,31.4162],[-81.5892,31.411],[-81.5879,31.4097],[-81.5838,31.4094],[-81.5803,31.4058],[-81.5796,31.4001],[-81.5592,31.3862],[-81.5505,31.3858],[-81.5472,31.3844],[-81.5465,31.3821],[-81.5475,31.3806],[-81.5507,31.3801],[-81.5524,31.3785],[-81.5516,31.3757],[-81.5494,31.3748],[-81.545,31.3768],[-81.5417,31.3763],[-81.5381,31.3721],[-81.5365,31.368],[-81.5306,31.3663],[-81.5246,31.3622],[-81.5204,31.3558],[-81.5048,31.354],[-81.4968,31.3471],[-81.492,31.3461],[-81.494,31.3437],[-81.49,31.3442],[-81.4902,31.3419],[-81.4862,31.342],[-81.4852,31.3395],[-81.4823,31.3396],[-81.4837,31.3369],[-81.4814,31.3359],[-81.4796,31.337],[-81.4789,31.3344],[-81.4769,31.335],[-81.4779,31.3383],[-81.4761,31.3391],[-81.4749,31.3336],[-81.4727,31.3321],[-81.4706,31.3326],[-81.4695,31.3344],[-81.4717,31.3383],[-81.4701,31.3393],[-81.4674,31.3352],[-81.4606,31.331],[-81.463,31.3305],[-81.4647,31.3331],[-81.466,31.3329],[-81.4642,31.3304],[-81.4625,31.3295],[-81.4595,31.3306],[-81.4561,31.3268],[-81.4526,31.3257],[-81.4459,31.3275],[-81.4396,31.3315],[-81.4367,31.3305],[-81.4361,31.3293],[-81.4392,31.3173],[-81.4365,31.3126],[-81.4262,31.3091],[-81.4173,31.3042],[-81.413,31.305],[-81.4081,31.3093],[-81.4058,31.3088],[-81.4055,31.307],[-81.4139,31.2957],[-81.4131,31.2919],[-81.4067,31.2879],[-81.398,31.288],[-81.3902,31.2844],[-81.3877,31.2813],[-81.3868,31.2768],[-81.3879,31.2741],[-81.3965,31.274],[-81.3985,31.2691],[-81.4041,31.266],[-81.4059,31.2664],[-81.4075,31.268],[-81.4072,31.2736],[-81.4097,31.2778],[-81.408,31.2801],[-81.4109,31.2799],[-81.4142,31.2834],[-81.4288,31.2882],[-81.425,31.2887],[-81.4277,31.2925],[-81.425,31.2973],[-81.4243,31.3018],[-81.4255,31.3027],[-81.4256,31.3],[-81.428,31.3023],[-81.4304,31.301],[-81.4331,31.3031],[-81.4306,31.3006],[-81.4281,31.3019],[-81.4254,31.2986],[-81.4285,31.2916],[-81.4258,31.2892],[-81.4292,31.2891],[-81.4292,31.2879],[-81.4265,31.286],[-81.4144,31.2824],[-81.4141,31.2817],[-81.4171,31.2809],[-81.4131,31.2799],[-81.4108,31.2778],[-81.4085,31.2724],[-81.4095,31.2689],[-81.4068,31.2604],[-81.4021,31.2568],[-81.397,31.2569],[-81.396,31.254],[-81.3993,31.248],[-81.4113,31.2472],[-81.4175,31.2497],[-81.4197,31.2514],[-81.4203,31.2556],[-81.4249,31.2549],[-81.4269,31.2571],[-81.424,31.2576],[-81.4245,31.262],[-81.423,31.265],[-81.4194,31.2641],[-81.4175,31.2681],[-81.4199,31.2649],[-81.4233,31.2658],[-81.4238,31.2636],[-81.4264,31.2613],[-81.4244,31.258],[-81.4274,31.2573],[-81.425,31.2544],[-81.4206,31.2549],[-81.4202,31.2512],[-81.4188,31.2496],[-81.4236,31.2457],[-81.4255,31.2346],[-81.4316,31.2322],[-81.4353,31.2281],[-81.4341,31.2183],[-81.4382,31.2208],[-81.4455,31.2213],[-81.4435,31.225],[-81.4447,31.2293],[-81.4395,31.2289],[-81.4385,31.2302],[-81.4373,31.2371],[-81.4392,31.2407],[-81.4352,31.2428],[-81.4379,31.2442],[-81.4349,31.2481],[-81.4342,31.2464],[-81.4333,31.2469],[-81.4326,31.2487],[-81.4339,31.2506],[-81.4319,31.2499],[-81.43,31.2509],[-81.4345,31.2506],[-81.4332,31.2482],[-81.4342,31.2471],[-81.4351,31.2487],[-81.4382,31.2445],[-81.4382,31.2438],[-81.4362,31.2426],[-81.4397,31.241],[-81.4382,31.2358],[-81.4396,31.2297],[-81.4454,31.2299],[-81.446,31.2284],[-81.4446,31.225],[-81.4464,31.2219],[-81.4456,31.2203],[-81.4397,31.22],[-81.4362,31.2173],[-81.4411,31.2146],[-81.4476,31.2028],[-81.4513,31.2044],[-81.4522,31.2014],[-81.4561,31.2012],[-81.456,31.2033],[-81.4568,31.2004],[-81.4515,31.2014],[-81.4514,31.2041],[-81.4472,31.2015],[-81.4489,31.1992],[-81.4542,31.1974],[-81.4568,31.1947],[-81.4627,31.181],[-81.4631,31.1763],[-81.4515,31.168],[-81.4579,31.1638],[-81.4623,31.1656],[-81.4694,31.1647],[-81.4718,31.1682],[-81.4714,31.1703],[-81.4724,31.17],[-81.4725,31.1682],[-81.4704,31.1642],[-81.4721,31.1622],[-81.4691,31.1621],[-81.4708,31.1596],[-81.4772,31.156],[-81.4782,31.1546],[-81.4758,31.1499],[-81.4785,31.1411],[-81.4775,31.1331],[-81.4815,31.1229],[-81.4876,31.1248],[-81.4855,31.1294],[-81.4883,31.1256],[-81.4899,31.1257],[-81.4917,31.1281],[-81.499,31.15],[-81.4992,31.1587],[-81.5011,31.1621],[-81.5045,31.163],[-81.5046,31.1642],[-81.5072,31.1576],[-81.5113,31.162],[-81.5168,31.1629],[-81.5156,31.165],[-81.5178,31.1631],[-81.5114,31.1611],[-81.5079,31.1571],[-81.5059,31.1579],[-81.5045,31.1621],[-81.5007,31.1606],[-81.5007,31.1536],[-81.5027,31.1525],[-81.5028,31.1509],[-81.4994,31.1459],[-81.4944,31.126],[-81.5049,31.1315],[-81.5064,31.1311],[-81.5047,31.1304],[-81.5127,31.1301],[-81.5188,31.137],[-81.5232,31.15],[-81.5181,31.1492],[-81.504,31.1521],[-81.5083,31.154],[-81.5194,31.1526],[-81.5244,31.1571],[-81.5239,31.161],[-81.5218,31.1647],[-81.5224,31.1797],[-81.5203,31.1822],[-81.5208,31.1857],[-81.5174,31.1862],[-81.5193,31.1834],[-81.5187,31.1803],[-81.5176,31.1851],[-81.5175,31.1817],[-81.5169,31.1807],[-81.5167,31.185],[-81.5143,31.183],[-81.5168,31.1861],[-81.5157,31.1883],[-81.5156,31.1945],[-81.5131,31.194],[-81.5126,31.1945],[-81.5133,31.1958],[-81.5122,31.1957],[-81.5117,31.1963],[-81.5129,31.196],[-81.513,31.1978],[-81.5139,31.1964],[-81.5132,31.1944],[-81.516,31.1948],[-81.5166,31.1871],[-81.5208,31.1868],[-81.521,31.1831],[-81.5222,31.1825],[-81.5262,31.1899],[-81.5245,31.1943],[-81.5217,31.1954],[-81.5231,31.1986],[-81.521,31.1969],[-81.5189,31.197],[-81.5234,31.199],[-81.5224,31.1954],[-81.5242,31.195],[-81.5316,31.1999],[-81.5272,31.2043],[-81.5257,31.2045],[-81.5242,31.2023],[-81.5217,31.2035],[-81.5216,31.205],[-81.525,31.2088],[-81.523,31.2113],[-81.5254,31.21],[-81.525,31.2077],[-81.5223,31.2044],[-81.5243,31.203],[-81.5285,31.2077],[-81.5317,31.2071],[-81.5338,31.2089],[-81.5335,31.2149],[-81.5346,31.2146],[-81.535,31.2087],[-81.5332,31.2077],[-81.5319,31.2038],[-81.533,31.1953],[-81.544,31.197],[-81.5472,31.199],[-81.5509,31.2052],[-81.5503,31.2106],[-81.5477,31.2126],[-81.5499,31.212],[-81.552,31.2247],[-81.55,31.2214],[-81.5478,31.2208],[-81.5472,31.2225],[-81.5485,31.2252],[-81.5475,31.2251],[-81.5465,31.2221],[-81.5451,31.2218],[-81.5417,31.2258],[-81.5438,31.2251],[-81.5458,31.2222],[-81.547,31.2253],[-81.548,31.2259],[-81.5487,31.2255],[-81.5489,31.2245],[-81.5478,31.2215],[-81.5497,31.2222],[-81.5524,31.2292],[-81.55,31.2319],[-81.55,31.2338],[-81.551,31.2356],[-81.5524,31.2344],[-81.5558,31.2411],[-81.5566,31.2417],[-81.5532,31.2344],[-81.5557,31.2301],[-81.5544,31.2296],[-81.5534,31.2265],[-81.5534,31.2189],[-81.562,31.2217],[-81.572,31.2205],[-81.575,31.2179],[-81.5781,31.2173],[-81.584,31.2196],[-81.5873,31.2234],[-81.5892,31.2292],[-81.5901,31.2404],[-81.5879,31.2435],[-81.5873,31.2459],[-81.589,31.2466],[-81.5872,31.2495],[-81.5899,31.2493],[-81.5891,31.2535],[-81.5901,31.2534],[-81.5885,31.2545],[-81.5885,31.2569],[-81.591,31.2546],[-81.5904,31.2598],[-81.5915,31.2573],[-81.5917,31.2595],[-81.592,31.2579],[-81.5934,31.2584],[-81.5903,31.2486],[-81.6001,31.2563],[-81.5934,31.2502],[-81.5925,31.2487],[-81.5936,31.2475],[-81.5909,31.2472],[-81.5901,31.2452],[-81.5912,31.2447],[-81.5902,31.2436],[-81.5909,31.2425],[-81.5922,31.2429],[-81.5917,31.2409],[-81.5939,31.2411],[-81.5941,31.2398],[-81.5918,31.2384],[-81.5954,31.2364],[-81.5916,31.237],[-81.5929,31.2359],[-81.592,31.2333],[-81.5956,31.2343],[-81.5923,31.2327],[-81.5932,31.2309],[-81.5919,31.2277],[-81.5956,31.2283],[-81.5971,31.2303],[-81.5965,31.2275],[-81.5944,31.2261],[-81.598,31.2255],[-81.5982,31.2249],[-81.5911,31.2261],[-81.5919,31.2244],[-81.5905,31.2239],[-81.5918,31.2234],[-81.5897,31.2206],[-81.5956,31.2207],[-81.592,31.2195],[-81.5938,31.2191],[-81.5937,31.2177],[-81.582,31.2153],[-81.5945,31.2152],[-81.589,31.2125],[-81.5835,31.2136],[-81.5878,31.2112],[-81.6,31.2133],[-81.6219,31.2075],[-81.6269,31.2072],[-81.6312,31.2084],[-81.6365,31.2047],[-81.6411,31.2064],[-81.6507,31.2072],[-81.6377,31.2039],[-81.6345,31.2046],[-81.6312,31.2074],[-81.6237,31.205],[-81.6192,31.2051],[-81.615,31.2072],[-81.611,31.2068],[-81.6034,31.2085],[-81.6027,31.2075],[-81.6005,31.2088],[-81.5863,31.2073],[-81.5801,31.2091],[-81.5731,31.2129],[-81.5717,31.2117],[-81.5756,31.2071],[-81.5731,31.206],[-81.5734,31.2044],[-81.5727,31.2062],[-81.575,31.2074],[-81.5726,31.2088],[-81.5711,31.2115],[-81.5688,31.2113],[-81.5687,31.2097],[-81.5719,31.2074],[-81.5716,31.2058],[-81.5687,31.2043],[-81.5673,31.2083],[-81.5661,31.2086],[-81.5663,31.2035],[-81.5685,31.199],[-81.5725,31.1964],[-81.5739,31.1927],[-81.5664,31.18],[-81.5657,31.1708],[-81.5618,31.1659],[-81.5669,31.1637],[-81.5694,31.1674],[-81.5689,31.173],[-81.5739,31.1768],[-81.572,31.1784],[-81.571,31.1775],[-81.5688,31.1781],[-81.5697,31.1811],[-81.5713,31.1822],[-81.5709,31.1804],[-81.572,31.1802],[-81.5762,31.184],[-81.5748,31.1805],[-81.5731,31.1793],[-81.5748,31.1788],[-81.575,31.1766],[-81.5701,31.1725],[-81.5709,31.1684],[-81.5698,31.1647],[-81.5714,31.1632],[-81.5704,31.1617],[-81.5688,31.1617],[-81.5707,31.1588],[-81.5748,31.1625],[-81.5749,31.1653],[-81.5769,31.1688],[-81.5776,31.1682],[-81.5757,31.1655],[-81.5757,31.1629],[-81.5781,31.163],[-81.5756,31.1622],[-81.5721,31.1572],[-81.574,31.1561],[-81.5747,31.1584],[-81.5784,31.1593],[-81.5751,31.1579],[-81.5752,31.1563],[-81.5808,31.1553],[-81.5718,31.1553],[-81.5694,31.1529],[-81.5625,31.1502],[-81.5521,31.1509],[-81.5435,31.146],[-81.546,31.1456],[-81.5454,31.1433],[-81.5463,31.1418],[-81.5528,31.1418],[-81.556,31.1385],[-81.5555,31.1366],[-81.5529,31.1356],[-81.5464,31.1376],[-81.5433,31.1353],[-81.5444,31.1344],[-81.5484,31.1355],[-81.5506,31.1309],[-81.5528,31.1297],[-81.5519,31.1278],[-81.5531,31.1264],[-81.5493,31.1213],[-81.5502,31.1191],[-81.5486,31.1168],[-81.5582,31.1192],[-81.5574,31.1225],[-81.5582,31.1276],[-81.5621,31.1304],[-81.5664,31.1311],[-81.5741,31.127],[-81.5776,31.1185],[-81.5813,31.1157],[-81.5902,31.119],[-81.5948,31.1161],[-81.6004,31.1161],[-81.6095,31.1132],[-81.6139,31.1147],[-81.6169,31.1175],[-81.6206,31.1175],[-81.6254,31.1154],[-81.6327,31.1082],[-81.6421,31.1181],[-81.6472,31.1156],[-81.6519,31.1209],[-81.6576,31.1215],[-81.6573,31.1232],[-81.6621,31.1256],[-81.6862,31.1224],[-81.7022,31.1339],[-81.7119,31.1378],[-81.717,31.145],[-81.7224,31.149],[-81.7373,31.1519],[-81.754,31.1503],[-81.7624,31.1533],[-81.7641,31.1545],[-81.765,31.1582],[-81.7629,31.1657],[-81.7636,31.1681],[-81.7657,31.1695],[-81.7684,31.1694],[-81.776,31.1645],[-81.7803,31.1652],[-81.7824,31.1669],[-81.7826,31.1725],[-81.776,31.1765],[-81.7669,31.2015],[-81.7644,31.2232],[-81.7587,31.2379],[-81.7508,31.2712],[-81.7472,31.2815],[-81.7374,31.2896],[-81.7337,31.2973],[-81.7325,31.3025],[-81.733,31.3258],[-81.7317,31.33],[-81.7252,31.3272],[-81.7071,31.3493],[-81.699,31.363],[-81.6981,31.3679],[-81.7048,31.3749],[-81.7009,31.3852],[-81.692,31.4005],[-81.665,31.3999],[-81.626,31.453]]]]}},{"type":"Feature","properties":{"leaid":"1300780","name":"Camden County School District","kind":"Unified","gradeLow":"PK","gradeHigh":"12","state":"GA"},"geometry":{"type":"MultiPolygon","coordinates":[[[[-81.4962,30.7323],[-81.4964,30.7341],[-81.4951,30.7376],[-81.4947,30.7354],[-81.4962,30.7323]]],[[[-81.4935,30.7395],[-81.4939,30.7374],[-81.4939,30.74],[-81.4935,30.7395]]],[[[-81.4726,30.7719],[-81.4735,30.7727],[-81.4737,30.7743],[-81.4728,30.7734],[-81.4726,30.7719]]],[[[-81.4816,30.7557],[-81.4853,30.7761],[-81.484,30.7788],[-81.4806,30.7705],[-81.4821,30.7628],[-81.4816,30.7557]]],[[[-81.4721,30.775],[-81.4746,30.7766],[-81.4763,30.7825],[-81.4729,30.7806],[-81.4721,30.775]]],[[[-81.4773,30.7781],[-81.4781,30.7787],[-81.4798,30.7827],[-81.4781,30.7803],[-81.4773,30.7781]]],[[[-81.5234,30.8128],[-81.5256,30.8126],[-81.5238,30.8143],[-81.5234,30.8128]]],[[[-81.4823,30.7959],[-81.4874,30.8033],[-81.4896,30.8117],[-81.4873,30.8191],[-81.4854,30.8202],[-81.4792,30.8183],[-81.4756,30.8128],[-81.4787,30.8056],[-81.4783,30.8012],[-81.4823,30.7959]]],[[[-81.5375,30.8209],[-81.5428,30.8199],[-81.5398,30.8211],[-81.5376,30.8238],[-81.5375,30.8209]]],[[[-81.5901,30.8223],[-81.5918,30.8232],[-81.5929,30.8258],[-81.5897,30.8242],[-81.5901,30.8223]]],[[[-81.5363,30.8262],[-81.5377,30.8261],[-81.5374,30.8244],[-81.539,30.8253],[-81.539,30.8241],[-81.5408,30.8237],[-81.5411,30.8252],[-81.5388,30.827],[-81.5363,30.8262]]],[[[-81.5883,30.8273],[-81.5881,30.827],[-81.5884,30.8271],[-81.5883,30.8273]]],[[[-81.5923,30.8264],[-81.5937,30.8273],[-81.5912,30.8281],[-81.5923,30.8272],[-81.5923,30.8264]]],[[[-81.5074,30.8283],[-81.4993,30.8198],[-81.4995,30.8138],[-81.4968,30.8079],[-81.5006,30.8095],[-81.5006,30.8118],[-81.5013,30.8093],[-81.4969,30.8053],[-81.4953,30.8011],[-81.4972,30.7976],[-81.4967,30.796],[-81.4998,30.7943],[-81.5081,30.7975],[-81.5144,30.8016],[-81.5188,30.8064],[-81.5155,30.8083],[-81.519,30.8138],[-81.518,30.8173],[-81.5153,30.8171],[-81.516,30.8176],[-81.5138,30.8213],[-81.5071,30.8241],[-81.5074,30.8283]]],[[[-81.5313,30.8291],[-81.5304,30.8277],[-81.5331,30.8276],[-81.5313,30.8291]]],[[[-81.5387,30.829],[-81.5393,30.8285],[-81.5391,30.8293],[-81.5387,30.829]]],[[[-81.527,30.8292],[-81.529,30.8282],[-81.528,30.8299],[-81.527,30.8292]]],[[[-81.5189,30.8373],[-81.5082,30.8298],[-81.5082,30.8247],[-81.5115,30.8303],[-81.5099,30.8239],[-81.512,30.8275],[-81.5148,30.8289],[-81.5167,30.8277],[-81.5174,30.8252],[-81.5214,30.8238],[-81.52,30.822],[-81.5237,30.8227],[-81.5239,30.8201],[-81.5269,30.8221],[-81.524,30.8249],[-81.5245,30.8266],[-81.5296,30.826],[-81.5322,30.827],[-81.5264,30.8284],[-81.5268,30.8313],[-81.5286,30.8307],[-81.5299,30.8321],[-81.5279,30.833],[-81.5265,30.8361],[-81.524,30.837],[-81.5189,30.8373]]],[[[-81.4814,30.8331],[-81.4834,30.8345],[-81.4826,30.8375],[-81.4818,30.837],[-81.4814,30.8331]]],[[[-81.6,30.8337],[-81.5976,30.8306],[-81.5902,30.8361],[-81.586,30.8324],[-81.5871,30.8306],[-81.5909,30.8313],[-81.5983,30.8296],[-81.5983,30.8284],[-81.5945,30.8263],[-81.5976,30.8234],[-81.5968,30.8213],[-81.5984,30.8205],[-81.6014,30.823],[-81.599,30.8281],[-81.6031,30.8293],[-81.608,30.8288],[-81.6108,30.8313],[-81.6104,30.8341],[-81.6029,30.8338],[-81.6011,30.8388],[-81.5968,30.8363],[-81.6,30.8337]]],[[[-81.5325,30.8357],[-81.5342,30.8362],[-81.5244,30.8392],[-81.5254,30.8386],[-81.5325,30.8357]]],[[[-81.5098,30.8362],[-81.5152,30.8388],[-81.5149,30.8401],[-81.5136,30.8399],[-81.5098,30.8362]]],[[[-81.4887,30.8392],[-81.49,30.8374],[-81.49,30.839],[-81.4928,30.8409],[-81.4897,30.8405],[-81.4887,30.8392]]],[[[-81.4956,30.8389],[-81.4976,30.8398],[-81.4981,30.8414],[-81.4975,30.8413],[-81.4956,30.8389]]],[[[-81.5149,30.8407],[-81.5155,30.8392],[-81.5178,30.8412],[-81.5163,30.8414],[-81.5149,30.8407]]],[[[-81.5005,30.8421],[-81.4988,30.8417],[-81.4977,30.8389],[-81.5018,30.8402],[-81.5005,30.8421]]],[[[-81.5857,30.8419],[-81.5866,30.8421],[-81.5856,30.8427],[-81.5857,30.8419]]],[[[-81.5845,30.8424],[-81.5853,30.842],[-81.5847,30.8428],[-81.5845,30.8424]]],[[[-81.5081,30.8435],[-81.5032,30.8428],[-81.5025,30.8414],[-81.5081,30.8435]]],[[[-81.51,30.8438],[-81.5043,30.8413],[-81.5022,30.8386],[-81.4931,30.8351],[-81.4922,30.8297],[-81.4966,30.8301],[-81.494,30.827],[-81.4955,30.8222],[-81.498,30.8231],[-81.5042,30.8297],[-81.5073,30.8354],[-81.5113,30.8396],[-81.5154,30.8417],[-81.5181,30.8416],[-81.51,30.8438]]],[[[-81.481,30.8368],[-81.4812,30.8402],[-81.4782,30.845],[-81.475,30.8415],[-81.4801,30.8387],[-81.481,30.8368]]],[[[-81.5371,30.8449],[-81.5377,30.844],[-81.5375,30.8456],[-81.5371,30.8449]]],[[[-81.5002,30.8452],[-81.5054,30.8458],[-81.5063,30.8466],[-81.5046,30.847],[-81.5002,30.8452]]],[[[-81.5384,30.8393],[-81.5397,30.846],[-81.5387,30.848],[-81.538,30.8468],[-81.5384,30.8393]]],[[[-81.5392,30.8492],[-81.5401,30.8489],[-81.5399,30.8495],[-81.5392,30.8492]]],[[[-81.4833,30.8447],[-81.4847,30.8473],[-81.4841,30.8511],[-81.4818,30.8482],[-81.4833,30.8447]]],[[[-81.5336,30.837],[-81.5349,30.8377],[-81.5379,30.8501],[-81.5321,30.8528],[-81.523,30.8433],[-81.5246,30.8414],[-81.5336,30.837]]],[[[-81.5153,30.8547],[-81.5121,30.8526],[-81.5161,30.8542],[-81.5153,30.8547]]],[[[-81.6053,30.8564],[-81.6058,30.8556],[-81.6056,30.8564],[-81.6053,30.8564]]],[[[-81.5835,30.8584],[-81.5839,30.858],[-81.5839,30.8583],[-81.5835,30.8584]]],[[[-81.5817,30.8614],[-81.5822,30.8609],[-81.5825,30.861],[-81.5817,30.8614]]],[[[-81.582,30.8578],[-81.583,30.859],[-81.5801,30.8614],[-81.58,30.8611],[-81.582,30.8578]]],[[[-81.583,30.8613],[-81.5825,30.8624],[-81.5818,30.8622],[-81.5817,30.862],[-81.583,30.8613]]],[[[-81.5126,30.8549],[-81.5156,30.8558],[-81.5156,30.8579],[-81.5134,30.8625],[-81.51,30.8628],[-81.5083,30.861],[-81.511,30.8556],[-81.5126,30.8549]]],[[[-81.5772,30.864],[-81.5779,30.8635],[-81.578,30.864],[-81.5772,30.864]]],[[[-81.5413,30.8582],[-81.5455,30.8586],[-81.5359,30.8653],[-81.533,30.8653],[-81.5413,30.8582]]],[[[-81.5782,30.8655],[-81.5781,30.8645],[-81.5793,30.8656],[-81.5782,30.8655]]],[[[-81.4682,30.8752],[-81.4676,30.8748],[-81.4681,30.8748],[-81.4682,30.8752]]],[[[-81.5135,30.8762],[-81.5141,30.8748],[-81.515,30.8755],[-81.5135,30.8762]]],[[[-81.5349,30.8767],[-81.5339,30.8721],[-81.5352,30.8714],[-81.5375,30.8722],[-81.5384,30.8748],[-81.5381,30.8761],[-81.5349,30.8767]]],[[[-81.516,30.8756],[-81.5182,30.8761],[-81.518,30.8772],[-81.5171,30.8768],[-81.516,30.8756]]],[[[-81.5372,30.8791],[-81.5366,30.8803],[-81.5362,30.8784],[-81.5381,30.8775],[-81.5401,30.8799],[-81.5378,30.8804],[-81.5372,30.8791]]],[[[-81.5158,30.8807],[-81.5139,30.8771],[-81.5154,30.8759],[-81.5179,30.8778],[-81.52,30.8783],[-81.5158,30.8807]]],[[[-81.4779,30.8809],[-81.469,30.88],[-81.4683,30.8779],[-81.47,30.8766],[-81.475,30.8792],[-81.4779,30.8748],[-81.4796,30.8768],[-81.4843,30.878],[-81.4829,30.8763],[-81.492,30.872],[-81.4888,30.8717],[-81.4809,30.8762],[-81.4793,30.8744],[-81.4766,30.8743],[-81.4792,30.8704],[-81.4831,30.8706],[-81.4881,30.8662],[-81.4927,30.8669],[-81.495,30.8687],[-81.4964,30.8752],[-81.4914,30.8792],[-81.4794,30.8831],[-81.4779,30.8809]]],[[[-81.5372,30.8812],[-81.5393,30.8812],[-81.5378,30.8823],[-81.5387,30.8832],[-81.5372,30.8828],[-81.5372,30.8812]]],[[[-81.5411,30.8837],[-81.5408,30.882],[-81.5395,30.8827],[-81.5406,30.8798],[-81.5385,30.8727],[-81.5439,30.873],[-81.5497,30.8724],[-81.5506,30.8689],[-81.549,30.8697],[-81.5488,30.8719],[-81.5448,30.8722],[-81.5453,30.865],[-81.5472,30.8628],[-81.5464,30.8614],[-81.5476,30.8599],[-81.55,30.8604],[-81.5477,30.8648],[-81.5496,30.8666],[-81.5497,30.8649],[-81.5483,30.8641],[-81.551,30.8615],[-81.5508,30.8596],[-81.5523,30.8604],[-81.5553,30.859],[-81.5493,30.8594],[-81.5471,30.8575],[-81.5425,30.8568],[-81.5393,30.8538],[-81.5527,30.8504],[-81.5571,30.8506],[-81.5583,30.8484],[-81.5602,30.8489],[-81.5625,30.8531],[-81.5621,30.8597],[-81.5605,30.8642],[-81.5575,30.8673],[-81.5572,30.8705],[-81.5581,30.8722],[-81.5649,30.8756],[-81.5579,30.8792],[-81.5575,30.8799],[-81.5581,30.8819],[-81.5549,30.8816],[-81.5562,30.8827],[-81.5526,30.8843],[-81.5463,30.8832],[-81.5438,30.8836],[-81.5433,30.8826],[-81.5422,30.8827],[-81.5437,30.8845],[-81.5411,30.8837]]],[[[-81.4464,30.8892],[-81.4452,30.8875],[-81.4495,30.8868],[-81.4464,30.8892]]],[[[-81.4648,30.9052],[-81.4622,30.9046],[-81.4628,30.903],[-81.4607,30.9035],[-81.4489,30.8964],[-81.4476,30.8943],[-81.4485,30.8922],[-81.4575,30.8888],[-81.4858,30.8839],[-81.4954,30.8786],[-81.498,30.8752],[-81.4965,30.869],[-81.4943,30.8667],[-81.4888,30.8653],[-81.4843,30.8663],[-81.4844,30.8644],[-81.4823,30.8644],[-81.4827,30.8626],[-81.4817,30.8617],[-81.4805,30.8623],[-81.4822,30.8625],[-81.4817,30.8648],[-81.484,30.8654],[-81.4835,30.8681],[-81.4813,30.8692],[-81.4777,30.8649],[-81.4723,30.8631],[-81.469,30.8603],[-81.4677,30.8564],[-81.4689,30.8538],[-81.4786,30.8497],[-81.4868,30.861],[-81.4971,30.8676],[-81.5053,30.8775],[-81.5108,30.8803],[-81.5116,30.8824],[-81.5088,30.886],[-81.5052,30.8867],[-81.4934,30.8932],[-81.4892,30.8917],[-81.4866,30.8889],[-81.4868,30.8868],[-81.4896,30.8859],[-81.4867,30.8862],[-81.486,30.8886],[-81.4874,30.8912],[-81.4941,30.8946],[-81.4924,30.8973],[-81.4809,30.8953],[-81.4814,30.8926],[-81.478,30.8957],[-81.4779,30.8936],[-81.4763,30.8929],[-81.4743,30.8956],[-81.4741,30.8915],[-81.4723,30.891],[-81.472,30.892],[-81.4737,30.8923],[-81.4739,30.896],[-81.4773,30.8938],[-81.4765,30.898],[-81.4741,30.9002],[-81.4691,30.8919],[-81.4646,30.8947],[-81.463,30.8929],[-81.4597,30.8932],[-81.462,30.8931],[-81.4636,30.8945],[-81.463,30.8953],[-81.4651,30.8953],[-81.4685,30.8926],[-81.4696,30.8934],[-81.4665,30.8967],[-81.4695,30.9037],[-81.4648,30.9052]]],[[[-81.4706,30.9092],[-81.4711,30.9026],[-81.468,30.8968],[-81.4688,30.8955],[-81.4734,30.9018],[-81.4773,30.9017],[-81.4811,30.9054],[-81.4847,30.9021],[-81.4813,30.9047],[-81.4798,30.9039],[-81.4777,30.9007],[-81.479,30.8965],[-81.4883,30.8985],[-81.4924,30.898],[-81.4946,30.8962],[-81.4941,30.8938],[-81.4955,30.8921],[-81.4992,30.8909],[-81.496,30.8952],[-81.4957,30.9022],[-81.4921,30.9048],[-81.4831,30.9076],[-81.4778,30.9075],[-81.4706,30.9092]]],[[[-81.5137,30.9111],[-81.5159,30.9111],[-81.5139,30.9118],[-81.5137,30.9111]]],[[[-81.5171,30.9122],[-81.5173,30.9131],[-81.5166,30.9134],[-81.5163,30.9129],[-81.5171,30.9122]]],[[[-81.518,30.9136],[-81.5187,30.9129],[-81.5188,30.9145],[-81.518,30.9136]]],[[[-81.5021,30.9084],[-81.4998,30.9081],[-81.4956,30.9118],[-81.4933,30.9097],[-81.4972,30.9077],[-81.506,30.8952],[-81.5134,30.8918],[-81.5129,30.896],[-81.5141,30.8987],[-81.5108,30.9033],[-81.5128,30.9053],[-81.5046,30.9072],[-81.5057,30.9147],[-81.5031,30.9135],[-81.5021,30.9084]]],[[[-81.5145,30.9159],[-81.5151,30.9146],[-81.5152,30.9166],[-81.5145,30.9159]]],[[[-81.5211,30.9167],[-81.52,30.9138],[-81.522,30.9172],[-81.5211,30.9167]]],[[[-81.5156,30.9138],[-81.5174,30.9151],[-81.5174,30.9173],[-81.516,30.9167],[-81.5156,30.9138]]],[[[-81.5202,30.9172],[-81.5211,30.9176],[-81.5232,30.9212],[-81.522,30.9206],[-81.5202,30.9172]]],[[[-81.502,30.9234],[-81.4963,30.9225],[-81.4899,30.9287],[-81.4814,30.9303],[-81.469,30.9221],[-81.4834,30.9118],[-81.4891,30.9107],[-81.4921,30.9117],[-81.494,30.9179],[-81.4919,30.9161],[-81.4896,30.9172],[-81.4857,30.9156],[-81.4841,30.9166],[-81.4835,30.9193],[-81.4849,30.9199],[-81.4869,30.9184],[-81.4877,30.9206],[-81.4844,30.9221],[-81.4799,30.9217],[-81.4837,30.9226],[-81.4881,30.9213],[-81.4888,30.9238],[-81.4881,30.9183],[-81.4867,30.9177],[-81.4844,30.9188],[-81.4846,30.917],[-81.4871,30.9163],[-81.4891,30.918],[-81.4916,30.9172],[-81.4951,30.9187],[-81.4998,30.9167],[-81.5008,30.9175],[-81.5002,30.9202],[-81.5003,30.9219],[-81.5041,30.9227],[-81.5004,30.9214],[-81.5013,30.9186],[-81.5029,30.9187],[-81.5006,30.9165],[-81.4984,30.9161],[-81.4955,30.9182],[-81.4949,30.9127],[-81.5009,30.9091],[-81.5025,30.9141],[-81.5057,30.9156],[-81.5073,30.9118],[-81.5055,30.9076],[-81.5124,30.9064],[-81.5151,30.9073],[-81.5161,30.9087],[-81.5135,30.9099],[-81.5137,30.9137],[-81.5115,30.915],[-81.509,30.9176],[-81.5096,30.9202],[-81.5067,30.9278],[-81.5075,30.9313],[-81.502,30.9234]]],[[[-81.5184,30.9535],[-81.5127,30.9529],[-81.5197,30.9502],[-81.5237,30.9509],[-81.5231,30.9523],[-81.5184,30.9535]]],[[[-81.4059,30.9505],[-81.4037,30.9536],[-81.4036,30.9577],[-81.4027,30.958],[-81.4029,30.953],[-81.4059,30.9505]]],[[[-81.4877,30.9689],[-81.4902,30.9662],[-81.4931,30.9663],[-81.4877,30.9689]]],[[[-81.4636,30.9679],[-81.4583,30.9679],[-81.4536,30.9656],[-81.4548,30.9621],[-81.4644,30.9531],[-81.463,30.9505],[-81.458,30.9517],[-81.4573,30.9504],[-81.4633,30.9477],[-81.4641,30.9441],[-81.4661,30.9442],[-81.4677,30.9418],[-81.472,30.9465],[-81.468,30.9482],[-81.4726,30.9472],[-81.4681,30.941],[-81.4656,30.9433],[-81.4656,30.9407],[-81.463,30.9377],[-81.4647,30.9353],[-81.4642,30.9338],[-81.4666,30.932],[-81.466,30.9299],[-81.4685,30.9285],[-81.4722,30.9318],[-81.4722,30.9346],[-81.4736,30.9353],[-81.4713,30.938],[-81.4715,30.9395],[-81.4727,30.9403],[-81.4719,30.9385],[-81.4745,30.9353],[-81.4725,30.9333],[-81.4752,30.9328],[-81.4697,30.9282],[-81.4667,30.9282],[-81.463,30.933],[-81.4635,30.9357],[-81.4619,30.9368],[-81.465,30.9417],[-81.4631,30.9436],[-81.4627,30.9468],[-81.4544,30.9509],[-81.4542,30.949],[-81.4514,30.9492],[-81.4527,30.9488],[-81.4522,30.9459],[-81.4541,30.946],[-81.4549,30.9423],[-81.4535,30.9455],[-81.452,30.9452],[-81.452,30.9481],[-81.4505,30.9493],[-81.4523,30.9508],[-81.4539,30.9498],[-81.4544,30.9535],[-81.4554,30.9515],[-81.4573,30.9528],[-81.4629,30.9515],[-81.4634,30.9525],[-81.453,30.9613],[-81.4508,30.966],[-81.4495,30.9662],[-81.4483,30.9635],[-81.4488,30.9609],[-81.4472,30.9553],[-81.4438,30.9518],[-81.4445,30.947],[-81.4589,30.9339],[-81.4667,30.925],[-81.4825,30.9322],[-81.4927,30.9294],[-81.4978,30.9242],[-81.5003,30.9246],[-81.5067,30.9326],[-81.5053,30.936],[-81.5021,30.9377],[-81.4987,30.9358],[-81.4948,30.9361],[-81.4908,30.9345],[-81.4903,30.9367],[-81.4875,30.9361],[-81.4866,30.9383],[-81.4834,30.9382],[-81.4864,30.9393],[-81.4878,30.9367],[-81.491,30.9378],[-81.4916,30.9351],[-81.4947,30.9366],[-81.4992,30.9368],[-81.5013,30.9388],[-81.4901,30.9491],[-81.4873,30.9458],[-81.4863,30.9461],[-81.4871,30.9485],[-81.4825,30.9462],[-81.4814,30.947],[-81.4845,30.9473],[-81.4867,30.9491],[-81.4878,30.9487],[-81.4874,30.9463],[-81.4888,30.9493],[-81.4903,30.9496],[-81.4932,30.9464],[-81.4942,30.9485],[-81.4938,30.9469],[-81.4977,30.9443],[-81.4998,30.9479],[-81.5033,30.949],[-81.5066,30.954],[-81.5079,30.9567],[-81.5078,30.9625],[-81.496,30.9574],[-81.4873,30.9566],[-81.4768,30.9622],[-81.4763,30.9653],[-81.4723,30.9699],[-81.4668,30.9709],[-81.4635,30.969],[-81.4636,30.9679]]],[[[-81.4682,30.8752],[-81.4708,30.8748],[-81.4673,30.8781],[-81.4688,30.8807],[-81.4782,30.883],[-81.4666,30.8854],[-81.4505,30.8866],[-81.4499,30.885],[-81.4442,30.8816],[-81.4461,30.8771],[-81.4494,30.8773],[-81.4501,30.8764],[-81.4461,30.8765],[-81.4447,30.8779],[-81.4431,30.8764],[-81.4448,30.8785],[-81.4436,30.882],[-81.4494,30.8859],[-81.4439,30.8874],[-81.4449,30.8958],[-81.4477,30.901],[-81.4473,30.9039],[-81.4485,30.904],[-81.4498,30.903],[-81.4522,30.9043],[-81.4528,30.906],[-81.4523,30.9069],[-81.4515,30.9041],[-81.448,30.9054],[-81.4507,30.9081],[-81.4501,30.9113],[-81.4522,30.912],[-81.4547,30.9111],[-81.4508,30.9109],[-81.4512,30.9078],[-81.4486,30.9057],[-81.4515,30.9049],[-81.4519,30.9073],[-81.4529,30.9073],[-81.453,30.9044],[-81.45,30.9024],[-81.448,30.9037],[-81.4485,30.9016],[-81.4578,30.9051],[-81.4616,30.9083],[-81.463,30.9113],[-81.4551,30.924],[-81.4478,30.9289],[-81.4361,30.9321],[-81.4325,30.9362],[-81.4265,30.952],[-81.4278,30.9522],[-81.4265,30.9584],[-81.4201,30.9741],[-81.4158,30.9772],[-81.4079,30.9775],[-81.4081,30.9669],[-81.4044,30.9582],[-81.4078,30.9505],[-81.408,30.9387],[-81.4103,30.9333],[-81.4161,30.9274],[-81.4194,30.9315],[-81.4216,30.9316],[-81.4204,30.9343],[-81.421,30.9358],[-81.4224,30.9311],[-81.4199,30.931],[-81.4184,30.9285],[-81.425,30.9276],[-81.4227,30.9278],[-81.4222,30.9256],[-81.422,30.9277],[-81.4184,30.9277],[-81.4203,30.9257],[-81.4198,30.9238],[-81.4142,30.9233],[-81.4192,30.9213],[-81.4194,30.9198],[-81.4178,30.9179],[-81.4187,30.9212],[-81.4148,30.9218],[-81.4136,30.9231],[-81.4149,30.9245],[-81.4193,30.9242],[-81.4196,30.9254],[-81.4157,30.9268],[-81.4084,30.9335],[-81.4061,30.9378],[-81.404,30.9468],[-81.4037,30.926],[-81.4051,30.9082],[-81.4153,30.882],[-81.4286,30.8363],[-81.4308,30.8311],[-81.4401,30.8214],[-81.4469,30.8104],[-81.4553,30.7909],[-81.4601,30.7699],[-81.4611,30.7537],[-81.4595,30.742],[-81.449,30.7169],[-81.4503,30.7145],[-81.453,30.7135],[-81.4556,30.7149],[-81.4561,30.7173],[-81.4646,30.7183],[-81.4607,30.7186],[-81.4603,30.7197],[-81.4622,30.7208],[-81.4691,30.7183],[-81.4763,30.7245],[-81.4767,30.7275],[-81.4717,30.7262],[-81.4709,30.7308],[-81.468,30.7323],[-81.467,30.7345],[-81.4673,30.7359],[-81.4699,30.7368],[-81.4682,30.7416],[-81.4713,30.7421],[-81.4686,30.7429],[-81.4692,30.7457],[-81.4714,30.7457],[-81.4725,30.7434],[-81.4713,30.7435],[-81.4708,30.7455],[-81.4695,30.7451],[-81.4695,30.7431],[-81.4719,30.742],[-81.4688,30.7412],[-81.471,30.737],[-81.4676,30.7348],[-81.472,30.7306],[-81.472,30.727],[-81.4752,30.7284],[-81.4779,30.728],[-81.4827,30.7351],[-81.482,30.7383],[-81.4743,30.7513],[-81.4745,30.7542],[-81.469,30.7743],[-81.4706,30.7816],[-81.4786,30.7895],[-81.4799,30.7931],[-81.4792,30.7965],[-81.4747,30.8013],[-81.4758,30.8017],[-81.4731,30.8119],[-81.4693,30.8126],[-81.4712,30.8183],[-81.479,30.8217],[-81.4794,30.8242],[-81.4748,30.8293],[-81.4754,30.8335],[-81.4735,30.8368],[-81.4738,30.8417],[-81.4776,30.8456],[-81.4753,30.8497],[-81.4684,30.8531],[-81.4665,30.8572],[-81.4691,30.8626],[-81.4764,30.8658],[-81.4787,30.8695],[-81.4762,30.8734],[-81.4749,30.8783],[-81.4712,30.8743],[-81.4679,30.8741],[-81.4702,30.8705],[-81.4674,30.872],[-81.467,30.8741],[-81.4674,30.8752],[-81.4682,30.8752]]],[[[-81.5682,30.9748],[-81.5782,30.9824],[-81.571,30.9864],[-81.5679,30.9905],[-81.5646,30.9921],[-81.5616,30.9919],[-81.555,30.9879],[-81.5682,30.9748]]],[[[-81.4911,31.0031],[-81.4948,30.9907],[-81.4923,30.9801],[-81.4937,30.9774],[-81.499,30.9739],[-81.5064,30.9765],[-81.5165,30.9893],[-81.5126,30.995],[-81.5075,30.995],[-81.5049,30.9968],[-81.502,31.0041],[-81.4988,31.0064],[-81.4932,31.0059],[-81.4911,31.0031]]],[[[-81.5476,31.0079],[-81.5388,31.0036],[-81.5323,31.0046],[-81.5292,31.0032],[-81.5204,31.0039],[-81.5135,30.9954],[-81.5178,30.9902],[-81.5252,30.9942],[-81.5344,30.9948],[-81.5469,30.9924],[-81.5563,30.9889],[-81.5603,30.9925],[-81.564,30.9935],[-81.5652,30.9985],[-81.5663,30.9988],[-81.5655,31.0007],[-81.5594,31.0002],[-81.5532,31.0029],[-81.5526,31.0002],[-81.5509,31.0074],[-81.5476,31.0079]]],[[[-81.5368,31.0104],[-81.5335,31.0073],[-81.5348,31.006],[-81.546,31.0099],[-81.5398,31.0112],[-81.5368,31.0104]]],[[[-81.4518,31.017],[-81.4512,31.0141],[-81.4536,31.0135],[-81.4568,31.0164],[-81.4518,31.017]]],[[[-81.4987,31.0219],[-81.4983,31.0209],[-81.4992,31.0218],[-81.4987,31.0219]]],[[[-81.4998,31.0181],[-81.4978,31.018],[-81.501,31.0157],[-81.5003,31.0118],[-81.5033,31.0093],[-81.5007,31.0104],[-81.4995,31.0123],[-81.4998,31.0147],[-81.4978,31.0172],[-81.4928,31.0158],[-81.4902,31.0135],[-81.487,31.0129],[-81.4898,31.0079],[-81.4886,31.0057],[-81.4896,31.0052],[-81.4955,31.0085],[-81.5019,31.0068],[-81.504,31.0049],[-81.5083,30.9959],[-81.5119,30.9966],[-81.5144,31.0011],[-81.5188,31.0051],[-81.5288,31.0053],[-81.5377,31.0121],[-81.535,31.0149],[-81.5305,31.0166],[-81.5266,31.0132],[-81.5275,31.0103],[-81.525,31.0134],[-81.5202,31.0089],[-81.5152,31.0101],[-81.5147,31.0076],[-81.513,31.0086],[-81.5149,31.0109],[-81.5126,31.0127],[-81.5079,31.0113],[-81.5063,31.0125],[-81.5055,31.0221],[-81.4998,31.0181]]],[[[-81.4753,31.0076],[-81.4709,31.0083],[-81.4587,31.0154],[-81.4568,31.0154],[-81.4555,31.0136],[-81.4582,31.0097],[-81.4604,31.0002],[-81.4624,30.998],[-81.4742,30.9941],[-81.4863,30.9858],[-81.4915,30.9852],[-81.4918,30.9901],[-81.489,31.0045],[-81.4874,31.0039],[-81.4857,31.0002],[-81.4852,31.0002],[-81.4891,31.0078],[-81.4864,31.012],[-81.4819,31.0144],[-81.4823,31.0169],[-81.4851,31.0204],[-81.4785,31.0243],[-81.4749,31.0233],[-81.4778,31.0127],[-81.4753,31.0076]]],[[[-81.4828,31.014],[-81.4897,31.0138],[-81.4917,31.0161],[-81.4956,31.0168],[-81.5003,31.0257],[-81.4964,31.0254],[-81.4866,31.0208],[-81.4826,31.0153],[-81.4828,31.014]]],[[[-81.4545,31.0256],[-81.4539,31.0215],[-81.4525,31.0209],[-81.4646,31.016],[-81.4664,31.0172],[-81.4643,31.0179],[-81.4625,31.0197],[-81.4625,31.0206],[-81.4649,31.0203],[-81.4624,31.0227],[-81.4647,31.0237],[-81.465,31.0255],[-81.4657,31.0234],[-81.47,31.0233],[-81.4717,31.0211],[-81.4697,31.0232],[-81.4682,31.0223],[-81.4629,31.0226],[-81.4656,31.0205],[-81.4647,31.0197],[-81.4627,31.0199],[-81.4668,31.0174],[-81.466,31.0156],[-81.4636,31.0158],[-81.4731,31.0092],[-81.4755,31.0098],[-81.4756,31.015],[-81.4732,31.0223],[-81.4748,31.0255],[-81.4781,31.0267],[-81.4776,31.0275],[-81.4625,31.0295],[-81.459,31.0288],[-81.4545,31.0256]]],[[[-81.4722,31.0332],[-81.474,31.0327],[-81.4744,31.0328],[-81.4722,31.0332]]],[[[-81.4626,31.0351],[-81.4656,31.0348],[-81.4609,31.0361],[-81.4626,31.0351]]],[[[-81.54,31.0357],[-81.5416,31.0348],[-81.5404,31.0363],[-81.54,31.0357]]],[[[-81.4911,31.0425],[-81.4968,31.0441],[-81.5034,31.0553],[-81.4964,31.0542],[-81.4935,31.0526],[-81.4916,31.0494],[-81.4911,31.0425]]],[[[-81.5326,31.0766],[-81.5325,31.0784],[-81.5338,31.0803],[-81.5318,31.0781],[-81.5326,31.0766]]],[[[-81.5635,31.0886],[-81.5645,31.0887],[-81.5654,31.0906],[-81.564,31.0897],[-81.5635,31.0886]]],[[[-81.6523,31.1211],[-81.6518,31.1208],[-81.6528,31.1212],[-81.6523,31.1211]]],[[[-81.5623,31.1286],[-81.5658,31.1295],[-81.5661,31.1299],[-81.5642,31.1297],[-81.5623,31.1286]]],[[[-81.7543,31.1504],[-81.7373,31.1519],[-81.7224,31.149],[-81.717,31.145],[-81.7119,31.1378],[-81.7022,31.1339],[-81.6862,31.1224],[-81.6621,31.1256],[-81.6573,31.1232],[-81.6585,31.1212],[-81.6523,31.1206],[-81.6499,31.1169],[-81.6574,31.1187],[-81.6582,31.1183],[-81.6465,31.1146],[-81.6428,31.1176],[-81.6329,31.1074],[-81.6221,31.1162],[-81.6167,31.1163],[-81.6106,31.1125],[-81.6001,31.1154],[-81.5939,31.1151],[-81.5883,31.1179],[-81.5833,31.1147],[-81.5805,31.1149],[-81.5765,31.1173],[-81.5739,31.1252],[-81.5702,31.1285],[-81.5671,31.1294],[-81.5614,31.1278],[-81.5592,31.1252],[-81.5592,31.1216],[-81.5639,31.1075],[-81.5661,31.1044],[-81.5719,31.1011],[-81.5742,31.0948],[-81.572,31.0928],[-81.566,31.0916],[-81.563,31.0852],[-81.5571,31.0797],[-81.5527,31.0792],[-81.5476,31.0821],[-81.544,31.0826],[-81.5361,31.0798],[-81.5333,31.0749],[-81.5324,31.068],[-81.5408,31.0704],[-81.5462,31.0702],[-81.5502,31.0723],[-81.5527,31.0709],[-81.5529,31.0672],[-81.5585,31.065],[-81.564,31.0678],[-81.5684,31.0665],[-81.5661,31.0715],[-81.5699,31.0773],[-81.5696,31.0804],[-81.5627,31.0803],[-81.56,31.0789],[-81.559,31.0709],[-81.5601,31.07],[-81.5575,31.0708],[-81.5583,31.0725],[-81.5564,31.073],[-81.5569,31.0741],[-81.553,31.0732],[-81.548,31.0762],[-81.5527,31.076],[-81.5547,31.0743],[-81.5536,31.0772],[-81.5554,31.0753],[-81.5577,31.0755],[-81.558,31.0782],[-81.5603,31.0802],[-81.5677,31.0816],[-81.5698,31.0811],[-81.571,31.0792],[-81.5674,31.0708],[-81.5698,31.0666],[-81.5678,31.0658],[-81.5638,31.0669],[-81.5583,31.0642],[-81.5525,31.066],[-81.5509,31.0711],[-81.5471,31.0692],[-81.5377,31.0683],[-81.5308,31.0648],[-81.5341,31.0622],[-81.5393,31.0536],[-81.5314,31.0513],[-81.5333,31.0481],[-81.5301,31.0458],[-81.5327,31.042],[-81.5392,31.0415],[-81.543,31.0383],[-81.5438,31.0372],[-81.5416,31.0368],[-81.5416,31.034],[-81.5385,31.0365],[-81.5341,31.036],[-81.5431,31.0373],[-81.5394,31.0398],[-81.5406,31.0377],[-81.538,31.0395],[-81.5372,31.0385],[-81.5396,31.0374],[-81.5369,31.0382],[-81.539,31.0412],[-81.5318,31.042],[-81.5294,31.0461],[-81.5325,31.0483],[-81.5282,31.0496],[-81.5287,31.054],[-81.527,31.0575],[-81.5252,31.0572],[-81.5274,31.0533],[-81.5262,31.0512],[-81.5229,31.0491],[-81.5194,31.0511],[-81.5226,31.0498],[-81.5264,31.0521],[-81.5267,31.054],[-81.5241,31.0561],[-81.5256,31.0583],[-81.5278,31.0574],[-81.5292,31.055],[-81.5293,31.0494],[-81.5318,31.0525],[-81.5385,31.0541],[-81.5335,31.0614],[-81.5304,31.0639],[-81.5052,31.0531],[-81.5034,31.0506],[-81.5019,31.0443],[-81.4979,31.0407],[-81.4952,31.0332],[-81.4793,31.0266],[-81.4868,31.0221],[-81.495,31.0263],[-81.5003,31.0266],[-81.5018,31.0239],[-81.4985,31.0191],[-81.5007,31.0197],[-81.5031,31.0228],[-81.5058,31.023],[-81.5074,31.0207],[-81.5076,31.0125],[-81.5131,31.0135],[-81.5199,31.0095],[-81.5216,31.0127],[-81.5297,31.0182],[-81.5363,31.0159],[-81.5377,31.0202],[-81.5366,31.0153],[-81.5413,31.0117],[-81.5482,31.0115],[-81.5495,31.0163],[-81.5499,31.0131],[-81.547,31.01],[-81.5513,31.0086],[-81.5564,31.0034],[-81.5602,31.002],[-81.5646,31.0024],[-81.5659,31.0051],[-81.5616,31.0103],[-81.5667,31.0059],[-81.57,31.0099],[-81.5673,31.0136],[-81.5635,31.0147],[-81.5682,31.0139],[-81.5716,31.0096],[-81.5738,31.0118],[-81.5713,31.008],[-81.5739,31.0055],[-81.5767,31.0053],[-81.5816,31.0083],[-81.5833,31.0079],[-81.5849,31.0102],[-81.5844,31.0082],[-81.5837,31.0077],[-81.5819,31.0079],[-81.581,31.0065],[-81.5819,31.005],[-81.5799,31.006],[-81.5736,31.0046],[-81.5735,31.0032],[-81.5716,31.0059],[-81.5689,31.0069],[-81.567,30.9969],[-81.565,30.9932],[-81.5686,30.9915],[-81.5716,30.9873],[-81.5768,30.9839],[-81.5816,30.9841],[-81.5834,30.9862],[-81.5806,30.9901],[-81.5756,30.9903],[-81.5792,30.9913],[-81.5807,30.9911],[-81.5839,30.9873],[-81.5833,30.9843],[-81.5905,30.9849],[-81.6042,30.9808],[-81.6057,30.9917],[-81.6083,30.9953],[-81.6124,30.9977],[-81.621,30.9986],[-81.6326,30.9963],[-81.6419,30.9975],[-81.6483,30.9958],[-81.6498,31.0002],[-81.6478,31.0017],[-81.6385,31.0011],[-81.6368,31.0019],[-81.6358,31.0044],[-81.6368,31.0064],[-81.6437,31.0073],[-81.639,31.0124],[-81.6365,31.019],[-81.6454,31.0304],[-81.6472,31.0356],[-81.6575,31.0397],[-81.6685,31.0397],[-81.6791,31.0426],[-81.6829,31.0453],[-81.6864,31.0453],[-81.6882,31.05],[-81.6961,31.052],[-81.7001,31.0554],[-81.7029,31.0623],[-81.7048,31.0642],[-81.7145,31.0715],[-81.7177,31.073],[-81.7041,31.0626],[-81.7002,31.0545],[-81.6959,31.0511],[-81.6885,31.0491],[-81.6874,31.0442],[-81.6933,31.0396],[-81.7017,31.0399],[-81.7064,31.0421],[-81.7131,31.0411],[-81.7225,31.0383],[-81.7074,31.0414],[-81.7016,31.0388],[-81.6939,31.0388],[-81.6842,31.0436],[-81.6702,31.0386],[-81.6613,31.0392],[-81.6478,31.034],[-81.6474,31.0309],[-81.6385,31.0204],[-81.6385,31.0163],[-81.6444,31.01],[-81.6457,31.0072],[-81.6427,31.0049],[-81.6383,31.0052],[-81.6378,31.0034],[-81.6487,31.0031],[-81.6508,31.0017],[-81.6514,30.9995],[-81.6503,30.9961],[-81.6484,30.9947],[-81.6489,30.9917],[-81.6463,30.9862],[-81.6465,30.977],[-81.6555,30.974],[-81.6587,30.9712],[-81.6589,30.9675],[-81.6546,30.9598],[-81.6546,30.9578],[-81.6722,30.9537],[-81.6792,30.9542],[-81.6823,30.9556],[-81.6878,30.9624],[-81.6956,30.9657],[-81.702,30.9758],[-81.7096,30.9761],[-81.7192,30.9737],[-81.7245,30.9759],[-81.7311,30.9753],[-81.7429,30.9697],[-81.7502,30.9757],[-81.7529,30.9824],[-81.7594,30.9833],[-81.765,30.9818],[-81.7692,30.9846],[-81.7751,30.985],[-81.7785,30.9828],[-81.7878,30.9704],[-81.7987,30.9703],[-81.8109,30.9679],[-81.8138,30.9585],[-81.8138,30.9535],[-81.8184,30.95],[-81.8247,30.9478],[-81.8238,30.9442],[-81.8198,30.9433],[-81.8169,30.939],[-81.8114,30.9373],[-81.8145,30.9267],[-81.8195,30.9251],[-81.8213,30.9229],[-81.8212,30.9204],[-81.8184,30.9179],[-81.8222,30.9107],[-81.8292,30.9093],[-81.8342,30.906],[-81.8333,30.9041],[-81.8279,30.9039],[-81.8274,30.9004],[-81.8337,30.8999],[-81.8475,30.8874],[-81.8545,30.8886],[-81.8546,30.8901],[-81.8488,30.8901],[-81.8476,30.893],[-81.8648,30.9101],[-81.8535,30.8968],[-81.8487,30.893],[-81.8492,30.8907],[-81.8549,30.8912],[-81.856,30.8892],[-81.8489,30.886],[-81.8463,30.8864],[-81.8344,30.8981],[-81.8269,30.8999],[-81.8264,30.9038],[-81.8285,30.9051],[-81.8321,30.9049],[-81.8332,30.9061],[-81.8268,30.9088],[-81.824,30.9085],[-81.8202,30.9116],[-81.8172,30.9174],[-81.8204,30.9224],[-81.8133,30.9262],[-81.8092,30.9367],[-81.8111,30.9394],[-81.8153,30.9397],[-81.8189,30.9449],[-81.8236,30.9469],[-81.8189,30.9482],[-81.8124,30.9523],[-81.8122,30.9588],[-81.8093,30.9673],[-81.7871,30.9694],[-81.774,30.9837],[-81.7643,30.9796],[-81.7539,30.9808],[-81.7504,30.9724],[-81.7426,30.9673],[-81.7288,30.9736],[-81.7192,30.9719],[-81.712,30.974],[-81.7039,30.9742],[-81.7018,30.9723],[-81.6984,30.9651],[-81.6917,30.9615],[-81.6851,30.9545],[-81.675,30.9515],[-81.6653,30.953],[-81.6645,30.9503],[-81.6685,30.9483],[-81.6682,30.9475],[-81.6639,30.9484],[-81.6632,30.9468],[-81.6646,30.9535],[-81.6556,30.9548],[-81.6534,30.9557],[-81.6524,30.9584],[-81.6526,30.9605],[-81.6567,30.9662],[-81.6561,30.9715],[-81.6468,30.9742],[-81.6442,30.9765],[-81.6446,30.993],[-81.6436,30.9949],[-81.6332,30.9917],[-81.6153,30.9929],[-81.6141,30.9922],[-81.6133,30.9831],[-81.6113,30.9798],[-81.6067,30.9766],[-81.6003,30.9752],[-81.5892,30.9785],[-81.5769,30.9688],[-81.572,30.9668],[-81.5671,30.9668],[-81.56,30.9692],[-81.5441,30.9828],[-81.5372,30.9854],[-81.5334,30.9853],[-81.521,30.9735],[-81.5196,30.9702],[-81.5209,30.9695],[-81.5214,30.9676],[-81.5204,30.9691],[-81.5183,30.9693],[-81.509,30.9634],[-81.5088,30.9591],[-81.51,30.9573],[-81.5121,30.9567],[-81.5158,30.9588],[-81.5125,30.9563],[-81.5087,30.9576],[-81.507,30.9528],[-81.5191,30.9542],[-81.5248,30.9519],[-81.5281,30.9525],[-81.5304,30.9554],[-81.526,30.9586],[-81.5278,30.9625],[-81.5289,30.9623],[-81.5276,30.9606],[-81.5314,30.9593],[-81.5368,30.9545],[-81.5428,30.9546],[-81.5443,30.9564],[-81.5408,30.9589],[-81.5408,30.9604],[-81.5509,30.964],[-81.553,30.963],[-81.5494,30.9577],[-81.5493,30.9531],[-81.5512,30.9531],[-81.5553,30.9566],[-81.558,30.9568],[-81.5587,30.9554],[-81.5571,30.9514],[-81.5585,30.9503],[-81.5616,30.9542],[-81.5635,30.9532],[-81.5649,30.9539],[-81.5641,30.9526],[-81.5651,30.952],[-81.5689,30.9527],[-81.5711,30.9519],[-81.5736,30.9542],[-81.5772,30.9542],[-81.5818,30.959],[-81.5797,30.9621],[-81.5804,30.9633],[-81.5833,30.9633],[-81.5873,30.961],[-81.5889,30.9643],[-81.5885,30.9611],[-81.5873,30.9604],[-81.5833,30.9626],[-81.5806,30.9627],[-81.5827,30.9589],[-81.5781,30.9539],[-81.5746,30.9539],[-81.5713,30.9511],[-81.5691,30.9521],[-81.5647,30.9514],[-81.5617,30.9535],[-81.5603,30.9515],[-81.5615,30.9496],[-81.5607,30.9481],[-81.5602,30.9503],[-81.5582,30.9497],[-81.5564,30.9509],[-81.5573,30.9561],[-81.5509,30.9523],[-81.5484,30.9533],[-81.5495,30.9604],[-81.5519,30.9631],[-81.548,30.9627],[-81.5416,30.9597],[-81.5448,30.9569],[-81.5445,30.9545],[-81.5433,30.954],[-81.5364,30.9536],[-81.5318,30.958],[-81.5273,30.9595],[-81.5276,30.958],[-81.5317,30.9557],[-81.5284,30.9517],[-81.515,30.9474],[-81.5065,30.9512],[-81.5032,30.9464],[-81.4998,30.9445],[-81.5006,30.9414],[-81.5073,30.9362],[-81.5079,30.9252],[-81.5101,30.9197],[-81.51,30.9174],[-81.5117,30.9153],[-81.5148,30.9137],[-81.514,30.9167],[-81.5205,30.9197],[-81.5204,30.9218],[-81.5215,30.9212],[-81.5262,30.9241],[-81.5262,30.9227],[-81.5275,30.9224],[-81.5251,30.9216],[-81.5221,30.9163],[-81.5222,30.9114],[-81.5207,30.9137],[-81.5134,30.9042],[-81.5146,30.8994],[-81.5142,30.8918],[-81.5163,30.8867],[-81.5159,30.8813],[-81.5196,30.8792],[-81.5235,30.8792],[-81.5196,30.8777],[-81.5189,30.8757],[-81.5177,30.8756],[-81.5155,30.8725],[-81.5135,30.8719],[-81.5153,30.874],[-81.5131,30.8744],[-81.512,30.8761],[-81.5028,30.8669],[-81.498,30.8643],[-81.5006,30.8603],[-81.5032,30.8598],[-81.5106,30.8637],[-81.5114,30.8671],[-81.5123,30.8635],[-81.514,30.863],[-81.5147,30.8641],[-81.5144,30.8617],[-81.517,30.8545],[-81.5154,30.8523],[-81.5138,30.8529],[-81.5121,30.8516],[-81.5054,30.8514],[-81.5125,30.8538],[-81.5095,30.8561],[-81.5077,30.8605],[-81.5027,30.8567],[-81.4954,30.8561],[-81.4959,30.8526],[-81.4928,30.852],[-81.4954,30.8541],[-81.4951,30.8564],[-81.5044,30.8584],[-81.4962,30.8622],[-81.487,30.8562],[-81.4848,30.8504],[-81.4847,30.844],[-81.4887,30.8436],[-81.5064,30.8483],[-81.5099,30.8468],[-81.5216,30.8478],[-81.5281,30.8557],[-81.5318,30.8572],[-81.5391,30.8566],[-81.5322,30.8639],[-81.5324,30.8655],[-81.5346,30.8672],[-81.542,30.8645],[-81.5437,30.8652],[-81.543,30.8711],[-81.5348,30.8703],[-81.5335,30.8716],[-81.5347,30.8792],[-81.5367,30.8829],[-81.5425,30.8873],[-81.5428,30.8892],[-81.5451,30.8897],[-81.5409,30.8845],[-81.5453,30.8875],[-81.5436,30.8853],[-81.5451,30.885],[-81.5452,30.8838],[-81.5499,30.8842],[-81.55,30.8851],[-81.5575,30.8849],[-81.5567,30.8887],[-81.5583,30.8885],[-81.5582,30.8899],[-81.5606,30.8899],[-81.5623,30.8919],[-81.5618,30.8887],[-81.5613,30.89],[-81.5584,30.8894],[-81.5583,30.8853],[-81.5578,30.8846],[-81.5553,30.884],[-81.557,30.883],[-81.5562,30.8819],[-81.5587,30.8825],[-81.5585,30.8792],[-81.5602,30.8781],[-81.563,30.879],[-81.5619,30.8781],[-81.568,30.8748],[-81.5736,30.8737],[-81.5779,30.8712],[-81.5827,30.8713],[-81.5849,30.8672],[-81.5834,30.8597],[-81.5863,30.8557],[-81.5898,30.8555],[-81.5937,30.858],[-81.597,30.8556],[-81.5976,30.8529],[-81.6005,30.8555],[-81.6033,30.8557],[-81.6034,30.8578],[-81.599,30.8588],[-81.6039,30.8646],[-81.604,30.8667],[-81.6055,30.8678],[-81.6047,30.869],[-81.6082,30.8675],[-81.6081,30.8656],[-81.6065,30.8643],[-81.6106,30.8655],[-81.6106,30.868],[-81.6134,30.8696],[-81.6154,30.8688],[-81.6177,30.8655],[-81.6137,30.869],[-81.6113,30.868],[-81.6117,30.8656],[-81.6107,30.8649],[-81.6056,30.8638],[-81.6077,30.8667],[-81.6058,30.8671],[-81.6006,30.8588],[-81.6037,30.8585],[-81.6042,30.8564],[-81.6055,30.8569],[-81.6063,30.8553],[-81.601,30.855],[-81.5976,30.8521],[-81.5962,30.8531],[-81.5966,30.8545],[-81.5934,30.857],[-81.5905,30.8551],[-81.586,30.8544],[-81.5839,30.8572],[-81.5819,30.8526],[-81.5753,30.853],[-81.5745,30.8492],[-81.5762,30.8419],[-81.5779,30.8429],[-81.5773,30.8482],[-81.5814,30.8503],[-81.5835,30.8495],[-81.5855,30.8437],[-81.5879,30.8422],[-81.5878,30.8449],[-81.5898,30.8465],[-81.5954,30.8473],[-81.5974,30.8462],[-81.5969,30.8425],[-81.5979,30.84],[-81.6091,30.839],[-81.6122,30.8365],[-81.6134,30.8374],[-81.6129,30.8419],[-81.6135,30.8429],[-81.6166,30.8419],[-81.6191,30.8385],[-81.621,30.838],[-81.6257,30.8396],[-81.6326,30.8398],[-81.6335,30.843],[-81.6371,30.8455],[-81.639,30.8436],[-81.6377,30.8404],[-81.6401,30.8419],[-81.6448,30.8418],[-81.647,30.8446],[-81.6484,30.8429],[-81.6486,30.8404],[-81.655,30.8434],[-81.6547,30.839],[-81.657,30.837],[-81.6608,30.8386],[-81.6609,30.8406],[-81.6643,30.8389],[-81.664,30.8404],[-81.665,30.841],[-81.6654,30.8382],[-81.661,30.8401],[-81.6612,30.8381],[-81.6566,30.8362],[-81.6536,30.8388],[-81.6544,30.8428],[-81.6489,30.8395],[-81.6477,30.8403],[-81.6471,30.8438],[-81.6445,30.8409],[-81.6408,30.8411],[-81.6378,30.8397],[-81.6367,30.8424],[-81.6383,30.844],[-81.6367,30.8447],[-81.6343,30.8428],[-81.6333,30.8391],[-81.6288,30.8393],[-81.6252,30.8374],[-81.6266,30.8346],[-81.6324,30.8341],[-81.6327,30.8355],[-81.6344,30.8355],[-81.6333,30.8337],[-81.6348,30.8299],[-81.6326,30.8335],[-81.6253,30.8345],[-81.6242,30.8364],[-81.6227,30.8348],[-81.6218,30.8295],[-81.6185,30.8277],[-81.619,30.8267],[-81.6219,30.8261],[-81.6246,30.8249],[-81.6248,30.8244],[-81.6232,30.8251],[-81.6191,30.823],[-81.6226,30.8251],[-81.6185,30.8263],[-81.618,30.828],[-81.6209,30.8295],[-81.6222,30.835],[-81.6245,30.8382],[-81.6195,30.8372],[-81.6138,30.8419],[-81.6145,30.8373],[-81.6119,30.8355],[-81.6094,30.8379],[-81.6024,30.8396],[-81.6034,30.8343],[-81.6112,30.8343],[-81.6116,30.832],[-81.6111,30.8302],[-81.6082,30.8283],[-81.5997,30.828],[-81.6022,30.8233],[-81.599,30.82],[-81.5989,30.8172],[-81.5982,30.8198],[-81.5963,30.8208],[-81.5968,30.8231],[-81.5944,30.8258],[-81.5918,30.8223],[-81.5892,30.8222],[-81.5892,30.8242],[-81.5908,30.8259],[-81.5899,30.8266],[-81.5838,30.8245],[-81.5862,30.8212],[-81.5849,30.819],[-81.5823,30.8204],[-81.5785,30.8197],[-81.5854,30.8211],[-81.5832,30.8239],[-81.5846,30.827],[-81.5829,30.8293],[-81.5831,30.8303],[-81.5864,30.8256],[-81.5872,30.8281],[-81.5913,30.8267],[-81.59,30.8285],[-81.5955,30.8272],[-81.5976,30.8288],[-81.592,30.8305],[-81.5868,30.83],[-81.5854,30.8316],[-81.5856,30.8336],[-81.5902,30.8369],[-81.5979,30.8313],[-81.5988,30.8322],[-81.5989,30.8338],[-81.5962,30.8356],[-81.5976,30.8384],[-81.5954,30.8426],[-81.5963,30.8457],[-81.5921,30.8458],[-81.5892,30.8411],[-81.5857,30.8398],[-81.5823,30.8423],[-81.581,30.8483],[-81.5796,30.8418],[-81.5753,30.8409],[-81.5731,30.8519],[-81.5742,30.8556],[-81.5784,30.857],[-81.5751,30.8589],[-81.5743,30.8638],[-81.577,30.8669],[-81.5819,30.8664],[-81.5832,30.868],[-81.5719,30.8717],[-81.5612,30.8724],[-81.5619,30.8672],[-81.5687,30.8586],[-81.5683,30.8552],[-81.5637,30.8474],[-81.5616,30.8455],[-81.5573,30.8448],[-81.5447,30.8492],[-81.5414,30.848],[-81.5405,30.8408],[-81.5375,30.8336],[-81.5323,30.8313],[-81.5303,30.8319],[-81.5289,30.8298],[-81.5298,30.8288],[-81.5324,30.8296],[-81.5344,30.8269],[-81.5375,30.8276],[-81.5389,30.8298],[-81.5422,30.8274],[-81.5421,30.8305],[-81.5397,30.8303],[-81.5403,30.8315],[-81.5381,30.8321],[-81.5393,30.8323],[-81.539,30.834],[-81.5402,30.8339],[-81.54,30.8321],[-81.5414,30.8335],[-81.5427,30.8289],[-81.5442,30.8283],[-81.5427,30.8267],[-81.5396,30.8275],[-81.5418,30.8248],[-81.5412,30.8233],[-81.5392,30.8226],[-81.5431,30.8205],[-81.543,30.819],[-81.5421,30.8186],[-81.5389,30.819],[-81.5408,30.8134],[-81.5374,30.8108],[-81.5329,30.8107],[-81.5369,30.8112],[-81.5399,30.8133],[-81.5383,30.8202],[-81.5356,30.8195],[-81.5352,30.8177],[-81.535,30.8196],[-81.5367,30.8207],[-81.5363,30.825],[-81.5349,30.826],[-81.5302,30.8249],[-81.5246,30.8256],[-81.5279,30.8229],[-81.5256,30.8201],[-81.526,30.8178],[-81.5278,30.8175],[-81.5297,30.8145],[-81.525,30.8161],[-81.5243,30.8147],[-81.527,30.8108],[-81.5219,30.8045],[-81.5112,30.794],[-81.5075,30.7921],[-81.5072,30.793],[-81.5046,30.7928],[-81.4991,30.7888],[-81.4953,30.7839],[-81.4943,30.7696],[-81.4936,30.7732],[-81.4895,30.7655],[-81.4898,30.7588],[-81.4936,30.7537],[-81.4935,30.7522],[-81.497,30.7567],[-81.5021,30.7581],[-81.4967,30.7644],[-81.4977,30.7655],[-81.5021,30.7655],[-81.4979,30.7675],[-81.499,30.7683],[-81.4988,30.772],[-81.5009,30.7723],[-81.5016,30.7707],[-81.504,30.7721],[-81.5055,30.7774],[-81.5035,30.778],[-81.5057,30.7791],[-81.5028,30.7813],[-81.5048,30.7817],[-81.5035,30.7828],[-81.5051,30.7822],[-81.5049,30.7804],[-81.5063,30.7806],[-81.506,30.7751],[-81.5087,30.775],[-81.5044,30.7736],[-81.5062,30.7715],[-81.5055,30.7703],[-81.5055,30.7713],[-81.5025,30.7701],[-81.5003,30.7711],[-81.5004,30.7674],[-81.503,30.7654],[-81.4978,30.7641],[-81.5031,30.758],[-81.4975,30.756],[-81.4951,30.7515],[-81.4945,30.7466],[-81.5003,30.7352],[-81.5011,30.7292],[-81.5073,30.7261],[-81.5119,30.7288],[-81.5115,30.7318],[-81.5096,30.7332],[-81.5108,30.7358],[-81.5094,30.7369],[-81.5092,30.7394],[-81.5069,30.7399],[-81.5054,30.7424],[-81.5083,30.7473],[-81.5076,30.7522],[-81.5056,30.7534],[-81.5068,30.7564],[-81.508,30.755],[-81.5065,30.7534],[-81.5083,30.7522],[-81.5091,30.7482],[-81.5062,30.7419],[-81.507,30.7404],[-81.5099,30.7397],[-81.5099,30.7373],[-81.5114,30.7362],[-81.5104,30.7332],[-81.512,30.7319],[-81.5126,30.7292],[-81.5084,30.7256],[-81.5113,30.7242],[-81.5116,30.7226],[-81.5328,30.7239],[-81.5347,30.7199],[-81.5338,30.7121],[-81.536,30.709],[-81.5387,30.7087],[-81.5416,30.7101],[-81.546,30.7169],[-81.5484,30.7183],[-81.5526,30.7171],[-81.5583,30.7123],[-81.5618,30.7118],[-81.5636,30.714],[-81.5629,30.7176],[-81.5682,30.7189],[-81.5714,30.7216],[-81.5752,30.7227],[-81.5877,30.7236],[-81.5927,30.7189],[-81.5962,30.7187],[-81.5974,30.7202],[-81.5965,30.7275],[-81.6019,30.7296],[-81.6058,30.7273],[-81.606,30.7187],[-81.6076,30.7164],[-81.6099,30.7159],[-81.6119,30.7172],[-81.6142,30.7224],[-81.623,30.7235],[-81.6234,30.7256],[-81.6207,30.731],[-81.6222,30.7345],[-81.6248,30.7364],[-81.6289,30.7346],[-81.6288,30.7293],[-81.6299,30.7282],[-81.6327,30.7286],[-81.6347,30.733],[-81.6366,30.7339],[-81.6419,30.7289],[-81.6469,30.7274],[-81.6502,30.7279],[-81.6528,30.7294],[-81.654,30.7322],[-81.6515,30.7407],[-81.6526,30.7435],[-81.6546,30.7444],[-81.6608,30.7423],[-81.6636,30.7444],[-81.6597,30.7497],[-81.6603,30.7525],[-81.6627,30.7543],[-81.6696,30.7517],[-81.6791,30.7509],[-81.6831,30.7485],[-81.6828,30.746],[-81.6799,30.7447],[-81.6735,30.7485],[-81.6708,30.7474],[-81.6688,30.7425],[-81.6725,30.7388],[-81.6794,30.7415],[-81.6892,30.7416],[-81.6939,30.7485],[-81.7021,30.7455],[-81.7091,30.748],[-81.7201,30.7447],[-81.7321,30.7498],[-81.7332,30.7513],[-81.7314,30.7538],[-81.7319,30.755],[-81.7422,30.7593],[-81.7427,30.7608],[-81.7404,30.7636],[-81.7408,30.765],[-81.7559,30.7693],[-81.7617,30.7757],[-81.7707,30.7768],[-81.7703,30.7737],[-81.7736,30.7677],[-81.7716,30.7641],[-81.7825,30.7614],[-81.7836,30.7627],[-81.7828,30.7666],[-81.7867,30.7698],[-81.784,30.7719],[-81.7838,30.7733],[-81.7914,30.7828],[-81.7929,30.7872],[-81.7971,30.785],[-81.796,30.7821],[-81.7972,30.7815],[-81.8019,30.7869],[-81.8074,30.7901],[-81.8195,30.7899],[-81.8238,30.7868],[-81.8261,30.7888],[-81.83,30.7894],[-81.8395,30.7866],[-81.8419,30.7876],[-81.8397,30.7912],[-81.8403,30.7926],[-81.8459,30.7908],[-81.8527,30.7949],[-81.8637,30.7943],[-81.8684,30.7929],[-81.8703,30.7946],[-81.8711,30.798],[-81.8827,30.8003],[-81.8821,30.8048],[-81.8845,30.8076],[-81.8847,30.8114],[-81.8891,30.8136],[-81.8914,30.8166],[-81.891,30.8226],[-81.8921,30.8251],[-81.8955,30.8253],[-81.9012,30.8299],[-81.9049,30.8283],[-81.8921,30.91],[-81.8938,30.9086],[-81.8941,30.9054],[-81.8963,30.9048],[-81.8994,30.9086],[-81.9062,30.9088],[-81.9014,30.913],[-81.9022,30.915],[-81.9077,30.9139],[-81.9124,30.91],[-81.9155,30.9135],[-81.9109,30.9247],[-81.905,30.9319],[-81.9006,30.9401],[-81.8991,30.9457],[-81.8928,30.9505],[-81.8919,30.9602],[-81.8989,30.9627],[-81.9035,30.966],[-81.9037,30.9674],[-81.9016,30.9692],[-81.9072,30.9714],[-81.9065,30.9753],[-81.9108,30.9725],[-81.9135,30.9746],[-81.9162,30.9793],[-81.9152,30.9805],[-81.9176,30.9859],[-81.9173,30.9878],[-81.9138,30.9885],[-81.9155,30.9908],[-81.9124,30.9915],[-81.9145,30.9961],[-81.9129,30.9942],[-81.9113,30.9951],[-81.9085,30.9943],[-81.9074,30.9958],[-81.9067,31.0003],[-81.9116,31.0036],[-81.9095,31.0036],[-81.9092,31.006],[-81.911,31.0073],[-81.9088,31.0083],[-81.9115,31.0109],[-81.9092,31.0114],[-81.9083,31.014],[-81.9103,31.0161],[-81.9072,31.0166],[-81.9057,31.0188],[-81.9068,31.0205],[-81.904,31.0211],[-81.9041,31.0247],[-81.9068,31.0232],[-81.9085,31.0241],[-81.9078,31.0263],[-81.9058,31.0264],[-81.9067,31.0287],[-81.9026,31.0284],[-81.9063,31.0308],[-81.9058,31.0329],[-81.9041,31.0335],[-81.9063,31.0352],[-81.9047,31.0372],[-81.9064,31.04],[-81.9115,31.0432],[-81.9145,31.0434],[-81.9164,31.0419],[-81.9165,31.0441],[-81.9178,31.045],[-81.9188,31.0424],[-81.9232,31.0426],[-81.9284,31.0481],[-81.9313,31.0469],[-81.9358,31.0476],[-81.9322,31.0492],[-81.9328,31.0503],[-81.936,31.0499],[-81.9367,31.0511],[-81.9318,31.0565],[-81.9369,31.0605],[-81.9318,31.064],[-81.9293,31.061],[-81.9261,31.0612],[-81.9274,31.0793],[-81.9244,31.0814],[-81.9237,31.0884],[-81.9191,31.0893],[-81.9212,31.092],[-81.9183,31.0919],[-81.9159,31.0953],[-81.9127,31.0937],[-81.9119,31.0943],[-81.9135,31.0957],[-81.9112,31.0971],[-81.8896,31.1008],[-81.881,31.0985],[-81.8407,31.0977],[-81.8379,31.1031],[-81.8329,31.1081],[-81.832,31.1164],[-81.8247,31.1244],[-81.8188,31.1368],[-81.8016,31.1513],[-81.7907,31.146],[-81.7882,31.1522],[-81.7662,31.1697],[-81.7636,31.1681],[-81.7628,31.1654],[-81.765,31.159],[-81.7641,31.1545],[-81.7543,31.1504]]]]}},{"type":"Feature","properties":{"leaid":"1300810","name":"Candler County School District","kind":"Unified","gradeLow":"PK","gradeHigh":"12","state":"GA"},"geometry":{"type":"Polygon","coordinates":[[[-82.0798,32.5601],[-81.971,32.5132],[-81.9733,32.5118],[-81.9726,32.5085],[-81.9742,32.5048],[-81.9798,32.5013],[-81.9788,32.4985],[-81.9769,32.4977],[-81.974,32.4867],[-81.9764,32.4789],[-81.9738,32.472],[-81.9741,32.47],[-81.9718,32.4678],[-81.9682,32.4677],[-81.9668,32.4652],[-81.964,32.4635],[-81.9641,32.4585],[-81.9621,32.4525],[-81.9573,32.4515],[-81.9561,32.4482],[-81.9466,32.4396],[-81.9438,32.4394],[-81.9432,32.4372],[-81.9409,32.4367],[-81.9398,32.4349],[-81.9407,32.432],[-81.9388,32.4294],[-81.9399,32.4263],[-81.9367,32.4228],[-81.9325,32.4202],[-81.924,32.419],[-81.9214,32.416],[-81.9187,32.4154],[-81.9375,32.3573],[-81.949,32.3152],[-81.9523,32.3109],[-81.9514,32.3039],[-81.9568,32.2947],[-81.9569,32.2862],[-81.96,32.2846],[-81.9619,32.2776],[-81.9643,32.2742],[-81.9688,32.2711],[-81.9691,32.2688],[-81.9998,32.2762],[-82.0253,32.2789],[-82.2274,32.3177],[-82.2328,32.3188],[-82.2327,32.3201],[-82.2345,32.3196],[-82.2343,32.3223],[-82.2377,32.3232],[-82.2395,32.3267],[-82.2383,32.3286],[-82.2361,32.3287],[-82.24,32.3326],[-82.2376,32.3354],[-82.2402,32.341],[-82.2382,32.3446],[-82.2439,32.3484],[-82.2449,32.3466],[-82.246,32.3486],[-82.2494,32.3491],[-82.2503,32.3479],[-82.2525,32.351],[-82.2538,32.3504],[-82.2546,32.3515],[-82.2002,32.4165],[-82.1879,32.4336],[-82.1811,32.4741],[-82.1483,32.5204],[-82.0798,32.5601]]]}},{"type":"Feature","properties":{"leaid":"1301200","name":"Clay County School District","kind":"Unified","gradeLow":"PK","gradeHigh":"12","state":"GA"},"geometry":{"type":"Polygon","coordinates":[[[-84.9586,31.7779],[-84.9593,31.7134],[-84.9494,31.7134],[-84.9498,31.6799],[-84.9405,31.6799],[-84.9406,31.6723],[-84.931,31.6723],[-84.9313,31.6554],[-84.9425,31.6556],[-84.9424,31.6187],[-84.8178,31.6198],[-84.818,31.602],[-84.8279,31.6019],[-84.8281,31.5925],[-84.8182,31.5932],[-84.8184,31.5657],[-84.7991,31.5653],[-84.8102,31.5565],[-84.8103,31.5477],[-84.8189,31.5479],[-84.8196,31.5309],[-84.81,31.5308],[-84.8099,31.519],[-84.8078,31.5189],[-84.808,31.5144],[-84.8199,31.5144],[-84.8198,31.5012],[-84.9378,31.5033],[-84.9392,31.5021],[-84.9422,31.5024],[-84.9469,31.4988],[-84.9497,31.4989],[-84.9573,31.4958],[-84.9597,31.4927],[-84.964,31.4935],[-84.9643,31.4953],[-84.9714,31.4973],[-84.974,31.4969],[-84.977,31.4928],[-84.9863,31.4889],[-84.9979,31.4872],[-85.0019,31.4878],[-85.0065,31.4859],[-85.0292,31.4861],[-85.0294,31.5187],[-85.0336,31.5164],[-85.0376,31.5159],[-85.0399,31.5178],[-85.0455,31.5171],[-85.0446,31.5209],[-85.0476,31.5238],[-85.0483,31.526],[-85.0418,31.5378],[-85.0414,31.5425],[-85.0425,31.546],[-85.0508,31.5556],[-85.0529,31.5629],[-85.058,31.5708],[-85.0553,31.5771],[-85.0584,31.5837],[-85.0581,31.5936],[-85.056,31.6052],[-85.0606,31.6082],[-85.0575,31.6186],[-85.0595,31.6217],[-85.0738,31.6296],[-85.08,31.6369],[-85.0862,31.6386],[-85.087,31.641],[-85.0826,31.6503],[-85.078,31.6516],[-85.0791,31.6548],[-85.0924,31.66],[-85.1094,31.6775],[-85.1139,31.6869],[-85.1223,31.6913],[-85.1254,31.6948],[-85.1265,31.7168],[-85.1222,31.7228],[-85.1222,31.7265],[-85.1189,31.7327],[-85.122,31.7441],[-85.1292,31.7587],[-85.1252,31.7671],[-85.1411,31.7805],[-85.0738,31.7791],[-85.0739,31.7714],[-85.0484,31.7711],[-85.0266,31.771],[-85.0265,31.7789],[-84.9586,31.7779]]]}},{"type":"Feature","properties":{"leaid":"1300840","name":"Carroll County School District","kind":"Unified","gradeLow":"PK","gradeHigh":"12","state":"GA"},"geometry":{"type":"MultiPolygon","coordinates":[[[[-85.0771,33.5472],[-85.0786,33.5463],[-85.0785,33.5472],[-85.0771,33.5472]]],[[[-85.0771,33.5497],[-85.0776,33.5493],[-85.0777,33.5497],[-85.0771,33.5497]]],[[[-85.0752,33.5502],[-85.076,33.5494],[-85.0771,33.5497],[-85.0771,33.5502],[-85.0752,33.5502]]],[[[-85.0383,33.591],[-85.0384,33.588],[-85.0411,33.5895],[-85.0411,33.5916],[-85.0383,33.591]]],[[[-85.0389,33.5938],[-85.0388,33.5928],[-85.0399,33.5932],[-85.0389,33.5938]]],[[[-85.1007,33.6004],[-85.0994,33.5979],[-85.1002,33.5945],[-85.0997,33.5979],[-85.101,33.5999],[-85.102,33.6],[-85.102,33.5975],[-85.1024,33.5987],[-85.1023,33.6003],[-85.1007,33.6004]]],[[[-85.0917,33.6012],[-85.093,33.6006],[-85.093,33.6013],[-85.0917,33.6012]]],[[[-85.0943,33.6013],[-85.0932,33.6006],[-85.0944,33.6006],[-85.0943,33.6013]]],[[[-85.0896,33.6029],[-85.0916,33.6013],[-85.0917,33.6029],[-85.0896,33.6029]]],[[[-85.1011,33.6047],[-85.1016,33.6031],[-85.1038,33.6047],[-85.1011,33.6047]]],[[[-85.0917,33.6061],[-85.0917,33.6042],[-85.0939,33.6043],[-85.0937,33.6025],[-85.0955,33.601],[-85.0939,33.6051],[-85.0956,33.6055],[-85.0917,33.6061]]],[[[-85.0865,33.6079],[-85.0868,33.6063],[-85.0872,33.6078],[-85.0865,33.6079]]],[[[-85.0923,33.6079],[-85.0882,33.6082],[-85.0891,33.6065],[-85.0923,33.6079]]],[[[-85.0869,33.6088],[-85.0864,33.6084],[-85.0873,33.6088],[-85.0869,33.6088]]],[[[-85.049,33.8123],[-85.0379,33.8119],[-84.9712,33.7996],[-84.9186,33.7863],[-84.9017,33.7807],[-84.9023,33.7306],[-84.9109,33.731],[-84.911,33.729],[-84.911,33.7221],[-84.9016,33.722],[-84.9014,33.7188],[-84.9058,33.5734],[-84.83,33.5738],[-84.83,33.5766],[-84.8243,33.5766],[-84.8243,33.5736],[-84.8092,33.5741],[-84.8109,33.5712],[-84.8249,33.5632],[-84.828,33.5536],[-84.8332,33.5471],[-84.8312,33.5435],[-84.8261,33.5401],[-84.8214,33.5309],[-84.8153,33.5245],[-84.8149,33.522],[-84.8184,33.5184],[-84.8281,33.5134],[-84.843,33.5148],[-84.8491,33.5131],[-84.8512,33.5111],[-84.8522,33.5018],[-84.8553,33.4959],[-84.8583,33.4939],[-84.8666,33.4917],[-84.8767,33.4921],[-84.8837,33.4857],[-84.8948,33.4783],[-84.9025,33.4758],[-84.9085,33.4698],[-84.9083,33.4618],[-84.9093,33.4595],[-84.9167,33.4576],[-84.9192,33.4557],[-84.9205,33.4523],[-84.9192,33.4485],[-84.9205,33.446],[-84.9319,33.4422],[-84.9354,33.4374],[-84.9374,33.4368],[-84.9446,33.4369],[-84.9505,33.4409],[-84.9545,33.4393],[-84.9661,33.4488],[-84.9729,33.4518],[-84.9776,33.4558],[-84.9828,33.4574],[-84.9862,33.4565],[-84.989,33.453],[-84.9852,33.4458],[-84.9856,33.4421],[-84.9972,33.435],[-85.0125,33.4305],[-85.0154,33.4255],[-85.2938,33.4281],[-85.3382,33.6531],[-85.2897,33.6521],[-85.1952,33.6825],[-85.1951,33.6779],[-85.1871,33.6816],[-85.1867,33.6782],[-85.1886,33.6757],[-85.1844,33.6705],[-85.1777,33.6687],[-85.1777,33.675],[-85.17,33.6756],[-85.17,33.6866],[-85.1643,33.6855],[-85.1643,33.684],[-85.1593,33.6839],[-85.1593,33.681],[-85.1529,33.6813],[-85.1519,33.6785],[-85.1499,33.6788],[-85.1499,33.6801],[-85.1515,33.68],[-85.1521,33.6831],[-85.1461,33.6838],[-85.1448,33.6885],[-85.1396,33.6901],[-85.1395,33.6917],[-85.1453,33.6926],[-85.1473,33.6925],[-85.15,33.6898],[-85.1511,33.6904],[-85.1467,33.6939],[-85.1435,33.6986],[-85.139,33.7],[-85.137,33.7],[-85.1354,33.6982],[-85.1349,33.6999],[-85.1294,33.6998],[-85.1297,33.6914],[-85.1102,33.6913],[-85.109,33.69],[-85.1052,33.6919],[-85.1052,33.6943],[-85.1071,33.6945],[-85.0665,33.7107],[-85.0665,33.715],[-85.0509,33.7146],[-85.049,33.8123]],[[-85.0911,33.6334],[-85.0966,33.6303],[-85.0966,33.6253],[-85.1031,33.6249],[-85.1002,33.6232],[-85.1015,33.6211],[-85.1006,33.6173],[-85.111,33.6175],[-85.111,33.6191],[-85.1074,33.622],[-85.1068,33.6263],[-85.1117,33.6284],[-85.1147,33.6251],[-85.1148,33.6216],[-85.1111,33.6215],[-85.1113,33.6175],[-85.1142,33.6175],[-85.1146,33.6153],[-85.119,33.6131],[-85.1172,33.6112],[-85.1153,33.605],[-85.1129,33.605],[-85.1129,33.6034],[-85.1154,33.6032],[-85.1135,33.6012],[-85.111,33.601],[-85.1112,33.602],[-85.1099,33.6021],[-85.1081,33.6008],[-85.1103,33.6008],[-85.1106,33.5943],[-85.1099,33.5954],[-85.107,33.5954],[-85.1079,33.5927],[-85.1025,33.5918],[-85.1045,33.5908],[-85.1042,33.5884],[-85.1087,33.5883],[-85.1094,33.5867],[-85.1094,33.5844],[-85.1057,33.5833],[-85.1078,33.5829],[-85.1079,33.581],[-85.1059,33.5801],[-85.1147,33.5819],[-85.1149,33.5844],[-85.1174,33.5844],[-85.1173,33.5821],[-85.1269,33.5821],[-85.1285,33.5806],[-85.1286,33.5843],[-85.1368,33.5845],[-85.1389,33.5841],[-85.1382,33.5808],[-85.1406,33.5807],[-85.1463,33.5759],[-85.1513,33.576],[-85.1522,33.5779],[-85.1516,33.5833],[-85.1529,33.5832],[-85.1529,33.5845],[-85.1669,33.5846],[-85.1638,33.579],[-85.1671,33.5789],[-85.1693,33.5826],[-85.1757,33.5807],[-85.1766,33.5848],[-85.1822,33.5849],[-85.1813,33.5727],[-85.1861,33.5728],[-85.1862,33.5683],[-85.1706,33.5679],[-85.1747,33.5741],[-85.1777,33.5758],[-85.1674,33.5758],[-85.1673,33.5781],[-85.1634,33.5781],[-85.1621,33.5756],[-85.1635,33.5725],[-85.1594,33.5716],[-85.1567,33.5682],[-85.1548,33.5683],[-85.1523,33.5708],[-85.1522,33.5685],[-85.1404,33.569],[-85.1322,33.5679],[-85.1304,33.5632],[-85.1325,33.5634],[-85.1329,33.5593],[-85.1314,33.5592],[-85.1314,33.5615],[-85.1291,33.5619],[-85.1269,33.5608],[-85.127,33.5596],[-85.1255,33.5598],[-85.1266,33.5626],[-85.1258,33.5639],[-85.13,33.5666],[-85.1287,33.5677],[-85.1171,33.5679],[-85.1171,33.5615],[-85.1153,33.5614],[-85.116,33.5564],[-85.1133,33.5564],[-85.1135,33.5617],[-85.1085,33.5637],[-85.1106,33.5658],[-85.1113,33.5647],[-85.1135,33.5676],[-85.108,33.567],[-85.1079,33.563],[-85.1091,33.5625],[-85.108,33.5592],[-85.113,33.5591],[-85.111,33.5576],[-85.1132,33.5569],[-85.1132,33.5549],[-85.1079,33.5548],[-85.1078,33.5522],[-85.1046,33.5535],[-85.1047,33.5567],[-85.097,33.5568],[-85.097,33.5548],[-85.0914,33.5549],[-85.0911,33.553],[-85.089,33.5533],[-85.089,33.5511],[-85.0912,33.5511],[-85.0919,33.5492],[-85.0911,33.5453],[-85.0865,33.5443],[-85.0838,33.5398],[-85.0826,33.542],[-85.0797,33.5418],[-85.0798,33.5406],[-85.0757,33.5405],[-85.0743,33.5416],[-85.0738,33.5406],[-85.0704,33.5407],[-85.0704,33.5419],[-85.074,33.542],[-85.0739,33.5443],[-85.0724,33.5446],[-85.0738,33.546],[-85.0738,33.5479],[-85.0725,33.5482],[-85.0733,33.5502],[-85.0708,33.5512],[-85.0716,33.5546],[-85.0678,33.5536],[-85.0671,33.5558],[-85.0663,33.5536],[-85.0639,33.5536],[-85.0646,33.5564],[-85.0599,33.5581],[-85.0561,33.5579],[-85.0573,33.5591],[-85.054,33.5607],[-85.0527,33.558],[-85.0542,33.557],[-85.0497,33.5568],[-85.049,33.5629],[-85.0518,33.5622],[-85.0522,33.5634],[-85.0482,33.5685],[-85.0414,33.562],[-85.0434,33.5605],[-85.0397,33.5605],[-85.0376,33.5584],[-85.0437,33.5585],[-85.0439,33.5527],[-85.0397,33.5531],[-85.0397,33.552],[-85.0453,33.5525],[-85.0471,33.5515],[-85.0484,33.5529],[-85.0498,33.5526],[-85.0496,33.5512],[-85.0465,33.5501],[-85.0453,33.546],[-85.0408,33.5455],[-85.0427,33.5427],[-85.0419,33.5416],[-85.0388,33.5422],[-85.0385,33.5442],[-85.0343,33.544],[-85.0341,33.5474],[-85.0291,33.5484],[-85.0289,33.5503],[-85.0322,33.5534],[-85.0311,33.5541],[-85.0332,33.5562],[-85.031,33.558],[-85.0339,33.558],[-85.0339,33.5621],[-85.0386,33.562],[-85.0385,33.563],[-85.0364,33.563],[-85.0364,33.5639],[-85.0385,33.5639],[-85.0383,33.5705],[-85.0338,33.5706],[-85.0309,33.5661],[-85.0218,33.5659],[-85.0218,33.5672],[-85.0206,33.5672],[-85.0204,33.5658],[-85.0179,33.5658],[-85.0168,33.5726],[-85.0144,33.5771],[-85.0177,33.5778],[-85.0165,33.5782],[-85.0174,33.5799],[-85.0203,33.5785],[-85.0203,33.5794],[-85.0229,33.5796],[-85.0229,33.5778],[-85.024,33.5789],[-85.031,33.5793],[-85.031,33.5781],[-85.0288,33.5781],[-85.0288,33.576],[-85.0402,33.575],[-85.0418,33.5733],[-85.0428,33.5745],[-85.0413,33.5774],[-85.0413,33.5828],[-85.0371,33.5829],[-85.0371,33.5868],[-85.0335,33.5861],[-85.0335,33.588],[-85.0379,33.5872],[-85.0379,33.5911],[-85.0355,33.5911],[-85.0355,33.5963],[-85.0326,33.5964],[-85.0331,33.5975],[-85.03,33.5983],[-85.03,33.5993],[-85.0281,33.5994],[-85.0282,33.5909],[-85.0229,33.5909],[-85.0229,33.6032],[-85.0209,33.6051],[-85.0219,33.6072],[-85.0185,33.6074],[-85.0185,33.6094],[-85.0113,33.6107],[-85.0098,33.6151],[-85.0173,33.6164],[-85.0254,33.616],[-85.0253,33.6074],[-85.0231,33.6042],[-85.0278,33.602],[-85.028,33.6049],[-85.03,33.6057],[-85.0307,33.6008],[-85.0293,33.6007],[-85.0317,33.599],[-85.031,33.6011],[-85.0329,33.6004],[-85.033,33.605],[-85.0326,33.6062],[-85.0294,33.6061],[-85.0293,33.6078],[-85.0306,33.6078],[-85.0295,33.6097],[-85.032,33.6093],[-85.033,33.6078],[-85.0381,33.6078],[-85.0381,33.5995],[-85.0426,33.5995],[-85.0432,33.5985],[-85.0442,33.6001],[-85.0427,33.6002],[-85.0428,33.6121],[-85.045,33.6081],[-85.0538,33.6081],[-85.0538,33.6048],[-85.0565,33.6071],[-85.0519,33.6106],[-85.061,33.6116],[-85.0612,33.6166],[-85.0685,33.6169],[-85.0705,33.6134],[-85.0706,33.6083],[-85.0793,33.6083],[-85.0796,33.6064],[-85.0777,33.6058],[-85.0795,33.6057],[-85.0807,33.6095],[-85.0834,33.6098],[-85.0844,33.609],[-85.0825,33.606],[-85.0857,33.611],[-85.0879,33.6102],[-85.0911,33.6135],[-85.0915,33.6109],[-85.0925,33.6121],[-85.1023,33.6113],[-85.0982,33.6156],[-85.0971,33.6143],[-85.0931,33.6154],[-85.0916,33.614],[-85.0897,33.6157],[-85.0895,33.6174],[-85.0908,33.618],[-85.0926,33.6163],[-85.0937,33.6172],[-85.0924,33.6179],[-85.0966,33.6167],[-85.0992,33.6175],[-85.0997,33.6191],[-85.0958,33.6191],[-85.0997,33.6226],[-85.1001,33.6249],[-85.0915,33.625],[-85.0916,33.6217],[-85.0825,33.6216],[-85.0817,33.6226],[-85.0843,33.6261],[-85.0867,33.6259],[-85.0871,33.6284],[-85.091,33.6284],[-85.0911,33.6334]],[[-85.0926,33.5431],[-85.0914,33.5459],[-85.0922,33.5483],[-85.0942,33.5484],[-85.0947,33.5513],[-85.1022,33.5512],[-85.1021,33.5478],[-85.0988,33.5477],[-85.0989,33.5439],[-85.1022,33.543],[-85.0926,33.5431]]]]}},{"type":"Feature","properties":{"leaid":"1300870","name":"Carrollton City School District","kind":"Unified","gradeLow":"PK","gradeHigh":"12","state":"GA"},"geometry":{"type":"MultiPolygon","coordinates":[[[[-85.0947,33.5513],[-85.0942,33.5484],[-85.0922,33.5483],[-85.0914,33.5459],[-85.0926,33.5431],[-85.1022,33.543],[-85.0989,33.5439],[-85.0988,33.5477],[-85.1021,33.5478],[-85.1022,33.5512],[-85.0947,33.5513]]],[[[-85.0911,33.6334],[-85.091,33.6284],[-85.0871,33.6284],[-85.0867,33.6259],[-85.0843,33.6261],[-85.0817,33.6226],[-85.0825,33.6216],[-85.0916,33.6217],[-85.0915,33.625],[-85.1001,33.6249],[-85.0997,33.6226],[-85.0958,33.6191],[-85.0997,33.6191],[-85.0992,33.6175],[-85.0966,33.6167],[-85.0924,33.6179],[-85.0937,33.6172],[-85.0926,33.6163],[-85.0908,33.618],[-85.0895,33.6174],[-85.0897,33.6157],[-85.0916,33.614],[-85.0931,33.6154],[-85.0971,33.6143],[-85.0982,33.6156],[-85.1023,33.6113],[-85.0925,33.6121],[-85.0915,33.6109],[-85.0911,33.6135],[-85.0879,33.6102],[-85.0857,33.611],[-85.0825,33.606],[-85.0844,33.609],[-85.0836,33.6097],[-85.0807,33.6095],[-85.0795,33.6057],[-85.0777,33.6058],[-85.0796,33.6064],[-85.0793,33.6083],[-85.0706,33.6083],[-85.0705,33.6134],[-85.0685,33.6169],[-85.0612,33.6166],[-85.061,33.6116],[-85.0519,33.6106],[-85.0565,33.6071],[-85.0538,33.6048],[-85.0538,33.6081],[-85.045,33.6081],[-85.0428,33.6121],[-85.0427,33.6002],[-85.0442,33.6001],[-85.0432,33.5985],[-85.0426,33.5995],[-85.0381,33.5995],[-85.0381,33.6078],[-85.033,33.6078],[-85.032,33.6093],[-85.0295,33.6097],[-85.0306,33.6078],[-85.0293,33.6078],[-85.0294,33.6061],[-85.0326,33.6062],[-85.033,33.605],[-85.0329,33.6004],[-85.031,33.6011],[-85.0317,33.599],[-85.0293,33.6007],[-85.0307,33.6008],[-85.03,33.6057],[-85.028,33.6049],[-85.0278,33.602],[-85.0231,33.6042],[-85.0253,33.6074],[-85.0254,33.616],[-85.0173,33.6164],[-85.0098,33.6151],[-85.0113,33.6107],[-85.0185,33.6094],[-85.0185,33.6074],[-85.0219,33.6072],[-85.0209,33.6051],[-85.0229,33.6032],[-85.0229,33.5909],[-85.0282,33.5909],[-85.0281,33.5994],[-85.03,33.5993],[-85.03,33.5983],[-85.0331,33.5975],[-85.0326,33.5964],[-85.0355,33.5963],[-85.0355,33.5911],[-85.0379,33.5911],[-85.0379,33.5872],[-85.0335,33.588],[-85.0335,33.5861],[-85.0371,33.5868],[-85.0371,33.5829],[-85.0413,33.5828],[-85.0413,33.5774],[-85.0428,33.5745],[-85.0418,33.5733],[-85.0402,33.575],[-85.0288,33.576],[-85.0288,33.5781],[-85.031,33.5781],[-85.031,33.5793],[-85.024,33.5789],[-85.0229,33.5778],[-85.0229,33.5796],[-85.0203,33.5794],[-85.0203,33.5785],[-85.0174,33.5799],[-85.0165,33.5782],[-85.0177,33.5778],[-85.0144,33.5771],[-85.0168,33.5726],[-85.0179,33.5658],[-85.0204,33.5658],[-85.0206,33.5672],[-85.0218,33.5672],[-85.0218,33.5659],[-85.0309,33.5661],[-85.0338,33.5706],[-85.0383,33.5705],[-85.0385,33.5639],[-85.0364,33.5639],[-85.0364,33.563],[-85.0385,33.563],[-85.0386,33.562],[-85.0339,33.5621],[-85.0339,33.558],[-85.031,33.558],[-85.0332,33.5562],[-85.0311,33.5541],[-85.0322,33.5534],[-85.0289,33.5503],[-85.0291,33.5484],[-85.0341,33.5474],[-85.0343,33.544],[-85.0385,33.5442],[-85.0388,33.5422],[-85.0419,33.5416],[-85.0427,33.5427],[-85.0408,33.5455],[-85.0453,33.546],[-85.0465,33.5501],[-85.0496,33.5512],[-85.0498,33.5526],[-85.0484,33.5529],[-85.0471,33.5515],[-85.0453,33.5525],[-85.0397,33.552],[-85.0397,33.5531],[-85.0439,33.5527],[-85.0437,33.5585],[-85.0376,33.5584],[-85.0397,33.5605],[-85.0434,33.5605],[-85.0414,33.562],[-85.0482,33.5685],[-85.0522,33.5634],[-85.0518,33.5622],[-85.049,33.5629],[-85.0497,33.5568],[-85.0542,33.557],[-85.0527,33.558],[-85.054,33.5607],[-85.0573,33.5591],[-85.0561,33.5579],[-85.0599,33.5581],[-85.0646,33.5564],[-85.0639,33.5536],[-85.0663,33.5536],[-85.0671,33.5558],[-85.0678,33.5536],[-85.0716,33.5546],[-85.0708,33.5512],[-85.0733,33.5502],[-85.0725,33.5482],[-85.0738,33.5479],[-85.0738,33.546],[-85.0724,33.5446],[-85.0739,33.5443],[-85.074,33.542],[-85.0704,33.5419],[-85.0704,33.5407],[-85.0738,33.5406],[-85.0743,33.5416],[-85.0757,33.5405],[-85.0798,33.5406],[-85.0797,33.5418],[-85.0826,33.542],[-85.0838,33.5398],[-85.0865,33.5443],[-85.0911,33.5453],[-85.0919,33.5492],[-85.0912,33.5511],[-85.089,33.5511],[-85.089,33.5533],[-85.0911,33.553],[-85.0914,33.5549],[-85.097,33.5548],[-85.097,33.5568],[-85.1047,33.5567],[-85.1046,33.5535],[-85.1078,33.5522],[-85.1079,33.5548],[-85.1132,33.5549],[-85.1132,33.5569],[-85.111,33.5576],[-85.113,33.5591],[-85.108,33.5592],[-85.1091,33.5625],[-85.1079,33.563],[-85.108,33.567],[-85.1135,33.5676],[-85.1113,33.5647],[-85.1106,33.5658],[-85.1085,33.5637],[-85.1135,33.5617],[-85.1133,33.5564],[-85.116,33.5564],[-85.1153,33.5614],[-85.1171,33.5615],[-85.1171,33.5679],[-85.1287,33.5677],[-85.13,33.5666],[-85.1258,33.5639],[-85.1266,33.5626],[-85.1255,33.5598],[-85.127,33.5596],[-85.1269,33.5608],[-85.1291,33.5619],[-85.1314,33.5615],[-85.1314,33.5592],[-85.1329,33.5593],[-85.1325,33.5634],[-85.1304,33.5632],[-85.1322,33.5679],[-85.1404,33.569],[-85.1522,33.5685],[-85.1523,33.5708],[-85.1548,33.5683],[-85.1567,33.5682],[-85.1594,33.5716],[-85.1635,33.5725],[-85.1621,33.5756],[-85.1634,33.5781],[-85.1673,33.5781],[-85.1674,33.5758],[-85.1777,33.5758],[-85.1747,33.5741],[-85.1706,33.5679],[-85.1862,33.5683],[-85.1861,33.5728],[-85.1813,33.5727],[-85.1822,33.5849],[-85.1766,33.5848],[-85.1757,33.5807],[-85.1693,33.5826],[-85.1671,33.5789],[-85.1638,33.579],[-85.1669,33.5846],[-85.1529,33.5845],[-85.1529,33.5832],[-85.1516,33.5833],[-85.1522,33.5779],[-85.1513,33.576],[-85.1463,33.5759],[-85.1406,33.5807],[-85.1382,33.5808],[-85.1389,33.5841],[-85.1368,33.5845],[-85.1286,33.5843],[-85.1285,33.5806],[-85.1269,33.5821],[-85.1173,33.5821],[-85.1174,33.5844],[-85.1149,33.5844],[-85.1147,33.5819],[-85.1059,33.5801],[-85.1079,33.581],[-85.1078,33.5829],[-85.1057,33.5833],[-85.1094,33.5844],[-85.1094,33.5867],[-85.1087,33.5883],[-85.1042,33.5884],[-85.1045,33.5908],[-85.1025,33.5918],[-85.1079,33.5927],[-85.107,33.5954],[-85.1099,33.5954],[-85.1106,33.5943],[-85.1103,33.6008],[-85.1081,33.6008],[-85.1099,33.6021],[-85.1112,33.602],[-85.111,33.601],[-85.1135,33.6012],[-85.1154,33.6032],[-85.1129,33.6034],[-85.1129,33.605],[-85.1153,33.605],[-85.1172,33.6112],[-85.119,33.6131],[-85.1146,33.6153],[-85.1142,33.6175],[-85.1113,33.6175],[-85.1111,33.6215],[-85.1148,33.6216],[-85.1147,33.6251],[-85.1117,33.6284],[-85.1068,33.6263],[-85.1074,33.622],[-85.111,33.6191],[-85.111,33.6175],[-85.1006,33.6173],[-85.1015,33.6211],[-85.1002,33.6232],[-85.1031,33.6249],[-85.0966,33.6253],[-85.0966,33.6303],[-85.0934,33.6331],[-85.0911,33.6334]],[[-85.0869,33.6088],[-85.0864,33.6084],[-85.0862,33.6089],[-85.0869,33.6088]],[[-85.0922,33.6082],[-85.0891,33.6065],[-85.0882,33.6082],[-85.0922,33.6082]],[[-85.0865,33.6079],[-85.0868,33.6063],[-85.0862,33.6064],[-85.0865,33.6079]],[[-85.0917,33.6061],[-85.0956,33.6055],[-85.0939,33.6051],[-85.0955,33.601],[-85.0937,33.6025],[-85.0939,33.6043],[-85.0917,33.6042],[-85.0917,33.6061]],[[-85.0917,33.6029],[-85.0916,33.6013],[-85.0898,33.6015],[-85.0896,33.6029],[-85.0917,33.6029]],[[-85.0932,33.6006],[-85.0943,33.6013],[-85.0944,33.6006],[-85.0932,33.6006]],[[-85.093,33.6013],[-85.0917,33.6006],[-85.0917,33.6012],[-85.093,33.6013]],[[-85.1011,33.6031],[-85.1011,33.6047],[-85.1038,33.6047],[-85.1031,33.6034],[-85.1011,33.6031]],[[-85.1009,33.6004],[-85.1023,33.6003],[-85.1024,33.5987],[-85.102,33.5975],[-85.102,33.6],[-85.101,33.5999],[-85.0997,33.5979],[-85.1005,33.5958],[-85.1002,33.5945],[-85.0994,33.5979],[-85.1009,33.6004]],[[-85.0399,33.5932],[-85.0388,33.5928],[-85.0389,33.5938],[-85.0399,33.5932]],[[-85.0411,33.5916],[-85.0411,33.5895],[-85.0384,33.588],[-85.0384,33.5916],[-85.0411,33.5916]],[[-85.0771,33.5502],[-85.0769,33.5493],[-85.0751,33.5497],[-85.0752,33.5502],[-85.0771,33.5502]],[[-85.0771,33.5497],[-85.0776,33.5493],[-85.0771,33.5493],[-85.0771,33.5497]],[[-85.0786,33.5463],[-85.0772,33.5463],[-85.0771,33.5472],[-85.0785,33.5472],[-85.0786,33.5463]]]]}},{"type":"Feature","properties":{"leaid":"1300930","name":"Catoosa County School District","kind":"Unified","gradeLow":"PK","gradeHigh":"12","state":"GA"},"geometry":{"type":"Polygon","coordinates":[[[-85.1448,34.7676],[-85.1599,34.7679],[-85.1598,34.7752],[-85.2019,34.7751],[-85.2022,34.8545],[-85.2648,34.8543],[-85.2651,34.9851],[-84.9799,34.9876],[-84.9797,34.9728],[-84.9974,34.9724],[-84.9979,34.9402],[-85.0001,34.9384],[-84.9995,34.9368],[-85.0029,34.9323],[-85.0034,34.9282],[-85.0057,34.9272],[-85.0063,34.9212],[-85.0078,34.9199],[-85.0071,34.9181],[-85.0094,34.9177],[-85.0091,34.9153],[-85.0113,34.9116],[-85.0138,34.9115],[-85.0139,34.9008],[-85.0234,34.9008],[-85.0233,34.8711],[-85.0327,34.8711],[-85.0327,34.8637],[-85.0616,34.8636],[-85.0616,34.8195],[-85.1053,34.8192],[-85.1054,34.8123],[-85.1227,34.8121],[-85.1226,34.8192],[-85.1317,34.8197],[-85.1319,34.8145],[-85.137,34.8021],[-85.1448,34.7676]]]}},{"type":"Feature","properties":{"leaid":"1300990","name":"Charlton County School District","kind":"Unified","gradeLow":"PK","gradeHigh":"12","state":"GA"},"geometry":{"type":"Polygon","coordinates":[[[-81.9846,31.0579],[-81.9313,31.0469],[-81.9284,31.0481],[-81.9232,31.0426],[-81.9188,31.0424],[-81.9178,31.045],[-81.9165,31.0441],[-81.9164,31.0419],[-81.9145,31.0434],[-81.9115,31.0432],[-81.9064,31.04],[-81.9047,31.0372],[-81.9063,31.0352],[-81.9041,31.0335],[-81.9058,31.0329],[-81.9063,31.0308],[-81.9026,31.0284],[-81.9067,31.0287],[-81.9058,31.0264],[-81.9078,31.0263],[-81.9085,31.0241],[-81.9068,31.0232],[-81.9041,31.0247],[-81.904,31.0211],[-81.9068,31.0205],[-81.9057,31.0188],[-81.9072,31.0166],[-81.9103,31.0161],[-81.9083,31.014],[-81.9092,31.0114],[-81.9115,31.0109],[-81.9088,31.0083],[-81.911,31.0073],[-81.9092,31.006],[-81.9095,31.0036],[-81.9116,31.0036],[-81.9067,31.0003],[-81.9074,30.9958],[-81.9085,30.9943],[-81.9113,30.9951],[-81.9129,30.9942],[-81.9145,30.9961],[-81.9124,30.9915],[-81.9155,30.9908],[-81.9138,30.9885],[-81.9173,30.9878],[-81.9176,30.9859],[-81.9152,30.9805],[-81.9162,30.9793],[-81.9135,30.9746],[-81.9108,30.9725],[-81.9065,30.9753],[-81.9072,30.9714],[-81.9016,30.9692],[-81.9037,30.9674],[-81.9035,30.966],[-81.8989,30.9627],[-81.8919,30.9602],[-81.8928,30.9505],[-81.8991,30.9457],[-81.9006,30.9401],[-81.905,30.9319],[-81.9109,30.9247],[-81.9155,30.9135],[-81.9124,30.91],[-81.9077,30.9139],[-81.9022,30.915],[-81.9014,30.913],[-81.9062,30.9088],[-81.8994,30.9086],[-81.8963,30.9048],[-81.8941,30.9054],[-81.8938,30.9086],[-81.8921,30.91],[-81.9049,30.8283],[-81.9073,30.8256],[-81.9042,30.819],[-81.9054,30.8168],[-81.9073,30.8175],[-81.9091,30.8157],[-81.9186,30.8178],[-81.9219,30.8168],[-81.9241,30.8179],[-81.9284,30.8174],[-81.9298,30.8201],[-81.9353,30.8211],[-81.9335,30.8234],[-81.9361,30.8245],[-81.9363,30.8278],[-81.9388,30.8298],[-81.9391,30.8272],[-81.9428,30.8285],[-81.942,30.8256],[-81.9498,30.8278],[-81.9645,30.8173],[-81.9612,30.814],[-81.9639,30.8129],[-81.9619,30.8087],[-81.965,30.8068],[-81.9617,30.801],[-81.9622,30.797],[-81.969,30.7913],[-81.9701,30.7844],[-81.9733,30.779],[-81.978,30.7766],[-81.981,30.777],[-81.9887,30.7804],[-81.9956,30.7868],[-81.9974,30.7864],[-82.0038,30.7918],[-82.0059,30.7904],[-82.0079,30.793],[-82.0083,30.7911],[-82.0104,30.7913],[-82.0103,30.79],[-82.0138,30.7891],[-82.0132,30.7911],[-82.0167,30.7915],[-82.0177,30.7902],[-82.0169,30.7879],[-82.0225,30.788],[-82.0238,30.7836],[-82.0213,30.7793],[-82.0193,30.7783],[-82.0197,30.7772],[-82.0174,30.7758],[-82.0188,30.7746],[-82.0184,30.7726],[-82.0152,30.772],[-82.0125,30.767],[-82.0136,30.7654],[-82.0114,30.7643],[-82.0116,30.7619],[-82.0202,30.7578],[-82.0174,30.7559],[-82.0179,30.7548],[-82.0214,30.7552],[-82.0218,30.7536],[-82.0315,30.7503],[-82.0361,30.7548],[-82.0393,30.7494],[-82.0389,30.7437],[-82.0406,30.74],[-82.0389,30.7362],[-82.0425,30.7335],[-82.0441,30.7312],[-82.0419,30.7301],[-82.0456,30.7273],[-82.0385,30.7226],[-82.0396,30.7193],[-82.0371,30.7185],[-82.0389,30.7177],[-82.039,30.715],[-82.0368,30.713],[-82.0359,30.7062],[-82.0398,30.7022],[-82.0396,30.7007],[-82.0429,30.7009],[-82.0412,30.6994],[-82.044,30.6974],[-82.0417,30.6962],[-82.0412,30.691],[-82.043,30.6901],[-82.0437,30.6839],[-82.0484,30.6824],[-82.0463,30.6811],[-82.0503,30.6761],[-82.0483,30.6689],[-82.046,30.6664],[-82.0481,30.665],[-82.0465,30.6608],[-82.0477,30.661],[-82.0483,30.6629],[-82.0494,30.662],[-82.049,30.6553],[-82.0471,30.6533],[-82.0443,30.6529],[-82.0461,30.6521],[-82.0416,30.649],[-82.0386,30.6409],[-82.0402,30.6397],[-82.0388,30.6387],[-82.0405,30.636],[-82.039,30.636],[-82.0392,30.634],[-82.0358,30.6319],[-82.0367,30.63],[-82.0332,30.6295],[-82.035,30.6268],[-82.0317,30.625],[-82.0316,30.6195],[-82.0295,30.6192],[-82.03,30.6219],[-82.0283,30.622],[-82.0283,30.6186],[-82.0263,30.6134],[-82.0289,30.6117],[-82.0268,30.6109],[-82.0272,30.6067],[-82.0237,30.6068],[-82.0151,30.6006],[-82.0144,30.5963],[-82.0131,30.5961],[-82.0122,30.5939],[-82.0128,30.5903],[-82.0112,30.589],[-82.0122,30.5863],[-82.0111,30.5872],[-82.0102,30.5864],[-82.0108,30.5837],[-82.0089,30.5829],[-82.0081,30.581],[-82.009,30.5801],[-82.0061,30.5771],[-82.008,30.577],[-82.0062,30.575],[-82.0079,30.575],[-82.0065,30.5729],[-82.0081,30.5721],[-82.0082,30.5697],[-82.0058,30.5651],[-82.0084,30.5637],[-82.0054,30.5637],[-82.008,30.5603],[-82.0107,30.5607],[-82.01,30.5579],[-82.0085,30.5581],[-82.0096,30.5562],[-82.0084,30.5545],[-82.0111,30.5535],[-82.01,30.5504],[-82.0132,30.5499],[-82.0134,30.5424],[-82.0158,30.5395],[-82.0174,30.5353],[-82.0166,30.5347],[-82.019,30.533],[-82.0176,30.5323],[-82.0183,30.5285],[-82.0154,30.5285],[-82.0164,30.5269],[-82.0182,30.5275],[-82.0186,30.5238],[-82.0172,30.524],[-82.0163,30.5219],[-82.0186,30.5195],[-82.0179,30.5187],[-82.0155,30.5201],[-82.0146,30.5123],[-82.0156,30.5079],[-82.017,30.5071],[-82.0171,30.5021],[-82.0152,30.4999],[-82.0161,30.4966],[-82.0178,30.4958],[-82.0157,30.4948],[-82.018,30.4921],[-82.0164,30.4887],[-82.0171,30.4856],[-82.0155,30.484],[-82.0174,30.4844],[-82.0192,30.483],[-82.0174,30.4799],[-82.0193,30.479],[-82.0169,30.4751],[-82.0236,30.4672],[-82.0242,30.4645],[-82.0223,30.4614],[-82.0283,30.4554],[-82.0269,30.4537],[-82.0273,30.4519],[-82.0288,30.4525],[-82.0296,30.4507],[-82.0281,30.4473],[-82.0325,30.4416],[-82.0339,30.4423],[-82.0361,30.4385],[-82.04,30.4367],[-82.0395,30.4344],[-82.0377,30.4355],[-82.0353,30.4309],[-82.0353,30.428],[-82.0338,30.4276],[-82.036,30.425],[-82.0341,30.42],[-82.0376,30.4175],[-82.0405,30.4176],[-82.0391,30.4171],[-82.0395,30.4155],[-82.041,30.4166],[-82.0438,30.4149],[-82.0408,30.4149],[-82.041,30.4137],[-82.0434,30.413],[-82.0419,30.4113],[-82.0436,30.4106],[-82.0439,30.408],[-82.0413,30.4067],[-82.0447,30.404],[-82.0402,30.3943],[-82.0401,30.3914],[-82.0358,30.385],[-82.0382,30.3822],[-82.0368,30.3814],[-82.0377,30.3799],[-82.0366,30.3781],[-82.0382,30.3773],[-82.0388,30.3747],[-82.0368,30.3751],[-82.0381,30.3729],[-82.0372,30.3718],[-82.0408,30.3706],[-82.0422,30.3689],[-82.0418,30.3676],[-82.0445,30.3677],[-82.0421,30.3654],[-82.0451,30.3663],[-82.0455,30.3651],[-82.0472,30.3653],[-82.0478,30.3635],[-82.0581,30.3592],[-82.0624,30.3606],[-82.0629,30.3588],[-82.0654,30.3585],[-82.0649,30.3564],[-82.0662,30.3558],[-82.0687,30.3591],[-82.0727,30.3614],[-82.0811,30.3588],[-82.0833,30.3603],[-82.0947,30.3607],[-82.0987,30.3641],[-82.1011,30.3628],[-82.1006,30.3644],[-82.1024,30.3644],[-82.1016,30.3666],[-82.1052,30.3689],[-82.1072,30.3671],[-82.1104,30.3667],[-82.1103,30.3652],[-82.1115,30.3676],[-82.1128,30.3669],[-82.1133,30.3683],[-82.1158,30.3681],[-82.1181,30.3644],[-82.1215,30.3654],[-82.1222,30.3668],[-82.1249,30.3664],[-82.1269,30.3683],[-82.1287,30.3671],[-82.1276,30.3654],[-82.1339,30.3622],[-82.1371,30.3625],[-82.1369,30.3642],[-82.14,30.3649],[-82.1441,30.3635],[-82.1445,30.3622],[-82.1478,30.3622],[-82.1485,30.3609],[-82.1501,30.3618],[-82.1579,30.3601],[-82.158,30.359],[-82.1618,30.3571],[-82.1632,30.3589],[-82.1651,30.3581],[-82.1674,30.36],[-82.17,30.3589],[-82.1728,30.3616],[-82.1737,30.3651],[-82.181,30.3687],[-82.1802,30.3726],[-82.1835,30.3733],[-82.1847,30.3789],[-82.1871,30.379],[-82.1899,30.3762],[-82.1928,30.3791],[-82.1934,30.3833],[-82.1918,30.3846],[-82.1934,30.388],[-82.1947,30.3895],[-82.1966,30.3883],[-82.1991,30.3896],[-82.1981,30.3918],[-82.2014,30.3953],[-82.2029,30.4013],[-82.2046,30.4026],[-82.2033,30.4036],[-82.2038,30.4053],[-82.2068,30.4069],[-82.2053,30.4082],[-82.2065,30.4103],[-82.2057,30.4119],[-82.2084,30.4143],[-82.2064,30.4172],[-82.208,30.4175],[-82.2085,30.4198],[-82.2075,30.4211],[-82.2092,30.4213],[-82.2109,30.4254],[-82.209,30.4283],[-82.2098,30.4289],[-82.2087,30.4317],[-82.2097,30.4331],[-82.2064,30.4357],[-82.2074,30.4392],[-82.2038,30.445],[-82.2057,30.451],[-82.2041,30.4529],[-82.2045,30.4553],[-82.2074,30.457],[-82.2077,30.4604],[-82.2062,30.4624],[-82.2064,30.4685],[-82.2045,30.4688],[-82.2044,30.4711],[-82.201,30.4747],[-82.2015,30.4801],[-82.2032,30.4822],[-82.2013,30.4853],[-82.2061,30.4907],[-82.2067,30.4932],[-82.2116,30.4973],[-82.2126,30.5005],[-82.2251,30.5077],[-82.2303,30.5173],[-82.2293,30.5206],[-82.2308,30.5266],[-82.2374,30.5322],[-82.2404,30.5378],[-82.2389,30.5455],[-82.2344,30.5488],[-82.2342,30.5577],[-82.2239,30.5653],[-82.2173,30.5652],[-82.2144,30.5668],[-82.1499,30.7843],[-82.1782,30.791],[-82.4204,30.7952],[-82.4151,30.9525],[-82.4156,31.0136],[-82.0812,31.0106],[-82.0609,31.0758],[-81.9846,31.0579]]]}},{"type":"Feature","properties":{"leaid":"1301020","name":"Chatham County School District","kind":"Unified","gradeLow":"PK","gradeHigh":"12","state":"GA"},"geometry":{"type":"MultiPolygon","coordinates":[[[[-81.0956,31.754],[-81.0935,31.7536],[-81.0977,31.752],[-81.0957,31.7531],[-81.0956,31.754]]],[[[-81.0893,31.8444],[-81.0815,31.842],[-81.0805,31.8402],[-81.0775,31.8402],[-81.0763,31.8356],[-81.0813,31.8356],[-81.0893,31.8444]]],[[[-81.1076,31.8532],[-81.1243,31.8521],[-81.1228,31.8509],[-81.131,31.8499],[-81.1118,31.8507],[-81.0953,31.8471],[-81.0907,31.8446],[-81.0905,31.8436],[-81.0946,31.8456],[-81.0861,31.8384],[-81.0817,31.8318],[-81.0796,31.832],[-81.0778,31.8293],[-81.0711,31.8286],[-81.0577,31.8234],[-81.0566,31.819],[-81.0654,31.8148],[-81.0659,31.8107],[-81.0631,31.8056],[-81.0648,31.8044],[-81.0698,31.8059],[-81.0766,31.8117],[-81.0791,31.8108],[-81.0818,31.8059],[-81.0867,31.8064],[-81.085,31.8107],[-81.0863,31.8127],[-81.0906,31.8147],[-81.0858,31.8107],[-81.0876,31.8069],[-81.0851,31.8051],[-81.0859,31.8029],[-81.0839,31.8005],[-81.0848,31.7957],[-81.0892,31.7932],[-81.0912,31.7903],[-81.0912,31.7943],[-81.0925,31.7952],[-81.0959,31.7953],[-81.0969,31.7939],[-81.0967,31.7909],[-81.1038,31.787],[-81.1039,31.7859],[-81.1022,31.784],[-81.0932,31.7839],[-81.0952,31.7814],[-81.0939,31.7807],[-81.0921,31.782],[-81.0917,31.783],[-81.0947,31.7814],[-81.0923,31.7834],[-81.0927,31.7846],[-81.1016,31.7845],[-81.1034,31.7867],[-81.0962,31.7902],[-81.0958,31.7946],[-81.0919,31.7943],[-81.0926,31.791],[-81.0913,31.7898],[-81.0855,31.7937],[-81.0826,31.8009],[-81.0851,31.8037],[-81.0805,31.805],[-81.0772,31.8105],[-81.0684,31.8032],[-81.0658,31.8028],[-81.0623,31.8043],[-81.0613,31.8076],[-81.0642,31.8108],[-81.0645,31.8135],[-81.0537,31.8184],[-81.0484,31.8248],[-81.0424,31.824],[-81.0375,31.8214],[-81.0369,31.8127],[-81.0473,31.8029],[-81.053,31.7951],[-81.062,31.7769],[-81.0681,31.7687],[-81.0771,31.7612],[-81.0833,31.7605],[-81.0925,31.7549],[-81.093,31.7565],[-81.0957,31.7552],[-81.1059,31.7449],[-81.1209,31.7332],[-81.1306,31.7227],[-81.1384,31.7209],[-81.141,31.724],[-81.1425,31.7301],[-81.1492,31.744],[-81.1492,31.7547],[-81.1506,31.7585],[-81.1475,31.7574],[-81.1461,31.7581],[-81.1454,31.7659],[-81.1508,31.7682],[-81.1509,31.7709],[-81.1518,31.7714],[-81.1537,31.7695],[-81.157,31.7699],[-81.1588,31.7666],[-81.1585,31.7651],[-81.156,31.7658],[-81.1559,31.7642],[-81.1554,31.766],[-81.1584,31.7664],[-81.1572,31.7691],[-81.1534,31.7688],[-81.1517,31.7708],[-81.151,31.7677],[-81.1461,31.7657],[-81.1471,31.7585],[-81.1499,31.7595],[-81.1515,31.7588],[-81.1499,31.747],[-81.1509,31.7453],[-81.1535,31.7458],[-81.1545,31.7488],[-81.1591,31.7517],[-81.1698,31.7561],[-81.1711,31.7583],[-81.1677,31.7674],[-81.1598,31.7777],[-81.1543,31.7761],[-81.1494,31.771],[-81.1466,31.7725],[-81.1419,31.7828],[-81.146,31.7857],[-81.1513,31.7869],[-81.1553,31.792],[-81.1474,31.7961],[-81.1451,31.7953],[-81.1442,31.793],[-81.147,31.7894],[-81.1433,31.7854],[-81.1466,31.7895],[-81.1436,31.7919],[-81.1439,31.7954],[-81.1476,31.7972],[-81.1522,31.7973],[-81.1492,31.7965],[-81.1563,31.7921],[-81.153,31.7871],[-81.1429,31.7821],[-81.1493,31.7718],[-81.1534,31.7768],[-81.1584,31.7792],[-81.1589,31.7849],[-81.166,31.796],[-81.1684,31.797],[-81.1724,31.7962],[-81.1712,31.804],[-81.1681,31.8066],[-81.168,31.8095],[-81.1603,31.812],[-81.1573,31.8103],[-81.1557,31.8106],[-81.1602,31.8124],[-81.1665,31.8111],[-81.1692,31.8094],[-81.1693,31.8062],[-81.1722,31.8038],[-81.1735,31.796],[-81.1718,31.7949],[-81.1671,31.7957],[-81.1645,31.7905],[-81.1786,31.7921],[-81.1804,31.7932],[-81.1747,31.807],[-81.1762,31.816],[-81.1621,31.819],[-81.1531,31.8172],[-81.1453,31.8199],[-81.1434,31.818],[-81.1451,31.8118],[-81.1445,31.8099],[-81.1323,31.8016],[-81.1233,31.8017],[-81.1266,31.7967],[-81.1202,31.796],[-81.1198,31.7996],[-81.1177,31.801],[-81.1202,31.8002],[-81.1206,31.7965],[-81.1254,31.7977],[-81.1227,31.7994],[-81.1219,31.8017],[-81.1282,31.8085],[-81.1248,31.8065],[-81.1207,31.8106],[-81.1254,31.8071],[-81.1285,31.8096],[-81.1285,31.807],[-81.1253,31.8039],[-81.1289,31.8024],[-81.138,31.8063],[-81.1435,31.8117],[-81.1419,31.8156],[-81.1353,31.8159],[-81.1289,31.8222],[-81.1193,31.8199],[-81.1143,31.8203],[-81.115,31.8252],[-81.1088,31.8286],[-81.1081,31.8344],[-81.1015,31.8351],[-81.0992,31.839],[-81.1005,31.8394],[-81.1001,31.8413],[-81.1045,31.8364],[-81.109,31.8359],[-81.1132,31.8378],[-81.1095,31.8385],[-81.1086,31.8416],[-81.1166,31.8381],[-81.1153,31.8362],[-81.1205,31.8382],[-81.1171,31.8384],[-81.1155,31.8409],[-81.1122,31.8413],[-81.1119,31.843],[-81.105,31.847],[-81.1093,31.8464],[-81.114,31.8421],[-81.1178,31.8406],[-81.1203,31.8414],[-81.122,31.8395],[-81.1217,31.835],[-81.1193,31.8367],[-81.1102,31.8338],[-81.1098,31.8294],[-81.1157,31.8269],[-81.1168,31.8219],[-81.1296,31.8235],[-81.1338,31.8187],[-81.1384,31.8162],[-81.1427,31.8209],[-81.1451,31.8216],[-81.1536,31.8202],[-81.1579,31.8217],[-81.1586,31.8228],[-81.1562,31.8347],[-81.1536,31.8383],[-81.1469,31.8419],[-81.1406,31.8369],[-81.1394,31.8397],[-81.1417,31.838],[-81.1457,31.8444],[-81.1351,31.8519],[-81.1307,31.8535],[-81.1298,31.8522],[-81.1123,31.8542],[-81.1076,31.8532]]],[[[-81.0996,31.8547],[-81.1022,31.8551],[-81.1047,31.8565],[-81.1026,31.8566],[-81.0996,31.8547]]],[[[-81.107,31.8596],[-81.1095,31.8589],[-81.1097,31.8593],[-81.107,31.8596]]],[[[-81.0682,31.8579],[-81.0662,31.8587],[-81.0568,31.8569],[-81.0591,31.8501],[-81.0628,31.8447],[-81.0737,31.8515],[-81.0795,31.8532],[-81.0834,31.8572],[-81.0827,31.8617],[-81.0801,31.8639],[-81.0759,31.8605],[-81.0682,31.8579]]],[[[-81.0864,31.8802],[-81.0829,31.8705],[-81.0833,31.865],[-81.0863,31.8628],[-81.0844,31.8617],[-81.0851,31.8587],[-81.0886,31.8668],[-81.0887,31.8781],[-81.0864,31.8802]]],[[[-81.2106,31.8891],[-81.2175,31.8893],[-81.2045,31.8929],[-81.2106,31.8891]]],[[[-80.975,31.8955],[-80.9779,31.8956],[-80.9792,31.8968],[-80.9772,31.897],[-80.975,31.8955]]],[[[-81.1296,31.8929],[-81.1347,31.8957],[-81.1358,31.9005],[-81.13,31.8939],[-81.1296,31.8929]]],[[[-81.1076,31.8919],[-81.1197,31.8925],[-81.1276,31.8974],[-81.1199,31.9008],[-81.1157,31.8989],[-81.1076,31.8919]]],[[[-81.2342,31.8998],[-81.2363,31.8996],[-81.2334,31.9013],[-81.2342,31.8998]]],[[[-81.119,31.9017],[-81.1188,31.901],[-81.1204,31.9015],[-81.119,31.9017]]],[[[-81.2336,31.9038],[-81.2328,31.9029],[-81.2343,31.9022],[-81.2336,31.9038]]],[[[-80.9938,31.9036],[-80.9961,31.9042],[-80.9957,31.9062],[-80.9935,31.9044],[-80.9938,31.9036]]],[[[-81.0086,31.9029],[-81.0077,31.8856],[-81.0098,31.8832],[-81.0102,31.8805],[-81.0131,31.8847],[-81.017,31.8844],[-81.0172,31.882],[-81.0144,31.8783],[-81.0198,31.8818],[-81.0221,31.8821],[-81.0257,31.8808],[-81.0206,31.8814],[-81.0146,31.8776],[-81.0136,31.8794],[-81.0168,31.8827],[-81.0164,31.8838],[-81.0133,31.8841],[-81.0119,31.8804],[-81.0101,31.8794],[-81.0084,31.8836],[-81.0071,31.8842],[-80.9998,31.8725],[-81.0009,31.8686],[-81.0224,31.8674],[-81.0244,31.8679],[-81.0253,31.8699],[-81.0261,31.8678],[-81.0283,31.868],[-81.0312,31.8727],[-81.0354,31.8734],[-81.0365,31.8748],[-81.0415,31.8762],[-81.052,31.8757],[-81.0554,31.8773],[-81.0521,31.8865],[-81.0462,31.8883],[-81.0426,31.8933],[-81.0401,31.8937],[-81.0358,31.8901],[-81.0367,31.8883],[-81.0405,31.8872],[-81.0399,31.8834],[-81.0419,31.8819],[-81.0396,31.8831],[-81.0398,31.8868],[-81.035,31.8886],[-81.0286,31.8887],[-81.027,31.8918],[-81.0266,31.898],[-81.0227,31.9007],[-81.018,31.9074],[-81.0132,31.9067],[-81.0086,31.9029]]],[[[-81.2536,31.9094],[-81.2568,31.9059],[-81.2604,31.9065],[-81.2622,31.9086],[-81.2536,31.9094]]],[[[-80.9956,31.9087],[-80.9969,31.9086],[-80.9971,31.9088],[-80.9957,31.9099],[-80.9956,31.9087]]],[[[-80.97,31.9173],[-80.9622,31.9105],[-80.9688,31.9128],[-80.9697,31.911],[-80.9689,31.9079],[-80.9672,31.9082],[-80.9688,31.9104],[-80.9683,31.9124],[-80.9631,31.9095],[-80.9616,31.9099],[-80.962,31.912],[-80.9651,31.9136],[-80.9644,31.9144],[-80.9565,31.9102],[-80.9589,31.909],[-80.9588,31.9077],[-80.9551,31.9075],[-80.9583,31.9085],[-80.9556,31.9098],[-80.957,31.9121],[-80.9442,31.9125],[-80.943,31.9116],[-80.9432,31.909],[-80.9425,31.9127],[-80.9414,31.913],[-80.9345,31.9092],[-80.9392,31.9036],[-80.9423,31.9011],[-80.9419,31.9026],[-80.9429,31.9018],[-80.9473,31.8962],[-80.9745,31.8752],[-80.9915,31.8584],[-80.998,31.8565],[-81.0019,31.8576],[-81.0033,31.8602],[-80.9982,31.8668],[-80.9968,31.8725],[-80.99,31.8758],[-80.984,31.8767],[-80.9823,31.8783],[-80.9822,31.8852],[-80.9732,31.8883],[-80.9733,31.8902],[-80.9775,31.8918],[-80.9688,31.8942],[-80.9689,31.8956],[-80.9707,31.8944],[-80.9754,31.8998],[-80.9729,31.9019],[-80.9753,31.902],[-80.9763,31.9],[-80.9782,31.9004],[-80.9758,31.9025],[-80.9776,31.9061],[-80.9775,31.9129],[-80.9736,31.9137],[-80.9732,31.9159],[-80.97,31.9173]]],[[[-81.1401,31.8966],[-81.1441,31.8996],[-81.1466,31.9098],[-81.1522,31.914],[-81.147,31.9184],[-81.1449,31.9181],[-81.1411,31.9135],[-81.1399,31.9082],[-81.1401,31.8966]]],[[[-81.2551,31.9235],[-81.2568,31.9222],[-81.2554,31.9244],[-81.2551,31.9235]]],[[[-80.9825,31.9259],[-80.9752,31.9234],[-80.9719,31.9188],[-80.9743,31.9159],[-80.9742,31.9141],[-80.9773,31.914],[-80.9771,31.9176],[-80.9807,31.9192],[-80.9782,31.9218],[-80.979,31.9237],[-80.9827,31.9245],[-80.9869,31.9234],[-80.9861,31.9248],[-80.9825,31.9259]]],[[[-81.2699,31.925],[-81.2729,31.9264],[-81.2627,31.9293],[-81.265,31.927],[-81.2699,31.925]]],[[[-81.2599,31.9291],[-81.2617,31.9292],[-81.2597,31.9292],[-81.2599,31.9291]]],[[[-81.0726,31.9271],[-81.0776,31.9302],[-81.08,31.9332],[-81.0744,31.9305],[-81.0726,31.9271]]],[[[-81.15,31.925],[-81.1536,31.9251],[-81.165,31.9295],[-81.162,31.9304],[-81.158,31.9344],[-81.1561,31.9346],[-81.152,31.9317],[-81.15,31.925]]],[[[-80.9829,31.9315],[-80.9841,31.9323],[-80.9852,31.9409],[-80.9826,31.9377],[-80.9829,31.9315]]],[[[-81.2719,31.9429],[-81.272,31.9409],[-81.2736,31.9436],[-81.2719,31.9429]]],[[[-81.0836,31.9469],[-81.0774,31.9458],[-81.0799,31.9427],[-81.0793,31.9398],[-81.0765,31.9364],[-81.0763,31.9334],[-81.0979,31.9422],[-81.0875,31.9478],[-81.0836,31.9487],[-81.0843,31.9473],[-81.0836,31.9469]]],[[[-80.8877,31.9566],[-80.9052,31.9452],[-80.9123,31.9439],[-80.9068,31.9483],[-80.8981,31.9507],[-80.8931,31.955],[-80.8877,31.9566]]],[[[-81.0645,31.9579],[-81.0657,31.9582],[-81.0643,31.9581],[-81.0645,31.9579]]],[[[-81.08,31.9619],[-81.0816,31.9618],[-81.0797,31.9621],[-81.08,31.9619]]],[[[-81.2897,31.9622],[-81.2895,31.9613],[-81.2898,31.9613],[-81.2897,31.9622]]],[[[-81.08,31.9627],[-81.081,31.9624],[-81.0815,31.963],[-81.08,31.9627]]],[[[-80.9604,31.9656],[-80.9501,31.9611],[-80.9485,31.9571],[-80.9513,31.9555],[-80.9546,31.9512],[-80.9592,31.9497],[-80.9598,31.953],[-80.9613,31.9543],[-80.9677,31.9526],[-80.9742,31.9537],[-80.9682,31.9522],[-80.9609,31.9537],[-80.9604,31.9479],[-80.9625,31.9481],[-80.9635,31.9454],[-80.9664,31.9456],[-80.9727,31.9411],[-80.9744,31.9415],[-80.9806,31.9495],[-80.9849,31.9524],[-80.9845,31.9623],[-80.9828,31.9633],[-80.9734,31.9594],[-80.9678,31.9615],[-80.9661,31.9654],[-80.9604,31.9656]]],[[[-80.9829,31.9656],[-80.9842,31.9658],[-80.9853,31.9676],[-80.9828,31.9669],[-80.9829,31.9656]]],[[[-81.0756,31.9674],[-81.0773,31.9668],[-81.0775,31.9676],[-81.0756,31.9674]]],[[[-81.0616,31.9674],[-81.0637,31.9661],[-81.064,31.968],[-81.0616,31.9674]]],[[[-80.9922,31.9671],[-80.9947,31.9667],[-80.9951,31.967],[-80.9922,31.9693],[-80.9922,31.9671]]],[[[-81.0541,31.9685],[-81.0552,31.9688],[-81.0552,31.9693],[-81.0539,31.9696],[-81.0541,31.9685]]],[[[-81.0537,31.9712],[-81.0537,31.9698],[-81.0549,31.9697],[-81.0548,31.9711],[-81.0537,31.9712]]],[[[-81.0453,31.9739],[-81.0434,31.9736],[-81.0433,31.9724],[-81.0453,31.9739]]],[[[-81.1969,31.9725],[-81.1956,31.9747],[-81.1944,31.9747],[-81.1944,31.9728],[-81.1969,31.9725]]],[[[-81.1189,31.9751],[-81.1178,31.9717],[-81.1201,31.9739],[-81.1189,31.9751]]],[[[-81.2022,31.9763],[-81.2017,31.974],[-81.2017,31.9749],[-81.2007,31.9744],[-81.1973,31.9756],[-81.1994,31.9717],[-81.1948,31.9713],[-81.1948,31.9696],[-81.1941,31.9715],[-81.1911,31.9727],[-81.189,31.9714],[-81.188,31.9663],[-81.1889,31.9648],[-81.1894,31.9666],[-81.1906,31.9673],[-81.1898,31.9656],[-81.1941,31.9664],[-81.1934,31.9654],[-81.1896,31.9654],[-81.1897,31.9627],[-81.1915,31.9638],[-81.1926,31.9623],[-81.1902,31.9627],[-81.1887,31.9584],[-81.1823,31.9551],[-81.1856,31.952],[-81.1861,31.9498],[-81.1837,31.9484],[-81.1776,31.9486],[-81.1735,31.9453],[-81.1707,31.9399],[-81.1708,31.933],[-81.1671,31.9294],[-81.1781,31.9267],[-81.1842,31.927],[-81.1884,31.93],[-81.1906,31.9343],[-81.1958,31.9374],[-81.1891,31.9435],[-81.1884,31.9454],[-81.1928,31.9538],[-81.1979,31.9562],[-81.199,31.9609],[-81.2031,31.9613],[-81.2,31.9626],[-81.1983,31.9642],[-81.1985,31.9647],[-81.2004,31.9656],[-81.1987,31.9644],[-81.2009,31.9622],[-81.2034,31.9618],[-81.2022,31.9639],[-81.2035,31.9637],[-81.2038,31.961],[-81.209,31.9577],[-81.2106,31.9593],[-81.2086,31.9627],[-81.2089,31.9651],[-81.2062,31.9681],[-81.2062,31.969],[-81.2091,31.9654],[-81.2118,31.9661],[-81.2106,31.9698],[-81.2093,31.9696],[-81.2105,31.9704],[-81.2086,31.9698],[-81.2103,31.9711],[-81.2086,31.9717],[-81.2097,31.9731],[-81.2054,31.9727],[-81.2071,31.9735],[-81.2063,31.9739],[-81.2036,31.973],[-81.205,31.9754],[-81.2031,31.9744],[-81.2036,31.976],[-81.2022,31.9763]]],[[[-81.1998,31.9771],[-81.2004,31.9749],[-81.2017,31.9754],[-81.1998,31.9771]]],[[[-81.0107,31.9767],[-81.0109,31.9793],[-81.0084,31.9818],[-81.0095,31.9776],[-81.0107,31.9767]]],[[[-81.0548,31.9817],[-81.0486,31.9769],[-81.0497,31.9759],[-81.0478,31.9764],[-81.0499,31.9747],[-81.0477,31.9752],[-81.0485,31.9732],[-81.0473,31.9746],[-81.0436,31.9716],[-81.0465,31.9704],[-81.0463,31.972],[-81.0501,31.965],[-81.0518,31.9643],[-81.0519,31.9625],[-81.0539,31.9636],[-81.0564,31.9638],[-81.0515,31.9709],[-81.0518,31.9747],[-81.0548,31.9817]]],[[[-81.0389,31.9841],[-81.0384,31.983],[-81.0402,31.9813],[-81.0402,31.9832],[-81.0389,31.9841]]],[[[-81.0371,31.9906],[-81.0372,31.9897],[-81.0374,31.9911],[-81.0371,31.9906]]],[[[-81.0157,31.9901],[-81.0183,31.9866],[-81.0171,31.9854],[-81.0177,31.9844],[-81.0159,31.984],[-81.0185,31.9827],[-81.0184,31.9822],[-81.0173,31.982],[-81.0181,31.9819],[-81.0186,31.981],[-81.017,31.9819],[-81.0179,31.9827],[-81.0134,31.9816],[-81.0155,31.9796],[-81.0169,31.9759],[-81.0165,31.9752],[-81.0156,31.9752],[-81.0128,31.9775],[-81.014,31.973],[-81.0163,31.974],[-81.0202,31.973],[-81.0205,31.9757],[-81.0266,31.9734],[-81.0286,31.9714],[-81.0286,31.9704],[-81.0277,31.9701],[-81.0273,31.971],[-81.0237,31.9689],[-81.0245,31.9693],[-81.0276,31.9687],[-81.0271,31.9657],[-81.0262,31.9645],[-81.0256,31.9642],[-81.024,31.9652],[-81.0228,31.9642],[-81.024,31.9664],[-81.025,31.9664],[-81.0242,31.9653],[-81.0255,31.9644],[-81.027,31.9662],[-81.027,31.9688],[-81.024,31.9682],[-81.0234,31.9691],[-81.0271,31.9712],[-81.0282,31.9704],[-81.0265,31.9731],[-81.0207,31.9754],[-81.0204,31.9725],[-81.0158,31.9735],[-81.014,31.9712],[-81.0142,31.9648],[-81.0102,31.9557],[-81.0028,31.9496],[-80.9869,31.9428],[-80.9848,31.9323],[-80.992,31.9316],[-80.9953,31.9332],[-80.9951,31.9343],[-80.9921,31.9332],[-80.9917,31.9355],[-80.9891,31.937],[-80.9899,31.9377],[-80.9925,31.9355],[-80.9926,31.9338],[-80.9953,31.9351],[-80.9964,31.9346],[-80.9959,31.9313],[-80.9998,31.9306],[-81.0014,31.9317],[-80.9998,31.937],[-81.0005,31.9377],[-81.0037,31.9377],[-81.0006,31.9368],[-81.0025,31.9315],[-81.0101,31.9313],[-81.0174,31.9347],[-81.0221,31.9337],[-81.0241,31.9346],[-81.0262,31.9344],[-81.0218,31.9333],[-81.0173,31.934],[-81.014,31.9316],[-81.0081,31.9304],[-81.0207,31.9291],[-81.0209,31.9279],[-81.0195,31.9273],[-81.0202,31.9262],[-81.0276,31.9265],[-81.0265,31.9247],[-81.0226,31.926],[-81.0198,31.9252],[-81.0163,31.929],[-81.0086,31.9286],[-81.0051,31.9303],[-80.9993,31.9286],[-80.9911,31.9297],[-80.9851,31.9275],[-80.9891,31.924],[-80.9881,31.9212],[-80.9861,31.9205],[-80.9895,31.9206],[-80.9896,31.9196],[-80.9863,31.9194],[-80.9828,31.9234],[-80.9812,31.9236],[-80.9796,31.9219],[-80.983,31.9193],[-80.9787,31.9171],[-80.9857,31.9156],[-80.9861,31.9121],[-80.9892,31.914],[-80.9896,31.9173],[-80.9984,31.9201],[-80.9982,31.9236],[-80.9994,31.9233],[-81.0007,31.919],[-80.9945,31.9182],[-80.9924,31.9161],[-80.9944,31.9153],[-80.9939,31.9139],[-80.9906,31.9162],[-80.9892,31.9121],[-80.9902,31.9103],[-80.9886,31.9116],[-80.9851,31.9113],[-80.9846,31.9148],[-80.9781,31.9154],[-80.978,31.9044],[-80.9824,31.9021],[-80.9766,31.9036],[-80.9793,31.8995],[-80.9749,31.8984],[-80.9748,31.897],[-80.9785,31.8978],[-80.9801,31.8962],[-80.9787,31.895],[-80.9726,31.8949],[-80.9728,31.8938],[-80.9791,31.892],[-80.9744,31.8887],[-80.9799,31.8877],[-80.9831,31.8857],[-80.9844,31.8779],[-80.9888,31.8777],[-80.9975,31.8746],[-80.9994,31.88],[-81.0053,31.8867],[-81.0061,31.8921],[-81.0047,31.8937],[-81.0022,31.8936],[-81.0013,31.8911],[-81.0021,31.887],[-81.0002,31.8847],[-80.9932,31.8838],[-80.9888,31.8851],[-80.9874,31.8867],[-80.9878,31.8898],[-80.992,31.8937],[-80.9866,31.8967],[-80.9858,31.8988],[-80.9885,31.9002],[-80.9937,31.8991],[-80.9889,31.9008],[-80.9879,31.9053],[-80.9908,31.9059],[-80.9912,31.9072],[-80.9924,31.9046],[-80.9937,31.9049],[-80.9949,31.9068],[-80.9931,31.9071],[-80.9948,31.9075],[-80.9942,31.9093],[-80.9959,31.9123],[-80.9975,31.9107],[-80.9969,31.9098],[-80.999,31.9077],[-80.9961,31.9079],[-80.9972,31.904],[-80.9945,31.9028],[-80.9886,31.9036],[-80.9901,31.9013],[-80.9949,31.9003],[-80.9948,31.8984],[-80.9932,31.8976],[-80.988,31.899],[-80.9869,31.898],[-80.9932,31.8947],[-80.9942,31.8969],[-80.9978,31.8975],[-80.996,31.8995],[-80.9987,31.9015],[-80.9984,31.8994],[-80.9967,31.8995],[-80.9985,31.8972],[-80.9946,31.8964],[-80.9938,31.8934],[-80.9888,31.8877],[-80.9917,31.8854],[-81.0004,31.8858],[-81.001,31.8935],[-81.0059,31.8945],[-81.007,31.9037],[-81.0107,31.9074],[-81.0149,31.909],[-81.0176,31.9149],[-81.0165,31.9169],[-81.0181,31.9148],[-81.0158,31.9091],[-81.0206,31.9084],[-81.0193,31.9125],[-81.0203,31.9132],[-81.0245,31.9128],[-81.0261,31.9152],[-81.0278,31.9157],[-81.0253,31.9128],[-81.02,31.9117],[-81.0223,31.9076],[-81.0255,31.9074],[-81.0284,31.9108],[-81.0302,31.9098],[-81.0293,31.9072],[-81.031,31.9069],[-81.0317,31.9089],[-81.0352,31.9077],[-81.0319,31.9083],[-81.0318,31.9067],[-81.0298,31.9064],[-81.0282,31.9076],[-81.0295,31.9097],[-81.0281,31.91],[-81.026,31.907],[-81.0213,31.907],[-81.0246,31.9008],[-81.0283,31.8971],[-81.0284,31.8901],[-81.03,31.8888],[-81.0326,31.8894],[-81.04,31.8943],[-81.0404,31.8959],[-81.0442,31.8931],[-81.0473,31.8886],[-81.0527,31.8872],[-81.0569,31.878],[-81.0597,31.879],[-81.0605,31.8782],[-81.0664,31.8841],[-81.0611,31.8898],[-81.0615,31.8942],[-81.0593,31.8993],[-81.0596,31.9024],[-81.0639,31.9059],[-81.071,31.9052],[-81.075,31.9096],[-81.0795,31.9094],[-81.079,31.9119],[-81.0812,31.9132],[-81.083,31.9125],[-81.0796,31.9115],[-81.0812,31.9101],[-81.0805,31.9088],[-81.0759,31.9091],[-81.0722,31.9045],[-81.0664,31.9047],[-81.0605,31.9016],[-81.0629,31.8902],[-81.0675,31.8847],[-81.0647,31.8763],[-81.0706,31.8749],[-81.077,31.886],[-81.0871,31.8964],[-81.094,31.8998],[-81.1033,31.9199],[-81.0997,31.9227],[-81.0908,31.9237],[-81.0785,31.9197],[-81.0721,31.9211],[-81.07,31.9245],[-81.0706,31.9295],[-81.0782,31.9417],[-81.0755,31.9425],[-81.0757,31.9435],[-81.0714,31.9433],[-81.065,31.9464],[-81.0631,31.9538],[-81.0592,31.9559],[-81.0587,31.9556],[-81.058,31.9554],[-81.0591,31.956],[-81.0587,31.9575],[-81.0554,31.9603],[-81.0563,31.9634],[-81.0539,31.9634],[-81.0524,31.9623],[-81.0515,31.9625],[-81.0513,31.9644],[-81.0501,31.9646],[-81.0465,31.9698],[-81.0442,31.9678],[-81.0456,31.9701],[-81.0432,31.9712],[-81.0426,31.9702],[-81.0439,31.9684],[-81.0423,31.9705],[-81.0413,31.969],[-81.043,31.974],[-81.046,31.9757],[-81.043,31.9752],[-81.0423,31.9728],[-81.0419,31.9744],[-81.0399,31.9735],[-81.0426,31.9752],[-81.0391,31.9754],[-81.0352,31.9714],[-81.036,31.9691],[-81.0364,31.9694],[-81.038,31.9691],[-81.0382,31.9686],[-81.0377,31.9679],[-81.0381,31.968],[-81.0376,31.9676],[-81.0379,31.9691],[-81.036,31.9689],[-81.0345,31.9705],[-81.0353,31.9718],[-81.0346,31.9722],[-81.0348,31.9714],[-81.0342,31.9714],[-81.0344,31.9724],[-81.0355,31.972],[-81.0362,31.9736],[-81.0331,31.9734],[-81.0341,31.9739],[-81.033,31.9751],[-81.0359,31.9743],[-81.0356,31.9758],[-81.0361,31.9766],[-81.0346,31.9779],[-81.0352,31.9795],[-81.0349,31.978],[-81.0362,31.9767],[-81.0362,31.974],[-81.0365,31.9757],[-81.0368,31.9742],[-81.0384,31.9759],[-81.0438,31.9765],[-81.0358,31.9815],[-81.0336,31.9876],[-81.025,31.9886],[-81.0183,31.9926],[-81.0157,31.9901]]],[[[-80.8591,31.9971],[-80.8572,31.989],[-80.8602,31.9872],[-80.8579,31.9873],[-80.8599,31.9832],[-80.8587,31.9845],[-80.8586,31.9801],[-80.8628,31.9693],[-80.869,31.9664],[-80.8727,31.9659],[-80.8744,31.9797],[-80.8719,31.981],[-80.8731,31.9839],[-80.8706,31.9815],[-80.8706,31.9821],[-80.8735,31.9853],[-80.8753,31.9849],[-80.8724,31.9816],[-80.8754,31.9797],[-80.8738,31.9724],[-80.875,31.9693],[-80.8745,31.9658],[-80.8802,31.9631],[-80.8844,31.9596],[-80.8799,31.9613],[-80.8778,31.964],[-80.8795,31.961],[-80.8826,31.9591],[-80.8875,31.9589],[-80.9004,31.9521],[-80.9019,31.9523],[-80.8989,31.9564],[-80.8952,31.9588],[-80.8984,31.9576],[-80.8976,31.9597],[-80.8923,31.9633],[-80.8927,31.9668],[-80.8959,31.9704],[-80.8944,31.971],[-80.8924,31.9682],[-80.8905,31.9677],[-80.8869,31.97],[-80.8876,31.9717],[-80.8928,31.9739],[-80.8914,31.9765],[-80.8935,31.9738],[-80.8874,31.9702],[-80.8908,31.9682],[-80.8941,31.9716],[-80.8961,31.9711],[-80.8967,31.9698],[-80.8929,31.9656],[-80.893,31.9635],[-80.8981,31.961],[-80.8999,31.9578],[-80.9019,31.9583],[-80.9003,31.9573],[-80.9019,31.955],[-80.9167,31.9445],[-80.9289,31.9436],[-80.9292,31.9449],[-80.9281,31.9443],[-80.924,31.9489],[-80.9209,31.9492],[-80.9232,31.9495],[-80.9231,31.9507],[-80.9212,31.9555],[-80.9176,31.9581],[-80.9217,31.9559],[-80.9265,31.9472],[-80.9291,31.9462],[-80.9298,31.9581],[-80.9325,31.9618],[-80.9257,31.9673],[-80.9225,31.9746],[-80.9232,31.9792],[-80.9274,31.986],[-80.927,31.9934],[-80.9234,31.9927],[-80.9166,31.9873],[-80.9149,31.9878],[-80.9131,31.9918],[-80.9102,31.9943],[-80.9068,31.9938],[-80.9066,31.9895],[-80.9103,31.9856],[-80.9112,31.9833],[-80.913,31.9827],[-80.9134,31.9807],[-80.913,31.9825],[-80.9108,31.9833],[-80.906,31.9888],[-80.9045,31.9923],[-80.906,31.9918],[-80.9058,31.9931],[-80.9004,31.9961],[-80.8934,31.9931],[-80.8952,31.9921],[-80.8918,31.9915],[-80.8914,31.9937],[-80.8849,31.9977],[-80.8835,31.9976],[-80.8802,31.9927],[-80.8775,31.9915],[-80.874,31.9918],[-80.8616,31.9984],[-80.8591,31.9971]]],[[[-81.0099,32.0086],[-81.0057,31.9976],[-81.0057,31.9897],[-81.013,31.978],[-81.0161,31.9754],[-81.0151,31.9795],[-81.0129,31.981],[-81.0138,31.9823],[-81.0174,31.9829],[-81.0154,31.984],[-81.0173,31.9844],[-81.0159,31.9849],[-81.0179,31.9866],[-81.016,31.9885],[-81.0162,31.9891],[-81.0136,31.992],[-81.0132,31.9932],[-81.0155,31.9905],[-81.0181,31.9928],[-81.0153,32.0033],[-81.0143,32.0025],[-81.0128,32.0037],[-81.011,32.002],[-81.0106,32.0012],[-81.0116,32.0016],[-81.0121,32.0013],[-81.0117,32.0],[-81.0136,32.0001],[-81.0141,31.9997],[-81.0139,31.9993],[-81.0109,31.9986],[-81.0118,31.9978],[-81.0106,31.9987],[-81.0138,31.9999],[-81.0117,31.9996],[-81.0118,32.0012],[-81.0102,32.0011],[-81.0125,32.004],[-81.0144,32.0028],[-81.0152,32.0037],[-81.0135,32.0091],[-81.0122,32.0098],[-81.0099,32.0086]]],[[[-80.8591,32.0238],[-80.8491,32.0265],[-80.845,32.0237],[-80.8431,32.0242],[-80.8413,32.0198],[-80.8405,32.0113],[-80.8419,32.0026],[-80.8467,31.9914],[-80.8507,31.9859],[-80.8522,31.9863],[-80.8547,31.9972],[-80.8504,32.0017],[-80.8531,32.0011],[-80.8556,31.9987],[-80.86,32.0002],[-80.8595,32.0036],[-80.8616,32.0059],[-80.8598,32.0078],[-80.86,32.0093],[-80.8613,32.0106],[-80.8637,32.0109],[-80.8633,32.0117],[-80.867,32.0152],[-80.868,32.0145],[-80.865,32.0128],[-80.8646,32.0107],[-80.8604,32.0092],[-80.8627,32.0061],[-80.8604,32.003],[-80.8614,32.0009],[-80.8654,32.0002],[-80.8678,31.9975],[-80.8767,31.9929],[-80.8788,31.9941],[-80.8799,31.9968],[-80.8754,31.9983],[-80.8757,32.0019],[-80.8738,32.0036],[-80.8761,32.0077],[-80.8743,32.0095],[-80.8748,32.0109],[-80.8769,32.0078],[-80.8745,32.0037],[-80.8761,32.0026],[-80.8765,31.998],[-80.8805,31.9972],[-80.8832,31.999],[-80.8865,31.9993],[-80.8918,31.9953],[-80.8936,31.9966],[-80.8926,31.995],[-80.8937,31.9944],[-80.8991,31.9972],[-80.9058,31.9945],[-80.9088,31.9955],[-80.9118,31.9989],[-80.912,32.0019],[-80.9078,32.001],[-80.9057,32.0021],[-80.9072,32.0068],[-80.9065,32.0079],[-80.9042,32.0077],[-80.9015,32.0047],[-80.8993,32.0038],[-80.8911,32.0068],[-80.8909,32.0099],[-80.8978,32.0128],[-80.8978,32.0156],[-80.8918,32.0153],[-80.8892,32.0112],[-80.8846,32.0091],[-80.8825,32.0112],[-80.8834,32.0148],[-80.8823,32.017],[-80.8732,32.0161],[-80.875,32.0172],[-80.8668,32.0189],[-80.8591,32.0238]]],[[[-80.8671,32.0326],[-80.8679,32.032],[-80.8683,32.0322],[-80.8671,32.0326]]],[[[-80.965,32.0416],[-80.9619,32.0364],[-80.9541,32.0318],[-80.9503,32.028],[-80.9416,32.0259],[-80.9434,32.0207],[-80.9472,32.021],[-80.9498,32.0198],[-80.9535,32.0223],[-80.9542,32.0216],[-80.9549,32.0196],[-80.9557,32.0192],[-80.9556,32.0187],[-80.9546,32.0194],[-80.9533,32.0218],[-80.9506,32.0196],[-80.9435,32.0197],[-80.9388,32.0147],[-80.9271,32.0108],[-80.9245,32.0082],[-80.9244,32.0067],[-80.9298,32.0014],[-80.9302,31.9953],[-80.9317,31.9927],[-80.9401,31.9941],[-80.9418,31.9959],[-80.9409,32.0002],[-80.9441,32.0024],[-80.9466,32.0018],[-80.9466,31.9975],[-80.9477,31.9963],[-80.9502,31.9964],[-80.9518,31.9979],[-80.9523,32.0006],[-80.9507,32.0027],[-80.9416,32.0054],[-80.9412,32.0052],[-80.9416,32.0044],[-80.9411,32.0039],[-80.9408,32.0053],[-80.9414,32.0058],[-80.9383,32.0075],[-80.9392,32.0078],[-80.9366,32.0075],[-80.9389,32.0081],[-80.9399,32.0075],[-80.94,32.0096],[-80.9385,32.0089],[-80.9382,32.0094],[-80.9399,32.0099],[-80.9393,32.0112],[-80.9405,32.0103],[-80.9441,32.0114],[-80.9475,32.011],[-80.9418,32.0105],[-80.9412,32.0072],[-80.9505,32.0043],[-80.9492,32.0062],[-80.9532,32.001],[-80.9524,31.9974],[-80.9478,31.9949],[-80.9457,31.997],[-80.9458,32.0014],[-80.9423,32.0006],[-80.9429,31.9963],[-80.9397,31.9923],[-80.9411,31.9903],[-80.9387,31.9921],[-80.9327,31.9915],[-80.9326,31.9811],[-80.929,31.9724],[-80.9382,31.968],[-80.9363,31.9668],[-80.9378,31.9648],[-80.9477,31.9638],[-80.9546,31.9652],[-80.9666,31.977],[-80.9612,31.9777],[-80.9594,31.98],[-80.9591,31.9848],[-80.9622,31.9902],[-80.9575,31.997],[-80.9573,31.9999],[-80.9557,32.0008],[-80.9551,32.0021],[-80.9534,32.003],[-80.9531,32.0043],[-80.9575,32.0002],[-80.9577,31.9975],[-80.9631,31.9907],[-80.96,31.9834],[-80.9612,31.9786],[-80.9675,31.9786],[-80.9733,31.9818],[-80.974,31.9832],[-80.9718,31.9858],[-80.9724,31.9873],[-80.9746,31.982],[-80.9772,31.9816],[-80.9775,31.9837],[-80.9806,31.9846],[-80.9875,31.9834],[-80.9786,31.9835],[-80.9779,31.9812],[-80.9825,31.9793],[-80.9904,31.9791],[-80.9937,31.9768],[-80.9923,31.9769],[-80.9926,31.9746],[-80.9947,31.9754],[-80.9928,31.973],[-80.9949,31.9739],[-80.9962,31.9737],[-80.9977,31.9727],[-80.9997,31.97],[-81.0003,31.971],[-81.0012,31.9711],[-80.9995,31.9698],[-80.9949,31.9735],[-80.9942,31.9722],[-80.9957,31.9711],[-80.9925,31.9701],[-80.9957,31.9696],[-80.9962,31.9679],[-80.9966,31.9696],[-80.9974,31.9698],[-81.0015,31.9692],[-80.9971,31.9695],[-80.9962,31.9676],[-80.995,31.9693],[-80.9935,31.9692],[-80.9943,31.9677],[-80.997,31.9674],[-80.9976,31.968],[-80.9988,31.9675],[-80.9991,31.9662],[-80.9978,31.9667],[-80.9988,31.9644],[-80.997,31.9671],[-80.9954,31.9665],[-80.993,31.9667],[-80.995,31.9661],[-80.9948,31.9657],[-80.9923,31.9664],[-80.9914,31.9694],[-80.9913,31.9766],[-80.9901,31.9786],[-80.983,31.9781],[-80.9742,31.9806],[-80.969,31.9775],[-80.968,31.9745],[-80.9619,31.9699],[-80.9618,31.967],[-80.9676,31.9662],[-80.9695,31.9674],[-80.9687,31.9656],[-80.9667,31.9659],[-80.968,31.9623],[-80.9706,31.9606],[-80.975,31.9602],[-80.9815,31.9634],[-80.982,31.9703],[-80.985,31.9723],[-80.9875,31.9722],[-80.9827,31.9705],[-80.9822,31.9688],[-80.9847,31.9678],[-80.9862,31.9697],[-80.9854,31.968],[-80.9867,31.9693],[-80.9872,31.9694],[-80.9863,31.9683],[-80.9903,31.9677],[-80.986,31.9679],[-80.9868,31.9672],[-80.9854,31.9674],[-80.9843,31.9656],[-80.9852,31.9656],[-80.9829,31.9652],[-80.9829,31.964],[-80.9853,31.9623],[-80.987,31.963],[-80.9909,31.9619],[-80.9882,31.9619],[-80.9927,31.9599],[-80.9897,31.9607],[-80.9873,31.9623],[-80.9854,31.9617],[-80.9855,31.9516],[-80.9894,31.9517],[-81.0001,31.9552],[-81.0037,31.9595],[-81.0047,31.968],[-81.003,31.9746],[-80.9978,31.984],[-80.9969,31.993],[-81.0031,32.0096],[-81.002,32.0104],[-80.9942,32.0068],[-80.9913,32.0071],[-80.9899,32.0085],[-80.9884,32.0139],[-80.9921,32.0193],[-80.9848,32.0205],[-80.9844,32.0227],[-80.983,32.0213],[-80.9817,32.0214],[-80.9812,32.0225],[-80.9828,32.0216],[-80.9844,32.0231],[-80.9853,32.0207],[-80.9862,32.0239],[-80.9917,32.0265],[-80.9869,32.0314],[-80.986,32.0351],[-80.982,32.0351],[-80.9841,32.0361],[-80.9706,32.0424],[-80.965,32.0416]]],[[[-81.0145,32.0509],[-81.0141,32.0501],[-81.0149,32.0506],[-81.0145,32.0509]]],[[[-80.9912,32.0512],[-80.9918,32.05],[-80.9956,32.0497],[-80.9952,32.0504],[-80.9912,32.0512]]],[[[-81.022,32.0461],[-81.0199,32.0441],[-81.0191,32.045],[-81.0187,32.0476],[-81.0173,32.0476],[-81.0156,32.0492],[-81.0155,32.0504],[-81.014,32.0497],[-81.0139,32.0509],[-81.0129,32.0506],[-81.0117,32.0523],[-81.0118,32.0532],[-81.0099,32.0539],[-81.0096,32.0553],[-81.0084,32.0538],[-81.0068,32.0537],[-81.0055,32.0521],[-81.0041,32.0497],[-81.0049,32.0479],[-81.0037,32.0466],[-80.9972,32.0458],[-80.9944,32.044],[-80.9846,32.0414],[-80.9823,32.0371],[-80.9856,32.0361],[-80.9878,32.0314],[-80.993,32.0277],[-80.9923,32.0255],[-80.9864,32.0221],[-80.9923,32.02],[-80.9926,32.0176],[-80.9895,32.0129],[-80.992,32.0082],[-80.9945,32.0081],[-80.9985,32.0114],[-80.9957,32.0105],[-80.9949,32.012],[-80.996,32.0108],[-80.9972,32.0115],[-81.0025,32.0115],[-81.0047,32.0106],[-81.013,32.0152],[-81.013,32.0171],[-81.0098,32.017],[-81.0094,32.0179],[-81.0112,32.0187],[-81.0078,32.0193],[-81.0092,32.0217],[-81.0081,32.0205],[-81.0068,32.0205],[-81.0075,32.0216],[-81.0064,32.0214],[-81.0061,32.0222],[-81.0078,32.0219],[-81.0079,32.0207],[-81.0087,32.0219],[-81.0094,32.0218],[-81.0082,32.0194],[-81.0117,32.0191],[-81.01,32.0172],[-81.0134,32.0173],[-81.0136,32.0151],[-81.0241,32.0233],[-81.0229,32.0244],[-81.0224,32.0265],[-81.021,32.0254],[-81.0197,32.0256],[-81.0202,32.0283],[-81.0174,32.0268],[-81.0168,32.0287],[-81.0174,32.0272],[-81.0205,32.0286],[-81.0203,32.0256],[-81.0224,32.0268],[-81.0245,32.0238],[-81.0376,32.0239],[-81.0462,32.0261],[-81.0475,32.0274],[-81.0469,32.0301],[-81.0408,32.0317],[-81.038,32.0335],[-81.0341,32.0332],[-81.0283,32.0344],[-81.0273,32.0363],[-81.0312,32.0389],[-81.0303,32.0414],[-81.0316,32.0394],[-81.0311,32.0383],[-81.0278,32.0363],[-81.0285,32.0348],[-81.0381,32.0339],[-81.046,32.031],[-81.0444,32.0365],[-81.0424,32.0366],[-81.0409,32.043],[-81.0389,32.045],[-81.0283,32.0497],[-81.0268,32.0475],[-81.0271,32.0451],[-81.0253,32.0442],[-81.0232,32.0444],[-81.022,32.0461]]],[[[-81.0215,32.0647],[-81.0242,32.0643],[-81.0225,32.0658],[-81.0215,32.0647]]],[[[-80.9998,32.0671],[-80.9998,32.0657],[-80.9961,32.0633],[-80.9915,32.0636],[-80.9887,32.0613],[-80.9824,32.0602],[-80.9813,32.0573],[-80.9779,32.0577],[-80.9777,32.0548],[-80.9748,32.052],[-80.9765,32.0495],[-80.9705,32.0441],[-80.9787,32.0407],[-80.9747,32.0454],[-80.9752,32.0471],[-80.9773,32.0479],[-80.9803,32.0519],[-80.9829,32.0508],[-80.9851,32.052],[-80.9845,32.0549],[-80.9825,32.0545],[-80.9838,32.0555],[-80.985,32.0548],[-80.9865,32.0571],[-80.9851,32.0545],[-80.9853,32.0519],[-80.9872,32.0528],[-80.9871,32.0538],[-80.9885,32.0566],[-80.9878,32.0531],[-80.9905,32.0539],[-80.9897,32.0549],[-80.9902,32.0576],[-80.9881,32.0596],[-80.9902,32.0595],[-80.9899,32.0582],[-80.9919,32.0574],[-80.9923,32.0578],[-80.9915,32.0589],[-80.9917,32.0596],[-80.9926,32.0578],[-80.9924,32.0575],[-80.9906,32.0571],[-80.99,32.0547],[-80.9919,32.0564],[-80.9937,32.0564],[-80.992,32.0559],[-80.9911,32.0534],[-80.9833,32.0502],[-80.9807,32.0512],[-80.9772,32.047],[-80.9826,32.044],[-80.9834,32.0456],[-80.983,32.0439],[-80.9817,32.044],[-80.9771,32.0467],[-80.9755,32.0458],[-80.9787,32.0428],[-80.9794,32.0401],[-80.9812,32.0391],[-80.9834,32.04],[-80.9838,32.0426],[-80.9864,32.0449],[-80.9853,32.0476],[-80.9875,32.0483],[-80.9903,32.0516],[-80.9975,32.054],[-80.9964,32.0595],[-80.9968,32.0606],[-80.9976,32.0613],[-80.9987,32.0614],[-80.9966,32.0596],[-80.9979,32.0536],[-80.9917,32.0516],[-80.9954,32.0506],[-80.9958,32.0495],[-80.9918,32.0497],[-80.9909,32.0511],[-80.988,32.0476],[-80.9861,32.0473],[-80.987,32.046],[-80.989,32.0478],[-80.9909,32.0485],[-80.9878,32.0464],[-80.9871,32.0437],[-80.994,32.0442],[-80.9985,32.0476],[-80.9976,32.0486],[-80.9987,32.0477],[-80.9978,32.0467],[-81.0041,32.0474],[-81.0036,32.0496],[-81.0024,32.0496],[-81.0038,32.0509],[-81.0028,32.0504],[-81.0029,32.0536],[-81.0013,32.0541],[-81.002,32.0563],[-81.0014,32.056],[-81.0001,32.0573],[-81.0023,32.0565],[-81.0024,32.0587],[-81.0039,32.0577],[-81.0047,32.0594],[-81.0042,32.0577],[-81.0022,32.0556],[-81.0041,32.0511],[-81.0066,32.0543],[-81.0053,32.0547],[-81.0052,32.0557],[-81.0084,32.0542],[-81.0093,32.0559],[-81.0073,32.0568],[-81.0095,32.0562],[-81.0101,32.0582],[-81.0101,32.0543],[-81.0132,32.0539],[-81.0123,32.0571],[-81.0123,32.0592],[-81.0138,32.0542],[-81.0125,32.0512],[-81.014,32.0514],[-81.0157,32.0505],[-81.0174,32.0478],[-81.0188,32.0481],[-81.0201,32.0445],[-81.0218,32.0463],[-81.0232,32.0449],[-81.0265,32.0452],[-81.0263,32.0475],[-81.0284,32.0502],[-81.0294,32.0563],[-81.0278,32.0634],[-81.0232,32.0628],[-81.0226,32.061],[-81.0184,32.0577],[-81.0175,32.0584],[-81.0224,32.0628],[-81.019,32.0643],[-81.0205,32.0648],[-81.0219,32.0682],[-81.0128,32.0734],[-81.0043,32.0667],[-81.0054,32.0647],[-81.0075,32.0641],[-81.0093,32.0647],[-81.0101,32.0666],[-81.0091,32.0643],[-81.0074,32.0639],[-81.006,32.0641],[-81.0035,32.0666],[-80.9998,32.0671]]],[[[-80.9998,32.0671],[-81.0034,32.0676],[-81.0055,32.0705],[-80.9998,32.0767],[-81.0018,32.0772],[-81.0031,32.0739],[-81.0079,32.072],[-81.0103,32.0737],[-81.0142,32.0739],[-81.0181,32.0774],[-81.0216,32.0769],[-81.0232,32.0748],[-81.0236,32.0735],[-81.0255,32.0731],[-81.0276,32.0744],[-81.0286,32.0777],[-81.031,32.0778],[-81.0289,32.0776],[-81.0275,32.0736],[-81.0252,32.0727],[-81.0235,32.0732],[-81.0215,32.0767],[-81.0182,32.0771],[-81.0151,32.0734],[-81.0217,32.0694],[-81.0242,32.0649],[-81.0276,32.0644],[-81.0299,32.0624],[-81.0313,32.0571],[-81.031,32.0503],[-81.0418,32.0456],[-81.0466,32.0373],[-81.048,32.0377],[-81.0467,32.0349],[-81.0499,32.0303],[-81.047,32.0244],[-81.0487,32.0237],[-81.048,32.0229],[-81.0467,32.0242],[-81.0328,32.0197],[-81.033,32.0174],[-81.0353,32.014],[-81.0424,32.0171],[-81.0459,32.0166],[-81.0477,32.0141],[-81.0492,32.0013],[-81.0515,32.0],[-81.0519,32.0074],[-81.056,32.0122],[-81.0575,32.0127],[-81.0576,32.0119],[-81.0569,32.0124],[-81.0555,32.0083],[-81.0628,32.0084],[-81.0603,32.0042],[-81.0632,32.0005],[-81.0624,31.9989],[-81.0607,32.0008],[-81.0594,31.9984],[-81.0605,32.0014],[-81.0625,31.9997],[-81.0592,32.0045],[-81.0604,32.0073],[-81.0531,32.0068],[-81.0537,32.0006],[-81.0524,31.9989],[-81.0509,31.9993],[-81.0483,32.0007],[-81.0446,32.0155],[-81.0427,32.016],[-81.0355,32.0125],[-81.0321,32.0146],[-81.0297,32.0196],[-81.0253,32.0206],[-81.0164,32.0111],[-81.0185,32.01],[-81.0201,32.0069],[-81.0205,31.993],[-81.0304,31.9914],[-81.0348,31.9893],[-81.0384,31.9935],[-81.0386,31.9925],[-81.0457,31.9942],[-81.0463,31.9976],[-81.0426,31.9983],[-81.0421,32.001],[-81.0409,32.0015],[-81.0402,32.0029],[-81.041,32.0041],[-81.0431,31.9989],[-81.0465,31.9979],[-81.0462,31.9938],[-81.0386,31.9918],[-81.0371,31.9887],[-81.0401,31.9864],[-81.0426,31.9794],[-81.0462,31.9788],[-81.0531,31.9824],[-81.0555,31.9825],[-81.0565,31.9799],[-81.0547,31.9752],[-81.0564,31.969],[-81.0587,31.9682],[-81.0627,31.9701],[-81.0644,31.9695],[-81.0662,31.9667],[-81.0664,31.9611],[-81.0654,31.9621],[-81.0634,31.9595],[-81.0707,31.9588],[-81.072,31.9582],[-81.0719,31.9571],[-81.0733,31.9573],[-81.0736,31.9569],[-81.0713,31.9564],[-81.0731,31.9561],[-81.0735,31.9541],[-81.0713,31.9558],[-81.0712,31.9566],[-81.0716,31.9575],[-81.0704,31.9584],[-81.0676,31.9582],[-81.0697,31.958],[-81.0684,31.9565],[-81.0654,31.9566],[-81.0674,31.9551],[-81.0697,31.9553],[-81.0696,31.9547],[-81.067,31.9548],[-81.0651,31.9559],[-81.0627,31.9588],[-81.0652,31.9652],[-81.0593,31.9659],[-81.0577,31.9613],[-81.0645,31.9527],[-81.0647,31.9495],[-81.0665,31.9469],[-81.0737,31.9443],[-81.0758,31.9451],[-81.0775,31.9477],[-81.0805,31.9464],[-81.0812,31.9477],[-81.0838,31.9475],[-81.0817,31.9508],[-81.0839,31.9563],[-81.0824,31.958],[-81.0826,31.9599],[-81.0839,31.9573],[-81.0839,31.9593],[-81.0793,31.9622],[-81.0798,31.9635],[-81.0789,31.9633],[-81.0787,31.9637],[-81.0816,31.9632],[-81.0806,31.9653],[-81.0754,31.967],[-81.0756,31.9676],[-81.0785,31.9682],[-81.0768,31.9711],[-81.077,31.9739],[-81.0782,31.9745],[-81.0769,31.9746],[-81.0767,31.9768],[-81.0765,31.9764],[-81.0752,31.976],[-81.075,31.9761],[-81.0746,31.9772],[-81.0753,31.9777],[-81.0751,31.9762],[-81.0766,31.9769],[-81.0769,31.9765],[-81.0769,31.9749],[-81.0784,31.9746],[-81.0771,31.9738],[-81.077,31.9708],[-81.0789,31.9683],[-81.0779,31.967],[-81.0813,31.9652],[-81.0849,31.959],[-81.0844,31.9603],[-81.0856,31.9607],[-81.0851,31.9585],[-81.0908,31.9587],[-81.0898,31.9574],[-81.0849,31.9581],[-81.084,31.9498],[-81.0953,31.9467],[-81.1008,31.9423],[-81.1018,31.9441],[-81.1031,31.9445],[-81.102,31.9423],[-81.1032,31.9417],[-81.1031,31.9412],[-81.1016,31.9419],[-81.0894,31.9356],[-81.0751,31.9259],[-81.0729,31.924],[-81.0731,31.9224],[-81.0753,31.9215],[-81.081,31.9251],[-81.0931,31.9268],[-81.1025,31.9251],[-81.1063,31.9211],[-81.1171,31.9373],[-81.1228,31.9384],[-81.1333,31.9377],[-81.1341,31.942],[-81.1325,31.9432],[-81.1338,31.9434],[-81.1335,31.9452],[-81.127,31.955],[-81.1236,31.9642],[-81.1195,31.9607],[-81.1159,31.9607],[-81.1163,31.9584],[-81.1156,31.9583],[-81.1153,31.9609],[-81.1128,31.9592],[-81.1148,31.9614],[-81.1124,31.9619],[-81.1141,31.9625],[-81.1131,31.9635],[-81.1072,31.9634],[-81.1124,31.9644],[-81.1093,31.9688],[-81.1106,31.971],[-81.1171,31.9716],[-81.1181,31.9731],[-81.1184,31.9751],[-81.1144,31.9795],[-81.1211,31.9746],[-81.1181,31.9704],[-81.1108,31.97],[-81.1107,31.9685],[-81.1184,31.9619],[-81.124,31.9649],[-81.129,31.9567],[-81.1341,31.9524],[-81.139,31.943],[-81.1377,31.9382],[-81.1353,31.936],[-81.1298,31.9344],[-81.1177,31.9351],[-81.112,31.9216],[-81.1049,31.9134],[-81.1043,31.9065],[-81.0995,31.8945],[-81.1003,31.8939],[-81.1058,31.8943],[-81.1163,31.9017],[-81.1254,31.9033],[-81.1256,31.9088],[-81.1182,31.9116],[-81.1173,31.913],[-81.118,31.9148],[-81.1204,31.9157],[-81.12,31.9177],[-81.1212,31.9188],[-81.1244,31.9196],[-81.1262,31.918],[-81.1292,31.9202],[-81.132,31.9201],[-81.1268,31.9174],[-81.1223,31.9187],[-81.1206,31.9154],[-81.1186,31.9131],[-81.1267,31.9089],[-81.1263,31.903],[-81.1217,31.9013],[-81.1248,31.8989],[-81.1275,31.8989],[-81.1302,31.9011],[-81.1341,31.9112],[-81.1387,31.9178],[-81.1445,31.9225],[-81.146,31.9285],[-81.1487,31.9327],[-81.1574,31.9371],[-81.1627,31.9364],[-81.1661,31.9339],[-81.167,31.9345],[-81.1693,31.9438],[-81.1691,31.949],[-81.1655,31.9515],[-81.1655,31.9535],[-81.168,31.9568],[-81.1649,31.957],[-81.168,31.9572],[-81.1686,31.9568],[-81.17,31.9581],[-81.1706,31.9721],[-81.1742,31.9729],[-81.1737,31.9739],[-81.174,31.9743],[-81.1737,31.9758],[-81.1739,31.9761],[-81.175,31.9762],[-81.1738,31.9758],[-81.1746,31.9726],[-81.1769,31.9712],[-81.1785,31.9718],[-81.179,31.9749],[-81.1803,31.9758],[-81.1787,31.9716],[-81.1798,31.9708],[-81.1799,31.9724],[-81.1804,31.9729],[-81.1814,31.9716],[-81.1795,31.9705],[-81.1772,31.9708],[-81.1786,31.9701],[-81.1825,31.9701],[-81.1839,31.9718],[-81.1827,31.9696],[-81.1839,31.9685],[-81.183,31.9687],[-81.1825,31.9699],[-81.1817,31.9692],[-81.1819,31.968],[-81.1842,31.9676],[-81.1818,31.9679],[-81.1814,31.97],[-81.178,31.9699],[-81.1776,31.9687],[-81.1777,31.97],[-81.1743,31.9721],[-81.1711,31.9718],[-81.1714,31.9695],[-81.1729,31.969],[-81.1731,31.9685],[-81.1714,31.9691],[-81.171,31.9662],[-81.1735,31.9662],[-81.1743,31.9655],[-81.1709,31.9659],[-81.1711,31.9599],[-81.1722,31.9599],[-81.1716,31.9611],[-81.1728,31.9622],[-81.1745,31.9619],[-81.1719,31.9611],[-81.1726,31.9599],[-81.1711,31.9595],[-81.1669,31.9521],[-81.1703,31.95],[-81.1711,31.9464],[-81.1753,31.9494],[-81.1841,31.9504],[-81.1806,31.9549],[-81.1823,31.9571],[-81.1878,31.9596],[-81.1866,31.9663],[-81.1877,31.9724],[-81.1899,31.9737],[-81.1857,31.9767],[-81.1821,31.9833],[-81.1831,31.9858],[-81.1916,31.9874],[-81.1939,31.9925],[-81.197,31.9953],[-81.1986,32.001],[-81.2026,32.0031],[-81.202,32.0058],[-81.1986,32.0099],[-81.199,32.0139],[-81.1973,32.0202],[-81.1981,32.0218],[-81.2033,32.0235],[-81.2043,32.0257],[-81.1998,32.0259],[-81.1993,32.0272],[-81.2021,32.028],[-81.2007,32.0314],[-81.204,32.0337],[-81.2057,32.0369],[-81.2057,32.0383],[-81.2035,32.0397],[-81.2041,32.0419],[-81.2052,32.0424],[-81.2045,32.0431],[-81.2055,32.0426],[-81.2038,32.0397],[-81.206,32.0392],[-81.2064,32.0361],[-81.2014,32.031],[-81.2026,32.0274],[-81.2003,32.0267],[-81.2051,32.0265],[-81.2051,32.0256],[-81.2037,32.0231],[-81.198,32.0206],[-81.1997,32.0141],[-81.1993,32.0099],[-81.2038,32.0032],[-81.2063,32.0031],[-81.2081,32.005],[-81.2115,32.0015],[-81.2127,32.002],[-81.2147,32.0009],[-81.212,32.0013],[-81.2144,31.999],[-81.2179,31.998],[-81.2205,32.0001],[-81.2231,31.999],[-81.2241,31.9974],[-81.2247,31.9995],[-81.2259,32.0],[-81.2288,32.0008],[-81.2318,32.0],[-81.2328,32.0015],[-81.2308,32.0039],[-81.2328,32.0037],[-81.2326,32.0046],[-81.2348,32.007],[-81.2354,32.0067],[-81.2356,32.0061],[-81.2358,32.0071],[-81.2375,32.0075],[-81.2381,32.0067],[-81.2384,32.0072],[-81.2385,32.0064],[-81.2373,32.0072],[-81.2356,32.0057],[-81.2351,32.0067],[-81.2339,32.0059],[-81.2326,32.0],[-81.2255,31.9994],[-81.2244,31.9969],[-81.2203,31.9994],[-81.218,31.9973],[-81.2139,31.9985],[-81.2086,32.0039],[-81.2057,32.0022],[-81.2021,32.0019],[-81.1986,31.9987],[-81.1985,31.9957],[-81.1948,31.9911],[-81.1935,31.9875],[-81.1906,31.9855],[-81.1854,31.9854],[-81.1834,31.9838],[-81.1873,31.9774],[-81.1883,31.9777],[-81.1886,31.9791],[-81.1898,31.9801],[-81.1906,31.9804],[-81.1884,31.9771],[-81.1926,31.973],[-81.1939,31.9731],[-81.1937,31.9758],[-81.1942,31.9748],[-81.1955,31.9753],[-81.1938,31.9776],[-81.1955,31.9767],[-81.1962,31.9775],[-81.1945,31.9793],[-81.1946,31.98],[-81.1965,31.978],[-81.1965,31.9792],[-81.1973,31.9781],[-81.1993,31.9784],[-81.198,31.9788],[-81.1959,31.9817],[-81.1984,31.9788],[-81.2006,31.9792],[-81.1992,31.9807],[-81.1994,31.9816],[-81.201,31.9802],[-81.2003,31.9783],[-81.2047,31.9774],[-81.2045,31.9794],[-81.203,31.9799],[-81.2023,31.9808],[-81.2022,31.9834],[-81.2033,31.9801],[-81.2047,31.9808],[-81.2045,31.9814],[-81.2061,31.9825],[-81.2049,31.9806],[-81.2038,31.98],[-81.2064,31.9812],[-81.2046,31.9783],[-81.2081,31.976],[-81.2112,31.9788],[-81.2081,31.9757],[-81.2107,31.9735],[-81.2139,31.9668],[-81.2098,31.9635],[-81.2118,31.9597],[-81.211,31.9577],[-81.2077,31.9571],[-81.2,31.9605],[-81.1998,31.9583],[-81.2038,31.9572],[-81.206,31.9546],[-81.2052,31.9542],[-81.2033,31.9572],[-81.1995,31.9578],[-81.1982,31.9551],[-81.1941,31.9527],[-81.1932,31.9487],[-81.1902,31.9456],[-81.1975,31.9385],[-81.1967,31.9363],[-81.1913,31.9313],[-81.1954,31.9256],[-81.2002,31.9352],[-81.2025,31.9363],[-81.21,31.935],[-81.2129,31.9315],[-81.2165,31.9302],[-81.2193,31.9318],[-81.2187,31.9351],[-81.2198,31.9363],[-81.2239,31.9344],[-81.2261,31.9365],[-81.2294,31.9366],[-81.2293,31.9377],[-81.2307,31.9377],[-81.2305,31.9365],[-81.2326,31.9377],[-81.2317,31.9366],[-81.2294,31.9353],[-81.2271,31.9357],[-81.225,31.933],[-81.2221,31.9333],[-81.2208,31.9348],[-81.221,31.9315],[-81.2162,31.9288],[-81.2125,31.9301],[-81.2094,31.9334],[-81.2029,31.935],[-81.1977,31.9254],[-81.194,31.9235],[-81.192,31.9245],[-81.1905,31.9275],[-81.1853,31.9243],[-81.1796,31.9232],[-81.1669,31.9259],[-81.1611,31.9227],[-81.1502,31.9194],[-81.1489,31.9178],[-81.1518,31.9162],[-81.1532,31.9136],[-81.1472,31.9073],[-81.1464,31.9015],[-81.1426,31.8947],[-81.1467,31.8906],[-81.1495,31.8908],[-81.1485,31.8977],[-81.1517,31.9016],[-81.1567,31.9031],[-81.1578,31.9046],[-81.1556,31.9069],[-81.1521,31.9074],[-81.1515,31.9089],[-81.1591,31.9131],[-81.1526,31.9084],[-81.1569,31.907],[-81.1586,31.9049],[-81.1575,31.9027],[-81.1501,31.8989],[-81.151,31.8926],[-81.1501,31.89],[-81.1455,31.8893],[-81.142,31.8829],[-81.1363,31.8783],[-81.1397,31.8813],[-81.1439,31.888],[-81.1427,31.8915],[-81.1399,31.8932],[-81.1376,31.8933],[-81.1282,31.887],[-81.1197,31.8845],[-81.1099,31.884],[-81.0942,31.8867],[-81.0891,31.8843],[-81.0886,31.8802],[-81.0901,31.8729],[-81.0894,31.8595],[-81.0967,31.8585],[-81.1032,31.8642],[-81.1071,31.8661],[-81.1075,31.8687],[-81.1096,31.8701],[-81.1061,31.8759],[-81.1103,31.8773],[-81.1151,31.8756],[-81.1157,31.8723],[-81.1191,31.8726],[-81.1201,31.8695],[-81.1187,31.8723],[-81.1154,31.872],[-81.1145,31.8752],[-81.1115,31.8748],[-81.1099,31.877],[-81.1066,31.8756],[-81.1107,31.8703],[-81.1089,31.8684],[-81.1093,31.8669],[-81.1226,31.8604],[-81.1323,31.8591],[-81.1427,31.8607],[-81.1488,31.8638],[-81.1528,31.8688],[-81.1526,31.8708],[-81.1559,31.8769],[-81.1563,31.8867],[-81.1584,31.8923],[-81.1646,31.8983],[-81.1745,31.9041],[-81.1846,31.905],[-81.2082,31.8927],[-81.2215,31.891],[-81.2212,31.8933],[-81.2195,31.8947],[-81.2051,31.8982],[-81.1991,31.901],[-81.1955,31.9042],[-81.1887,31.9165],[-81.1903,31.9201],[-81.1937,31.9226],[-81.205,31.9234],[-81.2123,31.9201],[-81.2258,31.906],[-81.2292,31.901],[-81.2316,31.8925],[-81.2362,31.888],[-81.2396,31.8899],[-81.242,31.8939],[-81.2404,31.8956],[-81.2339,31.898],[-81.2306,31.9019],[-81.2304,31.9056],[-81.2325,31.9094],[-81.2376,31.9131],[-81.2436,31.9138],[-81.2548,31.9106],[-81.2631,31.91],[-81.2649,31.9139],[-81.2642,31.9171],[-81.2616,31.9195],[-81.2536,31.9224],[-81.2536,31.9258],[-81.2559,31.929],[-81.2591,31.9303],[-81.2632,31.9303],[-81.2741,31.9275],[-81.2747,31.9305],[-81.2696,31.9407],[-81.2701,31.943],[-81.2732,31.9454],[-81.279,31.9467],[-81.2847,31.9437],[-81.2866,31.9447],[-81.2851,31.9526],[-81.2884,31.9588],[-81.2861,31.9732],[-81.2873,31.978],[-81.2934,31.9807],[-81.3009,31.9807],[-81.3076,31.9824],[-81.3084,31.9849],[-81.307,31.9901],[-81.3099,31.9941],[-81.3037,31.9993],[-81.306,32.0037],[-81.3144,32.0055],[-81.3143,32.0106],[-81.3155,32.0121],[-81.3176,32.0118],[-81.3194,32.008],[-81.3217,32.0079],[-81.3226,32.0091],[-81.3221,32.0118],[-81.3178,32.0159],[-81.3198,32.017],[-81.3241,32.016],[-81.3236,32.0214],[-81.3252,32.022],[-81.3295,32.0198],[-81.3357,32.0227],[-81.3363,32.0237],[-81.3343,32.0278],[-81.3363,32.0291],[-81.3383,32.0329],[-81.3412,32.0313],[-81.3424,32.0342],[-81.3438,32.0331],[-81.3477,32.0355],[-81.3484,32.0391],[-81.3504,32.0342],[-81.356,32.0421],[-81.3612,32.0457],[-81.3606,32.0486],[-81.368,32.0485],[-81.3675,32.0513],[-81.3702,32.0545],[-81.3672,32.0573],[-81.3698,32.0589],[-81.3687,32.0599],[-81.3705,32.0639],[-81.3752,32.0662],[-81.3734,32.0684],[-81.3692,32.0679],[-81.3689,32.069],[-81.3724,32.072],[-81.3796,32.0748],[-81.3846,32.0794],[-81.389,32.087],[-81.3872,32.0904],[-81.3917,32.0959],[-81.1954,32.2376],[-81.1448,32.2265],[-81.1463,32.2246],[-81.1521,32.222],[-81.15,32.2211],[-81.1432,32.2217],[-81.1389,32.2198],[-81.136,32.2129],[-81.1274,32.2076],[-81.1231,32.2013],[-81.1219,32.1955],[-81.1195,32.1948],[-81.116,32.1965],[-81.114,32.1957],[-81.1148,32.1934],[-81.1193,32.1932],[-81.1218,32.1918],[-81.1212,32.1901],[-81.1182,32.1892],[-81.1179,32.1853],[-81.1204,32.1787],[-81.1169,32.1762],[-81.1119,32.178],[-81.1102,32.1768],[-81.1111,32.1727],[-81.1169,32.1709],[-81.1194,32.1754],[-81.1211,32.1749],[-81.1281,32.1691],[-81.1298,32.1658],[-81.122,32.1618],[-81.1221,32.1573],[-81.12,32.1533],[-81.1122,32.1508],[-81.1122,32.1493],[-81.1162,32.1472],[-81.1183,32.1444],[-81.12,32.1343],[-81.1152,32.1255],[-81.1172,32.1176],[-81.1137,32.1133],[-81.1067,32.1097],[-81.1018,32.1113],[-81.0916,32.1112],[-81.09,32.107],[-81.087,32.104],[-81.0883,32.0999],[-81.076,32.0973],[-81.0684,32.0913],[-81.0618,32.0879],[-81.0381,32.0837],[-81.0216,32.0909],[-81.016,32.0974],[-81.012,32.1002],[-81.0067,32.1011],[-80.9998,32.099],[-80.9943,32.0946],[-80.9835,32.0795],[-80.9545,32.0686],[-80.9336,32.0475],[-80.9228,32.0391],[-80.9178,32.0376],[-80.8842,32.0346],[-80.8816,32.0321],[-80.8843,32.0297],[-80.8848,32.0273],[-80.8833,32.0228],[-80.8815,32.0229],[-80.8819,32.0181],[-80.8844,32.0158],[-80.8836,32.0106],[-80.8861,32.0098],[-80.8918,32.016],[-80.8977,32.0165],[-80.8993,32.0151],[-80.8993,32.0133],[-80.8918,32.0097],[-80.8917,32.0073],[-80.8993,32.0044],[-80.9041,32.0084],[-80.9065,32.0087],[-80.9082,32.007],[-80.9066,32.0022],[-80.9123,32.0024],[-80.9152,31.9968],[-80.9216,31.9964],[-80.9223,31.9975],[-80.9181,32.0028],[-80.9119,32.0069],[-80.9127,32.0118],[-80.9138,32.0113],[-80.9146,32.0125],[-80.915,32.0154],[-80.9164,32.014],[-80.9195,32.0146],[-80.919,32.015],[-80.919,32.0158],[-80.9209,32.0152],[-80.9205,32.0195],[-80.9183,32.0226],[-80.9204,32.0203],[-80.9205,32.0229],[-80.9214,32.0234],[-80.9207,32.0225],[-80.9214,32.0216],[-80.9219,32.0238],[-80.9221,32.022],[-80.9243,32.0236],[-80.9237,32.022],[-80.9273,32.0216],[-80.9282,32.0271],[-80.9307,32.0296],[-80.9331,32.0296],[-80.9326,32.0305],[-80.933,32.0316],[-80.9361,32.0324],[-80.933,32.0305],[-80.9357,32.0292],[-80.9308,32.0292],[-80.9284,32.0268],[-80.9287,32.0242],[-80.9304,32.026],[-80.9328,32.0261],[-80.9303,32.0257],[-80.9288,32.024],[-80.9291,32.0214],[-80.9285,32.0221],[-80.927,32.0206],[-80.926,32.0205],[-80.9268,32.0197],[-80.9264,32.0185],[-80.9257,32.0206],[-80.9261,32.0212],[-80.9216,32.0207],[-80.9222,32.0172],[-80.9235,32.0184],[-80.9245,32.018],[-80.9218,32.0136],[-80.9163,32.012],[-80.9139,32.0087],[-80.9136,32.0067],[-80.9197,32.0033],[-80.9236,31.9978],[-80.9233,31.9963],[-80.9196,31.9946],[-80.9112,31.9958],[-80.9169,31.9882],[-80.9206,31.9923],[-80.9262,31.9955],[-80.9265,31.9994],[-80.9218,32.0075],[-80.9228,32.011],[-80.9389,32.0176],[-80.94,32.0193],[-80.9391,32.0244],[-80.9403,32.0278],[-80.9492,32.0299],[-80.9603,32.0383],[-80.9641,32.0446],[-80.9673,32.0441],[-80.9729,32.0469],[-80.975,32.0496],[-80.9734,32.0526],[-80.9766,32.0555],[-80.9774,32.0587],[-80.981,32.0584],[-80.9819,32.0618],[-80.9897,32.0627],[-80.9898,32.0648],[-80.9801,32.0678],[-80.982,32.0689],[-80.9945,32.064],[-80.9998,32.0671]]]]}},{"type":"Feature","properties":{"leaid":"1301050","name":"Chattahoochee County School District","kind":"Unified","gradeLow":"PK","gradeHigh":"12","state":"GA"},"geometry":{"type":"Polygon","coordinates":[[[-84.6582,32.3098],[-84.6589,32.2329],[-84.8025,32.2309],[-84.8025,32.221],[-84.814,32.2211],[-84.8139,32.2309],[-84.923,32.2309],[-84.9206,32.234],[-84.9163,32.2366],[-84.9127,32.2434],[-84.9154,32.246],[-84.9203,32.2441],[-84.9232,32.2447],[-84.9244,32.2501],[-84.9218,32.2507],[-84.9135,32.2486],[-84.9072,32.249],[-84.9041,32.2508],[-84.903,32.2566],[-84.8996,32.259],[-84.8912,32.2575],[-84.8882,32.2597],[-84.8782,32.2592],[-84.8784,32.2516],[-84.8732,32.2514],[-84.8734,32.2412],[-84.8676,32.2422],[-84.8609,32.2403],[-84.8451,32.2386],[-84.8246,32.2462],[-84.8179,32.2523],[-84.8113,32.2551],[-84.8112,32.2574],[-84.8009,32.2572],[-84.7973,32.259],[-84.7955,32.2569],[-84.7926,32.2568],[-84.7917,32.2998],[-84.7945,32.2998],[-84.7938,32.3486],[-84.7832,32.3483],[-84.7756,32.3389],[-84.7634,32.3356],[-84.7565,32.3317],[-84.7263,32.3253],[-84.721,32.3212],[-84.703,32.3197],[-84.6953,32.3176],[-84.6872,32.3063],[-84.6649,32.3102],[-84.6582,32.3098]]]}},{"type":"Feature","properties":{"leaid":"1301080","name":"Chattooga County School District","kind":"Unified","gradeLow":"PK","gradeHigh":"12","state":"GA"},"geometry":{"type":"Polygon","coordinates":[[[-85.1077,34.5875],[-85.1145,34.5748],[-85.1246,34.5509],[-85.1476,34.515],[-85.1522,34.5014],[-85.1566,34.4955],[-85.1591,34.4893],[-85.1629,34.4723],[-85.1701,34.4547],[-85.1772,34.445],[-85.1805,34.436],[-85.2028,34.4315],[-85.2047,34.4293],[-85.2151,34.4296],[-85.2146,34.4228],[-85.2223,34.4208],[-85.2224,34.4155],[-85.2413,34.4155],[-85.2414,34.4083],[-85.2491,34.4082],[-85.2492,34.4017],[-85.2522,34.4026],[-85.2593,34.399],[-85.2637,34.3987],[-85.2654,34.3956],[-85.2739,34.3938],[-85.2802,34.3895],[-85.2995,34.3847],[-85.3017,34.3827],[-85.3171,34.3765],[-85.3226,34.3757],[-85.3349,34.3697],[-85.3389,34.3638],[-85.349,34.3537],[-85.3537,34.3461],[-85.3606,34.3394],[-85.3632,34.339],[-85.3693,34.3264],[-85.3728,34.3226],[-85.3732,34.319],[-85.3753,34.3171],[-85.3771,34.3115],[-85.3828,34.3033],[-85.3824,34.3009],[-85.379,34.2988],[-85.3788,34.2962],[-85.3874,34.2861],[-85.4622,34.2864],[-85.5273,34.5887],[-85.3717,34.5896],[-85.3713,34.5859],[-85.3669,34.5859],[-85.3602,34.5818],[-85.3521,34.5825],[-85.3541,34.5853],[-85.3535,34.5893],[-85.1077,34.5875]],[[-85.3062,34.5681],[-85.3156,34.568],[-85.3149,34.5643],[-85.3218,34.5644],[-85.3209,34.5598],[-85.3272,34.5601],[-85.3274,34.531],[-85.3134,34.5308],[-85.3132,34.5317],[-85.301,34.5306],[-85.3006,34.5379],[-85.2966,34.5378],[-85.2973,34.5391],[-85.2907,34.5391],[-85.2888,34.5401],[-85.2917,34.5449],[-85.2936,34.5449],[-85.293,34.5489],[-85.2952,34.5463],[-85.2968,34.5463],[-85.2962,34.549],[-85.2979,34.5493],[-85.2972,34.5516],[-85.2981,34.5518],[-85.2961,34.5553],[-85.297,34.5557],[-85.2951,34.5567],[-85.2996,34.5568],[-85.2979,34.5605],[-85.298,34.5647],[-85.3066,34.5659],[-85.3062,34.5681]]]}},{"type":"Feature","properties":{"leaid":"1301110","name":"Cherokee County School District","kind":"Unified","gradeLow":"PK","gradeHigh":"12","state":"GA"},"geometry":{"type":"Polygon","coordinates":[[[-84.2576,34.381],[-84.259,34.1859],[-84.3286,34.1862],[-84.3374,34.1787],[-84.3424,34.1764],[-84.3522,34.1769],[-84.3561,34.1746],[-84.3552,34.1722],[-84.3564,34.1683],[-84.3608,34.1621],[-84.3569,34.1549],[-84.3605,34.1516],[-84.3588,34.1486],[-84.3602,34.1456],[-84.3588,34.1409],[-84.3614,34.1365],[-84.3598,34.1319],[-84.3616,34.1247],[-84.3653,34.1224],[-84.3709,34.1225],[-84.3768,34.1195],[-84.3881,34.1199],[-84.3886,34.118],[-84.3921,34.1175],[-84.3929,34.1149],[-84.395,34.1154],[-84.3998,34.1096],[-84.4042,34.1104],[-84.411,34.1079],[-84.4143,34.1104],[-84.4184,34.109],[-84.4189,34.0735],[-84.5115,34.0753],[-84.5115,34.0792],[-84.5159,34.0792],[-84.5159,34.0753],[-84.6123,34.0773],[-84.6154,34.0775],[-84.6153,34.0816],[-84.6175,34.0817],[-84.6242,34.0818],[-84.6243,34.0776],[-84.6592,34.0782],[-84.6572,34.2093],[-84.654,34.2093],[-84.654,34.3469],[-84.6447,34.3468],[-84.6443,34.3552],[-84.654,34.3552],[-84.6532,34.4126],[-84.574,34.4121],[-84.5736,34.3814],[-84.4423,34.3804],[-84.4421,34.3882],[-84.4245,34.388],[-84.4245,34.3806],[-84.4007,34.3805],[-84.4008,34.3733],[-84.3922,34.3733],[-84.3921,34.3807],[-84.2576,34.381]]]}},{"type":"Feature","properties":{"leaid":"1301140","name":"Chickamauga City School District","kind":"Unified","gradeLow":"PK","gradeHigh":"12","state":"GA"},"geometry":{"type":"Polygon","coordinates":[[[-85.2645,34.8954],[-85.2659,34.8924],[-85.2652,34.8916],[-85.267,34.8918],[-85.2671,34.8907],[-85.2643,34.891],[-85.2643,34.8856],[-85.2665,34.8877],[-85.2682,34.885],[-85.2667,34.8844],[-85.2664,34.8829],[-85.2697,34.883],[-85.2696,34.8811],[-85.2711,34.8808],[-85.2679,34.8797],[-85.2643,34.8805],[-85.2642,34.8753],[-85.2675,34.8751],[-85.269,34.8735],[-85.2713,34.8748],[-85.273,34.8799],[-85.2738,34.8779],[-85.273,34.8776],[-85.278,34.8773],[-85.2779,34.875],[-85.2828,34.8703],[-85.2849,34.87],[-85.2851,34.8609],[-85.3005,34.8607],[-85.3013,34.8626],[-85.3005,34.8634],[-85.3015,34.8637],[-85.302,34.8625],[-85.3012,34.8622],[-85.3043,34.8607],[-85.3051,34.8615],[-85.3027,34.8641],[-85.3027,34.8658],[-85.3006,34.8661],[-85.3006,34.8691],[-85.3025,34.8691],[-85.3019,34.8675],[-85.3035,34.8681],[-85.3044,34.8669],[-85.3116,34.8673],[-85.3117,34.8607],[-85.3145,34.8615],[-85.3145,34.8646],[-85.3164,34.8646],[-85.3166,34.8616],[-85.3175,34.8619],[-85.3186,34.8672],[-85.3156,34.8672],[-85.3156,34.8711],[-85.3092,34.8703],[-85.3085,34.8729],[-85.3077,34.8714],[-85.3005,34.8721],[-85.3005,34.8751],[-85.3045,34.875],[-85.3047,34.877],[-85.3005,34.8764],[-85.3005,34.8791],[-85.3016,34.8798],[-85.3005,34.8798],[-85.3006,34.8825],[-85.294,34.8826],[-85.2922,34.885],[-85.2886,34.8846],[-85.2888,34.8856],[-85.2873,34.8856],[-85.2876,34.884],[-85.2858,34.8827],[-85.2863,34.8856],[-85.2826,34.8857],[-85.2833,34.8833],[-85.2815,34.8874],[-85.2782,34.8863],[-85.2802,34.8828],[-85.2789,34.8829],[-85.2789,34.884],[-85.2768,34.8829],[-85.276,34.8855],[-85.2739,34.8851],[-85.2739,34.8867],[-85.271,34.8867],[-85.2724,34.8881],[-85.2704,34.8913],[-85.2731,34.8913],[-85.2732,34.8933],[-85.2716,34.8934],[-85.2736,34.8953],[-85.2645,34.8954]],[[-85.2688,34.8835],[-85.268,34.8841],[-85.2685,34.8842],[-85.2688,34.8835]],[[-85.2726,34.8825],[-85.2738,34.8824],[-85.2737,34.8816],[-85.2729,34.8814],[-85.2726,34.8825]],[[-85.2702,34.8795],[-85.2721,34.8809],[-85.2737,34.8813],[-85.2722,34.8794],[-85.2702,34.8795]]]}},{"type":"Feature","properties":{"leaid":"1301230","name":"Clayton County School District","kind":"Unified","gradeLow":"PK","gradeHigh":"12","state":"GA"},"geometry":{"type":"Polygon","coordinates":[[[-84.4458,33.6488],[-84.2817,33.6473],[-84.2815,33.6394],[-84.2719,33.6392],[-84.2721,33.6312],[-84.2626,33.631],[-84.263,33.607],[-84.2532,33.6069],[-84.2532,33.5988],[-84.2439,33.5986],[-84.2439,33.5903],[-84.2532,33.5903],[-84.2531,33.5822],[-84.2636,33.5822],[-84.2637,33.5489],[-84.2926,33.5491],[-84.293,33.533],[-84.2825,33.5329],[-84.2825,33.5313],[-84.2839,33.4843],[-84.2942,33.4843],[-84.2947,33.4357],[-84.3043,33.4357],[-84.3042,33.4274],[-84.3234,33.428],[-84.3232,33.4359],[-84.3536,33.4362],[-84.3544,33.3525],[-84.3881,33.3525],[-84.3891,33.3537],[-84.3886,33.3563],[-84.3951,33.3603],[-84.3925,33.3666],[-84.3961,33.3686],[-84.3945,33.3697],[-84.3963,33.3734],[-84.3883,33.3751],[-84.3865,33.3765],[-84.3873,33.3801],[-84.3885,33.3792],[-84.3905,33.3819],[-84.3899,33.386],[-84.3947,33.3886],[-84.3928,33.3909],[-84.3941,33.3912],[-84.3948,33.3945],[-84.3919,33.3965],[-84.3886,33.3961],[-84.387,33.4008],[-84.3841,33.4025],[-84.387,33.4046],[-84.3867,33.4098],[-84.3881,33.4117],[-84.3931,33.412],[-84.3931,33.42],[-84.4023,33.4201],[-84.4022,33.4364],[-84.3926,33.4365],[-84.3925,33.4445],[-84.3837,33.4444],[-84.3854,33.4473],[-84.3877,33.4461],[-84.3888,33.4503],[-84.3865,33.4537],[-84.3837,33.4551],[-84.3849,33.4586],[-84.3818,33.4612],[-84.3817,33.4633],[-84.3865,33.4673],[-84.3849,33.4713],[-84.3871,33.4766],[-84.3921,33.4794],[-84.3962,33.4849],[-84.4097,33.4939],[-84.4206,33.494],[-84.4204,33.5096],[-84.4335,33.5243],[-84.4332,33.531],[-84.4348,33.5411],[-84.4394,33.5507],[-84.4587,33.5509],[-84.4579,33.6489],[-84.4531,33.6489],[-84.4531,33.6411],[-84.4483,33.6411],[-84.4484,33.6467],[-84.4458,33.6467],[-84.4458,33.6488]]]}},{"type":"Feature","properties":{"leaid":"1301290","name":"Cobb County School District","kind":"Unified","gradeLow":"PK","gradeHigh":"12","state":"GA"},"geometry":{"type":"MultiPolygon","coordinates":[[[[-84.4781,33.9001],[-84.4792,33.8999],[-84.4783,33.9011],[-84.4781,33.9001]]],[[[-84.5743,33.92],[-84.5718,33.92],[-84.5718,33.918],[-84.5737,33.9182],[-84.5743,33.92]]],[[[-84.562,33.9166],[-84.5663,33.9166],[-84.5662,33.9202],[-84.562,33.9202],[-84.562,33.9166]]],[[[-84.5007,33.921],[-84.4963,33.9216],[-84.4963,33.9192],[-84.5007,33.9193],[-84.5007,33.921]]],[[[-84.5743,33.92],[-84.5751,33.9225],[-84.5729,33.923],[-84.5717,33.9213],[-84.5743,33.9213],[-84.5743,33.92]]],[[[-84.5814,33.9274],[-84.5811,33.9273],[-84.5814,33.9273],[-84.5814,33.9274]]],[[[-84.5006,33.9267],[-84.5006,33.9252],[-84.498,33.9265],[-84.4963,33.9257],[-84.4963,33.9223],[-84.5006,33.9223],[-84.5021,33.9205],[-84.5022,33.9217],[-84.5053,33.9229],[-84.5027,33.9233],[-84.5027,33.9243],[-84.5013,33.9234],[-84.5008,33.9252],[-84.5068,33.9268],[-84.5065,33.9305],[-84.5027,33.9305],[-84.5027,33.9279],[-84.5006,33.9267]]],[[[-84.5,33.9403],[-84.5006,33.9405],[-84.5,33.9405],[-84.5,33.9403]]],[[[-84.5802,33.9386],[-84.5843,33.9365],[-84.587,33.9382],[-84.5807,33.9388],[-84.5774,33.9412],[-84.5802,33.9386]]],[[[-84.5014,33.953],[-84.4999,33.9545],[-84.5006,33.951],[-84.4985,33.9505],[-84.5005,33.9492],[-84.4999,33.9476],[-84.5087,33.9495],[-84.5062,33.9513],[-84.5043,33.9516],[-84.504,33.9506],[-84.5033,33.9532],[-84.5014,33.953]]],[[[-84.4972,33.9591],[-84.4974,33.9553],[-84.4983,33.9553],[-84.4992,33.9581],[-84.4972,33.9591]]],[[[-84.5029,33.9657],[-84.4992,33.963],[-84.5008,33.9623],[-84.504,33.9635],[-84.5039,33.9587],[-84.5079,33.9561],[-84.504,33.9544],[-84.5054,33.9533],[-84.5067,33.9542],[-84.5075,33.9516],[-84.511,33.9531],[-84.511,33.9547],[-84.5145,33.9526],[-84.5155,33.9547],[-84.5125,33.9547],[-84.512,33.9583],[-84.5139,33.9621],[-84.5094,33.9647],[-84.5029,33.9657]]],[[[-84.5173,33.9809],[-84.5181,33.9812],[-84.5176,33.9815],[-84.5173,33.9809]]],[[[-84.5252,33.9821],[-84.5231,33.9786],[-84.5253,33.9788],[-84.5253,33.9773],[-84.5226,33.9772],[-84.5207,33.9801],[-84.5167,33.9802],[-84.5149,33.9767],[-84.5159,33.9729],[-84.5219,33.9714],[-84.5242,33.9735],[-84.5231,33.9759],[-84.5243,33.9765],[-84.528,33.9737],[-84.5276,33.9773],[-84.53,33.9773],[-84.5299,33.9803],[-84.5253,33.9803],[-84.5252,33.9821]]],[[[-84.514,33.9872],[-84.5129,33.9872],[-84.5129,33.9852],[-84.5146,33.9841],[-84.514,33.9872]]],[[[-84.5079,33.9877],[-84.5064,33.9872],[-84.5083,33.9872],[-84.5079,33.9877]]],[[[-84.5277,33.9904],[-84.5252,33.9872],[-84.5298,33.9864],[-84.5305,33.9879],[-84.5277,33.9904]]],[[[-84.5318,33.9894],[-84.534,33.9892],[-84.5362,33.986],[-84.5378,33.9872],[-84.5366,33.9914],[-84.5318,33.9894]]],[[[-84.5431,33.9916],[-84.5408,33.9891],[-84.5391,33.9899],[-84.5393,33.9915],[-84.5377,33.9915],[-84.5391,33.9878],[-84.5426,33.9879],[-84.5431,33.9916]]],[[[-84.547,33.9931],[-84.5473,33.9917],[-84.5504,33.9923],[-84.5487,33.9938],[-84.547,33.9931]]],[[[-84.5321,33.995],[-84.5301,33.9948],[-84.5316,33.9933],[-84.5305,33.9938],[-84.531,33.993],[-84.5293,33.9921],[-84.5305,33.9906],[-84.5345,33.9929],[-84.5331,33.9948],[-84.5341,33.9947],[-84.5321,33.995]]],[[[-84.6242,34.0818],[-84.6153,34.0816],[-84.6154,34.0775],[-84.6123,34.0773],[-84.5159,34.0753],[-84.5159,34.0792],[-84.5115,34.0792],[-84.5115,34.0753],[-84.4189,34.0735],[-84.4185,34.0534],[-84.4131,34.0493],[-84.411,34.0495],[-84.4113,34.0421],[-84.4069,34.0361],[-84.4054,34.0374],[-84.4023,34.0354],[-84.404,34.0323],[-84.4012,34.0302],[-84.4013,34.0243],[-84.3999,34.0244],[-84.3982,34.022],[-84.3997,34.0201],[-84.398,34.0164],[-84.4012,34.0142],[-84.4,34.0134],[-84.401,34.0119],[-84.3991,34.0099],[-84.4008,34.0083],[-84.3963,34.0081],[-84.3972,34.0063],[-84.3925,34.001],[-84.3929,33.9997],[-84.3876,33.9968],[-84.3898,33.9948],[-84.3868,33.9927],[-84.3832,33.9928],[-84.3791,33.991],[-84.3747,33.9863],[-84.3764,33.9752],[-84.3785,33.9728],[-84.3845,33.971],[-84.3828,33.9657],[-84.3838,33.9627],[-84.3903,33.9563],[-84.3978,33.9516],[-84.4172,33.9325],[-84.4311,33.9245],[-84.4364,33.923],[-84.4395,33.9172],[-84.4472,33.9113],[-84.4475,33.9078],[-84.4417,33.9],[-84.4439,33.8954],[-84.4416,33.8908],[-84.4443,33.8872],[-84.4434,33.8789],[-84.4517,33.8726],[-84.452,33.8692],[-84.4562,33.8645],[-84.4545,33.8587],[-84.4602,33.8525],[-84.4587,33.847],[-84.4607,33.8398],[-84.4552,33.8289],[-84.4564,33.8253],[-84.4591,33.8247],[-84.4657,33.8276],[-84.4709,33.8264],[-84.4836,33.815],[-84.4924,33.8113],[-84.503,33.7993],[-84.5096,33.7938],[-84.5308,33.7823],[-84.5388,33.7703],[-84.5549,33.7611],[-84.5728,33.7459],[-84.5779,33.7437],[-84.5778,33.7456],[-84.6163,33.7949],[-84.6227,33.8048],[-84.7241,33.8064],[-84.7247,33.8669],[-84.723,33.9476],[-84.7396,33.9478],[-84.7378,34.0793],[-84.6243,34.0776],[-84.6242,34.0818]],[[-84.5808,33.9274],[-84.5765,33.9274],[-84.575,33.924],[-84.5766,33.9219],[-84.5772,33.9224],[-84.5822,33.9188],[-84.5822,33.9165],[-84.5794,33.9164],[-84.5795,33.9147],[-84.5759,33.9151],[-84.5754,33.9132],[-84.5729,33.9132],[-84.5727,33.9153],[-84.5772,33.9166],[-84.5705,33.9167],[-84.5706,33.9126],[-84.5692,33.9126],[-84.5695,33.9113],[-84.5681,33.9106],[-84.5631,33.9146],[-84.562,33.9132],[-84.5568,33.9124],[-84.556,33.913],[-84.5576,33.9164],[-84.5539,33.9159],[-84.5581,33.921],[-84.5568,33.9235],[-84.5604,33.9236],[-84.5608,33.9272],[-84.5585,33.9272],[-84.5596,33.9309],[-84.5573,33.931],[-84.5573,33.9326],[-84.5554,33.9329],[-84.5551,33.9358],[-84.5535,33.9337],[-84.5516,33.938],[-84.5455,33.9379],[-84.5444,33.9369],[-84.5429,33.9381],[-84.5413,33.9358],[-84.5396,33.9362],[-84.5396,33.9378],[-84.5351,33.9378],[-84.5353,33.9366],[-84.5306,33.9355],[-84.531,33.9378],[-84.5223,33.9377],[-84.5232,33.9314],[-84.5214,33.9285],[-84.512,33.9285],[-84.5095,33.9269],[-84.5075,33.925],[-84.5105,33.9253],[-84.51,33.922],[-84.5113,33.9209],[-84.5086,33.9212],[-84.5068,33.9248],[-84.4964,33.9124],[-84.4965,33.9086],[-84.5008,33.9086],[-84.5009,33.9015],[-84.4999,33.9005],[-84.4967,33.8977],[-84.4896,33.9019],[-84.488,33.8998],[-84.4889,33.8992],[-84.4879,33.8965],[-84.4836,33.8993],[-84.4802,33.8956],[-84.4773,33.8975],[-84.4788,33.8992],[-84.4773,33.9001],[-84.4773,33.9038],[-84.4793,33.9042],[-84.4803,33.9017],[-84.4823,33.9033],[-84.4864,33.9023],[-84.4874,33.9034],[-84.4852,33.9036],[-84.4861,33.9047],[-84.4834,33.9058],[-84.4833,33.9091],[-84.485,33.9062],[-84.4875,33.9082],[-84.4875,33.9172],[-84.4833,33.9172],[-84.4833,33.9157],[-84.4805,33.9156],[-84.4786,33.9121],[-84.4779,33.9123],[-84.4776,33.9144],[-84.4822,33.9186],[-84.4818,33.92],[-84.4782,33.9224],[-84.4787,33.9191],[-84.4743,33.9191],[-84.4745,33.9243],[-84.4736,33.9245],[-84.4725,33.9225],[-84.4699,33.9225],[-84.47,33.9213],[-84.4679,33.9217],[-84.4694,33.9219],[-84.4683,33.9225],[-84.4696,33.9239],[-84.4705,33.9235],[-84.4696,33.9248],[-84.4711,33.9264],[-84.4759,33.9264],[-84.4767,33.9232],[-84.4786,33.9242],[-84.4786,33.9264],[-84.4763,33.9264],[-84.4758,33.9275],[-84.4759,33.9286],[-84.4786,33.9272],[-84.4786,33.9304],[-84.4756,33.9307],[-84.481,33.9333],[-84.4817,33.9294],[-84.4873,33.9294],[-84.4874,33.9279],[-84.4961,33.9375],[-84.4999,33.9391],[-84.499,33.9435],[-84.4969,33.9447],[-84.4985,33.9457],[-84.4984,33.9492],[-84.4979,33.9504],[-84.4955,33.9509],[-84.4973,33.952],[-84.4957,33.9596],[-84.4926,33.9587],[-84.4926,33.9622],[-84.4907,33.9652],[-84.4953,33.9641],[-84.4969,33.9655],[-84.4986,33.9637],[-84.4979,33.9629],[-84.5025,33.9666],[-84.5098,33.9651],[-84.5139,33.9625],[-84.5148,33.966],[-84.5127,33.967],[-84.5125,33.969],[-84.5116,33.969],[-84.5117,33.9671],[-84.5094,33.9678],[-84.5093,33.9717],[-84.5079,33.9717],[-84.5079,33.9769],[-84.5128,33.977],[-84.5126,33.9801],[-84.5079,33.9799],[-84.5073,33.984],[-84.4983,33.9838],[-84.4981,33.9909],[-84.504,33.9909],[-84.5039,33.9896],[-84.506,33.9896],[-84.5061,33.991],[-84.5078,33.991],[-84.5078,33.9958],[-84.5052,33.9981],[-84.5077,33.9993],[-84.5102,33.9994],[-84.5074,33.9973],[-84.5082,33.9967],[-84.5119,33.9976],[-84.5122,33.9944],[-84.5147,33.9945],[-84.5148,33.9892],[-84.5164,33.9892],[-84.5164,33.9873],[-84.519,33.9873],[-84.5189,33.9911],[-84.5215,33.9911],[-84.5215,33.9947],[-84.5179,33.9947],[-84.5178,33.9961],[-84.5251,33.9957],[-84.5239,33.9986],[-84.5286,33.9971],[-84.5288,33.9987],[-84.5339,33.9988],[-84.536,33.9986],[-84.536,33.997],[-84.5476,33.9973],[-84.546,34.0002],[-84.5472,34.0012],[-84.5559,34.0011],[-84.556,33.9994],[-84.5515,33.9992],[-84.5516,33.9955],[-84.5579,33.9957],[-84.5529,33.9927],[-84.5534,33.9902],[-84.5515,33.9895],[-84.5501,33.9912],[-84.5477,33.9901],[-84.549,33.9881],[-84.5454,33.9865],[-84.5455,33.9826],[-84.5504,33.978],[-84.5505,33.976],[-84.551,33.9771],[-84.5545,33.9765],[-84.5588,33.9799],[-84.5582,33.9823],[-84.556,33.9819],[-84.5561,33.983],[-84.5575,33.9831],[-84.5563,33.985],[-84.5559,33.9831],[-84.5519,33.9836],[-84.551,33.9861],[-84.553,33.9864],[-84.5524,33.9873],[-84.5608,33.9877],[-84.5631,33.9889],[-84.5619,33.9897],[-84.5634,33.9916],[-84.5654,33.9922],[-84.5738,33.991],[-84.574,33.9887],[-84.5723,33.9878],[-84.5682,33.9887],[-84.5722,33.9849],[-84.5683,33.9838],[-84.5692,33.9824],[-84.5658,33.9806],[-84.5669,33.9792],[-84.5606,33.9793],[-84.559,33.9774],[-84.5652,33.9776],[-84.5649,33.9749],[-84.5674,33.9763],[-84.5667,33.9779],[-84.5695,33.9789],[-84.5699,33.9705],[-84.579,33.9706],[-84.5789,33.9595],[-84.5829,33.9593],[-84.5825,33.9566],[-84.5845,33.9594],[-84.5916,33.9571],[-84.5917,33.9531],[-84.5938,33.9531],[-84.5938,33.9462],[-84.5967,33.9456],[-84.5968,33.9385],[-84.5925,33.9384],[-84.5926,33.9329],[-84.5882,33.9319],[-84.5883,33.938],[-84.5862,33.9372],[-84.5872,33.9337],[-84.5857,33.9325],[-84.5873,33.9301],[-84.586,33.9294],[-84.5859,33.9275],[-84.5837,33.9275],[-84.5837,33.9238],[-84.5793,33.9242],[-84.5796,33.9214],[-84.5815,33.9212],[-84.5806,33.9204],[-84.5768,33.9232],[-84.5787,33.9249],[-84.5785,33.9265],[-84.5808,33.9274]],[[-84.5824,33.9199],[-84.5844,33.9205],[-84.5847,33.9191],[-84.5836,33.9182],[-84.5824,33.9199]],[[-84.6008,33.9458],[-84.6001,33.9532],[-84.6033,33.9533],[-84.6033,33.9476],[-84.601,33.9476],[-84.6008,33.9465],[-84.6033,33.9472],[-84.6034,33.9458],[-84.6008,33.9458]],[[-84.5955,33.9605],[-84.5966,33.9659],[-84.5952,33.9659],[-84.5952,33.9636],[-84.5938,33.9634],[-84.593,33.9671],[-84.5952,33.9679],[-84.5965,33.9661],[-84.5965,33.9679],[-84.5977,33.9679],[-84.5979,33.9656],[-84.5997,33.9651],[-84.5981,33.965],[-84.5978,33.9638],[-84.5995,33.9648],[-84.6,33.9605],[-84.5955,33.9605]],[[-84.6051,33.9608],[-84.6042,33.968],[-84.6011,33.9716],[-84.6014,33.9753],[-84.5996,33.978],[-84.6046,33.9753],[-84.6038,33.9792],[-84.6087,33.982],[-84.6069,33.9831],[-84.6118,33.9886],[-84.6168,33.9853],[-84.6172,33.9759],[-84.6128,33.9754],[-84.6129,33.9682],[-84.6086,33.9682],[-84.6086,33.9673],[-84.6063,33.9681],[-84.6063,33.9668],[-84.6085,33.9669],[-84.6083,33.9608],[-84.6051,33.9608]],[[-84.5912,33.983],[-84.5992,33.9827],[-84.598,33.9804],[-84.5912,33.983]],[[-84.5887,33.978],[-84.5921,33.9751],[-84.5951,33.9751],[-84.5954,33.975],[-84.597,33.9738],[-84.5972,33.9752],[-84.5989,33.9752],[-84.5974,33.9737],[-84.5969,33.9737],[-84.5965,33.9739],[-84.5954,33.9749],[-84.5913,33.9713],[-84.5869,33.975],[-84.5868,33.978],[-84.5887,33.978]],[[-84.6014,33.9648],[-84.6003,33.9648],[-84.6006,33.966],[-84.6014,33.9648]],[[-84.4983,33.9418],[-84.4978,33.9411],[-84.4978,33.9418],[-84.4983,33.9418]],[[-84.4743,33.9299],[-84.4745,33.9293],[-84.4738,33.9295],[-84.4743,33.9299]],[[-84.555,33.9252],[-84.5555,33.9322],[-84.5567,33.9321],[-84.5574,33.9241],[-84.555,33.9252]]]]}},{"type":"Feature","properties":{"leaid":"1301350","name":"Coffee County School District","kind":"Unified","gradeLow":"PK","gradeHigh":"12","state":"GA"},"geometry":{"type":"Polygon","coordinates":[[[-82.8364,31.8162],[-82.8366,31.6714],[-82.6273,31.6727],[-82.6283,31.5583],[-82.5963,31.5579],[-82.5963,31.5482],[-82.5975,31.4693],[-82.6282,31.4694],[-82.629,31.3639],[-82.8175,31.3645],[-82.8184,31.3673],[-82.8222,31.3695],[-82.8226,31.3752],[-82.8295,31.3775],[-82.8352,31.3869],[-82.8369,31.3919],[-82.8356,31.3975],[-82.8377,31.4007],[-82.8429,31.4016],[-82.8441,31.4033],[-82.9581,31.403],[-82.9585,31.4173],[-83.1405,31.4204],[-83.14,31.4263],[-83.1359,31.4305],[-83.1398,31.4379],[-83.1386,31.44],[-83.1391,31.4437],[-83.1416,31.4463],[-83.1449,31.4546],[-83.1501,31.4564],[-83.1511,31.4602],[-83.1508,31.4623],[-83.1452,31.4696],[-83.1456,31.4723],[-83.1198,31.4737],[-83.1153,31.4779],[-83.1117,31.4782],[-83.1103,31.4823],[-83.1017,31.4937],[-83.0963,31.507],[-83.0922,31.5106],[-83.0839,31.5149],[-83.0825,31.5244],[-83.0743,31.5335],[-83.065,31.5528],[-83.06,31.5655],[-83.0588,31.6112],[-83.0448,31.6108],[-83.0445,31.6241],[-83.0302,31.6237],[-83.0294,31.6362],[-83.0142,31.6357],[-83.0134,31.6608],[-82.9988,31.6605],[-82.9957,31.781],[-82.9904,31.7766],[-82.9899,31.7789],[-82.9919,31.7825],[-82.9907,31.7872],[-82.989,31.7883],[-82.9848,31.7871],[-82.9841,31.7842],[-82.9825,31.7839],[-82.983,31.7896],[-82.9774,31.7933],[-82.9738,31.791],[-82.9697,31.7928],[-82.9686,31.7916],[-82.9696,31.7884],[-82.966,31.788],[-82.9636,31.7845],[-82.96,31.786],[-82.956,31.783],[-82.9492,31.7854],[-82.9467,31.7834],[-82.9471,31.7872],[-82.9458,31.7879],[-82.9424,31.7842],[-82.941,31.7848],[-82.9404,31.7875],[-82.9368,31.7864],[-82.9346,31.7877],[-82.9338,31.7858],[-82.9311,31.7865],[-82.9247,31.7843],[-82.9194,31.7843],[-82.9187,31.7834],[-82.9213,31.7805],[-82.9194,31.7787],[-82.9172,31.7792],[-82.9157,31.7837],[-82.9073,31.7849],[-82.8988,31.7915],[-82.8965,31.7899],[-82.8996,31.7873],[-82.8988,31.7852],[-82.8996,31.7832],[-82.8959,31.7837],[-82.892,31.7822],[-82.8904,31.7804],[-82.8867,31.7797],[-82.8861,31.7816],[-82.8807,31.7828],[-82.8821,31.7855],[-82.8775,31.7851],[-82.8767,31.7871],[-82.8736,31.7847],[-82.8777,31.7822],[-82.877,31.7809],[-82.8722,31.7832],[-82.8681,31.7823],[-82.8694,31.7848],[-82.8682,31.7858],[-82.8628,31.783],[-82.8618,31.7843],[-82.8623,31.7871],[-82.8573,31.7905],[-82.8589,31.7927],[-82.856,31.7948],[-82.8558,31.7983],[-82.8539,31.7991],[-82.8499,31.7979],[-82.8447,31.8049],[-82.8423,31.8047],[-82.8415,31.8067],[-82.8386,31.8072],[-82.8422,31.8117],[-82.8407,31.8125],[-82.8367,31.8107],[-82.8367,31.8126],[-82.8391,31.8149],[-82.8364,31.8162]]]}},{"type":"Feature","properties":{"leaid":"1301380","name":"Colquitt County School District","kind":"Unified","gradeLow":"PK","gradeHigh":"12","state":"GA"},"geometry":{"type":"Polygon","coordinates":[[[-83.7139,31.3317],[-83.5126,31.3274],[-83.5139,31.321],[-83.5127,31.3141],[-83.5146,31.3106],[-83.5153,31.3015],[-83.5144,31.2987],[-83.5106,31.2943],[-83.5111,31.2853],[-83.5064,31.28],[-83.5074,31.276],[-83.5062,31.2744],[-83.5056,31.269],[-83.5077,31.261],[-83.5054,31.2596],[-83.5078,31.2578],[-83.5086,31.2545],[-83.5076,31.252],[-83.5097,31.2513],[-83.509,31.2493],[-83.512,31.2456],[-83.511,31.2418],[-83.5137,31.2339],[-83.5135,31.2285],[-83.5095,31.2263],[-83.5112,31.2251],[-83.5092,31.225],[-83.5099,31.2233],[-83.5081,31.2221],[-83.5111,31.2163],[-83.5101,31.2157],[-83.5126,31.2161],[-83.5119,31.2127],[-83.5095,31.2095],[-83.5098,31.2062],[-83.5201,31.1995],[-83.5207,31.1974],[-83.5193,31.1961],[-83.5216,31.1945],[-83.5214,31.1928],[-83.5238,31.1922],[-83.5238,31.1904],[-83.5261,31.1912],[-83.5257,31.1898],[-83.5272,31.1893],[-83.5261,31.1885],[-83.5263,31.1865],[-83.5289,31.1845],[-83.5287,31.1833],[-83.5305,31.1836],[-83.5322,31.1807],[-83.5372,31.1816],[-83.5405,31.1792],[-83.5413,31.1731],[-83.5434,31.1704],[-83.5419,31.1704],[-83.5435,31.161],[-83.5434,31.1482],[-83.5464,31.1485],[-83.5498,31.1466],[-83.5504,31.1476],[-83.5517,31.1448],[-83.5559,31.1445],[-83.5546,31.1418],[-83.5561,31.1417],[-83.5569,31.1389],[-83.5572,31.1277],[-83.5587,31.1267],[-83.5551,31.122],[-83.5581,31.1226],[-83.5596,31.1176],[-83.5583,31.1162],[-83.559,31.1148],[-83.5573,31.1105],[-83.5595,31.1105],[-83.5585,31.1091],[-83.562,31.1031],[-83.5623,31.1046],[-83.5632,31.1042],[-83.5628,31.1018],[-83.5644,31.1024],[-83.564,31.1008],[-83.5651,31.1016],[-83.5675,31.1007],[-83.5695,31.0979],[-83.5668,31.0984],[-83.5676,31.0955],[-83.569,31.0954],[-83.5676,31.0951],[-83.569,31.0939],[-83.5672,31.0916],[-83.5682,31.0884],[-83.5703,31.0866],[-83.5716,31.0879],[-83.5739,31.085],[-83.5767,31.0844],[-83.574,31.0803],[-83.5771,31.0803],[-83.5749,31.0781],[-83.574,31.0339],[-83.7808,31.0385],[-83.7811,31.0258],[-83.7952,31.026],[-83.7961,31.026],[-83.7957,31.0387],[-84.0039,31.0416],[-84.0032,31.1023],[-84.0139,31.1024],[-84.0137,31.1118],[-84.003,31.1119],[-83.9994,31.335],[-83.7591,31.3322],[-83.7589,31.319],[-83.7203,31.3184],[-83.7141,31.3184],[-83.7139,31.3317]]]}},{"type":"Feature","properties":{"leaid":"1301410","name":"Columbia County School District","kind":"Unified","gradeLow":"PK","gradeHigh":"12","state":"GA"},"geometry":{"type":"Polygon","coordinates":[[[-82.2186,33.6863],[-82.2132,33.6772],[-82.2104,33.6698],[-82.1999,33.6617],[-82.2012,33.6469],[-82.1966,33.6306],[-82.1799,33.6159],[-82.1744,33.6131],[-82.1563,33.6086],[-82.1534,33.6063],[-82.1488,33.5981],[-82.1335,33.5905],[-82.1259,33.5907],[-82.1165,33.5965],[-82.1062,33.5956],[-82.0988,33.5864],[-82.0941,33.5827],[-82.0731,33.5775],[-82.0577,33.5668],[-82.0463,33.5638],[-82.0374,33.5547],[-82.033,33.5465],[-82.0282,33.5449],[-82.1799,33.4387],[-82.2942,33.3546],[-82.3023,33.3616],[-82.3096,33.3656],[-82.3123,33.3749],[-82.323,33.3812],[-82.324,33.3834],[-82.3235,33.3865],[-82.3291,33.3922],[-82.3312,33.3984],[-82.3392,33.4022],[-82.3406,33.4066],[-82.3362,33.4129],[-82.3353,33.4187],[-82.3386,33.4224],[-82.3462,33.4265],[-82.3642,33.4507],[-82.3748,33.4554],[-82.3848,33.4673],[-82.3823,33.4708],[-82.3835,33.4781],[-82.3991,33.4925],[-82.3982,33.5001],[-82.4013,33.5087],[-82.4005,33.511],[-82.4024,33.5165],[-82.3983,33.5181],[-82.3923,33.5251],[-82.3849,33.5299],[-82.4368,33.5497],[-82.4342,33.5671],[-82.4328,33.5689],[-82.4302,33.5687],[-82.4297,33.5709],[-82.4228,33.5761],[-82.4132,33.5921],[-82.4127,33.5976],[-82.418,33.5973],[-82.4211,33.5987],[-82.4291,33.6065],[-82.433,33.6081],[-82.4335,33.6091],[-82.4315,33.6104],[-82.4301,33.6145],[-82.4315,33.6152],[-82.4322,33.6181],[-82.4303,33.6187],[-82.4328,33.6203],[-82.4374,33.6282],[-82.4427,33.6307],[-82.4404,33.6356],[-82.4417,33.6383],[-82.438,33.6415],[-82.435,33.6415],[-82.4326,33.644],[-82.4245,33.6477],[-82.4253,33.6506],[-82.4238,33.652],[-82.4224,33.6569],[-82.4192,33.6568],[-82.4154,33.654],[-82.4135,33.6546],[-82.4115,33.6607],[-82.4125,33.6664],[-82.4111,33.6669],[-82.4067,33.665],[-82.4039,33.6714],[-82.4003,33.6712],[-82.3987,33.6672],[-82.3942,33.6643],[-82.3921,33.6661],[-82.3941,33.6725],[-82.3879,33.6713],[-82.3812,33.6722],[-82.3784,33.6768],[-82.3733,33.6749],[-82.3728,33.6821],[-82.3692,33.683],[-82.3655,33.6761],[-82.3607,33.6755],[-82.3594,33.6774],[-82.3618,33.6823],[-82.3613,33.6844],[-82.3583,33.6846],[-82.3539,33.6815],[-82.3515,33.6829],[-82.3527,33.6904],[-82.3549,33.6941],[-82.3526,33.6956],[-82.3465,33.6918],[-82.3435,33.6881],[-82.3404,33.6889],[-82.3403,33.6914],[-82.3381,33.6933],[-82.3321,33.6928],[-82.329,33.6977],[-82.3118,33.6981],[-82.3064,33.7006],[-82.3023,33.6992],[-82.2975,33.6935],[-82.2866,33.6922],[-82.2827,33.6889],[-82.2783,33.6874],[-82.2744,33.6834],[-82.2712,33.6824],[-82.2684,33.683],[-82.2662,33.6872],[-82.261,33.6865],[-82.2459,33.6894],[-82.2429,33.6933],[-82.2362,33.6913],[-82.2283,33.686],[-82.2186,33.6863]]]}},{"type":"Feature","properties":{"leaid":"1303840","name":"Murray County School District","kind":"Unified","gradeLow":"PK","gradeHigh":"12","state":"GA"},"geometry":{"type":"Polygon","coordinates":[[[-84.6228,34.8571],[-84.6124,34.8513],[-84.6064,34.8431],[-84.6064,34.8413],[-84.6023,34.8385],[-84.5953,34.8391],[-84.5945,34.8411],[-84.5929,34.8402],[-84.5936,34.8383],[-84.5903,34.8363],[-84.5921,34.8338],[-84.5905,34.8311],[-84.5854,34.8275],[-84.585,34.8248],[-84.5841,34.8281],[-84.583,34.8261],[-84.5835,34.8242],[-84.5822,34.8246],[-84.5829,34.8217],[-84.5858,34.8203],[-84.5879,34.815],[-84.5938,34.8133],[-84.5934,34.8091],[-84.596,34.8058],[-84.6014,34.8064],[-84.6031,34.8019],[-84.6026,34.7995],[-84.6072,34.7969],[-84.6097,34.7909],[-84.622,34.7891],[-84.6227,34.786],[-84.6376,34.7803],[-84.6414,34.7777],[-84.6406,34.7754],[-84.6353,34.7709],[-84.6358,34.7679],[-84.6383,34.7652],[-84.6373,34.7632],[-84.639,34.7544],[-84.6434,34.7534],[-84.6483,34.7477],[-84.6516,34.74],[-84.6511,34.738],[-84.6539,34.7343],[-84.654,34.7316],[-84.6562,34.731],[-84.6571,34.7289],[-84.6541,34.6453],[-84.6545,34.5832],[-84.682,34.5833],[-84.682,34.5898],[-84.7053,34.5908],[-84.7055,34.5985],[-84.7312,34.5986],[-84.7313,34.6127],[-84.7231,34.6128],[-84.7228,34.605],[-84.7144,34.6051],[-84.7141,34.619],[-84.7156,34.62],[-84.7159,34.6229],[-84.7256,34.6217],[-84.7376,34.624],[-84.7446,34.6238],[-84.7457,34.622],[-84.7462,34.6106],[-84.7484,34.6091],[-84.7563,34.61],[-84.762,34.6144],[-84.7663,34.6155],[-84.7791,34.6129],[-84.7795,34.6083],[-84.7851,34.6083],[-84.8638,34.6086],[-84.8639,34.6158],[-84.9083,34.6158],[-84.9083,34.6341],[-84.9135,34.6341],[-84.9133,34.6399],[-84.9207,34.6442],[-84.9244,34.6515],[-84.9273,34.6663],[-84.9353,34.6674],[-84.9383,34.6691],[-84.9439,34.6756],[-84.9445,34.6797],[-84.9431,34.6804],[-84.9362,34.6767],[-84.93,34.6759],[-84.9195,34.6811],[-84.9109,34.6816],[-84.9066,34.676],[-84.9009,34.6648],[-84.8961,34.6644],[-84.8893,34.6669],[-84.8875,34.678],[-84.8986,34.6817],[-84.9044,34.6852],[-84.9071,34.6907],[-84.9132,34.6955],[-84.9294,34.7026],[-84.9342,34.7077],[-84.9342,34.7122],[-84.9235,34.7162],[-84.8914,34.7049],[-84.8865,34.709],[-84.8837,34.7147],[-84.8647,34.7073],[-84.8593,34.7149],[-84.8559,34.7243],[-84.8623,34.7255],[-84.8722,34.7319],[-84.8728,34.734],[-84.8711,34.7378],[-84.8672,34.7394],[-84.8663,34.7386],[-84.8671,34.735],[-84.8636,34.7336],[-84.8573,34.7367],[-84.8557,34.7409],[-84.8523,34.7406],[-84.8511,34.7421],[-84.8577,34.7453],[-84.8566,34.7487],[-84.8541,34.7489],[-84.8586,34.7562],[-84.861,34.7569],[-84.8662,34.7552],[-84.8678,34.7557],[-84.8666,34.7582],[-84.8681,34.7602],[-84.8666,34.7618],[-84.8669,34.7668],[-84.8759,34.772],[-84.8788,34.7787],[-84.8768,34.7812],[-84.8728,34.7827],[-84.8747,34.7875],[-84.8739,34.7893],[-84.872,34.7888],[-84.8682,34.7845],[-84.8633,34.784],[-84.8615,34.7884],[-84.8557,34.7933],[-84.8454,34.7947],[-84.8386,34.7972],[-84.838,34.8008],[-84.8405,34.8022],[-84.842,34.8052],[-84.8484,34.8047],[-84.8582,34.8062],[-84.8629,34.8142],[-84.8549,34.8197],[-84.8567,34.8207],[-84.8557,34.8242],[-84.8518,34.8241],[-84.8489,34.8317],[-84.8515,34.8349],[-84.8555,34.8346],[-84.8519,34.8383],[-84.8531,34.8428],[-84.8505,34.8431],[-84.8481,34.8463],[-84.8474,34.85],[-84.8444,34.8531],[-84.8369,34.8543],[-84.8396,34.8583],[-84.8422,34.8596],[-84.8424,34.8613],[-84.839,34.863],[-84.8359,34.8597],[-84.8303,34.8594],[-84.8208,34.8651],[-84.8183,34.8694],[-84.8184,34.8767],[-84.8212,34.8767],[-84.8208,34.8793],[-84.8226,34.8787],[-84.8261,34.8821],[-84.8255,34.8842],[-84.8284,34.8865],[-84.8265,34.8891],[-84.8294,34.8892],[-84.8334,34.8968],[-84.8326,34.8975],[-84.8299,34.8955],[-84.8307,34.8983],[-84.8271,34.8986],[-84.8241,34.9017],[-84.8274,34.9031],[-84.8308,34.9066],[-84.8362,34.9071],[-84.8363,34.9125],[-84.8427,34.9181],[-84.84,34.9255],[-84.8397,34.9305],[-84.8385,34.9309],[-84.8389,34.9333],[-84.8365,34.9355],[-84.8355,34.9396],[-84.8343,34.9399],[-84.8352,34.9429],[-84.8338,34.946],[-84.8278,34.9509],[-84.8262,34.951],[-84.8262,34.9552],[-84.8211,34.9587],[-84.8221,34.9643],[-84.8173,34.9656],[-84.8144,34.9705],[-84.8137,34.9721],[-84.8149,34.9759],[-84.8127,34.9865],[-84.8105,34.9876],[-84.6215,34.9883],[-84.6228,34.8571]]]}},{"type":"Feature","properties":{"leaid":"1301440","name":"Commerce City School District","kind":"Unified","gradeLow":"PK","gradeHigh":"12","state":"GA"},"geometry":{"type":"Polygon","coordinates":[[[-83.478,34.2597],[-83.4772,34.2566],[-83.4758,34.2579],[-83.4697,34.2519],[-83.4713,34.2534],[-83.4773,34.2501],[-83.4754,34.2482],[-83.4809,34.2444],[-83.4789,34.2427],[-83.4792,34.2416],[-83.4782,34.2421],[-83.4739,34.2389],[-83.4731,34.2414],[-83.4687,34.2437],[-83.4645,34.24],[-83.4656,34.2365],[-83.4668,34.2366],[-83.4656,34.236],[-83.4622,34.2372],[-83.4638,34.239],[-83.4626,34.2401],[-83.4618,34.239],[-83.4592,34.2398],[-83.4577,34.2427],[-83.4552,34.2387],[-83.4531,34.239],[-83.4546,34.2377],[-83.4515,34.2377],[-83.4525,34.2371],[-83.4513,34.2364],[-83.4523,34.2339],[-83.4494,34.2241],[-83.4468,34.2249],[-83.4449,34.224],[-83.448,34.2218],[-83.4418,34.2133],[-83.4365,34.2147],[-83.4371,34.2162],[-83.4414,34.2185],[-83.4398,34.2205],[-83.4369,34.2197],[-83.4354,34.2169],[-83.4368,34.2164],[-83.4342,34.2135],[-83.4361,34.2133],[-83.4347,34.2075],[-83.4389,34.2093],[-83.4333,34.2015],[-83.4315,34.1909],[-83.4403,34.183],[-83.4389,34.1794],[-83.4377,34.1797],[-83.4357,34.1767],[-83.4371,34.176],[-83.439,34.1785],[-83.4405,34.1773],[-83.4462,34.1795],[-83.4454,34.1743],[-83.4441,34.1745],[-83.4433,34.1771],[-83.4404,34.1757],[-83.4437,34.1734],[-83.4405,34.1695],[-83.4422,34.1692],[-83.4444,34.1726],[-83.45,34.1706],[-83.4524,34.1709],[-83.4549,34.1734],[-83.4546,34.1762],[-83.4516,34.1778],[-83.4517,34.1814],[-83.4475,34.1841],[-83.4463,34.1869],[-83.449,34.187],[-83.4493,34.188],[-83.4474,34.1889],[-83.4499,34.1901],[-83.4581,34.1903],[-83.4601,34.1934],[-83.4613,34.1911],[-83.4606,34.1902],[-83.4621,34.1902],[-83.4611,34.1899],[-83.4609,34.1838],[-83.4585,34.1803],[-83.4575,34.1759],[-83.4593,34.1753],[-83.4605,34.1785],[-83.4637,34.1781],[-83.4652,34.1792],[-83.4646,34.1804],[-83.461,34.1799],[-83.461,34.183],[-83.4641,34.1824],[-83.4632,34.1839],[-83.4643,34.1869],[-83.4667,34.1874],[-83.4663,34.1858],[-83.4648,34.1855],[-83.4662,34.1836],[-83.4651,34.1833],[-83.4712,34.1839],[-83.4721,34.183],[-83.4747,34.1835],[-83.4747,34.1844],[-83.4826,34.1847],[-83.4829,34.1853],[-83.4832,34.1817],[-83.4847,34.1801],[-83.4858,34.1811],[-83.4878,34.1802],[-83.4861,34.183],[-83.488,34.1829],[-83.488,34.1817],[-83.4896,34.1832],[-83.4898,34.1814],[-83.4917,34.1803],[-83.5058,34.1786],[-83.5041,34.1794],[-83.5044,34.1819],[-83.4999,34.1844],[-83.498,34.1817],[-83.4991,34.1813],[-83.4983,34.1797],[-83.4972,34.182],[-83.4964,34.1799],[-83.4951,34.1801],[-83.4947,34.1826],[-83.4935,34.1814],[-83.4944,34.1802],[-83.4932,34.1804],[-83.4922,34.1877],[-83.4913,34.188],[-83.4925,34.1893],[-83.4921,34.1927],[-83.4868,34.1959],[-83.4865,34.1931],[-83.4881,34.1922],[-83.4874,34.191],[-83.4897,34.1905],[-83.4873,34.1889],[-83.4853,34.1895],[-83.4853,34.1907],[-83.4827,34.1898],[-83.4841,34.1858],[-83.4827,34.1855],[-83.4826,34.185],[-83.4788,34.1849],[-83.4756,34.191],[-83.473,34.1897],[-83.4733,34.1885],[-83.4707,34.1915],[-83.472,34.1933],[-83.4761,34.1935],[-83.4763,34.1946],[-83.4765,34.1936],[-83.4781,34.1939],[-83.4821,34.1953],[-83.4803,34.1968],[-83.478,34.1956],[-83.4762,34.1984],[-83.472,34.1971],[-83.4717,34.1979],[-83.4777,34.1997],[-83.4772,34.2025],[-83.4795,34.2041],[-83.4795,34.2057],[-83.4771,34.2052],[-83.4777,34.2072],[-83.4759,34.2058],[-83.4743,34.2063],[-83.4742,34.2084],[-83.4768,34.2074],[-83.4763,34.2087],[-83.4786,34.2104],[-83.4796,34.2094],[-83.4789,34.2065],[-83.4856,34.2062],[-83.4843,34.2087],[-83.4809,34.2078],[-83.4807,34.209],[-83.4854,34.2103],[-83.4847,34.2117],[-83.4812,34.2103],[-83.4794,34.2111],[-83.4809,34.2124],[-83.4826,34.2117],[-83.4853,34.2148],[-83.4875,34.2135],[-83.4924,34.2157],[-83.4909,34.2171],[-83.4936,34.218],[-83.4928,34.216],[-83.4939,34.2139],[-83.5015,34.2165],[-83.5034,34.2134],[-83.5136,34.2161],[-83.5123,34.2196],[-83.5157,34.2206],[-83.517,34.2177],[-83.5192,34.2175],[-83.521,34.2197],[-83.5261,34.217],[-83.5307,34.2176],[-83.5326,34.2164],[-83.5381,34.2183],[-83.5443,34.2154],[-83.5463,34.2183],[-83.5454,34.2186],[-83.5461,34.2198],[-83.5371,34.2218],[-83.5347,34.2236],[-83.5351,34.2245],[-83.5285,34.2232],[-83.524,34.2324],[-83.5215,34.231],[-83.5198,34.2329],[-83.517,34.2319],[-83.5156,34.2335],[-83.5177,34.2346],[-83.5152,34.2392],[-83.5107,34.2384],[-83.5108,34.2367],[-83.5051,34.2345],[-83.5055,34.232],[-83.5033,34.2335],[-83.502,34.2328],[-83.498,34.2341],[-83.4993,34.2374],[-83.4974,34.2405],[-83.4974,34.2444],[-83.4953,34.2454],[-83.4966,34.2515],[-83.4922,34.2548],[-83.4949,34.2559],[-83.4944,34.2567],[-83.4917,34.2557],[-83.4903,34.2574],[-83.4863,34.2546],[-83.4841,34.2503],[-83.4788,34.2536],[-83.4809,34.2565],[-83.4794,34.2564],[-83.4791,34.2551],[-83.4777,34.2563],[-83.478,34.2597]],[[-83.4756,34.2357],[-83.4793,34.2378],[-83.481,34.2292],[-83.477,34.2311],[-83.4737,34.2295],[-83.478,34.2294],[-83.4801,34.2277],[-83.4819,34.2299],[-83.4867,34.2255],[-83.4839,34.2231],[-83.4875,34.2181],[-83.4863,34.2173],[-83.4845,34.218],[-83.485,34.2195],[-83.482,34.2185],[-83.4825,34.2206],[-83.4794,34.2214],[-83.4791,34.2191],[-83.4757,34.2222],[-83.4752,34.2231],[-83.4769,34.223],[-83.4784,34.226],[-83.4783,34.2276],[-83.4761,34.2293],[-83.4737,34.2293],[-83.4743,34.2253],[-83.4736,34.2248],[-83.4728,34.2252],[-83.474,34.2269],[-83.4705,34.2248],[-83.4677,34.2268],[-83.4746,34.2316],[-83.4756,34.2357]],[[-83.4569,34.236],[-83.4591,34.237],[-83.4583,34.2353],[-83.46,34.2341],[-83.4589,34.2323],[-83.4536,34.236],[-83.4542,34.237],[-83.4569,34.236]],[[-83.4618,34.231],[-83.4607,34.2315],[-83.4616,34.2328],[-83.4633,34.2326],[-83.4618,34.231]],[[-83.4955,34.2239],[-83.4967,34.2272],[-83.4968,34.2255],[-83.498,34.2271],[-83.5025,34.2257],[-83.5032,34.2227],[-83.4965,34.2232],[-83.4939,34.2191],[-83.4982,34.2205],[-83.501,34.2171],[-83.495,34.2172],[-83.4946,34.2185],[-83.4911,34.2174],[-83.4899,34.2192],[-83.4955,34.2239]],[[-83.4919,34.2241],[-83.493,34.2264],[-83.4964,34.227],[-83.4932,34.2231],[-83.4919,34.2241]],[[-83.4998,34.2328],[-83.4991,34.2321],[-83.4968,34.2329],[-83.4998,34.2328]],[[-83.5147,34.2323],[-83.5141,34.2334],[-83.5151,34.2337],[-83.5158,34.2328],[-83.5147,34.2323]],[[-83.5075,34.2334],[-83.5075,34.2343],[-83.508,34.2339],[-83.5075,34.2334]],[[-83.4699,34.2032],[-83.4694,34.2038],[-83.4711,34.2038],[-83.4699,34.2032]],[[-83.4592,34.1982],[-83.459,34.1992],[-83.4592,34.199],[-83.4592,34.1982]],[[-83.4757,34.1973],[-83.4751,34.1939],[-83.4739,34.1937],[-83.4747,34.1951],[-83.4731,34.1949],[-83.4724,34.1962],[-83.4757,34.1973]],[[-83.4564,34.196],[-83.4552,34.1956],[-83.456,34.1964],[-83.4564,34.196]],[[-83.4865,34.1845],[-83.4864,34.1872],[-83.489,34.185],[-83.4865,34.1845]],[[-83.4549,34.1926],[-83.4546,34.1933],[-83.4548,34.1933],[-83.4549,34.1926]],[[-83.4436,34.1879],[-83.444,34.1871],[-83.4433,34.1875],[-83.4436,34.1879]],[[-83.4439,34.1867],[-83.4428,34.1868],[-83.4431,34.1872],[-83.4439,34.1867]],[[-83.4434,34.1808],[-83.4425,34.1798],[-83.4421,34.1807],[-83.4434,34.1808]]]}},{"type":"Feature","properties":{"leaid":"1301470","name":"Cook County School District","kind":"Unified","gradeLow":"PK","gradeHigh":"12","state":"GA"},"geometry":{"type":"Polygon","coordinates":[[[-83.2951,31.0273],[-83.4819,31.0326],[-83.484,31.0349],[-83.4925,31.0365],[-83.4916,31.0375],[-83.4923,31.0391],[-83.4971,31.0407],[-83.4957,31.0447],[-83.5005,31.052],[-83.503,31.0533],[-83.5034,31.0514],[-83.5044,31.0519],[-83.5074,31.0482],[-83.5107,31.0506],[-83.5205,31.0519],[-83.5205,31.0532],[-83.524,31.0546],[-83.5251,31.0538],[-83.5256,31.0553],[-83.5268,31.0549],[-83.5263,31.0539],[-83.5289,31.0537],[-83.5298,31.0511],[-83.534,31.053],[-83.541,31.051],[-83.5467,31.0535],[-83.5499,31.0534],[-83.5521,31.055],[-83.5507,31.0552],[-83.5508,31.0564],[-83.5538,31.0561],[-83.556,31.0611],[-83.559,31.0616],[-83.5613,31.0654],[-83.5708,31.0717],[-83.5697,31.0731],[-83.5722,31.0757],[-83.5735,31.0755],[-83.5736,31.0787],[-83.5752,31.078],[-83.577,31.0798],[-83.574,31.0803],[-83.5767,31.0846],[-83.5739,31.085],[-83.5716,31.0879],[-83.5703,31.0866],[-83.5676,31.0894],[-83.5672,31.0916],[-83.569,31.0939],[-83.5675,31.0949],[-83.569,31.0954],[-83.5676,31.0955],[-83.5668,31.0984],[-83.5694,31.0977],[-83.5683,31.0999],[-83.5651,31.1016],[-83.564,31.1008],[-83.5646,31.1024],[-83.5628,31.1018],[-83.5632,31.1042],[-83.5623,31.1046],[-83.562,31.1031],[-83.5585,31.1091],[-83.5595,31.1105],[-83.5573,31.1105],[-83.559,31.1148],[-83.5583,31.1162],[-83.5596,31.1176],[-83.5581,31.1226],[-83.5551,31.122],[-83.5587,31.1267],[-83.5572,31.1277],[-83.5569,31.1389],[-83.5561,31.1417],[-83.5546,31.1418],[-83.5559,31.1445],[-83.5517,31.1448],[-83.5504,31.1476],[-83.5498,31.1466],[-83.5464,31.1485],[-83.5434,31.1482],[-83.5435,31.161],[-83.5419,31.1704],[-83.5434,31.1704],[-83.5413,31.1731],[-83.5415,31.1774],[-83.5372,31.1816],[-83.5324,31.1807],[-83.5305,31.1836],[-83.5287,31.1833],[-83.5289,31.1845],[-83.5263,31.1865],[-83.5261,31.1885],[-83.5272,31.1893],[-83.5257,31.1898],[-83.5261,31.1912],[-83.5238,31.1904],[-83.5238,31.1922],[-83.5214,31.1928],[-83.5216,31.1945],[-83.5193,31.1961],[-83.5207,31.1974],[-83.5201,31.1995],[-83.5098,31.2062],[-83.5095,31.2095],[-83.5119,31.2127],[-83.5126,31.2161],[-83.5101,31.2157],[-83.5111,31.2163],[-83.5081,31.2221],[-83.5099,31.2233],[-83.5092,31.225],[-83.5112,31.2251],[-83.5095,31.2263],[-83.5135,31.2285],[-83.5137,31.2339],[-83.511,31.2418],[-83.512,31.2456],[-83.509,31.2493],[-83.5097,31.2513],[-83.5076,31.252],[-83.5086,31.2545],[-83.5078,31.2578],[-83.5054,31.2596],[-83.5077,31.261],[-83.5056,31.269],[-83.5062,31.2744],[-83.5074,31.276],[-83.5064,31.28],[-83.5111,31.2853],[-83.5106,31.2943],[-83.5144,31.2987],[-83.5153,31.3015],[-83.5146,31.3106],[-83.5127,31.3141],[-83.5139,31.321],[-83.5126,31.3274],[-83.4606,31.3263],[-83.4604,31.3331],[-83.4455,31.336],[-83.4449,31.3496],[-83.4345,31.3504],[-83.4347,31.3481],[-83.4324,31.3454],[-83.434,31.3395],[-83.4322,31.3342],[-83.4328,31.3323],[-83.4369,31.3293],[-83.4354,31.326],[-83.4361,31.3222],[-83.439,31.3194],[-83.4388,31.3164],[-83.434,31.3124],[-83.4353,31.3088],[-83.4353,31.3033],[-83.4297,31.2936],[-83.4223,31.2951],[-83.4198,31.2928],[-83.4165,31.2919],[-83.4128,31.2871],[-83.4094,31.2868],[-83.4027,31.2747],[-83.3996,31.2738],[-83.397,31.2704],[-83.3888,31.2644],[-83.3873,31.2594],[-83.3817,31.257],[-83.3812,31.2556],[-83.379,31.256],[-83.3768,31.2536],[-83.3731,31.2518],[-83.3699,31.2519],[-83.3662,31.2491],[-83.3584,31.2506],[-83.3558,31.2498],[-83.347,31.2521],[-83.3357,31.2443],[-83.3332,31.2393],[-83.3331,31.2358],[-83.3374,31.2254],[-83.3321,31.2147],[-83.3338,31.2087],[-83.333,31.202],[-83.3346,31.1973],[-83.3344,31.1918],[-83.3265,31.1806],[-83.3239,31.1797],[-83.3178,31.1728],[-83.3125,31.1698],[-83.3077,31.1691],[-83.3056,31.1672],[-83.3066,31.1602],[-83.3045,31.1564],[-83.3048,31.1479],[-83.3096,31.1432],[-83.3095,31.1403],[-83.3139,31.1314],[-83.3141,31.1287],[-83.3177,31.1248],[-83.32,31.1242],[-83.3225,31.1183],[-83.3224,31.1168],[-83.321,31.1168],[-83.3228,31.109],[-83.3206,31.1066],[-83.3204,31.104],[-83.3216,31.1023],[-83.3205,31.098],[-83.3219,31.0977],[-83.3174,31.0962],[-83.3119,31.0902],[-83.3068,31.0913],[-83.3064,31.0927],[-83.3042,31.0918],[-83.3015,31.0894],[-83.3027,31.088],[-83.3006,31.088],[-83.3022,31.0836],[-83.298,31.083],[-83.2974,31.0808],[-83.2945,31.0797],[-83.2956,31.0775],[-83.2948,31.0743],[-83.2965,31.0725],[-83.2961,31.0702],[-83.2925,31.0698],[-83.2916,31.0679],[-83.2903,31.0694],[-83.2873,31.0693],[-83.2845,31.0655],[-83.2819,31.0656],[-83.2797,31.0636],[-83.2809,31.0611],[-83.2798,31.0599],[-83.2811,31.0596],[-83.2824,31.0545],[-83.2851,31.0517],[-83.2857,31.0452],[-83.284,31.0436],[-83.2836,31.0404],[-83.2869,31.0379],[-83.2878,31.0393],[-83.2884,31.0373],[-83.2891,31.0382],[-83.2922,31.0341],[-83.2922,31.0311],[-83.2958,31.0287],[-83.2943,31.0287],[-83.2951,31.0273]]]}},{"type":"Feature","properties":{"leaid":"1301500","name":"Coweta County School District","kind":"Unified","gradeLow":"PK","gradeHigh":"12","state":"GA"},"geometry":{"type":"Polygon","coordinates":[[[-84.6094,33.5026],[-84.6179,33.4839],[-84.6226,33.4808],[-84.6268,33.475],[-84.6233,33.4701],[-84.6232,33.4684],[-84.6267,33.4645],[-84.6251,33.4626],[-84.627,33.461],[-84.6252,33.4587],[-84.6267,33.4573],[-84.6269,33.451],[-84.6244,33.449],[-84.6263,33.447],[-84.6257,33.4435],[-84.6272,33.4401],[-84.626,33.4373],[-84.6236,33.4356],[-84.6228,33.4301],[-84.6192,33.4225],[-84.6197,33.4177],[-84.6184,33.4146],[-84.6201,33.4128],[-84.6186,33.4086],[-84.6155,33.4072],[-84.6131,33.4015],[-84.6091,33.4004],[-84.6102,33.3978],[-84.6067,33.3953],[-84.6091,33.3931],[-84.6062,33.3933],[-84.6069,33.3918],[-84.6043,33.3912],[-84.6013,33.387],[-84.5991,33.387],[-84.5978,33.3856],[-84.5973,33.3814],[-84.5967,33.3825],[-84.5948,33.3823],[-84.5927,33.3797],[-84.5928,33.3731],[-84.59,33.3687],[-84.5913,33.3679],[-84.587,33.3649],[-84.5888,33.3626],[-84.5864,33.3606],[-84.5861,33.3579],[-84.5819,33.3566],[-84.5786,33.359],[-84.577,33.3586],[-84.5715,33.3486],[-84.5689,33.3482],[-84.5672,33.3455],[-84.5607,33.3407],[-84.5518,33.3423],[-84.5511,33.3402],[-84.5491,33.3392],[-84.5495,33.3382],[-84.5444,33.3384],[-84.5438,33.3354],[-84.5421,33.3355],[-84.5425,33.3346],[-84.5407,33.3333],[-84.539,33.3336],[-84.538,33.3356],[-84.5347,33.3358],[-84.5354,33.3314],[-84.5316,33.3276],[-84.5305,33.3286],[-84.5282,33.3269],[-84.5265,33.3216],[-84.5245,33.3214],[-84.5216,33.3186],[-84.5181,33.3182],[-84.5179,33.3158],[-84.5202,33.3154],[-84.5219,33.3133],[-84.5204,33.3126],[-84.5201,33.3085],[-84.5147,33.3037],[-84.5155,33.3001],[-84.5186,33.297],[-84.5171,33.296],[-84.5175,33.2932],[-84.5129,33.2864],[-84.5126,33.2829],[-84.5136,33.2828],[-84.5126,33.2809],[-84.5113,33.282],[-84.5085,33.281],[-84.5062,33.2829],[-84.5044,33.281],[-84.5061,33.2786],[-84.5075,33.2788],[-84.5067,33.2752],[-84.5031,33.2728],[-84.5039,33.27],[-84.5026,33.2697],[-84.5001,33.265],[-84.5022,33.2614],[-84.4971,33.2564],[-84.4982,33.25],[-84.5016,33.2515],[-84.5058,33.2486],[-84.5079,33.2487],[-84.5074,33.2463],[-84.5091,33.245],[-84.5073,33.238],[-84.5041,33.2391],[-84.5023,33.237],[-84.5022,33.234],[-84.5003,33.2334],[-84.5038,33.2273],[-84.5056,33.2268],[-84.5048,33.2284],[-84.5056,33.2288],[-84.5066,33.2272],[-84.5024,33.2211],[-84.6527,33.2225],[-84.6546,33.2243],[-84.6546,33.2307],[-84.6693,33.2308],[-84.6695,33.2264],[-84.6745,33.2265],[-84.6746,33.2227],[-84.694,33.223],[-84.694,33.2313],[-84.7032,33.2312],[-84.7033,33.2228],[-84.8524,33.2236],[-84.8523,33.191],[-84.8624,33.1912],[-84.8624,33.1991],[-84.8675,33.1957],[-84.8699,33.1957],[-84.8692,33.199],[-84.872,33.2074],[-84.8622,33.2075],[-84.8621,33.2239],[-84.939,33.2247],[-84.9546,33.2656],[-84.9488,33.2657],[-84.9488,33.2823],[-84.9586,33.2824],[-84.9586,33.2771],[-85.0154,33.4255],[-85.0125,33.4305],[-84.9972,33.435],[-84.9856,33.4421],[-84.9852,33.4458],[-84.9891,33.4521],[-84.9862,33.4565],[-84.9819,33.4573],[-84.9776,33.4558],[-84.9729,33.4518],[-84.9653,33.4482],[-84.9545,33.4393],[-84.9505,33.4409],[-84.9432,33.4365],[-84.9354,33.4374],[-84.9319,33.4422],[-84.9205,33.446],[-84.9192,33.4485],[-84.9205,33.4523],[-84.9192,33.4557],[-84.9167,33.4576],[-84.9093,33.4595],[-84.9083,33.4618],[-84.9085,33.4698],[-84.9025,33.4758],[-84.8948,33.4783],[-84.8837,33.4857],[-84.8767,33.4921],[-84.8666,33.4917],[-84.8583,33.4939],[-84.8553,33.4959],[-84.8522,33.5018],[-84.8512,33.5111],[-84.6899,33.5116],[-84.6724,33.511],[-84.6723,33.5097],[-84.67,33.5115],[-84.6213,33.5113],[-84.6211,33.5031],[-84.6094,33.5026]]]}},{"type":"Feature","properties":{"leaid":"1301530","name":"Crawford County School District","kind":"Unified","gradeLow":"PK","gradeHigh":"12","state":"GA"},"geometry":{"type":"Polygon","coordinates":[[[-83.8919,32.8484],[-83.8917,32.8189],[-83.8879,32.8194],[-83.8862,32.8172],[-83.8825,32.8184],[-83.8785,32.8164],[-83.8774,32.8137],[-83.8787,32.8128],[-83.8759,32.8112],[-83.8771,32.8104],[-83.876,32.8098],[-83.8769,32.8069],[-83.8733,32.8039],[-83.8694,32.8041],[-83.8684,32.8018],[-83.8614,32.7979],[-83.8602,32.7966],[-83.8618,32.7945],[-83.8571,32.794],[-83.8566,32.7878],[-83.8514,32.7855],[-83.8533,32.7813],[-83.8477,32.7753],[-83.8514,32.772],[-83.8506,32.7701],[-83.8469,32.7723],[-83.8452,32.7687],[-83.8412,32.768],[-83.8394,32.7646],[-83.8377,32.7644],[-83.8381,32.7633],[-83.8348,32.758],[-83.8301,32.7544],[-83.8318,32.752],[-83.8285,32.7498],[-83.8276,32.7453],[-83.8231,32.7408],[-83.8189,32.7404],[-83.819,32.7391],[-83.8141,32.7338],[-83.81,32.7328],[-83.8092,32.7312],[-83.8103,32.731],[-83.8102,32.7296],[-83.8084,32.7287],[-83.8047,32.7293],[-83.803,32.728],[-83.8036,32.7269],[-83.8019,32.7276],[-83.799,32.7249],[-83.7979,32.7259],[-83.7939,32.7248],[-83.7914,32.7259],[-83.7876,32.7233],[-83.7859,32.7204],[-83.7825,32.7218],[-83.78,32.7212],[-83.7746,32.7175],[-83.7743,32.7152],[-83.7718,32.7143],[-83.7639,32.715],[-83.7619,32.7132],[-83.7606,32.7138],[-83.7556,32.7083],[-83.756,32.7072],[-83.7537,32.7074],[-83.7544,32.7057],[-83.7533,32.7049],[-83.7528,32.7062],[-83.7511,32.704],[-83.7503,32.7052],[-83.7472,32.7053],[-83.7472,32.703],[-83.7443,32.7005],[-83.7444,32.6989],[-83.7401,32.6965],[-83.7394,32.6946],[-83.7356,32.6937],[-83.7352,32.6949],[-83.7296,32.6972],[-83.7267,32.6962],[-83.7254,32.6937],[-83.7224,32.6937],[-83.7221,32.6947],[-83.7204,32.6925],[-83.7203,32.6935],[-83.7158,32.6922],[-83.7142,32.6933],[-83.7098,32.6919],[-83.7072,32.6933],[-83.7068,32.6918],[-83.7011,32.6916],[-83.7668,32.6926],[-83.9201,32.587],[-83.9297,32.5873],[-83.9305,32.58],[-83.9454,32.5696],[-83.9452,32.5527],[-83.955,32.5527],[-83.9547,32.563],[-84.0033,32.5299],[-84.002,32.5325],[-84.0055,32.5337],[-84.0044,32.5351],[-84.0067,32.5398],[-84.0079,32.5396],[-84.0079,32.5365],[-84.0089,32.5366],[-84.0089,32.5386],[-84.0119,32.5374],[-84.0134,32.5383],[-84.0139,32.5426],[-84.0176,32.5466],[-84.0147,32.5482],[-84.0152,32.5497],[-84.0205,32.5516],[-84.0198,32.5498],[-84.0213,32.5485],[-84.0203,32.5464],[-84.0219,32.545],[-84.0223,32.5472],[-84.0267,32.5479],[-84.0261,32.5505],[-84.0301,32.5559],[-84.0348,32.5546],[-84.0354,32.5585],[-84.0378,32.5569],[-84.0405,32.5577],[-84.0444,32.5554],[-84.0459,32.5576],[-84.0448,32.5616],[-84.0463,32.5675],[-84.0491,32.5678],[-84.0505,32.5652],[-84.0527,32.5671],[-84.0512,32.5685],[-84.053,32.5703],[-84.0508,32.5707],[-84.0488,32.5746],[-84.0509,32.5751],[-84.0541,32.5732],[-84.0532,32.5769],[-84.0566,32.5755],[-84.058,32.578],[-84.0621,32.5775],[-84.0621,32.5802],[-84.0651,32.5813],[-84.0639,32.5837],[-84.0665,32.5859],[-84.063,32.5876],[-84.0627,32.5907],[-84.0634,32.5915],[-84.0652,32.5895],[-84.0676,32.5903],[-84.0706,32.594],[-84.0713,32.5983],[-84.0662,32.6037],[-84.0679,32.6077],[-84.066,32.6102],[-84.072,32.6174],[-84.072,32.62],[-84.0698,32.6236],[-84.0741,32.6243],[-84.0731,32.6264],[-84.0686,32.628],[-84.0628,32.6265],[-84.0627,32.6305],[-84.0583,32.6303],[-84.0585,32.6335],[-84.0565,32.6363],[-84.0579,32.6368],[-84.0589,32.6347],[-84.0608,32.6346],[-84.0657,32.64],[-84.0685,32.6372],[-84.0743,32.6359],[-84.0737,32.6397],[-84.0782,32.6472],[-84.0955,32.6624],[-84.0978,32.6684],[-84.105,32.6734],[-84.104,32.6821],[-84.1055,32.6849],[-84.1153,32.6835],[-84.1167,32.6775],[-84.1244,32.6767],[-84.1282,32.6744],[-84.1341,32.6757],[-84.1399,32.6791],[-84.1394,32.6839],[-84.1411,32.6851],[-84.1457,32.6853],[-84.154,32.679],[-84.1742,32.6777],[-84.1851,32.6798],[-84.1931,32.6836],[-84.1955,32.6833],[-84.2026,32.69],[-84.1493,32.8012],[-84.1243,32.8009],[-84.1243,32.8496],[-83.9784,32.8489],[-83.9781,32.8571],[-83.9683,32.8571],[-83.9684,32.8489],[-83.8919,32.8484]]]}},{"type":"Feature","properties":{"leaid":"1301560","name":"Crisp County School District","kind":"Unified","gradeLow":"PK","gradeHigh":"12","state":"GA"},"geometry":{"type":"Polygon","coordinates":[[[-83.6097,32.0279],[-83.6126,31.8041],[-83.8075,31.8041],[-83.812,31.8061],[-83.8169,31.8124],[-83.8221,31.8123],[-83.8262,31.8098],[-83.8278,31.8101],[-83.8297,31.8132],[-83.8355,31.8159],[-83.8353,31.821],[-83.8395,31.8237],[-83.8399,31.8254],[-83.8439,31.8271],[-83.8455,31.8316],[-83.8456,31.8197],[-83.8553,31.8199],[-83.8555,31.8372],[-83.8566,31.8358],[-83.858,31.837],[-83.8688,31.8366],[-83.8721,31.8383],[-83.8798,31.837],[-83.8924,31.8413],[-83.8979,31.8407],[-83.9002,31.8421],[-83.9031,31.842],[-83.9131,31.847],[-83.9246,31.8484],[-83.9285,31.8455],[-83.9374,31.8448],[-83.9394,31.8479],[-83.9383,31.8489],[-83.9367,31.858],[-83.9323,31.8592],[-83.9265,31.8633],[-83.9287,31.8718],[-83.9341,31.8814],[-83.9321,31.8846],[-83.9285,31.8862],[-83.9323,31.8938],[-83.9324,31.8971],[-83.9308,31.9007],[-83.9225,31.9097],[-83.9192,31.9237],[-83.9202,31.9277],[-83.9264,31.937],[-83.9268,31.9414],[-83.9251,31.9484],[-83.9337,31.9591],[-83.9321,31.964],[-83.9413,31.9774],[-83.942,31.981],[-83.9445,31.9829],[-83.9465,31.9893],[-83.9483,31.9915],[-83.9477,31.9926],[-83.9447,31.9917],[-83.9447,31.9962],[-83.9504,31.9972],[-83.952,32.012],[-83.9503,32.0154],[-83.9552,32.02],[-83.9582,32.0203],[-83.9578,32.0227],[-83.9613,32.0306],[-83.6097,32.0279]]]}},{"type":"Feature","properties":{"leaid":"1301590","name":"Dade County School District","kind":"Unified","gradeLow":"PK","gradeHigh":"12","state":"GA"},"geometry":{"type":"Polygon","coordinates":[[[-85.4741,34.983],[-85.3639,34.9834],[-85.3646,34.9783],[-85.3697,34.9731],[-85.3747,34.9597],[-85.4184,34.8998],[-85.4337,34.8751],[-85.4506,34.8317],[-85.4504,34.7592],[-85.4594,34.7516],[-85.4595,34.7418],[-85.462,34.7318],[-85.4905,34.6991],[-85.4908,34.6694],[-85.5341,34.6239],[-85.5756,34.8212],[-85.597,34.9338],[-85.6052,34.9847],[-85.4741,34.983]]]}},{"type":"Feature","properties":{"leaid":"1301650","name":"Dawson County School District","kind":"Unified","gradeLow":"PK","gradeHigh":"12","state":"GA"},"geometry":{"type":"Polygon","coordinates":[[[-84.1899,34.6047],[-84.1872,34.5993],[-84.1889,34.5958],[-84.191,34.5392],[-84.1677,34.5208],[-84.1154,34.4733],[-84.1011,34.4713],[-84.1011,34.4682],[-84.1039,34.4682],[-84.1026,34.4662],[-84.1067,34.4659],[-83.9806,34.4184],[-83.9833,34.417],[-83.9846,34.4112],[-83.9784,34.4112],[-83.9748,34.4066],[-83.972,34.4055],[-83.9715,34.4018],[-83.9728,34.399],[-83.9765,34.3979],[-83.9785,34.3908],[-83.9823,34.3879],[-83.9844,34.3836],[-83.9832,34.382],[-83.9772,34.3795],[-83.9802,34.3759],[-83.9792,34.373],[-83.981,34.3692],[-83.9763,34.3647],[-83.9761,34.3631],[-83.9815,34.3595],[-83.9814,34.3578],[-83.9762,34.3566],[-83.9669,34.3396],[-83.9626,34.3427],[-83.9602,34.3427],[-83.9571,34.334],[-84.2581,34.3352],[-84.2569,34.4673],[-84.3197,34.4679],[-84.3457,34.5484],[-84.3465,34.5663],[-84.3423,34.5674],[-84.3408,34.5696],[-84.3376,34.5699],[-84.3374,34.5717],[-84.3332,34.5714],[-84.3315,34.5725],[-84.336,34.5762],[-84.3366,34.5792],[-84.3328,34.5799],[-84.3287,34.5836],[-84.3203,34.5822],[-84.318,34.5788],[-84.3132,34.5777],[-84.3112,34.5777],[-84.3071,34.5814],[-84.3041,34.5801],[-84.3037,34.5777],[-84.3017,34.5782],[-84.2975,34.5753],[-84.2946,34.57],[-84.2922,34.569],[-84.2789,34.5696],[-84.2791,34.5726],[-84.2758,34.5737],[-84.2711,34.5706],[-84.2636,34.5704],[-84.2551,34.5683],[-84.2547,34.5975],[-84.2239,34.597],[-84.2235,34.5997],[-84.2187,34.6005],[-84.2182,34.6039],[-84.2161,34.605],[-84.2141,34.6101],[-84.2088,34.6134],[-84.2044,34.6133],[-84.1999,34.615],[-84.1968,34.6179],[-84.1893,34.6089],[-84.1899,34.6047]]]}},{"type":"Feature","properties":{"leaid":"1301680","name":"Decatur City School District","kind":"Unified","gradeLow":"PK","gradeHigh":"12","state":"GA"},"geometry":{"type":"Polygon","coordinates":[[[-84.2909,33.751],[-84.2906,33.7531],[-84.3025,33.7548],[-84.3047,33.7524],[-84.3125,33.7518],[-84.3098,33.7541],[-84.3125,33.7553],[-84.3124,33.7649],[-84.3166,33.7648],[-84.3124,33.7662],[-84.3152,33.768],[-84.3155,33.7732],[-84.3137,33.774],[-84.3124,33.7726],[-84.3123,33.777],[-84.3138,33.7775],[-84.314,33.7795],[-84.3094,33.7877],[-84.3005,33.7876],[-84.3006,33.7915],[-84.2958,33.7936],[-84.2958,33.7875],[-84.2836,33.7875],[-84.2825,33.7841],[-84.2763,33.7847],[-84.2779,33.7807],[-84.2799,33.7791],[-84.2799,33.7783],[-84.278,33.779],[-84.2775,33.7777],[-84.2799,33.7766],[-84.2794,33.7743],[-84.281,33.7739],[-84.281,33.7717],[-84.2753,33.7683],[-84.2773,33.7635],[-84.2755,33.7618],[-84.2762,33.76],[-84.2777,33.7616],[-84.2807,33.7597],[-84.2837,33.7607],[-84.2853,33.76],[-84.2857,33.7615],[-84.2874,33.7591],[-84.2854,33.76],[-84.2822,33.7583],[-84.2874,33.7573],[-84.2868,33.7537],[-84.284,33.751],[-84.2909,33.751]]]}},{"type":"Feature","properties":{"leaid":"1301710","name":"Decatur County School District","kind":"Unified","gradeLow":"PK","gradeHigh":"12","state":"GA"},"geometry":{"type":"Polygon","coordinates":[[[-84.6442,31.0795],[-84.3766,31.0789],[-84.3762,30.9434],[-84.3807,30.69],[-84.4744,30.6928],[-84.6443,30.702],[-84.8635,30.7115],[-84.8633,30.7181],[-84.8713,30.7325],[-84.8675,30.7477],[-84.8655,30.7506],[-84.8595,30.7529],[-84.8614,30.7574],[-84.8611,30.762],[-84.8595,30.7636],[-84.8559,30.7622],[-84.8518,30.7635],[-84.8493,30.7668],[-84.8508,30.7684],[-84.8499,30.7722],[-84.8456,30.7734],[-84.8404,30.7722],[-84.8396,30.7764],[-84.8363,30.7789],[-84.8335,30.7792],[-84.8287,30.7774],[-84.8285,30.7786],[-84.8253,30.7785],[-84.8221,30.7803],[-84.8208,30.7794],[-84.8208,30.7819],[-84.8179,30.7832],[-84.815,30.7828],[-84.8154,30.782],[-84.8139,30.7814],[-84.8078,30.7897],[-84.8062,30.7965],[-84.801,30.8014],[-84.7929,30.8008],[-84.7923,30.8019],[-84.791,30.8005],[-84.7879,30.8002],[-84.7867,30.8014],[-84.7883,30.802],[-84.7869,30.8052],[-84.7887,30.8091],[-84.7875,30.8108],[-84.7881,30.8126],[-84.7899,30.8135],[-84.7892,30.8164],[-84.7845,30.8185],[-84.7853,30.8236],[-84.7824,30.8254],[-84.7825,30.8275],[-84.7783,30.8278],[-84.7769,30.8303],[-84.7727,30.8331],[-84.7731,30.8361],[-84.7703,30.8354],[-84.7689,30.8369],[-84.7713,30.8425],[-84.7697,30.8437],[-84.7695,30.8764],[-84.7669,30.8763],[-84.7669,30.8853],[-84.7559,30.8853],[-84.7529,31.0412],[-84.7423,31.0409],[-84.7423,31.0501],[-84.7316,31.0501],[-84.7309,31.0692],[-84.6458,31.068],[-84.6454,31.0794],[-84.6442,31.0795]]]}},{"type":"Feature","properties":{"leaid":"1301740","name":"DeKalb County School District","kind":"Unified","gradeLow":"PK","gradeHigh":"12","state":"GA"},"geometry":{"type":"Polygon","coordinates":[[[-84.2764,33.9578],[-84.2764,33.9549],[-84.2753,33.9541],[-84.2715,33.9559],[-84.2659,33.9479],[-84.2723,33.9448],[-84.2708,33.9448],[-84.2695,33.9412],[-84.2703,33.9404],[-84.2653,33.9326],[-84.2598,33.9189],[-84.2563,33.9149],[-84.2501,33.9111],[-84.2502,33.9075],[-84.2466,33.9075],[-84.247,33.9101],[-84.2331,33.902],[-84.2229,33.8922],[-84.217,33.8845],[-84.2059,33.8772],[-84.2059,33.8761],[-84.205,33.8766],[-84.2029,33.8726],[-84.1968,33.8717],[-84.1933,33.8678],[-84.181,33.8651],[-84.1749,33.8596],[-84.158,33.8533],[-84.1454,33.8399],[-84.1368,33.8367],[-84.1334,33.8335],[-84.1321,33.8294],[-84.114,33.8075],[-84.1037,33.8015],[-84.0971,33.7992],[-84.0962,33.7969],[-84.0873,33.79],[-84.0728,33.7752],[-84.0582,33.7727],[-84.0551,33.7678],[-84.0457,33.7649],[-84.0411,33.7586],[-84.0237,33.7528],[-84.0566,33.7266],[-84.1158,33.6147],[-84.117,33.6172],[-84.1155,33.6189],[-84.1188,33.6222],[-84.1235,33.6237],[-84.1238,33.6256],[-84.128,33.6268],[-84.1292,33.6314],[-84.1377,33.6306],[-84.1405,33.6315],[-84.1411,33.6341],[-84.1383,33.6377],[-84.1439,33.6363],[-84.1512,33.6388],[-84.1548,33.6458],[-84.1586,33.6445],[-84.1585,33.6425],[-84.1616,33.6377],[-84.1695,33.6391],[-84.1731,33.641],[-84.1716,33.6422],[-84.1722,33.6444],[-84.1702,33.6459],[-84.224,33.6466],[-84.2242,33.6307],[-84.2455,33.6307],[-84.2458,33.6469],[-84.3499,33.6479],[-84.3495,33.714],[-84.3449,33.7125],[-84.3442,33.7144],[-84.3445,33.7158],[-84.3495,33.7155],[-84.3487,33.7263],[-84.3459,33.7276],[-84.3486,33.7283],[-84.3486,33.7325],[-84.3456,33.7324],[-84.3454,33.7312],[-84.3442,33.7312],[-84.3448,33.7324],[-84.3401,33.733],[-84.3348,33.7287],[-84.3342,33.7275],[-84.3367,33.7272],[-84.3365,33.7258],[-84.3334,33.7258],[-84.3319,33.7207],[-84.3293,33.7184],[-84.3272,33.7228],[-84.3208,33.7263],[-84.3294,33.7307],[-84.3293,33.7333],[-84.326,33.7323],[-84.3245,33.7334],[-84.323,33.7323],[-84.3258,33.7366],[-84.3293,33.7353],[-84.3294,33.74],[-84.3271,33.74],[-84.3286,33.7474],[-84.317,33.7466],[-84.317,33.7448],[-84.3203,33.7456],[-84.3205,33.7416],[-84.323,33.741],[-84.323,33.7397],[-84.3153,33.7396],[-84.3153,33.7374],[-84.3135,33.7367],[-84.3125,33.7382],[-84.3139,33.7382],[-84.314,33.7396],[-84.306,33.7393],[-84.3055,33.7375],[-84.3005,33.7374],[-84.3005,33.7386],[-84.2984,33.7386],[-84.2988,33.7371],[-84.2979,33.7371],[-84.2968,33.737],[-84.2968,33.7383],[-84.2978,33.7386],[-84.2955,33.7385],[-84.2953,33.7395],[-84.2903,33.7389],[-84.2897,33.7422],[-84.291,33.7448],[-84.2896,33.7447],[-84.2909,33.751],[-84.284,33.751],[-84.2868,33.7537],[-84.2874,33.7573],[-84.2822,33.7578],[-84.2854,33.76],[-84.2874,33.7592],[-84.2857,33.7615],[-84.2853,33.76],[-84.2837,33.7607],[-84.2807,33.7597],[-84.2777,33.7616],[-84.2762,33.76],[-84.2755,33.7618],[-84.2773,33.7635],[-84.2751,33.767],[-84.2761,33.7691],[-84.281,33.7717],[-84.281,33.7739],[-84.2794,33.7743],[-84.2799,33.7766],[-84.2775,33.7777],[-84.278,33.779],[-84.2799,33.7783],[-84.2799,33.7791],[-84.2779,33.7807],[-84.2763,33.7848],[-84.2825,33.7841],[-84.2836,33.7875],[-84.2958,33.7875],[-84.2958,33.7936],[-84.3006,33.7915],[-84.3005,33.7876],[-84.3094,33.7877],[-84.314,33.7795],[-84.3138,33.7775],[-84.3123,33.777],[-84.3124,33.7726],[-84.3137,33.774],[-84.3155,33.7732],[-84.3152,33.768],[-84.3124,33.7662],[-84.3161,33.7648],[-84.3198,33.7676],[-84.323,33.7678],[-84.323,33.7696],[-84.3268,33.7697],[-84.3268,33.7679],[-84.3284,33.7679],[-84.3284,33.7715],[-84.329,33.7706],[-84.3288,33.7716],[-84.3314,33.7716],[-84.33,33.7725],[-84.3301,33.7793],[-84.3318,33.7792],[-84.3322,33.7781],[-84.3328,33.7793],[-84.3383,33.7793],[-84.3376,33.7785],[-84.3452,33.7793],[-84.3474,33.7802],[-84.3472,33.7831],[-84.3489,33.783],[-84.3488,33.7898],[-84.3423,33.79],[-84.3424,33.7911],[-84.344,33.7906],[-84.3453,33.7921],[-84.345,33.7961],[-84.3415,33.7932],[-84.3393,33.793],[-84.3413,33.7944],[-84.3415,33.7962],[-84.3386,33.7999],[-84.3385,33.8021],[-84.3359,33.8021],[-84.3361,33.8011],[-84.3307,33.7961],[-84.3307,33.7937],[-84.3288,33.7933],[-84.3287,33.7908],[-84.3255,33.7882],[-84.3187,33.7897],[-84.3173,33.7926],[-84.3174,33.7905],[-84.3145,33.792],[-84.3175,33.7935],[-84.3168,33.7952],[-84.3089,33.7952],[-84.3066,33.7981],[-84.3091,33.8008],[-84.3134,33.8005],[-84.3135,33.8032],[-84.3116,33.8034],[-84.3156,33.8034],[-84.3195,33.8053],[-84.3218,33.8055],[-84.3228,33.8022],[-84.321,33.8015],[-84.321,33.7983],[-84.32,33.7985],[-84.3195,33.798],[-84.3184,33.7992],[-84.3193,33.7974],[-84.3279,33.8002],[-84.3229,33.7999],[-84.323,33.803],[-84.322,33.8055],[-84.3253,33.8058],[-84.325,33.8034],[-84.3277,33.8035],[-84.3299,33.8101],[-84.3312,33.8096],[-84.3304,33.8075],[-84.3334,33.8071],[-84.3351,33.8051],[-84.3336,33.8037],[-84.3339,33.8035],[-84.3381,33.8029],[-84.3379,33.8046],[-84.3475,33.8047],[-84.3472,33.8052],[-84.348,33.806],[-84.3486,33.8046],[-84.3474,33.9681],[-84.3462,33.966],[-84.3368,33.9709],[-84.3265,33.9675],[-84.3201,33.9674],[-84.3133,33.9654],[-84.3006,33.9594],[-84.2941,33.9597],[-84.2805,33.956],[-84.2764,33.9578]]]}},{"type":"Feature","properties":{"leaid":"1302610","name":"Hall County School District","kind":"Unified","gradeLow":"PK","gradeHigh":"12","state":"GA"},"geometry":{"type":"MultiPolygon","coordinates":[[[[-83.7777,34.5048],[-83.6664,34.5036],[-83.6152,34.4317],[-83.6192,34.4275],[-83.6229,34.4194],[-83.6361,34.4157],[-83.638,34.4169],[-83.641,34.416],[-83.6448,34.413],[-83.6454,34.4064],[-83.6556,34.3997],[-83.6602,34.3906],[-83.6601,34.3795],[-83.6658,34.3688],[-83.6694,34.366],[-83.6636,34.3572],[-83.657,34.3549],[-83.6513,34.3488],[-83.6514,34.3437],[-83.6479,34.3346],[-83.6496,34.3272],[-83.6491,34.3204],[-83.6418,34.3128],[-83.6334,34.3075],[-83.6252,34.3063],[-83.6241,34.3045],[-83.625,34.3013],[-83.6203,34.2958],[-83.8184,34.1265],[-83.8323,34.1201],[-83.8401,34.1146],[-83.8397,34.1134],[-83.8425,34.1132],[-83.8678,34.0987],[-83.8764,34.1008],[-83.8772,34.1021],[-83.8925,34.1077],[-83.9458,34.1263],[-83.948,34.1313],[-83.945,34.1296],[-83.9437,34.1311],[-83.9469,34.1326],[-83.945,34.1327],[-83.9477,34.1345],[-83.9465,34.1356],[-83.9353,34.1339],[-83.9346,34.1348],[-83.9368,34.1403],[-83.9379,34.1401],[-83.9375,34.1435],[-83.9423,34.1413],[-83.9415,34.1401],[-83.9442,34.142],[-83.9473,34.1405],[-83.945,34.1373],[-83.9464,34.1366],[-83.9496,34.139],[-83.9562,34.1339],[-83.9606,34.134],[-83.9618,34.1357],[-83.9631,34.1351],[-83.9644,34.1369],[-83.9563,34.1426],[-83.9521,34.1396],[-83.9347,34.153],[-83.9359,34.1543],[-83.936,34.1533],[-83.9382,34.1529],[-83.9393,34.1551],[-83.9434,34.1532],[-83.9423,34.1516],[-83.944,34.1495],[-83.9442,34.1513],[-83.9451,34.1509],[-83.9469,34.1537],[-83.9469,34.1558],[-83.9456,34.1564],[-83.9469,34.1582],[-83.9494,34.1578],[-83.949,34.1589],[-83.9507,34.1588],[-83.9492,34.1603],[-83.9485,34.1584],[-83.9475,34.1591],[-83.9466,34.1605],[-83.948,34.1623],[-83.9443,34.1651],[-83.9451,34.1662],[-83.9441,34.1673],[-83.9472,34.1651],[-83.9482,34.1656],[-83.9469,34.1671],[-83.9485,34.1677],[-83.9512,34.1645],[-83.952,34.1657],[-83.9511,34.1682],[-83.9537,34.1651],[-83.951,34.1642],[-83.9491,34.1612],[-83.9532,34.16],[-83.9554,34.1632],[-83.9584,34.1599],[-83.9562,34.1599],[-83.9535,34.1577],[-83.9543,34.157],[-83.957,34.1586],[-83.9598,34.1584],[-83.9644,34.1539],[-83.9627,34.1546],[-83.9601,34.1499],[-83.9609,34.1492],[-83.963,34.1518],[-83.9638,34.1509],[-83.9628,34.1499],[-83.9642,34.1488],[-83.9651,34.1496],[-83.9657,34.147],[-83.9676,34.1472],[-83.9661,34.1463],[-83.97,34.1476],[-83.9738,34.1454],[-83.9734,34.1446],[-83.9761,34.145],[-83.975,34.1426],[-83.9759,34.1419],[-83.978,34.144],[-83.9716,34.1477],[-83.9654,34.1538],[-83.9613,34.1586],[-83.9621,34.1582],[-83.963,34.16],[-83.9645,34.1583],[-83.966,34.16],[-83.9654,34.1612],[-83.9691,34.1584],[-83.9706,34.1599],[-83.9748,34.1581],[-83.9745,34.1521],[-83.9811,34.1502],[-83.9818,34.1494],[-83.9799,34.1496],[-83.9781,34.1475],[-83.9815,34.1467],[-83.9805,34.1456],[-83.9816,34.144],[-83.9842,34.1431],[-83.9857,34.1461],[-83.9887,34.145],[-83.9884,34.1484],[-83.9899,34.1476],[-83.9909,34.1493],[-83.989,34.1507],[-83.9885,34.1499],[-83.987,34.1519],[-83.9883,34.1536],[-83.996,34.1501],[-83.9943,34.1466],[-83.9976,34.1447],[-83.9986,34.1461],[-84.0044,34.1482],[-84.0051,34.1475],[-84.0153,34.1518],[-84.0163,34.1532],[-84.0168,34.1523],[-84.0226,34.1542],[-84.0622,34.1685],[-84.059,34.1769],[-84.0589,34.182],[-84.0487,34.1912],[-84.039,34.1943],[-84.0299,34.1953],[-84.0231,34.1948],[-84.0115,34.191],[-84.0069,34.1923],[-84.0027,34.1958],[-83.9944,34.1937],[-83.9891,34.1957],[-83.9848,34.2002],[-83.9784,34.2136],[-83.9679,34.2152],[-83.9663,34.2166],[-83.9646,34.2215],[-83.9703,34.2227],[-83.9724,34.226],[-83.9718,34.2281],[-83.961,34.2327],[-83.9494,34.2405],[-83.9501,34.2479],[-83.9536,34.2532],[-83.9505,34.2619],[-83.954,34.2669],[-83.9533,34.269],[-83.9426,34.2748],[-83.9267,34.2804],[-83.9256,34.2864],[-83.9283,34.2898],[-83.9318,34.2907],[-83.9311,34.2863],[-83.9322,34.285],[-83.9346,34.287],[-83.9363,34.2947],[-83.9317,34.2964],[-83.9315,34.2981],[-83.9365,34.2994],[-83.9396,34.2988],[-83.9397,34.2927],[-83.941,34.2918],[-83.9469,34.2978],[-83.9426,34.302],[-83.9534,34.3176],[-83.9507,34.3231],[-83.9458,34.3242],[-83.9466,34.3267],[-83.9456,34.3294],[-83.9564,34.3329],[-83.9607,34.3431],[-83.9669,34.3396],[-83.9762,34.3566],[-83.9814,34.3578],[-83.9815,34.3595],[-83.9761,34.3631],[-83.9763,34.3647],[-83.981,34.3692],[-83.9792,34.373],[-83.9802,34.3759],[-83.9772,34.3795],[-83.9832,34.382],[-83.9844,34.3836],[-83.9823,34.3879],[-83.9785,34.3908],[-83.9765,34.3979],[-83.9728,34.399],[-83.9716,34.4025],[-83.972,34.4055],[-83.9748,34.4066],[-83.9784,34.4112],[-83.9836,34.4107],[-83.9848,34.4116],[-83.9825,34.4178],[-83.9759,34.4187],[-83.9709,34.4228],[-83.9714,34.4262],[-83.9751,34.4327],[-83.9683,34.4333],[-83.9635,34.4362],[-83.9564,34.4373],[-83.9313,34.4512],[-83.9207,34.4511],[-83.9207,34.4601],[-83.9319,34.4605],[-83.9319,34.4693],[-83.9098,34.4692],[-83.91,34.4598],[-83.8876,34.4599],[-83.8876,34.4688],[-83.8433,34.497],[-83.8434,34.5055],[-83.7885,34.5048],[-83.7886,34.5141],[-83.7776,34.5137],[-83.7777,34.5048]],[[-83.8379,34.2795],[-83.8375,34.2806],[-83.8383,34.2798],[-83.8379,34.2795]],[[-83.8374,34.2806],[-83.8357,34.2814],[-83.831,34.2792],[-83.8346,34.276],[-83.8358,34.277],[-83.8366,34.2763],[-83.8348,34.2758],[-83.8379,34.2724],[-83.8359,34.2734],[-83.8354,34.2724],[-83.8464,34.2574],[-83.8459,34.2563],[-83.844,34.2578],[-83.8421,34.2577],[-83.8406,34.2558],[-83.8387,34.2563],[-83.8391,34.2554],[-83.8416,34.256],[-83.8386,34.2514],[-83.8412,34.2494],[-83.8458,34.2498],[-83.8449,34.2521],[-83.8465,34.2572],[-83.8616,34.245],[-83.8563,34.2396],[-83.8551,34.2407],[-83.8536,34.24],[-83.8558,34.2388],[-83.8581,34.241],[-83.8622,34.2388],[-83.8614,34.2368],[-83.8564,34.2356],[-83.8582,34.2288],[-83.8525,34.2288],[-83.8516,34.2269],[-83.8525,34.2246],[-83.8483,34.2245],[-83.8483,34.2213],[-83.8382,34.2265],[-83.833,34.2233],[-83.8313,34.2244],[-83.8284,34.2212],[-83.8253,34.2242],[-83.8249,34.2262],[-83.8239,34.229],[-83.8245,34.2325],[-83.8228,34.2368],[-83.8202,34.2392],[-83.8206,34.2422],[-83.8185,34.2439],[-83.82,34.2456],[-83.8173,34.2475],[-83.8167,34.2498],[-83.8145,34.2455],[-83.8167,34.2449],[-83.8158,34.2429],[-83.8111,34.2461],[-83.8161,34.2511],[-83.8184,34.2567],[-83.8173,34.2612],[-83.8155,34.2612],[-83.8151,34.2628],[-83.8183,34.2659],[-83.8195,34.2696],[-83.8181,34.2697],[-83.8207,34.276],[-83.8198,34.2745],[-83.8176,34.2748],[-83.8187,34.2755],[-83.8171,34.2769],[-83.8185,34.2769],[-83.8183,34.2781],[-83.821,34.276],[-83.8255,34.2803],[-83.8274,34.2794],[-83.8284,34.281],[-83.83,34.2782],[-83.8323,34.281],[-83.8285,34.2817],[-83.8283,34.2832],[-83.8276,34.2826],[-83.8259,34.284],[-83.8216,34.2821],[-83.82,34.2858],[-83.8193,34.2851],[-83.8191,34.2864],[-83.816,34.2881],[-83.8141,34.2871],[-83.8133,34.2886],[-83.8116,34.2875],[-83.8128,34.2862],[-83.8101,34.2822],[-83.8073,34.2741],[-83.8055,34.2735],[-83.8035,34.2703],[-83.8039,34.2681],[-83.8029,34.2675],[-83.8037,34.2661],[-83.8057,34.2666],[-83.8054,34.2682],[-83.816,34.2683],[-83.8155,34.2648],[-83.814,34.2632],[-83.8081,34.2665],[-83.8069,34.2625],[-83.8056,34.2628],[-83.8043,34.2607],[-83.8019,34.2607],[-83.803,34.2592],[-83.802,34.2569],[-83.799,34.255],[-83.7992,34.2513],[-83.7968,34.2501],[-83.798,34.247],[-83.7971,34.2461],[-83.795,34.2477],[-83.7882,34.2405],[-83.7838,34.2291],[-83.7797,34.2308],[-83.7784,34.2334],[-83.7803,34.2376],[-83.7787,34.2392],[-83.7792,34.2415],[-83.7758,34.2447],[-83.7834,34.2447],[-83.7817,34.2488],[-83.7798,34.25],[-83.7878,34.2511],[-83.7851,34.256],[-83.7802,34.2575],[-83.7818,34.2686],[-83.78,34.269],[-83.7795,34.27],[-83.7812,34.2723],[-83.7801,34.2696],[-83.7828,34.2685],[-83.7893,34.2724],[-83.7953,34.2741],[-83.7953,34.2757],[-83.7997,34.2778],[-83.7988,34.2742],[-83.8005,34.2743],[-83.8008,34.2755],[-83.7995,34.2761],[-83.8009,34.2799],[-83.7986,34.2817],[-83.8,34.2826],[-83.7982,34.2841],[-83.8003,34.2854],[-83.7996,34.2862],[-83.7974,34.2848],[-83.7966,34.2858],[-83.791,34.2822],[-83.7905,34.2805],[-83.7862,34.281],[-83.7844,34.2789],[-83.7844,34.2804],[-83.7833,34.2791],[-83.7774,34.2822],[-83.7746,34.2875],[-83.7709,34.2867],[-83.7705,34.2879],[-83.7635,34.2884],[-83.7627,34.2866],[-83.7642,34.2835],[-83.7627,34.2824],[-83.7658,34.283],[-83.7675,34.282],[-83.7655,34.2799],[-83.7698,34.2783],[-83.7675,34.271],[-83.7735,34.2697],[-83.7751,34.2739],[-83.7791,34.2749],[-83.7761,34.2732],[-83.7728,34.2679],[-83.7694,34.2684],[-83.7672,34.2657],[-83.7659,34.2661],[-83.7665,34.2648],[-83.7636,34.2649],[-83.7619,34.2613],[-83.7598,34.2614],[-83.7619,34.2643],[-83.759,34.2672],[-83.7577,34.2731],[-83.762,34.2832],[-83.7595,34.2835],[-83.7558,34.2914],[-83.7537,34.2917],[-83.7581,34.2946],[-83.7619,34.2943],[-83.7629,34.2962],[-83.7599,34.2978],[-83.7626,34.2975],[-83.7617,34.3002],[-83.7641,34.3014],[-83.7652,34.3047],[-83.7672,34.3042],[-83.774,34.3095],[-83.7724,34.3098],[-83.7737,34.3104],[-83.7731,34.3123],[-83.7783,34.3072],[-83.7797,34.3087],[-83.7822,34.3081],[-83.7806,34.3075],[-83.7808,34.3057],[-83.7848,34.3075],[-83.7818,34.3128],[-83.7788,34.314],[-83.7818,34.3144],[-83.7837,34.3134],[-83.7834,34.3122],[-83.7859,34.3119],[-83.7847,34.3099],[-83.7882,34.3086],[-83.794,34.3014],[-83.7915,34.2993],[-83.7925,34.2966],[-83.7831,34.2944],[-83.7845,34.2926],[-83.786,34.2928],[-83.7842,34.2868],[-83.788,34.2832],[-83.7866,34.2826],[-83.7872,34.2815],[-83.7897,34.2818],[-83.798,34.2869],[-83.7963,34.2898],[-83.7989,34.2927],[-83.8004,34.2906],[-83.7988,34.2896],[-83.7999,34.2882],[-83.8012,34.289],[-83.8005,34.2906],[-83.8017,34.2893],[-83.8026,34.2902],[-83.8009,34.292],[-83.8014,34.2929],[-83.8027,34.291],[-83.8048,34.2929],[-83.8073,34.2929],[-83.8059,34.2957],[-83.8075,34.2979],[-83.8049,34.3008],[-83.8073,34.3032],[-83.806,34.304],[-83.806,34.3072],[-83.8044,34.3073],[-83.8048,34.3104],[-83.8023,34.3093],[-83.8013,34.3118],[-83.7997,34.3123],[-83.796,34.3087],[-83.7951,34.3102],[-83.7972,34.3107],[-83.7939,34.3119],[-83.7926,34.3174],[-83.7948,34.3189],[-83.793,34.3206],[-83.7915,34.3177],[-83.7923,34.3155],[-83.7905,34.3164],[-83.7861,34.3267],[-83.7827,34.3313],[-83.7774,34.327],[-83.7745,34.3267],[-83.7731,34.3286],[-83.7725,34.3261],[-83.767,34.3275],[-83.7664,34.3265],[-83.7669,34.3292],[-83.7702,34.3326],[-83.7787,34.3325],[-83.7812,34.3337],[-83.7811,34.3353],[-83.7824,34.3336],[-83.784,34.3354],[-83.7811,34.3418],[-83.7757,34.3456],[-83.7705,34.3527],[-83.773,34.3532],[-83.7758,34.356],[-83.7817,34.3523],[-83.7835,34.3538],[-83.7846,34.3533],[-83.7837,34.3522],[-83.7853,34.3529],[-83.7869,34.3524],[-83.7878,34.3515],[-83.7882,34.3483],[-83.7845,34.3452],[-83.7808,34.3439],[-83.7882,34.3375],[-83.7919,34.3308],[-83.7943,34.3296],[-83.795,34.3277],[-83.7933,34.3262],[-83.795,34.3231],[-83.794,34.3229],[-83.794,34.3221],[-83.798,34.3212],[-83.798,34.3231],[-83.7996,34.3227],[-83.7994,34.3211],[-83.8013,34.3248],[-83.8007,34.3255],[-83.7985,34.3245],[-83.7974,34.3251],[-83.7998,34.3261],[-83.7972,34.3272],[-83.7971,34.3297],[-83.8025,34.3284],[-83.8019,34.3276],[-83.8052,34.3258],[-83.8032,34.3319],[-83.805,34.3321],[-83.8064,34.3339],[-83.8068,34.3324],[-83.8095,34.3323],[-83.8099,34.3339],[-83.8117,34.333],[-83.8102,34.3325],[-83.812,34.3292],[-83.8103,34.3276],[-83.8115,34.3268],[-83.8094,34.3247],[-83.8112,34.3251],[-83.8135,34.3289],[-83.8123,34.3294],[-83.8136,34.3306],[-83.8135,34.3359],[-83.8095,34.3348],[-83.8086,34.3364],[-83.8096,34.3378],[-83.8129,34.3381],[-83.8136,34.337],[-83.8208,34.3447],[-83.8242,34.3525],[-83.8254,34.3524],[-83.8242,34.3519],[-83.8221,34.3466],[-83.8242,34.3465],[-83.8224,34.3453],[-83.8224,34.3431],[-83.8251,34.3449],[-83.8261,34.3437],[-83.8237,34.3417],[-83.8254,34.3409],[-83.824,34.3382],[-83.8269,34.3396],[-83.8273,34.3415],[-83.8329,34.3419],[-83.8347,34.3437],[-83.8352,34.347],[-83.8369,34.3478],[-83.839,34.346],[-83.8399,34.3419],[-83.8432,34.3419],[-83.8443,34.3471],[-83.8455,34.3477],[-83.8424,34.3491],[-83.8428,34.3509],[-83.8412,34.3541],[-83.852,34.3539],[-83.8516,34.3565],[-83.8558,34.354],[-83.8566,34.3555],[-83.8586,34.3557],[-83.8564,34.3577],[-83.8588,34.3579],[-83.8577,34.3586],[-83.86,34.3603],[-83.8651,34.3585],[-83.8665,34.3627],[-83.8697,34.3594],[-83.8743,34.36],[-83.8737,34.3614],[-83.8755,34.3616],[-83.8746,34.3601],[-83.8792,34.3597],[-83.8792,34.3578],[-83.8808,34.3578],[-83.8808,34.3597],[-83.8821,34.3597],[-83.8892,34.3568],[-83.8817,34.3572],[-83.8817,34.3507],[-83.8777,34.3508],[-83.8774,34.3485],[-83.8721,34.3496],[-83.8715,34.3472],[-83.8667,34.3471],[-83.8666,34.3328],[-83.8572,34.3328],[-83.8561,34.3317],[-83.8573,34.3257],[-83.8532,34.319],[-83.8588,34.3117],[-83.8595,34.3127],[-83.8577,34.3154],[-83.8556,34.3161],[-83.8575,34.3199],[-83.8576,34.317],[-83.8593,34.3173],[-83.8595,34.3152],[-83.8607,34.3175],[-83.8637,34.3175],[-83.8625,34.3197],[-83.8663,34.3179],[-83.8674,34.3196],[-83.8657,34.321],[-83.8671,34.322],[-83.8694,34.3208],[-83.8696,34.3178],[-83.8661,34.317],[-83.8679,34.3162],[-83.8699,34.3172],[-83.8736,34.3173],[-83.8821,34.3242],[-83.8811,34.3253],[-83.8835,34.3288],[-83.8864,34.3278],[-83.8865,34.329],[-83.889,34.329],[-83.889,34.3273],[-83.8829,34.3249],[-83.8832,34.3238],[-83.8744,34.3172],[-83.8683,34.3161],[-83.8712,34.3146],[-83.8682,34.314],[-83.8732,34.3131],[-83.8709,34.3083],[-83.8667,34.3088],[-83.8655,34.3107],[-83.8638,34.3076],[-83.8678,34.3057],[-83.8685,34.3031],[-83.8656,34.3027],[-83.8648,34.3056],[-83.864,34.3049],[-83.8647,34.3038],[-83.8637,34.3024],[-83.8653,34.3016],[-83.8664,34.3024],[-83.8695,34.3004],[-83.8724,34.3047],[-83.8803,34.305],[-83.8805,34.3004],[-83.8781,34.3002],[-83.8721,34.2968],[-83.8659,34.2971],[-83.8644,34.2951],[-83.8659,34.2922],[-83.8682,34.2942],[-83.8694,34.2931],[-83.8656,34.292],[-83.8645,34.2859],[-83.8597,34.2876],[-83.8629,34.2898],[-83.8627,34.2927],[-83.8618,34.2924],[-83.861,34.2948],[-83.8589,34.2926],[-83.8551,34.2946],[-83.8509,34.2939],[-83.8537,34.2915],[-83.8518,34.2916],[-83.8499,34.2887],[-83.8478,34.289],[-83.8463,34.287],[-83.8475,34.2842],[-83.8491,34.2848],[-83.8496,34.2835],[-83.8512,34.2849],[-83.8504,34.2838],[-83.8526,34.2808],[-83.8535,34.2821],[-83.8544,34.2812],[-83.8606,34.2819],[-83.8614,34.2822],[-83.8601,34.2835],[-83.8619,34.2845],[-83.8643,34.2838],[-83.8652,34.2828],[-83.8635,34.2825],[-83.8628,34.279],[-83.8647,34.2773],[-83.8663,34.278],[-83.8652,34.2799],[-83.8668,34.2805],[-83.865,34.2822],[-83.87,34.2837],[-83.8677,34.2848],[-83.8693,34.2853],[-83.8685,34.2862],[-83.8705,34.289],[-83.8717,34.2885],[-83.8713,34.2908],[-83.873,34.2932],[-83.8742,34.2901],[-83.8755,34.2902],[-83.8749,34.2909],[-83.8763,34.2929],[-83.8795,34.293],[-83.8787,34.2904],[-83.8824,34.2887],[-83.8846,34.2893],[-83.8857,34.2879],[-83.8906,34.2934],[-83.8972,34.292],[-83.8962,34.289],[-83.8919,34.2887],[-83.8949,34.2871],[-83.8928,34.284],[-83.8996,34.2798],[-83.8961,34.2714],[-83.8923,34.2732],[-83.8905,34.2707],[-83.8878,34.2721],[-83.8894,34.2745],[-83.8875,34.2755],[-83.888,34.277],[-83.8915,34.2812],[-83.8799,34.2803],[-83.8795,34.2791],[-83.8847,34.2768],[-83.8824,34.2748],[-83.884,34.2744],[-83.8826,34.2739],[-83.8842,34.2662],[-83.8807,34.2679],[-83.8809,34.2619],[-83.8781,34.2593],[-83.8756,34.2592],[-83.8747,34.2573],[-83.8784,34.2569],[-83.8791,34.2516],[-83.8841,34.2458],[-83.8814,34.2434],[-83.8761,34.2448],[-83.8757,34.2434],[-83.8731,34.2456],[-83.8686,34.2418],[-83.873,34.2457],[-83.8713,34.2471],[-83.8706,34.246],[-83.8697,34.2486],[-83.8679,34.2491],[-83.865,34.245],[-83.8613,34.2475],[-83.8638,34.2509],[-83.8611,34.2527],[-83.858,34.2488],[-83.8523,34.2532],[-83.8536,34.2551],[-83.858,34.2518],[-83.8586,34.2537],[-83.862,34.2557],[-83.8667,34.2535],[-83.8687,34.2565],[-83.8735,34.2574],[-83.8771,34.2668],[-83.875,34.2664],[-83.8721,34.2628],[-83.8706,34.2631],[-83.8717,34.2657],[-83.8708,34.2662],[-83.8704,34.2632],[-83.8681,34.2628],[-83.8718,34.261],[-83.8705,34.2594],[-83.8657,34.2621],[-83.867,34.264],[-83.8633,34.2658],[-83.8604,34.2651],[-83.8647,34.2666],[-83.8674,34.2695],[-83.8635,34.2714],[-83.8633,34.2701],[-83.8611,34.2711],[-83.862,34.2724],[-83.8603,34.2725],[-83.8589,34.2753],[-83.8577,34.2731],[-83.8555,34.2745],[-83.857,34.2764],[-83.8557,34.2751],[-83.8534,34.276],[-83.8547,34.2776],[-83.8542,34.2792],[-83.849,34.2719],[-83.8469,34.2708],[-83.8477,34.2732],[-83.8408,34.2766],[-83.8445,34.281],[-83.8478,34.2794],[-83.8494,34.2804],[-83.8466,34.282],[-83.8474,34.2833],[-83.8449,34.2817],[-83.8426,34.2858],[-83.8434,34.284],[-83.8415,34.2829],[-83.8422,34.2859],[-83.8413,34.2843],[-83.8416,34.2861],[-83.8395,34.2865],[-83.8387,34.2859],[-83.8402,34.2799],[-83.8375,34.2774],[-83.8375,34.2792],[-83.8365,34.2785],[-83.8357,34.2792],[-83.8372,34.2796],[-83.838,34.2791],[-83.839,34.2803],[-83.8381,34.2818],[-83.8374,34.2806]],[[-83.7875,34.3182],[-83.7845,34.3173],[-83.7833,34.3155],[-83.7815,34.3164],[-83.7816,34.3183],[-83.7851,34.3204],[-83.7877,34.32],[-83.7875,34.3182]],[[-83.7917,34.3573],[-83.7943,34.3567],[-83.7946,34.3554],[-83.7925,34.356],[-83.7951,34.3538],[-83.7942,34.3514],[-83.7897,34.354],[-83.7928,34.3535],[-83.7927,34.355],[-83.7906,34.3553],[-83.7917,34.3573]],[[-83.7952,34.3221],[-83.7947,34.323],[-83.7953,34.3231],[-83.7952,34.3221]],[[-83.8088,34.2338],[-83.8095,34.2362],[-83.8131,34.2367],[-83.8152,34.2388],[-83.8196,34.238],[-83.8185,34.2404],[-83.82,34.2425],[-83.8201,34.2386],[-83.8224,34.2369],[-83.8244,34.2324],[-83.8237,34.2291],[-83.8253,34.2224],[-83.8193,34.2256],[-83.816,34.2259],[-83.8159,34.228],[-83.8076,34.2277],[-83.8076,34.2291],[-83.8036,34.2314],[-83.8088,34.2338]],[[-83.8152,34.2634],[-83.8169,34.265],[-83.8153,34.2633],[-83.8152,34.2634]],[[-83.8323,34.2787],[-83.8342,34.2786],[-83.8337,34.2772],[-83.8323,34.2787]],[[-83.8398,34.2728],[-83.8399,34.2696],[-83.8418,34.2698],[-83.8405,34.2685],[-83.8434,34.2688],[-83.8441,34.2678],[-83.8417,34.2678],[-83.8422,34.2654],[-83.8433,34.2652],[-83.8431,34.2665],[-83.8444,34.2663],[-83.8468,34.2697],[-83.8499,34.268],[-83.8491,34.2719],[-83.8514,34.2703],[-83.8512,34.2691],[-83.853,34.2703],[-83.8544,34.2697],[-83.8544,34.2727],[-83.8564,34.2711],[-83.8543,34.268],[-83.8591,34.2647],[-83.8548,34.2645],[-83.8539,34.265],[-83.8554,34.2655],[-83.8553,34.2672],[-83.8523,34.2684],[-83.8516,34.2671],[-83.8529,34.2664],[-83.8512,34.2645],[-83.8526,34.2637],[-83.8502,34.2611],[-83.8472,34.2639],[-83.8442,34.2618],[-83.8392,34.2693],[-83.838,34.2723],[-83.8398,34.2728]],[[-83.8454,34.2612],[-83.8469,34.2597],[-83.8466,34.2592],[-83.8456,34.2596],[-83.8454,34.2612]],[[-83.8593,34.2425],[-83.8629,34.2407],[-83.8675,34.2409],[-83.8627,34.2402],[-83.8593,34.2425]],[[-83.8607,34.2467],[-83.8648,34.2447],[-83.8648,34.2446],[-83.8607,34.2467]],[[-83.8623,34.2304],[-83.8623,34.2307],[-83.8624,34.2305],[-83.8623,34.2304]],[[-83.8648,34.3602],[-83.864,34.3599],[-83.8646,34.3604],[-83.8648,34.3602]],[[-83.8685,34.2418],[-83.8677,34.2414],[-83.8684,34.242],[-83.8685,34.2418]],[[-83.8849,34.2382],[-83.8796,34.2413],[-83.884,34.2453],[-83.8877,34.2456],[-83.8876,34.246],[-83.8878,34.2464],[-83.8894,34.2472],[-83.889,34.2476],[-83.8903,34.2481],[-83.8905,34.2475],[-83.8878,34.2461],[-83.8884,34.242],[-83.8867,34.2394],[-83.8849,34.2382]],[[-83.883,34.2739],[-83.8863,34.2742],[-83.8862,34.2699],[-83.8845,34.2671],[-83.883,34.2739]],[[-83.8936,34.2444],[-83.8928,34.2502],[-83.8925,34.2492],[-83.8906,34.2477],[-83.8929,34.2508],[-83.8967,34.2487],[-83.8986,34.2493],[-83.8936,34.2444]],[[-83.9416,34.1662],[-83.9412,34.1643],[-83.942,34.1659],[-83.9435,34.1648],[-83.9429,34.1642],[-83.9455,34.1632],[-83.9408,34.1576],[-83.9395,34.1596],[-83.9414,34.1609],[-83.9392,34.1601],[-83.9383,34.1615],[-83.9404,34.1626],[-83.9399,34.1634],[-83.937,34.1625],[-83.9384,34.1663],[-83.9395,34.1657],[-83.9405,34.1671],[-83.9416,34.1662]],[[-83.9393,34.1455],[-83.9441,34.1446],[-83.9476,34.1416],[-83.9393,34.1455]],[[-83.9601,34.1651],[-83.958,34.162],[-83.956,34.1644],[-83.9577,34.1678],[-83.9601,34.1651]],[[-83.9585,34.1616],[-83.9604,34.1645],[-83.9612,34.1623],[-83.9595,34.1604],[-83.9585,34.1616]],[[-83.9851,34.162],[-83.9865,34.1609],[-83.9883,34.1633],[-83.9907,34.1622],[-83.992,34.1635],[-83.9956,34.1622],[-83.9957,34.161],[-83.9959,34.1623],[-83.9972,34.1624],[-83.9958,34.1604],[-83.9908,34.1595],[-83.9914,34.1583],[-83.9869,34.1542],[-83.9822,34.1549],[-83.9813,34.1533],[-83.984,34.1521],[-83.9825,34.1522],[-83.9831,34.1508],[-83.9787,34.152],[-83.9804,34.1531],[-83.9779,34.1539],[-83.9788,34.1574],[-83.9808,34.1558],[-83.9878,34.1583],[-83.986,34.1599],[-83.9839,34.1588],[-83.9839,34.16],[-83.9856,34.1604],[-83.9851,34.162]]],[[[-83.7785,34.294],[-83.7797,34.2936],[-83.7815,34.2963],[-83.78,34.2962],[-83.7785,34.294]]],[[[-83.7817,34.3418],[-83.7834,34.341],[-83.7798,34.3434],[-83.7817,34.3418]]],[[[-83.7847,34.3345],[-83.7871,34.3327],[-83.7882,34.3344],[-83.7903,34.3333],[-83.785,34.3396],[-83.7832,34.3389],[-83.7847,34.3345]]],[[[-83.7863,34.3524],[-83.7855,34.3507],[-83.7868,34.3522],[-83.7863,34.3524]]],[[[-83.7886,34.322],[-83.7932,34.3217],[-83.7932,34.3249],[-83.7883,34.3301],[-83.787,34.3258],[-83.7897,34.3247],[-83.7886,34.322]]],[[[-83.7982,34.2873],[-83.7983,34.2871],[-83.799,34.2876],[-83.7982,34.2873]]],[[[-83.7998,34.2845],[-83.8012,34.2844],[-83.8006,34.2851],[-83.7998,34.2845]]],[[[-83.8069,34.292],[-83.8051,34.292],[-83.8044,34.2892],[-83.8026,34.29],[-83.8053,34.2876],[-83.8065,34.2888],[-83.8093,34.2884],[-83.8069,34.292]]],[[[-83.8058,34.2873],[-83.8064,34.286],[-83.8065,34.2876],[-83.8058,34.2873]]],[[[-83.8087,34.2988],[-83.8094,34.2986],[-83.8089,34.2991],[-83.8087,34.2988]]],[[[-83.8187,34.3321],[-83.8137,34.3336],[-83.815,34.3302],[-83.8142,34.3297],[-83.8172,34.3302],[-83.8166,34.331],[-83.8187,34.3321]]],[[[-83.8155,34.3376],[-83.8153,34.3365],[-83.8161,34.3373],[-83.8155,34.3376]]],[[[-83.8222,34.3312],[-83.8226,34.3289],[-83.8226,34.3309],[-83.8246,34.3306],[-83.8249,34.3322],[-83.8222,34.3312]]],[[[-83.8334,34.2845],[-83.8334,34.285],[-83.8331,34.2847],[-83.8334,34.2845]]],[[[-83.8361,34.2869],[-83.8334,34.284],[-83.8321,34.2842],[-83.8344,34.2832],[-83.8365,34.2828],[-83.8386,34.2831],[-83.8361,34.2869]],[[-83.8343,34.284],[-83.8346,34.2834],[-83.834,34.2837],[-83.8343,34.284]]],[[[-83.8333,34.33],[-83.834,34.3285],[-83.8347,34.3296],[-83.8333,34.33]]],[[[-83.8418,34.328],[-83.8405,34.326],[-83.8424,34.3274],[-83.842,34.3261],[-83.8448,34.325],[-83.8418,34.328]]],[[[-83.8433,34.2903],[-83.8452,34.2888],[-83.8458,34.2896],[-83.8441,34.291],[-83.8433,34.2903]]],[[[-83.8462,34.3245],[-83.8457,34.3242],[-83.8463,34.3242],[-83.8462,34.3245]]],[[[-83.8491,34.2437],[-83.8512,34.2421],[-83.8458,34.2496],[-83.8491,34.2437]]],[[[-83.8471,34.2932],[-83.8466,34.2939],[-83.8462,34.2934],[-83.8471,34.2932]]],[[[-83.8486,34.2945],[-83.847,34.2946],[-83.8479,34.2942],[-83.8486,34.2945]]],[[[-83.8532,34.2809],[-83.8531,34.2803],[-83.8535,34.2806],[-83.8532,34.2809]]],[[[-83.8605,34.3082],[-83.8619,34.306],[-83.8633,34.3081],[-83.8613,34.3094],[-83.8605,34.3082]]],[[[-83.871,34.2825],[-83.8698,34.2809],[-83.8711,34.2807],[-83.8704,34.2793],[-83.8681,34.2788],[-83.8693,34.2766],[-83.8657,34.2751],[-83.8634,34.2763],[-83.861,34.2742],[-83.863,34.274],[-83.863,34.272],[-83.8678,34.2695],[-83.8691,34.2735],[-83.8716,34.2723],[-83.8718,34.2749],[-83.8707,34.2756],[-83.8719,34.2764],[-83.8702,34.2783],[-83.8734,34.2783],[-83.8733,34.282],[-83.871,34.2825]]],[[[-83.8637,34.3096],[-83.8647,34.3099],[-83.8639,34.3102],[-83.8637,34.3096]]],[[[-83.8677,34.3131],[-83.8657,34.3115],[-83.8665,34.3112],[-83.8677,34.3131]]],[[[-83.8734,34.2762],[-83.8741,34.2767],[-83.8734,34.2767],[-83.8734,34.2762]]],[[[-83.8734,34.2774],[-83.8741,34.277],[-83.8741,34.2778],[-83.8734,34.2774]]],[[[-83.8736,34.2743],[-83.8744,34.2737],[-83.8743,34.2744],[-83.8736,34.2743]]],[[[-83.8899,34.2867],[-83.8915,34.2859],[-83.8922,34.2869],[-83.8907,34.2877],[-83.8899,34.2867]]],[[[-83.9469,34.1558],[-83.9481,34.1553],[-83.9482,34.156],[-83.9469,34.1558]]],[[[-83.9503,34.1305],[-83.9487,34.1294],[-83.9474,34.1277],[-83.9506,34.1288],[-83.9503,34.1305]]],[[[-83.9577,34.1328],[-83.9567,34.1308],[-83.9591,34.1316],[-83.9577,34.1328]]],[[[-83.9569,34.153],[-83.9579,34.1534],[-83.9576,34.1536],[-83.9569,34.153]]],[[[-83.96,34.156],[-83.9588,34.1544],[-83.9579,34.1553],[-83.9572,34.1544],[-83.9592,34.1531],[-83.961,34.1555],[-83.96,34.156]]],[[[-83.9588,34.1502],[-83.9599,34.1501],[-83.9593,34.1507],[-83.9588,34.1502]]],[[[-83.9601,34.152],[-83.9592,34.1508],[-83.9604,34.1517],[-83.9601,34.152]]],[[[-83.966,34.1439],[-83.967,34.1438],[-83.9654,34.1445],[-83.966,34.1439]]],[[[-83.9674,34.1456],[-83.9668,34.1444],[-83.9681,34.1444],[-83.9674,34.1456]]],[[[-83.9701,34.1399],[-83.9712,34.1387],[-83.9678,34.1359],[-83.9689,34.1354],[-83.9681,34.1342],[-83.976,34.1381],[-83.9781,34.1373],[-83.9792,34.1389],[-83.9761,34.1412],[-83.9746,34.139],[-83.9716,34.1414],[-83.9701,34.1399]]],[[[-83.9715,34.1451],[-83.9722,34.1445],[-83.9722,34.1451],[-83.9715,34.1451]]],[[[-83.9765,34.1478],[-83.9759,34.1466],[-83.9769,34.1474],[-83.9765,34.1478]]],[[[-83.9778,34.1472],[-83.978,34.1459],[-83.9787,34.1467],[-83.9778,34.1472]]],[[[-83.9786,34.1453],[-83.9808,34.1449],[-83.9792,34.146],[-83.9786,34.1453]]],[[[-83.9789,34.1444],[-83.9798,34.144],[-83.9799,34.1441],[-83.9789,34.1444]]],[[[-83.9801,34.1439],[-83.9819,34.1437],[-83.9802,34.1442],[-83.9801,34.1439]]],[[[-83.9838,34.1425],[-83.9853,34.1425],[-83.9833,34.1427],[-83.9838,34.1425]]],[[[-83.9875,34.1573],[-83.9887,34.1574],[-83.9881,34.158],[-83.9875,34.1573]]],[[[-83.9919,34.1452],[-83.9887,34.1443],[-83.9885,34.1434],[-83.991,34.1444],[-83.9901,34.1431],[-83.9912,34.1427],[-83.9919,34.1452]]]]}},{"type":"Feature","properties":{"leaid":"1301770","name":"Dodge County School District","kind":"Unified","gradeLow":"PK","gradeHigh":"12","state":"GA"},"geometry":{"type":"Polygon","coordinates":[[[-83.139,32.4231],[-82.991,32.1473],[-82.887,32.198],[-82.8718,32.1827],[-82.9279,32.1353],[-82.9348,32.141],[-82.9275,32.1472],[-82.9346,32.1533],[-82.9555,32.1353],[-82.9421,32.1241],[-83.2057,31.9003],[-83.2052,31.9058],[-83.2103,31.9045],[-83.212,31.9076],[-83.2153,31.9095],[-83.2156,31.9133],[-83.2184,31.9157],[-83.2186,31.9183],[-83.2142,31.9203],[-83.2141,31.9218],[-83.2203,31.9227],[-83.2194,31.9269],[-83.2254,31.9303],[-83.2283,31.9314],[-83.2311,31.9297],[-83.2325,31.9308],[-83.2308,31.9344],[-83.2285,31.933],[-83.2264,31.9359],[-83.2267,31.9383],[-83.2303,31.938],[-83.2343,31.9404],[-83.2406,31.9416],[-83.2388,31.9443],[-83.239,31.9481],[-83.236,31.949],[-83.2355,31.9507],[-83.2386,31.9502],[-83.2417,31.9525],[-83.2444,31.945],[-83.2488,31.9487],[-83.2615,31.9521],[-83.2638,31.9545],[-83.265,31.9581],[-83.2699,31.9603],[-83.2724,31.9648],[-83.2785,31.9681],[-83.2817,31.9738],[-83.2849,31.9759],[-83.2835,31.9812],[-83.2846,31.9842],[-83.2921,31.9836],[-83.289,31.9918],[-83.286,31.9938],[-83.2854,31.9917],[-83.281,31.9893],[-83.2783,31.995],[-83.2816,31.9986],[-83.2858,31.9982],[-83.2859,31.9994],[-83.2829,32.0013],[-83.2837,32.0029],[-83.2959,32.0017],[-83.2898,32.0058],[-83.2907,32.0078],[-83.2919,32.0053],[-83.2934,32.0054],[-83.2969,32.0112],[-83.2956,32.0144],[-83.2963,32.0169],[-83.2939,32.0208],[-83.2922,32.021],[-83.291,32.0179],[-83.2896,32.0184],[-83.2896,32.0264],[-83.2923,32.0283],[-83.2972,32.0273],[-83.2998,32.0326],[-83.2982,32.0351],[-83.295,32.0366],[-83.2945,32.0387],[-83.2964,32.0385],[-83.2985,32.0418],[-83.3035,32.0438],[-83.3086,32.0498],[-83.3013,32.0538],[-83.3005,32.0557],[-83.2999,32.0703],[-83.3046,32.071],[-83.3052,32.0733],[-83.3007,32.0755],[-83.3,32.0738],[-83.2977,32.0738],[-83.2949,32.0788],[-83.2977,32.0795],[-83.3001,32.0766],[-83.3031,32.0774],[-83.3035,32.0792],[-83.301,32.0836],[-83.305,32.0872],[-83.3059,32.0901],[-83.3103,32.0924],[-83.3132,32.0923],[-83.3136,32.0861],[-83.3175,32.0855],[-83.3252,32.0972],[-83.3231,32.1015],[-83.3239,32.1039],[-83.3269,32.1027],[-83.3304,32.1033],[-83.3311,32.1001],[-83.333,32.1007],[-83.3373,32.1059],[-83.3209,32.1196],[-83.3089,32.1257],[-83.3106,32.1283],[-83.3047,32.1332],[-83.3248,32.1504],[-83.2911,32.1788],[-83.3739,32.2497],[-83.3396,32.2782],[-83.3461,32.2838],[-83.3393,32.2898],[-83.3322,32.284],[-83.284,32.3243],[-83.3047,32.342],[-83.2834,32.3587],[-83.1733,32.4525],[-83.139,32.4231]]]}},{"type":"Feature","properties":{"leaid":"1301800","name":"Dooly County School District","kind":"Unified","gradeLow":"PK","gradeHigh":"12","state":"GA"},"geometry":{"type":"Polygon","coordinates":[[[-83.8953,32.292],[-83.7184,32.2902],[-83.7188,32.2831],[-83.7003,32.2826],[-83.7004,32.29],[-83.6064,32.2884],[-83.6064,32.2513],[-83.6158,32.2512],[-83.6158,32.2417],[-83.61,32.2417],[-83.61,32.238],[-83.6069,32.2378],[-83.6097,32.0279],[-83.9613,32.0306],[-83.9615,32.0359],[-83.9693,32.0387],[-83.9665,32.0427],[-83.9684,32.0461],[-83.9715,32.0459],[-83.976,32.0429],[-83.9796,32.0436],[-83.9804,32.0457],[-83.9772,32.0632],[-83.9872,32.0716],[-83.9831,32.0758],[-83.9813,32.0818],[-83.9783,32.0854],[-83.9786,32.0872],[-83.9748,32.0922],[-83.9775,32.0924],[-83.9788,32.095],[-83.9847,32.0934],[-83.9858,32.0966],[-83.9904,32.0953],[-83.9888,32.1011],[-83.9981,32.1007],[-83.9971,32.1025],[-84.0006,32.1052],[-84.0008,32.1089],[-83.9984,32.1088],[-83.9965,32.1126],[-84.0014,32.1115],[-84.0038,32.1149],[-84.007,32.1154],[-84.0069,32.118],[-84.0106,32.1179],[-84.0118,32.1191],[-84.0118,32.1249],[-84.0085,32.1294],[-84.0087,32.131],[-84.0102,32.1319],[-84.0151,32.1312],[-84.0215,32.136],[-84.0226,32.138],[-84.0217,32.1411],[-84.0299,32.1506],[-84.0332,32.1523],[-84.0334,32.1538],[-84.0313,32.1544],[-84.031,32.1581],[-84.0333,32.1612],[-84.0299,32.1614],[-84.0293,32.1665],[-84.0267,32.1674],[-84.0283,32.1693],[-84.0262,32.1732],[-84.0311,32.1787],[-84.0289,32.1804],[-84.0295,32.1825],[-84.0236,32.1841],[-84.0226,32.1861],[-84.0207,32.1863],[-84.0215,32.1872],[-84.018,32.1914],[-84.0181,32.1941],[-84.0165,32.1964],[-84.015,32.1964],[-84.0158,32.1976],[-84.014,32.1981],[-84.0146,32.199],[-84.0131,32.201],[-84.0096,32.2016],[-84.0094,32.2031],[-84.0034,32.2057],[-84.0019,32.2083],[-83.9965,32.2121],[-83.9948,32.2156],[-83.9911,32.2175],[-83.9894,32.217],[-83.9887,32.2187],[-83.9838,32.221],[-83.9818,32.2255],[-83.9789,32.2284],[-83.9759,32.2287],[-83.9755,32.2319],[-83.971,32.2358],[-83.9703,32.2384],[-83.9683,32.2394],[-83.9687,32.2421],[-83.9656,32.2437],[-83.9651,32.248],[-83.9588,32.2521],[-83.9477,32.2543],[-83.9449,32.2591],[-83.9341,32.2621],[-83.9315,32.2658],[-83.9289,32.2656],[-83.9233,32.2697],[-83.9148,32.2719],[-83.9116,32.2753],[-83.909,32.276],[-83.9079,32.2786],[-83.8976,32.2807],[-83.8978,32.2894],[-83.8953,32.292]]]}},{"type":"Feature","properties":{"leaid":"1301830","name":"Dougherty School District","kind":"Unified","gradeLow":"PK","gradeHigh":"12","state":"GA"},"geometry":{"type":"Polygon","coordinates":[[[-83.9978,31.4438],[-84.1378,31.4427],[-84.1411,31.4402],[-84.2111,31.4404],[-84.2116,31.4359],[-84.4299,31.4367],[-84.4281,31.4389],[-84.4286,31.441],[-84.4258,31.4463],[-84.4261,31.4479],[-84.4197,31.4496],[-84.4125,31.4569],[-84.4183,31.4696],[-84.4238,31.4935],[-84.4257,31.4947],[-84.4255,31.4971],[-84.4292,31.4997],[-84.4303,31.504],[-84.4327,31.5074],[-84.4381,31.5098],[-84.4397,31.5223],[-84.4482,31.5405],[-84.4471,31.5438],[-84.4549,31.5483],[-84.4557,31.5555],[-84.4543,31.5578],[-84.4545,31.5628],[-84.4518,31.5727],[-84.4535,31.5755],[-84.4545,31.5811],[-84.4577,31.5843],[-84.4529,31.5939],[-84.4492,31.5974],[-84.4502,31.6008],[-84.4471,31.6045],[-84.4494,31.6107],[-84.449,31.6129],[-84.4506,31.6148],[-84.4496,31.6167],[-84.4504,31.6219],[-84.3467,31.6211],[-84.0432,31.6236],[-84.0404,31.6345],[-84.0363,31.6378],[-84.0341,31.6432],[-84.0301,31.6432],[-84.0289,31.6484],[-84.0184,31.6503],[-83.9934,31.65],[-83.9935,31.6414],[-84.0029,31.6417],[-84.0031,31.6336],[-84.0125,31.6336],[-84.0127,31.6246],[-83.9962,31.6252],[-83.9966,31.5635],[-83.9816,31.5633],[-83.9817,31.5516],[-83.9967,31.5517],[-83.9975,31.476],[-83.9824,31.4758],[-83.9824,31.4735],[-83.9826,31.4627],[-83.9977,31.4628],[-83.9978,31.4438]]]}},{"type":"Feature","properties":{"leaid":"1301860","name":"Douglas County School District","kind":"Unified","gradeLow":"PK","gradeHigh":"12","state":"GA"},"geometry":{"type":"Polygon","coordinates":[[[-84.5779,33.7437],[-84.5829,33.7366],[-84.5861,33.7294],[-84.5937,33.7294],[-84.5995,33.7263],[-84.6018,33.724],[-84.6026,33.7199],[-84.6075,33.7133],[-84.6152,33.71],[-84.6214,33.7044],[-84.6321,33.7006],[-84.6328,33.6989],[-84.6303,33.6928],[-84.6321,33.6884],[-84.6405,33.684],[-84.648,33.686],[-84.6524,33.684],[-84.6539,33.6754],[-84.6519,33.6679],[-84.6547,33.6616],[-84.6573,33.6586],[-84.6617,33.6569],[-84.6748,33.6564],[-84.6875,33.6505],[-84.7102,33.6467],[-84.7146,33.6429],[-84.7297,33.6369],[-84.7325,33.629],[-84.7353,33.625],[-84.7384,33.6233],[-84.7425,33.624],[-84.7439,33.6272],[-84.7484,33.6315],[-84.7518,33.6317],[-84.7534,33.6276],[-84.7623,33.6152],[-84.7777,33.6084],[-84.7867,33.6008],[-84.7958,33.5963],[-84.8054,33.587],[-84.8081,33.5809],[-84.8092,33.5741],[-84.8243,33.5736],[-84.8243,33.5766],[-84.83,33.5766],[-84.83,33.5738],[-84.9058,33.5734],[-84.9014,33.7188],[-84.9016,33.722],[-84.911,33.7221],[-84.911,33.729],[-84.9109,33.731],[-84.9023,33.7306],[-84.9017,33.7807],[-84.8792,33.7748],[-84.8327,33.776],[-84.8327,33.7785],[-84.7999,33.7799],[-84.8003,33.7823],[-84.7638,33.7873],[-84.7241,33.7886],[-84.7241,33.8064],[-84.6245,33.8051],[-84.6221,33.8044],[-84.6163,33.7949],[-84.5778,33.7456],[-84.5779,33.7437]]]}},{"type":"Feature","properties":{"leaid":"1301890","name":"Laurens County School District","kind":"Unified","gradeLow":"PK","gradeHigh":"12","state":"GA"},"geometry":{"type":"MultiPolygon","coordinates":[[[[-82.9425,32.5261],[-82.938,32.5237],[-82.9411,32.5211],[-82.9455,32.5247],[-82.9425,32.5261]]],[[[-82.9461,32.5284],[-82.9473,32.5289],[-82.9461,32.5306],[-82.9452,32.5299],[-82.9461,32.5284]]],[[[-82.9514,32.5348],[-82.9558,32.531],[-82.9596,32.5367],[-82.9566,32.5391],[-82.9514,32.5348]]],[[[-82.9608,32.5444],[-82.9591,32.544],[-82.9614,32.5443],[-82.9608,32.5444]]],[[[-82.9625,32.5459],[-82.9628,32.545],[-82.9632,32.5452],[-82.9625,32.5459]]],[[[-82.9535,32.547],[-82.9531,32.546],[-82.955,32.5459],[-82.9556,32.542],[-82.9553,32.5468],[-82.9535,32.547]]],[[[-82.9439,32.5612],[-82.9464,32.5591],[-82.9469,32.5595],[-82.9452,32.5614],[-82.9439,32.5612]]],[[[-82.9481,32.5631],[-82.9478,32.5621],[-82.9485,32.5625],[-82.9481,32.5631]]],[[[-82.9447,32.5632],[-82.9444,32.5623],[-82.9451,32.5624],[-82.9447,32.5632]]],[[[-82.8628,32.7158],[-82.7858,32.6867],[-82.79,32.6787],[-82.7945,32.6602],[-82.6686,32.6122],[-82.6745,32.5239],[-82.6625,32.5178],[-82.6477,32.5125],[-82.6571,32.5071],[-82.6542,32.5061],[-82.6528,32.5032],[-82.6477,32.4995],[-82.6397,32.496],[-82.6355,32.4961],[-82.6331,32.491],[-82.6409,32.4852],[-82.6469,32.4689],[-82.6486,32.4672],[-82.6632,32.4601],[-82.6659,32.4613],[-82.6699,32.4609],[-82.6728,32.4627],[-82.6748,32.4615],[-82.6765,32.4622],[-82.6803,32.4607],[-82.6856,32.4605],[-82.6886,32.4585],[-82.6899,32.4546],[-82.6946,32.4533],[-82.6946,32.4504],[-82.6905,32.4456],[-82.6903,32.4438],[-82.7022,32.4316],[-82.7006,32.4299],[-82.7016,32.428],[-82.7002,32.4263],[-82.6997,32.4206],[-82.6972,32.4181],[-82.7001,32.4142],[-82.6976,32.4072],[-82.7011,32.4041],[-82.7024,32.3983],[-82.7055,32.3966],[-82.7074,32.3936],[-82.7124,32.3913],[-82.7161,32.3928],[-82.7152,32.3866],[-82.7205,32.3764],[-82.717,32.3726],[-82.7231,32.3704],[-82.7226,32.3644],[-82.7251,32.3621],[-82.7308,32.3627],[-82.728,32.3598],[-82.731,32.3584],[-82.7319,32.3567],[-82.7288,32.3568],[-82.7276,32.3556],[-82.7338,32.3421],[-82.7371,32.338],[-82.7393,32.3376],[-82.7423,32.3385],[-82.7423,32.3417],[-82.7442,32.3415],[-82.7455,32.3368],[-82.7417,32.3342],[-82.745,32.3332],[-82.7487,32.3295],[-82.7469,32.3284],[-82.7435,32.3288],[-82.7428,32.3267],[-82.7419,32.3306],[-82.7393,32.3307],[-82.7386,32.3294],[-82.7398,32.3271],[-82.7369,32.3226],[-82.7329,32.3239],[-82.7327,32.3206],[-82.7309,32.32],[-82.735,32.3211],[-82.7357,32.3196],[-82.7288,32.3153],[-82.7251,32.3157],[-82.7303,32.3119],[-82.73,32.3106],[-82.7252,32.3087],[-82.7232,32.3109],[-82.722,32.3093],[-82.762,32.2756],[-82.7552,32.2697],[-82.7619,32.2642],[-82.7686,32.2698],[-82.8583,32.1944],[-82.8645,32.1997],[-82.8716,32.1945],[-82.8781,32.2002],[-82.8848,32.1961],[-82.887,32.198],[-82.991,32.1473],[-83.2265,32.5842],[-83.0408,32.6733],[-82.9576,32.7082],[-82.8628,32.7158]],[[-82.8975,32.5954],[-82.8992,32.5924],[-82.8921,32.5925],[-82.8903,32.5859],[-82.8872,32.5804],[-82.8842,32.5778],[-82.8795,32.5752],[-82.8755,32.5692],[-82.8838,32.5545],[-82.8866,32.5519],[-82.8894,32.5512],[-82.8921,32.55],[-82.8929,32.5493],[-82.8935,32.5482],[-82.894,32.5472],[-82.9015,32.5543],[-82.8981,32.5574],[-82.8976,32.5612],[-82.9138,32.575],[-82.9132,32.5742],[-82.9158,32.5704],[-82.9201,32.5734],[-82.9243,32.5694],[-82.9421,32.5866],[-82.9454,32.5887],[-82.9592,32.595],[-82.9409,32.5851],[-82.9244,32.5679],[-82.9253,32.5671],[-82.9275,32.5691],[-82.9288,32.5681],[-82.9293,32.566],[-82.9266,32.5646],[-82.9351,32.5573],[-82.9391,32.5607],[-82.9382,32.5617],[-82.9409,32.5642],[-82.9422,32.5631],[-82.9473,32.5638],[-82.9457,32.5662],[-82.9467,32.5671],[-82.9484,32.5642],[-82.9587,32.569],[-82.9611,32.5697],[-82.9635,32.5693],[-82.958,32.5685],[-82.962,32.5664],[-82.9614,32.5651],[-82.9592,32.567],[-82.9586,32.5662],[-82.9585,32.5647],[-82.9612,32.5648],[-82.9616,32.5617],[-82.9599,32.5602],[-82.9585,32.5612],[-82.9594,32.5617],[-82.9563,32.5631],[-82.9575,32.5641],[-82.9552,32.5647],[-82.9552,32.567],[-82.9495,32.5642],[-82.9568,32.5557],[-82.9544,32.5531],[-82.9636,32.5454],[-82.9658,32.5465],[-82.9661,32.5491],[-82.9668,32.5485],[-82.9777,32.5579],[-82.9765,32.5593],[-82.9754,32.5583],[-82.9687,32.5639],[-82.9731,32.568],[-82.9792,32.5633],[-82.9798,32.5595],[-82.9729,32.5534],[-82.9744,32.5522],[-82.9764,32.555],[-82.9782,32.5513],[-82.9766,32.5509],[-82.9788,32.551],[-82.9769,32.5556],[-82.98,32.5511],[-82.9852,32.5509],[-82.9801,32.5507],[-82.9805,32.5497],[-82.9788,32.5507],[-82.9743,32.5502],[-82.9729,32.5476],[-82.9719,32.5491],[-82.9666,32.5465],[-82.9688,32.5441],[-82.9661,32.5463],[-82.9641,32.5454],[-82.9648,32.5448],[-82.9577,32.5423],[-82.9569,32.5393],[-82.9594,32.5373],[-82.9707,32.5349],[-82.9602,32.5366],[-82.9636,32.5335],[-82.9544,32.526],[-82.9623,32.525],[-82.965,32.5241],[-82.951,32.526],[-82.9456,32.5285],[-82.9438,32.527],[-82.9632,32.5106],[-82.9686,32.5147],[-82.9748,32.5111],[-82.9754,32.5082],[-82.9724,32.5058],[-82.9709,32.507],[-82.9692,32.5056],[-82.9801,32.4966],[-82.9827,32.4977],[-82.9834,32.4966],[-82.9816,32.4953],[-82.9835,32.4965],[-82.9851,32.4957],[-82.9834,32.4935],[-82.9673,32.5065],[-82.966,32.5052],[-82.9621,32.5078],[-82.9639,32.5095],[-82.9548,32.517],[-82.9529,32.5156],[-82.9544,32.5143],[-82.9495,32.5103],[-82.9564,32.5042],[-82.9529,32.501],[-82.9488,32.5042],[-82.9401,32.4966],[-82.9373,32.499],[-82.935,32.4959],[-82.9325,32.495],[-82.9357,32.4924],[-82.934,32.491],[-82.9372,32.4885],[-82.9346,32.4888],[-82.9359,32.4872],[-82.9424,32.4889],[-82.9439,32.4865],[-82.9496,32.4864],[-82.9463,32.4836],[-82.9408,32.4849],[-82.9423,32.4866],[-82.9359,32.4865],[-82.9343,32.4886],[-82.9321,32.4876],[-82.9282,32.4914],[-82.9222,32.4864],[-82.9156,32.4918],[-82.9123,32.489],[-82.9153,32.4861],[-82.9146,32.4854],[-82.9096,32.4854],[-82.9087,32.4863],[-82.9221,32.4986],[-82.9246,32.4964],[-82.9275,32.4986],[-82.9282,32.4971],[-82.926,32.4952],[-82.9276,32.4938],[-82.9318,32.4977],[-82.9308,32.4996],[-82.9324,32.5009],[-82.9365,32.4987],[-82.9429,32.5041],[-82.9358,32.51],[-82.9427,32.5158],[-82.9397,32.5183],[-82.9343,32.5136],[-82.93,32.517],[-82.9237,32.5117],[-82.9248,32.5108],[-82.9238,32.5106],[-82.9255,32.5044],[-82.9277,32.5052],[-82.9291,32.5036],[-82.9262,32.5017],[-82.9242,32.507],[-82.9223,32.5166],[-82.9188,32.5143],[-82.9171,32.514],[-82.9143,32.516],[-82.9065,32.5166],[-82.9045,32.5159],[-82.9043,32.5129],[-82.9009,32.5139],[-82.9001,32.5061],[-82.9016,32.5053],[-82.8999,32.5053],[-82.897,32.4924],[-82.8957,32.4841],[-82.8974,32.4843],[-82.897,32.4819],[-82.8951,32.482],[-82.895,32.4876],[-82.9005,32.5101],[-82.9005,32.5135],[-82.8982,32.5138],[-82.9005,32.5136],[-82.9007,32.5159],[-82.8937,32.5162],[-82.8925,32.5126],[-82.8894,32.5126],[-82.8865,32.5132],[-82.8878,32.5162],[-82.8854,32.5184],[-82.8883,32.528],[-82.8893,32.5373],[-82.8941,32.5467],[-82.8923,32.5494],[-82.8866,32.5517],[-82.8837,32.5544],[-82.8751,32.5681],[-82.8753,32.5696],[-82.8787,32.575],[-82.8867,32.5804],[-82.8906,32.5878],[-82.892,32.5969],[-82.8865,32.6032],[-82.8961,32.6035],[-82.8975,32.5954]]]]}},{"type":"Feature","properties":{"leaid":"1301920","name":"Early County School District","kind":"Unified","gradeLow":"PK","gradeHigh":"12","state":"GA"},"geometry":{"type":"Polygon","coordinates":[[[-84.8198,31.5012],[-84.8198,31.4916],[-84.8069,31.4917],[-84.8071,31.5013],[-84.7966,31.5013],[-84.7971,31.4736],[-84.8076,31.4731],[-84.8058,31.4687],[-84.803,31.4663],[-84.8018,31.4616],[-84.7939,31.4591],[-84.7894,31.4525],[-84.7896,31.4514],[-84.7914,31.4512],[-84.7923,31.4458],[-84.789,31.4393],[-84.789,31.4364],[-84.6376,31.4339],[-84.6388,31.3785],[-84.6397,31.3785],[-84.6395,31.3704],[-84.6381,31.3702],[-84.638,31.3666],[-84.6383,31.3417],[-84.6277,31.3416],[-84.6276,31.3321],[-84.6381,31.3321],[-84.6399,31.3126],[-84.6417,31.3125],[-84.6417,31.2565],[-84.6611,31.2569],[-84.6611,31.2594],[-84.6727,31.2594],[-84.6726,31.2571],[-84.6832,31.2572],[-84.6833,31.2514],[-84.6942,31.2517],[-84.6942,31.2577],[-84.7051,31.2577],[-84.7051,31.2519],[-84.7096,31.2518],[-84.7374,31.2523],[-84.7375,31.2583],[-84.7482,31.2585],[-84.7483,31.2525],[-84.9174,31.256],[-84.9224,31.0726],[-85.0286,31.0755],[-85.0261,31.0842],[-85.0297,31.0962],[-85.0355,31.1043],[-85.0362,31.109],[-85.0442,31.1136],[-85.0502,31.1189],[-85.0547,31.1208],[-85.0604,31.1315],[-85.064,31.1425],[-85.0693,31.147],[-85.0766,31.1569],[-85.0836,31.1596],[-85.0921,31.1603],[-85.1002,31.1655],[-85.0985,31.1802],[-85.1021,31.1847],[-85.107,31.1855],[-85.1077,31.1874],[-85.1081,31.1956],[-85.107,31.2027],[-85.0987,31.2113],[-85.0987,31.2195],[-85.0968,31.2257],[-85.0988,31.2325],[-85.1025,31.2379],[-85.1055,31.2469],[-85.1124,31.2596],[-85.1133,31.2643],[-85.1119,31.2725],[-85.1146,31.2773],[-85.1104,31.2817],[-85.0987,31.2845],[-85.0916,31.2917],[-85.0881,31.3022],[-85.0874,31.3112],[-85.0838,31.3182],[-85.0842,31.3283],[-85.0894,31.336],[-85.0871,31.3403],[-85.0859,31.3531],[-85.0918,31.3552],[-85.0925,31.3629],[-85.0824,31.3845],[-85.0804,31.3939],[-85.0776,31.3989],[-85.0774,31.4028],[-85.08,31.4105],[-85.0767,31.416],[-85.0759,31.4249],[-85.0737,31.429],[-85.0719,31.4293],[-85.0685,31.4273],[-85.066,31.4305],[-85.066,31.443],[-85.0693,31.4535],[-85.0693,31.4592],[-85.0716,31.4684],[-85.0657,31.4841],[-85.0621,31.488],[-85.0569,31.5002],[-85.0455,31.5171],[-85.0399,31.5178],[-85.0376,31.5159],[-85.0336,31.5164],[-85.0294,31.5187],[-85.0292,31.4861],[-85.0065,31.4859],[-85.0019,31.4878],[-84.9979,31.4872],[-84.9863,31.4889],[-84.977,31.4928],[-84.974,31.4969],[-84.9714,31.4973],[-84.9643,31.4953],[-84.964,31.4935],[-84.9597,31.4927],[-84.9573,31.4958],[-84.9497,31.4989],[-84.9469,31.4988],[-84.9422,31.5024],[-84.9392,31.5021],[-84.9378,31.5033],[-84.8198,31.5012]]]}},{"type":"Feature","properties":{"leaid":"1301950","name":"Echols County School District","kind":"Unified","gradeLow":"PK","gradeHigh":"12","state":"GA"},"geometry":{"type":"Polygon","coordinates":[[[-82.9822,30.8722],[-82.8464,30.835],[-82.8475,30.833],[-82.8459,30.8272],[-82.8413,30.8246],[-82.8391,30.8183],[-82.8323,30.8137],[-82.8302,30.8106],[-82.8348,30.8],[-82.8321,30.783],[-82.8288,30.7806],[-82.8235,30.7801],[-82.8204,30.7763],[-82.8156,30.7758],[-82.8099,30.7673],[-82.8105,30.7653],[-82.807,30.762],[-82.8074,30.755],[-82.8053,30.7498],[-82.8024,30.7473],[-82.7996,30.7469],[-82.7954,30.7421],[-82.7846,30.7382],[-82.7786,30.7375],[-82.7772,30.736],[-82.7742,30.7362],[-82.7666,30.7323],[-82.7654,30.7334],[-82.761,30.7334],[-82.7526,30.7312],[-82.7511,30.7325],[-82.7436,30.7335],[-82.7346,30.7322],[-82.7297,30.7291],[-82.7176,30.7304],[-82.71,30.7292],[-82.6984,30.7341],[-82.6919,30.734],[-82.6855,30.7313],[-82.684,30.7292],[-82.6779,30.7273],[-82.6744,30.7244],[-82.6702,30.7255],[-82.6626,30.7223],[-82.6555,30.7226],[-82.6535,30.7208],[-82.6374,30.7171],[-82.6252,30.7186],[-82.6148,30.7145],[-82.6128,30.7153],[-82.6103,30.7133],[-82.604,30.7137],[-82.5898,30.706],[-82.5882,30.7008],[-82.5812,30.6962],[-82.5788,30.6908],[-82.5806,30.6905],[-82.5815,30.6859],[-82.5854,30.6793],[-82.5865,30.675],[-82.5847,30.6634],[-82.5799,30.6587],[-82.5824,30.659],[-82.5828,30.6581],[-82.584,30.5915],[-83.1366,30.624],[-83.1351,30.6654],[-83.1358,30.722],[-83.1302,30.7221],[-83.1342,30.7249],[-83.1348,30.7276],[-83.1333,30.73],[-83.1351,30.7351],[-83.1352,30.7403],[-83.1325,30.7489],[-83.134,30.7517],[-83.1328,30.7585],[-83.1362,30.7699],[-83.1353,30.7704],[-83.1362,30.7752],[-83.1349,30.7792],[-83.1328,30.781],[-83.1335,30.7855],[-83.1316,30.7939],[-83.1274,30.7991],[-83.1258,30.8034],[-83.1044,30.8037],[-83.1032,30.8314],[-83.0881,30.8312],[-83.0881,30.8487],[-83.0194,30.8495],[-83.0183,30.8484],[-83.0152,30.8486],[-83.014,30.8447],[-83.0114,30.8475],[-83.0104,30.8536],[-83.0066,30.8595],[-82.992,30.8617],[-82.9822,30.8722]]]}},{"type":"Feature","properties":{"leaid":"1301980","name":"Effingham County School District","kind":"Unified","gradeLow":"PK","gradeHigh":"12","state":"GA"},"geometry":{"type":"Polygon","coordinates":[[[-81.2813,32.5565],[-81.2787,32.5527],[-81.281,32.5497],[-81.2809,32.5479],[-81.2748,32.5444],[-81.2752,32.5398],[-81.2799,32.5376],[-81.2797,32.5363],[-81.2746,32.5342],[-81.2719,32.53],[-81.2668,32.5279],[-81.2521,32.5181],[-81.2475,32.5183],[-81.2439,32.5209],[-81.2409,32.5165],[-81.2338,32.5183],[-81.2323,32.5121],[-81.2372,32.5113],[-81.2388,32.5081],[-81.2378,32.5053],[-81.2343,32.5027],[-81.2331,32.4981],[-81.2248,32.4918],[-81.2175,32.4834],[-81.2004,32.4683],[-81.1948,32.4652],[-81.1886,32.4653],[-81.1871,32.4641],[-81.1886,32.4612],[-81.1944,32.4589],[-81.1943,32.4572],[-81.1916,32.4552],[-81.192,32.4538],[-81.1977,32.4546],[-81.1979,32.4486],[-81.2033,32.453],[-81.2058,32.4505],[-81.2063,32.447],[-81.2008,32.4461],[-81.1993,32.4429],[-81.2006,32.4407],[-81.2084,32.4373],[-81.2051,32.4272],[-81.2054,32.4234],[-81.1783,32.393],[-81.1778,32.3862],[-81.1818,32.3793],[-81.1767,32.3767],[-81.1679,32.3685],[-81.169,32.3651],[-81.1739,32.3628],[-81.1674,32.3614],[-81.1663,32.3579],[-81.161,32.3559],[-81.1609,32.3495],[-81.1546,32.3501],[-81.1556,32.3433],[-81.16,32.3429],[-81.16,32.3405],[-81.1581,32.3399],[-81.1528,32.3413],[-81.1495,32.3451],[-81.1453,32.3452],[-81.1474,32.3476],[-81.1473,32.3501],[-81.1439,32.3515],[-81.1414,32.3501],[-81.1394,32.3451],[-81.1342,32.3413],[-81.1294,32.3415],[-81.1288,32.3366],[-81.1328,32.3347],[-81.138,32.3282],[-81.1355,32.3243],[-81.1339,32.3242],[-81.1318,32.3265],[-81.1307,32.3258],[-81.1316,32.3186],[-81.1298,32.3133],[-81.133,32.3085],[-81.1286,32.3069],[-81.1252,32.3091],[-81.1226,32.307],[-81.1226,32.2999],[-81.1239,32.2952],[-81.1205,32.2909],[-81.1196,32.2869],[-81.1217,32.2845],[-81.1271,32.2823],[-81.1265,32.2792],[-81.1233,32.277],[-81.1235,32.2751],[-81.1295,32.2762],[-81.1332,32.2697],[-81.136,32.2727],[-81.1421,32.2716],[-81.1417,32.2702],[-81.1379,32.2689],[-81.1369,32.2661],[-81.1394,32.2637],[-81.1463,32.2633],[-81.1466,32.261],[-81.1447,32.2581],[-81.1481,32.2551],[-81.1459,32.2507],[-81.1531,32.2478],[-81.1563,32.245],[-81.1563,32.2419],[-81.154,32.2381],[-81.144,32.2302],[-81.1446,32.2261],[-81.1956,32.2375],[-81.3917,32.0959],[-81.3918,32.1005],[-81.3996,32.1046],[-81.4013,32.1042],[-81.4025,32.1072],[-81.4055,32.1023],[-81.407,32.1022],[-81.4032,32.1076],[-81.4006,32.1064],[-81.403,32.1084],[-81.4014,32.109],[-81.4024,32.1112],[-81.4009,32.1127],[-81.4041,32.1137],[-81.4052,32.1187],[-81.4068,32.1195],[-81.4069,32.1216],[-81.4045,32.1208],[-81.4053,32.125],[-81.4082,32.1273],[-81.4056,32.1292],[-81.4072,32.1302],[-81.4063,32.1325],[-81.407,32.1374],[-81.405,32.1402],[-81.4059,32.1419],[-81.4019,32.1436],[-81.4039,32.1474],[-81.402,32.1478],[-81.4015,32.1498],[-81.4056,32.1513],[-81.4064,32.1527],[-81.4085,32.1521],[-81.4081,32.1553],[-81.4119,32.1577],[-81.4138,32.1607],[-81.4134,32.1621],[-81.4109,32.1612],[-81.4115,32.1653],[-81.41,32.168],[-81.4108,32.1702],[-81.4135,32.1698],[-81.4122,32.1713],[-81.4137,32.1735],[-81.4116,32.1757],[-81.4146,32.1766],[-81.4153,32.1831],[-81.4142,32.1846],[-81.4127,32.1836],[-81.4097,32.1853],[-81.4123,32.1854],[-81.4151,32.1879],[-81.4161,32.1935],[-81.4186,32.1969],[-81.4158,32.1995],[-81.4151,32.2025],[-81.4163,32.2027],[-81.4162,32.2038],[-81.4132,32.2048],[-81.4145,32.2064],[-81.4134,32.2078],[-81.416,32.2099],[-81.4161,32.2122],[-81.4213,32.2102],[-81.4231,32.2151],[-81.4251,32.215],[-81.4263,32.2167],[-81.4282,32.2158],[-81.4296,32.2172],[-81.427,32.2187],[-81.4277,32.2208],[-81.4301,32.2223],[-81.4301,32.2239],[-81.4268,32.2247],[-81.4261,32.2283],[-81.4277,32.2311],[-81.4301,32.2313],[-81.4286,32.2343],[-81.4316,32.2333],[-81.4325,32.2378],[-81.4375,32.2427],[-81.4363,32.2444],[-81.4341,32.2437],[-81.4331,32.2449],[-81.4342,32.2469],[-81.4373,32.2479],[-81.4352,32.2514],[-81.4369,32.2543],[-81.439,32.2554],[-81.4351,32.2597],[-81.4375,32.2655],[-81.4417,32.2684],[-81.4382,32.2709],[-81.4398,32.2749],[-81.4452,32.2752],[-81.4434,32.2772],[-81.4472,32.2786],[-81.4499,32.2829],[-81.4493,32.2837],[-81.4483,32.2827],[-81.4463,32.2849],[-81.4489,32.2856],[-81.4472,32.2874],[-81.4488,32.2907],[-81.4503,32.29],[-81.4531,32.2914],[-81.4521,32.2927],[-81.4532,32.2947],[-81.4513,32.2942],[-81.4491,32.2957],[-81.4543,32.3007],[-81.4516,32.302],[-81.4546,32.3031],[-81.4527,32.3059],[-81.4567,32.3094],[-81.4594,32.3092],[-81.4589,32.3106],[-81.4607,32.313],[-81.4656,32.3129],[-81.4631,32.317],[-81.465,32.3175],[-81.4653,32.3215],[-81.4677,32.3232],[-81.4644,32.3238],[-81.4659,32.3265],[-81.4656,32.3289],[-81.4672,32.3278],[-81.4705,32.3296],[-81.4737,32.3283],[-81.4773,32.3315],[-81.4792,32.3292],[-81.4818,32.3293],[-81.4888,32.3354],[-81.4889,32.3368],[-81.4861,32.3383],[-81.4906,32.3431],[-81.49,32.348],[-81.491,32.3519],[-81.4948,32.3498],[-81.5077,32.3579],[-81.5089,32.3614],[-81.5087,32.3714],[-81.512,32.3694],[-81.5141,32.3717],[-81.5143,32.3756],[-81.5208,32.3769],[-81.5203,32.3808],[-81.5216,32.3808],[-81.5218,32.3792],[-81.5232,32.3804],[-81.5238,32.3854],[-81.5223,32.3875],[-81.5235,32.3887],[-81.5223,32.39],[-81.5234,32.3931],[-81.5242,32.3916],[-81.5273,32.3908],[-81.5287,32.3926],[-81.5306,32.3903],[-81.5349,32.3936],[-81.5345,32.3964],[-81.5333,32.3963],[-81.5354,32.4008],[-81.5327,32.4069],[-81.5406,32.4138],[-81.5426,32.4192],[-81.541,32.4208],[-81.5404,32.4183],[-81.5382,32.419],[-81.5385,32.4205],[-81.5353,32.4223],[-81.5372,32.4295],[-81.5361,32.4309],[-81.539,32.4356],[-81.5319,32.4381],[-81.5257,32.4498],[-81.5273,32.4539],[-81.5312,32.4584],[-81.5303,32.4631],[-81.5327,32.4642],[-81.5315,32.4665],[-81.5362,32.4666],[-81.5368,32.4651],[-81.5429,32.4665],[-81.5416,32.4694],[-81.5402,32.4698],[-81.5415,32.473],[-81.5398,32.4764],[-81.5386,32.4767],[-81.5376,32.4745],[-81.5359,32.4753],[-81.5359,32.4811],[-81.539,32.4839],[-81.5474,32.4865],[-81.548,32.4893],[-81.5386,32.5091],[-81.3892,32.5954],[-81.3789,32.5889],[-81.376,32.5893],[-81.3736,32.592],[-81.3698,32.5912],[-81.3689,32.5898],[-81.3698,32.585],[-81.3636,32.583],[-81.3639,32.5811],[-81.3671,32.5786],[-81.367,32.577],[-81.3635,32.5769],[-81.3602,32.5818],[-81.3577,32.5821],[-81.3535,32.5788],[-81.3583,32.5745],[-81.3559,32.5716],[-81.3286,32.5611],[-81.3196,32.5596],[-81.2977,32.5629],[-81.2953,32.5608],[-81.2981,32.5553],[-81.2962,32.5533],[-81.2915,32.5557],[-81.2913,32.5584],[-81.2935,32.5616],[-81.291,32.5627],[-81.2885,32.5585],[-81.29,32.5522],[-81.2886,32.5511],[-81.2851,32.5523],[-81.2839,32.5565],[-81.2813,32.5565]]]}},{"type":"Feature","properties":{"leaid":"1302010","name":"Elbert County School District","kind":"Unified","gradeLow":"PK","gradeHigh":"12","state":"GA"},"geometry":{"type":"Polygon","coordinates":[[[-82.7421,34.2117],[-82.7406,34.2073],[-82.7321,34.1933],[-82.7315,34.1771],[-82.7248,34.1687],[-82.7175,34.1505],[-82.7041,34.141],[-82.6998,34.1393],[-82.6922,34.139],[-82.6863,34.1345],[-82.6787,34.1324],[-82.6752,34.1298],[-82.6686,34.1204],[-82.6668,34.1134],[-82.66,34.1068],[-82.6587,34.1038],[-82.6537,34.1003],[-82.6477,34.0985],[-82.6413,34.0916],[-82.6403,34.0864],[-82.6451,34.0791],[-82.6455,34.0763],[-82.6415,34.0689],[-82.6354,34.0651],[-82.6314,34.0655],[-82.6268,34.0635],[-82.6214,34.058],[-82.6192,34.0514],[-82.613,34.0469],[-82.6094,34.0399],[-82.5945,34.0293],[-82.5938,34.0267],[-82.5956,34.0201],[-82.5953,34.0152],[-82.5878,33.9987],[-82.5842,33.9957],[-82.5754,33.9919],[-82.5756,33.9902],[-82.5801,33.9864],[-82.5803,33.9813],[-82.5769,33.9761],[-82.5676,33.9679],[-82.5645,33.9557],[-82.5738,33.9593],[-82.5781,33.9659],[-82.5889,33.969],[-82.5904,33.971],[-82.5934,33.9716],[-82.6004,33.9765],[-82.6022,33.9794],[-82.6097,33.9815],[-82.6146,33.9804],[-82.6266,33.982],[-82.6318,33.9791],[-82.6326,33.9749],[-82.6394,33.9728],[-82.6407,33.9742],[-82.6398,33.9794],[-82.6411,33.9825],[-82.6455,33.9842],[-82.6549,33.9913],[-82.6595,33.9902],[-82.6683,33.9856],[-82.6794,33.9851],[-82.7005,33.9814],[-82.7187,33.9848],[-82.7264,33.9842],[-82.7346,33.9806],[-82.7463,33.9781],[-82.7544,33.9719],[-82.765,33.9734],[-82.7784,33.971],[-82.7851,33.9721],[-82.7983,33.978],[-82.8135,33.9816],[-82.8189,33.9861],[-82.8258,33.9845],[-82.8372,33.9927],[-82.841,33.9921],[-82.8417,33.9846],[-82.843,33.9837],[-82.8514,33.9822],[-82.8579,33.9839],[-82.8636,33.983],[-82.8669,33.9905],[-82.8705,33.9932],[-82.8793,33.9952],[-82.8816,34.0006],[-82.8865,34.0001],[-82.9061,34.0044],[-82.9067,34.0079],[-82.905,34.0111],[-82.9062,34.012],[-82.9162,34.0125],[-82.9165,34.0107],[-82.9146,34.0076],[-82.9171,34.0062],[-82.9217,34.0103],[-82.9272,34.0073],[-82.9293,34.0106],[-82.9327,34.0128],[-82.938,34.015],[-82.9423,34.015],[-82.9438,34.0228],[-82.9379,34.0258],[-82.9353,34.0253],[-82.9337,34.0263],[-82.9341,34.0275],[-82.9431,34.0276],[-82.9498,34.0357],[-82.9538,34.0382],[-82.9575,34.0358],[-82.9615,34.0354],[-82.9656,34.0405],[-82.9759,34.0429],[-82.9779,34.0486],[-82.9807,34.0472],[-82.9878,34.052],[-82.9905,34.0574],[-82.9901,34.0638],[-83.0022,34.0704],[-83.005,34.0785],[-83.0088,34.079],[-83.011,34.0765],[-83.0131,34.0773],[-83.0321,34.0966],[-83.0361,34.0983],[-83.0332,34.1024],[-83.03,34.104],[-83.0326,34.1099],[-83.0308,34.1131],[-83.0372,34.1178],[-83.0479,34.1211],[-83.0504,34.1262],[-83.0483,34.1296],[-83.0517,34.1316],[-83.0556,34.1372],[-83.0613,34.1409],[-83.063,34.1457],[-83.0609,34.1477],[-83.0667,34.1524],[-83.0673,34.1546],[-83.0764,34.1534],[-83.0861,34.159],[-83.0963,34.1625],[-83.1024,34.1681],[-83.1033,34.1707],[-83.092,34.1902],[-83.0948,34.1949],[-83.0955,34.2025],[-83.0845,34.2114],[-83.0799,34.2175],[-83.078,34.2236],[-83.0769,34.2224],[-83.0565,34.2281],[-83.0188,34.2341],[-82.9999,34.2311],[-82.9884,34.2244],[-82.9964,34.2191],[-82.9844,34.2114],[-82.98,34.2101],[-82.9809,34.2115],[-82.9661,34.2205],[-82.9588,34.2185],[-82.9155,34.2477],[-82.849,34.2646],[-82.8392,34.2694],[-82.8312,34.2692],[-82.824,34.2705],[-82.8158,34.2761],[-82.7999,34.2789],[-82.7918,34.2834],[-82.7842,34.2844],[-82.7734,34.2889],[-82.7668,34.2823],[-82.7618,34.2818],[-82.7542,34.2758],[-82.7468,34.2666],[-82.7485,34.2631],[-82.7458,34.2584],[-82.7456,34.2541],[-82.7429,34.2511],[-82.7449,34.2449],[-82.742,34.2293],[-82.7444,34.2254],[-82.7403,34.2194],[-82.7421,34.2117]]]}},{"type":"Feature","properties":{"leaid":"1302040","name":"Emanuel County School District","kind":"Unified","gradeLow":"PK","gradeHigh":"12","state":"GA"},"geometry":{"type":"Polygon","coordinates":[[[-82.3165,32.8358],[-82.3124,32.83],[-82.3003,32.8259],[-82.296,32.8268],[-82.2888,32.8266],[-82.2871,32.8252],[-82.2855,32.8264],[-82.2782,32.8257],[-82.271,32.8211],[-82.2689,32.8224],[-82.2696,32.8243],[-82.2681,32.8253],[-82.2664,32.8246],[-82.2659,32.8264],[-82.2618,32.8233],[-82.2596,32.8244],[-82.2561,32.8239],[-82.2542,32.8225],[-82.2553,32.8204],[-82.2532,32.8175],[-82.2499,32.8186],[-82.2428,32.8131],[-82.2397,32.8124],[-82.235,32.8147],[-82.2273,32.8124],[-82.2229,32.8127],[-82.2206,32.808],[-82.2198,32.8092],[-82.2159,32.8081],[-82.2158,32.8047],[-82.2142,32.8037],[-82.2078,32.8056],[-82.203,32.804],[-82.1958,32.8092],[-82.1942,32.8069],[-82.1877,32.8068],[-82.187,32.8094],[-82.1854,32.8084],[-82.1846,32.8098],[-82.1787,32.8109],[-82.1782,32.8122],[-82.177,32.8114],[-82.177,32.8125],[-82.1749,32.8133],[-82.1682,32.8108],[-82.166,32.8125],[-82.1601,32.8129],[-82.1603,32.8151],[-82.1578,32.816],[-82.1546,32.8141],[-82.1547,32.8158],[-82.1512,32.8143],[-82.1467,32.8148],[-82.1306,32.7792],[-82.0829,32.6633],[-82.0012,32.6069],[-82.0268,32.5552],[-82.0302,32.5388],[-82.0798,32.5601],[-82.1483,32.5204],[-82.1811,32.4741],[-82.1879,32.4336],[-82.2002,32.4165],[-82.2546,32.3515],[-82.2538,32.3504],[-82.2525,32.351],[-82.2503,32.3479],[-82.2494,32.3491],[-82.246,32.3486],[-82.2449,32.3466],[-82.2439,32.3484],[-82.2382,32.3446],[-82.2402,32.341],[-82.2376,32.3354],[-82.24,32.3326],[-82.2361,32.3287],[-82.2383,32.3286],[-82.2395,32.3267],[-82.2377,32.3232],[-82.2343,32.3223],[-82.2347,32.3197],[-82.2326,32.3201],[-82.2328,32.3188],[-82.2798,32.2942],[-82.3231,32.2934],[-82.3286,32.2945],[-82.3461,32.2919],[-82.3545,32.2922],[-82.3555,32.3103],[-82.3588,32.3186],[-82.3658,32.3228],[-82.366,32.3249],[-82.3752,32.332],[-82.3789,32.3369],[-82.3845,32.3377],[-82.3928,32.3355],[-82.3988,32.3448],[-82.401,32.3515],[-82.4033,32.3531],[-82.4047,32.3525],[-82.4091,32.3538],[-82.4112,32.3589],[-82.4111,32.3656],[-82.4055,32.3774],[-82.3969,32.3864],[-82.3943,32.3918],[-82.3935,32.3986],[-82.3943,32.4126],[-82.3819,32.4406],[-82.3856,32.4402],[-82.3899,32.4426],[-82.3908,32.444],[-82.3899,32.4448],[-82.3918,32.4456],[-82.3922,32.448],[-82.3958,32.449],[-82.3978,32.4518],[-82.3992,32.4513],[-82.4019,32.4529],[-82.4205,32.4571],[-82.4251,32.4623],[-82.431,32.4662],[-82.4388,32.4686],[-82.4416,32.4708],[-82.4461,32.4704],[-82.4501,32.4747],[-82.4573,32.4753],[-82.461,32.4783],[-82.464,32.4786],[-82.4685,32.4826],[-82.472,32.4837],[-82.4716,32.4854],[-82.4748,32.4872],[-82.4741,32.4888],[-82.4827,32.4921],[-82.4892,32.492],[-82.4905,32.4965],[-82.494,32.4959],[-82.4993,32.4983],[-82.5049,32.4979],[-82.5171,32.4996],[-82.5345,32.4972],[-82.5542,32.5005],[-82.563,32.5057],[-82.586,32.5067],[-82.6186,32.505],[-82.6378,32.5086],[-82.6477,32.5125],[-82.6375,32.5183],[-82.6338,32.5185],[-82.6294,32.5206],[-82.6231,32.5216],[-82.6223,32.518],[-82.603,32.5215],[-82.6026,32.5095],[-82.6001,32.517],[-82.5979,32.5329],[-82.5934,32.5351],[-82.5893,32.5311],[-82.589,32.5285],[-82.5853,32.5252],[-82.5644,32.5324],[-82.568,32.5372],[-82.5753,32.5424],[-82.5807,32.5487],[-82.5847,32.5507],[-82.5868,32.5551],[-82.5912,32.5577],[-82.5947,32.5668],[-82.5918,32.5739],[-82.5933,32.5751],[-82.5944,32.5792],[-82.512,32.6252],[-82.5177,32.6337],[-82.4989,32.6427],[-82.4929,32.634],[-82.4639,32.6472],[-82.4677,32.6469],[-82.4698,32.6509],[-82.4742,32.6526],[-82.4788,32.657],[-82.4903,32.662],[-82.4933,32.6751],[-82.4994,32.6863],[-82.4708,32.7106],[-82.4528,32.7193],[-82.4528,32.7287],[-82.4341,32.7623],[-82.4298,32.7615],[-82.4287,32.7633],[-82.4243,32.7648],[-82.4175,32.7704],[-82.4139,32.7702],[-82.4106,32.7685],[-82.4037,32.7727],[-82.4018,32.7757],[-82.3984,32.7771],[-82.3984,32.7826],[-82.3996,32.7837],[-82.4023,32.7824],[-82.4091,32.7842],[-82.4081,32.7881],[-82.409,32.7916],[-82.4109,32.7926],[-82.4109,32.7948],[-82.4135,32.7983],[-82.417,32.799],[-82.419,32.801],[-82.4182,32.8051],[-82.419,32.8112],[-82.4156,32.8134],[-82.4088,32.8151],[-82.4003,32.813],[-82.3919,32.8176],[-82.3881,32.8153],[-82.3868,32.8162],[-82.3848,32.8152],[-82.3758,32.8159],[-82.3688,32.8146],[-82.3628,32.8159],[-82.3615,32.8166],[-82.3619,32.8207],[-82.3548,32.8273],[-82.352,32.8281],[-82.3489,32.8264],[-82.3469,32.827],[-82.3428,32.8296],[-82.3405,32.8331],[-82.3353,32.8332],[-82.3326,32.8363],[-82.3297,32.8363],[-82.3266,32.8412],[-82.3218,32.8395],[-82.3195,32.8402],[-82.3176,32.8357],[-82.3165,32.8358]]]}},{"type":"Feature","properties":{"leaid":"1302070","name":"Evans County School District","kind":"Unified","gradeLow":"PK","gradeHigh":"12","state":"GA"},"geometry":{"type":"Polygon","coordinates":[[[-81.9998,32.2762],[-81.9671,32.2677],[-81.9622,32.2718],[-81.9532,32.2668],[-81.9345,32.2697],[-81.9184,32.2746],[-81.8927,32.2748],[-81.8742,32.265],[-81.8679,32.2592],[-81.8652,32.2595],[-81.8617,32.2578],[-81.8609,32.2554],[-81.8563,32.2571],[-81.8553,32.253],[-81.8523,32.2509],[-81.8513,32.248],[-81.8492,32.2485],[-81.842,32.2411],[-81.8333,32.2421],[-81.829,32.2385],[-81.8163,32.2375],[-81.8119,32.233],[-81.8139,32.2301],[-81.8037,32.2196],[-81.8059,32.2174],[-81.8044,32.2146],[-81.8055,32.2129],[-81.8044,32.2104],[-81.806,32.2099],[-81.8069,32.2076],[-81.8056,32.2076],[-81.8066,32.2049],[-81.8048,32.2043],[-81.8042,32.2009],[-81.8023,32.1996],[-81.8034,32.1991],[-81.8014,32.1962],[-81.7973,32.1949],[-81.7974,32.1935],[-81.7945,32.1933],[-81.7947,32.1943],[-81.7924,32.1932],[-81.7888,32.1877],[-81.7906,32.1863],[-81.7881,32.1852],[-81.7871,32.1818],[-81.7852,32.181],[-81.7866,32.1801],[-81.7854,32.1779],[-81.7813,32.1765],[-81.7809,32.1753],[-81.7811,32.1718],[-81.7827,32.1718],[-81.7818,32.1696],[-81.7827,32.1686],[-81.7784,32.1624],[-81.7812,32.1605],[-81.7794,32.1586],[-81.7811,32.1568],[-81.7794,32.1544],[-81.7815,32.1539],[-81.7816,32.1477],[-81.7771,32.1414],[-81.7784,32.1391],[-81.7761,32.1367],[-81.7769,32.1355],[-81.7756,32.1328],[-81.7774,32.1322],[-81.7712,32.1314],[-81.7672,32.1274],[-81.7673,32.1251],[-81.7652,32.1244],[-81.7661,32.122],[-81.7614,32.1191],[-81.7633,32.1176],[-81.7884,32.1248],[-81.7942,32.1223],[-81.8124,32.1079],[-81.8138,32.1055],[-81.8207,32.1013],[-81.8287,32.1033],[-81.8307,32.0965],[-81.8392,32.0808],[-81.8533,32.0572],[-81.8533,32.0548],[-81.8547,32.0546],[-81.8575,32.0498],[-81.8891,32.0504],[-81.98,32.0815],[-81.9957,32.1462],[-82.0253,32.2789],[-81.9998,32.2762]]]}},{"type":"Feature","properties":{"leaid":"1302970","name":"Jasper County School District","kind":"Unified","gradeLow":"PK","gradeHigh":"12","state":"GA"},"geometry":{"type":"Polygon","coordinates":[[[-83.5337,33.4345],[-83.5378,33.3938],[-83.5367,33.3741],[-83.5393,33.3533],[-83.5399,33.3122],[-83.5459,33.1719],[-83.816,33.1318],[-83.8171,33.1439],[-83.814,33.1483],[-83.8236,33.1594],[-83.8246,33.1762],[-83.8179,33.1856],[-83.8077,33.1916],[-83.8074,33.1934],[-83.8158,33.1936],[-83.8171,33.1957],[-83.8127,33.1967],[-83.8126,33.1994],[-83.8206,33.2014],[-83.8239,33.2047],[-83.8257,33.2103],[-83.8302,33.2106],[-83.8329,33.2093],[-83.8344,33.2106],[-83.8237,33.2218],[-83.8218,33.2287],[-83.8142,33.2419],[-83.8134,33.2486],[-83.8202,33.2532],[-83.8235,33.2578],[-83.8249,33.2645],[-83.8286,33.2664],[-83.8323,33.2723],[-83.8327,33.283],[-83.8288,33.2863],[-83.8274,33.2925],[-83.83,33.3012],[-83.8374,33.3076],[-83.8373,33.3123],[-83.8427,33.3181],[-83.8396,33.3241],[-83.8399,33.3282],[-83.8464,33.3329],[-83.8545,33.3352],[-83.8578,33.339],[-83.8634,33.3423],[-83.8571,33.3538],[-83.862,33.359],[-83.8611,33.3645],[-83.8631,33.3683],[-83.8591,33.3687],[-83.8539,33.3672],[-83.8569,33.3719],[-83.8474,33.3745],[-83.8479,33.3764],[-83.8463,33.3798],[-83.8383,33.3896],[-83.831,33.3935],[-83.8425,33.4026],[-83.8438,33.4049],[-83.837,33.405],[-83.8369,33.4079],[-83.845,33.4078],[-83.8452,33.4147],[-83.8282,33.415],[-83.8307,33.4188],[-83.8309,33.4215],[-83.8287,33.4224],[-83.8284,33.4261],[-83.8235,33.4334],[-83.8249,33.4373],[-83.8231,33.438],[-83.821,33.4363],[-83.8163,33.4367],[-83.8122,33.4347],[-83.8084,33.4363],[-83.8074,33.4408],[-83.7713,33.4525],[-83.7367,33.4809],[-83.7047,33.4885],[-83.7123,33.4951],[-83.7053,33.5009],[-83.7032,33.4979],[-83.701,33.4983],[-83.6971,33.4948],[-83.6877,33.4832],[-83.6784,33.4836],[-83.6746,33.4872],[-83.6831,33.4944],[-83.6866,33.5063],[-83.6859,33.5085],[-83.6881,33.5107],[-83.6822,33.5262],[-83.5999,33.4737],[-83.5337,33.4345]]]}},{"type":"Feature","properties":{"leaid":"1302130","name":"Fayette County School District","kind":"Unified","gradeLow":"PK","gradeHigh":"12","state":"GA"},"geometry":{"type":"Polygon","coordinates":[[[-84.3891,33.3537],[-84.3858,33.3503],[-84.3827,33.3419],[-84.3835,33.3389],[-84.3858,33.3413],[-84.3868,33.3399],[-84.3858,33.3389],[-84.3887,33.3393],[-84.3896,33.3372],[-84.3885,33.3358],[-84.3905,33.3343],[-84.389,33.3319],[-84.3867,33.3316],[-84.3872,33.3302],[-84.3848,33.3274],[-84.3856,33.3248],[-84.3844,33.324],[-84.3855,33.3217],[-84.3841,33.3195],[-84.3888,33.3154],[-84.3933,33.3169],[-84.3928,33.3081],[-84.3945,33.3077],[-84.3949,33.3041],[-84.397,33.3016],[-84.3984,33.3014],[-84.3985,33.3042],[-84.4027,33.3054],[-84.4064,33.2993],[-84.4084,33.2984],[-84.4075,33.2966],[-84.4086,33.2941],[-84.4128,33.2946],[-84.4133,33.2923],[-84.4191,33.2936],[-84.4185,33.2919],[-84.4202,33.2919],[-84.4204,33.2908],[-84.4191,33.2873],[-84.4229,33.2865],[-84.4266,33.2807],[-84.4265,33.2789],[-84.4292,33.2768],[-84.4285,33.2757],[-84.4308,33.2758],[-84.43,33.2729],[-84.4318,33.2717],[-84.4304,33.2685],[-84.4313,33.2632],[-84.4328,33.2634],[-84.4334,33.2616],[-84.4329,33.2565],[-84.4975,33.2574],[-84.5005,33.2594],[-84.5022,33.2615],[-84.5001,33.265],[-84.5026,33.2697],[-84.5039,33.27],[-84.5031,33.2728],[-84.5063,33.2745],[-84.5075,33.2784],[-84.5044,33.281],[-84.5062,33.2829],[-84.5085,33.281],[-84.5113,33.282],[-84.5126,33.2809],[-84.5136,33.2828],[-84.5126,33.2829],[-84.5129,33.2864],[-84.5175,33.2932],[-84.5171,33.296],[-84.5186,33.297],[-84.5155,33.3001],[-84.5147,33.3037],[-84.5201,33.3085],[-84.5204,33.3126],[-84.5219,33.3133],[-84.5202,33.3154],[-84.5179,33.3158],[-84.5182,33.3183],[-84.5216,33.3186],[-84.5245,33.3214],[-84.5265,33.3216],[-84.5282,33.3269],[-84.5305,33.3286],[-84.5316,33.3276],[-84.5354,33.3314],[-84.5347,33.3358],[-84.538,33.3356],[-84.539,33.3336],[-84.5407,33.3333],[-84.5425,33.3346],[-84.5421,33.3355],[-84.5438,33.3354],[-84.5444,33.3384],[-84.5495,33.3382],[-84.5491,33.3392],[-84.5511,33.3402],[-84.5518,33.3423],[-84.5607,33.3407],[-84.5672,33.3455],[-84.5689,33.3482],[-84.5715,33.3486],[-84.577,33.3586],[-84.5786,33.359],[-84.5819,33.3566],[-84.5861,33.3579],[-84.5864,33.3606],[-84.5888,33.3626],[-84.587,33.3649],[-84.5913,33.3679],[-84.59,33.3687],[-84.5928,33.3731],[-84.5927,33.3797],[-84.5948,33.3823],[-84.5967,33.3825],[-84.5973,33.3814],[-84.5978,33.3856],[-84.5991,33.387],[-84.6013,33.387],[-84.6043,33.3912],[-84.6069,33.3918],[-84.6062,33.3933],[-84.6091,33.3931],[-84.6067,33.3953],[-84.6102,33.3978],[-84.6091,33.4004],[-84.6131,33.4015],[-84.6155,33.4072],[-84.6186,33.4086],[-84.6201,33.4128],[-84.6184,33.4146],[-84.6197,33.4177],[-84.6192,33.4225],[-84.6228,33.4301],[-84.6236,33.4356],[-84.626,33.4373],[-84.6272,33.4401],[-84.6257,33.4435],[-84.6263,33.447],[-84.6244,33.449],[-84.6269,33.451],[-84.6267,33.4573],[-84.6252,33.4587],[-84.627,33.461],[-84.6251,33.4626],[-84.6267,33.4645],[-84.6232,33.4684],[-84.6233,33.4701],[-84.6268,33.475],[-84.6226,33.4808],[-84.6179,33.4839],[-84.6126,33.4939],[-84.6111,33.5002],[-84.6066,33.5049],[-84.6076,33.5067],[-84.6066,33.5105],[-84.6038,33.5128],[-84.5977,33.5143],[-84.5942,33.5194],[-84.5317,33.5348],[-84.5316,33.5359],[-84.5306,33.5351],[-84.4587,33.5509],[-84.4394,33.5507],[-84.4348,33.5411],[-84.4332,33.531],[-84.4335,33.5243],[-84.4204,33.5096],[-84.4206,33.494],[-84.4097,33.4939],[-84.3962,33.4849],[-84.3921,33.4794],[-84.3871,33.4766],[-84.3849,33.4713],[-84.3865,33.4673],[-84.3817,33.4633],[-84.3818,33.4612],[-84.3849,33.4586],[-84.3837,33.4551],[-84.3865,33.4537],[-84.3888,33.4503],[-84.3877,33.4461],[-84.3854,33.4473],[-84.3837,33.4444],[-84.3925,33.4445],[-84.3926,33.4365],[-84.4022,33.4364],[-84.4023,33.4201],[-84.3931,33.42],[-84.3931,33.412],[-84.3881,33.4117],[-84.3867,33.4098],[-84.387,33.4046],[-84.3841,33.4025],[-84.387,33.4008],[-84.3886,33.3961],[-84.3919,33.3965],[-84.3948,33.3944],[-84.3941,33.3912],[-84.3928,33.3909],[-84.3947,33.3886],[-84.3899,33.386],[-84.3905,33.3819],[-84.3885,33.3792],[-84.3873,33.3801],[-84.3865,33.3765],[-84.3883,33.3751],[-84.3963,33.3734],[-84.3945,33.3697],[-84.3961,33.3686],[-84.3925,33.3666],[-84.3951,33.3605],[-84.3886,33.3563],[-84.3891,33.3537]]]}},{"type":"Feature","properties":{"leaid":"1302190","name":"Floyd County School District","kind":"Unified","gradeLow":"PK","gradeHigh":"12","state":"GA"},"geometry":{"type":"MultiPolygon","coordinates":[[[[-85.1077,34.5875],[-85.0692,34.5872],[-85.0693,34.575],[-85.0642,34.5749],[-85.0635,34.5425],[-85.09,34.5419],[-85.0901,34.4635],[-85.1114,34.4634],[-85.1123,34.4617],[-85.1022,34.4531],[-85.0998,34.449],[-85.1019,34.4463],[-85.1019,34.4444],[-85.0944,34.4401],[-85.0957,34.438],[-85.0922,34.4336],[-85.0933,34.4324],[-85.0883,34.4271],[-85.0902,34.4264],[-85.0888,34.4255],[-85.0895,34.4245],[-85.0991,34.4222],[-85.1061,34.4169],[-85.1074,34.4151],[-85.1076,34.4104],[-85.1038,34.4041],[-85.0868,34.4013],[-85.0317,34.4014],[-85.0317,34.3996],[-85.0269,34.3996],[-85.027,34.394],[-85.0239,34.3918],[-85.0206,34.3911],[-85.0189,34.3923],[-85.0058,34.3924],[-85.0052,34.3471],[-85.0231,34.3471],[-85.0239,34.2583],[-85.0155,34.2582],[-85.0156,34.2511],[-85.0239,34.2512],[-85.0238,34.2134],[-85.0447,34.2136],[-85.0469,34.0964],[-85.122,34.0967],[-85.1225,34.0831],[-85.1575,34.0835],[-85.1574,34.0973],[-85.21,34.0976],[-85.21,34.1003],[-85.2576,34.1007],[-85.2581,34.0791],[-85.4219,34.0808],[-85.4295,34.1251],[-85.4622,34.2864],[-85.3874,34.2861],[-85.3788,34.2962],[-85.379,34.2988],[-85.3824,34.3009],[-85.3828,34.3033],[-85.3771,34.3115],[-85.3753,34.3171],[-85.3732,34.319],[-85.3728,34.3226],[-85.3693,34.3264],[-85.3632,34.339],[-85.3606,34.3394],[-85.3537,34.3461],[-85.349,34.3537],[-85.3389,34.3638],[-85.3349,34.3697],[-85.3226,34.3757],[-85.3171,34.3765],[-85.3017,34.3827],[-85.2995,34.3847],[-85.2802,34.3895],[-85.2739,34.3938],[-85.2654,34.3956],[-85.2637,34.3987],[-85.2593,34.399],[-85.2522,34.4026],[-85.2492,34.4017],[-85.2491,34.4082],[-85.2414,34.4083],[-85.2413,34.4155],[-85.2224,34.4155],[-85.2223,34.4208],[-85.2146,34.4228],[-85.2151,34.4296],[-85.2047,34.4293],[-85.2028,34.4315],[-85.1805,34.436],[-85.1772,34.445],[-85.1701,34.4547],[-85.1629,34.4723],[-85.1591,34.4893],[-85.1566,34.4955],[-85.1522,34.5014],[-85.1476,34.515],[-85.1246,34.5509],[-85.1145,34.5748],[-85.1077,34.5875]],[[-85.2367,34.257],[-85.2353,34.2581],[-85.236,34.259],[-85.2373,34.258],[-85.2375,34.2591],[-85.2389,34.258],[-85.2388,34.2613],[-85.2379,34.2605],[-85.2346,34.2616],[-85.2353,34.2631],[-85.2301,34.2569],[-85.232,34.2569],[-85.232,34.2524],[-85.2372,34.2527],[-85.2366,34.256],[-85.2384,34.2558],[-85.2385,34.2525],[-85.2375,34.2525],[-85.2383,34.2497],[-85.2355,34.2497],[-85.2355,34.2486],[-85.2391,34.2485],[-85.2382,34.2479],[-85.2391,34.2478],[-85.2391,34.2453],[-85.2332,34.2446],[-85.2332,34.2431],[-85.2318,34.2431],[-85.2308,34.256],[-85.2186,34.257],[-85.2188,34.2621],[-85.2227,34.2605],[-85.224,34.2637],[-85.2212,34.2653],[-85.2159,34.2638],[-85.2179,34.2633],[-85.217,34.2591],[-85.2165,34.2618],[-85.2147,34.2624],[-85.2149,34.2641],[-85.2137,34.2646],[-85.2122,34.264],[-85.2137,34.2631],[-85.2135,34.2598],[-85.2117,34.2597],[-85.2117,34.2635],[-85.2005,34.2594],[-85.1984,34.2553],[-85.1956,34.2546],[-85.1933,34.2557],[-85.1938,34.2541],[-85.1969,34.2543],[-85.1961,34.2525],[-85.1993,34.2536],[-85.2022,34.2529],[-85.204,34.2565],[-85.2056,34.2566],[-85.2058,34.2538],[-85.2083,34.2538],[-85.2085,34.2472],[-85.2029,34.2494],[-85.2017,34.2515],[-85.2001,34.2505],[-85.2044,34.2465],[-85.2059,34.2472],[-85.2054,34.2458],[-85.2064,34.2458],[-85.2051,34.2442],[-85.1994,34.2459],[-85.1994,34.2402],[-85.2013,34.2416],[-85.202,34.2396],[-85.2036,34.2396],[-85.2011,34.2436],[-85.2019,34.2448],[-85.2023,34.2431],[-85.2057,34.2433],[-85.2058,34.242],[-85.2033,34.2416],[-85.2051,34.2409],[-85.2051,34.2391],[-85.2036,34.2395],[-85.2036,34.239],[-85.2076,34.2377],[-85.2042,34.2371],[-85.2036,34.239],[-85.2016,34.2388],[-85.2047,34.2345],[-85.2033,34.2333],[-85.2078,34.2313],[-85.2101,34.232],[-85.2085,34.2299],[-85.2122,34.2296],[-85.2127,34.2283],[-85.2103,34.2272],[-85.2086,34.228],[-85.2086,34.2259],[-85.2107,34.2262],[-85.2123,34.2235],[-85.2136,34.2265],[-85.2156,34.2232],[-85.2141,34.2203],[-85.2156,34.2182],[-85.2151,34.2156],[-85.2139,34.2196],[-85.2144,34.2162],[-85.2125,34.2154],[-85.2013,34.221],[-85.2003,34.2223],[-85.2035,34.223],[-85.2065,34.2262],[-85.2076,34.2307],[-85.202,34.233],[-85.1996,34.2383],[-85.2003,34.2397],[-85.1979,34.2383],[-85.193,34.2383],[-85.1921,34.2404],[-85.1944,34.2333],[-85.1984,34.2262],[-85.1994,34.2265],[-85.2,34.2253],[-85.1965,34.2228],[-85.1921,34.2277],[-85.1894,34.2277],[-85.1883,34.2229],[-85.1823,34.2202],[-85.1846,34.2177],[-85.1872,34.2184],[-85.1863,34.22],[-85.1888,34.2178],[-85.184,34.2169],[-85.1846,34.2158],[-85.1877,34.2161],[-85.1896,34.2136],[-85.1886,34.2135],[-85.1951,34.2019],[-85.1954,34.2047],[-85.197,34.2052],[-85.2011,34.1936],[-85.1968,34.1937],[-85.1873,34.2061],[-85.1836,34.2133],[-85.1797,34.207],[-85.1831,34.2068],[-85.1827,34.2017],[-85.1767,34.2018],[-85.1757,34.2058],[-85.176,34.2038],[-85.1739,34.2038],[-85.1751,34.2055],[-85.1681,34.2198],[-85.1681,34.2228],[-85.1699,34.2228],[-85.1633,34.2235],[-85.1625,34.2218],[-85.1613,34.2221],[-85.1611,34.2189],[-85.1641,34.2152],[-85.1652,34.2153],[-85.1654,34.213],[-85.1671,34.2133],[-85.1669,34.2114],[-85.1682,34.2111],[-85.1703,34.207],[-85.1693,34.2038],[-85.164,34.2045],[-85.1655,34.207],[-85.157,34.2075],[-85.1573,34.2058],[-85.1597,34.2058],[-85.1597,34.2048],[-85.1574,34.2048],[-85.1577,34.2025],[-85.1564,34.2025],[-85.1563,34.1924],[-85.1548,34.1946],[-85.1505,34.1945],[-85.1478,34.1954],[-85.1478,34.1932],[-85.1433,34.1941],[-85.1433,34.1893],[-85.1357,34.1874],[-85.1346,34.1874],[-85.134,34.1902],[-85.1301,34.1902],[-85.1291,34.1912],[-85.1295,34.1953],[-85.1286,34.1954],[-85.1298,34.1982],[-85.1308,34.1985],[-85.1334,34.1951],[-85.1347,34.1951],[-85.1351,34.1963],[-85.1336,34.1969],[-85.1328,34.1996],[-85.1356,34.1995],[-85.1345,34.1985],[-85.136,34.1964],[-85.136,34.1987],[-85.1375,34.1983],[-85.1365,34.1995],[-85.1414,34.1987],[-85.1434,34.1995],[-85.1428,34.1975],[-85.1397,34.198],[-85.1383,34.1961],[-85.1431,34.1971],[-85.1434,34.1954],[-85.1478,34.1961],[-85.1478,34.1995],[-85.1537,34.1996],[-85.1543,34.2041],[-85.1531,34.2058],[-85.155,34.2061],[-85.155,34.2085],[-85.1526,34.2084],[-85.1535,34.2078],[-85.1525,34.2075],[-85.1502,34.2083],[-85.152,34.2102],[-85.1526,34.2087],[-85.1551,34.2095],[-85.1535,34.2098],[-85.154,34.2118],[-85.1526,34.2111],[-85.1514,34.2137],[-85.1512,34.2119],[-85.1502,34.212],[-85.1499,34.2134],[-85.1482,34.2135],[-85.1494,34.2142],[-85.1464,34.2142],[-85.1463,34.2192],[-85.1484,34.2192],[-85.1481,34.2171],[-85.1531,34.2179],[-85.1538,34.2143],[-85.156,34.2143],[-85.1552,34.2186],[-85.1507,34.2181],[-85.1509,34.2225],[-85.1478,34.2222],[-85.1422,34.219],[-85.1422,34.2169],[-85.1345,34.2185],[-85.1349,34.2153],[-85.1328,34.2133],[-85.1311,34.2132],[-85.1316,34.2153],[-85.1332,34.2149],[-85.1317,34.218],[-85.1324,34.2191],[-85.1231,34.2159],[-85.1226,34.2179],[-85.12,34.2175],[-85.1198,34.2249],[-85.1173,34.2261],[-85.1168,34.2318],[-85.1136,34.2311],[-85.1135,34.2364],[-85.1123,34.2361],[-85.1122,34.2379],[-85.1135,34.2385],[-85.1133,34.2429],[-85.1153,34.2421],[-85.1167,34.2434],[-85.1156,34.2385],[-85.1168,34.2325],[-85.1263,34.2349],[-85.1314,34.2332],[-85.1329,34.23],[-85.1379,34.2296],[-85.1378,34.2265],[-85.1334,34.2257],[-85.1334,34.2226],[-85.1375,34.2226],[-85.1375,34.2207],[-85.1432,34.221],[-85.1433,34.2238],[-85.1422,34.2246],[-85.144,34.2246],[-85.145,34.2285],[-85.1471,34.2272],[-85.1531,34.2281],[-85.1531,34.2266],[-85.1546,34.2282],[-85.1539,34.2247],[-85.1572,34.2262],[-85.1587,34.2275],[-85.1573,34.2282],[-85.1574,34.2325],[-85.159,34.2327],[-85.159,34.2339],[-85.1561,34.2351],[-85.1487,34.2347],[-85.1483,34.2376],[-85.1454,34.2376],[-85.1475,34.2387],[-85.1457,34.2393],[-85.1455,34.242],[-85.1513,34.2417],[-85.1576,34.245],[-85.1576,34.2469],[-85.1555,34.2474],[-85.155,34.2488],[-85.152,34.2482],[-85.1515,34.2523],[-85.1448,34.2523],[-85.1439,34.2506],[-85.1376,34.2502],[-85.1401,34.2495],[-85.1407,34.2474],[-85.1381,34.2462],[-85.1399,34.2445],[-85.136,34.2446],[-85.1364,34.2463],[-85.1378,34.2463],[-85.1364,34.2469],[-85.1373,34.2493],[-85.1332,34.2499],[-85.1286,34.2487],[-85.1287,34.2444],[-85.1248,34.2444],[-85.123,34.2421],[-85.1226,34.2444],[-85.1196,34.2444],[-85.1195,34.2484],[-85.123,34.2485],[-85.1251,34.2512],[-85.1271,34.2506],[-85.1256,34.2521],[-85.1271,34.254],[-85.127,34.2521],[-85.1338,34.2522],[-85.134,34.2593],[-85.1329,34.2594],[-85.1341,34.2605],[-85.1308,34.2596],[-85.132,34.2577],[-85.1297,34.2587],[-85.1315,34.2605],[-85.1325,34.2608],[-85.1323,34.2637],[-85.1351,34.2638],[-85.1352,34.2665],[-85.1291,34.2674],[-85.1283,34.2718],[-85.1318,34.2718],[-85.1312,34.2707],[-85.1323,34.27],[-85.1351,34.2744],[-85.1382,34.2742],[-85.1412,34.2712],[-85.1419,34.2721],[-85.1422,34.2784],[-85.1389,34.2811],[-85.1337,34.2824],[-85.1315,34.2846],[-85.1334,34.2859],[-85.1325,34.2865],[-85.1309,34.2872],[-85.1304,34.2857],[-85.1284,34.2879],[-85.1284,34.2932],[-85.1375,34.294],[-85.1372,34.2949],[-85.1401,34.2973],[-85.1428,34.2958],[-85.1403,34.2926],[-85.1424,34.2915],[-85.1449,34.2947],[-85.1539,34.2896],[-85.1575,34.2904],[-85.1605,34.288],[-85.1632,34.2875],[-85.1668,34.2881],[-85.1674,34.2899],[-85.1704,34.2908],[-85.1713,34.2924],[-85.1703,34.2944],[-85.1716,34.2969],[-85.1745,34.2971],[-85.1743,34.2991],[-85.1669,34.2986],[-85.1661,34.3029],[-85.1637,34.3029],[-85.1629,34.3064],[-85.164,34.3078],[-85.1691,34.3088],[-85.1714,34.307],[-85.1699,34.3059],[-85.1706,34.3045],[-85.1723,34.3045],[-85.1723,34.3063],[-85.1749,34.3039],[-85.1813,34.3046],[-85.1814,34.3119],[-85.1742,34.3119],[-85.1752,34.316],[-85.1766,34.3165],[-85.1756,34.3165],[-85.1755,34.3167],[-85.1814,34.3171],[-85.1815,34.3235],[-85.1783,34.3229],[-85.1801,34.327],[-85.1822,34.3278],[-85.1809,34.3291],[-85.1821,34.3292],[-85.1823,34.3309],[-85.1813,34.3309],[-85.1823,34.3309],[-85.1823,34.3329],[-85.1801,34.3322],[-85.1801,34.3304],[-85.1719,34.3303],[-85.171,34.3335],[-85.1823,34.3331],[-85.181,34.3405],[-85.1799,34.3407],[-85.181,34.3407],[-85.181,34.345],[-85.1844,34.345],[-85.1844,34.349],[-85.1875,34.3479],[-85.1871,34.3567],[-85.2067,34.3568],[-85.2074,34.3308],[-85.2072,34.3281],[-85.1826,34.3237],[-85.1826,34.316],[-85.1788,34.3161],[-85.175,34.3145],[-85.1758,34.3131],[-85.1826,34.313],[-85.1826,34.3037],[-85.1806,34.3025],[-85.1807,34.2983],[-85.1774,34.2985],[-85.1819,34.2864],[-85.182,34.2798],[-85.1912,34.2799],[-85.1971,34.2843],[-85.1974,34.2884],[-85.1985,34.2881],[-85.1973,34.2901],[-85.1985,34.2906],[-85.2025,34.2891],[-85.2025,34.2848],[-85.2105,34.2877],[-85.2112,34.3004],[-85.2155,34.3024],[-85.2639,34.3028],[-85.2639,34.2993],[-85.2791,34.2993],[-85.279,34.2926],[-85.2715,34.2939],[-85.2701,34.2925],[-85.2701,34.2956],[-85.2611,34.2924],[-85.2612,34.2961],[-85.2481,34.2962],[-85.2482,34.293],[-85.249,34.294],[-85.2509,34.2925],[-85.2567,34.2924],[-85.2567,34.2904],[-85.2542,34.2885],[-85.2594,34.2848],[-85.261,34.2843],[-85.2611,34.2898],[-85.2599,34.2905],[-85.2611,34.2912],[-85.2636,34.2869],[-85.2666,34.2867],[-85.2666,34.2852],[-85.2685,34.2853],[-85.2684,34.2793],[-85.2787,34.2792],[-85.2787,34.2781],[-85.2763,34.2778],[-85.2787,34.2769],[-85.2727,34.2778],[-85.2727,34.277],[-85.2575,34.2763],[-85.2532,34.2784],[-85.2532,34.2819],[-85.2485,34.2819],[-85.2515,34.2818],[-85.2515,34.2789],[-85.248,34.2796],[-85.248,34.2716],[-85.2459,34.272],[-85.2456,34.2764],[-85.2416,34.2764],[-85.2416,34.2789],[-85.2387,34.2767],[-85.2366,34.2771],[-85.2371,34.2738],[-85.2386,34.2743],[-85.2386,34.2764],[-85.24,34.2764],[-85.2401,34.2721],[-85.2387,34.2709],[-85.2424,34.271],[-85.2425,34.2644],[-85.2541,34.2645],[-85.2528,34.2616],[-85.2495,34.2607],[-85.2494,34.2597],[-85.249,34.2607],[-85.2474,34.26],[-85.2473,34.2571],[-85.2367,34.257]],[[-85.2058,34.242],[-85.2085,34.2453],[-85.2085,34.2414],[-85.207,34.2413],[-85.2069,34.2397],[-85.2085,34.2384],[-85.2064,34.2384],[-85.2058,34.242]],[[-85.1311,34.2132],[-85.1341,34.2126],[-85.1342,34.2112],[-85.1329,34.2112],[-85.1329,34.2124],[-85.1317,34.2121],[-85.1343,34.2096],[-85.1315,34.209],[-85.1322,34.2067],[-85.1301,34.2067],[-85.1298,34.2141],[-85.1311,34.2132]],[[-85.2364,34.257],[-85.2361,34.2566],[-85.2356,34.257],[-85.236,34.2574],[-85.2364,34.257]]],[[[-85.1578,34.285],[-85.157,34.2861],[-85.1541,34.2839],[-85.1509,34.2843],[-85.1509,34.2821],[-85.1547,34.2821],[-85.1548,34.2813],[-85.1462,34.2802],[-85.1548,34.2804],[-85.1562,34.2782],[-85.1577,34.2793],[-85.1588,34.278],[-85.1601,34.279],[-85.1613,34.2779],[-85.1636,34.2787],[-85.1636,34.2811],[-85.1692,34.2796],[-85.1676,34.2822],[-85.1656,34.2813],[-85.1649,34.2841],[-85.1575,34.2869],[-85.1578,34.285]]],[[[-85.1509,34.195],[-85.1516,34.1946],[-85.1517,34.1949],[-85.1509,34.195]]],[[[-85.1763,34.3032],[-85.1758,34.3023],[-85.1764,34.3028],[-85.1763,34.3032]]],[[[-85.196,34.2251],[-85.1964,34.225],[-85.1958,34.2252],[-85.196,34.2251]]],[[[-85.199,34.2808],[-85.1989,34.2814],[-85.1987,34.2809],[-85.199,34.2808]]],[[[-85.2362,34.292],[-85.2357,34.293],[-85.2336,34.293],[-85.234,34.2916],[-85.2362,34.292]]],[[[-85.2362,34.292],[-85.237,34.2912],[-85.2388,34.291],[-85.2394,34.2899],[-85.2407,34.2905],[-85.24,34.2896],[-85.2416,34.2892],[-85.2419,34.2877],[-85.2449,34.2885],[-85.2449,34.2871],[-85.2436,34.2875],[-85.2452,34.286],[-85.2433,34.2873],[-85.2405,34.286],[-85.2412,34.2848],[-85.2392,34.2852],[-85.2381,34.2839],[-85.2374,34.287],[-85.2369,34.2857],[-85.236,34.2863],[-85.2371,34.2845],[-85.236,34.2834],[-85.2347,34.2845],[-85.2355,34.2866],[-85.233,34.2883],[-85.2338,34.2894],[-85.2312,34.289],[-85.2316,34.2906],[-85.2305,34.2898],[-85.2312,34.2907],[-85.2302,34.29],[-85.2303,34.291],[-85.2278,34.2913],[-85.2286,34.2922],[-85.2257,34.2937],[-85.2246,34.2923],[-85.2231,34.2923],[-85.2226,34.2931],[-85.2244,34.2928],[-85.2253,34.294],[-85.2222,34.2946],[-85.222,34.296],[-85.22,34.2945],[-85.2209,34.2939],[-85.22,34.2922],[-85.2229,34.2912],[-85.2241,34.2886],[-85.2256,34.2901],[-85.2264,34.2889],[-85.2266,34.2899],[-85.2282,34.2893],[-85.228,34.2869],[-85.2304,34.2878],[-85.2312,34.2864],[-85.2288,34.2868],[-85.2278,34.2842],[-85.23,34.2843],[-85.231,34.2827],[-85.2318,34.2836],[-85.2361,34.2828],[-85.2355,34.2814],[-85.2319,34.2804],[-85.2319,34.2778],[-85.2366,34.2804],[-85.2408,34.2806],[-85.2406,34.2827],[-85.2417,34.2831],[-85.2422,34.2807],[-85.2431,34.2832],[-85.2449,34.2816],[-85.2456,34.2833],[-85.2482,34.2829],[-85.2492,34.2836],[-85.2474,34.2848],[-85.2482,34.2871],[-85.2502,34.2859],[-85.2503,34.2845],[-85.2513,34.2848],[-85.2514,34.2864],[-85.2495,34.2864],[-85.2493,34.2881],[-85.2493,34.2873],[-85.2484,34.2873],[-85.2489,34.2886],[-85.2473,34.2904],[-85.248,34.2888],[-85.2458,34.2886],[-85.2465,34.2874],[-85.245,34.2893],[-85.2458,34.2909],[-85.2443,34.2911],[-85.2469,34.2912],[-85.2468,34.2925],[-85.2415,34.292],[-85.2394,34.2931],[-85.2391,34.2914],[-85.2384,34.2925],[-85.2362,34.292]],[[-85.2377,34.2915],[-85.2369,34.292],[-85.2377,34.292],[-85.2377,34.2915]]],[[[-85.2344,34.2644],[-85.2317,34.263],[-85.2297,34.2643],[-85.2279,34.2621],[-85.2317,34.2606],[-85.2344,34.2634],[-85.2344,34.2644]]]]}},{"type":"Feature","properties":{"leaid":"1304440","name":"Rome City School District","kind":"Unified","gradeLow":"PK","gradeHigh":"12","state":"GA"},"geometry":{"type":"MultiPolygon","coordinates":[[[[-85.2367,34.257],[-85.2473,34.2571],[-85.2474,34.26],[-85.249,34.2607],[-85.2494,34.2597],[-85.2495,34.2607],[-85.2528,34.2616],[-85.2541,34.2645],[-85.2425,34.2644],[-85.2424,34.271],[-85.2387,34.2709],[-85.2401,34.2721],[-85.24,34.2764],[-85.2386,34.2764],[-85.2386,34.2743],[-85.2371,34.2738],[-85.2366,34.2771],[-85.2387,34.2767],[-85.2416,34.2789],[-85.2416,34.2764],[-85.2456,34.2764],[-85.2459,34.272],[-85.248,34.2716],[-85.248,34.2796],[-85.2515,34.2789],[-85.2515,34.2818],[-85.2485,34.2819],[-85.2532,34.2819],[-85.2532,34.2784],[-85.2575,34.2763],[-85.2727,34.277],[-85.2727,34.2778],[-85.2787,34.2769],[-85.2763,34.2778],[-85.2787,34.2781],[-85.2787,34.2792],[-85.2684,34.2793],[-85.2685,34.2853],[-85.2666,34.2852],[-85.2666,34.2867],[-85.2636,34.2869],[-85.2611,34.2912],[-85.2599,34.2905],[-85.2611,34.2898],[-85.261,34.2843],[-85.2594,34.2848],[-85.2542,34.2885],[-85.2567,34.2904],[-85.2567,34.2924],[-85.2509,34.2925],[-85.249,34.294],[-85.2482,34.293],[-85.2481,34.2962],[-85.2612,34.2961],[-85.2611,34.2924],[-85.2701,34.2956],[-85.2701,34.2925],[-85.2715,34.2939],[-85.279,34.2926],[-85.2791,34.2993],[-85.2639,34.2993],[-85.2639,34.3028],[-85.2155,34.3024],[-85.2112,34.3004],[-85.2105,34.2877],[-85.2025,34.2848],[-85.2025,34.2891],[-85.1985,34.2906],[-85.1973,34.2901],[-85.1985,34.2881],[-85.1974,34.2884],[-85.1971,34.2843],[-85.1912,34.2799],[-85.182,34.2798],[-85.1819,34.2864],[-85.1774,34.2985],[-85.1807,34.2983],[-85.1806,34.3025],[-85.1826,34.3037],[-85.1826,34.313],[-85.1758,34.3131],[-85.175,34.3145],[-85.1788,34.3161],[-85.1826,34.316],[-85.1826,34.3237],[-85.2072,34.3281],[-85.2074,34.3308],[-85.2067,34.3568],[-85.1871,34.3567],[-85.1875,34.3479],[-85.1844,34.349],[-85.1844,34.345],[-85.181,34.345],[-85.181,34.3407],[-85.1799,34.3407],[-85.181,34.3405],[-85.1823,34.3331],[-85.171,34.3335],[-85.1719,34.3303],[-85.1801,34.3304],[-85.1801,34.3322],[-85.1823,34.3329],[-85.1823,34.3309],[-85.1813,34.3309],[-85.1823,34.3309],[-85.1821,34.3292],[-85.1809,34.3291],[-85.1822,34.3278],[-85.1801,34.327],[-85.1783,34.3229],[-85.1815,34.3235],[-85.1814,34.3171],[-85.1755,34.3167],[-85.1766,34.3165],[-85.1752,34.316],[-85.1742,34.3119],[-85.1814,34.3119],[-85.1813,34.3046],[-85.1749,34.3039],[-85.1723,34.3063],[-85.1723,34.3045],[-85.1706,34.3045],[-85.1699,34.3059],[-85.1714,34.307],[-85.1691,34.3088],[-85.164,34.3078],[-85.1629,34.3064],[-85.1637,34.3029],[-85.1661,34.3029],[-85.1669,34.2986],[-85.1743,34.2991],[-85.1745,34.2971],[-85.1716,34.2969],[-85.1703,34.2944],[-85.1713,34.2924],[-85.1704,34.2908],[-85.1674,34.2899],[-85.1668,34.2881],[-85.1632,34.2875],[-85.1605,34.288],[-85.1575,34.2904],[-85.1539,34.2896],[-85.1449,34.2947],[-85.1424,34.2915],[-85.1403,34.2926],[-85.1428,34.2958],[-85.1401,34.2973],[-85.1372,34.2949],[-85.1375,34.294],[-85.1284,34.2932],[-85.1284,34.2879],[-85.1304,34.2857],[-85.1309,34.2872],[-85.1325,34.2865],[-85.1334,34.2859],[-85.1315,34.2846],[-85.1337,34.2824],[-85.1389,34.2811],[-85.1422,34.2784],[-85.1419,34.2721],[-85.1412,34.2712],[-85.1382,34.2742],[-85.1351,34.2744],[-85.1323,34.27],[-85.1312,34.2707],[-85.1318,34.2718],[-85.1283,34.2718],[-85.1291,34.2674],[-85.1352,34.2665],[-85.1351,34.2638],[-85.1323,34.2637],[-85.1325,34.2608],[-85.1315,34.2605],[-85.1297,34.2587],[-85.132,34.2577],[-85.1308,34.2596],[-85.1341,34.2605],[-85.1329,34.2594],[-85.134,34.2593],[-85.1338,34.2522],[-85.127,34.2521],[-85.1271,34.254],[-85.1256,34.2521],[-85.1271,34.2506],[-85.1251,34.2512],[-85.123,34.2485],[-85.1195,34.2484],[-85.1196,34.2444],[-85.1226,34.2444],[-85.123,34.2421],[-85.1248,34.2444],[-85.1287,34.2444],[-85.1286,34.2487],[-85.1332,34.2499],[-85.1373,34.2493],[-85.1364,34.2469],[-85.1378,34.2463],[-85.1364,34.2463],[-85.136,34.2446],[-85.1399,34.2445],[-85.1381,34.2462],[-85.1407,34.2474],[-85.1401,34.2495],[-85.1376,34.2502],[-85.1439,34.2506],[-85.1448,34.2523],[-85.1515,34.2523],[-85.152,34.2482],[-85.155,34.2488],[-85.1555,34.2474],[-85.1576,34.2469],[-85.1576,34.245],[-85.1513,34.2417],[-85.1455,34.242],[-85.1457,34.2393],[-85.1475,34.2387],[-85.1454,34.2376],[-85.1483,34.2376],[-85.1487,34.2347],[-85.1561,34.2351],[-85.159,34.2339],[-85.159,34.2327],[-85.1574,34.2325],[-85.1573,34.2282],[-85.1587,34.2275],[-85.1572,34.2262],[-85.1539,34.2247],[-85.1546,34.2282],[-85.1531,34.2266],[-85.1531,34.2281],[-85.1471,34.2272],[-85.145,34.2285],[-85.144,34.2246],[-85.1422,34.2246],[-85.1433,34.2238],[-85.1432,34.221],[-85.1375,34.2207],[-85.1375,34.2226],[-85.1334,34.2226],[-85.1334,34.2257],[-85.1378,34.2265],[-85.1379,34.2296],[-85.1329,34.23],[-85.1314,34.2332],[-85.1263,34.2349],[-85.1168,34.2325],[-85.1156,34.2385],[-85.1167,34.2434],[-85.1153,34.2421],[-85.1133,34.2429],[-85.1135,34.2385],[-85.1122,34.2379],[-85.1123,34.2361],[-85.1135,34.2364],[-85.1136,34.2311],[-85.1168,34.2318],[-85.1173,34.2261],[-85.1198,34.2249],[-85.12,34.2175],[-85.1226,34.2179],[-85.1231,34.2159],[-85.1324,34.2191],[-85.1317,34.218],[-85.1332,34.2149],[-85.1316,34.2153],[-85.1311,34.2132],[-85.1328,34.2133],[-85.1349,34.2153],[-85.1345,34.2185],[-85.1422,34.2169],[-85.1422,34.219],[-85.1478,34.2222],[-85.1509,34.2225],[-85.1507,34.2181],[-85.1552,34.2186],[-85.156,34.2143],[-85.1538,34.2143],[-85.1531,34.2179],[-85.1481,34.2171],[-85.1484,34.2192],[-85.1463,34.2192],[-85.1464,34.2142],[-85.1494,34.2142],[-85.1482,34.2135],[-85.1499,34.2134],[-85.1502,34.212],[-85.1512,34.2119],[-85.1514,34.2137],[-85.1526,34.2111],[-85.154,34.2118],[-85.1535,34.2098],[-85.1551,34.2095],[-85.1526,34.2087],[-85.152,34.2102],[-85.1502,34.2083],[-85.1525,34.2075],[-85.1535,34.2078],[-85.1526,34.2084],[-85.155,34.2085],[-85.155,34.2061],[-85.1531,34.2058],[-85.1543,34.2041],[-85.1537,34.1996],[-85.1478,34.1995],[-85.1478,34.1961],[-85.1434,34.1954],[-85.1431,34.1971],[-85.1383,34.1961],[-85.1397,34.198],[-85.1428,34.1975],[-85.1434,34.1995],[-85.1414,34.1987],[-85.1365,34.1995],[-85.1375,34.1983],[-85.136,34.1987],[-85.136,34.1964],[-85.1345,34.1985],[-85.1356,34.1995],[-85.1328,34.1996],[-85.1336,34.1969],[-85.1351,34.1963],[-85.1347,34.1951],[-85.1334,34.1951],[-85.1308,34.1985],[-85.1298,34.1982],[-85.1286,34.1954],[-85.1295,34.1953],[-85.1291,34.1912],[-85.1301,34.1902],[-85.134,34.1902],[-85.1346,34.1874],[-85.1357,34.1874],[-85.1433,34.1893],[-85.1433,34.1941],[-85.1478,34.1932],[-85.1478,34.1954],[-85.1505,34.1945],[-85.1548,34.1946],[-85.1563,34.1924],[-85.1564,34.2025],[-85.1577,34.2025],[-85.1574,34.2048],[-85.1597,34.2048],[-85.1597,34.2058],[-85.1573,34.2058],[-85.157,34.2075],[-85.1655,34.207],[-85.164,34.2045],[-85.1693,34.2038],[-85.1703,34.207],[-85.1682,34.2111],[-85.1669,34.2114],[-85.1671,34.2133],[-85.1654,34.213],[-85.1652,34.2153],[-85.1641,34.2152],[-85.1611,34.2189],[-85.1613,34.2221],[-85.1625,34.2218],[-85.1633,34.2235],[-85.1699,34.2228],[-85.1681,34.2228],[-85.1681,34.2198],[-85.1751,34.2055],[-85.1739,34.2038],[-85.176,34.2038],[-85.1757,34.2058],[-85.1767,34.2018],[-85.1827,34.2017],[-85.1831,34.2068],[-85.1797,34.207],[-85.1836,34.2133],[-85.1873,34.2061],[-85.1968,34.1937],[-85.2011,34.1936],[-85.197,34.2052],[-85.1954,34.2047],[-85.1951,34.2019],[-85.1886,34.2135],[-85.1896,34.2136],[-85.1877,34.2161],[-85.1846,34.2158],[-85.184,34.2169],[-85.1888,34.2178],[-85.1863,34.22],[-85.1872,34.2184],[-85.1846,34.2177],[-85.1823,34.2202],[-85.1883,34.2229],[-85.1894,34.2277],[-85.1921,34.2277],[-85.1965,34.2228],[-85.2,34.2253],[-85.1994,34.2265],[-85.1984,34.2262],[-85.1944,34.2333],[-85.1921,34.2404],[-85.193,34.2383],[-85.1979,34.2383],[-85.2003,34.2397],[-85.1996,34.2383],[-85.202,34.233],[-85.2076,34.2307],[-85.2065,34.2262],[-85.2035,34.223],[-85.2003,34.2223],[-85.2013,34.221],[-85.2125,34.2154],[-85.2144,34.2162],[-85.2139,34.2196],[-85.2151,34.2156],[-85.2156,34.2182],[-85.2141,34.2203],[-85.2156,34.2232],[-85.2136,34.2265],[-85.2123,34.2235],[-85.2107,34.2262],[-85.2086,34.2259],[-85.2086,34.228],[-85.2103,34.2272],[-85.2127,34.2283],[-85.2122,34.2296],[-85.2085,34.2299],[-85.2101,34.232],[-85.2078,34.2313],[-85.2033,34.2333],[-85.2047,34.2345],[-85.2016,34.2388],[-85.2036,34.239],[-85.2042,34.2371],[-85.2076,34.2377],[-85.2036,34.239],[-85.2051,34.2391],[-85.2051,34.2409],[-85.2033,34.2416],[-85.2058,34.242],[-85.2057,34.2433],[-85.2023,34.2431],[-85.2019,34.2448],[-85.2011,34.2436],[-85.2036,34.2396],[-85.202,34.2396],[-85.2013,34.2416],[-85.1994,34.2402],[-85.1994,34.2459],[-85.2051,34.2442],[-85.2064,34.2458],[-85.2054,34.2458],[-85.2059,34.2472],[-85.2044,34.2465],[-85.2001,34.2505],[-85.2017,34.2515],[-85.2029,34.2494],[-85.2085,34.2472],[-85.2083,34.2538],[-85.2058,34.2538],[-85.2056,34.2566],[-85.204,34.2565],[-85.2022,34.2529],[-85.1993,34.2536],[-85.1961,34.2525],[-85.1969,34.2543],[-85.1938,34.2541],[-85.1933,34.2557],[-85.1956,34.2546],[-85.1984,34.2553],[-85.2005,34.2594],[-85.2117,34.2635],[-85.2117,34.2597],[-85.2135,34.2598],[-85.2137,34.2631],[-85.2122,34.264],[-85.2137,34.2646],[-85.2149,34.2641],[-85.2147,34.2624],[-85.2165,34.2618],[-85.217,34.2591],[-85.2179,34.2633],[-85.2159,34.2638],[-85.2212,34.2653],[-85.224,34.2637],[-85.2227,34.2605],[-85.2188,34.2621],[-85.2186,34.257],[-85.2308,34.256],[-85.2318,34.2431],[-85.2332,34.2431],[-85.2332,34.2446],[-85.2391,34.2453],[-85.2391,34.2478],[-85.2382,34.2479],[-85.2391,34.2485],[-85.2355,34.2486],[-85.2355,34.2497],[-85.2383,34.2497],[-85.2375,34.2525],[-85.2385,34.2525],[-85.2384,34.2558],[-85.2366,34.256],[-85.2372,34.2527],[-85.232,34.2524],[-85.232,34.2569],[-85.2301,34.2569],[-85.2353,34.2631],[-85.2346,34.2616],[-85.2379,34.2605],[-85.2388,34.2613],[-85.2389,34.258],[-85.2375,34.2591],[-85.2373,34.258],[-85.236,34.259],[-85.2353,34.2581],[-85.2367,34.257]],[[-85.1632,34.2786],[-85.1613,34.2779],[-85.1601,34.279],[-85.1588,34.278],[-85.1577,34.2793],[-85.1562,34.2782],[-85.1548,34.2804],[-85.1462,34.2807],[-85.1548,34.2813],[-85.1547,34.2821],[-85.1509,34.2821],[-85.1509,34.2843],[-85.1541,34.2839],[-85.157,34.2861],[-85.1577,34.285],[-85.1575,34.2869],[-85.1649,34.2841],[-85.1656,34.2813],[-85.1676,34.2822],[-85.1692,34.2796],[-85.1636,34.2811],[-85.1632,34.2786]],[[-85.1509,34.195],[-85.1516,34.1946],[-85.1509,34.1947],[-85.1509,34.195]],[[-85.1755,34.3029],[-85.1764,34.3026],[-85.1758,34.3023],[-85.1755,34.3029]],[[-85.1962,34.2253],[-85.1964,34.225],[-85.1958,34.2252],[-85.1962,34.2253]],[[-85.199,34.2813],[-85.1987,34.2809],[-85.1992,34.2817],[-85.199,34.2813]],[[-85.2362,34.292],[-85.2384,34.2925],[-85.2391,34.2914],[-85.2394,34.2931],[-85.2415,34.292],[-85.2468,34.2925],[-85.2469,34.2912],[-85.2453,34.2917],[-85.2443,34.2911],[-85.2458,34.2909],[-85.245,34.2893],[-85.2465,34.2874],[-85.2458,34.2886],[-85.248,34.2888],[-85.2473,34.2904],[-85.2489,34.2886],[-85.2484,34.2873],[-85.2493,34.2881],[-85.2495,34.2864],[-85.2514,34.2864],[-85.2513,34.2848],[-85.2503,34.2845],[-85.2502,34.2859],[-85.2482,34.2871],[-85.2474,34.2848],[-85.2492,34.2836],[-85.2482,34.2829],[-85.2456,34.2833],[-85.2449,34.2816],[-85.2431,34.2832],[-85.2422,34.2807],[-85.2417,34.2831],[-85.2406,34.2827],[-85.2408,34.2806],[-85.2366,34.2804],[-85.2319,34.2778],[-85.2319,34.2804],[-85.2355,34.2814],[-85.2361,34.2828],[-85.2318,34.2836],[-85.231,34.2827],[-85.23,34.2843],[-85.2278,34.2842],[-85.2288,34.2868],[-85.2312,34.2864],[-85.2304,34.2878],[-85.228,34.2869],[-85.2282,34.2893],[-85.2266,34.2899],[-85.2269,34.2892],[-85.2264,34.2889],[-85.2256,34.2901],[-85.2241,34.2886],[-85.2229,34.2912],[-85.22,34.2922],[-85.2209,34.2939],[-85.22,34.2945],[-85.222,34.296],[-85.2222,34.2946],[-85.2253,34.294],[-85.2244,34.2928],[-85.2226,34.2931],[-85.2231,34.2923],[-85.2246,34.2923],[-85.2257,34.2937],[-85.2286,34.2922],[-85.2278,34.2913],[-85.2303,34.291],[-85.2302,34.29],[-85.2312,34.2907],[-85.2305,34.2898],[-85.2316,34.2906],[-85.2312,34.289],[-85.2338,34.2894],[-85.233,34.2883],[-85.2355,34.2866],[-85.2347,34.2845],[-85.236,34.2834],[-85.2371,34.2845],[-85.236,34.2863],[-85.2369,34.2857],[-85.2374,34.287],[-85.2381,34.2839],[-85.2392,34.2852],[-85.2412,34.2848],[-85.2405,34.286],[-85.2433,34.2873],[-85.2441,34.2862],[-85.2452,34.286],[-85.2436,34.2875],[-85.2449,34.2871],[-85.2449,34.2885],[-85.2419,34.2877],[-85.2416,34.2892],[-85.24,34.2896],[-85.2407,34.2905],[-85.2394,34.2899],[-85.2388,34.291],[-85.237,34.2912],[-85.2362,34.292]],[[-85.2359,34.292],[-85.234,34.2916],[-85.2336,34.293],[-85.2357,34.293],[-85.2359,34.292]],[[-85.2344,34.2644],[-85.2317,34.2606],[-85.2279,34.2621],[-85.2297,34.2643],[-85.2317,34.263],[-85.2344,34.2644]]],[[[-85.2361,34.2566],[-85.2364,34.257],[-85.236,34.2574],[-85.2356,34.257],[-85.2361,34.2566]]],[[[-85.1311,34.2132],[-85.1298,34.2141],[-85.1301,34.2067],[-85.1322,34.2067],[-85.1315,34.209],[-85.1343,34.2096],[-85.1317,34.2121],[-85.1342,34.2112],[-85.1341,34.2126],[-85.1311,34.2132]]],[[[-85.2058,34.242],[-85.2064,34.2384],[-85.2085,34.2384],[-85.2069,34.2397],[-85.207,34.2413],[-85.2085,34.2414],[-85.2085,34.2453],[-85.2058,34.242]]],[[[-85.2369,34.292],[-85.2377,34.2915],[-85.2377,34.292],[-85.2369,34.292]]]]}},{"type":"Feature","properties":{"leaid":"1302220","name":"Forsyth County School District","kind":"Unified","gradeLow":"PK","gradeHigh":"12","state":"GA"},"geometry":{"type":"Polygon","coordinates":[[[-83.9571,34.334],[-83.9528,34.331],[-83.9455,34.3292],[-83.9466,34.3267],[-83.9458,34.3242],[-83.9507,34.3231],[-83.9534,34.3176],[-83.9426,34.302],[-83.9468,34.2976],[-83.941,34.2918],[-83.9397,34.2927],[-83.9396,34.2988],[-83.9365,34.2994],[-83.9315,34.2981],[-83.9317,34.2964],[-83.9363,34.2947],[-83.9346,34.287],[-83.9322,34.285],[-83.9311,34.2863],[-83.9318,34.2907],[-83.9283,34.2898],[-83.9256,34.2864],[-83.9268,34.2801],[-83.9426,34.2748],[-83.9533,34.269],[-83.954,34.2669],[-83.9505,34.2619],[-83.9536,34.2532],[-83.9501,34.2479],[-83.9494,34.2405],[-83.961,34.2327],[-83.9718,34.2281],[-83.9724,34.226],[-83.9703,34.2227],[-83.9646,34.2215],[-83.9663,34.2166],[-83.9679,34.2152],[-83.9784,34.2136],[-83.9848,34.2002],[-83.9891,34.1957],[-83.9944,34.1937],[-84.0027,34.1958],[-84.0069,34.1923],[-84.0115,34.191],[-84.0231,34.1948],[-84.0299,34.1953],[-84.039,34.1943],[-84.0487,34.1912],[-84.0589,34.182],[-84.059,34.1769],[-84.0624,34.1682],[-84.0754,34.1629],[-84.0761,34.1581],[-84.0861,34.1477],[-84.0851,34.1434],[-84.0859,34.1418],[-84.0916,34.1344],[-84.0948,34.1322],[-84.0933,34.1262],[-84.0976,34.1228],[-84.098,34.1188],[-84.1016,34.1164],[-84.1016,34.1051],[-84.1101,34.098],[-84.1099,34.0925],[-84.1138,34.0852],[-84.1133,34.0766],[-84.1179,34.0674],[-84.1178,34.0653],[-84.115,34.0652],[-84.1113,34.0626],[-84.1069,34.0553],[-84.1004,34.0533],[-84.0977,34.0507],[-84.1172,34.0513],[-84.1332,34.0571],[-84.1436,34.0554],[-84.1592,34.0627],[-84.1629,34.0664],[-84.1776,34.0699],[-84.1843,34.079],[-84.1856,34.0826],[-84.1912,34.0867],[-84.1998,34.09],[-84.206,34.0907],[-84.2138,34.0991],[-84.2212,34.1004],[-84.2252,34.0979],[-84.2305,34.0966],[-84.2336,34.0985],[-84.2354,34.1013],[-84.2416,34.1015],[-84.2502,34.1046],[-84.2541,34.1043],[-84.2553,34.108],[-84.259,34.1096],[-84.2581,34.3352],[-83.9571,34.334]]]}},{"type":"Feature","properties":{"leaid":"1302250","name":"Franklin County School District","kind":"Unified","gradeLow":"PK","gradeHigh":"12","state":"GA"},"geometry":{"type":"Polygon","coordinates":[[[-83.0516,34.4937],[-83.0942,34.4159],[-83.1071,34.3447],[-83.0947,34.347],[-83.1059,34.2789],[-83.1727,34.2385],[-83.1804,34.2399],[-83.1947,34.247],[-83.2003,34.247],[-83.2028,34.2483],[-83.209,34.244],[-83.214,34.2431],[-83.2142,34.2455],[-83.2165,34.2465],[-83.2241,34.2438],[-83.227,34.2458],[-83.2342,34.2466],[-83.2367,34.2481],[-83.239,34.2464],[-83.2374,34.2419],[-83.2409,34.2418],[-83.2462,34.2447],[-83.2499,34.245],[-83.2507,34.2434],[-83.2521,34.2467],[-83.2547,34.2476],[-83.2652,34.2472],[-83.2676,34.2487],[-83.2733,34.249],[-83.2753,34.2501],[-83.2764,34.2544],[-83.2865,34.2533],[-83.2897,34.2596],[-83.293,34.2627],[-83.2957,34.2626],[-83.2976,34.2646],[-83.3083,34.2588],[-83.3135,34.2592],[-83.3139,34.2545],[-83.3196,34.2526],[-83.3244,34.2488],[-83.3284,34.2488],[-83.3364,34.2383],[-83.3445,34.2362],[-83.3502,34.2261],[-83.3524,34.224],[-83.3553,34.2237],[-83.3507,34.2348],[-83.347,34.2381],[-83.3432,34.2391],[-83.3441,34.2456],[-83.341,34.249],[-83.3413,34.252],[-83.3379,34.2616],[-83.3939,34.3248],[-83.3871,34.3795],[-83.38,34.404],[-83.3797,34.4107],[-83.3823,34.4287],[-83.387,34.4352],[-83.3903,34.4451],[-83.398,34.4596],[-83.3967,34.4606],[-83.398,34.461],[-83.3731,34.4702],[-83.1778,34.477],[-83.1037,34.5366],[-83.103,34.5328],[-83.1017,34.532],[-83.0975,34.5315],[-83.0927,34.5329],[-83.0847,34.5307],[-83.0778,34.5242],[-83.0864,34.5181],[-83.0872,34.5161],[-83.0792,34.5141],[-83.0763,34.5076],[-83.0688,34.5019],[-83.0654,34.5011],[-83.058,34.5037],[-83.0543,34.5028],[-83.0531,34.5013],[-83.0533,34.4964],[-83.0516,34.4937]]]}},{"type":"Feature","properties":{"leaid":"1302310","name":"Gainesville City School District","kind":"Unified","gradeLow":"PK","gradeHigh":"12","state":"GA"},"geometry":{"type":"MultiPolygon","coordinates":[[[[-83.8374,34.2806],[-83.8381,34.2818],[-83.839,34.2803],[-83.838,34.2791],[-83.8372,34.2796],[-83.8357,34.2792],[-83.8375,34.2792],[-83.8375,34.2774],[-83.8402,34.2799],[-83.8387,34.2859],[-83.8395,34.2865],[-83.8416,34.2861],[-83.8413,34.2843],[-83.8422,34.2859],[-83.8415,34.2829],[-83.8434,34.284],[-83.8424,34.2844],[-83.8426,34.2858],[-83.8449,34.2817],[-83.8474,34.2833],[-83.8466,34.282],[-83.8494,34.2804],[-83.8478,34.2794],[-83.8445,34.281],[-83.8408,34.2766],[-83.8477,34.2732],[-83.8469,34.2708],[-83.849,34.2719],[-83.8542,34.2792],[-83.8547,34.2776],[-83.8534,34.276],[-83.8557,34.2751],[-83.8566,34.2767],[-83.857,34.2764],[-83.8555,34.2745],[-83.8577,34.2731],[-83.8589,34.2753],[-83.8603,34.2725],[-83.862,34.2724],[-83.8611,34.2711],[-83.8633,34.2701],[-83.8635,34.2714],[-83.8674,34.2695],[-83.8647,34.2666],[-83.8613,34.266],[-83.8604,34.2651],[-83.8633,34.2658],[-83.867,34.264],[-83.8657,34.2621],[-83.8705,34.2594],[-83.8718,34.261],[-83.8681,34.2628],[-83.8704,34.2632],[-83.8702,34.2652],[-83.8708,34.2662],[-83.8717,34.2657],[-83.8706,34.2631],[-83.8721,34.2628],[-83.875,34.2664],[-83.8771,34.2668],[-83.8735,34.2574],[-83.8687,34.2565],[-83.8667,34.2535],[-83.862,34.2557],[-83.8586,34.2537],[-83.858,34.2518],[-83.8536,34.2551],[-83.8523,34.2532],[-83.858,34.2488],[-83.8611,34.2527],[-83.8638,34.2509],[-83.8613,34.2475],[-83.865,34.245],[-83.8679,34.2491],[-83.8697,34.2486],[-83.8706,34.246],[-83.8713,34.2471],[-83.873,34.2457],[-83.8685,34.2421],[-83.8686,34.2418],[-83.8731,34.2456],[-83.8757,34.2434],[-83.8761,34.2448],[-83.8814,34.2434],[-83.8841,34.2458],[-83.8791,34.2516],[-83.8784,34.2569],[-83.8747,34.2573],[-83.8756,34.2592],[-83.8781,34.2593],[-83.8809,34.2619],[-83.8807,34.2679],[-83.8842,34.2662],[-83.8826,34.2739],[-83.884,34.2744],[-83.8824,34.2748],[-83.8847,34.2768],[-83.8795,34.2791],[-83.8799,34.2803],[-83.8915,34.2812],[-83.888,34.277],[-83.8875,34.2755],[-83.8894,34.2745],[-83.8878,34.2721],[-83.8905,34.2707],[-83.8923,34.2732],[-83.8961,34.2714],[-83.8996,34.2798],[-83.8928,34.284],[-83.8949,34.2871],[-83.8919,34.2887],[-83.8962,34.289],[-83.8972,34.292],[-83.8906,34.2934],[-83.8857,34.2879],[-83.8846,34.2893],[-83.8824,34.2887],[-83.8787,34.2904],[-83.8795,34.293],[-83.8763,34.2929],[-83.8749,34.2909],[-83.8755,34.2902],[-83.8742,34.2901],[-83.873,34.2932],[-83.8713,34.2908],[-83.8717,34.2885],[-83.8705,34.289],[-83.8685,34.2862],[-83.8693,34.2853],[-83.8677,34.2848],[-83.87,34.2837],[-83.865,34.2822],[-83.8668,34.2805],[-83.8652,34.2799],[-83.8663,34.278],[-83.8647,34.2773],[-83.8628,34.279],[-83.8635,34.2825],[-83.8652,34.2828],[-83.8643,34.2838],[-83.8619,34.2845],[-83.8601,34.2835],[-83.8614,34.2822],[-83.8606,34.2819],[-83.8544,34.2812],[-83.8535,34.2821],[-83.8526,34.2808],[-83.8504,34.2838],[-83.8512,34.2849],[-83.8496,34.2835],[-83.8491,34.2848],[-83.8475,34.2842],[-83.8463,34.287],[-83.8478,34.289],[-83.8499,34.2887],[-83.8518,34.2916],[-83.8537,34.2915],[-83.8509,34.2939],[-83.8551,34.2946],[-83.8589,34.2926],[-83.861,34.2948],[-83.8618,34.2924],[-83.8627,34.2927],[-83.8629,34.2898],[-83.8597,34.2876],[-83.8645,34.2859],[-83.8656,34.292],[-83.8694,34.2931],[-83.8682,34.2942],[-83.8659,34.2922],[-83.8644,34.2951],[-83.8659,34.2971],[-83.8721,34.2968],[-83.8781,34.3002],[-83.8805,34.3004],[-83.8803,34.305],[-83.8724,34.3047],[-83.8695,34.3004],[-83.8664,34.3024],[-83.8653,34.3016],[-83.8637,34.3024],[-83.8647,34.3038],[-83.864,34.3049],[-83.8648,34.3056],[-83.8656,34.3027],[-83.8685,34.3031],[-83.8678,34.3057],[-83.8638,34.3076],[-83.8655,34.3107],[-83.8667,34.3088],[-83.8709,34.3083],[-83.8732,34.3131],[-83.8682,34.314],[-83.8712,34.3146],[-83.8683,34.3161],[-83.8744,34.3172],[-83.8832,34.3238],[-83.8829,34.3249],[-83.889,34.3273],[-83.889,34.329],[-83.8865,34.329],[-83.8864,34.3278],[-83.8835,34.3288],[-83.8811,34.3253],[-83.8821,34.3242],[-83.8736,34.3173],[-83.8679,34.3162],[-83.8661,34.317],[-83.8696,34.3178],[-83.8694,34.3208],[-83.8671,34.322],[-83.8657,34.321],[-83.8674,34.3196],[-83.8663,34.3179],[-83.8625,34.3197],[-83.8637,34.3175],[-83.8607,34.3175],[-83.8595,34.3152],[-83.8593,34.3173],[-83.8576,34.317],[-83.8575,34.3199],[-83.8556,34.3161],[-83.8577,34.3154],[-83.8595,34.3127],[-83.8588,34.3117],[-83.8532,34.319],[-83.8573,34.3257],[-83.8561,34.3317],[-83.8572,34.3328],[-83.8666,34.3328],[-83.8667,34.3471],[-83.8715,34.3472],[-83.8721,34.3496],[-83.8774,34.3485],[-83.8777,34.3508],[-83.8817,34.3507],[-83.8817,34.3572],[-83.8892,34.3568],[-83.8821,34.3597],[-83.8808,34.3597],[-83.8808,34.3578],[-83.8792,34.3578],[-83.8792,34.3597],[-83.8746,34.3601],[-83.8755,34.3616],[-83.8737,34.3614],[-83.8743,34.36],[-83.8697,34.3594],[-83.8665,34.3627],[-83.8651,34.3585],[-83.86,34.3603],[-83.8577,34.3586],[-83.8588,34.3579],[-83.8564,34.3577],[-83.8586,34.3557],[-83.8566,34.3555],[-83.8558,34.354],[-83.8516,34.3565],[-83.852,34.3539],[-83.8412,34.3541],[-83.8428,34.3509],[-83.8424,34.3491],[-83.8455,34.3477],[-83.8443,34.3471],[-83.8432,34.3419],[-83.8399,34.3419],[-83.839,34.346],[-83.8369,34.3478],[-83.8352,34.347],[-83.8347,34.3437],[-83.8329,34.3419],[-83.8273,34.3415],[-83.8269,34.3396],[-83.824,34.3382],[-83.8254,34.3409],[-83.8237,34.3417],[-83.8261,34.3437],[-83.8251,34.3449],[-83.8224,34.3431],[-83.8224,34.3453],[-83.8242,34.3465],[-83.8221,34.3466],[-83.8242,34.3519],[-83.8254,34.3524],[-83.8242,34.3525],[-83.8208,34.3447],[-83.8136,34.337],[-83.8129,34.3381],[-83.8096,34.3378],[-83.8086,34.3364],[-83.8095,34.3348],[-83.8135,34.3359],[-83.8136,34.3306],[-83.8123,34.3294],[-83.8135,34.3289],[-83.8112,34.3251],[-83.8094,34.3247],[-83.8115,34.3268],[-83.8103,34.3276],[-83.812,34.3292],[-83.8102,34.3325],[-83.8117,34.333],[-83.8099,34.3339],[-83.8095,34.3323],[-83.8068,34.3324],[-83.8064,34.3339],[-83.805,34.3321],[-83.8032,34.3319],[-83.8052,34.3258],[-83.8019,34.3276],[-83.8025,34.3284],[-83.7971,34.3297],[-83.7972,34.3272],[-83.7998,34.3261],[-83.7974,34.3251],[-83.8013,34.3248],[-83.7994,34.3211],[-83.7996,34.3227],[-83.798,34.3231],[-83.798,34.3212],[-83.794,34.3221],[-83.794,34.3229],[-83.795,34.3231],[-83.7933,34.3262],[-83.795,34.3277],[-83.7943,34.3296],[-83.7919,34.3308],[-83.7882,34.3375],[-83.7808,34.3439],[-83.7845,34.3452],[-83.7882,34.3483],[-83.7878,34.3515],[-83.7869,34.3524],[-83.7853,34.3529],[-83.7837,34.3522],[-83.7846,34.3533],[-83.7835,34.3538],[-83.7817,34.3523],[-83.7758,34.356],[-83.773,34.3532],[-83.7705,34.3527],[-83.7757,34.3456],[-83.7811,34.3418],[-83.784,34.3354],[-83.7824,34.3336],[-83.7811,34.3353],[-83.7812,34.3337],[-83.7787,34.3325],[-83.7702,34.3326],[-83.7669,34.3292],[-83.7664,34.3265],[-83.767,34.3275],[-83.7725,34.3261],[-83.7731,34.3286],[-83.7745,34.3267],[-83.7774,34.327],[-83.7827,34.3313],[-83.7861,34.3267],[-83.7905,34.3164],[-83.7923,34.3155],[-83.7915,34.3177],[-83.793,34.3206],[-83.7948,34.3189],[-83.7926,34.3174],[-83.7939,34.3119],[-83.7972,34.3107],[-83.7951,34.3102],[-83.796,34.3087],[-83.7997,34.3123],[-83.8013,34.3118],[-83.8023,34.3093],[-83.8048,34.3104],[-83.8044,34.3073],[-83.806,34.3072],[-83.806,34.304],[-83.8073,34.3032],[-83.8049,34.3008],[-83.8075,34.2979],[-83.8059,34.2957],[-83.8073,34.2929],[-83.8048,34.2929],[-83.8027,34.291],[-83.8014,34.2929],[-83.8009,34.292],[-83.8026,34.2902],[-83.8017,34.2893],[-83.8005,34.2906],[-83.8012,34.289],[-83.7999,34.2882],[-83.7988,34.2896],[-83.8004,34.2906],[-83.7989,34.2927],[-83.7963,34.2898],[-83.798,34.2869],[-83.7897,34.2818],[-83.7872,34.2815],[-83.7866,34.2826],[-83.788,34.2832],[-83.7842,34.2868],[-83.786,34.2928],[-83.7845,34.2926],[-83.7831,34.2944],[-83.7925,34.2966],[-83.7915,34.2993],[-83.794,34.3014],[-83.7882,34.3086],[-83.7847,34.3099],[-83.7859,34.3119],[-83.7834,34.3122],[-83.7837,34.3134],[-83.7818,34.3144],[-83.7788,34.314],[-83.7818,34.3128],[-83.7848,34.3075],[-83.7808,34.3057],[-83.7806,34.3075],[-83.7822,34.3075],[-83.7822,34.3081],[-83.7797,34.3087],[-83.7783,34.3072],[-83.7747,34.3096],[-83.7746,34.3112],[-83.7731,34.3123],[-83.7737,34.3104],[-83.7724,34.3106],[-83.7724,34.3098],[-83.774,34.3095],[-83.7672,34.3042],[-83.7652,34.3047],[-83.7641,34.3014],[-83.7617,34.3002],[-83.7626,34.2975],[-83.7599,34.2978],[-83.7629,34.2962],[-83.7619,34.2943],[-83.7581,34.2946],[-83.7537,34.2917],[-83.7558,34.2914],[-83.7595,34.2835],[-83.762,34.2832],[-83.7577,34.2731],[-83.759,34.2672],[-83.7619,34.2643],[-83.7598,34.2614],[-83.7619,34.2613],[-83.7636,34.2649],[-83.7665,34.2648],[-83.7659,34.2661],[-83.7672,34.2657],[-83.7694,34.2684],[-83.7728,34.2679],[-83.7761,34.2732],[-83.7791,34.2749],[-83.7751,34.2739],[-83.7735,34.2697],[-83.7675,34.271],[-83.7698,34.2783],[-83.7655,34.2799],[-83.7675,34.282],[-83.7658,34.283],[-83.7627,34.2824],[-83.7642,34.2835],[-83.7627,34.2866],[-83.7635,34.2884],[-83.7705,34.2879],[-83.7709,34.2867],[-83.7746,34.2875],[-83.7774,34.2822],[-83.7833,34.2791],[-83.7844,34.2804],[-83.7844,34.2789],[-83.7862,34.281],[-83.7905,34.2805],[-83.791,34.2822],[-83.7966,34.2858],[-83.7974,34.2848],[-83.7996,34.2862],[-83.8003,34.2854],[-83.7982,34.2841],[-83.8,34.2826],[-83.7986,34.2817],[-83.8009,34.2799],[-83.7995,34.2761],[-83.8008,34.2755],[-83.8005,34.2743],[-83.7988,34.2742],[-83.7997,34.2778],[-83.7953,34.2757],[-83.7953,34.2741],[-83.7893,34.2724],[-83.7828,34.2685],[-83.7801,34.2696],[-83.7812,34.2723],[-83.7795,34.27],[-83.78,34.269],[-83.7818,34.2686],[-83.7802,34.2575],[-83.7851,34.256],[-83.7878,34.2511],[-83.7798,34.25],[-83.7817,34.2488],[-83.7834,34.2447],[-83.7758,34.2447],[-83.7792,34.2415],[-83.7787,34.2392],[-83.7803,34.2376],[-83.7784,34.2334],[-83.7797,34.2308],[-83.7838,34.2291],[-83.7882,34.2405],[-83.795,34.2477],[-83.7971,34.2461],[-83.798,34.247],[-83.7968,34.2501],[-83.7992,34.2513],[-83.799,34.255],[-83.802,34.2569],[-83.803,34.2592],[-83.8019,34.2607],[-83.8043,34.2607],[-83.8056,34.2628],[-83.8069,34.2625],[-83.8081,34.2665],[-83.814,34.2632],[-83.8155,34.2648],[-83.816,34.2683],[-83.8054,34.2682],[-83.8057,34.2666],[-83.8037,34.2661],[-83.8029,34.2675],[-83.8039,34.2681],[-83.8035,34.2703],[-83.8055,34.2735],[-83.8073,34.2741],[-83.8101,34.2822],[-83.8128,34.2862],[-83.8116,34.2875],[-83.8133,34.2886],[-83.8141,34.2871],[-83.816,34.2881],[-83.8191,34.2864],[-83.8193,34.2851],[-83.82,34.2858],[-83.8216,34.2821],[-83.8259,34.284],[-83.8276,34.2826],[-83.8283,34.2832],[-83.8285,34.2817],[-83.8323,34.281],[-83.83,34.2782],[-83.8284,34.281],[-83.8274,34.2794],[-83.8255,34.2803],[-83.821,34.276],[-83.8183,34.2781],[-83.8185,34.2769],[-83.8171,34.2769],[-83.8187,34.2755],[-83.8176,34.2748],[-83.8198,34.2745],[-83.8207,34.276],[-83.8181,34.2697],[-83.8195,34.2696],[-83.8183,34.2659],[-83.8151,34.2628],[-83.8155,34.2612],[-83.8173,34.2612],[-83.8184,34.2567],[-83.8161,34.2511],[-83.8111,34.2461],[-83.8158,34.2429],[-83.8167,34.2449],[-83.8145,34.2455],[-83.8167,34.2498],[-83.8173,34.2475],[-83.82,34.2456],[-83.8185,34.2439],[-83.8206,34.2422],[-83.8202,34.2392],[-83.8228,34.2368],[-83.8245,34.2325],[-83.8239,34.229],[-83.8249,34.2262],[-83.8253,34.2242],[-83.8284,34.2212],[-83.8313,34.2244],[-83.833,34.2233],[-83.8382,34.2265],[-83.8483,34.2213],[-83.8483,34.2245],[-83.8525,34.2246],[-83.8516,34.2269],[-83.8525,34.2288],[-83.8582,34.2288],[-83.8564,34.2356],[-83.8614,34.2368],[-83.8622,34.2388],[-83.8581,34.241],[-83.8558,34.2388],[-83.8536,34.24],[-83.8551,34.2407],[-83.8563,34.2396],[-83.8616,34.245],[-83.8465,34.2572],[-83.8449,34.2521],[-83.8458,34.2498],[-83.8412,34.2494],[-83.8386,34.2514],[-83.8416,34.256],[-83.8391,34.2554],[-83.8387,34.2563],[-83.8406,34.2558],[-83.8421,34.2577],[-83.844,34.2578],[-83.8459,34.2563],[-83.8464,34.2574],[-83.8354,34.2724],[-83.8359,34.2734],[-83.8369,34.2724],[-83.8373,34.2723],[-83.8376,34.2723],[-83.8379,34.2724],[-83.8348,34.2758],[-83.8366,34.2763],[-83.8346,34.276],[-83.831,34.2792],[-83.8357,34.2814],[-83.8374,34.2806]],[[-83.7785,34.2941],[-83.78,34.2962],[-83.7815,34.2963],[-83.7797,34.2936],[-83.7785,34.2941]],[[-83.7826,34.3405],[-83.7804,34.3436],[-83.7834,34.341],[-83.7826,34.3405]],[[-83.7871,34.3327],[-83.7843,34.3352],[-83.7832,34.3389],[-83.785,34.3396],[-83.7903,34.3333],[-83.7882,34.3344],[-83.7871,34.3327]],[[-83.7852,34.351],[-83.7868,34.3522],[-83.7855,34.3507],[-83.7852,34.351]],[[-83.7883,34.33],[-83.793,34.3255],[-83.7932,34.3217],[-83.7886,34.322],[-83.7897,34.3247],[-83.787,34.3258],[-83.7883,34.33]],[[-83.799,34.2876],[-83.7983,34.2871],[-83.7982,34.2873],[-83.799,34.2876]],[[-83.8006,34.2851],[-83.8006,34.2839],[-83.7998,34.2845],[-83.8006,34.2851]],[[-83.8093,34.2884],[-83.8065,34.2888],[-83.8053,34.2876],[-83.8026,34.29],[-83.8044,34.2892],[-83.8051,34.292],[-83.807,34.2927],[-83.8093,34.2884]],[[-83.8059,34.2871],[-83.8065,34.2876],[-83.8064,34.286],[-83.8059,34.2871]],[[-83.8094,34.2984],[-83.8089,34.2991],[-83.8095,34.2984],[-83.8094,34.2984]],[[-83.8166,34.3309],[-83.8172,34.3302],[-83.8142,34.3297],[-83.815,34.3302],[-83.8137,34.3336],[-83.8185,34.3326],[-83.8166,34.3309]],[[-83.8153,34.3365],[-83.8155,34.3376],[-83.8161,34.3373],[-83.8153,34.3365]],[[-83.8226,34.3309],[-83.8225,34.329],[-83.8222,34.3312],[-83.8249,34.3322],[-83.8246,34.3306],[-83.8226,34.3309]],[[-83.8334,34.284],[-83.8361,34.2869],[-83.8386,34.2831],[-83.8365,34.2828],[-83.8344,34.2832],[-83.8321,34.2842],[-83.8334,34.284]],[[-83.8334,34.285],[-83.8334,34.2845],[-83.8331,34.2847],[-83.8334,34.285]],[[-83.834,34.3285],[-83.8333,34.33],[-83.8347,34.3296],[-83.834,34.3285]],[[-83.8448,34.325],[-83.842,34.3261],[-83.8424,34.3274],[-83.8405,34.326],[-83.8418,34.328],[-83.8448,34.325]],[[-83.8452,34.2888],[-83.843,34.2909],[-83.8458,34.2896],[-83.8452,34.2888]],[[-83.8457,34.3242],[-83.8462,34.3245],[-83.8463,34.3242],[-83.8457,34.3242]],[[-83.8458,34.2496],[-83.8492,34.2436],[-83.8511,34.242],[-83.8491,34.2437],[-83.8458,34.2496]],[[-83.8477,34.294],[-83.8462,34.2934],[-83.8471,34.2942],[-83.8477,34.294]],[[-83.847,34.2946],[-83.8478,34.2952],[-83.8486,34.295],[-83.8479,34.2942],[-83.847,34.2946]],[[-83.8531,34.2803],[-83.8532,34.2809],[-83.8535,34.2806],[-83.8531,34.2803]],[[-83.8619,34.306],[-83.8605,34.3082],[-83.8613,34.3094],[-83.8633,34.3081],[-83.8619,34.306]],[[-83.8694,34.2773],[-83.8681,34.2788],[-83.8704,34.2793],[-83.8711,34.2807],[-83.8698,34.2809],[-83.871,34.2825],[-83.8733,34.282],[-83.8734,34.2783],[-83.8702,34.2783],[-83.8719,34.2764],[-83.8707,34.2756],[-83.8718,34.2749],[-83.8716,34.2723],[-83.8691,34.2735],[-83.8678,34.2695],[-83.863,34.272],[-83.863,34.274],[-83.861,34.2742],[-83.8634,34.2763],[-83.8657,34.2751],[-83.8694,34.2773]],[[-83.8647,34.3099],[-83.8637,34.3096],[-83.8639,34.3102],[-83.8647,34.3099]],[[-83.8665,34.3112],[-83.8665,34.3132],[-83.8677,34.3131],[-83.8665,34.3112]],[[-83.8734,34.2762],[-83.8741,34.2767],[-83.8741,34.2762],[-83.8734,34.2762]],[[-83.8741,34.277],[-83.8734,34.2774],[-83.8741,34.2778],[-83.8741,34.277]],[[-83.8736,34.2743],[-83.8744,34.2737],[-83.8739,34.2736],[-83.8736,34.2743]],[[-83.8906,34.2876],[-83.8922,34.2869],[-83.8915,34.2859],[-83.8899,34.2867],[-83.8906,34.2876]]],[[[-83.8375,34.2806],[-83.8379,34.2795],[-83.8383,34.2798],[-83.8375,34.2806]]],[[[-83.7851,34.3204],[-83.7814,34.318],[-83.7815,34.3164],[-83.7833,34.3155],[-83.7845,34.3173],[-83.7874,34.3175],[-83.7878,34.3199],[-83.7851,34.3204]]],[[[-83.7909,34.3569],[-83.7906,34.3553],[-83.7932,34.3545],[-83.7917,34.353],[-83.7897,34.354],[-83.7943,34.3515],[-83.7951,34.3538],[-83.7925,34.356],[-83.7946,34.3554],[-83.794,34.3573],[-83.7909,34.3569]]],[[[-83.7947,34.323],[-83.7952,34.3221],[-83.7953,34.3231],[-83.7947,34.323]]],[[[-83.8197,34.2382],[-83.8152,34.2388],[-83.8131,34.2367],[-83.8095,34.2362],[-83.8089,34.2335],[-83.8036,34.2314],[-83.8076,34.2291],[-83.8076,34.2277],[-83.8159,34.228],[-83.816,34.2259],[-83.8193,34.2256],[-83.8252,34.2222],[-83.8237,34.2291],[-83.8244,34.2324],[-83.8224,34.2369],[-83.8201,34.2386],[-83.82,34.2425],[-83.8185,34.2404],[-83.8197,34.2382]]],[[[-83.8166,34.2653],[-83.8159,34.2637],[-83.8169,34.265],[-83.8166,34.2653]]],[[[-83.8324,34.2788],[-83.8337,34.2772],[-83.8343,34.2779],[-83.8341,34.2788],[-83.8324,34.2788]]],[[[-83.834,34.2837],[-83.8347,34.2836],[-83.8343,34.284],[-83.834,34.2837]]],[[[-83.8388,34.2732],[-83.838,34.2723],[-83.8392,34.2693],[-83.8442,34.2618],[-83.8472,34.2639],[-83.8502,34.2611],[-83.8526,34.2637],[-83.8512,34.2645],[-83.8529,34.2664],[-83.8516,34.2671],[-83.8523,34.2684],[-83.8553,34.2672],[-83.8554,34.2655],[-83.8539,34.265],[-83.8548,34.2645],[-83.8591,34.2647],[-83.8543,34.268],[-83.8564,34.2711],[-83.8544,34.2727],[-83.8544,34.2697],[-83.853,34.2703],[-83.8512,34.2691],[-83.8514,34.2703],[-83.8491,34.2719],[-83.8499,34.268],[-83.8468,34.2697],[-83.8444,34.2663],[-83.8431,34.2665],[-83.8433,34.2652],[-83.8422,34.2654],[-83.8417,34.2678],[-83.8441,34.2678],[-83.8434,34.2688],[-83.8405,34.2685],[-83.8418,34.2698],[-83.8399,34.2696],[-83.8391,34.2714],[-83.8405,34.2721],[-83.8388,34.2732]]],[[[-83.8449,34.261],[-83.8458,34.2592],[-83.8466,34.2592],[-83.8465,34.2603],[-83.8449,34.261]]],[[[-83.8595,34.2428],[-83.8627,34.2402],[-83.8675,34.2409],[-83.8629,34.2407],[-83.8595,34.2428]]],[[[-83.8611,34.2472],[-83.8643,34.2441],[-83.8648,34.2446],[-83.8611,34.2472]]],[[[-83.8622,34.2307],[-83.8624,34.2305],[-83.8623,34.2307],[-83.8622,34.2307]]],[[[-83.8643,34.3603],[-83.8639,34.3594],[-83.8648,34.3602],[-83.8643,34.3603]]],[[[-83.868,34.2418],[-83.8681,34.2414],[-83.8684,34.242],[-83.868,34.2418]]],[[[-83.8876,34.246],[-83.8852,34.2461],[-83.8796,34.2413],[-83.8849,34.2382],[-83.8884,34.242],[-83.8878,34.2461],[-83.8905,34.2475],[-83.8903,34.2481],[-83.889,34.2476],[-83.8894,34.2472],[-83.8878,34.2464],[-83.8876,34.246]]],[[[-83.8844,34.2671],[-83.8862,34.2699],[-83.8863,34.2742],[-83.883,34.2739],[-83.8844,34.2671]]],[[[-83.8929,34.2508],[-83.8906,34.2477],[-83.8928,34.2502],[-83.8936,34.2444],[-83.8986,34.2493],[-83.8967,34.2487],[-83.8929,34.2508]]]]}},{"type":"Feature","properties":{"leaid":"1304500","name":"Screven County School District","kind":"Unified","gradeLow":"PK","gradeHigh":"12","state":"GA"},"geometry":{"type":"Polygon","coordinates":[[[-81.4051,32.745],[-81.407,32.7407],[-81.4137,32.738],[-81.4116,32.7339],[-81.4121,32.7326],[-81.4185,32.7326],[-81.4168,32.7288],[-81.4178,32.7251],[-81.4156,32.7235],[-81.4106,32.7233],[-81.41,32.7219],[-81.4203,32.7211],[-81.4203,32.7196],[-81.4158,32.7159],[-81.4151,32.7137],[-81.4167,32.7123],[-81.4212,32.712],[-81.4224,32.7096],[-81.4259,32.71],[-81.4265,32.709],[-81.4244,32.7081],[-81.4241,32.7063],[-81.4275,32.7019],[-81.4267,32.7009],[-81.4214,32.7005],[-81.4178,32.6956],[-81.4136,32.6955],[-81.4124,32.6921],[-81.4105,32.6925],[-81.4109,32.6969],[-81.409,32.6966],[-81.4057,32.6899],[-81.407,32.6856],[-81.4013,32.6802],[-81.401,32.6775],[-81.4043,32.6678],[-81.3972,32.6614],[-81.4003,32.6585],[-81.4033,32.6595],[-81.4054,32.6629],[-81.4072,32.6605],[-81.4053,32.6565],[-81.3994,32.6568],[-81.3938,32.6535],[-81.393,32.6515],[-81.4036,32.6434],[-81.4126,32.6415],[-81.4118,32.6394],[-81.4042,32.6383],[-81.4027,32.637],[-81.4073,32.6317],[-81.4103,32.6314],[-81.4129,32.6367],[-81.4148,32.6374],[-81.4184,32.6347],[-81.4187,32.6294],[-81.4131,32.6248],[-81.4119,32.6184],[-81.4075,32.6166],[-81.4065,32.613],[-81.3938,32.6023],[-81.3892,32.5954],[-81.5386,32.5091],[-81.548,32.4893],[-81.5496,32.492],[-81.5547,32.4925],[-81.5571,32.4965],[-81.56,32.4955],[-81.5598,32.4964],[-81.5626,32.4976],[-81.5619,32.4987],[-81.563,32.4998],[-81.5617,32.5015],[-81.5667,32.5016],[-81.5708,32.506],[-81.5741,32.5059],[-81.574,32.5083],[-81.5785,32.5125],[-81.5878,32.5124],[-81.5948,32.5092],[-81.5955,32.508],[-81.5934,32.5078],[-81.5934,32.5066],[-81.5988,32.5074],[-81.5999,32.5092],[-81.6053,32.511],[-81.6038,32.5121],[-81.6061,32.5132],[-81.6063,32.5146],[-81.6087,32.5133],[-81.6115,32.5145],[-81.6125,32.5138],[-81.6126,32.5163],[-81.6164,32.5157],[-81.6183,32.5231],[-81.6175,32.525],[-81.6289,32.5241],[-81.6301,32.5263],[-81.6288,32.5286],[-81.6327,32.5302],[-81.6333,32.5292],[-81.6394,32.5325],[-81.6417,32.5318],[-81.6412,32.5292],[-81.6464,32.5288],[-81.6481,32.5275],[-81.6506,32.5316],[-81.6545,32.5315],[-81.6534,32.5345],[-81.6565,32.5399],[-81.6594,32.5398],[-81.6598,32.5368],[-81.6616,32.5371],[-81.6658,32.5388],[-81.6644,32.5404],[-81.6662,32.5442],[-81.6688,32.5433],[-81.6754,32.5445],[-81.6757,32.5472],[-81.6776,32.5484],[-81.6838,32.5492],[-81.6861,32.5485],[-81.6877,32.5461],[-81.6896,32.5463],[-81.6926,32.5497],[-81.6961,32.5511],[-81.6952,32.5523],[-81.6993,32.5564],[-81.7034,32.5583],[-81.7028,32.5614],[-81.708,32.5658],[-81.7121,32.5656],[-81.7132,32.5634],[-81.714,32.5646],[-81.7194,32.5657],[-81.7193,32.5671],[-81.7238,32.5718],[-81.7271,32.5722],[-81.7266,32.5735],[-81.7295,32.5738],[-81.7325,32.5763],[-81.7325,32.5793],[-81.7345,32.5808],[-81.7333,32.5858],[-81.7417,32.5879],[-81.7412,32.59],[-81.7461,32.5916],[-81.7486,32.5978],[-81.7502,32.5966],[-81.7548,32.5992],[-81.7539,32.6014],[-81.7547,32.6022],[-81.758,32.6015],[-81.7603,32.6024],[-81.7605,32.6006],[-81.7615,32.6006],[-81.7664,32.6045],[-81.7684,32.6081],[-81.7711,32.6092],[-81.7736,32.6091],[-81.7724,32.607],[-81.7738,32.607],[-81.784,32.6152],[-81.7846,32.6172],[-81.7828,32.6191],[-81.7831,32.6205],[-81.7885,32.6226],[-81.7913,32.6274],[-81.7938,32.6285],[-81.7974,32.6262],[-81.799,32.6272],[-81.8012,32.6303],[-81.798,32.6318],[-81.8007,32.6342],[-81.8003,32.6357],[-81.8029,32.6373],[-81.8004,32.6406],[-81.802,32.6432],[-81.8072,32.644],[-81.8102,32.6474],[-81.811,32.6463],[-81.8131,32.6468],[-81.8134,32.6457],[-81.816,32.6476],[-81.8193,32.6467],[-81.827,32.6506],[-81.826,32.6521],[-81.8289,32.653],[-81.8343,32.6534],[-81.835,32.6523],[-81.838,32.6521],[-81.8365,32.6509],[-81.8392,32.6495],[-81.8457,32.6496],[-81.8474,32.6522],[-81.8483,32.6511],[-81.8528,32.653],[-81.8544,32.6565],[-81.8582,32.6571],[-81.8577,32.6586],[-81.8607,32.6585],[-81.8659,32.6629],[-81.8672,32.6662],[-81.8661,32.6685],[-81.8649,32.668],[-81.8649,32.6706],[-81.8658,32.6711],[-81.8667,32.6698],[-81.8687,32.6732],[-81.8662,32.6747],[-81.8679,32.6812],[-81.7677,32.9094],[-81.5418,33.0457],[-81.5388,33.0392],[-81.5355,33.0385],[-81.5291,33.0408],[-81.5285,33.0356],[-81.5227,33.0308],[-81.5196,33.0292],[-81.5112,33.0278],[-81.5106,33.0258],[-81.5117,33.0245],[-81.5191,33.0232],[-81.5184,33.0216],[-81.5161,33.0208],[-81.5103,33.0212],[-81.5082,33.0175],[-81.5084,33.0155],[-81.5116,33.0124],[-81.5107,33.0103],[-81.5082,33.0105],[-81.5067,33.0151],[-81.5041,33.0163],[-81.4987,33.0113],[-81.4923,33.0093],[-81.4914,33.0081],[-81.4919,33.0067],[-81.4988,33.0051],[-81.5006,33.0025],[-81.4988,33.0002],[-81.4915,32.9986],[-81.4912,32.9967],[-81.4923,32.9935],[-81.4963,32.9902],[-81.4942,32.9857],[-81.4957,32.9827],[-81.4947,32.979],[-81.4978,32.973],[-81.4998,32.9638],[-81.5025,32.9628],[-81.5061,32.9641],[-81.5088,32.9694],[-81.5112,32.968],[-81.5086,32.9526],[-81.4994,32.945],[-81.5027,32.9387],[-81.501,32.9335],[-81.4951,32.9316],[-81.4921,32.9278],[-81.4832,32.9218],[-81.4844,32.9188],[-81.4873,32.9179],[-81.4876,32.9164],[-81.487,32.9148],[-81.4813,32.9146],[-81.48,32.9134],[-81.4814,32.9089],[-81.4792,32.9042],[-81.4808,32.8986],[-81.4755,32.8967],[-81.4721,32.8938],[-81.4706,32.895],[-81.4718,32.8985],[-81.4708,32.9009],[-81.4677,32.9009],[-81.4641,32.8978],[-81.4682,32.8933],[-81.4662,32.8891],[-81.4717,32.8904],[-81.4764,32.888],[-81.4794,32.8811],[-81.4759,32.8776],[-81.4704,32.8763],[-81.468,32.8767],[-81.4671,32.8806],[-81.4651,32.8809],[-81.4606,32.8752],[-81.4529,32.873],[-81.4514,32.8672],[-81.4534,32.8638],[-81.453,32.8596],[-81.4569,32.8526],[-81.4556,32.8465],[-81.4602,32.8474],[-81.4607,32.846],[-81.4527,32.8441],[-81.4512,32.8479],[-81.4436,32.8506],[-81.4423,32.8486],[-81.4429,32.8458],[-81.4404,32.8411],[-81.4372,32.8405],[-81.4348,32.8435],[-81.4329,32.8435],[-81.4265,32.8408],[-81.4216,32.8352],[-81.4206,32.8312],[-81.4218,32.8293],[-81.4302,32.8278],[-81.4225,32.8229],[-81.422,32.8215],[-81.423,32.8197],[-81.428,32.8194],[-81.4271,32.8169],[-81.4244,32.8162],[-81.4206,32.8187],[-81.418,32.8182],[-81.4213,32.8121],[-81.4238,32.8105],[-81.4264,32.8107],[-81.4224,32.8025],[-81.4269,32.8022],[-81.4283,32.8008],[-81.4263,32.7989],[-81.4252,32.7942],[-81.4199,32.7949],[-81.4197,32.7932],[-81.4277,32.7876],[-81.4221,32.7856],[-81.4228,32.7834],[-81.4264,32.7827],[-81.43,32.7852],[-81.4312,32.7841],[-81.4301,32.7818],[-81.4248,32.7787],[-81.4162,32.7798],[-81.4145,32.7781],[-81.4174,32.7733],[-81.4299,32.7721],[-81.4315,32.7715],[-81.4319,32.7689],[-81.4189,32.7676],[-81.4168,32.7653],[-81.4189,32.7611],[-81.4178,32.7602],[-81.4146,32.7642],[-81.4121,32.7639],[-81.414,32.7554],[-81.4111,32.7549],[-81.4086,32.7566],[-81.4082,32.7558],[-81.4116,32.7531],[-81.4167,32.7533],[-81.4191,32.7515],[-81.4197,32.7492],[-81.4179,32.7478],[-81.4059,32.7491],[-81.4051,32.745]]]}},{"type":"Feature","properties":{"leaid":"1302280","name":"Fulton County School District","kind":"Unified","gradeLow":"PK","gradeHigh":"12","state":"GA"},"geometry":{"type":"MultiPolygon","coordinates":[[[[-84.5152,33.7839],[-84.5069,33.7834],[-84.5152,33.773],[-84.5153,33.7625],[-84.5248,33.7626],[-84.5249,33.7577],[-84.535,33.7578],[-84.535,33.7513],[-84.5403,33.7482],[-84.5375,33.7464],[-84.5375,33.7445],[-84.5353,33.7445],[-84.5356,33.7385],[-84.5254,33.7377],[-84.5258,33.7334],[-84.5242,33.7323],[-84.5245,33.7306],[-84.5239,33.7315],[-84.5237,33.73],[-84.5214,33.7301],[-84.5213,33.7289],[-84.5211,33.7315],[-84.5176,33.7314],[-84.5143,33.7265],[-84.5136,33.7291],[-84.5088,33.7321],[-84.5084,33.7396],[-84.5057,33.7394],[-84.5058,33.7316],[-84.5022,33.7316],[-84.5022,33.7239],[-84.4964,33.725],[-84.4964,33.7216],[-84.5057,33.7231],[-84.506,33.717],[-84.5036,33.7169],[-84.5059,33.7163],[-84.506,33.713],[-84.5124,33.7132],[-84.5163,33.7139],[-84.5147,33.7174],[-84.5082,33.717],[-84.5079,33.7193],[-84.5141,33.7199],[-84.5139,33.7221],[-84.5176,33.7221],[-84.5187,33.7206],[-84.5191,33.7221],[-84.5229,33.7221],[-84.5228,33.7258],[-84.523,33.7242],[-84.5242,33.7242],[-84.5242,33.7258],[-84.5272,33.7262],[-84.5277,33.7345],[-84.5279,33.7327],[-84.5357,33.7347],[-84.5411,33.7335],[-84.5398,33.7283],[-84.5508,33.7284],[-84.5506,33.7202],[-84.5434,33.7202],[-84.5435,33.7222],[-84.5393,33.7222],[-84.5392,33.7272],[-84.5365,33.726],[-84.5353,33.706],[-84.5365,33.706],[-84.5361,33.7089],[-84.5455,33.7093],[-84.5451,33.7027],[-84.5464,33.7011],[-84.5451,33.7016],[-84.5451,33.6975],[-84.5473,33.6976],[-84.5475,33.6937],[-84.5453,33.6936],[-84.5456,33.6808],[-84.5356,33.6806],[-84.5356,33.6732],[-84.5259,33.6731],[-84.5258,33.6641],[-84.5288,33.6624],[-84.5287,33.6592],[-84.5259,33.6589],[-84.5259,33.6569],[-84.5218,33.6569],[-84.5216,33.6558],[-84.5163,33.6563],[-84.5065,33.6542],[-84.5065,33.6663],[-84.4922,33.6661],[-84.4919,33.6739],[-84.4866,33.6744],[-84.4863,33.6907],[-84.4825,33.691],[-84.4824,33.6932],[-84.4771,33.6931],[-84.477,33.6978],[-84.4614,33.6977],[-84.456,33.6994],[-84.4497,33.6983],[-84.4497,33.7057],[-84.4431,33.7056],[-84.4431,33.701],[-84.4293,33.6997],[-84.4296,33.6974],[-84.4153,33.6972],[-84.4155,33.6922],[-84.4168,33.6922],[-84.4169,33.6814],[-84.4151,33.6813],[-84.4151,33.6788],[-84.4155,33.6775],[-84.4181,33.677],[-84.4181,33.6731],[-84.3979,33.6729],[-84.3978,33.6687],[-84.395,33.6593],[-84.396,33.6545],[-84.397,33.6532],[-84.3997,33.6531],[-84.3993,33.6483],[-84.419,33.6488],[-84.419,33.6556],[-84.4215,33.6572],[-84.4206,33.6589],[-84.4269,33.659],[-84.4269,33.6575],[-84.4284,33.6575],[-84.4284,33.6488],[-84.4458,33.6488],[-84.4458,33.6467],[-84.4484,33.6467],[-84.4483,33.6411],[-84.4531,33.6411],[-84.4531,33.6489],[-84.4579,33.6489],[-84.4587,33.5509],[-84.5306,33.5351],[-84.5316,33.5359],[-84.5317,33.5348],[-84.5942,33.5194],[-84.5977,33.5143],[-84.6038,33.5128],[-84.6066,33.5105],[-84.6076,33.5067],[-84.6066,33.5049],[-84.6094,33.5026],[-84.6211,33.5031],[-84.6213,33.5113],[-84.67,33.5115],[-84.6723,33.5097],[-84.6724,33.511],[-84.6899,33.5116],[-84.8512,33.5111],[-84.8445,33.5148],[-84.8281,33.5134],[-84.8184,33.5184],[-84.8149,33.522],[-84.8153,33.5245],[-84.8214,33.5309],[-84.8261,33.5401],[-84.8312,33.5435],[-84.8332,33.5471],[-84.828,33.5536],[-84.8249,33.5632],[-84.8102,33.5719],[-84.8062,33.5859],[-84.7958,33.5963],[-84.7867,33.6008],[-84.7756,33.6097],[-84.7623,33.6152],[-84.7515,33.6318],[-84.7471,33.6306],[-84.7425,33.624],[-84.7384,33.6233],[-84.7353,33.625],[-84.7325,33.629],[-84.7297,33.6369],[-84.7146,33.6429],[-84.7102,33.6467],[-84.6875,33.6505],[-84.6748,33.6564],[-84.6617,33.6569],[-84.6573,33.6586],[-84.6547,33.6616],[-84.6519,33.6679],[-84.6539,33.6755],[-84.6521,33.6843],[-84.648,33.686],[-84.6405,33.684],[-84.6321,33.6884],[-84.6303,33.6928],[-84.6329,33.699],[-84.6317,33.701],[-84.6214,33.7044],[-84.6152,33.71],[-84.6075,33.7133],[-84.6026,33.7199],[-84.6018,33.724],[-84.5995,33.7263],[-84.5937,33.7294],[-84.5861,33.7294],[-84.579,33.7429],[-84.5728,33.7459],[-84.5549,33.7611],[-84.5388,33.7703],[-84.5308,33.7823],[-84.5152,33.7905],[-84.5152,33.7839]]],[[[-84.3286,34.1862],[-84.2587,34.1859],[-84.259,34.1096],[-84.2553,34.108],[-84.2541,34.1043],[-84.2502,34.1046],[-84.2416,34.1015],[-84.2354,34.1013],[-84.2333,34.0982],[-84.2303,34.0966],[-84.2212,34.1004],[-84.2138,34.0991],[-84.206,34.0907],[-84.1998,34.09],[-84.1912,34.0867],[-84.1856,34.0826],[-84.1843,34.079],[-84.1776,34.0699],[-84.1629,34.0664],[-84.1592,34.0627],[-84.1436,34.0554],[-84.1329,34.057],[-84.1178,34.0514],[-84.0977,34.05],[-84.1006,34.0473],[-84.1053,34.046],[-84.1119,34.042],[-84.1166,34.0362],[-84.1228,34.0335],[-84.1428,34.0297],[-84.1532,34.0307],[-84.1571,34.0324],[-84.1621,34.0296],[-84.169,34.0284],[-84.1751,34.0209],[-84.18,34.0065],[-84.1809,33.9987],[-84.1858,33.9941],[-84.1927,33.9908],[-84.2044,33.9897],[-84.205,33.9919],[-84.2016,33.9941],[-84.2021,33.997],[-84.2129,34.0039],[-84.2273,34.0041],[-84.238,33.9999],[-84.2483,33.9983],[-84.2497,33.9962],[-84.2498,33.9921],[-84.2541,33.9864],[-84.2567,33.986],[-84.2609,33.9877],[-84.2632,33.9864],[-84.2616,33.9765],[-84.2628,33.9737],[-84.2581,33.9682],[-84.2676,33.9638],[-84.273,33.958],[-84.2748,33.9575],[-84.2758,33.959],[-84.2805,33.956],[-84.2941,33.9597],[-84.3006,33.9594],[-84.3133,33.9654],[-84.3201,33.9674],[-84.3265,33.9675],[-84.3369,33.9709],[-84.3462,33.966],[-84.3474,33.9681],[-84.3481,33.8821],[-84.3539,33.882],[-84.3559,33.8789],[-84.3552,33.878],[-84.3621,33.8769],[-84.3641,33.8801],[-84.3664,33.88],[-84.3678,33.8781],[-84.3874,33.8781],[-84.3873,33.8811],[-84.3948,33.8868],[-84.3955,33.8863],[-84.3887,33.8781],[-84.3972,33.8782],[-84.3972,33.8795],[-84.3992,33.8795],[-84.3992,33.8813],[-84.401,33.8819],[-84.4018,33.8868],[-84.4051,33.8852],[-84.4051,33.8823],[-84.407,33.8824],[-84.407,33.8783],[-84.428,33.8785],[-84.4277,33.8804],[-84.4289,33.8812],[-84.4299,33.8785],[-84.4362,33.8785],[-84.4362,33.8804],[-84.438,33.8793],[-84.4394,33.8799],[-84.4403,33.8785],[-84.4438,33.8785],[-84.4432,33.8836],[-84.4443,33.8872],[-84.4415,33.8913],[-84.4439,33.8955],[-84.4417,33.8998],[-84.4476,33.908],[-84.4471,33.9114],[-84.4395,33.9172],[-84.4367,33.9228],[-84.4311,33.9245],[-84.4177,33.9321],[-84.3978,33.9516],[-84.3895,33.957],[-84.383,33.9638],[-84.3845,33.9711],[-84.378,33.9732],[-84.3751,33.9785],[-84.3747,33.9862],[-84.3758,33.9885],[-84.3802,33.9916],[-84.3868,33.9927],[-84.3898,33.9948],[-84.3876,33.9968],[-84.3929,33.9997],[-84.3925,34.001],[-84.3972,34.0063],[-84.3963,34.0081],[-84.4008,34.0083],[-84.3991,34.0099],[-84.401,34.0119],[-84.4,34.0134],[-84.4012,34.0142],[-84.398,34.0164],[-84.3997,34.0201],[-84.3982,34.022],[-84.3999,34.0244],[-84.4013,34.0243],[-84.4012,34.0302],[-84.404,34.0323],[-84.4021,34.0351],[-84.4054,34.0374],[-84.4071,34.0364],[-84.4116,34.0429],[-84.411,34.0495],[-84.4131,34.0493],[-84.4168,34.0516],[-84.4191,34.0552],[-84.4184,34.109],[-84.4143,34.1104],[-84.411,34.1079],[-84.4042,34.1104],[-84.3998,34.1096],[-84.395,34.1154],[-84.3929,34.1149],[-84.3921,34.1175],[-84.3886,34.118],[-84.3881,34.1199],[-84.3768,34.1195],[-84.3709,34.1225],[-84.3653,34.1224],[-84.3619,34.1243],[-84.3598,34.1319],[-84.3614,34.1365],[-84.3588,34.1409],[-84.3602,34.1456],[-84.3588,34.1486],[-84.3605,34.1516],[-84.3569,34.1549],[-84.3608,34.1621],[-84.3564,34.1683],[-84.3552,34.1722],[-84.3561,34.1746],[-84.3522,34.1769],[-84.3424,34.1764],[-84.3374,34.1787],[-84.3286,34.1862]]]]}},{"type":"Feature","properties":{"leaid":"1302340","name":"Gilmer County School District","kind":"Unified","gradeLow":"PK","gradeHigh":"12","state":"GA"},"geometry":{"type":"Polygon","coordinates":[[[-84.1968,34.6179],[-84.1999,34.615],[-84.2044,34.6133],[-84.2088,34.6134],[-84.2141,34.6101],[-84.2161,34.605],[-84.2182,34.6039],[-84.2187,34.6005],[-84.2235,34.5997],[-84.2239,34.597],[-84.2547,34.5975],[-84.2551,34.5683],[-84.2636,34.5704],[-84.2711,34.5706],[-84.2758,34.5737],[-84.2791,34.5726],[-84.2789,34.5696],[-84.2922,34.569],[-84.2946,34.57],[-84.2975,34.5753],[-84.3017,34.5782],[-84.3037,34.5777],[-84.3041,34.5801],[-84.3071,34.5814],[-84.3112,34.5777],[-84.3132,34.5777],[-84.318,34.5788],[-84.3203,34.5822],[-84.3287,34.5836],[-84.3328,34.5799],[-84.3366,34.5792],[-84.336,34.5762],[-84.3315,34.5725],[-84.3332,34.5714],[-84.3374,34.5717],[-84.3376,34.5699],[-84.3408,34.5696],[-84.3423,34.5674],[-84.3461,34.5668],[-84.3456,34.5627],[-84.3715,34.5629],[-84.3714,34.5485],[-84.4246,34.5493],[-84.4244,34.5574],[-84.4287,34.5575],[-84.429,34.5537],[-84.4324,34.5494],[-84.4679,34.55],[-84.468,34.5635],[-84.4858,34.5633],[-84.4857,34.5567],[-84.4765,34.5567],[-84.4767,34.5501],[-84.5028,34.5505],[-84.5026,34.5637],[-84.5115,34.5636],[-84.5117,34.5567],[-84.5205,34.5567],[-84.5214,34.5505],[-84.5737,34.5507],[-84.5739,34.5495],[-84.6541,34.549],[-84.6541,34.6453],[-84.6571,34.7289],[-84.6562,34.731],[-84.654,34.7316],[-84.6539,34.7343],[-84.6511,34.738],[-84.6516,34.74],[-84.6483,34.7477],[-84.6434,34.7534],[-84.639,34.7544],[-84.6373,34.7632],[-84.6383,34.7652],[-84.6358,34.7679],[-84.6353,34.7709],[-84.6406,34.7754],[-84.6414,34.7777],[-84.6376,34.7803],[-84.6227,34.786],[-84.622,34.7891],[-84.6097,34.7909],[-84.6072,34.7969],[-84.6026,34.7995],[-84.6031,34.8019],[-84.6014,34.8064],[-84.596,34.8058],[-84.5934,34.8091],[-84.5938,34.8133],[-84.5879,34.815],[-84.5858,34.8203],[-84.5829,34.8217],[-84.5822,34.8246],[-84.5835,34.8242],[-84.583,34.8261],[-84.5841,34.8281],[-84.585,34.8248],[-84.5854,34.8275],[-84.5905,34.8311],[-84.5921,34.8338],[-84.5903,34.8363],[-84.5936,34.8383],[-84.5929,34.8402],[-84.5945,34.8411],[-84.5953,34.8391],[-84.6023,34.8385],[-84.6064,34.8413],[-84.6064,34.8431],[-84.6124,34.8513],[-84.6186,34.8554],[-84.4228,34.8548],[-84.4226,34.8575],[-84.4174,34.8498],[-84.4122,34.8492],[-84.3972,34.841],[-84.3949,34.8417],[-84.3957,34.8393],[-84.3909,34.8343],[-84.3862,34.8392],[-84.3814,34.8394],[-84.3828,34.8389],[-84.3837,34.8363],[-84.3821,34.8356],[-84.3833,34.8347],[-84.3821,34.8334],[-84.3766,34.8336],[-84.3706,34.8292],[-84.3667,34.8304],[-84.3629,34.8264],[-84.3624,34.8284],[-84.3568,34.8254],[-84.3558,34.8263],[-84.3542,34.825],[-84.3437,34.8248],[-84.343,34.8234],[-84.3444,34.8232],[-84.3443,34.8207],[-84.3397,34.8208],[-84.3346,34.8175],[-84.3315,34.8179],[-84.3309,34.8163],[-84.3343,34.8128],[-84.3341,34.8111],[-84.3281,34.8064],[-84.3259,34.8073],[-84.3208,34.8053],[-84.3147,34.8073],[-84.2573,34.7254],[-84.2609,34.7255],[-84.2609,34.7181],[-84.2522,34.7182],[-84.2523,34.6646],[-84.2465,34.6696],[-84.2426,34.6709],[-84.2359,34.6658],[-84.2333,34.6663],[-84.2296,34.6575],[-84.2271,34.6564],[-84.2265,34.6539],[-84.2213,34.6528],[-84.2165,34.6489],[-84.212,34.6485],[-84.2114,34.6464],[-84.2041,34.6424],[-84.1974,34.6427],[-84.1975,34.6415],[-84.1939,34.6388],[-84.1952,34.6364],[-84.197,34.6361],[-84.1945,34.6313],[-84.1935,34.6252],[-84.1959,34.6229],[-84.1968,34.6179]]]}},{"type":"Feature","properties":{"leaid":"1302370","name":"Glascock County School District","kind":"Unified","gradeLow":"PK","gradeHigh":"12","state":"GA"},"geometry":{"type":"Polygon","coordinates":[[[-82.432,33.2748],[-82.4709,33.2501],[-82.5849,33.1715],[-82.5842,33.1701],[-82.5854,33.1701],[-82.5821,33.1649],[-82.5833,33.1608],[-82.5763,33.1584],[-82.5743,33.1562],[-82.5738,33.1526],[-82.5742,33.1484],[-82.5781,33.146],[-82.5798,33.1409],[-82.5778,33.1383],[-82.5799,33.1345],[-82.5774,33.132],[-82.5795,33.1301],[-82.577,33.127],[-82.577,33.1246],[-82.5795,33.1219],[-82.5788,33.1198],[-82.5825,33.1189],[-82.5891,33.1236],[-82.598,33.1235],[-82.6005,33.1248],[-82.6044,33.1236],[-82.6402,33.1255],[-82.6419,33.1213],[-82.6519,33.1261],[-82.6619,33.1263],[-82.6609,33.1289],[-82.6655,33.1303],[-82.6717,33.1349],[-82.6793,33.1335],[-82.682,33.1361],[-82.6839,33.1357],[-82.6851,33.1374],[-82.6836,33.1397],[-82.6856,33.1406],[-82.6863,33.1427],[-82.6907,33.1432],[-82.6903,33.1446],[-82.6916,33.144],[-82.6929,33.1461],[-82.6963,33.144],[-82.7023,33.146],[-82.702,33.1475],[-82.7087,33.152],[-82.7082,33.1547],[-82.7095,33.1558],[-82.7087,33.1583],[-82.7109,33.16],[-82.7097,33.1609],[-82.7137,33.1622],[-82.7133,33.1644],[-82.716,33.1651],[-82.7157,33.1669],[-82.7188,33.1699],[-82.7226,33.1716],[-82.7246,33.1709],[-82.7306,33.1745],[-82.7349,33.1732],[-82.7395,33.1744],[-82.7382,33.1794],[-82.739,33.1807],[-82.7372,33.1815],[-82.7382,33.1828],[-82.7377,33.1861],[-82.7408,33.1884],[-82.7411,33.1963],[-82.74,33.1998],[-82.7333,33.2032],[-82.7334,33.2081],[-82.7393,33.2102],[-82.7418,33.2148],[-82.7384,33.2152],[-82.7355,33.2173],[-82.7386,33.2242],[-82.7448,33.2259],[-82.7409,33.232],[-82.7461,33.2341],[-82.7483,33.2382],[-82.7484,33.245],[-82.7462,33.2465],[-82.7514,33.2491],[-82.7524,33.2517],[-82.7558,33.2534],[-82.7539,33.2554],[-82.7469,33.2559],[-82.7435,33.2574],[-82.7331,33.2564],[-82.7245,33.2598],[-82.7184,33.2649],[-82.7077,33.2695],[-82.7034,33.2727],[-82.6878,33.2719],[-82.6792,33.2739],[-82.6594,33.2899],[-82.6544,33.2919],[-82.6462,33.3012],[-82.6374,33.3034],[-82.6309,33.3078],[-82.6164,33.3067],[-82.61,33.3105],[-82.599,33.3127],[-82.5903,33.3219],[-82.5739,33.3225],[-82.5686,33.3253],[-82.5598,33.3273],[-82.5047,33.305],[-82.4968,33.303],[-82.432,33.2748]]]}},{"type":"Feature","properties":{"leaid":"1302430","name":"Gordon County School District","kind":"Unified","gradeLow":"PK","gradeHigh":"12","state":"GA"},"geometry":{"type":"MultiPolygon","coordinates":[[[[-84.9363,34.4485],[-84.934,34.4496],[-84.9342,34.4464],[-84.9357,34.4448],[-84.9387,34.4457],[-84.9406,34.4498],[-84.9363,34.4485]]],[[[-84.9365,34.4593],[-84.9383,34.4569],[-84.9389,34.4591],[-84.9365,34.4593]]],[[[-84.9398,34.4626],[-84.9303,34.4619],[-84.9304,34.4594],[-84.9342,34.4595],[-84.935,34.4549],[-84.9267,34.4547],[-84.9267,34.453],[-84.9352,34.4532],[-84.9335,34.4527],[-84.9336,34.4513],[-84.9352,34.4513],[-84.9357,34.4497],[-84.9346,34.4619],[-84.9398,34.4626]]],[[[-84.94,34.4701],[-84.9345,34.4693],[-84.9404,34.4693],[-84.94,34.4701]]],[[[-84.9182,34.4701],[-84.9151,34.4685],[-84.9149,34.4684],[-84.9182,34.4701]]],[[[-84.9146,34.4712],[-84.9146,34.4709],[-84.9148,34.4713],[-84.9146,34.4712]]],[[[-84.9678,34.4711],[-84.9665,34.4716],[-84.9665,34.4711],[-84.9678,34.4711]]],[[[-84.9654,34.4717],[-84.9654,34.469],[-84.9668,34.4691],[-84.9668,34.4708],[-84.9654,34.4717]]],[[[-84.9319,34.4699],[-84.9343,34.4693],[-84.9329,34.4699],[-84.933,34.4724],[-84.9315,34.4724],[-84.9319,34.4699]]],[[[-84.9333,34.4751],[-84.9338,34.4748],[-84.9338,34.4751],[-84.9333,34.4751]]],[[[-84.9256,34.4759],[-84.9262,34.4762],[-84.9256,34.4762],[-84.9256,34.4759]]],[[[-84.9281,34.4766],[-84.9273,34.4763],[-84.928,34.4764],[-84.9281,34.4766]]],[[[-84.9232,34.478],[-84.9225,34.478],[-84.9218,34.4775],[-84.9219,34.4775],[-84.9232,34.478]]],[[[-84.9303,34.4789],[-84.93,34.4787],[-84.9303,34.4788],[-84.9303,34.4789]]],[[[-84.936,34.4795],[-84.9352,34.4788],[-84.9362,34.4791],[-84.936,34.4795]]],[[[-84.9202,34.4795],[-84.9205,34.4786],[-84.9216,34.4787],[-84.9205,34.4789],[-84.9216,34.4796],[-84.9202,34.4795]]],[[[-84.9327,34.4801],[-84.932,34.4782],[-84.9331,34.48],[-84.9327,34.4801]]],[[[-84.9204,34.4802],[-84.9216,34.4797],[-84.9223,34.4798],[-84.9206,34.4803],[-84.9204,34.4806],[-84.9204,34.4802]]],[[[-84.9287,34.4809],[-84.9286,34.4802],[-84.929,34.4808],[-84.9287,34.4809]]],[[[-84.9449,34.4814],[-84.9451,34.4812],[-84.9451,34.4815],[-84.9449,34.4814]]],[[[-84.9355,34.4808],[-84.9373,34.4792],[-84.938,34.481],[-84.9391,34.4804],[-84.9367,34.4817],[-84.9355,34.4808]]],[[[-84.9224,34.4801],[-84.923,34.4815],[-84.9213,34.4817],[-84.9213,34.4801],[-84.9224,34.4801]]],[[[-84.9345,34.4818],[-84.9341,34.4811],[-84.9347,34.4816],[-84.9345,34.4818]]],[[[-84.9456,34.4819],[-84.9455,34.4817],[-84.9456,34.4817],[-84.9456,34.4819]]],[[[-84.9441,34.4818],[-84.9422,34.4817],[-84.9441,34.4813],[-84.9441,34.4818]]],[[[-84.9489,34.4826],[-84.9483,34.4823],[-84.949,34.4823],[-84.9489,34.4826]]],[[[-84.9476,34.4826],[-84.9481,34.4825],[-84.9481,34.4826],[-84.9476,34.4826]]],[[[-84.943,34.4832],[-84.9414,34.4826],[-84.9415,34.4823],[-84.943,34.4832]]],[[[-84.9357,34.4834],[-84.9344,34.4819],[-84.9362,34.4822],[-84.9357,34.4834]]],[[[-84.9411,34.4832],[-84.9415,34.4835],[-84.9404,34.4838],[-84.9411,34.4832]]],[[[-84.9398,34.4838],[-84.9386,34.4819],[-84.9397,34.483],[-84.9411,34.4822],[-84.9398,34.4838]]],[[[-84.9429,34.4845],[-84.9417,34.485],[-84.9423,34.4841],[-84.9429,34.4845]]],[[[-84.9468,34.4853],[-84.9462,34.4846],[-84.9477,34.4848],[-84.9468,34.4853]]],[[[-84.9108,34.4856],[-84.91,34.486],[-84.9101,34.4856],[-84.9108,34.4856]]],[[[-84.9414,34.486],[-84.941,34.485],[-84.9419,34.486],[-84.9414,34.486]]],[[[-84.9453,34.4861],[-84.9448,34.4861],[-84.9452,34.486],[-84.9453,34.4861]]],[[[-84.9077,34.4865],[-84.9086,34.4851],[-84.9086,34.4865],[-84.9077,34.4865]]],[[[-84.9108,34.4872],[-84.9093,34.4865],[-84.9108,34.4864],[-84.9108,34.4872]]],[[[-84.95,34.4873],[-84.9505,34.4869],[-84.9506,34.4871],[-84.95,34.4873]]],[[[-84.9497,34.4869],[-84.9493,34.4874],[-84.9491,34.4872],[-84.9497,34.4869]]],[[[-84.9702,34.4876],[-84.971,34.4874],[-84.9709,34.4878],[-84.9702,34.4876]]],[[[-84.9506,34.4882],[-84.9508,34.4873],[-84.9513,34.488],[-84.9506,34.4882]]],[[[-84.9459,34.4879],[-84.9467,34.4879],[-84.9461,34.4882],[-84.9459,34.4879]]],[[[-84.91,34.489],[-84.9092,34.4885],[-84.91,34.4885],[-84.91,34.489]]],[[[-84.9085,34.4889],[-84.9092,34.4894],[-84.9085,34.4894],[-84.9085,34.4889]]],[[[-84.9107,34.4894],[-84.91,34.489],[-84.9108,34.489],[-84.9107,34.4894]]],[[[-84.9092,34.4898],[-84.91,34.4894],[-84.9099,34.4898],[-84.9092,34.4898]]],[[[-84.9084,34.49],[-84.9077,34.4885],[-84.9085,34.4885],[-84.9084,34.49]]],[[[-84.9449,34.4864],[-84.9455,34.4872],[-84.9434,34.4877],[-84.9433,34.4884],[-84.944,34.4879],[-84.9446,34.49],[-84.9435,34.4903],[-84.9432,34.4887],[-84.9422,34.4904],[-84.94,34.4888],[-84.9449,34.4864]]],[[[-84.9456,34.491],[-84.9449,34.4901],[-84.9456,34.4901],[-84.9456,34.491]]],[[[-84.9107,34.4912],[-84.9084,34.4906],[-84.9107,34.4907],[-84.9107,34.4912]]],[[[-84.9385,34.4911],[-84.9245,34.4912],[-84.9257,34.4905],[-84.9246,34.4895],[-84.9272,34.4897],[-84.9272,34.4888],[-84.9251,34.4869],[-84.9252,34.489],[-84.9241,34.4882],[-84.9235,34.4895],[-84.9235,34.4842],[-84.9212,34.4842],[-84.9212,34.4825],[-84.9234,34.4833],[-84.9228,34.482],[-84.9252,34.4823],[-84.9256,34.4789],[-84.9235,34.4783],[-84.9243,34.4766],[-84.9256,34.4766],[-84.9249,34.4786],[-84.9275,34.4792],[-84.9259,34.481],[-84.9263,34.4825],[-84.9285,34.4824],[-84.9297,34.4805],[-84.9313,34.4828],[-84.9334,34.4829],[-84.9318,34.4851],[-84.9349,34.4852],[-84.9372,34.4874],[-84.9361,34.4885],[-84.9397,34.4888],[-84.9384,34.489],[-84.9394,34.4894],[-84.9385,34.4911]],[[-84.9356,34.4874],[-84.9361,34.4871],[-84.9356,34.4871],[-84.9356,34.4874]]],[[[-84.9674,34.4914],[-84.9697,34.4878],[-84.9707,34.4883],[-84.9707,34.4906],[-84.9674,34.4914]]],[[[-84.9091,34.4926],[-84.9084,34.493],[-84.9084,34.4926],[-84.9091,34.4926]]],[[[-84.9102,34.4939],[-84.9108,34.4936],[-84.9107,34.494],[-84.9102,34.4939]]],[[[-84.9157,34.4942],[-84.9149,34.4938],[-84.9157,34.4938],[-84.9157,34.4942]]],[[[-84.915,34.4954],[-84.9157,34.4947],[-84.9157,34.4954],[-84.915,34.4954]]],[[[-84.9084,34.4956],[-84.91,34.4953],[-84.9102,34.4957],[-84.9084,34.4956]]],[[[-84.9379,34.4937],[-84.9406,34.4913],[-84.9408,34.4897],[-84.9423,34.4912],[-84.9442,34.4903],[-84.9408,34.4959],[-84.9379,34.4954],[-84.9379,34.4937]]],[[[-84.9117,34.496],[-84.9119,34.495],[-84.9127,34.4958],[-84.9117,34.496]]],[[[-84.9155,34.4961],[-84.914,34.4964],[-84.9133,34.4951],[-84.9155,34.4961]]],[[[-84.9119,34.4968],[-84.913,34.4969],[-84.9121,34.4972],[-84.9119,34.4968]]],[[[-84.9172,34.4978],[-84.917,34.4973],[-84.9172,34.4973],[-84.9172,34.4978]]],[[[-84.9168,34.5009],[-84.9179,34.4987],[-84.9174,34.5009],[-84.9168,34.5009]]],[[[-84.963,34.5024],[-84.9635,34.5019],[-84.9635,34.5025],[-84.963,34.5024]]],[[[-84.9379,34.5026],[-84.9296,34.5032],[-84.9299,34.5014],[-84.9345,34.5018],[-84.9348,34.4984],[-84.938,34.4985],[-84.9379,34.5026]]],[[[-84.9111,34.5069],[-84.9127,34.506],[-84.912,34.5032],[-84.9096,34.5034],[-84.9096,34.5005],[-84.9121,34.5013],[-84.9121,34.4994],[-84.9091,34.498],[-84.9154,34.4979],[-84.9155,34.5032],[-84.9172,34.5034],[-84.9171,34.5068],[-84.9159,34.5043],[-84.9154,34.5065],[-84.9111,34.5069]]],[[[-84.9288,34.507],[-84.9291,34.506],[-84.9291,34.507],[-84.9288,34.507]]],[[[-84.9247,34.507],[-84.9213,34.5062],[-84.9227,34.5052],[-84.9213,34.5041],[-84.9241,34.5012],[-84.9234,34.5066],[-84.9247,34.507]]],[[[-84.9332,34.5075],[-84.9343,34.5059],[-84.9345,34.5074],[-84.9332,34.5075]]],[[[-84.9165,34.5072],[-84.917,34.5079],[-84.9167,34.5085],[-84.9165,34.5072]]],[[[-84.9279,34.5096],[-84.9274,34.509],[-84.9282,34.5091],[-84.9279,34.5096]]],[[[-84.9244,34.5098],[-84.9229,34.5068],[-84.9258,34.5074],[-84.9241,34.5079],[-84.9244,34.5098]]],[[[-84.9238,34.51],[-84.9244,34.5105],[-84.9238,34.5104],[-84.9238,34.51]]],[[[-84.9186,34.5109],[-84.9182,34.5079],[-84.9207,34.4983],[-84.9191,34.508],[-84.9219,34.508],[-84.9219,34.5097],[-84.9186,34.5109]]],[[[-84.9347,34.5112],[-84.9332,34.5106],[-84.9347,34.5106],[-84.9347,34.5112]]],[[[-84.9348,34.5119],[-84.9331,34.5114],[-84.9347,34.5116],[-84.9348,34.5119]]],[[[-84.9236,34.5128],[-84.9232,34.5125],[-84.9236,34.5125],[-84.9236,34.5128]]],[[[-84.924,34.5126],[-84.9238,34.5119],[-84.9242,34.5128],[-84.924,34.5126]]],[[[-84.9229,34.5134],[-84.9236,34.5131],[-84.9236,34.5133],[-84.9229,34.5134]]],[[[-84.9363,34.5138],[-84.9366,34.5131],[-84.9369,34.5137],[-84.9363,34.5138]]],[[[-84.9228,34.5148],[-84.9233,34.514],[-84.9233,34.5148],[-84.9228,34.5148]]],[[[-84.8979,34.5154],[-84.8971,34.5149],[-84.8978,34.5149],[-84.8979,34.5154]]],[[[-84.9475,34.5162],[-84.9484,34.5131],[-84.9523,34.512],[-84.9508,34.5158],[-84.9475,34.5162]]],[[[-84.9454,34.5183],[-84.945,34.5177],[-84.9456,34.5179],[-84.9454,34.5183]]],[[[-84.9444,34.5205],[-84.9439,34.5199],[-84.9446,34.52],[-84.9444,34.5205]]],[[[-84.9453,34.5214],[-84.9476,34.5234],[-84.9475,34.5259],[-84.9429,34.5247],[-84.9453,34.5214]]],[[[-84.9463,34.5322],[-84.9497,34.5262],[-84.952,34.5263],[-84.949,34.5243],[-84.9482,34.5255],[-84.9505,34.5216],[-84.9519,34.5217],[-84.9519,34.5206],[-84.9502,34.5206],[-84.9519,34.5198],[-84.9512,34.5176],[-84.9529,34.5207],[-84.9558,34.5207],[-84.9536,34.5149],[-84.9554,34.5133],[-84.958,34.5146],[-84.9591,34.5133],[-84.9585,34.5182],[-84.9573,34.5181],[-84.9585,34.5201],[-84.9607,34.5192],[-84.9602,34.5208],[-84.9618,34.5205],[-84.9603,34.5211],[-84.9649,34.5255],[-84.962,34.5262],[-84.957,34.5224],[-84.9539,34.524],[-84.9508,34.5316],[-84.9463,34.5322]]],[[[-84.9335,34.5354],[-84.9346,34.5349],[-84.9345,34.5354],[-84.9335,34.5354]]],[[[-84.9291,34.5519],[-84.9289,34.5512],[-84.9294,34.5517],[-84.9291,34.5519]]],[[[-84.9388,34.5654],[-84.9375,34.565],[-84.9386,34.5648],[-84.9388,34.5654]]],[[[-84.9083,34.6341],[-84.9083,34.6158],[-84.8639,34.6158],[-84.8638,34.6086],[-84.7795,34.6083],[-84.7791,34.6129],[-84.7663,34.6155],[-84.762,34.6144],[-84.7563,34.61],[-84.7484,34.6091],[-84.7462,34.6106],[-84.7457,34.622],[-84.7446,34.6238],[-84.7376,34.624],[-84.7256,34.6217],[-84.7158,34.6229],[-84.7156,34.62],[-84.7141,34.619],[-84.7144,34.6051],[-84.7228,34.605],[-84.7231,34.6128],[-84.7313,34.6127],[-84.7312,34.5986],[-84.7055,34.5985],[-84.7053,34.5908],[-84.682,34.5898],[-84.682,34.5833],[-84.6545,34.5832],[-84.6533,34.4632],[-84.6445,34.463],[-84.6444,34.4558],[-84.6537,34.4558],[-84.6532,34.4126],[-84.7339,34.413],[-84.7341,34.3965],[-84.8371,34.3977],[-84.8963,34.3963],[-84.8962,34.3986],[-84.9472,34.3989],[-84.9473,34.3915],[-84.9557,34.3918],[-84.9539,34.3842],[-84.9888,34.3846],[-84.9909,34.3925],[-85.0189,34.3923],[-85.0224,34.3913],[-85.027,34.394],[-85.0269,34.3996],[-85.0317,34.3996],[-85.0317,34.4014],[-85.0868,34.4013],[-85.1044,34.4043],[-85.1078,34.4109],[-85.1069,34.4161],[-85.0991,34.4222],[-85.0895,34.4245],[-85.0888,34.4255],[-85.0902,34.4264],[-85.0883,34.4272],[-85.0933,34.4324],[-85.0922,34.4336],[-85.0957,34.438],[-85.0944,34.4401],[-85.1019,34.4444],[-85.1019,34.4463],[-85.0998,34.449],[-85.1022,34.4531],[-85.1073,34.4564],[-85.1091,34.4598],[-85.1123,34.4619],[-85.1114,34.4634],[-85.0901,34.4635],[-85.09,34.5419],[-85.0635,34.5425],[-85.0642,34.5749],[-85.0693,34.575],[-85.0692,34.5872],[-85.0605,34.5872],[-85.0604,34.6225],[-85.0504,34.6225],[-85.0504,34.616],[-84.9264,34.6157],[-84.9254,34.6202],[-84.9274,34.6261],[-84.9151,34.6298],[-84.9136,34.6313],[-84.9135,34.6341],[-84.9083,34.6341]],[[-84.9387,34.5615],[-84.9361,34.5622],[-84.9358,34.5609],[-84.9371,34.5606],[-84.936,34.5579],[-84.9333,34.558],[-84.9319,34.5567],[-84.9353,34.557],[-84.9345,34.5556],[-84.931,34.5556],[-84.9348,34.5663],[-84.9406,34.5653],[-84.9416,34.5674],[-84.9429,34.5669],[-84.9387,34.5615]],[[-84.9315,34.5574],[-84.9303,34.5536],[-84.9303,34.5516],[-84.9274,34.5487],[-84.9258,34.5503],[-84.9259,34.5536],[-84.9277,34.554],[-84.927,34.5574],[-84.9315,34.5574]],[[-84.9258,34.5443],[-84.9328,34.5529],[-84.9336,34.5491],[-84.9351,34.5487],[-84.9339,34.5478],[-84.9355,34.5483],[-84.9358,34.547],[-84.9314,34.5465],[-84.9321,34.5445],[-84.9371,34.5441],[-84.9375,34.5423],[-84.9326,34.5427],[-84.9335,34.5405],[-84.9352,34.5417],[-84.9357,34.5405],[-84.9375,34.5408],[-84.9365,34.5387],[-84.9373,34.5381],[-84.9348,34.5375],[-84.9363,34.5355],[-84.9388,34.5352],[-84.9388,34.5372],[-84.94,34.5364],[-84.9434,34.5353],[-84.9528,34.5353],[-84.9528,34.53],[-84.9547,34.531],[-84.9535,34.528],[-84.9552,34.5273],[-84.9612,34.528],[-84.9612,34.5299],[-84.9593,34.5303],[-84.9589,34.5298],[-84.9562,34.5291],[-84.9563,34.5295],[-84.9622,34.5346],[-84.9644,34.5353],[-84.9643,34.5332],[-84.9696,34.5331],[-84.9686,34.5313],[-84.9703,34.5307],[-84.9701,34.5294],[-84.9688,34.5278],[-84.9719,34.5265],[-84.9705,34.5243],[-84.9712,34.5239],[-84.9678,34.5207],[-84.9626,34.5208],[-84.9633,34.5133],[-84.9608,34.5133],[-84.9608,34.5159],[-84.9583,34.5102],[-84.9639,34.5103],[-84.968,34.5146],[-84.9716,34.5125],[-84.9704,34.5094],[-84.973,34.5101],[-84.9714,34.5072],[-84.9687,34.5058],[-84.9635,34.5058],[-84.9641,34.5038],[-84.963,34.5028],[-84.9648,34.5029],[-84.964,34.5025],[-84.9657,34.5013],[-84.966,34.4983],[-84.9704,34.4984],[-84.9731,34.5005],[-84.9752,34.4983],[-84.9796,34.4982],[-84.9796,34.491],[-84.9751,34.491],[-84.9755,34.4875],[-84.9795,34.4875],[-84.9794,34.48],[-84.9717,34.48],[-84.9716,34.4813],[-84.97,34.4816],[-84.9704,34.478],[-84.9673,34.4761],[-84.9648,34.4761],[-84.9647,34.4785],[-84.957,34.4821],[-84.9558,34.484],[-84.9521,34.4834],[-84.9511,34.4806],[-84.9478,34.4803],[-84.9511,34.4734],[-84.9485,34.4711],[-84.9467,34.4727],[-84.9445,34.4695],[-84.9477,34.4693],[-84.9477,34.4618],[-84.944,34.4617],[-84.9447,34.4608],[-84.941,34.4575],[-84.9429,34.4565],[-84.9402,34.4553],[-84.9474,34.4554],[-84.9478,34.4531],[-84.945,34.4508],[-84.9474,34.4518],[-84.9473,34.4491],[-84.945,34.4468],[-84.9488,34.4463],[-84.9461,34.4438],[-84.9483,34.4423],[-84.9402,34.4423],[-84.9401,34.4434],[-84.9357,34.4436],[-84.9313,34.4423],[-84.9324,34.4435],[-84.9322,34.4459],[-84.9308,34.4459],[-84.9322,34.4471],[-84.9317,34.4495],[-84.9269,34.4494],[-84.927,34.4419],[-84.9341,34.4424],[-84.9354,34.4413],[-84.9351,34.4398],[-84.9418,34.4406],[-84.9418,34.4352],[-84.935,34.435],[-84.9339,34.4357],[-84.9351,34.4356],[-84.9353,34.4378],[-84.9316,34.4372],[-84.9315,34.4332],[-84.9278,34.4316],[-84.9291,34.4304],[-84.9272,34.4296],[-84.9278,34.4277],[-84.9207,34.4277],[-84.9196,34.4572],[-84.9211,34.4572],[-84.9208,34.4663],[-84.9254,34.4659],[-84.9256,34.4681],[-84.9242,34.467],[-84.9193,34.467],[-84.9184,34.4697],[-84.9178,34.4661],[-84.9154,34.4664],[-84.9145,34.4678],[-84.9136,34.4668],[-84.9125,34.4676],[-84.9136,34.4668],[-84.9125,34.4653],[-84.9032,34.4655],[-84.9032,34.4694],[-84.9145,34.4693],[-84.9136,34.471],[-84.9165,34.4734],[-84.9148,34.4715],[-84.9172,34.4724],[-84.9172,34.4715],[-84.9185,34.4747],[-84.9177,34.4806],[-84.9187,34.4849],[-84.9199,34.4849],[-84.9212,34.4928],[-84.9208,34.4981],[-84.9165,34.4962],[-84.9165,34.4913],[-84.9176,34.4912],[-84.9174,34.4891],[-84.9193,34.4892],[-84.919,34.4858],[-84.9158,34.4861],[-84.9156,34.485],[-84.9176,34.4843],[-84.9165,34.4844],[-84.9151,34.4765],[-84.9131,34.4765],[-84.9131,34.4776],[-84.911,34.4783],[-84.9116,34.4842],[-84.9039,34.4839],[-84.9042,34.4925],[-84.9076,34.493],[-84.9077,34.4985],[-84.9061,34.5008],[-84.9032,34.5008],[-84.9032,34.5026],[-84.9085,34.5038],[-84.9076,34.5085],[-84.9054,34.5085],[-84.9075,34.5096],[-84.9075,34.5115],[-84.8988,34.5105],[-84.8992,34.5051],[-84.8968,34.5047],[-84.896,34.5066],[-84.8907,34.5066],[-84.8898,34.5134],[-84.8915,34.5144],[-84.8971,34.5123],[-84.8968,34.5163],[-84.8988,34.5153],[-84.9031,34.5164],[-84.9032,34.5133],[-84.9092,34.5134],[-84.9145,34.5112],[-84.9143,34.5154],[-84.9165,34.5156],[-84.9164,34.5208],[-84.9228,34.5208],[-84.9233,34.522],[-84.9232,34.5207],[-84.9259,34.5201],[-84.9258,34.5166],[-84.9287,34.5166],[-84.9316,34.514],[-84.9318,34.5169],[-84.9326,34.5158],[-84.9348,34.5172],[-84.9348,34.5189],[-84.9315,34.5172],[-84.9309,34.5181],[-84.93,34.5193],[-84.9292,34.5199],[-84.9309,34.5191],[-84.9323,34.5215],[-84.9349,34.5207],[-84.9351,34.524],[-84.9333,34.5238],[-84.9333,34.5216],[-84.9324,34.5221],[-84.9299,34.52],[-84.9282,34.5203],[-84.9283,34.5214],[-84.9308,34.522],[-84.9316,34.5243],[-84.935,34.5244],[-84.9355,34.526],[-84.9361,34.5248],[-84.9412,34.5253],[-84.9418,34.5215],[-84.9448,34.5212],[-84.9434,34.5232],[-84.9425,34.5228],[-84.941,34.5267],[-84.9394,34.5262],[-84.9389,34.5281],[-84.9367,34.5281],[-84.9382,34.5284],[-84.9376,34.5295],[-84.9364,34.529],[-84.9361,34.5307],[-84.9383,34.5307],[-84.9347,34.5318],[-84.9357,34.5335],[-84.9328,34.534],[-84.9331,34.5367],[-84.9313,34.5361],[-84.9303,34.5372],[-84.929,34.5437],[-84.9258,34.5443]],[[-84.9304,34.5188],[-84.9296,34.517],[-84.9289,34.5182],[-84.9304,34.5188]],[[-84.9023,34.5076],[-84.9029,34.5089],[-84.9045,34.5089],[-84.9045,34.5072],[-84.9023,34.5076]],[[-84.9193,34.4883],[-84.9198,34.4889],[-84.9197,34.4883],[-84.9193,34.4883]],[[-84.9156,34.4658],[-84.9188,34.4658],[-84.9191,34.4568],[-84.9166,34.4568],[-84.9165,34.4593],[-84.914,34.4588],[-84.9142,34.4567],[-84.9112,34.4567],[-84.9129,34.4609],[-84.917,34.4619],[-84.9177,34.4655],[-84.9167,34.4632],[-84.9156,34.4658]],[[-84.9117,34.4563],[-84.9122,34.4552],[-84.9117,34.4552],[-84.9117,34.4563]],[[-84.9103,34.4562],[-84.9112,34.4542],[-84.9177,34.4535],[-84.9178,34.4495],[-84.9192,34.4495],[-84.9181,34.442],[-84.9173,34.4429],[-84.9123,34.4426],[-84.9123,34.444],[-84.9113,34.4441],[-84.9114,34.442],[-84.9141,34.4422],[-84.9147,34.4405],[-84.9147,34.4417],[-84.9179,34.4415],[-84.9182,34.4379],[-84.9137,34.4378],[-84.9138,34.4349],[-84.9095,34.4349],[-84.9077,34.442],[-84.9074,34.4483],[-84.9143,34.4479],[-84.9147,34.4525],[-84.912,34.4525],[-84.912,34.4509],[-84.909,34.4508],[-84.9088,34.4538],[-84.9104,34.4538],[-84.9103,34.4562]],[[-84.9629,34.4416],[-84.9509,34.4419],[-84.953,34.4424],[-84.953,34.4463],[-84.9494,34.4468],[-84.9487,34.4501],[-84.953,34.4504],[-84.953,34.4518],[-84.9485,34.4518],[-84.9483,34.4547],[-84.9513,34.4556],[-84.95,34.4551],[-84.9493,34.452],[-84.9548,34.4531],[-84.955,34.45],[-84.9634,34.4499],[-84.9636,34.4472],[-84.9594,34.4461],[-84.9629,34.4416]],[[-84.9562,34.4525],[-84.9544,34.4538],[-84.9572,34.4538],[-84.9562,34.4525]],[[-84.9571,34.4693],[-84.9615,34.4693],[-84.9624,34.4765],[-84.9684,34.4727],[-84.9683,34.4689],[-84.9661,34.4687],[-84.9683,34.4681],[-84.9683,34.4652],[-84.9614,34.4642],[-84.9614,34.4619],[-84.9588,34.4619],[-84.9571,34.4693]],[[-84.9411,34.5369],[-84.9404,34.5374],[-84.9411,34.5376],[-84.9411,34.5369]],[[-84.9373,34.5437],[-84.9367,34.5465],[-84.9442,34.5467],[-84.9442,34.5447],[-84.9373,34.5437]],[[-84.9315,34.5528],[-84.9304,34.5518],[-84.9304,34.5529],[-84.9315,34.5528]],[[-84.9374,34.5533],[-84.9374,34.5575],[-84.9422,34.5574],[-84.9374,34.5533]]]]}},{"type":"Feature","properties":{"leaid":"1302460","name":"Grady County School District","kind":"Unified","gradeLow":"PK","gradeHigh":"12","state":"GA"},"geometry":{"type":"Polygon","coordinates":[[[-84.1166,31.078],[-84.1192,30.9895],[-84.1191,30.981],[-84.1167,30.9769],[-84.1164,30.9736],[-84.1188,30.9715],[-84.1186,30.9697],[-84.1127,30.9636],[-84.1104,30.9554],[-84.1077,30.9522],[-84.1083,30.9511],[-84.0987,30.9391],[-84.0985,30.9363],[-84.0903,30.9295],[-84.083,30.9192],[-84.077,30.9156],[-84.0758,30.9119],[-84.0773,30.9022],[-84.0765,30.8985],[-84.0784,30.8944],[-84.0762,30.8919],[-84.0773,30.8904],[-84.0757,30.8864],[-84.0763,30.8842],[-84.0776,30.8838],[-84.0771,30.8822],[-84.0795,30.8811],[-84.0788,30.8808],[-84.0802,30.8793],[-84.0795,30.8782],[-84.0806,30.8756],[-84.079,30.8728],[-84.0761,30.8719],[-84.0729,30.8652],[-84.0758,30.8605],[-84.0826,30.8541],[-84.0795,30.8441],[-84.081,30.8399],[-84.0798,30.8379],[-84.0811,30.8364],[-84.0838,30.6758],[-84.3807,30.69],[-84.3762,30.9434],[-84.3766,31.0789],[-84.1166,31.078]]]}},{"type":"Feature","properties":{"leaid":"1302490","name":"Greene County School District","kind":"Unified","gradeLow":"PK","gradeHigh":"12","state":"GA"},"geometry":{"type":"Polygon","coordinates":[[[-82.9956,33.6936],[-82.9884,33.6862],[-82.9833,33.6846],[-82.9776,33.6794],[-82.9638,33.6768],[-82.9622,33.6732],[-82.959,33.6709],[-82.9596,33.6698],[-82.953,33.6652],[-82.9522,33.6631],[-82.9532,33.6616],[-82.9507,33.6609],[-82.952,33.659],[-82.9511,33.658],[-82.9705,33.6417],[-82.9737,33.6217],[-82.9801,33.6147],[-82.9877,33.6289],[-82.9972,33.6254],[-83.0016,33.6202],[-82.9942,33.613],[-82.9933,33.6049],[-82.9899,33.6033],[-83.0005,33.5913],[-83.0109,33.5856],[-83.014,33.5804],[-82.986,33.5204],[-82.9871,33.5195],[-82.9856,33.4898],[-83.1642,33.355],[-83.1668,33.3624],[-83.17,33.3652],[-83.1697,33.3704],[-83.1733,33.3734],[-83.1733,33.3754],[-83.1783,33.378],[-83.1779,33.3823],[-83.1847,33.3834],[-83.1875,33.3861],[-83.1869,33.3893],[-83.1879,33.3925],[-83.1972,33.3958],[-83.2029,33.3888],[-83.2081,33.3871],[-83.212,33.3878],[-83.2144,33.3849],[-83.2132,33.3833],[-83.2145,33.3808],[-83.2173,33.3796],[-83.2233,33.3796],[-83.2246,33.3804],[-83.2248,33.3838],[-83.2199,33.3903],[-83.2204,33.3937],[-83.2145,33.3967],[-83.2125,33.3992],[-83.2131,33.4008],[-83.2175,33.403],[-83.2261,33.4046],[-83.2303,33.4025],[-83.2355,33.4023],[-83.241,33.3984],[-83.2441,33.399],[-83.2397,33.4192],[-83.2466,33.4232],[-83.2485,33.4261],[-83.2486,33.429],[-83.2529,33.4347],[-83.2568,33.4377],[-83.2584,33.441],[-83.2631,33.4439],[-83.2611,33.4488],[-83.257,33.4508],[-83.2573,33.4562],[-83.2672,33.4616],[-83.2746,33.4639],[-83.2778,33.4689],[-83.2803,33.4865],[-83.2768,33.4942],[-83.283,33.5032],[-83.284,33.5079],[-83.2801,33.5169],[-83.2806,33.5228],[-83.2767,33.5285],[-83.2695,33.5318],[-83.2705,33.5361],[-83.2784,33.5446],[-83.2805,33.5429],[-83.2866,33.5427],[-83.2912,33.5466],[-83.2951,33.5523],[-83.3018,33.5556],[-83.3036,33.555],[-83.3043,33.5573],[-83.3029,33.5602],[-83.3032,33.5631],[-83.3058,33.5625],[-83.3083,33.5646],[-83.3106,33.5629],[-83.3123,33.5642],[-83.3133,33.5677],[-83.3174,33.5704],[-83.3172,33.5734],[-83.3204,33.5743],[-83.3232,33.5799],[-83.3262,33.5799],[-83.3271,33.5817],[-83.3263,33.5841],[-83.3308,33.5833],[-83.3362,33.5884],[-83.3376,33.591],[-83.3373,33.5943],[-83.3392,33.5946],[-83.3378,33.5973],[-83.3426,33.596],[-83.3489,33.5973],[-83.3469,33.6005],[-83.3497,33.6143],[-83.3518,33.617],[-83.3544,33.618],[-83.3544,33.6201],[-83.3576,33.62],[-83.3595,33.6223],[-83.3597,33.6278],[-83.3644,33.6355],[-83.3631,33.6361],[-83.3624,33.6398],[-83.3657,33.6401],[-83.3651,33.6444],[-83.3688,33.6473],[-83.3675,33.6489],[-83.3705,33.6505],[-83.3689,33.6525],[-83.3693,33.6541],[-83.3713,33.6563],[-83.3746,33.6564],[-83.3761,33.66],[-83.3802,33.6612],[-83.3841,33.6663],[-83.383,33.6701],[-83.3869,33.6727],[-83.3886,33.6758],[-83.3886,33.6789],[-83.3951,33.6838],[-83.3965,33.6869],[-83.3949,33.6905],[-83.3998,33.6911],[-83.4008,33.6962],[-83.4046,33.6966],[-83.4062,33.6983],[-83.2914,33.7343],[-83.2945,33.7378],[-83.2973,33.7382],[-83.2962,33.7431],[-83.2915,33.7452],[-83.2904,33.7518],[-83.2851,33.7528],[-83.2829,33.7548],[-83.2838,33.7571],[-83.2825,33.7596],[-83.2803,33.7595],[-83.2803,33.7618],[-83.1187,33.6988],[-83.0491,33.7156],[-83.0459,33.7127],[-83.0409,33.7107],[-83.0375,33.7063],[-83.0344,33.7055],[-83.0302,33.7015],[-83.0261,33.7009],[-83.021,33.6943],[-83.0156,33.6912],[-83.0079,33.6899],[-82.9986,33.6939],[-82.9956,33.6936]]]}},{"type":"Feature","properties":{"leaid":"1303300","name":"Liberty County School District","kind":"Unified","gradeLow":"PK","gradeHigh":"12","state":"GA"},"geometry":{"type":"MultiPolygon","coordinates":[[[[-81.3916,31.6436],[-81.3916,31.6436],[-81.3916,31.6436],[-81.3916,31.6436]]],[[[-81.383,31.6471],[-81.3836,31.6465],[-81.3842,31.6465],[-81.383,31.6471]]],[[[-81.2199,31.6622],[-81.21,31.6578],[-81.2101,31.6557],[-81.2118,31.657],[-81.2135,31.6564],[-81.2124,31.6536],[-81.2185,31.6545],[-81.2172,31.6534],[-81.2125,31.6529],[-81.2122,31.6554],[-81.2094,31.6549],[-81.209,31.6573],[-81.2006,31.6578],[-81.1993,31.6563],[-81.201,31.6533],[-81.1979,31.6567],[-81.1938,31.6546],[-81.1899,31.6506],[-81.1921,31.6404],[-81.1967,31.6438],[-81.2006,31.6438],[-81.1964,31.643],[-81.19,31.6373],[-81.1905,31.6345],[-81.1884,31.6309],[-81.1882,31.6268],[-81.1836,31.6192],[-81.1848,31.606],[-81.1808,31.5989],[-81.1801,31.5911],[-81.1823,31.5908],[-81.1856,31.5985],[-81.1913,31.6067],[-81.2009,31.6179],[-81.2011,31.6246],[-81.2034,31.6327],[-81.2081,31.6406],[-81.2108,31.642],[-81.2131,31.6414],[-81.2192,31.6354],[-81.2216,31.6352],[-81.2231,31.6367],[-81.2248,31.6435],[-81.2345,31.6477],[-81.2406,31.6524],[-81.2409,31.6558],[-81.2375,31.6588],[-81.2361,31.6618],[-81.2253,31.6633],[-81.2199,31.6622]]],[[[-81.2684,31.6664],[-81.2584,31.6609],[-81.2498,31.6599],[-81.2391,31.6607],[-81.2445,31.6535],[-81.2474,31.6551],[-81.2467,31.6527],[-81.2422,31.6542],[-81.2418,31.6522],[-81.2361,31.6476],[-81.2256,31.6432],[-81.2252,31.638],[-81.2221,31.6348],[-81.2164,31.6349],[-81.2125,31.6405],[-81.2101,31.6407],[-81.2069,31.6364],[-81.2034,31.6239],[-81.2029,31.6171],[-81.2114,31.6181],[-81.2188,31.6311],[-81.2261,31.6348],[-81.2356,31.6422],[-81.2511,31.645],[-81.2593,31.6516],[-81.2658,31.6549],[-81.2783,31.6556],[-81.2996,31.6518],[-81.3043,31.6563],[-81.2991,31.6584],[-81.2893,31.6567],[-81.2832,31.6573],[-81.2721,31.6662],[-81.2684,31.6664]]],[[[-81.1846,31.6672],[-81.1858,31.667],[-81.1862,31.667],[-81.1846,31.6672]]],[[[-81.231,31.6803],[-81.2138,31.6734],[-81.2083,31.6726],[-81.2032,31.6739],[-81.2009,31.6709],[-81.2014,31.667],[-81.206,31.6622],[-81.2148,31.6668],[-81.2246,31.6678],[-81.2469,31.6643],[-81.2563,31.6642],[-81.2631,31.6671],[-81.269,31.6749],[-81.2613,31.676],[-81.2476,31.6701],[-81.2428,31.672],[-81.2367,31.6783],[-81.231,31.6803]]],[[[-81.1127,31.6849],[-81.1139,31.6843],[-81.1154,31.6866],[-81.1127,31.6849]]],[[[-81.2196,31.6867],[-81.2208,31.6825],[-81.2264,31.6846],[-81.2229,31.6865],[-81.2196,31.6867]]],[[[-81.2002,31.6827],[-81.2104,31.6772],[-81.2186,31.6787],[-81.2219,31.6811],[-81.2197,31.6817],[-81.2177,31.686],[-81.2103,31.6824],[-81.2044,31.6819],[-81.2024,31.684],[-81.2018,31.6893],[-81.1998,31.69],[-81.1959,31.688],[-81.1988,31.6859],[-81.2002,31.6827]]],[[[-81.1689,31.6923],[-81.1611,31.6914],[-81.1588,31.6921],[-81.1569,31.6889],[-81.1632,31.6677],[-81.1755,31.6707],[-81.1833,31.669],[-81.1856,31.6754],[-81.1816,31.6794],[-81.1801,31.6755],[-81.177,31.6744],[-81.1765,31.6767],[-81.1787,31.6806],[-81.1743,31.6798],[-81.1734,31.6812],[-81.1752,31.6807],[-81.1779,31.682],[-81.1796,31.6801],[-81.1778,31.6754],[-81.1794,31.6758],[-81.181,31.6803],[-81.1859,31.6755],[-81.1849,31.6677],[-81.1945,31.6707],[-81.1948,31.6748],[-81.1905,31.6823],[-81.181,31.6878],[-81.1689,31.6923]]],[[[-81.2807,31.6746],[-81.2811,31.6715],[-81.2846,31.6721],[-81.286,31.6709],[-81.2802,31.6715],[-81.2801,31.6778],[-81.2734,31.6745],[-81.2715,31.6697],[-81.2844,31.6587],[-81.2893,31.6585],[-81.2941,31.6611],[-81.2994,31.6609],[-81.302,31.6631],[-81.3018,31.6659],[-81.2987,31.6678],[-81.3,31.6679],[-81.3021,31.6668],[-81.3028,31.6634],[-81.3,31.6599],[-81.3028,31.6582],[-81.3055,31.66],[-81.3041,31.67],[-81.3047,31.6738],[-81.3078,31.6793],[-81.3029,31.6749],[-81.297,31.676],[-81.2932,31.6797],[-81.2929,31.6827],[-81.2893,31.6836],[-81.2795,31.6962],[-81.2766,31.6972],[-81.2737,31.6958],[-81.2739,31.6924],[-81.2802,31.6884],[-81.2832,31.6842],[-81.2807,31.6746]]],[[[-81.1372,31.6992],[-81.1311,31.6958],[-81.1311,31.693],[-81.1345,31.6879],[-81.1362,31.6799],[-81.1364,31.6748],[-81.1336,31.6604],[-81.1353,31.6593],[-81.1366,31.6606],[-81.1376,31.6588],[-81.1378,31.6607],[-81.1385,31.6607],[-81.138,31.6582],[-81.1365,31.6596],[-81.1356,31.6584],[-81.1334,31.6593],[-81.1325,31.6583],[-81.1317,31.6545],[-81.1332,31.6384],[-81.1336,31.6372],[-81.1406,31.6383],[-81.1433,31.6375],[-81.14,31.6418],[-81.1406,31.6435],[-81.1439,31.6442],[-81.1407,31.6419],[-81.1418,31.6396],[-81.1452,31.6373],[-81.1438,31.6361],[-81.1453,31.6315],[-81.1387,31.6271],[-81.1469,31.6258],[-81.1483,31.6247],[-81.1481,31.6235],[-81.1471,31.6251],[-81.1411,31.625],[-81.1382,31.6262],[-81.1392,31.6292],[-81.1443,31.6317],[-81.1437,31.6337],[-81.1396,31.6372],[-81.136,31.6315],[-81.1365,31.6252],[-81.134,31.625],[-81.1337,31.6268],[-81.135,31.6272],[-81.1346,31.6317],[-81.1363,31.6334],[-81.1319,31.6305],[-81.1304,31.6261],[-81.1335,31.6233],[-81.1432,31.6065],[-81.1616,31.5685],[-81.1716,31.5569],[-81.1772,31.555],[-81.1832,31.5601],[-81.1846,31.5638],[-81.1845,31.568],[-81.1808,31.5718],[-81.1805,31.5674],[-81.1788,31.5665],[-81.1801,31.5686],[-81.1788,31.5723],[-81.1813,31.5727],[-81.1861,31.568],[-81.1887,31.5743],[-81.1878,31.5782],[-81.1774,31.5908],[-81.1726,31.5904],[-81.171,31.5911],[-81.1771,31.5915],[-81.1788,31.6009],[-81.1826,31.6075],[-81.1826,31.605],[-81.1834,31.6081],[-81.1812,31.6177],[-81.183,31.6225],[-81.1868,31.6266],[-81.1862,31.6308],[-81.1885,31.6357],[-81.1879,31.6395],[-81.184,31.6419],[-81.1765,31.6507],[-81.1738,31.655],[-81.1731,31.659],[-81.1753,31.6603],[-81.182,31.6586],[-81.1746,31.6596],[-81.1736,31.6589],[-81.1737,31.6567],[-81.1783,31.6498],[-81.1857,31.6419],[-81.1891,31.64],[-81.1905,31.6412],[-81.1881,31.6477],[-81.1888,31.6519],[-81.1918,31.6551],[-81.1979,31.6582],[-81.1986,31.6598],[-81.1943,31.6663],[-81.1837,31.6657],[-81.173,31.6681],[-81.1675,31.6652],[-81.1686,31.6638],[-81.1681,31.6626],[-81.1666,31.6647],[-81.163,31.6652],[-81.1578,31.674],[-81.1545,31.6865],[-81.1536,31.6965],[-81.1494,31.6993],[-81.1422,31.7002],[-81.1372,31.6992]]],[[[-81.218,31.7275],[-81.1953,31.7148],[-81.1884,31.7072],[-81.1907,31.7061],[-81.2089,31.7155],[-81.2241,31.7201],[-81.2243,31.7227],[-81.2214,31.7267],[-81.218,31.7275]]],[[[-81.3775,31.7367],[-81.3812,31.735],[-81.3816,31.7352],[-81.3806,31.7375],[-81.3775,31.7367]]],[[[-81.2816,31.7394],[-81.2778,31.7396],[-81.2762,31.7375],[-81.2767,31.737],[-81.2816,31.7394]]],[[[-81.2168,31.7383],[-81.2162,31.7329],[-81.2233,31.7348],[-81.2251,31.7412],[-81.2168,31.7383]]],[[[-81.2249,31.7366],[-81.2285,31.7394],[-81.2293,31.7413],[-81.2278,31.741],[-81.2249,31.7366]]],[[[-81.2774,31.7452],[-81.2772,31.7446],[-81.2776,31.7448],[-81.2774,31.7452]]],[[[-81.2465,31.7471],[-81.235,31.7432],[-81.2263,31.7362],[-81.2219,31.7302],[-81.2308,31.7333],[-81.2442,31.7417],[-81.2542,31.7427],[-81.2536,31.7462],[-81.2465,31.7471]]],[[[-81.2503,31.7519],[-81.2504,31.7515],[-81.2509,31.7519],[-81.2503,31.7519]]],[[[-81.2745,31.7625],[-81.2763,31.7646],[-81.2761,31.7723],[-81.2708,31.7849],[-81.2694,31.7807],[-81.2741,31.769],[-81.2745,31.7625]]],[[[-81.3454,31.823],[-81.3464,31.8248],[-81.3481,31.8252],[-81.3457,31.825],[-81.3454,31.823]]],[[[-81.3534,31.8363],[-81.3572,31.8352],[-81.3583,31.8374],[-81.3545,31.8383],[-81.3534,31.8363]]],[[[-81.2816,31.7394],[-81.2875,31.7365],[-81.2889,31.7343],[-81.2874,31.7332],[-81.2822,31.7338],[-81.281,31.7322],[-81.2911,31.7329],[-81.2884,31.7315],[-81.2809,31.7317],[-81.2801,31.733],[-81.2817,31.7341],[-81.2874,31.7337],[-81.2883,31.735],[-81.2808,31.7388],[-81.2779,31.7366],[-81.2762,31.7366],[-81.2753,31.7375],[-81.2757,31.7392],[-81.2778,31.7402],[-81.2852,31.7409],[-81.2894,31.7429],[-81.2901,31.7446],[-81.2873,31.7473],[-81.2797,31.7465],[-81.2742,31.7407],[-81.2716,31.7401],[-81.2694,31.741],[-81.2693,31.7438],[-81.276,31.7498],[-81.2745,31.7536],[-81.2705,31.756],[-81.2635,31.751],[-81.2557,31.7481],[-81.2552,31.7467],[-81.2589,31.7465],[-81.2613,31.7425],[-81.2644,31.7417],[-81.2633,31.7378],[-81.2682,31.74],[-81.2702,31.74],[-81.2706,31.738],[-81.2664,31.7349],[-81.2693,31.734],[-81.2692,31.7321],[-81.2716,31.7287],[-81.2734,31.7297],[-81.2757,31.7279],[-81.2772,31.7293],[-81.2776,31.7279],[-81.2748,31.7275],[-81.2735,31.7289],[-81.2716,31.7282],[-81.2681,31.7307],[-81.2683,31.733],[-81.2656,31.7351],[-81.2701,31.7395],[-81.2632,31.7372],[-81.2626,31.7381],[-81.2637,31.7406],[-81.2609,31.742],[-81.2588,31.7455],[-81.2553,31.7461],[-81.2542,31.7418],[-81.2464,31.7414],[-81.2438,31.7399],[-81.2436,31.7358],[-81.2454,31.7336],[-81.2504,31.7321],[-81.2548,31.7331],[-81.248,31.731],[-81.2477,31.7323],[-81.2451,31.7331],[-81.2464,31.728],[-81.2429,31.7354],[-81.2424,31.7395],[-81.2313,31.7322],[-81.2215,31.7285],[-81.2248,31.7235],[-81.2254,31.7199],[-81.2294,31.7184],[-81.2312,31.7157],[-81.23,31.7105],[-81.2247,31.7112],[-81.2236,31.7099],[-81.2254,31.7045],[-81.2287,31.7058],[-81.2278,31.7039],[-81.2249,31.7042],[-81.2231,31.7107],[-81.2242,31.7118],[-81.2293,31.7109],[-81.2303,31.7161],[-81.2283,31.7181],[-81.2228,31.719],[-81.209,31.7139],[-81.2145,31.7133],[-81.2182,31.7094],[-81.2167,31.7067],[-81.2098,31.704],[-81.2185,31.6998],[-81.2164,31.6976],[-81.2139,31.6972],[-81.2078,31.6999],[-81.2067,31.6965],[-81.2007,31.6968],[-81.2061,31.6968],[-81.2079,31.7005],[-81.2133,31.6983],[-81.2163,31.6985],[-81.209,31.7034],[-81.2104,31.7059],[-81.2169,31.7086],[-81.2133,31.7127],[-81.2044,31.7114],[-81.1998,31.7079],[-81.1863,31.7015],[-81.1884,31.7015],[-81.1915,31.6916],[-81.1938,31.6904],[-81.1983,31.6924],[-81.2022,31.6915],[-81.2043,31.6882],[-81.2045,31.6839],[-81.206,31.6832],[-81.2166,31.6877],[-81.2213,31.688],[-81.2265,31.6866],[-81.2308,31.6885],[-81.2342,31.6884],[-81.2333,31.6905],[-81.2362,31.689],[-81.2366,31.6857],[-81.2397,31.6838],[-81.2452,31.6931],[-81.2451,31.698],[-81.2462,31.699],[-81.2486,31.6985],[-81.2495,31.6973],[-81.2459,31.6979],[-81.246,31.6924],[-81.241,31.6836],[-81.2372,31.6835],[-81.232,31.6874],[-81.2261,31.683],[-81.2305,31.6843],[-81.2347,31.6832],[-81.248,31.674],[-81.2536,31.6767],[-81.2654,31.6794],[-81.2674,31.681],[-81.2674,31.6796],[-81.2726,31.6796],[-81.2785,31.6818],[-81.2782,31.6839],[-81.2728,31.689],[-81.2716,31.6935],[-81.2726,31.698],[-81.2758,31.6994],[-81.2813,31.6983],[-81.2852,31.696],[-81.2898,31.6886],[-81.2938,31.6854],[-81.291,31.6901],[-81.2917,31.6926],[-81.2957,31.6963],[-81.2966,31.7036],[-81.3003,31.7093],[-81.3018,31.7152],[-81.3038,31.7158],[-81.306,31.7144],[-81.3071,31.711],[-81.3114,31.7065],[-81.3137,31.7118],[-81.3166,31.7122],[-81.3142,31.7112],[-81.3134,31.7074],[-81.3109,31.706],[-81.3073,31.7089],[-81.3045,31.7138],[-81.3028,31.7139],[-81.3008,31.7069],[-81.2975,31.7018],[-81.2976,31.6965],[-81.2927,31.6922],[-81.2975,31.6861],[-81.3076,31.6857],[-81.3141,31.6911],[-81.3175,31.6966],[-81.3249,31.7],[-81.3241,31.7051],[-81.3212,31.708],[-81.3223,31.7091],[-81.3221,31.7073],[-81.3244,31.7057],[-81.3263,31.7003],[-81.3303,31.7025],[-81.3303,31.7054],[-81.327,31.712],[-81.3277,31.7151],[-81.3316,31.7146],[-81.3336,31.7117],[-81.335,31.7169],[-81.3373,31.719],[-81.3402,31.719],[-81.3428,31.7148],[-81.3469,31.7172],[-81.344,31.7176],[-81.343,31.7182],[-81.3457,31.7178],[-81.3438,31.7201],[-81.3438,31.7243],[-81.3399,31.7293],[-81.3419,31.7298],[-81.3447,31.7278],[-81.3463,31.7285],[-81.3425,31.7325],[-81.3461,31.7376],[-81.3518,31.7356],[-81.3514,31.7389],[-81.3535,31.7402],[-81.3564,31.7394],[-81.3614,31.7467],[-81.363,31.7456],[-81.3635,31.7409],[-81.3665,31.7448],[-81.3678,31.7442],[-81.3677,31.7417],[-81.3706,31.7432],[-81.3748,31.7404],[-81.3803,31.7405],[-81.3847,31.7357],[-81.3909,31.7366],[-81.3901,31.7386],[-81.3954,31.7391],[-81.3996,31.7435],[-81.401,31.7475],[-81.4084,31.7502],[-81.4056,31.7481],[-81.4012,31.747],[-81.4013,31.7425],[-81.3999,31.7428],[-81.3954,31.7386],[-81.3911,31.7384],[-81.3915,31.7363],[-81.3836,31.7345],[-81.382,31.7375],[-81.3826,31.7352],[-81.3814,31.734],[-81.3763,31.7358],[-81.3763,31.737],[-81.3798,31.7383],[-81.3794,31.7398],[-81.3748,31.7388],[-81.3711,31.7423],[-81.3671,31.7403],[-81.3667,31.7442],[-81.365,31.7403],[-81.363,31.7402],[-81.3617,31.7459],[-81.3582,31.739],[-81.3563,31.7381],[-81.3536,31.7389],[-81.3533,31.7351],[-81.3508,31.7346],[-81.3472,31.7368],[-81.344,31.7333],[-81.3479,31.7284],[-81.3453,31.7257],[-81.3452,31.7204],[-81.348,31.7194],[-81.3492,31.716],[-81.3433,31.7127],[-81.3408,31.714],[-81.3395,31.7176],[-81.3373,31.7171],[-81.3362,31.7097],[-81.3303,31.71],[-81.3328,31.7048],[-81.3318,31.7015],[-81.3248,31.697],[-81.3188,31.6949],[-81.3158,31.6905],[-81.3115,31.6874],[-81.3093,31.6833],[-81.3051,31.6828],[-81.3001,31.6843],[-81.2947,31.6804],[-81.301,31.6757],[-81.3036,31.6796],[-81.3068,31.6803],[-81.312,31.6774],[-81.3154,31.6778],[-81.3138,31.6806],[-81.3161,31.6811],[-81.3144,31.6804],[-81.3159,31.6777],[-81.3122,31.6769],[-81.3098,31.6783],[-81.307,31.6735],[-81.3066,31.6678],[-81.3088,31.6641],[-81.3159,31.6651],[-81.3166,31.6681],[-81.3138,31.6676],[-81.3129,31.6688],[-81.3141,31.6723],[-81.3155,31.6734],[-81.3181,31.673],[-81.3184,31.6696],[-81.3176,31.6728],[-81.3152,31.6728],[-81.3142,31.6685],[-81.3173,31.6684],[-81.3168,31.6653],[-81.3186,31.6642],[-81.3243,31.6663],[-81.33,31.6663],[-81.3303,31.6701],[-81.3329,31.6728],[-81.3373,31.6698],[-81.3423,31.6714],[-81.3437,31.6738],[-81.3453,31.6724],[-81.3457,31.669],[-81.3483,31.6697],[-81.3464,31.6679],[-81.3435,31.6712],[-81.3359,31.6687],[-81.3339,31.6699],[-81.3335,31.6719],[-81.332,31.671],[-81.3323,31.6676],[-81.3307,31.6656],[-81.319,31.6627],[-81.3135,31.6628],[-81.3077,31.6601],[-81.3084,31.6588],[-81.3129,31.6616],[-81.321,31.6611],[-81.3264,31.6583],[-81.3291,31.6546],[-81.3357,31.6524],[-81.3398,31.6483],[-81.3474,31.6552],[-81.3579,31.6555],[-81.3597,31.6531],[-81.3615,31.6547],[-81.3642,31.6549],[-81.3658,31.6524],[-81.3649,31.6503],[-81.3668,31.6492],[-81.3694,31.6521],[-81.3716,31.6519],[-81.3714,31.6489],[-81.3743,31.6474],[-81.3753,31.6481],[-81.3725,31.6504],[-81.3744,31.6521],[-81.3744,31.6541],[-81.3775,31.6555],[-81.3786,31.6544],[-81.3766,31.6527],[-81.3771,31.6506],[-81.3802,31.6513],[-81.3805,31.6487],[-81.3826,31.6492],[-81.3835,31.6471],[-81.3874,31.6491],[-81.3881,31.6464],[-81.3893,31.6468],[-81.3897,31.6456],[-81.3911,31.6465],[-81.3923,31.6454],[-81.391,31.6442],[-81.3961,31.6424],[-81.4002,31.644],[-81.3998,31.6463],[-81.4017,31.6447],[-81.4013,31.6464],[-81.403,31.6455],[-81.4027,31.6472],[-81.4038,31.6464],[-81.408,31.6488],[-81.4101,31.647],[-81.4112,31.649],[-81.414,31.6493],[-81.415,31.6519],[-81.4176,31.6521],[-81.4249,31.6491],[-81.428,31.642],[-81.4339,31.641],[-81.4368,31.6432],[-81.4431,31.654],[-81.4553,31.6594],[-81.4591,31.6657],[-81.461,31.6719],[-81.4677,31.6785],[-81.4677,31.6806],[-81.4609,31.6835],[-81.4611,31.6875],[-81.4654,31.694],[-81.4764,31.6983],[-81.4996,31.7],[-81.6418,31.7655],[-81.6433,31.7857],[-81.6456,31.788],[-81.6603,31.8008],[-81.6891,31.8091],[-81.6952,31.8126],[-81.6998,31.8208],[-81.714,31.8347],[-81.7287,31.8418],[-81.7358,31.854],[-81.7489,31.8608],[-81.7523,31.8612],[-81.7654,31.8745],[-81.7662,31.8868],[-81.7658,31.8878],[-81.7499,31.8836],[-81.6968,31.8675],[-81.6908,31.8673],[-81.6902,31.8656],[-81.6379,31.8496],[-81.6186,31.8492],[-81.6166,31.8497],[-81.6144,31.8535],[-81.6089,31.8564],[-81.6074,31.8532],[-81.6053,31.8538],[-81.6016,31.8572],[-81.6026,31.8605],[-81.5987,31.8636],[-81.5918,31.865],[-81.5671,31.8779],[-81.5592,31.8687],[-81.554,31.8663],[-81.526,31.8851],[-81.4049,31.9369],[-81.3997,31.9292],[-81.4016,31.9273],[-81.401,31.9222],[-81.4043,31.9201],[-81.4037,31.917],[-81.4004,31.9143],[-81.4009,31.9114],[-81.3996,31.9095],[-81.3944,31.9047],[-81.3951,31.901],[-81.3934,31.8994],[-81.3916,31.8938],[-81.3956,31.8874],[-81.395,31.8853],[-81.3964,31.8832],[-81.3928,31.8803],[-81.3867,31.88],[-81.3829,31.8761],[-81.3832,31.8726],[-81.381,31.8697],[-81.3807,31.8668],[-81.384,31.8621],[-81.3824,31.8589],[-81.3836,31.8582],[-81.3812,31.8565],[-81.3823,31.8559],[-81.382,31.8543],[-81.3783,31.8527],[-81.3789,31.8508],[-81.3768,31.8503],[-81.3781,31.8487],[-81.375,31.8481],[-81.3748,31.8466],[-81.3718,31.8469],[-81.3733,31.8436],[-81.3724,31.8402],[-81.3692,31.8405],[-81.369,31.8446],[-81.3658,31.8462],[-81.3639,31.8437],[-81.3652,31.84],[-81.3633,31.8391],[-81.3623,31.8365],[-81.3579,31.8348],[-81.3587,31.8312],[-81.3457,31.822],[-81.3472,31.8183],[-81.3526,31.82],[-81.3559,31.8195],[-81.3573,31.8179],[-81.3566,31.8149],[-81.3492,31.8138],[-81.3423,31.8158],[-81.3387,31.8182],[-81.3385,31.8207],[-81.3424,31.8279],[-81.3395,31.83],[-81.3336,31.8311],[-81.3319,31.8342],[-81.3351,31.8367],[-81.3431,31.8346],[-81.3451,31.8364],[-81.3426,31.839],[-81.3377,31.8403],[-81.3335,31.84],[-81.3298,31.8377],[-81.3268,31.8303],[-81.3292,31.8263],[-81.329,31.8231],[-81.3274,31.8217],[-81.3227,31.8211],[-81.32,31.8185],[-81.3248,31.8129],[-81.33,31.8123],[-81.3247,31.8122],[-81.3195,31.8174],[-81.3158,31.8159],[-81.3207,31.81],[-81.3201,31.8061],[-81.322,31.8045],[-81.3283,31.8022],[-81.3331,31.8029],[-81.3371,31.801],[-81.3375,31.7987],[-81.3413,31.7978],[-81.3498,31.7979],[-81.3462,31.7997],[-81.3435,31.8029],[-81.3433,31.8048],[-81.346,31.807],[-81.3575,31.8037],[-81.3577,31.8064],[-81.3612,31.8096],[-81.3626,31.8095],[-81.3633,31.8073],[-81.3659,31.8071],[-81.3773,31.8118],[-81.379,31.8117],[-81.3658,31.8066],[-81.3631,31.8063],[-81.3611,31.8086],[-81.3589,31.8069],[-81.359,31.8037],[-81.3577,31.8024],[-81.3463,31.8063],[-81.3441,31.8038],[-81.3463,31.8005],[-81.3501,31.7992],[-81.3505,31.7976],[-81.3487,31.7963],[-81.3379,31.7976],[-81.3356,31.7987],[-81.3338,31.8015],[-81.3273,31.8006],[-81.3169,31.8033],[-81.311,31.7982],[-81.3145,31.7952],[-81.3123,31.7891],[-81.3092,31.7874],[-81.2913,31.7889],[-81.2815,31.792],[-81.2748,31.7902],[-81.273,31.7885],[-81.273,31.7859],[-81.2779,31.7731],[-81.2781,31.7624],[-81.2769,31.7594],[-81.2736,31.757],[-81.2764,31.7487],[-81.2696,31.7421],[-81.2708,31.7409],[-81.2741,31.7414],[-81.2778,31.7468],[-81.281,31.7479],[-81.2877,31.7476],[-81.2904,31.7451],[-81.2901,31.7428],[-81.288,31.7411],[-81.2816,31.7394]]]]}},{"type":"Feature","properties":{"leaid":"1303390","name":"Lowndes County School District","kind":"Unified","gradeLow":"PK","gradeHigh":"12","state":"GA"},"geometry":{"type":"MultiPolygon","coordinates":[[[[-83.2876,30.8192],[-83.2778,30.8183],[-83.2787,30.8071],[-83.2758,30.8076],[-83.2746,30.8058],[-83.286,30.8069],[-83.2861,30.8123],[-83.2894,30.81],[-83.2893,30.807],[-83.2934,30.807],[-83.2991,30.816],[-83.2975,30.8161],[-83.2977,30.818],[-83.2992,30.8179],[-83.2913,30.8208],[-83.2876,30.8192]]],[[[-83.314,30.8469],[-83.304,30.8468],[-83.3045,30.8414],[-83.3066,30.8404],[-83.3082,30.8419],[-83.3086,30.841],[-83.3122,30.8417],[-83.314,30.8469]]],[[[-83.4756,31.032],[-83.2805,31.0266],[-83.1806,31.0255],[-83.1795,30.9501],[-83.0429,30.9473],[-83.0425,30.9377],[-83.0384,30.9358],[-83.0361,30.9321],[-83.0365,30.9298],[-83.0394,30.9292],[-83.0403,30.9269],[-83.0367,30.9239],[-83.0319,30.9222],[-83.0363,30.9211],[-83.0352,30.9191],[-83.0366,30.9177],[-83.0364,30.916],[-83.033,30.9148],[-83.0277,30.9152],[-83.0294,30.9102],[-83.0278,30.9082],[-83.0257,30.9082],[-83.0273,30.9062],[-83.0248,30.9064],[-83.0229,30.9028],[-83.0204,30.9043],[-83.0227,30.8966],[-83.0208,30.8907],[-83.0246,30.888],[-83.0226,30.8868],[-83.0237,30.8849],[-83.0225,30.8838],[-83.0237,30.8828],[-83.0208,30.8815],[-83.0231,30.8781],[-83.0219,30.8768],[-83.0232,30.8762],[-83.0224,30.8741],[-83.0242,30.8737],[-83.0216,30.8727],[-83.0234,30.8718],[-83.0231,30.8678],[-83.0264,30.8637],[-83.0252,30.8627],[-83.026,30.8615],[-83.0237,30.8591],[-83.0253,30.8521],[-83.0194,30.8495],[-83.0881,30.8487],[-83.0881,30.8312],[-83.1032,30.8314],[-83.1044,30.8037],[-83.1258,30.8034],[-83.1274,30.7991],[-83.1315,30.7942],[-83.1335,30.7855],[-83.1328,30.781],[-83.1349,30.7792],[-83.1362,30.7752],[-83.1353,30.7704],[-83.1362,30.7699],[-83.1328,30.7585],[-83.134,30.7517],[-83.1325,30.7489],[-83.1352,30.7403],[-83.1351,30.7351],[-83.1333,30.73],[-83.1348,30.7276],[-83.1342,30.7249],[-83.1302,30.7221],[-83.1358,30.722],[-83.1351,30.6654],[-83.1366,30.624],[-83.3092,30.6344],[-83.3092,30.6357],[-83.3141,30.6359],[-83.317,30.6375],[-83.3208,30.6419],[-83.3264,30.6435],[-83.3285,30.6426],[-83.3294,30.6402],[-83.3371,30.6407],[-83.3409,30.6363],[-83.3577,30.6374],[-83.3653,30.6408],[-83.366,30.6421],[-83.3652,30.6436],[-83.3606,30.6441],[-83.3613,30.6519],[-83.3646,30.6553],[-83.3627,30.6575],[-83.3631,30.6589],[-83.3709,30.6567],[-83.3749,30.659],[-83.3762,30.6621],[-83.381,30.663],[-83.3881,30.6676],[-83.394,30.6677],[-83.3943,30.6694],[-83.3915,30.6719],[-83.3963,30.6773],[-83.4045,30.6748],[-83.4125,30.6739],[-83.4152,30.6747],[-83.4187,30.6784],[-83.4164,30.6799],[-83.4183,30.6811],[-83.4168,30.6818],[-83.4173,30.6845],[-83.4204,30.6887],[-83.4222,30.6894],[-83.4235,30.6863],[-83.431,30.6887],[-83.4397,30.6886],[-83.4429,30.6951],[-83.4477,30.6954],[-83.4513,30.6999],[-83.4545,30.7009],[-83.4524,30.7057],[-83.4553,30.7115],[-83.4656,30.7177],[-83.4687,30.7181],[-83.4675,30.7258],[-83.468,30.7322],[-83.4804,30.7441],[-83.4848,30.7524],[-83.4845,30.7545],[-83.4825,30.7569],[-83.477,30.7597],[-83.4742,30.7604],[-83.4721,30.7592],[-83.468,30.7644],[-83.4629,30.7636],[-83.4583,30.7646],[-83.4544,30.77],[-83.4593,30.7775],[-83.4571,30.7808],[-83.4593,30.7834],[-83.457,30.7865],[-83.4523,30.7882],[-83.4517,30.7903],[-83.4532,30.7945],[-83.4475,30.7989],[-83.4467,30.8064],[-83.4511,30.8109],[-83.45,30.8176],[-83.4438,30.8177],[-83.4386,30.8144],[-83.4325,30.814],[-83.4296,30.8169],[-83.4262,30.815],[-83.4147,30.8287],[-83.4089,30.829],[-83.3945,30.8254],[-83.392,30.8278],[-83.3892,30.8272],[-83.3865,30.8289],[-83.3836,30.8282],[-83.3792,30.8305],[-83.3732,30.8398],[-83.3708,30.8377],[-83.3648,30.8371],[-83.3637,30.8398],[-83.3627,30.8377],[-83.3595,30.8364],[-83.3536,30.8415],[-83.3509,30.8418],[-83.352,30.8463],[-83.3477,30.8471],[-83.3489,30.8495],[-83.3464,30.8535],[-83.3481,30.856],[-83.3501,30.8551],[-83.351,30.86],[-83.3547,30.8617],[-83.3538,30.8645],[-83.3571,30.8665],[-83.358,30.8687],[-83.3556,30.869],[-83.3574,30.871],[-83.356,30.8723],[-83.3588,30.8723],[-83.3591,30.8735],[-83.364,30.8764],[-83.3661,30.8805],[-83.3685,30.8811],[-83.3679,30.883],[-83.3695,30.8842],[-83.373,30.8846],[-83.3775,30.8804],[-83.3809,30.8844],[-83.3845,30.8852],[-83.3906,30.8842],[-83.3934,30.8854],[-83.3925,30.8835],[-83.3936,30.8828],[-83.3967,30.8851],[-83.3989,30.8838],[-83.4027,30.8847],[-83.4042,30.8872],[-83.4084,30.8868],[-83.408,30.8878],[-83.4053,30.8877],[-83.4088,30.8907],[-83.4087,30.8924],[-83.4112,30.8925],[-83.4117,30.8944],[-83.4136,30.894],[-83.4123,30.8921],[-83.4152,30.8922],[-83.4168,30.891],[-83.4158,30.8895],[-83.4172,30.8892],[-83.421,30.8923],[-83.4263,30.893],[-83.4246,30.895],[-83.4274,30.8952],[-83.4256,30.8965],[-83.4283,30.8975],[-83.4265,30.8977],[-83.4265,30.8992],[-83.4277,30.8987],[-83.4309,30.9007],[-83.4327,30.8994],[-83.4323,30.9006],[-83.4344,30.9017],[-83.4348,30.9042],[-83.4382,30.9033],[-83.4385,30.9048],[-83.4403,30.9048],[-83.4404,30.9065],[-83.4387,30.9066],[-83.4384,30.9083],[-83.4409,30.9094],[-83.4397,30.9103],[-83.4412,30.9106],[-83.4398,30.9113],[-83.4411,30.9126],[-83.4395,30.9136],[-83.4418,30.9138],[-83.44,30.9147],[-83.4418,30.9161],[-83.4409,30.9178],[-83.4388,30.9182],[-83.4394,30.9196],[-83.4363,30.9207],[-83.4388,30.9211],[-83.4365,30.9273],[-83.4378,30.9282],[-83.4369,30.9291],[-83.4389,30.9298],[-83.4359,30.9307],[-83.439,30.9316],[-83.4365,30.9326],[-83.4351,30.9354],[-83.4399,30.9398],[-83.4367,30.9397],[-83.4315,30.9443],[-83.4292,30.9489],[-83.432,30.9497],[-83.4307,30.9508],[-83.431,30.9537],[-83.4339,30.9547],[-83.4323,30.9561],[-83.4357,30.9545],[-83.4366,30.9553],[-83.4347,30.9597],[-83.4361,30.9608],[-83.4347,30.9615],[-83.4372,30.9627],[-83.4355,30.9638],[-83.4371,30.9642],[-83.4364,30.9659],[-83.4397,30.9663],[-83.4381,30.9686],[-83.4423,30.9728],[-83.443,30.9848],[-83.445,30.9872],[-83.4441,30.9883],[-83.4463,30.9877],[-83.4472,30.9904],[-83.4484,30.9892],[-83.4517,30.9903],[-83.4527,30.9938],[-83.4544,30.9929],[-83.4559,30.9948],[-83.4547,30.9967],[-83.4563,30.9973],[-83.4548,30.9986],[-83.4582,31.0008],[-83.4584,31.0031],[-83.4604,31.0028],[-83.4613,31.0057],[-83.4638,31.0061],[-83.4629,31.0073],[-83.4641,31.0082],[-83.4641,31.0109],[-83.4684,31.0165],[-83.4662,31.0167],[-83.4661,31.0191],[-83.4675,31.0208],[-83.4694,31.0209],[-83.4681,31.0223],[-83.4715,31.0241],[-83.4706,31.0253],[-83.4715,31.0267],[-83.4681,31.0294],[-83.4706,31.0285],[-83.4723,31.0297],[-83.4733,31.0285],[-83.4738,31.0313],[-83.475,31.0303],[-83.4769,31.0311],[-83.4756,31.032]],[[-83.2969,30.9288],[-83.3026,30.9251],[-83.3027,30.9223],[-83.3016,30.9216],[-83.3037,30.9218],[-83.3054,30.9194],[-83.3055,30.8983],[-83.3138,30.8976],[-83.3147,30.8959],[-83.3174,30.8959],[-83.3187,30.8944],[-83.3191,30.8922],[-83.3171,30.8897],[-83.3183,30.8888],[-83.3159,30.8884],[-83.3149,30.8872],[-83.3156,30.8863],[-83.314,30.8854],[-83.3208,30.8857],[-83.3209,30.8746],[-83.3146,30.8746],[-83.3158,30.8709],[-83.3156,30.8687],[-83.3142,30.8682],[-83.3161,30.8662],[-83.3159,30.864],[-83.3187,30.8625],[-83.3194,30.8606],[-83.3229,30.8639],[-83.3206,30.8605],[-83.3216,30.8594],[-83.3208,30.8583],[-83.3215,30.859],[-83.3258,30.8564],[-83.3277,30.8569],[-83.3306,30.8545],[-83.3325,30.8548],[-83.3327,30.8469],[-83.3353,30.8477],[-83.3353,30.8545],[-83.336,30.8527],[-83.3376,30.8532],[-83.3379,30.8585],[-83.3417,30.8585],[-83.3414,30.8604],[-83.3432,30.8619],[-83.3427,30.8592],[-83.3445,30.8528],[-83.3379,30.8488],[-83.3384,30.8408],[-83.3529,30.8413],[-83.3485,30.8387],[-83.3386,30.8382],[-83.3387,30.8356],[-83.3331,30.8355],[-83.333,30.8382],[-83.3282,30.8376],[-83.3188,30.8209],[-83.3187,30.8192],[-83.3196,30.8204],[-83.322,30.8194],[-83.3206,30.816],[-83.3213,30.8131],[-83.3115,30.8167],[-83.3114,30.8138],[-83.3064,30.8149],[-83.307,30.8183],[-83.302,30.8203],[-83.3002,30.8174],[-83.3062,30.8154],[-83.3059,30.8098],[-83.3002,30.8116],[-83.2972,30.807],[-83.2984,30.807],[-83.2984,30.8055],[-83.3015,30.8056],[-83.3016,30.8045],[-83.3064,30.805],[-83.3071,30.8024],[-83.3026,30.7932],[-83.3021,30.7942],[-83.3001,30.7929],[-83.2899,30.7928],[-83.2783,30.7955],[-83.2838,30.7919],[-83.2829,30.7922],[-83.2824,30.7899],[-83.2807,30.7917],[-83.2797,30.7913],[-83.2801,30.787],[-83.2842,30.788],[-83.2868,30.7784],[-83.2923,30.7734],[-83.2884,30.7696],[-83.2839,30.7772],[-83.2762,30.7772],[-83.273,30.764],[-83.2829,30.7641],[-83.2829,30.7628],[-83.2756,30.755],[-83.2756,30.7588],[-83.2699,30.7587],[-83.2683,30.7624],[-83.2695,30.7633],[-83.2678,30.7642],[-83.269,30.7775],[-83.2682,30.7781],[-83.2692,30.778],[-83.2731,30.7986],[-83.2718,30.7985],[-83.2731,30.7989],[-83.2736,30.8025],[-83.2709,30.8021],[-83.2705,30.8002],[-83.267,30.8008],[-83.2681,30.8061],[-83.2642,30.8076],[-83.2608,30.8026],[-83.2529,30.8026],[-83.2509,30.8037],[-83.2494,30.8024],[-83.2478,30.8038],[-83.2478,30.8055],[-83.2417,30.8057],[-83.2415,30.8133],[-83.2603,30.8175],[-83.2591,30.8196],[-83.2563,30.8196],[-83.2558,30.8181],[-83.2518,30.819],[-83.2515,30.823],[-83.2469,30.824],[-83.2473,30.8252],[-83.2461,30.8242],[-83.2441,30.8255],[-83.2386,30.8248],[-83.2386,30.8235],[-83.2411,30.8226],[-83.2409,30.8203],[-83.2431,30.8199],[-83.2408,30.8166],[-83.2316,30.8157],[-83.2304,30.8192],[-83.234,30.8244],[-83.2365,30.8239],[-83.2366,30.825],[-83.2323,30.8253],[-83.2364,30.8299],[-83.24,30.8395],[-83.2438,30.8394],[-83.2438,30.8352],[-83.2452,30.8343],[-83.2515,30.8343],[-83.2517,30.8376],[-83.2448,30.8376],[-83.245,30.8408],[-83.2471,30.8419],[-83.2456,30.8426],[-83.2443,30.8413],[-83.2417,30.8425],[-83.243,30.8437],[-83.2287,30.8491],[-83.2277,30.8301],[-83.2229,30.83],[-83.223,30.8348],[-83.2255,30.8355],[-83.2246,30.8364],[-83.2258,30.8569],[-83.2228,30.8569],[-83.2224,30.8817],[-83.2312,30.8798],[-83.2307,30.8856],[-83.2262,30.8855],[-83.2268,30.8893],[-83.234,30.8894],[-83.2342,30.8828],[-83.2414,30.8828],[-83.2414,30.8792],[-83.2439,30.8808],[-83.2421,30.8811],[-83.242,30.8828],[-83.2497,30.883],[-83.2468,30.8911],[-83.2412,30.891],[-83.2412,30.8946],[-83.2397,30.8946],[-83.2397,30.898],[-83.2414,30.898],[-83.2422,30.9],[-83.2442,30.8984],[-83.2415,30.9058],[-83.2413,30.9132],[-83.2422,30.9144],[-83.2574,30.9143],[-83.2558,30.9148],[-83.2557,30.9181],[-83.2575,30.9163],[-83.2594,30.9174],[-83.2625,30.9149],[-83.2598,30.914],[-83.2615,30.9139],[-83.2615,30.9121],[-83.2655,30.9121],[-83.2656,30.9085],[-83.2636,30.9085],[-83.2651,30.9046],[-83.2637,30.904],[-83.2655,30.9027],[-83.2654,30.8971],[-83.2612,30.8971],[-83.2614,30.8998],[-83.258,30.8998],[-83.2581,30.8971],[-83.2572,30.8971],[-83.257,30.8999],[-83.2544,30.9001],[-83.2542,30.9034],[-83.2515,30.9037],[-83.2531,30.9069],[-83.2514,30.9078],[-83.2495,30.9062],[-83.242,30.9054],[-83.2483,30.8879],[-83.2519,30.8886],[-83.2527,30.8831],[-83.2519,30.8822],[-83.2537,30.8825],[-83.2536,30.8866],[-83.2558,30.8867],[-83.2559,30.8885],[-83.2603,30.8885],[-83.2602,30.891],[-83.2614,30.891],[-83.2619,30.8887],[-83.262,30.8916],[-83.2677,30.8916],[-83.2678,30.89],[-83.2655,30.8899],[-83.2656,30.8839],[-83.2574,30.8839],[-83.2581,30.883],[-83.2766,30.8844],[-83.2771,30.8828],[-83.2844,30.8832],[-83.2844,30.8858],[-83.2866,30.886],[-83.2833,30.8882],[-83.283,30.8899],[-83.2892,30.89],[-83.2914,30.8874],[-83.2913,30.8983],[-83.2886,30.8977],[-83.2848,30.8976],[-83.2832,30.8969],[-83.283,30.8901],[-83.2825,30.8901],[-83.2825,30.8934],[-83.2794,30.8933],[-83.2791,30.8999],[-83.2851,30.9],[-83.2851,30.8978],[-83.2913,30.8985],[-83.2912,30.927],[-83.2969,30.9288]]]]}},{"type":"Feature","properties":{"leaid":"1302520","name":"Spalding County School District","kind":"Unified","gradeLow":"PK","gradeHigh":"12","state":"GA"},"geometry":{"type":"Polygon","coordinates":[[[-84.1087,33.3013],[-84.0971,33.2938],[-84.097,33.2917],[-84.093,33.2899],[-84.0914,33.2865],[-84.089,33.2856],[-84.1226,33.2527],[-84.1227,33.2488],[-84.1181,33.2487],[-84.1181,33.2444],[-84.123,33.2445],[-84.124,33.1786],[-84.2243,33.1794],[-84.224,33.1834],[-84.2275,33.1889],[-84.3737,33.1896],[-84.3731,33.2004],[-84.3936,33.2003],[-84.3935,33.2083],[-84.4045,33.2085],[-84.4513,33.2089],[-84.4528,33.2083],[-84.4553,33.2026],[-84.4585,33.201],[-84.4624,33.2019],[-84.4667,33.1993],[-84.4692,33.2016],[-84.4708,33.2006],[-84.4725,33.2019],[-84.4743,33.2016],[-84.4763,33.1994],[-84.4774,33.1923],[-84.4805,33.1905],[-84.4809,33.1887],[-84.4886,33.1873],[-84.4895,33.1862],[-84.4931,33.1863],[-84.4961,33.1835],[-84.4969,33.1841],[-84.495,33.1876],[-84.4967,33.1923],[-84.4938,33.1965],[-84.4926,33.1956],[-84.4905,33.1976],[-84.493,33.2001],[-84.4984,33.2016],[-84.4982,33.2047],[-84.4961,33.2074],[-84.4968,33.2098],[-84.4995,33.2122],[-84.5005,33.2151],[-84.5024,33.2153],[-84.5006,33.219],[-84.5027,33.2197],[-84.5023,33.2209],[-84.5066,33.2266],[-84.5057,33.2288],[-84.5048,33.2284],[-84.5056,33.2268],[-84.5038,33.2273],[-84.5003,33.2334],[-84.5022,33.234],[-84.5023,33.237],[-84.5041,33.2391],[-84.507,33.2378],[-84.5085,33.2398],[-84.5079,33.2423],[-84.5091,33.2448],[-84.5074,33.2463],[-84.508,33.2486],[-84.5058,33.2486],[-84.5016,33.2515],[-84.4982,33.25],[-84.4975,33.2574],[-84.4329,33.2565],[-84.4334,33.2616],[-84.4328,33.2634],[-84.4313,33.2632],[-84.4304,33.2685],[-84.4318,33.2717],[-84.43,33.2729],[-84.4308,33.2758],[-84.4285,33.2757],[-84.4292,33.2768],[-84.4265,33.2789],[-84.4266,33.2807],[-84.4229,33.2865],[-84.4191,33.2873],[-84.4204,33.2908],[-84.4202,33.2919],[-84.4185,33.2919],[-84.4191,33.2936],[-84.4133,33.2923],[-84.4128,33.2946],[-84.4086,33.2941],[-84.4075,33.2966],[-84.4084,33.2984],[-84.4064,33.2993],[-84.4027,33.3054],[-84.3985,33.3042],[-84.3984,33.3014],[-84.397,33.3016],[-84.3949,33.3041],[-84.3945,33.3077],[-84.3928,33.3081],[-84.3933,33.3169],[-84.3888,33.3154],[-84.3841,33.3195],[-84.3855,33.3217],[-84.3844,33.324],[-84.3856,33.3248],[-84.3848,33.3274],[-84.3872,33.3302],[-84.3867,33.3316],[-84.389,33.3319],[-84.3905,33.3343],[-84.3885,33.3358],[-84.3896,33.3372],[-84.3887,33.3393],[-84.3858,33.3389],[-84.3868,33.3399],[-84.3858,33.3413],[-84.3835,33.3389],[-84.3827,33.3419],[-84.3858,33.3503],[-84.3881,33.3525],[-84.2474,33.3526],[-84.2473,33.3358],[-84.1506,33.3356],[-84.1509,33.313],[-84.1482,33.3131],[-84.1489,33.3151],[-84.145,33.3165],[-84.1463,33.314],[-84.143,33.3147],[-84.1398,33.3129],[-84.1388,33.3089],[-84.1351,33.3082],[-84.1344,33.3037],[-84.1312,33.3023],[-84.1279,33.3024],[-84.124,33.3001],[-84.1185,33.3024],[-84.1134,33.2977],[-84.1101,33.2991],[-84.1087,33.3013]]]}},{"type":"Feature","properties":{"leaid":"1302550","name":"Gwinnett County School District","kind":"Unified","gradeLow":"PK","gradeHigh":"12","state":"GA"},"geometry":{"type":"MultiPolygon","coordinates":[[[[-83.9793,34.0921],[-83.9846,34.0897],[-83.9859,34.0916],[-83.9818,34.0946],[-83.9826,34.0959],[-83.9816,34.0981],[-83.9794,34.099],[-83.9786,34.0977],[-83.9751,34.1004],[-83.9736,34.0987],[-83.9714,34.1005],[-83.9689,34.1006],[-83.9677,34.1022],[-83.9716,34.1073],[-83.9699,34.1092],[-83.9649,34.1062],[-83.9618,34.1094],[-83.9597,34.1098],[-83.9591,34.1086],[-83.9594,34.1098],[-83.9612,34.1122],[-83.9597,34.113],[-83.9604,34.1143],[-83.9628,34.1148],[-83.9624,34.1157],[-83.9635,34.1143],[-83.9656,34.1173],[-83.9649,34.1182],[-83.9664,34.1183],[-83.9609,34.1239],[-83.9635,34.1274],[-83.9591,34.1316],[-83.9567,34.1307],[-83.9554,34.1282],[-83.9563,34.1267],[-83.955,34.1261],[-83.9578,34.1248],[-83.9591,34.1255],[-83.9583,34.1245],[-83.9605,34.1234],[-83.9588,34.1209],[-83.9524,34.1239],[-83.9521,34.1228],[-83.947,34.1219],[-83.9506,34.1271],[-83.9506,34.1288],[-83.9487,34.1285],[-83.9458,34.1263],[-83.9334,34.1225],[-83.9307,34.1203],[-83.9258,34.1195],[-83.8772,34.1021],[-83.8764,34.1008],[-83.8678,34.0987],[-83.8425,34.1132],[-83.8397,34.1134],[-83.8401,34.1146],[-83.8323,34.1201],[-83.8176,34.1272],[-83.8193,34.1231],[-83.8179,34.1234],[-83.8199,34.1221],[-83.8215,34.1166],[-83.8244,34.1129],[-83.8232,34.1134],[-83.828,34.1045],[-83.8298,34.0983],[-83.8288,34.0973],[-83.8308,34.0968],[-83.8367,34.0814],[-83.8409,34.07],[-83.8399,34.0687],[-83.843,34.0664],[-83.8435,34.0621],[-83.8457,34.0579],[-83.8447,34.0574],[-83.8462,34.0564],[-83.8543,34.0385],[-83.8548,34.0342],[-83.8577,34.0298],[-83.859,34.0243],[-83.862,34.0214],[-83.8606,34.0197],[-83.8654,34.0102],[-83.8633,34.0094],[-83.8652,34.0058],[-83.8678,34.0042],[-83.8558,33.9932],[-83.8503,33.9914],[-83.8383,33.9836],[-83.8319,33.9663],[-83.8244,33.9644],[-83.8137,33.9545],[-83.8134,33.9491],[-83.8111,33.9468],[-83.8088,33.9465],[-83.8073,33.9436],[-83.8049,33.9422],[-83.8059,33.9374],[-83.8023,33.9318],[-83.7998,33.9308],[-83.8013,33.9276],[-83.8079,33.9222],[-83.8156,33.9186],[-83.8145,33.9171],[-83.8194,33.9148],[-83.8187,33.9139],[-83.8224,33.9122],[-83.8216,33.9111],[-83.8325,33.906],[-83.8294,33.9014],[-83.8351,33.8988],[-83.8362,33.9006],[-83.8435,33.8951],[-83.8555,33.8899],[-83.8561,33.8839],[-83.8595,33.8835],[-83.8597,33.8813],[-83.8703,33.8717],[-83.8816,33.8661],[-83.8805,33.8644],[-83.888,33.8597],[-83.8875,33.8587],[-83.8898,33.8568],[-83.8912,33.8575],[-83.9024,33.8478],[-83.9019,33.8457],[-83.9029,33.8465],[-83.9063,33.845],[-83.9121,33.8402],[-83.9221,33.8363],[-83.9206,33.8341],[-83.9265,33.8302],[-83.9273,33.8271],[-83.9285,33.8265],[-83.9294,33.8277],[-83.9319,33.8258],[-83.9314,33.8251],[-83.9377,33.8221],[-83.9367,33.8207],[-83.946,33.8161],[-83.9448,33.8144],[-83.9512,33.8091],[-83.9493,33.8064],[-83.9511,33.8051],[-83.9543,33.8088],[-83.9579,33.8065],[-83.9589,33.8056],[-83.956,33.8013],[-83.9597,33.7992],[-83.962,33.8027],[-83.9638,33.801],[-83.9633,33.8002],[-83.9652,33.8003],[-83.9651,33.7984],[-83.9667,33.7971],[-83.9661,33.7961],[-83.969,33.7962],[-83.9777,33.7883],[-83.9873,33.7838],[-83.9861,33.7822],[-83.9906,33.7778],[-83.997,33.7771],[-83.9941,33.7753],[-84.0013,33.7715],[-84.0003,33.7705],[-84.0058,33.7677],[-84.0053,33.7669],[-84.0107,33.7627],[-84.01,33.7623],[-84.0236,33.7528],[-84.0249,33.7529],[-84.0411,33.7586],[-84.0457,33.7649],[-84.0551,33.7678],[-84.0582,33.7727],[-84.0728,33.7752],[-84.0873,33.79],[-84.0962,33.7969],[-84.0971,33.7992],[-84.1037,33.8015],[-84.114,33.8075],[-84.1321,33.8294],[-84.1334,33.8335],[-84.1368,33.8367],[-84.1454,33.8399],[-84.158,33.8533],[-84.1749,33.8596],[-84.181,33.8651],[-84.1933,33.8678],[-84.1968,33.8717],[-84.2029,33.8726],[-84.205,33.8766],[-84.2059,33.8761],[-84.2059,33.8772],[-84.217,33.8845],[-84.2229,33.8922],[-84.2331,33.902],[-84.247,33.9101],[-84.2466,33.9075],[-84.2502,33.9075],[-84.2501,33.9111],[-84.2563,33.9149],[-84.2598,33.9189],[-84.2653,33.9326],[-84.2703,33.9404],[-84.2695,33.9412],[-84.2708,33.9448],[-84.2723,33.9448],[-84.2659,33.9479],[-84.2715,33.9559],[-84.2753,33.9541],[-84.2771,33.9568],[-84.2758,33.959],[-84.2748,33.9575],[-84.273,33.958],[-84.2676,33.9638],[-84.2581,33.9682],[-84.2628,33.9737],[-84.2616,33.9765],[-84.2632,33.9864],[-84.2609,33.9877],[-84.2567,33.986],[-84.2541,33.9864],[-84.2498,33.9921],[-84.2497,33.9962],[-84.2483,33.9983],[-84.238,33.9999],[-84.2273,34.0041],[-84.2129,34.0039],[-84.2021,33.997],[-84.2016,33.9941],[-84.205,33.9919],[-84.2044,33.9897],[-84.1927,33.9908],[-84.1858,33.9941],[-84.1809,33.9987],[-84.18,34.0065],[-84.1751,34.0209],[-84.169,34.0284],[-84.1621,34.0296],[-84.1571,34.0324],[-84.1532,34.0307],[-84.1428,34.0297],[-84.1228,34.0335],[-84.116,34.0366],[-84.1111,34.0425],[-84.0985,34.049],[-84.0981,34.0516],[-84.1069,34.0553],[-84.1113,34.0626],[-84.115,34.0652],[-84.1178,34.0653],[-84.1179,34.0674],[-84.1133,34.0766],[-84.1138,34.0852],[-84.1099,34.0925],[-84.1101,34.098],[-84.1019,34.1046],[-84.1016,34.1164],[-84.098,34.1188],[-84.0976,34.1228],[-84.0935,34.1259],[-84.0948,34.1322],[-84.0916,34.1344],[-84.0859,34.1418],[-84.0851,34.1434],[-84.0861,34.1477],[-84.0761,34.1581],[-84.0761,34.1617],[-84.074,34.164],[-84.0622,34.1685],[-84.0226,34.1542],[-84.0168,34.1523],[-84.0163,34.1532],[-84.0153,34.1518],[-84.0051,34.1475],[-84.0044,34.1482],[-83.9966,34.1451],[-83.9973,34.1433],[-84.0028,34.1455],[-84.0024,34.1445],[-84.0051,34.1431],[-84.0084,34.1458],[-84.0095,34.1453],[-84.0095,34.1488],[-84.0125,34.1502],[-84.0113,34.1454],[-84.0122,34.1451],[-84.0108,34.1447],[-84.0117,34.1428],[-84.0063,34.1399],[-84.0057,34.1371],[-84.0076,34.1369],[-84.0083,34.1405],[-84.0101,34.1397],[-84.0116,34.1422],[-84.0166,34.1431],[-84.0174,34.1415],[-84.0156,34.1411],[-84.016,34.1387],[-84.013,34.1362],[-84.0158,34.1346],[-84.0134,34.1335],[-84.0131,34.1344],[-84.0105,34.132],[-84.0121,34.1293],[-84.0157,34.132],[-84.0168,34.1315],[-84.0151,34.1308],[-84.0189,34.1284],[-84.0227,34.1295],[-84.0229,34.1277],[-84.0217,34.1271],[-84.0226,34.1257],[-84.0204,34.1267],[-84.0208,34.1246],[-84.0231,34.124],[-84.0251,34.1247],[-84.0262,34.1273],[-84.0241,34.1283],[-84.0257,34.1305],[-84.0227,34.1296],[-84.0213,34.132],[-84.0265,34.1316],[-84.0292,34.1356],[-84.0281,34.1396],[-84.0263,34.1417],[-84.0251,34.1411],[-84.0273,34.1366],[-84.0254,34.1375],[-84.0247,34.1365],[-84.0191,34.139],[-84.0204,34.1395],[-84.018,34.1407],[-84.0195,34.1453],[-84.0212,34.1421],[-84.0241,34.141],[-84.021,34.1448],[-84.022,34.1454],[-84.0246,34.1442],[-84.0254,34.1453],[-84.0245,34.1514],[-84.0236,34.151],[-84.0244,34.1532],[-84.0273,34.1512],[-84.0264,34.1473],[-84.0274,34.1467],[-84.0286,34.1485],[-84.0331,34.1505],[-84.0331,34.1484],[-84.0341,34.1486],[-84.0338,34.1476],[-84.033,34.1484],[-84.0287,34.147],[-84.0289,34.145],[-84.0322,34.1435],[-84.0283,34.1419],[-84.0296,34.1407],[-84.0324,34.1401],[-84.0337,34.142],[-84.0389,34.1407],[-84.0493,34.1354],[-84.0464,34.1285],[-84.042,34.1298],[-84.0365,34.1268],[-84.0316,34.1266],[-84.029,34.1278],[-84.0254,34.1249],[-84.0275,34.1238],[-84.0252,34.1205],[-84.0301,34.1182],[-84.0272,34.114],[-84.023,34.116],[-84.0207,34.1143],[-84.0256,34.1118],[-84.014,34.0953],[-84.0156,34.0939],[-84.0173,34.0965],[-84.0223,34.094],[-84.0216,34.0929],[-84.0173,34.095],[-84.0161,34.0931],[-84.0211,34.0906],[-84.017,34.0895],[-84.0176,34.0877],[-84.0136,34.0851],[-84.0142,34.0835],[-84.0126,34.0801],[-84.0155,34.0789],[-84.0077,34.0676],[-83.9993,34.0719],[-83.9999,34.0728],[-83.9988,34.0734],[-83.9967,34.0726],[-83.9942,34.0768],[-83.9967,34.0756],[-83.998,34.0778],[-83.9936,34.0786],[-83.994,34.0801],[-83.9905,34.0768],[-83.9889,34.0777],[-83.9881,34.0766],[-83.9925,34.0747],[-83.9904,34.0715],[-83.9911,34.0711],[-83.9857,34.0721],[-83.9868,34.0696],[-83.9857,34.0686],[-83.9842,34.0722],[-83.9769,34.0725],[-83.9745,34.0687],[-83.9731,34.07],[-83.97,34.069],[-83.968,34.0644],[-83.967,34.065],[-83.9649,34.0627],[-83.9584,34.0611],[-83.9576,34.0598],[-83.9469,34.0633],[-83.9504,34.0662],[-83.9513,34.0658],[-83.9507,34.0665],[-83.9529,34.0677],[-83.9537,34.0703],[-83.9565,34.068],[-83.9597,34.0697],[-83.9584,34.0703],[-83.9612,34.0744],[-83.9642,34.0732],[-83.962,34.0706],[-83.9681,34.0691],[-83.969,34.0691],[-83.9687,34.0709],[-83.9694,34.071],[-83.9701,34.0694],[-83.9706,34.0695],[-83.9703,34.0706],[-83.972,34.0721],[-83.9727,34.0702],[-83.9738,34.0708],[-83.9744,34.0723],[-83.9733,34.0734],[-83.9767,34.0747],[-83.978,34.0741],[-83.9805,34.0783],[-83.9841,34.0798],[-83.9831,34.0827],[-83.9797,34.0855],[-83.9768,34.0852],[-83.9812,34.0887],[-83.9768,34.0887],[-83.9793,34.0921]],[[-83.9793,34.0921],[-83.9786,34.0929],[-83.9777,34.0939],[-83.9796,34.0933],[-83.9793,34.0921]]],[[[-83.9515,34.1243],[-83.9529,34.1245],[-83.9535,34.1261],[-83.9515,34.1243]]],[[[-83.9745,34.1012],[-83.9763,34.1011],[-83.9762,34.1018],[-83.9745,34.1012]]],[[[-83.9509,34.127],[-83.9488,34.1226],[-83.9517,34.1267],[-83.9509,34.127]]],[[[-83.9661,34.1167],[-83.9693,34.1133],[-83.9717,34.1143],[-83.9752,34.1128],[-83.976,34.1139],[-83.9707,34.1198],[-83.9675,34.1187],[-83.9683,34.1178],[-83.9661,34.1167]]],[[[-83.9687,34.1128],[-83.9703,34.1125],[-83.9715,34.1135],[-83.9687,34.1128]]],[[[-83.9693,34.1346],[-83.9713,34.1317],[-83.9722,34.1334],[-83.9706,34.1351],[-83.9728,34.1366],[-83.9693,34.1346]]],[[[-83.9702,34.1023],[-83.9706,34.1011],[-83.9708,34.1011],[-83.9702,34.1023]]],[[[-83.9705,34.1024],[-83.9712,34.1017],[-83.9727,34.1029],[-83.9723,34.1033],[-83.9705,34.1024]]],[[[-83.9732,34.1056],[-83.974,34.1054],[-83.9729,34.1061],[-83.9732,34.1056]]],[[[-83.9787,34.1388],[-83.9781,34.1373],[-83.976,34.1381],[-83.9732,34.1368],[-83.9743,34.1345],[-83.9773,34.1338],[-83.978,34.137],[-83.9791,34.1366],[-83.9804,34.1385],[-83.9787,34.1388]]],[[[-83.9742,34.1092],[-83.978,34.1062],[-83.9757,34.1102],[-83.9742,34.1092]]],[[[-83.9846,34.0979],[-83.9842,34.0967],[-83.985,34.0978],[-83.9846,34.0979]]],[[[-83.9894,34.0967],[-83.9926,34.0953],[-83.9896,34.097],[-83.9894,34.0967]]],[[[-83.9902,34.0947],[-83.9907,34.0953],[-83.9904,34.0953],[-83.9902,34.0947]]],[[[-83.9925,34.0829],[-83.992,34.0809],[-83.9936,34.0808],[-83.9925,34.0829]]],[[[-83.9949,34.0926],[-83.9963,34.0919],[-83.9943,34.0942],[-83.9949,34.0926]]],[[[-83.9981,34.091],[-83.9985,34.0924],[-83.9967,34.0927],[-83.9976,34.0918],[-83.9981,34.091]]],[[[-84.0058,34.0868],[-84.007,34.085],[-84.0069,34.0876],[-84.0058,34.0868]]],[[[-84.0074,34.1357],[-84.0088,34.1355],[-84.0075,34.1357],[-84.0088,34.1365],[-84.0066,34.1361],[-84.0074,34.1357]]],[[[-84.0072,34.1431],[-84.0074,34.1423],[-84.0079,34.1428],[-84.0072,34.1431]]],[[[-84.0115,34.1403],[-84.0118,34.138],[-84.0105,34.1379],[-84.01,34.1365],[-84.012,34.1379],[-84.0122,34.1383],[-84.0127,34.1398],[-84.0115,34.1403]]],[[[-84.0267,34.1454],[-84.0275,34.1448],[-84.0276,34.1454],[-84.0267,34.1454]]],[[[-84.0276,34.1443],[-84.0269,34.1439],[-84.0277,34.144],[-84.0276,34.1443]]]]}},{"type":"Feature","properties":{"leaid":"1302580","name":"Habersham County School District","kind":"Unified","gradeLow":"PK","gradeHigh":"12","state":"GA"},"geometry":{"type":"Polygon","coordinates":[[[-83.3524,34.7161],[-83.3505,34.7097],[-83.3466,34.7042],[-83.353,34.7008],[-83.3536,34.6978],[-83.3426,34.6936],[-83.3401,34.6915],[-83.3382,34.6872],[-83.365,34.6753],[-83.4598,34.4811],[-83.4699,34.4841],[-83.5375,34.4917],[-83.5448,34.4863],[-83.5524,34.4858],[-83.568,34.4711],[-83.5764,34.4652],[-83.5854,34.453],[-83.6069,34.4444],[-83.6087,34.4419],[-83.6096,34.4361],[-83.6152,34.4317],[-83.664,34.5001],[-83.6671,34.5069],[-83.663,34.5134],[-83.6578,34.5144],[-83.6562,34.5179],[-83.654,34.5169],[-83.6467,34.52],[-83.6383,34.5269],[-83.6329,34.527],[-83.6323,34.5286],[-83.634,34.5327],[-83.6306,34.5332],[-83.6301,34.5365],[-83.6259,34.5361],[-83.6247,34.5407],[-83.6187,34.5404],[-83.6166,34.5416],[-83.6171,34.5429],[-83.6214,34.5438],[-83.6164,34.5468],[-83.62,34.5498],[-83.6201,34.5519],[-83.6158,34.5526],[-83.6156,34.5536],[-83.6198,34.5554],[-83.6232,34.5597],[-83.6265,34.5607],[-83.629,34.5641],[-83.6289,34.5672],[-83.6353,34.5712],[-83.6332,34.5729],[-83.6388,34.58],[-83.6385,34.5929],[-83.6408,34.5945],[-83.645,34.602],[-83.6465,34.6122],[-83.6387,34.6164],[-83.6382,34.6223],[-83.6467,34.6332],[-83.6468,34.6376],[-83.6495,34.6412],[-83.655,34.6446],[-83.657,34.6495],[-83.6611,34.6496],[-83.6616,34.6532],[-83.6651,34.6536],[-83.6627,34.6554],[-83.6628,34.6598],[-83.6611,34.6606],[-83.6587,34.6596],[-83.6549,34.6625],[-83.654,34.6669],[-83.6499,34.6665],[-83.6453,34.669],[-83.6459,34.6724],[-83.6484,34.6735],[-83.6458,34.6753],[-83.6444,34.6793],[-83.6406,34.6799],[-83.6365,34.6996],[-83.6394,34.7067],[-83.6394,34.711],[-83.638,34.7115],[-83.6374,34.7141],[-83.6326,34.7206],[-83.6329,34.7232],[-83.6291,34.7276],[-83.6246,34.7293],[-83.6233,34.7322],[-83.6267,34.7399],[-83.6249,34.7452],[-83.629,34.7472],[-83.6295,34.7501],[-83.6325,34.7519],[-83.6325,34.7545],[-83.6281,34.7605],[-83.6283,34.7634],[-83.6338,34.7675],[-83.6326,34.7696],[-83.6333,34.7705],[-83.6393,34.7727],[-83.6473,34.7723],[-83.6511,34.7764],[-83.6689,34.789],[-83.6748,34.7883],[-83.6816,34.8009],[-83.6767,34.8043],[-83.6664,34.807],[-83.6634,34.8109],[-83.6585,34.8134],[-83.656,34.819],[-83.6489,34.8253],[-83.6395,34.8228],[-83.6298,34.8254],[-83.625,34.823],[-83.6188,34.8237],[-83.6131,34.822],[-83.6113,34.8241],[-83.6114,34.8258],[-83.6076,34.8276],[-83.6016,34.8266],[-83.5869,34.82],[-83.5876,34.818],[-83.5841,34.8152],[-83.5843,34.8126],[-83.5817,34.8108],[-83.583,34.8092],[-83.5812,34.805],[-83.5775,34.8032],[-83.5778,34.801],[-83.5753,34.7996],[-83.5763,34.7956],[-83.5736,34.795],[-83.5709,34.7913],[-83.5668,34.7912],[-83.5566,34.7851],[-83.5622,34.7813],[-83.5589,34.7756],[-83.5604,34.7718],[-83.5549,34.7663],[-83.5568,34.7577],[-83.551,34.7499],[-83.543,34.7499],[-83.5351,34.7474],[-83.5372,34.7456],[-83.5354,34.7398],[-83.5264,34.739],[-83.5211,34.7359],[-83.5167,34.7352],[-83.5128,34.7317],[-83.5035,34.7343],[-83.5003,34.7329],[-83.4968,34.729],[-83.4939,34.7289],[-83.492,34.727],[-83.4847,34.7267],[-83.4786,34.7239],[-83.4699,34.7292],[-83.4661,34.7336],[-83.4576,34.7318],[-83.4502,34.7344],[-83.4464,34.7369],[-83.4475,34.7416],[-83.4461,34.7431],[-83.4366,34.7421],[-83.4314,34.7473],[-83.4263,34.7468],[-83.4228,34.7435],[-83.4246,34.7402],[-83.4224,34.7357],[-83.416,34.733],[-83.4067,34.7319],[-83.4037,34.7289],[-83.3953,34.7321],[-83.3874,34.7374],[-83.3849,34.7349],[-83.3861,34.7335],[-83.381,34.7313],[-83.3748,34.732],[-83.3743,34.7297],[-83.3658,34.7212],[-83.3569,34.7164],[-83.3524,34.7161]]]}},{"type":"Feature","properties":{"leaid":"1302640","name":"Hancock County School District","kind":"Unified","gradeLow":"PK","gradeHigh":"12","state":"GA"},"geometry":{"type":"Polygon","coordinates":[[[-82.852,33.4435],[-82.851,33.4419],[-82.8492,33.4418],[-82.8465,33.436],[-82.8415,33.4316],[-82.8396,33.431],[-82.8354,33.4355],[-82.8342,33.4355],[-82.8346,33.4317],[-82.8258,33.4287],[-82.8226,33.4258],[-82.8243,33.424],[-82.8232,33.4211],[-82.8262,33.4182],[-82.8265,33.4131],[-82.8231,33.4103],[-82.8224,33.4067],[-82.8247,33.4039],[-82.8225,33.3999],[-82.8279,33.3982],[-82.8243,33.3937],[-82.828,33.393],[-82.8259,33.3905],[-82.8217,33.39],[-82.8179,33.3873],[-82.8174,33.3837],[-82.8191,33.3793],[-82.8172,33.3773],[-82.8218,33.3738],[-82.8163,33.3725],[-82.8138,33.3682],[-82.8141,33.3652],[-82.8124,33.3637],[-82.8095,33.365],[-82.803,33.3652],[-82.7999,33.3618],[-82.8006,33.3589],[-82.7975,33.3563],[-82.8016,33.3488],[-82.7985,33.3471],[-82.7988,33.3424],[-82.797,33.3403],[-82.7982,33.3391],[-82.7979,33.3338],[-82.7995,33.3308],[-82.797,33.3247],[-82.7894,33.3219],[-82.789,33.3191],[-82.7959,33.3189],[-82.7958,33.3154],[-82.7935,33.3097],[-82.7851,33.31],[-82.7835,33.3092],[-82.7839,33.3069],[-82.7821,33.3069],[-82.7816,33.3057],[-82.7835,33.3002],[-82.7817,33.2985],[-82.7827,33.297],[-82.7807,33.2923],[-82.7808,33.2894],[-82.7823,33.2878],[-82.7808,33.2868],[-82.7818,33.2851],[-82.7808,33.2813],[-82.7846,33.2779],[-82.7842,33.2741],[-82.782,33.271],[-82.7856,33.2679],[-82.7834,33.2684],[-82.7757,33.2648],[-82.7737,33.26],[-82.7704,33.2608],[-82.7694,33.2588],[-82.765,33.259],[-82.7633,33.2539],[-82.7581,33.2547],[-82.7526,33.2519],[-82.7514,33.2492],[-82.7471,33.2476],[-82.7462,33.2461],[-82.7484,33.2451],[-82.7484,33.2383],[-82.7641,33.2381],[-82.7675,33.2369],[-82.778,33.2384],[-82.7942,33.227],[-82.7989,33.2217],[-82.807,33.2206],[-82.8127,33.2173],[-82.8185,33.2158],[-82.8243,33.212],[-82.8279,33.206],[-82.832,33.202],[-82.8456,33.2004],[-82.855,33.1964],[-82.8581,33.1895],[-82.8625,33.1873],[-82.8674,33.1811],[-82.8793,33.1541],[-82.8826,33.1526],[-82.8892,33.1402],[-82.8889,33.1386],[-82.901,33.1285],[-82.9147,33.1267],[-82.9267,33.1163],[-82.9411,33.113],[-82.9499,33.1078],[-82.9593,33.107],[-82.9701,33.1093],[-82.982,33.1023],[-82.9909,33.0907],[-83.0087,33.0808],[-83.0219,33.0802],[-83.0338,33.0817],[-83.0528,33.0805],[-83.0725,33.0645],[-83.084,33.0637],[-83.0937,33.0542],[-83.1008,33.0498],[-83.1028,33.0514],[-83.1036,33.0553],[-83.1062,33.057],[-83.1038,33.0601],[-83.1095,33.0693],[-83.1087,33.0714],[-83.1139,33.0762],[-83.115,33.0788],[-83.1175,33.0776],[-83.1189,33.0831],[-83.1169,33.0856],[-83.1188,33.0871],[-83.1129,33.0972],[-83.113,33.1009],[-83.1146,33.1032],[-83.1122,33.1052],[-83.1141,33.1066],[-83.1122,33.1111],[-83.113,33.1132],[-83.1119,33.1144],[-83.1099,33.1139],[-83.108,33.119],[-83.1106,33.1273],[-83.1081,33.1306],[-83.1029,33.1304],[-83.0986,33.1331],[-83.0974,33.1385],[-83.0955,33.1409],[-83.0952,33.147],[-83.0968,33.1479],[-83.0976,33.1515],[-83.1954,33.1763],[-83.2372,33.1835],[-83.2619,33.189],[-83.2699,33.187],[-83.2741,33.1872],[-83.2752,33.1913],[-83.2738,33.2013],[-83.2625,33.2083],[-83.2594,33.2177],[-83.2595,33.223],[-83.256,33.2311],[-83.2526,33.2343],[-83.2524,33.2381],[-83.2556,33.2465],[-83.2554,33.2545],[-83.2535,33.2593],[-83.239,33.2626],[-83.2295,33.2563],[-83.2244,33.2668],[-83.2257,33.2703],[-83.2298,33.2747],[-83.2291,33.2769],[-83.2204,33.2779],[-83.2132,33.2821],[-83.2116,33.2819],[-83.209,33.2788],[-83.204,33.2791],[-83.1995,33.2853],[-83.1784,33.292],[-83.1753,33.2983],[-83.1705,33.3014],[-83.1465,33.3091],[-83.1458,33.3121],[-83.1505,33.3219],[-83.1478,33.3259],[-83.1475,33.3293],[-83.1435,33.3348],[-83.1441,33.3399],[-83.149,33.3426],[-83.1503,33.3461],[-83.1527,33.3481],[-83.1601,33.3509],[-83.1642,33.355],[-83.0129,33.4692],[-83.0106,33.469],[-82.9838,33.4476],[-82.9756,33.4505],[-82.9615,33.4502],[-82.9569,33.4529],[-82.9512,33.4518],[-82.9397,33.4427],[-82.907,33.4395],[-82.906,33.4381],[-82.9015,33.4389],[-82.9005,33.4405],[-82.896,33.4402],[-82.8929,33.4381],[-82.8817,33.4457],[-82.8797,33.444],[-82.8726,33.4464],[-82.8607,33.441],[-82.8562,33.4434],[-82.8548,33.4426],[-82.852,33.4435]]]}},{"type":"Feature","properties":{"leaid":"1302730","name":"Hart County School District","kind":"Unified","gradeLow":"PK","gradeHigh":"12","state":"GA"},"geometry":{"type":"Polygon","coordinates":[[[-83.0516,34.4937],[-83.0484,34.4934],[-83.0423,34.4881],[-83.0346,34.4836],[-83.0284,34.4839],[-83.0173,34.4782],[-82.9992,34.4724],[-82.995,34.4725],[-82.9947,34.4765],[-82.9907,34.48],[-82.9795,34.483],[-82.9749,34.4794],[-82.9665,34.4823],[-82.9642,34.4846],[-82.9585,34.4796],[-82.9556,34.4789],[-82.9482,34.4805],[-82.944,34.4855],[-82.937,34.4865],[-82.9304,34.4856],[-82.9253,34.4815],[-82.9177,34.4842],[-82.9016,34.4868],[-82.8924,34.4811],[-82.8874,34.481],[-82.8813,34.4729],[-82.8806,34.469],[-82.8735,34.4643],[-82.8718,34.4612],[-82.8644,34.4598],[-82.8588,34.4552],[-82.8601,34.4528],[-82.8555,34.4418],[-82.854,34.4288],[-82.8496,34.4257],[-82.847,34.4199],[-82.848,34.4183],[-82.8475,34.4128],[-82.8415,34.3991],[-82.8418,34.3916],[-82.836,34.3809],[-82.8345,34.3652],[-82.8285,34.3613],[-82.8249,34.3604],[-82.8156,34.3539],[-82.8138,34.3539],[-82.8126,34.3511],[-82.8013,34.3445],[-82.7983,34.3416],[-82.7945,34.3404],[-82.7916,34.3328],[-82.7919,34.3258],[-82.7875,34.3113],[-82.782,34.3032],[-82.7821,34.2983],[-82.7734,34.2889],[-82.7842,34.2844],[-82.7918,34.2834],[-82.7999,34.2789],[-82.8158,34.2761],[-82.824,34.2705],[-82.8312,34.2692],[-82.8392,34.2694],[-82.849,34.2646],[-82.9155,34.2477],[-82.9588,34.2185],[-82.9661,34.2205],[-82.9809,34.2115],[-82.98,34.2101],[-82.9844,34.2114],[-82.9964,34.2191],[-82.9884,34.2244],[-82.9999,34.2311],[-83.0188,34.2341],[-83.0565,34.2281],[-83.0769,34.2224],[-83.1158,34.2621],[-83.1134,34.2735],[-83.1059,34.2789],[-83.0947,34.347],[-83.1071,34.3447],[-83.0942,34.4159],[-83.0516,34.4937]]]}},{"type":"Feature","properties":{"leaid":"1302790","name":"Heard County School District","kind":"Unified","gradeLow":"PK","gradeHigh":"12","state":"GA"},"geometry":{"type":"Polygon","coordinates":[[[-85.0154,33.4255],[-84.9586,33.2771],[-84.9586,33.2824],[-84.9488,33.2823],[-84.9488,33.2657],[-84.9546,33.2656],[-84.939,33.2247],[-85.0408,33.1883],[-85.0418,33.1854],[-85.0453,33.1816],[-85.0584,33.1834],[-85.0645,33.1785],[-85.088,33.1717],[-85.0877,33.1866],[-85.0976,33.1866],[-85.0976,33.1951],[-85.108,33.1951],[-85.1079,33.1785],[-85.1175,33.1785],[-85.1174,33.1637],[-85.2365,33.1296],[-85.2938,33.4281],[-85.0154,33.4255]]]}},{"type":"Feature","properties":{"leaid":"1302880","name":"Houston County School District","kind":"Unified","gradeLow":"PK","gradeHigh":"12","state":"GA"},"geometry":{"type":"Polygon","coordinates":[[[-83.6055,32.6607],[-83.5961,32.6643],[-83.5942,32.6664],[-83.5937,32.6651],[-83.591,32.6655],[-83.5909,32.6639],[-83.5888,32.6643],[-83.5882,32.6628],[-83.5858,32.6627],[-83.5853,32.6573],[-83.5818,32.6589],[-83.5804,32.6584],[-83.5826,32.6557],[-83.5814,32.655],[-83.5751,32.6587],[-83.5731,32.658],[-83.5715,32.659],[-83.5706,32.6573],[-83.57,32.6599],[-83.5668,32.6588],[-83.5662,32.6608],[-83.5631,32.6598],[-83.5608,32.658],[-83.5616,32.6538],[-83.5588,32.652],[-83.5558,32.6525],[-83.5569,32.6509],[-83.5545,32.6482],[-83.557,32.6481],[-83.5583,32.6495],[-83.5575,32.6448],[-83.5548,32.6442],[-83.5512,32.6407],[-83.5493,32.642],[-83.5487,32.6392],[-83.5511,32.6365],[-83.551,32.6348],[-83.5475,32.6309],[-83.5451,32.6322],[-83.5463,32.6296],[-83.5442,32.629],[-83.5451,32.6271],[-83.5429,32.6258],[-83.5439,32.6223],[-83.5415,32.6203],[-83.549,32.6164],[-83.5469,32.6151],[-83.5475,32.6135],[-83.5459,32.6102],[-83.5437,32.611],[-83.5436,32.6094],[-83.5419,32.6085],[-83.5437,32.6083],[-83.5437,32.6071],[-83.5404,32.6075],[-83.5407,32.6058],[-83.538,32.6029],[-83.5403,32.6026],[-83.5417,32.5993],[-83.54,32.5906],[-83.5372,32.5884],[-83.5388,32.5863],[-83.5402,32.5876],[-83.54,32.5848],[-83.5382,32.5839],[-83.5368,32.5865],[-83.5341,32.5857],[-83.5363,32.583],[-83.5367,32.5746],[-83.5413,32.5774],[-83.5432,32.5745],[-83.5476,32.5733],[-83.5482,32.5718],[-83.5484,32.5635],[-83.5453,32.563],[-83.5459,32.5603],[-83.5478,32.5594],[-83.5449,32.5582],[-83.5461,32.5566],[-83.5451,32.5557],[-83.5438,32.5573],[-83.5409,32.5549],[-83.5389,32.5557],[-83.5399,32.5535],[-83.5383,32.5513],[-83.5418,32.5502],[-83.5403,32.5481],[-83.5373,32.5478],[-83.5361,32.544],[-83.5374,32.5412],[-83.539,32.542],[-83.5399,32.5409],[-83.5375,32.5343],[-83.5356,32.5334],[-83.5354,32.53],[-83.5398,32.5243],[-83.537,32.5248],[-83.5371,32.5226],[-83.533,32.5235],[-83.5326,32.5222],[-83.5348,32.5213],[-83.534,32.5166],[-83.5327,32.5162],[-83.5303,32.5181],[-83.5275,32.5118],[-83.5241,32.5126],[-83.5231,32.5108],[-83.5206,32.5107],[-83.5213,32.5095],[-83.5201,32.5077],[-83.5244,32.5057],[-83.5209,32.5021],[-83.5197,32.5042],[-83.5181,32.5041],[-83.5182,32.499],[-83.5133,32.4991],[-83.5129,32.4981],[-83.5149,32.4972],[-83.5002,32.4899],[-83.4973,32.4891],[-83.4936,32.49],[-83.4918,32.4863],[-83.4884,32.4851],[-83.4931,32.4819],[-83.4948,32.4841],[-83.4987,32.4816],[-83.4977,32.4799],[-83.4947,32.4808],[-83.4926,32.48],[-83.4935,32.4769],[-83.4919,32.4766],[-83.4908,32.4782],[-83.4892,32.4764],[-83.4943,32.4752],[-83.4975,32.4722],[-83.4967,32.4711],[-83.4937,32.4719],[-83.4947,32.4694],[-83.492,32.4676],[-83.4949,32.4663],[-83.4948,32.4626],[-83.4909,32.4611],[-83.4897,32.458],[-83.4917,32.4563],[-83.495,32.4563],[-83.4979,32.4539],[-83.4981,32.4483],[-83.4889,32.4425],[-83.4876,32.4376],[-83.4914,32.4326],[-83.4896,32.4322],[-83.4877,32.4295],[-83.488,32.4265],[-83.4825,32.4251],[-83.4855,32.4219],[-83.4829,32.4182],[-83.4827,32.4092],[-83.4841,32.4058],[-83.4856,32.4042],[-83.4947,32.4037],[-83.4996,32.4005],[-83.503,32.3892],[-83.5047,32.3905],[-83.5067,32.3889],[-83.5082,32.3918],[-83.5132,32.3927],[-83.5175,32.398],[-83.5207,32.3999],[-83.5207,32.4011],[-83.5237,32.4022],[-83.5794,32.3363],[-83.5879,32.3233],[-83.6039,32.3045],[-83.6156,32.2886],[-83.7004,32.29],[-83.7003,32.2826],[-83.7188,32.2831],[-83.7184,32.2902],[-83.8484,32.291],[-83.8468,32.3577],[-83.8566,32.3578],[-83.8565,32.3824],[-83.837,32.3822],[-83.8367,32.4147],[-83.8367,32.4393],[-83.8462,32.4394],[-83.8467,32.4685],[-83.8417,32.4604],[-83.8378,32.4611],[-83.8278,32.4576],[-83.8276,32.4391],[-83.8171,32.4399],[-83.8171,32.4467],[-83.7977,32.447],[-83.7977,32.4966],[-83.7878,32.4965],[-83.7873,32.5128],[-83.7779,32.5129],[-83.778,32.5055],[-83.749,32.5052],[-83.7487,32.5342],[-83.7451,32.5319],[-83.7426,32.5318],[-83.739,32.5286],[-83.7362,32.5287],[-83.7318,32.5225],[-83.7278,32.5227],[-83.7269,32.5213],[-83.7231,32.5211],[-83.7199,32.5318],[-83.7191,32.5982],[-83.7145,32.6035],[-83.7127,32.6106],[-83.7187,32.6106],[-83.7186,32.635],[-83.7282,32.6351],[-83.7281,32.6508],[-83.7092,32.6513],[-83.7089,32.675],[-83.7044,32.6784],[-83.702,32.6822],[-83.7012,32.6922],[-83.6985,32.6909],[-83.6978,32.6891],[-83.6921,32.6887],[-83.6887,32.687],[-83.6884,32.6846],[-83.6837,32.6848],[-83.6739,32.677],[-83.6703,32.6775],[-83.6695,32.6763],[-83.6661,32.6758],[-83.6665,32.6746],[-83.663,32.6738],[-83.6611,32.6751],[-83.6605,32.6738],[-83.6568,32.6746],[-83.6523,32.6734],[-83.6454,32.6742],[-83.6388,32.6691],[-83.6361,32.6696],[-83.6333,32.6682],[-83.6265,32.6696],[-83.6177,32.6634],[-83.6164,32.6635],[-83.6159,32.6648],[-83.6146,32.6635],[-83.6118,32.6654],[-83.6078,32.6645],[-83.6073,32.662],[-83.6055,32.6607]]]}},{"type":"Feature","properties":{"leaid":"1302940","name":"Jackson County School District","kind":"Unified","gradeLow":"PK","gradeHigh":"12","state":"GA"},"geometry":{"type":"MultiPolygon","coordinates":[[[[-83.6091,34.0912],[-83.6107,34.0907],[-83.6124,34.0929],[-83.6105,34.0935],[-83.6091,34.0912]]],[[[-83.6221,34.1284],[-83.6244,34.1286],[-83.6248,34.1293],[-83.6234,34.1309],[-83.6206,34.1304],[-83.6221,34.1284]]],[[[-83.6282,34.1315],[-83.6283,34.1289],[-83.6324,34.1292],[-83.6313,34.1316],[-83.6282,34.1315]]],[[[-83.6274,34.1331],[-83.6313,34.1325],[-83.6313,34.1333],[-83.6274,34.1331]]],[[[-83.6281,34.1352],[-83.6314,34.135],[-83.6323,34.1366],[-83.6284,34.1363],[-83.6281,34.1352]]],[[[-83.4425,34.1798],[-83.4434,34.1808],[-83.4421,34.1807],[-83.4425,34.1798]]],[[[-83.4428,34.1868],[-83.4439,34.1867],[-83.4431,34.1872],[-83.4428,34.1868]]],[[[-83.4864,34.1872],[-83.4865,34.1845],[-83.489,34.185],[-83.4864,34.1872]]],[[[-83.444,34.1871],[-83.4436,34.1879],[-83.4433,34.1875],[-83.444,34.1871]]],[[[-83.4546,34.1933],[-83.4549,34.1926],[-83.4548,34.1933],[-83.4546,34.1933]]],[[[-83.4552,34.1956],[-83.4564,34.196],[-83.456,34.1964],[-83.4552,34.1956]]],[[[-83.4757,34.1973],[-83.4724,34.1962],[-83.4731,34.1949],[-83.4747,34.1951],[-83.4739,34.1937],[-83.4751,34.1939],[-83.4757,34.1973]]],[[[-83.459,34.1992],[-83.4592,34.1982],[-83.4592,34.199],[-83.459,34.1992]]],[[[-83.4694,34.2038],[-83.4699,34.2032],[-83.4711,34.2038],[-83.4694,34.2038]]],[[[-83.4919,34.2241],[-83.4932,34.2231],[-83.4964,34.227],[-83.493,34.2264],[-83.4919,34.2241]]],[[[-83.4967,34.2272],[-83.4955,34.2239],[-83.4899,34.2192],[-83.4911,34.2174],[-83.4946,34.2185],[-83.495,34.2172],[-83.501,34.2171],[-83.4982,34.2205],[-83.4939,34.2191],[-83.4965,34.2232],[-83.5032,34.2227],[-83.5025,34.2257],[-83.498,34.2271],[-83.4968,34.2255],[-83.4967,34.2272]]],[[[-83.4618,34.231],[-83.4623,34.232],[-83.4633,34.2326],[-83.4616,34.2328],[-83.4607,34.2315],[-83.4618,34.231]]],[[[-83.4991,34.2321],[-83.4998,34.2328],[-83.4968,34.2329],[-83.4991,34.2321]]],[[[-83.5147,34.2323],[-83.5158,34.2328],[-83.5151,34.2337],[-83.5141,34.2334],[-83.5147,34.2323]]],[[[-83.5075,34.2343],[-83.5075,34.2334],[-83.508,34.2339],[-83.5075,34.2343]]],[[[-83.4591,34.237],[-83.4569,34.236],[-83.4542,34.237],[-83.4536,34.236],[-83.4589,34.2323],[-83.46,34.2341],[-83.4583,34.2353],[-83.4591,34.237]]],[[[-83.4793,34.2378],[-83.4756,34.2357],[-83.4746,34.2316],[-83.4677,34.2268],[-83.4705,34.2248],[-83.474,34.2269],[-83.4728,34.2252],[-83.4736,34.2248],[-83.4743,34.2253],[-83.4737,34.2293],[-83.4761,34.2293],[-83.4783,34.2276],[-83.4784,34.226],[-83.4769,34.223],[-83.4752,34.2231],[-83.4757,34.2222],[-83.4791,34.2191],[-83.4794,34.2214],[-83.4825,34.2206],[-83.482,34.2185],[-83.485,34.2195],[-83.4845,34.218],[-83.4863,34.2173],[-83.4875,34.2181],[-83.4839,34.2231],[-83.4867,34.2255],[-83.4819,34.2299],[-83.4801,34.2277],[-83.478,34.2294],[-83.4737,34.2295],[-83.477,34.2311],[-83.481,34.2292],[-83.4793,34.2378]]],[[[-83.4699,34.2518],[-83.4703,34.2534],[-83.4517,34.2379],[-83.4546,34.2377],[-83.4531,34.239],[-83.4552,34.2387],[-83.4577,34.2427],[-83.4592,34.2398],[-83.4618,34.239],[-83.4626,34.2401],[-83.4638,34.239],[-83.4622,34.2372],[-83.4656,34.236],[-83.4668,34.2366],[-83.4656,34.2365],[-83.4645,34.24],[-83.4687,34.2437],[-83.4731,34.2414],[-83.4739,34.2389],[-83.4782,34.2421],[-83.4792,34.2416],[-83.4789,34.2427],[-83.4809,34.2444],[-83.4754,34.2482],[-83.4773,34.2501],[-83.4713,34.2534],[-83.4699,34.2518]]],[[[-83.477,34.2589],[-83.4767,34.2577],[-83.4772,34.2566],[-83.477,34.2589]]],[[[-83.4795,34.2607],[-83.4777,34.2563],[-83.4791,34.2551],[-83.4794,34.2564],[-83.4809,34.2565],[-83.4788,34.2536],[-83.4841,34.2503],[-83.4858,34.2539],[-83.4887,34.2564],[-83.4795,34.2607]]],[[[-83.5616,34.2528],[-83.5318,34.2564],[-83.5025,34.2565],[-83.4948,34.2612],[-83.4904,34.2574],[-83.4917,34.2557],[-83.4944,34.2567],[-83.4949,34.2559],[-83.4922,34.2548],[-83.4966,34.2515],[-83.4953,34.2454],[-83.4974,34.2444],[-83.4974,34.2405],[-83.4993,34.2374],[-83.498,34.2341],[-83.502,34.2328],[-83.5033,34.2335],[-83.5055,34.232],[-83.5051,34.2345],[-83.5108,34.2367],[-83.5107,34.2384],[-83.5152,34.2392],[-83.5177,34.2346],[-83.5156,34.2335],[-83.517,34.2319],[-83.5198,34.2329],[-83.5215,34.231],[-83.524,34.2324],[-83.5285,34.2232],[-83.5351,34.2245],[-83.5347,34.2236],[-83.5371,34.2218],[-83.5461,34.2198],[-83.5443,34.2154],[-83.5381,34.2183],[-83.5326,34.2164],[-83.5307,34.2176],[-83.5261,34.217],[-83.521,34.2197],[-83.5192,34.2175],[-83.517,34.2177],[-83.5157,34.2206],[-83.5123,34.2196],[-83.5136,34.2161],[-83.5034,34.2134],[-83.5015,34.2165],[-83.4939,34.2139],[-83.4932,34.218],[-83.4909,34.2171],[-83.4924,34.2157],[-83.4875,34.2135],[-83.4853,34.2148],[-83.4826,34.2117],[-83.4809,34.2124],[-83.4794,34.2111],[-83.4812,34.2103],[-83.4847,34.2117],[-83.4854,34.2103],[-83.4807,34.209],[-83.4809,34.2078],[-83.4843,34.2087],[-83.4856,34.2062],[-83.4789,34.2065],[-83.4796,34.2094],[-83.4786,34.2104],[-83.4763,34.2087],[-83.4768,34.2074],[-83.4742,34.2084],[-83.4743,34.2063],[-83.4759,34.2058],[-83.4777,34.2072],[-83.4771,34.2052],[-83.4795,34.2057],[-83.4795,34.2041],[-83.4772,34.2025],[-83.4777,34.1997],[-83.4717,34.1979],[-83.472,34.1971],[-83.4762,34.1984],[-83.478,34.1956],[-83.4803,34.1968],[-83.4821,34.1953],[-83.4706,34.1925],[-83.4722,34.1895],[-83.4733,34.1885],[-83.473,34.1897],[-83.4756,34.191],[-83.4788,34.1849],[-83.4827,34.1855],[-83.4834,34.1852],[-83.4827,34.1898],[-83.4853,34.1907],[-83.4853,34.1895],[-83.4873,34.1889],[-83.4898,34.1907],[-83.4874,34.191],[-83.4881,34.1922],[-83.4865,34.1931],[-83.4868,34.1959],[-83.4921,34.1927],[-83.4925,34.1893],[-83.4913,34.188],[-83.4922,34.1877],[-83.4932,34.1804],[-83.4944,34.1802],[-83.4935,34.1814],[-83.4947,34.1826],[-83.4951,34.1801],[-83.4964,34.1799],[-83.4972,34.182],[-83.4983,34.1797],[-83.4991,34.1813],[-83.498,34.1817],[-83.4999,34.1844],[-83.5044,34.1819],[-83.5041,34.1794],[-83.5055,34.1784],[-83.4917,34.1803],[-83.4898,34.1814],[-83.4896,34.1832],[-83.488,34.1817],[-83.488,34.1829],[-83.4861,34.183],[-83.4878,34.1802],[-83.4858,34.1811],[-83.4847,34.1801],[-83.4832,34.1817],[-83.4834,34.1851],[-83.4829,34.1853],[-83.4721,34.183],[-83.4712,34.1839],[-83.4651,34.1833],[-83.4662,34.1836],[-83.4648,34.1855],[-83.4663,34.1858],[-83.4667,34.1874],[-83.4643,34.1869],[-83.4632,34.1839],[-83.4641,34.1824],[-83.461,34.183],[-83.461,34.1799],[-83.4646,34.1804],[-83.4652,34.1792],[-83.4637,34.1781],[-83.4605,34.1785],[-83.4593,34.1753],[-83.4575,34.1759],[-83.4585,34.1803],[-83.4609,34.1838],[-83.4611,34.1899],[-83.4621,34.1902],[-83.4606,34.1902],[-83.4613,34.1911],[-83.4601,34.1934],[-83.4581,34.1903],[-83.4499,34.1901],[-83.4474,34.1889],[-83.4493,34.188],[-83.449,34.187],[-83.4463,34.1869],[-83.4475,34.1841],[-83.4517,34.1814],[-83.4516,34.1778],[-83.4546,34.1762],[-83.4549,34.1734],[-83.4524,34.1709],[-83.45,34.1706],[-83.4444,34.1726],[-83.4422,34.1692],[-83.4405,34.1695],[-83.4437,34.1734],[-83.4404,34.1757],[-83.4433,34.1771],[-83.4441,34.1745],[-83.4454,34.1743],[-83.4462,34.1795],[-83.4405,34.1773],[-83.439,34.1785],[-83.4371,34.176],[-83.4357,34.1767],[-83.4377,34.1797],[-83.4389,34.1794],[-83.4403,34.183],[-83.4333,34.1882],[-83.4314,34.1913],[-83.4333,34.2015],[-83.4389,34.2093],[-83.4347,34.2075],[-83.4361,34.2133],[-83.4342,34.2135],[-83.4361,34.2148],[-83.4368,34.2164],[-83.4354,34.2169],[-83.4369,34.2197],[-83.4398,34.2205],[-83.4414,34.2185],[-83.4371,34.2162],[-83.4365,34.2147],[-83.4418,34.2133],[-83.448,34.2218],[-83.4449,34.224],[-83.4468,34.2249],[-83.4494,34.2241],[-83.4523,34.2339],[-83.4513,34.2364],[-83.4525,34.2371],[-83.4515,34.2377],[-83.4237,34.2167],[-83.423,34.2126],[-83.4125,34.2064],[-83.4015,34.1968],[-83.3949,34.1884],[-83.3938,34.1852],[-83.3856,34.1822],[-83.3794,34.1713],[-83.3638,34.1641],[-83.3615,34.1583],[-83.3613,34.1496],[-83.3577,34.1357],[-83.3571,34.1162],[-83.3636,34.1101],[-83.3637,34.1073],[-83.3654,34.1065],[-83.3681,34.1014],[-83.3677,34.0989],[-83.3703,34.0966],[-83.3705,34.0935],[-83.3739,34.0905],[-83.3741,34.0824],[-83.3814,34.0785],[-83.3754,34.0739],[-83.3749,34.0713],[-83.3765,34.0704],[-83.3771,34.0678],[-83.3823,34.0669],[-83.3813,34.0625],[-83.3831,34.0611],[-83.3833,34.0554],[-83.3853,34.0545],[-83.3856,34.051],[-83.3869,34.0502],[-83.3595,34.0403],[-83.3777,34.0334],[-83.3798,34.0374],[-83.3829,34.0355],[-83.3844,34.0385],[-83.3904,34.0361],[-83.3898,34.0351],[-83.393,34.0337],[-83.384,34.031],[-83.4845,33.9928],[-83.4947,33.9974],[-83.5019,33.9963],[-83.5031,33.9996],[-83.5022,33.991],[-83.4982,33.9875],[-83.5369,33.9662],[-83.5633,34.0319],[-83.5711,34.0314],[-83.5737,34.0366],[-83.5737,34.0393],[-83.5842,34.0411],[-83.5842,34.0385],[-83.5865,34.0392],[-83.5953,34.0365],[-83.5987,34.0374],[-83.6005,34.0353],[-83.6051,34.0388],[-83.6101,34.0385],[-83.6094,34.0394],[-83.6116,34.041],[-83.6115,34.0443],[-83.6155,34.0454],[-83.6146,34.0472],[-83.6227,34.0467],[-83.6251,34.0451],[-83.6273,34.046],[-83.6302,34.0446],[-83.6308,34.0462],[-83.636,34.0459],[-83.6376,34.0479],[-83.6426,34.0488],[-83.644,34.0495],[-83.6437,34.0508],[-83.645,34.0509],[-83.6466,34.05],[-83.6471,34.0467],[-83.6488,34.0459],[-83.6551,34.0475],[-83.6573,34.0534],[-83.6631,34.0524],[-83.664,34.0516],[-83.6631,34.0489],[-83.6676,34.048],[-83.6717,34.0506],[-83.6724,34.0526],[-83.6759,34.0538],[-83.6796,34.0516],[-83.6787,34.0497],[-83.6795,34.0474],[-83.6851,34.0469],[-83.6867,34.0489],[-83.6855,34.0534],[-83.6881,34.0537],[-83.6921,34.0517],[-83.6941,34.0531],[-83.6946,34.0563],[-83.6958,34.0562],[-83.6979,34.0527],[-83.7009,34.0543],[-83.7042,34.0464],[-83.7094,34.0452],[-83.7116,34.0461],[-83.7144,34.0499],[-83.7123,34.054],[-83.7131,34.0562],[-83.7158,34.056],[-83.7188,34.0535],[-83.7208,34.0554],[-83.7203,34.0596],[-83.7231,34.0634],[-83.7279,34.0607],[-83.7323,34.0603],[-83.7343,34.0636],[-83.7336,34.0673],[-83.7377,34.0664],[-83.7403,34.0694],[-83.7421,34.0694],[-83.7434,34.068],[-83.7423,34.0652],[-83.7516,34.0642],[-83.7592,34.0666],[-83.7628,34.0662],[-83.7638,34.0647],[-83.7675,34.0664],[-83.7699,34.0732],[-83.7734,34.0738],[-83.778,34.0798],[-83.791,34.0872],[-83.7899,34.0937],[-83.7923,34.1004],[-83.7999,34.1029],[-83.8058,34.1077],[-83.8059,34.1098],[-83.8078,34.1094],[-83.8108,34.1124],[-83.8152,34.1137],[-83.8108,34.1161],[-83.8131,34.1174],[-83.8123,34.1208],[-83.8165,34.1225],[-83.8158,34.1263],[-83.8177,34.1275],[-83.6201,34.296],[-83.6158,34.291],[-83.5973,34.2815],[-83.5956,34.2762],[-83.5922,34.2719],[-83.5871,34.2697],[-83.5734,34.2588],[-83.5646,34.2559],[-83.5616,34.2528]],[[-83.5986,34.1946],[-83.6052,34.1935],[-83.6049,34.1904],[-83.6007,34.1894],[-83.6006,34.1867],[-83.5994,34.1861],[-83.5986,34.1883],[-83.5952,34.1869],[-83.5889,34.1894],[-83.5872,34.187],[-83.5914,34.1871],[-83.5916,34.1856],[-83.5968,34.1843],[-83.6062,34.1781],[-83.6047,34.1753],[-83.607,34.1729],[-83.6057,34.1721],[-83.6072,34.1705],[-83.6047,34.1684],[-83.6018,34.1691],[-83.602,34.1671],[-83.607,34.1656],[-83.6075,34.1613],[-83.6098,34.1606],[-83.6092,34.1577],[-83.6017,34.1593],[-83.6,34.1543],[-83.5974,34.155],[-83.596,34.151],[-83.5933,34.1515],[-83.595,34.1565],[-83.5961,34.156],[-83.5965,34.1574],[-83.5896,34.1587],[-83.5878,34.1532],[-83.581,34.1486],[-83.5878,34.148],[-83.5897,34.1518],[-83.5916,34.1495],[-83.5935,34.1499],[-83.5991,34.1475],[-83.6004,34.1521],[-83.6006,34.146],[-83.5915,34.1404],[-83.5964,34.1364],[-83.5989,34.1374],[-83.6027,34.1439],[-83.6011,34.1443],[-83.602,34.1458],[-83.6006,34.1469],[-83.6045,34.1464],[-83.603,34.1444],[-83.6058,34.1437],[-83.6094,34.1473],[-83.607,34.1495],[-83.6086,34.1517],[-83.6155,34.1497],[-83.6153,34.147],[-83.6134,34.1448],[-83.6156,34.1443],[-83.6151,34.1427],[-83.6178,34.1421],[-83.6206,34.1425],[-83.6217,34.1452],[-83.6261,34.1432],[-83.6278,34.1472],[-83.6235,34.145],[-83.6292,34.1489],[-83.6351,34.1473],[-83.6357,34.1481],[-83.6313,34.1503],[-83.6315,34.1519],[-83.6286,34.1502],[-83.6278,34.153],[-83.6246,34.1543],[-83.6251,34.1558],[-83.6168,34.1586],[-83.6166,34.1653],[-83.6188,34.1696],[-83.6334,34.1607],[-83.6364,34.1714],[-83.6385,34.1709],[-83.6386,34.172],[-83.6437,34.1746],[-83.6537,34.1726],[-83.6487,34.1649],[-83.6497,34.1597],[-83.6581,34.1638],[-83.6632,34.1598],[-83.6665,34.1606],[-83.6693,34.1578],[-83.6711,34.159],[-83.6744,34.1564],[-83.6651,34.1478],[-83.6631,34.1433],[-83.6533,34.1413],[-83.6486,34.138],[-83.644,34.1371],[-83.6429,34.132],[-83.6402,34.1297],[-83.6373,34.1297],[-83.6343,34.1267],[-83.6339,34.1286],[-83.63,34.1264],[-83.6282,34.1275],[-83.6277,34.1252],[-83.6314,34.1212],[-83.6298,34.1196],[-83.6255,34.1216],[-83.62,34.1144],[-83.623,34.1149],[-83.6257,34.12],[-83.6287,34.1185],[-83.6138,34.1037],[-83.6154,34.1014],[-83.6145,34.1002],[-83.6091,34.0965],[-83.6092,34.0955],[-83.6082,34.0972],[-83.6061,34.0959],[-83.6104,34.0936],[-83.6111,34.0944],[-83.6093,34.0952],[-83.6117,34.0975],[-83.6144,34.0931],[-83.6193,34.0943],[-83.6205,34.0924],[-83.62,34.0907],[-83.6238,34.0889],[-83.6222,34.0864],[-83.6233,34.0869],[-83.6287,34.0854],[-83.6258,34.0861],[-83.6278,34.0835],[-83.6271,34.083],[-83.6241,34.0855],[-83.6266,34.0828],[-83.6259,34.0823],[-83.6241,34.0842],[-83.6185,34.0845],[-83.6157,34.0792],[-83.6147,34.0814],[-83.6135,34.0792],[-83.6102,34.081],[-83.6143,34.0873],[-83.6164,34.0878],[-83.6165,34.0905],[-83.6151,34.0904],[-83.6157,34.0919],[-83.6101,34.0883],[-83.6093,34.0892],[-83.6062,34.0878],[-83.6049,34.0914],[-83.6035,34.0913],[-83.6045,34.0931],[-83.5996,34.096],[-83.5976,34.0958],[-83.5966,34.0976],[-83.5987,34.1001],[-83.5943,34.0997],[-83.5943,34.0976],[-83.5965,34.0956],[-83.5924,34.0951],[-83.5901,34.0966],[-83.5927,34.1019],[-83.5941,34.1016],[-83.5908,34.1081],[-83.5915,34.1086],[-83.5899,34.1081],[-83.5908,34.1089],[-83.5883,34.11],[-83.587,34.11],[-83.5859,34.1063],[-83.5824,34.1067],[-83.5812,34.1046],[-83.5821,34.104],[-83.5809,34.1032],[-83.5782,34.1048],[-83.5761,34.1038],[-83.5746,34.1054],[-83.5727,34.1052],[-83.5744,34.1015],[-83.5784,34.101],[-83.5776,34.0989],[-83.5814,34.0988],[-83.5802,34.1009],[-83.5791,34.1004],[-83.5808,34.1015],[-83.5825,34.101],[-83.5807,34.1002],[-83.5831,34.0992],[-83.5872,34.0992],[-83.5838,34.098],[-83.5862,34.0948],[-83.5905,34.0932],[-83.5892,34.0914],[-83.5873,34.0932],[-83.5867,34.0913],[-83.5839,34.0918],[-83.5815,34.089],[-83.5817,34.0921],[-83.583,34.092],[-83.5843,34.095],[-83.581,34.0956],[-83.5794,34.0924],[-83.5756,34.0942],[-83.5741,34.0923],[-83.5723,34.0932],[-83.5741,34.095],[-83.5719,34.096],[-83.5729,34.0975],[-83.5705,34.0981],[-83.5696,34.0966],[-83.5712,34.0965],[-83.5718,34.0944],[-83.5702,34.0932],[-83.5715,34.0928],[-83.5694,34.0919],[-83.573,34.0909],[-83.5687,34.0908],[-83.5729,34.0898],[-83.5731,34.0889],[-83.5681,34.0895],[-83.569,34.0875],[-83.5673,34.0877],[-83.5668,34.0867],[-83.5617,34.0887],[-83.5598,34.0859],[-83.5568,34.0899],[-83.5568,34.0916],[-83.5594,34.0919],[-83.5575,34.0959],[-83.5585,34.0965],[-83.5559,34.0989],[-83.5574,34.1019],[-83.5514,34.1043],[-83.5523,34.105],[-83.5464,34.1087],[-83.547,34.1102],[-83.5451,34.1135],[-83.5473,34.113],[-83.5471,34.1138],[-83.5509,34.1141],[-83.5528,34.1157],[-83.5557,34.1089],[-83.5565,34.1112],[-83.5596,34.1133],[-83.5591,34.117],[-83.5562,34.1171],[-83.5605,34.1181],[-83.5616,34.122],[-83.5539,34.1262],[-83.5523,34.1228],[-83.5468,34.1233],[-83.5449,34.1294],[-83.5488,34.1302],[-83.546,34.1313],[-83.5464,34.1338],[-83.5523,34.1316],[-83.5497,34.1302],[-83.5549,34.1302],[-83.5643,34.1256],[-83.5663,34.1275],[-83.5679,34.1265],[-83.5696,34.1302],[-83.5687,34.1305],[-83.5703,34.1316],[-83.5643,34.1359],[-83.5596,34.1329],[-83.5585,34.1334],[-83.5589,34.1397],[-83.5566,34.1414],[-83.5581,34.1415],[-83.5574,34.1433],[-83.5585,34.1449],[-83.5565,34.1473],[-83.56,34.1477],[-83.5611,34.1443],[-83.5598,34.1412],[-83.5654,34.1404],[-83.5647,34.1378],[-83.5666,34.1402],[-83.5705,34.14],[-83.5716,34.1382],[-83.5747,34.1401],[-83.5764,34.1396],[-83.5749,34.1461],[-83.5713,34.1473],[-83.5731,34.1513],[-83.5724,34.153],[-83.5748,34.153],[-83.5745,34.1548],[-83.5736,34.1546],[-83.5746,34.1584],[-83.5812,34.1573],[-83.5814,34.1593],[-83.5827,34.1593],[-83.5826,34.1656],[-83.5847,34.1659],[-83.5871,34.1637],[-83.589,34.1663],[-83.5893,34.1677],[-83.5782,34.1699],[-83.5777,34.1653],[-83.576,34.1632],[-83.5749,34.1646],[-83.5689,34.1636],[-83.5685,34.1648],[-83.567,34.1646],[-83.5673,34.1616],[-83.5758,34.1622],[-83.5748,34.1591],[-83.5622,34.1611],[-83.5645,34.1678],[-83.5677,34.1676],[-83.5702,34.1717],[-83.5727,34.1716],[-83.5734,34.1742],[-83.5709,34.1758],[-83.5749,34.1767],[-83.5758,34.1795],[-83.5741,34.1811],[-83.5756,34.1827],[-83.5806,34.1836],[-83.5782,34.1847],[-83.5777,34.1873],[-83.5802,34.1902],[-83.5786,34.1899],[-83.5821,34.1928],[-83.5862,34.1905],[-83.5911,34.1985],[-83.5928,34.2001],[-83.5942,34.1996],[-83.5938,34.2011],[-83.5971,34.2012],[-83.6,34.1986],[-83.5986,34.1946]],[[-83.5555,34.1316],[-83.5546,34.1304],[-83.5527,34.1314],[-83.5539,34.1327],[-83.5555,34.1316]],[[-83.5827,34.1002],[-83.5833,34.1008],[-83.5834,34.1003],[-83.5827,34.1002]],[[-83.5822,34.1016],[-83.5828,34.102],[-83.5829,34.1018],[-83.5822,34.1016]],[[-83.5821,34.1021],[-83.5826,34.1027],[-83.5828,34.1023],[-83.5821,34.1021]],[[-83.5819,34.1027],[-83.5824,34.1033],[-83.5826,34.1029],[-83.5819,34.1027]],[[-83.5817,34.1034],[-83.5822,34.1038],[-83.5823,34.1035],[-83.5817,34.1034]]]]}},{"type":"Feature","properties":{"leaid":"1303000","name":"Jeff Davis County School District","kind":"Unified","gradeLow":"PK","gradeHigh":"12","state":"GA"},"geometry":{"type":"Polygon","coordinates":[[[-82.4315,31.9662],[-82.4305,31.9387],[-82.4314,31.838],[-82.5203,31.8384],[-82.5202,31.7492],[-82.5507,31.7491],[-82.5507,31.7363],[-82.5206,31.7362],[-82.5214,31.6725],[-82.8366,31.6714],[-82.8364,31.8162],[-82.8301,31.8183],[-82.8269,31.8172],[-82.8262,31.8194],[-82.8249,31.8197],[-82.8249,31.8177],[-82.8279,31.815],[-82.8267,31.8135],[-82.8247,31.8135],[-82.8204,31.8167],[-82.8193,31.8198],[-82.8144,31.8186],[-82.8127,31.8208],[-82.8081,31.8229],[-82.807,31.8245],[-82.8097,31.8258],[-82.8094,31.8278],[-82.8048,31.8314],[-82.8027,31.8287],[-82.7958,31.8351],[-82.7916,31.8339],[-82.7858,31.8374],[-82.7847,31.8385],[-82.7851,31.8417],[-82.7902,31.8437],[-82.7919,31.8467],[-82.7905,31.8532],[-82.786,31.8537],[-82.7841,31.852],[-82.782,31.8524],[-82.7806,31.8565],[-82.7759,31.8585],[-82.7769,31.8617],[-82.7757,31.8626],[-82.7728,31.8617],[-82.773,31.8578],[-82.7697,31.8554],[-82.768,31.857],[-82.7702,31.8601],[-82.7687,31.8615],[-82.7626,31.8604],[-82.7623,31.8577],[-82.7573,31.8569],[-82.7562,31.8593],[-82.7534,31.8608],[-82.754,31.8658],[-82.742,31.8768],[-82.7364,31.878],[-82.7323,31.8804],[-82.7313,31.8826],[-82.7265,31.8819],[-82.7227,31.8842],[-82.7211,31.887],[-82.7173,31.8858],[-82.7154,31.8891],[-82.7103,31.8893],[-82.7071,31.8933],[-82.7062,31.8984],[-82.702,31.8992],[-82.6999,31.9036],[-82.6968,31.9026],[-82.6961,31.8988],[-82.6947,31.8981],[-82.6893,31.9016],[-82.6886,31.9047],[-82.6858,31.9058],[-82.6843,31.9087],[-82.6773,31.9099],[-82.6763,31.9132],[-82.6789,31.9162],[-82.6825,31.9165],[-82.6828,31.9198],[-82.6818,31.9207],[-82.6768,31.9197],[-82.6681,31.9215],[-82.6613,31.9199],[-82.6581,31.9237],[-82.6561,31.9205],[-82.6512,31.9209],[-82.6514,31.917],[-82.6486,31.9165],[-82.6467,31.9187],[-82.6438,31.919],[-82.6426,31.9212],[-82.6379,31.9222],[-82.6351,31.9251],[-82.631,31.9256],[-82.6288,31.9233],[-82.6242,31.9236],[-82.6226,31.9255],[-82.6234,31.9281],[-82.6221,31.9292],[-82.6199,31.9271],[-82.6146,31.9267],[-82.6025,31.9381],[-82.5994,31.9375],[-82.5965,31.932],[-82.5948,31.9316],[-82.593,31.9363],[-82.589,31.9351],[-82.5867,31.9361],[-82.5855,31.9401],[-82.581,31.9415],[-82.5773,31.9481],[-82.5704,31.954],[-82.5627,31.9577],[-82.5558,31.9554],[-82.5553,31.9593],[-82.5452,31.9554],[-82.5446,31.9587],[-82.5373,31.9572],[-82.535,31.9607],[-82.5331,31.9614],[-82.5283,31.9589],[-82.5165,31.9577],[-82.5031,31.9499],[-82.4923,31.9486],[-82.4844,31.9513],[-82.4799,31.9558],[-82.4822,31.9581],[-82.4877,31.9573],[-82.4928,31.9591],[-82.4991,31.9572],[-82.4996,31.9602],[-82.4976,31.964],[-82.4919,31.9685],[-82.4845,31.9685],[-82.4785,31.9717],[-82.4576,31.9638],[-82.4445,31.9675],[-82.4394,31.9678],[-82.4315,31.9662]]]}},{"type":"Feature","properties":{"leaid":"1303030","name":"Jefferson City School District","kind":"Unified","gradeLow":"PK","gradeHigh":"12","state":"GA"},"geometry":{"type":"MultiPolygon","coordinates":[[[[-83.5833,34.1008],[-83.5827,34.1002],[-83.5834,34.1003],[-83.5833,34.1008]]],[[[-83.5828,34.102],[-83.5822,34.1016],[-83.5829,34.1018],[-83.5828,34.102]]],[[[-83.582,34.1025],[-83.5828,34.1023],[-83.5826,34.1027],[-83.582,34.1025]]],[[[-83.5817,34.1032],[-83.5826,34.1029],[-83.5824,34.1033],[-83.5817,34.1032]]],[[[-83.5816,34.1036],[-83.5823,34.1035],[-83.5822,34.1038],[-83.5816,34.1036]]],[[[-83.5527,34.1314],[-83.5546,34.1304],[-83.5555,34.1316],[-83.5539,34.1327],[-83.5527,34.1314]]],[[[-83.5966,34.201],[-83.5938,34.2011],[-83.5942,34.1996],[-83.5928,34.2001],[-83.5911,34.1985],[-83.5862,34.1905],[-83.5821,34.1928],[-83.5797,34.1913],[-83.5786,34.1899],[-83.5797,34.1904],[-83.5799,34.1894],[-83.5777,34.1873],[-83.5782,34.1847],[-83.5806,34.1836],[-83.5756,34.1827],[-83.5741,34.1811],[-83.5758,34.1795],[-83.5749,34.1767],[-83.5709,34.1758],[-83.5734,34.1742],[-83.5727,34.1716],[-83.5702,34.1717],[-83.5677,34.1676],[-83.5645,34.1678],[-83.5647,34.1662],[-83.5629,34.164],[-83.5622,34.1611],[-83.5748,34.1591],[-83.5758,34.1622],[-83.5673,34.1616],[-83.567,34.1646],[-83.5685,34.1648],[-83.5689,34.1636],[-83.5749,34.1646],[-83.576,34.1632],[-83.5777,34.1653],[-83.5782,34.1699],[-83.5893,34.1677],[-83.5871,34.1637],[-83.5847,34.1659],[-83.5826,34.1656],[-83.5827,34.1593],[-83.5814,34.1593],[-83.5812,34.1573],[-83.5746,34.1584],[-83.5736,34.1546],[-83.5745,34.1548],[-83.5748,34.153],[-83.5724,34.153],[-83.5731,34.1513],[-83.5713,34.1473],[-83.5749,34.1461],[-83.5764,34.1396],[-83.5747,34.1401],[-83.5716,34.1382],[-83.5705,34.14],[-83.5666,34.1402],[-83.5647,34.1378],[-83.5654,34.1404],[-83.5598,34.1412],[-83.5611,34.1443],[-83.56,34.1477],[-83.5565,34.1473],[-83.5585,34.1449],[-83.5574,34.1433],[-83.5581,34.1415],[-83.5566,34.1414],[-83.5589,34.1397],[-83.5585,34.1334],[-83.5596,34.1329],[-83.5643,34.1359],[-83.5703,34.1316],[-83.5687,34.1305],[-83.5696,34.1302],[-83.5679,34.1265],[-83.5663,34.1275],[-83.5643,34.1256],[-83.5549,34.1302],[-83.5497,34.1302],[-83.5523,34.1316],[-83.5464,34.1338],[-83.546,34.1313],[-83.5488,34.1302],[-83.5449,34.1294],[-83.5468,34.1233],[-83.5523,34.1228],[-83.5539,34.1262],[-83.5616,34.122],[-83.5605,34.1181],[-83.5562,34.1171],[-83.5591,34.117],[-83.5596,34.1133],[-83.5565,34.1112],[-83.5557,34.1089],[-83.5528,34.1157],[-83.5509,34.1141],[-83.5471,34.1138],[-83.5473,34.113],[-83.5451,34.1135],[-83.547,34.1102],[-83.5464,34.1087],[-83.5523,34.105],[-83.5514,34.1043],[-83.5574,34.1019],[-83.5559,34.0989],[-83.5585,34.0965],[-83.5575,34.0959],[-83.5594,34.0919],[-83.5568,34.0916],[-83.5568,34.0899],[-83.5598,34.0859],[-83.5617,34.0887],[-83.5668,34.0867],[-83.5673,34.0877],[-83.569,34.0875],[-83.5681,34.0895],[-83.5731,34.0889],[-83.5729,34.0898],[-83.5695,34.0903],[-83.5687,34.0908],[-83.573,34.0909],[-83.5694,34.0919],[-83.5715,34.0928],[-83.5702,34.0932],[-83.5718,34.0944],[-83.5712,34.0965],[-83.5696,34.0966],[-83.5705,34.0981],[-83.5729,34.0975],[-83.5719,34.096],[-83.5741,34.095],[-83.5723,34.0932],[-83.5741,34.0923],[-83.5756,34.0942],[-83.5794,34.0924],[-83.581,34.0956],[-83.5843,34.095],[-83.583,34.092],[-83.5817,34.0921],[-83.5815,34.089],[-83.5839,34.0918],[-83.5867,34.0913],[-83.5873,34.0932],[-83.5892,34.0914],[-83.5905,34.0932],[-83.5862,34.0948],[-83.5838,34.098],[-83.5872,34.0992],[-83.5831,34.0992],[-83.5807,34.1002],[-83.5825,34.101],[-83.5808,34.1015],[-83.5791,34.1004],[-83.5802,34.1009],[-83.5814,34.0988],[-83.5776,34.0989],[-83.5784,34.101],[-83.5744,34.1015],[-83.5727,34.1052],[-83.5746,34.1054],[-83.5761,34.1038],[-83.5782,34.1048],[-83.5809,34.1032],[-83.5821,34.104],[-83.5812,34.1046],[-83.5824,34.1067],[-83.5859,34.1063],[-83.587,34.11],[-83.5883,34.11],[-83.5908,34.1089],[-83.5899,34.1081],[-83.5915,34.1086],[-83.5908,34.1081],[-83.5941,34.1016],[-83.5927,34.1019],[-83.5901,34.0966],[-83.5924,34.0951],[-83.5965,34.0956],[-83.5943,34.0976],[-83.5943,34.0997],[-83.5987,34.1001],[-83.5966,34.0976],[-83.5976,34.0958],[-83.5996,34.096],[-83.6045,34.0931],[-83.6035,34.0913],[-83.6049,34.0914],[-83.6062,34.0878],[-83.6093,34.0892],[-83.6101,34.0883],[-83.6157,34.0919],[-83.6151,34.0904],[-83.6165,34.0905],[-83.6164,34.0878],[-83.6143,34.0873],[-83.6102,34.081],[-83.6135,34.0792],[-83.6147,34.0814],[-83.6157,34.0792],[-83.6185,34.0845],[-83.6241,34.0842],[-83.6259,34.0823],[-83.6266,34.0828],[-83.6241,34.0855],[-83.6271,34.083],[-83.6278,34.0835],[-83.6258,34.0861],[-83.6287,34.0854],[-83.6233,34.0869],[-83.6222,34.0864],[-83.6238,34.0889],[-83.62,34.0907],[-83.6205,34.0924],[-83.6193,34.0943],[-83.6144,34.0931],[-83.6117,34.0975],[-83.6093,34.0952],[-83.6111,34.0944],[-83.6104,34.0936],[-83.6061,34.0959],[-83.6082,34.0972],[-83.6092,34.0955],[-83.6091,34.0965],[-83.6145,34.1002],[-83.6154,34.1014],[-83.6138,34.1037],[-83.6287,34.1185],[-83.6257,34.12],[-83.623,34.1149],[-83.6209,34.1142],[-83.62,34.1144],[-83.6255,34.1216],[-83.6298,34.1196],[-83.6314,34.1212],[-83.6277,34.1252],[-83.6282,34.1275],[-83.63,34.1264],[-83.6339,34.1286],[-83.6343,34.1267],[-83.6373,34.1297],[-83.6402,34.1297],[-83.6429,34.132],[-83.644,34.1371],[-83.6486,34.138],[-83.6533,34.1413],[-83.6631,34.1433],[-83.6651,34.1478],[-83.6744,34.1564],[-83.6711,34.159],[-83.6693,34.1578],[-83.6665,34.1606],[-83.6632,34.1598],[-83.6581,34.1638],[-83.6497,34.1597],[-83.6487,34.1649],[-83.6537,34.1726],[-83.6437,34.1746],[-83.6386,34.172],[-83.6385,34.1709],[-83.6364,34.1714],[-83.6334,34.1607],[-83.6188,34.1696],[-83.6166,34.1653],[-83.6168,34.1586],[-83.6251,34.1558],[-83.6246,34.1543],[-83.6278,34.153],[-83.6286,34.1502],[-83.6315,34.1519],[-83.6313,34.1503],[-83.6357,34.1481],[-83.6351,34.1473],[-83.6292,34.1489],[-83.6235,34.145],[-83.6278,34.1472],[-83.6261,34.1432],[-83.6217,34.1452],[-83.6206,34.1425],[-83.6178,34.1421],[-83.6151,34.1427],[-83.6156,34.1443],[-83.6134,34.1448],[-83.6153,34.147],[-83.6155,34.1497],[-83.6086,34.1517],[-83.607,34.1495],[-83.6094,34.1473],[-83.6058,34.1437],[-83.603,34.1444],[-83.6045,34.1464],[-83.6006,34.1469],[-83.602,34.1458],[-83.6011,34.1443],[-83.6027,34.1439],[-83.5989,34.1374],[-83.5964,34.1364],[-83.5915,34.1404],[-83.6006,34.146],[-83.6004,34.1521],[-83.5991,34.1475],[-83.5935,34.1499],[-83.5916,34.1495],[-83.5897,34.1518],[-83.5878,34.148],[-83.581,34.1486],[-83.5878,34.1532],[-83.5896,34.1587],[-83.5965,34.1574],[-83.5961,34.156],[-83.595,34.1565],[-83.5933,34.1515],[-83.596,34.151],[-83.5974,34.155],[-83.6,34.1543],[-83.6017,34.1593],[-83.6092,34.1578],[-83.6098,34.1606],[-83.6075,34.1613],[-83.607,34.1656],[-83.602,34.1671],[-83.6018,34.1691],[-83.6047,34.1684],[-83.6072,34.1705],[-83.6057,34.1721],[-83.607,34.1729],[-83.6047,34.1753],[-83.6062,34.1781],[-83.5968,34.1843],[-83.5916,34.1856],[-83.5914,34.1871],[-83.5872,34.187],[-83.5889,34.1894],[-83.5952,34.1869],[-83.5986,34.1883],[-83.5994,34.1861],[-83.6006,34.1867],[-83.6007,34.1894],[-83.6049,34.1904],[-83.6052,34.1935],[-83.5986,34.1946],[-83.6,34.1986],[-83.5966,34.201]],[[-83.6322,34.1366],[-83.6314,34.135],[-83.6278,34.1348],[-83.6284,34.1363],[-83.6322,34.1366]],[[-83.6313,34.1333],[-83.6277,34.1322],[-83.6274,34.1331],[-83.6313,34.1333]],[[-83.6313,34.1316],[-83.6324,34.1292],[-83.6283,34.1289],[-83.6282,34.1315],[-83.6313,34.1316]],[[-83.6248,34.1293],[-83.6221,34.1284],[-83.6206,34.1304],[-83.6234,34.1309],[-83.6248,34.1293]],[[-83.6105,34.0935],[-83.6124,34.0929],[-83.6107,34.0907],[-83.6091,34.0912],[-83.6105,34.0935]]]]}},{"type":"Feature","properties":{"leaid":"1303060","name":"Jefferson County School District","kind":"Unified","gradeLow":"PK","gradeHigh":"12","state":"GA"},"geometry":{"type":"Polygon","coordinates":[[[-82.2676,33.2674],[-82.2596,33.2636],[-82.255,33.2594],[-82.2544,33.2566],[-82.2492,33.2529],[-82.2462,33.2479],[-82.247,33.2459],[-82.2442,33.2443],[-82.2427,33.2405],[-82.2408,33.2393],[-82.2411,33.2333],[-82.2375,33.2315],[-82.2339,33.2322],[-82.2326,33.2312],[-82.233,33.2277],[-82.2446,33.2057],[-82.2668,33.1531],[-82.2811,33.1104],[-82.2912,33.063],[-82.288,33.0374],[-82.2819,33.0082],[-82.2724,32.9378],[-82.2953,32.8794],[-82.3165,32.8358],[-82.3176,32.8357],[-82.3195,32.8402],[-82.3218,32.8395],[-82.3266,32.8412],[-82.3297,32.8363],[-82.3326,32.8363],[-82.3353,32.8332],[-82.3405,32.8331],[-82.3428,32.8296],[-82.3469,32.827],[-82.3489,32.8264],[-82.352,32.8281],[-82.3548,32.8273],[-82.3619,32.8207],[-82.3616,32.8164],[-82.3677,32.8148],[-82.3758,32.8159],[-82.3849,32.8152],[-82.3864,32.8162],[-82.3883,32.8153],[-82.3919,32.8176],[-82.4003,32.813],[-82.4088,32.8151],[-82.4158,32.8133],[-82.4193,32.8104],[-82.4182,32.8051],[-82.419,32.801],[-82.417,32.799],[-82.4135,32.7983],[-82.4109,32.7948],[-82.4109,32.7926],[-82.409,32.7916],[-82.4081,32.7881],[-82.409,32.7841],[-82.4023,32.7824],[-82.4001,32.7837],[-82.3986,32.783],[-82.3984,32.7771],[-82.4018,32.7757],[-82.4037,32.7727],[-82.4106,32.7685],[-82.4139,32.7702],[-82.4183,32.7701],[-82.4298,32.7615],[-82.4538,32.7664],[-82.4733,32.7776],[-82.4886,32.7936],[-82.5022,32.8009],[-82.5093,32.8074],[-82.5211,32.8224],[-82.526,32.8336],[-82.523,32.8649],[-82.5181,32.868],[-82.5109,32.9178],[-82.5394,32.9478],[-82.5502,33.0194],[-82.5532,33.018],[-82.5561,33.0141],[-82.5592,33.0142],[-82.5604,33.0174],[-82.5613,33.0168],[-82.5623,33.0189],[-82.5644,33.0188],[-82.5645,33.0203],[-82.5666,33.0212],[-82.5688,33.0197],[-82.5778,33.0244],[-82.5759,33.0262],[-82.5798,33.03],[-82.5849,33.0297],[-82.5857,33.0315],[-82.5893,33.0312],[-82.5925,33.0341],[-82.5981,33.032],[-82.6003,33.0328],[-82.5991,33.034],[-82.6,33.037],[-82.6022,33.0371],[-82.6014,33.0387],[-82.6043,33.0455],[-82.6057,33.0462],[-82.606,33.0449],[-82.6073,33.0451],[-82.6103,33.0483],[-82.6093,33.0484],[-82.6102,33.0498],[-82.6158,33.0502],[-82.6183,33.0516],[-82.617,33.0547],[-82.6158,33.0538],[-82.6134,33.0557],[-82.6129,33.061],[-82.6153,33.063],[-82.6155,33.0618],[-82.6167,33.0623],[-82.6176,33.0612],[-82.6184,33.0625],[-82.628,33.0643],[-82.6289,33.0659],[-82.6275,33.068],[-82.627,33.0727],[-82.6304,33.0735],[-82.6294,33.0745],[-82.6318,33.0761],[-82.6351,33.0766],[-82.6376,33.0798],[-82.6372,33.0822],[-82.6416,33.0844],[-82.6414,33.0868],[-82.6397,33.0878],[-82.6408,33.0881],[-82.6407,33.0906],[-82.6396,33.09],[-82.6372,33.0935],[-82.6383,33.0958],[-82.6373,33.0968],[-82.6381,33.1007],[-82.6406,33.1012],[-82.6406,33.1002],[-82.6475,33.1021],[-82.6474,33.1037],[-82.6497,33.1047],[-82.6489,33.1065],[-82.6513,33.109],[-82.6507,33.11],[-82.6524,33.1105],[-82.652,33.1154],[-82.6544,33.1156],[-82.6555,33.1176],[-82.6576,33.118],[-82.6592,33.1238],[-82.6621,33.1258],[-82.6519,33.1261],[-82.6419,33.1213],[-82.6402,33.1255],[-82.6044,33.1236],[-82.6011,33.1249],[-82.598,33.1235],[-82.5891,33.1236],[-82.5825,33.1189],[-82.5788,33.1198],[-82.5795,33.1219],[-82.577,33.1246],[-82.577,33.1264],[-82.5795,33.1301],[-82.5774,33.1317],[-82.5799,33.1345],[-82.5778,33.1383],[-82.5798,33.1409],[-82.5781,33.146],[-82.5742,33.1484],[-82.5739,33.1539],[-82.5763,33.1584],[-82.5833,33.1608],[-82.5821,33.1649],[-82.5854,33.1701],[-82.5842,33.1701],[-82.5849,33.1715],[-82.4709,33.2501],[-82.432,33.2748],[-82.3838,33.3121],[-82.3717,33.3109],[-82.3495,33.3133],[-82.3343,33.3093],[-82.3242,33.3032],[-82.3222,33.3002],[-82.3136,33.2982],[-82.3039,33.2909],[-82.2983,33.2837],[-82.2982,33.2799],[-82.2965,33.2768],[-82.2933,33.2769],[-82.2898,33.2742],[-82.2865,33.2741],[-82.2755,33.2681],[-82.2676,33.2674]]]}},{"type":"Feature","properties":{"leaid":"1303090","name":"Jenkins County School District","kind":"Unified","gradeLow":"PK","gradeHigh":"12","state":"GA"},"geometry":{"type":"Polygon","coordinates":[[[-81.7676,32.9094],[-81.8679,32.6812],[-81.8662,32.6747],[-81.8687,32.6732],[-81.8667,32.6698],[-81.8658,32.6712],[-81.8649,32.6705],[-81.8649,32.668],[-81.8661,32.6685],[-81.8672,32.6662],[-81.8659,32.6629],[-81.8607,32.6585],[-81.8577,32.6586],[-81.8582,32.6571],[-81.8544,32.6565],[-81.8528,32.653],[-81.8483,32.6511],[-81.8475,32.6523],[-81.8457,32.6496],[-81.841,32.6491],[-82.0012,32.6069],[-82.0829,32.6633],[-82.1479,32.8198],[-82.1237,32.8837],[-82.0958,32.9057],[-82.0813,32.9168],[-81.9564,32.9237],[-81.858,32.9539],[-81.8539,32.9501],[-81.8449,32.9485],[-81.8391,32.9457],[-81.839,32.9445],[-81.8343,32.9449],[-81.8289,32.9423],[-81.8197,32.9461],[-81.8156,32.9432],[-81.8146,32.9368],[-81.8067,32.9341],[-81.8053,32.9356],[-81.8008,32.9355],[-81.7991,32.9338],[-81.7958,32.9333],[-81.7911,32.9294],[-81.788,32.9301],[-81.7852,32.9281],[-81.7837,32.9285],[-81.7741,32.9205],[-81.7728,32.9181],[-81.7732,32.9155],[-81.7719,32.9144],[-81.7722,32.912],[-81.7676,32.9094]]]}},{"type":"Feature","properties":{"leaid":"1303270","name":"Lee County School District","kind":"Unified","gradeLow":"PK","gradeHigh":"12","state":"GA"},"geometry":{"type":"MultiPolygon","coordinates":[[[[-84.3052,31.6911],[-84.3055,31.6832],[-84.3146,31.6832],[-84.3143,31.6912],[-84.3052,31.6911]]],[[[-84.3051,31.6911],[-84.3049,31.6982],[-84.2954,31.6981],[-84.2937,31.7498],[-84.2872,31.7502],[-84.2865,31.7912],[-84.2586,31.7907],[-84.2583,31.7909],[-84.2612,31.7913],[-84.2603,31.7946],[-84.263,31.7971],[-84.2618,31.7977],[-84.2628,31.799],[-84.2599,31.8038],[-84.2625,31.807],[-84.2616,31.8078],[-84.2635,31.8083],[-84.2629,31.8105],[-84.2645,31.8124],[-84.2619,31.815],[-84.263,31.8159],[-84.2618,31.8172],[-84.2638,31.8185],[-84.2617,31.8196],[-84.2629,31.8209],[-84.262,31.8218],[-84.2634,31.8215],[-84.2638,31.8237],[-84.2618,31.8258],[-84.2604,31.8256],[-84.2596,31.8279],[-84.2626,31.8287],[-84.2652,31.8343],[-84.273,31.8377],[-84.2715,31.8392],[-84.274,31.8403],[-84.2735,31.8412],[-84.2775,31.8417],[-84.2767,31.8504],[-84.2816,31.8512],[-84.2847,31.8554],[-84.2867,31.8551],[-84.2876,31.857],[-84.29,31.857],[-84.2909,31.86],[-84.2932,31.8598],[-84.2926,31.8624],[-84.2943,31.8643],[-84.2934,31.8651],[-84.2948,31.8643],[-84.3002,31.8679],[-84.3005,31.867],[-84.3057,31.8689],[-84.3091,31.8683],[-84.3104,31.8702],[-84.3116,31.8687],[-84.315,31.8681],[-84.3191,31.8708],[-84.3252,31.871],[-84.3271,31.873],[-84.3286,31.872],[-84.3323,31.8742],[-84.3382,31.8736],[-84.3381,31.9162],[-84.0108,31.9136],[-83.9357,31.9118],[-83.9225,31.9097],[-83.932,31.8988],[-83.9323,31.8938],[-83.9285,31.8862],[-83.9321,31.8846],[-83.9341,31.8814],[-83.9287,31.8718],[-83.9269,31.8625],[-83.9367,31.858],[-83.9388,31.8481],[-83.9466,31.8491],[-83.9496,31.8438],[-83.9573,31.8398],[-83.9591,31.8344],[-83.9651,31.835],[-83.9684,31.8335],[-83.9726,31.8277],[-83.9773,31.8185],[-83.9779,31.8144],[-83.9798,31.8124],[-83.9798,31.8094],[-83.9765,31.8065],[-83.9769,31.8033],[-83.989,31.8069],[-83.9935,31.8036],[-84.0064,31.8038],[-84.0089,31.8006],[-84.0091,31.7942],[-84.0063,31.7907],[-84.001,31.7869],[-83.9916,31.7849],[-83.9943,31.7782],[-83.9866,31.7696],[-83.9864,31.7654],[-83.993,31.7576],[-83.9991,31.7573],[-84.0035,31.7546],[-84.0047,31.747],[-84.0078,31.7412],[-84.0078,31.7351],[-84.0137,31.7339],[-84.0209,31.7219],[-84.0283,31.7193],[-84.0327,31.7163],[-84.032,31.714],[-84.0273,31.712],[-84.0256,31.71],[-84.0242,31.7051],[-84.0245,31.7014],[-84.0197,31.693],[-84.0221,31.6838],[-84.0124,31.663],[-84.0154,31.6603],[-84.0166,31.6515],[-84.0191,31.6498],[-84.0289,31.6484],[-84.0301,31.6432],[-84.0328,31.6437],[-84.0346,31.6425],[-84.0363,31.6378],[-84.0404,31.6345],[-84.0432,31.6236],[-84.2978,31.622],[-84.2956,31.691],[-84.3051,31.6911]]]]}},{"type":"Feature","properties":{"leaid":"1303120","name":"Johnson County School District","kind":"Unified","gradeLow":"PK","gradeHigh":"12","state":"GA"},"geometry":{"type":"Polygon","coordinates":[[[-82.4341,32.7623],[-82.4528,32.7287],[-82.4528,32.7193],[-82.4708,32.7106],[-82.4994,32.6863],[-82.4933,32.6751],[-82.4903,32.662],[-82.4788,32.657],[-82.4742,32.6526],[-82.4698,32.6509],[-82.4677,32.6469],[-82.4639,32.6472],[-82.4929,32.634],[-82.4989,32.6427],[-82.5177,32.6337],[-82.512,32.6252],[-82.5944,32.5792],[-82.5933,32.5751],[-82.5918,32.5739],[-82.5947,32.5668],[-82.5912,32.5577],[-82.5868,32.5551],[-82.5847,32.5507],[-82.5807,32.5487],[-82.5753,32.5424],[-82.568,32.5372],[-82.5644,32.5324],[-82.5853,32.5252],[-82.589,32.5285],[-82.5893,32.5311],[-82.5934,32.5351],[-82.5979,32.5329],[-82.6001,32.517],[-82.6026,32.5095],[-82.603,32.5215],[-82.6223,32.518],[-82.6231,32.5216],[-82.6294,32.5206],[-82.6338,32.5185],[-82.6375,32.5183],[-82.6477,32.5125],[-82.6625,32.5178],[-82.6745,32.5239],[-82.6686,32.6122],[-82.7945,32.6602],[-82.79,32.6787],[-82.7858,32.6867],[-82.8628,32.7158],[-82.9571,32.7083],[-82.9539,32.7213],[-82.9497,32.7267],[-82.9466,32.7397],[-82.9465,32.7487],[-82.9451,32.7518],[-82.9472,32.7546],[-82.947,32.7594],[-82.8025,32.8098],[-82.7983,32.8057],[-82.7985,32.8029],[-82.7821,32.7993],[-82.7786,32.7972],[-82.7776,32.7952],[-82.775,32.7945],[-82.7723,32.7887],[-82.7707,32.7752],[-82.7686,32.7691],[-82.7376,32.7801],[-82.7194,32.7828],[-82.7145,32.7847],[-82.7114,32.784],[-82.6974,32.7914],[-82.6808,32.7968],[-82.667,32.7829],[-82.6569,32.788],[-82.6307,32.7944],[-82.625,32.7939],[-82.6098,32.7978],[-82.5983,32.8027],[-82.5743,32.8158],[-82.5634,32.8181],[-82.5606,32.8201],[-82.5477,32.8216],[-82.5211,32.8224],[-82.5095,32.8076],[-82.5022,32.8009],[-82.4886,32.7936],[-82.4733,32.7776],[-82.4538,32.7664],[-82.4341,32.7623]]]}},{"type":"Feature","properties":{"leaid":"1303150","name":"Jones County School District","kind":"Unified","gradeLow":"PK","gradeHigh":"12","state":"GA"},"geometry":{"type":"Polygon","coordinates":[[[-83.4291,33.1854],[-83.4129,33.1052],[-83.3577,32.9261],[-83.4077,32.8978],[-83.5135,32.8449],[-83.5164,32.8472],[-83.5234,32.8413],[-83.5651,32.8772],[-83.5786,32.8651],[-83.5982,32.8878],[-83.6586,32.8878],[-83.6604,32.8915],[-83.6607,32.8961],[-83.6633,32.8987],[-83.6801,32.9048],[-83.6959,32.9166],[-83.698,32.9216],[-83.6977,32.9272],[-83.7017,32.9389],[-83.7006,32.944],[-83.7051,32.9502],[-83.7106,32.9522],[-83.7099,32.9562],[-83.7062,32.961],[-83.7061,32.9644],[-83.708,32.9666],[-83.7155,32.9694],[-83.7177,32.973],[-83.7228,32.9764],[-83.7214,32.9817],[-83.7216,32.9876],[-83.7246,32.9936],[-83.7233,32.9974],[-83.719,33.0011],[-83.7213,33.0046],[-83.7268,33.0075],[-83.7296,33.0136],[-83.7227,33.02],[-83.7212,33.0234],[-83.7254,33.0327],[-83.7373,33.0439],[-83.7381,33.0486],[-83.7434,33.0537],[-83.747,33.0634],[-83.753,33.0677],[-83.7608,33.0706],[-83.7639,33.0743],[-83.775,33.0801],[-83.7762,33.0835],[-83.7794,33.0866],[-83.7811,33.0925],[-83.7853,33.0972],[-83.7947,33.1041],[-83.7955,33.1101],[-83.799,33.1166],[-83.806,33.1218],[-83.8138,33.1221],[-83.8168,33.1259],[-83.816,33.1318],[-83.7521,33.1417],[-83.5459,33.1719],[-83.4391,33.1856],[-83.4368,33.1858],[-83.4358,33.1832],[-83.4331,33.1832],[-83.4302,33.1857],[-83.4291,33.1854]]]}},{"type":"Feature","properties":{"leaid":"1303210","name":"Lamar County School District","kind":"Unified","gradeLow":"PK","gradeHigh":"12","state":"GA"},"geometry":{"type":"Polygon","coordinates":[[[-84.0415,33.2026],[-84.0411,33.1251],[-84.0441,32.9479],[-84.0536,32.948],[-84.0542,32.9315],[-84.1233,32.9322],[-84.1224,32.9896],[-84.2701,32.991],[-84.2692,33.0314],[-84.2591,33.0315],[-84.2589,33.0397],[-84.2487,33.0393],[-84.2482,33.189],[-84.2275,33.1889],[-84.224,33.1834],[-84.2243,33.1794],[-84.124,33.1786],[-84.1238,33.2028],[-84.0415,33.2026]]]}},{"type":"Feature","properties":{"leaid":"1303330","name":"Lincoln County School District","kind":"Unified","gradeLow":"PK","gradeHigh":"12","state":"GA"},"geometry":{"type":"Polygon","coordinates":[[[-82.5645,33.9557],[-82.5544,33.9438],[-82.5431,33.9409],[-82.5341,33.9437],[-82.5267,33.9438],[-82.5129,33.937],[-82.5036,33.926],[-82.4929,33.9098],[-82.4801,33.9019],[-82.4699,33.8928],[-82.4594,33.8864],[-82.4551,33.8817],[-82.4481,33.8775],[-82.4405,33.8751],[-82.4292,33.8658],[-82.4228,33.8638],[-82.4084,33.8663],[-82.4039,33.8655],[-82.3957,33.8591],[-82.3798,33.8511],[-82.3718,33.8438],[-82.3469,33.8343],[-82.3378,33.8272],[-82.3245,33.82],[-82.3143,33.8111],[-82.3129,33.8075],[-82.3039,33.8036],[-82.3002,33.8006],[-82.2989,33.7958],[-82.2996,33.7865],[-82.2983,33.7835],[-82.295,33.7819],[-82.2898,33.782],[-82.2858,33.7801],[-82.2777,33.772],[-82.2661,33.7667],[-82.2632,33.762],[-82.2553,33.7597],[-82.2475,33.7526],[-82.2457,33.7434],[-82.2391,33.7309],[-82.2393,33.7272],[-82.2358,33.7144],[-82.2372,33.7079],[-82.2346,33.7002],[-82.226,33.6917],[-82.2186,33.6863],[-82.2283,33.686],[-82.2362,33.6913],[-82.2429,33.6933],[-82.2459,33.6894],[-82.261,33.6865],[-82.2662,33.6872],[-82.2684,33.683],[-82.2712,33.6824],[-82.2744,33.6834],[-82.2783,33.6874],[-82.2827,33.6889],[-82.2866,33.6922],[-82.2975,33.6935],[-82.3023,33.6992],[-82.3064,33.7006],[-82.3118,33.6981],[-82.329,33.6977],[-82.3321,33.6928],[-82.3381,33.6933],[-82.3403,33.6914],[-82.3404,33.6889],[-82.3435,33.6881],[-82.3465,33.6918],[-82.3526,33.6956],[-82.3549,33.6941],[-82.3527,33.6904],[-82.3515,33.6829],[-82.3539,33.6815],[-82.3583,33.6846],[-82.3613,33.6844],[-82.3618,33.6823],[-82.3594,33.6774],[-82.3607,33.6755],[-82.3646,33.6754],[-82.3685,33.6827],[-82.372,33.6827],[-82.3733,33.6749],[-82.3784,33.6768],[-82.3812,33.6722],[-82.3879,33.6713],[-82.3941,33.6725],[-82.3921,33.6661],[-82.3942,33.6643],[-82.3987,33.6672],[-82.4003,33.6712],[-82.4028,33.6718],[-82.4067,33.665],[-82.4111,33.6669],[-82.4125,33.6664],[-82.4115,33.6607],[-82.4143,33.654],[-82.421,33.6574],[-82.4231,33.6561],[-82.4238,33.652],[-82.4253,33.6506],[-82.4283,33.6507],[-82.4309,33.6551],[-82.4339,33.6552],[-82.4364,33.6517],[-82.4401,33.653],[-82.4432,33.65],[-82.4481,33.6514],[-82.4507,33.6506],[-82.4517,33.6496],[-82.4506,33.646],[-82.4568,33.6429],[-82.4593,33.637],[-82.4638,33.64],[-82.4686,33.638],[-82.477,33.6443],[-82.4776,33.641],[-82.4795,33.6395],[-82.5731,33.7851],[-82.5935,33.8273],[-82.5955,33.8285],[-82.5951,33.8311],[-82.5936,33.8317],[-82.5937,33.8336],[-82.5865,33.8375],[-82.5857,33.8397],[-82.5836,33.839],[-82.5828,33.8432],[-82.5848,33.8463],[-82.5783,33.849],[-82.578,33.853],[-82.5758,33.8533],[-82.575,33.8557],[-82.5731,33.8557],[-82.5726,33.8584],[-82.5743,33.86],[-82.5719,33.8655],[-82.5735,33.8676],[-82.5763,33.8684],[-82.5756,33.87],[-82.5774,33.8747],[-82.5796,33.8744],[-82.5862,33.8718],[-82.587,33.8695],[-82.594,33.8674],[-82.5996,33.8623],[-82.6057,33.8599],[-82.6249,33.9165],[-82.6455,33.9842],[-82.6406,33.9817],[-82.6398,33.979],[-82.6407,33.9742],[-82.6391,33.9727],[-82.6326,33.9749],[-82.6318,33.9791],[-82.6259,33.9822],[-82.6146,33.9804],[-82.6101,33.9816],[-82.6028,33.9798],[-82.6004,33.9765],[-82.5934,33.9716],[-82.5904,33.971],[-82.5889,33.969],[-82.5781,33.9659],[-82.5738,33.9593],[-82.5645,33.9557]]]}},{"type":"Feature","properties":{"leaid":"1303630","name":"Meriwether County School District","kind":"Unified","gradeLow":"PK","gradeHigh":"12","state":"GA"},"geometry":{"type":"Polygon","coordinates":[[[-84.5024,33.2211],[-84.5027,33.2197],[-84.5006,33.2187],[-84.5025,33.2155],[-84.5005,33.215],[-84.4961,33.2074],[-84.4982,33.2047],[-84.4984,33.2015],[-84.493,33.2001],[-84.4905,33.1976],[-84.4926,33.1956],[-84.4938,33.1965],[-84.4967,33.1923],[-84.495,33.1876],[-84.4967,33.1833],[-84.5074,33.1752],[-84.5056,33.1682],[-84.5101,33.1621],[-84.5072,33.1547],[-84.51,33.1541],[-84.5125,33.1498],[-84.515,33.1484],[-84.5149,33.144],[-84.5178,33.1418],[-84.5157,33.1402],[-84.5168,33.138],[-84.513,33.1316],[-84.5108,33.1309],[-84.5109,33.1263],[-84.514,33.126],[-84.5181,33.1225],[-84.5198,33.1141],[-84.5176,33.1101],[-84.5183,33.1018],[-84.5215,33.1019],[-84.5286,33.0983],[-84.5284,33.0931],[-84.5276,33.0919],[-84.522,33.0946],[-84.5188,33.0898],[-84.5114,33.086],[-84.5107,33.0843],[-84.5134,33.0781],[-84.5169,33.0784],[-84.5168,33.0811],[-84.5181,33.0818],[-84.5235,33.0802],[-84.5252,33.0785],[-84.5272,33.0701],[-84.5234,33.0643],[-84.5233,33.0545],[-84.5254,33.0522],[-84.5281,33.0433],[-84.5357,33.0415],[-84.537,33.036],[-84.5331,33.0277],[-84.5347,33.0258],[-84.5339,33.0205],[-84.538,33.0117],[-84.533,33.0049],[-84.527,33.0003],[-84.5313,32.994],[-84.5286,32.9896],[-84.5303,32.985],[-84.5252,32.9811],[-84.5215,32.9757],[-84.522,32.9734],[-84.5247,32.9713],[-84.5315,32.9701],[-84.5344,32.9642],[-84.532,32.9607],[-84.5273,32.9613],[-84.524,32.9602],[-84.519,32.9508],[-84.5193,32.9463],[-84.5229,32.9379],[-84.5224,32.9331],[-84.528,32.9279],[-84.5242,32.9194],[-84.5244,32.917],[-84.5265,32.9158],[-84.5269,32.9141],[-84.5233,32.9131],[-84.5162,32.9149],[-84.5116,32.9123],[-84.5082,32.9034],[-84.5097,32.8845],[-84.5069,32.8818],[-84.5071,32.8775],[-84.5707,32.8452],[-84.7005,32.8446],[-84.7515,32.8627],[-84.7513,32.8692],[-84.7678,32.8689],[-84.7679,32.8677],[-84.8411,32.8681],[-84.8476,32.8684],[-84.8477,32.8724],[-84.8618,32.8725],[-84.8615,32.9608],[-84.8645,32.9608],[-84.8646,32.9685],[-84.8626,33.1835],[-84.8624,33.1912],[-84.8523,33.191],[-84.8524,33.2236],[-84.7033,33.2228],[-84.7032,33.2312],[-84.694,33.2313],[-84.694,33.223],[-84.6746,33.2227],[-84.6745,33.2265],[-84.6695,33.2264],[-84.6693,33.2308],[-84.6546,33.2307],[-84.6546,33.2243],[-84.6527,33.2225],[-84.5024,33.2211]]]}},{"type":"Feature","properties":{"leaid":"1303360","name":"Long County School District","kind":"Unified","gradeLow":"PK","gradeHigh":"12","state":"GA"},"geometry":{"type":"Polygon","coordinates":[[[-81.7658,31.8878],[-81.7654,31.8745],[-81.7523,31.8612],[-81.7489,31.8608],[-81.7358,31.854],[-81.7287,31.8418],[-81.714,31.8347],[-81.6998,31.8208],[-81.6952,31.8126],[-81.6891,31.8091],[-81.6603,31.8008],[-81.6456,31.788],[-81.6433,31.7857],[-81.6418,31.7655],[-81.4996,31.7],[-81.4918,31.6996],[-81.5383,31.6243],[-81.566,31.5765],[-81.6222,31.5513],[-81.6632,31.5387],[-81.6641,31.5418],[-81.6718,31.548],[-81.6758,31.5462],[-81.6781,31.5424],[-81.6819,31.5418],[-81.6831,31.544],[-81.6802,31.5478],[-81.6814,31.5512],[-81.6847,31.5523],[-81.6904,31.5507],[-81.6927,31.5533],[-81.6964,31.5533],[-81.6986,31.5577],[-81.6971,31.5602],[-81.7011,31.5642],[-81.7004,31.5654],[-81.6964,31.5658],[-81.6995,31.5724],[-81.6995,31.5744],[-81.697,31.5779],[-81.7012,31.58],[-81.7018,31.5849],[-81.7066,31.5842],[-81.7083,31.5876],[-81.713,31.5859],[-81.7137,31.5868],[-81.7118,31.5898],[-81.7131,31.5909],[-81.7177,31.5891],[-81.7197,31.5916],[-81.7232,31.5916],[-81.7237,31.5939],[-81.7261,31.5958],[-81.7248,31.5994],[-81.7276,31.6011],[-81.7322,31.601],[-81.7316,31.6045],[-81.7375,31.6088],[-81.7406,31.6081],[-81.7424,31.6023],[-81.7472,31.6015],[-81.7487,31.6035],[-81.7482,31.6074],[-81.7467,31.6095],[-81.7443,31.61],[-81.7442,31.6123],[-81.7469,31.6136],[-81.7509,31.6128],[-81.7517,31.616],[-81.7567,31.6159],[-81.7596,31.6205],[-81.7631,31.6193],[-81.7652,31.6151],[-81.768,31.6141],[-81.7696,31.6148],[-81.7706,31.6218],[-81.7657,31.6232],[-81.7657,31.6252],[-81.7707,31.6248],[-81.7718,31.6285],[-81.7756,31.6288],[-81.7785,31.6315],[-81.7845,31.6298],[-81.7895,31.632],[-81.7905,31.6345],[-81.7861,31.6389],[-81.7868,31.6422],[-81.7887,31.6438],[-81.7964,31.6441],[-81.7974,31.6464],[-81.7956,31.65],[-81.797,31.6527],[-81.8066,31.6553],[-81.8095,31.6611],[-81.813,31.6641],[-81.8165,31.6647],[-81.8183,31.663],[-81.8123,31.6585],[-81.812,31.6539],[-81.8141,31.6523],[-81.821,31.6511],[-81.8244,31.6521],[-81.8309,31.6573],[-81.8275,31.6615],[-81.8289,31.664],[-81.8355,31.6635],[-81.8407,31.6682],[-81.8463,31.6673],[-81.8514,31.6682],[-81.852,31.6725],[-81.8485,31.6743],[-81.8476,31.6773],[-81.8541,31.6801],[-81.8593,31.6864],[-81.8669,31.6908],[-81.8744,31.7042],[-81.8742,31.7095],[-81.876,31.7127],[-81.8904,31.7169],[-81.9067,31.7258],[-81.9102,31.7313],[-81.9103,31.7364],[-81.9132,31.7397],[-81.9124,31.744],[-81.909,31.748],[-81.9121,31.7542],[-81.9193,31.7596],[-81.9221,31.7598],[-81.9241,31.7581],[-81.9223,31.7553],[-81.9227,31.7537],[-81.9258,31.7518],[-81.9288,31.7535],[-81.9296,31.7599],[-81.9316,31.7618],[-81.9362,31.7621],[-81.9406,31.7595],[-81.9437,31.7597],[-81.9445,31.7611],[-81.9434,31.7668],[-81.9491,31.7693],[-81.9517,31.7723],[-81.9515,31.7859],[-81.9534,31.789],[-81.9708,31.7902],[-81.9744,31.7876],[-81.981,31.7914],[-81.9816,31.7999],[-81.9798,31.8012],[-81.9799,31.8045],[-81.9712,31.8049],[-81.9665,31.8087],[-81.9636,31.8078],[-81.9614,31.8093],[-81.9564,31.8087],[-81.9527,31.8133],[-81.9517,31.8189],[-81.9525,31.8206],[-81.9506,31.8223],[-81.951,31.8256],[-81.9449,31.8329],[-81.945,31.8357],[-81.9421,31.837],[-81.9404,31.8406],[-81.9335,31.8421],[-81.9304,31.8478],[-81.9225,31.8512],[-81.9218,31.8569],[-81.9184,31.8622],[-81.9185,31.8653],[-81.9205,31.8679],[-81.9187,31.8761],[-81.9151,31.8791],[-81.9124,31.887],[-81.9093,31.8886],[-81.9064,31.8876],[-81.9028,31.8883],[-81.8992,31.8919],[-81.894,31.893],[-81.8924,31.8969],[-81.8944,31.8992],[-81.895,31.9029],[-81.892,31.9077],[-81.8872,31.9108],[-81.8831,31.9158],[-81.882,31.9241],[-81.8192,31.9049],[-81.8188,31.9028],[-81.8139,31.9011],[-81.8128,31.9023],[-81.7951,31.8975],[-81.7658,31.8878]]]}},{"type":"Feature","properties":{"leaid":"1303420","name":"Lumpkin County School District","kind":"Unified","gradeLow":"PK","gradeHigh":"12","state":"GA"},"geometry":{"type":"Polygon","coordinates":[[[-83.8565,34.7222],[-83.8566,34.7196],[-83.8595,34.7136],[-83.86,34.7077],[-83.8581,34.7049],[-83.8624,34.7007],[-83.8604,34.6966],[-83.8648,34.6907],[-83.8637,34.6878],[-83.8725,34.6831],[-83.8736,34.6791],[-83.8747,34.6732],[-83.8709,34.6686],[-83.8712,34.6649],[-83.8746,34.664],[-83.8764,34.661],[-83.8717,34.6569],[-83.8742,34.6476],[-83.8739,34.6445],[-83.8755,34.6433],[-83.872,34.6424],[-83.8711,34.6399],[-83.8756,34.6367],[-83.8737,34.6308],[-83.8774,34.6287],[-83.8742,34.6242],[-83.8762,34.6205],[-83.8727,34.619],[-83.8728,34.6156],[-83.8645,34.6156],[-83.8645,34.6045],[-83.8668,34.6028],[-83.8645,34.6005],[-83.8644,34.5506],[-83.8537,34.5507],[-83.8537,34.5415],[-83.8438,34.5414],[-83.8438,34.5324],[-83.8328,34.5323],[-83.8329,34.5235],[-83.8363,34.5235],[-83.8378,34.5213],[-83.8375,34.5195],[-83.8393,34.5186],[-83.8376,34.5153],[-83.8431,34.5154],[-83.8433,34.497],[-83.8876,34.4688],[-83.8876,34.4599],[-83.91,34.4598],[-83.9098,34.4692],[-83.9319,34.4693],[-83.9319,34.4605],[-83.9207,34.4601],[-83.9207,34.4511],[-83.9313,34.4512],[-83.9564,34.4373],[-83.9635,34.4362],[-83.9683,34.4333],[-83.9751,34.4327],[-83.9714,34.4262],[-83.9709,34.4228],[-83.9759,34.4187],[-83.9806,34.4184],[-84.1067,34.4659],[-84.1026,34.4662],[-84.1039,34.4682],[-84.1011,34.4682],[-84.1011,34.4713],[-84.1154,34.4733],[-84.1677,34.5208],[-84.191,34.5392],[-84.1889,34.5958],[-84.1872,34.5993],[-84.1886,34.6027],[-84.158,34.6482],[-84.1545,34.6485],[-84.1542,34.65],[-84.1518,34.6513],[-84.149,34.6468],[-84.1458,34.6468],[-84.138,34.6529],[-84.1365,34.6556],[-84.1381,34.6598],[-84.1371,34.661],[-84.1249,34.6644],[-84.1189,34.6609],[-84.1173,34.6584],[-84.1065,34.6563],[-84.0991,34.6532],[-84.0912,34.653],[-84.0885,34.6513],[-84.0867,34.653],[-84.0801,34.6537],[-84.0794,34.6568],[-84.0715,34.657],[-84.0687,34.652],[-84.0663,34.651],[-84.0677,34.648],[-84.0626,34.6491],[-84.0565,34.6435],[-84.05,34.6435],[-84.0482,34.6409],[-84.0454,34.6406],[-84.0424,34.6423],[-84.0365,34.6419],[-84.0372,34.6494],[-84.0385,34.6517],[-84.0304,34.6526],[-84.0283,34.6569],[-84.0292,34.661],[-84.0263,34.6633],[-84.0271,34.667],[-84.0246,34.6702],[-84.0184,34.6702],[-84.0158,34.6731],[-84.0088,34.6733],[-84.0009,34.6777],[-83.9947,34.6782],[-83.9953,34.685],[-83.9921,34.689],[-83.9921,34.6919],[-83.9905,34.6943],[-83.9921,34.6959],[-83.9864,34.7002],[-83.9876,34.7022],[-83.9871,34.7048],[-83.9895,34.7076],[-83.9826,34.7159],[-83.9772,34.7165],[-83.9757,34.7184],[-83.9729,34.7192],[-83.9716,34.7233],[-83.9669,34.7235],[-83.9643,34.7271],[-83.9166,34.727],[-83.9213,34.7345],[-83.9182,34.7349],[-83.9101,34.7345],[-83.9058,34.7313],[-83.9001,34.7322],[-83.8966,34.7301],[-83.8931,34.7258],[-83.8858,34.7268],[-83.8774,34.7233],[-83.8698,34.7274],[-83.8636,34.7263],[-83.8623,34.7238],[-83.8565,34.7222]]]}},{"type":"Feature","properties":{"leaid":"1303450","name":"Macon County School District","kind":"Unified","gradeLow":"PK","gradeHigh":"12","state":"GA"},"geometry":{"type":"MultiPolygon","coordinates":[[[[-84.0533,32.522],[-84.0536,32.5133],[-84.0343,32.5135],[-84.0341,32.4974],[-84.0173,32.4971],[-84.0176,32.4993],[-84.0193,32.4994],[-84.0199,32.5014],[-84.0187,32.5039],[-84.022,32.5041],[-84.0215,32.5062],[-84.0186,32.5053],[-84.0178,32.5064],[-83.9874,32.5061],[-83.9873,32.5143],[-83.9712,32.5142],[-83.9711,32.5059],[-83.9325,32.5057],[-83.9322,32.5116],[-83.9234,32.5114],[-83.9242,32.5035],[-83.9311,32.4837],[-83.923,32.4833],[-83.9228,32.4974],[-83.9005,32.497],[-83.8967,32.4945],[-83.8899,32.4945],[-83.8825,32.4919],[-83.8772,32.4893],[-83.8721,32.479],[-83.8599,32.4755],[-83.8543,32.475],[-83.8494,32.4729],[-83.8467,32.4685],[-83.8462,32.4394],[-83.8367,32.4393],[-83.837,32.3822],[-83.8565,32.3824],[-83.8566,32.3578],[-83.8468,32.3577],[-83.8484,32.291],[-83.8951,32.2921],[-83.8978,32.2894],[-83.8977,32.2807],[-83.9079,32.2786],[-83.909,32.276],[-83.9116,32.2753],[-83.9148,32.2719],[-83.9233,32.2697],[-83.9289,32.2656],[-83.9315,32.2658],[-83.9341,32.2621],[-83.9449,32.2591],[-83.9477,32.2543],[-83.9541,32.2536],[-83.9617,32.2507],[-83.9651,32.248],[-83.9656,32.2437],[-83.9687,32.2421],[-83.9683,32.2394],[-83.9703,32.2384],[-83.971,32.2358],[-83.9755,32.2319],[-83.9759,32.2287],[-83.9789,32.2284],[-83.9818,32.2255],[-83.9838,32.221],[-83.9887,32.2187],[-83.9894,32.217],[-83.9911,32.2175],[-83.9948,32.2156],[-83.9965,32.2121],[-84.0019,32.2083],[-84.0034,32.2057],[-84.0094,32.2031],[-84.0096,32.2016],[-84.0131,32.201],[-84.0146,32.199],[-84.014,32.1981],[-84.0158,32.1976],[-84.015,32.1964],[-84.0165,32.1964],[-84.0181,32.1941],[-84.018,32.1914],[-84.0215,32.1872],[-84.0207,32.1863],[-84.0226,32.1861],[-84.0236,32.1841],[-84.0294,32.1827],[-84.0289,32.1804],[-84.0311,32.1785],[-84.0261,32.1726],[-84.031,32.1705],[-84.0317,32.1734],[-84.0398,32.1746],[-84.0398,32.1778],[-84.0439,32.1794],[-84.0438,32.1824],[-84.0479,32.1829],[-84.0492,32.1851],[-84.06,32.1833],[-84.0688,32.1852],[-84.0738,32.184],[-84.0769,32.1866],[-84.0812,32.1874],[-84.0843,32.1911],[-84.0889,32.192],[-84.0998,32.1921],[-84.1072,32.1904],[-84.1121,32.1911],[-84.1278,32.1894],[-84.1347,32.1854],[-84.1341,32.228],[-84.2201,32.2311],[-84.2192,32.2951],[-84.2559,32.2962],[-84.2543,32.3956],[-84.2482,32.4007],[-84.2428,32.401],[-84.2398,32.3991],[-84.2368,32.4013],[-84.2315,32.4002],[-84.1979,32.4009],[-84.1223,32.5059],[-84.1113,32.5057],[-84.1112,32.5141],[-84.0723,32.5142],[-84.0722,32.5219],[-84.0533,32.522]]],[[[-84.0533,32.522],[-84.053,32.5306],[-84.0034,32.5299],[-84.0034,32.5269],[-84.0006,32.5215],[-84.0011,32.5206],[-84.0044,32.521],[-84.0073,32.523],[-84.0085,32.5218],[-84.0515,32.522],[-84.0533,32.522]]]]}},{"type":"Feature","properties":{"leaid":"1303480","name":"Madison County School District","kind":"Unified","gradeLow":"PK","gradeHigh":"12","state":"GA"},"geometry":{"type":"Polygon","coordinates":[[[-83.078,34.2236],[-83.0799,34.2175],[-83.0845,34.2114],[-83.0955,34.2025],[-83.0948,34.1949],[-83.092,34.1902],[-83.1025,34.173],[-83.1026,34.1683],[-83.0961,34.1624],[-83.0861,34.159],[-83.0762,34.1533],[-83.0678,34.1549],[-83.0667,34.1524],[-83.0611,34.1481],[-83.063,34.1457],[-83.0619,34.1419],[-83.0483,34.1296],[-83.0504,34.1262],[-83.0479,34.1211],[-83.0372,34.1178],[-83.0308,34.1131],[-83.0326,34.1099],[-83.03,34.104],[-83.0332,34.1024],[-83.0361,34.0983],[-83.0321,34.0966],[-83.0131,34.0773],[-83.011,34.0765],[-83.0088,34.079],[-83.005,34.0785],[-83.0022,34.0704],[-82.9901,34.0638],[-82.9905,34.0574],[-82.9878,34.052],[-82.9807,34.0472],[-82.9778,34.0485],[-82.9763,34.0432],[-82.9855,34.0417],[-82.9835,34.0386],[-82.9845,34.0354],[-82.9901,34.0381],[-82.9908,34.035],[-82.9947,34.0355],[-83.0021,34.0307],[-83.0109,34.0311],[-83.0149,34.035],[-83.0165,34.0327],[-83.0202,34.0326],[-83.0208,34.0289],[-83.0291,34.031],[-83.0319,34.026],[-83.038,34.0262],[-83.0487,34.0158],[-83.053,34.0195],[-83.0621,34.0192],[-83.0658,34.024],[-83.0689,34.0238],[-83.0713,34.0271],[-83.0753,34.0268],[-83.0773,34.025],[-83.0817,34.0289],[-83.0839,34.0285],[-83.0903,34.0322],[-83.091,34.035],[-83.0951,34.0271],[-83.0977,34.0279],[-83.0979,34.0292],[-83.101,34.0248],[-83.1087,34.0293],[-83.1094,34.0353],[-83.1118,34.0376],[-83.1151,34.037],[-83.1154,34.0389],[-83.1243,34.0439],[-83.1241,34.0476],[-83.1309,34.0447],[-83.1351,34.0447],[-83.1548,34.0366],[-83.164,34.0347],[-83.1811,34.0207],[-83.1877,34.0182],[-83.193,34.0106],[-83.212,34.0028],[-83.2219,34.0007],[-83.2222,34.0054],[-83.225,34.0096],[-83.2277,34.0083],[-83.237,34.0136],[-83.2583,33.9989],[-83.2642,34.0066],[-83.2659,34.0063],[-83.2668,34.0046],[-83.2735,34.0067],[-83.2802,34.0036],[-83.284,34.0049],[-83.2864,34.0072],[-83.2944,34.0081],[-83.2995,34.0128],[-83.3219,34.0268],[-83.3869,34.0501],[-83.3856,34.051],[-83.3853,34.0545],[-83.3833,34.0554],[-83.3831,34.0611],[-83.3813,34.0625],[-83.3823,34.0669],[-83.3771,34.0678],[-83.3765,34.0704],[-83.3749,34.0713],[-83.3754,34.0739],[-83.3814,34.0785],[-83.3741,34.0824],[-83.3739,34.0905],[-83.3705,34.0935],[-83.3703,34.0966],[-83.3677,34.0989],[-83.3681,34.1014],[-83.3654,34.1065],[-83.3637,34.1073],[-83.3636,34.1101],[-83.3571,34.1162],[-83.3577,34.1357],[-83.3613,34.1496],[-83.3615,34.1583],[-83.3638,34.1641],[-83.3794,34.1713],[-83.3856,34.1822],[-83.3938,34.1852],[-83.3992,34.1946],[-83.4024,34.1975],[-83.4001,34.2005],[-83.3903,34.2042],[-83.3751,34.2055],[-83.3727,34.2062],[-83.3704,34.2091],[-83.3669,34.2097],[-83.3643,34.2123],[-83.3633,34.2163],[-83.3587,34.2178],[-83.3586,34.223],[-83.3522,34.2241],[-83.3465,34.2314],[-83.3445,34.2362],[-83.3368,34.238],[-83.3283,34.2489],[-83.3244,34.2488],[-83.3196,34.2526],[-83.3139,34.2545],[-83.3135,34.2592],[-83.3083,34.2588],[-83.2973,34.2646],[-83.2959,34.2627],[-83.2934,34.2629],[-83.2897,34.2596],[-83.2865,34.2533],[-83.2764,34.2544],[-83.2753,34.2501],[-83.2733,34.249],[-83.2676,34.2487],[-83.2652,34.2472],[-83.2547,34.2476],[-83.2521,34.2467],[-83.2507,34.2434],[-83.2499,34.245],[-83.2462,34.2447],[-83.2409,34.2418],[-83.2374,34.2419],[-83.239,34.2464],[-83.2367,34.2481],[-83.2342,34.2466],[-83.227,34.2458],[-83.2241,34.2438],[-83.2165,34.2465],[-83.2142,34.2455],[-83.214,34.2431],[-83.209,34.244],[-83.2028,34.2483],[-83.2003,34.247],[-83.1947,34.247],[-83.1804,34.2399],[-83.1727,34.2385],[-83.1134,34.2735],[-83.1158,34.2621],[-83.078,34.2236]]]}},{"type":"Feature","properties":{"leaid":"1303510","name":"Marietta City School District","kind":"Unified","gradeLow":"PK","gradeHigh":"12","state":"GA"},"geometry":{"type":"MultiPolygon","coordinates":[[[[-84.5808,33.9274],[-84.5785,33.9265],[-84.5787,33.9249],[-84.5768,33.9232],[-84.5806,33.9204],[-84.5815,33.9212],[-84.5796,33.9214],[-84.5793,33.9242],[-84.5837,33.9238],[-84.5837,33.9275],[-84.5859,33.9275],[-84.586,33.9294],[-84.5873,33.9301],[-84.5857,33.9325],[-84.5872,33.9337],[-84.5862,33.9372],[-84.5883,33.938],[-84.5882,33.9319],[-84.5926,33.9329],[-84.5925,33.9384],[-84.5968,33.9385],[-84.5967,33.9456],[-84.5938,33.9462],[-84.5938,33.9531],[-84.5917,33.9531],[-84.5916,33.9571],[-84.5845,33.9594],[-84.5825,33.9566],[-84.5829,33.9593],[-84.5789,33.9595],[-84.579,33.9706],[-84.5699,33.9705],[-84.5695,33.9789],[-84.5667,33.9779],[-84.5674,33.9763],[-84.5649,33.9749],[-84.5652,33.9776],[-84.559,33.9774],[-84.5606,33.9793],[-84.5669,33.9792],[-84.5658,33.9806],[-84.5692,33.9824],[-84.5683,33.9838],[-84.5722,33.9849],[-84.5682,33.9887],[-84.5723,33.9878],[-84.574,33.9887],[-84.5738,33.991],[-84.5654,33.9922],[-84.5634,33.9916],[-84.5619,33.9897],[-84.5631,33.9889],[-84.5608,33.9877],[-84.5524,33.9873],[-84.553,33.9864],[-84.551,33.9861],[-84.5519,33.9836],[-84.5559,33.9831],[-84.5563,33.985],[-84.5575,33.9831],[-84.5561,33.983],[-84.556,33.9819],[-84.5582,33.9823],[-84.5588,33.9799],[-84.5545,33.9765],[-84.551,33.9771],[-84.5505,33.976],[-84.5504,33.978],[-84.5455,33.9826],[-84.5454,33.9865],[-84.549,33.9881],[-84.5477,33.9901],[-84.5501,33.9912],[-84.5515,33.9895],[-84.5534,33.9902],[-84.5529,33.9927],[-84.5579,33.9957],[-84.5516,33.9955],[-84.5515,33.9992],[-84.556,33.9994],[-84.5559,34.0011],[-84.5472,34.0012],[-84.546,34.0002],[-84.5476,33.9973],[-84.536,33.997],[-84.536,33.9986],[-84.5339,33.9988],[-84.5288,33.9987],[-84.5286,33.9971],[-84.5239,33.9986],[-84.5251,33.9957],[-84.5178,33.9961],[-84.5179,33.9947],[-84.5215,33.9947],[-84.5215,33.9911],[-84.5189,33.9911],[-84.519,33.9873],[-84.5164,33.9873],[-84.5164,33.9892],[-84.5148,33.9892],[-84.5147,33.9945],[-84.5122,33.9944],[-84.5119,33.9976],[-84.5082,33.9967],[-84.5074,33.9973],[-84.5102,33.9994],[-84.5077,33.9993],[-84.5052,33.9981],[-84.5078,33.9958],[-84.5078,33.991],[-84.5061,33.991],[-84.506,33.9896],[-84.5039,33.9896],[-84.504,33.9909],[-84.4981,33.9909],[-84.4983,33.9838],[-84.5073,33.984],[-84.5079,33.9799],[-84.5126,33.9801],[-84.5128,33.977],[-84.5079,33.9769],[-84.5079,33.9717],[-84.5093,33.9717],[-84.5094,33.9678],[-84.5117,33.9671],[-84.5116,33.969],[-84.5125,33.969],[-84.5127,33.967],[-84.5148,33.966],[-84.5139,33.9625],[-84.5098,33.9651],[-84.5025,33.9666],[-84.4979,33.9629],[-84.4986,33.9637],[-84.4969,33.9655],[-84.4953,33.9641],[-84.4907,33.9652],[-84.4926,33.9622],[-84.4926,33.9587],[-84.4957,33.9596],[-84.4973,33.952],[-84.4955,33.9509],[-84.4979,33.9504],[-84.4984,33.9492],[-84.4985,33.9457],[-84.4969,33.9447],[-84.499,33.9435],[-84.4999,33.9391],[-84.4961,33.9375],[-84.4874,33.9279],[-84.4873,33.9294],[-84.4817,33.9294],[-84.481,33.9333],[-84.4756,33.9307],[-84.4786,33.9304],[-84.4786,33.9272],[-84.4759,33.9286],[-84.4758,33.9275],[-84.4763,33.9264],[-84.4786,33.9264],[-84.4786,33.9242],[-84.4767,33.9232],[-84.4759,33.9264],[-84.4711,33.9264],[-84.4696,33.9248],[-84.4705,33.9235],[-84.4696,33.9239],[-84.4683,33.9225],[-84.4694,33.9219],[-84.468,33.9219],[-84.4679,33.9217],[-84.47,33.9213],[-84.4699,33.9225],[-84.4725,33.9225],[-84.4736,33.9245],[-84.4745,33.9243],[-84.4743,33.9191],[-84.4787,33.9191],[-84.4782,33.9224],[-84.4818,33.92],[-84.4822,33.9186],[-84.4776,33.9144],[-84.4779,33.9123],[-84.4805,33.9156],[-84.4833,33.9157],[-84.4833,33.9172],[-84.4875,33.9172],[-84.4875,33.9082],[-84.485,33.9062],[-84.4833,33.9091],[-84.4834,33.9058],[-84.4861,33.9047],[-84.4852,33.9036],[-84.4874,33.9034],[-84.4864,33.9023],[-84.4823,33.9033],[-84.4803,33.9017],[-84.4793,33.9042],[-84.4773,33.9038],[-84.4773,33.9001],[-84.4788,33.8992],[-84.4773,33.8975],[-84.4802,33.8956],[-84.4836,33.8993],[-84.4879,33.8965],[-84.4889,33.8992],[-84.488,33.8998],[-84.4896,33.9019],[-84.4967,33.8977],[-84.4999,33.9005],[-84.5009,33.9015],[-84.5008,33.9086],[-84.4965,33.9086],[-84.4964,33.9124],[-84.5049,33.9217],[-84.5068,33.9248],[-84.5086,33.9212],[-84.5113,33.9209],[-84.51,33.922],[-84.5105,33.9253],[-84.5075,33.925],[-84.5095,33.9269],[-84.512,33.9285],[-84.5214,33.9285],[-84.5232,33.9314],[-84.5223,33.9377],[-84.531,33.9378],[-84.5306,33.9355],[-84.5353,33.9366],[-84.5351,33.9378],[-84.5396,33.9378],[-84.5396,33.9362],[-84.5413,33.9358],[-84.5429,33.9381],[-84.5444,33.9369],[-84.5455,33.9379],[-84.5516,33.938],[-84.5535,33.9337],[-84.5545,33.9358],[-84.5551,33.9358],[-84.5554,33.9329],[-84.5573,33.9326],[-84.5573,33.931],[-84.5596,33.9309],[-84.5585,33.9272],[-84.5608,33.9272],[-84.5604,33.9236],[-84.5568,33.9235],[-84.5581,33.921],[-84.5539,33.9159],[-84.5576,33.9164],[-84.556,33.913],[-84.5568,33.9124],[-84.562,33.9132],[-84.5631,33.9146],[-84.5681,33.9106],[-84.5695,33.9113],[-84.5692,33.9126],[-84.5706,33.9126],[-84.5705,33.9167],[-84.5772,33.9166],[-84.5727,33.9153],[-84.5729,33.9132],[-84.5754,33.9132],[-84.5759,33.9151],[-84.5795,33.9147],[-84.5794,33.9164],[-84.5822,33.9165],[-84.5822,33.9188],[-84.5772,33.9224],[-84.5766,33.9219],[-84.575,33.924],[-84.5765,33.9274],[-84.5808,33.9274]],[[-84.5811,33.9273],[-84.5814,33.9274],[-84.5814,33.9273],[-84.5811,33.9273]],[[-84.4792,33.8999],[-84.4781,33.9001],[-84.4783,33.9011],[-84.4792,33.8999]],[[-84.5065,33.9305],[-84.5068,33.9268],[-84.5008,33.9252],[-84.5013,33.9234],[-84.5027,33.9243],[-84.5027,33.9233],[-84.5053,33.9229],[-84.5022,33.9217],[-84.5021,33.9205],[-84.5006,33.9223],[-84.4963,33.9223],[-84.4963,33.9257],[-84.498,33.9265],[-84.5006,33.9252],[-84.5013,33.9278],[-84.5027,33.9279],[-84.5027,33.9305],[-84.5065,33.9305]],[[-84.4963,33.9216],[-84.5007,33.921],[-84.5007,33.9193],[-84.4963,33.9192],[-84.4963,33.9216]],[[-84.4977,33.9586],[-84.4992,33.9581],[-84.4985,33.9555],[-84.4974,33.9553],[-84.4977,33.9586]],[[-84.5005,33.9475],[-84.5005,33.9492],[-84.4985,33.9505],[-84.5006,33.951],[-84.4999,33.9545],[-84.501,33.9545],[-84.5014,33.953],[-84.5033,33.9532],[-84.504,33.9506],[-84.5043,33.9516],[-84.5062,33.9513],[-84.5087,33.9495],[-84.5043,33.9481],[-84.5014,33.9486],[-84.5005,33.9475]],[[-84.5065,33.9523],[-84.5067,33.9542],[-84.5054,33.9533],[-84.504,33.9544],[-84.5079,33.9561],[-84.5039,33.9587],[-84.504,33.9635],[-84.5008,33.9623],[-84.4992,33.963],[-84.5012,33.9653],[-84.5092,33.9648],[-84.5139,33.9621],[-84.512,33.9583],[-84.5125,33.9547],[-84.5155,33.9547],[-84.5145,33.9526],[-84.5119,33.9547],[-84.5107,33.9528],[-84.5075,33.9516],[-84.5065,33.9523]],[[-84.5,33.9405],[-84.5006,33.9403],[-84.5,33.9403],[-84.5,33.9405]],[[-84.5079,33.9877],[-84.5064,33.9872],[-84.5062,33.9877],[-84.5079,33.9877]],[[-84.5145,33.9841],[-84.5129,33.9852],[-84.5129,33.9872],[-84.5142,33.9872],[-84.5145,33.9841]],[[-84.5214,33.9714],[-84.5159,33.9729],[-84.5149,33.9767],[-84.5167,33.9802],[-84.5207,33.9801],[-84.5226,33.9772],[-84.5253,33.9773],[-84.5253,33.9788],[-84.5231,33.9786],[-84.5229,33.9801],[-84.5252,33.9821],[-84.5253,33.9803],[-84.5299,33.9803],[-84.53,33.9773],[-84.5276,33.9773],[-84.528,33.9737],[-84.5243,33.9765],[-84.5231,33.9759],[-84.5242,33.9735],[-84.5214,33.9714]],[[-84.5181,33.9812],[-84.5173,33.9809],[-84.5176,33.9815],[-84.5181,33.9812]],[[-84.5277,33.9904],[-84.5305,33.9879],[-84.5298,33.9864],[-84.5252,33.9872],[-84.5277,33.9904]],[[-84.5345,33.9929],[-84.5305,33.9906],[-84.5293,33.9914],[-84.531,33.993],[-84.5303,33.9937],[-84.5316,33.9933],[-84.5301,33.9948],[-84.5324,33.9957],[-84.5341,33.9947],[-84.5331,33.9948],[-84.5345,33.9929]],[[-84.5359,33.9862],[-84.534,33.9892],[-84.5318,33.9894],[-84.5351,33.9914],[-84.5366,33.9914],[-84.5378,33.9872],[-84.5359,33.9862]],[[-84.5388,33.9885],[-84.5377,33.9915],[-84.5393,33.9915],[-84.5391,33.9899],[-84.541,33.9891],[-84.5431,33.9916],[-84.5426,33.9879],[-84.5388,33.9885]],[[-84.5478,33.9934],[-84.5497,33.9934],[-84.5504,33.9923],[-84.5473,33.9917],[-84.5478,33.9934]],[[-84.5662,33.9202],[-84.5663,33.9166],[-84.562,33.9166],[-84.562,33.9202],[-84.5662,33.9202]],[[-84.5743,33.92],[-84.5743,33.9213],[-84.5717,33.9213],[-84.5729,33.923],[-84.5751,33.9225],[-84.5743,33.92]],[[-84.5743,33.92],[-84.5737,33.9182],[-84.5718,33.918],[-84.5718,33.92],[-84.5743,33.92]],[[-84.584,33.9366],[-84.5807,33.9375],[-84.5774,33.9412],[-84.5807,33.9388],[-84.587,33.9382],[-84.584,33.9366]]],[[[-84.4738,33.9295],[-84.4745,33.9293],[-84.4745,33.9301],[-84.4738,33.9295]]],[[[-84.4978,33.9418],[-84.4984,33.9411],[-84.4983,33.9418],[-84.4978,33.9418]]],[[[-84.5555,33.9322],[-84.555,33.9252],[-84.5574,33.9241],[-84.5567,33.9321],[-84.5555,33.9322]]],[[[-84.5822,33.9192],[-84.5836,33.9182],[-84.5848,33.9195],[-84.5844,33.9205],[-84.5822,33.9192]]],[[[-84.5869,33.9756],[-84.5921,33.9712],[-84.5929,33.9734],[-84.5943,33.973],[-84.5954,33.9749],[-84.5965,33.9739],[-84.5969,33.9737],[-84.5974,33.9737],[-84.5989,33.9752],[-84.5972,33.9752],[-84.597,33.9738],[-84.5954,33.975],[-84.5951,33.9751],[-84.5921,33.9751],[-84.5887,33.978],[-84.5868,33.978],[-84.5869,33.9756]]],[[[-84.5912,33.983],[-84.598,33.9804],[-84.5992,33.9827],[-84.5912,33.983]]],[[[-84.5965,33.9663],[-84.5952,33.9679],[-84.593,33.9671],[-84.5938,33.9634],[-84.5952,33.9636],[-84.5952,33.9659],[-84.5966,33.9659],[-84.5955,33.9605],[-84.6,33.9605],[-84.5995,33.9648],[-84.5978,33.9639],[-84.5996,33.9656],[-84.5979,33.9656],[-84.5977,33.9679],[-84.5965,33.9679],[-84.5965,33.9663]]],[[[-84.6042,33.9753],[-84.5996,33.978],[-84.6014,33.9753],[-84.6011,33.9716],[-84.6042,33.968],[-84.6051,33.9608],[-84.6083,33.9608],[-84.6085,33.9669],[-84.6063,33.9668],[-84.6063,33.9681],[-84.6086,33.9673],[-84.6086,33.9682],[-84.6129,33.9682],[-84.6128,33.9754],[-84.6172,33.9759],[-84.6166,33.9856],[-84.6118,33.9886],[-84.6069,33.9831],[-84.6087,33.982],[-84.6038,33.9792],[-84.6042,33.9753]]],[[[-84.6001,33.9532],[-84.6001,33.9459],[-84.6034,33.9458],[-84.6033,33.9472],[-84.6008,33.9465],[-84.601,33.9476],[-84.6033,33.9476],[-84.6033,33.9533],[-84.6001,33.9532]]],[[[-84.6006,33.966],[-84.6003,33.9648],[-84.6014,33.9648],[-84.6006,33.966]]]]}},{"type":"Feature","properties":{"leaid":"1303540","name":"Marion County School District","kind":"Unified","gradeLow":"PK","gradeHigh":"12","state":"GA"},"geometry":{"type":"Polygon","coordinates":[[[-84.3921,32.4353],[-84.3899,32.2972],[-84.4133,32.2975],[-84.4133,32.2895],[-84.4101,32.2895],[-84.4104,32.2319],[-84.4295,32.2322],[-84.4299,32.1942],[-84.4201,32.1917],[-84.4205,32.1744],[-84.43,32.1743],[-84.4312,32.1341],[-84.5271,32.1346],[-84.5274,32.1512],[-84.5363,32.1512],[-84.5366,32.1596],[-84.5461,32.1591],[-84.5457,32.1752],[-84.5647,32.1751],[-84.5642,32.1922],[-84.5997,32.1924],[-84.5978,32.1985],[-84.6013,32.2075],[-84.6007,32.2103],[-84.6063,32.2172],[-84.6102,32.2171],[-84.6105,32.2256],[-84.6211,32.2256],[-84.6206,32.2331],[-84.6589,32.2329],[-84.6575,32.4414],[-84.6587,32.4416],[-84.6573,32.4949],[-84.6382,32.4948],[-84.6373,32.5349],[-84.6326,32.5338],[-84.6311,32.5317],[-84.6233,32.5316],[-84.6205,32.5296],[-84.6109,32.5348],[-84.6051,32.5351],[-84.6013,32.5315],[-84.6021,32.5294],[-84.5976,32.5246],[-84.5861,32.5226],[-84.5778,32.5257],[-84.5739,32.5255],[-84.5705,32.5282],[-84.5614,32.5281],[-84.5613,32.535],[-84.5664,32.5359],[-84.566,32.5401],[-84.5632,32.5423],[-84.5625,32.5446],[-84.5587,32.5453],[-84.5538,32.5487],[-84.5509,32.5493],[-84.551,32.5427],[-84.5422,32.5426],[-84.5421,32.5499],[-84.5367,32.55],[-84.5325,32.5498],[-84.5326,32.5427],[-84.5048,32.5418],[-84.5047,32.5482],[-84.4918,32.5483],[-84.4921,32.562],[-84.4444,32.5621],[-84.4436,32.5422],[-84.4532,32.5424],[-84.4532,32.5343],[-84.4433,32.5342],[-84.443,32.5185],[-84.4335,32.5187],[-84.4336,32.4932],[-84.4239,32.4932],[-84.4244,32.4851],[-84.4078,32.4853],[-84.4086,32.4439],[-84.4061,32.4453],[-84.4031,32.4435],[-84.4011,32.4408],[-84.4009,32.4355],[-84.3921,32.4353]]]}},{"type":"Feature","properties":{"leaid":"1303570","name":"McDuffie County School District","kind":"Unified","gradeLow":"PK","gradeHigh":"12","state":"GA"},"geometry":{"type":"Polygon","coordinates":[[[-82.4807,33.639],[-82.4776,33.641],[-82.477,33.6443],[-82.4686,33.638],[-82.4638,33.64],[-82.4593,33.637],[-82.4568,33.6429],[-82.4506,33.646],[-82.4517,33.6496],[-82.4507,33.6506],[-82.4481,33.6514],[-82.4432,33.65],[-82.4401,33.653],[-82.4364,33.6517],[-82.4339,33.6552],[-82.4309,33.6551],[-82.4283,33.6507],[-82.4247,33.65],[-82.425,33.6473],[-82.4326,33.644],[-82.435,33.6415],[-82.438,33.6415],[-82.4417,33.6383],[-82.4404,33.6356],[-82.4427,33.6307],[-82.4374,33.6282],[-82.4328,33.6203],[-82.4303,33.6187],[-82.4322,33.6181],[-82.4315,33.6152],[-82.4301,33.6145],[-82.4315,33.6104],[-82.4335,33.6091],[-82.433,33.6081],[-82.4291,33.6065],[-82.4211,33.5987],[-82.418,33.5973],[-82.4127,33.5976],[-82.4132,33.5921],[-82.4234,33.5754],[-82.4297,33.5709],[-82.4302,33.5687],[-82.4328,33.5689],[-82.4342,33.5671],[-82.4368,33.5497],[-82.3849,33.5299],[-82.3923,33.5251],[-82.3983,33.5181],[-82.4024,33.5165],[-82.4005,33.511],[-82.4013,33.5087],[-82.3982,33.5001],[-82.3991,33.4925],[-82.3835,33.4781],[-82.3823,33.4708],[-82.3848,33.4673],[-82.3748,33.4554],[-82.3642,33.4507],[-82.3462,33.4265],[-82.3386,33.4224],[-82.3353,33.4187],[-82.3362,33.4129],[-82.3406,33.4066],[-82.3392,33.4022],[-82.3312,33.3984],[-82.3291,33.3922],[-82.3235,33.3865],[-82.324,33.3834],[-82.323,33.3812],[-82.3123,33.3749],[-82.3096,33.3656],[-82.3023,33.3616],[-82.2942,33.3546],[-82.3535,33.3123],[-82.372,33.3109],[-82.3988,33.314],[-82.4016,33.3156],[-82.403,33.3181],[-82.4078,33.3181],[-82.4111,33.3199],[-82.4119,33.3242],[-82.4176,33.3277],[-82.4176,33.3324],[-82.4253,33.3301],[-82.4317,33.3338],[-82.4348,33.3328],[-82.437,33.3364],[-82.4426,33.3377],[-82.4478,33.3371],[-82.4507,33.3408],[-82.4585,33.3401],[-82.4608,33.3412],[-82.4656,33.3402],[-82.4686,33.3417],[-82.4742,33.3394],[-82.487,33.3399],[-82.4906,33.3381],[-82.4985,33.3377],[-82.5002,33.3391],[-82.5011,33.3429],[-82.5108,33.3421],[-82.5155,33.3451],[-82.5184,33.3489],[-82.5249,33.3504],[-82.5267,33.3539],[-82.5358,33.3575],[-82.5448,33.3518],[-82.5481,33.3528],[-82.5476,33.3546],[-82.5494,33.3577],[-82.5443,33.3747],[-82.5536,33.4158],[-82.5846,33.4497],[-82.6389,33.5823],[-82.6416,33.5922],[-82.6497,33.6088],[-82.643,33.607],[-82.6422,33.6108],[-82.6433,33.6141],[-82.6454,33.6158],[-82.6434,33.6181],[-82.6332,33.611],[-82.6267,33.6113],[-82.6224,33.6134],[-82.6171,33.6121],[-82.6183,33.6149],[-82.6242,33.6207],[-82.6206,33.6248],[-82.6167,33.6248],[-82.6149,33.6278],[-82.6169,33.6284],[-82.6183,33.6313],[-82.6142,33.634],[-82.6113,33.6334],[-82.6101,33.6272],[-82.6069,33.6257],[-82.606,33.627],[-82.6081,33.6339],[-82.6059,33.6352],[-82.601,33.6343],[-82.595,33.6378],[-82.5915,33.6363],[-82.5898,33.6379],[-82.5888,33.6421],[-82.5867,33.6405],[-82.5859,33.6352],[-82.5829,33.6329],[-82.5805,33.6329],[-82.5766,33.6376],[-82.5825,33.6381],[-82.5845,33.64],[-82.5841,33.6489],[-82.5822,33.652],[-82.5807,33.6513],[-82.5779,33.644],[-82.5723,33.6387],[-82.5705,33.6394],[-82.5687,33.6431],[-82.5695,33.6459],[-82.562,33.6445],[-82.5585,33.6354],[-82.5565,33.6339],[-82.5559,33.6349],[-82.5576,33.6371],[-82.5557,33.6396],[-82.5557,33.6427],[-82.5436,33.6386],[-82.5383,33.6414],[-82.5367,33.6494],[-82.5286,33.6454],[-82.5225,33.6449],[-82.5191,33.647],[-82.5184,33.6532],[-82.5117,33.6592],[-82.5072,33.66],[-82.505,33.6591],[-82.5051,33.6549],[-82.507,33.6538],[-82.5057,33.6533],[-82.5053,33.6513],[-82.4998,33.6545],[-82.4964,33.6518],[-82.4868,33.6475],[-82.4866,33.6425],[-82.4807,33.639]]]}},{"type":"Feature","properties":{"leaid":"1303600","name":"McIntosh County School District","kind":"Unified","gradeLow":"PK","gradeHigh":"12","state":"GA"},"geometry":{"type":"MultiPolygon","coordinates":[[[[-81.2847,31.2999],[-81.2858,31.2989],[-81.286,31.2998],[-81.2847,31.2999]]],[[[-81.2676,31.3032],[-81.2689,31.3031],[-81.2691,31.304],[-81.2676,31.3032]]],[[[-81.2747,31.3034],[-81.2775,31.3038],[-81.2731,31.304],[-81.2747,31.3034]]],[[[-81.4024,31.2933],[-81.4056,31.2911],[-81.4085,31.2953],[-81.4055,31.3021],[-81.4024,31.305],[-81.4011,31.3034],[-81.4052,31.2944],[-81.4024,31.2933]]],[[[-81.3091,31.3045],[-81.3092,31.3041],[-81.3096,31.305],[-81.3091,31.3045]]],[[[-81.2827,31.3055],[-81.2846,31.306],[-81.2871,31.3077],[-81.2834,31.3072],[-81.2827,31.3055]]],[[[-81.4128,31.3079],[-81.4131,31.3074],[-81.4132,31.3076],[-81.4128,31.3079]]],[[[-81.2671,31.3125],[-81.2684,31.3118],[-81.2688,31.3122],[-81.2671,31.3125]]],[[[-81.3216,31.3131],[-81.3195,31.3119],[-81.3205,31.3121],[-81.3193,31.3101],[-81.3212,31.3107],[-81.3218,31.3128],[-81.3216,31.3093],[-81.3314,31.307],[-81.3333,31.3075],[-81.3329,31.3102],[-81.3216,31.3131]]],[[[-81.4337,31.3136],[-81.4335,31.3128],[-81.4346,31.3137],[-81.4337,31.3136]]],[[[-81.2993,31.3149],[-81.2641,31.3093],[-81.2608,31.3067],[-81.2596,31.304],[-81.2715,31.3062],[-81.2764,31.3048],[-81.277,31.3061],[-81.2755,31.3082],[-81.287,31.3105],[-81.2891,31.3098],[-81.2928,31.3131],[-81.2981,31.3137],[-81.2993,31.3149]]],[[[-81.3106,31.3158],[-81.295,31.3115],[-81.2954,31.3103],[-81.2909,31.3068],[-81.2752,31.3005],[-81.2822,31.3018],[-81.2854,31.301],[-81.2901,31.2976],[-81.2939,31.2927],[-81.296,31.2927],[-81.3017,31.2958],[-81.3119,31.312],[-81.3147,31.3132],[-81.3117,31.3079],[-81.32,31.3141],[-81.3106,31.3158]]],[[[-81.3298,31.3172],[-81.3217,31.317],[-81.3302,31.3123],[-81.3337,31.3138],[-81.3298,31.3172]]],[[[-81.3358,31.3186],[-81.3373,31.3184],[-81.3358,31.3187],[-81.3358,31.3186]]],[[[-81.3346,31.3201],[-81.3351,31.3196],[-81.3358,31.3199],[-81.3346,31.3201]]],[[[-81.3743,31.322],[-81.3716,31.321],[-81.3748,31.3218],[-81.3743,31.322]]],[[[-81.3552,31.3215],[-81.358,31.3194],[-81.3633,31.3206],[-81.3562,31.3221],[-81.3552,31.3215]]],[[[-81.3514,31.3224],[-81.3543,31.321],[-81.3535,31.322],[-81.3514,31.3224]]],[[[-81.3384,31.3185],[-81.3421,31.3167],[-81.3397,31.3173],[-81.3403,31.3168],[-81.3478,31.3147],[-81.3489,31.315],[-81.3475,31.3164],[-81.3493,31.3154],[-81.3549,31.3157],[-81.3612,31.3183],[-81.3571,31.3189],[-81.3482,31.3231],[-81.3384,31.3185]]],[[[-81.2705,31.3292],[-81.271,31.3285],[-81.2712,31.329],[-81.2705,31.3292]]],[[[-81.373,31.3293],[-81.3601,31.3284],[-81.3544,31.3257],[-81.3285,31.3243],[-81.3336,31.3221],[-81.3481,31.3249],[-81.3653,31.3238],[-81.3686,31.3249],[-81.373,31.3293]]],[[[-81.3512,31.3301],[-81.3528,31.3296],[-81.3508,31.3306],[-81.3512,31.3301]]],[[[-81.3387,31.3321],[-81.339,31.3317],[-81.3392,31.3318],[-81.3387,31.3321]]],[[[-81.3375,31.3301],[-81.341,31.329],[-81.3477,31.3321],[-81.3403,31.3317],[-81.3375,31.3301]]],[[[-81.3418,31.3324],[-81.3423,31.3321],[-81.3426,31.3322],[-81.3418,31.3324]]],[[[-81.4447,31.3327],[-81.4453,31.3322],[-81.4451,31.3329],[-81.4447,31.3327]]],[[[-81.358,31.3328],[-81.3586,31.3326],[-81.3587,31.3329],[-81.358,31.3328]]],[[[-81.3734,31.3311],[-81.3607,31.331],[-81.351,31.3265],[-81.3542,31.3261],[-81.3589,31.3286],[-81.3733,31.3304],[-81.3744,31.3311],[-81.3737,31.3333],[-81.3734,31.3311]]],[[[-81.3918,31.3353],[-81.392,31.335],[-81.3923,31.3351],[-81.3918,31.3353]]],[[[-81.3671,31.3337],[-81.3729,31.3344],[-81.3734,31.3351],[-81.3707,31.3354],[-81.3671,31.3337]]],[[[-81.3088,31.3349],[-81.3106,31.3349],[-81.3115,31.3354],[-81.3108,31.3359],[-81.3088,31.3349]]],[[[-81.4811,31.336],[-81.4812,31.336],[-81.4809,31.3361],[-81.4811,31.336]]],[[[-81.3059,31.3352],[-81.3073,31.3354],[-81.3081,31.3361],[-81.3062,31.336],[-81.3059,31.3352]]],[[[-81.4769,31.335],[-81.4781,31.3342],[-81.4784,31.3343],[-81.4784,31.3343],[-81.4771,31.335],[-81.4772,31.3363],[-81.4769,31.335]]],[[[-81.4303,31.3374],[-81.4282,31.3359],[-81.4324,31.3377],[-81.4303,31.3374]]],[[[-81.4378,31.3381],[-81.4309,31.3358],[-81.4326,31.335],[-81.425,31.3326],[-81.4065,31.3312],[-81.394,31.3325],[-81.385,31.3317],[-81.3759,31.3283],[-81.3716,31.3233],[-81.3845,31.3194],[-81.3948,31.3124],[-81.4009,31.3066],[-81.4026,31.3103],[-81.408,31.314],[-81.4053,31.32],[-81.4047,31.3227],[-81.4055,31.3244],[-81.4076,31.3262],[-81.4098,31.3267],[-81.4168,31.325],[-81.4181,31.3237],[-81.4088,31.3263],[-81.4053,31.3234],[-81.4087,31.3137],[-81.41,31.3135],[-81.4131,31.3156],[-81.4159,31.316],[-81.4107,31.3132],[-81.4136,31.3104],[-81.4145,31.3072],[-81.424,31.3129],[-81.4355,31.3146],[-81.4363,31.3173],[-81.4341,31.3254],[-81.4348,31.331],[-81.4371,31.3327],[-81.4424,31.3329],[-81.4435,31.334],[-81.4378,31.3381]]],[[[-81.4762,31.3391],[-81.477,31.3389],[-81.4761,31.3391],[-81.4762,31.3391]]],[[[-81.3982,31.3369],[-81.4037,31.3348],[-81.4156,31.3348],[-81.4245,31.3377],[-81.4126,31.3395],[-81.3982,31.3369]]],[[[-81.4852,31.3406],[-81.4852,31.3402],[-81.4852,31.341],[-81.4852,31.3406]]],[[[-81.4788,31.3405],[-81.4798,31.341],[-81.4799,31.3418],[-81.4792,31.342],[-81.4788,31.3405]]],[[[-81.493,31.3435],[-81.4932,31.3434],[-81.4933,31.3435],[-81.493,31.3435]]],[[[-81.4394,31.3418],[-81.4423,31.3416],[-81.4413,31.3449],[-81.4394,31.3418]]],[[[-81.4648,31.3505],[-81.4686,31.3485],[-81.4669,31.3504],[-81.4648,31.3505]]],[[[-81.4526,31.3515],[-81.4513,31.3477],[-81.4561,31.3452],[-81.456,31.3406],[-81.4517,31.3371],[-81.4402,31.3382],[-81.444,31.3355],[-81.4459,31.3324],[-81.4455,31.3306],[-81.4542,31.3275],[-81.4569,31.3313],[-81.4612,31.3335],[-81.4631,31.3367],[-81.4662,31.337],[-81.4702,31.3406],[-81.4731,31.3384],[-81.4713,31.3339],[-81.4735,31.3343],[-81.4743,31.34],[-81.4772,31.3428],[-81.477,31.3444],[-81.4672,31.3482],[-81.4622,31.3513],[-81.4549,31.3523],[-81.4526,31.3515]]],[[[-81.441,31.353],[-81.4399,31.3524],[-81.4401,31.3518],[-81.441,31.353]]],[[[-81.4401,31.3539],[-81.442,31.3545],[-81.442,31.3549],[-81.4401,31.3539]]],[[[-81.4426,31.3553],[-81.443,31.3549],[-81.4431,31.3554],[-81.4426,31.3553]]],[[[-81.4832,31.3482],[-81.4793,31.3444],[-81.4803,31.3406],[-81.4767,31.3397],[-81.4782,31.3383],[-81.4782,31.3349],[-81.4794,31.3378],[-81.4813,31.3367],[-81.4826,31.3375],[-81.4814,31.3398],[-81.4843,31.3398],[-81.4851,31.3426],[-81.4892,31.3421],[-81.4895,31.3448],[-81.4928,31.3443],[-81.4883,31.3507],[-81.4881,31.3537],[-81.485,31.3555],[-81.4836,31.3549],[-81.4832,31.3482]]],[[[-81.5022,31.3554],[-81.5013,31.3538],[-81.5035,31.3557],[-81.5022,31.3554]]],[[[-81.4408,31.3559],[-81.4409,31.3554],[-81.4412,31.3559],[-81.4408,31.3559]]],[[[-81.5161,31.3565],[-81.5171,31.3567],[-81.5182,31.3577],[-81.517,31.3574],[-81.5161,31.3565]]],[[[-81.3915,31.3597],[-81.3925,31.3587],[-81.3936,31.359],[-81.3915,31.3597]]],[[[-81.2741,31.3615],[-81.2754,31.3615],[-81.2752,31.3621],[-81.2741,31.3615]]],[[[-81.4203,31.355],[-81.4228,31.3558],[-81.4194,31.3581],[-81.418,31.3635],[-81.4154,31.3636],[-81.415,31.3625],[-81.4203,31.355]]],[[[-81.3661,31.3644],[-81.3667,31.3639],[-81.3668,31.3643],[-81.3661,31.3644]]],[[[-81.3503,31.3668],[-81.3505,31.3658],[-81.3507,31.3666],[-81.3503,31.3668]]],[[[-81.5195,31.3656],[-81.5173,31.3662],[-81.5161,31.3649],[-81.5149,31.3648],[-81.5143,31.3659],[-81.5156,31.3662],[-81.5149,31.3668],[-81.5099,31.3644],[-81.5014,31.3631],[-81.5001,31.3642],[-81.5005,31.3659],[-81.499,31.3659],[-81.4903,31.3602],[-81.4867,31.3604],[-81.4855,31.357],[-81.4892,31.3552],[-81.4901,31.3498],[-81.4944,31.3492],[-81.5028,31.3564],[-81.5145,31.357],[-81.5192,31.3593],[-81.5243,31.3662],[-81.5226,31.3673],[-81.5195,31.3656]]],[[[-81.288,31.3683],[-81.2916,31.3645],[-81.2909,31.3615],[-81.2863,31.3553],[-81.2903,31.3542],[-81.2914,31.3522],[-81.2939,31.3541],[-81.2912,31.3506],[-81.2861,31.349],[-81.2923,31.3448],[-81.2932,31.3458],[-81.2949,31.3465],[-81.2931,31.3449],[-81.2954,31.3433],[-81.3025,31.3431],[-81.3054,31.3417],[-81.3071,31.3429],[-81.3061,31.3465],[-81.3069,31.3487],[-81.3089,31.3491],[-81.3113,31.3461],[-81.3129,31.3472],[-81.3107,31.3527],[-81.3075,31.35],[-81.3056,31.3507],[-81.3075,31.3581],[-81.3059,31.3577],[-81.3033,31.352],[-81.3018,31.3512],[-81.2998,31.3524],[-81.3009,31.3574],[-81.2999,31.3622],[-81.3015,31.3662],[-81.2917,31.3668],[-81.288,31.3683]]],[[[-81.2829,31.3695],[-81.2803,31.3695],[-81.2786,31.3674],[-81.2837,31.3672],[-81.281,31.361],[-81.2843,31.3601],[-81.2863,31.358],[-81.2899,31.3608],[-81.2903,31.3644],[-81.2885,31.366],[-81.2837,31.364],[-81.2875,31.3668],[-81.2829,31.3695]]],[[[-81.3137,31.3664],[-81.3081,31.3657],[-81.3032,31.3668],[-81.3007,31.3625],[-81.3022,31.3582],[-81.3002,31.3532],[-81.302,31.3526],[-81.3058,31.3584],[-81.3089,31.3579],[-81.3062,31.3508],[-81.3111,31.3531],[-81.3137,31.3478],[-81.3119,31.3454],[-81.3084,31.3483],[-81.3068,31.3473],[-81.3073,31.341],[-81.3108,31.3396],[-81.3112,31.341],[-81.3161,31.341],[-81.3142,31.3425],[-81.3159,31.3432],[-81.3153,31.3444],[-81.317,31.3473],[-81.3207,31.3493],[-81.3209,31.3507],[-81.3212,31.3492],[-81.3175,31.3467],[-81.3167,31.3431],[-81.315,31.3423],[-81.3172,31.3416],[-81.3144,31.3397],[-81.3166,31.3383],[-81.3146,31.3383],[-81.3128,31.34],[-81.3099,31.3365],[-81.3118,31.336],[-81.3124,31.3347],[-81.3079,31.3341],[-81.3079,31.3329],[-81.3126,31.3337],[-81.3122,31.3325],[-81.3138,31.3317],[-81.3131,31.3309],[-81.3117,31.3319],[-81.3103,31.33],[-81.3073,31.3294],[-81.3111,31.3322],[-81.3079,31.3323],[-81.3053,31.3348],[-81.3062,31.3365],[-81.3094,31.3376],[-81.3058,31.3392],[-81.2999,31.3337],[-81.2998,31.332],[-81.2978,31.3321],[-81.2988,31.3306],[-81.2984,31.3287],[-81.2973,31.3323],[-81.2991,31.3326],[-81.2992,31.3341],[-81.3048,31.3395],[-81.302,31.3422],[-81.2961,31.3413],[-81.294,31.3385],[-81.2911,31.3367],[-81.2882,31.3385],[-81.2884,31.3354],[-81.287,31.3351],[-81.288,31.3389],[-81.2919,31.3374],[-81.2954,31.3416],[-81.2844,31.348],[-81.2847,31.35],[-81.2892,31.3519],[-81.2892,31.3529],[-81.2831,31.3554],[-81.2746,31.3543],[-81.2793,31.3511],[-81.2801,31.3491],[-81.283,31.3519],[-81.2823,31.3297],[-81.2846,31.3241],[-81.2767,31.3233],[-81.2784,31.327],[-81.2774,31.3289],[-81.2734,31.325],[-81.2733,31.3267],[-81.259,31.318],[-81.255,31.3173],[-81.254,31.3155],[-81.256,31.3158],[-81.2559,31.3169],[-81.2617,31.3173],[-81.2633,31.319],[-81.2651,31.3184],[-81.269,31.3207],[-81.2781,31.3224],[-81.2843,31.3212],[-81.2929,31.3236],[-81.3034,31.3224],[-81.3244,31.3317],[-81.3266,31.3387],[-81.3267,31.3472],[-81.3367,31.3604],[-81.3343,31.3637],[-81.3267,31.364],[-81.3213,31.3695],[-81.319,31.3695],[-81.3137,31.3664]]],[[[-81.3376,31.3622],[-81.3393,31.3619],[-81.3379,31.3613],[-81.3374,31.3583],[-81.3384,31.3579],[-81.3368,31.3575],[-81.3288,31.3463],[-81.3281,31.3358],[-81.3303,31.3328],[-81.3372,31.3306],[-81.3381,31.3316],[-81.3356,31.3321],[-81.3628,31.3356],[-81.3714,31.3381],[-81.3873,31.3384],[-81.3872,31.3404],[-81.3835,31.3433],[-81.3832,31.344],[-81.3837,31.351],[-81.3823,31.3548],[-81.3791,31.355],[-81.3721,31.3579],[-81.3691,31.3602],[-81.3677,31.3633],[-81.3632,31.3647],[-81.3592,31.368],[-81.3581,31.3676],[-81.3584,31.3623],[-81.3548,31.3601],[-81.3496,31.3614],[-81.3468,31.3724],[-81.3379,31.3723],[-81.3355,31.3703],[-81.3346,31.3671],[-81.3376,31.3622]]],[[[-81.4709,31.3727],[-81.4669,31.3713],[-81.4627,31.3653],[-81.4551,31.3626],[-81.4555,31.3594],[-81.4527,31.3566],[-81.4445,31.3554],[-81.4418,31.3533],[-81.4405,31.3503],[-81.4432,31.346],[-81.4438,31.3409],[-81.4496,31.3385],[-81.4553,31.3418],[-81.4552,31.3439],[-81.4502,31.3467],[-81.4486,31.3495],[-81.4529,31.3543],[-81.4606,31.3547],[-81.4711,31.3497],[-81.4751,31.3464],[-81.4798,31.3483],[-81.4814,31.3543],[-81.4844,31.359],[-81.4837,31.3622],[-81.4757,31.3636],[-81.4741,31.3652],[-81.474,31.3714],[-81.4709,31.3727]]],[[[-81.3352,31.3726],[-81.3361,31.3722],[-81.3358,31.373],[-81.3352,31.3726]]],[[[-81.5061,31.3747],[-81.5064,31.3741],[-81.508,31.3747],[-81.5061,31.3747]]],[[[-81.2498,31.3745],[-81.2498,31.3735],[-81.2564,31.3752],[-81.2544,31.3756],[-81.2498,31.3745]]],[[[-81.4844,31.3752],[-81.484,31.3741],[-81.4853,31.3757],[-81.4844,31.3752]]],[[[-81.293,31.37],[-81.2982,31.3686],[-81.3009,31.3684],[-81.2979,31.3726],[-81.2982,31.3756],[-81.2959,31.3765],[-81.2935,31.3756],[-81.2942,31.3738],[-81.292,31.3718],[-81.293,31.37]]],[[[-81.485,31.3747],[-81.4833,31.3719],[-81.4856,31.3677],[-81.4853,31.3626],[-81.4887,31.3604],[-81.4986,31.3665],[-81.5011,31.3661],[-81.5004,31.3645],[-81.5022,31.3641],[-81.5092,31.3649],[-81.5151,31.3672],[-81.5162,31.3662],[-81.5153,31.3652],[-81.5172,31.3668],[-81.5189,31.366],[-81.5226,31.3678],[-81.5249,31.3666],[-81.5331,31.3683],[-81.5351,31.3698],[-81.5362,31.3729],[-81.535,31.3748],[-81.5299,31.374],[-81.5263,31.371],[-81.5231,31.3703],[-81.5181,31.3746],[-81.5047,31.3724],[-81.4957,31.374],[-81.4907,31.3766],[-81.485,31.3747]]],[[[-81.4945,31.3767],[-81.4965,31.3765],[-81.4945,31.3769],[-81.4945,31.3767]]],[[[-81.3013,31.3696],[-81.3034,31.3695],[-81.3032,31.371],[-81.3049,31.3729],[-81.3017,31.378],[-81.2994,31.3789],[-81.2977,31.3773],[-81.2986,31.3757],[-81.2986,31.373],[-81.3013,31.3696]]],[[[-81.2602,31.3859],[-81.2605,31.3853],[-81.2606,31.3858],[-81.2602,31.3859]]],[[[-81.3352,31.3831],[-81.3338,31.3814],[-81.3343,31.3771],[-81.3411,31.3742],[-81.3497,31.3742],[-81.3526,31.3699],[-81.3515,31.3644],[-81.3538,31.3625],[-81.3566,31.3631],[-81.3568,31.3672],[-81.3585,31.3702],[-81.3559,31.3719],[-81.355,31.3747],[-81.35,31.3761],[-81.3484,31.3783],[-81.3493,31.3807],[-81.3548,31.3837],[-81.355,31.3859],[-81.3455,31.3855],[-81.3352,31.3831]]],[[[-81.3947,31.3854],[-81.3959,31.3858],[-81.3957,31.3875],[-81.3945,31.3868],[-81.3947,31.3854]]],[[[-81.4495,31.3872],[-81.4519,31.388],[-81.4481,31.3897],[-81.4481,31.3893],[-81.4495,31.3872]]],[[[-81.5378,31.3856],[-81.5348,31.3858],[-81.5351,31.3823],[-81.5342,31.3821],[-81.5331,31.3837],[-81.5325,31.3832],[-81.5336,31.3814],[-81.5274,31.383],[-81.5285,31.3815],[-81.5267,31.3768],[-81.5256,31.3762],[-81.5237,31.3772],[-81.5235,31.3758],[-81.5215,31.3744],[-81.5219,31.3729],[-81.5249,31.3719],[-81.5297,31.3756],[-81.5412,31.3794],[-81.5494,31.3763],[-81.5512,31.3767],[-81.544,31.3821],[-81.5476,31.389],[-81.5418,31.3906],[-81.5385,31.3887],[-81.5378,31.3856]]],[[[-81.3056,31.3727],[-81.3039,31.3701],[-81.3126,31.3684],[-81.3169,31.3722],[-81.3205,31.3722],[-81.3242,31.3707],[-81.3277,31.3672],[-81.3321,31.3666],[-81.3321,31.3705],[-81.3337,31.374],[-81.3314,31.3757],[-81.3313,31.383],[-81.3294,31.3889],[-81.3259,31.3924],[-81.3228,31.3935],[-81.3143,31.3912],[-81.3109,31.3883],[-81.3078,31.3821],[-81.3019,31.3785],[-81.3056,31.3727]]],[[[-81.3403,31.3918],[-81.3334,31.391],[-81.3346,31.3855],[-81.3428,31.3865],[-81.3477,31.3927],[-81.3474,31.3955],[-81.3455,31.3958],[-81.3403,31.3918]]],[[[-81.5099,31.3879],[-81.5072,31.389],[-81.5035,31.3846],[-81.498,31.3824],[-81.4983,31.3803],[-81.4953,31.3805],[-81.4937,31.3783],[-81.5022,31.3751],[-81.5097,31.3766],[-81.5177,31.3763],[-81.5187,31.3768],[-81.5179,31.3776],[-81.5221,31.3756],[-81.5242,31.3779],[-81.5262,31.3771],[-81.5281,31.3814],[-81.5269,31.383],[-81.5296,31.3836],[-81.5319,31.3826],[-81.5331,31.3842],[-81.5347,31.3823],[-81.5342,31.3858],[-81.5377,31.3859],[-81.5379,31.3881],[-81.5369,31.3929],[-81.5256,31.3965],[-81.5224,31.3959],[-81.5192,31.3928],[-81.5099,31.3879]]],[[[-81.3078,31.3995],[-81.3088,31.3996],[-81.3094,31.4017],[-81.3092,31.4017],[-81.3078,31.3995]]],[[[-81.3474,31.4023],[-81.3459,31.3974],[-81.3495,31.3936],[-81.3463,31.3878],[-81.3591,31.3878],[-81.3646,31.3892],[-81.3656,31.3854],[-81.3639,31.3826],[-81.369,31.3791],[-81.3776,31.3816],[-81.3743,31.3841],[-81.374,31.3856],[-81.3762,31.3859],[-81.3789,31.3843],[-81.3801,31.3851],[-81.3777,31.3898],[-81.3723,31.3875],[-81.3706,31.3884],[-81.3711,31.3912],[-81.3776,31.3918],[-81.378,31.3936],[-81.3748,31.3957],[-81.3723,31.3936],[-81.3697,31.3936],[-81.369,31.3952],[-81.3702,31.3991],[-81.3629,31.3989],[-81.3495,31.4027],[-81.3474,31.4023]]],[[[-81.3035,31.3845],[-81.3053,31.385],[-81.3106,31.3925],[-81.316,31.3965],[-81.3184,31.4029],[-81.3138,31.4011],[-81.3066,31.3957],[-81.303,31.3872],[-81.3035,31.3845]]],[[[-81.3209,31.4042],[-81.3173,31.3964],[-81.3289,31.396],[-81.3268,31.4024],[-81.3209,31.4042]]],[[[-81.3168,31.4114],[-81.3166,31.411],[-81.317,31.4111],[-81.3168,31.4114]]],[[[-81.3757,31.4132],[-81.3781,31.4074],[-81.3769,31.4053],[-81.3695,31.4052],[-81.3715,31.3985],[-81.3694,31.3946],[-81.3713,31.3938],[-81.3737,31.3957],[-81.3755,31.396],[-81.3787,31.3941],[-81.3784,31.3916],[-81.3728,31.391],[-81.3712,31.3895],[-81.3724,31.3886],[-81.3773,31.3904],[-81.379,31.3898],[-81.3811,31.3865],[-81.3809,31.3847],[-81.3796,31.3839],[-81.3759,31.3855],[-81.3745,31.3847],[-81.378,31.3838],[-81.3791,31.382],[-81.3758,31.3799],[-81.3672,31.3788],[-81.3634,31.3819],[-81.3643,31.3882],[-81.3593,31.3872],[-81.3564,31.3878],[-81.3567,31.3833],[-81.3497,31.3781],[-81.3506,31.3768],[-81.356,31.3755],[-81.3587,31.3716],[-81.365,31.377],[-81.367,31.3766],[-81.3694,31.3741],[-81.3717,31.3772],[-81.3735,31.378],[-81.376,31.3748],[-81.3794,31.3762],[-81.3803,31.3746],[-81.3748,31.3705],[-81.3758,31.3691],[-81.3788,31.3699],[-81.3814,31.3741],[-81.3836,31.3742],[-81.3827,31.3702],[-81.3803,31.3664],[-81.3782,31.3655],[-81.3832,31.3732],[-81.3811,31.3729],[-81.3785,31.3687],[-81.3748,31.3687],[-81.3743,31.3711],[-81.3793,31.3749],[-81.3753,31.3737],[-81.3739,31.3771],[-81.3699,31.3739],[-81.3684,31.3744],[-81.3662,31.3765],[-81.3645,31.3763],[-81.3598,31.3712],[-81.3649,31.3667],[-81.3695,31.3655],[-81.3737,31.3611],[-81.3817,31.3618],[-81.3879,31.3656],[-81.3933,31.364],[-81.3941,31.365],[-81.3935,31.3767],[-81.3948,31.3811],[-81.3909,31.3817],[-81.3917,31.3852],[-81.3885,31.3875],[-81.3889,31.3898],[-81.3922,31.3927],[-81.3901,31.3938],[-81.385,31.3919],[-81.3848,31.3936],[-81.3881,31.3964],[-81.3831,31.3978],[-81.3855,31.4019],[-81.39,31.4023],[-81.3907,31.4057],[-81.3832,31.406],[-81.3825,31.4081],[-81.3841,31.4107],[-81.381,31.4107],[-81.3768,31.4146],[-81.3757,31.4132]]],[[[-81.3315,31.4176],[-81.332,31.4171],[-81.3321,31.4175],[-81.3315,31.4176]]],[[[-81.3215,31.421],[-81.3191,31.4166],[-81.3179,31.4105],[-81.328,31.4046],[-81.3313,31.4004],[-81.3329,31.3946],[-81.3365,31.3926],[-81.3405,31.3953],[-81.3451,31.4029],[-81.3476,31.4044],[-81.3561,31.4039],[-81.3641,31.4],[-81.3662,31.4006],[-81.3676,31.4058],[-81.3699,31.4077],[-81.3699,31.4096],[-81.3667,31.4092],[-81.3697,31.4104],[-81.3685,31.4126],[-81.3686,31.414],[-81.3699,31.415],[-81.3733,31.4151],[-81.3707,31.4172],[-81.3659,31.4165],[-81.3633,31.4176],[-81.3631,31.4167],[-81.3625,31.4209],[-81.356,31.4223],[-81.3543,31.4203],[-81.3562,31.4174],[-81.3541,31.4147],[-81.3541,31.412],[-81.348,31.4127],[-81.3473,31.4094],[-81.3495,31.4077],[-81.3551,31.4063],[-81.3579,31.4097],[-81.3576,31.4129],[-81.3579,31.4115],[-81.3605,31.4103],[-81.3586,31.4105],[-81.3583,31.4086],[-81.3592,31.4085],[-81.3579,31.4074],[-81.3597,31.406],[-81.3572,31.4072],[-81.3545,31.4057],[-81.3472,31.408],[-81.3458,31.406],[-81.343,31.4053],[-81.3383,31.407],[-81.3339,31.4128],[-81.3324,31.4118],[-81.333,31.4109],[-81.3285,31.4123],[-81.3285,31.4142],[-81.3262,31.4142],[-81.327,31.4162],[-81.3319,31.4122],[-81.3335,31.4151],[-81.3301,31.4176],[-81.3312,31.4177],[-81.3306,31.4194],[-81.3321,31.4183],[-81.3331,31.4206],[-81.3346,31.4206],[-81.3324,31.4177],[-81.3388,31.4078],[-81.3422,31.4062],[-81.346,31.4072],[-81.3445,31.4095],[-81.34,31.4103],[-81.339,31.4139],[-81.341,31.4162],[-81.339,31.4189],[-81.3393,31.4221],[-81.3319,31.4288],[-81.3295,31.4289],[-81.3215,31.421]]],[[[-81.3441,31.4413],[-81.3336,31.4304],[-81.3357,31.4268],[-81.3403,31.4232],[-81.3413,31.4192],[-81.3435,31.419],[-81.3438,31.4223],[-81.3448,31.4228],[-81.3468,31.42],[-81.3503,31.42],[-81.3522,31.4217],[-81.3499,31.4225],[-81.3497,31.424],[-81.3526,31.4268],[-81.3538,31.4268],[-81.3551,31.4248],[-81.3568,31.4255],[-81.355,31.4281],[-81.3523,31.4283],[-81.3529,31.4305],[-81.3528,31.4287],[-81.3554,31.4286],[-81.3573,31.4256],[-81.3551,31.4243],[-81.3537,31.4263],[-81.3526,31.426],[-81.3502,31.4235],[-81.3526,31.4214],[-81.3503,31.4193],[-81.3463,31.4195],[-81.3442,31.4219],[-81.3441,31.4191],[-81.3403,31.4134],[-81.3407,31.4111],[-81.3465,31.4099],[-81.348,31.4137],[-81.3527,31.413],[-81.3528,31.4165],[-81.3481,31.4159],[-81.3481,31.4179],[-81.3451,31.4159],[-81.3479,31.4183],[-81.3487,31.4165],[-81.3551,31.417],[-81.3537,31.4202],[-81.3547,31.4231],[-81.3622,31.4224],[-81.365,31.4177],[-81.3671,31.4173],[-81.3735,31.4232],[-81.3734,31.425],[-81.366,31.4299],[-81.3601,31.4322],[-81.3475,31.4409],[-81.3441,31.4413]]],[[[-81.2926,31.4519],[-81.2955,31.4522],[-81.2976,31.4566],[-81.2953,31.4578],[-81.2925,31.4563],[-81.2947,31.4542],[-81.2926,31.4519]]],[[[-81.3257,31.4607],[-81.3135,31.4487],[-81.3057,31.4439],[-81.3095,31.437],[-81.3138,31.4343],[-81.3181,31.429],[-81.319,31.4309],[-81.3253,31.4331],[-81.3306,31.4368],[-81.3378,31.4466],[-81.3366,31.4491],[-81.3303,31.4529],[-81.3267,31.4514],[-81.3222,31.4515],[-81.3233,31.4449],[-81.3258,31.4435],[-81.3262,31.446],[-81.328,31.4467],[-81.3289,31.4457],[-81.3291,31.4433],[-81.3317,31.4433],[-81.3289,31.4431],[-81.3284,31.4457],[-81.3272,31.4461],[-81.3259,31.4431],[-81.3221,31.444],[-81.3205,31.4383],[-81.3189,31.4388],[-81.3178,31.4403],[-81.3155,31.4388],[-81.3143,31.4392],[-81.3131,31.4439],[-81.3134,31.4453],[-81.3152,31.4462],[-81.3136,31.4446],[-81.316,31.4421],[-81.3149,31.44],[-81.3182,31.4409],[-81.3201,31.4388],[-81.3226,31.4465],[-81.321,31.4513],[-81.3279,31.4524],[-81.3253,31.4553],[-81.3257,31.4607]]],[[[-81.2254,31.4653],[-81.228,31.4672],[-81.2286,31.469],[-81.2282,31.4689],[-81.2254,31.4653]]],[[[-81.3429,31.47],[-81.3443,31.47],[-81.3429,31.4706],[-81.3429,31.47]]],[[[-81.2959,31.485],[-81.2923,31.4813],[-81.2993,31.4743],[-81.3005,31.4694],[-81.3057,31.4732],[-81.3072,31.473],[-81.3047,31.472],[-81.3058,31.4706],[-81.3071,31.4712],[-81.3066,31.4693],[-81.3031,31.4704],[-81.3007,31.4686],[-81.2985,31.4626],[-81.3062,31.457],[-81.3045,31.4495],[-81.3055,31.4482],[-81.3128,31.4513],[-81.3155,31.4548],[-81.3207,31.4583],[-81.3222,31.466],[-81.3283,31.4765],[-81.3178,31.4819],[-81.3042,31.4813],[-81.2959,31.485]]],[[[-81.2858,31.4967],[-81.2863,31.4964],[-81.286,31.4969],[-81.2858,31.4967]]],[[[-81.2704,31.5095],[-81.2781,31.5051],[-81.2753,31.5078],[-81.2704,31.5095]]],[[[-81.3481,31.5103],[-81.3486,31.5092],[-81.3489,31.5098],[-81.3481,31.5103]]],[[[-81.2676,31.5108],[-81.2684,31.5102],[-81.2686,31.5102],[-81.2676,31.5108]]],[[[-81.3431,31.5141],[-81.343,31.5132],[-81.3433,31.5138],[-81.3431,31.5141]]],[[[-81.2744,31.5272],[-81.2752,31.5264],[-81.2754,31.5265],[-81.2744,31.5272]]],[[[-81.3895,31.5281],[-81.3893,31.5277],[-81.3896,31.5281],[-81.3895,31.5281]]],[[[-81.2913,31.5284],[-81.2919,31.5279],[-81.2921,31.5283],[-81.2913,31.5284]]],[[[-81.2658,31.5318],[-81.2588,31.5291],[-81.2621,31.5191],[-81.265,31.5148],[-81.2808,31.509],[-81.2837,31.5142],[-81.2861,31.515],[-81.2878,31.5146],[-81.3006,31.5016],[-81.303,31.4971],[-81.3054,31.4964],[-81.3086,31.4988],[-81.3121,31.4976],[-81.3137,31.4958],[-81.3137,31.4939],[-81.315,31.4957],[-81.3135,31.4933],[-81.3135,31.4954],[-81.3118,31.4973],[-81.307,31.497],[-81.3092,31.4955],[-81.3088,31.4937],[-81.3105,31.4939],[-81.3124,31.4905],[-81.3101,31.4936],[-81.3083,31.4938],[-81.3082,31.4957],[-81.3019,31.4966],[-81.3,31.5011],[-81.2872,31.514],[-81.285,31.5141],[-81.2823,31.5087],[-81.2778,31.509],[-81.2786,31.5074],[-81.2904,31.4965],[-81.3031,31.4896],[-81.3081,31.485],[-81.3029,31.4882],[-81.2974,31.487],[-81.302,31.4849],[-81.3108,31.4837],[-81.3172,31.4859],[-81.3226,31.4899],[-81.3249,31.4981],[-81.3222,31.5011],[-81.3129,31.5071],[-81.3069,31.5028],[-81.3033,31.5026],[-81.3012,31.5052],[-81.2996,31.5121],[-81.295,31.5151],[-81.2897,31.5223],[-81.2867,31.5234],[-81.2846,31.522],[-81.2766,31.5254],[-81.2754,31.5245],[-81.2731,31.5263],[-81.2741,31.5292],[-81.2721,31.5314],[-81.2658,31.5318]]],[[[-81.2586,31.5325],[-81.2581,31.5319],[-81.2594,31.5322],[-81.2586,31.5325]]],[[[-81.2855,31.5342],[-81.2894,31.5343],[-81.2902,31.5345],[-81.2884,31.5351],[-81.2855,31.5342]]],[[[-81.1938,31.5362],[-81.1786,31.5251],[-81.1796,31.5245],[-81.1773,31.5171],[-81.1807,31.5152],[-81.1896,31.5036],[-81.1995,31.4819],[-81.2049,31.4731],[-81.2209,31.456],[-81.2262,31.4484],[-81.2292,31.44],[-81.2275,31.44],[-81.2282,31.4388],[-81.2267,31.4387],[-81.2268,31.4368],[-81.2292,31.4373],[-81.232,31.4505],[-81.2309,31.4528],[-81.2249,31.4557],[-81.2215,31.4598],[-81.2218,31.4636],[-81.2277,31.4699],[-81.2191,31.4781],[-81.2182,31.4842],[-81.2083,31.4833],[-81.2063,31.4851],[-81.2076,31.4876],[-81.2171,31.4953],[-81.2158,31.4973],[-81.2188,31.5017],[-81.2192,31.499],[-81.2168,31.4974],[-81.2182,31.4975],[-81.2185,31.4956],[-81.2172,31.4966],[-81.2181,31.4952],[-81.2216,31.4961],[-81.2246,31.4987],[-81.2262,31.4989],[-81.2224,31.496],[-81.2167,31.4938],[-81.2072,31.4848],[-81.2106,31.4839],[-81.2179,31.4852],[-81.2202,31.4867],[-81.2199,31.4903],[-81.221,31.4895],[-81.2209,31.4865],[-81.2189,31.4855],[-81.2198,31.4797],[-81.227,31.4735],[-81.2292,31.4696],[-81.2282,31.4665],[-81.2233,31.4629],[-81.223,31.4612],[-81.2238,31.4624],[-81.2253,31.4586],[-81.223,31.4603],[-81.2226,31.4595],[-81.225,31.4569],[-81.2269,31.4579],[-81.2296,31.455],[-81.2336,31.4533],[-81.234,31.4485],[-81.238,31.4466],[-81.2398,31.4448],[-81.2403,31.4425],[-81.2389,31.4404],[-81.2395,31.439],[-81.2419,31.4392],[-81.2433,31.4369],[-81.2434,31.4362],[-81.2421,31.4358],[-81.2427,31.4369],[-81.2414,31.4389],[-81.2389,31.4378],[-81.2378,31.4413],[-81.2396,31.4424],[-81.2393,31.4445],[-81.2378,31.4464],[-81.2338,31.4477],[-81.2326,31.4466],[-81.2312,31.435],[-81.2298,31.4331],[-81.235,31.4334],[-81.2379,31.4321],[-81.2464,31.4235],[-81.2498,31.4165],[-81.2498,31.421],[-81.2535,31.4234],[-81.2542,31.4225],[-81.2529,31.4216],[-81.2541,31.419],[-81.2521,31.4215],[-81.2507,31.4206],[-81.2523,31.4166],[-81.2517,31.4154],[-81.2593,31.4031],[-81.2666,31.3852],[-81.2712,31.3822],[-81.2806,31.3838],[-81.2816,31.3877],[-81.2852,31.3891],[-81.2874,31.393],[-81.283,31.3935],[-81.279,31.3959],[-81.2807,31.3973],[-81.2807,31.3953],[-81.2826,31.394],[-81.2876,31.3935],[-81.2903,31.3979],[-81.2912,31.3969],[-81.2901,31.3939],[-81.2919,31.3936],[-81.2962,31.3988],[-81.2965,31.3996],[-81.2943,31.3993],[-81.2945,31.4007],[-81.2962,31.4042],[-81.298,31.4049],[-81.2997,31.4113],[-81.2955,31.4185],[-81.2906,31.44],[-81.288,31.4422],[-81.2888,31.4397],[-81.2874,31.4369],[-81.2819,31.4367],[-81.2814,31.4359],[-81.2837,31.4354],[-81.2817,31.4343],[-81.2826,31.4356],[-81.2806,31.4357],[-81.2813,31.4372],[-81.2784,31.4397],[-81.2821,31.4373],[-81.2865,31.4371],[-81.2883,31.4407],[-81.2856,31.446],[-81.2846,31.4542],[-81.2788,31.4565],[-81.2779,31.4599],[-81.2731,31.4611],[-81.2742,31.4638],[-81.2808,31.4694],[-81.275,31.4698],[-81.2726,31.4721],[-81.2726,31.4815],[-81.2688,31.4818],[-81.2675,31.4829],[-81.2671,31.4845],[-81.268,31.4852],[-81.269,31.4849],[-81.2671,31.4902],[-81.2697,31.485],[-81.2677,31.4836],[-81.2734,31.4816],[-81.2729,31.4764],[-81.2741,31.4722],[-81.2758,31.4708],[-81.28,31.471],[-81.2828,31.4691],[-81.2819,31.467],[-81.283,31.4665],[-81.2798,31.4663],[-81.2798,31.4636],[-81.278,31.4618],[-81.2806,31.46],[-81.2812,31.457],[-81.2847,31.4564],[-81.2862,31.4549],[-81.2882,31.4449],[-81.2918,31.4422],[-81.2943,31.437],[-81.2945,31.4293],[-81.2975,31.4192],[-81.3025,31.4155],[-81.3057,31.4196],[-81.3066,31.4192],[-81.3086,31.4266],[-81.3025,31.4409],[-81.3033,31.4441],[-81.3023,31.4526],[-81.3009,31.4536],[-81.2972,31.4513],[-81.2906,31.4518],[-81.2938,31.4542],[-81.2917,31.4563],[-81.2938,31.458],[-81.2955,31.4583],[-81.2978,31.4571],[-81.2981,31.4553],[-81.2961,31.4528],[-81.2969,31.4518],[-81.3002,31.454],[-81.3027,31.4535],[-81.3048,31.4566],[-81.297,31.4617],[-81.2993,31.468],[-81.2975,31.4741],[-81.2942,31.4725],[-81.2924,31.4722],[-81.2897,31.4778],[-81.2843,31.479],[-81.283,31.4721],[-81.2834,31.4789],[-81.2857,31.4801],[-81.2844,31.4815],[-81.2862,31.4804],[-81.2857,31.479],[-81.2897,31.4788],[-81.2922,31.4729],[-81.2968,31.4747],[-81.2915,31.4808],[-81.2919,31.4831],[-81.295,31.4859],[-81.2942,31.4884],[-81.2916,31.4901],[-81.2854,31.4898],[-81.2664,31.5002],[-81.2581,31.5002],[-81.2472,31.5108],[-81.2391,31.5273],[-81.2361,31.5303],[-81.2323,31.5305],[-81.2324,31.5286],[-81.2296,31.5268],[-81.2255,31.5263],[-81.2238,31.5278],[-81.2201,31.528],[-81.2176,31.527],[-81.2169,31.5251],[-81.2214,31.5219],[-81.2203,31.518],[-81.2205,31.5218],[-81.2178,31.5172],[-81.2193,31.522],[-81.2144,31.526],[-81.2119,31.53],[-81.2043,31.5333],[-81.2022,31.5369],[-81.1995,31.5376],[-81.1938,31.5362]]],[[[-81.4139,31.5363],[-81.4142,31.5375],[-81.4136,31.5377],[-81.4127,31.5368],[-81.4139,31.5363]]],[[[-81.3208,31.5413],[-81.3226,31.541],[-81.3228,31.5412],[-81.3224,31.5418],[-81.3208,31.5413]]],[[[-81.3224,31.5426],[-81.3244,31.5433],[-81.3256,31.5443],[-81.3244,31.5439],[-81.3224,31.5426]]],[[[-81.3453,31.5446],[-81.349,31.5355],[-81.352,31.5332],[-81.3563,31.5326],[-81.3595,31.5358],[-81.3592,31.5409],[-81.3564,31.5403],[-81.3557,31.5376],[-81.3546,31.5372],[-81.3533,31.5401],[-81.3496,31.5404],[-81.3453,31.5446]]],[[[-81.3643,31.5495],[-81.3605,31.5462],[-81.3616,31.542],[-81.3635,31.5405],[-81.3622,31.5368],[-81.3687,31.5349],[-81.3685,31.5376],[-81.3719,31.5435],[-81.372,31.5465],[-81.3705,31.5486],[-81.3643,31.5495]]],[[[-81.3459,31.5511],[-81.3457,31.5507],[-81.3462,31.5509],[-81.3459,31.5511]]],[[[-81.3037,31.5521],[-81.3092,31.5498],[-81.3116,31.5502],[-81.3037,31.5521]]],[[[-81.3166,31.5544],[-81.3162,31.5524],[-81.317,31.5505],[-81.3178,31.5543],[-81.3166,31.5544]]],[[[-81.3176,31.5559],[-81.3187,31.556],[-81.3184,31.5582],[-81.3175,31.5575],[-81.3176,31.5559]]],[[[-81.2846,31.559],[-81.2788,31.553],[-81.2781,31.5472],[-81.2759,31.5458],[-81.2792,31.5439],[-81.2815,31.5459],[-81.2829,31.5446],[-81.2813,31.544],[-81.2821,31.5428],[-81.2834,31.5438],[-81.2851,31.5428],[-81.2935,31.5347],[-81.3063,31.5413],[-81.3145,31.5483],[-81.315,31.5521],[-81.3122,31.5488],[-81.3064,31.5484],[-81.3001,31.5535],[-81.2846,31.559]]],[[[-81.2729,31.555],[-81.2722,31.5556],[-81.2704,31.5498],[-81.2708,31.5457],[-81.2744,31.5462],[-81.2761,31.548],[-81.2774,31.5533],[-81.2808,31.5561],[-81.2821,31.5592],[-81.2751,31.5582],[-81.2729,31.555]]],[[[-81.318,31.5595],[-81.3203,31.5612],[-81.3203,31.5637],[-81.319,31.5624],[-81.318,31.5595]]],[[[-81.3111,31.5661],[-81.3112,31.5597],[-81.3125,31.5597],[-81.3112,31.564],[-81.3121,31.5646],[-81.3153,31.5535],[-81.3162,31.5591],[-81.3208,31.5695],[-81.3138,31.5707],[-81.3111,31.5661]]],[[[-81.2356,31.5888],[-81.2459,31.5772],[-81.2462,31.5723],[-81.2426,31.5659],[-81.2311,31.5542],[-81.2407,31.5523],[-81.2513,31.5538],[-81.2548,31.5569],[-81.2565,31.5683],[-81.2645,31.5759],[-81.2621,31.5802],[-81.2592,31.5824],[-81.2609,31.585],[-81.2623,31.5848],[-81.2604,31.5943],[-81.2594,31.5953],[-81.2552,31.5933],[-81.2375,31.5913],[-81.2356,31.5888]]],[[[-81.2187,31.6208],[-81.2198,31.6205],[-81.2204,31.6239],[-81.2198,31.6232],[-81.2187,31.6208]]],[[[-81.244,31.614],[-81.2394,31.6141],[-81.2324,31.6097],[-81.235,31.6069],[-81.2353,31.6044],[-81.2315,31.5983],[-81.228,31.5959],[-81.2258,31.5958],[-81.2163,31.6005],[-81.2121,31.6008],[-81.2059,31.5926],[-81.2083,31.5924],[-81.21,31.59],[-81.2129,31.5888],[-81.2144,31.5855],[-81.2164,31.5902],[-81.2193,31.59],[-81.2168,31.5895],[-81.2151,31.5854],[-81.2133,31.5855],[-81.2123,31.5882],[-81.2096,31.5895],[-81.2079,31.5919],[-81.2048,31.5917],[-81.2009,31.5878],[-81.1982,31.5826],[-81.1988,31.577],[-81.2043,31.5682],[-81.2081,31.5628],[-81.2115,31.5635],[-81.2123,31.5605],[-81.217,31.5618],[-81.2182,31.5686],[-81.2198,31.5698],[-81.2234,31.5682],[-81.2248,31.5639],[-81.2287,31.5643],[-81.2245,31.5681],[-81.2248,31.5694],[-81.2277,31.5709],[-81.2258,31.573],[-81.2262,31.5751],[-81.2229,31.5742],[-81.2242,31.5768],[-81.2206,31.5761],[-81.2208,31.5792],[-81.221,31.5767],[-81.2249,31.5775],[-81.2236,31.5745],[-81.2262,31.5759],[-81.2271,31.5753],[-81.2267,31.5731],[-81.2285,31.5744],[-81.2286,31.5709],[-81.2252,31.5685],[-81.2293,31.5655],[-81.2293,31.5638],[-81.2244,31.5634],[-81.2217,31.5683],[-81.2196,31.5688],[-81.2187,31.5628],[-81.2161,31.5576],[-81.2245,31.558],[-81.2329,31.5606],[-81.2376,31.5643],[-81.2444,31.5733],[-81.2434,31.5761],[-81.2373,31.5817],[-81.2343,31.5866],[-81.2352,31.5998],[-81.2405,31.6007],[-81.2505,31.6075],[-81.2471,31.6046],[-81.2475,31.6036],[-81.2458,31.604],[-81.24,31.5995],[-81.2359,31.5991],[-81.2367,31.5931],[-81.2571,31.5954],[-81.2602,31.5982],[-81.2555,31.6074],[-81.257,31.6154],[-81.2627,31.6195],[-81.2621,31.6207],[-81.2522,31.6231],[-81.2472,31.6256],[-81.247,31.6183],[-81.244,31.614]]],[[[-81.2328,31.619],[-81.223,31.6185],[-81.2037,31.6075],[-81.1989,31.6009],[-81.1983,31.5907],[-81.2126,31.6025],[-81.2171,31.6023],[-81.2281,31.5973],[-81.2337,31.6048],[-81.2304,31.6083],[-81.2314,31.6115],[-81.2401,31.6151],[-81.2441,31.615],[-81.2457,31.6175],[-81.247,31.6232],[-81.2451,31.6312],[-81.2416,31.631],[-81.2417,31.624],[-81.241,31.6227],[-81.2391,31.6212],[-81.2328,31.619]]],[[[-81.2388,31.6355],[-81.2226,31.6273],[-81.2216,31.6195],[-81.2347,31.6201],[-81.2398,31.6222],[-81.2412,31.6241],[-81.24,31.6269],[-81.2405,31.6328],[-81.2388,31.6355]]],[[[-81.3909,31.6448],[-81.3916,31.6449],[-81.392,31.6452],[-81.3909,31.6448]]],[[[-81.3901,31.646],[-81.3901,31.6459],[-81.3904,31.6463],[-81.3901,31.646]]],[[[-81.3751,31.6483],[-81.3752,31.6486],[-81.3747,31.6487],[-81.3751,31.6483]]],[[[-81.4329,31.6408],[-81.428,31.642],[-81.4249,31.6491],[-81.4176,31.6521],[-81.415,31.6519],[-81.414,31.6493],[-81.4112,31.649],[-81.4101,31.647],[-81.408,31.6488],[-81.4038,31.6464],[-81.4027,31.6472],[-81.403,31.6455],[-81.4013,31.6464],[-81.4017,31.6447],[-81.3998,31.6463],[-81.4002,31.644],[-81.3976,31.6438],[-81.3978,31.6428],[-81.3912,31.6436],[-81.3904,31.6445],[-81.3916,31.6452],[-81.3907,31.6462],[-81.3895,31.6452],[-81.3893,31.6462],[-81.3881,31.6459],[-81.3872,31.6486],[-81.3836,31.6465],[-81.3822,31.6485],[-81.38,31.6484],[-81.3799,31.6507],[-81.3767,31.6499],[-81.3759,31.6532],[-81.3775,31.6548],[-81.3731,31.6506],[-81.3757,31.6488],[-81.3748,31.6469],[-81.3712,31.6478],[-81.3706,31.6517],[-81.3662,31.6485],[-81.3643,31.6501],[-81.3637,31.6541],[-81.3605,31.6518],[-81.3552,31.6541],[-81.3464,31.6518],[-81.3447,31.6486],[-81.3387,31.6462],[-81.3359,31.6474],[-81.3345,31.6505],[-81.3253,31.6532],[-81.3179,31.6584],[-81.3138,31.6574],[-81.3078,31.6513],[-81.2989,31.6478],[-81.2777,31.65],[-81.2679,31.6496],[-81.2512,31.64],[-81.2404,31.6364],[-81.2417,31.6327],[-81.2461,31.6316],[-81.2479,31.6265],[-81.2547,31.6229],[-81.2617,31.6218],[-81.2634,31.6199],[-81.2582,31.6155],[-81.2572,31.6072],[-81.2585,31.6042],[-81.262,31.6007],[-81.2633,31.6009],[-81.2621,31.5989],[-81.2662,31.5926],[-81.265,31.5919],[-81.2616,31.5945],[-81.2627,31.5951],[-81.2621,31.5963],[-81.2606,31.596],[-81.2629,31.5866],[-81.2626,31.5844],[-81.261,31.5845],[-81.2597,31.5823],[-81.2656,31.5772],[-81.2692,31.5795],[-81.2694,31.5836],[-81.2698,31.5793],[-81.268,31.5785],[-81.2688,31.5764],[-81.267,31.5775],[-81.2574,31.5675],[-81.2569,31.5639],[-81.2649,31.5673],[-81.2679,31.5665],[-81.2688,31.5676],[-81.2686,31.5663],[-81.2637,31.566],[-81.2687,31.5654],[-81.2758,31.5675],[-81.2801,31.5674],[-81.275,31.5669],[-81.2728,31.5653],[-81.2636,31.565],[-81.2594,31.5633],[-81.2583,31.5583],[-81.2591,31.5496],[-81.2632,31.5488],[-81.2675,31.5504],[-81.2706,31.5563],[-81.2794,31.5623],[-81.2895,31.5615],[-81.2951,31.5579],[-81.3068,31.5536],[-81.3084,31.5517],[-81.3134,31.5511],[-81.3134,31.5539],[-81.3092,31.5601],[-81.3077,31.5676],[-81.3093,31.5729],[-81.3109,31.5719],[-81.3095,31.5693],[-81.3123,31.5718],[-81.3116,31.5768],[-81.3103,31.5786],[-81.3037,31.5808],[-81.2987,31.5861],[-81.2979,31.5899],[-81.3008,31.588],[-81.2994,31.5921],[-81.2877,31.5985],[-81.2871,31.6016],[-81.2909,31.6049],[-81.2909,31.6064],[-81.2899,31.6081],[-81.2865,31.6082],[-81.2859,31.6103],[-81.2872,31.6088],[-81.29,31.6087],[-81.292,31.6062],[-81.2951,31.6061],[-81.2921,31.6057],[-81.2961,31.6044],[-81.2976,31.6053],[-81.2991,31.6098],[-81.3026,31.6112],[-81.3066,31.6111],[-81.3124,31.6077],[-81.3135,31.6087],[-81.3107,31.6101],[-81.3105,31.6115],[-81.3154,31.6115],[-81.315,31.6135],[-81.3185,31.6176],[-81.3191,31.617],[-81.3157,31.6136],[-81.3159,31.6115],[-81.311,31.6109],[-81.3141,31.6088],[-81.3129,31.6074],[-81.3102,31.6075],[-81.3067,31.6103],[-81.301,31.6103],[-81.2989,31.6082],[-81.2991,31.6044],[-81.2912,31.6038],[-81.2887,31.5997],[-81.2892,31.5984],[-81.2956,31.5967],[-81.2994,31.5942],[-81.3014,31.5912],[-81.3024,31.5853],[-81.3059,31.5816],[-81.3068,31.5834],[-81.311,31.5801],[-81.3139,31.5767],[-81.3149,31.5714],[-81.3217,31.5694],[-81.3207,31.5648],[-81.3213,31.5616],[-81.3184,31.5501],[-81.3169,31.5485],[-81.3176,31.5474],[-81.3342,31.5502],[-81.341,31.5492],[-81.3443,31.5515],[-81.3562,31.5553],[-81.3572,31.5571],[-81.3553,31.5605],[-81.3565,31.5632],[-81.3559,31.5671],[-81.3581,31.5674],[-81.36,31.5648],[-81.3623,31.5689],[-81.3611,31.5646],[-81.3587,31.5645],[-81.3575,31.567],[-81.3565,31.5668],[-81.3577,31.5553],[-81.342,31.5479],[-81.348,31.5441],[-81.3503,31.541],[-81.3537,31.5409],[-81.3545,31.5376],[-81.3557,31.5404],[-81.359,31.5418],[-81.3591,31.5458],[-81.3612,31.5494],[-81.3658,31.5513],[-81.3703,31.5505],[-81.3744,31.5453],[-81.3739,31.5417],[-81.37,31.5369],[-81.3714,31.5316],[-81.3758,31.5307],[-81.382,31.5368],[-81.388,31.5372],[-81.3911,31.5323],[-81.3899,31.5277],[-81.3862,31.524],[-81.3889,31.5204],[-81.3915,31.522],[-81.3947,31.5284],[-81.3965,31.5288],[-81.3988,31.5267],[-81.4001,31.5272],[-81.4042,31.5331],[-81.4031,31.5379],[-81.4039,31.5397],[-81.4068,31.5389],[-81.4075,31.5368],[-81.4098,31.5351],[-81.4091,31.5341],[-81.4117,31.5349],[-81.4125,31.5338],[-81.4142,31.5353],[-81.4122,31.5368],[-81.4129,31.538],[-81.4146,31.5379],[-81.4151,31.536],[-81.4148,31.5373],[-81.4174,31.5385],[-81.4183,31.5384],[-81.419,31.5368],[-81.4189,31.5381],[-81.4196,31.539],[-81.4216,31.5376],[-81.4212,31.5386],[-81.4215,31.5389],[-81.4221,31.5387],[-81.4236,31.5371],[-81.423,31.5385],[-81.4237,31.5389],[-81.4246,31.5386],[-81.4234,31.5386],[-81.4238,31.5369],[-81.4215,31.5387],[-81.422,31.5374],[-81.4203,31.5378],[-81.4204,31.5362],[-81.4199,31.5386],[-81.4191,31.5365],[-81.418,31.5381],[-81.4176,31.537],[-81.4155,31.5374],[-81.4157,31.5356],[-81.4145,31.5357],[-81.4131,31.5335],[-81.4094,31.5334],[-81.4063,31.5386],[-81.4042,31.5392],[-81.4044,31.532],[-81.3999,31.526],[-81.3957,31.5277],[-81.3926,31.5215],[-81.39,31.5194],[-81.3878,31.5199],[-81.3851,31.5233],[-81.3893,31.5321],[-81.3888,31.5346],[-81.3861,31.5361],[-81.3838,31.5364],[-81.3814,31.5324],[-81.376,31.5293],[-81.3714,31.5304],[-81.3691,31.5337],[-81.3624,31.5359],[-81.3572,31.5306],[-81.3513,31.5308],[-81.3467,31.5332],[-81.3389,31.5463],[-81.3318,31.5476],[-81.3232,31.5408],[-81.3316,31.5344],[-81.3343,31.5295],[-81.3354,31.5312],[-81.3397,31.5318],[-81.3415,31.5295],[-81.3395,31.5314],[-81.3352,31.5306],[-81.3359,31.528],[-81.3334,31.5289],[-81.3312,31.5336],[-81.3284,31.5361],[-81.3226,31.5398],[-81.319,31.5402],[-81.3074,31.535],[-81.3057,31.5322],[-81.2997,31.5288],[-81.2942,31.5226],[-81.295,31.5189],[-81.2989,31.5148],[-81.2984,31.519],[-81.3015,31.5194],[-81.3041,31.5179],[-81.3057,31.5225],[-81.3083,31.5237],[-81.306,31.5218],[-81.3044,31.5174],[-81.299,31.5185],[-81.3007,31.5157],[-81.2997,31.514],[-81.306,31.5127],[-81.3022,31.5119],[-81.3032,31.5039],[-81.3068,31.5046],[-81.3103,31.5082],[-81.3141,31.5081],[-81.3242,31.5014],[-81.326,31.4961],[-81.3297,31.4949],[-81.3259,31.4956],[-81.3244,31.4904],[-81.3287,31.4913],[-81.3284,31.4901],[-81.3329,31.4935],[-81.3348,31.4974],[-81.3348,31.503],[-81.3382,31.5078],[-81.3476,31.5105],[-81.343,31.5121],[-81.3419,31.5142],[-81.3458,31.5168],[-81.3432,31.5128],[-81.3451,31.5129],[-81.3504,31.523],[-81.3469,31.5146],[-81.3531,31.515],[-81.3455,31.513],[-81.3487,31.5122],[-81.3497,31.5095],[-81.3567,31.508],[-81.359,31.5061],[-81.3617,31.5062],[-81.3621,31.5086],[-81.3558,31.5129],[-81.3562,31.5168],[-81.3547,31.5186],[-81.357,31.5166],[-81.3569,31.5133],[-81.363,31.5078],[-81.3623,31.5061],[-81.3601,31.5053],[-81.354,31.5076],[-81.3432,31.5082],[-81.3398,31.5071],[-81.3366,31.503],[-81.3375,31.4983],[-81.3364,31.4939],[-81.3385,31.492],[-81.3421,31.4923],[-81.3467,31.497],[-81.344,31.4995],[-81.3474,31.4978],[-81.3456,31.4947],[-81.3422,31.4918],[-81.3392,31.4909],[-81.3361,31.4928],[-81.3315,31.4893],[-81.3243,31.4869],[-81.3218,31.4839],[-81.3278,31.4812],[-81.3317,31.4769],[-81.3339,31.4761],[-81.3422,31.4779],[-81.3388,31.4793],[-81.3407,31.4806],[-81.3385,31.4834],[-81.3406,31.4842],[-81.3399,31.4821],[-81.3426,31.481],[-81.3395,31.4793],[-81.3426,31.4786],[-81.3421,31.4768],[-81.3353,31.4753],[-81.3305,31.4762],[-81.3278,31.4695],[-81.3286,31.4631],[-81.326,31.4579],[-81.3274,31.4548],[-81.3384,31.4501],[-81.334,31.4568],[-81.3341,31.4593],[-81.3378,31.4602],[-81.3455,31.4581],[-81.3495,31.46],[-81.3504,31.4623],[-81.3503,31.4661],[-81.3478,31.4686],[-81.3454,31.4694],[-81.3451,31.468],[-81.344,31.4672],[-81.3402,31.4677],[-81.34,31.4654],[-81.3385,31.4676],[-81.3403,31.4685],[-81.3442,31.4678],[-81.3448,31.4688],[-81.3418,31.4705],[-81.343,31.4719],[-81.3454,31.4705],[-81.3457,31.4718],[-81.3471,31.4721],[-81.3465,31.4711],[-81.3485,31.4696],[-81.3487,31.4713],[-81.3511,31.4718],[-81.3514,31.4737],[-81.3519,31.472],[-81.3493,31.4707],[-81.3509,31.4702],[-81.3515,31.4614],[-81.3492,31.4582],[-81.3453,31.4566],[-81.3373,31.4588],[-81.3348,31.4583],[-81.3415,31.4489],[-81.3509,31.4455],[-81.3574,31.4526],[-81.3581,31.4555],[-81.3582,31.4538],[-81.3626,31.4541],[-81.3655,31.4495],[-81.3685,31.4483],[-81.3694,31.4447],[-81.3732,31.4415],[-81.3769,31.4421],[-81.3781,31.4404],[-81.3806,31.4404],[-81.3776,31.4396],[-81.3757,31.4414],[-81.3737,31.4401],[-81.3672,31.4446],[-81.3643,31.4394],[-81.3682,31.447],[-81.3634,31.4493],[-81.361,31.4536],[-81.3509,31.4442],[-81.342,31.4459],[-81.3427,31.4442],[-81.3549,31.4393],[-81.3748,31.4259],[-81.3753,31.4232],[-81.3711,31.4185],[-81.374,31.415],[-81.3691,31.4138],[-81.3715,31.4075],[-81.3753,31.4063],[-81.3767,31.4071],[-81.3736,31.4122],[-81.3757,31.4152],[-81.3789,31.415],[-81.3821,31.4121],[-81.3841,31.4133],[-81.3829,31.4155],[-81.3833,31.4164],[-81.3861,31.4108],[-81.3846,31.4068],[-81.3902,31.4069],[-81.3921,31.4051],[-81.3909,31.4003],[-81.3858,31.401],[-81.3845,31.3976],[-81.3887,31.3975],[-81.3891,31.3964],[-81.3858,31.3927],[-81.3899,31.3945],[-81.3937,31.3938],[-81.3928,31.3907],[-81.3896,31.3893],[-81.3902,31.3879],[-81.395,31.3916],[-81.3966,31.395],[-81.4009,31.3939],[-81.4017,31.3925],[-81.3987,31.3913],[-81.397,31.3887],[-81.4007,31.3889],[-81.4008,31.3875],[-81.3971,31.3836],[-81.4004,31.3854],[-81.4026,31.3854],[-81.4035,31.3841],[-81.4017,31.3826],[-81.4022,31.3811],[-81.4044,31.3794],[-81.4069,31.3805],[-81.4107,31.3767],[-81.4101,31.3759],[-81.4065,31.3756],[-81.4099,31.3767],[-81.4065,31.3798],[-81.4039,31.3792],[-81.4019,31.3808],[-81.4009,31.3829],[-81.4016,31.385],[-81.3968,31.3832],[-81.3963,31.3848],[-81.3995,31.3881],[-81.3967,31.3877],[-81.3964,31.3858],[-81.3954,31.3848],[-81.3938,31.3854],[-81.3934,31.3871],[-81.3981,31.3919],[-81.4002,31.3924],[-81.3967,31.394],[-81.3955,31.391],[-81.3909,31.3872],[-81.3932,31.3852],[-81.3917,31.3826],[-81.3955,31.3811],[-81.3945,31.3775],[-81.3951,31.3644],[-81.3923,31.3633],[-81.3883,31.3652],[-81.3848,31.3615],[-81.3994,31.3591],[-81.4103,31.3603],[-81.4131,31.3578],[-81.4167,31.3481],[-81.4176,31.3526],[-81.4199,31.3552],[-81.4146,31.3615],[-81.4144,31.3635],[-81.413,31.3637],[-81.4182,31.3638],[-81.4203,31.358],[-81.4229,31.3561],[-81.4271,31.3559],[-81.4288,31.3607],[-81.4347,31.3673],[-81.4421,31.3675],[-81.4436,31.369],[-81.4439,31.3716],[-81.4398,31.3713],[-81.4422,31.3784],[-81.4391,31.3795],[-81.4391,31.3807],[-81.4431,31.385],[-81.4478,31.3861],[-81.4474,31.3908],[-81.4527,31.3888],[-81.4549,31.3905],[-81.4539,31.3929],[-81.455,31.3939],[-81.4599,31.3917],[-81.4635,31.393],[-81.464,31.395],[-81.4655,31.3948],[-81.466,31.3929],[-81.4678,31.3965],[-81.4658,31.3984],[-81.4655,31.4003],[-81.4678,31.4044],[-81.4654,31.406],[-81.466,31.4075],[-81.4673,31.408],[-81.4686,31.4067],[-81.4712,31.408],[-81.4718,31.4072],[-81.4709,31.4058],[-81.4734,31.405],[-81.4773,31.4068],[-81.4729,31.4045],[-81.4704,31.4053],[-81.4708,31.4075],[-81.4693,31.4058],[-81.4664,31.4072],[-81.4659,31.4064],[-81.4685,31.4048],[-81.4663,31.4008],[-81.4685,31.3959],[-81.4669,31.3929],[-81.4649,31.3926],[-81.4649,31.394],[-81.4637,31.3921],[-81.4594,31.391],[-81.4551,31.3932],[-81.4559,31.3907],[-81.4544,31.3885],[-81.448,31.3847],[-81.4435,31.3842],[-81.4402,31.3808],[-81.4431,31.378],[-81.4408,31.3717],[-81.4484,31.3741],[-81.4544,31.3736],[-81.4578,31.3769],[-81.4648,31.3777],[-81.4671,31.381],[-81.4652,31.3769],[-81.4587,31.3761],[-81.4548,31.3728],[-81.4468,31.3731],[-81.4436,31.3673],[-81.4356,31.3665],[-81.4301,31.3597],[-81.4294,31.3558],[-81.4204,31.3538],[-81.4191,31.3515],[-81.4192,31.3486],[-81.417,31.3469],[-81.4142,31.3484],[-81.4113,31.3568],[-81.4087,31.3591],[-81.3983,31.3567],[-81.3804,31.3586],[-81.3763,31.3576],[-81.3788,31.3554],[-81.3831,31.3548],[-81.3843,31.3511],[-81.3839,31.3433],[-81.3868,31.3419],[-81.3881,31.3381],[-81.3895,31.3378],[-81.3943,31.3379],[-81.4031,31.3409],[-81.4311,31.3408],[-81.4368,31.3418],[-81.4399,31.3453],[-81.4388,31.3518],[-81.4396,31.3556],[-81.4432,31.3577],[-81.4484,31.3566],[-81.4507,31.3578],[-81.4532,31.3601],[-81.4546,31.365],[-81.4612,31.3662],[-81.4638,31.3708],[-81.4693,31.3737],[-81.4731,31.3736],[-81.4752,31.3706],[-81.4759,31.3649],[-81.4817,31.3643],[-81.4832,31.3661],[-81.4813,31.3733],[-81.4839,31.3788],[-81.4922,31.379],[-81.4944,31.3812],[-81.4974,31.3809],[-81.4963,31.3838],[-81.4998,31.384],[-81.4981,31.3859],[-81.5016,31.3878],[-81.5026,31.387],[-81.5024,31.3859],[-81.5015,31.3856],[-81.5016,31.3871],[-81.5003,31.3855],[-81.502,31.3852],[-81.507,31.3899],[-81.5107,31.3892],[-81.5234,31.3972],[-81.5368,31.3938],[-81.5458,31.3995],[-81.5534,31.3994],[-81.5558,31.4014],[-81.5561,31.407],[-81.5598,31.4079],[-81.5582,31.4096],[-81.558,31.4114],[-81.5605,31.4129],[-81.5638,31.413],[-81.5626,31.4144],[-81.5633,31.4166],[-81.5643,31.4128],[-81.5582,31.4111],[-81.5605,31.4076],[-81.5569,31.4071],[-81.5566,31.4019],[-81.5551,31.3999],[-81.5526,31.3979],[-81.5473,31.3991],[-81.5447,31.3981],[-81.5385,31.3935],[-81.5379,31.3894],[-81.5414,31.391],[-81.5435,31.3912],[-81.5491,31.3882],[-81.5537,31.3905],[-81.552,31.3882],[-81.5541,31.388],[-81.5556,31.39],[-81.5552,31.3878],[-81.5577,31.3878],[-81.577,31.3998],[-81.5784,31.403],[-81.5792,31.4012],[-81.5801,31.4056],[-81.5835,31.4092],[-81.589,31.4105],[-81.5868,31.4162],[-81.5934,31.4156],[-81.5971,31.4212],[-81.6046,31.4255],[-81.6053,31.4313],[-81.6113,31.4353],[-81.6069,31.4388],[-81.6099,31.4422],[-81.6114,31.4461],[-81.617,31.4463],[-81.6249,31.4507],[-81.6243,31.453],[-81.6169,31.4583],[-81.6167,31.4635],[-81.613,31.467],[-81.6123,31.47],[-81.6231,31.4848],[-81.6291,31.4833],[-81.6324,31.4838],[-81.6408,31.4886],[-81.6476,31.4954],[-81.6453,31.499],[-81.6454,31.501],[-81.6535,31.5047],[-81.6583,31.5105],[-81.6569,31.5164],[-81.6543,31.5189],[-81.6557,31.5243],[-81.6525,31.5272],[-81.6524,31.5288],[-81.6541,31.5295],[-81.6582,31.528],[-81.6621,31.5284],[-81.6672,31.5327],[-81.6684,31.5358],[-81.6674,31.5377],[-81.6222,31.5513],[-81.566,31.5765],[-81.5383,31.6243],[-81.4918,31.6996],[-81.4759,31.6982],[-81.4648,31.6933],[-81.464,31.6905],[-81.4611,31.6875],[-81.4609,31.6835],[-81.4677,31.6806],[-81.4677,31.6785],[-81.461,31.6719],[-81.4591,31.6657],[-81.4553,31.6594],[-81.4435,31.6544],[-81.4368,31.6432],[-81.4329,31.6408]]]]}},{"type":"Feature","properties":{"leaid":"1303660","name":"Miller County School District","kind":"Unified","gradeLow":"PK","gradeHigh":"12","state":"GA"},"geometry":{"type":"Polygon","coordinates":[[[-84.6417,31.259],[-84.5371,31.2559],[-84.5427,31.079],[-84.6447,31.0795],[-84.6458,31.068],[-84.9224,31.0726],[-84.9174,31.256],[-84.7483,31.2525],[-84.7482,31.2585],[-84.7375,31.2583],[-84.7374,31.2523],[-84.7096,31.2518],[-84.7051,31.2519],[-84.7051,31.2577],[-84.6942,31.2577],[-84.6942,31.2517],[-84.6833,31.2514],[-84.6832,31.2572],[-84.6726,31.2571],[-84.6727,31.2594],[-84.6611,31.2594],[-84.6611,31.2569],[-84.6417,31.2565],[-84.6417,31.259]]]}},{"type":"Feature","properties":{"leaid":"1303690","name":"Mitchell County School District","kind":"Unified","gradeLow":"PK","gradeHigh":"12","state":"GA"},"geometry":{"type":"Polygon","coordinates":[[[-83.9978,31.4438],[-84.003,31.1119],[-84.0137,31.1118],[-84.0139,31.1024],[-84.0032,31.1023],[-84.0036,31.0773],[-84.21,31.0788],[-84.5083,31.0786],[-84.5034,31.0893],[-84.5048,31.0931],[-84.5044,31.0979],[-84.5068,31.102],[-84.5063,31.109],[-84.5012,31.1127],[-84.5001,31.118],[-84.5015,31.1206],[-84.5068,31.1236],[-84.4986,31.1291],[-84.4886,31.1385],[-84.4859,31.1396],[-84.4833,31.1376],[-84.4807,31.1393],[-84.4787,31.1482],[-84.4828,31.1535],[-84.4826,31.1567],[-84.4741,31.1598],[-84.4685,31.1641],[-84.4711,31.1669],[-84.4703,31.1686],[-84.4674,31.1689],[-84.4609,31.1661],[-84.4581,31.1671],[-84.4535,31.1718],[-84.4487,31.1802],[-84.4396,31.1828],[-84.4329,31.1895],[-84.4294,31.1901],[-84.4308,31.1906],[-84.428,31.1896],[-84.426,31.1905],[-84.4204,31.195],[-84.4201,31.1977],[-84.4168,31.1941],[-84.4199,31.1868],[-84.4181,31.1858],[-84.4128,31.1885],[-84.412,31.1919],[-84.4079,31.1938],[-84.4044,31.1991],[-84.4039,31.2033],[-84.4091,31.2097],[-84.4056,31.2131],[-84.406,31.2189],[-84.4006,31.2235],[-84.3941,31.2259],[-84.394,31.2297],[-84.3862,31.2335],[-84.3823,31.2341],[-84.3753,31.2395],[-84.372,31.2384],[-84.3658,31.2404],[-84.3633,31.2494],[-84.359,31.2542],[-84.3594,31.2597],[-84.3544,31.2661],[-84.3479,31.2701],[-84.3409,31.2778],[-84.341,31.2851],[-84.3367,31.2882],[-84.3355,31.2918],[-84.3373,31.3003],[-84.3408,31.3038],[-84.3407,31.3052],[-84.3319,31.3117],[-84.3242,31.3139],[-84.3207,31.3114],[-84.3162,31.3117],[-84.3133,31.3144],[-84.3133,31.3219],[-84.3111,31.324],[-84.3028,31.3238],[-84.2969,31.3261],[-84.2904,31.3251],[-84.2883,31.3261],[-84.2865,31.3298],[-84.2837,31.3274],[-84.2801,31.3305],[-84.2776,31.3291],[-84.2756,31.3298],[-84.2699,31.333],[-84.2717,31.3372],[-84.2679,31.3415],[-84.257,31.3394],[-84.2543,31.3355],[-84.2464,31.3388],[-84.244,31.3426],[-84.2419,31.3388],[-84.2399,31.3384],[-84.2336,31.341],[-84.2316,31.3452],[-84.2285,31.3475],[-84.2251,31.356],[-84.2162,31.3573],[-84.2121,31.3557],[-84.21,31.3594],[-84.2078,31.3582],[-84.2049,31.3584],[-84.2007,31.3555],[-84.1977,31.3581],[-84.1978,31.3653],[-84.2006,31.3747],[-84.1993,31.385],[-84.1958,31.389],[-84.1955,31.3916],[-84.1826,31.3992],[-84.1813,31.3976],[-84.1824,31.3915],[-84.1806,31.3906],[-84.1788,31.3917],[-84.1759,31.398],[-84.1793,31.4065],[-84.1771,31.4106],[-84.1584,31.417],[-84.1533,31.4136],[-84.1488,31.4239],[-84.1409,31.4338],[-84.142,31.4394],[-84.1382,31.4425],[-83.9978,31.4438]],[[-84.1338,31.1343],[-84.1356,31.1345],[-84.1393,31.1386],[-84.1449,31.1415],[-84.1498,31.1426],[-84.1571,31.1421],[-84.1634,31.1395],[-84.1687,31.134],[-84.1709,31.1282],[-84.1705,31.1226],[-84.1662,31.1154],[-84.1603,31.1116],[-84.1537,31.1101],[-84.1442,31.1115],[-84.1371,31.1162],[-84.1338,31.1214],[-84.1331,31.1284],[-84.1354,31.134],[-84.132,31.1341],[-84.1286,31.1378],[-84.1338,31.1413],[-84.1338,31.1343]]]}},{"type":"Feature","properties":{"leaid":"1303720","name":"Monroe County School District","kind":"Unified","gradeLow":"PK","gradeHigh":"12","state":"GA"},"geometry":{"type":"Polygon","coordinates":[[[-83.8223,33.1802],[-83.8246,33.1759],[-83.824,33.1606],[-83.8221,33.1568],[-83.814,33.1483],[-83.8171,33.1439],[-83.8157,33.1336],[-83.8164,33.1246],[-83.8138,33.1221],[-83.806,33.1218],[-83.799,33.1166],[-83.7955,33.1101],[-83.7947,33.1041],[-83.7853,33.0972],[-83.7811,33.0925],[-83.7794,33.0866],[-83.7762,33.0835],[-83.775,33.0801],[-83.7639,33.0743],[-83.7608,33.0706],[-83.753,33.0677],[-83.747,33.0634],[-83.7434,33.0537],[-83.7381,33.0486],[-83.7373,33.0439],[-83.7254,33.0327],[-83.7212,33.0234],[-83.7227,33.02],[-83.7296,33.0136],[-83.7268,33.0075],[-83.7213,33.0046],[-83.719,33.0011],[-83.7233,32.9974],[-83.7246,32.9936],[-83.7216,32.9876],[-83.7214,32.9817],[-83.7228,32.9764],[-83.7177,32.973],[-83.7155,32.9694],[-83.7065,32.9653],[-83.7061,32.9614],[-83.7099,32.9562],[-83.7107,32.9528],[-83.7341,32.9524],[-83.7342,32.951],[-83.7306,32.951],[-83.7306,32.945],[-83.7259,32.9449],[-83.7655,32.9219],[-83.7708,32.9177],[-83.8919,32.8484],[-83.9684,32.8489],[-83.9683,32.8571],[-83.9781,32.8571],[-83.9784,32.8489],[-84.1243,32.8496],[-84.1233,32.9322],[-84.0542,32.9315],[-84.0536,32.948],[-84.0441,32.9479],[-84.0411,33.1251],[-84.0415,33.2026],[-83.8683,33.202],[-83.8657,33.2002],[-83.8594,33.2006],[-83.8525,33.1948],[-83.846,33.1972],[-83.8425,33.1967],[-83.84,33.1952],[-83.8401,33.1926],[-83.837,33.1896],[-83.8355,33.1897],[-83.8351,33.1868],[-83.8326,33.1847],[-83.8223,33.1802]]]}},{"type":"Feature","properties":{"leaid":"1303750","name":"Montgomery County School District","kind":"Unified","gradeLow":"PK","gradeHigh":"12","state":"GA"},"geometry":{"type":"Polygon","coordinates":[[[-82.4406,32.2413],[-82.4441,32.2374],[-82.4494,32.2364],[-82.4512,32.2376],[-82.4527,32.2322],[-82.4501,32.2256],[-82.4525,32.2254],[-82.4509,32.2235],[-82.4449,32.2248],[-82.4455,32.216],[-82.4445,32.2092],[-82.443,32.2074],[-82.4595,32.1156],[-82.4736,32.0262],[-82.4801,31.994],[-82.4831,31.969],[-82.4914,31.9686],[-82.4943,31.9674],[-82.4976,31.964],[-82.4997,31.9595],[-82.4989,31.9571],[-82.4928,31.9591],[-82.4877,31.9573],[-82.4822,31.9581],[-82.48,31.9555],[-82.4853,31.9508],[-82.4937,31.9486],[-82.5037,31.9501],[-82.5173,31.958],[-82.5283,31.9589],[-82.5326,31.9613],[-82.5349,31.9607],[-82.537,31.9573],[-82.5405,31.9577],[-82.5437,31.9594],[-82.5401,31.9634],[-82.5395,31.9693],[-82.5462,31.981],[-82.5507,31.9817],[-82.5555,31.9799],[-82.5559,31.9859],[-82.559,31.9926],[-82.5605,31.9923],[-82.5622,31.9896],[-82.5655,31.99],[-82.5716,31.9964],[-82.5917,32.0086],[-82.5926,32.0115],[-82.5947,32.0116],[-82.5981,32.0146],[-82.5977,32.0159],[-82.595,32.0165],[-82.5951,32.0178],[-82.6013,32.0208],[-82.6007,32.0264],[-82.598,32.0283],[-82.5978,32.0301],[-82.602,32.0326],[-82.6053,32.0308],[-82.6075,32.0318],[-82.606,32.0347],[-82.6085,32.0367],[-82.6089,32.0392],[-82.6034,32.041],[-82.6022,32.0473],[-82.6065,32.0508],[-82.6099,32.0517],[-82.6096,32.0576],[-82.6138,32.0604],[-82.6112,32.0663],[-82.613,32.0704],[-82.6092,32.0714],[-82.6084,32.0728],[-82.6112,32.0761],[-82.6137,32.0769],[-82.6147,32.0792],[-82.6182,32.0788],[-82.6231,32.0827],[-82.6174,32.0861],[-82.6147,32.0837],[-82.613,32.0844],[-82.6114,32.0886],[-82.6127,32.0961],[-82.6174,32.1008],[-82.6134,32.1006],[-82.6143,32.1033],[-82.6122,32.1042],[-82.6112,32.1065],[-82.6123,32.1071],[-82.6137,32.1055],[-82.6177,32.1053],[-82.6173,32.1079],[-82.6205,32.1093],[-82.6205,32.1124],[-82.6236,32.1137],[-82.6226,32.1178],[-82.6251,32.1196],[-82.6249,32.1227],[-82.6266,32.1266],[-82.6296,32.1286],[-82.6304,32.1307],[-82.6298,32.1326],[-82.6253,32.1333],[-82.6245,32.1365],[-82.6187,32.1425],[-82.6188,32.1459],[-82.6139,32.1493],[-82.6129,32.1616],[-82.6184,32.1647],[-82.6189,32.1677],[-82.6224,32.1671],[-82.6265,32.1693],[-82.6236,32.1712],[-82.6234,32.1736],[-82.6279,32.177],[-82.6237,32.1799],[-82.624,32.1823],[-82.6272,32.1829],[-82.6293,32.1793],[-82.6311,32.1805],[-82.6284,32.1858],[-82.6323,32.1961],[-82.6301,32.2026],[-82.626,32.2048],[-82.6255,32.2068],[-82.6359,32.2208],[-82.6358,32.2229],[-82.6321,32.2256],[-82.6335,32.2274],[-82.6328,32.2298],[-82.634,32.2332],[-82.6368,32.2332],[-82.6384,32.2356],[-82.6419,32.2369],[-82.6432,32.2416],[-82.6492,32.2458],[-82.6479,32.2501],[-82.6445,32.2512],[-82.6434,32.2547],[-82.6445,32.2587],[-82.6401,32.2584],[-82.6373,32.266],[-82.638,32.2682],[-82.6366,32.2693],[-82.6395,32.2707],[-82.6414,32.2751],[-82.6461,32.2754],[-82.6484,32.2772],[-82.648,32.2803],[-82.6492,32.282],[-82.6461,32.2847],[-82.6476,32.2866],[-82.6503,32.2856],[-82.6515,32.2865],[-82.6499,32.2895],[-82.6441,32.291],[-82.6447,32.2954],[-82.6465,32.2954],[-82.6458,32.2928],[-82.6469,32.2923],[-82.6502,32.2957],[-82.6555,32.2976],[-82.6559,32.3014],[-82.6534,32.3026],[-82.6524,32.3056],[-82.6497,32.3079],[-82.6491,32.3115],[-82.4091,32.3537],[-82.439,32.2932],[-82.4406,32.2413]]]}},{"type":"Feature","properties":{"leaid":"1303780","name":"Morgan County School District","kind":"Unified","gradeLow":"PK","gradeHigh":"12","state":"GA"},"geometry":{"type":"Polygon","coordinates":[[[-83.4118,33.7036],[-83.4046,33.6966],[-83.4008,33.6962],[-83.3998,33.6911],[-83.3949,33.6905],[-83.3965,33.6869],[-83.3951,33.6838],[-83.3886,33.6789],[-83.3886,33.6758],[-83.3869,33.6727],[-83.383,33.6701],[-83.3841,33.6663],[-83.3802,33.6612],[-83.3761,33.66],[-83.3746,33.6564],[-83.3713,33.6563],[-83.3693,33.6541],[-83.3689,33.6525],[-83.3705,33.6505],[-83.3675,33.6489],[-83.3688,33.6473],[-83.3651,33.6444],[-83.3657,33.6401],[-83.3624,33.6398],[-83.3631,33.6361],[-83.3644,33.6355],[-83.3597,33.6278],[-83.3595,33.6223],[-83.3576,33.62],[-83.3544,33.6201],[-83.3544,33.618],[-83.3518,33.617],[-83.3497,33.6143],[-83.3469,33.6005],[-83.3489,33.5973],[-83.3426,33.596],[-83.3378,33.5973],[-83.3392,33.5946],[-83.3373,33.5943],[-83.3376,33.591],[-83.3362,33.5884],[-83.3308,33.5833],[-83.3263,33.5841],[-83.3271,33.5817],[-83.3262,33.5799],[-83.3232,33.5799],[-83.3204,33.5743],[-83.3172,33.5734],[-83.3174,33.5704],[-83.3133,33.5677],[-83.3123,33.5642],[-83.3106,33.5629],[-83.3083,33.5646],[-83.3058,33.5625],[-83.3032,33.5631],[-83.3029,33.5602],[-83.3043,33.5573],[-83.3036,33.555],[-83.3018,33.5556],[-83.2951,33.5523],[-83.2912,33.5466],[-83.2866,33.5427],[-83.2805,33.5429],[-83.2784,33.5446],[-83.2705,33.5361],[-83.2695,33.5318],[-83.2767,33.5285],[-83.2805,33.523],[-83.2801,33.5169],[-83.2839,33.5085],[-83.2831,33.5034],[-83.2768,33.4942],[-83.2802,33.4873],[-83.2799,33.4834],[-83.4038,33.461],[-83.5337,33.4345],[-83.5999,33.4737],[-83.6822,33.5262],[-83.6776,33.5715],[-83.6811,33.5757],[-83.6814,33.5779],[-83.6871,33.5823],[-83.6858,33.585],[-83.6874,33.5886],[-83.5369,33.7784],[-83.5264,33.7961],[-83.5231,33.7973],[-83.5136,33.8066],[-83.5115,33.8111],[-83.5059,33.8178],[-83.5041,33.8165],[-83.5011,33.8168],[-83.5015,33.8133],[-83.4993,33.8146],[-83.4965,33.813],[-83.4958,33.8105],[-83.4925,33.8074],[-83.4926,33.8052],[-83.4911,33.8061],[-83.4896,33.8046],[-83.4876,33.8047],[-83.4857,33.8073],[-83.4833,33.8057],[-83.4833,33.8026],[-83.4795,33.8023],[-83.483,33.8],[-83.4814,33.7971],[-83.4753,33.7984],[-83.4758,33.7961],[-83.4778,33.796],[-83.4786,33.7922],[-83.4734,33.7898],[-83.4743,33.7871],[-83.4708,33.7844],[-83.4706,33.7802],[-83.465,33.7746],[-83.4617,33.774],[-83.4582,33.7685],[-83.4595,33.7655],[-83.4547,33.7586],[-83.4556,33.7573],[-83.4536,33.7488],[-83.4506,33.7473],[-83.4512,33.7437],[-83.4528,33.7421],[-83.4516,33.7414],[-83.4519,33.7385],[-83.4504,33.7348],[-83.4469,33.7331],[-83.4453,33.7225],[-83.4399,33.7192],[-83.4346,33.7192],[-83.4312,33.7155],[-83.424,33.7154],[-83.4242,33.7127],[-83.4195,33.7092],[-83.418,33.7044],[-83.4163,33.7051],[-83.4118,33.7036]]]}},{"type":"Feature","properties":{"leaid":"1304470","name":"Schley County School District","kind":"Unified","gradeLow":"PK","gradeHigh":"12","state":"GA"},"geometry":{"type":"Polygon","coordinates":[[[-84.3632,32.3976],[-84.3532,32.3978],[-84.3531,32.3851],[-84.3435,32.3849],[-84.3437,32.3978],[-84.3233,32.3979],[-84.3238,32.3725],[-84.2546,32.3721],[-84.2559,32.2962],[-84.2192,32.2951],[-84.2201,32.2311],[-84.1817,32.2297],[-84.1836,32.1585],[-84.2499,32.16],[-84.2606,32.1592],[-84.2604,32.1661],[-84.2696,32.1662],[-84.2699,32.1593],[-84.2799,32.1593],[-84.2799,32.1638],[-84.4302,32.1663],[-84.43,32.1743],[-84.4205,32.1744],[-84.4201,32.1917],[-84.4299,32.1942],[-84.4295,32.2322],[-84.4104,32.2319],[-84.4101,32.2895],[-84.4133,32.2895],[-84.4133,32.2975],[-84.3899,32.2972],[-84.3923,32.414],[-84.3821,32.4142],[-84.3818,32.428],[-84.3624,32.428],[-84.3632,32.3976]],[[-84.3632,32.3976],[-84.3728,32.3975],[-84.3727,32.3893],[-84.3629,32.3894],[-84.3632,32.3976]]]}},{"type":"Feature","properties":{"leaid":"1303870","name":"Muscogee County School District","kind":"Unified","gradeLow":"PK","gradeHigh":"12","state":"GA"},"geometry":{"type":"Polygon","coordinates":[[[-84.6946,32.5839],[-84.6947,32.5637],[-84.6675,32.5639],[-84.6705,32.5617],[-84.6718,32.5578],[-84.6743,32.5566],[-84.6745,32.5526],[-84.6766,32.55],[-84.6759,32.5479],[-84.6793,32.5449],[-84.6795,32.5358],[-84.6877,32.5346],[-84.6966,32.5376],[-84.7056,32.536],[-84.7586,32.552],[-84.7734,32.5499],[-84.7755,32.5479],[-84.7985,32.5462],[-84.8183,32.5362],[-84.8402,32.5315],[-84.8349,32.5234],[-84.8352,32.5216],[-84.8398,32.516],[-84.8404,32.5113],[-84.8466,32.51],[-84.8496,32.5053],[-84.8501,32.4951],[-84.8451,32.4908],[-84.8481,32.4839],[-84.8477,32.4791],[-84.8697,32.4794],[-84.87,32.4551],[-84.8989,32.4553],[-84.899,32.4388],[-84.8942,32.4386],[-84.8921,32.4278],[-84.8932,32.4243],[-84.8923,32.4228],[-84.9266,32.4231],[-84.9207,32.4105],[-84.9124,32.4053],[-84.9347,32.4056],[-84.9328,32.4011],[-84.934,32.4008],[-84.9401,32.4029],[-84.9401,32.4067],[-84.9487,32.4067],[-84.9536,32.3954],[-84.9545,32.3888],[-84.9572,32.3874],[-84.9575,32.3744],[-84.9634,32.3766],[-84.9644,32.3759],[-84.9624,32.3749],[-84.963,32.374],[-84.9674,32.3757],[-84.9678,32.3787],[-84.9706,32.3775],[-84.9748,32.3803],[-84.9849,32.38],[-84.9885,32.3831],[-84.9865,32.3889],[-84.983,32.392],[-84.9784,32.3905],[-84.9687,32.3915],[-84.9693,32.3934],[-84.9747,32.3956],[-84.9799,32.4001],[-84.981,32.4061],[-84.9794,32.4122],[-84.9718,32.4162],[-84.9634,32.4225],[-84.963,32.4242],[-84.967,32.4353],[-84.9718,32.4428],[-84.9838,32.4456],[-84.9935,32.4507],[-84.9953,32.4532],[-84.998,32.4617],[-84.9985,32.4687],[-84.9952,32.4753],[-84.9948,32.4861],[-84.9988,32.497],[-84.9965,32.5016],[-84.9969,32.5031],[-84.9998,32.5043],[-84.9989,32.5063],[-85.0009,32.5087],[-85.0015,32.5147],[-85.0064,32.5185],[-85.0071,32.5239],[-85.0144,32.5266],[-85.0158,32.5284],[-85.0153,32.5311],[-85.0202,32.5347],[-85.022,32.54],[-85.0208,32.5428],[-85.0236,32.543],[-85.0262,32.5448],[-85.0314,32.5442],[-85.0335,32.5509],[-85.0357,32.554],[-85.0437,32.5565],[-85.0455,32.5617],[-85.05,32.5643],[-85.0569,32.5712],[-85.0579,32.5747],[-85.062,32.5782],[-85.0675,32.5795],[-85.0779,32.5976],[-85.0808,32.6081],[-84.9077,32.6076],[-84.9079,32.5834],[-84.6946,32.5839]]]}},{"type":"Feature","properties":{"leaid":"1303930","name":"Newton County School District","kind":"Unified","gradeLow":"PK","gradeHigh":"12","state":"GA"},"geometry":{"type":"MultiPolygon","coordinates":[[[[-83.7004,33.6229],[-83.7011,33.6228],[-83.7019,33.6238],[-83.7004,33.6229]]],[[[-83.9148,33.7442],[-83.7583,33.6464],[-83.7549,33.6464],[-83.747,33.6348],[-83.7375,33.6391],[-83.742,33.6459],[-83.7344,33.6456],[-83.7052,33.626],[-83.7155,33.6207],[-83.7208,33.6258],[-83.7233,33.6247],[-83.7255,33.6256],[-83.7229,33.6216],[-83.7236,33.6192],[-83.7224,33.6172],[-83.7236,33.6161],[-83.7265,33.6209],[-83.7311,33.6215],[-83.7335,33.6172],[-83.7421,33.6196],[-83.7448,33.6232],[-83.7495,33.6137],[-83.7449,33.6127],[-83.7435,33.6149],[-83.7408,33.6126],[-83.698,33.6112],[-83.7008,33.6081],[-83.6968,33.6077],[-83.6809,33.5969],[-83.6874,33.5886],[-83.6858,33.585],[-83.6871,33.5823],[-83.6814,33.5779],[-83.6811,33.5757],[-83.6776,33.5715],[-83.6822,33.5262],[-83.6881,33.5107],[-83.6859,33.5085],[-83.6866,33.5063],[-83.6831,33.4944],[-83.6746,33.4872],[-83.6784,33.4836],[-83.6876,33.4831],[-83.6971,33.4948],[-83.701,33.4983],[-83.7032,33.4979],[-83.7053,33.5009],[-83.7123,33.4951],[-83.7047,33.4885],[-83.7367,33.4809],[-83.7713,33.4525],[-83.8074,33.4408],[-83.8084,33.4363],[-83.8122,33.4347],[-83.8163,33.4367],[-83.821,33.4363],[-83.8242,33.4378],[-83.825,33.4367],[-83.8235,33.4334],[-83.8284,33.4261],[-83.8287,33.4224],[-83.8309,33.4215],[-83.8307,33.4188],[-83.8282,33.415],[-83.8452,33.4147],[-83.845,33.4078],[-83.8369,33.4079],[-83.837,33.405],[-83.8438,33.4049],[-83.8425,33.4026],[-83.831,33.3935],[-83.8383,33.3896],[-83.8463,33.3798],[-83.8479,33.3764],[-83.8474,33.3745],[-83.8569,33.3719],[-83.8539,33.3672],[-83.8591,33.3687],[-83.8631,33.3683],[-83.8666,33.3726],[-83.8644,33.3772],[-83.8733,33.378],[-83.8776,33.3837],[-83.8788,33.3898],[-83.8862,33.3914],[-83.8936,33.3949],[-83.8951,33.3967],[-83.8959,33.402],[-83.8954,33.4079],[-83.8981,33.4103],[-83.9052,33.4129],[-83.9083,33.4178],[-83.9125,33.4178],[-83.9123,33.4217],[-83.9104,33.4257],[-83.9152,33.4273],[-83.9142,33.4304],[-83.9162,33.4334],[-83.9152,33.4362],[-83.9198,33.4345],[-83.9188,33.4389],[-83.9249,33.4457],[-83.9225,33.4506],[-83.932,33.4547],[-83.9314,33.4574],[-83.9352,33.4601],[-83.9378,33.4678],[-83.9446,33.4715],[-83.9478,33.4767],[-83.9464,33.4827],[-83.949,33.4856],[-83.9554,33.4837],[-83.9647,33.4867],[-83.9694,33.4868],[-83.9741,33.4835],[-83.9747,33.487],[-83.9765,33.4888],[-83.9803,33.487],[-83.9835,33.4887],[-83.9858,33.488],[-83.9877,33.4909],[-83.9914,33.4928],[-84.0003,33.4943],[-84.0122,33.4922],[-84.0159,33.4981],[-84.0257,33.4966],[-84.0281,33.4915],[-84.03,33.4934],[-84.0373,33.4958],[-84.0369,33.497],[-84.0317,33.4978],[-84.03,33.5001],[-84.0341,33.5037],[-84.0356,33.5091],[-84.043,33.5098],[-84.0418,33.5182],[-84.0429,33.5199],[-84.0444,33.5203],[-84.0464,33.5179],[-84.0505,33.5165],[-84.0483,33.512],[-84.0502,33.5108],[-84.0543,33.5147],[-84.0552,33.5187],[-84.045,33.5247],[-84.0107,33.5633],[-84.0107,33.5549],[-84.0033,33.5549],[-84.0034,33.5635],[-84.0105,33.5636],[-83.9309,33.6518],[-83.9299,33.6589],[-83.9258,33.6646],[-83.9231,33.6739],[-83.9231,33.679],[-83.9246,33.6809],[-83.9225,33.6815],[-83.9226,33.6851],[-83.9204,33.6856],[-83.9181,33.6895],[-83.9204,33.6915],[-83.9227,33.6978],[-83.9255,33.7062],[-83.9252,33.7102],[-83.923,33.7111],[-83.9176,33.7083],[-83.9132,33.7126],[-83.9166,33.7164],[-83.9154,33.7186],[-83.9187,33.7238],[-83.9183,33.7274],[-83.9161,33.7312],[-83.9175,33.7371],[-83.9152,33.7393],[-83.9148,33.7442]]]]}},{"type":"Feature","properties":{"leaid":"1303960","name":"Oconee County School District","kind":"Unified","gradeLow":"PK","gradeHigh":"12","state":"GA"},"geometry":{"type":"Polygon","coordinates":[[[-83.2759,33.848],[-83.3066,33.8114],[-83.2984,33.8133],[-83.2924,33.8103],[-83.2943,33.807],[-83.2943,33.7979],[-83.289,33.7912],[-83.2829,33.789],[-83.2832,33.7866],[-83.2808,33.7832],[-83.2841,33.7763],[-83.285,33.7704],[-83.281,33.7641],[-83.2803,33.7595],[-83.2826,33.7595],[-83.2839,33.7567],[-83.2829,33.7548],[-83.2847,33.7531],[-83.2909,33.7513],[-83.2915,33.7453],[-83.2961,33.7433],[-83.2974,33.7391],[-83.297,33.7379],[-83.2945,33.7378],[-83.2914,33.7343],[-83.4062,33.6983],[-83.4118,33.7036],[-83.4163,33.7051],[-83.418,33.7044],[-83.4195,33.7092],[-83.4242,33.7127],[-83.424,33.7154],[-83.4312,33.7155],[-83.4346,33.7192],[-83.4399,33.7192],[-83.4453,33.7226],[-83.4469,33.7331],[-83.4504,33.7348],[-83.4519,33.7385],[-83.4516,33.7414],[-83.4528,33.7421],[-83.4512,33.7437],[-83.4506,33.7473],[-83.4536,33.7488],[-83.4556,33.7573],[-83.4547,33.7586],[-83.4595,33.7655],[-83.4582,33.7685],[-83.4617,33.774],[-83.465,33.7746],[-83.4706,33.7802],[-83.4708,33.7844],[-83.4743,33.7871],[-83.4733,33.7896],[-83.4786,33.7923],[-83.4778,33.796],[-83.4758,33.7961],[-83.4753,33.7984],[-83.4769,33.7987],[-83.4798,33.7967],[-83.4816,33.7972],[-83.483,33.8],[-83.4795,33.8023],[-83.4833,33.8026],[-83.4833,33.8057],[-83.4857,33.8073],[-83.4876,33.8047],[-83.4896,33.8046],[-83.4911,33.8061],[-83.4926,33.8052],[-83.4925,33.8074],[-83.4958,33.8105],[-83.4963,33.8128],[-83.4991,33.8145],[-83.5016,33.8133],[-83.501,33.8167],[-83.5026,33.8173],[-83.5039,33.8165],[-83.5092,33.8177],[-83.5106,33.8154],[-83.5159,33.8178],[-83.5174,33.8165],[-83.5201,33.8197],[-83.5217,33.8182],[-83.5292,33.8212],[-83.5333,33.821],[-83.5314,33.8243],[-83.5428,33.8313],[-83.5434,33.8328],[-83.5471,33.8336],[-83.5534,33.8387],[-83.5618,33.8425],[-83.5659,33.8468],[-83.5733,33.8474],[-83.5746,33.849],[-83.5747,33.8542],[-83.5816,33.8599],[-83.5828,33.8628],[-83.5851,33.8645],[-83.5869,33.8634],[-83.5882,33.8645],[-83.589,33.8619],[-83.5906,33.8634],[-83.5873,33.8676],[-83.5862,33.877],[-83.5841,33.8783],[-83.5843,33.8801],[-83.5823,33.8818],[-83.5838,33.8838],[-83.5937,33.8813],[-83.5963,33.8828],[-83.6012,33.8816],[-83.6027,33.8836],[-83.6045,33.8817],[-83.6089,33.8811],[-83.618,33.8835],[-83.6192,33.8855],[-83.6264,33.8849],[-83.6306,33.8868],[-83.6317,33.8913],[-83.6305,33.8922],[-83.6313,33.8975],[-83.6334,33.9011],[-83.6353,33.9021],[-83.6358,33.9046],[-83.6372,33.9043],[-83.6389,33.9083],[-83.6442,33.9069],[-83.6421,33.9058],[-83.6431,33.9049],[-83.647,33.9062],[-83.5374,33.9659],[-83.5085,33.9313],[-83.4958,33.9302],[-83.4917,33.9325],[-83.4753,33.9289],[-83.4692,33.9311],[-83.4667,33.9262],[-83.461,33.9266],[-83.454,33.9243],[-83.448,33.9257],[-83.4383,33.9225],[-83.4354,33.9227],[-83.4307,33.9261],[-83.422,33.9271],[-83.4189,33.9238],[-83.4202,33.9224],[-83.4155,33.9185],[-83.4131,33.9174],[-83.4111,33.9182],[-83.408,33.9154],[-83.4062,33.9159],[-83.4049,33.9128],[-83.4029,33.9131],[-83.4022,33.9112],[-83.3943,33.9076],[-83.3935,33.9023],[-83.3908,33.9],[-83.3825,33.8984],[-83.3849,33.8955],[-83.379,33.893],[-83.3734,33.8856],[-83.3662,33.8878],[-83.3615,33.8807],[-83.36,33.8756],[-83.3528,33.8747],[-83.3525,33.8773],[-83.3457,33.8787],[-83.3444,33.8753],[-83.3279,33.8692],[-83.324,33.8645],[-83.3247,33.8615],[-83.3278,33.8601],[-83.3254,33.8578],[-83.3265,33.8555],[-83.3199,33.8545],[-83.313,33.8557],[-83.3023,33.8504],[-83.289,33.8513],[-83.2759,33.848]]]}},{"type":"Feature","properties":{"leaid":"1303990","name":"Oglethorpe County School District","kind":"Unified","gradeLow":"PK","gradeHigh":"12","state":"GA"},"geometry":{"type":"Polygon","coordinates":[[[-82.9763,34.0432],[-82.9656,34.0405],[-82.9615,34.0354],[-82.9575,34.0358],[-82.9538,34.0382],[-82.9498,34.0357],[-82.9431,34.0276],[-82.9341,34.0275],[-82.9337,34.0263],[-82.9353,34.0253],[-82.9379,34.0258],[-82.9438,34.0228],[-82.942,34.0146],[-82.938,34.015],[-82.9343,34.0136],[-82.9293,34.0106],[-82.9272,34.0073],[-82.9213,34.0101],[-82.9173,34.0062],[-82.9146,34.0076],[-82.9165,34.0107],[-82.9162,34.0125],[-82.9058,34.0119],[-82.905,34.0111],[-82.9067,34.0079],[-82.9061,34.0044],[-82.8865,34.0001],[-82.8816,34.0006],[-82.8793,33.9952],[-82.8705,33.9932],[-82.8669,33.9905],[-82.8636,33.983],[-82.8579,33.9839],[-82.8514,33.9822],[-82.843,33.9837],[-82.8417,33.9846],[-82.841,33.9921],[-82.8372,33.9927],[-82.8258,33.9845],[-82.8189,33.9861],[-82.8135,33.9816],[-82.7983,33.978],[-82.7858,33.9724],[-82.7795,33.9711],[-82.7815,33.9688],[-82.7806,33.9648],[-82.7824,33.9642],[-82.7843,33.9596],[-82.7837,33.9584],[-82.7882,33.9568],[-82.7886,33.9543],[-82.7914,33.953],[-82.7938,33.9487],[-82.799,33.9507],[-82.8051,33.95],[-82.8057,33.9508],[-82.8072,33.9502],[-82.8069,33.9483],[-82.8087,33.9459],[-82.8119,33.945],[-82.8162,33.946],[-82.8157,33.9451],[-82.8182,33.9434],[-82.82,33.9447],[-82.8221,33.9443],[-82.8254,33.9409],[-82.8315,33.9419],[-82.8355,33.9396],[-82.8448,33.9396],[-82.8467,33.9406],[-82.8487,33.9399],[-82.8478,33.9389],[-82.849,33.9367],[-82.8511,33.9369],[-82.8505,33.9347],[-82.8528,33.9348],[-82.8545,33.9326],[-82.8538,33.9306],[-82.8555,33.9275],[-82.8607,33.9278],[-82.8711,33.9221],[-82.8745,33.9218],[-82.8769,33.9155],[-82.8793,33.915],[-82.8823,33.9122],[-82.8838,33.9125],[-82.8853,33.909],[-82.8875,33.9079],[-82.8861,33.9049],[-82.8901,33.8965],[-82.8949,33.8933],[-82.8961,33.8903],[-82.9048,33.8805],[-82.9126,33.877],[-82.9176,33.8692],[-82.9224,33.8562],[-82.9273,33.8512],[-82.9317,33.8491],[-82.9424,33.849],[-82.9426,33.8466],[-82.945,33.8462],[-82.9499,33.835],[-82.9526,33.8331],[-82.9538,33.8287],[-82.9563,33.8265],[-82.9552,33.8246],[-82.9559,33.822],[-82.9582,33.8196],[-82.961,33.8115],[-82.9658,33.8096],[-82.9692,33.8056],[-82.9766,33.8021],[-82.9775,33.7958],[-82.9789,33.7948],[-82.9805,33.7894],[-82.9862,33.7858],[-82.9848,33.7838],[-82.9873,33.7807],[-82.96,33.7518],[-82.949,33.7333],[-82.98,33.7109],[-82.9824,33.7107],[-82.9886,33.7066],[-82.9913,33.7023],[-82.9932,33.7014],[-82.9921,33.6977],[-82.9956,33.6936],[-82.9986,33.6939],[-83.0079,33.6899],[-83.0191,33.6929],[-83.0261,33.7009],[-83.0302,33.7015],[-83.0344,33.7055],[-83.0375,33.7063],[-83.0409,33.7107],[-83.0459,33.7127],[-83.0491,33.7156],[-83.1187,33.6988],[-83.2807,33.7619],[-83.285,33.7704],[-83.2841,33.7763],[-83.2808,33.7826],[-83.2832,33.7866],[-83.2825,33.7884],[-83.289,33.7912],[-83.2943,33.7979],[-83.2943,33.807],[-83.2922,33.8102],[-83.2984,33.8133],[-83.3066,33.8114],[-83.2755,33.8485],[-83.2409,33.9044],[-83.2754,33.9422],[-83.2776,33.9465],[-83.2791,33.9547],[-83.2696,33.958],[-83.2657,33.9638],[-83.2656,33.9681],[-83.2674,33.9723],[-83.2709,33.9756],[-83.2756,33.9775],[-83.2692,33.9817],[-83.269,34.0006],[-83.262,33.9984],[-83.2583,33.9989],[-83.237,34.0136],[-83.2277,34.0083],[-83.225,34.0096],[-83.2222,34.0054],[-83.2219,34.0007],[-83.212,34.0028],[-83.193,34.0106],[-83.1877,34.0182],[-83.1811,34.0207],[-83.164,34.0347],[-83.1548,34.0366],[-83.1351,34.0447],[-83.1309,34.0447],[-83.1241,34.0476],[-83.1243,34.0439],[-83.1154,34.0389],[-83.1151,34.037],[-83.1118,34.0376],[-83.1094,34.0353],[-83.1087,34.0293],[-83.101,34.0248],[-83.0979,34.0292],[-83.0977,34.0279],[-83.0951,34.0271],[-83.091,34.035],[-83.0903,34.0322],[-83.0839,34.0285],[-83.0817,34.0289],[-83.0773,34.025],[-83.0753,34.0268],[-83.0713,34.0271],[-83.0689,34.0238],[-83.0658,34.024],[-83.0621,34.0192],[-83.053,34.0195],[-83.0485,34.0157],[-83.038,34.0262],[-83.0319,34.026],[-83.0293,34.0309],[-83.0208,34.0289],[-83.0202,34.0326],[-83.0165,34.0327],[-83.0149,34.035],[-83.0109,34.0311],[-83.0018,34.0308],[-82.9947,34.0355],[-82.9908,34.035],[-82.9901,34.0381],[-82.9845,34.0354],[-82.9835,34.0386],[-82.9855,34.0406],[-82.9853,34.0419],[-82.9763,34.0432]]]}},{"type":"Feature","properties":{"leaid":"1304020","name":"Paulding County School District","kind":"Unified","gradeLow":"PK","gradeHigh":"12","state":"GA"},"geometry":{"type":"Polygon","coordinates":[[[-84.8968,34.0825],[-84.7378,34.0823],[-84.7396,33.9478],[-84.723,33.9476],[-84.7228,33.9439],[-84.7247,33.8669],[-84.7241,33.7886],[-84.7638,33.7873],[-84.8003,33.7823],[-84.7999,33.7799],[-84.8327,33.7785],[-84.8327,33.776],[-84.8792,33.7748],[-84.9186,33.7863],[-84.9712,33.7996],[-85.0379,33.8119],[-85.0367,33.9043],[-85.0503,33.9045],[-85.0498,33.9526],[-84.9787,33.9514],[-84.9287,34.0717],[-84.9227,34.0825],[-84.9143,34.0826],[-84.9144,34.0753],[-84.9134,34.0753],[-84.91,34.0753],[-84.9099,34.0786],[-84.8969,34.0787],[-84.8968,34.0825]]]}},{"type":"Feature","properties":{"leaid":"1304080","name":"Pelham City School District","kind":"Unified","gradeLow":"PK","gradeHigh":"12","state":"GA"},"geometry":{"type":"Polygon","coordinates":[[[-84.1338,31.1343],[-84.1338,31.1413],[-84.1286,31.1378],[-84.132,31.1341],[-84.1354,31.134],[-84.1331,31.1284],[-84.1338,31.1214],[-84.1371,31.1162],[-84.1442,31.1115],[-84.1537,31.1101],[-84.1603,31.1116],[-84.1662,31.1154],[-84.1705,31.1226],[-84.1709,31.1282],[-84.1687,31.134],[-84.1634,31.1395],[-84.1571,31.1421],[-84.1498,31.1426],[-84.1449,31.1415],[-84.1393,31.1386],[-84.1356,31.1345],[-84.1338,31.1343]]]}},{"type":"Feature","properties":{"leaid":"1304110","name":"Pickens County School District","kind":"Unified","gradeLow":"PK","gradeHigh":"12","state":"GA"},"geometry":{"type":"Polygon","coordinates":[[[-84.3456,34.5627],[-84.3457,34.5484],[-84.3197,34.4679],[-84.2569,34.4673],[-84.2576,34.381],[-84.3921,34.3807],[-84.3922,34.3733],[-84.4008,34.3733],[-84.4007,34.3805],[-84.4245,34.3806],[-84.4245,34.388],[-84.4421,34.3882],[-84.4423,34.3804],[-84.5736,34.3814],[-84.574,34.4121],[-84.6532,34.4126],[-84.6537,34.4558],[-84.6444,34.4558],[-84.6445,34.463],[-84.6533,34.4632],[-84.6541,34.549],[-84.5739,34.5495],[-84.5737,34.5507],[-84.5214,34.5505],[-84.5205,34.5567],[-84.5117,34.5567],[-84.5115,34.5636],[-84.5026,34.5637],[-84.5028,34.5505],[-84.4767,34.5501],[-84.4765,34.5567],[-84.4857,34.5567],[-84.4858,34.5633],[-84.468,34.5635],[-84.4679,34.55],[-84.4324,34.5494],[-84.429,34.5537],[-84.4287,34.5575],[-84.4244,34.5574],[-84.4246,34.5493],[-84.3714,34.5485],[-84.3715,34.5629],[-84.3456,34.5627]]]}},{"type":"Feature","properties":{"leaid":"1304140","name":"Pierce County School District","kind":"Unified","gradeLow":"PK","gradeHigh":"12","state":"GA"},"geometry":{"type":"Polygon","coordinates":[[[-82.1328,31.4713],[-82.1248,31.4769],[-82.1159,31.4798],[-82.1019,31.4813],[-82.0905,31.48],[-82.0718,31.4715],[-82.0685,31.4678],[-82.0636,31.4665],[-82.0611,31.4625],[-82.0582,31.4609],[-82.0555,31.456],[-82.0528,31.4546],[-82.0544,31.4523],[-82.0534,31.4511],[-82.055,31.451],[-82.0535,31.4485],[-82.0537,31.447],[-82.0549,31.4469],[-82.0537,31.4435],[-82.0548,31.443],[-82.0544,31.4398],[-82.0531,31.4388],[-82.0547,31.4361],[-82.0542,31.4316],[-82.0526,31.4313],[-82.0552,31.4287],[-82.0541,31.4283],[-82.0556,31.4244],[-82.0554,31.4169],[-82.0541,31.4138],[-82.0553,31.4123],[-82.0564,31.4127],[-82.0561,31.4099],[-82.0575,31.4091],[-82.0556,31.4072],[-82.054,31.4076],[-82.0518,31.4036],[-82.0501,31.4042],[-82.0492,31.3986],[-82.0516,31.3992],[-82.0499,31.3963],[-82.0474,31.3947],[-82.045,31.3958],[-82.0439,31.3949],[-82.0446,31.3938],[-82.0434,31.3916],[-82.0461,31.3912],[-82.0438,31.3898],[-82.0449,31.3894],[-82.0439,31.3883],[-82.0448,31.3861],[-82.0436,31.3857],[-82.0441,31.3845],[-82.0419,31.3845],[-82.042,31.3823],[-82.0399,31.3821],[-82.0399,31.3802],[-82.0411,31.3805],[-82.0412,31.3781],[-82.0427,31.3771],[-82.0415,31.3759],[-82.0427,31.3744],[-82.0412,31.3739],[-82.0386,31.3695],[-82.0387,31.3679],[-82.0401,31.3673],[-82.0388,31.3662],[-82.0407,31.3619],[-82.0386,31.3589],[-82.0356,31.3583],[-82.0363,31.357],[-82.0344,31.3568],[-82.035,31.3549],[-82.0329,31.3506],[-82.0339,31.3498],[-82.0325,31.3492],[-82.0321,31.3461],[-82.0305,31.3461],[-82.03,31.3444],[-82.0286,31.3452],[-82.0277,31.3405],[-82.0267,31.341],[-82.0243,31.3388],[-82.0232,31.333],[-82.0205,31.3312],[-82.0202,31.3274],[-82.0188,31.3261],[-82.0174,31.3266],[-82.0173,31.3254],[-82.0134,31.3229],[-82.0133,31.3199],[-82.012,31.3197],[-82.013,31.3183],[-82.0089,31.3163],[-82.009,31.3146],[-82.0073,31.3149],[-82.0046,31.3124],[-82.0049,31.311],[-82.0017,31.3102],[-82.0002,31.3113],[-81.9976,31.3088],[-81.9921,31.308],[-81.9972,31.2887],[-81.9986,31.287],[-82.0022,31.2874],[-82.0022,31.2841],[-82.0048,31.286],[-82.0063,31.2852],[-82.0064,31.2813],[-82.0081,31.2797],[-82.0072,31.2758],[-82.0096,31.2779],[-82.0137,31.275],[-82.0125,31.2777],[-82.0151,31.2772],[-82.0214,31.2794],[-82.0225,31.2751],[-82.0235,31.2768],[-82.0263,31.2763],[-82.0283,31.2778],[-82.0286,31.2748],[-82.0298,31.2743],[-82.0317,31.2775],[-82.0335,31.2766],[-82.032,31.275],[-82.0332,31.2734],[-82.0349,31.2752],[-82.0391,31.273],[-82.0405,31.275],[-82.0429,31.2746],[-82.0438,31.2765],[-82.0473,31.2751],[-82.0476,31.2739],[-82.0502,31.2742],[-82.0486,31.2725],[-82.0518,31.2711],[-82.053,31.2729],[-82.0556,31.273],[-82.056,31.2749],[-82.0587,31.2738],[-82.0616,31.2765],[-82.061,31.2753],[-82.0633,31.274],[-82.0635,31.2712],[-82.0706,31.2765],[-82.0734,31.2738],[-82.0762,31.2757],[-82.0825,31.2714],[-82.0843,31.2753],[-82.0907,31.2768],[-82.0889,31.2746],[-82.0909,31.2733],[-82.0933,31.2766],[-82.0967,31.275],[-82.1002,31.2767],[-82.1008,31.2739],[-82.1032,31.2717],[-82.1082,31.2722],[-82.1146,31.2706],[-82.1165,31.2667],[-82.1205,31.2654],[-82.1233,31.2625],[-82.1227,31.2601],[-82.1256,31.2605],[-82.1257,31.2584],[-82.1269,31.2579],[-82.1301,31.2589],[-82.1301,31.2568],[-82.1324,31.257],[-82.1331,31.2549],[-82.1345,31.2554],[-82.1343,31.2581],[-82.1403,31.2585],[-82.1455,31.2525],[-82.144,31.2508],[-82.1417,31.2522],[-82.1404,31.2507],[-82.1409,31.2496],[-82.1437,31.2501],[-82.1447,31.2488],[-82.1432,31.2432],[-82.1398,31.2435],[-82.1426,31.2397],[-82.1419,31.2376],[-82.1435,31.2362],[-82.1447,31.2371],[-82.1462,31.2353],[-82.1507,31.235],[-82.1497,31.2338],[-82.1474,31.2345],[-82.147,31.2296],[-82.1451,31.2294],[-82.1464,31.2269],[-82.1504,31.2285],[-82.1498,31.2247],[-82.1514,31.2225],[-82.1568,31.2191],[-82.1589,31.2198],[-82.1628,31.2161],[-82.1643,31.2175],[-82.1662,31.2148],[-82.1673,31.2149],[-82.1668,31.2174],[-82.1681,31.2157],[-82.1704,31.2177],[-82.1718,31.2153],[-82.1723,31.2178],[-82.1747,31.2179],[-82.1756,31.2172],[-82.1741,31.216],[-82.1755,31.2138],[-82.1821,31.2112],[-82.183,31.2089],[-82.1848,31.2083],[-82.183,31.2057],[-82.1882,31.2066],[-82.1934,31.2021],[-82.1932,31.2038],[-82.1953,31.203],[-82.196,31.2052],[-82.194,31.2059],[-82.1949,31.2077],[-82.1992,31.2083],[-82.2021,31.2108],[-82.2057,31.2095],[-82.2043,31.2113],[-82.2098,31.2122],[-82.2092,31.214],[-82.2117,31.2143],[-82.2115,31.2154],[-82.2135,31.2149],[-82.2154,31.2161],[-82.219,31.214],[-82.2206,31.2162],[-82.2235,31.2148],[-82.2236,31.216],[-82.2208,31.2179],[-82.2257,31.2206],[-82.2275,31.2187],[-82.2315,31.2203],[-82.2337,31.2186],[-82.2376,31.2189],[-82.2404,31.2171],[-82.2467,31.2174],[-82.2493,31.2201],[-82.2505,31.2188],[-82.2533,31.2187],[-82.2546,31.2208],[-82.2598,31.2183],[-82.264,31.2213],[-82.2668,31.2174],[-82.2686,31.217],[-82.2695,31.2197],[-82.2724,31.2181],[-82.2727,31.2212],[-82.2773,31.2211],[-82.2792,31.2225],[-82.2764,31.224],[-82.2832,31.2265],[-82.2846,31.2244],[-82.2876,31.2235],[-82.2887,31.2243],[-82.2881,31.2258],[-82.2915,31.2255],[-82.2925,31.2264],[-82.2972,31.2262],[-82.2977,31.2247],[-82.3031,31.2247],[-82.3048,31.2264],[-82.3067,31.2254],[-82.315,31.226],[-82.315,31.2279],[-82.3136,31.2274],[-82.3127,31.2284],[-82.3147,31.2312],[-82.318,31.2315],[-82.3176,31.2349],[-82.3187,31.237],[-82.3331,31.2417],[-82.3325,31.245],[-82.3367,31.2461],[-82.3395,31.2485],[-82.3408,31.2525],[-82.3443,31.2547],[-82.347,31.254],[-82.3472,31.2557],[-82.3506,31.2554],[-82.3529,31.2609],[-82.3559,31.2617],[-82.3559,31.2634],[-82.358,31.2633],[-82.3567,31.2655],[-82.3601,31.267],[-82.3598,31.2686],[-82.3621,31.2693],[-82.3627,31.2721],[-82.3602,31.2714],[-82.3593,31.2726],[-82.3613,31.2744],[-82.363,31.2731],[-82.3663,31.2737],[-82.3695,31.2773],[-82.3685,31.2782],[-82.3685,31.2826],[-82.3703,31.2841],[-82.3682,31.2838],[-82.3675,31.2859],[-82.372,31.2874],[-82.3747,31.2902],[-82.384,31.2914],[-82.3839,31.2931],[-82.3858,31.2953],[-82.3853,31.2973],[-82.3872,31.2971],[-82.3874,31.3107],[-82.3902,31.3107],[-82.3895,31.3649],[-82.4026,31.365],[-82.4026,31.3788],[-82.417,31.3789],[-82.417,31.3909],[-82.4026,31.3909],[-82.4025,31.4],[-82.4026,31.4048],[-82.4174,31.405],[-82.4172,31.4171],[-82.4018,31.4173],[-82.4015,31.4303],[-82.3448,31.4301],[-82.345,31.4418],[-82.3305,31.4421],[-82.33,31.4571],[-82.3151,31.4571],[-82.315,31.4679],[-82.3006,31.4678],[-82.3004,31.4932],[-82.2697,31.4926],[-82.2696,31.5057],[-82.2558,31.5054],[-82.2559,31.5174],[-82.2388,31.5176],[-82.2393,31.5306],[-82.2266,31.5307],[-82.2215,31.5216],[-82.2162,31.5162],[-82.1984,31.5053],[-82.1778,31.4865],[-82.1597,31.4735],[-82.1479,31.4694],[-82.141,31.4694],[-82.1328,31.4713]]]}},{"type":"Feature","properties":{"leaid":"1304170","name":"Pike County School District","kind":"Unified","gradeLow":"PK","gradeHigh":"12","state":"GA"},"geometry":{"type":"Polygon","coordinates":[[[-84.2987,32.9997],[-84.2987,32.9915],[-84.4897,32.9937],[-84.4911,32.9922],[-84.4901,32.9907],[-84.4948,32.9883],[-84.4956,32.9845],[-84.4983,32.9827],[-84.5019,32.9832],[-84.4992,32.9797],[-84.5057,32.9726],[-84.5088,32.9714],[-84.5112,32.9721],[-84.5204,32.9685],[-84.527,32.9696],[-84.527,32.9705],[-84.522,32.9734],[-84.5215,32.9757],[-84.5252,32.9811],[-84.5303,32.985],[-84.5286,32.9896],[-84.5313,32.994],[-84.527,33.0003],[-84.533,33.0049],[-84.5379,33.0112],[-84.5339,33.0205],[-84.5347,33.0258],[-84.5331,33.0278],[-84.537,33.0365],[-84.5352,33.0422],[-84.5278,33.0437],[-84.5254,33.0522],[-84.5233,33.0544],[-84.5234,33.0643],[-84.5272,33.0701],[-84.5248,33.0791],[-84.5179,33.0818],[-84.5168,33.081],[-84.5171,33.0785],[-84.5134,33.0781],[-84.5107,33.0843],[-84.5114,33.086],[-84.5188,33.0898],[-84.522,33.0946],[-84.5278,33.0919],[-84.5287,33.0981],[-84.5215,33.1019],[-84.5183,33.1018],[-84.5176,33.1101],[-84.5198,33.1141],[-84.5181,33.1225],[-84.514,33.126],[-84.5109,33.1263],[-84.5108,33.1309],[-84.513,33.1316],[-84.5168,33.138],[-84.5157,33.1402],[-84.5178,33.1418],[-84.5149,33.144],[-84.515,33.1484],[-84.5125,33.1498],[-84.51,33.1541],[-84.5072,33.1547],[-84.5101,33.1621],[-84.5056,33.1682],[-84.5073,33.1754],[-84.4931,33.1863],[-84.4895,33.1862],[-84.4886,33.1873],[-84.4809,33.1887],[-84.4805,33.1905],[-84.4774,33.1923],[-84.4763,33.1994],[-84.4743,33.2016],[-84.4725,33.2019],[-84.4708,33.2006],[-84.4692,33.2016],[-84.4667,33.1993],[-84.4624,33.2019],[-84.4585,33.201],[-84.4553,33.2026],[-84.4528,33.2083],[-84.4513,33.2089],[-84.3935,33.2083],[-84.3936,33.2003],[-84.3731,33.2004],[-84.3737,33.1896],[-84.2482,33.189],[-84.2487,33.0393],[-84.2589,33.0397],[-84.2591,33.0315],[-84.2692,33.0314],[-84.2701,32.991],[-84.2891,32.9913],[-84.2923,32.996],[-84.293,32.9997],[-84.2987,32.9997]],[[-84.2987,32.9997],[-84.2987,33.0041],[-84.3027,33.0042],[-84.3027,32.9997],[-84.2987,32.9997]]]}},{"type":"Feature","properties":{"leaid":"1304200","name":"Polk County School District","kind":"Unified","gradeLow":"PK","gradeHigh":"12","state":"GA"},"geometry":{"type":"Polygon","coordinates":[[[-85.0469,34.0964],[-85.047,34.0829],[-84.9391,34.0826],[-84.939,34.0784],[-84.93,34.0782],[-84.9299,34.0826],[-84.9227,34.0825],[-84.9287,34.0717],[-84.9787,33.9514],[-85.0498,33.9526],[-85.0503,33.9045],[-85.2128,33.9063],[-85.2128,33.8992],[-85.3866,33.9017],[-85.4219,34.0808],[-85.2581,34.0791],[-85.2576,34.1007],[-85.21,34.1003],[-85.21,34.0976],[-85.1574,34.0973],[-85.1575,34.0835],[-85.1225,34.0831],[-85.122,34.0967],[-85.0469,34.0964]]]}},{"type":"Feature","properties":{"leaid":"1304220","name":"Pulaski County School District","kind":"Unified","gradeLow":"PK","gradeHigh":"12","state":"GA"},"geometry":{"type":"Polygon","coordinates":[[[-83.498,32.4017],[-83.3678,32.2889],[-83.3661,32.2894],[-83.3465,32.2725],[-83.3739,32.2497],[-83.2911,32.1788],[-83.3248,32.1504],[-83.3047,32.1332],[-83.3106,32.1283],[-83.3089,32.1257],[-83.3209,32.1196],[-83.3373,32.1059],[-83.3431,32.108],[-83.3469,32.1064],[-83.3483,32.1028],[-83.3563,32.106],[-83.3589,32.1058],[-83.3595,32.1076],[-83.358,32.1095],[-83.3568,32.1075],[-83.3529,32.1069],[-83.3542,32.1105],[-83.3505,32.1126],[-83.3539,32.1135],[-83.3556,32.1178],[-83.3595,32.1207],[-83.3611,32.1241],[-83.3971,32.1241],[-83.397,32.1326],[-83.4164,32.1331],[-83.4165,32.1252],[-83.4356,32.1254],[-83.4357,32.1172],[-83.5416,32.1181],[-83.5415,32.1261],[-83.5508,32.1262],[-83.551,32.1181],[-83.6085,32.1184],[-83.6069,32.2383],[-83.61,32.238],[-83.61,32.2417],[-83.6158,32.2417],[-83.6158,32.2512],[-83.6064,32.2513],[-83.6064,32.2884],[-83.6156,32.2886],[-83.6039,32.3045],[-83.5879,32.3233],[-83.5794,32.3363],[-83.5237,32.4022],[-83.5207,32.4011],[-83.5207,32.3999],[-83.5175,32.398],[-83.5132,32.3927],[-83.508,32.3916],[-83.5067,32.3889],[-83.5047,32.3905],[-83.5025,32.3894],[-83.5008,32.3944],[-83.5009,32.3985],[-83.498,32.4017]]]}},{"type":"Feature","properties":{"leaid":"1304260","name":"Putnam County School District","kind":"Unified","gradeLow":"PK","gradeHigh":"12","state":"GA"},"geometry":{"type":"Polygon","coordinates":[[[-83.1642,33.355],[-83.1601,33.3509],[-83.1527,33.3481],[-83.1503,33.3461],[-83.149,33.3426],[-83.1441,33.3399],[-83.1435,33.3348],[-83.1475,33.3293],[-83.1478,33.3259],[-83.1505,33.3219],[-83.1458,33.3121],[-83.1465,33.3091],[-83.1705,33.3014],[-83.1753,33.2983],[-83.1784,33.292],[-83.1995,33.2853],[-83.204,33.2791],[-83.209,33.2788],[-83.2116,33.2819],[-83.2132,33.2821],[-83.2204,33.2779],[-83.2291,33.2769],[-83.2298,33.2747],[-83.2257,33.2703],[-83.2244,33.2668],[-83.2295,33.2563],[-83.239,33.2626],[-83.2535,33.2593],[-83.2554,33.2545],[-83.2556,33.2465],[-83.2524,33.2381],[-83.2526,33.2343],[-83.256,33.2311],[-83.2595,33.223],[-83.2594,33.2177],[-83.2625,33.2083],[-83.2738,33.2013],[-83.2752,33.1913],[-83.2741,33.1872],[-83.2911,33.1904],[-83.2972,33.1877],[-83.3038,33.1808],[-83.3122,33.1819],[-83.3158,33.1811],[-83.3186,33.1834],[-83.3189,33.18],[-83.3152,33.1758],[-83.3182,33.1696],[-83.3202,33.1695],[-83.323,33.1737],[-83.3283,33.1751],[-83.3297,33.1733],[-83.3272,33.1707],[-83.3306,33.1675],[-83.3395,33.1724],[-83.3423,33.1722],[-83.3417,33.1697],[-83.3462,33.1711],[-83.3544,33.1798],[-83.3578,33.1783],[-83.3636,33.1799],[-83.3618,33.171],[-83.3632,33.1691],[-83.3686,33.1728],[-83.3743,33.172],[-83.3756,33.1739],[-83.3753,33.1767],[-83.3802,33.1758],[-83.3875,33.181],[-83.3881,33.1856],[-83.3915,33.1835],[-83.3983,33.1823],[-83.4009,33.1832],[-83.4023,33.182],[-83.4064,33.1853],[-83.4117,33.1791],[-83.4173,33.179],[-83.418,33.1773],[-83.4233,33.1821],[-83.4272,33.1829],[-83.4293,33.1856],[-83.4327,33.1833],[-83.4357,33.1832],[-83.4368,33.1858],[-83.5459,33.1719],[-83.5399,33.3122],[-83.5393,33.3533],[-83.5367,33.3741],[-83.5378,33.3938],[-83.5337,33.4345],[-83.4038,33.461],[-83.2799,33.4834],[-83.2778,33.4689],[-83.2749,33.4641],[-83.2672,33.4616],[-83.2573,33.4562],[-83.257,33.4508],[-83.2611,33.4488],[-83.2631,33.4439],[-83.2584,33.441],[-83.2568,33.4377],[-83.2529,33.4347],[-83.2486,33.429],[-83.2485,33.4261],[-83.2466,33.4232],[-83.2398,33.4194],[-83.2404,33.4135],[-83.2442,33.4019],[-83.2439,33.3987],[-83.241,33.3984],[-83.2355,33.4023],[-83.2303,33.4025],[-83.2261,33.4046],[-83.2175,33.403],[-83.2131,33.4008],[-83.2125,33.3992],[-83.2145,33.3967],[-83.2204,33.3937],[-83.2199,33.3903],[-83.2248,33.3838],[-83.2246,33.3804],[-83.2233,33.3796],[-83.2173,33.3796],[-83.2145,33.3808],[-83.2132,33.3833],[-83.2144,33.3849],[-83.212,33.3878],[-83.2081,33.3871],[-83.2029,33.3888],[-83.1972,33.3958],[-83.1879,33.3925],[-83.1869,33.3893],[-83.1875,33.3861],[-83.1847,33.3834],[-83.1779,33.3823],[-83.1783,33.378],[-83.1733,33.3754],[-83.1733,33.3734],[-83.1697,33.3704],[-83.17,33.3652],[-83.1668,33.3624],[-83.1642,33.355]]]}},{"type":"Feature","properties":{"leaid":"1304290","name":"Quitman County School District","kind":"Unified","gradeLow":"PK","gradeHigh":"12","state":"GA"},"geometry":{"type":"Polygon","coordinates":[[[-84.907,31.9245],[-84.9103,31.7768],[-85.0265,31.7789],[-85.0266,31.771],[-85.0739,31.7714],[-85.0738,31.7791],[-85.1418,31.7813],[-85.1329,31.7924],[-85.1322,31.7952],[-85.1329,31.8081],[-85.1312,31.8168],[-85.1345,31.825],[-85.1319,31.8271],[-85.1377,31.8322],[-85.1418,31.8393],[-85.1377,31.8459],[-85.138,31.8513],[-85.1407,31.8575],[-85.1358,31.8625],[-85.1337,31.8701],[-85.1284,31.8776],[-85.1293,31.8825],[-85.1341,31.8922],[-85.1329,31.8931],[-85.115,31.8931],[-85.112,31.8948],[-85.1106,31.8969],[-85.1122,31.9028],[-85.108,31.9052],[-85.1127,31.9099],[-85.1131,31.9119],[-85.1024,31.9174],[-85.0995,31.9253],[-85.0918,31.9289],[-85.0864,31.936],[-85.0789,31.9402],[-85.0824,31.9454],[-85.0867,31.9592],[-85.0832,31.9625],[-85.0739,31.9642],[-85.0678,31.9674],[-85.0659,31.9725],[-85.0709,31.9817],[-85.0683,31.9868],[-85.0682,31.9919],[-85.0609,31.9919],[-85.0609,31.9851],[-85.0419,31.9848],[-85.042,31.9757],[-85.0119,31.9759],[-85.0118,31.9838],[-85.0011,31.9839],[-85.0012,31.976],[-84.9537,31.9748],[-84.954,31.9668],[-84.9639,31.9669],[-84.9642,31.9591],[-84.9737,31.9593],[-84.9741,31.9502],[-84.9549,31.9503],[-84.9552,31.9423],[-84.9358,31.9418],[-84.9361,31.9338],[-84.9172,31.9331],[-84.9173,31.9247],[-84.907,31.9245]]]}},{"type":"Feature","properties":{"leaid":"1304320","name":"Rabun County School District","kind":"Unified","gradeLow":"PK","gradeHigh":"12","state":"GA"},"geometry":{"type":"Polygon","coordinates":[[[-83.1086,35.0007],[-83.1025,34.9969],[-83.1035,34.9937],[-83.0982,34.9908],[-83.1029,34.9887],[-83.1018,34.9861],[-83.1042,34.9858],[-83.107,34.9835],[-83.1058,34.9815],[-83.1077,34.9798],[-83.1113,34.981],[-83.1121,34.979],[-83.1112,34.9757],[-83.1165,34.9757],[-83.1156,34.9731],[-83.1203,34.9688],[-83.122,34.9648],[-83.1216,34.9628],[-83.1158,34.9602],[-83.1159,34.9591],[-83.1202,34.9591],[-83.1203,34.958],[-83.1148,34.9529],[-83.1141,34.9502],[-83.1176,34.9528],[-83.1254,34.9551],[-83.1271,34.954],[-83.1248,34.9511],[-83.1276,34.9498],[-83.1211,34.9422],[-83.1165,34.9425],[-83.1118,34.935],[-83.1179,34.936],[-83.1191,34.9332],[-83.1205,34.9329],[-83.1273,34.9386],[-83.1317,34.9357],[-83.13,34.9313],[-83.1415,34.9245],[-83.1567,34.9309],[-83.1592,34.9286],[-83.1581,34.9274],[-83.157,34.9151],[-83.1604,34.915],[-83.1648,34.9192],[-83.1686,34.9194],[-83.1707,34.9142],[-83.1732,34.9132],[-83.1746,34.9103],[-83.1809,34.9095],[-83.1807,34.9046],[-83.1881,34.8981],[-83.1915,34.8968],[-83.1945,34.8994],[-83.1977,34.8948],[-83.1972,34.8906],[-83.1986,34.8904],[-83.2003,34.8933],[-83.2035,34.8935],[-83.2048,34.8902],[-83.201,34.8844],[-83.2053,34.8802],[-83.2096,34.8799],[-83.2146,34.8836],[-83.2128,34.8876],[-83.214,34.8886],[-83.2173,34.8861],[-83.2174,34.8824],[-83.2199,34.8811],[-83.2201,34.878],[-83.2292,34.8798],[-83.2325,34.8778],[-83.2395,34.8789],[-83.243,34.8775],[-83.2406,34.8728],[-83.2347,34.8707],[-83.2379,34.8689],[-83.2391,34.8651],[-83.246,34.8672],[-83.2481,34.8656],[-83.2479,34.862],[-83.2463,34.86],[-83.2482,34.8582],[-83.2464,34.8555],[-83.2478,34.8548],[-83.2533,34.8559],[-83.2525,34.8522],[-83.2539,34.8488],[-83.2529,34.8473],[-83.2487,34.8462],[-83.2489,34.8451],[-83.2573,34.8441],[-83.2606,34.8453],[-83.2605,34.8475],[-83.2617,34.8486],[-83.2672,34.8485],[-83.2726,34.8354],[-83.2673,34.8324],[-83.2675,34.8271],[-83.2696,34.8236],[-83.2686,34.8207],[-83.2759,34.8167],[-83.289,34.8246],[-83.2911,34.8232],[-83.29,34.8185],[-83.2945,34.816],[-83.2951,34.8132],[-83.2998,34.815],[-83.2989,34.8174],[-83.3006,34.8187],[-83.303,34.8188],[-83.3064,34.8157],[-83.3066,34.814],[-83.3044,34.8112],[-83.2994,34.8095],[-83.3008,34.8043],[-83.3032,34.8022],[-83.3142,34.7996],[-83.3141,34.7965],[-83.3204,34.7932],[-83.3204,34.7906],[-83.3241,34.7892],[-83.3212,34.779],[-83.3227,34.7774],[-83.319,34.7713],[-83.323,34.7662],[-83.3192,34.7646],[-83.3233,34.7607],[-83.3187,34.7576],[-83.3265,34.756],[-83.3263,34.7508],[-83.3323,34.7491],[-83.3331,34.7456],[-83.3389,34.7418],[-83.3392,34.7383],[-83.3454,34.7385],[-83.3491,34.7366],[-83.3534,34.7284],[-83.3524,34.7161],[-83.3569,34.7164],[-83.3658,34.7212],[-83.3743,34.7297],[-83.3748,34.732],[-83.381,34.7313],[-83.3861,34.7335],[-83.3849,34.7349],[-83.3874,34.7374],[-83.3953,34.7321],[-83.4037,34.7289],[-83.4067,34.7319],[-83.416,34.733],[-83.4224,34.7357],[-83.4246,34.7402],[-83.4228,34.7435],[-83.4263,34.7468],[-83.4314,34.7473],[-83.4366,34.7421],[-83.4461,34.7431],[-83.4475,34.7416],[-83.4464,34.7369],[-83.4502,34.7344],[-83.4576,34.7318],[-83.4661,34.7336],[-83.4699,34.7292],[-83.4786,34.7239],[-83.4847,34.7267],[-83.492,34.727],[-83.4939,34.7289],[-83.4968,34.729],[-83.5003,34.7329],[-83.5035,34.7343],[-83.5128,34.7317],[-83.5167,34.7352],[-83.5211,34.7359],[-83.5264,34.739],[-83.5354,34.7398],[-83.5372,34.7456],[-83.5351,34.7474],[-83.543,34.7499],[-83.551,34.7499],[-83.5568,34.7577],[-83.5549,34.7663],[-83.5604,34.7718],[-83.5589,34.7756],[-83.5622,34.7813],[-83.5566,34.7851],[-83.5668,34.7912],[-83.5709,34.7913],[-83.5736,34.795],[-83.5763,34.7956],[-83.5753,34.7996],[-83.5778,34.801],[-83.5775,34.8032],[-83.5812,34.805],[-83.583,34.8092],[-83.5817,34.8108],[-83.5843,34.8126],[-83.5841,34.8152],[-83.5876,34.818],[-83.587,34.8201],[-83.5922,34.8216],[-83.5978,34.8253],[-83.6064,34.8277],[-83.6114,34.8259],[-83.6128,34.822],[-83.6188,34.8237],[-83.625,34.823],[-83.6298,34.8254],[-83.6395,34.8228],[-83.6487,34.8254],[-83.6522,34.823],[-83.6564,34.8255],[-83.6591,34.8303],[-83.6581,34.8317],[-83.6617,34.8482],[-83.6601,34.8552],[-83.6582,34.8565],[-83.6549,34.8656],[-83.6562,34.8675],[-83.6563,34.8726],[-83.6545,34.8754],[-83.6566,34.8787],[-83.6501,34.8809],[-83.6494,34.8833],[-83.6444,34.8887],[-83.6453,34.8914],[-83.6377,34.893],[-83.6356,34.8923],[-83.6299,34.8952],[-83.628,34.8998],[-83.63,34.906],[-83.6266,34.9101],[-83.624,34.9105],[-83.6184,34.9087],[-83.6186,34.911],[-83.6147,34.9142],[-83.6083,34.9129],[-83.6068,34.9141],[-83.599,34.9128],[-83.5971,34.9137],[-83.5938,34.9179],[-83.5932,34.9215],[-83.5997,34.9219],[-83.5995,34.9302],[-83.602,34.9319],[-83.6016,34.9383],[-83.5822,34.9428],[-83.5469,34.9465],[-83.5494,34.9924],[-83.2969,34.9963],[-83.1086,35.0007]]]}},{"type":"Feature","properties":{"leaid":"1304350","name":"Randolph County School District","kind":"Unified","gradeLow":"PK","gradeHigh":"12","state":"GA"},"geometry":{"type":"Polygon","coordinates":[[[-84.6758,31.9205],[-84.5998,31.9202],[-84.6031,31.772],[-84.5632,31.7706],[-84.5655,31.7654],[-84.5668,31.7653],[-84.5666,31.7639],[-84.5684,31.7634],[-84.5703,31.7607],[-84.5694,31.7576],[-84.5703,31.7569],[-84.5649,31.7513],[-84.5658,31.7491],[-84.5629,31.7455],[-84.5639,31.7416],[-84.5622,31.7387],[-84.5625,31.7365],[-84.5616,31.7365],[-84.5619,31.7345],[-84.5604,31.7343],[-84.5609,31.7328],[-84.5557,31.7275],[-84.5569,31.7254],[-84.5548,31.7231],[-84.555,31.7211],[-84.5519,31.719],[-84.5514,31.7171],[-84.5469,31.7124],[-84.5479,31.7107],[-84.5469,31.7099],[-84.5473,31.7045],[-84.544,31.6982],[-84.5447,31.6973],[-84.5403,31.6926],[-84.5406,31.6889],[-84.5378,31.686],[-84.5351,31.679],[-84.5352,31.6766],[-84.5387,31.6742],[-84.5374,31.6738],[-84.5383,31.6732],[-84.5379,31.6677],[-84.5402,31.6661],[-84.5398,31.6631],[-84.5373,31.6602],[-84.5388,31.6564],[-84.5361,31.6461],[-84.5399,31.6401],[-84.5386,31.638],[-84.542,31.6346],[-84.5437,31.6265],[-84.5453,31.6265],[-84.5446,31.6234],[-84.5455,31.622],[-84.557,31.6212],[-84.5571,31.6284],[-84.5688,31.6286],[-84.5688,31.6211],[-84.578,31.6211],[-84.578,31.6373],[-84.5866,31.6374],[-84.5865,31.6212],[-84.5974,31.6214],[-84.5971,31.6376],[-84.6068,31.6378],[-84.6069,31.6283],[-84.6225,31.6285],[-84.6222,31.6378],[-84.6362,31.638],[-84.6362,31.6435],[-84.6493,31.6437],[-84.6496,31.6379],[-84.6563,31.6379],[-84.6565,31.62],[-84.9424,31.6187],[-84.9425,31.6556],[-84.9313,31.6554],[-84.931,31.6723],[-84.9406,31.6723],[-84.9405,31.6799],[-84.9498,31.6799],[-84.9494,31.7134],[-84.9593,31.7134],[-84.9586,31.7779],[-84.9103,31.7768],[-84.907,31.9245],[-84.8104,31.9229],[-84.8101,31.9318],[-84.8007,31.9315],[-84.8007,31.9228],[-84.6855,31.9203],[-84.6857,31.929],[-84.6758,31.9287],[-84.6758,31.9205]]]}},{"type":"Feature","properties":{"leaid":"1304380","name":"Richmond County School District","kind":"Unified","gradeLow":"PK","gradeHigh":"12","state":"GA"},"geometry":{"type":"Polygon","coordinates":[[[-82.0198,33.535],[-82.0098,33.5303],[-82.0076,33.5233],[-82.0013,33.5201],[-81.9959,33.5114],[-81.9904,33.5008],[-81.9909,33.4942],[-81.9893,33.49],[-81.9859,33.4865],[-81.9806,33.484],[-81.967,33.4806],[-81.9294,33.4658],[-81.9263,33.4629],[-81.9194,33.4491],[-81.9135,33.4413],[-81.9133,33.4375],[-81.9162,33.4331],[-81.9207,33.431],[-81.9297,33.4296],[-81.9324,33.4257],[-81.9245,33.4191],[-81.9108,33.415],[-81.9096,33.4126],[-81.9112,33.4092],[-81.9126,33.408],[-81.9189,33.4074],[-81.9242,33.4107],[-81.9245,33.4125],[-81.9308,33.4071],[-81.9348,33.4068],[-81.9427,33.4092],[-81.9455,33.4069],[-81.9445,33.4037],[-81.9355,33.3979],[-81.9309,33.3801],[-81.9248,33.3741],[-81.9257,33.3711],[-81.9306,33.3682],[-81.9346,33.3689],[-81.9396,33.3725],[-81.9437,33.3723],[-81.9463,33.3706],[-81.9467,33.3673],[-81.9447,33.364],[-81.9348,33.356],[-81.9356,33.352],[-81.9398,33.3477],[-81.9397,33.3449],[-81.9327,33.3435],[-81.9247,33.3453],[-81.9188,33.3402],[-81.9132,33.3468],[-81.9091,33.3466],[-81.9084,33.3438],[-81.9098,33.3424],[-81.915,33.3415],[-81.9191,33.3344],[-81.9183,33.3328],[-81.9081,33.3271],[-81.9091,33.3239],[-81.9137,33.32],[-81.9115,33.3191],[-81.9061,33.3216],[-81.906,33.326],[-81.9027,33.3302],[-81.9036,33.3348],[-81.9014,33.3358],[-81.8965,33.3295],[-81.8994,33.3251],[-81.899,33.3233],[-81.8955,33.3216],[-81.8905,33.3224],[-81.8891,33.321],[-81.8927,33.3167],[-81.8925,33.3153],[-81.8905,33.3148],[-81.8837,33.3176],[-81.8816,33.3158],[-81.882,33.3126],[-81.8846,33.3089],[-81.8807,33.3022],[-81.879,33.3025],[-81.8764,33.3069],[-81.8686,33.3139],[-81.8665,33.3137],[-81.8649,33.3118],[-81.8639,33.302],[-81.8621,33.3025],[-81.8557,33.3102],[-81.8477,33.3072],[-81.846,33.3043],[-81.8495,33.3],[-81.8487,33.2967],[-81.8503,33.2964],[-81.8529,33.2996],[-81.86,33.2991],[-81.862,33.2969],[-81.8616,33.2937],[-81.8632,33.2888],[-81.8613,33.2862],[-81.8576,33.2846],[-81.8518,33.2835],[-81.8456,33.2842],[-81.8442,33.2823],[-81.844,33.2786],[-81.8388,33.2737],[-81.8326,33.2758],[-81.8332,33.2734],[-81.8357,33.271],[-81.8358,33.2628],[-81.8334,33.2622],[-81.8301,33.2645],[-81.8283,33.263],[-81.8338,33.2583],[-81.8366,33.2596],[-81.8383,33.2628],[-81.8421,33.264],[-81.8439,33.2666],[-81.8468,33.2666],[-81.8481,33.2639],[-81.8463,33.2584],[-81.841,33.257],[-81.8396,33.2552],[-81.8451,33.2525],[-81.8511,33.2525],[-81.8531,33.2507],[-81.8525,33.2467],[-81.8583,33.2457],[-81.8648,33.2481],[-81.8781,33.2591],[-81.886,33.2619],[-81.8904,33.2601],[-81.9013,33.2613],[-81.9061,33.2591],[-81.9146,33.2591],[-81.9227,33.2574],[-81.9279,33.2543],[-81.9374,33.2517],[-81.9405,33.2469],[-81.9516,33.2389],[-81.9602,33.236],[-81.9629,33.2332],[-81.9747,33.2298],[-81.9789,33.2272],[-81.9866,33.2289],[-81.9899,33.2279],[-81.9968,33.2311],[-82.0115,33.2339],[-82.0177,33.2327],[-82.0218,33.2337],[-82.0291,33.2319],[-82.046,33.2364],[-82.06,33.2426],[-82.0723,33.239],[-82.0762,33.2358],[-82.0882,33.2302],[-82.0926,33.2301],[-82.1034,33.233],[-82.1074,33.2372],[-82.1091,33.2413],[-82.1136,33.2431],[-82.1196,33.2478],[-82.1253,33.2497],[-82.1301,33.2605],[-82.1299,33.2667],[-82.1325,33.269],[-82.1337,33.2759],[-82.1438,33.2819],[-82.1524,33.2826],[-82.1611,33.2894],[-82.1646,33.2959],[-82.1742,33.2968],[-82.2676,33.2674],[-82.2731,33.2676],[-82.2785,33.2692],[-82.2865,33.2741],[-82.2898,33.2742],[-82.2925,33.2766],[-82.2965,33.2768],[-82.2982,33.2799],[-82.2978,33.2827],[-82.3013,33.2883],[-82.3115,33.2971],[-82.3186,33.3001],[-82.3222,33.3002],[-82.3242,33.3032],[-82.3343,33.3093],[-82.3492,33.3132],[-82.3535,33.3123],[-82.2453,33.3897],[-82.1799,33.4387],[-82.0282,33.5449],[-82.0234,33.5407],[-82.0234,33.5379],[-82.0198,33.535]]]}},{"type":"Feature","properties":{"leaid":"1304410","name":"Rockdale County School District","kind":"Unified","gradeLow":"PK","gradeHigh":"12","state":"GA"},"geometry":{"type":"Polygon","coordinates":[[[-83.9148,33.7442],[-83.9152,33.7393],[-83.9175,33.7371],[-83.9161,33.7312],[-83.9183,33.7274],[-83.9187,33.7238],[-83.9154,33.7186],[-83.9166,33.7164],[-83.9132,33.7126],[-83.9176,33.7083],[-83.923,33.7111],[-83.9252,33.7102],[-83.9255,33.7062],[-83.9227,33.6978],[-83.9204,33.6915],[-83.9181,33.6895],[-83.9204,33.6856],[-83.9226,33.6851],[-83.9225,33.6815],[-83.9246,33.6809],[-83.9231,33.679],[-83.9231,33.6739],[-83.9258,33.6646],[-83.9299,33.6589],[-83.9309,33.6518],[-84.0105,33.5636],[-84.0034,33.5635],[-84.0033,33.5549],[-84.0107,33.5549],[-84.0107,33.5633],[-84.0445,33.5258],[-84.0447,33.5285],[-84.0466,33.5307],[-84.053,33.5264],[-84.0561,33.5265],[-84.0558,33.5305],[-84.0509,33.5303],[-84.0514,33.536],[-84.0486,33.5388],[-84.0498,33.5412],[-84.0528,33.5427],[-84.0575,33.54],[-84.0596,33.5406],[-84.0627,33.5437],[-84.0657,33.5495],[-84.0701,33.547],[-84.0729,33.5482],[-84.0745,33.5514],[-84.0772,33.5509],[-84.0821,33.5555],[-84.0857,33.556],[-84.0899,33.5547],[-84.1068,33.5664],[-84.1153,33.5661],[-84.1173,33.5629],[-84.1233,33.561],[-84.1309,33.5643],[-84.1338,33.57],[-84.1393,33.5744],[-84.1401,33.5802],[-84.145,33.5834],[-84.1468,33.5866],[-84.1497,33.5868],[-84.1538,33.5973],[-84.1721,33.6219],[-84.1816,33.6292],[-84.1795,33.6325],[-84.1839,33.6424],[-84.1841,33.6462],[-84.1702,33.6459],[-84.1722,33.6444],[-84.1716,33.6422],[-84.1731,33.641],[-84.1695,33.6391],[-84.1616,33.6377],[-84.1585,33.6425],[-84.1586,33.6445],[-84.1545,33.6457],[-84.1512,33.6388],[-84.1439,33.6363],[-84.1383,33.6377],[-84.1411,33.6341],[-84.1405,33.6315],[-84.1377,33.6306],[-84.1292,33.6314],[-84.128,33.6268],[-84.1238,33.6256],[-84.1235,33.6237],[-84.1188,33.6222],[-84.1155,33.6189],[-84.117,33.6172],[-84.1158,33.6147],[-84.0566,33.7266],[-84.0412,33.7395],[-84.01,33.7623],[-84.0107,33.7627],[-84.0053,33.7669],[-84.0058,33.7677],[-84.0003,33.7705],[-84.0013,33.7715],[-83.9941,33.7753],[-83.997,33.7771],[-83.9906,33.7778],[-83.9861,33.7822],[-83.9873,33.7838],[-83.982,33.7863],[-83.9148,33.7442]]]}},{"type":"Feature","properties":{"leaid":"1304540","name":"Social Circle City School District","kind":"Unified","gradeLow":"PK","gradeHigh":"12","state":"GA"},"geometry":{"type":"Polygon","coordinates":[[[-83.6691,33.6119],[-83.6746,33.6049],[-83.7008,33.6081],[-83.698,33.6112],[-83.7408,33.6126],[-83.7435,33.6149],[-83.7449,33.6127],[-83.7495,33.6137],[-83.7448,33.6232],[-83.7421,33.6196],[-83.7335,33.6172],[-83.7311,33.6215],[-83.7265,33.6209],[-83.7236,33.6161],[-83.7224,33.6172],[-83.7236,33.6192],[-83.7229,33.6216],[-83.7255,33.6256],[-83.7233,33.6247],[-83.7208,33.6258],[-83.7155,33.6207],[-83.7036,33.627],[-83.7011,33.6228],[-83.6951,33.6211],[-83.6885,33.6158],[-83.684,33.6144],[-83.6834,33.6168],[-83.6808,33.6181],[-83.6798,33.6203],[-83.6841,33.6279],[-83.6862,33.6286],[-83.6823,33.6332],[-83.6881,33.6416],[-83.6901,33.6358],[-83.6925,33.6371],[-83.698,33.6329],[-83.708,33.6279],[-83.7356,33.6464],[-83.7424,33.6465],[-83.7375,33.6391],[-83.747,33.6348],[-83.7596,33.653],[-83.7534,33.6541],[-83.7522,33.6634],[-83.7482,33.6723],[-83.745,33.6761],[-83.7372,33.6807],[-83.7251,33.6847],[-83.7142,33.685],[-83.7057,33.6832],[-83.7054,33.6847],[-83.7044,33.6827],[-83.6953,33.6794],[-83.6863,33.6669],[-83.6841,33.6599],[-83.6844,33.6515],[-83.6799,33.6482],[-83.6754,33.6386],[-83.6764,33.6383],[-83.676,33.637],[-83.6792,33.6354],[-83.6734,33.6276],[-83.6775,33.6256],[-83.6753,33.6227],[-83.6686,33.6256],[-83.6654,33.625],[-83.6665,33.6204],[-83.6719,33.6177],[-83.6691,33.6119]]]}},{"type":"Feature","properties":{"leaid":"1304560","name":"Stephens County School District","kind":"Unified","gradeLow":"PK","gradeHigh":"12","state":"GA"},"geometry":{"type":"Polygon","coordinates":[[[-83.1037,34.5366],[-83.1778,34.477],[-83.3731,34.4702],[-83.398,34.461],[-83.4091,34.4645],[-83.415,34.4687],[-83.4584,34.4839],[-83.365,34.6753],[-83.3382,34.6872],[-83.3426,34.683],[-83.3405,34.6807],[-83.329,34.6811],[-83.3194,34.676],[-83.3164,34.6693],[-83.3089,34.6703],[-83.3046,34.6696],[-83.3015,34.6666],[-83.3008,34.6625],[-83.2932,34.6543],[-83.2808,34.649],[-83.278,34.6449],[-83.272,34.6419],[-83.2626,34.6404],[-83.2539,34.6367],[-83.252,34.6339],[-83.2483,34.6317],[-83.2465,34.6269],[-83.2407,34.6245],[-83.2434,34.618],[-83.2326,34.6116],[-83.2223,34.6095],[-83.2164,34.611],[-83.2038,34.6096],[-83.1978,34.6071],[-83.1969,34.6031],[-83.1853,34.607],[-83.1726,34.6078],[-83.1597,34.6033],[-83.1591,34.6022],[-83.1606,34.5995],[-83.1651,34.6009],[-83.171,34.5988],[-83.1703,34.5924],[-83.1683,34.591],[-83.1546,34.5882],[-83.1591,34.5815],[-83.159,34.5793],[-83.1526,34.5783],[-83.1432,34.5734],[-83.1399,34.568],[-83.1408,34.5627],[-83.1399,34.5618],[-83.1334,34.5595],[-83.1272,34.562],[-83.1229,34.5601],[-83.1221,34.558],[-83.1242,34.5556],[-83.1235,34.5533],[-83.1172,34.5525],[-83.1123,34.5494],[-83.1102,34.5471],[-83.1092,34.5422],[-83.1041,34.54],[-83.1037,34.5366]]]}},{"type":"Feature","properties":{"leaid":"1304620","name":"Sumter County School District","kind":"Unified","gradeLow":"PK","gradeHigh":"12","state":"GA"},"geometry":{"type":"Polygon","coordinates":[[[-84.0276,32.1712],[-84.0283,32.1693],[-84.0267,32.1671],[-84.0293,32.1665],[-84.0299,32.1614],[-84.0333,32.1612],[-84.031,32.1581],[-84.0313,32.1544],[-84.0334,32.1538],[-84.0334,32.1526],[-84.0299,32.1506],[-84.0217,32.1411],[-84.0226,32.138],[-84.0215,32.136],[-84.0151,32.1312],[-84.0102,32.1319],[-84.0087,32.131],[-84.0085,32.1294],[-84.0118,32.1249],[-84.0116,32.1187],[-84.0069,32.118],[-84.007,32.1154],[-84.0038,32.1149],[-84.0014,32.1115],[-83.9965,32.1126],[-83.9984,32.1088],[-84.0008,32.1089],[-84.0006,32.1052],[-83.9971,32.1025],[-83.9978,32.1005],[-83.9888,32.1011],[-83.9904,32.0953],[-83.9858,32.0966],[-83.9847,32.0934],[-83.9788,32.095],[-83.9775,32.0924],[-83.9748,32.0922],[-83.9786,32.0872],[-83.9783,32.0854],[-83.9813,32.0818],[-83.9831,32.0758],[-83.9872,32.0716],[-83.9772,32.0632],[-83.9804,32.0449],[-83.9773,32.0427],[-83.9707,32.0462],[-83.9678,32.0455],[-83.9666,32.0417],[-83.969,32.0383],[-83.9615,32.0359],[-83.9618,32.0318],[-83.9578,32.0227],[-83.9588,32.0212],[-83.9552,32.02],[-83.9503,32.0154],[-83.952,32.012],[-83.9504,31.9972],[-83.945,31.9964],[-83.9445,31.9951],[-83.9447,31.9917],[-83.9477,31.9926],[-83.9483,31.9915],[-83.9465,31.9893],[-83.9445,31.9829],[-83.942,31.981],[-83.9413,31.9774],[-83.9321,31.964],[-83.9337,31.9591],[-83.925,31.9481],[-83.9268,31.9414],[-83.9264,31.937],[-83.9202,31.9277],[-83.9191,31.9231],[-83.9225,31.9097],[-83.9357,31.9118],[-84.0108,31.9136],[-84.3381,31.9162],[-84.3382,31.8736],[-84.3405,31.8728],[-84.3435,31.8745],[-84.345,31.8771],[-84.3473,31.8777],[-84.3491,31.8821],[-84.3516,31.8809],[-84.354,31.8848],[-84.3579,31.8854],[-84.3593,31.889],[-84.3643,31.8932],[-84.3647,31.8958],[-84.3689,31.8969],[-84.3693,31.8985],[-84.374,31.901],[-84.3767,31.9062],[-84.3804,31.9083],[-84.3795,31.911],[-84.3812,31.9115],[-84.381,31.9137],[-84.3826,31.9161],[-84.3978,31.9253],[-84.3985,31.9291],[-84.4009,31.9306],[-84.4032,31.9349],[-84.4088,31.9378],[-84.4095,31.9363],[-84.4119,31.9366],[-84.421,31.9429],[-84.4218,31.9456],[-84.4283,31.9494],[-84.4295,31.9518],[-84.432,31.9515],[-84.4324,31.954],[-84.4349,31.9544],[-84.437,31.9598],[-84.4405,31.9599],[-84.4414,31.9652],[-84.4431,31.9655],[-84.4438,31.9675],[-84.4416,32.0421],[-84.433,32.042],[-84.4302,32.1663],[-84.2799,32.1638],[-84.2799,32.1593],[-84.2699,32.1593],[-84.2696,32.1662],[-84.2604,32.1661],[-84.2606,32.1592],[-84.2499,32.16],[-84.1836,32.1585],[-84.1817,32.2297],[-84.1341,32.228],[-84.1347,32.1854],[-84.1278,32.1894],[-84.1121,32.1911],[-84.1072,32.1904],[-84.0998,32.1921],[-84.0889,32.192],[-84.0843,32.1911],[-84.0812,32.1874],[-84.0769,32.1866],[-84.0738,32.184],[-84.0688,32.1852],[-84.06,32.1833],[-84.0492,32.1851],[-84.0479,32.1829],[-84.0438,32.1824],[-84.0439,32.1794],[-84.0398,32.1778],[-84.0398,32.1746],[-84.0317,32.1734],[-84.0313,32.1705],[-84.0276,32.1712]]]}},{"type":"Feature","properties":{"leaid":"1304650","name":"Talbot County School District","kind":"Unified","gradeLow":"PK","gradeHigh":"12","state":"GA"},"geometry":{"type":"Polygon","coordinates":[[[-84.2862,32.7476],[-84.2874,32.7473],[-84.2889,32.7428],[-84.2887,32.7362],[-84.2934,32.734],[-84.3041,32.7337],[-84.3143,32.7255],[-84.321,32.7231],[-84.3223,32.7212],[-84.3379,32.7206],[-84.3389,32.679],[-84.3642,32.6794],[-84.3738,32.6468],[-84.3709,32.6479],[-84.3746,32.6374],[-84.3784,32.6318],[-84.3904,32.6225],[-84.3912,32.6193],[-84.3992,32.6159],[-84.4007,32.6135],[-84.4025,32.6137],[-84.4084,32.6105],[-84.4089,32.5619],[-84.4921,32.562],[-84.4918,32.5483],[-84.5047,32.5482],[-84.5048,32.5418],[-84.5326,32.5427],[-84.5325,32.5498],[-84.5367,32.55],[-84.5421,32.5499],[-84.5422,32.5426],[-84.551,32.5427],[-84.5509,32.5493],[-84.5538,32.5487],[-84.5587,32.5453],[-84.5625,32.5446],[-84.5632,32.5423],[-84.566,32.5401],[-84.5664,32.5359],[-84.5613,32.535],[-84.5614,32.5281],[-84.5705,32.5282],[-84.5739,32.5255],[-84.5778,32.5257],[-84.5853,32.5228],[-84.5976,32.5246],[-84.6021,32.5294],[-84.6013,32.5315],[-84.6051,32.5351],[-84.6109,32.5348],[-84.6205,32.5296],[-84.6233,32.5316],[-84.6311,32.5317],[-84.6326,32.5338],[-84.6347,32.5334],[-84.6358,32.5349],[-84.649,32.535],[-84.6492,32.5335],[-84.6506,32.5343],[-84.6531,32.5314],[-84.658,32.5288],[-84.6602,32.5294],[-84.6659,32.5276],[-84.6722,32.5222],[-84.6746,32.5216],[-84.675,32.5201],[-84.6784,32.5202],[-84.6782,32.5189],[-84.6843,32.5191],[-84.6848,32.5206],[-84.6945,32.5187],[-84.6899,32.5213],[-84.6867,32.5276],[-84.68,32.5315],[-84.6785,32.5337],[-84.6797,32.5374],[-84.6793,32.5449],[-84.6759,32.5479],[-84.6766,32.55],[-84.6745,32.5526],[-84.6743,32.5566],[-84.6718,32.5578],[-84.6705,32.5617],[-84.6675,32.5639],[-84.6947,32.5637],[-84.6938,32.6857],[-84.7032,32.6862],[-84.7032,32.7007],[-84.6996,32.7009],[-84.6997,32.7082],[-84.6934,32.7081],[-84.6932,32.7226],[-84.6829,32.7228],[-84.6829,32.7304],[-84.688,32.7304],[-84.6879,32.7388],[-84.6931,32.7388],[-84.6924,32.8294],[-84.7005,32.8446],[-84.5707,32.8452],[-84.5071,32.8775],[-84.5069,32.8818],[-84.4976,32.8836],[-84.4867,32.8791],[-84.4781,32.8778],[-84.4755,32.8763],[-84.4751,32.8736],[-84.4762,32.8714],[-84.4898,32.8614],[-84.4901,32.8569],[-84.4831,32.8523],[-84.4809,32.8521],[-84.4765,32.8561],[-84.4673,32.853],[-84.4588,32.8413],[-84.4566,32.8287],[-84.4484,32.825],[-84.4427,32.8252],[-84.4356,32.8341],[-84.4342,32.8381],[-84.4325,32.8387],[-84.4212,32.8388],[-84.4201,32.8365],[-84.4149,32.8345],[-84.4102,32.8273],[-84.4084,32.8264],[-84.4086,32.822],[-84.4018,32.816],[-84.4029,32.8127],[-84.3969,32.8058],[-84.3958,32.8004],[-84.3923,32.7946],[-84.391,32.787],[-84.3864,32.7864],[-84.3858,32.7833],[-84.3825,32.7803],[-84.3697,32.7762],[-84.363,32.7782],[-84.3594,32.7748],[-84.3556,32.7736],[-84.3545,32.7755],[-84.3572,32.7826],[-84.3551,32.7837],[-84.3521,32.7832],[-84.3495,32.7818],[-84.3448,32.7758],[-84.3397,32.7627],[-84.3361,32.7597],[-84.3323,32.7596],[-84.3288,32.7621],[-84.3251,32.7624],[-84.3161,32.7555],[-84.3014,32.7613],[-84.2997,32.756],[-84.2907,32.7538],[-84.2862,32.7476]]]}},{"type":"Feature","properties":{"leaid":"1304680","name":"Taliaferro County School District","kind":"Unified","gradeLow":"PK","gradeHigh":"12","state":"GA"},"geometry":{"type":"Polygon","coordinates":[[[-82.68,33.5998],[-82.6864,33.594],[-82.6887,33.5902],[-82.6952,33.5931],[-82.6983,33.5912],[-82.7008,33.5918],[-82.7042,33.5892],[-82.705,33.5875],[-82.7029,33.584],[-82.7047,33.5814],[-82.7039,33.5793],[-82.7083,33.5773],[-82.7077,33.5763],[-82.7098,33.572],[-82.7117,33.5718],[-82.7115,33.5665],[-82.7165,33.5634],[-82.7183,33.5649],[-82.7195,33.561],[-82.722,33.5601],[-82.7239,33.5554],[-82.7245,33.5528],[-82.7195,33.5521],[-82.7217,33.5498],[-82.721,33.5477],[-82.7213,33.5458],[-82.7224,33.5457],[-82.7215,33.5411],[-82.7224,33.5388],[-82.7257,33.538],[-82.7278,33.533],[-82.7304,33.5316],[-82.7312,33.5326],[-82.7316,33.5302],[-82.7344,33.5296],[-82.7352,33.5283],[-82.7407,33.5284],[-82.7419,33.5246],[-82.7412,33.5226],[-82.7432,33.5209],[-82.7427,33.5182],[-82.746,33.5157],[-82.7459,33.5129],[-82.7492,33.5106],[-82.7513,33.5101],[-82.7573,33.5124],[-82.7609,33.512],[-82.7673,33.5146],[-82.7718,33.5124],[-82.7815,33.5128],[-82.7876,33.5107],[-82.8153,33.5211],[-82.8199,33.5191],[-82.8234,33.5154],[-82.8224,33.5135],[-82.8228,33.5055],[-82.8246,33.5022],[-82.8356,33.4985],[-82.8387,33.492],[-82.839,33.4885],[-82.8461,33.4833],[-82.8571,33.4713],[-82.8666,33.4666],[-82.8637,33.4644],[-82.8607,33.4595],[-82.8614,33.4561],[-82.8576,33.4553],[-82.858,33.4545],[-82.8553,33.4523],[-82.8562,33.4521],[-82.8552,33.4502],[-82.8559,33.4484],[-82.855,33.4488],[-82.8535,33.4443],[-82.852,33.4435],[-82.8533,33.4427],[-82.8562,33.4434],[-82.8607,33.441],[-82.8726,33.4464],[-82.8797,33.444],[-82.8817,33.4457],[-82.8929,33.4381],[-82.896,33.4402],[-82.9005,33.4405],[-82.9015,33.4389],[-82.906,33.4381],[-82.907,33.4395],[-82.9397,33.4427],[-82.9512,33.4518],[-82.9569,33.4529],[-82.9615,33.4502],[-82.9756,33.4505],[-82.9838,33.4476],[-83.0106,33.469],[-83.0129,33.4692],[-82.9856,33.4898],[-82.9871,33.5195],[-82.986,33.5204],[-83.014,33.5804],[-83.0109,33.5856],[-83.0005,33.5913],[-82.9899,33.6033],[-82.9933,33.6049],[-82.9942,33.613],[-83.0016,33.6202],[-82.9972,33.6254],[-82.9877,33.6289],[-82.9801,33.6147],[-82.9737,33.6217],[-82.9705,33.6417],[-82.9511,33.658],[-82.952,33.659],[-82.9507,33.6607],[-82.9532,33.6616],[-82.9522,33.6631],[-82.953,33.6652],[-82.9596,33.6698],[-82.959,33.6709],[-82.9622,33.6732],[-82.9638,33.6768],[-82.9776,33.6794],[-82.9833,33.6846],[-82.9884,33.6862],[-82.9956,33.6936],[-82.9921,33.6977],[-82.9932,33.7014],[-82.9913,33.7023],[-82.9886,33.7066],[-82.9824,33.7107],[-82.98,33.7109],[-82.949,33.7333],[-82.8915,33.6345],[-82.8906,33.6348],[-82.8906,33.6329],[-82.8853,33.6298],[-82.8866,33.6288],[-82.886,33.6268],[-82.8841,33.6263],[-82.8843,33.6248],[-82.8826,33.6246],[-82.8828,33.6236],[-82.8794,33.6204],[-82.8777,33.62],[-82.8736,33.6226],[-82.8804,33.6265],[-82.8745,33.6313],[-82.877,33.636],[-82.8693,33.6424],[-82.8491,33.6398],[-82.8443,33.6442],[-82.8326,33.651],[-82.8268,33.6497],[-82.8246,33.6511],[-82.823,33.6546],[-82.8207,33.655],[-82.8167,33.6532],[-82.813,33.6558],[-82.8097,33.6537],[-82.8094,33.6509],[-82.8051,33.6475],[-82.7617,33.6226],[-82.757,33.6189],[-82.756,33.6163],[-82.7537,33.6184],[-82.7488,33.6183],[-82.7453,33.6113],[-82.7386,33.6146],[-82.7357,33.6126],[-82.7272,33.6141],[-82.7244,33.6128],[-82.7193,33.6152],[-82.7174,33.6137],[-82.7181,33.6097],[-82.7171,33.607],[-82.7084,33.6118],[-82.71,33.6128],[-82.7081,33.6136],[-82.7076,33.6178],[-82.7023,33.6143],[-82.7009,33.6149],[-82.7014,33.6181],[-82.6977,33.6183],[-82.6959,33.6171],[-82.6923,33.62],[-82.6923,33.6176],[-82.6888,33.615],[-82.6895,33.6117],[-82.6879,33.6027],[-82.686,33.604],[-82.6827,33.6005],[-82.68,33.5998]]]}},{"type":"Feature","properties":{"leaid":"1304770","name":"Tattnall County School District","kind":"Unified","gradeLow":"PK","gradeHigh":"12","state":"GA"},"geometry":{"type":"Polygon","coordinates":[[[-82.0253,32.2789],[-81.9957,32.1462],[-81.98,32.0815],[-81.8891,32.0504],[-81.8575,32.0498],[-81.8463,32.0392],[-81.8513,32.0211],[-81.8501,32.0111],[-81.8517,32.001],[-81.8595,31.9916],[-81.8592,31.9863],[-81.868,31.9808],[-81.8698,31.9779],[-81.8686,31.9736],[-81.87,31.9716],[-81.8761,31.9684],[-81.8768,31.9622],[-81.8845,31.9561],[-81.8896,31.949],[-81.8892,31.9471],[-81.8829,31.9412],[-81.8836,31.9355],[-81.8819,31.932],[-81.883,31.9214],[-81.882,31.9182],[-81.885,31.9128],[-81.8916,31.9081],[-81.8949,31.9031],[-81.8925,31.895],[-81.8948,31.8922],[-81.8992,31.8919],[-81.9027,31.8883],[-81.9064,31.8876],[-81.9093,31.8886],[-81.9125,31.887],[-81.9149,31.8821],[-81.9145,31.8804],[-81.9187,31.8761],[-81.9201,31.871],[-81.9205,31.8675],[-81.9185,31.8653],[-81.9184,31.8622],[-81.9218,31.8569],[-81.9223,31.8515],[-81.9304,31.8478],[-81.9335,31.8421],[-81.9404,31.8406],[-81.9421,31.837],[-81.945,31.8357],[-81.9449,31.8329],[-81.951,31.8256],[-81.9506,31.822],[-81.9525,31.8204],[-81.9518,31.8169],[-81.9531,31.8148],[-81.9522,31.8147],[-81.9551,31.8099],[-81.9564,31.8087],[-81.9614,31.8093],[-81.9636,31.8078],[-81.9665,31.8087],[-81.9717,31.8047],[-81.9799,31.8045],[-81.9798,31.8012],[-81.9816,31.7999],[-81.981,31.7914],[-81.9744,31.7876],[-81.972,31.7898],[-81.9691,31.7893],[-81.9713,31.7881],[-81.973,31.7837],[-81.976,31.7826],[-81.9829,31.7849],[-81.9986,31.7941],[-81.9993,31.7954],[-81.9955,31.7977],[-81.9971,31.8004],[-81.9996,31.8012],[-82.0042,31.7996],[-82.0068,31.8],[-82.0067,31.8077],[-82.0132,31.8121],[-82.0146,31.8218],[-82.0164,31.8237],[-82.0211,31.8237],[-82.0221,31.8174],[-82.0261,31.8151],[-82.0283,31.8155],[-82.0335,31.8204],[-82.0415,31.8204],[-82.0444,31.8219],[-82.0488,31.8274],[-82.0586,31.8324],[-82.0661,31.8382],[-82.0813,31.8428],[-82.0845,31.8479],[-82.094,31.8534],[-82.0983,31.8584],[-82.1063,31.8633],[-82.1155,31.8628],[-82.117,31.8654],[-82.1164,31.8663],[-82.1096,31.8703],[-82.1098,31.878],[-82.1078,31.8837],[-82.112,31.8913],[-82.1102,31.8979],[-82.1118,31.9005],[-82.1139,31.9012],[-82.1166,31.8997],[-82.1154,31.8888],[-82.1174,31.8866],[-82.1204,31.8861],[-82.1255,31.8897],[-82.1334,31.8904],[-82.1357,31.892],[-82.1365,31.8945],[-82.1312,31.9027],[-82.1317,31.9058],[-82.1342,31.908],[-82.1399,31.9057],[-82.1428,31.8993],[-82.1451,31.8981],[-82.1486,31.8988],[-82.1554,31.9031],[-82.16,31.904],[-82.1913,31.9005],[-82.1922,31.9018],[-82.1906,31.9045],[-82.192,31.9065],[-82.2013,31.9063],[-82.2066,31.9103],[-82.2185,31.9095],[-82.2211,31.9128],[-82.225,31.9131],[-82.2044,32.0768],[-82.1948,32.1341],[-82.193,32.1364],[-82.1953,32.1409],[-82.1892,32.1461],[-82.189,32.1507],[-82.1875,32.1499],[-82.1849,32.1545],[-82.1869,32.1557],[-82.1828,32.1603],[-82.1843,32.1638],[-82.1819,32.1661],[-82.1861,32.1672],[-82.1838,32.1696],[-82.1857,32.171],[-82.1846,32.1733],[-82.1864,32.177],[-82.1842,32.18],[-82.1873,32.1832],[-82.1885,32.1893],[-82.1904,32.1896],[-82.1921,32.1946],[-82.1949,32.1963],[-82.1944,32.1996],[-82.1968,32.2039],[-82.1961,32.205],[-82.1991,32.2042],[-82.2014,32.2059],[-82.2012,32.2076],[-82.2049,32.2097],[-82.2046,32.2113],[-82.2062,32.2113],[-82.2079,32.2158],[-82.2063,32.2178],[-82.2072,32.2208],[-82.209,32.2218],[-82.211,32.2245],[-82.2108,32.2266],[-82.2137,32.2293],[-82.2118,32.2331],[-82.213,32.2347],[-82.2105,32.2347],[-82.2111,32.2376],[-82.2098,32.2391],[-82.2108,32.2399],[-82.2117,32.2388],[-82.2128,32.2414],[-82.2112,32.2442],[-82.2119,32.2469],[-82.2147,32.2494],[-82.2163,32.2487],[-82.2151,32.2529],[-82.2179,32.2554],[-82.2174,32.2568],[-82.2191,32.2572],[-82.2174,32.2586],[-82.2194,32.259],[-82.2187,32.2602],[-82.2202,32.2608],[-82.2198,32.2622],[-82.2223,32.262],[-82.2214,32.2715],[-82.2245,32.276],[-82.2264,32.2769],[-82.2259,32.2783],[-82.2279,32.278],[-82.2272,32.2812],[-82.2281,32.2838],[-82.2295,32.2839],[-82.2275,32.2872],[-82.2288,32.2906],[-82.2273,32.2929],[-82.2283,32.3009],[-82.229,32.3041],[-82.2307,32.3061],[-82.2323,32.3061],[-82.2307,32.3073],[-82.2323,32.3078],[-82.2315,32.3089],[-82.2334,32.3101],[-82.235,32.3142],[-82.2341,32.3174],[-82.2327,32.3189],[-82.0253,32.2789]]]}},{"type":"Feature","properties":{"leaid":"1304800","name":"Taylor County School District","kind":"Unified","gradeLow":"PK","gradeHigh":"12","state":"GA"},"geometry":{"type":"MultiPolygon","coordinates":[[[[-84.3632,32.3976],[-84.3629,32.3894],[-84.3727,32.3893],[-84.3728,32.3975],[-84.3632,32.3976]]],[[[-84.0533,32.522],[-84.0085,32.5218],[-84.0095,32.5192],[-84.0088,32.5159],[-84.0153,32.5137],[-84.0163,32.51],[-84.0136,32.5107],[-84.0139,32.5092],[-84.0178,32.5071],[-84.0183,32.5053],[-84.0223,32.5056],[-84.022,32.5041],[-84.0187,32.5039],[-84.0199,32.5014],[-84.0193,32.4994],[-84.0176,32.4993],[-84.0173,32.4971],[-84.0341,32.4974],[-84.0343,32.5135],[-84.0536,32.5133],[-84.0533,32.522]]],[[[-84.0533,32.522],[-84.0722,32.5219],[-84.0723,32.5142],[-84.1112,32.5141],[-84.1113,32.5057],[-84.1223,32.5059],[-84.1979,32.4009],[-84.2315,32.4002],[-84.2368,32.4013],[-84.2398,32.3991],[-84.2428,32.401],[-84.2484,32.4006],[-84.2543,32.3956],[-84.2546,32.3721],[-84.3238,32.3725],[-84.3233,32.3979],[-84.3437,32.3978],[-84.3435,32.3849],[-84.3531,32.3851],[-84.3532,32.3978],[-84.3632,32.3976],[-84.3624,32.428],[-84.3818,32.428],[-84.3821,32.4142],[-84.3923,32.414],[-84.3921,32.4353],[-84.4009,32.4355],[-84.4011,32.4408],[-84.4031,32.4435],[-84.4061,32.4453],[-84.4086,32.4439],[-84.4078,32.4853],[-84.4244,32.4851],[-84.4239,32.4932],[-84.4336,32.4932],[-84.4335,32.5187],[-84.443,32.5185],[-84.4433,32.5342],[-84.4532,32.5343],[-84.4532,32.5424],[-84.4436,32.5422],[-84.4444,32.5621],[-84.4089,32.5619],[-84.4084,32.6105],[-84.4025,32.6137],[-84.4007,32.6135],[-84.3992,32.6159],[-84.3912,32.6193],[-84.3904,32.6225],[-84.3784,32.6318],[-84.3746,32.6374],[-84.3709,32.6479],[-84.3738,32.6468],[-84.3642,32.6794],[-84.3389,32.679],[-84.3379,32.7206],[-84.3223,32.7212],[-84.321,32.7231],[-84.3143,32.7255],[-84.3041,32.7337],[-84.2934,32.734],[-84.2887,32.7362],[-84.2889,32.7428],[-84.2874,32.7473],[-84.2862,32.7476],[-84.2843,32.7445],[-84.2627,32.7393],[-84.2615,32.7355],[-84.2568,32.7293],[-84.2563,32.726],[-84.2575,32.7243],[-84.2555,32.7224],[-84.2537,32.7222],[-84.2547,32.7253],[-84.2528,32.7274],[-84.2457,32.7309],[-84.2405,32.738],[-84.2371,32.7387],[-84.233,32.7364],[-84.2292,32.7323],[-84.2346,32.7271],[-84.2363,32.721],[-84.2313,32.7224],[-84.2194,32.7203],[-84.2114,32.7013],[-84.2096,32.6996],[-84.2067,32.6996],[-84.2034,32.6978],[-84.2026,32.69],[-84.1955,32.6833],[-84.1931,32.6836],[-84.1851,32.6798],[-84.1755,32.6778],[-84.1643,32.6777],[-84.154,32.679],[-84.1471,32.6846],[-84.1435,32.6854],[-84.1394,32.6843],[-84.1399,32.6791],[-84.1341,32.6757],[-84.1282,32.6744],[-84.1244,32.6767],[-84.1167,32.6775],[-84.1153,32.6835],[-84.1074,32.6852],[-84.1051,32.6847],[-84.104,32.6811],[-84.105,32.6734],[-84.0978,32.6684],[-84.0955,32.6624],[-84.0782,32.6472],[-84.0737,32.6397],[-84.0743,32.6359],[-84.0685,32.6372],[-84.0657,32.64],[-84.0608,32.6346],[-84.0589,32.6347],[-84.0579,32.6368],[-84.0565,32.6363],[-84.0585,32.6335],[-84.0583,32.6303],[-84.0627,32.6305],[-84.0628,32.6265],[-84.0686,32.628],[-84.0731,32.6264],[-84.0741,32.6243],[-84.0698,32.6236],[-84.072,32.62],[-84.072,32.6174],[-84.066,32.6102],[-84.0679,32.6077],[-84.0662,32.6037],[-84.0713,32.5983],[-84.0706,32.594],[-84.0676,32.5903],[-84.0652,32.5895],[-84.0634,32.5915],[-84.0627,32.5907],[-84.063,32.5876],[-84.0665,32.5859],[-84.0639,32.5837],[-84.0651,32.5813],[-84.0621,32.5802],[-84.0621,32.5775],[-84.058,32.578],[-84.0566,32.5755],[-84.0532,32.5769],[-84.0541,32.5732],[-84.0509,32.5751],[-84.0488,32.5746],[-84.0508,32.5707],[-84.053,32.5703],[-84.0512,32.5685],[-84.0527,32.5671],[-84.0505,32.5652],[-84.0491,32.5678],[-84.0463,32.5675],[-84.0448,32.5616],[-84.0459,32.5576],[-84.0444,32.5554],[-84.0405,32.5577],[-84.0378,32.5569],[-84.0354,32.5585],[-84.0348,32.5546],[-84.0301,32.5559],[-84.0261,32.5505],[-84.0267,32.5479],[-84.0223,32.5472],[-84.0219,32.545],[-84.0203,32.5464],[-84.0213,32.5485],[-84.0198,32.5498],[-84.0205,32.5516],[-84.016,32.5503],[-84.0147,32.5482],[-84.0176,32.5466],[-84.0139,32.5426],[-84.013,32.5377],[-84.0089,32.5386],[-84.0089,32.5366],[-84.0079,32.5365],[-84.0079,32.5396],[-84.0067,32.5398],[-84.0044,32.5351],[-84.0055,32.5337],[-84.002,32.5325],[-84.0034,32.5299],[-84.053,32.5306],[-84.0533,32.522]]]]}},{"type":"Feature","properties":{"leaid":"1304860","name":"Terrell County School District","kind":"Unified","gradeLow":"PK","gradeHigh":"12","state":"GA"},"geometry":{"type":"Polygon","coordinates":[[[-84.3405,31.8728],[-84.3323,31.8742],[-84.3286,31.872],[-84.3271,31.873],[-84.3252,31.871],[-84.3191,31.8708],[-84.315,31.8681],[-84.3116,31.8687],[-84.3104,31.8702],[-84.3091,31.8683],[-84.3057,31.8689],[-84.3005,31.867],[-84.3002,31.8679],[-84.2948,31.8643],[-84.2934,31.8651],[-84.2943,31.8643],[-84.2926,31.8624],[-84.2932,31.8598],[-84.2909,31.86],[-84.29,31.857],[-84.2876,31.857],[-84.2867,31.8551],[-84.2847,31.8554],[-84.2816,31.8512],[-84.2767,31.8504],[-84.2775,31.8417],[-84.2735,31.8412],[-84.274,31.8403],[-84.2715,31.8392],[-84.273,31.8377],[-84.2652,31.8343],[-84.2626,31.8287],[-84.2596,31.8279],[-84.2604,31.8256],[-84.2618,31.8258],[-84.2638,31.8237],[-84.2634,31.8215],[-84.262,31.8218],[-84.2629,31.8209],[-84.2617,31.8196],[-84.2638,31.8185],[-84.2618,31.8172],[-84.263,31.8159],[-84.2619,31.815],[-84.2645,31.8124],[-84.2629,31.8105],[-84.2635,31.8083],[-84.2616,31.8078],[-84.2625,31.807],[-84.2599,31.8038],[-84.2628,31.799],[-84.2618,31.7977],[-84.263,31.7971],[-84.2603,31.7946],[-84.2612,31.7913],[-84.2583,31.7909],[-84.2865,31.7912],[-84.2872,31.7502],[-84.2937,31.7498],[-84.2954,31.6981],[-84.3049,31.6982],[-84.3052,31.6911],[-84.2956,31.691],[-84.2978,31.622],[-84.5469,31.6212],[-84.5446,31.6233],[-84.5453,31.6265],[-84.5437,31.6265],[-84.542,31.6346],[-84.5386,31.638],[-84.5399,31.6401],[-84.5361,31.6461],[-84.5388,31.6564],[-84.5373,31.6602],[-84.5398,31.6631],[-84.5402,31.6661],[-84.5379,31.6677],[-84.5383,31.6732],[-84.5374,31.6738],[-84.5387,31.6742],[-84.5352,31.6766],[-84.5351,31.679],[-84.5378,31.686],[-84.5406,31.6889],[-84.5403,31.6926],[-84.5447,31.6973],[-84.544,31.6982],[-84.5473,31.7045],[-84.5469,31.7099],[-84.5479,31.7107],[-84.5469,31.7124],[-84.5514,31.7171],[-84.5519,31.719],[-84.555,31.7211],[-84.5548,31.7231],[-84.5569,31.7254],[-84.5557,31.7275],[-84.5609,31.7328],[-84.5604,31.7343],[-84.5619,31.7345],[-84.5616,31.7365],[-84.5625,31.7365],[-84.5622,31.7387],[-84.5639,31.7416],[-84.5629,31.7455],[-84.5658,31.7491],[-84.5649,31.7513],[-84.5703,31.7569],[-84.5694,31.7576],[-84.5703,31.7607],[-84.5684,31.7634],[-84.5666,31.7639],[-84.5668,31.7653],[-84.5655,31.7654],[-84.5632,31.7706],[-84.6031,31.772],[-84.5998,31.9202],[-84.4533,31.9192],[-84.4531,31.9263],[-84.4452,31.9261],[-84.4437,31.9675],[-84.4431,31.9655],[-84.4414,31.9652],[-84.4404,31.9596],[-84.437,31.9598],[-84.4349,31.9544],[-84.4324,31.954],[-84.432,31.9515],[-84.4295,31.9518],[-84.4283,31.9494],[-84.4218,31.9456],[-84.421,31.9429],[-84.4116,31.9365],[-84.4095,31.9363],[-84.4088,31.9378],[-84.4032,31.9349],[-84.4009,31.9306],[-84.3985,31.9291],[-84.3978,31.9253],[-84.3834,31.9169],[-84.3811,31.914],[-84.3812,31.9115],[-84.3795,31.911],[-84.3803,31.9081],[-84.3767,31.9062],[-84.3743,31.9014],[-84.3693,31.8985],[-84.3689,31.8969],[-84.3647,31.8958],[-84.3643,31.8932],[-84.3593,31.889],[-84.3579,31.8854],[-84.354,31.8848],[-84.3516,31.8809],[-84.3489,31.882],[-84.3473,31.8777],[-84.345,31.8771],[-84.3435,31.8745],[-84.3405,31.8728]],[[-84.3052,31.6911],[-84.3143,31.6912],[-84.3146,31.6832],[-84.3055,31.6832],[-84.3052,31.6911]]]}},{"type":"Feature","properties":{"leaid":"1304890","name":"Thomas County School District","kind":"Unified","gradeLow":"PK","gradeHigh":"12","state":"GA"},"geometry":{"type":"Polygon","coordinates":[[[-84.0036,31.0773],[-84.0039,31.0416],[-83.7957,31.0387],[-83.7961,31.026],[-83.7931,31.026],[-83.7811,31.0258],[-83.7808,31.0385],[-83.7362,31.0377],[-83.7408,30.8181],[-83.7392,30.7869],[-83.739,30.742],[-83.7423,30.742],[-83.7437,30.6584],[-84.0838,30.6758],[-84.0811,30.8364],[-84.0798,30.8379],[-84.081,30.8399],[-84.0795,30.8441],[-84.0826,30.8541],[-84.0758,30.8605],[-84.0729,30.8652],[-84.0761,30.8719],[-84.079,30.8728],[-84.0806,30.8756],[-84.0795,30.8782],[-84.0802,30.8793],[-84.0788,30.8808],[-84.0795,30.8811],[-84.0771,30.8822],[-84.0776,30.8838],[-84.0763,30.8842],[-84.0757,30.8864],[-84.0773,30.8904],[-84.0762,30.8919],[-84.0784,30.8944],[-84.0765,30.8985],[-84.0773,30.9022],[-84.0758,30.9119],[-84.077,30.9156],[-84.083,30.9192],[-84.0903,30.9295],[-84.0985,30.9363],[-84.0987,30.9391],[-84.1083,30.9511],[-84.1077,30.9522],[-84.1104,30.9554],[-84.1127,30.9636],[-84.1186,30.9697],[-84.1188,30.9715],[-84.1164,30.9736],[-84.1167,30.9769],[-84.1191,30.981],[-84.1192,30.9895],[-84.1166,31.078],[-84.0036,31.0773]],[[-83.9481,30.8598],[-83.9513,30.8645],[-83.9532,30.8645],[-83.953,30.8616],[-83.9481,30.8598]],[[-83.9481,30.8598],[-83.9502,30.8584],[-83.9487,30.8569],[-83.9532,30.8562],[-83.9532,30.8599],[-83.9546,30.8615],[-83.9582,30.8617],[-83.9587,30.8631],[-83.9587,30.8617],[-83.9623,30.8618],[-83.9647,30.8678],[-83.9689,30.8662],[-83.9683,30.8749],[-83.9748,30.875],[-83.9749,30.8739],[-83.9769,30.874],[-83.9769,30.8716],[-83.9738,30.8722],[-83.9738,30.8705],[-83.9711,30.8704],[-83.9712,30.869],[-83.9698,30.8704],[-83.9699,30.8661],[-83.9762,30.8662],[-83.9769,30.8683],[-83.9922,30.871],[-83.9986,30.8669],[-83.9982,30.8661],[-84.0072,30.866],[-84.0127,30.8584],[-84.0113,30.8535],[-84.0153,30.8475],[-84.0098,30.8379],[-84.0116,30.828],[-84.0132,30.8272],[-84.0076,30.8203],[-84.0112,30.8152],[-84.0065,30.8134],[-84.0112,30.8087],[-84.0131,30.8123],[-84.0163,30.8119],[-84.0142,30.8118],[-84.0142,30.81],[-84.0115,30.8081],[-84.0074,30.8113],[-84.005,30.8136],[-84.0097,30.8155],[-84.0063,30.8204],[-84.0008,30.8171],[-83.9978,30.8134],[-83.9861,30.8126],[-83.9848,30.8081],[-83.981,30.8078],[-83.9804,30.8114],[-83.9751,30.8122],[-83.9751,30.8095],[-83.9742,30.8096],[-83.9742,30.8124],[-83.965,30.814],[-83.9634,30.8121],[-83.9617,30.8129],[-83.963,30.8115],[-83.9607,30.8089],[-83.9594,30.8097],[-83.9615,30.8112],[-83.9602,30.8123],[-83.9596,30.8112],[-83.9588,30.8119],[-83.9593,30.8101],[-83.9584,30.8117],[-83.9588,30.81],[-83.9574,30.8108],[-83.9542,30.8094],[-83.9564,30.8115],[-83.9553,30.812],[-83.9544,30.8109],[-83.9536,30.8114],[-83.9546,30.8124],[-83.9519,30.8138],[-83.9521,30.8118],[-83.9505,30.8137],[-83.9492,30.8111],[-83.9501,30.8092],[-83.9481,30.8091],[-83.9481,30.8109],[-83.9511,30.8146],[-83.9481,30.816],[-83.9483,30.8142],[-83.947,30.8141],[-83.9481,30.8124],[-83.9422,30.8092],[-83.9422,30.8064],[-83.9373,30.8058],[-83.9382,30.8086],[-83.9401,30.8086],[-83.9408,30.8102],[-83.9386,30.8102],[-83.9397,30.814],[-83.9403,30.8115],[-83.9441,30.8137],[-83.9424,30.8158],[-83.9411,30.815],[-83.9405,30.8167],[-83.9427,30.8181],[-83.9442,30.8155],[-83.9459,30.8166],[-83.9455,30.8176],[-83.948,30.8178],[-83.9471,30.828],[-83.9478,30.8346],[-83.946,30.834],[-83.9468,30.8369],[-83.9446,30.8354],[-83.9443,30.8396],[-83.9422,30.84],[-83.9444,30.8403],[-83.9448,30.8429],[-83.9477,30.8435],[-83.9476,30.846],[-83.9461,30.8462],[-83.9474,30.8468],[-83.9452,30.848],[-83.9465,30.8558],[-83.9447,30.8537],[-83.9426,30.8542],[-83.94,30.8584],[-83.941,30.8587],[-83.9399,30.8613],[-83.9365,30.8612],[-83.9364,30.8639],[-83.9429,30.8643],[-83.9481,30.8598]],[[-83.9437,30.8379],[-83.9421,30.8393],[-83.9438,30.839],[-83.9437,30.8379]],[[-83.9441,30.841],[-83.9431,30.8416],[-83.9441,30.8413],[-83.9441,30.841]],[[-83.9451,30.8515],[-83.9434,30.8529],[-83.9434,30.8539],[-83.9451,30.8515]],[[-83.9445,30.8462],[-83.9439,30.8468],[-83.9446,30.8468],[-83.9445,30.8462]],[[-83.9473,30.8692],[-83.9471,30.8741],[-83.9529,30.8742],[-83.9525,30.8688],[-83.9473,30.8692]],[[-83.9534,30.8695],[-83.9527,30.8677],[-83.9518,30.8677],[-83.9518,30.8682],[-83.9534,30.8695]],[[-83.954,30.8673],[-83.9536,30.8684],[-83.9541,30.8684],[-83.954,30.8673]],[[-83.9562,30.8684],[-83.954,30.869],[-83.9554,30.8713],[-83.9563,30.8705],[-83.9562,30.8684]],[[-83.9565,30.8703],[-83.9552,30.8718],[-83.9565,30.8739],[-83.9565,30.8703]],[[-83.9878,30.8004],[-83.9857,30.8055],[-83.9912,30.8057],[-83.9985,30.8021],[-83.9941,30.7944],[-83.992,30.7937],[-83.989,30.7987],[-83.9911,30.7997],[-83.9896,30.8013],[-83.9878,30.8004]]]}},{"type":"Feature","properties":{"leaid":"1304950","name":"Thomasville City School District","kind":"Unified","gradeLow":"PK","gradeHigh":"12","state":"GA"},"geometry":{"type":"MultiPolygon","coordinates":[[[[-83.9857,30.8055],[-83.9878,30.8004],[-83.9896,30.8013],[-83.9911,30.7997],[-83.989,30.7987],[-83.992,30.7937],[-83.9941,30.7944],[-83.9985,30.8021],[-83.9912,30.8057],[-83.9857,30.8055]]],[[[-83.9421,30.8393],[-83.9437,30.8379],[-83.9438,30.839],[-83.9421,30.8393]]],[[[-83.9431,30.8416],[-83.9441,30.841],[-83.9441,30.8413],[-83.9431,30.8416]]],[[[-83.9439,30.8468],[-83.9445,30.8462],[-83.9446,30.8468],[-83.9439,30.8468]]],[[[-83.9434,30.8529],[-83.9451,30.8515],[-83.9434,30.8539],[-83.9434,30.8529]]],[[[-83.9481,30.8598],[-83.953,30.8616],[-83.9532,30.8645],[-83.9513,30.8645],[-83.9481,30.8598]]],[[[-83.9536,30.8684],[-83.954,30.8673],[-83.9541,30.8684],[-83.9536,30.8684]]],[[[-83.9534,30.8695],[-83.9518,30.8682],[-83.9518,30.8677],[-83.9527,30.8677],[-83.9534,30.8695]]],[[[-83.9562,30.8684],[-83.9563,30.8705],[-83.9554,30.8713],[-83.954,30.869],[-83.9562,30.8684]]],[[[-83.9552,30.8718],[-83.9565,30.8703],[-83.9565,30.8739],[-83.9552,30.8718]]],[[[-83.9471,30.8741],[-83.9473,30.8692],[-83.9525,30.8688],[-83.9529,30.8742],[-83.9471,30.8741]]],[[[-83.9481,30.8598],[-83.9429,30.8643],[-83.9364,30.8639],[-83.9365,30.8612],[-83.9399,30.8613],[-83.941,30.8587],[-83.94,30.8584],[-83.9426,30.8542],[-83.9447,30.8537],[-83.9465,30.8558],[-83.9452,30.848],[-83.9474,30.8468],[-83.9461,30.8462],[-83.9476,30.846],[-83.9477,30.8435],[-83.9448,30.8429],[-83.9444,30.8403],[-83.9422,30.84],[-83.9443,30.8396],[-83.9446,30.8354],[-83.9468,30.8369],[-83.946,30.834],[-83.9478,30.8346],[-83.9471,30.828],[-83.948,30.8178],[-83.9455,30.8176],[-83.9459,30.8166],[-83.9442,30.8155],[-83.9427,30.8181],[-83.9405,30.8167],[-83.9411,30.815],[-83.9424,30.8158],[-83.9441,30.8137],[-83.9403,30.8115],[-83.9397,30.814],[-83.9386,30.8102],[-83.9408,30.8102],[-83.9401,30.8086],[-83.9382,30.8086],[-83.9373,30.8058],[-83.9422,30.8064],[-83.9422,30.8092],[-83.9481,30.8124],[-83.947,30.8141],[-83.9483,30.8142],[-83.9481,30.816],[-83.9511,30.8146],[-83.9481,30.8109],[-83.9481,30.8091],[-83.9501,30.8092],[-83.9492,30.8111],[-83.9505,30.8137],[-83.9521,30.8118],[-83.9519,30.8138],[-83.9546,30.8124],[-83.9536,30.8114],[-83.9544,30.8109],[-83.9553,30.812],[-83.9564,30.8115],[-83.9542,30.8094],[-83.9574,30.8108],[-83.9588,30.81],[-83.9584,30.8117],[-83.9593,30.8101],[-83.9588,30.8119],[-83.9596,30.8112],[-83.9602,30.8123],[-83.9615,30.8112],[-83.9594,30.8097],[-83.9607,30.8089],[-83.963,30.8115],[-83.9617,30.8129],[-83.9634,30.8121],[-83.965,30.814],[-83.9742,30.8124],[-83.9742,30.8096],[-83.9751,30.8095],[-83.9751,30.8122],[-83.9804,30.8114],[-83.981,30.8078],[-83.9848,30.8081],[-83.9861,30.8126],[-83.9978,30.8134],[-84.0008,30.8171],[-84.0063,30.8204],[-84.0097,30.8155],[-84.005,30.8136],[-84.0074,30.8113],[-84.0115,30.8081],[-84.0142,30.81],[-84.0142,30.8118],[-84.0163,30.8119],[-84.0131,30.8123],[-84.0112,30.8087],[-84.0065,30.8134],[-84.0112,30.8152],[-84.0076,30.8203],[-84.0132,30.8272],[-84.0116,30.828],[-84.0098,30.8379],[-84.0153,30.8475],[-84.0113,30.8535],[-84.0127,30.8584],[-84.0072,30.866],[-83.9982,30.8661],[-83.9986,30.8669],[-83.9922,30.871],[-83.9769,30.8683],[-83.9762,30.8662],[-83.9699,30.8661],[-83.9698,30.8704],[-83.9712,30.869],[-83.9711,30.8704],[-83.9738,30.8705],[-83.9738,30.8722],[-83.9769,30.8716],[-83.9769,30.874],[-83.9749,30.8739],[-83.9748,30.875],[-83.9683,30.8749],[-83.9689,30.8662],[-83.9647,30.8678],[-83.9623,30.8618],[-83.9587,30.8617],[-83.9587,30.8631],[-83.9582,30.8617],[-83.9546,30.8615],[-83.9532,30.8599],[-83.9532,30.8562],[-83.9487,30.8569],[-83.9502,30.8584],[-83.9481,30.8598]]]]}},{"type":"Feature","properties":{"leaid":"1304980","name":"Tift County School District","kind":"Unified","gradeLow":"PK","gradeHigh":"12","state":"GA"},"geometry":{"type":"Polygon","coordinates":[[[-83.5007,31.594],[-83.501,31.5701],[-83.4708,31.5694],[-83.4709,31.556],[-83.4207,31.5536],[-83.4062,31.5428],[-83.4021,31.5341],[-83.3973,31.5316],[-83.3977,31.5286],[-83.3956,31.5246],[-83.3946,31.5181],[-83.392,31.5154],[-83.3894,31.5147],[-83.3862,31.5097],[-83.3861,31.5032],[-83.3836,31.4942],[-83.3842,31.4921],[-83.3817,31.4865],[-83.378,31.4847],[-83.3766,31.482],[-83.3728,31.4822],[-83.3706,31.4845],[-83.3641,31.4849],[-83.3487,31.4767],[-83.3387,31.476],[-83.3392,31.4651],[-83.3695,31.4651],[-83.3709,31.4011],[-83.3848,31.401],[-83.385,31.3888],[-83.3995,31.3893],[-83.3999,31.3764],[-83.4152,31.3759],[-83.4153,31.3632],[-83.4299,31.3639],[-83.4302,31.3507],[-83.4449,31.3496],[-83.4455,31.336],[-83.4604,31.3331],[-83.4606,31.3263],[-83.6541,31.3307],[-83.6518,31.4339],[-83.6667,31.4342],[-83.6664,31.4525],[-83.6658,31.4851],[-83.6506,31.4847],[-83.649,31.5965],[-83.6188,31.5963],[-83.6047,31.5979],[-83.5888,31.5952],[-83.5748,31.5968],[-83.5007,31.594]]]}},{"type":"Feature","properties":{"leaid":"1305040","name":"Toombs County School District","kind":"Unified","gradeLow":"PK","gradeHigh":"12","state":"GA"},"geometry":{"type":"MultiPolygon","coordinates":[[[[-82.3538,32.1953],[-82.3547,32.1949],[-82.3555,32.1959],[-82.3545,32.1962],[-82.3538,32.1953]]],[[[-82.4417,32.2051],[-82.4436,32.204],[-82.443,32.2074],[-82.4417,32.2051]]],[[[-82.4091,32.3538],[-82.4047,32.3525],[-82.4033,32.3531],[-82.401,32.3515],[-82.3988,32.3448],[-82.3928,32.3355],[-82.3845,32.3377],[-82.3789,32.3369],[-82.3752,32.332],[-82.366,32.3249],[-82.3658,32.3228],[-82.3588,32.3186],[-82.3555,32.3103],[-82.3545,32.2922],[-82.3461,32.2919],[-82.3286,32.2945],[-82.3231,32.2934],[-82.2798,32.2942],[-82.2328,32.3188],[-82.235,32.3142],[-82.2334,32.3101],[-82.2315,32.3089],[-82.2323,32.3078],[-82.2307,32.3073],[-82.2323,32.3061],[-82.2307,32.3061],[-82.2286,32.3027],[-82.2273,32.2929],[-82.2288,32.2906],[-82.2275,32.2872],[-82.2295,32.2839],[-82.2281,32.2838],[-82.2272,32.2812],[-82.2279,32.2781],[-82.2259,32.2783],[-82.2264,32.2769],[-82.2245,32.276],[-82.2214,32.2715],[-82.2223,32.262],[-82.2198,32.2622],[-82.2202,32.2608],[-82.2187,32.2602],[-82.2194,32.259],[-82.2174,32.2586],[-82.2191,32.2572],[-82.2174,32.2568],[-82.2179,32.2554],[-82.2151,32.2529],[-82.2163,32.2487],[-82.2147,32.2494],[-82.2119,32.2469],[-82.2112,32.2442],[-82.2128,32.2414],[-82.2117,32.2388],[-82.2108,32.2399],[-82.2098,32.2391],[-82.2111,32.2376],[-82.2105,32.2347],[-82.213,32.2347],[-82.2118,32.2331],[-82.2137,32.2294],[-82.2108,32.2266],[-82.211,32.2245],[-82.209,32.2218],[-82.2072,32.2208],[-82.2063,32.2178],[-82.2079,32.2158],[-82.2062,32.2113],[-82.2046,32.2113],[-82.2049,32.2097],[-82.2012,32.2076],[-82.2014,32.2059],[-82.1991,32.2042],[-82.1961,32.205],[-82.1968,32.2039],[-82.1944,32.1996],[-82.1949,32.1963],[-82.1921,32.1946],[-82.1904,32.1896],[-82.1885,32.1893],[-82.1873,32.1832],[-82.1842,32.18],[-82.1864,32.177],[-82.1846,32.1733],[-82.1857,32.171],[-82.1838,32.1696],[-82.1861,32.1672],[-82.1819,32.1661],[-82.1843,32.1638],[-82.1828,32.1603],[-82.1869,32.1557],[-82.1849,32.1545],[-82.1875,32.1499],[-82.189,32.1507],[-82.1892,32.1461],[-82.1953,32.1409],[-82.193,32.1364],[-82.1948,32.1341],[-82.2044,32.0768],[-82.225,31.9131],[-82.2309,31.9124],[-82.2328,31.9189],[-82.2363,31.9205],[-82.2382,31.9201],[-82.2429,31.9151],[-82.2468,31.9151],[-82.249,31.9219],[-82.2546,31.9275],[-82.256,31.9321],[-82.2597,31.9324],[-82.2632,31.928],[-82.2668,31.9284],[-82.2703,31.9359],[-82.2776,31.9371],[-82.2864,31.9424],[-82.2916,31.9424],[-82.2981,31.934],[-82.3011,31.9333],[-82.3028,31.9339],[-82.3039,31.9372],[-82.306,31.9387],[-82.3095,31.9465],[-82.3139,31.9471],[-82.3161,31.9452],[-82.3153,31.9428],[-82.3122,31.9394],[-82.3077,31.9373],[-82.3089,31.9327],[-82.3145,31.9308],[-82.3233,31.9345],[-82.358,31.9397],[-82.3623,31.9437],[-82.3724,31.9415],[-82.3776,31.9419],[-82.3784,31.946],[-82.3721,31.9512],[-82.3715,31.9535],[-82.3795,31.955],[-82.3845,31.96],[-82.3876,31.9597],[-82.389,31.9578],[-82.3854,31.9514],[-82.3871,31.9482],[-82.3908,31.9493],[-82.3932,31.9556],[-82.4008,31.9603],[-82.4042,31.9585],[-82.4018,31.9525],[-82.4035,31.9498],[-82.4055,31.9492],[-82.4081,31.9503],[-82.4084,31.9561],[-82.4302,31.966],[-82.4394,31.9678],[-82.4445,31.9675],[-82.4576,31.9638],[-82.478,31.9716],[-82.4831,31.969],[-82.4801,31.994],[-82.4736,32.0262],[-82.4595,32.1156],[-82.4438,32.2033],[-82.4415,32.2046],[-82.4376,32.1997],[-82.4386,32.1967],[-82.4407,32.1962],[-82.4397,32.1939],[-82.4423,32.1929],[-82.4417,32.1922],[-82.4331,32.1931],[-82.4325,32.1912],[-82.4291,32.1941],[-82.4267,32.1917],[-82.4253,32.1929],[-82.4173,32.1911],[-82.4152,32.1871],[-82.4101,32.183],[-82.4011,32.1873],[-82.4002,32.1845],[-82.3978,32.1839],[-82.3992,32.1853],[-82.3921,32.1859],[-82.3868,32.1894],[-82.3844,32.1879],[-82.3821,32.1839],[-82.3799,32.1849],[-82.3799,32.1807],[-82.3786,32.1808],[-82.3797,32.1774],[-82.3761,32.177],[-82.3752,32.1757],[-82.373,32.1784],[-82.3739,32.1839],[-82.3675,32.1859],[-82.3616,32.1828],[-82.3605,32.1839],[-82.3611,32.1875],[-82.3581,32.1877],[-82.3557,32.186],[-82.3565,32.1837],[-82.359,32.1844],[-82.3614,32.1812],[-82.3593,32.1783],[-82.3545,32.1786],[-82.3555,32.1804],[-82.3543,32.181],[-82.3533,32.1791],[-82.347,32.1816],[-82.3487,32.1827],[-82.3467,32.1844],[-82.3478,32.1859],[-82.3471,32.187],[-82.3492,32.1878],[-82.35,32.1917],[-82.3448,32.196],[-82.351,32.1975],[-82.3515,32.2018],[-82.3487,32.2096],[-82.351,32.2098],[-82.3541,32.2124],[-82.36,32.2125],[-82.3618,32.2087],[-82.3614,32.2103],[-82.378,32.2132],[-82.3777,32.2223],[-82.376,32.2265],[-82.3764,32.2311],[-82.3814,32.2323],[-82.3909,32.2418],[-82.4014,32.2464],[-82.4128,32.2477],[-82.4247,32.2455],[-82.4361,32.2387],[-82.4388,32.2397],[-82.4386,32.2412],[-82.4406,32.2413],[-82.439,32.2932],[-82.4091,32.3538]]]]}},{"type":"Feature","properties":{"leaid":"1305070","name":"Towns County School District","kind":"Unified","gradeLow":"PK","gradeHigh":"12","state":"GA"},"geometry":{"type":"Polygon","coordinates":[[[-83.5494,34.9924],[-83.5469,34.9465],[-83.5822,34.9428],[-83.6016,34.9383],[-83.602,34.9319],[-83.5995,34.9302],[-83.5997,34.9219],[-83.5932,34.9215],[-83.5938,34.9179],[-83.5971,34.9137],[-83.599,34.9128],[-83.6068,34.9141],[-83.6083,34.9129],[-83.6147,34.9142],[-83.6186,34.911],[-83.6184,34.9087],[-83.624,34.9105],[-83.6266,34.9101],[-83.63,34.906],[-83.628,34.8998],[-83.6299,34.8952],[-83.6356,34.8923],[-83.6377,34.893],[-83.6453,34.8914],[-83.6444,34.8887],[-83.6494,34.8833],[-83.6501,34.8809],[-83.6567,34.8786],[-83.6545,34.8754],[-83.6563,34.8726],[-83.6562,34.8675],[-83.6549,34.8656],[-83.6582,34.8565],[-83.6601,34.8552],[-83.6616,34.8474],[-83.6581,34.8317],[-83.6591,34.8303],[-83.6564,34.8255],[-83.6522,34.8229],[-83.6563,34.8186],[-83.6577,34.8143],[-83.6635,34.8108],[-83.6666,34.8069],[-83.6767,34.8043],[-83.6817,34.8008],[-83.6847,34.8015],[-83.6907,34.7995],[-83.6962,34.7935],[-83.7041,34.7913],[-83.7126,34.791],[-83.7233,34.7979],[-83.7426,34.8014],[-83.7803,34.7929],[-83.7806,34.8184],[-83.7848,34.8195],[-83.7899,34.8243],[-83.7946,34.8246],[-83.7963,34.8268],[-83.7949,34.8383],[-83.7912,34.8435],[-83.7991,34.8485],[-83.8012,34.8528],[-83.8094,34.8606],[-83.8087,34.8638],[-83.8118,34.8733],[-83.8087,34.8839],[-83.8089,34.8872],[-83.8054,34.8913],[-83.805,34.8959],[-83.8085,34.9042],[-83.8122,34.9088],[-83.8149,34.9094],[-83.8197,34.9138],[-83.8269,34.9109],[-83.8401,34.9096],[-83.8401,34.9064],[-83.8332,34.9062],[-83.833,34.8996],[-83.8565,34.8989],[-83.8565,34.9035],[-83.8652,34.9098],[-83.8664,34.9128],[-83.8658,34.9147],[-83.9148,34.9269],[-83.9181,34.929],[-83.9158,34.9365],[-83.9186,34.9403],[-83.9174,34.9419],[-83.9236,34.9471],[-83.9267,34.9555],[-83.9352,34.9611],[-83.9356,34.9652],[-83.9462,34.9708],[-83.9454,34.9723],[-83.9462,34.9729],[-83.9416,34.9756],[-83.9366,34.9823],[-83.9364,34.9876],[-83.6199,34.9867],[-83.6201,34.992],[-83.5494,34.9924]]]}},{"type":"Feature","properties":{"leaid":"1305100","name":"Treutlen County School District","kind":"Unified","gradeLow":"PK","gradeHigh":"12","state":"GA"},"geometry":{"type":"Polygon","coordinates":[[[-82.4091,32.3538],[-82.6491,32.3115],[-82.6497,32.3079],[-82.6524,32.3056],[-82.6534,32.3026],[-82.6558,32.3015],[-82.6555,32.2976],[-82.6567,32.2984],[-82.6576,32.3027],[-82.6592,32.3008],[-82.6614,32.3005],[-82.6687,32.3042],[-82.6676,32.3002],[-82.6646,32.2995],[-82.6632,32.2973],[-82.667,32.2948],[-82.673,32.2936],[-82.6772,32.2959],[-82.6938,32.2946],[-82.6984,32.296],[-82.7022,32.2988],[-82.7076,32.2981],[-82.7085,32.2996],[-82.705,32.3017],[-82.7109,32.3058],[-82.7129,32.31],[-82.715,32.3095],[-82.7134,32.306],[-82.7147,32.3053],[-82.7199,32.3059],[-82.7227,32.3108],[-82.7252,32.3087],[-82.73,32.3106],[-82.7303,32.3119],[-82.7251,32.3157],[-82.7288,32.3153],[-82.7357,32.3196],[-82.735,32.3211],[-82.7321,32.32],[-82.7309,32.32],[-82.7327,32.3206],[-82.7329,32.3239],[-82.7369,32.3226],[-82.7398,32.3271],[-82.7386,32.3294],[-82.7393,32.3307],[-82.7419,32.3306],[-82.7428,32.3267],[-82.7435,32.3288],[-82.7487,32.3292],[-82.745,32.3332],[-82.7417,32.3342],[-82.7455,32.3368],[-82.7442,32.3415],[-82.7423,32.3417],[-82.7423,32.3385],[-82.7393,32.3376],[-82.7371,32.338],[-82.7338,32.3421],[-82.7276,32.3556],[-82.7288,32.3568],[-82.7319,32.3567],[-82.731,32.3584],[-82.728,32.3598],[-82.7308,32.3627],[-82.7251,32.3621],[-82.7226,32.3644],[-82.7231,32.3704],[-82.717,32.3726],[-82.7205,32.3764],[-82.7152,32.3866],[-82.7161,32.3928],[-82.7124,32.3913],[-82.7074,32.3936],[-82.7055,32.3966],[-82.7024,32.3983],[-82.7011,32.4041],[-82.6976,32.4072],[-82.7001,32.4142],[-82.6972,32.4181],[-82.6997,32.4206],[-82.7002,32.4263],[-82.7016,32.428],[-82.7006,32.4299],[-82.7022,32.4316],[-82.6903,32.4438],[-82.6905,32.4456],[-82.6946,32.4504],[-82.694,32.4541],[-82.6899,32.4546],[-82.6886,32.4585],[-82.6856,32.4605],[-82.6803,32.4607],[-82.6765,32.4622],[-82.6748,32.4615],[-82.6728,32.4627],[-82.6699,32.4609],[-82.6659,32.4613],[-82.6632,32.4601],[-82.6486,32.4672],[-82.6469,32.4689],[-82.6409,32.4852],[-82.6331,32.491],[-82.6355,32.4961],[-82.6397,32.496],[-82.6477,32.4995],[-82.6528,32.5032],[-82.6542,32.5061],[-82.6571,32.5071],[-82.6477,32.5125],[-82.6378,32.5086],[-82.6186,32.505],[-82.586,32.5067],[-82.563,32.5057],[-82.5542,32.5005],[-82.5345,32.4972],[-82.5171,32.4996],[-82.5049,32.4979],[-82.4993,32.4983],[-82.494,32.4959],[-82.4905,32.4965],[-82.4889,32.4918],[-82.4828,32.4921],[-82.4753,32.4894],[-82.4739,32.4886],[-82.4745,32.4868],[-82.4715,32.4853],[-82.472,32.4837],[-82.4685,32.4826],[-82.464,32.4786],[-82.461,32.4783],[-82.4573,32.4753],[-82.4501,32.4747],[-82.4461,32.4704],[-82.4416,32.4708],[-82.4388,32.4686],[-82.431,32.4662],[-82.4251,32.4623],[-82.4206,32.4572],[-82.3975,32.4517],[-82.3958,32.449],[-82.3922,32.448],[-82.3918,32.4456],[-82.3899,32.4448],[-82.3908,32.444],[-82.3899,32.4426],[-82.3856,32.4402],[-82.3819,32.4406],[-82.3943,32.4126],[-82.3935,32.3986],[-82.3943,32.3918],[-82.3969,32.3864],[-82.4055,32.3774],[-82.4111,32.3656],[-82.4112,32.3589],[-82.4091,32.3538]]]}},{"type":"Feature","properties":{"leaid":"1305310","name":"Valdosta City School District","kind":"Unified","gradeLow":"PK","gradeHigh":"12","state":"GA"},"geometry":{"type":"Polygon","coordinates":[[[-83.2969,30.9288],[-83.2912,30.927],[-83.2913,30.8985],[-83.2851,30.8978],[-83.2851,30.9],[-83.2791,30.8999],[-83.2794,30.8933],[-83.2825,30.8934],[-83.2825,30.8901],[-83.2832,30.8969],[-83.2913,30.8983],[-83.2914,30.8874],[-83.2892,30.89],[-83.283,30.8899],[-83.2833,30.8882],[-83.2866,30.886],[-83.2844,30.8858],[-83.2844,30.8832],[-83.2771,30.8828],[-83.2766,30.8844],[-83.2581,30.883],[-83.2574,30.8839],[-83.2656,30.8839],[-83.2655,30.8899],[-83.2678,30.89],[-83.2677,30.8916],[-83.262,30.8916],[-83.2619,30.8887],[-83.2614,30.891],[-83.2602,30.891],[-83.2603,30.8885],[-83.2559,30.8885],[-83.2558,30.8867],[-83.2536,30.8866],[-83.2537,30.8825],[-83.2519,30.8822],[-83.2527,30.8831],[-83.2519,30.8886],[-83.2483,30.8879],[-83.242,30.9054],[-83.2495,30.9062],[-83.2514,30.9078],[-83.2531,30.9069],[-83.2515,30.9037],[-83.2542,30.9034],[-83.2544,30.9001],[-83.257,30.8999],[-83.2572,30.8971],[-83.2581,30.8971],[-83.258,30.8998],[-83.2614,30.8998],[-83.2612,30.8971],[-83.2654,30.8971],[-83.2655,30.9027],[-83.2637,30.904],[-83.2651,30.9046],[-83.2636,30.9085],[-83.2656,30.9085],[-83.2655,30.9121],[-83.2615,30.9121],[-83.2615,30.9139],[-83.2598,30.914],[-83.2625,30.9149],[-83.2594,30.9174],[-83.2575,30.9163],[-83.2557,30.9181],[-83.2558,30.9148],[-83.2574,30.9143],[-83.2422,30.9144],[-83.2413,30.9132],[-83.2415,30.9058],[-83.2442,30.8984],[-83.2422,30.9],[-83.2414,30.898],[-83.2397,30.898],[-83.2397,30.8946],[-83.2412,30.8946],[-83.2412,30.891],[-83.2468,30.8911],[-83.2497,30.883],[-83.242,30.8828],[-83.2421,30.8811],[-83.2439,30.8808],[-83.2414,30.8792],[-83.2414,30.8828],[-83.2342,30.8828],[-83.234,30.8894],[-83.2268,30.8893],[-83.2262,30.8855],[-83.2307,30.8856],[-83.2312,30.8798],[-83.2224,30.8817],[-83.2228,30.8569],[-83.2258,30.8569],[-83.2246,30.8364],[-83.2255,30.8355],[-83.223,30.8348],[-83.2229,30.83],[-83.2277,30.8301],[-83.2287,30.8491],[-83.243,30.8437],[-83.2417,30.8425],[-83.2443,30.8413],[-83.2456,30.8426],[-83.2471,30.8419],[-83.245,30.8408],[-83.2448,30.8376],[-83.2517,30.8376],[-83.2515,30.8343],[-83.2452,30.8343],[-83.2438,30.8352],[-83.2438,30.8394],[-83.24,30.8395],[-83.2364,30.8299],[-83.2323,30.8253],[-83.2366,30.825],[-83.2365,30.8239],[-83.234,30.8244],[-83.2304,30.8192],[-83.2316,30.8157],[-83.2408,30.8166],[-83.2431,30.8199],[-83.2409,30.8203],[-83.2411,30.8226],[-83.2386,30.8235],[-83.2386,30.8248],[-83.2441,30.8255],[-83.2461,30.8242],[-83.2473,30.8252],[-83.2469,30.824],[-83.2515,30.823],[-83.2518,30.819],[-83.2558,30.8181],[-83.2563,30.8196],[-83.2591,30.8196],[-83.2603,30.8175],[-83.2415,30.8133],[-83.2417,30.8057],[-83.2478,30.8055],[-83.2478,30.8038],[-83.2494,30.8024],[-83.2509,30.8037],[-83.2529,30.8026],[-83.2608,30.8026],[-83.2642,30.8076],[-83.2681,30.8061],[-83.267,30.8008],[-83.2705,30.8002],[-83.2709,30.8021],[-83.2736,30.8025],[-83.2731,30.7989],[-83.2718,30.7985],[-83.2731,30.7986],[-83.2692,30.778],[-83.2682,30.7781],[-83.269,30.7775],[-83.2678,30.7642],[-83.2695,30.7633],[-83.2683,30.7624],[-83.2699,30.7587],[-83.2756,30.7588],[-83.2756,30.755],[-83.2829,30.7628],[-83.2829,30.7641],[-83.273,30.764],[-83.2762,30.7772],[-83.2839,30.7772],[-83.2884,30.7696],[-83.2923,30.7734],[-83.2868,30.7784],[-83.2842,30.788],[-83.2801,30.787],[-83.2797,30.7913],[-83.2807,30.7917],[-83.2824,30.7899],[-83.2829,30.7922],[-83.2838,30.7919],[-83.2783,30.7955],[-83.2899,30.7928],[-83.3001,30.7929],[-83.3021,30.7942],[-83.3026,30.7932],[-83.3071,30.8024],[-83.3064,30.805],[-83.3016,30.8045],[-83.3015,30.8056],[-83.2984,30.8055],[-83.2984,30.807],[-83.2972,30.807],[-83.3002,30.8116],[-83.3059,30.8098],[-83.3062,30.8154],[-83.3002,30.8174],[-83.302,30.8203],[-83.307,30.8183],[-83.3064,30.8149],[-83.3114,30.8138],[-83.3115,30.8167],[-83.3213,30.8131],[-83.3206,30.816],[-83.322,30.8194],[-83.3196,30.8204],[-83.3187,30.8192],[-83.3188,30.8209],[-83.3282,30.8376],[-83.333,30.8382],[-83.3331,30.8355],[-83.3387,30.8356],[-83.3386,30.8382],[-83.3485,30.8387],[-83.3529,30.8413],[-83.3384,30.8408],[-83.3379,30.8488],[-83.3445,30.8528],[-83.3427,30.8592],[-83.3432,30.8619],[-83.3414,30.8604],[-83.3417,30.8585],[-83.3379,30.8585],[-83.3376,30.8532],[-83.336,30.8527],[-83.3353,30.8545],[-83.3353,30.8477],[-83.3338,30.8469],[-83.3327,30.8469],[-83.3325,30.8548],[-83.3306,30.8545],[-83.3277,30.8569],[-83.3258,30.8564],[-83.3215,30.859],[-83.3208,30.8583],[-83.3216,30.8594],[-83.3206,30.8605],[-83.3229,30.8639],[-83.3194,30.8606],[-83.3187,30.8625],[-83.3159,30.864],[-83.3161,30.8662],[-83.3142,30.8682],[-83.3156,30.8687],[-83.3158,30.8709],[-83.3146,30.8746],[-83.3209,30.8746],[-83.3208,30.8857],[-83.314,30.8854],[-83.3156,30.8863],[-83.3149,30.8872],[-83.3159,30.8884],[-83.3183,30.8888],[-83.3171,30.8897],[-83.3191,30.8922],[-83.3187,30.8944],[-83.3174,30.8959],[-83.3147,30.8959],[-83.3138,30.8976],[-83.306,30.8976],[-83.3054,30.9194],[-83.3037,30.9218],[-83.3016,30.9216],[-83.3027,30.9223],[-83.3025,30.9252],[-83.3014,30.9248],[-83.2969,30.9288]],[[-83.304,30.8468],[-83.314,30.8469],[-83.3122,30.8417],[-83.3086,30.841],[-83.3082,30.8419],[-83.3066,30.8404],[-83.3045,30.8414],[-83.304,30.8468]],[[-83.2876,30.8192],[-83.2913,30.8208],[-83.2992,30.8179],[-83.2977,30.818],[-83.2975,30.8161],[-83.2991,30.816],[-83.2934,30.807],[-83.2893,30.807],[-83.2894,30.81],[-83.2861,30.8123],[-83.286,30.8069],[-83.2746,30.8058],[-83.2758,30.8076],[-83.2787,30.8071],[-83.2778,30.8183],[-83.2876,30.8192]]]}},{"type":"Feature","properties":{"leaid":"1305370","name":"Walker County School District","kind":"Unified","gradeLow":"PK","gradeHigh":"12","state":"GA"},"geometry":{"type":"MultiPolygon","coordinates":[[[[-85.2737,34.8813],[-85.2702,34.8795],[-85.2722,34.8794],[-85.2737,34.8813]]],[[[-85.2726,34.8825],[-85.2729,34.8814],[-85.2737,34.8816],[-85.2738,34.8824],[-85.2726,34.8825]]],[[[-85.268,34.8841],[-85.2688,34.8835],[-85.2685,34.8842],[-85.268,34.8841]]],[[[-85.2649,34.8865],[-85.2643,34.8805],[-85.2679,34.8797],[-85.2711,34.8808],[-85.2696,34.8811],[-85.2697,34.883],[-85.2664,34.8829],[-85.2669,34.8847],[-85.268,34.8842],[-85.2678,34.8866],[-85.2661,34.8879],[-85.2649,34.8865]]],[[[-85.2643,34.8931],[-85.2643,34.891],[-85.2671,34.8907],[-85.267,34.8918],[-85.2652,34.8916],[-85.2655,34.8932],[-85.2643,34.8931]]],[[[-85.2651,34.8942],[-85.2642,34.895],[-85.2643,34.894],[-85.2651,34.8942]]],[[[-85.2645,34.8954],[-85.2736,34.8953],[-85.2716,34.8934],[-85.2732,34.8933],[-85.2731,34.8913],[-85.2704,34.8913],[-85.2724,34.8881],[-85.271,34.8867],[-85.2739,34.8867],[-85.2739,34.8851],[-85.276,34.8855],[-85.2768,34.8829],[-85.2789,34.884],[-85.2789,34.8829],[-85.2802,34.8828],[-85.2782,34.8863],[-85.2815,34.8874],[-85.2833,34.8833],[-85.2826,34.8857],[-85.2863,34.8856],[-85.2858,34.8827],[-85.2876,34.884],[-85.2873,34.8856],[-85.2888,34.8856],[-85.2886,34.8846],[-85.2922,34.885],[-85.294,34.8826],[-85.3006,34.8825],[-85.3005,34.8798],[-85.3016,34.8798],[-85.3005,34.8791],[-85.3005,34.8764],[-85.3047,34.877],[-85.3045,34.875],[-85.3005,34.8751],[-85.3005,34.8721],[-85.3077,34.8714],[-85.3085,34.8729],[-85.3092,34.8703],[-85.3156,34.8711],[-85.3156,34.8672],[-85.3186,34.8672],[-85.3175,34.8619],[-85.3166,34.8616],[-85.3164,34.8646],[-85.3145,34.8646],[-85.3145,34.8615],[-85.3117,34.8607],[-85.3116,34.8673],[-85.3044,34.8669],[-85.3035,34.8681],[-85.3019,34.8675],[-85.3025,34.8691],[-85.3006,34.8691],[-85.3006,34.8661],[-85.3027,34.8658],[-85.3027,34.8641],[-85.3051,34.8615],[-85.3043,34.8607],[-85.3012,34.8622],[-85.302,34.8625],[-85.3015,34.8637],[-85.3005,34.8634],[-85.3013,34.8626],[-85.3005,34.8607],[-85.2851,34.8609],[-85.2849,34.87],[-85.2828,34.8703],[-85.2779,34.875],[-85.278,34.8773],[-85.273,34.8776],[-85.2738,34.8779],[-85.273,34.8799],[-85.2713,34.8748],[-85.269,34.8735],[-85.2675,34.8751],[-85.2642,34.8753],[-85.2648,34.8543],[-85.2022,34.8545],[-85.2019,34.7751],[-85.1598,34.7752],[-85.1599,34.7679],[-85.1448,34.7676],[-85.1667,34.7288],[-85.1689,34.7203],[-85.0508,34.72],[-85.0504,34.6225],[-85.0604,34.6225],[-85.0605,34.5872],[-85.3535,34.5893],[-85.3541,34.5853],[-85.3521,34.5825],[-85.3602,34.5818],[-85.3669,34.5859],[-85.3713,34.5859],[-85.3717,34.5896],[-85.5273,34.5887],[-85.5341,34.6239],[-85.4908,34.6694],[-85.4905,34.6991],[-85.462,34.7318],[-85.4595,34.7418],[-85.4594,34.7516],[-85.4504,34.7592],[-85.4506,34.8317],[-85.4337,34.8751],[-85.4184,34.8998],[-85.3747,34.9597],[-85.3697,34.9731],[-85.3646,34.9783],[-85.3639,34.9834],[-85.2651,34.9851],[-85.2645,34.8954]]]]}},{"type":"Feature","properties":{"leaid":"1305390","name":"Walton County School District","kind":"Unified","gradeLow":"PK","gradeHigh":"12","state":"GA"},"geometry":{"type":"MultiPolygon","coordinates":[[[[-83.6746,33.6049],[-83.6813,33.5971],[-83.6968,33.6077],[-83.6746,33.6049]]],[[[-83.6881,33.6416],[-83.6823,33.6332],[-83.6862,33.6286],[-83.6841,33.6279],[-83.6798,33.6203],[-83.6808,33.6181],[-83.6834,33.6168],[-83.684,33.6144],[-83.6885,33.6158],[-83.6943,33.6208],[-83.6999,33.6225],[-83.7036,33.627],[-83.7052,33.626],[-83.708,33.6279],[-83.698,33.6329],[-83.6925,33.6371],[-83.6901,33.6358],[-83.6881,33.6416]]],[[[-83.7394,33.6465],[-83.7344,33.6456],[-83.7424,33.6465],[-83.7394,33.6465]]],[[[-83.7821,33.9159],[-83.7798,33.9155],[-83.7766,33.9108],[-83.774,33.9127],[-83.77,33.9082],[-83.7676,33.9086],[-83.7647,33.9073],[-83.763,33.9017],[-83.7631,33.8995],[-83.7646,33.8984],[-83.7609,33.8946],[-83.7569,33.8976],[-83.7538,33.8982],[-83.7485,33.8969],[-83.7456,33.8989],[-83.7462,33.9009],[-83.7436,33.9015],[-83.7439,33.9058],[-83.7391,33.8996],[-83.733,33.899],[-83.7293,33.9007],[-83.7271,33.8982],[-83.7246,33.901],[-83.7218,33.9001],[-83.7117,33.9046],[-83.7018,33.9056],[-83.6961,33.9115],[-83.6869,33.9111],[-83.6763,33.9176],[-83.6653,33.9158],[-83.6647,33.9124],[-83.6603,33.9122],[-83.6574,33.9083],[-83.6558,33.9092],[-83.6489,33.908],[-83.6446,33.9047],[-83.6421,33.9056],[-83.6442,33.9069],[-83.639,33.9084],[-83.6372,33.9043],[-83.6358,33.9046],[-83.6353,33.9021],[-83.6334,33.9011],[-83.6313,33.8975],[-83.6306,33.8869],[-83.6279,33.8855],[-83.6221,33.8847],[-83.6192,33.8855],[-83.618,33.8835],[-83.6089,33.8811],[-83.6045,33.8817],[-83.6027,33.8836],[-83.6012,33.8816],[-83.5963,33.8828],[-83.5937,33.8813],[-83.5838,33.8838],[-83.5823,33.8818],[-83.5843,33.8801],[-83.5841,33.8783],[-83.5862,33.877],[-83.5873,33.8676],[-83.5906,33.8634],[-83.589,33.8619],[-83.5882,33.8645],[-83.5869,33.8634],[-83.5851,33.8645],[-83.5828,33.8628],[-83.5816,33.8599],[-83.5747,33.8542],[-83.5746,33.849],[-83.5733,33.8474],[-83.5659,33.8468],[-83.5618,33.8425],[-83.5534,33.8387],[-83.5471,33.8336],[-83.5434,33.8328],[-83.5428,33.8313],[-83.5314,33.8243],[-83.5333,33.821],[-83.5292,33.8212],[-83.5217,33.8182],[-83.5201,33.8197],[-83.5174,33.8165],[-83.5159,33.8178],[-83.5106,33.8154],[-83.5096,33.8176],[-83.5059,33.8178],[-83.5115,33.8111],[-83.5136,33.8066],[-83.5231,33.7973],[-83.5264,33.7961],[-83.5369,33.7784],[-83.6691,33.6119],[-83.6719,33.6177],[-83.6665,33.6204],[-83.6654,33.625],[-83.6686,33.6256],[-83.6753,33.6227],[-83.6775,33.6256],[-83.6734,33.6276],[-83.6792,33.6354],[-83.676,33.637],[-83.6764,33.6383],[-83.6754,33.6386],[-83.6799,33.6482],[-83.6844,33.6515],[-83.6841,33.6599],[-83.6863,33.6669],[-83.6953,33.6794],[-83.7044,33.6827],[-83.7054,33.6847],[-83.7057,33.6832],[-83.7164,33.6852],[-83.7272,33.6843],[-83.7372,33.6807],[-83.745,33.6761],[-83.7482,33.6723],[-83.7522,33.6634],[-83.7534,33.6541],[-83.7596,33.653],[-83.7549,33.6464],[-83.7583,33.6464],[-83.9822,33.7862],[-83.9777,33.7883],[-83.969,33.7962],[-83.9661,33.7961],[-83.9667,33.7971],[-83.9651,33.7984],[-83.9652,33.8003],[-83.9633,33.8002],[-83.9638,33.801],[-83.962,33.8027],[-83.9597,33.7992],[-83.956,33.8013],[-83.9589,33.8056],[-83.9543,33.8088],[-83.9511,33.8051],[-83.9493,33.8064],[-83.9512,33.8091],[-83.9448,33.8144],[-83.946,33.8161],[-83.9367,33.8207],[-83.9377,33.8221],[-83.9314,33.8251],[-83.9319,33.8258],[-83.9294,33.8277],[-83.9285,33.8265],[-83.9273,33.8271],[-83.9265,33.8302],[-83.9206,33.8341],[-83.9221,33.8363],[-83.9121,33.8402],[-83.9063,33.845],[-83.9029,33.8465],[-83.9019,33.8457],[-83.9024,33.8478],[-83.8912,33.8575],[-83.8898,33.8568],[-83.8875,33.8587],[-83.888,33.8597],[-83.8805,33.8644],[-83.8816,33.8661],[-83.8665,33.8746],[-83.867,33.8754],[-83.8597,33.8813],[-83.8595,33.8835],[-83.8561,33.8839],[-83.8555,33.8899],[-83.8435,33.8951],[-83.8362,33.9006],[-83.8351,33.8988],[-83.8294,33.9014],[-83.8325,33.906],[-83.8216,33.9111],[-83.8224,33.9122],[-83.8187,33.9139],[-83.8194,33.9148],[-83.8145,33.9171],[-83.8156,33.9186],[-83.8079,33.9222],[-83.8013,33.9276],[-83.7998,33.9308],[-83.7988,33.9277],[-83.7821,33.9159]]]]}},{"type":"Feature","properties":{"leaid":"1305490","name":"Washington County School District","kind":"Unified","gradeLow":"PK","gradeHigh":"12","state":"GA"},"geometry":{"type":"Polygon","coordinates":[[[-82.7483,33.2383],[-82.7461,33.2341],[-82.7409,33.232],[-82.7425,33.2283],[-82.7448,33.2267],[-82.7445,33.2254],[-82.7386,33.2242],[-82.7355,33.2173],[-82.7384,33.2152],[-82.7415,33.2154],[-82.7412,33.2133],[-82.7385,33.2096],[-82.7336,33.2084],[-82.7329,33.2055],[-82.7341,33.2022],[-82.74,33.1998],[-82.7411,33.1963],[-82.7408,33.1884],[-82.7377,33.1861],[-82.7382,33.1828],[-82.7372,33.1815],[-82.739,33.1807],[-82.7382,33.1794],[-82.7395,33.1744],[-82.7349,33.1732],[-82.7306,33.1745],[-82.7246,33.1709],[-82.7226,33.1716],[-82.719,33.1701],[-82.7158,33.1671],[-82.716,33.1651],[-82.7133,33.1644],[-82.7137,33.1622],[-82.7097,33.1609],[-82.7109,33.16],[-82.7087,33.1583],[-82.7095,33.1558],[-82.7082,33.1547],[-82.7087,33.152],[-82.702,33.1475],[-82.7023,33.146],[-82.6963,33.144],[-82.6929,33.1461],[-82.6916,33.144],[-82.6903,33.1446],[-82.6907,33.1432],[-82.6863,33.1427],[-82.6856,33.1406],[-82.6836,33.1397],[-82.6851,33.1374],[-82.6839,33.1357],[-82.682,33.1361],[-82.6793,33.1335],[-82.672,33.135],[-82.6655,33.1303],[-82.6607,33.1287],[-82.6621,33.1256],[-82.6592,33.1238],[-82.6576,33.118],[-82.6555,33.1176],[-82.6544,33.1156],[-82.652,33.1154],[-82.6524,33.1107],[-82.6507,33.11],[-82.6513,33.109],[-82.649,33.1066],[-82.6496,33.1046],[-82.6474,33.1037],[-82.6476,33.1023],[-82.6462,33.1012],[-82.6381,33.1007],[-82.6373,33.0968],[-82.6383,33.0958],[-82.6372,33.0935],[-82.6396,33.09],[-82.6407,33.0906],[-82.6408,33.0881],[-82.6397,33.0878],[-82.6414,33.0868],[-82.6416,33.0844],[-82.6372,33.0822],[-82.6376,33.0798],[-82.6351,33.0766],[-82.6318,33.0761],[-82.6294,33.0745],[-82.6304,33.0735],[-82.627,33.0727],[-82.6275,33.068],[-82.6289,33.0659],[-82.628,33.0643],[-82.6184,33.0625],[-82.6176,33.0612],[-82.6167,33.0623],[-82.6155,33.0618],[-82.6153,33.063],[-82.6129,33.061],[-82.6134,33.0557],[-82.6158,33.0538],[-82.617,33.0547],[-82.6183,33.0516],[-82.6158,33.0502],[-82.6102,33.0498],[-82.6093,33.0484],[-82.6103,33.0483],[-82.6073,33.0451],[-82.606,33.0449],[-82.6057,33.0462],[-82.6043,33.0455],[-82.6014,33.0387],[-82.6022,33.0371],[-82.6,33.037],[-82.5991,33.034],[-82.6003,33.0328],[-82.5981,33.032],[-82.5925,33.0341],[-82.5893,33.0312],[-82.5857,33.0315],[-82.5849,33.0297],[-82.5798,33.03],[-82.5759,33.0262],[-82.5778,33.0244],[-82.5688,33.0197],[-82.5666,33.0212],[-82.5645,33.0203],[-82.5644,33.0188],[-82.5623,33.0189],[-82.5613,33.0168],[-82.5604,33.0174],[-82.5592,33.0142],[-82.5561,33.0141],[-82.5532,33.018],[-82.5502,33.0194],[-82.5394,32.9478],[-82.5109,32.9178],[-82.5181,32.868],[-82.523,32.8649],[-82.526,32.8336],[-82.5211,32.8224],[-82.5477,32.8216],[-82.5606,32.8201],[-82.5634,32.8181],[-82.5743,32.8158],[-82.5983,32.8027],[-82.6098,32.7978],[-82.625,32.7939],[-82.6307,32.7944],[-82.6569,32.788],[-82.667,32.7829],[-82.6808,32.7968],[-82.6974,32.7914],[-82.7114,32.784],[-82.7145,32.7847],[-82.7194,32.7828],[-82.7376,32.7801],[-82.7686,32.7691],[-82.7707,32.7752],[-82.7723,32.7887],[-82.775,32.7945],[-82.7776,32.7952],[-82.7786,32.7972],[-82.7821,32.7993],[-82.7985,32.8029],[-82.7983,32.8057],[-82.8025,32.8098],[-82.947,32.7594],[-82.9503,32.762],[-82.951,32.7607],[-82.9487,32.7582],[-82.9519,32.7584],[-82.9539,32.7563],[-82.9554,32.7565],[-82.955,32.7595],[-82.9602,32.76],[-82.959,32.7632],[-82.9605,32.7664],[-82.9609,32.7732],[-82.9567,32.79],[-82.957,32.7953],[-82.9583,32.7968],[-82.9559,32.7984],[-82.9543,32.8016],[-82.9584,32.8048],[-82.9583,32.8078],[-82.9619,32.8087],[-82.9641,32.8152],[-82.9682,32.8168],[-82.9669,32.8202],[-82.9719,32.8231],[-82.9671,32.8276],[-82.9674,32.8287],[-82.9735,32.8305],[-82.9733,32.8317],[-82.9701,32.833],[-82.9706,32.8352],[-82.973,32.8366],[-82.9739,32.8392],[-82.9771,32.8386],[-82.9794,32.8396],[-82.9802,32.841],[-82.9784,32.8428],[-82.9787,32.8443],[-82.9821,32.8454],[-82.9847,32.8439],[-82.9864,32.8466],[-82.9905,32.8485],[-82.9885,32.8514],[-82.989,32.8527],[-82.9921,32.8532],[-82.9973,32.8512],[-82.9993,32.856],[-83.004,32.8546],[-83.007,32.8558],[-83.0122,32.8538],[-83.0147,32.8571],[-83.0166,32.8576],[-83.0216,32.8565],[-83.0203,32.8546],[-83.0214,32.8534],[-83.0233,32.8558],[-83.027,32.8561],[-83.0298,32.8601],[-83.0302,32.8665],[-83.0312,32.8675],[-83.0345,32.8663],[-83.0367,32.8683],[-83.0365,32.8694],[-83.0345,32.8688],[-83.0346,32.873],[-83.0372,32.8752],[-83.0378,32.8805],[-83.0405,32.879],[-83.0418,32.8798],[-83.0401,32.8818],[-83.0405,32.8833],[-83.043,32.8816],[-83.0489,32.8828],[-83.0444,32.8844],[-83.0439,32.8857],[-83.0468,32.8851],[-83.0486,32.8878],[-83.0477,32.89],[-83.0507,32.8939],[-83.0478,32.8984],[-83.0503,32.8994],[-83.0516,32.9018],[-83.0474,32.9022],[-83.05,32.9032],[-83.0505,32.9052],[-83.0464,32.9054],[-83.0495,32.9065],[-83.0476,32.908],[-83.0483,32.9101],[-83.0551,32.9095],[-83.0524,32.9139],[-83.057,32.9166],[-83.056,32.92],[-83.0629,32.9197],[-83.0604,32.9204],[-83.0601,32.9239],[-83.0569,32.926],[-83.0576,32.9274],[-83.0611,32.9275],[-83.064,32.9297],[-83.0632,32.9309],[-83.0597,32.9306],[-83.0611,32.9346],[-83.0713,32.9331],[-83.0685,32.9337],[-83.067,32.9365],[-83.0676,32.9419],[-83.0684,32.9424],[-83.0696,32.9395],[-83.0709,32.9393],[-83.0702,32.9421],[-83.0736,32.9466],[-83.0707,32.9471],[-83.0691,32.9524],[-83.0719,32.9618],[-83.0716,32.9663],[-83.0693,32.9721],[-83.0671,32.9751],[-83.0578,32.9746],[-83.054,32.9804],[-83.0517,32.9809],[-83.0519,32.9823],[-83.0489,32.986],[-83.0491,32.991],[-83.0514,32.996],[-83.0516,33.0039],[-83.0585,33.0128],[-83.063,33.0156],[-83.0679,33.0248],[-83.067,33.0284],[-83.061,33.0341],[-83.0552,33.0372],[-83.0554,33.0467],[-83.049,33.0534],[-83.0448,33.0607],[-83.0455,33.07],[-83.0522,33.0807],[-83.0338,33.0817],[-83.0219,33.0802],[-83.0087,33.0808],[-82.9909,33.0907],[-82.982,33.1023],[-82.9701,33.1093],[-82.9593,33.107],[-82.9499,33.1078],[-82.9411,33.113],[-82.9267,33.1163],[-82.9147,33.1267],[-82.901,33.1285],[-82.8889,33.1386],[-82.8892,33.1402],[-82.8826,33.1526],[-82.8793,33.1541],[-82.8674,33.1811],[-82.8625,33.1873],[-82.8581,33.1895],[-82.8567,33.1941],[-82.8545,33.1968],[-82.8456,33.2004],[-82.832,33.202],[-82.8279,33.206],[-82.8243,33.212],[-82.8185,33.2158],[-82.8127,33.2173],[-82.807,33.2206],[-82.7989,33.2217],[-82.7942,33.227],[-82.778,33.2384],[-82.7675,33.2369],[-82.7641,33.2381],[-82.7483,33.2383]]]}},{"type":"Feature","properties":{"leaid":"1305550","name":"Wayne County School District","kind":"Unified","gradeLow":"PK","gradeHigh":"12","state":"GA"},"geometry":{"type":"Polygon","coordinates":[[[-82.0486,31.8271],[-82.0432,31.8212],[-82.0335,31.8204],[-82.0283,31.8155],[-82.0261,31.8151],[-82.0221,31.8174],[-82.0211,31.8237],[-82.0164,31.8237],[-82.0146,31.8218],[-82.0132,31.8121],[-82.0067,31.8077],[-82.0068,31.8],[-82.0042,31.7996],[-81.9996,31.8012],[-81.9971,31.8004],[-81.9955,31.7977],[-81.999,31.7957],[-81.999,31.7945],[-81.9819,31.7844],[-81.9771,31.7827],[-81.9743,31.7831],[-81.9727,31.784],[-81.9713,31.7881],[-81.969,31.7893],[-81.9565,31.7897],[-81.9525,31.7883],[-81.9515,31.7859],[-81.9517,31.7723],[-81.9491,31.7693],[-81.9434,31.7668],[-81.9445,31.7604],[-81.9419,31.7593],[-81.9362,31.7621],[-81.9316,31.7618],[-81.9296,31.7599],[-81.9288,31.7535],[-81.9258,31.7518],[-81.9227,31.7537],[-81.9223,31.7553],[-81.9241,31.7581],[-81.9215,31.7599],[-81.9193,31.7596],[-81.9114,31.7535],[-81.909,31.748],[-81.9124,31.744],[-81.9134,31.7405],[-81.9103,31.7364],[-81.9102,31.7313],[-81.9067,31.7258],[-81.8904,31.7169],[-81.876,31.7127],[-81.8742,31.7095],[-81.8744,31.7042],[-81.8669,31.6908],[-81.8593,31.6864],[-81.8541,31.6801],[-81.8476,31.6773],[-81.8485,31.6743],[-81.852,31.6725],[-81.8514,31.6682],[-81.8463,31.6673],[-81.8407,31.6682],[-81.8355,31.6635],[-81.8289,31.664],[-81.8275,31.6615],[-81.8309,31.6573],[-81.8244,31.6521],[-81.821,31.6511],[-81.8141,31.6523],[-81.812,31.6539],[-81.8123,31.6585],[-81.8183,31.663],[-81.8165,31.6647],[-81.813,31.6641],[-81.8095,31.6611],[-81.8066,31.6553],[-81.797,31.6527],[-81.7956,31.65],[-81.7974,31.6464],[-81.7964,31.6441],[-81.7887,31.6438],[-81.7868,31.6422],[-81.7861,31.6389],[-81.7905,31.6345],[-81.7895,31.632],[-81.7845,31.6298],[-81.7785,31.6315],[-81.7756,31.6288],[-81.7718,31.6285],[-81.7707,31.6248],[-81.7657,31.6252],[-81.7657,31.6232],[-81.7706,31.6218],[-81.7696,31.6148],[-81.768,31.6141],[-81.7652,31.6151],[-81.7631,31.6193],[-81.7596,31.6205],[-81.7567,31.6159],[-81.7517,31.616],[-81.7509,31.6128],[-81.7469,31.6136],[-81.7442,31.6123],[-81.7443,31.61],[-81.7467,31.6095],[-81.7482,31.6074],[-81.7487,31.6035],[-81.7472,31.6015],[-81.7424,31.6023],[-81.7406,31.6081],[-81.7375,31.6088],[-81.7316,31.6045],[-81.7322,31.601],[-81.7276,31.6011],[-81.7248,31.5994],[-81.7261,31.5958],[-81.7237,31.5939],[-81.7232,31.5916],[-81.7197,31.5916],[-81.7177,31.5891],[-81.7131,31.5909],[-81.7118,31.5898],[-81.7137,31.5868],[-81.713,31.5859],[-81.7083,31.5876],[-81.7066,31.5842],[-81.7018,31.5849],[-81.7012,31.58],[-81.697,31.5779],[-81.6995,31.5744],[-81.6995,31.5724],[-81.6964,31.5658],[-81.7004,31.5654],[-81.7011,31.5642],[-81.6971,31.5602],[-81.6986,31.5577],[-81.6964,31.5533],[-81.6927,31.5533],[-81.6899,31.5505],[-81.6847,31.5523],[-81.6814,31.5512],[-81.6802,31.5478],[-81.6831,31.544],[-81.6819,31.5418],[-81.6781,31.5424],[-81.6758,31.5462],[-81.6732,31.5478],[-81.6689,31.5464],[-81.6641,31.5418],[-81.6632,31.5387],[-81.6679,31.5373],[-81.667,31.5324],[-81.6611,31.5281],[-81.6541,31.5295],[-81.6523,31.5286],[-81.6557,31.5243],[-81.6543,31.5189],[-81.6574,31.5152],[-81.6583,31.5109],[-81.6571,31.5079],[-81.6515,31.5033],[-81.6456,31.5012],[-81.6453,31.499],[-81.6477,31.4956],[-81.6408,31.4886],[-81.6314,31.4834],[-81.6234,31.4849],[-81.618,31.4791],[-81.612,31.4691],[-81.6167,31.4635],[-81.6169,31.4583],[-81.6243,31.453],[-81.626,31.453],[-81.665,31.3999],[-81.692,31.4005],[-81.7009,31.3852],[-81.7048,31.3749],[-81.6981,31.3679],[-81.699,31.363],[-81.7071,31.3493],[-81.7252,31.3272],[-81.7592,31.3422],[-81.7644,31.3481],[-81.8011,31.3637],[-81.8452,31.3547],[-81.9232,31.3459],[-82.0311,31.3662],[-82.0427,31.3744],[-82.0415,31.3759],[-82.0427,31.3771],[-82.0412,31.3781],[-82.0411,31.3805],[-82.0399,31.3802],[-82.0399,31.3821],[-82.042,31.3823],[-82.0419,31.3845],[-82.0441,31.3845],[-82.0436,31.3857],[-82.0448,31.3861],[-82.0439,31.3883],[-82.0449,31.3894],[-82.0438,31.3898],[-82.0461,31.3912],[-82.0434,31.3916],[-82.0446,31.3938],[-82.044,31.3951],[-82.0474,31.3947],[-82.0496,31.396],[-82.0516,31.3992],[-82.0492,31.3986],[-82.0501,31.4042],[-82.0518,31.4036],[-82.054,31.4076],[-82.0556,31.4072],[-82.0575,31.4089],[-82.0561,31.4099],[-82.0564,31.4127],[-82.0553,31.4123],[-82.0541,31.4138],[-82.0554,31.4169],[-82.0556,31.4244],[-82.0541,31.4283],[-82.0552,31.4287],[-82.0526,31.4313],[-82.0542,31.4316],[-82.0547,31.4361],[-82.0531,31.4388],[-82.0544,31.4398],[-82.0548,31.443],[-82.0537,31.4435],[-82.0549,31.4469],[-82.0537,31.447],[-82.0535,31.4485],[-82.055,31.451],[-82.0534,31.4511],[-82.0544,31.4523],[-82.0528,31.4546],[-82.0568,31.4574],[-82.0582,31.4609],[-82.0611,31.4625],[-82.0634,31.4664],[-82.0685,31.4678],[-82.0718,31.4715],[-82.0865,31.4785],[-82.098,31.4812],[-82.1184,31.4793],[-82.1249,31.4769],[-82.1328,31.4713],[-82.1329,31.5575],[-82.1479,31.5573],[-82.1479,31.5691],[-82.1329,31.5693],[-82.133,31.7734],[-82.0894,31.7729],[-82.0893,31.7859],[-82.107,31.7861],[-82.1065,31.7998],[-82.0872,31.7995],[-82.0874,31.8216],[-82.0856,31.8234],[-82.0831,31.823],[-82.0801,31.8259],[-82.0801,31.8275],[-82.0771,31.8291],[-82.0735,31.8289],[-82.0713,31.8257],[-82.0676,31.8277],[-82.064,31.8254],[-82.0563,31.8278],[-82.0486,31.8271]]]}},{"type":"Feature","properties":{"leaid":"1305580","name":"Webster County School District","kind":"Unified","gradeLow":"PK","gradeHigh":"12","state":"GA"},"geometry":{"type":"Polygon","coordinates":[[[-84.4312,32.1341],[-84.433,32.042],[-84.4416,32.0421],[-84.4452,31.9261],[-84.4531,31.9263],[-84.4533,31.9192],[-84.6558,31.9203],[-84.655,31.9615],[-84.6454,31.9615],[-84.6451,31.9697],[-84.655,31.9696],[-84.6552,31.9771],[-84.645,31.977],[-84.6448,31.9843],[-84.6552,31.9844],[-84.6541,32.0285],[-84.6444,32.0289],[-84.6434,32.0827],[-84.6345,32.0793],[-84.6353,32.0862],[-84.6434,32.0863],[-84.6423,32.1519],[-84.6514,32.1519],[-84.6516,32.1602],[-84.6424,32.1602],[-84.6426,32.168],[-84.6404,32.168],[-84.6403,32.1766],[-84.6313,32.1764],[-84.6311,32.1841],[-84.6403,32.1843],[-84.6403,32.2253],[-84.6493,32.2252],[-84.6493,32.233],[-84.6206,32.2331],[-84.6211,32.2256],[-84.6105,32.2256],[-84.6102,32.2171],[-84.6063,32.2172],[-84.6007,32.2103],[-84.6013,32.2075],[-84.5978,32.1985],[-84.5997,32.1924],[-84.5642,32.1922],[-84.5647,32.1751],[-84.5457,32.1752],[-84.5461,32.1591],[-84.5366,32.1596],[-84.5363,32.1512],[-84.5274,32.1512],[-84.5271,32.1346],[-84.4312,32.1341]]]}},{"type":"Feature","properties":{"leaid":"1305640","name":"Wheeler County School District","kind":"Unified","gradeLow":"PK","gradeHigh":"12","state":"GA"},"geometry":{"type":"Polygon","coordinates":[[[-82.6567,32.2984],[-82.6502,32.2957],[-82.6466,32.2922],[-82.6458,32.2929],[-82.6466,32.2952],[-82.6447,32.2954],[-82.6441,32.291],[-82.6499,32.2895],[-82.6515,32.2865],[-82.6503,32.2856],[-82.6476,32.2866],[-82.6461,32.2847],[-82.6492,32.282],[-82.648,32.2803],[-82.6484,32.2772],[-82.6461,32.2754],[-82.6414,32.2751],[-82.6395,32.2707],[-82.6366,32.2693],[-82.638,32.2682],[-82.6373,32.266],[-82.6401,32.2584],[-82.6445,32.2587],[-82.6434,32.2547],[-82.6445,32.2512],[-82.6479,32.2501],[-82.6492,32.2458],[-82.6432,32.2416],[-82.6419,32.2369],[-82.6384,32.2356],[-82.6368,32.2332],[-82.634,32.2332],[-82.6328,32.2298],[-82.6335,32.2274],[-82.6321,32.2256],[-82.6358,32.2229],[-82.6359,32.2208],[-82.6255,32.2068],[-82.626,32.2048],[-82.6301,32.2026],[-82.6323,32.1961],[-82.6284,32.1858],[-82.6311,32.1805],[-82.6293,32.1793],[-82.6272,32.1829],[-82.624,32.1823],[-82.6237,32.1799],[-82.6279,32.177],[-82.6234,32.1736],[-82.6236,32.1712],[-82.6265,32.1693],[-82.6224,32.1671],[-82.6189,32.1677],[-82.6184,32.1647],[-82.6129,32.1616],[-82.6139,32.1493],[-82.6188,32.1459],[-82.6187,32.1425],[-82.6245,32.1365],[-82.6253,32.1333],[-82.6298,32.1326],[-82.6304,32.1307],[-82.6296,32.1286],[-82.6266,32.1266],[-82.6249,32.1227],[-82.6251,32.1196],[-82.6226,32.1178],[-82.6236,32.1137],[-82.6205,32.1124],[-82.6205,32.1093],[-82.6173,32.1079],[-82.6177,32.1053],[-82.6137,32.1055],[-82.6123,32.1071],[-82.6112,32.1065],[-82.6122,32.1042],[-82.6143,32.1033],[-82.6134,32.1006],[-82.6174,32.1008],[-82.6127,32.0961],[-82.6114,32.0886],[-82.613,32.0844],[-82.6147,32.0837],[-82.6174,32.0861],[-82.6231,32.0827],[-82.6182,32.0788],[-82.6147,32.0792],[-82.6137,32.0769],[-82.6112,32.0761],[-82.6084,32.0728],[-82.6092,32.0714],[-82.613,32.0704],[-82.6112,32.0663],[-82.6138,32.0604],[-82.6096,32.0576],[-82.6099,32.0517],[-82.6065,32.0508],[-82.6022,32.0473],[-82.6034,32.041],[-82.6089,32.0392],[-82.6085,32.0367],[-82.606,32.0347],[-82.6075,32.0318],[-82.6053,32.0308],[-82.602,32.0326],[-82.5976,32.0298],[-82.6007,32.0264],[-82.6014,32.0216],[-82.6004,32.0196],[-82.5949,32.0174],[-82.5979,32.0158],[-82.5977,32.014],[-82.5947,32.0116],[-82.5926,32.0115],[-82.5917,32.0086],[-82.5716,31.9964],[-82.5655,31.99],[-82.5622,31.9896],[-82.5605,31.9923],[-82.559,31.9926],[-82.5558,31.9855],[-82.5559,31.9805],[-82.5545,31.9798],[-82.5501,31.9818],[-82.5465,31.9813],[-82.5409,31.9731],[-82.5392,31.9666],[-82.5405,31.9625],[-82.5446,31.9587],[-82.5452,31.9554],[-82.5553,31.9593],[-82.5558,31.9554],[-82.5627,31.9577],[-82.5664,31.9565],[-82.5773,31.9481],[-82.581,31.9415],[-82.5855,31.9401],[-82.5872,31.9357],[-82.593,31.9363],[-82.5948,31.9316],[-82.5965,31.932],[-82.5994,31.9375],[-82.6025,31.9381],[-82.6146,31.9267],[-82.6199,31.9271],[-82.6221,31.9292],[-82.6234,31.9281],[-82.6226,31.9255],[-82.6242,31.9236],[-82.6288,31.9233],[-82.631,31.9256],[-82.6351,31.9251],[-82.639,31.9216],[-82.6426,31.9212],[-82.644,31.9189],[-82.6457,31.9189],[-82.6459,31.9206],[-82.6486,31.9203],[-82.6495,31.9226],[-82.6516,31.9222],[-82.6548,31.924],[-82.654,31.9251],[-82.6553,31.9267],[-82.6524,31.9273],[-82.6528,31.9289],[-82.6627,31.9325],[-82.6659,31.9349],[-82.67,31.9344],[-82.6721,31.9382],[-82.6765,31.9417],[-82.6758,31.9431],[-82.6772,31.9425],[-82.6792,31.9438],[-82.68,31.9468],[-82.6818,31.9459],[-82.683,31.9482],[-82.6871,31.9501],[-82.6882,31.9535],[-82.6919,31.9538],[-82.6918,31.9561],[-82.6952,31.9569],[-82.6965,31.9607],[-82.6951,31.9622],[-82.697,31.963],[-82.6966,31.9645],[-82.6977,31.9651],[-82.697,31.9673],[-82.6994,31.9672],[-82.7003,31.9705],[-82.7025,31.9712],[-82.7019,31.9727],[-82.7061,31.9727],[-82.7104,31.9759],[-82.7103,31.9793],[-82.7141,31.9821],[-82.7131,31.9829],[-82.7139,31.984],[-82.717,31.9853],[-82.7162,31.9886],[-82.7194,31.9908],[-82.721,31.9959],[-82.7224,31.9965],[-82.7206,32.0005],[-82.724,32.001],[-82.723,32.0026],[-82.7254,32.0045],[-82.7315,32.0075],[-82.7403,32.0083],[-82.7433,32.0074],[-82.7469,32.0086],[-82.7492,32.0072],[-82.7505,32.0085],[-82.7559,32.0087],[-82.7565,32.0101],[-82.7602,32.0111],[-82.7614,32.01],[-82.7632,32.0121],[-82.7663,32.0114],[-82.7696,32.0143],[-82.7721,32.0143],[-82.7747,32.0187],[-82.7797,32.0184],[-82.7829,32.0198],[-82.7869,32.0225],[-82.7868,32.0251],[-82.7878,32.0248],[-82.7904,32.0277],[-82.7911,32.0318],[-82.7964,32.0346],[-82.797,32.0375],[-82.7991,32.0388],[-82.8014,32.0431],[-82.8012,32.0447],[-82.8072,32.0473],[-82.8081,32.0495],[-82.8148,32.0524],[-82.8181,32.0516],[-82.8237,32.0543],[-82.8251,32.0539],[-82.8291,32.0582],[-82.8327,32.0596],[-82.8359,32.0594],[-82.8379,32.0608],[-82.8462,32.06],[-82.8559,32.0618],[-82.8587,32.0666],[-82.8618,32.0679],[-82.8665,32.0725],[-82.8707,32.0747],[-82.8744,32.074],[-82.8877,32.0799],[-82.891,32.0851],[-82.8965,32.0873],[-82.9005,32.0952],[-82.902,32.0995],[-82.902,32.1103],[-82.9117,32.119],[-82.9147,32.1232],[-82.9299,32.1259],[-82.9402,32.1249],[-82.8718,32.1827],[-82.8848,32.1961],[-82.8781,32.2002],[-82.8716,32.1945],[-82.8645,32.1997],[-82.8583,32.1944],[-82.7686,32.2698],[-82.7619,32.2642],[-82.7572,32.2679],[-82.7552,32.2697],[-82.762,32.2756],[-82.722,32.3093],[-82.7199,32.3059],[-82.7147,32.3053],[-82.7134,32.306],[-82.715,32.3095],[-82.7129,32.31],[-82.7109,32.3058],[-82.705,32.3017],[-82.7085,32.2996],[-82.7084,32.2986],[-82.7022,32.2988],[-82.6984,32.296],[-82.6938,32.2946],[-82.6795,32.2958],[-82.6762,32.2956],[-82.6738,32.2936],[-82.667,32.2948],[-82.6631,32.2978],[-82.6646,32.2995],[-82.6676,32.3002],[-82.6683,32.3043],[-82.6614,32.3005],[-82.6592,32.3008],[-82.6576,32.3027],[-82.6567,32.2984]]]}},{"type":"Feature","properties":{"leaid":"1305670","name":"White County School District","kind":"Unified","gradeLow":"PK","gradeHigh":"12","state":"GA"},"geometry":{"type":"Polygon","coordinates":[[[-83.6816,34.8009],[-83.6748,34.7883],[-83.6689,34.789],[-83.6511,34.7764],[-83.6473,34.7723],[-83.6393,34.7727],[-83.6336,34.7707],[-83.6326,34.7696],[-83.6338,34.7675],[-83.6283,34.7634],[-83.6282,34.76],[-83.6327,34.7531],[-83.6322,34.7513],[-83.6295,34.7501],[-83.629,34.7472],[-83.6251,34.7459],[-83.6267,34.7399],[-83.6233,34.7322],[-83.6246,34.7293],[-83.6291,34.7276],[-83.6329,34.7232],[-83.6326,34.7206],[-83.6374,34.7141],[-83.638,34.7115],[-83.6394,34.711],[-83.6394,34.7067],[-83.6365,34.6998],[-83.6406,34.6799],[-83.6444,34.6793],[-83.6458,34.6753],[-83.6484,34.6735],[-83.6459,34.6724],[-83.6454,34.6688],[-83.6499,34.6665],[-83.654,34.6669],[-83.6549,34.6625],[-83.6587,34.6596],[-83.6611,34.6606],[-83.6628,34.6598],[-83.6627,34.6554],[-83.6651,34.6536],[-83.6616,34.6532],[-83.6611,34.6496],[-83.657,34.6495],[-83.655,34.6446],[-83.6495,34.6412],[-83.6468,34.6376],[-83.6467,34.6332],[-83.6382,34.6223],[-83.6387,34.6164],[-83.6465,34.6122],[-83.645,34.602],[-83.6408,34.5945],[-83.6385,34.5929],[-83.6388,34.58],[-83.6332,34.5729],[-83.6353,34.5712],[-83.6289,34.5672],[-83.629,34.5641],[-83.6265,34.5607],[-83.6232,34.5597],[-83.6198,34.5554],[-83.6156,34.5536],[-83.6158,34.5526],[-83.6201,34.5519],[-83.62,34.5498],[-83.6164,34.5468],[-83.6214,34.5438],[-83.6171,34.5429],[-83.6167,34.5415],[-83.6187,34.5404],[-83.6245,34.5408],[-83.6261,34.536],[-83.6304,34.5363],[-83.6306,34.5332],[-83.6342,34.5321],[-83.6323,34.5286],[-83.6331,34.5269],[-83.6389,34.5267],[-83.6467,34.52],[-83.654,34.5169],[-83.656,34.518],[-83.6578,34.5144],[-83.663,34.5134],[-83.667,34.5074],[-83.6664,34.5036],[-83.7777,34.5048],[-83.7776,34.5137],[-83.7886,34.5141],[-83.7885,34.5048],[-83.8434,34.5055],[-83.8431,34.5154],[-83.8376,34.5153],[-83.8393,34.5186],[-83.8375,34.5195],[-83.8378,34.5213],[-83.8363,34.5235],[-83.8329,34.5235],[-83.8328,34.5323],[-83.8438,34.5324],[-83.8438,34.5414],[-83.8537,34.5415],[-83.8537,34.5507],[-83.8644,34.5506],[-83.8645,34.6005],[-83.8668,34.6028],[-83.8645,34.6045],[-83.8645,34.6156],[-83.8728,34.6156],[-83.8727,34.619],[-83.8762,34.6205],[-83.874,34.6235],[-83.8774,34.6292],[-83.8737,34.6308],[-83.8756,34.6367],[-83.8711,34.6399],[-83.872,34.6424],[-83.8755,34.6433],[-83.8739,34.6445],[-83.8718,34.6575],[-83.8764,34.661],[-83.8746,34.664],[-83.8712,34.6649],[-83.8709,34.6688],[-83.8747,34.6732],[-83.8725,34.6831],[-83.8637,34.6878],[-83.8648,34.6907],[-83.8605,34.6962],[-83.8624,34.7007],[-83.8581,34.7049],[-83.86,34.7077],[-83.8595,34.7136],[-83.8566,34.7196],[-83.8565,34.7222],[-83.8505,34.7262],[-83.8433,34.7264],[-83.8402,34.7251],[-83.8382,34.729],[-83.8315,34.7297],[-83.829,34.7317],[-83.8304,34.7359],[-83.8297,34.7404],[-83.825,34.744],[-83.8257,34.7492],[-83.8299,34.7582],[-83.8293,34.7619],[-83.8307,34.7659],[-83.8289,34.7682],[-83.8294,34.7708],[-83.827,34.7729],[-83.8259,34.7785],[-83.8113,34.7861],[-83.7428,34.8014],[-83.7233,34.7979],[-83.7117,34.791],[-83.7071,34.792],[-83.7041,34.7913],[-83.6963,34.7934],[-83.6907,34.7995],[-83.6847,34.8015],[-83.6816,34.8009]]]}},{"type":"Feature","properties":{"leaid":"1305850","name":"Worth County School District","kind":"Unified","gradeLow":"PK","gradeHigh":"12","state":"GA"},"geometry":{"type":"Polygon","coordinates":[[[-83.9394,31.8479],[-83.9374,31.8448],[-83.9285,31.8455],[-83.9246,31.8484],[-83.9131,31.847],[-83.9031,31.842],[-83.9002,31.8421],[-83.8979,31.8407],[-83.8924,31.8413],[-83.8798,31.837],[-83.8721,31.8383],[-83.8688,31.8366],[-83.858,31.837],[-83.8566,31.8358],[-83.8555,31.8372],[-83.8553,31.8199],[-83.8456,31.8197],[-83.8455,31.8316],[-83.8439,31.8271],[-83.8399,31.8254],[-83.8395,31.8237],[-83.8353,31.821],[-83.8355,31.8159],[-83.8297,31.8132],[-83.8278,31.8101],[-83.8262,31.8098],[-83.8221,31.8123],[-83.8169,31.8124],[-83.812,31.8061],[-83.8075,31.8041],[-83.8048,31.8045],[-83.7987,31.8012],[-83.7995,31.7608],[-83.7973,31.7607],[-83.7968,31.6229],[-83.7188,31.622],[-83.7161,31.6198],[-83.7109,31.6199],[-83.7094,31.6184],[-83.7067,31.6192],[-83.7025,31.608],[-83.6989,31.6028],[-83.6978,31.6028],[-83.6978,31.6046],[-83.6957,31.6042],[-83.6899,31.598],[-83.684,31.5968],[-83.682,31.6005],[-83.6775,31.6009],[-83.6737,31.5954],[-83.6699,31.595],[-83.6677,31.5859],[-83.6727,31.5817],[-83.673,31.5773],[-83.6714,31.5718],[-83.6674,31.5677],[-83.6625,31.5655],[-83.6596,31.5669],[-83.659,31.569],[-83.6541,31.5711],[-83.6494,31.568],[-83.6506,31.4847],[-83.6658,31.4851],[-83.6664,31.4525],[-83.6667,31.4342],[-83.6518,31.4339],[-83.6541,31.3307],[-83.7139,31.3317],[-83.7141,31.3184],[-83.7203,31.3184],[-83.7589,31.319],[-83.7591,31.3322],[-83.9994,31.335],[-83.9977,31.4628],[-83.9826,31.4627],[-83.9824,31.4735],[-83.9824,31.4758],[-83.9975,31.476],[-83.9967,31.5517],[-83.9817,31.5516],[-83.9816,31.5633],[-83.9966,31.5635],[-83.9962,31.6252],[-84.0127,31.6246],[-84.0125,31.6336],[-84.0031,31.6336],[-84.0029,31.6417],[-83.9935,31.6414],[-83.9934,31.65],[-84.0184,31.6503],[-84.016,31.6522],[-84.0154,31.6603],[-84.0125,31.6635],[-84.0221,31.6838],[-84.0197,31.693],[-84.0245,31.7014],[-84.0242,31.7051],[-84.0256,31.71],[-84.0329,31.7153],[-84.0292,31.7189],[-84.0204,31.7223],[-84.0155,31.7319],[-84.0127,31.7346],[-84.0078,31.7351],[-84.0078,31.7412],[-84.0047,31.747],[-84.0035,31.7546],[-83.9991,31.7573],[-83.993,31.7576],[-83.9864,31.7654],[-83.9866,31.7696],[-83.9943,31.7782],[-83.9916,31.7849],[-84.001,31.7869],[-84.008,31.7923],[-84.0093,31.7963],[-84.0084,31.8016],[-84.0044,31.8042],[-83.9935,31.8036],[-83.989,31.8069],[-83.9769,31.8033],[-83.9765,31.8065],[-83.9798,31.8094],[-83.9798,31.8124],[-83.9779,31.8144],[-83.9773,31.8185],[-83.9726,31.8277],[-83.9684,31.8335],[-83.9651,31.835],[-83.9591,31.8344],[-83.9573,31.8398],[-83.9496,31.8438],[-83.9466,31.8491],[-83.9394,31.8479]]]}},{"type":"Feature","properties":{"leaid":"1305190","name":"Turner County School District","kind":"Unified","gradeLow":"PK","gradeHigh":"12","state":"GA"},"geometry":{"type":"Polygon","coordinates":[[[-83.4802,31.8473],[-83.4798,31.8447],[-83.4844,31.8348],[-83.479,31.8324],[-83.477,31.8303],[-83.4786,31.8236],[-83.4776,31.8202],[-83.474,31.8171],[-83.4747,31.8138],[-83.4738,31.8091],[-83.4727,31.807],[-83.4666,31.8027],[-83.4651,31.7971],[-83.4592,31.7943],[-83.4574,31.7879],[-83.4602,31.7831],[-83.4594,31.78],[-83.4551,31.7783],[-83.455,31.7683],[-83.4523,31.7598],[-83.4542,31.7568],[-83.4522,31.7522],[-83.4527,31.7506],[-83.457,31.7484],[-83.4628,31.7424],[-83.4668,31.7411],[-83.4638,31.7358],[-83.4631,31.7291],[-83.4561,31.7228],[-83.4558,31.7168],[-83.4529,31.7086],[-83.4552,31.7057],[-83.4597,31.7035],[-83.4613,31.699],[-83.4606,31.6954],[-83.4907,31.6961],[-83.4916,31.6194],[-83.4999,31.6195],[-83.5001,31.594],[-83.5748,31.5968],[-83.5888,31.5952],[-83.6047,31.5979],[-83.6188,31.5963],[-83.649,31.5965],[-83.6494,31.568],[-83.6547,31.571],[-83.659,31.569],[-83.6609,31.566],[-83.6632,31.5655],[-83.6699,31.57],[-83.6729,31.5766],[-83.6727,31.5817],[-83.6677,31.5859],[-83.67,31.5951],[-83.6737,31.5954],[-83.6775,31.6009],[-83.682,31.6005],[-83.684,31.5968],[-83.6899,31.598],[-83.6957,31.6042],[-83.6978,31.6046],[-83.6978,31.6028],[-83.6989,31.6028],[-83.7025,31.608],[-83.7067,31.6192],[-83.7094,31.6184],[-83.7109,31.6199],[-83.7161,31.6198],[-83.7188,31.622],[-83.7968,31.6229],[-83.7973,31.7607],[-83.7995,31.7608],[-83.7987,31.801],[-83.8027,31.8036],[-83.7206,31.8047],[-83.6126,31.8041],[-83.6123,31.8541],[-83.5416,31.8531],[-83.5475,31.848],[-83.4802,31.8473]]]}},{"type":"Feature","properties":{"leaid":"1305220","name":"Twiggs County School District","kind":"Unified","gradeLow":"PK","gradeHigh":"12","state":"GA"},"geometry":{"type":"Polygon","coordinates":[[[-83.2265,32.5842],[-83.2345,32.5794],[-83.4,32.5002],[-83.4035,32.5054],[-83.4121,32.5021],[-83.4088,32.4957],[-83.4979,32.4522],[-83.4979,32.4539],[-83.495,32.4563],[-83.4917,32.4563],[-83.4897,32.458],[-83.4909,32.4611],[-83.4948,32.4626],[-83.4949,32.4663],[-83.492,32.4676],[-83.4947,32.4694],[-83.4937,32.4719],[-83.4967,32.4711],[-83.4975,32.4722],[-83.4943,32.4752],[-83.4892,32.4764],[-83.4908,32.4782],[-83.4919,32.4766],[-83.4935,32.4769],[-83.4926,32.48],[-83.4947,32.4808],[-83.4977,32.4799],[-83.4987,32.4816],[-83.4948,32.4841],[-83.4931,32.4819],[-83.492,32.4836],[-83.4889,32.4838],[-83.4886,32.4855],[-83.4915,32.486],[-83.4936,32.49],[-83.4973,32.4891],[-83.5117,32.4951],[-83.5149,32.4972],[-83.5129,32.4981],[-83.5133,32.4991],[-83.5182,32.499],[-83.5181,32.5041],[-83.5197,32.5042],[-83.5209,32.5021],[-83.5244,32.5057],[-83.5201,32.5077],[-83.5213,32.5095],[-83.5206,32.5107],[-83.5231,32.5108],[-83.5241,32.5126],[-83.5275,32.5118],[-83.5303,32.5181],[-83.5327,32.5162],[-83.534,32.5166],[-83.5348,32.5213],[-83.5326,32.5222],[-83.533,32.5235],[-83.5371,32.5226],[-83.537,32.5248],[-83.5398,32.5243],[-83.5354,32.53],[-83.5356,32.5334],[-83.5375,32.5343],[-83.5399,32.5409],[-83.539,32.542],[-83.5374,32.5412],[-83.5361,32.544],[-83.5373,32.5478],[-83.5403,32.5481],[-83.5418,32.5502],[-83.5383,32.5513],[-83.5399,32.5535],[-83.5389,32.5557],[-83.5409,32.5549],[-83.5438,32.5573],[-83.5451,32.5557],[-83.5461,32.5566],[-83.5449,32.5582],[-83.5478,32.5594],[-83.5459,32.5603],[-83.5453,32.563],[-83.5484,32.5635],[-83.5482,32.5718],[-83.5476,32.5733],[-83.5432,32.5745],[-83.5413,32.5774],[-83.5367,32.5746],[-83.5363,32.583],[-83.5341,32.5857],[-83.5368,32.5865],[-83.5382,32.5839],[-83.54,32.5848],[-83.5402,32.5876],[-83.5388,32.5863],[-83.5372,32.5884],[-83.54,32.5906],[-83.5417,32.5993],[-83.5403,32.6026],[-83.538,32.6029],[-83.5407,32.6058],[-83.5404,32.6075],[-83.5437,32.6071],[-83.5437,32.6083],[-83.5419,32.6085],[-83.5436,32.6094],[-83.5437,32.611],[-83.5459,32.6102],[-83.5475,32.6135],[-83.5469,32.6151],[-83.549,32.6164],[-83.5415,32.6203],[-83.5439,32.6223],[-83.5429,32.6258],[-83.5451,32.6271],[-83.5442,32.629],[-83.5463,32.6296],[-83.5451,32.6322],[-83.5475,32.6309],[-83.551,32.6348],[-83.5511,32.6365],[-83.5487,32.6392],[-83.5493,32.642],[-83.5512,32.6407],[-83.5548,32.6442],[-83.5575,32.6448],[-83.5583,32.6495],[-83.557,32.6481],[-83.5545,32.6482],[-83.5569,32.6509],[-83.5558,32.6525],[-83.5588,32.652],[-83.5616,32.6538],[-83.5608,32.658],[-83.5628,32.6597],[-83.5662,32.6608],[-83.5668,32.6588],[-83.57,32.6599],[-83.5706,32.6573],[-83.5715,32.659],[-83.5731,32.658],[-83.5751,32.6587],[-83.5791,32.6571],[-83.5803,32.6551],[-83.5824,32.6552],[-83.5804,32.6584],[-83.5818,32.6589],[-83.5853,32.6573],[-83.5858,32.6627],[-83.5882,32.6628],[-83.5888,32.6643],[-83.5909,32.6639],[-83.591,32.6655],[-83.5937,32.6651],[-83.5942,32.6664],[-83.5961,32.6643],[-83.5977,32.6643],[-83.5972,32.6669],[-83.6013,32.6697],[-83.5998,32.6718],[-83.6033,32.6719],[-83.6068,32.6737],[-83.6053,32.6749],[-83.607,32.6791],[-83.6058,32.6824],[-83.6084,32.6836],[-83.6078,32.6869],[-83.6111,32.6885],[-83.6085,32.688],[-83.6083,32.6901],[-83.6064,32.691],[-83.6086,32.691],[-83.6086,32.6926],[-83.6116,32.6949],[-83.6113,32.6962],[-83.6096,32.6966],[-83.6103,32.6988],[-83.6082,32.6979],[-83.6069,32.7015],[-83.6024,32.6996],[-83.605,32.7017],[-83.6027,32.7012],[-83.5998,32.704],[-83.6005,32.7082],[-83.5987,32.7098],[-83.5988,32.7117],[-83.5972,32.712],[-83.5969,32.714],[-83.6007,32.7141],[-83.6008,32.7177],[-83.6037,32.717],[-83.6042,32.7179],[-83.6012,32.72],[-83.5989,32.7184],[-83.6005,32.721],[-83.5984,32.7229],[-83.6008,32.7251],[-83.5981,32.7253],[-83.5965,32.7285],[-83.6001,32.7298],[-83.598,32.7316],[-83.5951,32.7318],[-83.5999,32.7338],[-83.5976,32.7367],[-83.6003,32.7368],[-83.6019,32.7385],[-83.5987,32.7404],[-83.6024,32.7413],[-83.599,32.7434],[-83.593,32.7389],[-83.5856,32.7448],[-83.5787,32.7381],[-83.5026,32.8011],[-83.498,32.8007],[-83.4929,32.8051],[-83.4958,32.8076],[-83.4965,32.8069],[-83.4988,32.8106],[-83.497,32.8127],[-83.4985,32.8151],[-83.4956,32.8171],[-83.4966,32.8184],[-83.4894,32.8241],[-83.5135,32.8449],[-83.407,32.8982],[-83.2429,32.6088],[-83.2265,32.5842]]]}},{"type":"Feature","properties":{"leaid":"1305250","name":"Union County School District","kind":"Unified","gradeLow":"PK","gradeHigh":"12","state":"GA"},"geometry":{"type":"Polygon","coordinates":[[[-83.9364,34.9876],[-83.9366,34.9823],[-83.9416,34.9756],[-83.9462,34.9729],[-83.9454,34.9723],[-83.9462,34.9708],[-83.9356,34.9652],[-83.9352,34.9611],[-83.9267,34.9555],[-83.9236,34.9471],[-83.9174,34.9419],[-83.9186,34.9403],[-83.9158,34.9365],[-83.9167,34.9319],[-83.9186,34.9299],[-83.9179,34.9289],[-83.9148,34.9269],[-83.8658,34.9147],[-83.8664,34.9128],[-83.8652,34.9098],[-83.8565,34.9035],[-83.8565,34.8989],[-83.833,34.8996],[-83.8332,34.9062],[-83.8401,34.9064],[-83.8401,34.9096],[-83.8269,34.9109],[-83.8211,34.9137],[-83.819,34.9136],[-83.815,34.9095],[-83.8124,34.909],[-83.8089,34.9047],[-83.8049,34.8956],[-83.8054,34.8912],[-83.8089,34.8872],[-83.8087,34.8839],[-83.8118,34.8733],[-83.8087,34.8638],[-83.8094,34.8606],[-83.8012,34.8528],[-83.7991,34.8485],[-83.7912,34.8435],[-83.7949,34.8383],[-83.7963,34.8268],[-83.7946,34.8246],[-83.7899,34.8243],[-83.7848,34.8195],[-83.7806,34.8184],[-83.7803,34.7929],[-83.8113,34.7861],[-83.8259,34.7785],[-83.827,34.7729],[-83.8294,34.7708],[-83.8289,34.7682],[-83.8307,34.7659],[-83.8293,34.7619],[-83.8299,34.7582],[-83.8257,34.7492],[-83.825,34.7437],[-83.8297,34.7404],[-83.8304,34.7359],[-83.8294,34.7309],[-83.8382,34.729],[-83.8402,34.7251],[-83.8433,34.7264],[-83.8505,34.7262],[-83.8568,34.7222],[-83.8586,34.7236],[-83.8623,34.7238],[-83.8636,34.7263],[-83.8698,34.7274],[-83.8774,34.7233],[-83.8858,34.7268],[-83.8934,34.7259],[-83.8966,34.7301],[-83.9001,34.7322],[-83.9058,34.7313],[-83.9101,34.7345],[-83.9182,34.7349],[-83.9213,34.7345],[-83.9166,34.727],[-83.9643,34.7271],[-83.9669,34.7235],[-83.9716,34.7233],[-83.9729,34.7192],[-83.9757,34.7184],[-83.9772,34.7165],[-83.9826,34.7159],[-83.9895,34.7076],[-83.9871,34.7048],[-83.9876,34.7022],[-83.9864,34.7002],[-83.9921,34.6959],[-83.9905,34.6943],[-83.9956,34.6833],[-83.9944,34.6785],[-84.0009,34.6777],[-84.0088,34.6733],[-84.0158,34.6731],[-84.0184,34.6702],[-84.0241,34.6708],[-84.0271,34.667],[-84.0262,34.6637],[-84.0292,34.661],[-84.0283,34.6569],[-84.0304,34.6526],[-84.0385,34.6517],[-84.0372,34.6494],[-84.0365,34.6419],[-84.0424,34.6423],[-84.0454,34.6406],[-84.0482,34.6409],[-84.05,34.6435],[-84.0565,34.6435],[-84.0626,34.6491],[-84.0677,34.648],[-84.0663,34.651],[-84.0687,34.652],[-84.0715,34.657],[-84.0794,34.6568],[-84.0801,34.6537],[-84.0867,34.653],[-84.0885,34.6513],[-84.0912,34.653],[-84.0991,34.6532],[-84.1065,34.6563],[-84.1173,34.6584],[-84.1189,34.6609],[-84.1249,34.6644],[-84.1374,34.6608],[-84.1381,34.6598],[-84.1365,34.6556],[-84.138,34.6529],[-84.1463,34.6466],[-84.149,34.6468],[-84.1518,34.6513],[-84.1542,34.65],[-84.1545,34.6485],[-84.158,34.6482],[-84.1036,34.7278],[-84.0932,34.7278],[-84.0932,34.8014],[-84.1,34.8017],[-84.1046,34.7989],[-84.111,34.798],[-84.114,34.7988],[-84.124,34.796],[-84.1417,34.8073],[-84.1399,34.8103],[-84.1405,34.8156],[-84.1412,34.8195],[-84.146,34.8262],[-84.1446,34.8279],[-84.1456,34.836],[-84.1476,34.8375],[-84.1465,34.8405],[-84.1475,34.8446],[-84.1421,34.8501],[-84.1425,34.854],[-84.1325,34.8598],[-84.129,34.8647],[-84.1265,34.8638],[-84.1197,34.8649],[-84.1137,34.8704],[-84.1074,34.8869],[-84.1081,34.8881],[-84.1123,34.8882],[-84.1146,34.8897],[-84.1192,34.8954],[-84.1216,34.9015],[-84.1259,34.9061],[-84.1255,34.9089],[-84.1294,34.9112],[-84.1335,34.9165],[-84.1383,34.9154],[-84.1462,34.9197],[-84.1491,34.9196],[-84.1503,34.9236],[-84.1523,34.9256],[-84.1608,34.9269],[-84.1635,34.9312],[-84.1633,34.9361],[-84.1677,34.9359],[-84.1713,34.9376],[-84.1739,34.9433],[-84.1787,34.9465],[-84.1788,34.9521],[-84.1752,34.9545],[-84.1749,34.9567],[-84.1724,34.9593],[-84.168,34.9603],[-84.1659,34.9634],[-84.1602,34.9656],[-84.1592,34.9676],[-84.155,34.9701],[-84.1527,34.9703],[-84.1486,34.9761],[-84.1434,34.9766],[-84.1417,34.9796],[-84.1337,34.9832],[-84.1294,34.9875],[-83.9364,34.9876]]]}},{"type":"Feature","properties":{"leaid":"1305280","name":"Upson County School District","kind":"Unified","gradeLow":"PK","gradeHigh":"12","state":"GA"},"geometry":{"type":"MultiPolygon","coordinates":[[[[-84.2987,32.9997],[-84.293,32.9997],[-84.2923,32.996],[-84.2891,32.9913],[-84.1224,32.9896],[-84.1243,32.8009],[-84.1493,32.8012],[-84.2026,32.69],[-84.2032,32.6975],[-84.2067,32.6996],[-84.2096,32.6996],[-84.2114,32.7013],[-84.2194,32.7203],[-84.2313,32.7224],[-84.2363,32.721],[-84.2346,32.7271],[-84.2292,32.7323],[-84.2358,32.7383],[-84.2411,32.7376],[-84.2457,32.7309],[-84.2547,32.7253],[-84.2537,32.7222],[-84.2564,32.7227],[-84.2575,32.7243],[-84.2563,32.726],[-84.2568,32.7293],[-84.2615,32.7355],[-84.2627,32.7393],[-84.2843,32.7445],[-84.2904,32.7536],[-84.2997,32.756],[-84.3014,32.7613],[-84.3161,32.7555],[-84.3251,32.7624],[-84.3288,32.7621],[-84.3323,32.7596],[-84.3361,32.7597],[-84.3397,32.7627],[-84.3448,32.7758],[-84.3495,32.7818],[-84.3536,32.7836],[-84.3574,32.7821],[-84.3545,32.7755],[-84.3556,32.7736],[-84.3594,32.7748],[-84.363,32.7782],[-84.3697,32.7762],[-84.3825,32.7803],[-84.3858,32.7833],[-84.3864,32.7864],[-84.391,32.787],[-84.3923,32.7946],[-84.3958,32.8004],[-84.3969,32.8058],[-84.4029,32.8127],[-84.4018,32.816],[-84.4027,32.8174],[-84.4086,32.822],[-84.4084,32.8264],[-84.4102,32.8273],[-84.4149,32.8345],[-84.4201,32.8365],[-84.4212,32.8388],[-84.4342,32.8381],[-84.4356,32.8341],[-84.4427,32.8252],[-84.4484,32.825],[-84.4566,32.8287],[-84.4588,32.8413],[-84.4673,32.853],[-84.4765,32.8561],[-84.4809,32.8521],[-84.4831,32.8523],[-84.4901,32.8569],[-84.4892,32.8623],[-84.4753,32.8725],[-84.4759,32.8769],[-84.4867,32.8791],[-84.4976,32.8836],[-84.5033,32.8817],[-84.5084,32.8827],[-84.5097,32.8845],[-84.5082,32.9034],[-84.512,32.913],[-84.5172,32.915],[-84.5233,32.9131],[-84.5269,32.9141],[-84.5265,32.9158],[-84.5244,32.917],[-84.5242,32.9194],[-84.528,32.9279],[-84.5224,32.9331],[-84.5229,32.9379],[-84.5193,32.9463],[-84.519,32.9508],[-84.5243,32.9604],[-84.5334,32.9616],[-84.5344,32.9642],[-84.5326,32.969],[-84.5293,32.9707],[-84.5243,32.9687],[-84.5204,32.9685],[-84.5112,32.9721],[-84.5088,32.9714],[-84.5057,32.9726],[-84.4992,32.9797],[-84.5019,32.9832],[-84.4983,32.9827],[-84.4956,32.9845],[-84.4948,32.9883],[-84.4901,32.9907],[-84.4911,32.9922],[-84.4897,32.9937],[-84.2987,32.9915],[-84.2987,32.9997]]],[[[-84.2987,32.9997],[-84.3027,32.9997],[-84.3027,33.0042],[-84.2987,33.0041],[-84.2987,32.9997]]]]}},{"type":"Feature","properties":{"leaid":"1305340","name":"Vidalia City School District","kind":"Unified","gradeLow":"PK","gradeHigh":"12","state":"GA"},"geometry":{"type":"Polygon","coordinates":[[[-82.4438,32.2033],[-82.4417,32.2051],[-82.4445,32.2092],[-82.4457,32.2177],[-82.4449,32.2248],[-82.4509,32.2235],[-82.4525,32.2254],[-82.4501,32.2256],[-82.4527,32.2322],[-82.4512,32.2376],[-82.4494,32.2364],[-82.4441,32.2374],[-82.4402,32.2416],[-82.4361,32.2387],[-82.4236,32.2459],[-82.4081,32.2476],[-82.3935,32.2433],[-82.3867,32.2386],[-82.3814,32.2323],[-82.3764,32.2311],[-82.376,32.2265],[-82.3777,32.2223],[-82.378,32.2132],[-82.3614,32.2103],[-82.3618,32.2087],[-82.36,32.2125],[-82.3541,32.2124],[-82.351,32.2098],[-82.3487,32.2096],[-82.3515,32.2031],[-82.351,32.1975],[-82.3448,32.196],[-82.35,32.1917],[-82.3492,32.1878],[-82.3471,32.187],[-82.3478,32.1859],[-82.3467,32.1844],[-82.3487,32.1827],[-82.347,32.1816],[-82.3533,32.1791],[-82.3543,32.181],[-82.3555,32.1804],[-82.3545,32.1786],[-82.3593,32.1783],[-82.3614,32.1812],[-82.359,32.1844],[-82.3565,32.1837],[-82.3557,32.186],[-82.3581,32.1877],[-82.3611,32.1875],[-82.3605,32.1839],[-82.3616,32.1828],[-82.3675,32.1859],[-82.3739,32.1839],[-82.373,32.1784],[-82.375,32.1772],[-82.3747,32.1756],[-82.3761,32.177],[-82.3797,32.1774],[-82.3786,32.1808],[-82.3799,32.1807],[-82.3799,32.1849],[-82.3821,32.1839],[-82.3844,32.1879],[-82.3868,32.1894],[-82.3921,32.1859],[-82.3992,32.1853],[-82.3978,32.1839],[-82.4002,32.1845],[-82.4011,32.1873],[-82.4099,32.1829],[-82.4152,32.1871],[-82.4173,32.1911],[-82.4253,32.1929],[-82.4267,32.1917],[-82.4291,32.1941],[-82.4325,32.1912],[-82.4331,32.1931],[-82.4417,32.1922],[-82.4423,32.1929],[-82.4397,32.1939],[-82.4407,32.1962],[-82.4386,32.1967],[-82.4376,32.1997],[-82.4415,32.2046],[-82.4438,32.2033]],[[-82.3538,32.1953],[-82.3545,32.1962],[-82.3555,32.1959],[-82.3547,32.1949],[-82.3538,32.1953]]]}},{"type":"Feature","properties":{"leaid":"1305430","name":"Ware County School District","kind":"Unified","gradeLow":"PK","gradeHigh":"12","state":"GA"},"geometry":{"type":"Polygon","coordinates":[[[-82.6282,31.4694],[-82.4947,31.4687],[-82.4937,31.4429],[-82.4814,31.4431],[-82.4815,31.4175],[-82.4172,31.4171],[-82.4174,31.405],[-82.4026,31.4048],[-82.4026,31.3909],[-82.417,31.3909],[-82.417,31.3789],[-82.4026,31.3788],[-82.4026,31.365],[-82.3895,31.3649],[-82.3902,31.3107],[-82.3874,31.3107],[-82.3872,31.2971],[-82.3853,31.2973],[-82.3858,31.2953],[-82.3839,31.2931],[-82.384,31.2914],[-82.3747,31.2902],[-82.372,31.2874],[-82.3675,31.2859],[-82.3682,31.2838],[-82.3703,31.2841],[-82.3685,31.2826],[-82.3685,31.2782],[-82.3695,31.2773],[-82.3663,31.2737],[-82.363,31.2731],[-82.3613,31.2744],[-82.3593,31.2726],[-82.3602,31.2714],[-82.3627,31.2721],[-82.3621,31.2693],[-82.3598,31.2686],[-82.3601,31.267],[-82.3567,31.2655],[-82.358,31.2633],[-82.3559,31.2634],[-82.3559,31.2617],[-82.3529,31.2609],[-82.3506,31.2554],[-82.3472,31.2557],[-82.347,31.254],[-82.3443,31.2547],[-82.3408,31.2525],[-82.3395,31.2485],[-82.3367,31.2461],[-82.3325,31.245],[-82.3331,31.2417],[-82.3187,31.237],[-82.3176,31.2349],[-82.318,31.2315],[-82.3147,31.2312],[-82.3127,31.2284],[-82.3136,31.2274],[-82.315,31.2279],[-82.315,31.226],[-82.3067,31.2254],[-82.3048,31.2264],[-82.3031,31.2247],[-82.2977,31.2247],[-82.2973,31.2261],[-82.2964,31.2255],[-82.2951,31.2266],[-82.2881,31.2258],[-82.2878,31.2235],[-82.2846,31.2244],[-82.2843,31.1922],[-82.2506,31.1822],[-82.2304,31.1686],[-82.2087,31.1709],[-82.2083,31.0848],[-82.1636,31.0486],[-82.1317,31.0107],[-82.4156,31.0136],[-82.4151,30.9525],[-82.4204,30.7952],[-82.1782,30.791],[-82.1499,30.7843],[-82.2147,30.5686],[-82.4189,30.5818],[-82.4188,30.6131],[-82.4309,30.6128],[-82.4312,30.6514],[-82.4291,30.6641],[-82.4289,30.6903],[-82.4351,30.7035],[-82.4351,30.7166],[-82.42,30.7166],[-82.4201,30.7292],[-82.4352,30.7291],[-82.4359,30.8201],[-82.4955,30.8196],[-82.4922,30.8326],[-82.4906,30.9632],[-82.5201,30.9631],[-82.5212,30.9671],[-82.5276,30.9698],[-82.537,30.9857],[-82.5458,30.9897],[-82.55,30.9964],[-82.5506,31.0009],[-82.5579,31.0022],[-82.5721,31.0103],[-82.5768,31.0097],[-82.5799,31.0107],[-82.5872,31.0176],[-82.5921,31.0185],[-82.6897,31.2214],[-82.6908,31.2234],[-82.701,31.2232],[-82.6992,31.2781],[-82.6812,31.2853],[-82.6742,31.2838],[-82.6688,31.2859],[-82.6688,31.2869],[-82.6671,31.2866],[-82.667,31.2878],[-82.6648,31.287],[-82.6638,31.2881],[-82.6614,31.2856],[-82.6593,31.2864],[-82.6549,31.2853],[-82.6546,31.2862],[-82.6527,31.2839],[-82.6503,31.2839],[-82.645,31.2782],[-82.6431,31.279],[-82.6379,31.2777],[-82.6388,31.2745],[-82.636,31.2737],[-82.6343,31.2746],[-82.632,31.2733],[-82.6296,31.2747],[-82.6282,31.4694]]]}},{"type":"Feature","properties":{"leaid":"1305460","name":"Warren County School District","kind":"Unified","gradeLow":"PK","gradeHigh":"12","state":"GA"},"geometry":{"type":"Polygon","coordinates":[[[-82.6497,33.6088],[-82.6416,33.5922],[-82.6389,33.5823],[-82.5846,33.4497],[-82.5536,33.4158],[-82.5443,33.3747],[-82.5494,33.3577],[-82.5476,33.3546],[-82.5481,33.3528],[-82.5448,33.3518],[-82.5358,33.3575],[-82.5267,33.3539],[-82.5249,33.3504],[-82.5184,33.3489],[-82.5155,33.3451],[-82.5108,33.3421],[-82.5011,33.3429],[-82.5002,33.3391],[-82.4985,33.3377],[-82.4906,33.3381],[-82.487,33.3399],[-82.4742,33.3394],[-82.4686,33.3417],[-82.4656,33.3402],[-82.4608,33.3412],[-82.4585,33.3401],[-82.4507,33.3408],[-82.4478,33.3371],[-82.4426,33.3377],[-82.437,33.3364],[-82.4348,33.3328],[-82.4317,33.3338],[-82.4253,33.3301],[-82.4177,33.3325],[-82.4176,33.3277],[-82.4121,33.3243],[-82.4108,33.3197],[-82.4078,33.3181],[-82.403,33.3181],[-82.4016,33.3156],[-82.3988,33.314],[-82.3838,33.3121],[-82.432,33.2748],[-82.4968,33.303],[-82.5047,33.305],[-82.5598,33.3273],[-82.5686,33.3253],[-82.5739,33.3225],[-82.5903,33.3219],[-82.5982,33.3131],[-82.61,33.3105],[-82.6156,33.3068],[-82.6276,33.3083],[-82.6313,33.3076],[-82.6374,33.3034],[-82.6467,33.301],[-82.6495,33.2964],[-82.6544,33.2919],[-82.6594,33.2899],[-82.6784,33.2742],[-82.6866,33.272],[-82.7034,33.2727],[-82.7077,33.2695],[-82.7184,33.2649],[-82.7245,33.2598],[-82.7335,33.2562],[-82.7435,33.2574],[-82.7469,33.2559],[-82.7539,33.2554],[-82.7558,33.2534],[-82.7589,33.2549],[-82.763,33.2538],[-82.765,33.259],[-82.7694,33.2588],[-82.7704,33.2608],[-82.7737,33.26],[-82.7757,33.2648],[-82.7834,33.2684],[-82.7855,33.2678],[-82.782,33.271],[-82.7842,33.2741],[-82.7846,33.2779],[-82.7808,33.2813],[-82.7818,33.2851],[-82.7808,33.2868],[-82.7823,33.2878],[-82.7808,33.2894],[-82.7807,33.2923],[-82.7827,33.297],[-82.7817,33.2985],[-82.7835,33.3002],[-82.7816,33.3057],[-82.7821,33.3069],[-82.7839,33.3069],[-82.7835,33.3092],[-82.7851,33.31],[-82.7935,33.3097],[-82.7958,33.3154],[-82.7959,33.3189],[-82.789,33.3191],[-82.7894,33.3219],[-82.797,33.3247],[-82.7995,33.3308],[-82.7979,33.3338],[-82.7982,33.3391],[-82.797,33.3403],[-82.7988,33.3424],[-82.7985,33.3471],[-82.8016,33.3488],[-82.7975,33.3563],[-82.8006,33.3589],[-82.7999,33.3618],[-82.803,33.3652],[-82.8095,33.365],[-82.8124,33.3637],[-82.8141,33.3652],[-82.8138,33.3682],[-82.8163,33.3725],[-82.8218,33.3738],[-82.8172,33.3773],[-82.8191,33.3793],[-82.8174,33.3837],[-82.8179,33.3873],[-82.8217,33.39],[-82.8259,33.3905],[-82.828,33.393],[-82.8243,33.3937],[-82.8279,33.3982],[-82.8225,33.3999],[-82.8247,33.4039],[-82.8224,33.4067],[-82.8231,33.4103],[-82.8265,33.4131],[-82.8262,33.4182],[-82.8232,33.4211],[-82.8243,33.424],[-82.8226,33.4258],[-82.8258,33.4287],[-82.8346,33.4317],[-82.8342,33.4355],[-82.8399,33.4309],[-82.8464,33.4359],[-82.8484,33.4408],[-82.8516,33.4424],[-82.855,33.4488],[-82.8559,33.4484],[-82.8552,33.4502],[-82.8562,33.4521],[-82.8553,33.4523],[-82.858,33.4545],[-82.8576,33.4553],[-82.8614,33.4561],[-82.8607,33.4595],[-82.8637,33.4644],[-82.8666,33.4666],[-82.8571,33.4713],[-82.8461,33.4833],[-82.839,33.4885],[-82.8387,33.492],[-82.8356,33.4985],[-82.8246,33.5022],[-82.8228,33.5055],[-82.8224,33.5135],[-82.8234,33.5154],[-82.8199,33.5191],[-82.8153,33.5211],[-82.7876,33.5107],[-82.7815,33.5128],[-82.7718,33.5124],[-82.7673,33.5146],[-82.7513,33.5101],[-82.7473,33.5117],[-82.7459,33.5129],[-82.7459,33.5158],[-82.7427,33.5182],[-82.7432,33.5209],[-82.7412,33.5226],[-82.7419,33.5246],[-82.7407,33.5284],[-82.7352,33.5283],[-82.7344,33.5296],[-82.7316,33.5302],[-82.7312,33.5326],[-82.7304,33.5316],[-82.7278,33.533],[-82.7257,33.538],[-82.7224,33.5388],[-82.7215,33.5411],[-82.7224,33.5457],[-82.7213,33.5458],[-82.721,33.5477],[-82.7217,33.5498],[-82.7195,33.5521],[-82.7245,33.5528],[-82.7239,33.5554],[-82.722,33.5601],[-82.7195,33.561],[-82.7183,33.5649],[-82.7165,33.5634],[-82.7115,33.5665],[-82.7117,33.5718],[-82.7098,33.572],[-82.7077,33.5763],[-82.7083,33.5773],[-82.7039,33.5793],[-82.7047,33.5814],[-82.7029,33.584],[-82.705,33.5875],[-82.7042,33.5892],[-82.7008,33.5918],[-82.6983,33.5912],[-82.6952,33.5931],[-82.6887,33.5902],[-82.6816,33.5991],[-82.678,33.6008],[-82.6726,33.6013],[-82.6703,33.6041],[-82.6673,33.6032],[-82.6647,33.6045],[-82.6587,33.6029],[-82.6565,33.5966],[-82.6546,33.5972],[-82.6524,33.5961],[-82.6559,33.6066],[-82.6521,33.6114],[-82.6497,33.6088]]]}},{"type":"Feature","properties":{"leaid":"1305700","name":"Whitfield County School District","kind":"Unified","gradeLow":"PK","gradeHigh":"12","state":"GA"},"geometry":{"type":"MultiPolygon","coordinates":[[[[-84.9799,34.9876],[-84.8105,34.9876],[-84.8135,34.9858],[-84.8142,34.9829],[-84.8144,34.9705],[-84.8173,34.9656],[-84.8221,34.9643],[-84.8211,34.9587],[-84.8262,34.9552],[-84.8262,34.951],[-84.8278,34.9509],[-84.8338,34.946],[-84.8352,34.9429],[-84.8343,34.9399],[-84.8355,34.9396],[-84.8365,34.9355],[-84.8389,34.9333],[-84.8385,34.9309],[-84.8397,34.9305],[-84.84,34.9255],[-84.8427,34.9181],[-84.8363,34.9125],[-84.8362,34.9071],[-84.8308,34.9066],[-84.8274,34.9031],[-84.8241,34.9017],[-84.8271,34.8986],[-84.8307,34.8983],[-84.8299,34.8955],[-84.8326,34.8975],[-84.8334,34.8968],[-84.8294,34.8892],[-84.8265,34.8891],[-84.8284,34.8865],[-84.8255,34.8842],[-84.8261,34.8821],[-84.8226,34.8787],[-84.8208,34.8793],[-84.8212,34.8767],[-84.8184,34.8767],[-84.8183,34.8694],[-84.8208,34.8651],[-84.8303,34.8594],[-84.8359,34.8597],[-84.839,34.863],[-84.8424,34.8613],[-84.8422,34.8596],[-84.8396,34.8583],[-84.8369,34.8543],[-84.8444,34.8531],[-84.8474,34.85],[-84.8481,34.8463],[-84.8505,34.8431],[-84.8531,34.8428],[-84.8519,34.8383],[-84.8555,34.8346],[-84.8515,34.8349],[-84.8489,34.8317],[-84.8518,34.8241],[-84.8557,34.8242],[-84.8567,34.8207],[-84.8549,34.8197],[-84.8629,34.8142],[-84.8582,34.8062],[-84.8484,34.8047],[-84.842,34.8052],[-84.8405,34.8022],[-84.838,34.8008],[-84.8386,34.7972],[-84.8454,34.7947],[-84.8557,34.7933],[-84.8615,34.7884],[-84.8633,34.784],[-84.8682,34.7845],[-84.872,34.7888],[-84.8739,34.7893],[-84.8747,34.7875],[-84.8728,34.7827],[-84.8768,34.7812],[-84.8788,34.7787],[-84.8759,34.772],[-84.8669,34.7668],[-84.8666,34.7618],[-84.8681,34.7602],[-84.8666,34.7582],[-84.8678,34.7557],[-84.8662,34.7552],[-84.861,34.7569],[-84.8586,34.7562],[-84.8541,34.7489],[-84.8566,34.7487],[-84.8577,34.7453],[-84.8511,34.7419],[-84.8523,34.7406],[-84.8557,34.7409],[-84.8573,34.7367],[-84.864,34.7335],[-84.8671,34.735],[-84.8667,34.7393],[-84.8709,34.7379],[-84.8727,34.7326],[-84.8679,34.7295],[-84.8749,34.7294],[-84.8742,34.7312],[-84.8783,34.7323],[-84.8821,34.7314],[-84.8801,34.731],[-84.8808,34.7282],[-84.875,34.7226],[-84.8693,34.7179],[-84.8661,34.7176],[-84.8631,34.7153],[-84.8619,34.7161],[-84.8635,34.7176],[-84.8629,34.7243],[-84.8646,34.725],[-84.8657,34.7277],[-84.8615,34.7251],[-84.8561,34.7245],[-84.8593,34.7149],[-84.8647,34.7073],[-84.8837,34.7147],[-84.8865,34.709],[-84.8914,34.7049],[-84.9235,34.7162],[-84.9341,34.7122],[-84.9344,34.7079],[-84.9297,34.7028],[-84.9132,34.6955],[-84.9071,34.6907],[-84.9044,34.6852],[-84.8993,34.6822],[-84.8874,34.6778],[-84.8888,34.6672],[-84.8992,34.6642],[-84.9018,34.6656],[-84.906,34.675],[-84.9106,34.6815],[-84.9195,34.6811],[-84.93,34.6759],[-84.9357,34.6765],[-84.943,34.6804],[-84.9443,34.68],[-84.9439,34.6756],[-84.9383,34.6691],[-84.9353,34.6674],[-84.9273,34.6663],[-84.9236,34.6495],[-84.9206,34.644],[-84.9131,34.6396],[-84.9142,34.6304],[-84.9279,34.6254],[-84.9254,34.6202],[-84.9262,34.6157],[-85.0504,34.616],[-85.0508,34.72],[-85.1689,34.7203],[-85.1667,34.7288],[-85.1641,34.7318],[-85.1506,34.759],[-85.1449,34.7673],[-85.137,34.8021],[-85.1319,34.8145],[-85.1317,34.8197],[-85.1226,34.8192],[-85.1227,34.8121],[-85.1054,34.8123],[-85.1053,34.8192],[-85.0616,34.8195],[-85.0616,34.8636],[-85.0327,34.8637],[-85.0327,34.8711],[-85.0233,34.8711],[-85.0234,34.9008],[-85.0139,34.9008],[-85.0138,34.9115],[-85.0113,34.9116],[-85.0091,34.9153],[-85.0094,34.9177],[-85.0071,34.9181],[-85.0078,34.9199],[-85.0063,34.9212],[-85.0057,34.9272],[-85.0034,34.9282],[-85.0029,34.9323],[-84.9995,34.9368],[-85.0001,34.9384],[-84.9979,34.9402],[-84.9974,34.9724],[-84.9797,34.9728],[-84.9799,34.9876]],[[-84.9991,34.7434],[-84.9995,34.7452],[-84.9977,34.7445],[-84.9977,34.7464],[-84.9958,34.745],[-84.9966,34.7434],[-84.9938,34.7434],[-84.9952,34.7424],[-84.9938,34.7399],[-84.9952,34.7398],[-84.9938,34.7388],[-84.9939,34.7358],[-84.9925,34.7327],[-84.99,34.732],[-84.9884,34.7339],[-84.989,34.7349],[-84.9879,34.7346],[-84.989,34.7362],[-84.9867,34.7362],[-84.9879,34.7368],[-84.9867,34.7385],[-84.989,34.7379],[-84.989,34.7393],[-84.9905,34.7388],[-84.9911,34.7398],[-84.9898,34.7403],[-84.9905,34.7428],[-84.989,34.7429],[-84.9889,34.7465],[-84.9902,34.7464],[-84.9902,34.7474],[-84.9811,34.7469],[-84.9803,34.7434],[-84.9757,34.7433],[-84.9722,34.7469],[-84.973,34.75],[-84.9702,34.7492],[-84.9712,34.7508],[-84.9693,34.7517],[-84.9697,34.7505],[-84.968,34.7503],[-84.9694,34.7469],[-84.9664,34.7469],[-84.968,34.7425],[-84.9699,34.7424],[-84.9719,34.736],[-84.9752,34.7363],[-84.9756,34.7349],[-84.9713,34.7354],[-84.9707,34.7285],[-84.972,34.7253],[-84.9715,34.7228],[-84.9703,34.7228],[-84.9729,34.715],[-84.9681,34.7149],[-84.9681,34.7137],[-84.9711,34.7127],[-84.9711,34.7142],[-84.9731,34.7109],[-84.961,34.7107],[-84.9605,34.7127],[-84.9615,34.7132],[-84.9583,34.7134],[-84.9588,34.7163],[-84.9618,34.716],[-84.9621,34.7176],[-84.9546,34.7176],[-84.9538,34.7253],[-84.9668,34.7254],[-84.9677,34.7279],[-84.9655,34.7292],[-84.9655,34.7263],[-84.9626,34.7263],[-84.9626,34.7284],[-84.9591,34.7288],[-84.9595,34.7322],[-84.9626,34.7323],[-84.9626,34.7335],[-84.9561,34.735],[-84.9553,34.7322],[-84.9555,34.7381],[-84.9573,34.7377],[-84.9577,34.7393],[-84.9547,34.74],[-84.9536,34.7389],[-84.9536,34.7428],[-84.961,34.744],[-84.9607,34.7497],[-84.9597,34.7505],[-84.9575,34.7492],[-84.9559,34.7509],[-84.9582,34.7524],[-84.9568,34.7541],[-84.9537,34.754],[-84.9536,34.7468],[-84.9503,34.7468],[-84.9488,34.7517],[-84.9465,34.754],[-84.9474,34.754],[-84.9468,34.7568],[-84.9479,34.7575],[-84.9456,34.7575],[-84.9456,34.7586],[-84.9479,34.7586],[-84.9479,34.7597],[-84.9444,34.7595],[-84.9434,34.7581],[-84.9439,34.7611],[-84.9427,34.7611],[-84.9427,34.7595],[-84.9415,34.7595],[-84.9415,34.7611],[-84.9403,34.7611],[-84.9403,34.7595],[-84.936,34.7606],[-84.936,34.7539],[-84.9331,34.7539],[-84.9327,34.7574],[-84.9306,34.758],[-84.9292,34.7628],[-84.9274,34.7635],[-84.9287,34.7655],[-84.9327,34.7641],[-84.9325,34.7625],[-84.9343,34.7615],[-84.9329,34.7644],[-84.9394,34.7657],[-84.9415,34.7672],[-84.9387,34.7679],[-84.9379,34.7664],[-84.9377,34.7699],[-84.9401,34.7719],[-84.9408,34.7712],[-84.942,34.7755],[-84.9369,34.776],[-84.9361,34.7805],[-84.9394,34.7808],[-84.9394,34.7831],[-84.9433,34.7832],[-84.9433,34.7854],[-84.9425,34.7854],[-84.9423,34.7903],[-84.934,34.7902],[-84.9344,34.7833],[-84.9275,34.7833],[-84.9275,34.7855],[-84.9253,34.7851],[-84.9276,34.7867],[-84.9274,34.7893],[-84.9229,34.7902],[-84.923,34.7976],[-84.9267,34.7941],[-84.9266,34.7915],[-84.935,34.7915],[-84.9361,34.7935],[-84.9301,34.7937],[-84.9298,34.7973],[-84.9317,34.8001],[-84.9357,34.8022],[-84.9361,34.8048],[-84.9274,34.8048],[-84.9274,34.8123],[-84.9318,34.8123],[-84.9318,34.8146],[-84.9348,34.8149],[-84.9361,34.8124],[-84.9361,34.8051],[-84.9447,34.805],[-84.9448,34.8062],[-84.9459,34.8063],[-84.9458,34.8049],[-84.9487,34.8049],[-84.9467,34.806],[-84.9475,34.8098],[-84.9504,34.8097],[-84.9506,34.8125],[-84.9527,34.8124],[-84.9527,34.814],[-84.9537,34.814],[-84.9539,34.8105],[-84.9509,34.8094],[-84.9547,34.8067],[-84.9558,34.7982],[-84.9648,34.7966],[-84.9647,34.8029],[-84.966,34.8065],[-84.9719,34.8065],[-84.9719,34.7974],[-84.9731,34.7979],[-84.9721,34.7995],[-84.974,34.8031],[-84.9742,34.8066],[-84.9773,34.8066],[-84.9777,34.8106],[-84.9789,34.8106],[-84.978,34.8048],[-84.9803,34.8049],[-84.9805,34.7979],[-84.9824,34.7987],[-84.9825,34.797],[-84.9814,34.7971],[-84.9805,34.7948],[-84.981,34.793],[-84.9781,34.793],[-84.9772,34.7914],[-84.9805,34.791],[-84.981,34.7924],[-84.9836,34.7924],[-84.9821,34.7931],[-84.982,34.7954],[-84.984,34.794],[-84.9859,34.7959],[-84.9887,34.7954],[-84.9856,34.797],[-84.9866,34.7986],[-84.9895,34.7985],[-84.9896,34.7959],[-84.9896,34.7985],[-84.9936,34.7983],[-84.9924,34.8003],[-84.9924,34.8052],[-84.9899,34.8069],[-84.9891,34.8063],[-84.9869,34.8116],[-84.9896,34.8116],[-84.9896,34.8127],[-85.0026,34.8117],[-85.0043,34.8053],[-85.0041,34.8033],[-85.0018,34.8028],[-85.0045,34.8025],[-85.0036,34.7984],[-85.0145,34.8055],[-85.0163,34.8083],[-85.0166,34.8126],[-85.0182,34.8126],[-85.0179,34.8085],[-85.0163,34.8057],[-85.0048,34.7982],[-85.0065,34.797],[-85.0081,34.7982],[-85.0072,34.7988],[-85.0091,34.7999],[-85.0098,34.7989],[-85.0111,34.801],[-85.0111,34.7998],[-85.0124,34.7998],[-85.0124,34.7984],[-85.0105,34.7984],[-85.0104,34.7945],[-85.0071,34.7946],[-85.0061,34.7967],[-85.0049,34.7959],[-85.006,34.7951],[-85.0054,34.7925],[-85.0066,34.7907],[-85.0093,34.7912],[-85.0092,34.7902],[-85.0078,34.7905],[-85.0077,34.7851],[-85.0032,34.7864],[-85.004,34.7851],[-85.0018,34.7835],[-85.0051,34.7835],[-85.0065,34.7809],[-85.0066,34.7789],[-85.0047,34.779],[-85.0044,34.777],[-85.0088,34.777],[-85.0088,34.7697],[-85.0072,34.7688],[-85.0149,34.7688],[-85.015,34.7836],[-85.0245,34.7837],[-85.0244,34.7763],[-85.0372,34.7763],[-85.0372,34.7731],[-85.0353,34.7714],[-85.0367,34.7689],[-85.0332,34.7689],[-85.0332,34.7652],[-85.0171,34.7661],[-85.0179,34.7615],[-85.0242,34.7615],[-85.024,34.747],[-85.0154,34.747],[-85.0155,34.7419],[-85.0128,34.7472],[-85.0106,34.7488],[-85.0109,34.7503],[-85.0093,34.7511],[-85.0071,34.7573],[-85.0068,34.7563],[-85.0027,34.7563],[-85.0,34.7583],[-85.0005,34.7562],[-84.9993,34.7562],[-84.999,34.754],[-85.0018,34.754],[-85.0022,34.7451],[-85.0001,34.7452],[-85.0004,34.7435],[-85.0017,34.7437],[-85.0007,34.7425],[-84.9991,34.7434]],[[-84.9898,34.7417],[-84.9896,34.7395],[-84.9882,34.7399],[-84.989,34.7415],[-84.9882,34.7423],[-84.9898,34.7417]],[[-84.961,34.7107],[-84.9611,34.7097],[-84.9638,34.7096],[-84.9637,34.7083],[-84.9611,34.7084],[-84.9611,34.707],[-84.9637,34.7071],[-84.9636,34.7029],[-84.953,34.7032],[-84.9516,34.7007],[-84.9485,34.7008],[-84.9495,34.7027],[-84.9529,34.7037],[-84.9523,34.7093],[-84.9539,34.7101],[-84.954,34.711],[-84.9514,34.7099],[-84.9501,34.7111],[-84.9501,34.7153],[-84.9546,34.7153],[-84.9545,34.7137],[-84.956,34.7137],[-84.9546,34.7167],[-84.9578,34.7167],[-84.9575,34.7108],[-84.961,34.7107]],[[-84.9274,34.8048],[-84.9274,34.8023],[-84.9234,34.8023],[-84.9233,34.8],[-84.9185,34.8004],[-84.9185,34.8048],[-84.9274,34.8048]],[[-84.9361,34.8124],[-84.936,34.8196],[-84.9401,34.8196],[-84.9407,34.8125],[-84.9361,34.8124]],[[-84.998,34.7432],[-84.9992,34.7426],[-84.998,34.7426],[-84.998,34.7432]],[[-84.9477,34.7063],[-84.9491,34.7061],[-84.9492,34.7035],[-84.9478,34.7036],[-84.9478,34.7048],[-84.9463,34.7042],[-84.9462,34.707],[-84.9451,34.7069],[-84.9445,34.7044],[-84.9415,34.7083],[-84.9477,34.7078],[-84.9477,34.7063]],[[-84.9584,34.8038],[-84.9572,34.8034],[-84.9577,34.8043],[-84.9584,34.8038]],[[-84.9647,34.8126],[-84.9647,34.8104],[-84.9671,34.8099],[-84.9658,34.81],[-84.9656,34.8079],[-84.9644,34.8079],[-84.9648,34.8044],[-84.9637,34.8054],[-84.9615,34.8031],[-84.9623,34.8025],[-84.9614,34.8012],[-84.962,34.8021],[-84.9593,34.8055],[-84.9573,34.8048],[-84.9584,34.808],[-84.9598,34.8077],[-84.9601,34.8094],[-84.9622,34.809],[-84.9622,34.8124],[-84.9647,34.8126]],[[-84.9797,34.7919],[-84.9792,34.7914],[-84.9792,34.7917],[-84.9797,34.7919]]],[[[-84.9833,34.7936],[-84.9843,34.7931],[-84.9843,34.7936],[-84.9833,34.7936]]],[[[-84.9388,34.7682],[-84.9406,34.7689],[-84.9391,34.7691],[-84.9388,34.7682]]],[[[-84.9267,34.7912],[-84.9254,34.7902],[-84.9271,34.7902],[-84.9267,34.7912]]],[[[-84.936,34.7633],[-84.937,34.7627],[-84.9369,34.7633],[-84.936,34.7633]]],[[[-84.937,34.7642],[-84.9364,34.7635],[-84.9369,34.7635],[-84.937,34.7642]]],[[[-84.937,34.7638],[-84.9376,34.7626],[-84.9376,34.7638],[-84.937,34.7638]]],[[[-84.9376,34.7644],[-84.9371,34.7641],[-84.9376,34.7642],[-84.9376,34.7644]]],[[[-84.9381,34.7644],[-84.9377,34.7639],[-84.9381,34.764],[-84.9381,34.7644]]],[[[-84.9387,34.7636],[-84.9393,34.7633],[-84.9393,34.7636],[-84.9387,34.7636]]],[[[-84.9387,34.7649],[-84.9394,34.7654],[-84.9387,34.7654],[-84.9387,34.7649]]],[[[-84.9393,34.7627],[-84.9387,34.7617],[-84.9392,34.7617],[-84.9393,34.7627]]],[[[-84.9405,34.7702],[-84.9392,34.7693],[-84.9406,34.7692],[-84.9405,34.7702]]],[[[-84.9394,34.7641],[-84.94,34.7638],[-84.94,34.7641],[-84.9394,34.7641]]],[[[-84.9394,34.7646],[-84.94,34.7648],[-84.9394,34.7648],[-84.9394,34.7646]]],[[[-84.9399,34.7622],[-84.9405,34.7624],[-84.9399,34.7624],[-84.9399,34.7622]]],[[[-84.9407,34.764],[-84.9411,34.7638],[-84.9411,34.764],[-84.9407,34.764]]],[[[-84.9407,34.7645],[-84.9411,34.7642],[-84.9411,34.7645],[-84.9407,34.7645]]],[[[-84.9417,34.7656],[-84.9411,34.765],[-84.9417,34.765],[-84.9417,34.7656]]],[[[-84.9417,34.7619],[-84.9421,34.7613],[-84.9421,34.7619],[-84.9417,34.7619]]],[[[-84.9451,34.805],[-84.9454,34.8056],[-84.9451,34.8056],[-84.9451,34.805]]],[[[-84.9472,34.7902],[-84.9484,34.7862],[-84.9495,34.7862],[-84.9495,34.79],[-84.9472,34.7902]]],[[[-84.956,34.7081],[-84.957,34.7069],[-84.958,34.7091],[-84.9562,34.7092],[-84.9571,34.7082],[-84.956,34.7081]]],[[[-84.9613,34.7418],[-84.9597,34.7415],[-84.9608,34.7398],[-84.962,34.74],[-84.9613,34.7418]]],[[[-84.9622,34.8065],[-84.9613,34.8056],[-84.9615,34.8044],[-84.9632,34.8049],[-84.9622,34.8065]]],[[[-84.9651,34.7141],[-84.9651,34.7127],[-84.967,34.7129],[-84.9673,34.7149],[-84.9651,34.7141]]],[[[-84.9688,34.7261],[-84.9683,34.7254],[-84.9688,34.7254],[-84.9688,34.7261]]],[[[-84.9688,34.7369],[-84.9695,34.7341],[-84.9699,34.7346],[-84.9718,34.7357],[-84.9688,34.7369]]],[[[-84.9814,34.7523],[-84.9778,34.7521],[-84.978,34.75],[-84.9817,34.7501],[-84.9814,34.7523]]],[[[-84.9885,34.7368],[-84.989,34.7376],[-84.9885,34.7376],[-84.9885,34.7368]]],[[[-84.9892,34.7574],[-84.9891,34.7505],[-84.998,34.7514],[-84.998,34.7527],[-84.995,34.7527],[-84.9968,34.7533],[-84.9936,34.755],[-84.9949,34.755],[-84.9949,34.7561],[-84.9928,34.7559],[-84.9923,34.7547],[-84.9892,34.7574]]],[[[-84.9915,34.7898],[-84.9896,34.7891],[-84.9895,34.7837],[-84.9937,34.7835],[-84.9917,34.7851],[-84.9936,34.789],[-84.9915,34.7898]],[[-84.9908,34.7888],[-84.9916,34.7892],[-84.9916,34.7888],[-84.9908,34.7888]]],[[[-84.9893,34.734],[-84.9902,34.734],[-84.9903,34.7345],[-84.99,34.7346],[-84.9893,34.734]]],[[[-84.9904,34.7383],[-84.9921,34.7365],[-84.993,34.7375],[-84.9904,34.7383]]],[[[-84.991,34.7367],[-84.9897,34.7371],[-84.9897,34.7367],[-84.991,34.7367]]],[[[-84.9897,34.7378],[-84.9903,34.7374],[-84.9903,34.7378],[-84.9897,34.7378]]],[[[-84.9919,34.7977],[-84.9902,34.7965],[-84.9937,34.7953],[-84.9942,34.7972],[-84.9919,34.7977]]],[[[-84.991,34.7365],[-84.9914,34.736],[-84.9916,34.7363],[-84.991,34.7365]]],[[[-84.991,34.7354],[-84.9912,34.734],[-84.9927,34.7348],[-84.991,34.7354]]],[[[-84.9915,34.739],[-84.9927,34.739],[-84.9918,34.7395],[-84.9915,34.739]]],[[[-84.9921,34.7358],[-84.9924,34.7352],[-84.9926,34.7354],[-84.9921,34.7358]]],[[[-84.9925,34.8052],[-84.9938,34.7988],[-84.9959,34.7989],[-84.9959,34.8012],[-84.9972,34.8012],[-84.9977,34.7981],[-84.9978,34.8052],[-84.9925,34.8052]]],[[[-84.994,34.7501],[-84.9944,34.7506],[-84.994,34.7506],[-84.994,34.7501]]],[[[-84.9956,34.7968],[-84.9949,34.7961],[-84.9958,34.7964],[-84.9956,34.7968]]],[[[-84.9949,34.7501],[-84.9954,34.7484],[-84.998,34.7491],[-84.998,34.7496],[-84.9949,34.7501]]],[[[-84.9962,34.7741],[-84.997,34.7742],[-84.9961,34.7743],[-84.9962,34.7741]]],[[[-84.997,34.7482],[-84.998,34.7475],[-84.998,34.7482],[-84.997,34.7482]]],[[[-84.9978,34.7744],[-84.9983,34.7732],[-84.9983,34.7744],[-84.9978,34.7744]]],[[[-85.0026,34.7852],[-85.0028,34.7869],[-85.0011,34.7869],[-85.001,34.7852],[-85.0026,34.7852]]]]}},{"type":"Feature","properties":{"leaid":"1305730","name":"Wilcox County School District","kind":"Unified","gradeLow":"PK","gradeHigh":"12","state":"GA"},"geometry":{"type":"Polygon","coordinates":[[[-83.3373,32.1059],[-83.333,32.1007],[-83.3311,32.1001],[-83.3304,32.1033],[-83.3269,32.1027],[-83.3239,32.1039],[-83.3231,32.1015],[-83.3252,32.0972],[-83.3175,32.0855],[-83.3136,32.0861],[-83.3132,32.0923],[-83.3103,32.0924],[-83.3059,32.0901],[-83.305,32.0872],[-83.301,32.0836],[-83.3035,32.0792],[-83.3031,32.0774],[-83.3001,32.0766],[-83.2977,32.0795],[-83.2949,32.0788],[-83.2977,32.0738],[-83.3,32.0738],[-83.3007,32.0755],[-83.3052,32.0733],[-83.3046,32.071],[-83.2999,32.0703],[-83.3005,32.0557],[-83.3013,32.0538],[-83.3086,32.0498],[-83.3035,32.0438],[-83.2985,32.0418],[-83.2964,32.0385],[-83.2945,32.0387],[-83.295,32.0366],[-83.2982,32.0351],[-83.2998,32.0326],[-83.2972,32.0273],[-83.2923,32.0283],[-83.2896,32.0264],[-83.2896,32.0184],[-83.291,32.0179],[-83.2922,32.021],[-83.2939,32.0208],[-83.2963,32.0169],[-83.2956,32.0144],[-83.2969,32.0112],[-83.2934,32.0054],[-83.2919,32.0053],[-83.2907,32.0078],[-83.2898,32.0058],[-83.2959,32.0017],[-83.2837,32.0029],[-83.2829,32.0013],[-83.2859,31.9994],[-83.2858,31.9982],[-83.2816,31.9986],[-83.2783,31.995],[-83.281,31.9893],[-83.2854,31.9917],[-83.286,31.9938],[-83.289,31.9918],[-83.2921,31.9836],[-83.2846,31.9842],[-83.2835,31.9812],[-83.2849,31.9759],[-83.2817,31.9738],[-83.2785,31.9681],[-83.2724,31.9648],[-83.2699,31.9603],[-83.265,31.9581],[-83.2638,31.9545],[-83.2615,31.9521],[-83.2488,31.9487],[-83.2444,31.945],[-83.2417,31.9525],[-83.2386,31.9502],[-83.2355,31.9507],[-83.236,31.949],[-83.239,31.9481],[-83.2388,31.9443],[-83.2406,31.9416],[-83.2343,31.9404],[-83.2303,31.938],[-83.2267,31.9383],[-83.2264,31.9359],[-83.2285,31.933],[-83.2308,31.9344],[-83.2325,31.9308],[-83.2311,31.9297],[-83.2283,31.9314],[-83.2254,31.9303],[-83.2194,31.9269],[-83.2203,31.9227],[-83.2141,31.9218],[-83.2142,31.9203],[-83.2186,31.9183],[-83.2184,31.9157],[-83.2156,31.9133],[-83.2153,31.9095],[-83.212,31.9076],[-83.2103,31.9045],[-83.2052,31.9058],[-83.2059,31.8982],[-83.2076,31.8959],[-83.2052,31.8936],[-83.1999,31.8925],[-83.2042,31.8907],[-83.204,31.8886],[-83.2011,31.8864],[-83.2042,31.8847],[-83.198,31.8841],[-83.1994,31.8798],[-83.1953,31.8781],[-83.1925,31.8797],[-83.1925,31.8751],[-83.191,31.8746],[-83.1882,31.8749],[-83.1825,31.8798],[-83.1812,31.8792],[-83.1813,31.8757],[-83.1786,31.8738],[-83.1801,31.8707],[-83.1768,31.8684],[-83.1814,31.8611],[-83.1835,31.8597],[-83.1789,31.8559],[-83.179,31.8534],[-83.1773,31.8527],[-83.1775,31.8479],[-83.1829,31.852],[-83.1907,31.8492],[-83.2058,31.8493],[-83.2073,31.8479],[-83.2069,31.8465],[-83.2096,31.8446],[-83.5345,31.8477],[-83.5475,31.848],[-83.5416,31.8531],[-83.6123,31.8541],[-83.6085,32.1184],[-83.551,32.1181],[-83.5508,32.1262],[-83.5415,32.1261],[-83.5416,32.1181],[-83.4357,32.1172],[-83.4356,32.1254],[-83.4165,32.1252],[-83.4164,32.1331],[-83.397,32.1326],[-83.3971,32.1241],[-83.3611,32.1241],[-83.3595,32.1207],[-83.3556,32.1178],[-83.3539,32.1135],[-83.3505,32.1126],[-83.3542,32.1105],[-83.3529,32.1069],[-83.3568,32.1075],[-83.358,32.1095],[-83.3595,32.1076],[-83.3589,32.1058],[-83.3563,32.106],[-83.3483,32.1028],[-83.3469,32.1064],[-83.3431,32.108],[-83.3373,32.1059]]]}},{"type":"Feature","properties":{"leaid":"1305760","name":"Wilkes County School District","kind":"Unified","gradeLow":"PK","gradeHigh":"12","state":"GA"},"geometry":{"type":"Polygon","coordinates":[[[-82.6455,33.9842],[-82.6249,33.9165],[-82.6057,33.8599],[-82.5996,33.8623],[-82.594,33.8674],[-82.587,33.8695],[-82.5862,33.8718],[-82.5796,33.8744],[-82.5774,33.8747],[-82.5756,33.87],[-82.5763,33.8684],[-82.5735,33.8676],[-82.5719,33.8655],[-82.5743,33.86],[-82.5726,33.8584],[-82.5731,33.8557],[-82.575,33.8557],[-82.5758,33.8533],[-82.578,33.853],[-82.5783,33.849],[-82.5848,33.8463],[-82.5828,33.8432],[-82.5836,33.839],[-82.5857,33.8397],[-82.5865,33.8375],[-82.5937,33.8336],[-82.5936,33.8317],[-82.5951,33.8311],[-82.5955,33.8285],[-82.5935,33.8273],[-82.5731,33.7851],[-82.4795,33.6395],[-82.4807,33.639],[-82.4866,33.6425],[-82.4868,33.6475],[-82.4964,33.6518],[-82.4998,33.6545],[-82.5053,33.6513],[-82.5057,33.6533],[-82.507,33.6538],[-82.5051,33.6549],[-82.505,33.6591],[-82.5072,33.66],[-82.5117,33.6592],[-82.5184,33.6532],[-82.5191,33.647],[-82.5225,33.6449],[-82.5286,33.6454],[-82.5367,33.6494],[-82.5383,33.6414],[-82.5436,33.6386],[-82.5557,33.6427],[-82.5557,33.6396],[-82.5576,33.6371],[-82.5559,33.6349],[-82.5565,33.6339],[-82.5585,33.6354],[-82.562,33.6445],[-82.5695,33.6459],[-82.5687,33.6431],[-82.5705,33.6394],[-82.5723,33.6387],[-82.5779,33.644],[-82.5807,33.6513],[-82.5822,33.652],[-82.5841,33.6489],[-82.5845,33.64],[-82.5825,33.6381],[-82.5766,33.6376],[-82.5805,33.6329],[-82.5829,33.6329],[-82.5859,33.6352],[-82.5867,33.6405],[-82.5888,33.6421],[-82.5898,33.6379],[-82.5915,33.6363],[-82.595,33.6378],[-82.601,33.6343],[-82.6059,33.6352],[-82.6081,33.6339],[-82.606,33.627],[-82.6069,33.6257],[-82.6101,33.6272],[-82.6116,33.6336],[-82.614,33.634],[-82.6172,33.6327],[-82.6183,33.631],[-82.6149,33.6275],[-82.617,33.6246],[-82.6205,33.6248],[-82.6224,33.6235],[-82.6243,33.6203],[-82.6183,33.6149],[-82.617,33.6122],[-82.6224,33.6134],[-82.6267,33.6113],[-82.6332,33.611],[-82.6435,33.618],[-82.6454,33.6158],[-82.6433,33.6141],[-82.6422,33.6108],[-82.643,33.607],[-82.6507,33.6091],[-82.652,33.6114],[-82.6559,33.6067],[-82.6528,33.5961],[-82.6546,33.5972],[-82.6564,33.5965],[-82.6586,33.6028],[-82.662,33.6041],[-82.6656,33.6045],[-82.6673,33.6032],[-82.6704,33.6041],[-82.6702,33.603],[-82.6726,33.6013],[-82.6796,33.5997],[-82.6827,33.6005],[-82.686,33.604],[-82.6877,33.6026],[-82.6895,33.6117],[-82.6888,33.615],[-82.6923,33.6176],[-82.6923,33.62],[-82.6959,33.6171],[-82.6977,33.6183],[-82.7014,33.6181],[-82.7009,33.6149],[-82.7023,33.6143],[-82.7076,33.6178],[-82.7081,33.6136],[-82.71,33.6128],[-82.7084,33.6118],[-82.7171,33.607],[-82.7181,33.6097],[-82.7174,33.6137],[-82.7193,33.6152],[-82.7244,33.6128],[-82.7272,33.6141],[-82.7357,33.6126],[-82.7386,33.6146],[-82.7453,33.6113],[-82.7488,33.6183],[-82.7537,33.6184],[-82.756,33.6163],[-82.757,33.6189],[-82.7617,33.6226],[-82.8051,33.6475],[-82.8094,33.6509],[-82.8097,33.6537],[-82.813,33.6558],[-82.8167,33.6532],[-82.8207,33.655],[-82.823,33.6546],[-82.8246,33.6511],[-82.8268,33.6497],[-82.8326,33.651],[-82.8443,33.6442],[-82.8491,33.6398],[-82.8693,33.6424],[-82.877,33.636],[-82.8745,33.6313],[-82.8804,33.6265],[-82.8736,33.6226],[-82.8777,33.62],[-82.8794,33.6204],[-82.8828,33.6236],[-82.8826,33.6246],[-82.8843,33.6248],[-82.8841,33.6263],[-82.886,33.6268],[-82.8866,33.6288],[-82.8853,33.6298],[-82.8906,33.6329],[-82.8906,33.6348],[-82.8915,33.6345],[-82.9588,33.7501],[-82.9873,33.7807],[-82.9848,33.7838],[-82.9862,33.7858],[-82.9805,33.7894],[-82.9789,33.7948],[-82.9775,33.7958],[-82.9766,33.8021],[-82.9692,33.8056],[-82.9658,33.8096],[-82.961,33.8115],[-82.9582,33.8196],[-82.9559,33.822],[-82.9552,33.8246],[-82.9563,33.8265],[-82.9538,33.8287],[-82.9526,33.8331],[-82.9499,33.835],[-82.945,33.8462],[-82.9426,33.8466],[-82.9424,33.849],[-82.9317,33.8491],[-82.9273,33.8512],[-82.9224,33.8562],[-82.9176,33.8692],[-82.9124,33.8771],[-82.9048,33.8805],[-82.8961,33.8903],[-82.8949,33.8933],[-82.8901,33.8965],[-82.8861,33.9049],[-82.8875,33.9079],[-82.8853,33.909],[-82.8838,33.9124],[-82.8823,33.9122],[-82.8793,33.915],[-82.877,33.9154],[-82.8733,33.9226],[-82.8711,33.9221],[-82.8606,33.9278],[-82.8555,33.9275],[-82.8538,33.9306],[-82.8545,33.9326],[-82.8528,33.9348],[-82.8505,33.9347],[-82.8511,33.9368],[-82.8489,33.9368],[-82.8478,33.9389],[-82.8485,33.94],[-82.8355,33.9396],[-82.8315,33.9419],[-82.8254,33.9409],[-82.8221,33.9443],[-82.82,33.9447],[-82.8182,33.9434],[-82.8157,33.9451],[-82.8162,33.946],[-82.8119,33.945],[-82.8087,33.9459],[-82.8069,33.9483],[-82.8072,33.9502],[-82.8057,33.9508],[-82.8051,33.95],[-82.799,33.9507],[-82.7938,33.9487],[-82.7914,33.953],[-82.7886,33.9543],[-82.7882,33.9568],[-82.7837,33.9584],[-82.7843,33.9596],[-82.7824,33.9642],[-82.7806,33.9648],[-82.7815,33.9688],[-82.7795,33.9711],[-82.765,33.9734],[-82.7544,33.9719],[-82.7463,33.9781],[-82.7346,33.9806],[-82.7264,33.9842],[-82.7187,33.9848],[-82.7005,33.9814],[-82.6794,33.9851],[-82.6683,33.9856],[-82.6562,33.9914],[-82.6455,33.9842]]]}},{"type":"Feature","properties":{"leaid":"1305790","name":"Wilkinson County School District","kind":"Unified","gradeLow":"PK","gradeHigh":"12","state":"GA"},"geometry":{"type":"Polygon","coordinates":[[[-83.0752,32.9479],[-83.0702,32.9421],[-83.0709,32.9393],[-83.0696,32.9395],[-83.0684,32.9424],[-83.0672,32.9409],[-83.0673,32.9352],[-83.0713,32.9331],[-83.0611,32.9346],[-83.0597,32.9306],[-83.0632,32.9309],[-83.064,32.9297],[-83.0611,32.9275],[-83.057,32.9269],[-83.0601,32.9239],[-83.0604,32.9204],[-83.0629,32.9197],[-83.056,32.92],[-83.057,32.9166],[-83.0524,32.9139],[-83.0529,32.9118],[-83.0551,32.9104],[-83.0547,32.9092],[-83.0478,32.9096],[-83.0476,32.908],[-83.0495,32.9065],[-83.0466,32.9059],[-83.0466,32.9049],[-83.0508,32.9046],[-83.0474,32.9022],[-83.0516,32.9018],[-83.0503,32.8994],[-83.0478,32.8984],[-83.0502,32.8958],[-83.0506,32.8933],[-83.0477,32.89],[-83.0486,32.8878],[-83.0468,32.8851],[-83.0439,32.8857],[-83.0444,32.8844],[-83.0489,32.8828],[-83.043,32.8816],[-83.0405,32.8833],[-83.0401,32.8818],[-83.0418,32.8798],[-83.0405,32.879],[-83.0378,32.8805],[-83.0372,32.8752],[-83.0346,32.873],[-83.0345,32.8688],[-83.0365,32.8694],[-83.0367,32.8683],[-83.0345,32.8663],[-83.0312,32.8675],[-83.0302,32.8665],[-83.0298,32.8601],[-83.0276,32.8568],[-83.0233,32.8558],[-83.0214,32.8534],[-83.0203,32.8546],[-83.0216,32.8565],[-83.0166,32.8576],[-83.0147,32.8571],[-83.0122,32.8538],[-83.007,32.8558],[-83.004,32.8546],[-82.9993,32.856],[-82.9973,32.8512],[-82.9921,32.8532],[-82.989,32.8527],[-82.9885,32.8514],[-82.9905,32.8485],[-82.9864,32.8466],[-82.9847,32.8439],[-82.9821,32.8454],[-82.9787,32.8443],[-82.9784,32.8428],[-82.9802,32.841],[-82.9794,32.8396],[-82.9771,32.8386],[-82.9739,32.8392],[-82.973,32.8366],[-82.97,32.8342],[-82.9705,32.8325],[-82.9733,32.8317],[-82.9735,32.8305],[-82.9674,32.8287],[-82.9671,32.8276],[-82.9719,32.8231],[-82.9669,32.8202],[-82.9682,32.8168],[-82.9641,32.8152],[-82.9619,32.8087],[-82.9583,32.8078],[-82.9584,32.8048],[-82.9543,32.8016],[-82.9559,32.7984],[-82.9583,32.7968],[-82.957,32.7953],[-82.9566,32.791],[-82.9608,32.7747],[-82.9606,32.767],[-82.959,32.7632],[-82.9602,32.76],[-82.955,32.7595],[-82.9556,32.7567],[-82.9539,32.7563],[-82.9525,32.7582],[-82.9487,32.7582],[-82.951,32.7607],[-82.9495,32.7617],[-82.947,32.7595],[-82.9472,32.7546],[-82.9451,32.7518],[-82.9465,32.7487],[-82.9466,32.7397],[-82.9494,32.7277],[-82.9539,32.7213],[-82.9571,32.7083],[-83.0408,32.6733],[-83.2265,32.5842],[-83.2429,32.6088],[-83.407,32.8982],[-83.3577,32.9261],[-83.2877,32.9519],[-83.2761,32.9421],[-83.2632,32.9541],[-83.2687,32.9587],[-83.2062,32.9836],[-83.203,32.9816],[-83.197,32.9828],[-83.1928,32.9812],[-83.1923,32.979],[-83.1885,32.9749],[-83.166,32.9692],[-83.1623,32.9696],[-83.1795,32.9874],[-83.1596,33.0028],[-83.1538,32.9975],[-83.1503,32.9971],[-83.1483,33.0001],[-83.1503,33.0068],[-83.1474,33.0087],[-83.1323,33.0069],[-83.1299,32.9992],[-83.1228,33.0013],[-83.1224,33.0001],[-83.1259,32.9967],[-83.1234,32.9927],[-83.1285,32.9907],[-83.1279,32.9894],[-83.1209,32.9873],[-83.1249,32.9856],[-83.1251,32.9835],[-83.1216,32.9838],[-83.1168,32.9813],[-83.1152,32.9737],[-83.1093,32.9733],[-83.1084,32.9692],[-83.1043,32.9701],[-83.1009,32.966],[-83.0969,32.9656],[-83.0944,32.9683],[-83.0959,32.9599],[-83.0908,32.9585],[-83.0908,32.9556],[-83.0878,32.9558],[-83.0879,32.951],[-83.0839,32.9519],[-83.0864,32.9549],[-83.0851,32.956],[-83.0796,32.9516],[-83.0758,32.9503],[-83.0789,32.9474],[-83.0787,32.9465],[-83.0752,32.9479]]]}}]}