{"type":"FeatureCollection","features":[{"type":"Feature","properties":{"leaid":"1913660","name":"Hartley-Melvin-Sanborn Community School District","kind":"Unified","gradeLow":"PK","gradeHigh":"12","state":"IA"},"geometry":{"type":"Polygon","coordinates":[[[-95.6238,43.3091],[-95.6149,43.309],[-95.6144,43.2891],[-95.6044,43.289],[-95.6034,43.2871],[-95.5951,43.2871],[-95.595,43.3015],[-95.585,43.3013],[-95.5849,43.3084],[-95.5949,43.3087],[-95.5948,43.3229],[-95.6047,43.3231],[-95.6045,43.3303],[-95.5846,43.3299],[-95.5847,43.3227],[-95.5648,43.3223],[-95.5647,43.3009],[-95.5451,43.3003],[-95.5451,43.3074],[-95.5598,43.3078],[-95.5599,43.3149],[-95.555,43.3148],[-95.555,43.3221],[-95.545,43.3219],[-95.5449,43.3292],[-95.5598,43.3294],[-95.5599,43.3367],[-95.5251,43.3359],[-95.5252,43.3432],[-95.5053,43.3427],[-95.5053,43.3499],[-95.4969,43.35],[-95.497,43.3536],[-95.4871,43.3537],[-95.4868,43.3428],[-95.477,43.3426],[-95.4773,43.3572],[-95.4675,43.3571],[-95.4675,43.3644],[-95.4574,43.3643],[-95.4572,43.3425],[-95.4175,43.3423],[-95.4176,43.3277],[-95.4275,43.3278],[-95.4274,43.3133],[-95.4077,43.3132],[-95.4077,43.3168],[-95.3978,43.3168],[-95.3977,43.3349],[-95.3877,43.3348],[-95.3879,43.306],[-95.3782,43.306],[-95.3784,43.2987],[-95.388,43.2987],[-95.3882,43.1986],[-95.3781,43.1986],[-95.378,43.1913],[-95.3881,43.1914],[-95.3879,43.1698],[-95.3978,43.1699],[-95.3978,43.1668],[-95.3978,43.1637],[-95.3879,43.1637],[-95.3878,43.1421],[-95.4176,43.1422],[-95.4179,43.1277],[-95.4373,43.1277],[-95.4373,43.1133],[-95.4472,43.1133],[-95.4473,43.1061],[-95.4126,43.106],[-95.4127,43.0987],[-95.388,43.0986],[-95.388,43.0912],[-95.3976,43.0913],[-95.3975,43.0842],[-95.4177,43.0842],[-95.4178,43.0757],[-95.4079,43.0758],[-95.4079,43.0685],[-95.398,43.0685],[-95.398,43.0541],[-95.4277,43.054],[-95.4278,43.0612],[-95.4377,43.0613],[-95.4378,43.0687],[-95.4477,43.0687],[-95.4477,43.0651],[-95.4575,43.065],[-95.4574,43.0578],[-95.4672,43.0578],[-95.4672,43.0614],[-95.4871,43.0614],[-95.4871,43.0646],[-95.4961,43.0646],[-95.4961,43.0609],[-95.5053,43.0609],[-95.5054,43.0846],[-95.5152,43.0846],[-95.5149,43.099],[-95.5351,43.099],[-95.5348,43.1172],[-95.555,43.1171],[-95.5551,43.1244],[-95.5452,43.1244],[-95.5453,43.128],[-95.5552,43.128],[-95.5551,43.1353],[-95.5452,43.1354],[-95.5451,43.1426],[-95.555,43.1425],[-95.555,43.1571],[-95.5649,43.157],[-95.5649,43.1643],[-95.5847,43.1643],[-95.5847,43.157],[-95.5896,43.157],[-95.5897,43.1534],[-95.5946,43.1534],[-95.5946,43.1498],[-95.6242,43.1498],[-95.6242,43.1425],[-95.6589,43.1425],[-95.659,43.1353],[-95.654,43.1353],[-95.654,43.128],[-95.664,43.128],[-95.6639,43.1425],[-95.6837,43.1426],[-95.6837,43.1462],[-95.6936,43.1462],[-95.6935,43.1571],[-95.7138,43.157],[-95.7135,43.1676],[-95.7232,43.1675],[-95.7232,43.1716],[-95.7425,43.1716],[-95.7429,43.1934],[-95.7377,43.1934],[-95.7378,43.1969],[-95.7337,43.1969],[-95.7337,43.2006],[-95.743,43.2006],[-95.7433,43.2152],[-95.7233,43.2152],[-95.7233,43.2225],[-95.7283,43.2226],[-95.7283,43.2297],[-95.7234,43.2297],[-95.7234,43.2442],[-95.7383,43.2443],[-95.7382,43.2298],[-95.7434,43.2298],[-95.7434,43.2516],[-95.7284,43.2515],[-95.7284,43.2478],[-95.7234,43.2478],[-95.7236,43.2582],[-95.7136,43.2582],[-95.7137,43.2655],[-95.7038,43.2656],[-95.7038,43.2874],[-95.6839,43.2873],[-95.6839,43.2945],[-95.674,43.2947],[-95.674,43.2874],[-95.6462,43.2875],[-95.644,43.2876],[-95.6439,43.2948],[-95.634,43.2949],[-95.6342,43.2875],[-95.6241,43.2874],[-95.6239,43.302],[-95.6539,43.3021],[-95.6539,43.3094],[-95.6588,43.3094],[-95.6588,43.3166],[-95.6237,43.3165],[-95.6238,43.3091]],[[-95.6238,43.3091],[-95.6338,43.3092],[-95.6339,43.3056],[-95.6238,43.3055],[-95.6238,43.3091]]]}},{"type":"Feature","properties":{"leaid":"1908730","name":"Decorah Community School District","kind":"Unified","gradeLow":"PK","gradeHigh":"12","state":"IA"},"geometry":{"type":"Polygon","coordinates":[[[-91.9707,43.5006],[-91.6108,43.5007],[-91.6106,43.4458],[-91.6054,43.4458],[-91.6055,43.4391],[-91.6005,43.4391],[-91.6005,43.4355],[-91.6055,43.4355],[-91.6056,43.4319],[-91.6109,43.4319],[-91.611,43.3421],[-91.6287,43.3421],[-91.6289,43.3311],[-91.6337,43.3311],[-91.6339,43.313],[-91.629,43.3129],[-91.6289,43.3167],[-91.624,43.3175],[-91.6214,43.3176],[-91.6193,43.3146],[-91.6193,43.313],[-91.6241,43.313],[-91.6242,43.3058],[-91.6193,43.3058],[-91.6193,43.2985],[-91.6293,43.2986],[-91.6293,43.2956],[-91.6294,43.2877],[-91.6244,43.2877],[-91.6244,43.2769],[-91.6195,43.2768],[-91.6196,43.2696],[-91.6246,43.2696],[-91.6246,43.2587],[-91.6345,43.2587],[-91.6346,43.2551],[-91.6446,43.2553],[-91.6438,43.2265],[-91.6241,43.2262],[-91.624,43.2189],[-91.634,43.2191],[-91.6339,43.212],[-91.6538,43.2122],[-91.6538,43.205],[-91.6588,43.205],[-91.6588,43.1978],[-91.6688,43.1978],[-91.6688,43.205],[-91.6736,43.2051],[-91.6741,43.2086],[-91.6838,43.2087],[-91.6838,43.1978],[-91.6888,43.1978],[-91.6886,43.1906],[-91.6935,43.1906],[-91.6937,43.1978],[-91.7037,43.1979],[-91.7037,43.2016],[-91.6937,43.2015],[-91.6937,43.2051],[-91.7237,43.2051],[-91.7236,43.2159],[-91.7388,43.216],[-91.7389,43.2196],[-91.7439,43.2197],[-91.7439,43.2268],[-91.7539,43.2269],[-91.7538,43.2323],[-91.7638,43.2324],[-91.7638,43.2305],[-91.7737,43.2305],[-91.7736,43.2268],[-91.7637,43.2269],[-91.7638,43.2234],[-91.7612,43.2232],[-91.7581,43.216],[-91.7531,43.216],[-91.7488,43.214],[-91.7488,43.216],[-91.7438,43.216],[-91.7437,43.2087],[-91.7539,43.2088],[-91.7539,43.2024],[-91.7641,43.2041],[-91.7638,43.215],[-91.7737,43.2258],[-91.7762,43.225],[-91.7762,43.2268],[-91.7812,43.2267],[-91.7812,43.2233],[-91.7937,43.2232],[-91.7936,43.2277],[-91.7899,43.2292],[-91.7906,43.2307],[-91.7875,43.2316],[-91.7868,43.2341],[-91.7937,43.2341],[-91.7935,43.2413],[-91.7831,43.2414],[-91.7845,43.2378],[-91.7787,43.2377],[-91.7786,43.245],[-91.7986,43.2449],[-91.7986,43.2413],[-91.8036,43.2413],[-91.8034,43.2521],[-91.808,43.252],[-91.8086,43.2485],[-91.8134,43.2485],[-91.8134,43.2553],[-91.8184,43.2553],[-91.818,43.2626],[-91.8279,43.2626],[-91.8283,43.2553],[-91.8438,43.2552],[-91.8438,43.2589],[-91.8587,43.259],[-91.8587,43.2625],[-91.8637,43.2627],[-91.8637,43.2699],[-91.8539,43.2698],[-91.8539,43.2735],[-91.8587,43.2735],[-91.8587,43.2771],[-91.8685,43.2771],[-91.8686,43.2845],[-91.8735,43.2845],[-91.8734,43.2753],[-91.8831,43.2752],[-91.8831,43.277],[-91.8981,43.277],[-91.8982,43.2806],[-91.9031,43.2807],[-91.9032,43.2844],[-91.908,43.2843],[-91.908,43.2879],[-91.9232,43.2887],[-91.9232,43.2914],[-91.9331,43.2915],[-91.933,43.2841],[-91.9231,43.2842],[-91.923,43.2769],[-91.903,43.277],[-91.9029,43.2697],[-91.9129,43.2697],[-91.9133,43.2553],[-91.9432,43.2553],[-91.943,43.2626],[-91.953,43.2626],[-91.953,43.2736],[-91.9428,43.2735],[-91.9431,43.2916],[-91.953,43.2917],[-91.9528,43.3061],[-91.938,43.306],[-91.938,43.3095],[-91.933,43.3095],[-91.9329,43.313],[-91.9525,43.3132],[-91.9525,43.3205],[-91.9426,43.3205],[-91.9426,43.3241],[-91.9377,43.3239],[-91.9377,43.3205],[-91.9328,43.3204],[-91.9326,43.3276],[-91.9425,43.3277],[-91.9424,43.3332],[-91.9523,43.3332],[-91.9524,43.3277],[-91.9648,43.3277],[-91.9648,43.3204],[-91.9723,43.3205],[-91.9723,43.3278],[-91.9672,43.3277],[-91.9671,43.3296],[-91.9671,43.3313],[-91.9721,43.3314],[-91.9721,43.3387],[-91.9672,43.3386],[-91.9672,43.3349],[-91.9372,43.3349],[-91.9369,43.3408],[-91.9433,43.3417],[-91.9436,43.3526],[-91.9386,43.3526],[-91.9386,43.3634],[-91.9485,43.3634],[-91.9486,43.3563],[-91.9521,43.3562],[-91.9534,43.3562],[-91.9535,43.3635],[-91.9586,43.3635],[-91.9585,43.3707],[-91.9386,43.3707],[-91.9386,43.3779],[-91.9686,43.3779],[-91.9686,43.3853],[-91.9535,43.3852],[-91.9536,43.3888],[-91.9586,43.3925],[-91.9536,43.3925],[-91.9485,43.3888],[-91.9486,43.3924],[-91.9437,43.3924],[-91.9437,43.3888],[-91.9388,43.3888],[-91.9388,43.396],[-91.9486,43.396],[-91.9486,43.3997],[-91.9537,43.3997],[-91.9536,43.4068],[-91.9637,43.4069],[-91.9642,43.4104],[-91.9686,43.4106],[-91.9687,43.4359],[-91.9883,43.436],[-91.9885,43.443],[-91.9787,43.443],[-91.979,43.4531],[-91.9792,43.4575],[-91.9891,43.4574],[-91.9894,43.4647],[-91.9795,43.4647],[-91.9798,43.4721],[-91.9698,43.4722],[-91.97,43.4794],[-91.9826,43.4793],[-91.9826,43.4829],[-91.9702,43.4831],[-91.9707,43.5006]]]}},{"type":"Feature","properties":{"leaid":"1907980","name":"Columbus Community School District","kind":"Unified","gradeLow":"PK","gradeHigh":"12","state":"IA"},"geometry":{"type":"Polygon","coordinates":[[[-91.2873,41.4229],[-91.2874,41.4128],[-91.2909,41.4076],[-91.299,41.4023],[-91.298,41.4002],[-91.2908,41.3965],[-91.2901,41.3937],[-91.3056,41.3893],[-91.3081,41.3874],[-91.3096,41.3838],[-91.3062,41.3763],[-91.3067,41.374],[-91.3163,41.3705],[-91.3165,41.365],[-91.3228,41.3585],[-91.3273,41.3566],[-91.3289,41.3547],[-91.3339,41.3404],[-91.3401,41.3333],[-91.3489,41.3297],[-91.3521,41.3256],[-91.3517,41.3182],[-91.3453,41.309],[-91.3455,41.3063],[-91.3113,41.3064],[-91.3115,41.2991],[-91.3021,41.2992],[-91.302,41.2918],[-91.2924,41.2918],[-91.2924,41.2954],[-91.2732,41.2956],[-91.2733,41.2847],[-91.2541,41.2847],[-91.2542,41.2773],[-91.259,41.2774],[-91.2591,41.2724],[-91.2591,41.2704],[-91.2542,41.2701],[-91.2543,41.2627],[-91.2354,41.2623],[-91.2344,41.2271],[-91.2408,41.2314],[-91.2525,41.234],[-91.2705,41.2463],[-91.2755,41.2476],[-91.2838,41.2467],[-91.2837,41.2306],[-91.2888,41.2306],[-91.2887,41.2286],[-91.2913,41.2286],[-91.2913,41.2268],[-91.3007,41.2269],[-91.3008,41.2234],[-91.2984,41.2233],[-91.2984,41.2196],[-91.3032,41.2197],[-91.3032,41.2178],[-91.3081,41.2178],[-91.3082,41.2161],[-91.3127,41.2161],[-91.3127,41.2124],[-91.3225,41.2124],[-91.3225,41.2071],[-91.3321,41.2066],[-91.3321,41.2051],[-91.3514,41.205],[-91.3515,41.2122],[-91.3701,41.2121],[-91.37,41.2195],[-91.3891,41.2198],[-91.3894,41.2126],[-91.3924,41.2126],[-91.3926,41.2053],[-91.404,41.2056],[-91.4042,41.2126],[-91.4082,41.2125],[-91.4089,41.2066],[-91.4125,41.2053],[-91.4283,41.2055],[-91.4282,41.1983],[-91.433,41.1983],[-91.433,41.2064],[-91.4376,41.2067],[-91.4377,41.2202],[-91.452,41.2203],[-91.4522,41.2239],[-91.4569,41.224],[-91.4569,41.2314],[-91.4664,41.2315],[-91.4663,41.235],[-91.476,41.2351],[-91.476,41.2387],[-91.4808,41.2387],[-91.4803,41.2568],[-91.4853,41.2568],[-91.484,41.4238],[-91.4538,41.424],[-91.4519,41.4202],[-91.4452,41.4202],[-91.4449,41.4178],[-91.4417,41.4184],[-91.4417,41.4168],[-91.4368,41.4166],[-91.4372,41.4092],[-91.4323,41.4092],[-91.4324,41.4056],[-91.4226,41.4056],[-91.4225,41.409],[-91.4179,41.4091],[-91.4175,41.4165],[-91.4126,41.4165],[-91.4122,41.4236],[-91.3398,41.4232],[-91.3397,41.4266],[-91.3349,41.4266],[-91.3349,41.4231],[-91.2873,41.4229]]]}},{"type":"Feature","properties":{"leaid":"1920130","name":"Muscatine Community School District","kind":"Unified","gradeLow":"PK","gradeHigh":"12","state":"IA"},"geometry":{"type":"Polygon","coordinates":[[[-90.8527,41.5352],[-90.8576,41.5353],[-90.8575,41.5224],[-90.8558,41.5194],[-90.8526,41.5189],[-90.8526,41.5134],[-90.8479,41.5133],[-90.8476,41.5094],[-90.843,41.5094],[-90.8434,41.4911],[-90.8341,41.4913],[-90.834,41.4876],[-90.7855,41.4875],[-90.7863,41.4529],[-90.8374,41.4556],[-90.8536,41.4539],[-90.8673,41.4482],[-90.9005,41.4312],[-90.93,41.4214],[-90.9498,41.4242],[-90.9621,41.4293],[-90.9702,41.4312],[-90.9742,41.4337],[-90.9798,41.4343],[-90.9859,41.4337],[-91.0058,41.4261],[-91.0278,41.4236],[-91.0371,41.42],[-91.0459,41.4141],[-91.0483,41.4097],[-91.0501,41.4015],[-91.0516,41.3853],[-91.0637,41.3707],[-91.1954,41.3708],[-91.1955,41.3747],[-91.2053,41.3749],[-91.2052,41.3783],[-91.2293,41.3788],[-91.229,41.3858],[-91.2337,41.3864],[-91.234,41.3897],[-91.2437,41.3897],[-91.2439,41.3865],[-91.2484,41.3864],[-91.2481,41.3932],[-91.2533,41.3935],[-91.2533,41.3976],[-91.258,41.3974],[-91.258,41.4009],[-91.2532,41.4009],[-91.2529,41.4212],[-91.2601,41.4213],[-91.2602,41.4156],[-91.2724,41.4155],[-91.2722,41.4227],[-91.287,41.4229],[-91.2876,41.4244],[-91.2876,41.4283],[-91.2859,41.4303],[-91.271,41.4298],[-91.2752,41.4378],[-91.2745,41.4416],[-91.271,41.4443],[-91.2669,41.4445],[-91.2607,41.4425],[-91.2576,41.443],[-91.2555,41.4446],[-91.2539,41.4506],[-91.2504,41.4524],[-91.2249,41.457],[-91.2181,41.4552],[-91.2119,41.4585],[-91.2068,41.4649],[-91.2088,41.4672],[-91.2116,41.4674],[-91.2142,41.4691],[-91.2143,41.4721],[-91.2106,41.4745],[-91.2034,41.4765],[-91.1917,41.4756],[-91.1862,41.4772],[-91.1767,41.4773],[-91.1737,41.4787],[-91.172,41.4814],[-91.1756,41.4857],[-91.1776,41.4906],[-91.1754,41.5021],[-91.1716,41.5065],[-91.163,41.5089],[-91.093,41.5086],[-91.093,41.5017],[-91.0883,41.5016],[-91.088,41.505],[-91.083,41.5051],[-91.0829,41.5084],[-91.0685,41.5083],[-91.0685,41.5048],[-91.0587,41.5044],[-91.0588,41.501],[-91.054,41.5009],[-91.0541,41.4973],[-91.0493,41.4973],[-91.0492,41.5041],[-91.0392,41.5039],[-91.0394,41.5008],[-91.0343,41.5008],[-91.0342,41.5079],[-91.0295,41.5079],[-91.0293,41.5005],[-91.0249,41.5008],[-91.0212,41.5079],[-91.0195,41.5078],[-91.0194,41.5152],[-91.0072,41.5152],[-91.007,41.5298],[-90.9779,41.5299],[-90.978,41.5224],[-90.9391,41.5223],[-90.9392,41.5295],[-90.9294,41.5295],[-90.9293,41.5369],[-90.9004,41.5369],[-90.9005,41.5317],[-90.8962,41.5317],[-90.8962,41.5245],[-90.8914,41.5245],[-90.8914,41.5206],[-90.8816,41.5206],[-90.8817,41.528],[-90.8915,41.528],[-90.8916,41.5319],[-90.8817,41.5315],[-90.8817,41.5391],[-90.8673,41.539],[-90.8673,41.5317],[-90.8624,41.5318],[-90.8624,41.5389],[-90.8527,41.539],[-90.8527,41.5352]]]}},{"type":"Feature","properties":{"leaid":"1929010","name":"Van Meter Community School District","kind":"Unified","gradeLow":"PK","gradeHigh":"12","state":"IA"},"geometry":{"type":"Polygon","coordinates":[[[-93.9354,41.5897],[-93.9353,41.5754],[-93.8969,41.5752],[-93.8969,41.5643],[-93.8807,41.5657],[-93.8807,41.562],[-93.8665,41.5634],[-93.8668,41.5201],[-93.8286,41.5232],[-93.8286,41.5087],[-93.8739,41.5051],[-93.8738,41.5016],[-93.8645,41.5028],[-93.8642,41.5011],[-93.8668,41.5008],[-93.8668,41.4986],[-93.8763,41.4977],[-93.8763,41.4942],[-93.8669,41.4951],[-93.8669,41.4841],[-93.8477,41.4857],[-93.8477,41.4784],[-93.8428,41.4788],[-93.8428,41.4716],[-93.8572,41.4705],[-93.8572,41.4597],[-93.8764,41.458],[-93.8764,41.469],[-93.8669,41.4697],[-93.8669,41.4768],[-93.8763,41.476],[-93.8764,41.4725],[-93.8971,41.4705],[-93.8971,41.4598],[-93.8907,41.4603],[-93.8907,41.4593],[-93.892,41.4534],[-93.8909,41.4529],[-93.891,41.4493],[-93.8969,41.4493],[-93.8971,41.4306],[-93.9163,41.4306],[-93.9162,41.4452],[-93.9357,41.4453],[-93.9353,41.4417],[-93.9305,41.4416],[-93.9305,41.438],[-93.9498,41.4382],[-93.9498,41.4273],[-93.9549,41.4274],[-93.9548,41.4201],[-93.9452,41.4201],[-93.9451,41.4164],[-93.974,41.4163],[-93.974,41.4199],[-93.9787,41.4199],[-93.9786,41.4273],[-93.9691,41.4273],[-93.9692,41.4309],[-93.9785,41.431],[-93.9788,41.4599],[-93.9838,41.4599],[-93.9836,41.4962],[-93.9848,41.5033],[-93.9822,41.5033],[-93.9836,41.5035],[-93.9836,41.5141],[-93.9909,41.5141],[-93.9908,41.5176],[-93.9933,41.5177],[-93.9932,41.5248],[-93.9836,41.5248],[-93.9835,41.5464],[-93.9931,41.5464],[-93.9932,41.5681],[-93.9834,41.568],[-93.9835,41.5699],[-93.9859,41.5699],[-93.9859,41.5716],[-93.9739,41.5716],[-93.9739,41.568],[-93.969,41.568],[-93.969,41.5704],[-93.9649,41.568],[-93.9642,41.5699],[-93.9547,41.5699],[-93.9546,41.5753],[-93.9451,41.5754],[-93.9449,41.5898],[-93.9354,41.5897]],[[-93.9594,41.4297],[-93.9591,41.434],[-93.9573,41.4345],[-93.9595,41.4346],[-93.9594,41.4382],[-93.9692,41.4381],[-93.9692,41.4314],[-93.9679,41.4318],[-93.9673,41.427],[-93.9614,41.4273],[-93.9594,41.4297]]]}},{"type":"Feature","properties":{"leaid":"1925200","name":"St. Ansgar Community School District","kind":"Unified","gradeLow":"PK","gradeHigh":"12","state":"IA"},"geometry":{"type":"Polygon","coordinates":[[[-92.6726,43.4287],[-92.7125,43.4288],[-92.7127,43.4221],[-92.7424,43.4222],[-92.7425,43.4011],[-92.8006,43.4002],[-92.8006,43.3857],[-92.8304,43.3857],[-92.8303,43.3565],[-92.8502,43.3566],[-92.8502,43.3529],[-92.8602,43.3529],[-92.8601,43.3312],[-92.8652,43.3312],[-92.8652,43.3239],[-92.8821,43.324],[-92.8803,43.3272],[-92.8853,43.3311],[-92.8924,43.331],[-92.9016,43.3279],[-92.9051,43.3287],[-92.9049,43.3204],[-92.915,43.3204],[-92.915,43.3186],[-92.925,43.3187],[-92.9249,43.3024],[-92.9349,43.3024],[-92.9349,43.306],[-92.9548,43.3062],[-92.9553,43.2989],[-92.9651,43.299],[-92.9649,43.3061],[-92.9946,43.3063],[-92.9947,43.3027],[-93.0047,43.3028],[-93.0047,43.3064],[-93.0146,43.3064],[-93.0147,43.2991],[-93.0197,43.2991],[-93.0194,43.2846],[-93.0145,43.2846],[-93.0144,43.2773],[-93.0241,43.2772],[-93.0241,43.2555],[-93.0339,43.2556],[-93.0339,43.2628],[-93.0489,43.2628],[-93.0489,43.2665],[-93.0638,43.2664],[-93.0637,43.27],[-93.0736,43.2699],[-93.0738,43.2771],[-93.0713,43.2771],[-93.0715,43.2844],[-93.0789,43.2844],[-93.0787,43.2769],[-93.0985,43.2767],[-93.0985,43.2805],[-93.0937,43.2805],[-93.0937,43.2842],[-93.0887,43.2843],[-93.0887,43.2952],[-93.1141,43.2951],[-93.1141,43.3059],[-93.1235,43.3059],[-93.1236,43.3276],[-93.1335,43.3277],[-93.1336,43.3348],[-93.1411,43.3347],[-93.1412,43.3423],[-93.161,43.3424],[-93.161,43.3569],[-93.1514,43.3568],[-93.1514,43.35],[-93.1415,43.35],[-93.1412,43.368],[-93.1242,43.3682],[-93.1241,43.3789],[-93.1192,43.3789],[-93.1184,43.3731],[-93.1149,43.3752],[-93.1091,43.3752],[-93.1092,43.3789],[-93.1042,43.3789],[-93.1043,43.3935],[-93.0942,43.3935],[-93.0892,43.3981],[-93.0892,43.4009],[-93.0842,43.4009],[-93.0843,43.4369],[-93.0545,43.4367],[-93.0545,43.4439],[-93.0445,43.4439],[-93.0445,43.4513],[-93.0345,43.4512],[-93.0351,43.4729],[-93.0448,43.4728],[-93.0446,43.4801],[-93.0746,43.4805],[-93.0744,43.4866],[-93.0728,43.4866],[-93.0728,43.4878],[-93.0644,43.4876],[-93.0643,43.4996],[-92.6726,43.5001],[-92.6726,43.4287]]]}},{"type":"Feature","properties":{"leaid":"1900024","name":"South Central Calhoun Community School District","kind":"Unified","gradeLow":"PK","gradeHigh":"12","state":"IA"},"geometry":{"type":"Polygon","coordinates":[[[-94.8161,42.5172],[-94.7965,42.5173],[-94.7964,42.4811],[-94.7235,42.4812],[-94.7208,42.4816],[-94.7208,42.4827],[-94.7173,42.4827],[-94.7173,42.4811],[-94.7075,42.4811],[-94.7073,42.4883],[-94.6976,42.4884],[-94.6977,42.4811],[-94.688,42.4811],[-94.6881,42.4738],[-94.6391,42.4738],[-94.639,42.4776],[-94.6368,42.4793],[-94.6353,42.4848],[-94.6309,42.4881],[-94.6094,42.4882],[-94.6094,42.4809],[-94.5997,42.4809],[-94.5998,42.4737],[-94.6119,42.4737],[-94.6119,42.4642],[-94.5827,42.4642],[-94.5828,42.4569],[-94.5785,42.4569],[-94.5785,42.461],[-94.573,42.461],[-94.573,42.4642],[-94.568,42.4642],[-94.5682,42.4568],[-94.5631,42.4568],[-94.5631,42.4421],[-94.5534,42.4422],[-94.5534,42.4353],[-94.5434,42.4353],[-94.5436,42.4422],[-94.5142,42.4421],[-94.5141,42.4348],[-94.495,42.4347],[-94.495,42.4274],[-94.5141,42.4276],[-94.514,42.3541],[-94.5335,42.354],[-94.5333,42.3396],[-94.5286,42.3396],[-94.5286,42.3359],[-94.5235,42.3358],[-94.5235,42.3321],[-94.5083,42.332],[-94.5093,42.3252],[-94.5137,42.3252],[-94.5136,42.3108],[-94.4851,42.3107],[-94.4851,42.3036],[-94.4754,42.3037],[-94.4754,42.2962],[-94.4559,42.2962],[-94.4558,42.2883],[-94.4657,42.2884],[-94.4658,42.2815],[-94.4753,42.2814],[-94.4753,42.2706],[-94.4802,42.2706],[-94.4803,42.267],[-94.4365,42.2671],[-94.4364,42.2454],[-94.4267,42.2454],[-94.4267,42.2418],[-94.4315,42.2418],[-94.4315,42.2382],[-94.4363,42.2382],[-94.4364,42.2237],[-94.4461,42.2237],[-94.4461,42.2165],[-94.4365,42.2165],[-94.4364,42.2093],[-94.5228,42.2093],[-94.5227,42.2022],[-94.5324,42.2022],[-94.5324,42.195],[-94.5141,42.195],[-94.5141,42.1877],[-94.5348,42.1878],[-94.5349,42.195],[-94.5421,42.195],[-94.5422,42.1735],[-94.5712,42.1735],[-94.5712,42.1759],[-94.5811,42.1758],[-94.5811,42.1734],[-94.5907,42.1734],[-94.5907,42.177],[-94.5955,42.177],[-94.5956,42.1698],[-94.5907,42.1698],[-94.5907,42.1662],[-94.6004,42.1662],[-94.6004,42.1591],[-94.629,42.1591],[-94.629,42.1302],[-94.6483,42.1302],[-94.6484,42.1736],[-94.6581,42.1736],[-94.6581,42.1772],[-94.6679,42.1772],[-94.6678,42.1736],[-94.6874,42.1737],[-94.6874,42.181],[-94.7449,42.1809],[-94.7452,42.1519],[-94.7837,42.1521],[-94.7839,42.1922],[-94.7935,42.1921],[-94.7938,42.1957],[-94.7741,42.1956],[-94.7742,42.1993],[-94.7838,42.1993],[-94.7838,42.2097],[-94.8584,42.2097],[-94.8581,42.2998],[-94.8626,42.2998],[-94.863,42.3037],[-94.8581,42.3038],[-94.858,42.311],[-94.8626,42.3109],[-94.8627,42.3182],[-94.8579,42.3183],[-94.8578,42.3252],[-94.8676,42.3253],[-94.8675,42.3325],[-94.8577,42.3326],[-94.8576,42.3472],[-94.8917,42.3469],[-94.8917,42.3506],[-94.8966,42.3506],[-94.8965,42.3542],[-94.9066,42.3543],[-94.9065,42.3688],[-94.9161,42.3688],[-94.9157,42.3851],[-94.9352,42.3851],[-94.9352,42.4431],[-94.9154,42.4428],[-94.9145,42.5251],[-94.8897,42.525],[-94.8897,42.5323],[-94.8749,42.5322],[-94.8748,42.5032],[-94.8552,42.5031],[-94.8553,42.5176],[-94.8536,42.5176],[-94.8458,42.5176],[-94.8456,42.51],[-94.8358,42.5099],[-94.8358,42.503],[-94.816,42.5028],[-94.8161,42.5172]]]}},{"type":"Feature","properties":{"leaid":"1903930","name":"Atlantic Community School District","kind":"Unified","gradeLow":"PK","gradeHigh":"12","state":"IA"},"geometry":{"type":"Polygon","coordinates":[[[-95.0229,41.5192],[-95.0228,41.5335],[-95.0181,41.5336],[-95.018,41.5228],[-95.0072,41.5229],[-95.0072,41.5192],[-94.9988,41.5191],[-94.9988,41.5156],[-94.9747,41.5158],[-94.9745,41.5119],[-94.9697,41.5118],[-94.9698,41.5083],[-94.9553,41.5084],[-94.9553,41.5155],[-94.9458,41.5156],[-94.9456,41.5046],[-94.8978,41.5045],[-94.8977,41.4974],[-94.8783,41.4976],[-94.8783,41.5009],[-94.8735,41.501],[-94.873,41.4466],[-94.8826,41.4466],[-94.8825,41.4394],[-94.8923,41.4395],[-94.8923,41.4286],[-94.8827,41.4286],[-94.8821,41.4073],[-94.8918,41.4072],[-94.892,41.3602],[-94.863,41.3603],[-94.8632,41.3384],[-94.8728,41.3383],[-94.8729,41.3311],[-94.9268,41.3312],[-94.9271,41.2589],[-94.9558,41.259],[-94.9558,41.2554],[-94.9654,41.2554],[-94.9653,41.259],[-94.9751,41.259],[-94.9751,41.2517],[-94.985,41.2518],[-94.9851,41.2699],[-94.9944,41.2699],[-94.9941,41.2536],[-94.9991,41.2537],[-94.9991,41.2591],[-95.022,41.2591],[-95.0218,41.2545],[-95.0229,41.2545],[-95.0231,41.2663],[-95.0279,41.2664],[-95.028,41.2735],[-95.0184,41.2736],[-95.0185,41.2773],[-95.0232,41.2773],[-95.0231,41.2805],[-95.0192,41.2808],[-95.0137,41.2808],[-95.0137,41.2736],[-95.004,41.2736],[-95.0041,41.2845],[-95.0137,41.2845],[-95.0136,41.288],[-95.0235,41.288],[-95.0234,41.2953],[-95.0327,41.2953],[-95.033,41.288],[-95.0377,41.288],[-95.0377,41.2953],[-95.0412,41.2953],[-95.0411,41.3314],[-95.0604,41.3316],[-95.0604,41.3244],[-95.0748,41.3246],[-95.0764,41.3217],[-95.0832,41.3198],[-95.0867,41.3173],[-95.0939,41.3174],[-95.094,41.3201],[-95.0987,41.3201],[-95.0987,41.3174],[-95.1036,41.3174],[-95.1036,41.3284],[-95.1182,41.3285],[-95.1181,41.3317],[-95.1337,41.3318],[-95.1336,41.3353],[-95.1277,41.3353],[-95.1277,41.3389],[-95.1229,41.3389],[-95.1229,41.3462],[-95.118,41.3461],[-95.1178,41.3533],[-95.1226,41.3534],[-95.1227,41.3606],[-95.1276,41.3606],[-95.1275,41.3534],[-95.1322,41.3534],[-95.1322,41.3499],[-95.1299,41.3499],[-95.1299,41.3462],[-95.1371,41.3462],[-95.1371,41.3535],[-95.1555,41.3534],[-95.1554,41.3462],[-95.1647,41.3462],[-95.1651,41.339],[-95.184,41.3391],[-95.184,41.3427],[-95.1984,41.3428],[-95.1983,41.3501],[-95.1793,41.3503],[-95.1793,41.361],[-95.1839,41.3611],[-95.1838,41.3679],[-95.1744,41.368],[-95.1744,41.3754],[-95.1835,41.3754],[-95.1836,41.3792],[-95.1927,41.3792],[-95.1928,41.3972],[-95.1791,41.3971],[-95.1791,41.3899],[-95.1743,41.3899],[-95.1743,41.3934],[-95.1648,41.3934],[-95.1647,41.397],[-95.1546,41.3969],[-95.1549,41.4436],[-95.142,41.4435],[-95.142,41.4472],[-95.1469,41.4472],[-95.147,41.4581],[-95.155,41.4581],[-95.1551,41.4799],[-95.1518,41.4799],[-95.1519,41.4835],[-95.1228,41.4834],[-95.1227,41.4906],[-95.118,41.4906],[-95.118,41.4942],[-95.1132,41.4942],[-95.1132,41.4978],[-95.1084,41.4978],[-95.1084,41.505],[-95.0408,41.5047],[-95.0407,41.5193],[-95.0229,41.5192]],[[-95.0229,41.5192],[-95.0228,41.5181],[-95.0209,41.5181],[-95.0209,41.5192],[-95.0229,41.5192]]]}},{"type":"Feature","properties":{"leaid":"1916680","name":"Lewis Central Community School District","kind":"Unified","gradeLow":"PK","gradeHigh":"12","state":"IA"},"geometry":{"type":"Polygon","coordinates":[[[-95.7543,41.2607],[-95.7544,41.2551],[-95.7511,41.2536],[-95.7548,41.2516],[-95.7548,41.2462],[-95.7273,41.2463],[-95.7272,41.2325],[-95.7186,41.2324],[-95.7186,41.2254],[-95.7311,41.2253],[-95.7312,41.2215],[-95.7366,41.2217],[-95.7367,41.218],[-95.7273,41.2179],[-95.7275,41.1963],[-95.7183,41.1962],[-95.7183,41.1945],[-95.704,41.1926],[-95.7039,41.1818],[-95.7135,41.1817],[-95.7135,41.1745],[-95.7087,41.1745],[-95.7088,41.1568],[-95.7181,41.1565],[-95.7182,41.164],[-95.7213,41.1672],[-95.7275,41.1672],[-95.7275,41.16],[-95.7942,41.1599],[-95.7945,41.1454],[-95.785,41.1452],[-95.7849,41.1378],[-95.8041,41.1378],[-95.804,41.1416],[-95.8135,41.142],[-95.8136,41.1456],[-95.8231,41.1459],[-95.8227,41.1017],[-95.866,41.1024],[-95.8672,41.1215],[-95.8712,41.1288],[-95.8815,41.1421],[-95.8833,41.1501],[-95.8825,41.1559],[-95.8774,41.1639],[-95.8711,41.1676],[-95.8659,41.1681],[-95.8535,41.1655],[-95.8455,41.1674],[-95.8418,41.1723],[-95.8416,41.1755],[-95.8434,41.1797],[-95.8504,41.1851],[-95.8638,41.1882],[-95.8781,41.1879],[-95.9005,41.1846],[-95.9161,41.1853],[-95.9228,41.1898],[-95.9273,41.1971],[-95.928,41.2054],[-95.9251,41.2133],[-95.9143,41.2239],[-95.9108,41.2319],[-95.8249,41.2327],[-95.8181,41.2483],[-95.8095,41.2601],[-95.8029,41.261],[-95.7543,41.2607]]]}},{"type":"Feature","properties":{"leaid":"1910950","name":"Emmetsburg Community School District","kind":"Unified","gradeLow":"PK","gradeHigh":"12","state":"IA"},"geometry":{"type":"Polygon","coordinates":[[[-94.5901,43.2376],[-94.59,43.2196],[-94.5754,43.2197],[-94.5753,43.2271],[-94.5604,43.2272],[-94.5605,43.2209],[-94.5591,43.2209],[-94.5591,43.2197],[-94.5605,43.2197],[-94.5606,43.2125],[-94.551,43.2126],[-94.5509,43.1981],[-94.5215,43.1984],[-94.5215,43.1911],[-94.5116,43.191],[-94.5117,43.1983],[-94.4723,43.1977],[-94.4725,43.1628],[-94.4625,43.1627],[-94.4627,43.1554],[-94.4728,43.1555],[-94.4727,43.1482],[-94.4678,43.1482],[-94.4677,43.141],[-94.4529,43.1409],[-94.4528,43.1553],[-94.4427,43.1551],[-94.4426,43.0829],[-94.4819,43.0829],[-94.4819,43.0744],[-94.5014,43.0746],[-94.5016,43.0602],[-94.5114,43.0603],[-94.5114,43.053],[-94.5016,43.053],[-94.5017,43.0456],[-94.5212,43.0458],[-94.5212,43.0385],[-94.5115,43.0385],[-94.5116,43.0313],[-94.5606,43.0313],[-94.5605,43.0182],[-94.5753,43.0175],[-94.5753,43.0097],[-94.595,43.0097],[-94.595,43.0214],[-94.5998,43.0222],[-94.5998,43.0239],[-94.6244,43.0241],[-94.6244,43.0312],[-94.6295,43.0313],[-94.6294,43.0349],[-94.6393,43.0349],[-94.6392,43.0385],[-94.6689,43.0386],[-94.6689,43.035],[-94.6739,43.035],[-94.6739,43.0314],[-94.6654,43.0309],[-94.6631,43.0265],[-94.6594,43.0243],[-94.6592,43.0169],[-94.6492,43.0169],[-94.6492,43.0024],[-94.6591,43.0024],[-94.6592,43.0096],[-94.6737,43.0097],[-94.6737,43.0134],[-94.6786,43.0134],[-94.6786,43.0061],[-94.6885,43.0061],[-94.6885,43.0133],[-94.6835,43.0134],[-94.6835,43.017],[-94.6884,43.0169],[-94.6884,43.0242],[-94.6982,43.0241],[-94.6983,43.0314],[-94.7032,43.0314],[-94.7031,43.0277],[-94.7082,43.0277],[-94.7082,43.0133],[-94.718,43.0132],[-94.718,42.9952],[-94.7327,42.9952],[-94.7329,42.9851],[-94.7279,42.9851],[-94.7279,42.9761],[-94.7379,42.9761],[-94.7377,42.9671],[-94.7625,42.9669],[-94.7623,42.9597],[-94.7574,42.9597],[-94.7573,42.9525],[-94.7623,42.9525],[-94.7623,42.9561],[-94.7671,42.9561],[-94.7671,42.9525],[-94.7908,42.9525],[-94.7917,42.9507],[-94.7934,42.9507],[-94.7934,42.9525],[-94.7969,42.9525],[-94.7969,42.9597],[-94.8463,42.9601],[-94.8459,42.9954],[-94.856,42.9954],[-94.856,43.0027],[-94.8707,43.0027],[-94.8709,43.0137],[-94.8611,43.0136],[-94.8611,43.01],[-94.8512,43.01],[-94.8512,43.0135],[-94.8463,43.0135],[-94.8463,43.0171],[-94.8314,43.0172],[-94.8313,43.0063],[-94.8263,43.0063],[-94.8264,43.0099],[-94.8164,43.0099],[-94.8164,43.0244],[-94.8265,43.0244],[-94.8265,43.0265],[-94.8265,43.0389],[-94.8165,43.0389],[-94.8166,43.057],[-94.8266,43.0572],[-94.8266,43.0607],[-94.8463,43.0608],[-94.8461,43.0756],[-94.8411,43.0756],[-94.8412,43.0792],[-94.8362,43.079],[-94.8361,43.0831],[-94.8312,43.0831],[-94.8313,43.0903],[-94.8264,43.0903],[-94.8263,43.0867],[-94.7969,43.0868],[-94.7969,43.0976],[-94.7879,43.0976],[-94.7882,43.1265],[-94.797,43.1264],[-94.7971,43.1553],[-94.7875,43.1555],[-94.7877,43.1692],[-94.7772,43.1692],[-94.7775,43.1558],[-94.7528,43.1556],[-94.7527,43.1629],[-94.7378,43.163],[-94.7379,43.169],[-94.7185,43.1691],[-94.7187,43.1986],[-94.6788,43.1981],[-94.6788,43.2126],[-94.6691,43.2125],[-94.6691,43.2234],[-94.6593,43.2233],[-94.6593,43.2199],[-94.6197,43.22],[-94.6197,43.2339],[-94.6098,43.2339],[-94.6098,43.2376],[-94.5901,43.2376]]]}},{"type":"Feature","properties":{"leaid":"1931860","name":"Winterset Community School District","kind":"Unified","gradeLow":"PK","gradeHigh":"12","state":"IA"},"geometry":{"type":"MultiPolygon","coordinates":[[[[-93.9591,41.434],[-93.9594,41.4297],[-93.9614,41.4273],[-93.9673,41.427],[-93.9679,41.4318],[-93.9692,41.4314],[-93.9692,41.4381],[-93.9594,41.4382],[-93.9595,41.4346],[-93.9573,41.4345],[-93.9591,41.434]]],[[[-93.7906,41.5119],[-93.7906,41.465],[-93.8143,41.4629],[-93.8144,41.4593],[-93.8191,41.4589],[-93.819,41.4517],[-93.8381,41.4502],[-93.8381,41.4575],[-93.8427,41.4571],[-93.8429,41.4607],[-93.8476,41.4604],[-93.8476,41.4567],[-93.8764,41.4543],[-93.8764,41.4469],[-93.8669,41.4479],[-93.8669,41.444],[-93.8715,41.4437],[-93.8729,41.4422],[-93.8719,41.4414],[-93.8718,41.4366],[-93.8669,41.437],[-93.8669,41.4335],[-93.8382,41.4356],[-93.8383,41.4321],[-93.8479,41.4313],[-93.8479,41.4277],[-93.867,41.4261],[-93.867,41.4298],[-93.8767,41.4289],[-93.8766,41.418],[-93.8669,41.4188],[-93.8666,41.401],[-93.8715,41.4005],[-93.8713,41.3991],[-93.8679,41.3971],[-93.8569,41.398],[-93.8568,41.3943],[-93.8474,41.3948],[-93.8474,41.3983],[-93.8236,41.4001],[-93.8234,41.3964],[-93.8093,41.3968],[-93.8092,41.3826],[-93.8189,41.3821],[-93.8186,41.3787],[-93.8279,41.3781],[-93.8281,41.376],[-93.828,41.3671],[-93.8092,41.3682],[-93.8089,41.336],[-93.8663,41.332],[-93.8661,41.3173],[-93.861,41.3177],[-93.8613,41.3032],[-93.898,41.301],[-93.8981,41.283],[-93.9076,41.2831],[-93.9079,41.2674],[-93.9079,41.2505],[-93.903,41.2504],[-93.903,41.2433],[-93.8983,41.2433],[-93.8983,41.2288],[-93.9034,41.2289],[-93.9034,41.2252],[-93.9079,41.2251],[-93.9081,41.2179],[-93.9176,41.218],[-93.9177,41.2108],[-93.9225,41.2108],[-93.9225,41.2072],[-93.9558,41.2073],[-93.956,41.1999],[-93.9845,41.1999],[-93.9845,41.1891],[-93.9941,41.1892],[-93.9941,41.1855],[-94.014,41.1855],[-94.0142,41.1706],[-94.0237,41.1711],[-94.0237,41.1747],[-94.0284,41.1747],[-94.0284,41.1783],[-94.0428,41.1783],[-94.0427,41.1747],[-94.0475,41.1747],[-94.0474,41.1783],[-94.0524,41.1785],[-94.0524,41.171],[-94.0808,41.1712],[-94.0808,41.1639],[-94.0905,41.1641],[-94.0905,41.1568],[-94.1279,41.1568],[-94.1271,41.2581],[-94.1371,41.2581],[-94.137,41.2621],[-94.1472,41.2621],[-94.1472,41.258],[-94.1657,41.2581],[-94.1656,41.2797],[-94.1848,41.28],[-94.1848,41.2976],[-94.1938,41.2976],[-94.1938,41.3016],[-94.2416,41.3016],[-94.2415,41.3378],[-94.2374,41.3377],[-94.2374,41.3413],[-94.2415,41.3414],[-94.2415,41.3558],[-94.2322,41.3558],[-94.2325,41.3593],[-94.2415,41.3594],[-94.2415,41.3882],[-94.2086,41.3883],[-94.2086,41.3848],[-94.2134,41.3847],[-94.2136,41.381],[-94.2038,41.381],[-94.2038,41.3738],[-94.1655,41.3736],[-94.1461,41.374],[-94.1462,41.3809],[-94.1175,41.3809],[-94.1168,41.3772],[-94.1149,41.3769],[-94.1103,41.3798],[-94.1095,41.388],[-94.0952,41.3879],[-94.0952,41.3845],[-94.0904,41.3846],[-94.0902,41.388],[-94.0663,41.3881],[-94.0663,41.3952],[-94.0625,41.3953],[-94.0624,41.4024],[-94.061,41.4026],[-94.061,41.4167],[-94.0708,41.4167],[-94.0707,41.4278],[-94.0611,41.4277],[-94.0611,41.4313],[-94.0561,41.4313],[-94.056,41.4341],[-94.0416,41.4348],[-94.0417,41.4384],[-94.0513,41.4384],[-94.0506,41.444],[-94.0464,41.444],[-94.0465,41.4456],[-94.0342,41.4458],[-94.033,41.4438],[-94.0307,41.4436],[-94.0313,41.442],[-94.0224,41.442],[-94.0224,41.4491],[-94.0177,41.4491],[-94.0177,41.4455],[-94.0128,41.4454],[-94.0129,41.4419],[-94.0076,41.4418],[-94.0076,41.44],[-94.0028,41.4399],[-94.0029,41.4417],[-93.9966,41.4377],[-93.9953,41.439],[-93.9928,41.4377],[-93.9932,41.4344],[-93.9853,41.4345],[-93.9836,41.4352],[-93.984,41.4365],[-93.9788,41.4346],[-93.9785,41.431],[-93.9692,41.4309],[-93.9691,41.4273],[-93.9786,41.4273],[-93.9787,41.4199],[-93.974,41.4199],[-93.974,41.4163],[-93.9451,41.4164],[-93.9452,41.4201],[-93.9548,41.4201],[-93.9549,41.4274],[-93.9498,41.4273],[-93.9498,41.4382],[-93.9305,41.438],[-93.9305,41.4416],[-93.9353,41.4417],[-93.9357,41.4453],[-93.9162,41.4452],[-93.9163,41.4306],[-93.8971,41.4306],[-93.8969,41.4493],[-93.891,41.4493],[-93.8909,41.4529],[-93.892,41.4534],[-93.8907,41.4593],[-93.8907,41.4603],[-93.8971,41.4598],[-93.8971,41.4705],[-93.8764,41.4725],[-93.8763,41.476],[-93.8669,41.4768],[-93.8669,41.4697],[-93.8764,41.469],[-93.8764,41.458],[-93.8572,41.4597],[-93.8572,41.4705],[-93.8428,41.4716],[-93.8428,41.4788],[-93.8477,41.4784],[-93.8477,41.4857],[-93.8669,41.4841],[-93.8669,41.4951],[-93.8763,41.4942],[-93.8763,41.4977],[-93.8668,41.4986],[-93.8668,41.5008],[-93.8642,41.5011],[-93.8645,41.5028],[-93.8738,41.5016],[-93.8739,41.5051],[-93.7906,41.5119]]]]}},{"type":"Feature","properties":{"leaid":"1906540","name":"Cedar Rapids Community School District","kind":"Unified","gradeLow":"PK","gradeHigh":"12","state":"IA"},"geometry":{"type":"Polygon","coordinates":[[[-91.7655,42.1261],[-91.7633,42.1223],[-91.7647,42.1142],[-91.7682,42.1109],[-91.7686,42.1061],[-91.7647,42.1036],[-91.764,42.1011],[-91.7659,42.0982],[-91.7708,42.0972],[-91.7721,42.0958],[-91.7779,42.0848],[-91.7804,42.0736],[-91.7213,42.0736],[-91.7215,42.0809],[-91.6873,42.0805],[-91.6873,42.0841],[-91.6825,42.0841],[-91.6824,42.0878],[-91.6776,42.0878],[-91.6776,42.0841],[-91.6679,42.0841],[-91.668,42.095],[-91.6632,42.095],[-91.6631,42.0913],[-91.6582,42.0913],[-91.6582,42.0804],[-91.6483,42.0804],[-91.6483,42.0731],[-91.6533,42.0732],[-91.6533,42.0566],[-91.6553,42.055],[-91.6582,42.055],[-91.6581,42.0214],[-91.6532,42.0212],[-91.6533,42.0267],[-91.6484,42.0265],[-91.6479,42.0284],[-91.6385,42.0281],[-91.6385,42.0244],[-91.6287,42.0243],[-91.6277,42.0216],[-91.6287,42.0206],[-91.609,42.0205],[-91.609,42.0133],[-91.6041,42.0133],[-91.6041,42.0097],[-91.5992,42.0097],[-91.5991,41.9924],[-91.5941,41.9914],[-91.5305,41.9905],[-91.5309,41.9584],[-91.526,41.9578],[-91.526,41.9469],[-91.5456,41.947],[-91.5455,41.9579],[-91.5601,41.9578],[-91.5601,41.9544],[-91.5638,41.9552],[-91.5657,41.9538],[-91.5736,41.9611],[-91.5805,41.964],[-91.5868,41.9597],[-91.5968,41.9552],[-91.6117,41.9445],[-91.633,41.9442],[-91.6367,41.9482],[-91.6572,41.9486],[-91.657,41.9415],[-91.6596,41.9411],[-91.6601,41.9421],[-91.6667,41.9412],[-91.6672,41.9487],[-91.7161,41.9492],[-91.7159,41.942],[-91.7182,41.9419],[-91.7188,41.9442],[-91.7232,41.9442],[-91.7233,41.942],[-91.7258,41.942],[-91.7258,41.9494],[-91.7332,41.9493],[-91.7409,41.9454],[-91.7571,41.9495],[-91.8333,41.9494],[-91.8353,42.037],[-91.8335,42.1763],[-91.8299,42.1716],[-91.82,42.1685],[-91.8138,42.1628],[-91.803,42.1576],[-91.7954,42.1563],[-91.7926,42.1538],[-91.792,42.1514],[-91.7933,42.1475],[-91.7896,42.1421],[-91.7903,42.141],[-91.7879,42.1356],[-91.7922,42.1327],[-91.7948,42.1291],[-91.7952,42.1257],[-91.7977,42.1215],[-91.7969,42.1198],[-91.7917,42.1191],[-91.7903,42.1206],[-91.7904,42.1231],[-91.7884,42.1248],[-91.7798,42.1238],[-91.7773,42.1261],[-91.7719,42.1272],[-91.7655,42.1261]]]}},{"type":"Feature","properties":{"leaid":"1927060","name":"Springville Community School District","kind":"Unified","gradeLow":"PK","gradeHigh":"12","state":"IA"},"geometry":{"type":"MultiPolygon","coordinates":[[[[-91.4191,41.9817],[-91.4191,41.9794],[-91.4234,41.9799],[-91.4228,41.9817],[-91.4191,41.9817]]],[[[-91.4188,41.9817],[-91.4192,41.9884],[-91.4216,41.9871],[-91.4534,41.9872],[-91.4534,41.9909],[-91.4631,41.9908],[-91.4631,41.9945],[-91.4678,41.9944],[-91.4678,41.9908],[-91.5111,41.9904],[-91.511,41.9978],[-91.4868,41.9978],[-91.4867,42.0052],[-91.4819,42.0051],[-91.4818,42.0232],[-91.4773,42.0234],[-91.4774,42.0243],[-91.4819,42.0243],[-91.4818,42.0307],[-91.4802,42.0307],[-91.4796,42.0347],[-91.4818,42.0348],[-91.4818,42.04],[-91.4888,42.0402],[-91.4888,42.042],[-91.5014,42.0422],[-91.5013,42.035],[-91.5257,42.0353],[-91.5257,42.0425],[-91.5208,42.0422],[-91.5207,42.0697],[-91.5183,42.0697],[-91.5183,42.0715],[-91.5207,42.0715],[-91.5207,42.0788],[-91.5256,42.0789],[-91.5255,42.0935],[-91.4816,42.093],[-91.4816,42.1221],[-91.5208,42.1227],[-91.5212,42.1373],[-91.4964,42.1369],[-91.4965,42.1332],[-91.4815,42.133],[-91.4813,42.1512],[-91.4623,42.1512],[-91.4624,42.1478],[-91.4171,42.147],[-91.4161,42.1455],[-91.413,42.1448],[-91.4154,42.1426],[-91.4115,42.1406],[-91.4104,42.1436],[-91.4086,42.1409],[-91.4136,42.1367],[-91.4136,42.1258],[-91.4186,42.1258],[-91.4186,42.1221],[-91.4235,42.1221],[-91.4236,42.1094],[-91.4188,42.1094],[-91.4187,42.1076],[-91.4236,42.1076],[-91.4237,42.1002],[-91.414,42.1003],[-91.4141,42.0967],[-91.4042,42.0967],[-91.4044,42.0783],[-91.3945,42.0783],[-91.3945,42.0688],[-91.3896,42.0688],[-91.3896,42.0747],[-91.3847,42.0746],[-91.3847,42.0711],[-91.3797,42.071],[-91.3797,42.0783],[-91.3711,42.0783],[-91.371,42.0746],[-91.3698,42.0746],[-91.3698,42.0767],[-91.3649,42.0767],[-91.3648,42.0491],[-91.3698,42.0491],[-91.3698,42.0418],[-91.3747,42.0418],[-91.3747,42.0346],[-91.3845,42.0344],[-91.3846,42.0258],[-91.3749,42.0244],[-91.3749,42.0164],[-91.3798,42.0164],[-91.3799,42.0128],[-91.3843,42.0128],[-91.3848,42.0168],[-91.3853,42.0127],[-91.3897,42.0127],[-91.3896,42.02],[-91.3944,42.0199],[-91.3945,42.0163],[-91.3994,42.0162],[-91.3994,42.0198],[-91.4042,42.0198],[-91.4043,42.0126],[-91.4117,42.0125],[-91.4116,42.0052],[-91.4091,42.0053],[-91.4093,41.9908],[-91.4142,41.9907],[-91.4143,41.98],[-91.4188,41.9799],[-91.4188,41.9817]]]]}},{"type":"Feature","properties":{"leaid":"1918840","name":"MOC-Floyd Valley Community School District","kind":"Unified","gradeLow":"PK","gradeHigh":"12","state":"IA"},"geometry":{"type":"Polygon","coordinates":[[[-95.8107,43.0476],[-95.8108,43.0335],[-95.8407,43.0331],[-95.8408,43.0403],[-95.8602,43.0402],[-95.8594,42.9091],[-95.8988,42.9094],[-95.8987,42.9166],[-95.9036,42.9167],[-95.9036,42.9239],[-95.9085,42.924],[-95.9085,42.9167],[-95.9184,42.9167],[-95.9182,42.9314],[-95.9281,42.9315],[-95.9281,42.9242],[-95.9359,42.9242],[-95.9379,42.9242],[-95.9379,42.9314],[-95.9626,42.9314],[-95.9627,42.9243],[-95.9575,42.9243],[-95.9577,42.9171],[-95.9677,42.9171],[-95.9675,42.9242],[-95.9774,42.9242],[-95.9774,42.9098],[-96.2533,42.9094],[-96.2533,42.9384],[-96.2434,42.9385],[-96.2433,42.9457],[-96.2335,42.9457],[-96.2334,42.9607],[-96.2434,42.9606],[-96.2434,42.982],[-96.2534,42.982],[-96.2534,42.9892],[-96.2385,42.9893],[-96.2386,42.9972],[-96.2336,42.9972],[-96.2337,43.0045],[-96.2138,43.0046],[-96.2139,43.0118],[-96.1606,43.0116],[-96.1603,43.0261],[-96.1407,43.0263],[-96.1406,43.03],[-96.1357,43.0301],[-96.1357,43.0336],[-96.111,43.0338],[-96.111,43.0411],[-96.1011,43.0411],[-96.1011,43.0484],[-96.0962,43.0484],[-96.0963,43.063],[-96.0867,43.063],[-96.0869,43.0846],[-96.0574,43.0845],[-96.0574,43.0881],[-96.0672,43.0881],[-96.0676,43.1099],[-96.048,43.1099],[-96.0482,43.1135],[-96.0382,43.1135],[-96.0384,43.1208],[-96.0483,43.1208],[-96.0486,43.1352],[-96.0405,43.1351],[-96.0405,43.1322],[-96.0386,43.1322],[-96.0387,43.1351],[-96.0288,43.1351],[-96.0288,43.1316],[-96.0238,43.1316],[-96.0237,43.128],[-96.0188,43.128],[-96.0189,43.1353],[-96.009,43.1359],[-96.0089,43.1313],[-96.0039,43.1315],[-96.0039,43.1349],[-95.9792,43.1348],[-95.9806,43.1315],[-95.9791,43.1315],[-95.979,43.1277],[-95.965,43.1277],[-95.9652,43.1349],[-95.97,43.135],[-95.9703,43.1422],[-95.9505,43.1422],[-95.9506,43.1457],[-95.9456,43.1457],[-95.9455,43.1421],[-95.9306,43.142],[-95.9306,43.1384],[-95.9208,43.1384],[-95.9201,43.1058],[-95.9152,43.1057],[-95.9149,43.0985],[-95.8606,43.0982],[-95.8603,43.0837],[-95.8408,43.0837],[-95.8411,43.0693],[-95.8212,43.0697],[-95.8212,43.0771],[-95.8113,43.0771],[-95.8112,43.0625],[-95.8013,43.0626],[-95.8012,43.0477],[-95.8107,43.0476]]]}},{"type":"Feature","properties":{"leaid":"1999019","name":"Southeast Valley Community School District","kind":"Unified","gradeLow":"PK","gradeHigh":"12","state":"IA"},"geometry":{"type":"Polygon","coordinates":[[[-94.3977,42.4733],[-94.2186,42.4726],[-94.2185,42.4671],[-94.2235,42.4671],[-94.2233,42.4563],[-94.2037,42.4562],[-94.2037,42.4525],[-94.1891,42.4524],[-94.1878,42.4535],[-94.1899,42.4562],[-94.1644,42.4563],[-94.1646,42.3981],[-94.1456,42.3982],[-94.1456,42.4018],[-94.1165,42.4017],[-94.1165,42.3981],[-94.1067,42.3979],[-94.1067,42.3944],[-94.0969,42.3944],[-94.0969,42.3851],[-94.0982,42.3836],[-94.0689,42.3837],[-94.0748,42.3851],[-94.0783,42.3905],[-94.0782,42.3936],[-94.0705,42.4018],[-94.0717,42.4062],[-94.0795,42.4104],[-94.0901,42.4097],[-94.0961,42.4119],[-94.0987,42.4178],[-94.0954,42.4221],[-94.0821,42.4216],[-94.0821,42.4161],[-94.0773,42.4163],[-94.0773,42.4199],[-93.9712,42.4201],[-93.9712,42.4128],[-93.9615,42.4128],[-93.9615,42.4056],[-93.9713,42.4056],[-93.9713,42.3838],[-93.9616,42.3838],[-93.9612,42.3687],[-93.971,42.3686],[-93.971,42.3648],[-93.9661,42.3648],[-93.9662,42.3543],[-93.9879,42.3538],[-93.9833,42.3528],[-93.9799,42.3503],[-93.9798,42.3487],[-93.9758,42.3448],[-93.9783,42.3397],[-93.973,42.3378],[-93.9651,42.3327],[-93.9654,42.3264],[-93.9629,42.3255],[-93.9615,42.327],[-93.9599,42.3267],[-93.9604,42.3232],[-93.9567,42.3207],[-93.9566,42.318],[-93.9756,42.318],[-93.9754,42.2962],[-93.9802,42.2962],[-93.9804,42.2855],[-93.9851,42.2826],[-93.9825,42.2793],[-93.9835,42.2743],[-93.9807,42.2717],[-93.9897,42.2642],[-93.9947,42.2619],[-93.9965,42.2543],[-93.996,42.243],[-93.9942,42.239],[-93.989,42.2383],[-93.9867,42.234],[-93.979,42.2309],[-93.9765,42.2202],[-93.9797,42.2145],[-93.98,42.1994],[-93.9773,42.1975],[-93.97,42.1973],[-93.962,42.1917],[-93.9643,42.1879],[-93.9674,42.1859],[-93.9763,42.1828],[-93.977,42.1789],[-93.9731,42.1752],[-93.9664,42.1731],[-93.9655,42.1666],[-93.9411,42.1669],[-93.941,42.1377],[-93.9313,42.1377],[-93.9317,42.1231],[-93.937,42.1231],[-93.935,42.125],[-93.9364,42.1269],[-93.9441,42.1308],[-93.9446,42.1327],[-93.9472,42.1327],[-93.9493,42.1285],[-93.9556,42.1236],[-93.9554,42.1181],[-93.9844,42.118],[-93.9841,42.1293],[-93.9829,42.1301],[-93.9889,42.1303],[-93.9888,42.1231],[-94.0083,42.1229],[-94.0085,42.1143],[-94.0475,42.1142],[-94.0475,42.1033],[-94.0671,42.1036],[-94.0672,42.1],[-94.1447,42.1],[-94.1446,42.1228],[-94.1648,42.1228],[-94.1648,42.1445],[-94.1746,42.1445],[-94.1746,42.1516],[-94.1649,42.1516],[-94.1648,42.1807],[-94.2036,42.1806],[-94.2036,42.2099],[-94.4267,42.209],[-94.4364,42.2093],[-94.4365,42.2165],[-94.4461,42.2165],[-94.4461,42.2237],[-94.4364,42.2237],[-94.4363,42.2382],[-94.4315,42.2382],[-94.4315,42.2418],[-94.4267,42.2418],[-94.4267,42.2454],[-94.4364,42.2454],[-94.4365,42.2671],[-94.4803,42.267],[-94.4802,42.2706],[-94.4753,42.2706],[-94.4753,42.2814],[-94.4658,42.2815],[-94.4657,42.2884],[-94.4558,42.2883],[-94.4559,42.2962],[-94.4754,42.2962],[-94.4754,42.3037],[-94.4851,42.3036],[-94.4851,42.3107],[-94.5136,42.3108],[-94.5137,42.3252],[-94.5093,42.3252],[-94.5083,42.332],[-94.5235,42.3321],[-94.5235,42.3358],[-94.5286,42.3359],[-94.5286,42.3396],[-94.5333,42.3396],[-94.5335,42.354],[-94.514,42.3541],[-94.5141,42.4276],[-94.495,42.4274],[-94.495,42.4347],[-94.4461,42.4346],[-94.4462,42.4273],[-94.4362,42.4273],[-94.4363,42.4345],[-94.4267,42.4345],[-94.4267,42.4418],[-94.4365,42.4418],[-94.4365,42.4454],[-94.4316,42.4454],[-94.4317,42.4494],[-94.4366,42.4492],[-94.4366,42.4563],[-94.4318,42.4563],[-94.4317,42.4598],[-94.4366,42.4599],[-94.4366,42.4635],[-94.4299,42.4639],[-94.4299,42.4671],[-94.4318,42.4671],[-94.432,42.4734],[-94.4171,42.4733],[-94.4171,42.4635],[-94.4268,42.4635],[-94.4268,42.4599],[-94.4171,42.4599],[-94.4171,42.4563],[-94.4113,42.4562],[-94.4126,42.4527],[-94.4108,42.4527],[-94.4112,42.4562],[-94.3975,42.4562],[-94.3977,42.4733]]]}},{"type":"Feature","properties":{"leaid":"1917250","name":"Lisbon Community School District","kind":"Unified","gradeLow":"PK","gradeHigh":"12","state":"IA"},"geometry":{"type":"Polygon","coordinates":[[[-91.3078,41.9656],[-91.3077,41.9472],[-91.3278,41.9472],[-91.3279,41.9182],[-91.3184,41.9181],[-91.3183,41.9108],[-91.3231,41.9109],[-91.3232,41.9036],[-91.3374,41.9036],[-91.3374,41.8964],[-91.3325,41.8965],[-91.3324,41.8782],[-91.3234,41.8781],[-91.3222,41.8599],[-91.3027,41.8598],[-91.3028,41.8309],[-91.3076,41.8309],[-91.3076,41.8163],[-91.3271,41.8166],[-91.3273,41.803],[-91.3422,41.8132],[-91.347,41.812],[-91.3483,41.8093],[-91.3541,41.8058],[-91.3619,41.8077],[-91.3644,41.8096],[-91.3644,41.8159],[-91.3678,41.8199],[-91.3783,41.8194],[-91.3804,41.818],[-91.3826,41.813],[-91.3874,41.8114],[-91.3923,41.8174],[-91.4005,41.8188],[-91.4018,41.8208],[-91.4018,41.8287],[-91.3984,41.8344],[-91.3946,41.8365],[-91.3919,41.841],[-91.391,41.8475],[-91.3951,41.8524],[-91.4008,41.856],[-91.4125,41.8581],[-91.4131,41.861],[-91.4227,41.8663],[-91.4243,41.868],[-91.4244,41.8709],[-91.4245,41.8885],[-91.4151,41.8886],[-91.4148,41.8815],[-91.3904,41.8817],[-91.3907,41.8963],[-91.3954,41.8962],[-91.3955,41.9067],[-91.4002,41.9067],[-91.4002,41.9106],[-91.4051,41.9105],[-91.4047,41.9762],[-91.347,41.9767],[-91.3465,41.9841],[-91.3371,41.984],[-91.3372,41.9766],[-91.3276,41.9766],[-91.3275,41.9728],[-91.3177,41.9727],[-91.3176,41.9656],[-91.3078,41.9656]]]}},{"type":"Feature","properties":{"leaid":"1930750","name":"West Branch Community School District","kind":"Unified","gradeLow":"PK","gradeHigh":"12","state":"IA"},"geometry":{"type":"Polygon","coordinates":[[[-91.366,41.7837],[-91.366,41.7729],[-91.2895,41.7727],[-91.2806,41.7636],[-91.2766,41.7575],[-91.2641,41.7472],[-91.2523,41.7416],[-91.2464,41.734],[-91.2332,41.7239],[-91.2244,41.7188],[-91.1943,41.7068],[-91.1927,41.7034],[-91.1859,41.6981],[-91.1825,41.6897],[-91.178,41.6843],[-91.1746,41.676],[-91.1688,41.6731],[-91.1604,41.6718],[-91.1555,41.6696],[-91.1472,41.6593],[-91.137,41.653],[-91.1333,41.6462],[-91.1347,41.6375],[-91.1518,41.6375],[-91.1518,41.6339],[-91.1663,41.6339],[-91.1664,41.6267],[-91.181,41.6268],[-91.1808,41.6412],[-91.1954,41.6412],[-91.1955,41.6376],[-91.2052,41.6377],[-91.2052,41.6413],[-91.21,41.6413],[-91.21,41.6485],[-91.2197,41.6486],[-91.2198,41.6559],[-91.2496,41.6562],[-91.2496,41.6487],[-91.2883,41.6489],[-91.2883,41.6274],[-91.3028,41.6274],[-91.3029,41.6128],[-91.3078,41.6128],[-91.3079,41.5981],[-91.3664,41.5984],[-91.3664,41.6168],[-91.4053,41.617],[-91.4056,41.6275],[-91.4297,41.6275],[-91.4297,41.6312],[-91.4248,41.6312],[-91.4249,41.6348],[-91.4152,41.6348],[-91.4153,41.6493],[-91.4249,41.6493],[-91.4249,41.642],[-91.449,41.642],[-91.4489,41.6493],[-91.4536,41.6493],[-91.4534,41.6674],[-91.463,41.6674],[-91.463,41.6782],[-91.4816,41.6855],[-91.4632,41.6855],[-91.4637,41.7146],[-91.4344,41.7148],[-91.4344,41.7439],[-91.4301,41.7439],[-91.4323,41.7475],[-91.4197,41.7474],[-91.4197,41.7512],[-91.4125,41.7513],[-91.4125,41.7548],[-91.4148,41.7548],[-91.4148,41.7654],[-91.4049,41.7657],[-91.4048,41.7729],[-91.3951,41.7729],[-91.395,41.7765],[-91.3756,41.7764],[-91.3755,41.7799],[-91.395,41.7801],[-91.3952,41.7947],[-91.3707,41.7946],[-91.3707,41.7838],[-91.366,41.7837]]]}},{"type":"Feature","properties":{"leaid":"1931800","name":"Wilton Community School District","kind":"Unified","gradeLow":"PK","gradeHigh":"12","state":"IA"},"geometry":{"type":"Polygon","coordinates":[[[-90.9673,41.6772],[-90.9673,41.6699],[-90.977,41.6699],[-90.977,41.659],[-90.9868,41.659],[-90.987,41.6191],[-90.9918,41.6191],[-90.9918,41.6155],[-90.987,41.6155],[-90.987,41.6082],[-90.9774,41.6082],[-90.9774,41.6118],[-90.9725,41.6118],[-90.9725,41.6082],[-90.9628,41.6082],[-90.9628,41.6045],[-90.9579,41.6045],[-90.9583,41.5762],[-90.9485,41.5762],[-90.9485,41.5735],[-90.9436,41.5735],[-90.9438,41.5662],[-90.934,41.5661],[-90.9339,41.5734],[-90.929,41.5733],[-90.9292,41.5588],[-90.9487,41.5588],[-90.949,41.5406],[-90.9534,41.5405],[-90.9534,41.537],[-90.9438,41.537],[-90.944,41.5223],[-90.978,41.5224],[-90.9779,41.5299],[-91.007,41.5298],[-91.0072,41.5152],[-91.0194,41.5152],[-91.0195,41.5078],[-91.0212,41.5079],[-91.0249,41.5008],[-91.0293,41.5005],[-91.0295,41.5079],[-91.0342,41.5079],[-91.0343,41.5008],[-91.0394,41.5008],[-91.0392,41.5039],[-91.0492,41.5041],[-91.0493,41.4973],[-91.0541,41.4973],[-91.054,41.5009],[-91.0588,41.501],[-91.0587,41.5044],[-91.0685,41.5048],[-91.0685,41.5083],[-91.0829,41.5084],[-91.083,41.5051],[-91.088,41.505],[-91.0883,41.5016],[-91.093,41.5017],[-91.093,41.5086],[-91.1454,41.5089],[-91.1454,41.5125],[-91.1419,41.5134],[-91.141,41.5164],[-91.1355,41.5164],[-91.135,41.5673],[-91.1449,41.5675],[-91.1448,41.5748],[-91.1484,41.5749],[-91.1366,41.5815],[-91.1397,41.5817],[-91.1397,41.5856],[-91.1446,41.5858],[-91.1445,41.5902],[-91.1495,41.5906],[-91.1496,41.5931],[-91.1544,41.5934],[-91.1543,41.5974],[-91.1263,41.5976],[-91.1513,41.6095],[-91.1533,41.6122],[-91.1587,41.6141],[-91.1594,41.6167],[-91.1566,41.6225],[-91.1385,41.6321],[-91.1355,41.6358],[-91.1331,41.6432],[-91.1333,41.6462],[-91.137,41.653],[-91.1414,41.6559],[-91.1242,41.6556],[-91.1235,41.6538],[-91.1173,41.6538],[-91.1173,41.6556],[-91.0981,41.6554],[-91.0976,41.67],[-91.0929,41.67],[-91.0931,41.6626],[-91.0739,41.6626],[-91.0741,41.6553],[-91.0548,41.6553],[-91.0547,41.6626],[-91.0594,41.6626],[-91.0594,41.6698],[-91.0354,41.67],[-91.0354,41.6737],[-91.045,41.6735],[-91.045,41.6773],[-91.0546,41.677],[-91.0546,41.6918],[-91.0449,41.6918],[-91.0449,41.6954],[-91.035,41.6954],[-91.0351,41.6991],[-91.0302,41.699],[-91.0302,41.6919],[-91.0254,41.6918],[-91.0253,41.699],[-91.0157,41.6991],[-91.0157,41.6881],[-91.0254,41.6881],[-91.0255,41.6845],[-91.0141,41.6845],[-91.0141,41.6832],[-91.0157,41.6832],[-91.0158,41.6809],[-90.996,41.6807],[-90.996,41.6844],[-90.9866,41.6844],[-90.9866,41.6772],[-90.9673,41.6772]]]}},{"type":"Feature","properties":{"leaid":"1911250","name":"Exira-Elk Horn-Kimballton Community School District","kind":"Unified","gradeLow":"PK","gradeHigh":"12","state":"IA"},"geometry":{"type":"MultiPolygon","coordinates":[[[[-95.0229,41.5192],[-95.0209,41.5192],[-95.0209,41.5181],[-95.0228,41.5181],[-95.0229,41.5192]]],[[[-95.0229,41.5192],[-95.0407,41.5193],[-95.0408,41.5047],[-95.1084,41.505],[-95.1084,41.4978],[-95.1132,41.4978],[-95.1132,41.4942],[-95.118,41.4942],[-95.118,41.516],[-95.1276,41.516],[-95.1275,41.5341],[-95.1372,41.5341],[-95.1372,41.5414],[-95.1548,41.5415],[-95.1548,41.5378],[-95.1644,41.5378],[-95.1644,41.5342],[-95.1742,41.5342],[-95.1741,41.5306],[-95.184,41.5307],[-95.1839,41.5343],[-95.1936,41.5343],[-95.1935,41.5416],[-95.1839,41.5415],[-95.1839,41.5488],[-95.1935,41.5488],[-95.1934,41.5635],[-95.1836,41.5635],[-95.1836,41.5705],[-95.1934,41.5707],[-95.1934,41.5779],[-95.1884,41.5778],[-95.1886,41.5815],[-95.1837,41.5814],[-95.1836,41.585],[-95.174,41.585],[-95.174,41.5886],[-95.1641,41.5886],[-95.1642,41.5922],[-95.1666,41.5922],[-95.1667,41.5994],[-95.1546,41.5995],[-95.1546,41.602],[-95.1695,41.6019],[-95.1696,41.6201],[-95.1649,41.62],[-95.1648,41.6236],[-95.1408,41.6236],[-95.1408,41.6272],[-95.1456,41.6272],[-95.1455,41.6313],[-95.1314,41.6307],[-95.1311,41.6589],[-95.1119,41.6598],[-95.112,41.6633],[-95.1072,41.6632],[-95.1071,41.6598],[-95.0927,41.6597],[-95.0928,41.6673],[-95.1027,41.6671],[-95.1028,41.6742],[-95.1171,41.6741],[-95.1169,41.6669],[-95.1265,41.6669],[-95.1265,41.6703],[-95.1314,41.6704],[-95.1315,41.6776],[-95.1267,41.6778],[-95.1267,41.6813],[-95.1172,41.6813],[-95.1171,41.685],[-95.1123,41.6852],[-95.1124,41.6814],[-95.1077,41.6815],[-95.1075,41.6851],[-95.1027,41.6852],[-95.1026,41.6882],[-95.0684,41.6885],[-95.0684,41.6856],[-95.0583,41.6856],[-95.0587,41.6638],[-95.0734,41.6638],[-95.0732,41.6457],[-95.0585,41.6457],[-95.0585,41.6531],[-95.044,41.653],[-95.044,41.6494],[-95.0489,41.6493],[-95.0489,41.6456],[-95.0342,41.6457],[-95.0342,41.6385],[-95.0484,41.6382],[-95.0482,41.6347],[-95.068,41.6348],[-95.0679,41.6311],[-95.0483,41.6313],[-95.0483,41.6275],[-95.034,41.6276],[-95.0339,41.6166],[-95.0244,41.6166],[-95.0245,41.6238],[-95.0292,41.624],[-95.0292,41.6276],[-95.0244,41.6274],[-95.0244,41.6348],[-95.0196,41.6347],[-95.0197,41.6309],[-95.0173,41.6309],[-95.0173,41.6274],[-95.0196,41.6275],[-95.0197,41.6202],[-95.015,41.6204],[-95.0151,41.6309],[-94.9763,41.6308],[-94.9763,41.638],[-94.9715,41.638],[-94.9715,41.6452],[-94.9326,41.6451],[-94.9326,41.6412],[-94.9183,41.6413],[-94.9183,41.6451],[-94.9036,41.6452],[-94.9038,41.6488],[-94.8698,41.6487],[-94.8698,41.6596],[-94.8601,41.6597],[-94.8601,41.667],[-94.8551,41.667],[-94.855,41.6705],[-94.8407,41.6703],[-94.8405,41.6596],[-94.8357,41.6596],[-94.8358,41.674],[-94.831,41.6741],[-94.8303,41.6633],[-94.8213,41.6635],[-94.8213,41.667],[-94.8261,41.667],[-94.8262,41.6741],[-94.8167,41.6742],[-94.8164,41.6635],[-94.8069,41.6635],[-94.8068,41.6669],[-94.8022,41.6668],[-94.8022,41.6741],[-94.7731,41.6745],[-94.7731,41.6709],[-94.7684,41.6709],[-94.7684,41.66],[-94.7635,41.66],[-94.7635,41.6637],[-94.759,41.6637],[-94.7587,41.6709],[-94.749,41.6708],[-94.7489,41.6672],[-94.7441,41.6673],[-94.7443,41.6382],[-94.7488,41.638],[-94.7486,41.6311],[-94.7442,41.6311],[-94.7442,41.6095],[-94.7195,41.6095],[-94.7193,41.6022],[-94.7105,41.6023],[-94.7106,41.5834],[-94.7055,41.5835],[-94.7056,41.5763],[-94.7007,41.5762],[-94.7008,41.569],[-94.7103,41.5691],[-94.7103,41.5474],[-94.7198,41.5475],[-94.7198,41.5439],[-94.7246,41.5439],[-94.7245,41.5403],[-94.7294,41.5402],[-94.7294,41.537],[-94.739,41.5368],[-94.7391,41.5331],[-94.7581,41.5331],[-94.7581,41.5369],[-94.7632,41.5367],[-94.7633,41.5331],[-94.7771,41.533],[-94.7773,41.5043],[-94.8687,41.5046],[-94.8687,41.501],[-94.8783,41.5009],[-94.8783,41.4976],[-94.8977,41.4974],[-94.8978,41.5045],[-94.9456,41.5046],[-94.9458,41.5156],[-94.9553,41.5155],[-94.9553,41.5084],[-94.9577,41.5083],[-94.9698,41.5083],[-94.9697,41.5118],[-94.9745,41.5119],[-94.9747,41.5158],[-94.9988,41.5156],[-94.9988,41.5191],[-95.0072,41.5192],[-95.0072,41.5229],[-95.018,41.5228],[-95.0181,41.5336],[-95.0228,41.5335],[-95.0229,41.5192]]]]}},{"type":"Feature","properties":{"leaid":"1922380","name":"Paton-Churdan Community School District","kind":"Unified","gradeLow":"PK","gradeHigh":"12","state":"IA"},"geometry":{"type":"Polygon","coordinates":[[[-94.3007,42.1733],[-94.3007,42.1805],[-94.3107,42.1805],[-94.3107,42.1751],[-94.3201,42.1751],[-94.3201,42.1661],[-94.3249,42.1661],[-94.325,42.1805],[-94.3396,42.1805],[-94.3395,42.166],[-94.3589,42.1661],[-94.3591,42.1517],[-94.3636,42.1517],[-94.3636,42.1481],[-94.3781,42.1482],[-94.3781,42.1517],[-94.3878,42.1517],[-94.3877,42.1409],[-94.3972,42.1408],[-94.3972,42.1372],[-94.3876,42.1372],[-94.3874,42.1228],[-94.378,42.1228],[-94.3779,42.1252],[-94.3705,42.1252],[-94.3705,42.1264],[-94.3681,42.1264],[-94.368,42.1228],[-94.3704,42.1228],[-94.3707,42.1143],[-94.4266,42.1144],[-94.427,42.0926],[-94.4319,42.0926],[-94.4318,42.0998],[-94.4367,42.0998],[-94.4367,42.107],[-94.4413,42.107],[-94.4415,42.0926],[-94.4367,42.0926],[-94.4368,42.0851],[-94.4562,42.0851],[-94.4562,42.0836],[-94.4611,42.0866],[-94.4611,42.0852],[-94.466,42.0852],[-94.466,42.0707],[-94.4757,42.0706],[-94.4757,42.067],[-94.4903,42.067],[-94.4903,42.0779],[-94.4928,42.0779],[-94.4928,42.0761],[-94.4976,42.0761],[-94.4976,42.0779],[-94.5049,42.0778],[-94.5049,42.0922],[-94.5133,42.0921],[-94.5132,42.1066],[-94.5751,42.1071],[-94.577,42.1089],[-94.5762,42.1144],[-94.5778,42.1144],[-94.5772,42.118],[-94.5762,42.118],[-94.5761,42.1228],[-94.629,42.123],[-94.629,42.1591],[-94.6004,42.1591],[-94.6004,42.1662],[-94.5907,42.1662],[-94.5907,42.1698],[-94.5956,42.1698],[-94.5955,42.177],[-94.5907,42.177],[-94.5907,42.1734],[-94.5811,42.1734],[-94.5811,42.1758],[-94.5712,42.1759],[-94.5712,42.1735],[-94.5422,42.1735],[-94.5421,42.195],[-94.5349,42.195],[-94.5348,42.1878],[-94.5141,42.1877],[-94.5141,42.195],[-94.5324,42.195],[-94.5324,42.2022],[-94.5227,42.2022],[-94.5228,42.2093],[-94.2036,42.2099],[-94.2036,42.1806],[-94.1648,42.1807],[-94.1649,42.1516],[-94.2037,42.1517],[-94.2037,42.1445],[-94.2426,42.1446],[-94.2425,42.1373],[-94.2522,42.1373],[-94.2521,42.13],[-94.2909,42.13],[-94.2909,42.1516],[-94.3104,42.1517],[-94.3104,42.1373],[-94.3491,42.1373],[-94.3491,42.1447],[-94.3298,42.1446],[-94.3297,42.1517],[-94.3154,42.1517],[-94.3152,42.1589],[-94.3201,42.1589],[-94.3201,42.1625],[-94.3153,42.1625],[-94.3153,42.1661],[-94.3104,42.1661],[-94.3104,42.1734],[-94.3007,42.1733]],[[-94.3007,42.1733],[-94.3006,42.1661],[-94.2812,42.166],[-94.2812,42.1733],[-94.2887,42.1733],[-94.3007,42.1733]]]}},{"type":"Feature","properties":{"leaid":"1922530","name":"Perry Community School District","kind":"Unified","gradeLow":"PK","gradeHigh":"12","state":"IA"},"geometry":{"type":"Polygon","coordinates":[[[-93.9944,41.9213],[-93.9943,41.9067],[-93.9991,41.9067],[-93.9991,41.8994],[-94.0089,41.8994],[-94.0088,41.8923],[-94.0185,41.8923],[-94.0185,41.885],[-94.0088,41.885],[-94.0088,41.8778],[-94.0186,41.8778],[-94.0183,41.8631],[-93.9942,41.8631],[-93.9944,41.8497],[-93.9893,41.8497],[-93.9892,41.8569],[-93.9845,41.8568],[-93.9846,41.8423],[-93.9698,41.8424],[-93.9699,41.835],[-93.9798,41.835],[-93.9798,41.8337],[-93.9795,41.8278],[-93.9697,41.8277],[-93.9696,41.8205],[-93.9794,41.8205],[-93.9795,41.8134],[-93.9893,41.8133],[-93.9893,41.806],[-93.9988,41.806],[-93.999,41.8133],[-94.0049,41.8134],[-94.0072,41.8148],[-94.006,41.8185],[-94.0093,41.8205],[-94.0184,41.82],[-94.0186,41.8243],[-94.0267,41.8243],[-94.0268,41.8222],[-94.028,41.8223],[-94.028,41.8169],[-94.0328,41.8169],[-94.0329,41.8133],[-94.0378,41.8132],[-94.0378,41.7986],[-94.048,41.7985],[-94.048,41.7805],[-94.0528,41.7805],[-94.0529,41.7769],[-94.0796,41.7769],[-94.0799,41.772],[-94.0821,41.772],[-94.0821,41.7659],[-94.0839,41.7647],[-94.082,41.7647],[-94.082,41.7583],[-94.0867,41.7574],[-94.0867,41.7538],[-94.0819,41.7537],[-94.0819,41.75],[-94.0869,41.7501],[-94.0866,41.7284],[-94.0964,41.7284],[-94.0964,41.7174],[-94.1157,41.7175],[-94.1157,41.7157],[-94.1253,41.7156],[-94.1253,41.7174],[-94.2219,41.7173],[-94.222,41.7318],[-94.2317,41.7318],[-94.2317,41.7246],[-94.2414,41.7246],[-94.2414,41.7317],[-94.2807,41.7317],[-94.2805,41.8344],[-94.2655,41.8345],[-94.2657,41.8427],[-94.2562,41.8427],[-94.2562,41.849],[-94.2465,41.8489],[-94.2465,41.8562],[-94.2756,41.8559],[-94.2756,41.8595],[-94.2607,41.8596],[-94.2607,41.863],[-94.1739,41.8633],[-94.1741,41.885],[-94.1644,41.885],[-94.1645,41.9212],[-94.1258,41.9213],[-94.1257,41.9431],[-94.1062,41.9431],[-94.1062,41.9359],[-94.1014,41.9359],[-94.1013,41.9323],[-94.0967,41.9323],[-94.0967,41.9248],[-94.0869,41.9249],[-94.0869,41.9213],[-94.0723,41.9212],[-94.0723,41.9178],[-94.0674,41.9178],[-94.0676,41.914],[-94.0528,41.9141],[-94.0529,41.9211],[-93.9944,41.9213]]]}},{"type":"Feature","properties":{"leaid":"1903540","name":"Ames Community School District","kind":"Unified","gradeLow":"PK","gradeHigh":"12","state":"IA"},"geometry":{"type":"Polygon","coordinates":[[[-93.5815,42.0417],[-93.5411,42.0419],[-93.541,42.0347],[-93.5314,42.0347],[-93.5311,42.0014],[-93.536,42.0014],[-93.5359,41.9869],[-93.5811,41.9866],[-93.581,41.9721],[-93.6343,41.9721],[-93.6344,41.9793],[-93.6586,41.9793],[-93.6587,41.9864],[-93.6685,41.9866],[-93.6685,42.0082],[-93.6987,42.0083],[-93.6987,42.0418],[-93.6885,42.0418],[-93.6884,42.0454],[-93.664,42.0454],[-93.664,42.0476],[-93.6591,42.0476],[-93.6592,42.0578],[-93.6554,42.0563],[-93.6181,42.0567],[-93.6182,42.0583],[-93.6157,42.0583],[-93.6158,42.06],[-93.6109,42.0599],[-93.6107,42.0494],[-93.6011,42.0492],[-93.6009,42.0346],[-93.5815,42.0345],[-93.5815,42.0417]]]}},{"type":"Feature","properties":{"leaid":"1920250","name":"Nevada Community School District","kind":"Unified","gradeLow":"PK","gradeHigh":"12","state":"IA"},"geometry":{"type":"Polygon","coordinates":[[[-93.5604,42.1233],[-93.5592,42.1225],[-93.5019,42.123],[-93.5019,42.1142],[-93.4914,42.1142],[-93.4727,42.1142],[-93.4727,42.1231],[-93.463,42.1232],[-93.4629,42.1142],[-93.4448,42.1144],[-93.445,42.0999],[-93.4356,42.0999],[-93.4351,42.1072],[-93.3962,42.1071],[-93.3959,42.0925],[-93.3863,42.0925],[-93.3864,42.0343],[-93.3577,42.0343],[-93.3574,42.0045],[-93.3621,42.0045],[-93.3621,42.0008],[-93.3679,42.0009],[-93.369,41.9985],[-93.3685,41.9973],[-93.3635,41.9973],[-93.3622,41.9956],[-93.3622,41.9937],[-93.3671,41.9937],[-93.3671,41.9884],[-93.3626,41.9883],[-93.3573,41.9862],[-93.3574,41.9719],[-93.3623,41.972],[-93.3623,41.9684],[-93.3574,41.9685],[-93.3574,41.9502],[-93.4633,41.9504],[-93.4634,41.9211],[-93.5119,41.9212],[-93.512,41.9356],[-93.5218,41.9357],[-93.5217,41.9466],[-93.5266,41.9466],[-93.5266,41.9505],[-93.5411,41.9505],[-93.541,41.9651],[-93.57,41.9649],[-93.5702,41.972],[-93.5806,41.9722],[-93.5811,41.9866],[-93.5359,41.9869],[-93.536,42.0014],[-93.5311,42.0014],[-93.5314,42.0347],[-93.541,42.0347],[-93.5411,42.0419],[-93.5815,42.0417],[-93.5816,42.0636],[-93.5865,42.0636],[-93.5864,42.0706],[-93.5939,42.0707],[-93.5936,42.0742],[-93.5914,42.0742],[-93.5919,42.0814],[-93.5814,42.0814],[-93.5817,42.1065],[-93.5704,42.1066],[-93.5708,42.1101],[-93.5792,42.1101],[-93.5793,42.1148],[-93.5816,42.1148],[-93.5815,42.1225],[-93.5604,42.1233]]]}},{"type":"Feature","properties":{"leaid":"1928560","name":"United Community School District","kind":"Unified","gradeLow":"PK","gradeHigh":"12","state":"IA"},"geometry":{"type":"Polygon","coordinates":[[[-93.7909,42.1664],[-93.7909,42.1591],[-93.7473,42.1593],[-93.7473,42.1413],[-93.7424,42.1413],[-93.7423,42.1376],[-93.7472,42.1376],[-93.7471,42.1143],[-93.7374,42.1142],[-93.7375,42.1071],[-93.7423,42.1071],[-93.7422,42.0998],[-93.7376,42.0998],[-93.7376,42.1034],[-93.7179,42.1034],[-93.718,42.0963],[-93.7131,42.0963],[-93.7131,42.0925],[-93.718,42.0925],[-93.718,42.0855],[-93.6986,42.0849],[-93.6987,42.0562],[-93.6933,42.0562],[-93.6933,42.0526],[-93.6884,42.0526],[-93.6885,42.049],[-93.6837,42.0489],[-93.6836,42.0453],[-93.6884,42.0454],[-93.6885,42.0418],[-93.6987,42.0418],[-93.6987,42.0083],[-93.6685,42.0082],[-93.6685,41.9866],[-93.6587,41.9864],[-93.6584,41.9612],[-93.6981,41.9614],[-93.6981,41.9505],[-93.7369,41.9505],[-93.737,41.9473],[-93.7418,41.9473],[-93.742,41.9363],[-93.7372,41.9363],[-93.7373,41.9218],[-93.8679,41.9214],[-93.8685,41.9256],[-93.8699,41.9267],[-93.8828,41.9296],[-93.8903,41.9351],[-93.9004,41.938],[-93.9001,41.9456],[-93.8983,41.9469],[-93.8866,41.9484],[-93.8828,41.952],[-93.8864,41.9572],[-93.8953,41.9643],[-93.8972,41.9671],[-93.8976,41.9705],[-93.9011,41.9718],[-93.9035,41.9747],[-93.9023,41.9769],[-93.8953,41.9816],[-93.8926,41.9907],[-93.8954,41.9949],[-93.8931,41.996],[-93.8929,42.0011],[-93.8833,42.001],[-93.8832,42.0082],[-93.8783,42.0081],[-93.8777,42.007],[-93.8778,42.0081],[-93.8636,42.0081],[-93.864,42.0347],[-93.8448,42.035],[-93.8449,42.0492],[-93.8349,42.0493],[-93.835,42.0638],[-93.8398,42.0638],[-93.8398,42.0565],[-93.8433,42.0565],[-93.8446,42.0566],[-93.8446,42.0595],[-93.8495,42.0606],[-93.8496,42.0638],[-93.8544,42.0638],[-93.8545,42.0782],[-93.8447,42.0782],[-93.8448,42.0944],[-93.84,42.0944],[-93.8392,42.1231],[-93.8449,42.1231],[-93.8449,42.1303],[-93.8401,42.1303],[-93.8401,42.1375],[-93.8256,42.1375],[-93.8255,42.1446],[-93.8054,42.1446],[-93.8054,42.152],[-93.8008,42.152],[-93.8008,42.1665],[-93.7909,42.1664]]]}},{"type":"Feature","properties":{"leaid":"1904200","name":"Ballard Community School District","kind":"Unified","gradeLow":"PK","gradeHigh":"12","state":"IA"},"geometry":{"type":"Polygon","coordinates":[[[-93.6343,41.9721],[-93.5702,41.972],[-93.57,41.9649],[-93.541,41.9651],[-93.5411,41.9505],[-93.5266,41.9505],[-93.5266,41.9466],[-93.5217,41.9466],[-93.5218,41.9357],[-93.512,41.9356],[-93.5119,41.9212],[-93.4829,41.921],[-93.4827,41.892],[-93.4924,41.8921],[-93.4927,41.8631],[-93.5809,41.8632],[-93.5809,41.8353],[-93.5906,41.835],[-93.5906,41.8495],[-93.6003,41.8493],[-93.6004,41.8529],[-93.6102,41.8529],[-93.6102,41.8566],[-93.6199,41.8566],[-93.62,41.8632],[-93.6881,41.8634],[-93.6882,41.8706],[-93.6954,41.8706],[-93.7126,41.8705],[-93.7127,41.867],[-93.7078,41.867],[-93.7078,41.8634],[-93.7371,41.8634],[-93.7372,41.9363],[-93.742,41.9363],[-93.7418,41.9473],[-93.737,41.9473],[-93.7369,41.9505],[-93.6981,41.9505],[-93.6981,41.9614],[-93.6584,41.9612],[-93.6586,41.9793],[-93.6344,41.9793],[-93.6343,41.9721]]]}},{"type":"Feature","properties":{"leaid":"1900060","name":"GMG Community School District","kind":"Unified","gradeLow":"PK","gradeHigh":"12","state":"IA"},"geometry":{"type":"Polygon","coordinates":[[[-92.7865,42.1668],[-92.7865,42.1523],[-92.767,42.1523],[-92.7668,42.1235],[-92.6888,42.1236],[-92.6893,42.1524],[-92.6504,42.1525],[-92.6503,42.1381],[-92.5915,42.1379],[-92.5914,42.1306],[-92.6011,42.1306],[-92.6008,42.1156],[-92.5911,42.1157],[-92.591,42.0903],[-92.6007,42.0902],[-92.6007,42.0868],[-92.6106,42.0865],[-92.6106,42.072],[-92.6008,42.0721],[-92.6008,42.0649],[-92.6398,42.0646],[-92.6398,42.0574],[-92.6497,42.0573],[-92.6496,42.0215],[-92.6686,42.0214],[-92.6688,42.0287],[-92.664,42.0287],[-92.6642,42.0356],[-92.7663,42.035],[-92.7668,42.0569],[-92.8052,42.0567],[-92.8051,42.0531],[-92.8197,42.0531],[-92.8197,42.0495],[-92.8294,42.0495],[-92.8294,42.0531],[-92.8344,42.0531],[-92.8342,42.0495],[-92.8538,42.0494],[-92.8541,42.0639],[-92.8442,42.0638],[-92.8442,42.0648],[-92.8443,42.0785],[-92.8539,42.0785],[-92.854,42.0857],[-92.8444,42.0858],[-92.8444,42.093],[-92.8841,42.0925],[-92.884,42.0709],[-92.8988,42.0709],[-92.8988,42.0781],[-92.894,42.0781],[-92.8939,42.1306],[-92.8842,42.1307],[-92.8843,42.1378],[-92.8735,42.1378],[-92.8739,42.1522],[-92.8641,42.1522],[-92.8639,42.1378],[-92.8592,42.1378],[-92.8592,42.145],[-92.8446,42.145],[-92.8448,42.1522],[-92.83,42.1522],[-92.8301,42.1558],[-92.835,42.1558],[-92.835,42.1595],[-92.8252,42.1595],[-92.8252,42.1559],[-92.8155,42.1559],[-92.8157,42.174],[-92.8061,42.1741],[-92.806,42.1669],[-92.7865,42.1668]]]}},{"type":"Feature","properties":{"leaid":"1907470","name":"Clay Central-Everly Community School District","kind":"Unified","gradeLow":"PK","gradeHigh":"12","state":"IA"},"geometry":{"type":"Polygon","coordinates":[[[-95.3584,43.3133],[-95.3387,43.3132],[-95.3386,43.2988],[-95.3185,43.2986],[-95.3186,43.2841],[-95.3087,43.2839],[-95.3089,43.2627],[-95.2693,43.2628],[-95.2693,43.2554],[-95.2097,43.2555],[-95.2099,43.2495],[-95.1999,43.2496],[-95.1998,43.2168],[-95.21,43.2166],[-95.2099,43.213],[-95.2199,43.2129],[-95.2203,43.2274],[-95.2501,43.2273],[-95.2494,43.2056],[-95.2294,43.2052],[-95.2293,43.198],[-95.2392,43.1981],[-95.24,43.1871],[-95.2447,43.1872],[-95.245,43.1835],[-95.2299,43.1837],[-95.2296,43.1728],[-95.2197,43.1727],[-95.2197,43.1692],[-95.2296,43.1691],[-95.2299,43.1632],[-95.2489,43.163],[-95.2488,43.1609],[-95.2544,43.1607],[-95.2533,43.156],[-95.2589,43.1558],[-95.2595,43.1343],[-95.2646,43.1342],[-95.265,43.127],[-95.2693,43.1269],[-95.2694,43.1125],[-95.2604,43.1127],[-95.2602,43.1199],[-95.2306,43.12],[-95.2307,43.0982],[-95.2283,43.0982],[-95.2278,43.0911],[-95.2206,43.091],[-95.2206,43.0836],[-95.1485,43.0834],[-95.1484,43.0791],[-95.1513,43.0791],[-95.1512,43.0682],[-95.1418,43.0682],[-95.142,43.0538],[-95.1224,43.0537],[-95.1224,43.0609],[-95.1273,43.061],[-95.1271,43.0681],[-95.132,43.0682],[-95.1319,43.0754],[-95.1173,43.0754],[-95.117,43.0834],[-95.112,43.0834],[-95.1122,43.0907],[-95.1023,43.0908],[-95.1023,43.0791],[-95.1073,43.079],[-95.1074,43.0754],[-95.0926,43.0757],[-95.0929,43.054],[-95.1027,43.0538],[-95.1029,43.0248],[-95.093,43.0249],[-95.0927,42.9995],[-95.0878,42.9996],[-95.0876,42.996],[-95.0828,42.9959],[-95.0827,42.9896],[-95.0926,42.9902],[-95.0929,42.9838],[-95.1127,42.9831],[-95.1126,42.9693],[-95.1421,42.9687],[-95.1424,42.9758],[-95.1473,42.9754],[-95.1472,42.979],[-95.1515,42.9786],[-95.1516,42.975],[-95.1712,42.9751],[-95.1712,42.9678],[-95.2305,42.9681],[-95.2305,42.9735],[-95.2404,42.9734],[-95.2404,42.9752],[-95.2552,42.9751],[-95.2551,42.9787],[-95.2601,42.9788],[-95.2601,42.9752],[-95.2697,42.9752],[-95.2698,42.9825],[-95.2946,42.9829],[-95.2945,42.9902],[-95.2895,42.9902],[-95.2896,42.996],[-95.3588,42.9961],[-95.3588,42.9998],[-95.3686,42.9998],[-95.3685,43.0174],[-95.3832,43.0173],[-95.3833,43.0251],[-95.3885,43.0251],[-95.3884,43.0395],[-95.398,43.0396],[-95.398,43.0685],[-95.4079,43.0685],[-95.4079,43.0758],[-95.4178,43.0757],[-95.4177,43.0842],[-95.3975,43.0842],[-95.3976,43.0913],[-95.388,43.0912],[-95.388,43.0986],[-95.4127,43.0987],[-95.4126,43.106],[-95.4473,43.1061],[-95.4472,43.1133],[-95.4373,43.1133],[-95.4373,43.1277],[-95.4179,43.1277],[-95.4176,43.1422],[-95.3878,43.1421],[-95.3879,43.1637],[-95.3978,43.1637],[-95.3978,43.1668],[-95.3978,43.1699],[-95.3879,43.1698],[-95.3881,43.1914],[-95.378,43.1913],[-95.3781,43.1986],[-95.3882,43.1986],[-95.388,43.2987],[-95.3784,43.2987],[-95.3782,43.306],[-95.3879,43.306],[-95.3879,43.3132],[-95.3683,43.3133],[-95.3683,43.3096],[-95.3584,43.3096],[-95.3584,43.3133]]]}},{"type":"Feature","properties":{"leaid":"1926910","name":"Spencer Community School District","kind":"Unified","gradeLow":"PK","gradeHigh":"12","state":"IA"},"geometry":{"type":"Polygon","coordinates":[[[-95.0725,43.2554],[-95.0687,43.2486],[-95.0692,43.2415],[-95.0793,43.2413],[-95.0812,43.2269],[-95.0772,43.2269],[-95.08,43.2233],[-95.0914,43.2233],[-95.0917,43.2133],[-95.0722,43.2125],[-95.0702,43.2343],[-95.0513,43.235],[-95.0512,43.2276],[-95.0413,43.2274],[-95.0426,43.2119],[-95.0473,43.2124],[-95.0472,43.2056],[-95.0425,43.2056],[-95.0425,43.2087],[-95.0378,43.2089],[-95.0376,43.2056],[-95.033,43.2055],[-95.0331,43.1557],[-95.0219,43.1556],[-95.0219,43.1412],[-95.0118,43.1412],[-95.0118,43.13],[-95.0015,43.1312],[-95.0016,43.1269],[-94.9917,43.1269],[-94.992,43.1124],[-94.9824,43.1123],[-94.9826,43.0834],[-94.9136,43.0831],[-94.9138,43.0032],[-94.924,43.0032],[-94.9241,43.0068],[-94.9438,43.0065],[-94.9438,43.0031],[-94.9634,43.0031],[-94.9635,43.0102],[-94.9735,43.0102],[-94.9733,43.0031],[-95.0126,43.003],[-95.0126,43.0102],[-95.0329,43.0105],[-95.0354,43.0119],[-95.039,43.0176],[-95.0534,43.0177],[-95.0537,43.025],[-95.0832,43.025],[-95.0833,43.0179],[-95.0879,43.0177],[-95.0878,43.0105],[-95.083,43.0105],[-95.0827,43.0033],[-95.073,43.0034],[-95.0729,42.9997],[-95.068,42.9996],[-95.068,43.0033],[-95.0631,43.0033],[-95.063,42.9931],[-95.0729,42.9932],[-95.073,42.9827],[-95.0929,42.9838],[-95.0926,42.9902],[-95.0827,42.9896],[-95.0828,42.9959],[-95.0876,42.996],[-95.0878,42.9996],[-95.0927,42.9995],[-95.093,43.0249],[-95.1029,43.0248],[-95.1027,43.0538],[-95.0929,43.054],[-95.0926,43.0757],[-95.1074,43.0754],[-95.1073,43.079],[-95.1023,43.0791],[-95.1023,43.0908],[-95.1122,43.0907],[-95.112,43.0834],[-95.117,43.0834],[-95.1173,43.0754],[-95.1319,43.0754],[-95.132,43.0682],[-95.1271,43.0681],[-95.1273,43.061],[-95.1224,43.0609],[-95.1224,43.0537],[-95.142,43.0538],[-95.1418,43.0682],[-95.1512,43.0682],[-95.1513,43.0791],[-95.1484,43.0791],[-95.1485,43.0834],[-95.2206,43.0836],[-95.2206,43.091],[-95.2278,43.0911],[-95.2283,43.0982],[-95.2307,43.0982],[-95.2306,43.12],[-95.2602,43.1199],[-95.2604,43.1127],[-95.2694,43.1125],[-95.2693,43.1269],[-95.265,43.127],[-95.2646,43.1342],[-95.2595,43.1343],[-95.2589,43.1558],[-95.2533,43.156],[-95.2544,43.1607],[-95.2488,43.1609],[-95.2489,43.163],[-95.2299,43.1632],[-95.2296,43.1691],[-95.2197,43.1692],[-95.2197,43.1727],[-95.2296,43.1728],[-95.2299,43.1837],[-95.245,43.1835],[-95.2447,43.1872],[-95.24,43.1871],[-95.2392,43.1981],[-95.2293,43.198],[-95.2294,43.2052],[-95.2494,43.2056],[-95.2501,43.2273],[-95.2203,43.2274],[-95.2199,43.2129],[-95.2099,43.213],[-95.21,43.2166],[-95.1998,43.2168],[-95.1999,43.2496],[-95.1802,43.2496],[-95.1805,43.2278],[-95.1605,43.2276],[-95.1604,43.2313],[-95.1703,43.2314],[-95.1702,43.2424],[-95.1602,43.2423],[-95.1603,43.2385],[-95.1528,43.238],[-95.1503,43.2381],[-95.1503,43.2416],[-95.1422,43.2401],[-95.1316,43.2417],[-95.1315,43.2345],[-95.1115,43.2345],[-95.1113,43.2272],[-95.1012,43.2262],[-95.1014,43.2335],[-95.0918,43.2338],[-95.0921,43.2414],[-95.0906,43.248],[-95.0923,43.2554],[-95.0725,43.2554]],[[-94.992,43.1124],[-95.0019,43.1124],[-95.0021,43.1051],[-94.9922,43.1051],[-94.992,43.1124]]]}},{"type":"Feature","properties":{"leaid":"1905790","name":"Burlington Community School District","kind":"Unified","gradeLow":"PK","gradeHigh":"12","state":"IA"},"geometry":{"type":"Polygon","coordinates":[[[-91.1157,40.7252],[-91.1111,40.7083],[-91.1125,40.6963],[-91.1194,40.7],[-91.1317,40.6983],[-91.1388,40.7007],[-91.1414,40.7038],[-91.1457,40.7063],[-91.1506,40.7062],[-91.1611,40.717],[-91.1611,40.7216],[-91.1626,40.7227],[-91.1677,40.7198],[-91.1729,40.7217],[-91.1765,40.7211],[-91.181,40.7131],[-91.1784,40.7099],[-91.18,40.7083],[-91.1826,40.7081],[-91.1887,40.713],[-91.1921,40.7137],[-91.1944,40.7181],[-91.1968,40.7192],[-91.2009,40.7187],[-91.2065,40.7139],[-91.2096,40.714],[-91.2071,40.7211],[-91.2171,40.7323],[-91.2271,40.7343],[-91.2334,40.7375],[-91.2412,40.7456],[-91.2477,40.7502],[-91.258,40.752],[-91.2568,40.8126],[-91.2712,40.8126],[-91.2712,40.8235],[-91.2953,40.8236],[-91.2953,40.8271],[-91.2664,40.8271],[-91.2664,40.8345],[-91.2569,40.8345],[-91.2566,40.8308],[-91.2543,40.8308],[-91.2543,40.8271],[-91.2242,40.8269],[-91.2254,40.8286],[-91.2229,40.8286],[-91.2229,40.8452],[-91.2204,40.8451],[-91.2207,40.856],[-91.2087,40.8558],[-91.2084,40.8595],[-91.1989,40.8593],[-91.1989,40.8627],[-91.1894,40.8556],[-91.1797,40.8556],[-91.1799,40.8703],[-91.1462,40.8695],[-91.1462,40.8805],[-91.0291,40.8803],[-91.0264,40.8827],[-91.0232,40.8828],[-91.042,40.8711],[-91.0473,40.8647],[-91.0528,40.854],[-91.0587,40.8463],[-91.0672,40.842],[-91.0901,40.8246],[-91.093,40.8211],[-91.0969,40.8114],[-91.0976,40.8056],[-91.0923,40.7929],[-91.0917,40.7797],[-91.0981,40.7632],[-91.1088,40.75],[-91.1157,40.7252]],[[-91.1607,40.8407],[-91.1799,40.841],[-91.1799,40.8117],[-91.1532,40.8115],[-91.1531,40.8138],[-91.1415,40.8149],[-91.1414,40.8259],[-91.1607,40.8261],[-91.161,40.8303],[-91.1663,40.8282],[-91.1664,40.8334],[-91.1607,40.8333],[-91.1607,40.8407]]]}},{"type":"Feature","properties":{"leaid":"1908550","name":"Danville Community School District","kind":"Unified","gradeLow":"PK","gradeHigh":"12","state":"IA"},"geometry":{"type":"Polygon","coordinates":[[[-91.1799,40.8703],[-91.1797,40.8556],[-91.1894,40.8556],[-91.1989,40.8627],[-91.1989,40.8593],[-91.2084,40.8595],[-91.2087,40.8558],[-91.2207,40.856],[-91.2204,40.8451],[-91.2229,40.8452],[-91.2229,40.8286],[-91.2254,40.8286],[-91.2242,40.8269],[-91.2543,40.8271],[-91.2543,40.8308],[-91.2566,40.8308],[-91.2569,40.8345],[-91.2664,40.8345],[-91.2664,40.8271],[-91.2953,40.8271],[-91.2953,40.8236],[-91.2712,40.8235],[-91.2712,40.8126],[-91.2568,40.8126],[-91.2572,40.798],[-91.286,40.7979],[-91.286,40.8017],[-91.2956,40.8016],[-91.2954,40.7729],[-91.3117,40.7721],[-91.3188,40.7799],[-91.3259,40.7808],[-91.3348,40.7847],[-91.3468,40.7865],[-91.3507,40.7936],[-91.3639,40.7907],[-91.374,40.798],[-91.3858,40.8023],[-91.3935,40.8086],[-91.4052,40.8085],[-91.4086,40.8114],[-91.4095,40.8129],[-91.3819,40.8127],[-91.3813,40.82],[-91.3722,40.8199],[-91.3721,40.8344],[-91.3912,40.8347],[-91.3912,40.8325],[-91.3958,40.8324],[-91.3958,40.8345],[-91.4152,40.8347],[-91.4152,40.8437],[-91.4104,40.8437],[-91.4103,40.8782],[-91.3717,40.8779],[-91.3718,40.8997],[-91.3334,40.8997],[-91.3334,40.9293],[-91.3195,40.9291],[-91.3194,40.9438],[-91.3278,40.9438],[-91.3282,40.947],[-91.3289,40.9438],[-91.3337,40.9439],[-91.334,40.9585],[-91.276,40.9585],[-91.2759,40.9509],[-91.2808,40.9509],[-91.2808,40.9438],[-91.2712,40.9436],[-91.271,40.94],[-91.2663,40.94],[-91.2664,40.9146],[-91.2616,40.9144],[-91.2611,40.9091],[-91.2566,40.909],[-91.2566,40.9071],[-91.2375,40.9069],[-91.2372,40.8996],[-91.199,40.8993],[-91.1989,40.8845],[-91.1944,40.8845],[-91.1944,40.8774],[-91.1894,40.8772],[-91.1893,40.8739],[-91.1946,40.8739],[-91.1941,40.8702],[-91.1799,40.8703]]]}},{"type":"Feature","properties":{"leaid":"1929730","name":"Wapello Community School District","kind":"Unified","gradeLow":"PK","gradeHigh":"12","state":"IA"},"geometry":{"type":"Polygon","coordinates":[[[-91.2344,41.2271],[-91.2242,41.2158],[-91.2176,41.2128],[-91.2041,41.2168],[-91.1987,41.2162],[-91.1966,41.2292],[-91.1586,41.2291],[-91.1586,41.2362],[-91.1488,41.2362],[-91.1489,41.2473],[-91.1392,41.2472],[-91.1392,41.2397],[-91.1345,41.2398],[-91.1344,41.2363],[-91.1296,41.2362],[-91.1295,41.2326],[-91.1097,41.2327],[-91.1142,41.2372],[-91.1104,41.2373],[-91.073,41.2072],[-91.0551,41.1858],[-91.0416,41.1662],[-91.0272,41.1634],[-91.0076,41.1662],[-90.9979,41.1626],[-90.9897,41.1557],[-90.9813,41.1427],[-90.9709,41.1301],[-90.9659,41.1196],[-90.9573,41.1111],[-90.9466,41.0966],[-90.9494,41.0727],[-91.0354,41.0729],[-91.0353,41.0658],[-91.1028,41.0656],[-91.1028,41.073],[-91.1716,41.0731],[-91.1715,41.0804],[-91.1739,41.0805],[-91.1738,41.084],[-91.1834,41.0842],[-91.1821,41.0951],[-91.1926,41.095],[-91.1926,41.0979],[-91.188,41.0979],[-91.188,41.1025],[-91.1927,41.1026],[-91.1926,41.1063],[-91.1975,41.1063],[-91.1975,41.1027],[-91.2024,41.1024],[-91.2023,41.1099],[-91.2167,41.11],[-91.216,41.1469],[-91.2582,41.1468],[-91.2582,41.1481],[-91.26,41.1481],[-91.26,41.1468],[-91.2646,41.147],[-91.2646,41.1541],[-91.273,41.1542],[-91.2745,41.1542],[-91.2745,41.147],[-91.2842,41.1472],[-91.2842,41.1508],[-91.2987,41.151],[-91.2986,41.1547],[-91.3083,41.1547],[-91.3084,41.1615],[-91.3125,41.1615],[-91.3125,41.1651],[-91.3317,41.165],[-91.332,41.1615],[-91.3367,41.1614],[-91.3367,41.1688],[-91.3703,41.1684],[-91.3702,41.1903],[-91.3606,41.1903],[-91.361,41.205],[-91.3321,41.2051],[-91.3321,41.2066],[-91.3225,41.2071],[-91.3225,41.2124],[-91.3127,41.2124],[-91.3127,41.2161],[-91.3082,41.2161],[-91.3081,41.2178],[-91.3032,41.2178],[-91.3032,41.2197],[-91.2984,41.2196],[-91.2984,41.2233],[-91.3008,41.2234],[-91.3007,41.2269],[-91.2913,41.2268],[-91.2913,41.2286],[-91.2887,41.2286],[-91.2888,41.2306],[-91.2837,41.2306],[-91.2838,41.2467],[-91.2755,41.2476],[-91.2705,41.2463],[-91.2525,41.234],[-91.2408,41.2314],[-91.2344,41.2271]]]}},{"type":"Feature","properties":{"leaid":"1920760","name":"Central Springs Community School District","kind":"Unified","gradeLow":"PK","gradeHigh":"12","state":"IA"},"geometry":{"type":"MultiPolygon","coordinates":[[[[-92.9744,43.2272],[-92.9843,43.2273],[-92.9843,43.2345],[-92.9744,43.2344],[-92.9744,43.2272]]],[[[-92.9744,43.2272],[-92.9644,43.2271],[-92.9645,43.2126],[-92.9596,43.2126],[-92.9595,43.2199],[-92.9346,43.2202],[-92.9351,43.1982],[-92.9447,43.1982],[-92.9452,43.1693],[-92.955,43.1693],[-92.955,43.1625],[-92.9501,43.1625],[-92.9501,43.1553],[-92.955,43.1553],[-92.955,43.1517],[-92.9648,43.1517],[-92.9648,43.1119],[-92.9599,43.1119],[-92.9599,43.1083],[-92.9648,43.1082],[-92.9646,43.101],[-92.9745,43.1009],[-92.9746,43.1046],[-92.9992,43.1047],[-92.9992,43.0974],[-93.014,43.0975],[-93.014,43.0866],[-93.0238,43.0869],[-93.0238,43.0831],[-93.0682,43.0828],[-93.0681,43.078],[-93.073,43.078],[-93.0731,43.0829],[-93.1026,43.0829],[-93.1026,43.0672],[-93.1126,43.0673],[-93.1126,43.0746],[-93.1226,43.0745],[-93.1224,43.0829],[-93.1421,43.0827],[-93.1421,43.1118],[-93.1323,43.1121],[-93.1322,43.1336],[-93.0927,43.1338],[-93.0927,43.1263],[-93.0827,43.1263],[-93.0833,43.1693],[-93.1418,43.1694],[-93.1414,43.2093],[-93.1514,43.2093],[-93.1514,43.213],[-93.1714,43.2131],[-93.1712,43.2347],[-93.1813,43.2348],[-93.181,43.242],[-93.2205,43.2421],[-93.2204,43.2348],[-93.28,43.235],[-93.2801,43.2277],[-93.3197,43.2278],[-93.3195,43.2348],[-93.3269,43.2349],[-93.3333,43.2348],[-93.3335,43.2276],[-93.369,43.2276],[-93.3691,43.2421],[-93.3744,43.2422],[-93.3744,43.2493],[-93.3786,43.2494],[-93.3788,43.2554],[-93.3983,43.2554],[-93.3985,43.2701],[-93.4133,43.2701],[-93.4134,43.2737],[-93.4183,43.2737],[-93.4185,43.3281],[-93.408,43.3282],[-93.408,43.3318],[-93.4031,43.3316],[-93.4031,43.3355],[-93.4086,43.3359],[-93.4087,43.3426],[-93.3988,43.3426],[-93.3988,43.3462],[-93.3889,43.3462],[-93.3889,43.3498],[-93.3839,43.3498],[-93.3839,43.3535],[-93.3788,43.3535],[-93.3788,43.3571],[-93.3696,43.3571],[-93.3694,43.3498],[-93.3448,43.3498],[-93.3447,43.3426],[-93.3049,43.3426],[-93.3049,43.3386],[-93.3099,43.3386],[-93.3099,43.3349],[-93.3,43.3349],[-93.3001,43.3277],[-93.2948,43.3277],[-93.2949,43.3241],[-93.2901,43.324],[-93.2901,43.3349],[-93.2801,43.3348],[-93.2801,43.3276],[-93.2702,43.3276],[-93.2702,43.3204],[-93.2408,43.3204],[-93.2406,43.3277],[-93.2308,43.3276],[-93.2307,43.3313],[-93.2356,43.3312],[-93.2356,43.3349],[-93.2406,43.3349],[-93.2406,43.3385],[-93.2506,43.3385],[-93.2505,43.3349],[-93.2555,43.3349],[-93.2555,43.3277],[-93.2603,43.3277],[-93.2602,43.3427],[-93.2008,43.3425],[-93.2009,43.3311],[-93.1811,43.3312],[-93.181,43.3425],[-93.1412,43.3423],[-93.1411,43.3347],[-93.1336,43.3348],[-93.1335,43.3277],[-93.1236,43.3276],[-93.1235,43.3059],[-93.1141,43.3059],[-93.1141,43.2951],[-93.0887,43.2952],[-93.0887,43.2843],[-93.0937,43.2842],[-93.0937,43.2805],[-93.0985,43.2805],[-93.0985,43.2767],[-93.0787,43.2769],[-93.0789,43.2844],[-93.0715,43.2844],[-93.0713,43.2771],[-93.0738,43.2771],[-93.0736,43.2699],[-93.0637,43.27],[-93.0638,43.2664],[-93.0489,43.2665],[-93.0489,43.2628],[-93.0339,43.2628],[-93.0339,43.2556],[-93.0241,43.2555],[-93.0241,43.2628],[-93.0143,43.2628],[-93.0143,43.2655],[-93.0043,43.2655],[-93.0044,43.2701],[-92.9944,43.27],[-92.9944,43.2523],[-92.9845,43.2523],[-92.9843,43.2418],[-92.9943,43.2418],[-92.9942,43.2273],[-93.0042,43.2273],[-93.0042,43.22],[-92.9744,43.2199],[-92.9744,43.2272]]]]}},{"type":"Feature","properties":{"leaid":"1924960","name":"Rudd-Rockford-Marble Rock Community School District","kind":"Unified","gradeLow":"PK","gradeHigh":"12","state":"IA"},"geometry":{"type":"Polygon","coordinates":[[[-92.8101,43.1487],[-92.81,43.0976],[-92.8296,43.0975],[-92.8297,43.0902],[-92.8396,43.0902],[-92.8397,43.0829],[-92.8298,43.083],[-92.8299,43.0748],[-92.8202,43.0748],[-92.8202,43.0673],[-92.83,43.0673],[-92.8301,43.06],[-92.8202,43.06],[-92.82,43.0383],[-92.8003,43.0382],[-92.8003,43.0309],[-92.8103,43.031],[-92.8102,43.0237],[-92.8003,43.0236],[-92.8002,43.0091],[-92.7903,43.0091],[-92.7903,42.9654],[-92.8102,42.9653],[-92.8101,42.9507],[-92.8299,42.9508],[-92.8298,42.9073],[-92.9462,42.9075],[-92.9461,42.9147],[-92.956,42.9148],[-92.9559,42.922],[-92.9669,42.922],[-92.9757,42.922],[-92.9757,42.9147],[-92.9856,42.9147],[-92.9857,42.9075],[-93.0251,42.9075],[-93.025,42.9365],[-93.0348,42.9365],[-93.0347,42.9654],[-93.0247,42.9654],[-93.0234,43.0019],[-93.0432,43.0019],[-93.043,43.009],[-93.048,43.009],[-93.048,43.0127],[-93.053,43.0127],[-93.053,43.0164],[-93.0431,43.0163],[-93.043,43.0307],[-93.0726,43.0307],[-93.0727,43.0238],[-93.1024,43.0235],[-93.1023,43.038],[-93.0925,43.0381],[-93.0925,43.0524],[-93.1025,43.0526],[-93.1026,43.0829],[-93.0731,43.0829],[-93.073,43.078],[-93.0681,43.078],[-93.0682,43.0828],[-93.0238,43.0831],[-93.0238,43.0869],[-93.014,43.0866],[-93.014,43.0975],[-92.9992,43.0974],[-92.9992,43.1047],[-92.9746,43.1046],[-92.9745,43.1009],[-92.9646,43.101],[-92.9648,43.1082],[-92.9599,43.1083],[-92.9599,43.1119],[-92.9648,43.1119],[-92.9648,43.1517],[-92.955,43.1517],[-92.955,43.1553],[-92.9501,43.1553],[-92.9501,43.1625],[-92.955,43.1625],[-92.955,43.1693],[-92.9452,43.1693],[-92.9447,43.1982],[-92.9351,43.1982],[-92.9345,43.2272],[-92.9199,43.2272],[-92.9199,43.22],[-92.905,43.22],[-92.905,43.2128],[-92.8796,43.2127],[-92.8796,43.2036],[-92.8846,43.2036],[-92.8846,43.1982],[-92.8895,43.1982],[-92.8894,43.1765],[-92.8498,43.1765],[-92.8498,43.1557],[-92.8449,43.1557],[-92.8448,43.1485],[-92.8101,43.1487]]]}},{"type":"Feature","properties":{"leaid":"1908940","name":"Denver Community School District","kind":"Unified","gradeLow":"PK","gradeHigh":"12","state":"IA"},"geometry":{"type":"Polygon","coordinates":[[[-92.3225,42.7409],[-92.3225,42.7372],[-92.3176,42.7372],[-92.3176,42.7299],[-92.2977,42.7298],[-92.2979,42.7078],[-92.2881,42.7079],[-92.2884,42.686],[-92.2685,42.686],[-92.2685,42.677],[-92.2586,42.6769],[-92.2586,42.6568],[-92.2685,42.6568],[-92.2684,42.6496],[-92.2586,42.6495],[-92.2585,42.6422],[-92.2487,42.6422],[-92.2487,42.6324],[-92.234,42.6323],[-92.234,42.6141],[-92.2389,42.6141],[-92.2388,42.6068],[-92.2689,42.607],[-92.2685,42.5996],[-92.2781,42.5996],[-92.2781,42.585],[-92.3077,42.5849],[-92.3076,42.5777],[-92.3177,42.5776],[-92.3177,42.5849],[-92.3574,42.5852],[-92.3574,42.5925],[-92.3672,42.5925],[-92.367,42.5999],[-92.3769,42.6],[-92.377,42.5931],[-92.3865,42.5929],[-92.3867,42.596],[-92.3918,42.596],[-92.3918,42.5996],[-92.3967,42.5995],[-92.3967,42.6032],[-92.3867,42.6033],[-92.3868,42.6107],[-92.3917,42.6106],[-92.392,42.6142],[-92.3867,42.6144],[-92.3867,42.6215],[-92.3771,42.6218],[-92.377,42.6256],[-92.387,42.6254],[-92.3868,42.6325],[-92.3768,42.6328],[-92.3769,42.6291],[-92.3671,42.6291],[-92.3669,42.6423],[-92.3719,42.6423],[-92.3718,42.6605],[-92.3767,42.6605],[-92.3767,42.6587],[-92.3785,42.6587],[-92.3786,42.6605],[-92.3903,42.6605],[-92.3902,42.6496],[-92.3964,42.6496],[-92.3964,42.6713],[-92.3915,42.6713],[-92.3914,42.6768],[-92.3963,42.6766],[-92.3962,42.7077],[-92.3865,42.7077],[-92.3864,42.7091],[-92.3765,42.7091],[-92.3766,42.7076],[-92.3618,42.7076],[-92.3618,42.715],[-92.3569,42.7149],[-92.3569,42.7104],[-92.3519,42.7105],[-92.3519,42.7188],[-92.347,42.7188],[-92.3472,42.73],[-92.3225,42.7299],[-92.3226,42.7336],[-92.3324,42.7337],[-92.3324,42.7373],[-92.3275,42.7372],[-92.3274,42.7409],[-92.3225,42.7409]]]}},{"type":"Feature","properties":{"leaid":"1909540","name":"Dunkerton Community School District","kind":"Unified","gradeLow":"PK","gradeHigh":"12","state":"IA"},"geometry":{"type":"Polygon","coordinates":[[[-92.0824,42.5549],[-92.0824,42.5263],[-92.1216,42.5265],[-92.1215,42.5229],[-92.1509,42.5229],[-92.1506,42.5048],[-92.1556,42.5048],[-92.1555,42.5011],[-92.1604,42.5012],[-92.1603,42.4976],[-92.1898,42.4978],[-92.189,42.4687],[-92.1996,42.4687],[-92.1997,42.4762],[-92.2193,42.4761],[-92.2193,42.4797],[-92.2243,42.4797],[-92.2244,42.4761],[-92.2389,42.4762],[-92.2391,42.4835],[-92.2491,42.4835],[-92.2494,42.5055],[-92.2391,42.5055],[-92.2389,42.5199],[-92.2488,42.5199],[-92.2484,42.5418],[-92.2582,42.5418],[-92.2584,42.5494],[-92.278,42.5493],[-92.2783,42.5559],[-92.3178,42.5559],[-92.3177,42.5776],[-92.3076,42.5777],[-92.3077,42.5849],[-92.2781,42.585],[-92.2781,42.5996],[-92.2685,42.5996],[-92.2689,42.607],[-92.2388,42.6068],[-92.2389,42.6141],[-92.234,42.6141],[-92.234,42.6323],[-92.2388,42.6323],[-92.2387,42.636],[-92.2291,42.636],[-92.229,42.6422],[-92.1898,42.6422],[-92.1899,42.6494],[-92.1752,42.6494],[-92.1751,42.6457],[-92.1603,42.6457],[-92.1603,42.6493],[-92.1457,42.6494],[-92.1457,42.6457],[-92.1482,42.6457],[-92.1489,42.644],[-92.1479,42.6422],[-92.1161,42.642],[-92.1161,42.6313],[-92.1112,42.6313],[-92.1111,42.6277],[-92.1013,42.6277],[-92.1013,42.624],[-92.1062,42.6241],[-92.1062,42.6132],[-92.1213,42.6132],[-92.1215,42.5915],[-92.1199,42.5933],[-92.1187,42.5928],[-92.1201,42.5921],[-92.1191,42.5906],[-92.1165,42.5906],[-92.1172,42.5858],[-92.1148,42.5818],[-92.1177,42.5793],[-92.1166,42.579],[-92.1166,42.5733],[-92.1098,42.5733],[-92.1123,42.5712],[-92.1096,42.5705],[-92.1117,42.5697],[-92.102,42.5696],[-92.1017,42.566],[-92.0969,42.566],[-92.0968,42.5588],[-92.0917,42.5587],[-92.0922,42.5551],[-92.0824,42.5549]]]}},{"type":"Feature","properties":{"leaid":"1929310","name":"Vinton-Shellsburg Community School District","kind":"Unified","gradeLow":"PK","gradeHigh":"12","state":"IA"},"geometry":{"type":"MultiPolygon","coordinates":[[[[-91.8789,42.0511],[-91.8789,42.0474],[-91.8887,42.0474],[-91.8886,42.051],[-91.8789,42.0511]]],[[[-91.8789,42.0511],[-91.8788,42.0601],[-91.8885,42.0601],[-91.8885,42.0582],[-91.8934,42.0576],[-91.8934,42.0546],[-91.9031,42.0546],[-91.9031,42.0509],[-91.9128,42.0509],[-91.913,42.0436],[-91.9227,42.0436],[-91.9225,42.0508],[-91.9322,42.0508],[-91.9322,42.0544],[-91.9419,42.0543],[-91.9418,42.0579],[-91.9467,42.0579],[-91.9467,42.0651],[-91.9513,42.0651],[-91.9512,42.0795],[-91.961,42.0796],[-91.9607,42.065],[-91.9807,42.0651],[-91.9807,42.0688],[-91.9709,42.0687],[-91.9708,42.0796],[-91.9719,42.0796],[-91.9806,42.0796],[-91.9806,42.0724],[-92.0001,42.0724],[-92.0001,42.0688],[-92.0098,42.0689],[-92.0099,42.0652],[-92.0667,42.0651],[-92.0664,42.0943],[-92.1055,42.0944],[-92.1052,42.0867],[-92.1245,42.0868],[-92.1246,42.0796],[-92.1635,42.0797],[-92.1634,42.0869],[-92.1731,42.087],[-92.173,42.0942],[-92.2026,42.0945],[-92.2022,42.1742],[-92.182,42.1738],[-92.1812,42.2324],[-92.1622,42.2324],[-92.1621,42.2396],[-92.1719,42.2395],[-92.1718,42.254],[-92.162,42.2541],[-92.1621,42.2595],[-92.1572,42.2594],[-92.1572,42.2613],[-92.1524,42.2612],[-92.1524,42.2585],[-92.1475,42.2585],[-92.1475,42.2504],[-92.1523,42.2505],[-92.1524,42.2396],[-92.1427,42.2395],[-92.1427,42.2323],[-92.1379,42.2323],[-92.1378,42.2358],[-92.133,42.2358],[-92.133,42.2394],[-92.1377,42.2395],[-92.1377,42.2467],[-92.1329,42.2467],[-92.1329,42.2485],[-92.1233,42.2484],[-92.1233,42.2467],[-92.1184,42.2466],[-92.1184,42.2394],[-92.1136,42.2395],[-92.1135,42.2538],[-92.0955,42.2539],[-92.0955,42.253],[-92.0931,42.2529],[-92.0931,42.2539],[-92.0893,42.2539],[-92.0893,42.261],[-92.0845,42.2611],[-92.0844,42.2683],[-92.1037,42.2683],[-92.1038,42.2755],[-92.094,42.2755],[-92.0939,42.2973],[-92.0842,42.2973],[-92.0841,42.3033],[-92.0678,42.3],[-92.0648,42.2973],[-92.0625,42.2973],[-92.0596,42.2934],[-91.997,42.2936],[-91.9968,42.3045],[-91.8894,42.3054],[-91.8895,42.2982],[-91.9091,42.2979],[-91.9099,42.2761],[-91.9198,42.2759],[-91.92,42.2614],[-91.9485,42.261],[-91.9491,42.1988],[-91.9304,42.199],[-91.9305,42.1964],[-91.9207,42.1957],[-91.9209,42.1811],[-91.908,42.1813],[-91.9111,42.1789],[-91.9183,42.1771],[-91.9208,42.174],[-91.8927,42.1746],[-91.8919,42.1781],[-91.8725,42.1783],[-91.8724,42.1865],[-91.8628,42.1853],[-91.8583,42.1799],[-91.854,42.1781],[-91.8436,42.1799],[-91.8335,42.1763],[-91.8353,42.037],[-91.8499,42.0368],[-91.8499,42.0401],[-91.8548,42.04],[-91.8548,42.0368],[-91.8744,42.0366],[-91.8741,42.0511],[-91.8789,42.0511]]]]}},{"type":"Feature","properties":{"leaid":"1927270","name":"Starmont Community School District","kind":"Unified","gradeLow":"PK","gradeHigh":"12","state":"IA"},"geometry":{"type":"Polygon","coordinates":[[[-91.6076,42.8149],[-91.6084,42.8128],[-91.6073,42.775],[-91.5761,42.7755],[-91.5764,42.7464],[-91.5665,42.7467],[-91.5658,42.754],[-91.5568,42.754],[-91.5567,42.7468],[-91.5272,42.7467],[-91.5273,42.7612],[-91.5024,42.7609],[-91.5025,42.7719],[-91.4976,42.7718],[-91.4977,42.7789],[-91.4877,42.7789],[-91.4878,42.7898],[-91.4694,42.7901],[-91.469,42.7827],[-91.458,42.7828],[-91.4577,42.7755],[-91.4473,42.7753],[-91.4472,42.7317],[-91.4374,42.7316],[-91.4374,42.7206],[-91.4469,42.7206],[-91.4473,42.706],[-91.4571,42.7063],[-91.4575,42.6703],[-91.4527,42.6703],[-91.4525,42.663],[-91.4575,42.663],[-91.4577,42.648],[-91.4626,42.6481],[-91.4624,42.6556],[-91.4673,42.6555],[-91.4673,42.6594],[-91.4723,42.6592],[-91.4726,42.644],[-91.4775,42.644],[-91.4773,42.6517],[-91.4823,42.6515],[-91.4825,42.644],[-91.4983,42.6441],[-91.4985,42.6257],[-91.5084,42.6255],[-91.5088,42.6219],[-91.5331,42.622],[-91.5328,42.6292],[-91.5478,42.6292],[-91.5479,42.6255],[-91.5577,42.6256],[-91.5578,42.608],[-91.5678,42.6081],[-91.5688,42.5894],[-91.5787,42.5895],[-91.5791,42.5585],[-91.5693,42.5584],[-91.5694,42.5566],[-91.5791,42.5566],[-91.579,42.5494],[-91.609,42.5493],[-91.6089,42.5457],[-91.6036,42.5457],[-91.6036,42.542],[-91.5985,42.542],[-91.5982,42.5166],[-91.6033,42.5166],[-91.6034,42.5203],[-91.6087,42.5203],[-91.6087,42.5238],[-91.6112,42.5238],[-91.6112,42.5184],[-91.6087,42.5184],[-91.6086,42.4984],[-91.6185,42.4983],[-91.6184,42.4874],[-91.638,42.4873],[-91.6381,42.4981],[-91.6482,42.498],[-91.6481,42.5126],[-91.6333,42.5127],[-91.6334,42.5163],[-91.6432,42.5162],[-91.6433,42.5199],[-91.6482,42.5198],[-91.6482,42.5271],[-91.658,42.527],[-91.6581,42.5307],[-91.668,42.5305],[-91.668,42.5269],[-91.6779,42.5267],[-91.6787,42.5375],[-91.6877,42.5373],[-91.6877,42.5267],[-91.7071,42.5266],[-91.7071,42.5338],[-91.7119,42.5338],[-91.712,42.5411],[-91.7169,42.5411],[-91.7169,42.5375],[-91.7274,42.5376],[-91.7275,42.5595],[-91.7172,42.5597],[-91.717,42.5636],[-91.717,42.5669],[-91.7274,42.5667],[-91.7272,42.5741],[-91.7072,42.5741],[-91.7067,42.607],[-91.6874,42.6065],[-91.6864,42.6359],[-91.6914,42.636],[-91.6909,42.6433],[-91.7056,42.6432],[-91.7056,42.6578],[-91.7105,42.6577],[-91.7104,42.6652],[-91.72,42.665],[-91.7197,42.6722],[-91.726,42.6721],[-91.7259,42.6756],[-91.7149,42.6757],[-91.7149,42.6795],[-91.7259,42.6795],[-91.7258,42.6866],[-91.7332,42.6867],[-91.7331,42.6915],[-91.7257,42.6914],[-91.7256,42.7012],[-91.7453,42.7014],[-91.7451,42.7087],[-91.7551,42.7088],[-91.7552,42.7015],[-91.775,42.7017],[-91.7745,42.7305],[-91.7646,42.7304],[-91.7651,42.7739],[-91.7354,42.7738],[-91.7357,42.7992],[-91.7261,42.7992],[-91.726,42.8064],[-91.6958,42.8065],[-91.6959,42.8097],[-91.691,42.8097],[-91.6909,42.8061],[-91.6674,42.8066],[-91.6667,42.8104],[-91.6618,42.8105],[-91.6617,42.8032],[-91.6519,42.8034],[-91.6519,42.807],[-91.6446,42.8072],[-91.6446,42.8108],[-91.6421,42.8109],[-91.6421,42.8091],[-91.6372,42.8091],[-91.6372,42.8073],[-91.6323,42.8074],[-91.6323,42.8038],[-91.6372,42.8037],[-91.6373,42.8],[-91.6176,42.8002],[-91.6176,42.8038],[-91.6274,42.8037],[-91.6272,42.811],[-91.6223,42.8111],[-91.6223,42.8147],[-91.6076,42.8149]]]}},{"type":"Feature","properties":{"leaid":"1930870","name":"West Central Community School District","kind":"Unified","gradeLow":"PK","gradeHigh":"12","state":"IA"},"geometry":{"type":"Polygon","coordinates":[[[-91.7261,42.8027],[-91.7261,42.7992],[-91.7357,42.7992],[-91.7354,42.7738],[-91.7651,42.7739],[-91.7646,42.7304],[-91.7843,42.7306],[-91.7843,42.7342],[-91.7991,42.7342],[-91.7994,42.7238],[-91.8044,42.7238],[-91.804,42.7308],[-91.9079,42.7303],[-91.908,42.7261],[-91.9129,42.726],[-91.913,42.7239],[-91.9227,42.7236],[-91.9229,42.7182],[-91.9278,42.7183],[-91.9278,42.722],[-91.9327,42.722],[-91.9326,42.7299],[-91.9617,42.7296],[-91.962,42.7004],[-92.0013,42.7004],[-92.0013,42.715],[-92.0108,42.715],[-92.0108,42.7296],[-92.0209,42.7296],[-92.0213,42.7405],[-92.0605,42.7404],[-92.0606,42.7478],[-92.0668,42.7478],[-92.0668,42.7489],[-92.0656,42.7489],[-92.0658,42.7586],[-92.0608,42.7586],[-92.0612,42.7697],[-92.0661,42.7697],[-92.0664,42.7804],[-92.0712,42.7804],[-92.0713,42.7843],[-92.0613,42.7842],[-92.0612,42.7766],[-92.0514,42.7769],[-92.0515,42.7805],[-92.0564,42.7805],[-92.0565,42.7877],[-92.0515,42.7877],[-92.0513,42.7952],[-92.0323,42.7953],[-92.0323,42.797],[-92.0226,42.7968],[-92.0228,42.8024],[-92.0179,42.8024],[-92.0177,42.7987],[-92.0078,42.7987],[-92.0074,42.7951],[-92.0026,42.795],[-92.0033,42.8184],[-91.9638,42.8184],[-91.9637,42.8548],[-91.9734,42.8547],[-91.974,42.8474],[-91.9833,42.8483],[-91.9835,42.8619],[-91.9637,42.862],[-91.9634,42.9067],[-91.8991,42.9064],[-91.8991,42.9005],[-91.8942,42.9005],[-91.8941,42.8906],[-91.8891,42.8906],[-91.889,42.8834],[-91.8449,42.8833],[-91.8449,42.8796],[-91.8351,42.8795],[-91.8351,42.8541],[-91.8451,42.8541],[-91.8446,42.8129],[-91.8403,42.8133],[-91.8394,42.811],[-91.8251,42.8112],[-91.8251,42.8072],[-91.815,42.8071],[-91.8151,42.8107],[-91.8002,42.8106],[-91.8004,42.818],[-91.7958,42.818],[-91.7955,42.8253],[-91.79,42.8249],[-91.7904,42.8219],[-91.7854,42.8215],[-91.7854,42.8183],[-91.7843,42.8178],[-91.7708,42.8177],[-91.7706,42.8102],[-91.7657,42.8102],[-91.7656,42.8029],[-91.7261,42.8027]]]}},{"type":"Feature","properties":{"leaid":"1920100","name":"Murray Community School District","kind":"Unified","gradeLow":"PK","gradeHigh":"12","state":"IA"},"geometry":{"type":"Polygon","coordinates":[[[-93.8648,41.129],[-93.8646,41.1146],[-93.8694,41.1145],[-93.8695,41.1073],[-93.8649,41.1076],[-93.8647,41.093],[-93.8698,41.0927],[-93.8695,41.0854],[-93.8647,41.0858],[-93.8647,41.0714],[-93.8743,41.071],[-93.8745,41.0744],[-93.884,41.0742],[-93.8839,41.0563],[-93.8743,41.0565],[-93.8743,41.0492],[-93.8839,41.0489],[-93.8841,41.0273],[-93.8793,41.0274],[-93.8794,41.0202],[-93.8746,41.0203],[-93.8746,41.0167],[-93.8846,41.0166],[-93.8843,40.9803],[-93.8993,40.9798],[-93.8993,40.9762],[-93.9042,40.9762],[-93.9042,40.9726],[-93.9024,40.9725],[-93.9034,40.9737],[-93.9017,40.9738],[-93.9016,40.9725],[-93.8937,40.9729],[-93.894,40.9763],[-93.8867,40.9767],[-93.8865,40.9694],[-93.8842,40.9695],[-93.8835,40.9478],[-93.8885,40.9476],[-93.888,40.9413],[-93.8929,40.9403],[-93.8923,40.9185],[-93.8688,40.9193],[-93.8694,40.9448],[-93.8643,40.9448],[-93.8637,40.9122],[-93.8684,40.912],[-93.8685,40.9104],[-93.8683,40.9084],[-93.8635,40.9085],[-93.8631,40.8977],[-93.9097,40.8967],[-93.9097,40.8897],[-93.9145,40.8899],[-93.9145,40.8861],[-93.9051,40.8849],[-93.9051,40.8753],[-93.9241,40.8754],[-93.9243,40.8682],[-93.9569,40.8685],[-93.9573,40.8467],[-93.9621,40.8467],[-93.9622,40.843],[-93.9669,40.8431],[-93.9668,40.8683],[-93.9763,40.8686],[-93.9763,40.879],[-93.9951,40.8791],[-93.9952,40.8808],[-94.0002,40.8809],[-94.0009,40.8798],[-94.0035,40.8809],[-94.0037,40.8826],[-94.0148,40.8828],[-94.0148,40.897],[-94.0244,40.8971],[-94.0244,40.9114],[-94.0339,40.9115],[-94.0339,40.9187],[-94.0432,40.9187],[-94.0434,40.9224],[-94.0527,40.9223],[-94.0529,40.933],[-94.0434,40.9332],[-94.0426,40.9404],[-94.0426,40.9441],[-94.0482,40.9441],[-94.0481,40.9514],[-94.053,40.9514],[-94.0525,40.9581],[-94.0339,40.9585],[-94.0338,40.9622],[-94.0148,40.9621],[-94.0144,41.1136],[-93.9942,41.1137],[-93.9943,41.1156],[-93.993,41.1156],[-93.9928,41.1138],[-93.9752,41.1138],[-93.9752,41.1209],[-93.9656,41.1209],[-93.9657,41.139],[-93.961,41.139],[-93.9612,41.1462],[-93.9563,41.1462],[-93.9565,41.1533],[-93.9514,41.1534],[-93.9515,41.139],[-93.9563,41.139],[-93.9563,41.1318],[-93.9514,41.1317],[-93.9515,41.1353],[-93.9419,41.1353],[-93.9419,41.1532],[-93.9371,41.1532],[-93.937,41.1461],[-93.9323,41.1461],[-93.9323,41.1388],[-93.9275,41.1387],[-93.9274,41.146],[-93.9227,41.1459],[-93.9227,41.1351],[-93.9323,41.1352],[-93.9321,41.1316],[-93.9228,41.1315],[-93.9227,41.1279],[-93.9181,41.1279],[-93.918,41.1332],[-93.9133,41.1333],[-93.9132,41.1351],[-93.8988,41.135],[-93.8989,41.1279],[-93.8648,41.129]]]}},{"type":"Feature","properties":{"leaid":"1903750","name":"Aplington-Parkersburg Community School District","kind":"Unified","gradeLow":"PK","gradeHigh":"12","state":"IA"},"geometry":{"type":"Polygon","coordinates":[[[-92.7613,42.657],[-92.7305,42.6571],[-92.7306,42.6552],[-92.7294,42.6548],[-92.7294,42.657],[-92.7269,42.657],[-92.7269,42.6534],[-92.7244,42.6534],[-92.7244,42.6571],[-92.7195,42.657],[-92.7195,42.6534],[-92.7146,42.6534],[-92.7145,42.6553],[-92.7128,42.6557],[-92.7121,42.6534],[-92.7072,42.6534],[-92.7072,42.6498],[-92.7023,42.6498],[-92.7022,42.6356],[-92.6973,42.6357],[-92.6974,42.6286],[-92.6925,42.6284],[-92.6925,42.6214],[-92.7073,42.6212],[-92.7072,42.6139],[-92.6926,42.6139],[-92.6926,42.6067],[-92.6876,42.6066],[-92.6876,42.6139],[-92.6827,42.6138],[-92.6828,42.5631],[-92.678,42.5631],[-92.6779,42.5558],[-92.6877,42.5558],[-92.6877,42.5533],[-92.6828,42.5525],[-92.6827,42.5491],[-92.6779,42.5492],[-92.6776,42.5353],[-92.6973,42.5352],[-92.6974,42.5387],[-92.7263,42.5385],[-92.7263,42.506],[-92.7702,42.5062],[-92.7702,42.4989],[-92.8348,42.4993],[-92.8349,42.503],[-92.8398,42.5031],[-92.8399,42.5111],[-92.8468,42.5112],[-92.8461,42.5138],[-92.8496,42.513],[-92.8496,42.5138],[-92.8595,42.514],[-92.8595,42.4994],[-92.8689,42.4995],[-92.8689,42.5068],[-92.8786,42.5069],[-92.8788,42.4995],[-92.8887,42.4996],[-92.8887,42.5069],[-92.8985,42.5069],[-92.8986,42.514],[-92.9085,42.514],[-92.9085,42.507],[-92.9134,42.5068],[-92.9133,42.5212],[-92.9281,42.5214],[-92.9281,42.5286],[-92.9475,42.5286],[-92.9475,42.5433],[-92.9377,42.5432],[-92.9375,42.5505],[-92.9474,42.5506],[-92.9473,42.5566],[-92.9768,42.5567],[-92.9768,42.5542],[-92.9866,42.5543],[-92.9866,42.5639],[-92.9818,42.5639],[-92.9817,42.567],[-92.9818,42.5784],[-92.9867,42.5784],[-92.9865,42.6073],[-92.9769,42.6073],[-92.9766,42.6292],[-92.9815,42.6292],[-92.9816,42.6256],[-92.9865,42.6256],[-92.9864,42.6432],[-92.9962,42.6432],[-92.9962,42.6487],[-92.9864,42.6487],[-92.9864,42.6541],[-92.9963,42.6541],[-92.9963,42.6652],[-92.9765,42.665],[-92.9767,42.654],[-92.9669,42.6539],[-92.9669,42.6647],[-92.9571,42.6646],[-92.9571,42.6574],[-92.9424,42.6573],[-92.9421,42.6646],[-92.9371,42.6645],[-92.9372,42.6792],[-92.9347,42.6791],[-92.9346,42.6864],[-92.9322,42.6864],[-92.9323,42.6936],[-92.9273,42.6935],[-92.9273,42.679],[-92.9175,42.6791],[-92.9175,42.6863],[-92.9211,42.6863],[-92.9238,42.6937],[-92.9174,42.6935],[-92.9174,42.6972],[-92.9223,42.6973],[-92.9222,42.7009],[-92.8691,42.7008],[-92.8691,42.6972],[-92.8592,42.6972],[-92.8592,42.6937],[-92.8492,42.6903],[-92.8493,42.6936],[-92.8392,42.6936],[-92.8394,42.6863],[-92.8296,42.6861],[-92.8298,42.6789],[-92.7903,42.6788],[-92.7904,42.668],[-92.7808,42.6679],[-92.7809,42.6643],[-92.7711,42.6642],[-92.7711,42.6607],[-92.7613,42.6606],[-92.7613,42.657]]]}},{"type":"Feature","properties":{"leaid":"1903060","name":"AGWSR Community School District","kind":"Unified","gradeLow":"PK","gradeHigh":"12","state":"IA"},"geometry":{"type":"Polygon","coordinates":[[[-92.9963,42.6577],[-92.9963,42.6541],[-92.9864,42.6541],[-92.9864,42.6487],[-92.9962,42.6487],[-92.9962,42.6432],[-92.9864,42.6432],[-92.9865,42.6256],[-92.9816,42.6256],[-92.9815,42.6292],[-92.9766,42.6292],[-92.9769,42.6073],[-92.9865,42.6073],[-92.9867,42.5784],[-92.9818,42.5784],[-92.9817,42.567],[-92.9818,42.5639],[-92.9866,42.5639],[-92.9866,42.5543],[-92.9768,42.5542],[-92.9768,42.5567],[-92.9473,42.5566],[-92.9474,42.5506],[-92.9375,42.5505],[-92.9377,42.5432],[-92.9475,42.5433],[-92.9475,42.5286],[-92.9281,42.5286],[-92.9281,42.5214],[-92.9133,42.5212],[-92.9134,42.5068],[-92.9085,42.507],[-92.9085,42.514],[-92.8986,42.514],[-92.8985,42.5069],[-92.8887,42.5069],[-92.8887,42.4996],[-92.8788,42.4995],[-92.8786,42.5069],[-92.8689,42.5068],[-92.8689,42.4995],[-92.8595,42.4994],[-92.8595,42.514],[-92.8496,42.5138],[-92.8496,42.513],[-92.8461,42.5138],[-92.8468,42.5112],[-92.8399,42.5111],[-92.8398,42.5031],[-92.8349,42.503],[-92.8348,42.4993],[-92.8103,42.4994],[-92.8102,42.4847],[-92.82,42.4847],[-92.82,42.4702],[-92.8175,42.4702],[-92.8173,42.4487],[-92.8271,42.4486],[-92.8271,42.4558],[-92.8364,42.4558],[-92.8365,42.4414],[-92.8319,42.4414],[-92.832,42.4343],[-92.8466,42.4342],[-92.8463,42.4126],[-92.872,42.4126],[-92.8719,42.4054],[-92.8862,42.4054],[-92.8861,42.3932],[-92.8755,42.3933],[-92.8753,42.3837],[-92.8861,42.3837],[-92.886,42.3757],[-92.88,42.3758],[-92.88,42.3685],[-92.886,42.3684],[-92.886,42.354],[-92.983,42.3539],[-92.983,42.3611],[-92.9732,42.3611],[-92.9732,42.3682],[-92.9782,42.3682],[-92.9783,42.3754],[-92.993,42.3756],[-92.9931,42.3835],[-93.0024,42.3835],[-93.0022,42.3684],[-93.0414,42.3681],[-93.0414,42.379],[-93.0461,42.379],[-93.0474,42.3801],[-93.0474,42.379],[-93.051,42.379],[-93.051,42.3754],[-93.0802,42.3752],[-93.0806,42.3974],[-93.0903,42.3975],[-93.0903,42.3939],[-93.1,42.3938],[-93.1,42.3902],[-93.1284,42.3901],[-93.1287,42.4119],[-93.1484,42.4119],[-93.1484,42.4155],[-93.1434,42.4155],[-93.1438,42.4464],[-93.134,42.4463],[-93.134,42.4481],[-93.1318,42.4481],[-93.134,42.4498],[-93.134,42.4553],[-93.1241,42.4551],[-93.1241,42.4624],[-93.1191,42.4623],[-93.1191,42.471],[-93.1052,42.4711],[-93.1051,42.5075],[-93.1239,42.5081],[-93.1241,42.5224],[-93.1339,42.522],[-93.1334,42.5149],[-93.1446,42.5143],[-93.1447,42.5398],[-93.1545,42.5382],[-93.1544,42.5568],[-93.1936,42.557],[-93.1946,42.5865],[-93.1845,42.5866],[-93.1845,42.6002],[-93.1743,42.6003],[-93.1738,42.6294],[-93.1832,42.6294],[-93.1836,42.6435],[-93.1739,42.6434],[-93.1733,42.6871],[-93.1438,42.6871],[-93.1438,42.7015],[-93.0807,42.7015],[-93.0803,42.705],[-93.0654,42.7049],[-93.0653,42.7087],[-93.036,42.7086],[-93.036,42.6978],[-93.0311,42.6978],[-93.0312,42.6942],[-93.0262,42.6942],[-93.0264,42.6578],[-92.9963,42.6577]]]}},{"type":"Feature","properties":{"leaid":"1913470","name":"Hampton-Dumont Community School District","kind":"Unified","gradeLow":"PK","gradeHigh":"12","state":"IA"},"geometry":{"type":"Polygon","coordinates":[[[-92.889,42.7009],[-92.9222,42.7009],[-92.9223,42.6973],[-92.9174,42.6972],[-92.9174,42.6935],[-92.9238,42.6937],[-92.9211,42.6863],[-92.9175,42.6863],[-92.9175,42.6791],[-92.9273,42.679],[-92.9273,42.6935],[-92.9323,42.6936],[-92.9322,42.6864],[-92.9346,42.6864],[-92.9347,42.6791],[-92.9372,42.6792],[-92.9371,42.6645],[-92.9421,42.6646],[-92.9424,42.6573],[-92.9571,42.6574],[-92.9571,42.6646],[-92.9669,42.6647],[-92.9669,42.6539],[-92.9767,42.654],[-92.9765,42.665],[-92.9963,42.6652],[-92.9963,42.6577],[-93.0264,42.6578],[-93.0262,42.6942],[-93.0312,42.6942],[-93.0311,42.6978],[-93.036,42.6978],[-93.036,42.7086],[-93.0563,42.7092],[-93.0653,42.7087],[-93.0654,42.7049],[-93.0803,42.705],[-93.0807,42.7015],[-93.1438,42.7015],[-93.1438,42.6871],[-93.1733,42.6871],[-93.1739,42.6434],[-93.1836,42.6435],[-93.1832,42.6294],[-93.2335,42.6295],[-93.2331,42.6369],[-93.2528,42.637],[-93.2532,42.6296],[-93.2618,42.6297],[-93.2617,42.6372],[-93.3013,42.6375],[-93.3208,42.6374],[-93.3208,42.6302],[-93.3306,42.6302],[-93.3306,42.6441],[-93.3404,42.6439],[-93.3404,42.6732],[-93.3307,42.6732],[-93.3304,42.7022],[-93.3012,42.7021],[-93.3011,42.7309],[-93.2915,42.7309],[-93.2915,42.7346],[-93.2937,42.7346],[-93.2938,42.7454],[-93.3011,42.7454],[-93.3011,42.796],[-93.2961,42.7961],[-93.296,42.819],[-93.2861,42.819],[-93.2863,42.8261],[-93.2813,42.8261],[-93.2815,42.8334],[-93.2716,42.8335],[-93.2715,42.8263],[-93.2764,42.8262],[-93.2764,42.8226],[-93.2813,42.8226],[-93.2812,42.8104],[-93.2697,42.8104],[-93.2617,42.8104],[-93.2617,42.8264],[-93.222,42.8264],[-93.2219,42.8191],[-93.2135,42.8191],[-93.2121,42.8191],[-93.2122,42.8264],[-93.2023,42.8263],[-93.2023,42.8191],[-93.1924,42.819],[-93.1925,42.8262],[-93.1826,42.8262],[-93.1826,42.8298],[-93.1777,42.8298],[-93.1777,42.8335],[-93.1433,42.8335],[-93.1431,42.848],[-93.0649,42.8475],[-93.0648,42.8331],[-93.0255,42.8331],[-93.0253,42.8766],[-93.0057,42.8768],[-93.0057,42.8732],[-93.0155,42.8731],[-93.0155,42.8622],[-93.0057,42.8623],[-93.0056,42.855],[-92.9957,42.855],[-92.9958,42.8767],[-92.9761,42.8767],[-92.976,42.8659],[-92.9858,42.8659],[-92.9858,42.8622],[-92.9708,42.8622],[-92.9708,42.8549],[-92.9663,42.8549],[-92.966,42.8293],[-92.9561,42.8293],[-92.9561,42.8367],[-92.9463,42.8368],[-92.9463,42.8405],[-92.9365,42.8404],[-92.9365,42.8331],[-92.9317,42.8331],[-92.9316,42.8259],[-92.9365,42.8259],[-92.9367,42.8064],[-92.9318,42.8064],[-92.9317,42.81],[-92.9268,42.81],[-92.9267,42.8259],[-92.9168,42.8259],[-92.917,42.8064],[-92.9268,42.8064],[-92.9269,42.7928],[-92.9219,42.7928],[-92.9221,42.7883],[-92.9073,42.7882],[-92.9073,42.781],[-92.922,42.781],[-92.9221,42.7774],[-92.9269,42.7775],[-92.9269,42.7883],[-92.9318,42.7883],[-92.9319,42.7774],[-92.9367,42.7774],[-92.9367,42.7757],[-92.9416,42.7756],[-92.9417,42.7811],[-92.9466,42.7811],[-92.9466,42.7775],[-92.9515,42.7775],[-92.9514,42.7667],[-92.9368,42.7666],[-92.9368,42.7589],[-92.9259,42.7648],[-92.9256,42.7629],[-92.9231,42.7629],[-92.9232,42.7594],[-92.9173,42.7593],[-92.9173,42.7557],[-92.9125,42.7557],[-92.9124,42.7501],[-92.9037,42.7502],[-92.9038,42.7376],[-92.8989,42.7377],[-92.899,42.7306],[-92.8891,42.7305],[-92.8891,42.7226],[-92.8987,42.7226],[-92.8989,42.7117],[-92.894,42.7117],[-92.8941,42.7153],[-92.889,42.7153],[-92.889,42.7009]]]}},{"type":"Feature","properties":{"leaid":"1906810","name":"Central DeWitt Community School District","kind":"Unified","gradeLow":"PK","gradeHigh":"12","state":"IA"},"geometry":{"type":"Polygon","coordinates":[[[-90.6259,41.9453],[-90.5386,41.9456],[-90.5386,41.9422],[-90.5241,41.9423],[-90.5241,41.9386],[-90.5194,41.9386],[-90.5196,41.9237],[-90.5,41.9238],[-90.5,41.9093],[-90.4615,41.9097],[-90.4614,41.9024],[-90.4516,41.9023],[-90.4515,41.8771],[-90.4419,41.8772],[-90.442,41.8517],[-90.4322,41.8518],[-90.4323,41.8447],[-90.4082,41.8448],[-90.4083,41.8302],[-90.3939,41.8302],[-90.3937,41.8231],[-90.3548,41.8231],[-90.3548,41.8084],[-90.3451,41.8084],[-90.3452,41.7939],[-90.3549,41.7939],[-90.3549,41.7647],[-90.3743,41.7646],[-90.3743,41.7573],[-90.3694,41.7573],[-90.3694,41.7501],[-90.3743,41.7501],[-90.3745,41.7343],[-90.3892,41.737],[-90.3903,41.7343],[-90.3882,41.7319],[-90.3896,41.7306],[-90.3941,41.7313],[-90.396,41.7338],[-90.4034,41.7297],[-90.4079,41.7293],[-90.4096,41.73],[-90.4106,41.7324],[-90.4063,41.7342],[-90.4062,41.7357],[-90.411,41.7377],[-90.4125,41.7411],[-90.4251,41.736],[-90.4275,41.7363],[-90.4278,41.738],[-90.4231,41.7406],[-90.4275,41.7445],[-90.4242,41.7491],[-90.426,41.7527],[-90.4328,41.7557],[-90.4364,41.7606],[-90.4408,41.7587],[-90.4466,41.7638],[-90.4493,41.7648],[-90.4565,41.7608],[-90.4585,41.7583],[-90.4652,41.759],[-90.4685,41.7636],[-90.4689,41.7662],[-90.4673,41.7689],[-90.4717,41.7736],[-90.4802,41.7712],[-90.4835,41.7692],[-90.485,41.7664],[-90.4889,41.7675],[-90.4918,41.766],[-90.4958,41.7659],[-90.4993,41.7677],[-90.5037,41.7673],[-90.5075,41.7695],[-90.5128,41.7653],[-90.5144,41.766],[-90.5157,41.7697],[-90.5218,41.7711],[-90.5232,41.7728],[-90.5271,41.7726],[-90.5282,41.7734],[-90.528,41.7753],[-90.5317,41.7749],[-90.5373,41.7764],[-90.541,41.7676],[-90.5428,41.7659],[-90.5495,41.7692],[-90.5503,41.7683],[-90.5495,41.7636],[-90.5545,41.7646],[-90.5596,41.7636],[-90.5648,41.7658],[-90.5659,41.7651],[-90.5654,41.7625],[-90.5706,41.7636],[-90.5791,41.7591],[-90.5841,41.7633],[-90.5886,41.7638],[-90.5892,41.7699],[-90.5924,41.7706],[-90.5971,41.7676],[-90.6001,41.763],[-90.6113,41.764],[-90.6128,41.7582],[-90.6164,41.7565],[-90.622,41.7627],[-90.6296,41.7653],[-90.6323,41.7648],[-90.6356,41.7611],[-90.6424,41.7615],[-90.6462,41.7566],[-90.6515,41.7554],[-90.6561,41.7576],[-90.6557,41.7604],[-90.6587,41.7648],[-90.6612,41.7654],[-90.6701,41.7636],[-90.67,41.775],[-90.675,41.7749],[-90.675,41.7929],[-90.6653,41.7929],[-90.6652,41.7999],[-90.6749,41.8001],[-90.6749,41.8147],[-90.6798,41.8147],[-90.6799,41.8252],[-90.6749,41.8252],[-90.6751,41.8581],[-90.6652,41.8583],[-90.6651,41.8728],[-90.6554,41.8728],[-90.6554,41.8875],[-90.675,41.8875],[-90.6749,41.8947],[-90.6845,41.8947],[-90.6845,41.9017],[-90.6942,41.9017],[-90.694,41.9163],[-90.7037,41.9163],[-90.7036,41.936],[-90.6987,41.9361],[-90.6988,41.9382],[-90.6939,41.9382],[-90.6939,41.9454],[-90.6551,41.9454],[-90.6551,41.9673],[-90.66,41.9673],[-90.66,41.9745],[-90.653,41.9752],[-90.631,41.9746],[-90.6309,41.9674],[-90.6261,41.9674],[-90.6259,41.9453]]]}},{"type":"Feature","properties":{"leaid":"1905070","name":"Bondurant-Farrar Community School District","kind":"Unified","gradeLow":"PK","gradeHigh":"12","state":"IA"},"geometry":{"type":"Polygon","coordinates":[[[-93.3094,41.8347],[-93.3095,41.8057],[-93.3482,41.8056],[-93.3484,41.6844],[-93.3533,41.6843],[-93.3534,41.6884],[-93.4161,41.6884],[-93.4161,41.6805],[-93.4258,41.6804],[-93.4259,41.6659],[-93.5031,41.6658],[-93.5031,41.6585],[-93.5418,41.6586],[-93.5418,41.6623],[-93.5369,41.6622],[-93.5369,41.6705],[-93.5416,41.6703],[-93.5416,41.7174],[-93.503,41.7173],[-93.5027,41.7462],[-93.4931,41.7462],[-93.493,41.7768],[-93.4641,41.7768],[-93.4639,41.8057],[-93.4253,41.8056],[-93.4255,41.8346],[-93.382,41.8348],[-93.382,41.8387],[-93.3722,41.8385],[-93.3722,41.8347],[-93.3094,41.8347]]]}},{"type":"Feature","properties":{"leaid":"1922110","name":"Ottumwa Community School District","kind":"Unified","gradeLow":"PK","gradeHigh":"12","state":"IA"},"geometry":{"type":"Polygon","coordinates":[[[-92.2956,41.0605],[-92.2956,41.0532],[-92.3148,41.0531],[-92.3148,41.0458],[-92.3206,41.0458],[-92.3217,41.0313],[-92.3303,41.0313],[-92.3288,41.0288],[-92.3339,41.0288],[-92.334,41.0242],[-92.3268,41.0237],[-92.3265,41.0132],[-92.3219,41.0125],[-92.3218,41.0095],[-92.3337,41.0096],[-92.3337,41.0059],[-92.3266,41.0059],[-92.3266,41.0024],[-92.3337,41.0038],[-92.3337,41.0025],[-92.3432,41.0024],[-92.3433,41.0041],[-92.3467,41.0041],[-92.348,41.0041],[-92.348,41.0022],[-92.3497,41.0015],[-92.3528,41.0026],[-92.3525,40.988],[-92.3426,40.9879],[-92.3427,40.982],[-92.3384,40.982],[-92.338,40.9785],[-92.3335,40.9785],[-92.3335,40.9751],[-92.3285,40.975],[-92.3285,40.9714],[-92.3333,40.9714],[-92.3332,40.969],[-92.3261,40.9656],[-92.3272,40.9633],[-92.3328,40.9615],[-92.3362,40.9576],[-92.3403,40.9569],[-92.3477,40.9593],[-92.3554,40.9638],[-92.3616,40.964],[-92.3616,40.9624],[-92.3712,40.9641],[-92.3711,40.9568],[-92.3805,40.9569],[-92.376,40.9549],[-92.3902,40.9549],[-92.3901,40.9567],[-92.395,40.9568],[-92.395,40.9533],[-92.3902,40.9532],[-92.39,40.946],[-92.3982,40.946],[-92.3978,40.9496],[-92.4035,40.9497],[-92.4073,40.9461],[-92.4095,40.9461],[-92.4097,40.8991],[-92.5723,40.899],[-92.5723,40.9026],[-92.5771,40.9026],[-92.5773,40.9133],[-92.5819,40.9135],[-92.5822,40.9204],[-92.576,40.9207],[-92.576,40.9136],[-92.5678,40.9135],[-92.5676,40.9172],[-92.5629,40.9172],[-92.5629,40.9207],[-92.5534,40.9207],[-92.5534,40.928],[-92.5628,40.928],[-92.5627,40.9353],[-92.558,40.9353],[-92.5579,40.9389],[-92.5531,40.9388],[-92.5532,40.9425],[-92.5579,40.9425],[-92.558,40.9534],[-92.5532,40.9533],[-92.5532,40.9461],[-92.5483,40.9461],[-92.5484,40.9498],[-92.5421,40.95],[-92.5421,40.957],[-92.5531,40.957],[-92.5528,40.9715],[-92.5247,40.9716],[-92.5246,41.0092],[-92.5103,41.0095],[-92.5102,41.0128],[-92.515,41.0128],[-92.515,41.0163],[-92.5009,41.0163],[-92.5009,41.0308],[-92.515,41.031],[-92.515,41.0344],[-92.5248,41.0344],[-92.5249,41.0452],[-92.4705,41.0453],[-92.4823,41.051],[-92.4821,41.0533],[-92.4796,41.0573],[-92.4813,41.0597],[-92.4931,41.0613],[-92.5025,41.0666],[-92.5038,41.0753],[-92.4672,41.0755],[-92.4674,41.1045],[-92.4584,41.1046],[-92.4584,41.1193],[-92.4302,41.119],[-92.4293,41.1184],[-92.4293,41.1119],[-92.41,41.1118],[-92.4101,41.1336],[-92.4013,41.1336],[-92.4011,41.112],[-92.3866,41.1121],[-92.3876,41.1233],[-92.3725,41.1235],[-92.3725,41.13],[-92.3677,41.13],[-92.3677,41.1228],[-92.3534,41.1223],[-92.3532,41.0923],[-92.3245,41.1006],[-92.3244,41.0938],[-92.3149,41.0939],[-92.3148,41.0759],[-92.3196,41.0759],[-92.3196,41.0676],[-92.3004,41.0677],[-92.3004,41.0604],[-92.2956,41.0605]]]}},{"type":"Feature","properties":{"leaid":"1906240","name":"Cardinal Community School District","kind":"Unified","gradeLow":"PK","gradeHigh":"12","state":"IA"},"geometry":{"type":"Polygon","coordinates":[[[-92.1688,41.0833],[-92.1687,41.0698],[-92.1621,41.0651],[-92.1542,41.0641],[-92.1542,41.0604],[-92.159,41.0605],[-92.159,41.0496],[-92.1495,41.0496],[-92.1495,41.0459],[-92.1796,41.046],[-92.1795,41.0208],[-92.1861,41.0208],[-92.1861,41.0171],[-92.1842,41.0171],[-92.1842,41.0133],[-92.1794,41.0132],[-92.1795,41.0024],[-92.1589,41.0026],[-92.1589,40.9918],[-92.1542,40.9907],[-92.1542,40.9881],[-92.1496,40.9881],[-92.1496,40.9723],[-92.1591,40.9724],[-92.1594,40.9651],[-92.1503,40.9647],[-92.1497,40.9615],[-92.1403,40.961],[-92.1404,40.9543],[-92.138,40.9543],[-92.1379,40.9507],[-92.1404,40.9506],[-92.1404,40.9397],[-92.1596,40.9396],[-92.1596,40.907],[-92.1404,40.9071],[-92.1404,40.8998],[-92.1499,40.8998],[-92.15,40.893],[-92.1214,40.8931],[-92.1215,40.8791],[-92.112,40.8789],[-92.112,40.8642],[-92.1168,40.8643],[-92.1168,40.8498],[-92.131,40.8546],[-92.1308,40.8421],[-92.1405,40.8422],[-92.1406,40.8134],[-92.1783,40.8138],[-92.179,40.8319],[-92.1882,40.8319],[-92.1882,40.8356],[-92.193,40.8356],[-92.1931,40.8429],[-92.1882,40.8428],[-92.1883,40.8464],[-92.1786,40.8466],[-92.1786,40.8501],[-92.1932,40.8501],[-92.1934,40.8574],[-92.1955,40.8574],[-92.1954,40.861],[-92.1931,40.8608],[-92.1931,40.8645],[-92.1886,40.8644],[-92.1885,40.8717],[-92.198,40.8721],[-92.1981,40.8573],[-92.217,40.8574],[-92.2169,40.8646],[-92.2405,40.8646],[-92.241,40.8863],[-92.2363,40.8863],[-92.2362,40.8936],[-92.2412,40.8936],[-92.2412,40.8967],[-92.2506,40.8936],[-92.2507,40.8995],[-92.289,40.8993],[-92.2889,40.8899],[-92.2939,40.8882],[-92.2947,40.8993],[-92.4097,40.8991],[-92.4095,40.9461],[-92.4073,40.9461],[-92.4035,40.9497],[-92.3978,40.9496],[-92.3982,40.946],[-92.39,40.946],[-92.3902,40.9532],[-92.395,40.9533],[-92.395,40.9568],[-92.3901,40.9567],[-92.3902,40.9549],[-92.376,40.9549],[-92.3805,40.9569],[-92.3711,40.9568],[-92.3712,40.9641],[-92.3616,40.9624],[-92.3616,40.964],[-92.3554,40.9638],[-92.3477,40.9593],[-92.3403,40.9569],[-92.3362,40.9576],[-92.3328,40.9615],[-92.3272,40.9633],[-92.3261,40.9656],[-92.3332,40.969],[-92.3333,40.9714],[-92.3285,40.9714],[-92.3285,40.975],[-92.3335,40.9751],[-92.3335,40.9785],[-92.338,40.9785],[-92.3384,40.982],[-92.3427,40.982],[-92.3426,40.9879],[-92.3525,40.988],[-92.3528,41.0026],[-92.3497,41.0015],[-92.348,41.0022],[-92.348,41.0041],[-92.3467,41.0041],[-92.3433,41.0041],[-92.3432,41.0024],[-92.3337,41.0025],[-92.3337,41.0038],[-92.3266,41.0024],[-92.3266,41.0059],[-92.3337,41.0059],[-92.3337,41.0096],[-92.3218,41.0095],[-92.3219,41.0125],[-92.3265,41.0132],[-92.3268,41.0237],[-92.334,41.0242],[-92.3339,41.0288],[-92.3288,41.0288],[-92.3303,41.0313],[-92.3217,41.0313],[-92.3206,41.0458],[-92.3148,41.0458],[-92.3148,41.0531],[-92.2956,41.0532],[-92.2957,41.0677],[-92.2849,41.0677],[-92.2849,41.0712],[-92.2754,41.0712],[-92.2754,41.0758],[-92.1796,41.0762],[-92.1797,41.0833],[-92.1688,41.0833]]]}},{"type":"Feature","properties":{"leaid":"1929490","name":"WACO Community School District","kind":"Unified","gradeLow":"PK","gradeHigh":"12","state":"IA"},"geometry":{"type":"Polygon","coordinates":[[[-91.476,41.2387],[-91.4762,41.2206],[-91.4858,41.2207],[-91.4859,41.206],[-91.4909,41.2061],[-91.4905,41.1988],[-91.5002,41.1986],[-91.5002,41.1844],[-91.5049,41.1845],[-91.5052,41.1735],[-91.5097,41.1735],[-91.515,41.1627],[-91.4857,41.1624],[-91.4864,41.0645],[-91.4936,41.0646],[-91.4936,41.0682],[-91.4918,41.0682],[-91.4913,41.0719],[-91.496,41.0716],[-91.496,41.0683],[-91.5248,41.0685],[-91.5248,41.0755],[-91.5779,41.0761],[-91.5779,41.0791],[-91.5733,41.0799],[-91.5736,41.0863],[-91.583,41.0863],[-91.5825,41.0761],[-91.6593,41.0764],[-91.6593,41.0871],[-91.6664,41.087],[-91.6664,41.0846],[-91.6688,41.0846],[-91.6687,41.0906],[-91.6712,41.0906],[-91.6711,41.0979],[-91.7167,41.098],[-91.7161,41.1606],[-91.7173,41.1607],[-91.718,41.1628],[-91.7447,41.1624],[-91.7449,41.1917],[-91.7209,41.192],[-91.7207,41.1846],[-91.7017,41.1849],[-91.7019,41.2071],[-91.6876,41.2069],[-91.6877,41.2107],[-91.6591,41.2107],[-91.6589,41.2068],[-91.6306,41.207],[-91.6296,41.2],[-91.6012,41.1998],[-91.6008,41.2506],[-91.5288,41.25],[-91.5287,41.2536],[-91.5239,41.2536],[-91.5243,41.2469],[-91.5196,41.2468],[-91.5195,41.2432],[-91.5147,41.2431],[-91.514,41.2471],[-91.5051,41.2465],[-91.5047,41.2429],[-91.495,41.2432],[-91.4948,41.2497],[-91.4854,41.2496],[-91.4854,41.2515],[-91.4842,41.2514],[-91.4853,41.2568],[-91.4803,41.2568],[-91.4808,41.2387],[-91.476,41.2387]]]}},{"type":"Feature","properties":{"leaid":"1911790","name":"Forest City Community School District","kind":"Unified","gradeLow":"PK","gradeHigh":"12","state":"IA"},"geometry":{"type":"Polygon","coordinates":[[[-93.4184,43.3136],[-93.4183,43.2737],[-93.4134,43.2737],[-93.4133,43.2701],[-93.3985,43.2701],[-93.3983,43.2554],[-93.3788,43.2554],[-93.3786,43.2494],[-93.3744,43.2493],[-93.3744,43.2422],[-93.3691,43.2421],[-93.369,43.2276],[-93.3985,43.2277],[-93.3985,43.2204],[-93.4035,43.2204],[-93.4035,43.2241],[-93.4084,43.2241],[-93.4085,43.2205],[-93.4282,43.2207],[-93.4283,43.218],[-93.4282,43.2207],[-93.4777,43.2206],[-93.4778,43.2278],[-93.5075,43.2275],[-93.5075,43.2202],[-93.5173,43.2203],[-93.5174,43.2131],[-93.5271,43.2131],[-93.5271,43.1987],[-93.5571,43.1985],[-93.5571,43.195],[-93.5719,43.1949],[-93.5719,43.1986],[-93.5965,43.1987],[-93.5966,43.2058],[-93.6166,43.2058],[-93.6166,43.1988],[-93.6214,43.1985],[-93.6214,43.1842],[-93.6294,43.1841],[-93.646,43.1841],[-93.646,43.1913],[-93.6557,43.1912],[-93.6557,43.1985],[-93.6654,43.1985],[-93.6655,43.1913],[-93.6753,43.1913],[-93.6756,43.2165],[-93.6769,43.2165],[-93.6755,43.2201],[-93.6853,43.2201],[-93.6852,43.2274],[-93.7,43.2274],[-93.7,43.2201],[-93.6951,43.2201],[-93.6951,43.2129],[-93.7001,43.2129],[-93.7002,43.2092],[-93.705,43.2091],[-93.705,43.2057],[-93.7338,43.2056],[-93.7338,43.1912],[-93.7435,43.1912],[-93.7434,43.1841],[-93.7338,43.184],[-93.7339,43.1766],[-93.7636,43.1767],[-93.7635,43.1694],[-93.7832,43.1695],[-93.7832,43.1729],[-93.7732,43.173],[-93.7728,43.1839],[-93.7928,43.1838],[-93.793,43.1694],[-93.8127,43.1693],[-93.8126,43.1766],[-93.8027,43.1765],[-93.8026,43.1838],[-93.8125,43.1838],[-93.8125,43.1874],[-93.8223,43.1874],[-93.8223,43.1909],[-93.8421,43.1908],[-93.842,43.1838],[-93.852,43.1837],[-93.8519,43.1693],[-93.9012,43.1694],[-93.9012,43.1553],[-93.911,43.1553],[-93.9111,43.1694],[-93.9703,43.1692],[-93.9703,43.1837],[-93.9507,43.1836],[-93.9508,43.1981],[-93.9703,43.1981],[-93.9703,43.2126],[-93.9604,43.2126],[-93.9605,43.227],[-93.9606,43.2417],[-93.9702,43.2414],[-93.9704,43.2554],[-93.9606,43.2553],[-93.9607,43.2624],[-93.9412,43.2623],[-93.9414,43.2697],[-93.9117,43.2695],[-93.9119,43.284],[-93.8426,43.2843],[-93.8425,43.277],[-93.8328,43.2771],[-93.833,43.2915],[-93.823,43.2915],[-93.8228,43.2771],[-93.8129,43.2771],[-93.813,43.2844],[-93.808,43.2844],[-93.8081,43.2916],[-93.7932,43.2917],[-93.7924,43.2844],[-93.7883,43.2845],[-93.7883,43.2917],[-93.7833,43.2917],[-93.7834,43.2845],[-93.7636,43.2844],[-93.7636,43.2917],[-93.7438,43.2916],[-93.7438,43.2988],[-93.7537,43.2989],[-93.7537,43.3134],[-93.7439,43.3133],[-93.7439,43.3205],[-93.7307,43.3204],[-93.7308,43.3349],[-93.7062,43.3351],[-93.7062,43.3424],[-93.7159,43.3423],[-93.7158,43.3567],[-93.696,43.3568],[-93.6961,43.3641],[-93.6863,43.3641],[-93.6863,43.3568],[-93.6764,43.3569],[-93.6764,43.3713],[-93.5969,43.3717],[-93.5969,43.3571],[-93.6068,43.357],[-93.6069,43.3606],[-93.6118,43.3606],[-93.612,43.3424],[-93.597,43.3425],[-93.597,43.3356],[-93.577,43.3354],[-93.5771,43.3391],[-93.5671,43.3391],[-93.5671,43.3354],[-93.5621,43.3354],[-93.5621,43.3282],[-93.5474,43.3282],[-93.5474,43.3136],[-93.4976,43.3135],[-93.4976,43.2991],[-93.4778,43.2988],[-93.4778,43.3015],[-93.4729,43.3015],[-93.4728,43.306],[-93.4579,43.306],[-93.458,43.3133],[-93.4184,43.3136]]]}},{"type":"Feature","properties":{"leaid":"1916110","name":"Lake Mills Community School District","kind":"Unified","gradeLow":"PK","gradeHigh":"12","state":"IA"},"geometry":{"type":"Polygon","coordinates":[[[-93.6963,43.4997],[-93.3789,43.4995],[-93.3791,43.382],[-93.3748,43.3819],[-93.3745,43.3716],[-93.3597,43.3716],[-93.3598,43.3571],[-93.3788,43.3571],[-93.3788,43.3535],[-93.3839,43.3535],[-93.3839,43.3498],[-93.3889,43.3498],[-93.3889,43.3462],[-93.3988,43.3462],[-93.3988,43.3426],[-93.4087,43.3426],[-93.4086,43.3359],[-93.4031,43.3355],[-93.4031,43.3316],[-93.408,43.3318],[-93.408,43.3282],[-93.4185,43.3281],[-93.4184,43.3136],[-93.458,43.3133],[-93.4579,43.306],[-93.4728,43.306],[-93.4729,43.3015],[-93.4778,43.3015],[-93.4778,43.2988],[-93.4976,43.2991],[-93.4976,43.3135],[-93.5474,43.3136],[-93.5474,43.3282],[-93.5621,43.3282],[-93.5621,43.3354],[-93.5671,43.3354],[-93.5671,43.3391],[-93.5771,43.3391],[-93.577,43.3354],[-93.597,43.3356],[-93.597,43.3425],[-93.612,43.3424],[-93.6118,43.3606],[-93.6069,43.3606],[-93.6068,43.357],[-93.5969,43.3571],[-93.5969,43.3717],[-93.6665,43.3713],[-93.6664,43.3928],[-93.6863,43.3929],[-93.6862,43.4002],[-93.6961,43.4002],[-93.6961,43.4073],[-93.7111,43.4073],[-93.711,43.4146],[-93.7062,43.4146],[-93.7062,43.4182],[-93.7012,43.4182],[-93.7012,43.4218],[-93.6963,43.4218],[-93.6964,43.4298],[-93.7162,43.43],[-93.7162,43.437],[-93.7063,43.437],[-93.7063,43.4605],[-93.7014,43.4606],[-93.7014,43.4622],[-93.7063,43.4622],[-93.7062,43.4659],[-93.6967,43.4659],[-93.6963,43.4997]]]}},{"type":"Feature","properties":{"leaid":"1904860","name":"Bettendorf Community School District","kind":"Unified","gradeLow":"PK","gradeHigh":"12","state":"IA"},"geometry":{"type":"Polygon","coordinates":[[[-90.4743,41.5197],[-90.5036,41.5182],[-90.5131,41.5195],[-90.5325,41.5248],[-90.5324,41.5348],[-90.5226,41.5348],[-90.5222,41.5963],[-90.4931,41.5966],[-90.4938,41.5873],[-90.4923,41.5849],[-90.4935,41.5835],[-90.4928,41.5819],[-90.4943,41.581],[-90.493,41.58],[-90.4932,41.5548],[-90.4897,41.5549],[-90.4891,41.553],[-90.4901,41.5499],[-90.4934,41.5489],[-90.4936,41.5387],[-90.4741,41.5389],[-90.4743,41.5197]]]}},{"type":"Feature","properties":{"leaid":"1923110","name":"Pleasant Valley Community School District","kind":"Unified","gradeLow":"PK","gradeHigh":"12","state":"IA"},"geometry":{"type":"Polygon","coordinates":[[[-90.3402,41.6556],[-90.3435,41.6457],[-90.3395,41.5986],[-90.3432,41.5878],[-90.3641,41.5796],[-90.3979,41.5722],[-90.4128,41.5653],[-90.4222,41.5542],[-90.4327,41.5495],[-90.4452,41.5361],[-90.4614,41.5235],[-90.4743,41.5197],[-90.4741,41.5389],[-90.4936,41.5387],[-90.4934,41.5489],[-90.4901,41.5499],[-90.4891,41.553],[-90.4897,41.5549],[-90.4932,41.5548],[-90.493,41.58],[-90.4943,41.581],[-90.4928,41.5819],[-90.4935,41.5835],[-90.4923,41.5849],[-90.4938,41.5873],[-90.4931,41.5966],[-90.4514,41.5975],[-90.4518,41.6554],[-90.3402,41.6556]]]}},{"type":"Feature","properties":{"leaid":"1905190","name":"Boyden-Hull Community School District","kind":"Unified","gradeLow":"PK","gradeHigh":"12","state":"IA"},"geometry":{"type":"Polygon","coordinates":[[[-96.0503,43.2371],[-96.0005,43.2371],[-96.0007,43.2298],[-95.9617,43.2298],[-95.9616,43.2225],[-95.9419,43.2226],[-95.9417,43.2153],[-95.9516,43.2153],[-95.9515,43.2008],[-95.9512,43.1863],[-95.9413,43.1861],[-95.9409,43.1675],[-95.9557,43.1675],[-95.9555,43.1566],[-95.9507,43.1566],[-95.9505,43.1494],[-95.9605,43.1494],[-95.9604,43.1422],[-95.9703,43.1422],[-95.97,43.135],[-95.9652,43.1349],[-95.965,43.1277],[-95.979,43.1277],[-95.9791,43.1315],[-95.9806,43.1315],[-95.9792,43.1348],[-96.0039,43.1349],[-96.0039,43.1315],[-96.0089,43.1313],[-96.009,43.1359],[-96.0115,43.1359],[-96.0189,43.1353],[-96.0188,43.128],[-96.0237,43.128],[-96.0238,43.1316],[-96.0288,43.1316],[-96.0288,43.1351],[-96.0387,43.1351],[-96.0386,43.1322],[-96.0405,43.1322],[-96.0405,43.1351],[-96.0486,43.1352],[-96.0483,43.1208],[-96.0582,43.1209],[-96.0584,43.1317],[-96.0683,43.1317],[-96.0684,43.1353],[-96.0975,43.1354],[-96.0973,43.1281],[-96.127,43.1282],[-96.1271,43.1354],[-96.1618,43.1352],[-96.162,43.1496],[-96.1721,43.1497],[-96.1725,43.1569],[-96.187,43.1568],[-96.1872,43.1641],[-96.2157,43.1638],[-96.2156,43.1601],[-96.2354,43.1602],[-96.2355,43.1711],[-96.2157,43.1712],[-96.2158,43.1926],[-96.2073,43.1929],[-96.2073,43.237],[-96.2163,43.2367],[-96.2165,43.2575],[-96.1679,43.2574],[-96.1679,43.2646],[-96.1579,43.2646],[-96.1577,43.2791],[-96.0791,43.2795],[-96.0792,43.2723],[-96.0644,43.2727],[-96.0645,43.2691],[-96.0594,43.2692],[-96.0594,43.2583],[-96.0492,43.2586],[-96.0503,43.2371]]]}},{"type":"Feature","properties":{"leaid":"1931020","name":"West Lyon Community School District","kind":"Unified","gradeLow":"PK","gradeHigh":"12","state":"IA"},"geometry":{"type":"Polygon","coordinates":[[[-96.5992,43.5005],[-96.2737,43.5003],[-96.2738,43.3897],[-96.2541,43.3898],[-96.2541,43.3753],[-96.2342,43.3753],[-96.2346,43.3301],[-96.2545,43.33],[-96.2554,43.3081],[-96.2751,43.3082],[-96.2753,43.3009],[-96.2951,43.3011],[-96.2957,43.2794],[-96.3155,43.2795],[-96.3155,43.2649],[-96.3338,43.265],[-96.3335,43.2724],[-96.3731,43.2726],[-96.3736,43.2506],[-96.4427,43.2501],[-96.4429,43.2356],[-96.4512,43.2356],[-96.4505,43.2588],[-96.4701,43.259],[-96.4707,43.2431],[-96.4803,43.2433],[-96.4802,43.2503],[-96.4901,43.2505],[-96.4906,43.236],[-96.5103,43.2363],[-96.5095,43.2425],[-96.5066,43.2423],[-96.5067,43.2433],[-96.5298,43.2437],[-96.5293,43.2597],[-96.555,43.2602],[-96.5568,43.259],[-96.5608,43.2592],[-96.5698,43.2627],[-96.577,43.2683],[-96.5842,43.2679],[-96.5857,43.2695],[-96.585,43.2709],[-96.5863,43.2742],[-96.5838,43.2767],[-96.5831,43.2745],[-96.5812,43.2747],[-96.5776,43.279],[-96.5787,43.284],[-96.5814,43.288],[-96.5791,43.2938],[-96.5803,43.2958],[-96.5845,43.2931],[-96.5883,43.2924],[-96.5893,43.2953],[-96.5885,43.2962],[-96.5829,43.2981],[-96.5737,43.299],[-96.5693,43.2955],[-96.5665,43.296],[-96.5644,43.2946],[-96.5547,43.2965],[-96.5549,43.294],[-96.5521,43.2929],[-96.5495,43.2944],[-96.5408,43.2955],[-96.5388,43.2985],[-96.5304,43.2998],[-96.5322,43.3025],[-96.5319,43.3042],[-96.527,43.3052],[-96.5292,43.3091],[-96.5241,43.3114],[-96.5281,43.3136],[-96.529,43.3164],[-96.5265,43.3159],[-96.5256,43.3186],[-96.5291,43.3189],[-96.531,43.3207],[-96.5295,43.3216],[-96.5288,43.3243],[-96.5332,43.3287],[-96.5315,43.3319],[-96.5324,43.3345],[-96.5342,43.3347],[-96.5351,43.3365],[-96.5317,43.3393],[-96.5328,43.3427],[-96.5284,43.3422],[-96.5243,43.3474],[-96.5248,43.3484],[-96.5277,43.3483],[-96.5251,43.3536],[-96.5277,43.3563],[-96.5273,43.3616],[-96.5276,43.3627],[-96.5295,43.3626],[-96.531,43.3684],[-96.5289,43.3693],[-96.5267,43.3681],[-96.5248,43.3699],[-96.525,43.3726],[-96.5221,43.3722],[-96.5214,43.3759],[-96.5245,43.3798],[-96.522,43.3814],[-96.5246,43.3823],[-96.5217,43.3859],[-96.5241,43.3903],[-96.524,43.3938],[-96.5252,43.3961],[-96.5296,43.3976],[-96.5306,43.3955],[-96.5355,43.3948],[-96.5409,43.3974],[-96.5444,43.3962],[-96.5456,43.3972],[-96.5449,43.4],[-96.5484,43.4037],[-96.553,43.404],[-96.5545,43.4062],[-96.5572,43.4062],[-96.5604,43.4125],[-96.5646,43.4131],[-96.5683,43.4169],[-96.5736,43.419],[-96.57,43.4256],[-96.5703,43.4285],[-96.5761,43.4319],[-96.588,43.4315],[-96.5941,43.4338],[-96.5937,43.437],[-96.5975,43.44],[-96.5965,43.4423],[-96.5994,43.4425],[-96.5991,43.4453],[-96.6031,43.4508],[-96.6,43.4506],[-96.6009,43.4559],[-96.597,43.4586],[-96.5939,43.4589],[-96.5947,43.4622],[-96.5906,43.4629],[-96.5894,43.4665],[-96.587,43.4645],[-96.5824,43.4667],[-96.5853,43.471],[-96.5837,43.4751],[-96.5869,43.4779],[-96.5811,43.4815],[-96.5824,43.4834],[-96.5868,43.4838],[-96.587,43.4876],[-96.5846,43.4891],[-96.5869,43.4915],[-96.5902,43.492],[-96.5902,43.4941],[-96.5948,43.4931],[-96.599,43.4953],[-96.5992,43.5005]]]}},{"type":"Feature","properties":{"leaid":"1926370","name":"Sioux Center Community School District","kind":"Unified","gradeLow":"PK","gradeHigh":"12","state":"IA"},"geometry":{"type":"Polygon","coordinates":[[[-96.0582,43.1209],[-96.0384,43.1208],[-96.0382,43.1135],[-96.0482,43.1135],[-96.048,43.1099],[-96.0676,43.1099],[-96.0672,43.0881],[-96.0574,43.0881],[-96.0574,43.0845],[-96.0869,43.0846],[-96.0867,43.063],[-96.0963,43.063],[-96.0962,43.0484],[-96.1011,43.0484],[-96.1011,43.0411],[-96.111,43.0411],[-96.111,43.0338],[-96.1357,43.0336],[-96.1357,43.0301],[-96.1406,43.03],[-96.1407,43.0263],[-96.1603,43.0261],[-96.1606,43.0116],[-96.2139,43.0118],[-96.2138,43.0046],[-96.2833,43.0044],[-96.2837,43.0261],[-96.2885,43.0261],[-96.2887,43.0407],[-96.3034,43.0407],[-96.3034,43.0552],[-96.3232,43.0552],[-96.3232,43.0624],[-96.3321,43.0624],[-96.3323,43.0551],[-96.3471,43.0551],[-96.3474,43.0696],[-96.3571,43.0696],[-96.3573,43.0842],[-96.3722,43.0841],[-96.3722,43.0914],[-96.382,43.0914],[-96.382,43.0988],[-96.3916,43.0989],[-96.3922,43.1134],[-96.3623,43.1133],[-96.3623,43.106],[-96.3574,43.106],[-96.3574,43.1023],[-96.3426,43.1023],[-96.3425,43.1059],[-96.3039,43.1059],[-96.3038,43.0987],[-96.284,43.0986],[-96.2847,43.1423],[-96.2649,43.1422],[-96.2649,43.1459],[-96.26,43.1458],[-96.26,43.1495],[-96.2254,43.1493],[-96.2255,43.1566],[-96.2353,43.1566],[-96.2354,43.1602],[-96.2156,43.1601],[-96.2157,43.1638],[-96.1872,43.1641],[-96.187,43.1568],[-96.1725,43.1569],[-96.1721,43.1497],[-96.162,43.1496],[-96.1618,43.1352],[-96.1271,43.1354],[-96.127,43.1282],[-96.0973,43.1281],[-96.0975,43.1354],[-96.0684,43.1353],[-96.0683,43.1317],[-96.0584,43.1317],[-96.0582,43.1209]]]}},{"type":"Feature","properties":{"leaid":"1913440","name":"Hamburg Community School District","kind":"Unified","gradeLow":"PK","gradeHigh":"12","state":"IA"},"geometry":{"type":"Polygon","coordinates":[[[-95.4875,40.6716],[-95.4882,40.6203],[-95.4788,40.6205],[-95.4787,40.6095],[-95.4692,40.6095],[-95.4692,40.5949],[-95.4597,40.5948],[-95.4597,40.6093],[-95.4502,40.6091],[-95.4502,40.591],[-95.455,40.591],[-95.4551,40.5814],[-95.7656,40.5852],[-95.7531,40.5928],[-95.7503,40.5963],[-95.7486,40.6034],[-95.7513,40.6091],[-95.7644,40.6171],[-95.7689,40.6213],[-95.7713,40.6394],[-95.7763,40.6475],[-95.7866,40.6573],[-95.7955,40.6624],[-95.8043,40.6649],[-95.82,40.6665],[-95.8308,40.6706],[-95.8164,40.6866],[-95.8107,40.6888],[-95.8101,40.6967],[-95.7915,40.6965],[-95.791,40.7039],[-95.7042,40.7022],[-95.7047,40.6914],[-95.7192,40.6916],[-95.7207,40.6774],[-95.7105,40.6772],[-95.7101,40.6806],[-95.7145,40.6807],[-95.7142,40.6879],[-95.6956,40.6874],[-95.6958,40.684],[-95.7005,40.6841],[-95.7008,40.6772],[-95.7055,40.6772],[-95.707,40.6736],[-95.6773,40.6734],[-95.6767,40.6828],[-95.6644,40.6877],[-95.5822,40.687],[-95.5828,40.6725],[-95.4875,40.6716]]]}},{"type":"Feature","properties":{"leaid":"1912120","name":"Fremont-Mills Community School District","kind":"Unified","gradeLow":"PK","gradeHigh":"12","state":"IA"},"geometry":{"type":"Polygon","coordinates":[[[-95.4799,40.9016],[-95.4797,40.8149],[-95.5755,40.815],[-95.5756,40.8296],[-95.597,40.8298],[-95.6039,40.8298],[-95.6039,40.8261],[-95.6139,40.8258],[-95.6138,40.8233],[-95.6282,40.8223],[-95.6282,40.8188],[-95.6329,40.8187],[-95.6329,40.815],[-95.7278,40.8148],[-95.7283,40.7725],[-95.7413,40.7735],[-95.7413,40.7775],[-95.7662,40.7772],[-95.7663,40.7881],[-95.8084,40.7873],[-95.8085,40.815],[-95.8449,40.8146],[-95.8386,40.8262],[-95.8371,40.8343],[-95.8413,40.8456],[-95.8471,40.8542],[-95.8486,40.8597],[-95.8478,40.8643],[-95.8441,40.8692],[-95.8408,40.8712],[-95.825,40.875],[-95.8159,40.8798],[-95.8107,40.8867],[-95.8094,40.8933],[-95.8143,40.9029],[-95.8307,40.915],[-95.8364,40.9216],[-95.8401,40.9355],[-95.8394,40.9441],[-95.804,40.9451],[-95.8041,40.9343],[-95.7995,40.9343],[-95.7991,40.9307],[-95.7896,40.9306],[-95.7897,40.9124],[-95.7754,40.9124],[-95.7754,40.9052],[-95.7706,40.9052],[-95.7706,40.9016],[-95.7469,40.9017],[-95.747,40.916],[-95.7517,40.916],[-95.7518,40.9197],[-95.7473,40.9196],[-95.747,40.9233],[-95.7377,40.9234],[-95.7376,40.9178],[-95.7328,40.9179],[-95.7327,40.9196],[-95.7279,40.9197],[-95.7276,40.9664],[-95.7142,40.9664],[-95.7141,40.9593],[-95.7186,40.9591],[-95.7189,40.9448],[-95.7,40.9448],[-95.6997,40.9519],[-95.7093,40.952],[-95.7094,40.9664],[-95.6901,40.9666],[-95.6904,40.9738],[-95.6806,40.9742],[-95.6805,40.9872],[-95.6519,40.9873],[-95.6522,40.9702],[-95.6616,40.9701],[-95.6617,40.9631],[-95.6523,40.9629],[-95.6523,40.9593],[-95.6332,40.9595],[-95.6333,40.945],[-95.6287,40.945],[-95.6285,40.9378],[-95.619,40.9378],[-95.6189,40.9342],[-95.6237,40.9341],[-95.6237,40.9305],[-95.6189,40.9299],[-95.6189,40.9269],[-95.6237,40.9269],[-95.6236,40.916],[-95.6142,40.9161],[-95.6143,40.9016],[-95.5757,40.9016],[-95.5755,40.9089],[-95.5612,40.909],[-95.5612,40.9161],[-95.5566,40.9161],[-95.5564,40.9016],[-95.5373,40.9017],[-95.5374,40.9065],[-95.5357,40.9065],[-95.5231,40.9065],[-95.523,40.9017],[-95.4799,40.9016]]]}},{"type":"Feature","properties":{"leaid":"1920040","name":"Mount Vernon Community School District","kind":"Unified","gradeLow":"PK","gradeHigh":"12","state":"IA"},"geometry":{"type":"Polygon","coordinates":[[[-91.4192,41.9884],[-91.4188,41.9799],[-91.4143,41.98],[-91.4142,41.9907],[-91.4093,41.9908],[-91.4091,42.0053],[-91.4116,42.0052],[-91.4117,42.0125],[-91.4043,42.0126],[-91.4042,42.0198],[-91.3994,42.0198],[-91.3994,42.0162],[-91.3945,42.0163],[-91.3944,42.0199],[-91.3896,42.02],[-91.3897,42.0127],[-91.3853,42.0127],[-91.3848,42.0168],[-91.3843,42.0128],[-91.3799,42.0128],[-91.3798,42.0164],[-91.3749,42.0164],[-91.3749,42.0128],[-91.3669,42.0128],[-91.3694,42.0091],[-91.3652,42.0084],[-91.3652,42.0056],[-91.3178,42.0061],[-91.3178,41.9914],[-91.3045,41.9914],[-91.3003,41.9843],[-91.298,41.9834],[-91.2981,41.9766],[-91.3029,41.9766],[-91.3029,41.973],[-91.3128,41.9729],[-91.3127,41.9693],[-91.3078,41.9693],[-91.3078,41.9656],[-91.3176,41.9656],[-91.3177,41.9727],[-91.3275,41.9728],[-91.3276,41.9766],[-91.3372,41.9766],[-91.3371,41.984],[-91.3465,41.9841],[-91.347,41.9767],[-91.4046,41.9763],[-91.4051,41.9105],[-91.4002,41.9106],[-91.4002,41.9067],[-91.3955,41.9067],[-91.3954,41.8962],[-91.3907,41.8963],[-91.3904,41.8817],[-91.4148,41.8815],[-91.4151,41.8886],[-91.4245,41.8885],[-91.4243,41.868],[-91.4131,41.861],[-91.4126,41.8597],[-91.4245,41.8596],[-91.4246,41.8565],[-91.4435,41.8564],[-91.4441,41.8596],[-91.5252,41.8601],[-91.5252,41.8747],[-91.5349,41.8747],[-91.535,41.8767],[-91.5494,41.8768],[-91.5494,41.8712],[-91.5593,41.8713],[-91.5595,41.9186],[-91.5498,41.9185],[-91.5498,41.9225],[-91.5525,41.9315],[-91.5612,41.9356],[-91.5628,41.9472],[-91.5657,41.9538],[-91.5638,41.9552],[-91.5601,41.9544],[-91.5601,41.9578],[-91.5455,41.9579],[-91.5456,41.947],[-91.526,41.9469],[-91.526,41.9578],[-91.5309,41.9584],[-91.5305,41.9905],[-91.4678,41.9908],[-91.4678,41.9944],[-91.4631,41.9945],[-91.4631,41.9908],[-91.4534,41.9909],[-91.4534,41.9872],[-91.4216,41.9871],[-91.4192,41.9884]],[[-91.4191,41.9817],[-91.4228,41.9817],[-91.4234,41.9799],[-91.4191,41.9794],[-91.4191,41.9817]]]}},{"type":"Feature","properties":{"leaid":"1920820","name":"North Linn Community School District","kind":"Unified","gradeLow":"PK","gradeHigh":"12","state":"IA"},"geometry":{"type":"Polygon","coordinates":[[[-91.4075,42.2963],[-91.3979,42.2964],[-91.398,42.2822],[-91.3882,42.2822],[-91.3882,42.2786],[-91.3832,42.2785],[-91.3832,42.2749],[-91.3783,42.2748],[-91.3782,42.2712],[-91.3734,42.2711],[-91.3735,42.2602],[-91.3787,42.2602],[-91.3786,42.253],[-91.4424,42.253],[-91.4423,42.2493],[-91.5145,42.2494],[-91.514,42.2421],[-91.5244,42.242],[-91.5243,42.2383],[-91.5288,42.2383],[-91.527,42.2348],[-91.5389,42.235],[-91.5388,42.2385],[-91.5342,42.2385],[-91.5342,42.2421],[-91.5391,42.2421],[-91.5389,42.2458],[-91.5342,42.2465],[-91.5391,42.2518],[-91.5391,42.2492],[-91.5488,42.2494],[-91.5488,42.2453],[-91.5688,42.2455],[-91.5673,42.2466],[-91.5675,42.2489],[-91.5723,42.2527],[-91.5747,42.2519],[-91.5779,42.2466],[-91.5806,42.2448],[-91.587,42.2452],[-91.5885,42.2478],[-91.5938,42.2503],[-91.6022,42.2492],[-91.6022,42.2479],[-91.6051,42.2474],[-91.6084,42.2445],[-91.6106,42.2463],[-91.6107,42.2495],[-91.6142,42.2517],[-91.6145,42.2551],[-91.6244,42.2583],[-91.6224,42.264],[-91.6202,42.2658],[-91.6201,42.2682],[-91.6239,42.27],[-91.6272,42.2692],[-91.6273,42.2677],[-91.637,42.2679],[-91.6369,42.2535],[-91.6469,42.2535],[-91.6467,42.2098],[-91.676,42.2101],[-91.6761,42.2174],[-91.7152,42.2178],[-91.715,42.2432],[-91.8321,42.2446],[-91.8315,42.2735],[-91.8707,42.2731],[-91.87,42.2985],[-91.8895,42.2982],[-91.8894,42.3054],[-91.8409,42.3062],[-91.8407,42.3134],[-91.831,42.3135],[-91.831,42.328],[-91.8228,42.3279],[-91.8229,42.3352],[-91.8132,42.3354],[-91.8129,42.3275],[-91.8088,42.3274],[-91.8034,42.3275],[-91.8032,42.3349],[-91.7936,42.3349],[-91.7935,42.3271],[-91.7842,42.3271],[-91.7842,42.3417],[-91.7444,42.3409],[-91.7448,42.3554],[-91.7349,42.3556],[-91.7349,42.348],[-91.733,42.3478],[-91.7148,42.3471],[-91.7148,42.3506],[-91.7106,42.3504],[-91.711,42.3487],[-91.7015,42.3488],[-91.7013,42.3547],[-91.676,42.355],[-91.6372,42.3547],[-91.6371,42.3474],[-91.6074,42.3474],[-91.6075,42.3547],[-91.5976,42.3547],[-91.5978,42.384],[-91.5793,42.384],[-91.5497,42.3837],[-91.5497,42.3765],[-91.5595,42.3766],[-91.5594,42.3728],[-91.5644,42.3728],[-91.5637,42.3218],[-91.5587,42.3218],[-91.5587,42.3203],[-91.5587,42.3182],[-91.5636,42.3181],[-91.5635,42.3146],[-91.5683,42.3146],[-91.5683,42.3109],[-91.5635,42.3109],[-91.5635,42.3036],[-91.5586,42.3036],[-91.5586,42.3145],[-91.5537,42.3145],[-91.5539,42.3219],[-91.544,42.3217],[-91.5439,42.3181],[-91.5488,42.3181],[-91.5488,42.3108],[-91.5388,42.3108],[-91.5388,42.3036],[-91.534,42.3035],[-91.5345,42.3291],[-91.5295,42.329],[-91.5295,42.3254],[-91.5197,42.3254],[-91.5198,42.3399],[-91.5099,42.3399],[-91.5101,42.3253],[-91.5148,42.3251],[-91.5147,42.3217],[-91.5196,42.3218],[-91.5195,42.3181],[-91.4998,42.318],[-91.5001,42.3326],[-91.4902,42.3326],[-91.4902,42.3252],[-91.4805,42.3252],[-91.4803,42.318],[-91.476,42.318],[-91.4759,42.3108],[-91.4802,42.3108],[-91.4801,42.309],[-91.471,42.309],[-91.4712,42.3181],[-91.4613,42.3182],[-91.4612,42.3039],[-91.471,42.3035],[-91.4711,42.2962],[-91.4511,42.2962],[-91.4512,42.2998],[-91.4466,42.2999],[-91.4466,42.3035],[-91.4417,42.3035],[-91.4417,42.3072],[-91.4561,42.3071],[-91.4564,42.3108],[-91.4416,42.3108],[-91.4417,42.3144],[-91.4319,42.3144],[-91.4319,42.3182],[-91.4221,42.3183],[-91.4221,42.3108],[-91.4172,42.3108],[-91.4172,42.3073],[-91.4075,42.3073],[-91.4075,42.2963]]]}},{"type":"Feature","properties":{"leaid":"1906780","name":"Central City Community School District","kind":"Unified","gradeLow":"PK","gradeHigh":"12","state":"IA"},"geometry":{"type":"Polygon","coordinates":[[[-91.3638,42.2237],[-91.364,42.202],[-91.3739,42.202],[-91.3739,42.1948],[-91.3837,42.1948],[-91.3839,42.1802],[-91.3841,42.1657],[-91.3644,42.1656],[-91.3646,42.1515],[-91.4245,42.1512],[-91.4207,42.1474],[-91.4624,42.1478],[-91.4623,42.1512],[-91.4813,42.1512],[-91.4815,42.133],[-91.4965,42.1332],[-91.4964,42.1369],[-91.5192,42.1377],[-91.5212,42.1373],[-91.5211,42.1336],[-91.555,42.1341],[-91.5547,42.1633],[-91.5593,42.1632],[-91.5593,42.1743],[-91.579,42.1746],[-91.5789,42.1819],[-91.5886,42.1821],[-91.5886,42.2094],[-91.6024,42.2095],[-91.6024,42.2166],[-91.6072,42.2166],[-91.6074,42.2203],[-91.5975,42.2202],[-91.5972,42.2491],[-91.5948,42.2502],[-91.5893,42.2484],[-91.587,42.2452],[-91.5806,42.2448],[-91.5779,42.2466],[-91.5747,42.2519],[-91.5723,42.2527],[-91.5675,42.2489],[-91.5673,42.2466],[-91.5688,42.2455],[-91.5488,42.2453],[-91.5488,42.2494],[-91.5391,42.2492],[-91.5391,42.2518],[-91.5342,42.2465],[-91.5389,42.2458],[-91.5391,42.2421],[-91.5342,42.2421],[-91.5342,42.2385],[-91.5388,42.2385],[-91.5389,42.235],[-91.527,42.2348],[-91.5288,42.2383],[-91.5243,42.2383],[-91.5244,42.242],[-91.514,42.2421],[-91.5145,42.2494],[-91.4423,42.2493],[-91.4424,42.253],[-91.4031,42.253],[-91.4029,42.231],[-91.3834,42.231],[-91.3835,42.2238],[-91.3638,42.2237]]]}},{"type":"Feature","properties":{"leaid":"1926280","name":"Sigourney Community School District","kind":"Unified","gradeLow":"PK","gradeHigh":"12","state":"IA"},"geometry":{"type":"Polygon","coordinates":[[[-92.0837,41.3954],[-92.0837,41.3808],[-92.0644,41.3806],[-92.064,41.3051],[-92.0737,41.3049],[-92.0737,41.298],[-92.0689,41.2979],[-92.0688,41.2943],[-92.064,41.2942],[-92.0639,41.287],[-92.0835,41.2872],[-92.0831,41.2795],[-92.0861,41.2792],[-92.0887,41.2767],[-92.0896,41.2774],[-92.0887,41.2798],[-92.0955,41.2782],[-92.1004,41.2788],[-92.1014,41.2819],[-92.0996,41.2835],[-92.1036,41.2839],[-92.1064,41.2828],[-92.106,41.2854],[-92.1091,41.2851],[-92.1114,41.2874],[-92.1119,41.2654],[-92.1071,41.2654],[-92.1071,41.2616],[-92.1023,41.2616],[-92.1022,41.258],[-92.1141,41.258],[-92.1144,41.2617],[-92.1168,41.2617],[-92.1167,41.258],[-92.1262,41.258],[-92.126,41.2507],[-92.15,41.2507],[-92.1498,41.244],[-92.1523,41.2422],[-92.1536,41.2429],[-92.1532,41.2449],[-92.1543,41.2461],[-92.1562,41.244],[-92.1587,41.2436],[-92.1596,41.2444],[-92.1578,41.2455],[-92.1582,41.2478],[-92.1619,41.2447],[-92.1609,41.2481],[-92.1647,41.2476],[-92.1709,41.2459],[-92.1724,41.2435],[-92.1752,41.2432],[-92.1781,41.2404],[-92.1834,41.2393],[-92.1903,41.2342],[-92.1927,41.2353],[-92.194,41.2333],[-92.1956,41.2332],[-92.1974,41.2345],[-92.1967,41.2363],[-92.1988,41.2368],[-92.1995,41.2342],[-92.2022,41.2356],[-92.2038,41.235],[-92.2031,41.2318],[-92.2041,41.231],[-92.2067,41.2317],[-92.2064,41.2338],[-92.2074,41.2341],[-92.2088,41.233],[-92.2079,41.2314],[-92.2087,41.2301],[-92.2109,41.233],[-92.2111,41.2358],[-92.2253,41.2341],[-92.2331,41.2375],[-92.235,41.2393],[-92.234,41.2416],[-92.2352,41.2427],[-92.2383,41.2428],[-92.2381,41.2413],[-92.2395,41.2403],[-92.244,41.2409],[-92.2428,41.2437],[-92.246,41.2478],[-92.2496,41.245],[-92.253,41.2473],[-92.2619,41.2468],[-92.2613,41.2444],[-92.2574,41.242],[-92.2578,41.2408],[-92.2637,41.2393],[-92.2683,41.2401],[-92.2712,41.2387],[-92.2727,41.24],[-92.2742,41.2383],[-92.2762,41.2387],[-92.2785,41.2371],[-92.281,41.2388],[-92.2874,41.2326],[-92.2926,41.2362],[-92.2995,41.234],[-92.3007,41.2351],[-92.2986,41.2391],[-92.3045,41.2385],[-92.3043,41.2408],[-92.3057,41.2423],[-92.3052,41.2434],[-92.3013,41.2435],[-92.301,41.2448],[-92.3032,41.2449],[-92.3039,41.2462],[-92.3067,41.2458],[-92.3112,41.2483],[-92.3133,41.2476],[-92.3119,41.2455],[-92.315,41.2454],[-92.3177,41.2484],[-92.3158,41.2499],[-92.3199,41.2558],[-92.3187,41.2577],[-92.3233,41.2593],[-92.3212,41.2618],[-92.3249,41.2648],[-92.3421,41.2646],[-92.3528,41.2623],[-92.3584,41.2598],[-92.3613,41.2615],[-92.3635,41.2609],[-92.3645,41.2628],[-92.3727,41.2613],[-92.3838,41.262],[-92.3843,41.2662],[-92.3884,41.2655],[-92.3968,41.2694],[-92.3981,41.2683],[-92.3992,41.2696],[-92.4039,41.2706],[-92.4066,41.2691],[-92.4043,41.2689],[-92.4044,41.2676],[-92.4108,41.2673],[-92.4112,41.3361],[-92.3925,41.3362],[-92.3925,41.3434],[-92.3877,41.3434],[-92.3877,41.3362],[-92.3781,41.3362],[-92.3782,41.3652],[-92.3354,41.3653],[-92.3353,41.3617],[-92.3329,41.3617],[-92.3329,41.3582],[-92.3257,41.3583],[-92.3259,41.3617],[-92.3305,41.3617],[-92.3306,41.3654],[-92.326,41.3654],[-92.326,41.3727],[-92.3161,41.3727],[-92.3161,41.3801],[-92.2969,41.3799],[-92.2968,41.3905],[-92.2681,41.3907],[-92.2677,41.4057],[-92.2632,41.4057],[-92.2632,41.4093],[-92.268,41.4094],[-92.268,41.4166],[-92.2632,41.4166],[-92.2632,41.4237],[-92.2007,41.4239],[-92.2004,41.4023],[-92.1813,41.4022],[-92.1813,41.3948],[-92.1427,41.3952],[-92.1416,41.3961],[-92.1416,41.4024],[-92.1377,41.4024],[-92.103,41.4025],[-92.1029,41.3953],[-92.0837,41.3954]]]}},{"type":"Feature","properties":{"leaid":"1926070","name":"Shenandoah Community School District","kind":"Unified","gradeLow":"PK","gradeHigh":"12","state":"IA"},"geometry":{"type":"Polygon","coordinates":[[[-95.4037,40.916],[-95.376,40.916],[-95.376,40.9088],[-95.3847,40.9087],[-95.385,40.9016],[-95.3846,40.8726],[-95.3754,40.8726],[-95.3754,40.8652],[-95.3706,40.8654],[-95.3706,40.8582],[-95.3754,40.8581],[-95.3755,40.8436],[-95.366,40.8437],[-95.366,40.8509],[-95.3468,40.8509],[-95.3468,40.8436],[-95.3564,40.8436],[-95.3564,40.84],[-95.3611,40.84],[-95.3612,40.8363],[-95.3659,40.8364],[-95.3658,40.8292],[-95.3802,40.8292],[-95.3802,40.8258],[-95.3756,40.8257],[-95.3755,40.8242],[-95.3755,40.8218],[-95.3802,40.8218],[-95.38,40.8146],[-95.3658,40.8147],[-95.3658,40.8182],[-95.361,40.8183],[-95.3609,40.8146],[-95.3516,40.8146],[-95.3516,40.8185],[-95.3562,40.8184],[-95.3563,40.8219],[-95.3422,40.822],[-95.3417,40.8181],[-95.3369,40.8185],[-95.3375,40.8147],[-95.3277,40.8146],[-95.3278,40.8008],[-95.2992,40.8006],[-95.2994,40.7932],[-95.285,40.7932],[-95.2851,40.786],[-95.2803,40.7859],[-95.2803,40.7928],[-95.2825,40.7931],[-95.2824,40.8004],[-95.2636,40.8003],[-95.2635,40.7931],[-95.2469,40.7931],[-95.2467,40.786],[-95.2516,40.7859],[-95.2515,40.7824],[-95.2325,40.7825],[-95.2324,40.786],[-95.223,40.786],[-95.2229,40.7933],[-95.2136,40.7932],[-95.2135,40.786],[-95.1849,40.7858],[-95.1851,40.7714],[-95.1945,40.7713],[-95.1945,40.7569],[-95.1994,40.7562],[-95.1994,40.746],[-95.1957,40.746],[-95.1957,40.7424],[-95.1945,40.7424],[-95.1945,40.7355],[-95.1968,40.7352],[-95.1973,40.728],[-95.1904,40.728],[-95.1906,40.7229],[-95.2096,40.723],[-95.2097,40.712],[-95.2382,40.7123],[-95.239,40.6905],[-95.2577,40.6908],[-95.2571,40.7051],[-95.2666,40.7053],[-95.2665,40.7088],[-95.2569,40.7089],[-95.2568,40.7126],[-95.2759,40.7127],[-95.276,40.7093],[-95.2856,40.7091],[-95.2862,40.6911],[-95.3054,40.6912],[-95.3058,40.6805],[-95.2961,40.6801],[-95.2971,40.6693],[-95.3063,40.6694],[-95.307,40.6549],[-95.2974,40.6549],[-95.2973,40.6472],[-95.283,40.6472],[-95.2831,40.64],[-95.2782,40.64],[-95.2782,40.6325],[-95.2688,40.6325],[-95.2687,40.6255],[-95.2734,40.6255],[-95.2734,40.6179],[-95.2593,40.6183],[-95.2591,40.59],[-95.2647,40.5903],[-95.2644,40.5891],[-95.2693,40.5891],[-95.2689,40.5852],[-95.264,40.5852],[-95.264,40.5818],[-95.259,40.5818],[-95.259,40.5791],[-95.4551,40.5814],[-95.455,40.591],[-95.4502,40.591],[-95.4502,40.6091],[-95.4597,40.6093],[-95.4597,40.5948],[-95.4692,40.5949],[-95.4692,40.6095],[-95.4787,40.6095],[-95.4788,40.6205],[-95.4882,40.6203],[-95.4882,40.6572],[-95.4847,40.7287],[-95.48,40.7287],[-95.4791,40.7916],[-95.4799,40.9016],[-95.4609,40.9015],[-95.4609,40.9161],[-95.4418,40.916],[-95.4418,40.9305],[-95.4133,40.9304],[-95.4134,40.9377],[-95.4038,40.9377],[-95.4037,40.916]]]}},{"type":"Feature","properties":{"leaid":"1926670","name":"South Page Community School District","kind":"Unified","gradeLow":"PK","gradeHigh":"12","state":"IA"},"geometry":{"type":"Polygon","coordinates":[[[-95.1906,40.7229],[-95.1906,40.7156],[-95.1858,40.7155],[-95.1859,40.7118],[-95.1812,40.7118],[-95.1815,40.7009],[-95.1864,40.7009],[-95.1862,40.6973],[-95.1909,40.6974],[-95.1912,40.6937],[-95.1865,40.6937],[-95.1866,40.6901],[-95.1442,40.6897],[-95.1433,40.7043],[-95.1336,40.7041],[-95.1333,40.7111],[-95.1144,40.711],[-95.1144,40.7038],[-95.1002,40.7037],[-95.1004,40.6999],[-95.0956,40.7],[-95.0961,40.6964],[-95.1052,40.6965],[-95.1054,40.6929],[-95.096,40.6927],[-95.0961,40.6819],[-95.1058,40.682],[-95.1059,40.6784],[-95.1012,40.6783],[-95.1013,40.6747],[-95.0584,40.6741],[-95.0581,40.685],[-95.0235,40.6845],[-95.0236,40.6809],[-95.0296,40.681],[-95.0299,40.6709],[-95.0279,40.6733],[-95.0254,40.6734],[-95.0254,40.6703],[-95.0286,40.6704],[-95.0282,40.6685],[-95.0267,40.6668],[-95.0218,40.6664],[-95.0218,40.6631],[-95.027,40.663],[-95.0272,40.6594],[-95.0303,40.6594],[-95.0304,40.652],[-95.0244,40.6518],[-95.0245,40.641],[-95.0196,40.6409],[-95.0196,40.6372],[-95.0052,40.6377],[-95.0052,40.6516],[-94.9147,40.6497],[-94.9147,40.6316],[-94.9242,40.6318],[-94.9243,40.6263],[-94.9195,40.6261],[-94.9195,40.628],[-94.9148,40.6278],[-94.9149,40.5751],[-95.259,40.5791],[-95.259,40.5818],[-95.264,40.5818],[-95.264,40.5852],[-95.2689,40.5852],[-95.2693,40.5891],[-95.2644,40.5891],[-95.2647,40.5903],[-95.2591,40.59],[-95.2593,40.6183],[-95.2734,40.6179],[-95.2734,40.6255],[-95.2687,40.6255],[-95.2688,40.6325],[-95.2782,40.6325],[-95.2782,40.64],[-95.2831,40.64],[-95.283,40.6472],[-95.2973,40.6472],[-95.2974,40.6549],[-95.307,40.6549],[-95.3063,40.6694],[-95.2971,40.6693],[-95.2961,40.6801],[-95.3058,40.6805],[-95.3054,40.6912],[-95.2862,40.6911],[-95.2856,40.7091],[-95.276,40.7093],[-95.2759,40.7127],[-95.2568,40.7126],[-95.2569,40.7089],[-95.2665,40.7088],[-95.2666,40.7053],[-95.2571,40.7051],[-95.2577,40.6908],[-95.239,40.6905],[-95.2382,40.7123],[-95.2097,40.712],[-95.2096,40.723],[-95.1906,40.7229]]]}},{"type":"Feature","properties":{"leaid":"1929280","name":"Villisca Community School District","kind":"Unified","gradeLow":"PK","gradeHigh":"12","state":"IA"},"geometry":{"type":"Polygon","coordinates":[[[-94.8289,40.8424],[-94.8479,40.8424],[-94.8479,40.8386],[-94.8527,40.8386],[-94.8622,40.8388],[-94.8622,40.8425],[-94.8718,40.8426],[-94.8717,40.8355],[-94.8813,40.8354],[-94.8816,40.8426],[-94.8941,40.8426],[-94.8941,40.8417],[-94.9289,40.8429],[-94.9287,40.8354],[-94.9381,40.8354],[-94.9381,40.8282],[-94.9521,40.8282],[-94.9521,40.8318],[-94.9573,40.8319],[-94.9573,40.8282],[-94.9712,40.8283],[-94.9715,40.832],[-94.9763,40.832],[-94.9762,40.8356],[-94.9715,40.8355],[-94.9714,40.8428],[-94.9666,40.8427],[-94.9667,40.8499],[-94.9858,40.85],[-94.9858,40.8464],[-94.9907,40.8464],[-94.9905,40.8536],[-94.9858,40.8535],[-94.9858,40.8573],[-94.9953,40.8574],[-94.9952,40.8646],[-94.9998,40.8644],[-95.0001,40.8718],[-95.0615,40.8718],[-95.0613,40.9009],[-95.0803,40.9009],[-95.0803,40.9046],[-95.0756,40.9045],[-95.0755,40.9082],[-95.0708,40.9082],[-95.0709,40.9153],[-95.0752,40.9154],[-95.0752,40.919],[-95.0801,40.9191],[-95.0799,40.9227],[-95.0704,40.9226],[-95.0705,40.9299],[-95.0654,40.9299],[-95.0655,40.9334],[-95.0701,40.9335],[-95.07,40.9407],[-95.0796,40.9408],[-95.0795,40.9444],[-95.0608,40.9443],[-95.0604,40.9587],[-95.0512,40.9587],[-95.0513,40.9551],[-95.042,40.955],[-95.0421,40.984],[-95.0468,40.9839],[-95.0469,40.9823],[-95.0516,40.9823],[-95.0519,40.987],[-95.038,40.987],[-95.038,40.9825],[-95.0328,40.9826],[-95.0329,40.9869],[-95.0188,40.9869],[-95.0187,40.9941],[-95.0234,40.9943],[-95.0235,40.9904],[-95.033,40.9905],[-95.0329,40.9978],[-95.0421,40.9979],[-95.0421,41.0015],[-95.0378,41.0015],[-95.0374,41.0044],[-95.0375,41.0303],[-95.0327,41.0303],[-95.0327,41.0231],[-95.023,41.0231],[-95.0232,41.0447],[-95.0327,41.0449],[-95.0325,41.0593],[-95.0182,41.0591],[-95.0185,41.0664],[-95.0232,41.0663],[-95.0226,41.0727],[-95.004,41.0726],[-95.004,41.0797],[-95.0278,41.0798],[-95.0276,41.0942],[-95.0419,41.0943],[-95.0418,41.1015],[-95.023,41.1014],[-95.0229,41.1122],[-95.0157,41.1122],[-95.0158,41.1157],[-95.0121,41.1085],[-95.0038,41.1086],[-95.0037,41.1158],[-94.9755,41.1158],[-94.9753,41.1302],[-94.9658,41.1301],[-94.9657,41.1373],[-94.9561,41.1373],[-94.9562,41.1295],[-94.9467,41.1295],[-94.9467,41.1446],[-94.9179,41.1442],[-94.9177,41.1372],[-94.9205,41.1371],[-94.9196,41.1295],[-94.8912,41.1302],[-94.8912,41.123],[-94.9104,41.1232],[-94.9104,41.1159],[-94.9199,41.1158],[-94.92,41.1013],[-94.9276,41.1015],[-94.9277,41.066],[-94.9101,41.0672],[-94.9102,41.0599],[-94.915,41.0597],[-94.9151,41.0523],[-94.9186,41.0521],[-94.9186,41.0503],[-94.9151,41.0504],[-94.9151,41.0413],[-94.92,41.0411],[-94.92,41.0339],[-94.901,41.0342],[-94.9008,41.0305],[-94.9057,41.0305],[-94.9056,41.0269],[-94.9009,41.0268],[-94.901,41.0196],[-94.9104,41.0195],[-94.9104,41.0159],[-94.9248,41.0162],[-94.9248,41.018],[-94.9176,41.0188],[-94.9176,41.0231],[-94.9104,41.0233],[-94.9104,41.0306],[-94.9278,41.03],[-94.9279,41.0085],[-94.9105,41.0125],[-94.9105,41.0013],[-94.8964,41.0011],[-94.8962,40.9866],[-94.8819,40.9865],[-94.8818,40.9804],[-94.8769,40.9804],[-94.8769,40.9695],[-94.8818,40.9695],[-94.8817,40.9515],[-94.8723,40.9515],[-94.8723,40.9586],[-94.8674,40.9586],[-94.8676,40.9479],[-94.8579,40.9478],[-94.8579,40.9441],[-94.8531,40.9441],[-94.853,40.9405],[-94.8506,40.9405],[-94.8506,40.9368],[-94.853,40.9368],[-94.8529,40.9296],[-94.8625,40.9297],[-94.8625,40.9224],[-94.8577,40.9224],[-94.8577,40.9187],[-94.8527,40.9187],[-94.853,40.9078],[-94.8577,40.9082],[-94.8577,40.9006],[-94.853,40.9006],[-94.8531,40.8931],[-94.8435,40.8931],[-94.8436,40.8859],[-94.8388,40.8859],[-94.8387,40.8786],[-94.8291,40.8786],[-94.8291,40.8748],[-94.8434,40.8749],[-94.8433,40.8714],[-94.8291,40.8714],[-94.829,40.8678],[-94.8243,40.8677],[-94.8242,40.8641],[-94.829,40.8641],[-94.829,40.8604],[-94.8289,40.8569],[-94.8242,40.8569],[-94.8242,40.846],[-94.8289,40.846],[-94.8289,40.8424]]]}},{"type":"Feature","properties":{"leaid":"1924660","name":"Rock Valley Community School District","kind":"Unified","gradeLow":"PK","gradeHigh":"12","state":"IA"},"geometry":{"type":"Polygon","coordinates":[[[-96.2165,43.2575],[-96.2163,43.2367],[-96.2073,43.237],[-96.2072,43.2317],[-96.2073,43.1929],[-96.2158,43.1926],[-96.2157,43.1712],[-96.2355,43.1711],[-96.2353,43.1566],[-96.2255,43.1566],[-96.2254,43.1493],[-96.26,43.1495],[-96.26,43.1458],[-96.2649,43.1459],[-96.2649,43.1422],[-96.2847,43.1423],[-96.284,43.0986],[-96.3038,43.0987],[-96.3039,43.1059],[-96.3425,43.1059],[-96.3426,43.1023],[-96.3574,43.1023],[-96.3574,43.106],[-96.3623,43.106],[-96.3623,43.1133],[-96.3922,43.1134],[-96.3927,43.1279],[-96.4027,43.1278],[-96.4024,43.1351],[-96.4124,43.1349],[-96.4124,43.1495],[-96.4061,43.1496],[-96.4071,43.1568],[-96.4223,43.1567],[-96.4224,43.1531],[-96.4273,43.1531],[-96.4274,43.1567],[-96.4422,43.1564],[-96.4421,43.1636],[-96.4675,43.1636],[-96.4669,43.1681],[-96.4691,43.1697],[-96.4656,43.1713],[-96.4654,43.173],[-96.4669,43.1742],[-96.4655,43.1761],[-96.4664,43.1777],[-96.4649,43.182],[-96.4673,43.1848],[-96.4688,43.1844],[-96.4704,43.1862],[-96.4725,43.1856],[-96.4724,43.1876],[-96.474,43.1896],[-96.4721,43.1963],[-96.475,43.2026],[-96.4708,43.2051],[-96.4707,43.2073],[-96.4765,43.213],[-96.475,43.2174],[-96.4767,43.2219],[-96.4857,43.2242],[-96.4966,43.2237],[-96.5012,43.2206],[-96.5053,43.2218],[-96.5086,43.2211],[-96.5081,43.2181],[-96.5091,43.2172],[-96.5133,43.2188],[-96.5207,43.218],[-96.5217,43.2206],[-96.5265,43.2241],[-96.5359,43.2276],[-96.5402,43.2256],[-96.5553,43.2267],[-96.5592,43.2229],[-96.5653,43.2304],[-96.5683,43.2313],[-96.5695,43.2339],[-96.569,43.2372],[-96.5715,43.2386],[-96.5652,43.2445],[-96.5611,43.2438],[-96.5531,43.2475],[-96.5492,43.2468],[-96.5527,43.252],[-96.5519,43.2532],[-96.5527,43.2581],[-96.555,43.2602],[-96.5293,43.2597],[-96.5298,43.2437],[-96.5068,43.2433],[-96.5066,43.2423],[-96.5095,43.2425],[-96.5103,43.2363],[-96.4906,43.236],[-96.4901,43.2505],[-96.4802,43.2503],[-96.4803,43.2433],[-96.4707,43.2431],[-96.4701,43.259],[-96.4505,43.2588],[-96.4512,43.2356],[-96.4429,43.2356],[-96.4427,43.2501],[-96.3736,43.2506],[-96.3731,43.2726],[-96.3335,43.2724],[-96.3338,43.265],[-96.3155,43.2649],[-96.3155,43.2795],[-96.2957,43.2794],[-96.2957,43.2867],[-96.2758,43.2864],[-96.2758,43.272],[-96.2659,43.272],[-96.2658,43.2574],[-96.2165,43.2575]]]}},{"type":"Feature","properties":{"leaid":"1907900","name":"Collins-Maxwell Community School District","kind":"Unified","gradeLow":"PK","gradeHigh":"12","state":"IA"},"geometry":{"type":"Polygon","coordinates":[[[-93.2366,41.95],[-93.2414,41.95],[-93.2414,41.9278],[-93.2318,41.9277],[-93.2318,41.9169],[-93.2226,41.9169],[-93.2225,41.9061],[-93.2177,41.9062],[-93.2177,41.8664],[-93.2318,41.8664],[-93.2319,41.8627],[-93.251,41.8627],[-93.251,41.8506],[-93.253,41.8491],[-93.2655,41.8489],[-93.2655,41.8419],[-93.2705,41.8419],[-93.2708,41.8256],[-93.2755,41.8256],[-93.2756,41.8238],[-93.2901,41.8238],[-93.2901,41.8202],[-93.3095,41.8202],[-93.3094,41.8347],[-93.3722,41.8347],[-93.3722,41.8385],[-93.382,41.8387],[-93.382,41.8348],[-93.4255,41.8346],[-93.4253,41.8056],[-93.4639,41.8057],[-93.4639,41.7985],[-93.4736,41.7984],[-93.4735,41.8128],[-93.4833,41.8129],[-93.4833,41.8202],[-93.486,41.8203],[-93.4915,41.8269],[-93.4834,41.8274],[-93.483,41.8631],[-93.4927,41.8631],[-93.4924,41.8921],[-93.4827,41.892],[-93.4829,41.921],[-93.4634,41.9211],[-93.4633,41.9504],[-93.3093,41.95],[-93.3094,41.9573],[-93.3191,41.9573],[-93.319,41.9623],[-93.3094,41.9622],[-93.3094,41.9645],[-93.3032,41.9645],[-93.2804,41.9645],[-93.2802,41.95],[-93.2706,41.95],[-93.2706,41.9645],[-93.2657,41.9645],[-93.2657,41.9572],[-93.2414,41.9571],[-93.2414,41.9536],[-93.2367,41.9536],[-93.2366,41.95]]]}},{"type":"Feature","properties":{"leaid":"1907920","name":"Colo-NESCO Community School District","kind":"Unified","gradeLow":"PK","gradeHigh":"12","state":"IA"},"geometry":{"type":"Polygon","coordinates":[[[-93.2461,42.209],[-93.2153,42.2088],[-93.2151,42.2018],[-93.1956,42.2016],[-93.1956,42.2034],[-93.1908,42.2034],[-93.1906,42.198],[-93.1939,42.1981],[-93.1937,42.1944],[-93.1857,42.1945],[-93.1855,42.1747],[-93.1952,42.1747],[-93.1949,42.1512],[-93.2046,42.1512],[-93.2045,42.1441],[-93.2142,42.144],[-93.2143,42.1296],[-93.2242,42.1297],[-93.2243,42.1224],[-93.2315,42.1224],[-93.2317,42.0342],[-93.2511,42.0343],[-93.2512,42.0077],[-93.244,42.0077],[-93.244,42.0151],[-93.2366,42.015],[-93.2366,42.0077],[-93.2415,42.0077],[-93.2415,41.9789],[-93.2366,41.9789],[-93.2366,41.9753],[-93.2318,41.9753],[-93.2318,41.9716],[-93.2367,41.9717],[-93.2366,41.9644],[-93.2318,41.9644],[-93.2317,41.95],[-93.2366,41.95],[-93.2367,41.9536],[-93.2414,41.9536],[-93.2414,41.9571],[-93.2657,41.9572],[-93.2657,41.9645],[-93.2706,41.9645],[-93.2706,41.95],[-93.2802,41.95],[-93.2804,41.9645],[-93.3032,41.9645],[-93.3094,41.9645],[-93.3094,41.9622],[-93.319,41.9623],[-93.3191,41.9573],[-93.3094,41.9573],[-93.3093,41.95],[-93.3574,41.9502],[-93.3574,41.9685],[-93.3623,41.9684],[-93.3623,41.972],[-93.3574,41.9719],[-93.3573,41.9862],[-93.3626,41.9883],[-93.3671,41.9884],[-93.3671,41.9937],[-93.3622,41.9937],[-93.3622,41.9956],[-93.3635,41.9973],[-93.3685,41.9973],[-93.369,41.9985],[-93.3679,42.0009],[-93.3621,42.0008],[-93.3621,42.0045],[-93.3574,42.0045],[-93.3577,42.0343],[-93.3864,42.0343],[-93.3863,42.0925],[-93.3959,42.0925],[-93.3962,42.1071],[-93.4351,42.1072],[-93.4356,42.0999],[-93.445,42.0999],[-93.4448,42.1144],[-93.4629,42.1142],[-93.463,42.2093],[-93.4342,42.2092],[-93.4342,42.2165],[-93.4101,42.2165],[-93.4099,42.2128],[-93.4051,42.2129],[-93.4051,42.2165],[-93.3856,42.2164],[-93.3856,42.2093],[-93.3759,42.2091],[-93.3758,42.2238],[-93.3515,42.2237],[-93.3514,42.2273],[-93.3465,42.2273],[-93.3466,42.2092],[-93.3389,42.2092],[-93.3389,42.2164],[-93.3291,42.2162],[-93.3292,42.2237],[-93.3243,42.2237],[-93.3243,42.22],[-93.3096,42.22],[-93.3097,42.2236],[-93.3,42.2236],[-93.2999,42.2199],[-93.2902,42.2199],[-93.2902,42.2236],[-93.2812,42.2236],[-93.2805,42.2163],[-93.2707,42.2163],[-93.2707,42.2126],[-93.2756,42.2126],[-93.2755,42.2091],[-93.2658,42.209],[-93.2658,42.2126],[-93.2609,42.2126],[-93.2609,42.2162],[-93.2462,42.2162],[-93.2461,42.209]]]}},{"type":"Feature","properties":{"leaid":"1920910","name":"North Polk Community School District","kind":"Unified","gradeLow":"PK","gradeHigh":"12","state":"IA"},"geometry":{"type":"Polygon","coordinates":[[[-93.5809,41.8632],[-93.483,41.8631],[-93.4834,41.8274],[-93.4915,41.8269],[-93.486,41.8203],[-93.4833,41.8202],[-93.4833,41.8129],[-93.4735,41.8128],[-93.4736,41.7984],[-93.4639,41.7985],[-93.4641,41.7768],[-93.493,41.7768],[-93.4931,41.7462],[-93.5414,41.7463],[-93.5413,41.7769],[-93.6977,41.7769],[-93.6978,41.7681],[-93.6925,41.7681],[-93.6921,41.7609],[-93.696,41.7609],[-93.6956,41.7616],[-93.6976,41.7624],[-93.6978,41.7462],[-93.71,41.746],[-93.7121,41.7502],[-93.718,41.7537],[-93.7204,41.7531],[-93.7213,41.7479],[-93.7245,41.7463],[-93.7273,41.7504],[-93.7337,41.7502],[-93.7457,41.7561],[-93.7502,41.7652],[-93.7502,41.7699],[-93.7526,41.7706],[-93.7567,41.7773],[-93.764,41.78],[-93.7631,41.7798],[-93.7694,41.7857],[-93.7727,41.7873],[-93.7678,41.7911],[-93.7681,41.7927],[-93.7716,41.7949],[-93.7761,41.7956],[-93.7762,41.7985],[-93.7655,41.7987],[-93.7655,41.806],[-93.7608,41.8059],[-93.7609,41.8132],[-93.756,41.8132],[-93.7562,41.8334],[-93.761,41.8333],[-93.761,41.835],[-93.7754,41.8349],[-93.7762,41.8635],[-93.7078,41.8634],[-93.7078,41.867],[-93.7127,41.867],[-93.7126,41.8705],[-93.6954,41.8706],[-93.6882,41.8706],[-93.6881,41.8634],[-93.62,41.8632],[-93.6199,41.8566],[-93.6102,41.8566],[-93.6102,41.8529],[-93.6004,41.8529],[-93.6003,41.8493],[-93.5906,41.8495],[-93.5906,41.835],[-93.5809,41.8353],[-93.5809,41.8632]]]}},{"type":"Feature","properties":{"leaid":"1931080","name":"West Marshall Community School District","kind":"Unified","gradeLow":"PK","gradeHigh":"12","state":"IA"},"geometry":{"type":"Polygon","coordinates":[[[-93.152,42.2087],[-93.1517,42.1872],[-93.1565,42.1872],[-93.1564,42.1837],[-93.1517,42.1836],[-93.1516,42.18],[-93.1468,42.1795],[-93.1467,42.1728],[-93.1273,42.1727],[-93.1273,42.1655],[-93.1176,42.1654],[-93.1174,42.1509],[-93.05,42.1512],[-93.0496,42.1297],[-93.0398,42.1297],[-93.0397,42.1238],[-93.0397,42.1223],[-93.0495,42.1224],[-93.0495,42.1038],[-93.0396,42.1036],[-93.0396,42.0958],[-93.0298,42.0957],[-93.0297,42.0922],[-93.0592,42.0926],[-93.0593,42.0716],[-93.0445,42.0713],[-93.0446,42.0749],[-93.0397,42.0749],[-93.0398,42.0787],[-93.0198,42.0782],[-93.0196,42.0709],[-93.0102,42.0707],[-93.01,42.0634],[-93.0003,42.0633],[-93.0002,42.0562],[-93.0295,42.0565],[-93.0294,41.9825],[-93.0684,41.9828],[-93.0685,41.9754],[-93.0585,41.9753],[-93.0582,41.9641],[-93.0682,41.9644],[-93.0682,41.9607],[-93.0729,41.9609],[-93.073,41.9571],[-93.058,41.957],[-93.0582,41.8845],[-93.0387,41.8845],[-93.0386,41.8699],[-93.058,41.8698],[-93.058,41.8626],[-93.1162,41.8627],[-93.1162,41.8918],[-93.1836,41.8918],[-93.1838,41.8807],[-93.1935,41.8809],[-93.1935,41.8769],[-93.2023,41.8772],[-93.2028,41.8701],[-93.2128,41.87],[-93.2127,41.8663],[-93.2177,41.8664],[-93.2177,41.9062],[-93.2225,41.9061],[-93.2226,41.9169],[-93.2318,41.9169],[-93.2318,41.9277],[-93.2414,41.9278],[-93.2414,41.95],[-93.2317,41.95],[-93.2318,41.9644],[-93.2366,41.9644],[-93.2367,41.9717],[-93.2318,41.9716],[-93.2318,41.9753],[-93.2366,41.9753],[-93.2366,41.9789],[-93.2415,41.9789],[-93.2415,42.0077],[-93.2366,42.0077],[-93.2366,42.015],[-93.244,42.0151],[-93.244,42.0077],[-93.2512,42.0077],[-93.2511,42.0343],[-93.2317,42.0342],[-93.2315,42.1224],[-93.2243,42.1224],[-93.2242,42.1297],[-93.2143,42.1296],[-93.2142,42.144],[-93.2045,42.1441],[-93.2046,42.1512],[-93.1949,42.1512],[-93.1952,42.1747],[-93.1855,42.1745],[-93.1857,42.1941],[-93.1937,42.1944],[-93.1939,42.1981],[-93.1906,42.198],[-93.1908,42.2034],[-93.1956,42.2034],[-93.1958,42.2088],[-93.152,42.2087]],[[-93.0196,42.0709],[-93.0296,42.0711],[-93.0295,42.0674],[-93.0196,42.0672],[-93.0196,42.0709]]]}},{"type":"Feature","properties":{"leaid":"1900023","name":"Sioux Central Community School District","kind":"Unified","gradeLow":"PK","gradeHigh":"12","state":"IA"},"geometry":{"type":"Polygon","coordinates":[[[-94.9138,43.0032],[-94.9138,42.9532],[-94.9336,42.9534],[-94.9338,42.9388],[-94.9536,42.9389],[-94.9531,42.9097],[-94.9926,42.9097],[-94.9935,42.9017],[-95.0534,42.9017],[-95.0533,42.8726],[-95.073,42.8728],[-95.0727,42.8365],[-95.0629,42.8365],[-95.0628,42.7995],[-95.0531,42.7996],[-95.0531,42.7851],[-95.0727,42.7851],[-95.0727,42.7814],[-95.0825,42.7814],[-95.0824,42.7777],[-95.0923,42.7777],[-95.0923,42.7633],[-95.1119,42.7633],[-95.112,42.7561],[-95.1414,42.756],[-95.1415,42.7633],[-95.1904,42.7634],[-95.1904,42.785],[-95.2002,42.7848],[-95.2003,42.7923],[-95.2199,42.7923],[-95.2198,42.7997],[-95.2149,42.7997],[-95.2151,42.822],[-95.22,42.822],[-95.2199,42.8365],[-95.2299,42.8363],[-95.2298,42.8289],[-95.2395,42.829],[-95.2397,42.8435],[-95.2445,42.8436],[-95.2445,42.8471],[-95.2495,42.847],[-95.2495,42.8289],[-95.2448,42.8291],[-95.2446,42.822],[-95.2396,42.822],[-95.2396,42.814],[-95.2298,42.814],[-95.2298,42.8068],[-95.2441,42.8068],[-95.2446,42.8031],[-95.2495,42.803],[-95.2494,42.814],[-95.2642,42.814],[-95.2645,42.8219],[-95.2494,42.822],[-95.2494,42.8254],[-95.2594,42.8253],[-95.2595,42.8359],[-95.2698,42.8364],[-95.2697,42.829],[-95.2796,42.8291],[-95.2796,42.8365],[-95.2993,42.8365],[-95.2992,42.8439],[-95.3091,42.8438],[-95.3089,42.8473],[-95.3188,42.8473],[-95.3192,42.8365],[-95.3093,42.8364],[-95.3091,42.829],[-95.3386,42.8292],[-95.3389,42.8367],[-95.344,42.8366],[-95.3442,42.8438],[-95.3488,42.8438],[-95.3488,42.8473],[-95.3584,42.8471],[-95.3585,42.862],[-95.3634,42.8619],[-95.3632,42.8581],[-95.3683,42.8581],[-95.3683,42.8436],[-95.378,42.8436],[-95.378,42.8654],[-95.3881,42.8654],[-95.3882,42.9017],[-95.4201,42.9014],[-95.4203,42.9098],[-95.4276,42.9099],[-95.4273,42.9243],[-95.4076,42.9243],[-95.4077,42.9388],[-95.3883,42.9387],[-95.3888,42.9962],[-95.3687,42.9961],[-95.3686,42.9998],[-95.3588,42.9998],[-95.3588,42.9961],[-95.2896,42.996],[-95.2895,42.9902],[-95.2945,42.9902],[-95.2946,42.9829],[-95.2698,42.9825],[-95.2697,42.9752],[-95.2601,42.9752],[-95.2601,42.9788],[-95.2551,42.9787],[-95.2552,42.9751],[-95.2404,42.9752],[-95.2404,42.9734],[-95.2305,42.9735],[-95.2305,42.9681],[-95.1802,42.9677],[-95.1712,42.9678],[-95.1712,42.9751],[-95.1516,42.975],[-95.1515,42.9786],[-95.1472,42.979],[-95.1473,42.9754],[-95.1424,42.9758],[-95.1421,42.9687],[-95.1126,42.9693],[-95.1127,42.9831],[-95.0929,42.9838],[-95.073,42.9827],[-95.0729,42.9932],[-95.063,42.9931],[-95.0631,43.0033],[-95.068,43.0033],[-95.068,42.9996],[-95.0729,42.9997],[-95.073,43.0034],[-95.0827,43.0033],[-95.083,43.0105],[-95.0878,43.0105],[-95.0879,43.0177],[-95.0833,43.0179],[-95.0832,43.025],[-95.0537,43.025],[-95.0534,43.0177],[-95.039,43.0176],[-95.0354,43.0119],[-95.0329,43.0105],[-95.0126,43.0102],[-95.0126,43.003],[-94.9733,43.0031],[-94.9735,43.0102],[-94.9635,43.0102],[-94.9634,43.0031],[-94.9438,43.0031],[-94.9438,43.0065],[-94.9241,43.0068],[-94.924,43.0032],[-94.9138,43.0032]]]}},{"type":"Feature","properties":{"leaid":"1918540","name":"Maquoketa Valley Community School District","kind":"Unified","gradeLow":"PK","gradeHigh":"12","state":"IA"},"geometry":{"type":"Polygon","coordinates":[[[-91.2528,42.5721],[-91.2528,42.4998],[-91.2034,42.5006],[-91.2028,42.4713],[-91.1995,42.4713],[-91.1994,42.4666],[-91.2095,42.4669],[-91.2093,42.4412],[-91.2044,42.4409],[-91.2043,42.4345],[-91.2094,42.4338],[-91.2093,42.3828],[-91.1895,42.3828],[-91.1895,42.3757],[-91.1994,42.3758],[-91.1993,42.3686],[-91.2042,42.3687],[-91.2042,42.3651],[-91.1895,42.3649],[-91.1894,42.354],[-91.1699,42.354],[-91.1699,42.3395],[-91.1749,42.3396],[-91.1747,42.3322],[-91.209,42.3324],[-91.2088,42.3178],[-91.1991,42.3178],[-91.1988,42.3032],[-91.2664,42.3035],[-91.2663,42.2961],[-91.4025,42.2964],[-91.403,42.3612],[-91.4178,42.3618],[-91.4179,42.3981],[-91.413,42.3982],[-91.4127,42.4013],[-91.4128,42.4416],[-91.4028,42.4415],[-91.4025,42.4597],[-91.393,42.4596],[-91.3928,42.4697],[-91.3811,42.4698],[-91.3813,42.4771],[-91.3715,42.4772],[-91.3714,42.47],[-91.3732,42.4699],[-91.3734,42.4596],[-91.3686,42.4597],[-91.3684,42.4633],[-91.3636,42.4633],[-91.3635,42.4699],[-91.3661,42.4699],[-91.3662,42.4882],[-91.3717,42.4882],[-91.3717,42.5137],[-91.3815,42.5134],[-91.3815,42.5208],[-91.3863,42.5207],[-91.3864,42.5244],[-91.3912,42.5243],[-91.3911,42.5208],[-91.401,42.5206],[-91.401,42.5279],[-91.3815,42.5281],[-91.3817,42.5346],[-91.3832,42.5354],[-91.4009,42.5352],[-91.4011,42.5426],[-91.3912,42.543],[-91.3913,42.5464],[-91.401,42.5462],[-91.4014,42.5574],[-91.2925,42.5582],[-91.2924,42.58],[-91.2888,42.5801],[-91.2824,42.5801],[-91.2824,42.5765],[-91.2626,42.5764],[-91.2627,42.5718],[-91.2528,42.5721]]]}},{"type":"Feature","properties":{"leaid":"1910690","name":"Eldora-New Providence Community School District","kind":"Unified","gradeLow":"PK","gradeHigh":"12","state":"IA"},"geometry":{"type":"Polygon","coordinates":[[[-93.1191,42.471],[-93.1191,42.4623],[-93.1241,42.4624],[-93.1241,42.4551],[-93.134,42.4553],[-93.134,42.4498],[-93.1318,42.4481],[-93.134,42.4481],[-93.134,42.4463],[-93.1438,42.4464],[-93.1434,42.4155],[-93.1484,42.4155],[-93.1484,42.4119],[-93.1287,42.4119],[-93.1284,42.3901],[-93.1,42.3902],[-93.1,42.3938],[-93.0903,42.3939],[-93.0903,42.3975],[-93.0806,42.3974],[-93.0802,42.3752],[-93.051,42.3754],[-93.051,42.379],[-93.0461,42.3799],[-93.0461,42.379],[-93.0414,42.379],[-93.0414,42.3681],[-93.0022,42.3684],[-93.0024,42.3835],[-92.9931,42.3835],[-92.993,42.3756],[-92.9783,42.3754],[-92.9782,42.3682],[-92.9732,42.3682],[-92.9732,42.3611],[-92.983,42.3611],[-92.983,42.3539],[-92.9442,42.3539],[-92.9441,42.3468],[-92.9343,42.3468],[-92.9342,42.3324],[-92.944,42.3324],[-92.944,42.3396],[-92.9514,42.3395],[-92.9513,42.3325],[-92.9536,42.3325],[-92.9535,42.3251],[-92.9633,42.325],[-92.9632,42.3179],[-93.0167,42.3178],[-93.0167,42.3106],[-93.0312,42.3105],[-93.0313,42.3033],[-93.0507,42.3032],[-93.0507,42.296],[-93.0653,42.2959],[-93.0653,42.2939],[-93.0766,42.2924],[-93.0759,42.2885],[-93.0778,42.2847],[-93.0748,42.2837],[-93.0748,42.2813],[-93.078,42.2814],[-93.0744,42.2777],[-93.0748,42.2704],[-93.0941,42.2704],[-93.0942,42.274],[-93.1088,42.2739],[-93.1088,42.2667],[-93.1039,42.2667],[-93.1039,42.2631],[-93.099,42.2631],[-93.099,42.2559],[-93.1179,42.2558],[-93.1178,42.2449],[-93.1276,42.245],[-93.1277,42.2305],[-93.1178,42.2305],[-93.1179,42.216],[-93.1276,42.216],[-93.1276,42.2123],[-93.1228,42.2123],[-93.1228,42.2087],[-93.1958,42.2088],[-93.1956,42.2016],[-93.2151,42.2018],[-93.2153,42.2088],[-93.2317,42.2089],[-93.2318,42.264],[-93.2245,42.2632],[-93.2245,42.2669],[-93.2154,42.267],[-93.2154,42.2706],[-93.2367,42.2705],[-93.2368,42.2813],[-93.232,42.2813],[-93.2319,42.2921],[-93.2251,42.2921],[-93.2252,42.2885],[-93.2129,42.2886],[-93.2129,42.2958],[-93.2228,42.2957],[-93.2228,42.3032],[-93.2209,42.3032],[-93.2203,42.312],[-93.2251,42.312],[-93.2251,42.3138],[-93.2202,42.315],[-93.2201,42.321],[-93.225,42.321],[-93.2251,42.3318],[-93.2319,42.3318],[-93.2319,42.3354],[-93.2202,42.3354],[-93.2212,42.3382],[-93.2319,42.339],[-93.2319,42.3456],[-93.2305,42.3456],[-93.2306,42.3476],[-93.2319,42.3475],[-93.2319,42.3607],[-93.2255,42.3607],[-93.2256,42.3643],[-93.2284,42.3643],[-93.2284,42.3679],[-93.232,42.3679],[-93.2319,42.3829],[-93.2612,42.383],[-93.2611,42.3903],[-93.2514,42.3903],[-93.2514,42.4119],[-93.2166,42.4119],[-93.217,42.4336],[-93.212,42.4337],[-93.2121,42.4373],[-93.2072,42.4373],[-93.2071,42.4554],[-93.1777,42.4553],[-93.1777,42.457],[-93.1788,42.457],[-93.1779,42.471],[-93.1759,42.4701],[-93.1757,42.4665],[-93.1719,42.4644],[-93.1691,42.4593],[-93.1633,42.4576],[-93.1635,42.471],[-93.1493,42.4711],[-93.1492,42.469],[-93.1469,42.4686],[-93.1469,42.4711],[-93.1447,42.4711],[-93.1446,42.4781],[-93.1246,42.4787],[-93.1247,42.471],[-93.1191,42.471]]]}},{"type":"Feature","properties":{"leaid":"1914730","name":"Iowa Falls Community School District","kind":"Unified","gradeLow":"PK","gradeHigh":"12","state":"IA"},"geometry":{"type":"Polygon","coordinates":[[[-93.3504,42.6442],[-93.3306,42.6441],[-93.3306,42.6302],[-93.3208,42.6302],[-93.3208,42.6374],[-93.3013,42.6375],[-93.2617,42.6372],[-93.2618,42.6297],[-93.2532,42.6296],[-93.2528,42.637],[-93.2331,42.6369],[-93.2335,42.6295],[-93.1738,42.6294],[-93.1743,42.6003],[-93.1845,42.6002],[-93.1845,42.5866],[-93.1946,42.5865],[-93.1936,42.557],[-93.1544,42.5568],[-93.1545,42.5382],[-93.1447,42.5398],[-93.1446,42.5143],[-93.1334,42.5149],[-93.1339,42.522],[-93.1241,42.5224],[-93.1239,42.5081],[-93.1051,42.5075],[-93.1052,42.4711],[-93.1247,42.471],[-93.1246,42.4787],[-93.1446,42.4781],[-93.1447,42.4711],[-93.1469,42.4711],[-93.1469,42.4686],[-93.1492,42.469],[-93.1493,42.4711],[-93.1635,42.471],[-93.1633,42.4576],[-93.1691,42.4593],[-93.1719,42.4644],[-93.1757,42.4665],[-93.1759,42.4701],[-93.1779,42.471],[-93.1788,42.457],[-93.1777,42.457],[-93.1777,42.4553],[-93.2071,42.4554],[-93.2072,42.4373],[-93.2121,42.4373],[-93.212,42.4337],[-93.217,42.4336],[-93.2166,42.4119],[-93.2514,42.4119],[-93.2514,42.4192],[-93.2612,42.4192],[-93.2612,42.4083],[-93.2709,42.4082],[-93.2708,42.4118],[-93.3292,42.4121],[-93.3294,42.4049],[-93.3391,42.4049],[-93.3391,42.4014],[-93.3468,42.4014],[-93.3466,42.4704],[-93.3213,42.4707],[-93.3202,42.5214],[-93.3212,42.5574],[-93.3607,42.5575],[-93.3605,42.5719],[-93.3305,42.5719],[-93.3309,42.6086],[-93.3507,42.6088],[-93.3507,42.6161],[-93.3807,42.6157],[-93.3807,42.6302],[-93.3603,42.6301],[-93.3602,42.6371],[-93.3503,42.6372],[-93.3504,42.6442]]]}},{"type":"Feature","properties":{"leaid":"1915750","name":"Kingsley-Pierson Community School District","kind":"Unified","gradeLow":"KG","gradeHigh":"12","state":"IA"},"geometry":{"type":"MultiPolygon","coordinates":[[[[-95.8003,42.5681],[-95.8003,42.5717],[-95.8052,42.5717],[-95.8052,42.5753],[-95.8102,42.5753],[-95.8103,42.5825],[-95.7956,42.5826],[-95.7954,42.5754],[-95.7991,42.5753],[-95.7991,42.5681],[-95.8003,42.5681]]],[[[-95.8102,42.5753],[-95.8102,42.568],[-95.8003,42.5681],[-95.8003,42.5609],[-95.82,42.5608],[-95.8191,42.5477],[-95.8091,42.5476],[-95.8097,42.5549],[-95.7998,42.5548],[-95.7993,42.5403],[-95.8092,42.5404],[-95.8092,42.5331],[-95.8238,42.5332],[-95.824,42.526],[-95.8491,42.5258],[-95.8491,42.5041],[-95.8594,42.504],[-95.8594,42.4893],[-95.879,42.4895],[-95.8789,42.5041],[-95.8985,42.5039],[-95.8984,42.4969],[-95.9181,42.4967],[-95.918,42.4895],[-95.9376,42.4895],[-95.9376,42.4968],[-95.9473,42.4968],[-95.9475,42.4824],[-95.9574,42.4825],[-95.9571,42.4932],[-95.9669,42.4932],[-95.9672,42.5329],[-96.0273,42.5329],[-96.0273,42.5401],[-96.0177,42.5401],[-96.0178,42.5474],[-96.0271,42.5474],[-96.027,42.561],[-96.1548,42.5614],[-96.1549,42.5757],[-96.1646,42.5758],[-96.1647,42.5901],[-96.1551,42.5901],[-96.155,42.5829],[-96.1405,42.5829],[-96.1405,42.5865],[-96.1357,42.5865],[-96.1355,42.5757],[-96.1221,42.5757],[-96.1221,42.5829],[-96.1161,42.583],[-96.1162,42.5866],[-96.121,42.5866],[-96.1211,42.5902],[-96.1065,42.5902],[-96.1066,42.6013],[-96.1165,42.6011],[-96.1166,42.6083],[-96.1065,42.6084],[-96.1065,42.6049],[-96.0964,42.605],[-96.0962,42.6197],[-96.0759,42.619],[-96.0757,42.6335],[-96.066,42.6334],[-96.0654,42.6451],[-96.056,42.6448],[-96.0561,42.63],[-96.0466,42.6297],[-96.047,42.622],[-96.0366,42.622],[-96.0363,42.6331],[-96.0513,42.6339],[-96.0513,42.645],[-96.0459,42.645],[-96.0465,42.6371],[-96.0363,42.6367],[-96.0364,42.6488],[-96.0267,42.6488],[-96.0271,42.6522],[-96.0366,42.6522],[-96.0367,42.656],[-96.017,42.656],[-96.0168,42.6488],[-95.9779,42.6488],[-95.9781,42.6633],[-96.0025,42.6634],[-96.0026,42.656],[-96.0072,42.656],[-96.0076,42.6634],[-96.0173,42.6634],[-96.0176,42.6709],[-95.9782,42.6708],[-95.9783,42.6778],[-95.9579,42.6776],[-95.958,42.6851],[-95.9176,42.685],[-95.9177,42.6921],[-95.8993,42.6921],[-95.8993,42.6849],[-95.9091,42.6849],[-95.9091,42.6813],[-95.9189,42.6813],[-95.9188,42.6777],[-95.8894,42.6776],[-95.8893,42.6703],[-95.8795,42.6703],[-95.8795,42.674],[-95.8771,42.674],[-95.8772,42.6775],[-95.8747,42.6775],[-95.8748,42.6848],[-95.8797,42.6848],[-95.8799,42.6993],[-95.8603,42.6991],[-95.8597,42.6259],[-95.8394,42.6257],[-95.8396,42.6185],[-95.8297,42.6185],[-95.8299,42.6041],[-95.8495,42.6041],[-95.8492,42.586],[-95.8595,42.586],[-95.8597,42.5751],[-95.8538,42.5751],[-95.8539,42.58],[-95.849,42.5799],[-95.8488,42.5751],[-95.8515,42.5751],[-95.8518,42.5678],[-95.8598,42.5678],[-95.8599,42.5606],[-95.8395,42.5607],[-95.8396,42.5679],[-95.8348,42.5679],[-95.835,42.5751],[-95.825,42.5752],[-95.8249,42.5716],[-95.8201,42.5716],[-95.8201,42.5752],[-95.8102,42.5753]]]]}},{"type":"Feature","properties":{"leaid":"1916530","name":"Le Mars Community School District","kind":"Unified","gradeLow":"PK","gradeHigh":"12","state":"IA"},"geometry":{"type":"Polygon","coordinates":[[[-96.1352,42.641],[-96.14,42.641],[-96.1398,42.649],[-96.152,42.649],[-96.1545,42.649],[-96.1548,42.6371],[-96.1645,42.6371],[-96.1644,42.6408],[-96.1888,42.6411],[-96.1889,42.6492],[-96.1643,42.6491],[-96.1644,42.6563],[-96.1694,42.6562],[-96.1694,42.6636],[-96.1791,42.6636],[-96.1791,42.66],[-96.1839,42.66],[-96.1838,42.6565],[-96.1937,42.6563],[-96.1938,42.6432],[-96.2037,42.643],[-96.2036,42.6449],[-96.2088,42.6446],[-96.2082,42.6564],[-96.2055,42.6561],[-96.2055,42.6636],[-96.2034,42.6636],[-96.2042,42.6735],[-96.2137,42.6735],[-96.2139,42.67],[-96.2186,42.67],[-96.2186,42.6562],[-96.2234,42.6565],[-96.2233,42.6635],[-96.2529,42.6635],[-96.2529,42.6671],[-96.2629,42.6672],[-96.2626,42.6744],[-96.2679,42.675],[-96.2677,42.6779],[-96.2578,42.6779],[-96.2578,42.6823],[-96.2562,42.6851],[-96.253,42.6852],[-96.253,42.6922],[-96.2675,42.6923],[-96.2676,42.6961],[-96.2824,42.696],[-96.2824,42.6924],[-96.3068,42.6926],[-96.307,42.6997],[-96.3214,42.6997],[-96.3215,42.7066],[-96.3359,42.7064],[-96.3359,42.7136],[-96.3408,42.7136],[-96.3409,42.7172],[-96.3455,42.7173],[-96.3456,42.7139],[-96.3604,42.7139],[-96.3606,42.7066],[-96.3507,42.7065],[-96.3507,42.6993],[-96.3702,42.6995],[-96.3701,42.7067],[-96.38,42.7067],[-96.38,42.7031],[-96.3899,42.703],[-96.3899,42.6992],[-96.4095,42.6995],[-96.4095,42.6923],[-96.4291,42.6923],[-96.4291,42.6995],[-96.439,42.6995],[-96.4387,42.714],[-96.4192,42.714],[-96.4193,42.7212],[-96.4141,42.7212],[-96.4141,42.7285],[-96.4093,42.7285],[-96.4094,42.7248],[-96.3996,42.7248],[-96.3994,42.7355],[-96.4043,42.7355],[-96.4044,42.7427],[-96.4093,42.7428],[-96.4086,42.7499],[-96.4094,42.7499],[-96.4095,42.7573],[-96.3997,42.757],[-96.3995,42.7644],[-96.3899,42.7644],[-96.3902,42.7933],[-96.4099,42.7934],[-96.4101,42.8039],[-96.42,42.8042],[-96.4196,42.8156],[-96.4054,42.8155],[-96.4046,42.8144],[-96.4053,42.8079],[-96.3858,42.8078],[-96.3852,42.8152],[-96.3902,42.8152],[-96.3901,42.8289],[-96.3705,42.8288],[-96.3707,42.8476],[-96.3755,42.8479],[-96.3753,42.8582],[-96.3806,42.8586],[-96.3808,42.8656],[-96.3712,42.8658],[-96.3713,42.8694],[-96.3758,42.8696],[-96.3765,42.8731],[-96.3713,42.8731],[-96.3715,42.8803],[-96.3813,42.8801],[-96.3815,42.9093],[-96.0168,42.9101],[-96.0165,42.881],[-96.0262,42.881],[-96.0263,42.87],[-96.0066,42.87],[-96.0066,42.8737],[-95.9967,42.8737],[-95.9967,42.8664],[-96.0263,42.8664],[-96.0262,42.8554],[-96.0163,42.8554],[-96.0163,42.8519],[-96.0262,42.8517],[-96.0261,42.8444],[-96.031,42.8444],[-96.0308,42.8371],[-96.0261,42.8371],[-96.0261,42.8335],[-96.041,42.8335],[-96.041,42.8371],[-96.036,42.8371],[-96.0361,42.8517],[-96.0757,42.8515],[-96.0762,42.8086],[-96.0565,42.8082],[-96.057,42.7863],[-96.0324,42.7863],[-96.0326,42.7788],[-96.0375,42.7788],[-96.0377,42.7643],[-96.0868,42.7645],[-96.087,42.7499],[-96.1163,42.7497],[-96.1167,42.7353],[-96.1261,42.7352],[-96.1264,42.729],[-96.1167,42.729],[-96.1166,42.7185],[-96.1267,42.7181],[-96.1263,42.7107],[-96.1213,42.7108],[-96.1213,42.6998],[-96.1066,42.6998],[-96.1061,42.6853],[-96.111,42.6853],[-96.1109,42.6925],[-96.116,42.6926],[-96.1159,42.6855],[-96.1257,42.6853],[-96.1258,42.6925],[-96.1306,42.6925],[-96.1304,42.678],[-96.1235,42.6781],[-96.1232,42.6745],[-96.1108,42.6744],[-96.1107,42.6708],[-96.1058,42.6708],[-96.1056,42.6635],[-96.0959,42.6635],[-96.0959,42.661],[-96.1057,42.661],[-96.1055,42.6528],[-96.1155,42.6527],[-96.1156,42.6564],[-96.1253,42.6561],[-96.1252,42.6599],[-96.1156,42.6599],[-96.1156,42.6672],[-96.1253,42.6671],[-96.1254,42.6744],[-96.1351,42.6744],[-96.1352,42.641]]]}},{"type":"Feature","properties":{"leaid":"1918630","name":"Marcus-Meriden-Cleghorn Community School District","kind":"Unified","gradeLow":"PK","gradeHigh":"12","state":"IA"},"geometry":{"type":"MultiPolygon","coordinates":[[[[-95.8102,42.5753],[-95.8052,42.5753],[-95.8052,42.5717],[-95.8003,42.5717],[-95.8003,42.5681],[-95.8102,42.568],[-95.8102,42.5753]]],[[[-95.8102,42.5753],[-95.8201,42.5752],[-95.8201,42.5716],[-95.8249,42.5716],[-95.825,42.5752],[-95.835,42.5751],[-95.8348,42.5679],[-95.8396,42.5679],[-95.8395,42.5607],[-95.8599,42.5606],[-95.8598,42.5678],[-95.8518,42.5678],[-95.8515,42.5751],[-95.8488,42.5751],[-95.849,42.5799],[-95.8539,42.58],[-95.8538,42.5751],[-95.8597,42.5751],[-95.8595,42.586],[-95.8492,42.586],[-95.8495,42.6041],[-95.8299,42.6041],[-95.8297,42.6185],[-95.8396,42.6185],[-95.8394,42.6257],[-95.8597,42.6259],[-95.8606,42.7136],[-95.8704,42.7137],[-95.8705,42.7209],[-95.8655,42.7209],[-95.8654,42.7245],[-95.8706,42.7243],[-95.8706,42.7284],[-95.8803,42.7286],[-95.8801,42.7352],[-95.8706,42.7352],[-95.8705,42.7427],[-95.8896,42.7424],[-95.8891,42.7497],[-95.8794,42.7497],[-95.8792,42.7641],[-95.8693,42.7642],[-95.8693,42.7715],[-95.8791,42.7714],[-95.8791,42.7787],[-95.8692,42.7788],[-95.8687,42.8078],[-95.8786,42.8077],[-95.8784,42.8152],[-95.8982,42.815],[-95.8983,42.863],[-95.8881,42.8624],[-95.8886,42.888],[-95.8591,42.8877],[-95.8594,42.9091],[-95.7806,42.9096],[-95.7806,42.9029],[-95.741,42.9029],[-95.741,42.9097],[-95.702,42.9098],[-95.7016,42.8955],[-95.6721,42.8954],[-95.672,42.888],[-95.6622,42.8882],[-95.662,42.8773],[-95.6522,42.8774],[-95.6523,42.881],[-95.6547,42.881],[-95.6547,42.8846],[-95.6572,42.8846],[-95.6572,42.8883],[-95.6424,42.8885],[-95.6425,42.8958],[-95.6351,42.8958],[-95.6351,42.8921],[-95.6375,42.8921],[-95.6375,42.8885],[-95.6228,42.8884],[-95.6225,42.8449],[-95.6133,42.8448],[-95.6134,42.852],[-95.6036,42.8519],[-95.6035,42.8374],[-95.5837,42.8371],[-95.5835,42.8226],[-95.5738,42.8225],[-95.5735,42.7861],[-95.5785,42.7861],[-95.5785,42.7898],[-95.5932,42.7899],[-95.5931,42.7861],[-95.5883,42.7861],[-95.5882,42.7789],[-95.5979,42.7789],[-95.598,42.7862],[-95.6029,42.7861],[-95.603,42.79],[-95.6128,42.7899],[-95.6127,42.7755],[-95.6176,42.7756],[-95.6176,42.7717],[-95.6078,42.7717],[-95.6078,42.768],[-95.6227,42.7684],[-95.6226,42.7793],[-95.6324,42.7791],[-95.6327,42.7646],[-95.6427,42.7644],[-95.6429,42.7536],[-95.6526,42.7535],[-95.6527,42.7499],[-95.6429,42.75],[-95.6432,42.7355],[-95.6555,42.7354],[-95.6553,42.728],[-95.6627,42.728],[-95.6625,42.7207],[-95.6527,42.7208],[-95.6526,42.7064],[-95.6817,42.7063],[-95.6817,42.699],[-95.7209,42.699],[-95.721,42.67],[-95.7308,42.6701],[-95.7308,42.6629],[-95.7412,42.6629],[-95.7412,42.6593],[-95.7509,42.6593],[-95.751,42.663],[-95.7657,42.663],[-95.7657,42.6484],[-95.7308,42.6484],[-95.7256,42.6333],[-95.7411,42.6332],[-95.7412,42.6263],[-95.7382,42.6263],[-95.7383,42.619],[-95.7413,42.6191],[-95.7415,42.5898],[-95.781,42.5899],[-95.781,42.5792],[-95.7858,42.5791],[-95.7857,42.5754],[-95.7888,42.5754],[-95.7888,42.5772],[-95.7906,42.5771],[-95.7907,42.5826],[-95.8103,42.5825],[-95.8102,42.5753]]]]}},{"type":"Feature","properties":{"leaid":"1924120","name":"Remsen-Union Community School District","kind":"Unified","gradeLow":"PK","gradeHigh":"12","state":"IA"},"geometry":{"type":"Polygon","coordinates":[[[-95.8594,42.9091],[-95.8591,42.8877],[-95.8886,42.888],[-95.8881,42.8624],[-95.8983,42.863],[-95.8982,42.815],[-95.8784,42.8152],[-95.8786,42.8077],[-95.8687,42.8078],[-95.8692,42.7788],[-95.8791,42.7787],[-95.8791,42.7714],[-95.8693,42.7715],[-95.8693,42.7642],[-95.8792,42.7641],[-95.8794,42.7497],[-95.8891,42.7497],[-95.8896,42.7424],[-95.8705,42.7427],[-95.8706,42.7352],[-95.8801,42.7352],[-95.8803,42.7286],[-95.8706,42.7284],[-95.8706,42.7243],[-95.8654,42.7245],[-95.8655,42.7209],[-95.8705,42.7209],[-95.8704,42.7137],[-95.8606,42.7136],[-95.8603,42.6991],[-95.8799,42.6993],[-95.8797,42.6848],[-95.8748,42.6848],[-95.8747,42.6775],[-95.8772,42.6775],[-95.8771,42.674],[-95.8795,42.674],[-95.8795,42.6703],[-95.8893,42.6703],[-95.8894,42.6776],[-95.9188,42.6777],[-95.9189,42.6813],[-95.9091,42.6813],[-95.9091,42.6849],[-95.8993,42.6849],[-95.8993,42.6921],[-95.9177,42.6921],[-95.9176,42.685],[-95.958,42.6851],[-95.9579,42.6776],[-95.9783,42.6778],[-95.9782,42.6708],[-96.0176,42.6709],[-96.0173,42.6634],[-96.0076,42.6634],[-96.0072,42.656],[-96.0026,42.656],[-96.0025,42.6634],[-95.9781,42.6633],[-95.9779,42.6488],[-96.0168,42.6488],[-96.017,42.656],[-96.0367,42.656],[-96.0366,42.6522],[-96.0271,42.6522],[-96.0267,42.6488],[-96.0364,42.6488],[-96.0363,42.6367],[-96.0465,42.6371],[-96.0459,42.645],[-96.0513,42.645],[-96.0513,42.6339],[-96.0363,42.6331],[-96.0366,42.622],[-96.047,42.622],[-96.0466,42.6297],[-96.0561,42.63],[-96.056,42.6448],[-96.0654,42.6451],[-96.066,42.6334],[-96.0757,42.6335],[-96.0759,42.619],[-96.1217,42.619],[-96.1212,42.6263],[-96.1163,42.6264],[-96.1155,42.6414],[-96.1254,42.6412],[-96.1256,42.6335],[-96.1355,42.6334],[-96.1351,42.6744],[-96.1254,42.6744],[-96.1253,42.6671],[-96.1156,42.6672],[-96.1156,42.6599],[-96.1252,42.6599],[-96.1253,42.6561],[-96.1156,42.6564],[-96.1155,42.6527],[-96.1055,42.6528],[-96.1057,42.661],[-96.0959,42.661],[-96.0959,42.6635],[-96.1056,42.6635],[-96.1058,42.6708],[-96.1107,42.6708],[-96.1108,42.6744],[-96.1232,42.6745],[-96.1235,42.6781],[-96.1304,42.678],[-96.1306,42.6925],[-96.1258,42.6925],[-96.1257,42.6853],[-96.1159,42.6855],[-96.116,42.6926],[-96.1109,42.6925],[-96.111,42.6853],[-96.1061,42.6853],[-96.1066,42.6998],[-96.1213,42.6998],[-96.1213,42.7108],[-96.1263,42.7107],[-96.1267,42.7181],[-96.1166,42.7185],[-96.1167,42.729],[-96.1264,42.729],[-96.1261,42.7352],[-96.1167,42.7353],[-96.1163,42.7497],[-96.087,42.7499],[-96.0868,42.7645],[-96.0377,42.7643],[-96.0375,42.7788],[-96.0326,42.7788],[-96.0324,42.7863],[-96.057,42.7863],[-96.0565,42.8082],[-96.0762,42.8086],[-96.0757,42.8515],[-96.0361,42.8517],[-96.036,42.8371],[-96.041,42.8371],[-96.041,42.8335],[-96.0261,42.8335],[-96.0261,42.8371],[-96.0308,42.8371],[-96.031,42.8444],[-96.0261,42.8444],[-96.0262,42.8517],[-96.0163,42.8519],[-96.0163,42.8554],[-96.0262,42.8554],[-96.0263,42.8664],[-95.9967,42.8664],[-95.9967,42.8737],[-96.0066,42.8737],[-96.0066,42.87],[-96.0263,42.87],[-96.0262,42.881],[-96.0165,42.881],[-96.0168,42.9101],[-95.9774,42.9098],[-95.9774,42.9242],[-95.9675,42.9242],[-95.9677,42.9171],[-95.9577,42.9171],[-95.9575,42.9243],[-95.9627,42.9243],[-95.9626,42.9314],[-95.9379,42.9314],[-95.9379,42.9242],[-95.9281,42.9242],[-95.9281,42.9315],[-95.9182,42.9314],[-95.9184,42.9167],[-95.9085,42.9167],[-95.9085,42.924],[-95.9036,42.9239],[-95.9036,42.9167],[-95.8987,42.9166],[-95.8988,42.9094],[-95.8594,42.9091]]]}},{"type":"Feature","properties":{"leaid":"1926400","name":"Sioux City Community School District","kind":"Unified","gradeLow":"PK","gradeHigh":"12","state":"IA"},"geometry":{"type":"Polygon","coordinates":[[[-96.3115,42.5617],[-96.3119,42.5474],[-96.3089,42.5475],[-96.3119,42.5458],[-96.3119,42.5402],[-96.3167,42.5402],[-96.3166,42.5331],[-96.3118,42.533],[-96.3117,42.5186],[-96.3215,42.5185],[-96.3214,42.5026],[-96.3323,42.5026],[-96.3323,42.4968],[-96.3305,42.4949],[-96.3323,42.4934],[-96.3322,42.4756],[-96.3113,42.4754],[-96.3117,42.4668],[-96.302,42.4671],[-96.302,42.443],[-96.2923,42.4433],[-96.2924,42.4383],[-96.3021,42.438],[-96.302,42.4415],[-96.3032,42.4421],[-96.3111,42.4449],[-96.3166,42.4449],[-96.3167,42.4376],[-96.3412,42.4369],[-96.3411,42.4333],[-96.3461,42.4332],[-96.3461,42.4296],[-96.351,42.4294],[-96.351,42.4431],[-96.371,42.4436],[-96.3713,42.4457],[-96.3807,42.4468],[-96.3813,42.4617],[-96.3854,42.4731],[-96.3961,42.4844],[-96.4094,42.4876],[-96.4403,42.4896],[-96.4559,42.4926],[-96.4635,42.4905],[-96.4696,42.4914],[-96.4715,42.4893],[-96.4756,42.4897],[-96.4772,42.491],[-96.4779,42.4947],[-96.4733,42.5035],[-96.476,42.5078],[-96.479,42.5108],[-96.4882,42.5113],[-96.4936,42.5156],[-96.4929,42.5191],[-96.4799,42.5242],[-96.479,42.5264],[-96.4798,42.5296],[-96.4777,42.5356],[-96.4766,42.5465],[-96.477,42.556],[-96.4955,42.5564],[-96.4985,42.5581],[-96.499,42.5608],[-96.4809,42.5613],[-96.4811,42.5621],[-96.4608,42.5617],[-96.4616,42.5642],[-96.4639,42.5653],[-96.4639,42.5688],[-96.4591,42.569],[-96.4591,42.5654],[-96.4542,42.5655],[-96.4541,42.5618],[-96.4389,42.5621],[-96.4393,42.5766],[-96.4344,42.5766],[-96.4343,42.5802],[-96.4498,42.5801],[-96.4496,42.5764],[-96.4545,42.5763],[-96.4546,42.5836],[-96.4595,42.5835],[-96.4596,42.5873],[-96.4498,42.5874],[-96.4498,42.5909],[-96.444,42.591],[-96.4442,42.6018],[-96.4392,42.6018],[-96.4393,42.6054],[-96.4245,42.6056],[-96.4245,42.602],[-96.4196,42.602],[-96.4194,42.5984],[-96.4293,42.5984],[-96.4293,42.5911],[-96.4392,42.591],[-96.4392,42.5874],[-96.4441,42.5874],[-96.4441,42.5837],[-96.4295,42.5841],[-96.4293,42.5804],[-96.4197,42.5802],[-96.4197,42.5838],[-96.415,42.5839],[-96.4127,42.5807],[-96.412,42.5767],[-96.41,42.5767],[-96.4099,42.5694],[-96.3906,42.5693],[-96.3907,42.5765],[-96.4003,42.5765],[-96.4001,42.5838],[-96.3952,42.5838],[-96.3951,42.591],[-96.3661,42.5907],[-96.3659,42.5836],[-96.3611,42.5836],[-96.3612,42.5711],[-96.368,42.571],[-96.3701,42.5744],[-96.3709,42.5692],[-96.3806,42.5692],[-96.3807,42.5656],[-96.371,42.5656],[-96.371,42.562],[-96.3115,42.5617]]]}},{"type":"Feature","properties":{"leaid":"1931290","name":"West Sioux Community School District","kind":"Unified","gradeLow":"PK","gradeHigh":"12","state":"IA"},"geometry":{"type":"Polygon","coordinates":[[[-96.3927,43.1279],[-96.3916,43.0989],[-96.382,43.0988],[-96.382,43.0914],[-96.3722,43.0914],[-96.3722,43.0841],[-96.3573,43.0842],[-96.3571,43.0696],[-96.3474,43.0696],[-96.3471,43.0551],[-96.3323,43.0551],[-96.3324,43.0624],[-96.3232,43.0624],[-96.3232,43.0552],[-96.3034,43.0552],[-96.3034,43.0407],[-96.2887,43.0407],[-96.2885,43.0261],[-96.2837,43.0261],[-96.2833,43.0044],[-96.2337,43.0045],[-96.2336,42.9972],[-96.2386,42.9972],[-96.2385,42.9893],[-96.2534,42.9892],[-96.2534,42.982],[-96.2434,42.982],[-96.2434,42.9606],[-96.2334,42.9607],[-96.2335,42.9457],[-96.2433,42.9457],[-96.2434,42.9385],[-96.2533,42.9384],[-96.2533,42.9094],[-96.4799,42.9092],[-96.4798,42.9021],[-96.541,42.9019],[-96.5427,42.9049],[-96.5365,42.9056],[-96.5386,42.9078],[-96.5378,42.911],[-96.5401,42.9123],[-96.5378,42.9173],[-96.5413,42.9196],[-96.5409,42.9248],[-96.5364,42.9231],[-96.5341,42.9237],[-96.533,42.9248],[-96.5346,42.9266],[-96.5341,42.9282],[-96.5253,42.9356],[-96.5217,42.9351],[-96.5198,42.932],[-96.5168,42.9323],[-96.5164,42.9352],[-96.5199,42.938],[-96.5199,42.94],[-96.5142,42.9449],[-96.5093,42.9452],[-96.5079,42.9484],[-96.5089,42.9537],[-96.5049,42.9545],[-96.5027,42.9571],[-96.4989,42.958],[-96.5018,42.9608],[-96.5027,42.9676],[-96.5052,42.9711],[-96.5158,42.9728],[-96.5169,42.9754],[-96.5201,42.9776],[-96.5208,42.9803],[-96.5168,42.981],[-96.5189,42.9839],[-96.5184,42.9852],[-96.5153,42.9841],[-96.5124,42.9857],[-96.5112,42.9903],[-96.5128,42.9919],[-96.5099,42.9952],[-96.497,42.9985],[-96.4968,43.0004],[-96.4946,43.0016],[-96.4946,43.0036],[-96.4928,43.0057],[-96.492,43.0102],[-96.4957,43.0159],[-96.4995,43.0165],[-96.499,43.0191],[-96.5039,43.0204],[-96.512,43.0262],[-96.514,43.0303],[-96.5107,43.032],[-96.5091,43.0368],[-96.511,43.0397],[-96.5132,43.0403],[-96.5201,43.0378],[-96.5213,43.0381],[-96.5213,43.0397],[-96.5162,43.0414],[-96.5125,43.0411],[-96.5148,43.0452],[-96.5105,43.0499],[-96.5018,43.0487],[-96.4992,43.05],[-96.4909,43.0508],[-96.4892,43.0515],[-96.4887,43.0542],[-96.487,43.0558],[-96.4767,43.0627],[-96.4728,43.0637],[-96.4674,43.0619],[-96.4607,43.0643],[-96.4605,43.0663],[-96.4582,43.0676],[-96.4594,43.0698],[-96.4556,43.0743],[-96.4558,43.0808],[-96.4541,43.0838],[-96.4555,43.0883],[-96.4631,43.09],[-96.4623,43.0929],[-96.4602,43.0953],[-96.4568,43.0959],[-96.457,43.0976],[-96.4524,43.0982],[-96.4527,43.1006],[-96.4504,43.1009],[-96.4505,43.1038],[-96.447,43.1055],[-96.4463,43.1097],[-96.4398,43.1134],[-96.4365,43.12],[-96.4416,43.1245],[-96.4402,43.1283],[-96.4428,43.1286],[-96.4431,43.1336],[-96.4456,43.1365],[-96.4486,43.1362],[-96.4471,43.1383],[-96.4504,43.1424],[-96.4539,43.1426],[-96.4558,43.1442],[-96.4604,43.1436],[-96.4606,43.146],[-96.4592,43.1475],[-96.4622,43.1492],[-96.4631,43.1477],[-96.4651,43.1475],[-96.4683,43.1516],[-96.4682,43.1525],[-96.465,43.1527],[-96.464,43.1555],[-96.4695,43.1583],[-96.4662,43.1606],[-96.467,43.1632],[-96.4421,43.1636],[-96.4422,43.1564],[-96.4274,43.1567],[-96.4273,43.1531],[-96.4224,43.1531],[-96.4223,43.1567],[-96.4071,43.1568],[-96.4061,43.1496],[-96.4124,43.1495],[-96.4124,43.1349],[-96.4024,43.1351],[-96.4027,43.1278],[-96.3927,43.1279]]]}},{"type":"Feature","properties":{"leaid":"1903360","name":"Algona Community School District","kind":"Unified","gradeLow":"PK","gradeHigh":"12","state":"IA"},"geometry":{"type":"MultiPolygon","coordinates":[[[[-94.2658,43.2548],[-94.2758,43.2547],[-94.2757,43.2693],[-94.2658,43.2694],[-94.2658,43.2548]]],[[[-94.2658,43.2548],[-94.1185,43.2556],[-94.1186,43.2609],[-94.1137,43.2669],[-94.1097,43.266],[-94.1098,43.2698],[-94.1286,43.2699],[-94.1284,43.2773],[-94.1086,43.2772],[-94.1086,43.2844],[-94.0987,43.2844],[-94.0987,43.2916],[-94.0888,43.2917],[-94.0888,43.3133],[-94.0787,43.3133],[-94.0789,43.3205],[-94.0296,43.3205],[-94.0296,43.3277],[-94.0196,43.3277],[-94.0197,43.306],[-93.9903,43.306],[-93.9903,43.2987],[-93.9703,43.2986],[-93.9704,43.2698],[-93.9414,43.2697],[-93.9412,43.2623],[-93.9607,43.2624],[-93.9606,43.2553],[-93.9704,43.2554],[-93.9702,43.2414],[-93.9606,43.2417],[-93.9605,43.227],[-93.9604,43.2126],[-93.9703,43.2126],[-93.9703,43.1981],[-93.9508,43.1981],[-93.9507,43.1836],[-93.9703,43.1837],[-93.9703,43.1115],[-93.9407,43.1117],[-93.9405,43.0972],[-93.9506,43.0972],[-93.9505,43.0899],[-93.9308,43.0876],[-93.9308,43.0827],[-93.9455,43.0827],[-93.9456,43.0667],[-93.9308,43.067],[-93.9309,43.0598],[-93.9112,43.0599],[-93.9112,43.0527],[-93.9209,43.0526],[-93.9207,43.0381],[-93.9013,43.0384],[-93.9013,43.0311],[-93.8915,43.0311],[-93.8915,43.0384],[-93.8817,43.0384],[-93.8816,43.024],[-93.8719,43.0239],[-93.872,42.9951],[-93.8917,42.9951],[-93.8919,42.9806],[-93.9117,42.9805],[-93.9118,42.9661],[-93.8919,42.9661],[-93.8919,42.9591],[-93.8821,42.9589],[-93.8821,42.9445],[-93.8917,42.9446],[-93.8921,42.952],[-93.9019,42.9517],[-93.9016,42.9373],[-93.8916,42.9372],[-93.8916,42.9083],[-93.9605,42.9078],[-93.9605,42.9149],[-93.9712,42.915],[-93.9712,42.9078],[-93.981,42.9078],[-93.9812,42.8987],[-93.9911,42.8983],[-93.9909,42.9019],[-94.0107,42.9022],[-94.011,42.8916],[-94.0011,42.8913],[-94.0011,42.8845],[-94.0061,42.8846],[-94.006,42.8812],[-94.0108,42.8814],[-94.0108,42.8779],[-94.0158,42.878],[-94.0158,42.8707],[-94.0208,42.8707],[-94.0208,42.8671],[-94.0307,42.8671],[-94.0309,42.878],[-94.0258,42.878],[-94.0258,42.8852],[-94.0209,42.885],[-94.0209,42.8921],[-94.0308,42.8927],[-94.0308,42.8891],[-94.0358,42.8891],[-94.0357,42.8853],[-94.0606,42.8852],[-94.0606,42.8779],[-94.0655,42.8779],[-94.0655,42.8706],[-94.0704,42.8705],[-94.0704,42.867],[-94.0606,42.8671],[-94.0604,42.8557],[-94.0704,42.8557],[-94.0703,42.8487],[-94.1,42.8487],[-94.1,42.856],[-94.1294,42.8561],[-94.1295,42.8778],[-94.1345,42.8778],[-94.1344,42.8891],[-94.1419,42.8862],[-94.1419,42.8922],[-94.1491,42.8922],[-94.149,42.8994],[-94.1586,42.8994],[-94.1587,42.9083],[-94.3155,42.908],[-94.3155,42.9153],[-94.3249,42.9153],[-94.3249,42.9226],[-94.3155,42.9225],[-94.3155,42.9269],[-94.3156,42.9406],[-94.3249,42.9407],[-94.3247,42.9951],[-94.3348,42.9951],[-94.3346,42.9988],[-94.3443,42.9988],[-94.3443,43.0096],[-94.4132,43.0095],[-94.413,43.0168],[-94.4175,43.0168],[-94.4228,43.0168],[-94.4228,43.0095],[-94.4327,43.0095],[-94.4327,43.0312],[-94.4426,43.0311],[-94.4426,43.0829],[-94.3983,43.0831],[-94.3987,43.0907],[-94.3838,43.0907],[-94.3838,43.1123],[-94.3937,43.1124],[-94.3938,43.1147],[-94.3936,43.1268],[-94.3837,43.1267],[-94.3837,43.1412],[-94.3738,43.1412],[-94.3738,43.134],[-94.3244,43.1334],[-94.3156,43.1338],[-94.3157,43.1409],[-94.296,43.1413],[-94.2958,43.1563],[-94.286,43.156],[-94.2863,43.1901],[-94.2767,43.19],[-94.276,43.248],[-94.2662,43.2481],[-94.2658,43.2548]]]]}},{"type":"Feature","properties":{"leaid":"1918510","name":"Maquoketa Community School District","kind":"Unified","gradeLow":"PK","gradeHigh":"12","state":"IA"},"geometry":{"type":"Polygon","coordinates":[[[-90.6655,42.3093],[-90.6652,42.2223],[-90.7437,42.2221],[-90.7442,42.1828],[-90.7299,42.1829],[-90.7295,42.1754],[-90.7271,42.1755],[-90.7262,42.1773],[-90.7246,42.1772],[-90.7246,42.1753],[-90.722,42.1753],[-90.7221,42.1791],[-90.7198,42.182],[-90.71,42.1819],[-90.71,42.1862],[-90.7149,42.1862],[-90.7149,42.1898],[-90.7101,42.1898],[-90.7101,42.1935],[-90.7001,42.1934],[-90.7002,42.1898],[-90.6953,42.1898],[-90.6952,42.1861],[-90.6804,42.186],[-90.6804,42.1788],[-90.6655,42.1785],[-90.6658,42.1461],[-90.6614,42.1459],[-90.6614,42.1423],[-90.6518,42.1413],[-90.6518,42.1351],[-90.6469,42.1351],[-90.6467,42.1311],[-90.6479,42.1264],[-90.6507,42.125],[-90.6486,42.1242],[-90.6486,42.1216],[-90.6519,42.1216],[-90.6521,42.1204],[-90.6607,42.1204],[-90.6613,42.117],[-90.6658,42.1129],[-90.6706,42.1128],[-90.6704,42.1021],[-90.6656,42.1021],[-90.6656,42.087],[-90.6639,42.0892],[-90.6601,42.0892],[-90.6574,42.0885],[-90.6559,42.0862],[-90.6524,42.0873],[-90.6492,42.0853],[-90.64,42.0893],[-90.6371,42.0884],[-90.6371,42.0909],[-90.6274,42.0909],[-90.6279,42.0874],[-90.6322,42.0837],[-90.6293,42.0818],[-90.623,42.0809],[-90.6176,42.0834],[-90.6105,42.0801],[-90.607,42.0808],[-90.6026,42.0794],[-90.5974,42.0808],[-90.5952,42.0783],[-90.5917,42.0795],[-90.5895,42.0863],[-90.5834,42.0836],[-90.5747,42.0868],[-90.5702,42.0869],[-90.5675,42.0906],[-90.5674,42.0938],[-90.555,42.0959],[-90.5527,42.1006],[-90.5493,42.1019],[-90.5468,42.1012],[-90.5445,42.0962],[-90.5408,42.0946],[-90.5368,42.0954],[-90.5314,42.0998],[-90.5231,42.0978],[-90.5203,42.0987],[-90.52,42.091],[-90.5152,42.091],[-90.5154,42.0838],[-90.5105,42.0839],[-90.5106,42.0766],[-90.5247,42.0766],[-90.5248,42.0728],[-90.5201,42.0728],[-90.5199,42.0692],[-90.5296,42.069],[-90.5298,42.0619],[-90.5395,42.062],[-90.5394,42.0563],[-90.5346,42.0563],[-90.5334,42.0547],[-90.5444,42.0546],[-90.5443,42.0511],[-90.5489,42.0511],[-90.5489,42.0476],[-90.5537,42.0475],[-90.5537,42.0438],[-90.5489,42.0438],[-90.5487,42.0328],[-90.6265,42.0328],[-90.6265,42.0254],[-90.6556,42.0255],[-90.6556,42.0218],[-90.6652,42.0219],[-90.6653,42.0328],[-90.7238,42.0329],[-90.7237,42.04],[-90.7335,42.0399],[-90.7336,42.0329],[-90.7432,42.0329],[-90.743,42.04],[-90.7528,42.04],[-90.753,42.0328],[-90.7578,42.0328],[-90.7577,42.04],[-90.782,42.0402],[-90.7821,42.0548],[-90.8016,42.0547],[-90.8018,42.062],[-90.8214,42.062],[-90.8214,42.0584],[-90.8164,42.0584],[-90.8163,42.0549],[-90.8212,42.0549],[-90.8211,42.0439],[-90.8234,42.0439],[-90.8234,42.0403],[-90.8307,42.0403],[-90.8306,42.0333],[-90.8597,42.0334],[-90.8607,42.0915],[-90.8653,42.0915],[-90.8655,42.097],[-90.8677,42.0969],[-90.8677,42.1061],[-90.8623,42.106],[-90.8623,42.1097],[-90.8608,42.1097],[-90.8607,42.1172],[-90.8558,42.1171],[-90.8559,42.1206],[-90.8499,42.1206],[-90.85,42.1242],[-90.8581,42.1242],[-90.8596,42.1269],[-90.8596,42.1325],[-90.8645,42.1316],[-90.8644,42.1431],[-90.8671,42.1435],[-90.8701,42.1407],[-90.8724,42.1413],[-90.8736,42.1425],[-90.8724,42.146],[-90.8796,42.146],[-90.8795,42.1531],[-90.8839,42.1531],[-90.8838,42.1713],[-90.8694,42.1712],[-90.8692,42.1791],[-90.8593,42.1782],[-90.8594,42.182],[-90.8643,42.182],[-90.8643,42.1841],[-90.8692,42.1841],[-90.8694,42.1855],[-90.8791,42.1856],[-90.8789,42.1929],[-90.8757,42.1927],[-90.8743,42.1892],[-90.8721,42.1892],[-90.8692,42.1893],[-90.8693,42.1967],[-90.8645,42.1966],[-90.8645,42.1929],[-90.8401,42.193],[-90.8402,42.2078],[-90.7817,42.2076],[-90.7816,42.2622],[-90.7728,42.2622],[-90.7727,42.2586],[-90.7677,42.2586],[-90.7677,42.2551],[-90.7652,42.2549],[-90.7642,42.257],[-90.7611,42.2582],[-90.762,42.2593],[-90.761,42.26],[-90.7602,42.2592],[-90.7564,42.26],[-90.7592,42.2622],[-90.7593,42.2653],[-90.7636,42.2653],[-90.7655,42.2679],[-90.7706,42.2667],[-90.7681,42.2708],[-90.7641,42.2702],[-90.7633,42.2713],[-90.7673,42.2748],[-90.7726,42.2753],[-90.775,42.2769],[-90.7676,42.2803],[-90.7675,42.282],[-90.773,42.2835],[-90.773,42.2874],[-90.7576,42.2875],[-90.7583,42.2899],[-90.7571,42.295],[-90.7143,42.2949],[-90.7143,42.3094],[-90.6655,42.3093]]]}},{"type":"Feature","properties":{"leaid":"1927390","name":"Storm Lake Community School District","kind":"Unified","gradeLow":"PK","gradeHigh":"12","state":"IA"},"geometry":{"type":"Polygon","coordinates":[[[-95.073,42.6909],[-95.0728,42.6763],[-95.0432,42.6762],[-95.0432,42.6724],[-95.0334,42.6724],[-95.0334,42.6689],[-95.0433,42.6689],[-95.0433,42.6617],[-95.0529,42.6617],[-95.0528,42.6546],[-95.0725,42.6547],[-95.0726,42.6336],[-95.0874,42.6336],[-95.0872,42.6374],[-95.0923,42.6372],[-95.0921,42.6224],[-95.0948,42.6226],[-95.095,42.6192],[-95.092,42.6192],[-95.092,42.5902],[-95.0823,42.5902],[-95.082,42.5756],[-95.1018,42.5757],[-95.1013,42.5611],[-95.151,42.561],[-95.151,42.5547],[-95.1738,42.5541],[-95.2697,42.5544],[-95.2697,42.5609],[-95.2795,42.5608],[-95.2795,42.5717],[-95.2697,42.5718],[-95.2697,42.5754],[-95.2746,42.5754],[-95.2747,42.5827],[-95.2697,42.5827],[-95.2697,42.5877],[-95.2698,42.6045],[-95.2798,42.6045],[-95.2797,42.6226],[-95.2698,42.6226],[-95.2699,42.6371],[-95.2598,42.637],[-95.2598,42.6409],[-95.25,42.6409],[-95.2499,42.6546],[-95.2597,42.6547],[-95.2597,42.6606],[-95.2499,42.6575],[-95.2499,42.662],[-95.2303,42.662],[-95.2299,42.691],[-95.2394,42.691],[-95.2396,42.7055],[-95.2301,42.7054],[-95.2301,42.6979],[-95.2104,42.6982],[-95.2104,42.691],[-95.2006,42.6909],[-95.2006,42.698],[-95.1975,42.6981],[-95.1318,42.6979],[-95.1319,42.6908],[-95.073,42.6909]]]}},{"type":"Feature","properties":{"leaid":"1925320","name":"Saydel Community School District","kind":"Unified","gradeLow":"PK","gradeHigh":"12","state":"IA"},"geometry":{"type":"Polygon","coordinates":[[[-93.5418,41.6883],[-93.5416,41.6703],[-93.5369,41.6705],[-93.5369,41.6622],[-93.5418,41.6623],[-93.5418,41.6586],[-93.537,41.6586],[-93.537,41.6513],[-93.5418,41.6514],[-93.5418,41.6477],[-93.5466,41.6477],[-93.5467,41.6368],[-93.6419,41.6368],[-93.6406,41.6409],[-93.6484,41.6415],[-93.6656,41.6472],[-93.6674,41.6521],[-93.6647,41.6579],[-93.6706,41.6629],[-93.6666,41.6664],[-93.6693,41.6723],[-93.6674,41.678],[-93.67,41.6819],[-93.6768,41.6846],[-93.6796,41.6871],[-93.6779,41.6884],[-93.657,41.6886],[-93.5418,41.6883]]]}},{"type":"Feature","properties":{"leaid":"1928680","name":"Urbandale Community School District","kind":"Unified","gradeLow":"PK","gradeHigh":"12","state":"IA"},"geometry":{"type":"Polygon","coordinates":[[[-93.7716,41.644],[-93.6976,41.6439],[-93.6977,41.6367],[-93.7027,41.6367],[-93.7038,41.6221],[-93.7287,41.6224],[-93.7318,41.6211],[-93.7351,41.6227],[-93.8143,41.6221],[-93.8144,41.6511],[-93.7944,41.6512],[-93.7944,41.644],[-93.7848,41.644],[-93.7847,41.6295],[-93.7751,41.6295],[-93.7751,41.6383],[-93.7679,41.6386],[-93.7716,41.644]]]}},{"type":"Feature","properties":{"leaid":"1900031","name":"Albert City-Truesdale Community School District","kind":"Unified","gradeLow":"PK","gradeHigh":"12","state":"IA"},"geometry":{"type":"Polygon","coordinates":[[[-94.8556,42.7624],[-94.8554,42.7406],[-94.875,42.7409],[-94.875,42.7337],[-94.9091,42.7343],[-94.9091,42.7269],[-94.9141,42.727],[-94.9154,42.6653],[-94.9251,42.6653],[-94.9251,42.6689],[-94.9545,42.6691],[-94.9543,42.6833],[-94.9641,42.6834],[-94.9638,42.7052],[-94.9789,42.7052],[-94.9788,42.7019],[-94.9933,42.7018],[-94.9934,42.6979],[-95.0032,42.698],[-95.0032,42.7052],[-95.013,42.7052],[-95.0128,42.7197],[-95.0334,42.7197],[-95.0334,42.7124],[-95.0822,42.7126],[-95.0825,42.7053],[-95.0727,42.7053],[-95.0724,42.6909],[-95.1319,42.6908],[-95.1318,42.6979],[-95.1975,42.6981],[-95.2006,42.698],[-95.2006,42.6909],[-95.2104,42.691],[-95.2104,42.6982],[-95.2301,42.6979],[-95.2301,42.7054],[-95.2396,42.7055],[-95.2398,42.7274],[-95.2299,42.7274],[-95.2298,42.7633],[-95.1415,42.7633],[-95.1414,42.756],[-95.112,42.7561],[-95.1119,42.7633],[-95.0923,42.7633],[-95.0923,42.7777],[-95.0824,42.7777],[-95.0825,42.7814],[-95.0727,42.7814],[-95.0727,42.7851],[-95.0531,42.7851],[-95.0531,42.7996],[-95.0628,42.7995],[-95.0629,42.814],[-95.0218,42.8141],[-95.0218,42.8103],[-95.0023,42.8106],[-95.0024,42.8141],[-94.958,42.8141],[-94.9579,42.8219],[-94.9533,42.8219],[-94.9533,42.84],[-94.9435,42.8401],[-94.9434,42.8436],[-94.9238,42.8436],[-94.9238,42.8291],[-94.905,42.829],[-94.905,42.8103],[-94.8952,42.8101],[-94.8952,42.8137],[-94.8853,42.8136],[-94.8855,42.7845],[-94.8756,42.7844],[-94.8756,42.7772],[-94.8658,42.7771],[-94.8654,42.7626],[-94.8556,42.7624]]]}},{"type":"Feature","properties":{"leaid":"1900032","name":"Alden Community School District","kind":"Unified","gradeLow":"PK","gradeHigh":"12","state":"IA"},"geometry":{"type":"Polygon","coordinates":[[[-93.3908,42.6156],[-93.3507,42.6161],[-93.3507,42.6088],[-93.3309,42.6086],[-93.3305,42.5719],[-93.3605,42.5719],[-93.3607,42.5575],[-93.3212,42.5574],[-93.3202,42.5214],[-93.3213,42.4707],[-93.3466,42.4704],[-93.3468,42.4049],[-93.3564,42.405],[-93.3564,42.4122],[-93.3855,42.4124],[-93.3856,42.4267],[-93.4147,42.4269],[-93.4147,42.4413],[-93.4341,42.4413],[-93.4341,42.4341],[-93.4437,42.4341],[-93.4438,42.4486],[-93.4628,42.4486],[-93.4626,42.4708],[-93.4991,42.471],[-93.4995,42.6085],[-93.479,42.6084],[-93.4792,42.6158],[-93.4205,42.6155],[-93.4205,42.6227],[-93.4301,42.6228],[-93.43,42.6302],[-93.4105,42.6301],[-93.4102,42.6374],[-93.4006,42.6375],[-93.4008,42.63],[-93.3936,42.6302],[-93.3933,42.6229],[-93.391,42.6229],[-93.3908,42.6156]]]}},{"type":"Feature","properties":{"leaid":"1926730","name":"South Tama County Community School District","kind":"Unified","gradeLow":"PK","gradeHigh":"12","state":"IA"},"geometry":{"type":"Polygon","coordinates":[[[-92.3563,42.0217],[-92.3562,42.0109],[-92.3611,42.0109],[-92.3611,42.0073],[-92.3659,42.0073],[-92.3657,42.0001],[-92.3608,42.0],[-92.3606,41.9928],[-92.3654,41.9928],[-92.365,41.9784],[-92.3553,41.9783],[-92.3554,41.9711],[-92.3651,41.9711],[-92.3651,41.9641],[-92.3745,41.9642],[-92.3756,41.9495],[-92.3804,41.9494],[-92.3803,41.9203],[-92.3849,41.9203],[-92.3846,41.9067],[-92.3654,41.9068],[-92.3661,41.8625],[-92.3912,41.8626],[-92.3911,41.8592],[-92.396,41.8591],[-92.3961,41.8519],[-92.3913,41.8519],[-92.3912,41.841],[-92.3961,41.841],[-92.3959,41.8336],[-92.4057,41.8334],[-92.4061,41.8226],[-92.4163,41.8224],[-92.4165,41.8332],[-92.4259,41.8334],[-92.4257,41.8443],[-92.4159,41.8441],[-92.4157,41.8549],[-92.4252,41.8552],[-92.4255,41.8625],[-92.5427,41.8622],[-92.5428,41.8555],[-92.5524,41.8555],[-92.5525,41.8622],[-92.5574,41.8623],[-92.5573,41.8591],[-92.5719,41.8591],[-92.5719,41.8623],[-92.6885,41.8623],[-92.6884,41.9064],[-92.7177,41.9062],[-92.7179,41.9281],[-92.7228,41.928],[-92.7231,41.9353],[-92.7182,41.9354],[-92.7177,41.9426],[-92.7372,41.9425],[-92.7368,41.9493],[-92.7562,41.9493],[-92.7561,41.9636],[-92.761,41.9636],[-92.7609,41.9711],[-92.7562,41.9712],[-92.756,41.9818],[-92.7418,41.9821],[-92.7414,42.0063],[-92.7367,42.0062],[-92.7366,42.0208],[-92.7317,42.0208],[-92.7323,42.0351],[-92.6642,42.0356],[-92.664,42.0287],[-92.6688,42.0287],[-92.6686,42.0214],[-92.6496,42.0215],[-92.6497,42.0573],[-92.6398,42.0574],[-92.6398,42.0646],[-92.6008,42.0649],[-92.6008,42.0721],[-92.6106,42.072],[-92.6106,42.0865],[-92.6007,42.0868],[-92.6007,42.0902],[-92.591,42.0903],[-92.5911,42.1157],[-92.6008,42.1156],[-92.6011,42.1306],[-92.5914,42.1306],[-92.5914,42.1452],[-92.5814,42.1451],[-92.5815,42.1378],[-92.5621,42.1377],[-92.5621,42.1231],[-92.5572,42.1231],[-92.5572,42.1156],[-92.5524,42.1156],[-92.5524,42.1193],[-92.5426,42.1193],[-92.5426,42.1084],[-92.5329,42.1087],[-92.533,42.0867],[-92.5227,42.0864],[-92.5224,42.0829],[-92.5127,42.0826],[-92.5124,42.0719],[-92.4882,42.0719],[-92.488,42.0647],[-92.4927,42.0647],[-92.4929,42.0574],[-92.4832,42.0575],[-92.4833,42.0503],[-92.4735,42.0503],[-92.4738,42.0431],[-92.464,42.0431],[-92.464,42.0358],[-92.4154,42.0358],[-92.4154,42.0291],[-92.4051,42.0291],[-92.4049,42.0236],[-92.3952,42.0235],[-92.3945,42.0218],[-92.3757,42.0218],[-92.376,42.029],[-92.3662,42.029],[-92.3661,42.0217],[-92.3563,42.0217]]]}},{"type":"Feature","properties":{"leaid":"1919590","name":"Montezuma Community School District","kind":"Unified","gradeLow":"PK","gradeHigh":"12","state":"IA"},"geometry":{"type":"Polygon","coordinates":[[[-92.3043,41.6015],[-92.2978,41.6015],[-92.2978,41.5967],[-92.3074,41.5967],[-92.3074,41.5933],[-92.3123,41.5934],[-92.3122,41.5898],[-92.3107,41.5898],[-92.3108,41.587],[-92.3132,41.5861],[-92.3147,41.5826],[-92.346,41.5821],[-92.3461,41.5857],[-92.3509,41.5858],[-92.351,41.5822],[-92.3652,41.5821],[-92.3652,41.5858],[-92.3679,41.5857],[-92.369,41.5821],[-92.3679,41.5822],[-92.3674,41.5801],[-92.3716,41.58],[-92.3694,41.5785],[-92.3701,41.5767],[-92.3751,41.5767],[-92.3752,41.5675],[-92.3364,41.5676],[-92.3363,41.5296],[-92.3411,41.5296],[-92.3411,41.5312],[-92.3507,41.5313],[-92.3507,41.5242],[-92.3458,41.5243],[-92.3456,41.5097],[-92.3554,41.5096],[-92.3555,41.5206],[-92.3745,41.5204],[-92.3745,41.524],[-92.365,41.5241],[-92.3651,41.5312],[-92.3746,41.5312],[-92.375,41.5603],[-92.3844,41.5603],[-92.3843,41.553],[-92.4036,41.553],[-92.4035,41.5385],[-92.4121,41.5385],[-92.412,41.5095],[-92.4641,41.5094],[-92.4642,41.5112],[-92.477,41.513],[-92.477,41.5166],[-92.4866,41.5165],[-92.4866,41.5093],[-92.6036,41.5092],[-92.6034,41.515],[-92.6138,41.515],[-92.6138,41.5164],[-92.6186,41.5164],[-92.6186,41.5146],[-92.6234,41.5146],[-92.6234,41.52],[-92.6378,41.52],[-92.6378,41.5164],[-92.6421,41.5164],[-92.6425,41.6019],[-92.6497,41.6018],[-92.6497,41.688],[-92.5619,41.688],[-92.5618,41.6817],[-92.5327,41.6812],[-92.513,41.6814],[-92.5128,41.6879],[-92.4982,41.688],[-92.4985,41.6741],[-92.4937,41.6741],[-92.4936,41.6595],[-92.4695,41.6595],[-92.4695,41.6524],[-92.4647,41.6523],[-92.4646,41.6305],[-92.4496,41.6305],[-92.4501,41.6377],[-92.4257,41.6377],[-92.4259,41.645],[-92.4162,41.645],[-92.4162,41.6305],[-92.4061,41.6306],[-92.406,41.6234],[-92.3673,41.6234],[-92.3672,41.6162],[-92.3575,41.6161],[-92.3575,41.6089],[-92.3478,41.6089],[-92.3478,41.6125],[-92.3382,41.6125],[-92.3384,41.6161],[-92.3284,41.6161],[-92.3285,41.6197],[-92.3188,41.6196],[-92.3188,41.6232],[-92.3044,41.6233],[-92.3043,41.6161],[-92.3091,41.6161],[-92.3091,41.6088],[-92.3041,41.6088],[-92.3043,41.6015]]]}},{"type":"Feature","properties":{"leaid":"1906930","name":"Central Lee Community School District","kind":"Unified","gradeLow":"PK","gradeHigh":"12","state":"IA"},"geometry":{"type":"Polygon","coordinates":[[[-91.3697,40.5888],[-91.3798,40.5745],[-91.4015,40.5595],[-91.4052,40.5546],[-91.4069,40.5476],[-91.4062,40.5427],[-91.4041,40.5391],[-91.4007,40.5368],[-91.3845,40.5309],[-91.3679,40.5105],[-91.3642,40.5],[-91.3639,40.4901],[-91.3665,40.4789],[-91.372,40.4676],[-91.3844,40.4719],[-91.3964,40.472],[-91.3966,40.4647],[-91.4155,40.4649],[-91.4151,40.4903],[-91.4339,40.4906],[-91.4338,40.4942],[-91.4481,40.4944],[-91.4481,40.4983],[-91.4717,40.4983],[-91.4724,40.4656],[-91.4913,40.4659],[-91.4915,40.4587],[-91.5105,40.4588],[-91.5105,40.4552],[-91.52,40.4552],[-91.5201,40.4516],[-91.5231,40.4516],[-91.5239,40.4563],[-91.5262,40.4586],[-91.5527,40.4588],[-91.5638,40.461],[-91.5747,40.4657],[-91.5815,40.4729],[-91.5869,40.4872],[-91.5908,40.4923],[-91.5946,40.495],[-91.6128,40.5024],[-91.6169,40.5048],[-91.6214,40.5101],[-91.6222,40.517],[-91.6188,40.5263],[-91.618,40.534],[-91.6201,40.5408],[-91.6252,40.5435],[-91.6328,40.545],[-91.6817,40.553],[-91.6908,40.5599],[-91.6916,40.5622],[-91.668,40.5621],[-91.6673,40.6019],[-91.6577,40.6018],[-91.6576,40.6165],[-91.6604,40.6165],[-91.6605,40.6263],[-91.647,40.6262],[-91.6474,40.6282],[-91.6514,40.6292],[-91.6538,40.6317],[-91.6605,40.6317],[-91.6605,40.6389],[-91.6795,40.6388],[-91.6801,40.668],[-91.6608,40.6681],[-91.6614,40.6754],[-91.6945,40.6753],[-91.6946,40.6826],[-91.6705,40.6826],[-91.6701,40.7117],[-91.6412,40.7118],[-91.6412,40.7228],[-91.6604,40.7227],[-91.6605,40.7191],[-91.6796,40.7191],[-91.6796,40.7262],[-91.6604,40.7265],[-91.6604,40.73],[-91.6796,40.7299],[-91.6797,40.7514],[-91.6749,40.7514],[-91.675,40.7554],[-91.6605,40.7555],[-91.6605,40.7628],[-91.651,40.7628],[-91.6511,40.7555],[-91.6412,40.7547],[-91.6412,40.7409],[-91.6508,40.7409],[-91.6507,40.7336],[-91.6029,40.7336],[-91.6029,40.7263],[-91.5991,40.7246],[-91.6029,40.7247],[-91.603,40.719],[-91.569,40.719],[-91.5689,40.7261],[-91.593,40.7262],[-91.5929,40.7406],[-91.6029,40.7406],[-91.6029,40.7555],[-91.5736,40.7554],[-91.5736,40.7515],[-91.564,40.7515],[-91.5642,40.7332],[-91.5594,40.7332],[-91.5594,40.7297],[-91.5355,40.7296],[-91.5354,40.7191],[-91.526,40.719],[-91.5259,40.7225],[-91.5164,40.7226],[-91.5164,40.7259],[-91.507,40.7259],[-91.5069,40.6936],[-91.4975,40.6938],[-91.4973,40.6825],[-91.4877,40.6825],[-91.4877,40.6788],[-91.4346,40.6786],[-91.4346,40.6731],[-91.4395,40.6732],[-91.4396,40.646],[-91.4493,40.646],[-91.4493,40.6386],[-91.4881,40.6389],[-91.4884,40.5894],[-91.4027,40.5882],[-91.4025,40.5937],[-91.3962,40.5977],[-91.39,40.5952],[-91.384,40.5951],[-91.3839,40.5889],[-91.3697,40.5888]]]}},{"type":"Feature","properties":{"leaid":"1919740","name":"Mormon Trail Community School District","kind":"Unified","gradeLow":"PK","gradeHigh":"12","state":"IA"},"geometry":{"type":"Polygon","coordinates":[[[-93.3985,40.8977],[-93.4421,40.8976],[-93.4421,40.8913],[-93.4374,40.8913],[-93.4374,40.8894],[-93.4374,40.884],[-93.4422,40.884],[-93.4421,40.855],[-93.4324,40.8552],[-93.4323,40.8625],[-93.4228,40.8628],[-93.4228,40.8422],[-93.4323,40.8442],[-93.4322,40.8336],[-93.437,40.8333],[-93.4371,40.8442],[-93.4422,40.8442],[-93.4424,40.8296],[-93.4323,40.8297],[-93.4321,40.8261],[-93.437,40.826],[-93.437,40.8222],[-93.4425,40.8221],[-93.4422,40.804],[-93.4708,40.8041],[-93.4708,40.7969],[-93.4754,40.797],[-93.4754,40.7894],[-93.4518,40.7895],[-93.4518,40.7822],[-93.4851,40.7826],[-93.485,40.7791],[-93.4899,40.7791],[-93.4896,40.7611],[-93.4944,40.7611],[-93.4944,40.7538],[-93.5563,40.7542],[-93.5566,40.7108],[-93.5464,40.711],[-93.5462,40.7037],[-93.5413,40.7038],[-93.5412,40.6964],[-93.5566,40.6963],[-93.5566,40.7035],[-93.5655,40.7035],[-93.5658,40.6998],[-93.5754,40.6998],[-93.5752,40.6816],[-93.5802,40.6816],[-93.5803,40.6744],[-93.5949,40.6743],[-93.5948,40.6779],[-93.5995,40.6779],[-93.5994,40.6743],[-93.6042,40.6744],[-93.6043,40.6671],[-93.6089,40.6671],[-93.6089,40.6636],[-93.6279,40.6635],[-93.6281,40.6673],[-93.6179,40.6672],[-93.6215,40.6714],[-93.6208,40.6731],[-93.6245,40.6834],[-93.6228,40.6845],[-93.6245,40.6851],[-93.6256,40.6878],[-93.6275,40.6882],[-93.6273,40.7034],[-93.6322,40.7033],[-93.6322,40.6961],[-93.6513,40.6963],[-93.6516,40.7108],[-93.6422,40.7107],[-93.642,40.7179],[-93.6323,40.7179],[-93.6325,40.725],[-93.6233,40.7252],[-93.623,40.7326],[-93.6087,40.7324],[-93.6089,40.7288],[-93.6043,40.7288],[-93.6038,40.7325],[-93.5991,40.7325],[-93.599,40.7396],[-93.6037,40.7396],[-93.6039,40.7436],[-93.618,40.7433],[-93.618,40.7505],[-93.6086,40.7505],[-93.6086,40.7684],[-93.6276,40.7682],[-93.6276,40.7611],[-93.6322,40.7613],[-93.6324,40.7647],[-93.6466,40.7647],[-93.6466,40.7719],[-93.6514,40.7718],[-93.6514,40.7765],[-93.6559,40.7765],[-93.6561,40.7827],[-93.6659,40.7831],[-93.6661,40.7796],[-93.676,40.7794],[-93.6758,40.7904],[-93.6711,40.7904],[-93.6711,40.8049],[-93.6899,40.8047],[-93.69,40.807],[-93.6987,40.8061],[-93.7091,40.8067],[-93.724,40.8021],[-93.7288,40.7974],[-93.7286,40.8125],[-93.7139,40.8125],[-93.7143,40.8343],[-93.7095,40.8345],[-93.71,40.8562],[-93.7034,40.8562],[-93.7035,40.8634],[-93.7053,40.8634],[-93.7051,40.8708],[-93.6907,40.8706],[-93.6907,40.8781],[-93.6714,40.8782],[-93.6717,40.8994],[-93.6621,40.8993],[-93.6624,40.925],[-93.6527,40.9248],[-93.653,40.9284],[-93.6437,40.9284],[-93.6423,40.8992],[-93.6332,40.8992],[-93.6334,40.921],[-93.6384,40.9214],[-93.6389,40.932],[-93.6481,40.9321],[-93.6483,40.9392],[-93.6436,40.9395],[-93.6435,40.9575],[-93.5569,40.9565],[-93.5567,40.9863],[-93.4804,40.9855],[-93.4804,40.981],[-93.4757,40.981],[-93.4757,40.9775],[-93.4661,40.9773],[-93.4661,40.9855],[-93.4708,40.9855],[-93.4705,40.988],[-93.4669,40.988],[-93.4605,40.9923],[-93.4519,40.9927],[-93.4518,40.9962],[-93.4422,40.9968],[-93.4421,40.9768],[-93.4614,40.9774],[-93.4614,40.9701],[-93.4833,40.9701],[-93.5042,40.9704],[-93.5045,40.9741],[-93.5091,40.9741],[-93.5092,40.9777],[-93.5139,40.9778],[-93.5139,40.9596],[-93.5044,40.9604],[-93.5044,40.9667],[-93.4712,40.9663],[-93.4709,40.9592],[-93.4662,40.9592],[-93.4662,40.9555],[-93.4038,40.9554],[-93.4038,40.949],[-93.3991,40.9499],[-93.3991,40.9516],[-93.3942,40.9517],[-93.3944,40.9483],[-93.3894,40.9483],[-93.3894,40.9412],[-93.3847,40.9412],[-93.3845,40.9123],[-93.394,40.9123],[-93.3941,40.905],[-93.3985,40.905],[-93.3985,40.8977]]]}},{"type":"Feature","properties":{"leaid":"1909480","name":"Dubuque Community School District","kind":"Unified","gradeLow":"PK","gradeHigh":"12","state":"IA"},"geometry":{"type":"Polygon","coordinates":[[[-90.8525,42.6648],[-90.7695,42.6514],[-90.7569,42.6478],[-90.7311,42.6434],[-90.7178,42.6399],[-90.7063,42.6342],[-90.7027,42.6308],[-90.7001,42.6225],[-90.692,42.6104],[-90.688,42.5992],[-90.687,42.5918],[-90.6779,42.58],[-90.6615,42.568],[-90.6591,42.5579],[-90.6541,42.5499],[-90.6489,42.5463],[-90.6447,42.5413],[-90.6414,42.5286],[-90.636,42.5187],[-90.636,42.5154],[-90.6496,42.5009],[-90.6565,42.491],[-90.6554,42.4809],[-90.6514,42.4755],[-90.6444,42.4701],[-90.6243,42.4589],[-90.6063,42.4515],[-90.568,42.4404],[-90.5604,42.4329],[-90.5582,42.421],[-90.555,42.4161],[-90.5068,42.3988],[-90.5001,42.3955],[-90.4872,42.3851],[-90.4779,42.3842],[-90.4738,42.3815],[-90.4909,42.3817],[-90.4909,42.3715],[-90.4959,42.3715],[-90.4959,42.3681],[-90.5277,42.3675],[-90.5261,42.3643],[-90.5275,42.3633],[-90.5306,42.362],[-90.5306,42.3636],[-90.5355,42.363],[-90.5352,42.3388],[-90.6081,42.3387],[-90.6078,42.3202],[-90.6175,42.3201],[-90.6176,42.302],[-90.6223,42.3019],[-90.6223,42.3033],[-90.627,42.3012],[-90.6278,42.3021],[-90.6655,42.3021],[-90.6655,42.3093],[-90.7143,42.3094],[-90.7143,42.2949],[-90.7679,42.295],[-90.768,42.2986],[-90.7729,42.2986],[-90.7728,42.3058],[-90.768,42.3059],[-90.768,42.3241],[-90.7816,42.3241],[-90.7816,42.3385],[-90.7534,42.3386],[-90.7534,42.3676],[-90.7583,42.3676],[-90.7583,42.3712],[-90.7631,42.3711],[-90.7631,42.382],[-90.7813,42.382],[-90.7814,42.4254],[-90.7864,42.4254],[-90.7864,42.4291],[-90.7914,42.4291],[-90.7914,42.4328],[-90.7964,42.4328],[-90.7965,42.44],[-90.8113,42.4402],[-90.8113,42.4438],[-90.821,42.4438],[-90.8211,42.445],[-90.8211,42.4474],[-90.8014,42.4474],[-90.7999,42.4488],[-90.8,42.4509],[-90.8016,42.4509],[-90.8016,42.4546],[-90.8029,42.4546],[-90.8028,42.4618],[-90.8064,42.4618],[-90.8063,42.4669],[-90.8015,42.4669],[-90.8014,42.4618],[-90.7965,42.4617],[-90.7965,42.4635],[-90.7914,42.4635],[-90.7914,42.4581],[-90.7864,42.4581],[-90.7858,42.4653],[-90.7814,42.4653],[-90.7814,42.471],[-90.8338,42.4707],[-90.8338,42.4743],[-90.819,42.4744],[-90.8191,42.4853],[-90.8585,42.4852],[-90.8585,42.4888],[-90.8781,42.4888],[-90.878,42.507],[-90.8978,42.5069],[-90.8978,42.5251],[-90.8928,42.5251],[-90.893,42.5507],[-90.8978,42.5506],[-90.8977,42.5578],[-90.8634,42.5578],[-90.8632,42.5634],[-90.8635,42.5978],[-90.8684,42.5978],[-90.8687,42.6159],[-90.8683,42.6342],[-90.8633,42.6342],[-90.8633,42.6416],[-90.878,42.6417],[-90.8779,42.6479],[-90.8829,42.648],[-90.8829,42.653],[-90.8973,42.653],[-90.897,42.6751],[-90.8525,42.6648]]]}},{"type":"Feature","properties":{"leaid":"1904650","name":"Bellevue Community School District","kind":"Unified","gradeLow":"PK","gradeHigh":"12","state":"IA"},"geometry":{"type":"Polygon","coordinates":[[[-90.4738,42.3815],[-90.4703,42.3784],[-90.4641,42.3686],[-90.4527,42.3593],[-90.4452,42.3564],[-90.4305,42.3369],[-90.4214,42.3305],[-90.4165,42.3251],[-90.4162,42.3213],[-90.4212,42.3153],[-90.4189,42.3083],[-90.4243,42.2933],[-90.4269,42.2907],[-90.431,42.2825],[-90.4309,42.2782],[-90.4183,42.2532],[-90.4007,42.2393],[-90.3959,42.2331],[-90.3932,42.2272],[-90.3751,42.2148],[-90.357,42.2054],[-90.3322,42.2022],[-90.3283,42.201],[-90.3178,42.1938],[-90.3066,42.1905],[-90.3359,42.1632],[-90.3435,42.1496],[-90.3446,42.1417],[-90.3524,42.1373],[-90.3597,42.1242],[-90.3707,42.121],[-90.3741,42.1212],[-90.3743,42.1279],[-90.384,42.128],[-90.3839,42.1389],[-90.3937,42.1388],[-90.3937,42.1497],[-90.428,42.1496],[-90.4281,42.1436],[-90.438,42.1423],[-90.4379,42.1496],[-90.443,42.1496],[-90.4429,42.1423],[-90.4722,42.1422],[-90.4722,42.1386],[-90.4673,42.1386],[-90.4673,42.1314],[-90.4623,42.1314],[-90.4621,42.1205],[-90.4671,42.1205],[-90.467,42.1128],[-90.4772,42.1128],[-90.4773,42.1118],[-90.4832,42.1147],[-90.4864,42.1145],[-90.487,42.1277],[-90.5013,42.1278],[-90.5012,42.1203],[-90.5121,42.1203],[-90.5135,42.1228],[-90.5196,42.1263],[-90.5161,42.1278],[-90.5062,42.1277],[-90.5062,42.1313],[-90.5013,42.1312],[-90.5013,42.135],[-90.5107,42.135],[-90.5109,42.164],[-90.5203,42.164],[-90.5204,42.1751],[-90.53,42.1751],[-90.5305,42.1859],[-90.5401,42.1858],[-90.5402,42.1967],[-90.5355,42.1967],[-90.5355,42.2003],[-90.5402,42.2003],[-90.5402,42.2074],[-90.559,42.2074],[-90.559,42.2148],[-90.5931,42.2148],[-90.5932,42.2294],[-90.5787,42.2294],[-90.579,42.2366],[-90.5889,42.2366],[-90.5889,42.2439],[-90.5791,42.2439],[-90.5791,42.2511],[-90.5706,42.2512],[-90.5707,42.2585],[-90.5794,42.2584],[-90.5788,42.2947],[-90.5624,42.2947],[-90.5629,42.2965],[-90.561,42.297],[-90.5615,42.3016],[-90.5691,42.3093],[-90.5576,42.3091],[-90.5577,42.3124],[-90.5541,42.3125],[-90.554,42.3202],[-90.5591,42.32],[-90.5591,42.3165],[-90.5692,42.3164],[-90.5691,42.3237],[-90.5882,42.3238],[-90.5883,42.3164],[-90.603,42.3166],[-90.603,42.3128],[-90.6127,42.3129],[-90.6126,42.3092],[-90.6078,42.3092],[-90.6077,42.2985],[-90.6175,42.2984],[-90.618,42.2966],[-90.621,42.2945],[-90.6087,42.2874],[-90.6467,42.2878],[-90.6468,42.302],[-90.627,42.3012],[-90.6223,42.3033],[-90.6223,42.3019],[-90.6176,42.302],[-90.6175,42.3201],[-90.6078,42.3202],[-90.6081,42.3387],[-90.5352,42.3388],[-90.5355,42.363],[-90.5306,42.3636],[-90.5306,42.362],[-90.5275,42.3633],[-90.5261,42.3643],[-90.5277,42.3675],[-90.4959,42.3681],[-90.4959,42.3715],[-90.4909,42.3715],[-90.4909,42.3817],[-90.4738,42.3815]]]}},{"type":"Feature","properties":{"leaid":"1903090","name":"Adair-Casey Community School District","kind":"Unified","gradeLow":"PK","gradeHigh":"12","state":"IA"},"geometry":{"type":"Polygon","coordinates":[[[-94.4712,41.5614],[-94.4711,41.5219],[-94.4625,41.5219],[-94.4625,41.5183],[-94.4711,41.5183],[-94.4711,41.4676],[-94.4617,41.4676],[-94.4616,41.4604],[-94.4711,41.4604],[-94.4709,41.4282],[-94.48,41.4281],[-94.48,41.4172],[-94.5286,41.4173],[-94.5285,41.3965],[-94.5573,41.3963],[-94.5573,41.4102],[-94.5477,41.4101],[-94.5478,41.4173],[-94.5859,41.4174],[-94.5858,41.4103],[-94.5938,41.4102],[-94.5955,41.4103],[-94.5956,41.4173],[-94.6036,41.4174],[-94.6036,41.4163],[-94.6051,41.4163],[-94.6051,41.4174],[-94.6147,41.4174],[-94.6141,41.3815],[-94.6046,41.3815],[-94.6045,41.3744],[-94.6284,41.3743],[-94.6283,41.3671],[-94.6304,41.367],[-94.6428,41.3671],[-94.6428,41.3743],[-94.6477,41.3743],[-94.6475,41.3671],[-94.6523,41.3671],[-94.6524,41.3743],[-94.662,41.3744],[-94.6627,41.4174],[-94.6819,41.4175],[-94.6819,41.4184],[-94.6818,41.4319],[-94.6769,41.4319],[-94.6769,41.4392],[-94.6727,41.4392],[-94.6727,41.4534],[-94.6626,41.4533],[-94.6625,41.4607],[-94.6959,41.4608],[-94.6958,41.4681],[-94.6864,41.4681],[-94.6865,41.4752],[-94.6912,41.4752],[-94.6913,41.4825],[-94.7006,41.4825],[-94.7005,41.4897],[-94.6817,41.4896],[-94.6817,41.497],[-94.6911,41.497],[-94.6911,41.5006],[-94.7006,41.5007],[-94.7007,41.5185],[-94.7103,41.5186],[-94.7102,41.5258],[-94.7149,41.5258],[-94.7149,41.533],[-94.7007,41.533],[-94.7007,41.5402],[-94.7054,41.5401],[-94.7054,41.5438],[-94.7007,41.5438],[-94.7007,41.5474],[-94.7103,41.5474],[-94.7103,41.5518],[-94.7103,41.5691],[-94.7008,41.569],[-94.7007,41.5762],[-94.7056,41.5763],[-94.7055,41.5835],[-94.7106,41.5834],[-94.7105,41.6023],[-94.7193,41.6022],[-94.7195,41.6095],[-94.6765,41.6098],[-94.6759,41.6168],[-94.6714,41.6168],[-94.6718,41.6224],[-94.6709,41.6239],[-94.6575,41.6236],[-94.6566,41.6167],[-94.6279,41.6168],[-94.6278,41.6092],[-94.5895,41.609],[-94.5885,41.602],[-94.5098,41.6018],[-94.5096,41.5618],[-94.4906,41.5618],[-94.4906,41.5687],[-94.4818,41.5687],[-94.4809,41.5687],[-94.4808,41.5615],[-94.4712,41.5614]]]}},{"type":"Feature","properties":{"leaid":"1903960","name":"Audubon Community School District","kind":"Unified","gradeLow":"PK","gradeHigh":"12","state":"IA"},"geometry":{"type":"Polygon","coordinates":[[[-95.0149,41.863],[-94.8028,41.8629],[-94.8027,41.8565],[-94.8073,41.8563],[-94.8076,41.849],[-94.7933,41.849],[-94.7928,41.84],[-94.7832,41.8399],[-94.7833,41.8454],[-94.7736,41.8454],[-94.7736,41.849],[-94.7639,41.8489],[-94.7635,41.8056],[-94.7442,41.8055],[-94.744,41.7466],[-94.7151,41.7465],[-94.7152,41.7176],[-94.7344,41.7176],[-94.7345,41.7104],[-94.7297,41.7104],[-94.7297,41.7032],[-94.7345,41.7032],[-94.7343,41.6961],[-94.7442,41.696],[-94.7443,41.697],[-94.7441,41.6673],[-94.7489,41.6672],[-94.749,41.6708],[-94.7587,41.6709],[-94.759,41.6637],[-94.7635,41.6637],[-94.7635,41.66],[-94.7684,41.66],[-94.7684,41.6709],[-94.7731,41.6709],[-94.7731,41.6745],[-94.8022,41.6741],[-94.8022,41.6668],[-94.8068,41.6669],[-94.8069,41.6635],[-94.8164,41.6635],[-94.8167,41.6742],[-94.8262,41.6741],[-94.8261,41.667],[-94.8213,41.667],[-94.8213,41.6635],[-94.8309,41.6633],[-94.831,41.6741],[-94.8358,41.674],[-94.8357,41.6596],[-94.8405,41.6596],[-94.8407,41.6703],[-94.855,41.6705],[-94.8551,41.667],[-94.8601,41.667],[-94.8601,41.6597],[-94.8698,41.6596],[-94.8698,41.6487],[-94.9038,41.6488],[-94.9036,41.6452],[-94.9183,41.6451],[-94.9183,41.6413],[-94.9326,41.6412],[-94.9326,41.6451],[-94.9715,41.6452],[-94.9715,41.638],[-94.9763,41.638],[-94.9763,41.6308],[-95.0151,41.6309],[-95.015,41.6204],[-95.0197,41.6202],[-95.0196,41.6275],[-95.0173,41.6274],[-95.0173,41.6309],[-95.0197,41.6309],[-95.0196,41.6347],[-95.0244,41.6348],[-95.0244,41.6274],[-95.0292,41.6276],[-95.0292,41.624],[-95.0245,41.6238],[-95.0244,41.6166],[-95.0339,41.6166],[-95.034,41.6276],[-95.0483,41.6275],[-95.0483,41.6313],[-95.0679,41.6311],[-95.068,41.6348],[-95.0482,41.6347],[-95.0484,41.6382],[-95.0342,41.6385],[-95.0342,41.6457],[-95.0489,41.6456],[-95.0489,41.6493],[-95.044,41.6494],[-95.044,41.653],[-95.0585,41.6531],[-95.0585,41.6457],[-95.0732,41.6457],[-95.0734,41.6638],[-95.0587,41.6638],[-95.0583,41.6856],[-95.0684,41.6856],[-95.0684,41.6885],[-95.0729,41.6885],[-95.0789,41.6884],[-95.0808,41.6884],[-95.093,41.6883],[-95.0932,41.6884],[-95.093,41.7984],[-95.0538,41.7986],[-95.0538,41.795],[-95.0492,41.7949],[-95.049,41.7985],[-95.0441,41.7986],[-95.044,41.7912],[-95.0394,41.7912],[-95.0393,41.7948],[-95.0359,41.7948],[-95.0296,41.7948],[-95.0297,41.7912],[-95.0248,41.7912],[-95.0246,41.8129],[-95.0149,41.813],[-95.0149,41.863]]]}},{"type":"Feature","properties":{"leaid":"1927500","name":"West Central Valley Community School District","kind":"Unified","gradeLow":"PK","gradeHigh":"12","state":"IA"},"geometry":{"type":"Polygon","coordinates":[[[-94.104,41.5572],[-94.1035,41.5624],[-94.1067,41.5653],[-94.1113,41.5658],[-94.1166,41.564],[-94.1252,41.5662],[-94.1317,41.5711],[-94.1369,41.5713],[-94.1369,41.561],[-94.1416,41.5601],[-94.1416,41.5538],[-94.1609,41.5537],[-94.1609,41.5502],[-94.1754,41.5502],[-94.1755,41.5466],[-94.1851,41.5466],[-94.1851,41.5323],[-94.1803,41.5322],[-94.1803,41.5182],[-94.1756,41.5178],[-94.1752,41.5034],[-94.2416,41.5037],[-94.2415,41.3738],[-94.3179,41.3738],[-94.318,41.3882],[-94.337,41.3881],[-94.337,41.3813],[-94.3466,41.3813],[-94.3465,41.3738],[-94.3568,41.3738],[-94.3566,41.4172],[-94.4141,41.4171],[-94.4142,41.4038],[-94.4159,41.4028],[-94.4527,41.4032],[-94.4526,41.4172],[-94.48,41.4172],[-94.48,41.4281],[-94.4709,41.4282],[-94.4711,41.4604],[-94.4616,41.4604],[-94.4617,41.4676],[-94.4711,41.4676],[-94.4711,41.5183],[-94.4625,41.5183],[-94.4625,41.5219],[-94.4711,41.5219],[-94.4712,41.5614],[-94.4628,41.5613],[-94.4623,41.5683],[-94.4673,41.5688],[-94.4625,41.5723],[-94.4577,41.5723],[-94.4577,41.5758],[-94.4675,41.576],[-94.4672,41.5831],[-94.4626,41.5832],[-94.4625,41.5903],[-94.4336,41.5903],[-94.4336,41.5938],[-94.4289,41.5938],[-94.4289,41.5904],[-94.424,41.5904],[-94.424,41.5868],[-94.4193,41.5868],[-94.4192,41.5976],[-94.424,41.5976],[-94.424,41.6016],[-94.4249,41.6016],[-94.4249,41.6053],[-94.4203,41.6053],[-94.4203,41.6161],[-94.396,41.616],[-94.3962,41.6052],[-94.3762,41.6052],[-94.3764,41.6015],[-94.3664,41.6017],[-94.3668,41.5978],[-94.3571,41.5973],[-94.3569,41.6055],[-94.3477,41.605],[-94.3473,41.6088],[-94.3377,41.6087],[-94.3374,41.6015],[-94.304,41.6014],[-94.3037,41.6087],[-94.2967,41.6086],[-94.2966,41.6158],[-94.2949,41.6158],[-94.2948,41.6185],[-94.299,41.6162],[-94.299,41.6121],[-94.3035,41.6122],[-94.3037,41.6157],[-94.3132,41.6158],[-94.3132,41.6194],[-94.3198,41.6194],[-94.3199,41.6231],[-94.318,41.623],[-94.3181,41.6302],[-94.2988,41.6301],[-94.299,41.6228],[-94.2895,41.6228],[-94.2895,41.6186],[-94.2866,41.6193],[-94.28,41.6149],[-94.2774,41.6158],[-94.2409,41.6154],[-94.2412,41.6297],[-94.2026,41.6296],[-94.2026,41.6955],[-94.1931,41.6956],[-94.1931,41.6884],[-94.1834,41.6884],[-94.1834,41.6957],[-94.1689,41.6957],[-94.1689,41.6922],[-94.1641,41.6921],[-94.1641,41.6884],[-94.154,41.6883],[-94.1543,41.6513],[-94.1398,41.6513],[-94.1398,41.6441],[-94.1252,41.644],[-94.1249,41.6169],[-94.1394,41.6169],[-94.1395,41.6151],[-94.1249,41.6151],[-94.1248,41.6078],[-94.1194,41.6078],[-94.1344,41.6043],[-94.1345,41.6007],[-94.1393,41.6008],[-94.1393,41.6031],[-94.1441,41.602],[-94.1442,41.6008],[-94.1463,41.6007],[-94.1463,41.5982],[-94.144,41.5994],[-94.1439,41.597],[-94.1414,41.597],[-94.1414,41.598],[-94.1359,41.5979],[-94.1359,41.597],[-94.1221,41.5971],[-94.1221,41.6007],[-94.1092,41.6005],[-94.109,41.5897],[-94.1018,41.5897],[-94.1018,41.5933],[-94.0945,41.5933],[-94.0944,41.5825],[-94.0896,41.5826],[-94.0896,41.5571],[-94.0919,41.5571],[-94.0919,41.5586],[-94.0943,41.5586],[-94.0943,41.5571],[-94.104,41.5572]]]}},{"type":"Feature","properties":{"leaid":"1924000","name":"Red Oak Community School District","kind":"Unified","gradeLow":"PK","gradeHigh":"12","state":"IA"},"geometry":{"type":"MultiPolygon","coordinates":[[[[-95.1658,40.9047],[-95.1466,40.9047],[-95.1467,40.901],[-95.1658,40.9011],[-95.1658,40.9047]]],[[[-95.1658,40.9047],[-95.1705,40.9047],[-95.1705,40.9011],[-95.2226,40.9012],[-95.2225,40.9124],[-95.2324,40.9124],[-95.2326,40.8941],[-95.2421,40.8941],[-95.2422,40.8977],[-95.2798,40.8976],[-95.28,40.9014],[-95.2894,40.9015],[-95.2891,40.9159],[-95.3084,40.9159],[-95.3084,40.9088],[-95.305,40.9087],[-95.3049,40.905],[-95.3084,40.905],[-95.3085,40.9014],[-95.3264,40.9013],[-95.3264,40.9031],[-95.3275,40.9031],[-95.3275,40.9013],[-95.385,40.9016],[-95.3847,40.9087],[-95.376,40.9088],[-95.376,40.916],[-95.3847,40.916],[-95.3848,40.9486],[-95.3752,40.9486],[-95.3752,40.9522],[-95.3706,40.9522],[-95.3707,40.9559],[-95.3658,40.9559],[-95.3658,40.9595],[-95.3705,40.9595],[-95.3705,40.9669],[-95.3754,40.9666],[-95.3753,40.9631],[-95.3847,40.9631],[-95.3847,40.9702],[-95.3754,40.9703],[-95.3757,40.9811],[-95.3847,40.9811],[-95.3847,41.0734],[-95.3761,41.0734],[-95.3759,41.0879],[-95.3846,41.0879],[-95.3844,41.146],[-95.3754,41.1459],[-95.3755,41.1496],[-95.3843,41.1496],[-95.3843,41.16],[-95.342,41.1599],[-95.342,41.1672],[-95.318,41.167],[-95.318,41.1598],[-95.2796,41.1596],[-95.2795,41.1529],[-95.2613,41.1528],[-95.2614,41.131],[-95.2376,41.131],[-95.2375,41.1165],[-95.2327,41.1164],[-95.2327,41.112],[-95.228,41.1119],[-95.228,41.1164],[-95.2229,41.1164],[-95.223,41.1273],[-95.2138,41.1273],[-95.2136,41.1199],[-95.2088,41.1199],[-95.2088,41.1163],[-95.1981,41.1162],[-95.198,41.1115],[-95.1957,41.1092],[-95.2134,41.109],[-95.2133,41.0948],[-95.2089,41.0947],[-95.2083,41.0911],[-95.2044,41.0911],[-95.199,41.0961],[-95.1957,41.1018],[-95.1944,41.1017],[-95.1942,41.1054],[-95.185,41.1052],[-95.1849,41.1015],[-95.1702,41.1015],[-95.1708,41.0908],[-95.1657,41.0907],[-95.1656,41.0944],[-95.1608,41.0945],[-95.1608,41.1016],[-95.1377,41.1018],[-95.1377,41.0982],[-95.1282,41.0981],[-95.1281,41.0946],[-95.1233,41.0946],[-95.1235,41.0763],[-95.1186,41.0762],[-95.1178,41.0595],[-95.1274,41.0595],[-95.1274,41.0557],[-95.1178,41.0557],[-95.1177,41.0486],[-95.1369,41.0489],[-95.1369,41.0451],[-95.1273,41.0451],[-95.1273,41.0388],[-95.1274,41.0305],[-95.137,41.0307],[-95.1371,41.027],[-95.1275,41.0267],[-95.1275,41.0198],[-95.118,41.0196],[-95.1182,41.016],[-95.1277,41.0161],[-95.1278,41.0124],[-95.1468,41.0123],[-95.1471,40.9946],[-95.1562,40.9945],[-95.1562,40.9872],[-95.1754,40.9873],[-95.1755,40.9809],[-95.1803,40.9809],[-95.1803,40.9737],[-95.166,40.9736],[-95.1659,40.9663],[-95.1708,40.9661],[-95.171,40.9627],[-95.1664,40.9627],[-95.1664,40.93],[-95.1755,40.9301],[-95.1754,40.9229],[-95.1562,40.9232],[-95.1562,40.9083],[-95.1658,40.9083],[-95.1658,40.9047]]]]}},{"type":"Feature","properties":{"leaid":"1913230","name":"Griswold Community School District","kind":"Unified","gradeLow":"PK","gradeHigh":"12","state":"IA"},"geometry":{"type":"Polygon","coordinates":[[[-94.9558,41.2554],[-94.9559,41.2417],[-94.9511,41.2417],[-94.9511,41.2381],[-94.9463,41.2381],[-94.9462,41.2345],[-94.9396,41.2345],[-94.9396,41.2382],[-94.9369,41.2381],[-94.9368,41.2345],[-94.9319,41.2345],[-94.932,41.2308],[-94.9367,41.2309],[-94.9368,41.2164],[-94.932,41.2164],[-94.932,41.2128],[-94.9368,41.2128],[-94.9368,41.2091],[-94.9464,41.2092],[-94.9465,41.2021],[-94.9447,41.2021],[-94.9445,41.1994],[-94.9465,41.1994],[-94.9465,41.1947],[-94.9273,41.1947],[-94.9275,41.1622],[-94.9203,41.1621],[-94.9203,41.1657],[-94.9107,41.1657],[-94.9106,41.1514],[-94.9276,41.1517],[-94.9276,41.1444],[-94.9467,41.1446],[-94.9467,41.1295],[-94.9562,41.1295],[-94.9561,41.1373],[-94.9657,41.1373],[-94.9658,41.1301],[-94.9753,41.1302],[-94.9755,41.1158],[-95.0037,41.1158],[-95.0038,41.1086],[-95.0121,41.1085],[-95.0158,41.1157],[-95.0157,41.1122],[-95.0229,41.1122],[-95.023,41.1014],[-95.0418,41.1015],[-95.0419,41.0943],[-95.0276,41.0942],[-95.0278,41.0798],[-95.056,41.0799],[-95.0561,41.0836],[-95.0608,41.0836],[-95.0604,41.0908],[-95.0704,41.0908],[-95.0704,41.0872],[-95.0802,41.0872],[-95.0804,41.0799],[-95.0899,41.0799],[-95.0899,41.0836],[-95.0995,41.0835],[-95.0994,41.0799],[-95.1186,41.0799],[-95.1186,41.0762],[-95.1235,41.0763],[-95.1233,41.0946],[-95.1281,41.0946],[-95.1282,41.0981],[-95.1377,41.0982],[-95.1377,41.1018],[-95.1608,41.1016],[-95.1608,41.0945],[-95.1656,41.0944],[-95.1657,41.0907],[-95.1708,41.0908],[-95.1702,41.1015],[-95.1849,41.1015],[-95.185,41.1052],[-95.1942,41.1054],[-95.1944,41.1017],[-95.1957,41.1018],[-95.199,41.0961],[-95.2044,41.0911],[-95.2083,41.0911],[-95.2089,41.0947],[-95.2133,41.0948],[-95.2134,41.109],[-95.1957,41.1092],[-95.198,41.1115],[-95.1981,41.1162],[-95.2088,41.1163],[-95.2088,41.1199],[-95.2136,41.1199],[-95.2138,41.1273],[-95.223,41.1273],[-95.2229,41.1164],[-95.228,41.1164],[-95.228,41.1119],[-95.2327,41.112],[-95.2327,41.1164],[-95.2375,41.1165],[-95.2376,41.131],[-95.2614,41.131],[-95.2613,41.1528],[-95.2795,41.1529],[-95.2796,41.1596],[-95.3084,41.1597],[-95.3084,41.1742],[-95.2891,41.1741],[-95.2891,41.1668],[-95.2699,41.1668],[-95.2699,41.1886],[-95.2891,41.1886],[-95.2891,41.185],[-95.2987,41.1849],[-95.2987,41.1814],[-95.3082,41.1815],[-95.3084,41.1853],[-95.3083,41.1888],[-95.2987,41.1887],[-95.2987,41.2033],[-95.2845,41.2031],[-95.2843,41.2104],[-95.289,41.2105],[-95.2891,41.2526],[-95.2696,41.2524],[-95.2698,41.267],[-95.2794,41.2671],[-95.2794,41.2707],[-95.2698,41.2706],[-95.2698,41.2742],[-95.2609,41.2743],[-95.2611,41.2889],[-95.2698,41.2887],[-95.2698,41.2959],[-95.2127,41.2961],[-95.2127,41.2943],[-95.2033,41.2942],[-95.2032,41.296],[-95.1937,41.2958],[-95.1937,41.2994],[-95.1841,41.2993],[-95.1841,41.2956],[-95.1744,41.2956],[-95.1746,41.3101],[-95.1841,41.3102],[-95.1842,41.3133],[-95.1841,41.3174],[-95.1747,41.3173],[-95.1745,41.3245],[-95.1841,41.3246],[-95.1841,41.3318],[-95.1792,41.3318],[-95.1788,41.3282],[-95.1648,41.3281],[-95.1648,41.3319],[-95.16,41.3319],[-95.16,41.339],[-95.1651,41.339],[-95.1647,41.3462],[-95.1554,41.3462],[-95.1555,41.3534],[-95.1371,41.3535],[-95.1371,41.3462],[-95.1299,41.3462],[-95.1299,41.3499],[-95.1322,41.3499],[-95.1322,41.3534],[-95.1275,41.3534],[-95.1276,41.3606],[-95.1227,41.3606],[-95.1226,41.3534],[-95.1178,41.3533],[-95.118,41.3461],[-95.1229,41.3462],[-95.1229,41.3389],[-95.1277,41.3389],[-95.1277,41.3353],[-95.1336,41.3353],[-95.1337,41.3318],[-95.1181,41.3317],[-95.1182,41.3285],[-95.1036,41.3284],[-95.1036,41.3174],[-95.0987,41.3174],[-95.0987,41.3201],[-95.094,41.3201],[-95.0939,41.3174],[-95.0867,41.3173],[-95.0832,41.3198],[-95.0764,41.3217],[-95.0748,41.3246],[-95.0604,41.3244],[-95.0604,41.3316],[-95.0411,41.3314],[-95.0412,41.2953],[-95.0377,41.2953],[-95.0377,41.288],[-95.033,41.288],[-95.0327,41.2953],[-95.0234,41.2953],[-95.0235,41.288],[-95.0136,41.288],[-95.0137,41.2845],[-95.0041,41.2845],[-95.004,41.2736],[-95.0137,41.2736],[-95.0137,41.2808],[-95.0192,41.2808],[-95.0231,41.2805],[-95.0232,41.2773],[-95.0185,41.2773],[-95.0184,41.2736],[-95.028,41.2735],[-95.0279,41.2664],[-95.0231,41.2663],[-95.0229,41.2545],[-95.0218,41.2545],[-95.022,41.2591],[-94.9991,41.2591],[-94.9991,41.2537],[-94.9941,41.2536],[-94.9944,41.2699],[-94.9851,41.2699],[-94.985,41.2518],[-94.9751,41.2517],[-94.9751,41.259],[-94.9653,41.259],[-94.9654,41.2554],[-94.9558,41.2554]]]}},{"type":"Feature","properties":{"leaid":"1918030","name":"Lynnville-Sully Community School District","kind":"Unified","gradeLow":"PK","gradeHigh":"12","state":"IA"},"geometry":{"type":"Polygon","coordinates":[[[-92.6883,41.6015],[-92.6425,41.6019],[-92.6421,41.5381],[-92.6813,41.5382],[-92.6808,41.5309],[-92.7193,41.5308],[-92.7195,41.5453],[-92.7243,41.5453],[-92.7242,41.538],[-92.7387,41.5381],[-92.7384,41.5306],[-92.7567,41.5305],[-92.7565,41.5088],[-92.7954,41.5087],[-92.7954,41.5018],[-92.8242,41.5017],[-92.8243,41.4944],[-92.8385,41.4941],[-92.8387,41.5016],[-92.8628,41.5015],[-92.8628,41.5051],[-92.8676,41.5051],[-92.8676,41.5085],[-92.881,41.5085],[-92.8811,41.5158],[-92.8859,41.5158],[-92.8859,41.5302],[-92.9054,41.5302],[-92.9055,41.5338],[-92.9112,41.5338],[-92.9113,41.5375],[-92.9194,41.5411],[-92.92,41.5372],[-92.9296,41.5373],[-92.9295,41.5301],[-92.9343,41.5302],[-92.9343,41.5338],[-92.9439,41.5337],[-92.9439,41.5373],[-92.968,41.5373],[-92.9682,41.5518],[-92.9634,41.5518],[-92.9634,41.566],[-92.9685,41.5663],[-92.9685,41.5698],[-92.9779,41.5698],[-92.9779,41.577],[-92.9731,41.5772],[-92.9731,41.5844],[-92.9779,41.5844],[-92.9779,41.588],[-92.9867,41.5866],[-92.9867,41.5879],[-92.9961,41.588],[-92.9961,41.6017],[-92.9655,41.6016],[-92.9655,41.6088],[-92.9703,41.6088],[-92.9704,41.6161],[-92.9366,41.6161],[-92.9366,41.6234],[-92.9414,41.6234],[-92.9416,41.6669],[-92.9126,41.6669],[-92.9126,41.6743],[-92.9029,41.6742],[-92.9029,41.667],[-92.8836,41.6671],[-92.8835,41.6815],[-92.8486,41.6813],[-92.8486,41.6881],[-92.834,41.6881],[-92.8341,41.6813],[-92.8244,41.6813],[-92.8245,41.6774],[-92.8341,41.6777],[-92.8341,41.674],[-92.839,41.6741],[-92.839,41.6704],[-92.8245,41.6704],[-92.8245,41.6668],[-92.8197,41.6668],[-92.8197,41.674],[-92.8052,41.674],[-92.8053,41.6523],[-92.7762,41.6521],[-92.7762,41.6377],[-92.7666,41.6377],[-92.7668,41.6014],[-92.7271,41.6016],[-92.7271,41.6305],[-92.719,41.6306],[-92.6884,41.6306],[-92.6883,41.6015]]]}},{"type":"Feature","properties":{"leaid":"1921870","name":"Oskaloosa Community School District","kind":"Unified","gradeLow":"PK","gradeHigh":"12","state":"IA"},"geometry":{"type":"Polygon","coordinates":[[[-92.4112,41.3361],[-92.4108,41.2715],[-92.4397,41.2714],[-92.4397,41.2932],[-92.4494,41.2942],[-92.4494,41.3004],[-92.4685,41.3002],[-92.4684,41.2786],[-92.4732,41.2784],[-92.4732,41.2749],[-92.4771,41.2749],[-92.4828,41.275],[-92.4828,41.2786],[-92.4925,41.2785],[-92.4923,41.2497],[-92.4875,41.2497],[-92.4877,41.245],[-92.5067,41.2449],[-92.5064,41.2196],[-92.5161,41.2196],[-92.5161,41.2268],[-92.526,41.2267],[-92.526,41.2376],[-92.5546,41.2374],[-92.5545,41.2193],[-92.6023,41.2191],[-92.6023,41.2084],[-92.6216,41.2085],[-92.6217,41.2157],[-92.6312,41.2158],[-92.6316,41.2448],[-92.6364,41.2448],[-92.6363,41.2412],[-92.6405,41.2413],[-92.6406,41.2448],[-92.6599,41.2448],[-92.6598,41.2411],[-92.6694,41.2411],[-92.6694,41.2448],[-92.6741,41.2448],[-92.6741,41.2267],[-92.6646,41.2266],[-92.6645,41.223],[-92.668,41.2229],[-92.6692,41.2194],[-92.6692,41.2086],[-92.6885,41.2086],[-92.6885,41.205],[-92.7029,41.2049],[-92.7029,41.2122],[-92.7076,41.2127],[-92.7076,41.2086],[-92.7173,41.2084],[-92.7173,41.2122],[-92.7366,41.2121],[-92.7365,41.2048],[-92.7743,41.2048],[-92.7746,41.2266],[-92.8032,41.2265],[-92.8032,41.2301],[-92.808,41.2301],[-92.808,41.2323],[-92.808,41.2336],[-92.8032,41.2336],[-92.8032,41.2373],[-92.8127,41.2373],[-92.8127,41.2337],[-92.8265,41.2337],[-92.8271,41.2409],[-92.832,41.2409],[-92.8321,41.2588],[-92.825,41.2585],[-92.8199,41.2596],[-92.8199,41.261],[-92.8239,41.2675],[-92.8282,41.2702],[-92.8319,41.2701],[-92.8323,41.292],[-92.8519,41.2921],[-92.852,41.299],[-92.8559,41.299],[-92.8589,41.3036],[-92.8631,41.3061],[-92.8651,41.3053],[-92.8675,41.3003],[-92.8708,41.2986],[-92.8708,41.3066],[-92.8648,41.3078],[-92.8615,41.3065],[-92.8519,41.3064],[-92.8521,41.3138],[-92.8304,41.3137],[-92.8304,41.3173],[-92.8231,41.3175],[-92.8232,41.3211],[-92.799,41.3212],[-92.7991,41.3177],[-92.7942,41.3177],[-92.7942,41.3214],[-92.7557,41.3214],[-92.7557,41.3285],[-92.7421,41.3287],[-92.7421,41.3324],[-92.7373,41.3323],[-92.7373,41.3354],[-92.7272,41.3354],[-92.7237,41.3335],[-92.7238,41.3354],[-92.7181,41.3354],[-92.7183,41.3789],[-92.6799,41.3791],[-92.6797,41.3644],[-92.6702,41.3645],[-92.6702,41.3573],[-92.6225,41.3574],[-92.6227,41.3502],[-92.5936,41.3503],[-92.5936,41.343],[-92.5888,41.343],[-92.5888,41.3395],[-92.5936,41.3394],[-92.5936,41.3357],[-92.5777,41.3358],[-92.5695,41.3291],[-92.5719,41.3276],[-92.5698,41.3253],[-92.5651,41.3254],[-92.5649,41.3502],[-92.5552,41.3502],[-92.5554,41.3574],[-92.5505,41.3574],[-92.5506,41.3646],[-92.5457,41.3645],[-92.5458,41.3609],[-92.5361,41.361],[-92.5362,41.3791],[-92.5219,41.3792],[-92.522,41.3829],[-92.5172,41.3829],[-92.5172,41.3757],[-92.5124,41.3758],[-92.5123,41.365],[-92.5014,41.365],[-92.5004,41.3505],[-92.4884,41.3505],[-92.4883,41.3488],[-92.4742,41.3487],[-92.4738,41.3507],[-92.4643,41.3506],[-92.4643,41.3579],[-92.45,41.3578],[-92.45,41.3614],[-92.4441,41.3614],[-92.444,41.3651],[-92.4463,41.365],[-92.4463,41.3669],[-92.4499,41.3668],[-92.45,41.3704],[-92.4539,41.3704],[-92.4532,41.374],[-92.4517,41.374],[-92.4549,41.3758],[-92.4549,41.3795],[-92.4597,41.3795],[-92.4598,41.4085],[-92.4502,41.4084],[-92.4502,41.4232],[-92.4309,41.4232],[-92.4309,41.4085],[-92.4116,41.4085],[-92.4113,41.3687],[-92.4259,41.3687],[-92.4261,41.3658],[-92.426,41.3616],[-92.4248,41.3613],[-92.4256,41.336],[-92.4112,41.3361]]]}},{"type":"Feature","properties":{"leaid":"1921210","name":"Northwood-Kensett Community School District","kind":"Unified","gradeLow":"PK","gradeHigh":"12","state":"IA"},"geometry":{"type":"Polygon","coordinates":[[[-93.0643,43.4996],[-93.0644,43.4876],[-93.0728,43.4878],[-93.0728,43.4866],[-93.0744,43.4866],[-93.0746,43.4805],[-93.0446,43.4801],[-93.0448,43.4728],[-93.0351,43.4729],[-93.0345,43.4512],[-93.0445,43.4513],[-93.0445,43.4439],[-93.0545,43.4439],[-93.0545,43.4367],[-93.0843,43.4369],[-93.0842,43.4009],[-93.0892,43.4009],[-93.0892,43.3981],[-93.0942,43.3935],[-93.1043,43.3935],[-93.1042,43.3789],[-93.1092,43.3789],[-93.1091,43.3752],[-93.1149,43.3752],[-93.1184,43.3731],[-93.1192,43.3789],[-93.1241,43.3789],[-93.1242,43.3682],[-93.1412,43.368],[-93.1415,43.35],[-93.1514,43.35],[-93.1514,43.3568],[-93.161,43.3569],[-93.161,43.3424],[-93.181,43.3425],[-93.1811,43.3312],[-93.2009,43.3311],[-93.2008,43.3425],[-93.2602,43.3427],[-93.2603,43.3277],[-93.2555,43.3277],[-93.2555,43.3349],[-93.2505,43.3349],[-93.2506,43.3385],[-93.2406,43.3385],[-93.2406,43.3349],[-93.2356,43.3349],[-93.2356,43.3312],[-93.2307,43.3313],[-93.2308,43.3276],[-93.2406,43.3277],[-93.2408,43.3204],[-93.2702,43.3204],[-93.2702,43.3276],[-93.2801,43.3276],[-93.2801,43.3348],[-93.2901,43.3349],[-93.2901,43.324],[-93.2949,43.3241],[-93.2948,43.3277],[-93.3001,43.3277],[-93.3,43.3349],[-93.3099,43.3349],[-93.3099,43.3386],[-93.3049,43.3386],[-93.3049,43.3426],[-93.3447,43.3426],[-93.3448,43.3498],[-93.3694,43.3498],[-93.3696,43.3571],[-93.3598,43.3571],[-93.3597,43.3716],[-93.3745,43.3716],[-93.3748,43.3819],[-93.3791,43.382],[-93.3789,43.4995],[-93.0643,43.4996]]]}},{"type":"Feature","properties":{"leaid":"1908220","name":"Council Bluffs Community School District","kind":"Unified","gradeLow":"PK","gradeHigh":"12","state":"IA"},"geometry":{"type":"Polygon","coordinates":[[[-95.8409,41.4195],[-95.8407,41.417],[-95.8377,41.414],[-95.8386,41.4115],[-95.8343,41.4099],[-95.8339,41.4073],[-95.8412,41.3939],[-95.8413,41.3329],[-95.8034,41.3327],[-95.8035,41.3189],[-95.7987,41.3189],[-95.7988,41.3153],[-95.7939,41.3152],[-95.794,41.3044],[-95.7844,41.3043],[-95.7844,41.2898],[-95.7749,41.2899],[-95.7749,41.2862],[-95.7606,41.2863],[-95.7605,41.2898],[-95.7461,41.2896],[-95.7462,41.2821],[-95.7415,41.2824],[-95.7415,41.2752],[-95.7462,41.2755],[-95.7463,41.2716],[-95.7449,41.2703],[-95.7477,41.268],[-95.751,41.2676],[-95.7511,41.2607],[-95.8029,41.261],[-95.8095,41.2601],[-95.8181,41.2483],[-95.8249,41.2327],[-95.9108,41.2319],[-95.9119,41.241],[-95.9191,41.2527],[-95.9223,41.263],[-95.9215,41.2676],[-95.9141,41.2724],[-95.9286,41.2813],[-95.9297,41.2923],[-95.9276,41.2984],[-95.9202,41.3012],[-95.9059,41.301],[-95.9042,41.2976],[-95.9061,41.2875],[-95.9072,41.2849],[-95.9126,41.2795],[-95.9028,41.2744],[-95.8845,41.2807],[-95.8743,41.2874],[-95.8714,41.2934],[-95.8727,41.3043],[-95.8783,41.3131],[-95.8893,41.3195],[-95.8999,41.3215],[-95.9151,41.3199],[-95.9214,41.3204],[-95.9357,41.3265],[-95.9517,41.3375],[-95.956,41.3431],[-95.9571,41.3496],[-95.9523,41.3549],[-95.9355,41.3601],[-95.9297,41.3671],[-95.9288,41.3701],[-95.9295,41.3753],[-95.9364,41.3859],[-95.9378,41.3908],[-95.9368,41.3979],[-95.9301,41.4092],[-95.9295,41.4153],[-95.9306,41.4192],[-95.8409,41.4195]]]}},{"type":"Feature","properties":{"leaid":"1928230","name":"Underwood Community School District","kind":"Unified","gradeLow":"PK","gradeHigh":"12","state":"IA"},"geometry":{"type":"Polygon","coordinates":[[[-95.5273,41.3904],[-95.5269,41.3834],[-95.5365,41.3834],[-95.5365,41.3798],[-95.5461,41.3798],[-95.5463,41.3761],[-95.5474,41.3761],[-95.5474,41.3728],[-95.5462,41.373],[-95.5462,41.3652],[-95.5559,41.3653],[-95.5559,41.3542],[-95.566,41.3541],[-95.5654,41.3471],[-95.5702,41.3471],[-95.57,41.3362],[-95.5749,41.3362],[-95.5748,41.3326],[-95.5846,41.3325],[-95.5844,41.3292],[-95.594,41.3293],[-95.594,41.3253],[-95.6269,41.3255],[-95.6269,41.3113],[-95.6222,41.3112],[-95.6222,41.3076],[-95.6269,41.3076],[-95.627,41.2971],[-95.6317,41.2968],[-95.6317,41.3005],[-95.6364,41.3004],[-95.6366,41.3041],[-95.6413,41.3041],[-95.6414,41.2968],[-95.651,41.2968],[-95.651,41.2932],[-95.6606,41.2934],[-95.6604,41.3042],[-95.6652,41.3042],[-95.6653,41.297],[-95.6846,41.297],[-95.6847,41.2862],[-95.6702,41.2862],[-95.6702,41.2899],[-95.6511,41.2896],[-95.6511,41.2824],[-95.6559,41.2824],[-95.6559,41.2752],[-95.6689,41.2753],[-95.6688,41.2769],[-95.6703,41.277],[-95.6703,41.2718],[-95.6655,41.2717],[-95.6655,41.2681],[-95.6607,41.268],[-95.6607,41.259],[-95.6693,41.2591],[-95.6694,41.2571],[-95.6752,41.2572],[-95.6751,41.2644],[-95.6703,41.2644],[-95.6703,41.2681],[-95.6751,41.2682],[-95.6751,41.2717],[-95.6943,41.2716],[-95.6943,41.2682],[-95.7087,41.2681],[-95.7087,41.2754],[-95.6943,41.2753],[-95.6942,41.2856],[-95.7002,41.2828],[-95.705,41.2821],[-95.7079,41.279],[-95.7183,41.279],[-95.7182,41.2861],[-95.7272,41.2861],[-95.7274,41.2897],[-95.7319,41.2896],[-95.7319,41.2825],[-95.7462,41.2821],[-95.7461,41.2896],[-95.7605,41.2898],[-95.7606,41.2863],[-95.7749,41.2862],[-95.7749,41.2899],[-95.7844,41.2898],[-95.7844,41.3043],[-95.794,41.3044],[-95.7939,41.3152],[-95.7988,41.3153],[-95.7987,41.3189],[-95.8035,41.3189],[-95.8034,41.3327],[-95.8413,41.3329],[-95.8412,41.3939],[-95.8339,41.4073],[-95.8343,41.4099],[-95.8386,41.4115],[-95.8377,41.414],[-95.8407,41.417],[-95.8409,41.4195],[-95.784,41.4195],[-95.7841,41.4268],[-95.7747,41.427],[-95.7745,41.4341],[-95.7649,41.434],[-95.765,41.445],[-95.7553,41.445],[-95.7554,41.463],[-95.746,41.4629],[-95.7459,41.4484],[-95.7412,41.4483],[-95.741,41.434],[-95.7266,41.434],[-95.7267,41.4412],[-95.6695,41.4411],[-95.6695,41.4338],[-95.6552,41.4338],[-95.6551,41.4302],[-95.6505,41.4302],[-95.6504,41.4266],[-95.6457,41.4266],[-95.6458,41.4194],[-95.6121,41.4194],[-95.6121,41.4048],[-95.5991,41.4051],[-95.5991,41.4015],[-95.5847,41.4016],[-95.5847,41.3943],[-95.5751,41.3943],[-95.5751,41.4015],[-95.5798,41.4015],[-95.5798,41.4052],[-95.5654,41.4052],[-95.5653,41.4015],[-95.5557,41.4016],[-95.5558,41.3871],[-95.5412,41.387],[-95.5413,41.3906],[-95.5273,41.3904]]]}},{"type":"Feature","properties":{"leaid":"1900027","name":"Riverside Community School District","kind":"Unified","gradeLow":"PK","gradeHigh":"12","state":"IA"},"geometry":{"type":"Polygon","coordinates":[[[-95.1983,41.3536],[-95.1984,41.3428],[-95.184,41.3427],[-95.184,41.3391],[-95.16,41.339],[-95.16,41.3319],[-95.1648,41.3319],[-95.1648,41.3281],[-95.1788,41.3282],[-95.1792,41.3318],[-95.1841,41.3318],[-95.1841,41.3246],[-95.1745,41.3245],[-95.1747,41.3173],[-95.1841,41.3174],[-95.1842,41.3133],[-95.1841,41.3102],[-95.1746,41.3101],[-95.1744,41.2956],[-95.1841,41.2956],[-95.1841,41.2993],[-95.1937,41.2994],[-95.1937,41.2958],[-95.2032,41.296],[-95.2033,41.2942],[-95.2127,41.2943],[-95.2127,41.2961],[-95.2698,41.2959],[-95.2698,41.2887],[-95.2611,41.2889],[-95.2609,41.2743],[-95.2698,41.2742],[-95.2698,41.2706],[-95.2794,41.2707],[-95.2794,41.2671],[-95.2698,41.267],[-95.2696,41.2524],[-95.2891,41.2526],[-95.289,41.2105],[-95.2843,41.2104],[-95.2845,41.2031],[-95.2987,41.2033],[-95.2987,41.1887],[-95.3083,41.1888],[-95.3082,41.1815],[-95.2987,41.1814],[-95.2987,41.1849],[-95.2891,41.185],[-95.2891,41.1886],[-95.2699,41.1886],[-95.2699,41.1668],[-95.2891,41.1668],[-95.2891,41.1741],[-95.3084,41.1742],[-95.3084,41.1597],[-95.318,41.1598],[-95.318,41.167],[-95.342,41.1672],[-95.342,41.1599],[-95.5756,41.16],[-95.5756,41.1709],[-95.5876,41.1709],[-95.5852,41.1723],[-95.5852,41.1745],[-95.5804,41.1753],[-95.5806,41.189],[-95.5421,41.1891],[-95.5422,41.1963],[-95.5278,41.1964],[-95.5276,41.2254],[-95.5324,41.2254],[-95.5323,41.229],[-95.5276,41.229],[-95.5275,41.2326],[-95.5462,41.2326],[-95.5461,41.2368],[-95.5442,41.2399],[-95.5371,41.2398],[-95.5371,41.246],[-95.5227,41.2459],[-95.5228,41.253],[-95.5179,41.2531],[-95.5179,41.2568],[-95.5131,41.2567],[-95.5131,41.2531],[-95.5084,41.2531],[-95.5084,41.2567],[-95.4988,41.2567],[-95.4988,41.2603],[-95.5036,41.2603],[-95.5035,41.2675],[-95.5273,41.2678],[-95.5274,41.264],[-95.5229,41.2639],[-95.5227,41.2568],[-95.5275,41.2568],[-95.5275,41.2604],[-95.5657,41.2604],[-95.5657,41.2677],[-95.5561,41.2677],[-95.556,41.2749],[-95.5656,41.2749],[-95.5656,41.2894],[-95.5751,41.2894],[-95.575,41.3039],[-95.5703,41.3039],[-95.5702,41.3111],[-95.5845,41.3112],[-95.5845,41.3148],[-95.575,41.3147],[-95.5749,41.3362],[-95.57,41.3362],[-95.5702,41.3471],[-95.5654,41.3471],[-95.566,41.3541],[-95.5559,41.3542],[-95.5559,41.3653],[-95.5462,41.3652],[-95.5462,41.373],[-95.5474,41.3728],[-95.5474,41.3761],[-95.5463,41.3761],[-95.5461,41.3798],[-95.5365,41.3798],[-95.5365,41.3834],[-95.5269,41.3834],[-95.5273,41.3904],[-95.466,41.3904],[-95.466,41.394],[-95.4522,41.3941],[-95.4516,41.3904],[-95.461,41.3903],[-95.4612,41.3831],[-95.4515,41.3831],[-95.4515,41.3867],[-95.4443,41.3867],[-95.4443,41.3885],[-95.4419,41.3885],[-95.4419,41.3867],[-95.4371,41.3866],[-95.437,41.3829],[-95.4321,41.383],[-95.4321,41.3903],[-95.4419,41.3904],[-95.4418,41.3974],[-95.4322,41.3974],[-95.4324,41.394],[-95.4275,41.394],[-95.4275,41.3867],[-95.4226,41.3866],[-95.4226,41.3757],[-95.4178,41.3757],[-95.4178,41.3812],[-95.413,41.3812],[-95.413,41.383],[-95.4082,41.383],[-95.4082,41.3903],[-95.4033,41.3903],[-95.4034,41.3866],[-95.3936,41.3865],[-95.3936,41.3847],[-95.4034,41.3848],[-95.4033,41.3813],[-95.3937,41.3812],[-95.3936,41.3829],[-95.3841,41.383],[-95.3839,41.3756],[-95.4034,41.3757],[-95.4034,41.3685],[-95.3937,41.3685],[-95.3937,41.3653],[-95.3888,41.3653],[-95.3889,41.3684],[-95.3661,41.3683],[-95.366,41.3611],[-95.3277,41.361],[-95.3277,41.3538],[-95.2991,41.3535],[-95.299,41.3573],[-95.294,41.3573],[-95.294,41.3538],[-95.2417,41.3537],[-95.2417,41.3573],[-95.2369,41.3573],[-95.2369,41.3537],[-95.1983,41.3536]]]}},{"type":"Feature","properties":{"leaid":"1930990","name":"West Liberty Community School District","kind":"Unified","gradeLow":"PK","gradeHigh":"12","state":"IA"},"geometry":{"type":"Polygon","coordinates":[[[-91.1347,41.6375],[-91.1385,41.6321],[-91.1566,41.6225],[-91.1594,41.6167],[-91.1587,41.6141],[-91.1533,41.6122],[-91.1513,41.6095],[-91.1263,41.5976],[-91.1543,41.5974],[-91.1544,41.5934],[-91.1496,41.5931],[-91.1495,41.5906],[-91.1445,41.5902],[-91.1446,41.5858],[-91.1397,41.5856],[-91.1397,41.5817],[-91.1366,41.5815],[-91.1484,41.5749],[-91.1448,41.5748],[-91.1449,41.5675],[-91.135,41.5673],[-91.1355,41.5164],[-91.141,41.5164],[-91.1419,41.5134],[-91.1454,41.5125],[-91.1454,41.5089],[-91.163,41.5089],[-91.1716,41.5065],[-91.1743,41.5044],[-91.1776,41.4906],[-91.1756,41.4857],[-91.172,41.4814],[-91.1729,41.4793],[-91.1767,41.4773],[-91.1862,41.4772],[-91.1936,41.4755],[-91.2034,41.4765],[-91.2106,41.4745],[-91.2143,41.4721],[-91.2142,41.4691],[-91.2116,41.4674],[-91.2088,41.4672],[-91.2068,41.4649],[-91.2119,41.4585],[-91.2181,41.4552],[-91.2249,41.457],[-91.2504,41.4524],[-91.2539,41.4506],[-91.2555,41.4446],[-91.2576,41.443],[-91.2607,41.4425],[-91.2669,41.4445],[-91.271,41.4443],[-91.2745,41.4416],[-91.2752,41.4378],[-91.271,41.4298],[-91.2859,41.4303],[-91.2876,41.4283],[-91.287,41.4229],[-91.3349,41.4231],[-91.3349,41.4266],[-91.3397,41.4266],[-91.3398,41.4232],[-91.3685,41.4232],[-91.3668,41.5612],[-91.3862,41.5615],[-91.3862,41.5688],[-91.3812,41.5687],[-91.3813,41.576],[-91.3959,41.5763],[-91.396,41.5836],[-91.3862,41.5834],[-91.3863,41.5907],[-91.396,41.5908],[-91.3961,41.5986],[-91.4049,41.5986],[-91.4053,41.617],[-91.3664,41.6168],[-91.3664,41.5984],[-91.3079,41.5981],[-91.3078,41.6128],[-91.3029,41.6128],[-91.3028,41.6274],[-91.2883,41.6274],[-91.2883,41.6489],[-91.2496,41.6487],[-91.2496,41.6562],[-91.2198,41.6559],[-91.2197,41.6486],[-91.21,41.6485],[-91.21,41.6413],[-91.2052,41.6413],[-91.2052,41.6377],[-91.1955,41.6376],[-91.1954,41.6412],[-91.1808,41.6412],[-91.181,41.6268],[-91.1664,41.6267],[-91.1663,41.6339],[-91.1518,41.6339],[-91.1518,41.6375],[-91.1347,41.6375]]]}},{"type":"Feature","properties":{"leaid":"1917100","name":"North Cedar Community School District","kind":"Unified","gradeLow":"PK","gradeHigh":"12","state":"IA"},"geometry":{"type":"Polygon","coordinates":[[[-91.2637,41.9764],[-91.2101,41.9763],[-91.2102,41.9471],[-91.0883,41.9467],[-91.0883,41.9503],[-91.0834,41.9504],[-91.0834,41.954],[-91.0736,41.954],[-91.0736,41.9613],[-91.0493,41.9611],[-91.0493,41.9648],[-91.0345,41.9649],[-91.0345,41.9611],[-91.0053,41.9611],[-91.0053,41.9466],[-90.9765,41.9467],[-90.9751,41.9286],[-90.9652,41.9285],[-90.9652,41.9322],[-90.9553,41.9321],[-90.9556,41.9357],[-90.9411,41.9355],[-90.9408,41.9282],[-90.9359,41.9281],[-90.9363,41.9355],[-90.9179,41.9352],[-90.9179,41.9463],[-90.8985,41.9462],[-90.8985,41.9281],[-90.9034,41.928],[-90.9034,41.9208],[-90.901,41.9208],[-90.901,41.9226],[-90.8984,41.9226],[-90.8981,41.9204],[-90.8989,41.9185],[-90.8984,41.8042],[-90.9177,41.8044],[-90.9178,41.8008],[-90.9226,41.8008],[-90.9227,41.7934],[-90.9274,41.7935],[-90.9275,41.7899],[-90.9371,41.7899],[-90.9372,41.7863],[-90.9421,41.7863],[-90.9419,41.7935],[-90.9565,41.7937],[-90.9563,41.801],[-91.0155,41.8009],[-91.0154,41.8082],[-91.0257,41.8081],[-91.0255,41.8009],[-91.045,41.8009],[-91.045,41.7937],[-91.0548,41.7938],[-91.0548,41.8085],[-91.0644,41.8085],[-91.0644,41.8157],[-91.0741,41.8157],[-91.0741,41.8304],[-91.0832,41.8303],[-91.0834,41.8451],[-91.108,41.8454],[-91.108,41.8418],[-91.1131,41.8418],[-91.1129,41.8381],[-91.123,41.8377],[-91.1229,41.8231],[-91.1324,41.8229],[-91.1324,41.8303],[-91.1767,41.8302],[-91.1767,41.8338],[-91.1719,41.8338],[-91.1719,41.8375],[-91.1743,41.8375],[-91.1743,41.8357],[-91.1755,41.8357],[-91.1755,41.8375],[-91.1768,41.8375],[-91.1767,41.8348],[-91.1816,41.8339],[-91.1816,41.8375],[-91.1914,41.8376],[-91.1914,41.8412],[-91.1929,41.8412],[-91.193,41.8429],[-91.1914,41.8434],[-91.1914,41.8448],[-91.2396,41.8454],[-91.2396,41.8309],[-91.2494,41.8307],[-91.2494,41.8452],[-91.2542,41.8452],[-91.2542,41.8343],[-91.2626,41.8343],[-91.2625,41.8306],[-91.2686,41.8307],[-91.2687,41.8162],[-91.3076,41.8163],[-91.3076,41.8309],[-91.3028,41.8309],[-91.3027,41.8598],[-91.3222,41.8599],[-91.3234,41.8781],[-91.3324,41.8782],[-91.3325,41.8965],[-91.3374,41.8964],[-91.3374,41.9036],[-91.3232,41.9036],[-91.3231,41.9109],[-91.3183,41.9108],[-91.3184,41.9181],[-91.3279,41.9182],[-91.3278,41.9472],[-91.3077,41.9472],[-91.3078,41.9693],[-91.3127,41.9693],[-91.3128,41.9729],[-91.2882,41.9731],[-91.2881,41.9695],[-91.2784,41.9695],[-91.2784,41.9766],[-91.2686,41.9765],[-91.2686,41.9728],[-91.2637,41.9728],[-91.2637,41.9764]]]}},{"type":"Feature","properties":{"leaid":"1927870","name":"Tipton Community School District","kind":"Unified","gradeLow":"PK","gradeHigh":"12","state":"IA"},"geometry":{"type":"Polygon","coordinates":[[[-91.0447,41.7426],[-91.0448,41.7318],[-91.0497,41.7317],[-91.0498,41.7281],[-91.04,41.7282],[-91.04,41.7209],[-91.0303,41.7209],[-91.0303,41.7245],[-91.0206,41.7246],[-91.0205,41.7173],[-91.0157,41.7173],[-91.0157,41.7137],[-91.0303,41.7136],[-91.0303,41.7062],[-91.0254,41.7064],[-91.0253,41.699],[-91.0351,41.6991],[-91.035,41.6954],[-91.0449,41.6954],[-91.0449,41.6918],[-91.0546,41.6918],[-91.0546,41.677],[-91.045,41.6773],[-91.045,41.6735],[-91.0354,41.6737],[-91.0354,41.67],[-91.0594,41.6698],[-91.0594,41.6626],[-91.0547,41.6626],[-91.0548,41.6553],[-91.0741,41.6553],[-91.0739,41.6626],[-91.0931,41.6626],[-91.0929,41.67],[-91.0976,41.67],[-91.0981,41.6554],[-91.1173,41.6556],[-91.1173,41.6538],[-91.1235,41.6538],[-91.1242,41.6556],[-91.1414,41.6559],[-91.1498,41.6616],[-91.1555,41.6696],[-91.1604,41.6718],[-91.1688,41.6731],[-91.1746,41.676],[-91.178,41.6843],[-91.1825,41.6897],[-91.1859,41.6981],[-91.1927,41.7034],[-91.1943,41.7068],[-91.2244,41.7188],[-91.2332,41.7239],[-91.2464,41.734],[-91.2523,41.7416],[-91.2641,41.7472],[-91.2766,41.7575],[-91.2806,41.7636],[-91.2895,41.7727],[-91.366,41.7729],[-91.366,41.818],[-91.3644,41.8159],[-91.3641,41.8093],[-91.3579,41.8061],[-91.3534,41.8061],[-91.3483,41.8093],[-91.347,41.812],[-91.3422,41.8132],[-91.3273,41.803],[-91.3271,41.8166],[-91.2687,41.8162],[-91.2686,41.8307],[-91.2625,41.8306],[-91.2626,41.8343],[-91.2542,41.8343],[-91.2542,41.8452],[-91.2494,41.8452],[-91.2494,41.8307],[-91.2396,41.8309],[-91.2396,41.8454],[-91.1914,41.8448],[-91.1914,41.8434],[-91.193,41.8429],[-91.1929,41.8412],[-91.1914,41.8412],[-91.1914,41.8376],[-91.1816,41.8375],[-91.1816,41.8339],[-91.1767,41.8348],[-91.1768,41.8375],[-91.1755,41.8375],[-91.1755,41.8357],[-91.1743,41.8357],[-91.1743,41.8375],[-91.1719,41.8375],[-91.1719,41.8338],[-91.1767,41.8338],[-91.1767,41.8302],[-91.1324,41.8303],[-91.1324,41.8229],[-91.1229,41.8231],[-91.123,41.8377],[-91.1129,41.8381],[-91.1131,41.8418],[-91.108,41.8418],[-91.108,41.8454],[-91.0834,41.8451],[-91.0832,41.8303],[-91.0741,41.8304],[-91.0741,41.8157],[-91.0644,41.8157],[-91.0644,41.8085],[-91.0548,41.8085],[-91.0548,41.7938],[-91.045,41.7937],[-91.045,41.8009],[-91.0255,41.8009],[-91.0257,41.8081],[-91.0154,41.8082],[-91.0156,41.7717],[-91.0098,41.7717],[-91.01,41.7646],[-91.0156,41.7646],[-91.0157,41.7501],[-91.0253,41.7501],[-91.0253,41.7427],[-91.0447,41.7426]],[[-91.0447,41.7426],[-91.0447,41.7463],[-91.0568,41.7463],[-91.0569,41.7426],[-91.0447,41.7426]]]}},{"type":"Feature","properties":{"leaid":"1904740","name":"Bennett Community School District","kind":"Unified","gradeLow":"PK","gradeHigh":"12","state":"IA"},"geometry":{"type":"MultiPolygon","coordinates":[[[[-91.0253,41.699],[-91.0254,41.6918],[-91.0302,41.6919],[-91.0302,41.699],[-91.0253,41.699]]],[[[-91.0447,41.7426],[-91.0569,41.7426],[-91.0568,41.7463],[-91.0447,41.7463],[-91.0447,41.7426]]],[[[-91.0253,41.699],[-91.0254,41.7064],[-91.0303,41.7062],[-91.0303,41.7136],[-91.0157,41.7137],[-91.0157,41.7173],[-91.0205,41.7173],[-91.0206,41.7246],[-91.0303,41.7245],[-91.0303,41.7209],[-91.04,41.7209],[-91.04,41.7282],[-91.0498,41.7281],[-91.0497,41.7317],[-91.0448,41.7318],[-91.0447,41.7426],[-91.0253,41.7427],[-91.0253,41.7501],[-91.0157,41.7501],[-91.0156,41.7646],[-91.01,41.7646],[-91.0098,41.7717],[-91.0156,41.7717],[-91.0155,41.8009],[-90.9563,41.801],[-90.9565,41.7937],[-90.9419,41.7935],[-90.9421,41.7863],[-90.9372,41.7863],[-90.9371,41.7899],[-90.9275,41.7899],[-90.9274,41.7935],[-90.9227,41.7934],[-90.9226,41.8008],[-90.9178,41.8008],[-90.9177,41.8044],[-90.8984,41.8042],[-90.8984,41.7714],[-90.8597,41.7715],[-90.8599,41.7643],[-90.8647,41.7643],[-90.8648,41.7497],[-90.8551,41.7497],[-90.8551,41.7424],[-90.8504,41.7424],[-90.8504,41.7352],[-90.8453,41.7351],[-90.8454,41.7278],[-90.8406,41.7278],[-90.8408,41.7205],[-90.7921,41.7201],[-90.7923,41.6838],[-90.8019,41.6839],[-90.8018,41.6693],[-90.841,41.6693],[-90.8409,41.673],[-90.8458,41.6731],[-90.8457,41.6767],[-90.8602,41.6769],[-90.8601,41.6841],[-90.9387,41.6843],[-90.9388,41.6772],[-90.9866,41.6772],[-90.9866,41.6844],[-90.996,41.6844],[-90.996,41.6807],[-91.0158,41.6809],[-91.0157,41.6832],[-91.0141,41.6832],[-91.0141,41.6845],[-91.0255,41.6845],[-91.0254,41.6881],[-91.0157,41.6881],[-91.0157,41.6991],[-91.0253,41.699]]]]}},{"type":"Feature","properties":{"leaid":"1909600","name":"Durant Community School District","kind":"Unified","gradeLow":"PK","gradeHigh":"12","state":"IA"},"geometry":{"type":"Polygon","coordinates":[[[-90.841,41.6693],[-90.7975,41.6693],[-90.7974,41.6621],[-90.7926,41.662],[-90.7927,41.6402],[-90.783,41.6402],[-90.7831,41.5965],[-90.8228,41.5966],[-90.8228,41.5894],[-90.8081,41.5892],[-90.8084,41.5677],[-90.7939,41.5678],[-90.794,41.5603],[-90.8038,41.5604],[-90.804,41.5457],[-90.7944,41.5457],[-90.7943,41.5529],[-90.7844,41.553],[-90.7845,41.5456],[-90.7892,41.5457],[-90.7895,41.5384],[-90.7846,41.5383],[-90.7847,41.531],[-90.7944,41.5312],[-90.7943,41.5384],[-90.8332,41.5387],[-90.8335,41.5349],[-90.8424,41.535],[-90.8527,41.5352],[-90.8527,41.539],[-90.8624,41.5389],[-90.8624,41.5318],[-90.8673,41.5317],[-90.8673,41.539],[-90.8817,41.5391],[-90.8817,41.5315],[-90.8916,41.5319],[-90.8915,41.528],[-90.8817,41.528],[-90.8816,41.5206],[-90.8914,41.5206],[-90.8914,41.5245],[-90.8962,41.5245],[-90.8962,41.5317],[-90.9005,41.5317],[-90.9004,41.5369],[-90.9293,41.5369],[-90.9294,41.5295],[-90.9392,41.5295],[-90.9391,41.5223],[-90.944,41.5223],[-90.9438,41.537],[-90.9534,41.537],[-90.9534,41.5405],[-90.949,41.5406],[-90.9487,41.5588],[-90.9292,41.5588],[-90.929,41.5733],[-90.9339,41.5734],[-90.934,41.5661],[-90.9438,41.5662],[-90.9436,41.5735],[-90.9485,41.5735],[-90.9485,41.5762],[-90.9583,41.5762],[-90.9579,41.6045],[-90.9628,41.6045],[-90.9628,41.6082],[-90.9725,41.6082],[-90.9725,41.6118],[-90.9774,41.6118],[-90.9774,41.6082],[-90.987,41.6082],[-90.987,41.6155],[-90.9918,41.6155],[-90.9918,41.6191],[-90.987,41.6191],[-90.9868,41.659],[-90.977,41.659],[-90.977,41.6699],[-90.9673,41.6699],[-90.9673,41.6772],[-90.9388,41.6772],[-90.9387,41.6843],[-90.8824,41.6841],[-90.8601,41.6841],[-90.8602,41.6769],[-90.8457,41.6767],[-90.8458,41.6731],[-90.8409,41.673],[-90.841,41.6693]]]}},{"type":"Feature","properties":{"leaid":"1919200","name":"Midland Community School District","kind":"Unified","gradeLow":"PK","gradeHigh":"12","state":"IA"},"geometry":{"type":"Polygon","coordinates":[[[-90.8838,42.1783],[-90.8839,42.1531],[-90.8795,42.1531],[-90.8796,42.146],[-90.8724,42.146],[-90.8736,42.1425],[-90.8711,42.1407],[-90.8671,42.1435],[-90.8644,42.1431],[-90.8645,42.1316],[-90.8596,42.1325],[-90.8596,42.1269],[-90.8581,42.1242],[-90.85,42.1242],[-90.8499,42.1206],[-90.8559,42.1206],[-90.8558,42.1171],[-90.8607,42.1172],[-90.8608,42.1097],[-90.8623,42.1097],[-90.8623,42.106],[-90.8677,42.1061],[-90.8677,42.0969],[-90.8655,42.097],[-90.8653,42.0915],[-90.8607,42.0915],[-90.8597,42.0334],[-90.8306,42.0333],[-90.8307,42.0403],[-90.8234,42.0403],[-90.8234,42.0439],[-90.8211,42.0439],[-90.8212,42.0549],[-90.8163,42.0549],[-90.8164,42.0584],[-90.8214,42.0584],[-90.8214,42.062],[-90.8018,42.062],[-90.8016,42.0547],[-90.7821,42.0548],[-90.782,42.0329],[-90.7723,42.0327],[-90.7724,42.0112],[-90.7772,42.0111],[-90.7772,42.0038],[-90.7818,42.0038],[-90.7817,41.9674],[-90.7768,41.9674],[-90.7768,41.971],[-90.7719,41.9711],[-90.7719,41.9638],[-90.7669,41.9639],[-90.767,41.9712],[-90.7621,41.9713],[-90.762,41.9604],[-90.7425,41.9608],[-90.7425,41.953],[-90.7573,41.953],[-90.7573,41.9455],[-90.7425,41.9454],[-90.7426,41.9093],[-90.7572,41.9092],[-90.7572,41.902],[-90.7671,41.9019],[-90.767,41.9093],[-90.7815,41.9093],[-90.7816,41.8583],[-90.807,41.8584],[-90.8049,41.8618],[-90.8103,41.8709],[-90.8247,41.8747],[-90.8292,41.8781],[-90.8302,41.8822],[-90.8387,41.8842],[-90.836,41.8859],[-90.8364,41.8881],[-90.8499,41.8923],[-90.8494,41.8943],[-90.8434,41.8953],[-90.8409,41.8991],[-90.8555,41.9047],[-90.8557,41.9061],[-90.8511,41.907],[-90.8524,41.9087],[-90.8588,41.9099],[-90.8672,41.9088],[-90.8683,41.9116],[-90.8755,41.912],[-90.8733,41.9142],[-90.8748,41.9157],[-90.8909,41.9143],[-90.8989,41.9185],[-90.8984,41.9226],[-90.901,41.9226],[-90.901,41.9208],[-90.9034,41.9208],[-90.9034,41.928],[-90.8985,41.9281],[-90.8985,41.9462],[-90.9179,41.9463],[-90.9179,41.9352],[-90.9363,41.9355],[-90.9359,41.9281],[-90.9408,41.9282],[-90.9411,41.9355],[-90.9556,41.9357],[-90.9553,41.9321],[-90.9652,41.9322],[-90.9652,41.9285],[-90.9751,41.9286],[-90.9765,41.9467],[-91.0053,41.9466],[-91.0053,41.9611],[-91.0345,41.9611],[-91.0345,41.9649],[-91.0443,41.9649],[-91.0444,41.9721],[-91.0492,41.9722],[-91.0492,41.9758],[-91.0589,41.9759],[-91.0589,41.9987],[-91.0548,41.9976],[-91.0484,42.0027],[-91.0436,42.0039],[-91.0405,42.003],[-91.0359,42.0065],[-91.0313,42.007],[-91.0278,42.0054],[-91.0247,42.0057],[-91.0249,42.0195],[-91.0736,42.02],[-91.0736,42.027],[-91.0639,42.0272],[-91.0639,42.0338],[-91.0785,42.0339],[-91.0784,42.0375],[-91.0832,42.0374],[-91.0831,42.0592],[-91.0979,42.0594],[-91.0974,42.0782],[-91.0924,42.0781],[-91.0924,42.0857],[-91.0878,42.0856],[-91.0879,42.0929],[-91.1224,42.0935],[-91.1316,42.092],[-91.1316,42.0993],[-91.1271,42.0996],[-91.1271,42.098],[-91.1223,42.098],[-91.1223,42.1037],[-91.1173,42.104],[-91.1173,42.1145],[-91.1075,42.1145],[-91.0977,42.1164],[-91.0978,42.1211],[-91.0633,42.1212],[-91.0634,42.1278],[-91.0732,42.1285],[-91.0733,42.1356],[-91.0487,42.136],[-91.0484,42.1481],[-91.0387,42.1485],[-91.0387,42.1433],[-91.0336,42.1433],[-91.0337,42.1359],[-91.0288,42.1358],[-91.0288,42.1396],[-91.0191,42.1395],[-91.0191,42.1432],[-91.024,42.1432],[-91.0237,42.1613],[-91.0285,42.1615],[-91.0286,42.1689],[-91.0336,42.169],[-91.0336,42.1726],[-91.0401,42.173],[-91.0337,42.1759],[-91.0337,42.1871],[-91.0288,42.1871],[-91.0288,42.1907],[-91.032,42.1909],[-91.0304,42.1916],[-91.0314,42.1945],[-91.0286,42.1959],[-91.0258,42.2012],[-91.014,42.201],[-91.0141,42.2084],[-90.8983,42.2077],[-90.8984,42.1712],[-90.8936,42.1712],[-90.8936,42.1784],[-90.8838,42.1783]]]}},{"type":"Feature","properties":{"leaid":"1903390","name":"Allamakee Community School District","kind":"Unified","gradeLow":"PK","gradeHigh":"12","state":"IA"},"geometry":{"type":"Polygon","coordinates":[[[-91.0975,43.2145],[-91.1222,43.1973],[-91.1239,43.1935],[-91.1244,43.1879],[-91.1386,43.17],[-91.1433,43.1564],[-91.1462,43.1524],[-91.1562,43.1429],[-91.1704,43.1374],[-91.1753,43.1347],[-91.177,43.1318],[-91.1783,43.125],[-91.1752,43.1038],[-91.1772,43.0802],[-91.2311,43.0804],[-91.2314,43.1025],[-91.2363,43.1025],[-91.236,43.1056],[-91.2313,43.106],[-91.2361,43.1061],[-91.2359,43.1096],[-91.2507,43.1098],[-91.2509,43.1024],[-91.2708,43.1026],[-91.2708,43.0954],[-91.2807,43.0954],[-91.2805,43.1135],[-91.2903,43.1136],[-91.2903,43.121],[-91.2954,43.1209],[-91.2955,43.1136],[-91.3105,43.1135],[-91.3106,43.1208],[-91.3153,43.1207],[-91.3157,43.1243],[-91.325,43.1243],[-91.325,43.1226],[-91.3296,43.1227],[-91.3296,43.1209],[-91.3394,43.1209],[-91.3395,43.1173],[-91.3493,43.1172],[-91.3493,43.1244],[-91.3393,43.1244],[-91.3393,43.1316],[-91.3493,43.1309],[-91.3493,43.1388],[-91.3953,43.1391],[-91.3953,43.1318],[-91.4002,43.132],[-91.4002,43.1248],[-91.42,43.1247],[-91.42,43.132],[-91.4348,43.1321],[-91.4346,43.1393],[-91.4493,43.1394],[-91.4491,43.143],[-91.4542,43.143],[-91.4542,43.1358],[-91.464,43.1359],[-91.464,43.143],[-91.4593,43.143],[-91.4589,43.1467],[-91.4638,43.1467],[-91.4637,43.1503],[-91.4587,43.1504],[-91.4585,43.1538],[-91.4635,43.1538],[-91.4637,43.1679],[-91.4983,43.1679],[-91.4981,43.1753],[-91.5031,43.1753],[-91.5031,43.1825],[-91.518,43.1825],[-91.5179,43.188],[-91.5204,43.188],[-91.5203,43.1898],[-91.5154,43.1898],[-91.5154,43.1934],[-91.5178,43.1934],[-91.5177,43.197],[-91.5226,43.1971],[-91.5224,43.2007],[-91.5176,43.2007],[-91.5174,43.2079],[-91.5272,43.2079],[-91.5271,43.2115],[-91.532,43.2115],[-91.5322,43.2079],[-91.537,43.208],[-91.5372,43.2006],[-91.5519,43.2008],[-91.5521,43.1971],[-91.562,43.1973],[-91.5621,43.19],[-91.5571,43.19],[-91.5571,43.1936],[-91.5472,43.1934],[-91.5472,43.1863],[-91.5374,43.1863],[-91.5374,43.179],[-91.5399,43.179],[-91.54,43.1718],[-91.5426,43.1718],[-91.5425,43.1754],[-91.5523,43.1754],[-91.5522,43.1863],[-91.5571,43.1864],[-91.5572,43.1754],[-91.5622,43.1755],[-91.5621,43.181],[-91.566,43.1806],[-91.5671,43.1828],[-91.5668,43.2009],[-91.5769,43.2008],[-91.577,43.1973],[-91.5966,43.1971],[-91.5968,43.208],[-91.6044,43.2079],[-91.6043,43.2115],[-91.624,43.2117],[-91.6241,43.2262],[-91.6438,43.2265],[-91.6446,43.2553],[-91.6346,43.2551],[-91.6345,43.2587],[-91.6246,43.2587],[-91.6246,43.2696],[-91.6196,43.2696],[-91.6195,43.2768],[-91.6244,43.2769],[-91.6244,43.2877],[-91.6294,43.2877],[-91.6293,43.2956],[-91.6293,43.2986],[-91.6193,43.2985],[-91.6193,43.3058],[-91.6242,43.3058],[-91.6241,43.313],[-91.6193,43.313],[-91.6193,43.3146],[-91.6214,43.3176],[-91.624,43.3175],[-91.6289,43.3167],[-91.629,43.3129],[-91.6339,43.313],[-91.6337,43.3311],[-91.6289,43.3311],[-91.6287,43.3421],[-91.611,43.3421],[-91.6109,43.4319],[-91.6056,43.4319],[-91.6055,43.4355],[-91.6005,43.4355],[-91.6005,43.4391],[-91.6055,43.4391],[-91.6054,43.4458],[-91.6106,43.4458],[-91.6108,43.5007],[-91.4045,43.5008],[-91.4037,43.5004],[-91.4062,43.5003],[-91.4063,43.4966],[-91.4018,43.4966],[-91.4018,43.493],[-91.4066,43.493],[-91.4066,43.4894],[-91.4042,43.4894],[-91.4042,43.4859],[-91.4116,43.4859],[-91.4115,43.4712],[-91.3969,43.4711],[-91.3968,43.4749],[-91.4018,43.4748],[-91.4017,43.4785],[-91.3918,43.4786],[-91.3819,43.4784],[-91.3819,43.4711],[-91.3769,43.4711],[-91.3769,43.4639],[-91.3819,43.464],[-91.382,43.4568],[-91.387,43.4568],[-91.3869,43.4496],[-91.392,43.4496],[-91.3918,43.4425],[-91.3967,43.4425],[-91.3967,43.4282],[-91.3868,43.4282],[-91.3869,43.4424],[-91.3819,43.4423],[-91.3819,43.446],[-91.3768,43.4459],[-91.3768,43.4423],[-91.372,43.4422],[-91.372,43.4344],[-91.3736,43.4313],[-91.377,43.4308],[-91.3815,43.4261],[-91.3796,43.424],[-91.3818,43.4218],[-91.3819,43.4175],[-91.3918,43.4174],[-91.3917,43.4066],[-91.3966,43.4067],[-91.3966,43.4031],[-91.4016,43.4031],[-91.4016,43.3996],[-91.4065,43.3996],[-91.4089,43.3971],[-91.4116,43.3972],[-91.4116,43.3923],[-91.4165,43.3924],[-91.4165,43.3852],[-91.4067,43.3852],[-91.4067,43.3814],[-91.3917,43.3814],[-91.3919,43.3741],[-91.3861,43.3736],[-91.3832,43.3705],[-91.3473,43.3705],[-91.3471,43.3559],[-91.3422,43.3559],[-91.3413,43.3513],[-91.3391,43.3523],[-91.34,43.3415],[-91.3292,43.3414],[-91.3292,43.3341],[-91.3095,43.3341],[-91.3094,43.3268],[-91.3194,43.3268],[-91.3194,43.3232],[-91.3284,43.3232],[-91.3282,43.3268],[-91.3391,43.3268],[-91.3392,43.3232],[-91.3293,43.3232],[-91.3293,43.3178],[-91.3273,43.316],[-91.3243,43.316],[-91.3245,43.3052],[-91.3195,43.3051],[-91.3195,43.304],[-91.3172,43.3054],[-91.3195,43.3089],[-91.3195,43.3123],[-91.3044,43.3123],[-91.3038,43.3086],[-91.2995,43.3086],[-91.2995,43.3122],[-91.2946,43.3123],[-91.2947,43.305],[-91.2867,43.305],[-91.2845,43.302],[-91.2846,43.2976],[-91.2895,43.2977],[-91.2896,43.2905],[-91.2847,43.2904],[-91.2846,43.2867],[-91.2797,43.2868],[-91.2794,43.2999],[-91.278,43.3013],[-91.2747,43.3013],[-91.2745,43.2934],[-91.27,43.2895],[-91.2497,43.2905],[-91.2501,43.2796],[-91.2454,43.2796],[-91.2454,43.2832],[-91.2405,43.2832],[-91.2405,43.2759],[-91.2353,43.2759],[-91.2353,43.2795],[-91.2206,43.2795],[-91.2206,43.2758],[-91.2107,43.2754],[-91.2105,43.2685],[-91.2007,43.2684],[-91.2008,43.2502],[-91.202,43.2503],[-91.202,43.2454],[-91.2057,43.2455],[-91.2057,43.243],[-91.2008,43.242],[-91.2009,43.2356],[-91.196,43.2356],[-91.1959,43.2284],[-91.191,43.2284],[-91.1912,43.2392],[-91.1712,43.2392],[-91.1711,43.2538],[-91.161,43.2538],[-91.1611,43.2429],[-91.1686,43.2428],[-91.1687,43.2393],[-91.1661,43.2393],[-91.1661,43.2356],[-91.151,43.2355],[-91.1512,43.2247],[-91.1462,43.2248],[-91.1464,43.2211],[-91.1415,43.2206],[-91.1318,43.2262],[-91.1264,43.2264],[-91.1265,43.225],[-91.1121,43.2249],[-91.0975,43.2145]]]}},{"type":"Feature","properties":{"leaid":"1930780","name":"West Burlington Independent School District","kind":"Unified","gradeLow":"PK","gradeHigh":"12","state":"IA"},"geometry":{"type":"Polygon","coordinates":[[[-91.1799,40.841],[-91.1607,40.8407],[-91.1607,40.8333],[-91.1664,40.8334],[-91.1663,40.8282],[-91.161,40.8303],[-91.1607,40.8261],[-91.1414,40.8259],[-91.1415,40.8149],[-91.1531,40.8138],[-91.1532,40.8115],[-91.1799,40.8117],[-91.1799,40.841]]]}},{"type":"Feature","properties":{"leaid":"1911850","name":"Fort Madison Community School District","kind":"Unified","gradeLow":"PK","gradeHigh":"12","state":"IA"},"geometry":{"type":"Polygon","coordinates":[[[-91.4775,40.8132],[-91.4095,40.8129],[-91.4064,40.8087],[-91.3935,40.8086],[-91.3858,40.8023],[-91.374,40.798],[-91.3639,40.7907],[-91.3507,40.7936],[-91.3468,40.7865],[-91.3348,40.7847],[-91.3259,40.7808],[-91.3188,40.7799],[-91.3137,40.7733],[-91.3096,40.7717],[-91.2954,40.7729],[-91.2956,40.8016],[-91.286,40.8017],[-91.286,40.7979],[-91.2572,40.798],[-91.258,40.752],[-91.2477,40.7502],[-91.2412,40.7456],[-91.2334,40.7375],[-91.2271,40.7343],[-91.2171,40.7323],[-91.2071,40.7211],[-91.2096,40.714],[-91.2065,40.7139],[-91.2009,40.7187],[-91.1968,40.7192],[-91.1944,40.7181],[-91.1921,40.7137],[-91.1887,40.713],[-91.1826,40.7081],[-91.18,40.7083],[-91.1784,40.7099],[-91.181,40.7131],[-91.1765,40.7211],[-91.1729,40.7217],[-91.1677,40.7198],[-91.1626,40.7227],[-91.1611,40.7216],[-91.1611,40.717],[-91.1506,40.7062],[-91.1457,40.7063],[-91.1414,40.7038],[-91.1388,40.7007],[-91.1317,40.6983],[-91.127,40.6982],[-91.1206,40.7001],[-91.1149,40.6979],[-91.1125,40.6963],[-91.1154,40.6918],[-91.1208,40.6728],[-91.1239,40.6692],[-91.1381,40.6609],[-91.187,40.6373],[-91.1979,40.6361],[-91.2184,40.6384],[-91.2519,40.6381],[-91.265,40.6339],[-91.3091,40.6254],[-91.3397,40.6135],[-91.354,40.6066],[-91.3599,40.6018],[-91.3697,40.5888],[-91.3839,40.5889],[-91.384,40.5951],[-91.39,40.5952],[-91.3962,40.5977],[-91.4025,40.5937],[-91.4027,40.5882],[-91.4884,40.5894],[-91.4881,40.6389],[-91.4493,40.6386],[-91.4493,40.646],[-91.4396,40.646],[-91.4395,40.6732],[-91.4346,40.6731],[-91.4346,40.6786],[-91.4877,40.6788],[-91.4877,40.6825],[-91.4973,40.6825],[-91.4975,40.6938],[-91.5069,40.6936],[-91.507,40.7259],[-91.5164,40.7259],[-91.5164,40.7226],[-91.5259,40.7225],[-91.526,40.719],[-91.5354,40.7191],[-91.5355,40.7296],[-91.5594,40.7297],[-91.5594,40.7332],[-91.5642,40.7332],[-91.564,40.7515],[-91.5736,40.7515],[-91.5736,40.7554],[-91.6029,40.7555],[-91.6029,40.7406],[-91.5929,40.7406],[-91.593,40.7262],[-91.5689,40.7261],[-91.569,40.719],[-91.603,40.719],[-91.6029,40.7247],[-91.5991,40.7246],[-91.6029,40.7263],[-91.6029,40.7336],[-91.6507,40.7336],[-91.6508,40.7409],[-91.6412,40.7409],[-91.6412,40.7555],[-91.6511,40.7555],[-91.651,40.7628],[-91.6605,40.7628],[-91.6606,40.7701],[-91.6749,40.77],[-91.6749,40.7726],[-91.6727,40.7725],[-91.6727,40.7736],[-91.675,40.7736],[-91.675,40.7776],[-91.6413,40.7775],[-91.6413,40.774],[-91.6315,40.774],[-91.6318,40.7974],[-91.6414,40.7974],[-91.6414,40.7992],[-91.6319,40.7992],[-91.6319,40.8101],[-91.6223,40.8102],[-91.6223,40.8139],[-91.4876,40.8133],[-91.4876,40.8232],[-91.4833,40.8231],[-91.4822,40.8169],[-91.4775,40.8169],[-91.4775,40.8132]]]}},{"type":"Feature","properties":{"leaid":"1919890","name":"Mount Pleasant Community School District","kind":"Unified","gradeLow":"PK","gradeHigh":"12","state":"IA"},"geometry":{"type":"Polygon","coordinates":[[[-91.4864,41.0645],[-91.4864,41.0608],[-91.4767,41.0607],[-91.4768,41.0534],[-91.4672,41.0531],[-91.4671,41.046],[-91.4478,41.0458],[-91.4481,40.9876],[-91.4434,40.9876],[-91.4433,40.9839],[-91.4482,40.9838],[-91.4482,40.9805],[-91.4434,40.9802],[-91.4429,40.9583],[-91.4384,40.9582],[-91.4382,40.9509],[-91.4525,40.9512],[-91.4525,40.9566],[-91.4574,40.9567],[-91.4575,40.9294],[-91.4671,40.9296],[-91.4681,40.8553],[-91.4544,40.852],[-91.4487,40.8472],[-91.4496,40.8445],[-91.453,40.8427],[-91.4488,40.8322],[-91.4487,40.8131],[-91.4775,40.8132],[-91.4775,40.8169],[-91.4822,40.8169],[-91.4833,40.8231],[-91.4876,40.8232],[-91.4876,40.8133],[-91.6223,40.8139],[-91.6223,40.8102],[-91.6319,40.8101],[-91.6319,40.7992],[-91.6414,40.7992],[-91.6414,40.7974],[-91.6318,40.7974],[-91.6315,40.774],[-91.6413,40.774],[-91.6413,40.7775],[-91.675,40.7776],[-91.6751,40.7845],[-91.6703,40.7846],[-91.6704,40.7919],[-91.6753,40.7919],[-91.6755,40.7991],[-91.6803,40.799],[-91.6801,40.8136],[-91.632,40.8139],[-91.6321,40.8212],[-91.6607,40.821],[-91.6607,40.8427],[-91.6702,40.8427],[-91.67,40.8572],[-91.68,40.8572],[-91.6802,40.8717],[-91.7184,40.8719],[-91.7182,40.8938],[-91.7279,40.8938],[-91.7279,40.9009],[-91.7372,40.9007],[-91.7374,40.9117],[-91.7469,40.9115],[-91.7469,40.9152],[-91.7323,40.9153],[-91.7322,40.9226],[-91.7287,40.9227],[-91.7287,40.9263],[-91.7179,40.9261],[-91.7179,40.9374],[-91.7322,40.9371],[-91.7322,40.9516],[-91.7275,40.9518],[-91.7275,40.9627],[-91.718,40.963],[-91.7181,41.003],[-91.7023,41.0029],[-91.7028,41.004],[-91.6999,41.0077],[-91.7004,41.0103],[-91.7034,41.011],[-91.7002,41.0172],[-91.7037,41.0216],[-91.7033,41.0331],[-91.7043,41.0344],[-91.7135,41.0359],[-91.7154,41.04],[-91.725,41.044],[-91.7338,41.0495],[-91.7334,41.0563],[-91.739,41.0627],[-91.7352,41.0657],[-91.7278,41.0665],[-91.7266,41.0714],[-91.7283,41.0748],[-91.7272,41.0778],[-91.7215,41.0862],[-91.7183,41.0885],[-91.7168,41.0875],[-91.7167,41.098],[-91.6711,41.0979],[-91.6712,41.0906],[-91.6687,41.0906],[-91.6688,41.0846],[-91.6664,41.0846],[-91.6664,41.087],[-91.6593,41.0871],[-91.6593,41.0764],[-91.5825,41.0761],[-91.583,41.0863],[-91.5736,41.0863],[-91.5733,41.0799],[-91.5779,41.0791],[-91.5779,41.0761],[-91.5248,41.0755],[-91.5248,41.0685],[-91.496,41.0683],[-91.496,41.0716],[-91.4913,41.0719],[-91.4918,41.0682],[-91.4936,41.0682],[-91.4936,41.0646],[-91.4864,41.0645]]]}},{"type":"Feature","properties":{"leaid":"1931830","name":"Winfield-Mount Union Community School District","kind":"Unified","gradeLow":"PK","gradeHigh":"12","state":"IA"},"geometry":{"type":"Polygon","coordinates":[[[-91.3514,41.205],[-91.361,41.205],[-91.3606,41.1903],[-91.3702,41.1903],[-91.3703,41.1684],[-91.3367,41.1688],[-91.3367,41.1614],[-91.3426,41.1613],[-91.3422,41.1107],[-91.3377,41.1107],[-91.3374,41.1034],[-91.3423,41.1034],[-91.3422,41.0884],[-91.3376,41.0887],[-91.3371,41.0811],[-91.328,41.0817],[-91.3276,41.0741],[-91.3333,41.0741],[-91.3332,41.0458],[-91.3709,41.045],[-91.3711,41.0159],[-91.448,41.0167],[-91.4478,41.0458],[-91.4671,41.046],[-91.4672,41.0531],[-91.4768,41.0534],[-91.4767,41.0607],[-91.4864,41.0608],[-91.4857,41.1624],[-91.515,41.1627],[-91.5097,41.1735],[-91.5052,41.1735],[-91.5049,41.1845],[-91.5002,41.1844],[-91.5002,41.1986],[-91.4905,41.1988],[-91.4909,41.2061],[-91.4859,41.206],[-91.4858,41.2207],[-91.4762,41.2206],[-91.476,41.2351],[-91.4663,41.235],[-91.4664,41.2315],[-91.4569,41.2314],[-91.4569,41.224],[-91.4522,41.2239],[-91.452,41.2203],[-91.4377,41.2202],[-91.4376,41.2067],[-91.433,41.2064],[-91.433,41.1983],[-91.4282,41.1983],[-91.4283,41.2055],[-91.4125,41.2053],[-91.4089,41.2066],[-91.4082,41.2125],[-91.4042,41.2126],[-91.404,41.2056],[-91.3926,41.2053],[-91.3924,41.2126],[-91.3894,41.2126],[-91.3891,41.2198],[-91.37,41.2195],[-91.3701,41.2121],[-91.3515,41.2122],[-91.3514,41.205]]]}},{"type":"Feature","properties":{"leaid":"1930240","name":"Washington Community School District","kind":"Unified","gradeLow":"PK","gradeHigh":"12","state":"IA"},"geometry":{"type":"Polygon","coordinates":[[[-91.601,41.2761],[-91.6012,41.1998],[-91.6296,41.2],[-91.6306,41.207],[-91.6589,41.2068],[-91.6591,41.2107],[-91.6877,41.2107],[-91.6876,41.2069],[-91.7019,41.2071],[-91.7017,41.1849],[-91.7207,41.1846],[-91.7209,41.192],[-91.7449,41.1917],[-91.7447,41.1624],[-91.718,41.1628],[-91.7173,41.1607],[-91.7161,41.1606],[-91.7166,41.1267],[-91.7358,41.1263],[-91.7358,41.12],[-91.737,41.119],[-91.7549,41.1186],[-91.7548,41.1222],[-91.7454,41.1224],[-91.7453,41.1297],[-91.7547,41.1295],[-91.7547,41.1331],[-91.7595,41.1331],[-91.7595,41.1295],[-91.769,41.1294],[-91.769,41.1331],[-91.764,41.1333],[-91.7639,41.1476],[-91.7782,41.1474],[-91.7782,41.1437],[-91.7877,41.1437],[-91.7879,41.1364],[-91.8022,41.1363],[-91.8021,41.1398],[-91.8045,41.1398],[-91.8044,41.1435],[-91.8021,41.1435],[-91.8021,41.1508],[-91.8212,41.1506],[-91.8212,41.1616],[-91.8303,41.1615],[-91.8304,41.1578],[-91.8316,41.1578],[-91.8315,41.1615],[-91.8602,41.1617],[-91.8593,41.162],[-91.8591,41.169],[-91.9072,41.1699],[-91.9076,41.1627],[-91.9173,41.1629],[-91.9173,41.1606],[-91.924,41.1606],[-91.9239,41.163],[-91.9253,41.1634],[-91.9364,41.1633],[-91.936,41.1816],[-91.9312,41.1814],[-91.9313,41.1775],[-91.9265,41.1777],[-91.9261,41.2068],[-91.9214,41.2067],[-91.9215,41.214],[-91.9264,41.214],[-91.9265,41.2215],[-91.9446,41.222],[-91.9447,41.2363],[-91.9218,41.2358],[-91.9218,41.2322],[-91.9119,41.2319],[-91.9118,41.2284],[-91.9069,41.2282],[-91.9073,41.2508],[-91.9026,41.2507],[-91.9025,41.2544],[-91.9073,41.2545],[-91.9075,41.2654],[-91.8784,41.2651],[-91.8784,41.2539],[-91.8687,41.2535],[-91.8687,41.2558],[-91.8696,41.2558],[-91.8687,41.2563],[-91.8685,41.29],[-91.8677,41.29],[-91.8685,41.3082],[-91.8298,41.3071],[-91.8299,41.2999],[-91.8347,41.3],[-91.8347,41.2926],[-91.83,41.2926],[-91.83,41.2913],[-91.8263,41.2913],[-91.8262,41.2926],[-91.8145,41.2927],[-91.8145,41.2912],[-91.83,41.2911],[-91.8301,41.278],[-91.8396,41.2783],[-91.8397,41.2747],[-91.8301,41.2744],[-91.8303,41.2489],[-91.7929,41.2491],[-91.7928,41.2636],[-91.7972,41.2643],[-91.7928,41.2643],[-91.7929,41.3001],[-91.7833,41.3002],[-91.7833,41.3147],[-91.7741,41.3146],[-91.7738,41.3316],[-91.7754,41.3315],[-91.7753,41.3339],[-91.7738,41.3339],[-91.7737,41.3358],[-91.7802,41.3358],[-91.7802,41.3366],[-91.7726,41.3367],[-91.7728,41.3294],[-91.7641,41.3295],[-91.7639,41.3404],[-91.7543,41.3405],[-91.7541,41.3514],[-91.7543,41.3734],[-91.7657,41.3733],[-91.7657,41.3659],[-91.7662,41.3734],[-91.7931,41.3731],[-91.793,41.3952],[-91.7542,41.3953],[-91.7538,41.4235],[-91.7442,41.4237],[-91.7443,41.4209],[-91.7395,41.4209],[-91.7395,41.4173],[-91.7347,41.4173],[-91.7347,41.405],[-91.7338,41.405],[-91.7345,41.4173],[-91.7314,41.4173],[-91.7313,41.4239],[-91.7151,41.4241],[-91.7152,41.4135],[-91.7056,41.4138],[-91.7056,41.4101],[-91.696,41.4103],[-91.6958,41.4242],[-91.6765,41.4244],[-91.6768,41.4213],[-91.6816,41.4213],[-91.6816,41.4178],[-91.6768,41.4178],[-91.6769,41.4031],[-91.6672,41.4032],[-91.6671,41.3959],[-91.638,41.3959],[-91.6382,41.4247],[-91.6284,41.4248],[-91.6283,41.4104],[-91.5992,41.4103],[-91.5995,41.3668],[-91.5948,41.3668],[-91.5946,41.3634],[-91.5996,41.3634],[-91.6,41.3416],[-91.5906,41.3414],[-91.5902,41.3522],[-91.5806,41.352],[-91.5812,41.3374],[-91.5796,41.3374],[-91.5797,41.334],[-91.575,41.3335],[-91.5752,41.3305],[-91.5798,41.3306],[-91.58,41.3269],[-91.5894,41.3268],[-91.5894,41.3231],[-91.6004,41.3233],[-91.601,41.2822],[-91.5858,41.2831],[-91.586,41.2723],[-91.5908,41.2723],[-91.5909,41.2687],[-91.5957,41.2687],[-91.5955,41.276],[-91.601,41.2761]]]}},{"type":"Feature","properties":{"leaid":"1905130","name":"Boone Community School District","kind":"Unified","gradeLow":"PK","gradeHigh":"12","state":"IA"},"geometry":{"type":"Polygon","coordinates":[[[-93.845,42.1882],[-93.8451,42.1846],[-93.8256,42.1846],[-93.8255,42.1809],[-93.85,42.181],[-93.8501,42.1737],[-93.8451,42.1737],[-93.8452,42.1665],[-93.8159,42.1664],[-93.8159,42.1592],[-93.8008,42.1592],[-93.8008,42.152],[-93.8054,42.152],[-93.8054,42.1446],[-93.8255,42.1446],[-93.8256,42.1375],[-93.8401,42.1375],[-93.8401,42.1303],[-93.8449,42.1303],[-93.8449,42.1231],[-93.8392,42.1231],[-93.84,42.0944],[-93.8448,42.0944],[-93.8447,42.0782],[-93.8545,42.0782],[-93.8544,42.0638],[-93.8496,42.0638],[-93.8495,42.0606],[-93.8446,42.0595],[-93.8446,42.0566],[-93.8433,42.0565],[-93.8398,42.0565],[-93.8398,42.0638],[-93.835,42.0638],[-93.8349,42.0493],[-93.8449,42.0492],[-93.8448,42.035],[-93.864,42.0347],[-93.8636,42.0081],[-93.8778,42.0081],[-93.8777,42.007],[-93.8783,42.0081],[-93.8832,42.0082],[-93.8833,42.001],[-93.8929,42.0011],[-93.8931,41.996],[-93.8954,41.9949],[-93.8926,41.9907],[-93.8942,41.9865],[-93.9123,41.9865],[-93.9122,41.9938],[-93.9219,41.9937],[-93.9221,41.9991],[-93.9269,41.9991],[-93.9269,42.0009],[-93.931,42.0009],[-93.9311,42.0053],[-93.9467,42.0044],[-93.9468,42.008],[-93.9503,42.008],[-93.9507,42.026],[-93.9553,42.026],[-93.9553,42.0223],[-93.9602,42.0224],[-93.9601,42.0347],[-93.9696,42.0346],[-93.9698,42.0491],[-93.968,42.0491],[-93.9694,42.0512],[-93.9704,42.0709],[-93.975,42.071],[-93.9752,42.0747],[-93.9705,42.0747],[-93.9704,42.0782],[-93.9655,42.0782],[-93.9653,42.0855],[-93.9605,42.0856],[-93.9606,42.0926],[-93.9322,42.0929],[-93.9307,42.0963],[-93.9322,42.1072],[-93.9398,42.1188],[-93.937,42.1231],[-93.9317,42.1231],[-93.9313,42.1377],[-93.941,42.1377],[-93.9411,42.1669],[-93.9655,42.1666],[-93.9664,42.1731],[-93.9731,42.1752],[-93.977,42.1789],[-93.9771,42.1818],[-93.9643,42.1879],[-93.962,42.1917],[-93.9657,42.1951],[-93.9593,42.1955],[-93.9412,42.1956],[-93.9412,42.1885],[-93.9315,42.1885],[-93.9314,42.192],[-93.9131,42.192],[-93.9131,42.1883],[-93.845,42.1882]]]}},{"type":"Feature","properties":{"leaid":"1926640","name":"South Hamilton Community School District","kind":"Unified","gradeLow":"PK","gradeHigh":"12","state":"IA"},"geometry":{"type":"Polygon","coordinates":[[[-93.5018,42.3981],[-93.5018,42.3836],[-93.5119,42.3835],[-93.5119,42.3758],[-93.5313,42.3757],[-93.5313,42.3684],[-93.5213,42.3684],[-93.5214,42.3611],[-93.5115,42.3611],[-93.5115,42.3575],[-93.5214,42.3574],[-93.5213,42.3464],[-93.5115,42.3466],[-93.5115,42.3321],[-93.5213,42.3322],[-93.5213,42.3249],[-93.5114,42.325],[-93.5113,42.3106],[-93.5212,42.3106],[-93.5212,42.3031],[-93.5312,42.303],[-93.5309,42.2961],[-93.5113,42.296],[-93.5115,42.2637],[-93.5066,42.2636],[-93.5068,42.2528],[-93.5213,42.2528],[-93.5214,42.2382],[-93.5068,42.2382],[-93.5068,42.231],[-93.5361,42.2311],[-93.536,42.2274],[-93.5409,42.2274],[-93.5409,42.2383],[-93.5813,42.2383],[-93.5813,42.2092],[-93.7471,42.2094],[-93.7472,42.2026],[-93.7714,42.2025],[-93.7714,42.199],[-93.7763,42.199],[-93.7764,42.1954],[-93.786,42.1954],[-93.786,42.1664],[-93.8008,42.1665],[-93.8008,42.1592],[-93.8159,42.1592],[-93.8159,42.1664],[-93.8452,42.1665],[-93.8451,42.1737],[-93.8501,42.1737],[-93.85,42.181],[-93.8255,42.1809],[-93.8256,42.1846],[-93.8451,42.1846],[-93.845,42.1955],[-93.8496,42.1955],[-93.8496,42.2026],[-93.845,42.2026],[-93.8449,42.2494],[-93.8353,42.2494],[-93.8353,42.2567],[-93.8377,42.2569],[-93.8376,42.2603],[-93.8353,42.2602],[-93.8353,42.2675],[-93.8548,42.2675],[-93.8547,42.2961],[-93.8645,42.2961],[-93.8647,42.3106],[-93.8549,42.3105],[-93.8549,42.3141],[-93.8647,42.3141],[-93.865,42.3504],[-93.8551,42.3503],[-93.8551,42.3543],[-93.8427,42.3541],[-93.8392,42.3508],[-93.8326,42.3523],[-93.8303,42.3505],[-93.8158,42.3506],[-93.8158,42.3488],[-93.8061,42.3488],[-93.8061,42.3543],[-93.7964,42.3544],[-93.7965,42.3689],[-93.7771,42.3684],[-93.7773,42.3757],[-93.7576,42.3759],[-93.7575,42.3722],[-93.7477,42.3722],[-93.7477,42.3686],[-93.7575,42.3686],[-93.7575,42.3613],[-93.733,42.3613],[-93.733,42.3541],[-93.7477,42.3541],[-93.7476,42.3504],[-93.7281,42.3505],[-93.7279,42.3397],[-93.7182,42.3397],[-93.7183,42.3506],[-93.6988,42.3502],[-93.6988,42.3614],[-93.6935,42.3614],[-93.6935,42.3686],[-93.6886,42.3686],[-93.6886,42.3649],[-93.6788,42.3649],[-93.6788,42.3685],[-93.6593,42.3685],[-93.6599,42.3835],[-93.65,42.3835],[-93.6501,42.4053],[-93.6402,42.4053],[-93.6402,42.4126],[-93.6303,42.4126],[-93.6304,42.4053],[-93.6206,42.4054],[-93.6207,42.3981],[-93.6353,42.3981],[-93.6353,42.3944],[-93.6402,42.3944],[-93.6402,42.3908],[-93.6304,42.3908],[-93.6304,42.3836],[-93.6011,42.3836],[-93.6011,42.4054],[-93.5816,42.4053],[-93.5816,42.398],[-93.531,42.398],[-93.5311,42.4052],[-93.5213,42.4051],[-93.5213,42.398],[-93.5018,42.3981]]]}},{"type":"Feature","properties":{"leaid":"1921660","name":"Ogden Community School District","kind":"Unified","gradeLow":"PK","gradeHigh":"12","state":"IA"},"geometry":{"type":"Polygon","coordinates":[[[-93.935,42.125],[-93.9398,42.1188],[-93.9322,42.1072],[-93.9307,42.0963],[-93.9322,42.0929],[-93.9606,42.0926],[-93.9605,42.0856],[-93.9653,42.0855],[-93.9655,42.0782],[-93.9704,42.0782],[-93.9705,42.0747],[-93.9752,42.0747],[-93.975,42.071],[-93.9704,42.0709],[-93.9694,42.0512],[-93.968,42.0491],[-93.9698,42.0491],[-93.9696,42.0346],[-93.9601,42.0347],[-93.9602,42.0224],[-93.9553,42.0223],[-93.9553,42.026],[-93.9507,42.026],[-93.9503,42.008],[-93.9468,42.008],[-93.9467,42.0044],[-93.9311,42.0053],[-93.931,42.0009],[-93.9269,42.0009],[-93.9269,41.9991],[-93.9221,41.9991],[-93.9219,41.9937],[-93.9122,41.9938],[-93.9123,41.9865],[-93.8942,41.9865],[-93.8953,41.9816],[-93.9023,41.9769],[-93.9035,41.9747],[-93.9011,41.9718],[-93.8969,41.9697],[-93.8972,41.9671],[-93.8953,41.9643],[-93.8855,41.9561],[-93.8828,41.952],[-93.8836,41.9505],[-93.9223,41.9504],[-93.9222,41.9469],[-93.931,41.9469],[-93.931,41.9504],[-93.9407,41.9504],[-93.9407,41.9431],[-93.9505,41.9433],[-93.9504,41.9503],[-93.9699,41.9503],[-93.97,41.9467],[-93.9685,41.9468],[-93.9685,41.9457],[-93.97,41.9457],[-93.9701,41.9214],[-93.9827,41.9213],[-93.9827,41.9223],[-93.9847,41.9222],[-93.9847,41.9212],[-94.0529,41.9211],[-94.0528,41.9141],[-94.0676,41.914],[-94.0674,41.9178],[-94.0723,41.9178],[-94.0723,41.9212],[-94.0869,41.9213],[-94.0869,41.9249],[-94.0967,41.9248],[-94.0967,41.9323],[-94.1013,41.9323],[-94.1014,41.9359],[-94.1062,41.9359],[-94.1062,41.9431],[-94.1257,41.9431],[-94.1257,41.9502],[-94.1646,41.9502],[-94.1647,42.0925],[-94.1447,42.0927],[-94.1447,42.1],[-94.0672,42.1],[-94.0671,42.1036],[-94.0475,42.1033],[-94.0475,42.1142],[-94.0085,42.1143],[-94.0083,42.1229],[-93.9888,42.1231],[-93.9889,42.1303],[-93.9829,42.1301],[-93.9841,42.1293],[-93.9844,42.118],[-93.9554,42.1181],[-93.9556,42.1236],[-93.9493,42.1285],[-93.9472,42.1327],[-93.9446,42.1327],[-93.9441,42.1308],[-93.9364,42.1269],[-93.935,42.125]]]}},{"type":"Feature","properties":{"leaid":"1907410","name":"Clarke Community School District","kind":"Unified","gradeLow":"PK","gradeHigh":"12","state":"IA"},"geometry":{"type":"Polygon","coordinates":[[[-93.6733,41.1618],[-93.5576,41.1613],[-93.5567,41.0044],[-93.552,41.0044],[-93.5522,40.9935],[-93.5568,40.9935],[-93.5569,40.9565],[-93.6435,40.9575],[-93.6436,40.9395],[-93.6483,40.9392],[-93.6481,40.9321],[-93.6389,40.932],[-93.6384,40.9214],[-93.6334,40.921],[-93.6332,40.8992],[-93.6423,40.8992],[-93.6437,40.9284],[-93.653,40.9284],[-93.6527,40.9248],[-93.6624,40.925],[-93.6621,40.8993],[-93.6717,40.8994],[-93.6714,40.8782],[-93.6907,40.8781],[-93.6907,40.8706],[-93.7341,40.8706],[-93.7341,40.8633],[-93.739,40.8634],[-93.7389,40.8599],[-93.7485,40.86],[-93.7485,40.8707],[-93.7819,40.8707],[-93.7818,40.8634],[-93.7865,40.8634],[-93.7864,40.8525],[-93.791,40.8524],[-93.7909,40.8451],[-93.8332,40.8439],[-93.8332,40.8404],[-93.8372,40.8402],[-93.8381,40.8401],[-93.8382,40.8437],[-93.8429,40.8437],[-93.843,40.84],[-93.8503,40.8398],[-93.8503,40.8436],[-93.8479,40.8436],[-93.8479,40.8472],[-93.8429,40.8472],[-93.8429,40.8508],[-93.8479,40.8507],[-93.8477,40.8615],[-93.8763,40.861],[-93.876,40.8537],[-93.895,40.8538],[-93.8948,40.85],[-93.9003,40.8501],[-93.9004,40.868],[-93.9243,40.8682],[-93.9241,40.8754],[-93.9051,40.8753],[-93.9051,40.8849],[-93.9145,40.8861],[-93.9145,40.8899],[-93.9097,40.8897],[-93.9097,40.8967],[-93.8631,40.8977],[-93.8635,40.9085],[-93.8683,40.9084],[-93.8685,40.9104],[-93.8684,40.912],[-93.8637,40.9122],[-93.8643,40.9448],[-93.8694,40.9448],[-93.8688,40.9193],[-93.8923,40.9185],[-93.8929,40.9403],[-93.888,40.9413],[-93.8885,40.9476],[-93.8835,40.9478],[-93.8842,40.9695],[-93.8865,40.9694],[-93.8867,40.9767],[-93.894,40.9763],[-93.8937,40.9729],[-93.9016,40.9725],[-93.9017,40.9738],[-93.9034,40.9737],[-93.9024,40.9725],[-93.9042,40.9726],[-93.9042,40.9762],[-93.8993,40.9762],[-93.8993,40.9798],[-93.8843,40.9803],[-93.8846,41.0166],[-93.8746,41.0167],[-93.8746,41.0203],[-93.8794,41.0202],[-93.8793,41.0274],[-93.8841,41.0273],[-93.8839,41.0489],[-93.8743,41.0492],[-93.8743,41.0565],[-93.8839,41.0563],[-93.884,41.0742],[-93.8745,41.0744],[-93.8743,41.071],[-93.8647,41.0714],[-93.8647,41.0858],[-93.8695,41.0854],[-93.8698,41.0927],[-93.8647,41.093],[-93.8649,41.1076],[-93.8695,41.1073],[-93.8694,41.1145],[-93.8646,41.1146],[-93.8648,41.129],[-93.8077,41.1313],[-93.8084,41.1612],[-93.7892,41.162],[-93.7886,41.1037],[-93.7649,41.1037],[-93.7648,41.1054],[-93.7552,41.1055],[-93.7552,41.1035],[-93.7503,41.1035],[-93.7503,41.1328],[-93.714,41.1326],[-93.7143,41.1291],[-93.7069,41.129],[-93.707,41.1327],[-93.6736,41.1328],[-93.6733,41.1618]]]}},{"type":"Feature","properties":{"leaid":"1905750","name":"North Iowa Community School District","kind":"Unified","gradeLow":"PK","gradeHigh":"12","state":"IA"},"geometry":{"type":"Polygon","coordinates":[[[-94.0886,43.5001],[-93.6963,43.4997],[-93.6967,43.4659],[-93.7062,43.4659],[-93.7063,43.4622],[-93.7014,43.4622],[-93.7014,43.4606],[-93.7063,43.4605],[-93.7063,43.437],[-93.7162,43.437],[-93.7162,43.43],[-93.6964,43.4298],[-93.6963,43.4218],[-93.7012,43.4218],[-93.7012,43.4182],[-93.7062,43.4182],[-93.7062,43.4146],[-93.711,43.4146],[-93.7111,43.4073],[-93.6961,43.4073],[-93.6961,43.4002],[-93.6862,43.4002],[-93.6863,43.3929],[-93.6664,43.3928],[-93.6665,43.3713],[-93.6764,43.3713],[-93.6764,43.3569],[-93.6863,43.3568],[-93.6863,43.3641],[-93.6961,43.3641],[-93.696,43.3568],[-93.7158,43.3567],[-93.7159,43.3423],[-93.7062,43.3424],[-93.7062,43.3351],[-93.7308,43.3349],[-93.7307,43.3204],[-93.7439,43.3205],[-93.7439,43.3133],[-93.7537,43.3134],[-93.7537,43.2989],[-93.7438,43.2988],[-93.7438,43.2916],[-93.7636,43.2917],[-93.7636,43.2844],[-93.7834,43.2845],[-93.7833,43.2917],[-93.7883,43.2917],[-93.7883,43.2845],[-93.7924,43.2844],[-93.7932,43.2917],[-93.8081,43.2916],[-93.808,43.2844],[-93.813,43.2844],[-93.8129,43.2771],[-93.8228,43.2771],[-93.823,43.2915],[-93.833,43.2915],[-93.8328,43.2771],[-93.8425,43.277],[-93.8426,43.2843],[-93.9119,43.284],[-93.9117,43.2695],[-93.9704,43.2698],[-93.9703,43.2986],[-93.9903,43.2987],[-93.9903,43.306],[-94.0197,43.306],[-94.0196,43.3277],[-94.0296,43.3277],[-94.0296,43.3205],[-94.0789,43.3205],[-94.0787,43.3133],[-94.0888,43.3133],[-94.0888,43.2917],[-94.0987,43.2916],[-94.0987,43.2844],[-94.1086,43.2844],[-94.1086,43.2772],[-94.1186,43.2772],[-94.1184,43.2844],[-94.1283,43.2843],[-94.1283,43.2916],[-94.1011,43.2916],[-94.1011,43.2988],[-94.0987,43.2988],[-94.0987,43.3059],[-94.1087,43.306],[-94.1087,43.3131],[-94.1236,43.3131],[-94.1236,43.3168],[-94.1384,43.3168],[-94.1383,43.3131],[-94.1679,43.3132],[-94.168,43.3204],[-94.1581,43.3204],[-94.1581,43.3712],[-94.1284,43.3712],[-94.1286,43.4],[-94.0888,43.4001],[-94.0888,43.4517],[-94.0987,43.4517],[-94.0989,43.4591],[-94.0888,43.459],[-94.0886,43.5001]]]}},{"type":"Feature","properties":{"leaid":"1920830","name":"North Kossuth Community School District","kind":"Unified","gradeLow":"PK","gradeHigh":"12","state":"IA"},"geometry":{"type":"Polygon","coordinates":[[[-94.3947,43.5003],[-94.0886,43.5001],[-94.0888,43.459],[-94.0989,43.4591],[-94.0987,43.4517],[-94.0888,43.4517],[-94.0888,43.4001],[-94.1286,43.4],[-94.1284,43.3712],[-94.1581,43.3712],[-94.1581,43.3204],[-94.168,43.3204],[-94.1679,43.3132],[-94.1383,43.3131],[-94.1384,43.3168],[-94.1236,43.3168],[-94.1236,43.3131],[-94.1087,43.3131],[-94.1087,43.306],[-94.0987,43.3059],[-94.0987,43.2988],[-94.1011,43.2988],[-94.1011,43.2916],[-94.1283,43.2916],[-94.1283,43.2843],[-94.1184,43.2844],[-94.1184,43.282],[-94.1186,43.2772],[-94.1284,43.2773],[-94.1286,43.2699],[-94.1098,43.2697],[-94.1097,43.266],[-94.1137,43.2669],[-94.1186,43.2609],[-94.1185,43.2556],[-94.2658,43.2548],[-94.2658,43.2694],[-94.2757,43.2693],[-94.2758,43.2547],[-94.2857,43.2547],[-94.2856,43.262],[-94.3054,43.262],[-94.3058,43.2836],[-94.2959,43.2835],[-94.2957,43.2909],[-94.2856,43.291],[-94.2856,43.2982],[-94.3055,43.298],[-94.3056,43.3198],[-94.3156,43.3198],[-94.3156,43.3272],[-94.3247,43.3272],[-94.3246,43.3381],[-94.3295,43.3381],[-94.3296,43.3344],[-94.3346,43.3345],[-94.3344,43.342],[-94.3641,43.3421],[-94.3641,43.3494],[-94.374,43.3494],[-94.374,43.3565],[-94.364,43.3565],[-94.3641,43.3638],[-94.3838,43.3637],[-94.3839,43.3709],[-94.4036,43.3708],[-94.4037,43.4142],[-94.4136,43.4141],[-94.4141,43.481],[-94.4127,43.481],[-94.4149,43.4839],[-94.4142,43.4882],[-94.3942,43.4883],[-94.3947,43.5003]]]}},{"type":"Feature","properties":{"leaid":"1928200","name":"Twin Rivers Community School District","kind":"Unified","gradeLow":"PK","gradeHigh":"12","state":"IA"},"geometry":{"type":"Polygon","coordinates":[[[-94.3545,42.9153],[-94.3155,42.9153],[-94.3155,42.908],[-94.1587,42.9083],[-94.1586,42.8994],[-94.149,42.8994],[-94.1491,42.8922],[-94.1419,42.8922],[-94.1419,42.8862],[-94.1344,42.8891],[-94.1345,42.8778],[-94.1295,42.8778],[-94.1294,42.8561],[-94.1,42.856],[-94.1,42.8487],[-94.0897,42.8486],[-94.0901,42.827],[-94.0999,42.827],[-94.0999,42.8197],[-94.1098,42.8197],[-94.1097,42.8115],[-94.1197,42.8115],[-94.1197,42.8042],[-94.129,42.8041],[-94.1361,42.8007],[-94.1395,42.8016],[-94.1394,42.7895],[-94.1687,42.7898],[-94.169,42.8113],[-94.1983,42.8111],[-94.1981,42.8198],[-94.2076,42.8196],[-94.2077,42.827],[-94.2666,42.827],[-94.2666,42.8233],[-94.2674,42.8233],[-94.2666,42.8198],[-94.2813,42.8186],[-94.2813,42.8198],[-94.2862,42.8198],[-94.2861,42.8039],[-94.2911,42.804],[-94.2911,42.8011],[-94.2861,42.8003],[-94.286,42.7968],[-94.2958,42.797],[-94.2957,42.7934],[-94.3054,42.7935],[-94.3055,42.7971],[-94.3201,42.7972],[-94.3201,42.8008],[-94.3249,42.8008],[-94.3249,42.7972],[-94.3542,42.7971],[-94.3543,42.8043],[-94.3644,42.8042],[-94.3643,42.8194],[-94.3839,42.8196],[-94.384,42.8414],[-94.3939,42.8414],[-94.3941,42.8559],[-94.4379,42.8557],[-94.438,42.8629],[-94.4425,42.8628],[-94.443,42.888],[-94.4234,42.8879],[-94.4234,42.8845],[-94.4037,42.8845],[-94.4037,42.8883],[-94.3938,42.8884],[-94.3938,42.8918],[-94.3987,42.8918],[-94.3988,42.8954],[-94.4037,42.8954],[-94.4037,42.9026],[-94.4086,42.9026],[-94.4087,42.9081],[-94.4038,42.9081],[-94.4038,42.9153],[-94.3938,42.9153],[-94.3938,42.9225],[-94.4037,42.9225],[-94.4037,42.9298],[-94.3741,42.9298],[-94.3741,42.9225],[-94.3544,42.9225],[-94.3545,42.9153]]]}},{"type":"Feature","properties":{"leaid":"1925980","name":"Sheldon Community School District","kind":"Unified","gradeLow":"PK","gradeHigh":"12","state":"IA"},"geometry":{"type":"Polygon","coordinates":[[[-95.7039,43.2946],[-95.7038,43.2656],[-95.7137,43.2655],[-95.7136,43.2582],[-95.7236,43.2582],[-95.7234,43.2478],[-95.7284,43.2478],[-95.7284,43.2515],[-95.7434,43.2516],[-95.7434,43.2298],[-95.7382,43.2298],[-95.7383,43.2443],[-95.7234,43.2442],[-95.7234,43.2297],[-95.7283,43.2297],[-95.7283,43.2226],[-95.7233,43.2225],[-95.7233,43.2152],[-95.7433,43.2152],[-95.743,43.2006],[-95.7337,43.2006],[-95.7337,43.1969],[-95.7378,43.1969],[-95.7377,43.1934],[-95.7429,43.1934],[-95.7425,43.1716],[-95.7232,43.1716],[-95.7232,43.1675],[-95.7135,43.1676],[-95.7138,43.157],[-95.6935,43.1571],[-95.6936,43.1462],[-95.6837,43.1462],[-95.6837,43.1426],[-95.6639,43.1425],[-95.664,43.128],[-95.6689,43.128],[-95.6689,43.1244],[-95.6739,43.1244],[-95.6739,43.128],[-95.6839,43.1281],[-95.6838,43.1135],[-95.6937,43.1136],[-95.6937,43.1063],[-95.7002,43.1063],[-95.7001,43.099],[-95.7233,43.0989],[-95.7232,43.0916],[-95.7133,43.0917],[-95.7133,43.0881],[-95.7232,43.088],[-95.7232,43.0772],[-95.7131,43.0772],[-95.7132,43.0699],[-95.7233,43.0699],[-95.7232,43.0623],[-95.7334,43.0624],[-95.7333,43.0552],[-95.7418,43.0551],[-95.7419,43.0624],[-95.7518,43.0624],[-95.7517,43.0552],[-95.7914,43.0553],[-95.7913,43.0408],[-95.8107,43.0408],[-95.8107,43.0476],[-95.8012,43.0477],[-95.8013,43.0626],[-95.8112,43.0625],[-95.8113,43.0771],[-95.8212,43.0771],[-95.8212,43.0697],[-95.8411,43.0693],[-95.8408,43.0837],[-95.8603,43.0837],[-95.8606,43.0982],[-95.9149,43.0985],[-95.9152,43.1057],[-95.9201,43.1058],[-95.9208,43.1384],[-95.9306,43.1384],[-95.9306,43.142],[-95.9455,43.1421],[-95.9456,43.1457],[-95.9506,43.1457],[-95.9505,43.1422],[-95.9604,43.1422],[-95.9605,43.1494],[-95.9505,43.1494],[-95.9507,43.1566],[-95.9555,43.1566],[-95.9557,43.1675],[-95.9409,43.1675],[-95.9413,43.1861],[-95.9512,43.1863],[-95.9515,43.2008],[-95.9516,43.2153],[-95.9417,43.2153],[-95.9419,43.2226],[-95.9616,43.2225],[-95.9617,43.2298],[-96.0007,43.2298],[-96.0005,43.2371],[-96.0204,43.237],[-96.0201,43.2584],[-95.9711,43.2578],[-95.9712,43.2649],[-95.9687,43.2649],[-95.9687,43.2667],[-95.9613,43.2667],[-95.9613,43.2649],[-95.9166,43.2652],[-95.9167,43.2725],[-95.9017,43.2725],[-95.9015,43.287],[-95.8914,43.2869],[-95.8914,43.2942],[-95.8426,43.2939],[-95.8421,43.3229],[-95.7424,43.3236],[-95.7425,43.3163],[-95.7235,43.3164],[-95.7239,43.2945],[-95.7039,43.2946]]]}},{"type":"Feature","properties":{"leaid":"1912480","name":"George-Little Rock Community School District","kind":"Unified","gradeLow":"PK","gradeHigh":"12","state":"IA"},"geometry":{"type":"Polygon","coordinates":[[[-95.8333,43.5],[-95.8333,43.4907],[-95.8012,43.4907],[-95.8012,43.4834],[-95.8111,43.4833],[-95.8111,43.4762],[-95.8211,43.476],[-95.8211,43.4834],[-95.8313,43.4835],[-95.8312,43.4544],[-95.8412,43.4544],[-95.8412,43.4473],[-95.8512,43.4472],[-95.8509,43.4399],[-95.8311,43.4399],[-95.831,43.4327],[-95.8287,43.4327],[-95.8286,43.4184],[-95.8311,43.4184],[-95.8311,43.4112],[-95.8606,43.4107],[-95.8613,43.2938],[-95.8914,43.2942],[-95.8914,43.2869],[-95.9015,43.287],[-95.9017,43.2725],[-95.9167,43.2725],[-95.9166,43.2652],[-95.9613,43.2649],[-95.9613,43.2667],[-95.9687,43.2667],[-95.9687,43.2649],[-95.9712,43.2649],[-95.9711,43.2578],[-96.0201,43.2584],[-96.0204,43.237],[-96.0503,43.2371],[-96.0492,43.2586],[-96.0594,43.2583],[-96.0594,43.2692],[-96.0645,43.2691],[-96.0644,43.2727],[-96.0792,43.2723],[-96.0791,43.2795],[-96.1178,43.2791],[-96.1163,43.3534],[-96.0966,43.3533],[-96.0964,43.3895],[-96.0577,43.3894],[-96.0577,43.4112],[-96.0478,43.4112],[-96.0478,43.4148],[-96.0379,43.4147],[-96.038,43.4328],[-95.9982,43.4327],[-95.9981,43.4617],[-96.0181,43.4618],[-96.0181,43.4763],[-95.9981,43.4762],[-95.9982,43.4907],[-95.9782,43.4906],[-95.9783,43.5001],[-95.8333,43.5]]]}},{"type":"Feature","properties":{"leaid":"1900025","name":"Panorama Community School District","kind":"Unified","gradeLow":"PK","gradeHigh":"12","state":"IA"},"geometry":{"type":"Polygon","coordinates":[[[-94.4447,41.7529],[-94.4641,41.7533],[-94.4638,41.7568],[-94.4544,41.7569],[-94.4545,41.7603],[-94.4496,41.7603],[-94.4497,41.7638],[-94.4544,41.7638],[-94.4544,41.7768],[-94.4689,41.7768],[-94.4688,41.7842],[-94.4737,41.7842],[-94.4737,41.7951],[-94.4834,41.795],[-94.4833,41.8058],[-94.4928,41.8057],[-94.4928,41.8202],[-94.4833,41.8202],[-94.4834,41.8347],[-94.4929,41.8346],[-94.4929,41.8419],[-94.5074,41.8417],[-94.5073,41.8453],[-94.488,41.8454],[-94.488,41.8491],[-94.4929,41.8491],[-94.4929,41.8532],[-94.4949,41.8532],[-94.4949,41.8514],[-94.513,41.8519],[-94.513,41.8561],[-94.4929,41.8563],[-94.493,41.8632],[-94.4786,41.8632],[-94.4785,41.8705],[-94.4737,41.8705],[-94.4737,41.8669],[-94.4447,41.8668],[-94.4447,41.8777],[-94.4351,41.8777],[-94.435,41.8668],[-94.4254,41.8668],[-94.4254,41.8704],[-94.4157,41.8705],[-94.4157,41.8632],[-94.3576,41.863],[-94.3577,41.8775],[-94.3286,41.8775],[-94.3286,41.8848],[-94.3189,41.8849],[-94.3189,41.8921],[-94.2723,41.8921],[-94.2699,41.8894],[-94.2693,41.8855],[-94.2658,41.8861],[-94.2618,41.885],[-94.2563,41.8764],[-94.2545,41.8764],[-94.2536,41.878],[-94.2502,41.8735],[-94.2502,41.869],[-94.2491,41.8671],[-94.2519,41.8648],[-94.2503,41.8631],[-94.2607,41.863],[-94.2607,41.8596],[-94.2756,41.8595],[-94.2756,41.8559],[-94.2465,41.8562],[-94.2465,41.8489],[-94.2562,41.849],[-94.2562,41.8427],[-94.2657,41.8427],[-94.2655,41.8345],[-94.2805,41.8344],[-94.2807,41.7317],[-94.2414,41.7317],[-94.2414,41.7246],[-94.2317,41.7246],[-94.2317,41.7318],[-94.222,41.7318],[-94.2219,41.7028],[-94.217,41.7028],[-94.2172,41.6956],[-94.2124,41.6956],[-94.2122,41.7028],[-94.2073,41.7028],[-94.2075,41.6956],[-94.2026,41.6956],[-94.2026,41.6296],[-94.2412,41.6297],[-94.2409,41.6154],[-94.2774,41.6158],[-94.28,41.6149],[-94.2866,41.6193],[-94.2895,41.6186],[-94.2895,41.6228],[-94.299,41.6228],[-94.2988,41.6301],[-94.3181,41.6302],[-94.318,41.623],[-94.3199,41.6231],[-94.3198,41.6194],[-94.3132,41.6194],[-94.3132,41.6158],[-94.3037,41.6157],[-94.3035,41.6122],[-94.299,41.6121],[-94.299,41.6162],[-94.2948,41.6185],[-94.2949,41.6158],[-94.2966,41.6158],[-94.2967,41.6086],[-94.3037,41.6087],[-94.304,41.6014],[-94.3374,41.6015],[-94.3377,41.6087],[-94.3473,41.6088],[-94.3477,41.605],[-94.3569,41.6055],[-94.3571,41.5973],[-94.3668,41.5978],[-94.3664,41.6017],[-94.3764,41.6015],[-94.3762,41.6052],[-94.3858,41.6052],[-94.3857,41.6233],[-94.396,41.6232],[-94.3962,41.6375],[-94.401,41.6376],[-94.4012,41.6452],[-94.411,41.6452],[-94.411,41.652],[-94.4257,41.6522],[-94.4253,41.6952],[-94.435,41.6952],[-94.4349,41.7347],[-94.4446,41.7349],[-94.4446,41.7385],[-94.4494,41.7386],[-94.4497,41.7422],[-94.4543,41.7423],[-94.4543,41.7495],[-94.4446,41.7492],[-94.4447,41.7529]],[[-94.4447,41.7529],[-94.4398,41.7528],[-94.4401,41.7601],[-94.4449,41.7602],[-94.4447,41.7529]]]}},{"type":"Feature","properties":{"leaid":"1918180","name":"Madrid Community School District","kind":"Unified","gradeLow":"PK","gradeHigh":"12","state":"IA"},"geometry":{"type":"Polygon","coordinates":[[[-93.7373,41.9218],[-93.7371,41.8634],[-93.7762,41.8635],[-93.7754,41.8349],[-93.761,41.835],[-93.761,41.8333],[-93.7562,41.8334],[-93.756,41.8132],[-93.7609,41.8132],[-93.7608,41.8059],[-93.7655,41.806],[-93.7655,41.7987],[-93.7762,41.7985],[-93.7761,41.7956],[-93.7807,41.7929],[-93.7838,41.793],[-93.7851,41.7946],[-93.7852,41.799],[-93.7865,41.7999],[-93.8074,41.8042],[-93.815,41.804],[-93.8221,41.8072],[-93.8324,41.821],[-93.8399,41.8246],[-93.8444,41.829],[-93.8415,41.8327],[-93.8456,41.8342],[-93.8458,41.8354],[-93.8451,41.837],[-93.8423,41.838],[-93.8397,41.8433],[-93.8407,41.8471],[-93.844,41.8479],[-93.8464,41.8517],[-93.855,41.8529],[-93.8629,41.8633],[-93.8669,41.8641],[-93.8687,41.8658],[-93.8648,41.8744],[-93.8672,41.8772],[-93.8667,41.88],[-93.8589,41.8863],[-93.8566,41.8916],[-93.8593,41.8949],[-93.8586,41.8965],[-93.8597,41.9012],[-93.8651,41.9047],[-93.8687,41.9097],[-93.8672,41.9148],[-93.8679,41.9214],[-93.7373,41.9218]]]}},{"type":"Feature","properties":{"leaid":"1903150","name":"Adel-De Soto-Minburn Community School District","kind":"Unified","gradeLow":"PK","gradeHigh":"12","state":"IA"},"geometry":{"type":"Polygon","coordinates":[[[-93.9893,41.806],[-93.9893,41.7915],[-93.9699,41.7915],[-93.9697,41.7879],[-93.9601,41.7879],[-93.9601,41.7842],[-93.9504,41.7843],[-93.9504,41.7915],[-93.9407,41.7916],[-93.9407,41.7683],[-93.9357,41.7683],[-93.9358,41.7611],[-93.931,41.761],[-93.9306,41.7567],[-93.931,41.7537],[-93.9408,41.7537],[-93.9407,41.7501],[-93.9603,41.7502],[-93.9602,41.7466],[-93.9895,41.7466],[-93.9894,41.732],[-94.0184,41.7321],[-94.0184,41.7211],[-94.0277,41.7215],[-94.0277,41.7139],[-94.0477,41.7138],[-94.0476,41.68],[-94.0421,41.68],[-94.0421,41.6818],[-94.0325,41.6815],[-94.0327,41.6663],[-94.0375,41.6655],[-94.0376,41.6583],[-94.0037,41.6583],[-94.0036,41.6438],[-93.994,41.6438],[-93.9939,41.6365],[-93.9842,41.6365],[-93.9843,41.6293],[-93.9793,41.6293],[-93.9793,41.6221],[-93.9408,41.6221],[-93.9406,41.6146],[-93.9505,41.6146],[-93.9503,41.6003],[-93.9354,41.6004],[-93.9354,41.5897],[-93.9449,41.5898],[-93.9451,41.5754],[-93.9546,41.5753],[-93.9547,41.5699],[-93.9642,41.5699],[-93.9649,41.568],[-93.969,41.5704],[-93.969,41.568],[-93.9739,41.568],[-93.9739,41.5716],[-93.9859,41.5716],[-93.9859,41.5699],[-93.9835,41.5699],[-93.9834,41.568],[-93.9932,41.5681],[-93.9931,41.5464],[-93.9835,41.5464],[-93.9836,41.5248],[-93.9932,41.5248],[-93.9933,41.5177],[-93.9908,41.5176],[-93.9909,41.5141],[-93.9836,41.5141],[-93.9836,41.5035],[-93.9822,41.5033],[-93.9848,41.5033],[-93.9836,41.4962],[-93.9838,41.4599],[-93.9788,41.4599],[-93.9786,41.4564],[-93.9788,41.4346],[-93.984,41.4365],[-93.9836,41.4352],[-93.9853,41.4345],[-93.9928,41.4343],[-93.9928,41.4377],[-93.9953,41.439],[-93.9966,41.4377],[-94.0029,41.4417],[-94.0028,41.4399],[-94.0076,41.44],[-94.0076,41.4418],[-94.0129,41.4419],[-94.0128,41.4634],[-94.0177,41.4635],[-94.0177,41.4671],[-94.0165,41.4671],[-94.0177,41.4714],[-94.0165,41.4743],[-94.0224,41.4744],[-94.0224,41.4815],[-94.0319,41.4816],[-94.032,41.4891],[-94.0366,41.489],[-94.0371,41.4853],[-94.0417,41.4856],[-94.0417,41.4927],[-94.0464,41.4927],[-94.0463,41.4964],[-94.0441,41.4964],[-94.0441,41.4999],[-94.0512,41.4999],[-94.0512,41.5032],[-94.0608,41.5032],[-94.0606,41.5551],[-94.0713,41.5544],[-94.08,41.5558],[-94.0861,41.5526],[-94.089,41.5483],[-94.0922,41.547],[-94.1054,41.5538],[-94.1045,41.5572],[-94.0943,41.5571],[-94.0943,41.5586],[-94.0919,41.5586],[-94.0919,41.5571],[-94.0896,41.5571],[-94.0896,41.5826],[-94.0944,41.5825],[-94.0945,41.5933],[-94.1018,41.5933],[-94.1018,41.5897],[-94.109,41.5897],[-94.1092,41.6005],[-94.1221,41.6007],[-94.1221,41.5971],[-94.1359,41.597],[-94.1359,41.5979],[-94.1414,41.598],[-94.1414,41.597],[-94.1439,41.597],[-94.144,41.5994],[-94.1463,41.5982],[-94.1463,41.6007],[-94.1442,41.6008],[-94.1441,41.602],[-94.1393,41.6031],[-94.1393,41.6008],[-94.1345,41.6007],[-94.1344,41.6043],[-94.1194,41.6078],[-94.1248,41.6078],[-94.1249,41.6151],[-94.1395,41.6151],[-94.1394,41.6169],[-94.1249,41.6169],[-94.1252,41.644],[-94.1398,41.6441],[-94.1398,41.6513],[-94.1543,41.6513],[-94.154,41.6883],[-94.1641,41.6884],[-94.1641,41.6921],[-94.1689,41.6922],[-94.1689,41.6957],[-94.1834,41.6957],[-94.1834,41.6884],[-94.1931,41.6884],[-94.1931,41.6956],[-94.2075,41.6956],[-94.2073,41.7028],[-94.2122,41.7028],[-94.2124,41.6956],[-94.2172,41.6956],[-94.217,41.7028],[-94.2219,41.7028],[-94.2219,41.7173],[-94.1253,41.7174],[-94.1253,41.7156],[-94.1157,41.7157],[-94.1157,41.7175],[-94.0964,41.7174],[-94.0964,41.7284],[-94.0866,41.7284],[-94.0869,41.7501],[-94.0819,41.75],[-94.0819,41.7537],[-94.0867,41.7538],[-94.0867,41.7574],[-94.082,41.7583],[-94.082,41.7647],[-94.0839,41.7647],[-94.0821,41.7659],[-94.0821,41.772],[-94.0799,41.772],[-94.0796,41.7769],[-94.0529,41.7769],[-94.0528,41.7805],[-94.048,41.7805],[-94.048,41.7985],[-94.0378,41.7986],[-94.0378,41.8132],[-94.0329,41.8133],[-94.0328,41.8169],[-94.028,41.8169],[-94.028,41.8223],[-94.0268,41.8222],[-94.0267,41.8243],[-94.0186,41.8243],[-94.0184,41.82],[-94.0093,41.8205],[-94.0058,41.8181],[-94.0072,41.8148],[-94.0049,41.8134],[-93.999,41.8133],[-93.9988,41.806],[-93.9893,41.806]]]}},{"type":"Feature","properties":{"leaid":"1920460","name":"New London Community School District","kind":"Unified","gradeLow":"PK","gradeHigh":"12","state":"IA"},"geometry":{"type":"Polygon","coordinates":[[[-91.3711,41.0159],[-91.3714,40.9825],[-91.3415,40.9838],[-91.3415,40.9813],[-91.3391,40.9802],[-91.3387,40.973],[-91.3328,40.9731],[-91.3327,40.968],[-91.3339,40.968],[-91.334,40.9648],[-91.3337,40.9439],[-91.3289,40.9438],[-91.3282,40.947],[-91.3278,40.9438],[-91.3194,40.9438],[-91.3195,40.9291],[-91.3334,40.9293],[-91.3334,40.8997],[-91.3718,40.8997],[-91.3717,40.8779],[-91.4103,40.8782],[-91.4104,40.8437],[-91.4152,40.8437],[-91.4152,40.8347],[-91.3958,40.8345],[-91.3958,40.8324],[-91.3912,40.8325],[-91.3912,40.8347],[-91.3721,40.8344],[-91.3722,40.8199],[-91.3813,40.82],[-91.3819,40.8127],[-91.4487,40.8131],[-91.4488,40.8322],[-91.453,40.8427],[-91.4496,40.8445],[-91.4487,40.8472],[-91.4544,40.852],[-91.4681,40.8553],[-91.4671,40.9296],[-91.4575,40.9294],[-91.4574,40.9567],[-91.4525,40.9566],[-91.4525,40.9512],[-91.4382,40.9509],[-91.4384,40.9582],[-91.4429,40.9583],[-91.4434,40.9802],[-91.4482,40.9805],[-91.4482,40.9838],[-91.4433,40.9839],[-91.4434,40.9876],[-91.4481,40.9876],[-91.448,41.0167],[-91.3711,41.0159]]]}},{"type":"Feature","properties":{"leaid":"1912750","name":"Glidden-Ralston Community School District","kind":"Unified","gradeLow":"PK","gradeHigh":"12","state":"IA"},"geometry":{"type":"Polygon","coordinates":[[[-94.629,42.1302],[-94.629,42.123],[-94.5958,42.1229],[-94.5972,42.1179],[-94.6004,42.1177],[-94.6008,42.0854],[-94.5912,42.0854],[-94.5912,42.0818],[-94.6105,42.0817],[-94.6105,42.0745],[-94.6057,42.0745],[-94.6057,42.0709],[-94.6008,42.0708],[-94.6008,42.0673],[-94.5911,42.0674],[-94.591,42.0636],[-94.6007,42.0636],[-94.6006,42.0491],[-94.6103,42.0491],[-94.6098,42.0346],[-94.6195,42.0346],[-94.6196,42.0299],[-94.6291,42.0298],[-94.6292,41.9792],[-94.6487,41.9793],[-94.6487,41.9721],[-94.7068,41.9719],[-94.7068,41.9574],[-94.7454,41.9572],[-94.7454,41.9496],[-94.751,41.9493],[-94.751,41.9474],[-94.7535,41.9473],[-94.7537,41.9454],[-94.7598,41.9454],[-94.7596,41.935],[-94.7645,41.9349],[-94.7645,41.9205],[-94.784,41.9207],[-94.7839,42.1003],[-94.7593,42.1003],[-94.7595,42.0964],[-94.7549,42.0963],[-94.7549,42.0927],[-94.7448,42.0927],[-94.7448,42.097],[-94.7448,42.0999],[-94.7546,42.0999],[-94.7544,42.1071],[-94.7641,42.1071],[-94.7642,42.1035],[-94.774,42.1036],[-94.774,42.1072],[-94.7838,42.1072],[-94.7838,42.1108],[-94.769,42.1107],[-94.769,42.1143],[-94.7642,42.1143],[-94.7642,42.1232],[-94.7545,42.1231],[-94.7545,42.118],[-94.7448,42.1179],[-94.7449,42.1809],[-94.6874,42.181],[-94.6874,42.1737],[-94.6678,42.1736],[-94.6679,42.1772],[-94.6581,42.1772],[-94.6581,42.1736],[-94.6484,42.1736],[-94.6483,42.1302],[-94.629,42.1302]]]}},{"type":"Feature","properties":{"leaid":"1915210","name":"Greene County Community School District","kind":"Unified","gradeLow":"PK","gradeHigh":"12","state":"IA"},"geometry":{"type":"MultiPolygon","coordinates":[[[[-94.3007,42.1733],[-94.2812,42.1733],[-94.2812,42.166],[-94.3006,42.1661],[-94.3007,42.1733]]],[[[-94.3007,42.1733],[-94.3104,42.1734],[-94.3104,42.1661],[-94.3153,42.1661],[-94.3153,42.1625],[-94.3201,42.1625],[-94.3201,42.1589],[-94.3152,42.1589],[-94.3154,42.1517],[-94.3297,42.1517],[-94.3298,42.1446],[-94.3491,42.1447],[-94.3491,42.1373],[-94.3104,42.1373],[-94.3104,42.1517],[-94.2909,42.1516],[-94.2909,42.13],[-94.2521,42.13],[-94.2522,42.1373],[-94.2425,42.1373],[-94.2426,42.1446],[-94.2037,42.1445],[-94.2037,42.1517],[-94.1746,42.1516],[-94.1746,42.1445],[-94.1648,42.1445],[-94.1648,42.1228],[-94.1446,42.1228],[-94.1447,42.0927],[-94.1647,42.0925],[-94.1646,41.9502],[-94.1257,41.9502],[-94.1258,41.9213],[-94.1645,41.9212],[-94.1644,41.885],[-94.1741,41.885],[-94.1739,41.8633],[-94.2503,41.8631],[-94.2519,41.8645],[-94.2491,41.8671],[-94.251,41.875],[-94.254,41.8783],[-94.2545,41.8764],[-94.2563,41.8764],[-94.2614,41.8848],[-94.27,41.8861],[-94.2699,41.8894],[-94.2723,41.8921],[-94.3189,41.8921],[-94.3189,41.8849],[-94.3286,41.8848],[-94.3286,41.8775],[-94.3577,41.8775],[-94.3576,41.863],[-94.4157,41.8632],[-94.4157,41.8705],[-94.4254,41.8704],[-94.4254,41.8668],[-94.435,41.8668],[-94.4351,41.8777],[-94.4447,41.8777],[-94.4447,41.8668],[-94.4737,41.8669],[-94.4737,41.8705],[-94.4785,41.8705],[-94.4785,41.8741],[-94.493,41.8741],[-94.493,41.8849],[-94.4832,41.8849],[-94.4833,41.8922],[-94.5076,41.8922],[-94.5077,41.9066],[-94.5029,41.9066],[-94.5027,41.9138],[-94.5129,41.9138],[-94.5129,41.921],[-94.5274,41.921],[-94.5273,41.9282],[-94.5128,41.9283],[-94.5127,41.9427],[-94.5709,41.9427],[-94.5708,41.9505],[-94.5901,41.9505],[-94.5904,41.9282],[-94.6099,41.9278],[-94.61,41.9354],[-94.6193,41.9351],[-94.6194,41.9505],[-94.6293,41.9505],[-94.6291,42.0298],[-94.6196,42.0299],[-94.6195,42.0346],[-94.6098,42.0346],[-94.6103,42.0491],[-94.6006,42.0491],[-94.6007,42.0636],[-94.591,42.0636],[-94.5911,42.0674],[-94.6008,42.0673],[-94.6008,42.0708],[-94.6057,42.0709],[-94.6057,42.0745],[-94.6105,42.0745],[-94.6105,42.0817],[-94.5912,42.0818],[-94.5912,42.0854],[-94.6008,42.0854],[-94.6004,42.1177],[-94.5972,42.1179],[-94.5958,42.1229],[-94.5761,42.1228],[-94.5762,42.118],[-94.5772,42.118],[-94.5778,42.1144],[-94.5762,42.1144],[-94.577,42.1089],[-94.5751,42.1071],[-94.5132,42.1066],[-94.5133,42.0921],[-94.5049,42.0922],[-94.5049,42.0778],[-94.4976,42.0779],[-94.4976,42.0761],[-94.4928,42.0761],[-94.4928,42.0779],[-94.4903,42.0779],[-94.4903,42.067],[-94.4757,42.067],[-94.4757,42.0706],[-94.466,42.0707],[-94.466,42.0852],[-94.4611,42.0852],[-94.4611,42.0866],[-94.4562,42.0836],[-94.4562,42.0851],[-94.4368,42.0851],[-94.4367,42.0926],[-94.4415,42.0926],[-94.4413,42.107],[-94.4367,42.107],[-94.4367,42.0998],[-94.4318,42.0998],[-94.4319,42.0926],[-94.427,42.0926],[-94.4266,42.1144],[-94.3707,42.1143],[-94.3704,42.1228],[-94.368,42.1228],[-94.3681,42.1264],[-94.3705,42.1264],[-94.3705,42.1252],[-94.3779,42.1252],[-94.378,42.1228],[-94.3874,42.1228],[-94.3876,42.1372],[-94.3972,42.1372],[-94.3972,42.1408],[-94.3877,42.1409],[-94.3878,42.1517],[-94.3781,42.1517],[-94.3781,42.1482],[-94.3636,42.1481],[-94.3636,42.1517],[-94.3591,42.1517],[-94.3589,42.1661],[-94.3395,42.166],[-94.3396,42.1805],[-94.325,42.1805],[-94.3249,42.1661],[-94.3201,42.1661],[-94.3201,42.1751],[-94.3107,42.1751],[-94.3107,42.1805],[-94.3007,42.1805],[-94.3007,42.1733]]]]}},{"type":"Feature","properties":{"leaid":"1918930","name":"Mediapolis Community School District","kind":"Unified","gradeLow":"PK","gradeHigh":"12","state":"IA"},"geometry":{"type":"Polygon","coordinates":[[[-90.9494,41.0727],[-90.9455,41.0617],[-90.946,41.0563],[-90.9437,41.0486],[-90.9423,41.0347],[-90.9453,41.0193],[-90.9459,41.0065],[-90.9496,40.9952],[-90.9552,40.9868],[-90.9581,40.9798],[-90.9581,40.9766],[-90.9527,40.9621],[-90.9522,40.954],[-90.9605,40.9364],[-90.9629,40.925],[-90.969,40.9191],[-90.9985,40.9081],[-91.0035,40.9051],[-91.0121,40.8981],[-91.0216,40.884],[-91.0264,40.8827],[-91.0291,40.8803],[-91.1462,40.8805],[-91.1462,40.8695],[-91.1941,40.8702],[-91.1946,40.8739],[-91.1893,40.8739],[-91.1894,40.8772],[-91.1944,40.8774],[-91.1944,40.8845],[-91.1989,40.8845],[-91.199,40.8993],[-91.2372,40.8996],[-91.2375,40.9069],[-91.2566,40.9071],[-91.2566,40.909],[-91.2614,40.9094],[-91.2616,40.9144],[-91.2664,40.9146],[-91.2663,40.94],[-91.271,40.94],[-91.2712,40.9436],[-91.2808,40.9438],[-91.2808,40.9509],[-91.2759,40.9509],[-91.276,40.9585],[-91.334,40.9585],[-91.3328,40.9731],[-91.3387,40.973],[-91.3391,40.9802],[-91.3415,40.9813],[-91.3415,40.9838],[-91.3714,40.9825],[-91.3709,41.045],[-91.3332,41.0458],[-91.3333,41.0741],[-91.2943,41.0741],[-91.2941,41.0456],[-91.2181,41.0447],[-91.2178,41.0736],[-91.1884,41.0732],[-91.1883,41.0806],[-91.1838,41.0805],[-91.1834,41.0842],[-91.1738,41.084],[-91.1739,41.0805],[-91.1715,41.0804],[-91.1716,41.0731],[-91.1028,41.073],[-91.1028,41.0656],[-91.0353,41.0658],[-91.0354,41.0729],[-90.9494,41.0727]]]}},{"type":"Feature","properties":{"leaid":"1921720","name":"Olin Consolidated School District","kind":"Unified","gradeLow":"PK","gradeHigh":"12","state":"IA"},"geometry":{"type":"Polygon","coordinates":[[[-91.1316,42.0993],[-91.1316,42.092],[-91.1224,42.0935],[-91.0879,42.0929],[-91.0878,42.0856],[-91.0924,42.0857],[-91.0924,42.0781],[-91.0974,42.0782],[-91.0979,42.0594],[-91.0831,42.0592],[-91.0832,42.0374],[-91.0784,42.0375],[-91.0785,42.0339],[-91.0639,42.0338],[-91.0639,42.0272],[-91.0736,42.027],[-91.0736,42.02],[-91.0249,42.0195],[-91.0247,42.0057],[-91.0278,42.0054],[-91.0313,42.007],[-91.0359,42.0065],[-91.0405,42.003],[-91.0436,42.0039],[-91.0484,42.0027],[-91.0548,41.9976],[-91.0589,41.9987],[-91.0589,41.9759],[-91.0492,41.9758],[-91.0492,41.9722],[-91.0444,41.9721],[-91.0443,41.9649],[-91.0493,41.9648],[-91.0493,41.9611],[-91.0736,41.9613],[-91.0736,41.954],[-91.0834,41.954],[-91.0834,41.9504],[-91.0883,41.9503],[-91.0883,41.9467],[-91.2102,41.9471],[-91.2101,41.9763],[-91.2488,41.9764],[-91.2487,41.9835],[-91.2686,41.9838],[-91.2685,41.9977],[-91.2585,41.9984],[-91.2584,42.0019],[-91.2485,42.0017],[-91.2485,41.9981],[-91.2296,41.9986],[-91.2297,42.0097],[-91.2394,42.0094],[-91.2386,42.0408],[-91.2341,42.0406],[-91.2342,42.0451],[-91.2289,42.045],[-91.229,42.0488],[-91.2353,42.0536],[-91.235,42.055],[-91.2304,42.0561],[-91.2358,42.0627],[-91.2338,42.0647],[-91.2287,42.0643],[-91.2257,42.0662],[-91.2281,42.0702],[-91.1997,42.0704],[-91.1997,42.0666],[-91.1756,42.0667],[-91.1756,42.0777],[-91.1708,42.0777],[-91.1707,42.0921],[-91.1902,42.0922],[-91.1902,42.0994],[-91.1316,42.0993]]]}},{"type":"Feature","properties":{"leaid":"1919710","name":"Moravia Community School District","kind":"Unified","gradeLow":"PK","gradeHigh":"12","state":"IA"},"geometry":{"type":"Polygon","coordinates":[[[-92.7159,40.9567],[-92.6967,40.9565],[-92.6967,40.9349],[-92.6773,40.935],[-92.6772,40.9276],[-92.6583,40.9275],[-92.6582,40.8988],[-92.6391,40.8989],[-92.6389,40.8853],[-92.6293,40.8852],[-92.6294,40.8887],[-92.6246,40.8887],[-92.6247,40.8925],[-92.6151,40.8924],[-92.6148,40.878],[-92.6389,40.8777],[-92.6389,40.8708],[-92.6344,40.8707],[-92.6366,40.8664],[-92.6298,40.8615],[-92.6289,40.8614],[-92.6289,40.8655],[-92.6288,40.8634],[-92.6194,40.8634],[-92.6192,40.8488],[-92.6002,40.8488],[-92.6001,40.8454],[-92.6048,40.8453],[-92.6048,40.8418],[-92.6484,40.8418],[-92.6482,40.8345],[-92.6576,40.8346],[-92.6577,40.8129],[-92.6673,40.8128],[-92.6673,40.8051],[-92.6958,40.8049],[-92.6958,40.8127],[-92.7053,40.8127],[-92.7054,40.8204],[-92.7087,40.8202],[-92.715,40.8173],[-92.7151,40.8308],[-92.7246,40.8312],[-92.7251,40.8344],[-92.7374,40.8344],[-92.739,40.8343],[-92.7388,40.8308],[-92.7535,40.8308],[-92.7538,40.8116],[-92.7614,40.8104],[-92.7677,40.805],[-92.7724,40.8049],[-92.7727,40.8013],[-92.7821,40.8013],[-92.782,40.7941],[-92.7915,40.794],[-92.7917,40.7904],[-92.8202,40.7906],[-92.8202,40.7941],[-92.8295,40.7941],[-92.8298,40.7978],[-92.8393,40.7979],[-92.8392,40.8161],[-92.8404,40.8161],[-92.8392,40.817],[-92.8392,40.8197],[-92.844,40.8195],[-92.8447,40.8127],[-92.8585,40.8125],[-92.8585,40.805],[-92.8532,40.8051],[-92.8568,40.7975],[-92.8581,40.7904],[-92.8646,40.7912],[-92.8647,40.7922],[-92.8622,40.792],[-92.8629,40.795],[-92.8671,40.7938],[-92.8666,40.7965],[-92.8677,40.797],[-92.8683,40.7958],[-92.8684,40.7977],[-92.8825,40.7978],[-92.8826,40.805],[-92.8874,40.8051],[-92.8877,40.8124],[-92.9065,40.8124],[-92.9062,40.8053],[-92.9448,40.8046],[-92.9448,40.8083],[-92.9398,40.8085],[-92.9403,40.8123],[-92.9446,40.8123],[-92.9445,40.8231],[-92.954,40.8231],[-92.9541,40.8048],[-92.9638,40.8041],[-92.964,40.801],[-92.9781,40.8009],[-92.9778,40.8266],[-92.9755,40.8265],[-92.9755,40.8337],[-92.983,40.8339],[-92.9832,40.8529],[-92.9823,40.852],[-92.9787,40.8522],[-92.9787,40.8555],[-92.983,40.8561],[-92.9831,40.8702],[-93.0216,40.8702],[-93.0213,40.8414],[-93.0402,40.8409],[-93.0403,40.8375],[-93.0451,40.8375],[-93.0453,40.8411],[-93.0548,40.8411],[-93.0549,40.8374],[-93.0595,40.8374],[-93.0597,40.8267],[-93.0687,40.8266],[-93.069,40.8339],[-93.0784,40.8339],[-93.0785,40.8267],[-93.0976,40.8269],[-93.0976,40.8985],[-93.0836,40.8984],[-93.0836,40.8919],[-93.0788,40.8919],[-93.0788,40.8954],[-93.0693,40.8954],[-93.0692,40.8882],[-93.0641,40.8882],[-93.0597,40.8882],[-93.0598,40.8983],[-93.0215,40.8983],[-93.0216,40.9021],[-93.0168,40.9021],[-93.0169,40.9056],[-92.9977,40.9056],[-92.9976,40.8984],[-92.9928,40.8984],[-92.9929,40.9056],[-92.9881,40.9056],[-92.9881,40.9165],[-92.9835,40.9165],[-92.9834,40.9056],[-92.9689,40.9056],[-92.9689,40.9129],[-92.9642,40.913],[-92.9642,40.9057],[-92.9547,40.9056],[-92.9547,40.902],[-92.9498,40.902],[-92.9498,40.9057],[-92.943,40.9057],[-92.9402,40.9057],[-92.9403,40.902],[-92.9355,40.9021],[-92.9355,40.9129],[-92.9258,40.9129],[-92.9259,40.9275],[-92.9019,40.9274],[-92.9019,40.931],[-92.8877,40.931],[-92.8877,40.9345],[-92.8897,40.9367],[-92.8896,40.9419],[-92.8925,40.9419],[-92.8924,40.9455],[-92.8687,40.9456],[-92.8687,40.9492],[-92.85,40.9492],[-92.8501,40.9568],[-92.7686,40.9567],[-92.7684,40.9463],[-92.7604,40.9458],[-92.7591,40.9422],[-92.7541,40.9422],[-92.7541,40.9531],[-92.7349,40.9533],[-92.735,40.964],[-92.7159,40.9638],[-92.7159,40.9567]]]}},{"type":"Feature","properties":{"leaid":"1903270","name":"Albia Community School District","kind":"Unified","gradeLow":"PK","gradeHigh":"12","state":"IA"},"geometry":{"type":"Polygon","coordinates":[[[-92.7064,40.9566],[-92.7159,40.9567],[-92.7159,40.9638],[-92.735,40.964],[-92.7349,40.9533],[-92.7541,40.9531],[-92.7541,40.9422],[-92.7591,40.9422],[-92.7604,40.9458],[-92.7684,40.9463],[-92.7686,40.9567],[-92.8501,40.9568],[-92.85,40.9492],[-92.8687,40.9492],[-92.8687,40.9456],[-92.8924,40.9455],[-92.8925,40.9419],[-92.8896,40.9419],[-92.8897,40.9367],[-92.8877,40.9345],[-92.8877,40.931],[-92.9019,40.931],[-92.9019,40.9274],[-92.9259,40.9275],[-92.9258,40.9129],[-92.9355,40.9129],[-92.9355,40.9021],[-92.9403,40.902],[-92.9402,40.9057],[-92.943,40.9057],[-92.9498,40.9057],[-92.9498,40.902],[-92.9547,40.902],[-92.9547,40.9056],[-92.9642,40.9057],[-92.9642,40.913],[-92.9689,40.9129],[-92.9689,40.9056],[-92.9834,40.9056],[-92.9835,40.9165],[-92.9881,40.9165],[-92.9881,40.9056],[-92.9929,40.9056],[-92.9928,40.8984],[-92.9976,40.8984],[-92.9977,40.9056],[-93.0169,40.9056],[-93.0168,40.9021],[-93.0216,40.9021],[-93.0215,40.8983],[-93.0598,40.8983],[-93.0597,40.8882],[-93.0641,40.8882],[-93.0692,40.8882],[-93.0693,40.8954],[-93.0788,40.8954],[-93.0788,40.8919],[-93.0836,40.8919],[-93.0836,40.8984],[-93.0976,40.8985],[-93.0992,41.1609],[-92.7547,41.1614],[-92.7546,41.0816],[-92.7497,41.087],[-92.7423,41.0861],[-92.738,41.0821],[-92.7309,41.0821],[-92.7309,41.0894],[-92.7114,41.0894],[-92.6979,41.0934],[-92.6974,41.0877],[-92.6926,41.0876],[-92.6926,41.0866],[-92.6782,41.0899],[-92.6782,41.0908],[-92.6735,41.0909],[-92.6736,41.0966],[-92.6783,41.0966],[-92.6783,41.1039],[-92.6591,41.1039],[-92.6591,41.0858],[-92.6543,41.0858],[-92.6542,41.0822],[-92.6399,41.0823],[-92.6396,41.0233],[-92.6682,41.0232],[-92.6682,40.987],[-92.6634,40.987],[-92.6634,40.9784],[-92.6682,40.9784],[-92.6682,40.9712],[-92.7064,40.9712],[-92.7064,40.9566]]]}},{"type":"Feature","properties":{"leaid":"1906750","name":"Centerville Community School District","kind":"Unified","gradeLow":"PK","gradeHigh":"12","state":"IA"},"geometry":{"type":"Polygon","coordinates":[[[-92.8202,40.7941],[-92.82,40.7798],[-92.8296,40.7796],[-92.8294,40.7688],[-92.82,40.7688],[-92.8201,40.7652],[-92.7962,40.7651],[-92.7965,40.7614],[-92.7819,40.7613],[-92.7818,40.7543],[-92.8008,40.7543],[-92.8039,40.7435],[-92.8058,40.7435],[-92.8058,40.7484],[-92.8078,40.7493],[-92.8029,40.7542],[-92.8103,40.7542],[-92.81,40.7437],[-92.8149,40.7435],[-92.8152,40.74],[-92.8009,40.7398],[-92.8009,40.7363],[-92.8031,40.7361],[-92.8032,40.733],[-92.8058,40.7327],[-92.8055,40.7271],[-92.8031,40.7272],[-92.803,40.729],[-92.7959,40.7288],[-92.7958,40.718],[-92.7915,40.7181],[-92.7911,40.7122],[-92.7912,40.7033],[-92.7958,40.7034],[-92.7958,40.6961],[-92.7818,40.6964],[-92.7817,40.6889],[-92.7911,40.6889],[-92.7919,40.6816],[-92.7721,40.6818],[-92.7721,40.6746],[-92.7817,40.6745],[-92.7816,40.678],[-92.7864,40.678],[-92.7864,40.6744],[-92.7912,40.6744],[-92.7911,40.6654],[-92.7958,40.6654],[-92.796,40.6672],[-92.8051,40.6671],[-92.8051,40.6637],[-92.8099,40.6637],[-92.8098,40.6551],[-92.8082,40.6541],[-92.8053,40.6541],[-92.8053,40.6564],[-92.8005,40.6564],[-92.8005,40.6528],[-92.7863,40.6528],[-92.7864,40.6457],[-92.7909,40.6454],[-92.7909,40.6347],[-92.805,40.6346],[-92.8051,40.6315],[-92.8,40.6308],[-92.8004,40.6237],[-92.7861,40.6238],[-92.7861,40.6313],[-92.7767,40.6304],[-92.7766,40.6094],[-92.7719,40.6095],[-92.7721,40.6059],[-92.7624,40.6057],[-92.7623,40.6022],[-92.7578,40.6021],[-92.7578,40.5982],[-92.7531,40.5982],[-92.7529,40.589],[-92.9868,40.5868],[-92.987,40.5971],[-92.9963,40.5979],[-92.9965,40.609],[-92.9823,40.6091],[-92.9822,40.638],[-92.9721,40.6381],[-92.9724,40.6454],[-92.9823,40.6451],[-92.9824,40.6803],[-92.9872,40.6804],[-92.9872,40.6851],[-92.9825,40.6851],[-92.9823,40.6962],[-93.0203,40.6962],[-93.0206,40.6997],[-93.0158,40.6997],[-93.0158,40.7015],[-93.0111,40.7016],[-93.011,40.7033],[-93.0206,40.7034],[-93.0206,40.7246],[-93.0302,40.7247],[-93.0302,40.7428],[-93.0205,40.7426],[-93.0209,40.7539],[-93.0398,40.7538],[-93.0401,40.8045],[-93.0304,40.8045],[-93.0306,40.8121],[-93.0258,40.8121],[-93.0259,40.8157],[-93.0306,40.8157],[-93.0306,40.841],[-93.0213,40.8414],[-93.0216,40.8702],[-92.9831,40.8702],[-92.983,40.8561],[-92.9787,40.8555],[-92.9787,40.8522],[-92.9823,40.852],[-92.9832,40.8529],[-92.983,40.8339],[-92.9755,40.8337],[-92.9755,40.8265],[-92.9778,40.8266],[-92.9781,40.8009],[-92.964,40.801],[-92.9638,40.8041],[-92.9541,40.8048],[-92.954,40.8231],[-92.9445,40.8231],[-92.9446,40.8123],[-92.9403,40.8123],[-92.9398,40.8085],[-92.9448,40.8083],[-92.9448,40.8046],[-92.9062,40.8053],[-92.9065,40.8124],[-92.8877,40.8124],[-92.8874,40.8051],[-92.8826,40.805],[-92.8825,40.7978],[-92.8684,40.7977],[-92.8683,40.7958],[-92.8677,40.797],[-92.8666,40.7965],[-92.8671,40.7938],[-92.8629,40.795],[-92.8622,40.792],[-92.8647,40.7922],[-92.8646,40.7912],[-92.8581,40.7904],[-92.8568,40.7975],[-92.8532,40.8051],[-92.8585,40.805],[-92.8585,40.8125],[-92.8447,40.8127],[-92.844,40.8195],[-92.8392,40.8197],[-92.8392,40.817],[-92.8404,40.8161],[-92.8392,40.8161],[-92.8393,40.7979],[-92.8298,40.7978],[-92.8295,40.7941],[-92.8202,40.7941]]]}},{"type":"Feature","properties":{"leaid":"1920340","name":"New Hampton Community School District","kind":"Unified","gradeLow":"PK","gradeHigh":"12","state":"IA"},"geometry":{"type":"MultiPolygon","coordinates":[[[[-92.1607,43.1409],[-92.1607,43.1482],[-92.1506,43.1482],[-92.1508,43.1409],[-92.1607,43.1409]]],[[[-92.1607,43.1409],[-92.1607,43.1337],[-92.1804,43.1336],[-92.1802,43.1228],[-92.1706,43.1227],[-92.1706,43.1265],[-92.1608,43.1263],[-92.1608,43.1227],[-92.1657,43.1227],[-92.1658,43.1154],[-92.1806,43.1155],[-92.1809,43.1193],[-92.1906,43.1194],[-92.1905,43.1266],[-92.1992,43.1267],[-92.1993,43.1192],[-92.2042,43.1193],[-92.2042,43.112],[-92.1992,43.1119],[-92.1992,43.101],[-92.2091,43.1011],[-92.2091,43.112],[-92.2189,43.1122],[-92.2189,43.0906],[-92.2091,43.0903],[-92.2092,43.0828],[-92.1992,43.0828],[-92.1993,43.0595],[-92.2042,43.0595],[-92.2043,43.0523],[-92.1956,43.0522],[-92.1956,43.0595],[-92.1857,43.0595],[-92.1856,43.0633],[-92.181,43.0632],[-92.1803,43.0522],[-92.1906,43.0522],[-92.1906,43.0448],[-92.1707,43.0449],[-92.1706,43.0377],[-92.2042,43.0375],[-92.2041,43.034],[-92.2093,43.034],[-92.2092,43.023],[-92.2191,43.0228],[-92.2191,43.0192],[-92.2332,43.0192],[-92.2332,43.0157],[-92.2381,43.0157],[-92.2379,43.0193],[-92.2481,43.0194],[-92.2478,43.012],[-92.2382,43.012],[-92.2379,43.0014],[-92.2341,43.0011],[-92.234,42.9939],[-92.3034,42.9939],[-92.3034,42.9869],[-92.2885,42.9869],[-92.2885,42.9798],[-92.2932,42.9798],[-92.2932,42.9653],[-92.2982,42.9653],[-92.2983,42.9762],[-92.3084,42.9763],[-92.3085,42.9833],[-92.3133,42.9833],[-92.3134,42.9905],[-92.3085,42.9905],[-92.3084,42.9939],[-92.3177,42.9938],[-92.318,42.9728],[-92.3037,42.9727],[-92.3035,42.9583],[-92.3078,42.9582],[-92.308,42.9433],[-92.3177,42.9432],[-92.3176,42.9289],[-92.3373,42.929],[-92.3376,42.9363],[-92.3475,42.9362],[-92.3478,42.9433],[-92.3575,42.9433],[-92.3577,42.9652],[-92.3623,42.9652],[-92.3626,42.9725],[-92.3775,42.9728],[-92.3776,42.9655],[-92.3825,42.9656],[-92.3825,42.9692],[-92.3925,42.9694],[-92.3924,42.9803],[-92.3972,42.9804],[-92.3973,42.9877],[-92.3877,42.9877],[-92.3875,42.9898],[-92.3773,42.9909],[-92.3771,42.9942],[-92.436,42.9942],[-92.436,43.016],[-92.4559,43.0159],[-92.4559,43.0291],[-92.4578,43.0291],[-92.4578,43.0304],[-92.4757,43.0305],[-92.4757,43.0377],[-92.4857,43.0376],[-92.4855,43.045],[-92.4608,43.045],[-92.4608,43.052],[-92.4955,43.0522],[-92.4955,43.0559],[-92.4906,43.0558],[-92.4906,43.0631],[-92.4856,43.0631],[-92.4858,43.0789],[-92.4907,43.0789],[-92.4908,43.083],[-92.4957,43.083],[-92.4958,43.0904],[-92.5059,43.0907],[-92.5057,43.0943],[-92.5035,43.0942],[-92.5034,43.0978],[-92.5057,43.0978],[-92.5056,43.1087],[-92.5006,43.1086],[-92.5005,43.1122],[-92.5055,43.1123],[-92.5052,43.1419],[-92.5103,43.1418],[-92.5103,43.1455],[-92.5154,43.1455],[-92.5158,43.1764],[-92.5354,43.1767],[-92.5354,43.1839],[-92.5505,43.1839],[-92.5506,43.1911],[-92.5544,43.1911],[-92.5544,43.2128],[-92.5051,43.2127],[-92.505,43.2164],[-92.5099,43.2164],[-92.5099,43.22],[-92.4949,43.2201],[-92.4949,43.231],[-92.4856,43.231],[-92.485,43.2238],[-92.4752,43.2237],[-92.4753,43.2166],[-92.4653,43.2164],[-92.4653,43.2128],[-92.4358,43.213],[-92.4358,43.2276],[-92.4166,43.2274],[-92.4167,43.2338],[-92.4019,43.2349],[-92.4019,43.2385],[-92.4168,43.2375],[-92.4166,43.2495],[-92.4071,43.2496],[-92.407,43.2553],[-92.4057,43.2554],[-92.387,43.2554],[-92.387,43.2496],[-92.3671,43.2496],[-92.3671,43.2384],[-92.3578,43.2383],[-92.3571,43.2552],[-92.3373,43.2552],[-92.3367,43.2494],[-92.3283,43.2494],[-92.3273,43.2494],[-92.3272,43.2551],[-92.3038,43.255],[-92.3038,43.2492],[-92.3087,43.2493],[-92.3089,43.2409],[-92.3088,43.2401],[-92.3037,43.2401],[-92.3037,43.2347],[-92.3175,43.2348],[-92.3174,43.2276],[-92.2926,43.2275],[-92.2926,43.2266],[-92.2936,43.2265],[-92.2935,43.2239],[-92.3135,43.2238],[-92.3135,43.2202],[-92.3086,43.2201],[-92.3086,43.2165],[-92.3136,43.2165],[-92.3136,43.2129],[-92.2641,43.2135],[-92.2639,43.228],[-92.2689,43.228],[-92.2689,43.2315],[-92.2738,43.2316],[-92.2739,43.2351],[-92.2986,43.2346],[-92.2986,43.2551],[-92.2565,43.255],[-92.2564,43.2623],[-92.2514,43.2623],[-92.2514,43.255],[-92.239,43.2551],[-92.2394,43.2279],[-92.2196,43.2275],[-92.2195,43.2203],[-92.199,43.2203],[-92.199,43.1984],[-92.1311,43.1986],[-92.1311,43.1838],[-92.1162,43.1838],[-92.1161,43.1783],[-92.1211,43.1783],[-92.1211,43.1766],[-92.141,43.1766],[-92.1409,43.1664],[-92.1508,43.1664],[-92.1508,43.1553],[-92.1607,43.1555],[-92.1608,43.1589],[-92.1659,43.1594],[-92.166,43.1625],[-92.1711,43.163],[-92.1711,43.1663],[-92.1855,43.1664],[-92.1855,43.1628],[-92.1905,43.1628],[-92.1906,43.1692],[-92.1807,43.1692],[-92.1807,43.1728],[-92.1707,43.1728],[-92.1707,43.1765],[-92.1906,43.1767],[-92.1907,43.1838],[-92.209,43.1838],[-92.2091,43.1692],[-92.2191,43.1692],[-92.2192,43.1667],[-92.2142,43.1666],[-92.2143,43.1639],[-92.2036,43.1629],[-92.2043,43.1556],[-92.1805,43.1554],[-92.1805,43.1409],[-92.1607,43.1409]]]]}},{"type":"Feature","properties":{"leaid":"1907170","name":"Cherokee Community School District","kind":"Unified","gradeLow":"PK","gradeHigh":"12","state":"IA"},"geometry":{"type":"Polygon","coordinates":[[[-95.5549,42.6449],[-95.5553,42.6339],[-95.5749,42.634],[-95.5743,42.6483],[-95.5695,42.6483],[-95.5695,42.652],[-95.5743,42.6519],[-95.574,42.6916],[-95.5838,42.6915],[-95.5837,42.6843],[-95.6133,42.6847],[-95.6132,42.692],[-95.6049,42.6919],[-95.6049,42.6947],[-95.6034,42.6947],[-95.6034,42.6919],[-95.5936,42.6917],[-95.5936,42.6954],[-95.5985,42.6954],[-95.5984,42.6991],[-95.6181,42.6993],[-95.6181,42.692],[-95.6428,42.692],[-95.6428,42.6992],[-95.6622,42.6991],[-95.6619,42.6847],[-95.6693,42.6846],[-95.6695,42.6919],[-95.672,42.6919],[-95.6719,42.6955],[-95.6671,42.6955],[-95.6671,42.7027],[-95.6622,42.7027],[-95.6623,42.7063],[-95.6526,42.7064],[-95.6527,42.7208],[-95.6625,42.7207],[-95.6627,42.728],[-95.6553,42.728],[-95.6555,42.7354],[-95.6432,42.7355],[-95.6429,42.75],[-95.6527,42.7499],[-95.6526,42.7535],[-95.6429,42.7536],[-95.6427,42.7644],[-95.6327,42.7646],[-95.6324,42.7791],[-95.6226,42.7793],[-95.6227,42.7684],[-95.6078,42.768],[-95.6078,42.7717],[-95.6176,42.7717],[-95.6176,42.7756],[-95.6127,42.7755],[-95.6128,42.7899],[-95.603,42.79],[-95.6029,42.7861],[-95.598,42.7862],[-95.5979,42.7789],[-95.5882,42.7789],[-95.5883,42.7861],[-95.5931,42.7861],[-95.5932,42.7899],[-95.5785,42.7898],[-95.5785,42.7861],[-95.5735,42.7861],[-95.5738,42.8225],[-95.5835,42.8226],[-95.5837,42.8371],[-95.6035,42.8374],[-95.6036,42.8519],[-95.6134,42.852],[-95.6133,42.8448],[-95.6225,42.8449],[-95.623,42.9103],[-95.5048,42.91],[-95.5049,42.894],[-95.4864,42.894],[-95.4864,42.8794],[-95.4667,42.8794],[-95.4668,42.8575],[-95.4762,42.8576],[-95.476,42.8503],[-95.4663,42.8503],[-95.4664,42.8431],[-95.4616,42.8432],[-95.4616,42.8396],[-95.4567,42.8396],[-95.4567,42.8325],[-95.4665,42.8324],[-95.4665,42.8216],[-95.4714,42.8216],[-95.4714,42.8138],[-95.4665,42.8138],[-95.4664,42.8066],[-95.4615,42.8066],[-95.4615,42.803],[-95.4566,42.8029],[-95.4566,42.7957],[-95.4664,42.7957],[-95.4662,42.7704],[-95.4762,42.7703],[-95.4761,42.7649],[-95.4662,42.7649],[-95.4662,42.7667],[-95.4516,42.7668],[-95.4516,42.7631],[-95.4662,42.7631],[-95.4661,42.7343],[-95.5055,42.7343],[-95.5055,42.7203],[-95.5153,42.7204],[-95.5154,42.6913],[-95.5252,42.6914],[-95.5253,42.648],[-95.5449,42.6481],[-95.5451,42.645],[-95.5549,42.6449]],[[-95.5549,42.6449],[-95.5548,42.6482],[-95.5596,42.6482],[-95.5598,42.6449],[-95.5549,42.6449]]]}},{"type":"Feature","properties":{"leaid":"1930630","name":"Webster City Community School District","kind":"Unified","gradeLow":"PK","gradeHigh":"12","state":"IA"},"geometry":{"type":"Polygon","coordinates":[[[-93.4995,42.5577],[-93.4991,42.471],[-93.4626,42.4708],[-93.4629,42.4271],[-93.4725,42.4271],[-93.4721,42.445],[-93.482,42.4448],[-93.4823,42.4125],[-93.5164,42.4124],[-93.5165,42.4052],[-93.4921,42.4053],[-93.4921,42.3981],[-93.5213,42.398],[-93.5213,42.4051],[-93.5311,42.4052],[-93.531,42.398],[-93.5816,42.398],[-93.5816,42.4053],[-93.6011,42.4054],[-93.6011,42.3836],[-93.6304,42.3836],[-93.6304,42.3908],[-93.6402,42.3908],[-93.6402,42.3944],[-93.6353,42.3944],[-93.6353,42.3981],[-93.6207,42.3981],[-93.6206,42.4054],[-93.6304,42.4053],[-93.6303,42.4126],[-93.6402,42.4126],[-93.6402,42.4053],[-93.6501,42.4053],[-93.65,42.3835],[-93.6599,42.3835],[-93.6593,42.3685],[-93.6788,42.3685],[-93.6788,42.3649],[-93.6886,42.3649],[-93.6886,42.3686],[-93.6935,42.3686],[-93.6935,42.3614],[-93.6988,42.3614],[-93.6988,42.3502],[-93.7183,42.3506],[-93.7182,42.3397],[-93.7279,42.3397],[-93.7281,42.3505],[-93.7476,42.3504],[-93.7477,42.3541],[-93.733,42.3541],[-93.733,42.3613],[-93.7575,42.3613],[-93.7575,42.3686],[-93.7477,42.3686],[-93.7477,42.3722],[-93.7575,42.3722],[-93.7576,42.3759],[-93.7773,42.3757],[-93.7771,42.3684],[-93.7965,42.3689],[-93.7964,42.3544],[-93.8061,42.3543],[-93.8061,42.3488],[-93.8158,42.3488],[-93.8158,42.3506],[-93.8303,42.3505],[-93.8326,42.3523],[-93.8392,42.3508],[-93.8427,42.3541],[-93.8551,42.3543],[-93.8551,42.3503],[-93.865,42.3504],[-93.8649,42.3541],[-93.8746,42.3541],[-93.8746,42.3469],[-93.8939,42.3469],[-93.894,42.3687],[-93.8989,42.3687],[-93.8989,42.3723],[-93.9135,42.3723],[-93.9135,42.3686],[-93.9235,42.3686],[-93.9236,42.3719],[-93.9275,42.3719],[-93.9275,42.3738],[-93.9319,42.3739],[-93.9319,42.3758],[-93.9416,42.3756],[-93.9418,42.3801],[-93.9516,42.38],[-93.9514,42.3762],[-93.9614,42.3761],[-93.9616,42.3838],[-93.9713,42.3838],[-93.9714,42.3863],[-93.9713,42.4056],[-93.9615,42.4056],[-93.9615,42.4128],[-93.9712,42.4128],[-93.9712,42.4201],[-94.0252,42.4202],[-94.0252,42.4271],[-94.0297,42.427],[-94.03,42.4561],[-94.0483,42.4561],[-94.048,42.4718],[-94.0499,42.4724],[-94.0499,42.4794],[-94.001,42.4793],[-94.001,42.4829],[-93.9813,42.4827],[-93.9813,42.4791],[-93.9716,42.4791],[-93.9715,42.5079],[-93.9812,42.508],[-93.9812,42.5154],[-93.9911,42.5154],[-93.9911,42.5226],[-93.9715,42.5224],[-93.9716,42.5581],[-93.9413,42.558],[-93.9415,42.5652],[-93.9219,42.5652],[-93.9218,42.558],[-93.9121,42.5579],[-93.912,42.5615],[-93.9035,42.5615],[-93.8974,42.5614],[-93.8973,42.5579],[-93.828,42.5575],[-93.828,42.5612],[-93.8231,42.5611],[-93.8231,42.5685],[-93.8133,42.5684],[-93.8134,42.5721],[-93.7938,42.572],[-93.7939,42.5793],[-93.7844,42.5797],[-93.7841,42.572],[-93.7546,42.5721],[-93.7547,42.5866],[-93.735,42.5865],[-93.735,42.5832],[-93.7252,42.5828],[-93.7252,42.5793],[-93.735,42.5793],[-93.735,42.572],[-93.7154,42.5721],[-93.7153,42.5831],[-93.7102,42.5834],[-93.7103,42.5866],[-93.7058,42.5866],[-93.7054,42.5794],[-93.7031,42.5793],[-93.7033,42.5722],[-93.6957,42.5722],[-93.6958,42.5575],[-93.6657,42.5576],[-93.6664,42.5722],[-93.6566,42.5721],[-93.6566,42.5939],[-93.6469,42.5932],[-93.6465,42.6005],[-93.6368,42.6008],[-93.6368,42.5866],[-93.6272,42.5866],[-93.6273,42.5829],[-93.6224,42.5829],[-93.6224,42.5794],[-93.6192,42.5793],[-93.6191,42.5828],[-93.6175,42.5827],[-93.6175,42.5794],[-93.5879,42.5794],[-93.588,42.5759],[-93.5829,42.5759],[-93.5827,42.5722],[-93.5881,42.5722],[-93.5884,42.5575],[-93.568,42.5575],[-93.568,42.5649],[-93.5581,42.565],[-93.5584,42.5615],[-93.5485,42.5613],[-93.5484,42.5649],[-93.5388,42.5647],[-93.5388,42.5686],[-93.529,42.5686],[-93.5289,42.5631],[-93.5191,42.5631],[-93.5191,42.5577],[-93.4995,42.5577]]]}},{"type":"Feature","properties":{"leaid":"1914580","name":"Independence Community School District","kind":"Unified","gradeLow":"PK","gradeHigh":"12","state":"IA"},"geometry":{"type":"Polygon","coordinates":[[[-91.7966,42.5708],[-91.7964,42.5563],[-91.7915,42.5563],[-91.7915,42.5484],[-91.7866,42.5483],[-91.7863,42.4974],[-91.7765,42.4975],[-91.7763,42.4901],[-91.7863,42.4901],[-91.7861,42.4683],[-91.7927,42.4683],[-91.7924,42.4364],[-91.8121,42.4371],[-91.8125,42.4333],[-91.8175,42.4326],[-91.8174,42.4215],[-91.8125,42.4215],[-91.8126,42.415],[-91.8313,42.4151],[-91.8308,42.3861],[-91.7938,42.3854],[-91.7938,42.342],[-91.7842,42.3417],[-91.7842,42.3271],[-91.7935,42.3271],[-91.7936,42.3349],[-91.8032,42.3349],[-91.8034,42.3275],[-91.8088,42.3274],[-91.8129,42.3275],[-91.8132,42.3354],[-91.8229,42.3352],[-91.8228,42.3279],[-91.831,42.328],[-91.831,42.3135],[-91.8407,42.3134],[-91.8409,42.3062],[-91.9968,42.3045],[-91.997,42.2936],[-92.0596,42.2934],[-92.0625,42.2973],[-92.0506,42.2972],[-92.0506,42.3226],[-92.0214,42.3228],[-92.021,42.3482],[-92.0064,42.3486],[-92.0065,42.3412],[-91.9624,42.3408],[-91.9622,42.3446],[-91.9527,42.3446],[-91.9524,42.3517],[-91.948,42.3516],[-91.9479,42.3626],[-91.9676,42.3625],[-91.9672,42.3733],[-91.9769,42.3735],[-91.9774,42.3807],[-91.9867,42.3807],[-91.9867,42.3849],[-91.977,42.3849],[-91.9771,42.4137],[-91.9866,42.4137],[-91.9867,42.4208],[-91.977,42.4214],[-91.9771,42.4282],[-91.9869,42.4281],[-91.9874,42.4503],[-91.9825,42.4504],[-91.9827,42.4571],[-91.9875,42.457],[-91.9876,42.4678],[-91.9634,42.4678],[-91.9643,42.5185],[-91.9739,42.5186],[-91.974,42.5196],[-91.9788,42.5217],[-91.9788,42.5334],[-91.9762,42.5335],[-91.974,42.5315],[-91.9641,42.5315],[-91.964,42.5549],[-91.9096,42.5554],[-91.9099,42.5593],[-91.9196,42.5592],[-91.9196,42.5665],[-91.9048,42.5665],[-91.9048,42.5847],[-91.8975,42.5849],[-91.8973,42.5921],[-91.8948,42.5922],[-91.8949,42.5849],[-91.885,42.5851],[-91.8851,42.5778],[-91.8455,42.5782],[-91.8454,42.5856],[-91.8358,42.5855],[-91.8358,42.5782],[-91.8309,42.5782],[-91.8309,42.5746],[-91.8211,42.5745],[-91.8211,42.5782],[-91.8015,42.5779],[-91.8014,42.5708],[-91.7966,42.5708]]]}},{"type":"Feature","properties":{"leaid":"1925590","name":"Sergeant Bluff-Luton Community School District","kind":"Unified","gradeLow":"PK","gradeHigh":"12","state":"IA"},"geometry":{"type":"MultiPolygon","coordinates":[[[[-96.2527,42.3804],[-96.2429,42.3803],[-96.2425,42.3733],[-96.2128,42.373],[-96.213,42.3587],[-96.174,42.3585],[-96.174,42.3512],[-96.1788,42.3512],[-96.1788,42.3453],[-96.1787,42.344],[-96.174,42.3441],[-96.1738,42.3224],[-96.164,42.3224],[-96.164,42.3152],[-96.2416,42.3154],[-96.2417,42.3223],[-96.2516,42.3223],[-96.2527,42.3804]]],[[[-96.2527,42.3804],[-96.2821,42.3809],[-96.2816,42.3665],[-96.2963,42.3664],[-96.2964,42.37],[-96.3111,42.3701],[-96.3109,42.3592],[-96.3208,42.3592],[-96.3205,42.3447],[-96.3501,42.3446],[-96.3496,42.3332],[-96.3669,42.3335],[-96.3668,42.3313],[-96.3691,42.331],[-96.3687,42.3047],[-96.37,42.3109],[-96.3753,42.3183],[-96.3842,42.3259],[-96.408,42.3374],[-96.4139,42.3434],[-96.4178,42.3514],[-96.4171,42.3614],[-96.4084,42.3761],[-96.4092,42.3815],[-96.415,42.3934],[-96.4152,42.4042],[-96.4103,42.413],[-96.3876,42.4325],[-96.3843,42.4373],[-96.3807,42.4468],[-96.3713,42.4457],[-96.371,42.4436],[-96.351,42.4431],[-96.351,42.4294],[-96.3461,42.4296],[-96.3461,42.4332],[-96.3411,42.4333],[-96.3412,42.4369],[-96.3167,42.4376],[-96.3166,42.4449],[-96.3111,42.4449],[-96.3032,42.4421],[-96.302,42.4415],[-96.3021,42.438],[-96.2924,42.4383],[-96.2923,42.4433],[-96.302,42.443],[-96.3021,42.4598],[-96.302,42.467],[-96.2921,42.4672],[-96.2921,42.4698],[-96.2824,42.47],[-96.2824,42.4529],[-96.2626,42.4531],[-96.2627,42.4313],[-96.2724,42.4311],[-96.2722,42.4243],[-96.2626,42.4244],[-96.2625,42.4022],[-96.2527,42.4023],[-96.2527,42.3804]]]]}},{"type":"Feature","properties":{"leaid":"1931950","name":"Woodbury Central Community School District","kind":"Unified","gradeLow":"PK","gradeHigh":"12","state":"IA"},"geometry":{"type":"MultiPolygon","coordinates":[[[[-95.9121,42.4581],[-95.9023,42.4576],[-95.9022,42.4653],[-95.8983,42.4653],[-95.8985,42.4508],[-95.884,42.4509],[-95.8841,42.4436],[-95.9074,42.4435],[-95.9073,42.4508],[-95.9121,42.4509],[-95.9121,42.4581]]],[[[-95.9121,42.4581],[-95.9219,42.4582],[-95.922,42.4437],[-95.9171,42.4436],[-95.917,42.4363],[-95.9268,42.4364],[-95.9268,42.44],[-95.9367,42.44],[-95.9367,42.4436],[-95.9317,42.4437],[-95.9318,42.4509],[-95.9367,42.4509],[-95.9366,42.4618],[-95.9415,42.4619],[-95.9443,42.4636],[-95.9439,42.4655],[-95.9611,42.4656],[-95.9611,42.4583],[-95.9416,42.4582],[-95.9416,42.4534],[-95.9431,42.4521],[-95.9416,42.4522],[-95.9416,42.4473],[-95.9513,42.4473],[-95.9514,42.4437],[-95.9661,42.4438],[-95.9661,42.4401],[-95.9612,42.4401],[-95.9612,42.4365],[-95.9416,42.4364],[-95.9401,42.4291],[-95.9466,42.4291],[-95.9466,42.4218],[-95.971,42.4219],[-95.9705,42.4438],[-95.9808,42.4438],[-95.9807,42.4365],[-95.9903,42.4366],[-95.9903,42.4002],[-95.9801,42.4002],[-95.9801,42.3907],[-95.9802,42.3858],[-95.9952,42.3858],[-95.9952,42.3782],[-95.9855,42.3782],[-95.9855,42.3709],[-95.9907,42.3709],[-95.9907,42.3418],[-95.9811,42.3418],[-95.9812,42.3309],[-95.9859,42.331],[-95.9859,42.3274],[-95.9908,42.3275],[-95.9907,42.3166],[-95.981,42.3167],[-95.9812,42.3059],[-95.9711,42.3059],[-95.9711,42.2985],[-96.0101,42.2985],[-96.0102,42.3058],[-96.0197,42.3057],[-96.0196,42.2985],[-96.0389,42.299],[-96.0388,42.3063],[-96.0872,42.3072],[-96.0874,42.311],[-96.1066,42.311],[-96.1066,42.3074],[-96.1259,42.3077],[-96.126,42.3151],[-96.1351,42.3153],[-96.1351,42.3221],[-96.1448,42.3221],[-96.1448,42.3259],[-96.1543,42.326],[-96.1542,42.3224],[-96.1738,42.3224],[-96.174,42.3441],[-96.1787,42.344],[-96.1788,42.3512],[-96.1645,42.3511],[-96.1645,42.3793],[-96.1213,42.3794],[-96.1213,42.3859],[-96.1166,42.386],[-96.1166,42.3932],[-96.0969,42.3932],[-96.097,42.4076],[-96.1069,42.4076],[-96.1068,42.422],[-96.1355,42.4219],[-96.1356,42.4291],[-96.1353,42.4615],[-96.1168,42.4617],[-96.117,42.475],[-96.125,42.475],[-96.1252,42.4896],[-96.1202,42.4895],[-96.1199,42.4964],[-96.125,42.4965],[-96.1251,42.5112],[-96.1154,42.5111],[-96.1156,42.5475],[-96.0962,42.5472],[-96.0959,42.5613],[-96.027,42.561],[-96.0271,42.5474],[-96.0178,42.5474],[-96.0177,42.5401],[-96.0273,42.5401],[-96.0273,42.5329],[-95.9672,42.5329],[-95.9669,42.4932],[-95.9571,42.4932],[-95.9574,42.4825],[-95.9475,42.4824],[-95.9477,42.475],[-95.9315,42.475],[-95.9317,42.4691],[-95.9414,42.4691],[-95.9415,42.4655],[-95.9071,42.4654],[-95.9071,42.4617],[-95.912,42.4617],[-95.9121,42.4581]]]]}},{"type":"Feature","properties":{"leaid":"1914640","name":"Indianola Community School District","kind":"Unified","gradeLow":"PK","gradeHigh":"12","state":"IA"},"geometry":{"type":"Polygon","coordinates":[[[-93.5579,41.4971],[-93.5584,41.4531],[-93.5082,41.4516],[-93.508,41.4444],[-93.5057,41.4444],[-93.5057,41.4371],[-93.501,41.4371],[-93.5007,41.4223],[-93.4476,41.4216],[-93.4476,41.4179],[-93.4428,41.4177],[-93.4427,41.4069],[-93.4338,41.407],[-93.4339,41.3997],[-93.4243,41.3999],[-93.4243,41.3926],[-93.4147,41.3926],[-93.4147,41.3941],[-93.4115,41.3963],[-93.4002,41.4015],[-93.4003,41.3962],[-93.4027,41.3961],[-93.4027,41.3935],[-93.3984,41.3926],[-93.3983,41.3882],[-93.3957,41.389],[-93.3956,41.3819],[-93.4052,41.3817],[-93.4051,41.3853],[-93.41,41.3853],[-93.41,41.3817],[-93.4148,41.3817],[-93.4148,41.3744],[-93.4172,41.3744],[-93.4172,41.3726],[-93.4148,41.3723],[-93.4148,41.3681],[-93.4124,41.3681],[-93.4124,41.3717],[-93.4052,41.3726],[-93.4052,41.3796],[-93.4004,41.3781],[-93.4005,41.3709],[-93.3957,41.3709],[-93.3957,41.3745],[-93.3766,41.3745],[-93.3766,41.3709],[-93.3839,41.3709],[-93.384,41.3692],[-93.3838,41.3674],[-93.3814,41.3673],[-93.3814,41.3655],[-93.3767,41.3656],[-93.3766,41.3528],[-93.3814,41.3528],[-93.3815,41.3565],[-93.3911,41.3565],[-93.3911,41.3583],[-93.3862,41.3583],[-93.3862,41.3673],[-93.3957,41.3673],[-93.3959,41.3491],[-93.4005,41.3491],[-93.4005,41.3419],[-93.4052,41.3419],[-93.4054,41.351],[-93.4102,41.3509],[-93.4102,41.3564],[-93.4199,41.3563],[-93.4198,41.3528],[-93.4247,41.3528],[-93.4246,41.36],[-93.4294,41.3598],[-93.4293,41.3455],[-93.4317,41.3455],[-93.4315,41.3418],[-93.4327,41.3418],[-93.4328,41.3455],[-93.434,41.3455],[-93.4339,41.3418],[-93.4386,41.342],[-93.4386,41.3347],[-93.4426,41.3347],[-93.4428,41.3382],[-93.4477,41.3382],[-93.4476,41.3346],[-93.4621,41.3347],[-93.4621,41.3366],[-93.4646,41.3365],[-93.4646,41.3384],[-93.467,41.3384],[-93.4671,41.3494],[-93.4814,41.3496],[-93.4814,41.346],[-93.4863,41.346],[-93.4855,41.3314],[-93.4813,41.3311],[-93.4813,41.3275],[-93.4862,41.3276],[-93.487,41.3258],[-93.4858,41.306],[-93.5196,41.3063],[-93.5196,41.2772],[-93.5388,41.2776],[-93.5391,41.2485],[-93.544,41.2485],[-93.544,41.2522],[-93.5581,41.2523],[-93.5581,41.2486],[-93.5631,41.2487],[-93.5631,41.2198],[-93.5581,41.2195],[-93.5578,41.1905],[-93.5957,41.1908],[-93.5923,41.1977],[-93.5939,41.206],[-93.592,41.2098],[-93.592,41.2222],[-93.5824,41.2279],[-93.5824,41.2487],[-93.5968,41.2488],[-93.5968,41.2561],[-93.6017,41.2561],[-93.6016,41.2487],[-93.6406,41.2489],[-93.6406,41.2562],[-93.6452,41.2562],[-93.6452,41.2525],[-93.6596,41.2525],[-93.6596,41.249],[-93.6735,41.2491],[-93.6734,41.3221],[-93.6695,41.322],[-93.6694,41.3294],[-93.6734,41.3294],[-93.6734,41.3374],[-93.6928,41.3374],[-93.6929,41.3668],[-93.6736,41.3665],[-93.6737,41.3698],[-93.669,41.3699],[-93.669,41.3735],[-93.6737,41.3735],[-93.6737,41.3886],[-93.6835,41.3887],[-93.6836,41.3959],[-93.693,41.3959],[-93.693,41.4033],[-93.6978,41.4031],[-93.698,41.4104],[-93.674,41.4106],[-93.674,41.4142],[-93.6549,41.414],[-93.6549,41.4103],[-93.6453,41.4104],[-93.6454,41.4139],[-93.6478,41.4165],[-93.6482,41.4243],[-93.6548,41.4245],[-93.655,41.4317],[-93.6452,41.4316],[-93.6455,41.4499],[-93.6214,41.4498],[-93.6209,41.479],[-93.6113,41.479],[-93.6113,41.49],[-93.6064,41.4901],[-93.6064,41.4973],[-93.5579,41.4971]],[[-93.4004,41.3918],[-93.4051,41.3925],[-93.4051,41.3916],[-93.4004,41.3918]]]}},{"type":"Feature","properties":{"leaid":"1921240","name":"Norwalk Community School District","kind":"Unified","gradeLow":"PK","gradeHigh":"12","state":"IA"},"geometry":{"type":"Polygon","coordinates":[[[-93.6211,41.4864],[-93.6214,41.4498],[-93.6455,41.4499],[-93.6452,41.4316],[-93.655,41.4317],[-93.6548,41.4245],[-93.6482,41.4243],[-93.6478,41.4165],[-93.6454,41.4139],[-93.6453,41.4104],[-93.6549,41.4103],[-93.6549,41.414],[-93.674,41.4142],[-93.674,41.4106],[-93.7077,41.4104],[-93.7074,41.4249],[-93.7219,41.4248],[-93.722,41.4284],[-93.7267,41.4285],[-93.7266,41.4392],[-93.7315,41.4393],[-93.7313,41.4575],[-93.7604,41.4578],[-93.7603,41.4506],[-93.7652,41.4504],[-93.7651,41.4579],[-93.7688,41.4579],[-93.7688,41.4566],[-93.7701,41.4577],[-93.77,41.4542],[-93.7906,41.4542],[-93.7906,41.5119],[-93.6352,41.5121],[-93.6354,41.4938],[-93.6306,41.4938],[-93.6307,41.4865],[-93.6211,41.4864]]]}},{"type":"Feature","properties":{"leaid":"1908520","name":"Dallas Center-Grimes Community School District","kind":"Unified","gradeLow":"PK","gradeHigh":"12","state":"IA"},"geometry":{"type":"Polygon","coordinates":[[[-93.8145,41.7175],[-93.8145,41.7102],[-93.8044,41.7102],[-93.8044,41.7138],[-93.7898,41.7139],[-93.7897,41.7102],[-93.775,41.7103],[-93.7752,41.644],[-93.7716,41.644],[-93.7679,41.6386],[-93.7751,41.6383],[-93.7751,41.6295],[-93.7847,41.6295],[-93.7848,41.644],[-93.7944,41.644],[-93.7944,41.6512],[-93.8144,41.6511],[-93.8145,41.6656],[-93.8433,41.6654],[-93.8433,41.6636],[-93.8528,41.6637],[-93.853,41.6728],[-93.8627,41.6727],[-93.8626,41.6691],[-93.8578,41.6691],[-93.8577,41.6583],[-93.931,41.6583],[-93.931,41.651],[-93.9359,41.6511],[-93.9359,41.6438],[-93.9408,41.6439],[-93.9408,41.6366],[-93.9282,41.6365],[-93.9282,41.6329],[-93.9359,41.6329],[-93.9359,41.6348],[-93.9409,41.6348],[-93.9408,41.6294],[-93.9505,41.6295],[-93.9504,41.6222],[-93.9793,41.6221],[-93.9793,41.6293],[-93.9843,41.6293],[-93.9842,41.6365],[-93.9939,41.6365],[-93.994,41.6438],[-94.0036,41.6438],[-94.0037,41.6583],[-94.0376,41.6583],[-94.0375,41.6655],[-94.0327,41.6663],[-94.0325,41.6815],[-94.0421,41.6818],[-94.0421,41.68],[-94.0476,41.68],[-94.0477,41.7138],[-94.0277,41.7139],[-94.0277,41.7215],[-94.0184,41.7211],[-94.0184,41.7321],[-93.9894,41.732],[-93.9895,41.7466],[-93.9602,41.7466],[-93.9603,41.7502],[-93.9407,41.7501],[-93.9408,41.7537],[-93.931,41.7537],[-93.931,41.761],[-93.9358,41.7611],[-93.9357,41.7683],[-93.9216,41.7683],[-93.9216,41.761],[-93.9022,41.761],[-93.9021,41.7465],[-93.9071,41.7465],[-93.907,41.7428],[-93.9022,41.7429],[-93.9021,41.7392],[-93.8729,41.7391],[-93.8728,41.7319],[-93.8632,41.7319],[-93.8631,41.721],[-93.8534,41.721],[-93.8534,41.7174],[-93.8145,41.7175]]]}},{"type":"Feature","properties":{"leaid":"1930930","name":"West Des Moines Community School District","kind":"Unified","gradeLow":"PK","gradeHigh":"12","state":"IA"},"geometry":{"type":"Polygon","coordinates":[[[-93.7122,41.6221],[-93.7123,41.6004],[-93.7137,41.6002],[-93.714,41.5928],[-93.7097,41.5894],[-93.7035,41.5882],[-93.7034,41.5664],[-93.7095,41.5675],[-93.7162,41.5659],[-93.7151,41.5628],[-93.7178,41.5628],[-93.7178,41.5592],[-93.7226,41.5592],[-93.7225,41.5483],[-93.7129,41.5483],[-93.7129,41.5411],[-93.7033,41.541],[-93.7033,41.5374],[-93.6985,41.5375],[-93.6981,41.512],[-93.7906,41.5119],[-93.8286,41.5087],[-93.8286,41.5232],[-93.8171,41.5246],[-93.8144,41.5281],[-93.8143,41.5317],[-93.8079,41.5322],[-93.8032,41.5306],[-93.799,41.5314],[-93.7978,41.5271],[-93.7935,41.5266],[-93.7922,41.5279],[-93.7905,41.5357],[-93.7906,41.6004],[-93.8143,41.6005],[-93.8143,41.6221],[-93.7351,41.6227],[-93.7318,41.6211],[-93.7287,41.6224],[-93.7122,41.6221]]]}},{"type":"Feature","properties":{"leaid":"1932010","name":"Woodward-Granger Community School District","kind":"Unified","gradeLow":"PK","gradeHigh":"12","state":"IA"},"geometry":{"type":"Polygon","coordinates":[[[-93.8685,41.9256],[-93.8672,41.9148],[-93.8687,41.9097],[-93.8651,41.9047],[-93.8597,41.9012],[-93.8586,41.8965],[-93.8593,41.8949],[-93.8566,41.8916],[-93.8589,41.8863],[-93.8667,41.88],[-93.8672,41.8772],[-93.8648,41.8744],[-93.8687,41.8658],[-93.8669,41.8641],[-93.8629,41.8633],[-93.855,41.8529],[-93.8464,41.8517],[-93.844,41.8479],[-93.8418,41.8481],[-93.84,41.8461],[-93.8397,41.8433],[-93.8421,41.8384],[-93.8451,41.837],[-93.8458,41.8354],[-93.8456,41.8342],[-93.8415,41.8327],[-93.8444,41.829],[-93.8399,41.8246],[-93.8324,41.821],[-93.8221,41.8072],[-93.815,41.804],[-93.8074,41.8042],[-93.7865,41.7999],[-93.7852,41.799],[-93.7851,41.7946],[-93.7838,41.793],[-93.7807,41.7929],[-93.7761,41.7956],[-93.7708,41.7946],[-93.7676,41.7915],[-93.7727,41.7882],[-93.7725,41.7871],[-93.7694,41.7857],[-93.7631,41.7798],[-93.764,41.78],[-93.7561,41.7768],[-93.7748,41.7769],[-93.775,41.7685],[-93.7654,41.7685],[-93.7657,41.7625],[-93.7705,41.7631],[-93.7705,41.7539],[-93.7755,41.7539],[-93.7755,41.743],[-93.7948,41.743],[-93.7948,41.7321],[-93.8146,41.7319],[-93.8145,41.7175],[-93.8534,41.7174],[-93.8534,41.721],[-93.8631,41.721],[-93.8632,41.7319],[-93.8728,41.7319],[-93.8729,41.7391],[-93.9021,41.7392],[-93.9022,41.7429],[-93.907,41.7428],[-93.9071,41.7465],[-93.9021,41.7465],[-93.9022,41.761],[-93.9216,41.761],[-93.9216,41.7683],[-93.9407,41.7683],[-93.9407,41.7916],[-93.9504,41.7915],[-93.9504,41.7843],[-93.9601,41.7842],[-93.9601,41.7879],[-93.9697,41.7879],[-93.9699,41.7915],[-93.9893,41.7915],[-93.9893,41.8133],[-93.9795,41.8134],[-93.9794,41.8205],[-93.9696,41.8205],[-93.9697,41.8277],[-93.9795,41.8278],[-93.9798,41.8337],[-93.9798,41.835],[-93.9699,41.835],[-93.9698,41.8424],[-93.9846,41.8423],[-93.9845,41.8568],[-93.9892,41.8569],[-93.9893,41.8497],[-93.9944,41.8497],[-93.9942,41.8631],[-94.0183,41.8631],[-94.0186,41.8778],[-94.0088,41.8778],[-94.0088,41.885],[-94.0185,41.885],[-94.0185,41.8923],[-94.0088,41.8923],[-94.0089,41.8994],[-93.9991,41.8994],[-93.9991,41.9067],[-93.9943,41.9067],[-93.9944,41.9213],[-93.9847,41.9212],[-93.9847,41.9222],[-93.9827,41.9223],[-93.9827,41.9213],[-93.9701,41.9214],[-93.97,41.9457],[-93.9685,41.9457],[-93.9685,41.9468],[-93.97,41.9467],[-93.9699,41.9503],[-93.9504,41.9503],[-93.9505,41.9433],[-93.9407,41.9431],[-93.9407,41.9504],[-93.931,41.9504],[-93.931,41.9469],[-93.9222,41.9469],[-93.9223,41.9504],[-93.8836,41.9505],[-93.8866,41.9484],[-93.8983,41.9469],[-93.9001,41.9456],[-93.9004,41.938],[-93.8903,41.9351],[-93.8828,41.9296],[-93.8699,41.9267],[-93.8685,41.9256]]]}},{"type":"Feature","properties":{"leaid":"1912330","name":"Garner-Hayfield-Ventura Community School District","kind":"Unified","gradeLow":"PK","gradeHigh":"12","state":"IA"},"geometry":{"type":"Polygon","coordinates":[[[-93.4282,43.2207],[-93.4283,43.2171],[-93.4234,43.217],[-93.4235,43.2099],[-93.4286,43.2099],[-93.4288,43.1989],[-93.4088,43.1988],[-93.4087,43.1842],[-93.3989,43.1842],[-93.3988,43.1701],[-93.3973,43.1697],[-93.4088,43.1697],[-93.4085,43.1482],[-93.4184,43.1482],[-93.4182,43.1266],[-93.4383,43.1266],[-93.438,43.1126],[-93.4452,43.112],[-93.4281,43.112],[-93.4281,43.1049],[-93.4182,43.1048],[-93.4182,43.1013],[-93.4084,43.1011],[-93.4084,43.0975],[-93.4034,43.0975],[-93.4035,43.0902],[-93.4084,43.0902],[-93.4083,43.083],[-93.3985,43.0829],[-93.3985,43.0749],[-93.3858,43.0749],[-93.3837,43.0733],[-93.3837,43.0676],[-93.3888,43.0676],[-93.3886,43.0457],[-93.3984,43.0457],[-93.3985,43.0239],[-93.4183,43.024],[-93.4185,42.9951],[-93.458,42.9951],[-93.458,42.9879],[-93.4678,42.9878],[-93.4679,42.9952],[-93.4978,42.9953],[-93.4978,43.0387],[-93.5174,43.0387],[-93.5175,43.0531],[-93.5274,43.0531],[-93.5272,43.035],[-93.5371,43.0349],[-93.537,43.0459],[-93.5667,43.0458],[-93.5667,43.0495],[-93.6163,43.0495],[-93.6163,43.0386],[-93.6261,43.0386],[-93.6261,43.0422],[-93.6212,43.0422],[-93.6212,43.0458],[-93.6556,43.0458],[-93.6557,43.0131],[-93.6656,43.0133],[-93.6656,43.0097],[-93.6756,43.0097],[-93.6755,43.0169],[-93.6852,43.0172],[-93.6851,43.0314],[-93.7339,43.0313],[-93.7337,43.0531],[-93.7243,43.0532],[-93.7245,43.0603],[-93.7144,43.0602],[-93.7144,43.0497],[-93.7194,43.0496],[-93.7195,43.0388],[-93.7145,43.0389],[-93.7145,43.046],[-93.7047,43.0459],[-93.7046,43.0602],[-93.7095,43.0602],[-93.7095,43.0672],[-93.7145,43.0671],[-93.7144,43.075],[-93.7296,43.0748],[-93.7296,43.0796],[-93.705,43.0785],[-93.705,43.0831],[-93.7245,43.0833],[-93.7244,43.0977],[-93.7149,43.0977],[-93.7149,43.105],[-93.71,43.105],[-93.7099,43.1122],[-93.7149,43.1122],[-93.715,43.1194],[-93.7101,43.1194],[-93.7102,43.1267],[-93.7051,43.1267],[-93.7051,43.134],[-93.7152,43.1339],[-93.7152,43.1412],[-93.73,43.141],[-93.7299,43.1519],[-93.7338,43.1519],[-93.7338,43.159],[-93.7386,43.159],[-93.7386,43.1555],[-93.7537,43.1556],[-93.7537,43.1592],[-93.7636,43.1592],[-93.7637,43.1556],[-93.7716,43.1557],[-93.7736,43.1557],[-93.7736,43.1592],[-93.7834,43.1593],[-93.7832,43.1695],[-93.7635,43.1694],[-93.7636,43.1767],[-93.7339,43.1766],[-93.7338,43.184],[-93.7434,43.1841],[-93.7435,43.1912],[-93.7338,43.1912],[-93.7338,43.2056],[-93.705,43.2057],[-93.705,43.2091],[-93.7002,43.2092],[-93.7001,43.2129],[-93.6951,43.2129],[-93.6951,43.2201],[-93.7,43.2201],[-93.7,43.2274],[-93.6852,43.2274],[-93.6853,43.2201],[-93.6755,43.2201],[-93.6769,43.2165],[-93.6756,43.2165],[-93.6753,43.1913],[-93.6655,43.1913],[-93.6654,43.1985],[-93.6557,43.1985],[-93.6557,43.1912],[-93.646,43.1913],[-93.646,43.1841],[-93.6214,43.1842],[-93.6214,43.1985],[-93.6166,43.1988],[-93.6166,43.2058],[-93.5966,43.2058],[-93.5965,43.1987],[-93.5719,43.1986],[-93.5719,43.1949],[-93.5571,43.195],[-93.5571,43.1985],[-93.5271,43.1987],[-93.5271,43.2131],[-93.5174,43.2131],[-93.5173,43.2203],[-93.5075,43.2202],[-93.5075,43.2275],[-93.4778,43.2278],[-93.4777,43.2206],[-93.4282,43.2207]]]}},{"type":"Feature","properties":{"leaid":"1918240","name":"East Mills Community School District","kind":"Unified","gradeLow":"PK","gradeHigh":"12","state":"IA"},"geometry":{"type":"Polygon","coordinates":[[[-95.3843,41.16],[-95.3843,41.1496],[-95.3755,41.1496],[-95.3754,41.1459],[-95.3844,41.146],[-95.3846,41.0879],[-95.3759,41.0879],[-95.3761,41.0734],[-95.3847,41.0734],[-95.3847,40.9811],[-95.3757,40.9811],[-95.3754,40.9703],[-95.3847,40.9702],[-95.3847,40.9631],[-95.3753,40.9631],[-95.3754,40.9666],[-95.3705,40.9669],[-95.3705,40.9595],[-95.3658,40.9595],[-95.3658,40.9559],[-95.3707,40.9559],[-95.3706,40.9522],[-95.3752,40.9522],[-95.3752,40.9486],[-95.3848,40.9486],[-95.3847,40.916],[-95.4037,40.916],[-95.4038,40.9377],[-95.4134,40.9377],[-95.4133,40.9304],[-95.4418,40.9305],[-95.4418,40.916],[-95.4609,40.9161],[-95.4609,40.9015],[-95.523,40.9017],[-95.5231,40.9065],[-95.5357,40.9065],[-95.5374,40.9065],[-95.5373,40.9017],[-95.5564,40.9016],[-95.5566,40.9161],[-95.5612,40.9161],[-95.5612,40.909],[-95.5755,40.9089],[-95.5757,40.9016],[-95.6143,40.9016],[-95.6142,40.9161],[-95.6236,40.916],[-95.6237,40.9269],[-95.6189,40.9269],[-95.6189,40.9299],[-95.6237,40.9305],[-95.6237,40.9341],[-95.6189,40.9342],[-95.619,40.9378],[-95.6285,40.9378],[-95.6287,40.945],[-95.6333,40.945],[-95.6332,40.9595],[-95.6523,40.9593],[-95.6523,40.9629],[-95.6617,40.9631],[-95.6616,40.9701],[-95.6522,40.9702],[-95.6519,40.9873],[-95.671,40.9872],[-95.671,41.0161],[-95.6421,41.0168],[-95.6423,41.0449],[-95.6328,41.0452],[-95.6328,41.0514],[-95.6329,41.0667],[-95.6423,41.0666],[-95.6423,41.0733],[-95.6324,41.0732],[-95.6327,41.1026],[-95.5995,41.102],[-95.5996,41.1095],[-95.5946,41.1096],[-95.5945,41.1312],[-95.5564,41.1312],[-95.5564,41.1601],[-95.3843,41.16]]]}},{"type":"Feature","properties":{"leaid":"1920850","name":"North Mahaska Community School District","kind":"Unified","gradeLow":"PK","gradeHigh":"12","state":"IA"},"geometry":{"type":"Polygon","coordinates":[[[-92.6421,41.5381],[-92.6421,41.5164],[-92.6378,41.5164],[-92.6378,41.52],[-92.6234,41.52],[-92.6234,41.5146],[-92.6186,41.5146],[-92.6186,41.5164],[-92.6138,41.5164],[-92.6138,41.515],[-92.6034,41.515],[-92.6036,41.5092],[-92.4866,41.5093],[-92.4866,41.5165],[-92.477,41.5166],[-92.477,41.513],[-92.4642,41.5112],[-92.4641,41.5094],[-92.412,41.5095],[-92.412,41.4848],[-92.4312,41.4847],[-92.4312,41.4811],[-92.4551,41.481],[-92.4549,41.4231],[-92.4741,41.4231],[-92.4741,41.4193],[-92.4645,41.4192],[-92.4646,41.4156],[-92.4599,41.4156],[-92.4597,41.3795],[-92.4549,41.3795],[-92.4549,41.3758],[-92.4517,41.374],[-92.4532,41.374],[-92.4539,41.3704],[-92.45,41.3704],[-92.4499,41.3668],[-92.4463,41.3669],[-92.4463,41.365],[-92.444,41.3651],[-92.4441,41.3614],[-92.45,41.3614],[-92.45,41.3578],[-92.4643,41.3579],[-92.4643,41.3506],[-92.4738,41.3507],[-92.4742,41.3487],[-92.4883,41.3488],[-92.4884,41.3505],[-92.5004,41.3505],[-92.5014,41.365],[-92.5123,41.365],[-92.5124,41.3758],[-92.5172,41.3757],[-92.5172,41.3829],[-92.522,41.3829],[-92.5219,41.3792],[-92.5362,41.3791],[-92.5361,41.361],[-92.5458,41.3609],[-92.5457,41.3645],[-92.5506,41.3646],[-92.5505,41.3574],[-92.5554,41.3574],[-92.5552,41.3502],[-92.5649,41.3502],[-92.5651,41.3254],[-92.5698,41.3253],[-92.5719,41.3276],[-92.5695,41.3291],[-92.5777,41.3358],[-92.5936,41.3357],[-92.5936,41.3394],[-92.5888,41.3395],[-92.5888,41.343],[-92.5936,41.343],[-92.5936,41.3503],[-92.6227,41.3502],[-92.6225,41.3574],[-92.6702,41.3573],[-92.6702,41.3645],[-92.6797,41.3644],[-92.6799,41.3791],[-92.7558,41.3788],[-92.756,41.3752],[-92.7607,41.3756],[-92.7611,41.4042],[-92.7758,41.4043],[-92.7759,41.4294],[-92.7709,41.4294],[-92.7709,41.4367],[-92.766,41.4367],[-92.7661,41.4512],[-92.7806,41.4511],[-92.7807,41.4626],[-92.7758,41.4634],[-92.7757,41.4729],[-92.7855,41.4729],[-92.7856,41.4946],[-92.7954,41.4946],[-92.7954,41.5087],[-92.7565,41.5088],[-92.7567,41.5305],[-92.7384,41.5306],[-92.7387,41.5381],[-92.7242,41.538],[-92.7243,41.5453],[-92.7195,41.5453],[-92.7193,41.5308],[-92.6808,41.5309],[-92.6813,41.5382],[-92.6421,41.5381]]]}},{"type":"Feature","properties":{"leaid":"1904950","name":"Eddyville-Blakesburg-Fremont Community School District","kind":"Unified","gradeLow":"PK","gradeHigh":"12","state":"IA"},"geometry":{"type":"Polygon","coordinates":[[[-92.4108,41.2715],[-92.4108,41.2673],[-92.4044,41.2676],[-92.4043,41.2689],[-92.4066,41.2691],[-92.4042,41.2707],[-92.3992,41.2696],[-92.3981,41.2683],[-92.3969,41.2694],[-92.3884,41.2655],[-92.384,41.2661],[-92.3838,41.262],[-92.3727,41.2613],[-92.3645,41.2628],[-92.3635,41.2609],[-92.3613,41.2615],[-92.3581,41.2598],[-92.3537,41.262],[-92.3537,41.2418],[-92.3583,41.2418],[-92.3584,41.2381],[-92.3537,41.2382],[-92.3536,41.2309],[-92.3634,41.2304],[-92.3634,41.2345],[-92.3823,41.2344],[-92.3824,41.2254],[-92.3776,41.2254],[-92.3777,41.2236],[-92.373,41.2236],[-92.373,41.2199],[-92.3682,41.22],[-92.3681,41.2128],[-92.3592,41.2127],[-92.359,41.2093],[-92.373,41.2092],[-92.373,41.2055],[-92.3538,41.2056],[-92.3536,41.1947],[-92.3632,41.1947],[-92.3631,41.1911],[-92.4062,41.1909],[-92.4061,41.1837],[-92.4103,41.1837],[-92.4103,41.1692],[-92.406,41.1692],[-92.406,41.1619],[-92.4102,41.1619],[-92.4102,41.1553],[-92.4061,41.1553],[-92.4061,41.1516],[-92.4102,41.1517],[-92.41,41.1118],[-92.4293,41.1119],[-92.4293,41.1184],[-92.4302,41.119],[-92.4584,41.1193],[-92.4584,41.1046],[-92.4674,41.1045],[-92.4672,41.0755],[-92.5038,41.0753],[-92.5025,41.0666],[-92.4931,41.0613],[-92.4813,41.0597],[-92.4796,41.0573],[-92.4821,41.0533],[-92.4823,41.051],[-92.4705,41.0453],[-92.5249,41.0452],[-92.5248,41.0344],[-92.515,41.0344],[-92.515,41.031],[-92.5009,41.0308],[-92.5009,41.0163],[-92.515,41.0163],[-92.515,41.0128],[-92.5102,41.0128],[-92.5103,41.0095],[-92.5246,41.0092],[-92.5247,40.9716],[-92.5528,40.9715],[-92.5531,40.957],[-92.542,40.9569],[-92.5421,40.95],[-92.5484,40.9498],[-92.5483,40.9461],[-92.5532,40.9461],[-92.5532,40.9533],[-92.558,40.9534],[-92.5579,40.9425],[-92.5532,40.9425],[-92.5531,40.9388],[-92.5579,40.9389],[-92.558,40.9353],[-92.5627,40.9353],[-92.5628,40.928],[-92.5534,40.928],[-92.5534,40.9207],[-92.5629,40.9207],[-92.5629,40.9172],[-92.5676,40.9172],[-92.5678,40.9135],[-92.576,40.9136],[-92.576,40.9207],[-92.5822,40.9204],[-92.5819,40.9135],[-92.5773,40.9133],[-92.5771,40.9026],[-92.5723,40.9026],[-92.5723,40.899],[-92.5961,40.8989],[-92.5961,40.8961],[-92.6008,40.896],[-92.6008,40.8924],[-92.6056,40.8924],[-92.6054,40.8888],[-92.6006,40.8888],[-92.6004,40.871],[-92.6289,40.8707],[-92.6289,40.8614],[-92.6302,40.8617],[-92.6366,40.8664],[-92.6344,40.8707],[-92.6389,40.8708],[-92.6389,40.8777],[-92.6148,40.878],[-92.6151,40.8924],[-92.6247,40.8925],[-92.6246,40.8887],[-92.6294,40.8887],[-92.6293,40.8852],[-92.6389,40.8853],[-92.6391,40.8989],[-92.6582,40.8988],[-92.6583,40.9275],[-92.6772,40.9276],[-92.6773,40.935],[-92.6967,40.9349],[-92.6967,40.9565],[-92.7064,40.9566],[-92.7064,40.9712],[-92.6682,40.9712],[-92.6682,40.9784],[-92.6634,40.9784],[-92.6634,40.987],[-92.6682,40.987],[-92.6682,41.0232],[-92.6396,41.0233],[-92.6399,41.0823],[-92.6542,41.0822],[-92.6543,41.0858],[-92.6591,41.0858],[-92.6591,41.1039],[-92.6783,41.1039],[-92.6783,41.0966],[-92.6736,41.0966],[-92.6735,41.0909],[-92.6782,41.0908],[-92.6782,41.0899],[-92.6926,41.0866],[-92.6926,41.0876],[-92.6974,41.0877],[-92.6979,41.0934],[-92.7114,41.0894],[-92.7309,41.0894],[-92.7309,41.0821],[-92.738,41.0821],[-92.7423,41.0861],[-92.7497,41.087],[-92.7546,41.0816],[-92.7547,41.1614],[-92.7595,41.1613],[-92.7597,41.1686],[-92.7548,41.1686],[-92.755,41.2048],[-92.7365,41.2048],[-92.7366,41.2121],[-92.7173,41.2122],[-92.7173,41.2084],[-92.7076,41.2086],[-92.7076,41.2127],[-92.7029,41.2122],[-92.7029,41.2049],[-92.6885,41.205],[-92.6885,41.2086],[-92.6692,41.2086],[-92.6692,41.2194],[-92.668,41.2229],[-92.6645,41.223],[-92.6646,41.2266],[-92.6741,41.2267],[-92.6741,41.2448],[-92.6694,41.2448],[-92.6694,41.2411],[-92.6598,41.2411],[-92.6599,41.2448],[-92.6406,41.2448],[-92.6405,41.2413],[-92.6363,41.2412],[-92.6364,41.2448],[-92.6316,41.2448],[-92.6312,41.2158],[-92.6217,41.2157],[-92.6216,41.2085],[-92.6023,41.2084],[-92.6023,41.2191],[-92.5545,41.2193],[-92.5546,41.2374],[-92.526,41.2376],[-92.526,41.2267],[-92.5161,41.2268],[-92.5161,41.2196],[-92.5064,41.2196],[-92.5067,41.2449],[-92.4877,41.245],[-92.4875,41.2497],[-92.4923,41.2497],[-92.4925,41.2785],[-92.4828,41.2786],[-92.4828,41.275],[-92.4771,41.2749],[-92.4732,41.2749],[-92.4732,41.2784],[-92.4684,41.2786],[-92.4685,41.3002],[-92.4494,41.3004],[-92.4494,41.2942],[-92.4397,41.2932],[-92.4397,41.2714],[-92.4108,41.2715]]]}},{"type":"Feature","properties":{"leaid":"1907050","name":"Chariton Community School District","kind":"Unified","gradeLow":"PK","gradeHigh":"12","state":"IA"},"geometry":{"type":"Polygon","coordinates":[[[-93.0992,41.1609],[-93.0976,40.8985],[-93.3751,40.8978],[-93.3751,40.9014],[-93.3845,40.9014],[-93.3845,40.905],[-93.3892,40.9049],[-93.3892,40.9013],[-93.3939,40.9013],[-93.3939,40.8977],[-93.3985,40.8977],[-93.3985,40.905],[-93.3941,40.905],[-93.394,40.9123],[-93.3845,40.9123],[-93.3847,40.9412],[-93.3894,40.9412],[-93.3894,40.9483],[-93.3944,40.9483],[-93.3942,40.9517],[-93.3991,40.9516],[-93.3991,40.9499],[-93.4038,40.949],[-93.4038,40.9554],[-93.4662,40.9555],[-93.4662,40.9592],[-93.4709,40.9592],[-93.4712,40.9663],[-93.5044,40.9667],[-93.5044,40.9604],[-93.5139,40.9596],[-93.5139,40.9778],[-93.5092,40.9777],[-93.5091,40.9741],[-93.5045,40.9741],[-93.5042,40.9704],[-93.4833,40.9701],[-93.4614,40.9701],[-93.4614,40.9774],[-93.4421,40.9768],[-93.4422,40.9968],[-93.4518,40.9962],[-93.4519,40.9927],[-93.4605,40.9923],[-93.4669,40.988],[-93.4705,40.988],[-93.4708,40.9855],[-93.4661,40.9855],[-93.4661,40.9773],[-93.4757,40.9775],[-93.4757,40.981],[-93.4804,40.981],[-93.4804,40.9855],[-93.5567,40.9863],[-93.5568,40.9935],[-93.5522,40.9935],[-93.552,41.0044],[-93.5567,41.0044],[-93.5572,41.1539],[-93.5434,41.1535],[-93.5434,41.1612],[-93.4663,41.1607],[-93.4661,41.1564],[-93.4515,41.1566],[-93.4516,41.1606],[-93.4233,41.1606],[-93.4233,41.1241],[-93.4043,41.1239],[-93.4036,41.1202],[-93.3854,41.1203],[-93.3851,41.1165],[-93.3279,41.117],[-93.3279,41.1607],[-93.1851,41.1609],[-93.185,41.1648],[-93.1804,41.1645],[-93.1804,41.1609],[-93.0992,41.1609]]]}},{"type":"Feature","properties":{"leaid":"1930560","name":"Wayne Community School District","kind":"Unified","gradeLow":"PK","gradeHigh":"12","state":"IA"},"geometry":{"type":"Polygon","coordinates":[[[-93.0976,40.8985],[-93.0977,40.841],[-93.1355,40.8411],[-93.1352,40.8339],[-93.1483,40.8339],[-93.1546,40.8339],[-93.1545,40.8414],[-93.1592,40.8414],[-93.1593,40.8376],[-93.169,40.8376],[-93.169,40.8413],[-93.1738,40.8413],[-93.1738,40.834],[-93.1786,40.834],[-93.1786,40.8303],[-93.1833,40.8303],[-93.1833,40.8339],[-93.1929,40.8339],[-93.1929,40.8301],[-93.1953,40.8301],[-93.1956,40.8266],[-93.2025,40.8255],[-93.2024,40.823],[-93.2121,40.823],[-93.2122,40.7176],[-93.217,40.7176],[-93.217,40.7139],[-93.2218,40.7139],[-93.2218,40.7067],[-93.2266,40.7067],[-93.2266,40.6957],[-93.2314,40.6956],[-93.2314,40.692],[-93.2361,40.6912],[-93.2361,40.6959],[-93.2694,40.6959],[-93.2694,40.6668],[-93.2885,40.6668],[-93.2885,40.6632],[-93.298,40.6631],[-93.2981,40.6595],[-93.2933,40.6595],[-93.2933,40.6559],[-93.2981,40.6558],[-93.2981,40.6487],[-93.3027,40.6486],[-93.3028,40.645],[-93.3169,40.6447],[-93.3171,40.6631],[-93.3272,40.6633],[-93.3271,40.6449],[-93.3218,40.6449],[-93.3217,40.6393],[-93.3029,40.6377],[-93.303,40.6269],[-93.2981,40.6268],[-93.2982,40.6232],[-93.2887,40.6232],[-93.2886,40.6196],[-93.2935,40.6195],[-93.2935,40.6178],[-93.2888,40.6177],[-93.2889,40.5808],[-93.5476,40.5804],[-93.6331,40.5787],[-93.633,40.5875],[-93.6278,40.5877],[-93.6281,40.6129],[-93.6231,40.6129],[-93.6231,40.6148],[-93.6183,40.6148],[-93.6184,40.6203],[-93.6125,40.6202],[-93.6121,40.6237],[-93.6278,40.6238],[-93.6283,40.6383],[-93.624,40.6383],[-93.6229,40.6347],[-93.6141,40.6346],[-93.614,40.6307],[-93.6089,40.6311],[-93.6091,40.6346],[-93.6082,40.6346],[-93.6066,40.631],[-93.6026,40.631],[-93.6025,40.6275],[-93.5948,40.6275],[-93.5954,40.6414],[-93.6036,40.6465],[-93.6038,40.6481],[-93.608,40.6498],[-93.6085,40.6515],[-93.6093,40.6491],[-93.6139,40.6491],[-93.6137,40.6636],[-93.6089,40.6636],[-93.6089,40.6671],[-93.6043,40.6671],[-93.6042,40.6744],[-93.5994,40.6743],[-93.5995,40.6779],[-93.5948,40.6779],[-93.5949,40.6743],[-93.5803,40.6744],[-93.5802,40.6816],[-93.5752,40.6816],[-93.5754,40.6998],[-93.5658,40.6998],[-93.5655,40.7035],[-93.5566,40.7035],[-93.5566,40.6963],[-93.5412,40.6964],[-93.5413,40.7038],[-93.5462,40.7037],[-93.5464,40.711],[-93.5566,40.7108],[-93.5563,40.7542],[-93.4944,40.7538],[-93.4944,40.7611],[-93.4896,40.7611],[-93.4899,40.7791],[-93.485,40.7791],[-93.4851,40.7826],[-93.4518,40.7822],[-93.4518,40.7895],[-93.4754,40.7894],[-93.4754,40.797],[-93.4708,40.7969],[-93.4708,40.8041],[-93.4422,40.804],[-93.4425,40.8221],[-93.437,40.8222],[-93.437,40.826],[-93.4321,40.8261],[-93.4323,40.8297],[-93.4424,40.8296],[-93.4422,40.8442],[-93.4371,40.8442],[-93.437,40.8333],[-93.4322,40.8336],[-93.4323,40.8442],[-93.4228,40.8422],[-93.4228,40.8628],[-93.4323,40.8625],[-93.4324,40.8552],[-93.4421,40.855],[-93.4422,40.884],[-93.4374,40.884],[-93.4374,40.8894],[-93.4374,40.8913],[-93.4421,40.8913],[-93.4421,40.8976],[-93.3939,40.8977],[-93.3939,40.9013],[-93.3892,40.9013],[-93.3892,40.9049],[-93.3845,40.905],[-93.3845,40.9014],[-93.3751,40.9014],[-93.3751,40.8978],[-93.0976,40.8985]]]}},{"type":"Feature","properties":{"leaid":"1904560","name":"Bedford Community School District","kind":"Unified","gradeLow":"PK","gradeHigh":"12","state":"IA"},"geometry":{"type":"MultiPolygon","coordinates":[[[[-94.4713,40.6757],[-94.4614,40.6757],[-94.4613,40.6684],[-94.4661,40.6684],[-94.4662,40.6576],[-94.4612,40.6577],[-94.4615,40.6359],[-94.4569,40.6358],[-94.4569,40.6395],[-94.4424,40.6395],[-94.4425,40.6468],[-94.4331,40.6467],[-94.4332,40.6503],[-94.4237,40.6503],[-94.4235,40.6431],[-94.433,40.643],[-94.4329,40.6413],[-94.4377,40.6414],[-94.4377,40.6377],[-94.433,40.6376],[-94.4329,40.6395],[-94.4282,40.6394],[-94.4289,40.6105],[-94.4336,40.6106],[-94.4338,40.6033],[-94.4243,40.6033],[-94.4244,40.5934],[-94.4305,40.5876],[-94.431,40.5853],[-94.4439,40.5784],[-94.4432,40.571],[-94.5942,40.571],[-94.9149,40.5751],[-94.9148,40.6278],[-94.9195,40.628],[-94.9195,40.6261],[-94.9243,40.6263],[-94.9242,40.6318],[-94.9147,40.6316],[-94.9146,40.657],[-94.9057,40.657],[-94.9056,40.664],[-94.8821,40.6639],[-94.8821,40.6565],[-94.8775,40.6565],[-94.8771,40.6516],[-94.8771,40.6494],[-94.8863,40.6495],[-94.8864,40.6389],[-94.8817,40.6387],[-94.8817,40.635],[-94.8768,40.635],[-94.8767,40.6457],[-94.8719,40.6457],[-94.872,40.6386],[-94.8672,40.6387],[-94.8672,40.6422],[-94.8648,40.6422],[-94.8648,40.6458],[-94.8575,40.6458],[-94.8574,40.6491],[-94.8677,40.6493],[-94.8677,40.6566],[-94.8483,40.6563],[-94.8483,40.6602],[-94.8529,40.6603],[-94.8529,40.6709],[-94.8768,40.6711],[-94.8769,40.6674],[-94.8865,40.6676],[-94.8864,40.6748],[-94.8767,40.6748],[-94.8766,40.6784],[-94.8623,40.6782],[-94.8622,40.6818],[-94.8765,40.682],[-94.8764,40.6855],[-94.8669,40.6855],[-94.8667,40.6927],[-94.8616,40.6928],[-94.8615,40.7144],[-94.8711,40.7146],[-94.8712,40.7],[-94.8761,40.7001],[-94.8761,40.7037],[-94.8771,40.7037],[-94.8952,40.7037],[-94.8952,40.7001],[-94.9047,40.7001],[-94.9047,40.7036],[-94.9094,40.7037],[-94.9095,40.7001],[-94.9117,40.7001],[-94.9115,40.7037],[-94.9137,40.7037],[-94.9136,40.7073],[-94.9095,40.7075],[-94.9092,40.7145],[-94.8997,40.7146],[-94.8997,40.7182],[-94.8942,40.7182],[-94.895,40.7218],[-94.8996,40.7218],[-94.8995,40.7272],[-94.904,40.7272],[-94.9041,40.7289],[-94.8994,40.7301],[-94.8996,40.7383],[-94.8949,40.7383],[-94.8945,40.7275],[-94.8807,40.7274],[-94.8805,40.731],[-94.8769,40.731],[-94.8664,40.731],[-94.8664,40.7273],[-94.7949,40.7277],[-94.795,40.7415],[-94.8808,40.7419],[-94.8809,40.7635],[-94.8577,40.7633],[-94.8564,40.7562],[-94.8145,40.7558],[-94.8145,40.7703],[-94.8239,40.7703],[-94.8239,40.7774],[-94.8333,40.7775],[-94.8333,40.7919],[-94.8191,40.7921],[-94.819,40.7991],[-94.8238,40.7991],[-94.8237,40.8062],[-94.8335,40.8062],[-94.8336,40.8205],[-94.839,40.8205],[-94.8398,40.8188],[-94.8421,40.8187],[-94.8422,40.8173],[-94.8479,40.8134],[-94.8478,40.81],[-94.8526,40.8101],[-94.8525,40.8066],[-94.8572,40.8067],[-94.8575,40.8135],[-94.8527,40.8135],[-94.8527,40.8207],[-94.8622,40.8208],[-94.8622,40.828],[-94.8529,40.8283],[-94.8527,40.8386],[-94.8479,40.8386],[-94.8479,40.8424],[-94.8047,40.8424],[-94.8047,40.8334],[-94.7983,40.8333],[-94.7983,40.8361],[-94.7905,40.8367],[-94.7905,40.835],[-94.7951,40.8351],[-94.7951,40.8278],[-94.7809,40.8276],[-94.7807,40.8346],[-94.7759,40.8346],[-94.7759,40.8421],[-94.7383,40.8422],[-94.7384,40.8273],[-94.7318,40.8277],[-94.7318,40.8263],[-94.7337,40.8263],[-94.7337,40.8242],[-94.7384,40.8253],[-94.7384,40.8132],[-94.7336,40.8132],[-94.7337,40.8168],[-94.7289,40.8168],[-94.7289,40.8241],[-94.7194,40.824],[-94.7194,40.8276],[-94.7291,40.8277],[-94.729,40.8338],[-94.7238,40.8336],[-94.7237,40.8312],[-94.7194,40.8312],[-94.7193,40.8348],[-94.7003,40.8347],[-94.7003,40.7846],[-94.6903,40.7846],[-94.6902,40.7701],[-94.6805,40.7702],[-94.6805,40.7774],[-94.6713,40.7776],[-94.6713,40.7847],[-94.6564,40.7849],[-94.6237,40.7845],[-94.6237,40.7736],[-94.6143,40.7736],[-94.6143,40.7702],[-94.5857,40.7699],[-94.5858,40.7483],[-94.5761,40.7483],[-94.5761,40.7555],[-94.5663,40.7554],[-94.5662,40.7483],[-94.5616,40.7482],[-94.5617,40.7409],[-94.5474,40.7407],[-94.5473,40.7336],[-94.5426,40.7335],[-94.5425,40.7194],[-94.5329,40.7194],[-94.5329,40.7157],[-94.5377,40.7157],[-94.5377,40.7121],[-94.5281,40.7121],[-94.5281,40.7193],[-94.5188,40.7191],[-94.5187,40.7048],[-94.4998,40.7048],[-94.4998,40.6975],[-94.4903,40.6975],[-94.4904,40.6902],[-94.481,40.6902],[-94.4809,40.6793],[-94.4713,40.6792],[-94.4713,40.6757]],[[-94.4713,40.6757],[-94.4737,40.6757],[-94.4737,40.6685],[-94.4714,40.6685],[-94.4713,40.6757]]],[[[-94.8623,40.8142],[-94.8767,40.8135],[-94.8766,40.8206],[-94.8622,40.8204],[-94.8623,40.8142]]]]}},{"type":"Feature","properties":{"leaid":"1910980","name":"English Valleys Community School District","kind":"Unified","gradeLow":"PK","gradeHigh":"12","state":"IA"},"geometry":{"type":"Polygon","coordinates":[[[-92.2261,41.6301],[-92.1435,41.6297],[-92.1433,41.6008],[-92.104,41.6006],[-92.1034,41.5897],[-92.0941,41.5893],[-92.0946,41.5826],[-92.0898,41.5823],[-92.0895,41.5755],[-92.0798,41.5753],[-92.0798,41.5788],[-92.0749,41.5789],[-92.0746,41.5862],[-92.07,41.5861],[-92.0699,41.5828],[-92.0517,41.583],[-92.0523,41.5755],[-92.0653,41.5754],[-92.0653,41.5718],[-92.033,41.572],[-92.0329,41.5685],[-92.0281,41.5685],[-92.028,41.5612],[-92.0232,41.5612],[-92.0233,41.5685],[-92.004,41.5685],[-92.0039,41.5576],[-92.0087,41.5576],[-92.0087,41.554],[-92.0135,41.554],[-92.0135,41.5504],[-92.0087,41.5504],[-92.0086,41.5468],[-92.0039,41.5468],[-92.0034,41.5396],[-91.9849,41.5397],[-91.9848,41.554],[-91.9341,41.5544],[-91.9342,41.5472],[-91.9246,41.5473],[-91.9248,41.54],[-91.9055,41.5403],[-91.906,41.5221],[-91.9157,41.522],[-91.9157,41.5148],[-91.9256,41.5148],[-91.9256,41.511],[-91.946,41.5107],[-91.9462,41.4538],[-91.985,41.4536],[-91.9852,41.4245],[-92.004,41.4245],[-92.0044,41.4317],[-92.014,41.4317],[-92.0139,41.4244],[-92.0242,41.4244],[-92.0243,41.4173],[-92.0353,41.4173],[-92.035,41.4244],[-92.0646,41.4243],[-92.0646,41.4207],[-92.0836,41.4209],[-92.0837,41.3954],[-92.1029,41.3953],[-92.103,41.4025],[-92.1377,41.4024],[-92.1416,41.4024],[-92.1416,41.3961],[-92.1427,41.3952],[-92.1813,41.3948],[-92.1813,41.4022],[-92.2004,41.4023],[-92.2007,41.4239],[-92.2199,41.4239],[-92.22,41.4455],[-92.2008,41.4455],[-92.2008,41.4528],[-92.1815,41.4529],[-92.1818,41.51],[-92.2246,41.5099],[-92.2254,41.5172],[-92.2345,41.5172],[-92.2347,41.5317],[-92.2441,41.5318],[-92.244,41.5389],[-92.2488,41.539],[-92.2488,41.5317],[-92.2538,41.5317],[-92.2538,41.5247],[-92.2584,41.5246],[-92.2583,41.5317],[-92.2632,41.5316],[-92.2631,41.5387],[-92.2678,41.5387],[-92.2685,41.5242],[-92.278,41.5243],[-92.2777,41.5316],[-92.2903,41.5315],[-92.2904,41.5243],[-92.2874,41.5243],[-92.2876,41.5098],[-92.2975,41.5098],[-92.2976,41.546],[-92.2877,41.546],[-92.2878,41.5496],[-92.2976,41.5497],[-92.2977,41.5604],[-92.3267,41.5603],[-92.3267,41.564],[-92.3365,41.5641],[-92.3364,41.5676],[-92.3752,41.5675],[-92.3751,41.5767],[-92.3701,41.5767],[-92.3694,41.5785],[-92.3716,41.58],[-92.3674,41.5801],[-92.3679,41.5822],[-92.369,41.5821],[-92.3679,41.5857],[-92.3652,41.5858],[-92.3652,41.5821],[-92.351,41.5822],[-92.3509,41.5858],[-92.3461,41.5857],[-92.346,41.5821],[-92.3147,41.5826],[-92.3132,41.5861],[-92.3108,41.587],[-92.3107,41.5898],[-92.3122,41.5898],[-92.3123,41.5934],[-92.3074,41.5933],[-92.3074,41.5967],[-92.2881,41.5967],[-92.2882,41.6015],[-92.2833,41.6015],[-92.2833,41.5967],[-92.2784,41.5967],[-92.2784,41.5931],[-92.2542,41.5932],[-92.2543,41.5966],[-92.2495,41.5967],[-92.2495,41.6013],[-92.2552,41.6013],[-92.2552,41.6087],[-92.2454,41.6086],[-92.2454,41.6124],[-92.2406,41.6122],[-92.2403,41.6231],[-92.226,41.6234],[-92.2261,41.6301]]]}},{"type":"Feature","properties":{"leaid":"1922440","name":"Pekin Community School District","kind":"Unified","gradeLow":"PK","gradeHigh":"12","state":"IA"},"geometry":{"type":"Polygon","coordinates":[[[-92.0834,41.2813],[-92.0783,41.2817],[-92.0826,41.2762],[-92.0734,41.2706],[-92.0661,41.2712],[-92.0653,41.269],[-92.0624,41.2727],[-92.0614,41.2716],[-92.062,41.2691],[-92.0598,41.2686],[-92.0589,41.2725],[-92.0508,41.2727],[-92.0508,41.2609],[-92.0495,41.2607],[-92.0477,41.2624],[-92.0474,41.259],[-92.0439,41.2594],[-92.0467,41.2568],[-92.0352,41.2539],[-92.0342,41.2526],[-92.0317,41.253],[-92.0315,41.2512],[-91.9451,41.2514],[-91.9446,41.222],[-91.9265,41.2215],[-91.9264,41.214],[-91.9215,41.214],[-91.9214,41.2067],[-91.9261,41.2068],[-91.9265,41.1777],[-91.9313,41.1775],[-91.9312,41.1814],[-91.936,41.1816],[-91.9364,41.1633],[-91.9503,41.1636],[-91.9505,41.1582],[-91.9457,41.1581],[-91.9458,41.1566],[-91.965,41.1568],[-91.9654,41.1484],[-91.975,41.1485],[-91.9756,41.1338],[-92.0046,41.1343],[-92.0049,41.1234],[-92.0097,41.1234],[-92.0098,41.1197],[-92.005,41.1198],[-92.0054,41.1052],[-92.0247,41.1054],[-92.0256,41.0761],[-92.1208,41.0763],[-92.1208,41.0623],[-92.1399,41.0623],[-92.1399,41.0677],[-92.1496,41.0677],[-92.1497,41.0762],[-92.169,41.0761],[-92.1688,41.0833],[-92.1797,41.0833],[-92.1796,41.0762],[-92.2754,41.0758],[-92.2754,41.0712],[-92.2849,41.0712],[-92.2849,41.0677],[-92.2957,41.0677],[-92.2956,41.0605],[-92.3004,41.0604],[-92.3004,41.0677],[-92.3196,41.0676],[-92.3196,41.0759],[-92.3148,41.0759],[-92.3149,41.0939],[-92.3244,41.0938],[-92.3245,41.1006],[-92.3532,41.0923],[-92.3534,41.1223],[-92.3677,41.1228],[-92.3677,41.13],[-92.3725,41.13],[-92.3725,41.1235],[-92.3876,41.1233],[-92.3863,41.1122],[-92.4011,41.112],[-92.4013,41.1336],[-92.4101,41.1336],[-92.4102,41.1517],[-92.4061,41.1516],[-92.4061,41.1528],[-92.4061,41.1553],[-92.4102,41.1553],[-92.4102,41.1619],[-92.406,41.1619],[-92.406,41.1692],[-92.4103,41.1692],[-92.4103,41.1837],[-92.4061,41.1837],[-92.4062,41.1909],[-92.3631,41.1911],[-92.3632,41.1947],[-92.3536,41.1947],[-92.3538,41.2056],[-92.373,41.2055],[-92.373,41.2092],[-92.359,41.2093],[-92.3592,41.2127],[-92.3681,41.2128],[-92.3682,41.22],[-92.373,41.2199],[-92.373,41.2236],[-92.3777,41.2236],[-92.3776,41.2254],[-92.3824,41.2254],[-92.3823,41.2344],[-92.3634,41.2345],[-92.3634,41.2304],[-92.3536,41.2309],[-92.3537,41.2382],[-92.3584,41.2381],[-92.3583,41.2418],[-92.3537,41.2418],[-92.3537,41.262],[-92.3421,41.2646],[-92.3243,41.2646],[-92.3212,41.2618],[-92.3233,41.2593],[-92.3186,41.2576],[-92.3199,41.2558],[-92.3158,41.2499],[-92.3177,41.2484],[-92.315,41.2454],[-92.3119,41.2455],[-92.3133,41.2476],[-92.3112,41.2483],[-92.3067,41.2458],[-92.3039,41.2462],[-92.3032,41.2449],[-92.301,41.2448],[-92.3013,41.2435],[-92.3052,41.2434],[-92.3057,41.2423],[-92.3043,41.2408],[-92.3045,41.2385],[-92.2986,41.2391],[-92.3007,41.2351],[-92.2994,41.234],[-92.2926,41.2362],[-92.2874,41.2326],[-92.281,41.2388],[-92.2785,41.2371],[-92.2762,41.2387],[-92.2742,41.2383],[-92.2727,41.24],[-92.2712,41.2387],[-92.2683,41.2401],[-92.2637,41.2393],[-92.2578,41.2408],[-92.2574,41.242],[-92.2613,41.2444],[-92.2619,41.2468],[-92.253,41.2473],[-92.2496,41.245],[-92.246,41.2478],[-92.2428,41.2437],[-92.244,41.2409],[-92.2395,41.2403],[-92.2381,41.2413],[-92.2383,41.2428],[-92.2352,41.2427],[-92.234,41.2416],[-92.235,41.2393],[-92.2331,41.2375],[-92.2253,41.2341],[-92.2111,41.2358],[-92.2109,41.233],[-92.2086,41.2301],[-92.2088,41.233],[-92.2074,41.2341],[-92.2064,41.2338],[-92.2067,41.2317],[-92.2041,41.231],[-92.2031,41.2318],[-92.2038,41.235],[-92.2022,41.2356],[-92.1995,41.2342],[-92.1988,41.2368],[-92.1967,41.2363],[-92.1974,41.2345],[-92.1956,41.2332],[-92.194,41.2333],[-92.1927,41.2353],[-92.1903,41.2342],[-92.1834,41.2393],[-92.1781,41.2404],[-92.1752,41.2432],[-92.1724,41.2435],[-92.1709,41.2459],[-92.1647,41.2476],[-92.1609,41.2481],[-92.1619,41.2447],[-92.1582,41.2478],[-92.1578,41.2455],[-92.1596,41.2444],[-92.1587,41.2436],[-92.1562,41.244],[-92.1543,41.2461],[-92.1532,41.2449],[-92.1536,41.2429],[-92.1523,41.2422],[-92.1498,41.244],[-92.15,41.2507],[-92.126,41.2507],[-92.1262,41.258],[-92.1167,41.258],[-92.1168,41.2617],[-92.1144,41.2617],[-92.1141,41.258],[-92.1022,41.258],[-92.1023,41.2616],[-92.1071,41.2616],[-92.1071,41.2654],[-92.1119,41.2654],[-92.1111,41.2876],[-92.1091,41.2851],[-92.106,41.2854],[-92.1064,41.2828],[-92.1036,41.2839],[-92.0996,41.2835],[-92.1014,41.2819],[-92.1,41.2787],[-92.0955,41.2782],[-92.0887,41.2798],[-92.0896,41.2774],[-92.0887,41.2767],[-92.0861,41.2792],[-92.0833,41.2793],[-92.0834,41.2813]]]}},{"type":"Feature","properties":{"leaid":"1915660","name":"Keota Community School District","kind":"Unified","gradeLow":"PK","gradeHigh":"12","state":"IA"},"geometry":{"type":"Polygon","coordinates":[[[-91.8686,41.3413],[-91.8677,41.29],[-91.8685,41.29],[-91.8687,41.2563],[-91.8696,41.2558],[-91.8687,41.2558],[-91.8687,41.2535],[-91.8784,41.2539],[-91.8784,41.2651],[-91.9075,41.2654],[-91.9073,41.2545],[-91.9025,41.2544],[-91.9026,41.2507],[-91.9073,41.2508],[-91.9069,41.2282],[-91.9118,41.2284],[-91.9119,41.2319],[-91.9218,41.2322],[-91.9218,41.2358],[-91.9447,41.2363],[-91.9451,41.2514],[-92.0315,41.2512],[-92.0317,41.253],[-92.0342,41.2526],[-92.0352,41.2539],[-92.0467,41.2568],[-92.0439,41.2594],[-92.0474,41.259],[-92.0477,41.2624],[-92.0495,41.2607],[-92.0508,41.2609],[-92.0508,41.2727],[-92.0589,41.2725],[-92.0598,41.2686],[-92.062,41.2691],[-92.0614,41.2716],[-92.0624,41.2727],[-92.0653,41.269],[-92.0661,41.2712],[-92.0734,41.2706],[-92.0763,41.2721],[-92.0775,41.2739],[-92.0826,41.2762],[-92.078,41.2813],[-92.0834,41.2813],[-92.0835,41.2872],[-92.0639,41.287],[-92.064,41.2942],[-92.0688,41.2943],[-92.0689,41.2979],[-92.0737,41.298],[-92.0737,41.3049],[-92.064,41.3051],[-92.0644,41.3806],[-92.0837,41.3808],[-92.0836,41.4209],[-92.0646,41.4207],[-92.0646,41.4243],[-92.035,41.4244],[-92.0353,41.4173],[-92.0243,41.4173],[-92.0242,41.4244],[-92.0139,41.4244],[-92.014,41.4317],[-92.0044,41.4317],[-92.004,41.4245],[-91.9852,41.4245],[-91.985,41.4536],[-91.9462,41.4538],[-91.9461,41.4611],[-91.9124,41.4613],[-91.9125,41.4541],[-91.9076,41.4541],[-91.9077,41.4247],[-91.8593,41.4241],[-91.8593,41.4207],[-91.8495,41.4206],[-91.8495,41.4024],[-91.8593,41.4024],[-91.8592,41.3952],[-91.8349,41.3946],[-91.8349,41.391],[-91.8398,41.3911],[-91.8398,41.3656],[-91.8687,41.366],[-91.8686,41.3429],[-91.8672,41.3429],[-91.8672,41.3413],[-91.8686,41.3413]]]}},{"type":"Feature","properties":{"leaid":"1900006","name":"North Fayette Valley Community School District","kind":"Unified","gradeLow":"PK","gradeHigh":"12","state":"IA"},"geometry":{"type":"Polygon","coordinates":[[[-91.4986,42.9493],[-91.5034,42.9492],[-91.5033,42.9296],[-91.502,42.9287],[-91.5021,42.9244],[-91.5051,42.9195],[-91.5033,42.9185],[-91.5035,42.9116],[-91.4934,42.9057],[-91.5476,42.9059],[-91.5476,42.9097],[-91.5526,42.9097],[-91.5524,42.9023],[-91.5475,42.9023],[-91.5472,42.8806],[-91.567,42.8805],[-91.5671,42.8913],[-91.5698,42.8916],[-91.5737,42.8914],[-91.5738,42.8805],[-91.5771,42.8804],[-91.577,42.8767],[-91.5572,42.8768],[-91.5572,42.862],[-91.577,42.8623],[-91.577,42.8695],[-91.5967,42.8695],[-91.5967,42.8658],[-91.5918,42.8658],[-91.5917,42.8622],[-91.5868,42.8622],[-91.5868,42.855],[-91.5966,42.855],[-91.5967,42.8368],[-91.6071,42.8368],[-91.6065,42.8189],[-91.6076,42.8149],[-91.6223,42.8147],[-91.6223,42.8111],[-91.6272,42.811],[-91.6274,42.8037],[-91.6176,42.8038],[-91.6176,42.8002],[-91.6373,42.8],[-91.6372,42.8037],[-91.6323,42.8038],[-91.6323,42.8074],[-91.6372,42.8073],[-91.6372,42.8091],[-91.6421,42.8091],[-91.6421,42.8109],[-91.6446,42.8108],[-91.6446,42.8072],[-91.6519,42.807],[-91.6519,42.8034],[-91.6617,42.8032],[-91.6618,42.8105],[-91.6667,42.8104],[-91.6674,42.8066],[-91.6909,42.8061],[-91.691,42.8097],[-91.6959,42.8097],[-91.6958,42.8065],[-91.726,42.8064],[-91.7261,42.8027],[-91.7656,42.8029],[-91.7657,42.8102],[-91.7706,42.8102],[-91.7708,42.8177],[-91.7843,42.8178],[-91.7854,42.8183],[-91.7854,42.8215],[-91.7904,42.8219],[-91.79,42.8249],[-91.7955,42.8253],[-91.7958,42.818],[-91.8004,42.818],[-91.8002,42.8106],[-91.8151,42.8107],[-91.815,42.8071],[-91.8251,42.8072],[-91.8251,42.8112],[-91.8394,42.811],[-91.8403,42.8133],[-91.8446,42.8129],[-91.8451,42.8541],[-91.8351,42.8541],[-91.8351,42.8795],[-91.8449,42.8796],[-91.8449,42.8833],[-91.889,42.8834],[-91.8891,42.8906],[-91.8941,42.8906],[-91.8942,42.9005],[-91.8991,42.9005],[-91.8991,42.9064],[-91.9634,42.9067],[-91.9635,42.8912],[-91.9834,42.8911],[-91.9833,42.9067],[-92.0029,42.9067],[-92.0028,42.9357],[-92.0177,42.9358],[-92.0177,42.9213],[-92.0226,42.9213],[-92.0227,42.9503],[-92.0322,42.9503],[-92.0324,42.9574],[-92.0425,42.9577],[-92.0425,42.9538],[-92.0475,42.9537],[-92.0474,42.9576],[-92.0574,42.9575],[-92.0574,42.9503],[-92.0815,42.9505],[-92.0815,42.9756],[-92.0786,42.9755],[-92.0785,42.9796],[-92.0815,42.9797],[-92.0812,43.0233],[-92.077,43.0233],[-92.077,43.0269],[-92.0721,43.0269],[-92.0721,43.0307],[-92.0667,43.0304],[-92.0669,43.0267],[-92.062,43.0267],[-92.0623,43.0306],[-92.0525,43.0307],[-92.0525,43.0232],[-92.0426,43.0232],[-92.0427,43.0087],[-92.0227,43.0087],[-92.0227,43.0159],[-91.9928,43.0159],[-91.9929,43.0086],[-91.983,43.0086],[-91.983,43.0012],[-91.9735,43.0014],[-91.973,43.0051],[-91.9632,43.0051],[-91.9632,43.0162],[-91.9577,43.0158],[-91.9586,43.0128],[-91.9564,43.0093],[-91.928,43.0087],[-91.9284,43.0106],[-91.9352,43.0159],[-91.9036,43.0159],[-91.9036,43.0225],[-91.8915,43.0226],[-91.8915,43.0189],[-91.8872,43.0194],[-91.8816,43.0166],[-91.8816,43.0223],[-91.884,43.0223],[-91.8843,43.0335],[-91.8793,43.0334],[-91.8792,43.0296],[-91.8757,43.0296],[-91.874,43.0302],[-91.874,43.0337],[-91.8694,43.0335],[-91.8693,43.0372],[-91.8643,43.0369],[-91.8641,43.0444],[-91.869,43.0445],[-91.8691,43.05],[-91.8691,43.0516],[-91.8641,43.0516],[-91.8643,43.0588],[-91.8693,43.0589],[-91.8693,43.066],[-91.8546,43.0661],[-91.8544,43.0819],[-91.6502,43.0818],[-91.65,43.0582],[-91.6401,43.0582],[-91.6401,43.0547],[-91.6204,43.0547],[-91.6204,43.0437],[-91.6055,43.0438],[-91.6055,43.0475],[-91.5976,43.0475],[-91.5975,43.0366],[-91.5926,43.0366],[-91.5926,43.033],[-91.5876,43.0331],[-91.5876,43.0294],[-91.5779,43.0295],[-91.5778,43.0367],[-91.5533,43.0366],[-91.5534,43.0293],[-91.5681,43.0295],[-91.568,43.0003],[-91.5583,43.0003],[-91.5583,42.9931],[-91.5484,42.9931],[-91.5483,42.9855],[-91.5286,42.9855],[-91.5283,42.9709],[-91.5134,42.9708],[-91.5133,42.9673],[-91.5035,42.9672],[-91.5034,42.9565],[-91.4986,42.9566],[-91.4986,42.9493]]]}},{"type":"Feature","properties":{"leaid":"1926790","name":"South Winneshiek Community School District","kind":"Unified","gradeLow":"PK","gradeHigh":"12","state":"IA"},"geometry":{"type":"Polygon","coordinates":[[[-91.9627,43.2917],[-91.9431,43.2916],[-91.9428,43.2735],[-91.953,43.2736],[-91.953,43.2626],[-91.943,43.2626],[-91.9432,43.2553],[-91.9133,43.2553],[-91.9129,43.2697],[-91.9029,43.2697],[-91.903,43.277],[-91.923,43.2769],[-91.9231,43.2842],[-91.933,43.2841],[-91.9331,43.2915],[-91.9232,43.2914],[-91.9232,43.2887],[-91.908,43.2879],[-91.908,43.2843],[-91.9032,43.2844],[-91.9031,43.2807],[-91.8982,43.2806],[-91.8981,43.277],[-91.8831,43.277],[-91.8831,43.2752],[-91.8734,43.2753],[-91.8735,43.2845],[-91.8686,43.2845],[-91.8685,43.2771],[-91.8587,43.2771],[-91.8587,43.2735],[-91.8539,43.2735],[-91.8539,43.2698],[-91.8637,43.2699],[-91.8637,43.2627],[-91.8587,43.2625],[-91.8587,43.259],[-91.8438,43.2589],[-91.8438,43.2552],[-91.8283,43.2553],[-91.8279,43.2626],[-91.818,43.2626],[-91.8184,43.2553],[-91.8134,43.2553],[-91.8134,43.2485],[-91.8086,43.2485],[-91.808,43.252],[-91.8034,43.2521],[-91.8036,43.2413],[-91.7986,43.2413],[-91.7986,43.2449],[-91.7786,43.245],[-91.7787,43.2377],[-91.7845,43.2378],[-91.7831,43.2414],[-91.7935,43.2413],[-91.7937,43.2341],[-91.7868,43.2341],[-91.7875,43.2316],[-91.7906,43.2307],[-91.7899,43.2292],[-91.7936,43.2277],[-91.7937,43.2232],[-91.7812,43.2233],[-91.7812,43.2267],[-91.7762,43.2268],[-91.7762,43.225],[-91.7737,43.2258],[-91.7638,43.215],[-91.7641,43.2041],[-91.7539,43.2024],[-91.7539,43.2088],[-91.7437,43.2087],[-91.7438,43.216],[-91.7488,43.216],[-91.7488,43.214],[-91.7531,43.216],[-91.7581,43.216],[-91.7612,43.2232],[-91.7638,43.2234],[-91.7637,43.2269],[-91.7736,43.2268],[-91.7737,43.2305],[-91.7638,43.2305],[-91.7638,43.2324],[-91.7538,43.2323],[-91.7539,43.2269],[-91.7439,43.2268],[-91.7439,43.2197],[-91.7389,43.2196],[-91.7388,43.216],[-91.7236,43.2159],[-91.7237,43.2051],[-91.6937,43.2051],[-91.6937,43.2015],[-91.7037,43.2016],[-91.7037,43.1979],[-91.6937,43.1978],[-91.6935,43.1906],[-91.6886,43.1906],[-91.6888,43.1978],[-91.6788,43.1978],[-91.6787,43.1923],[-91.6864,43.1922],[-91.686,43.1869],[-91.6885,43.187],[-91.6884,43.1833],[-91.6834,43.1832],[-91.6836,43.1905],[-91.6737,43.1906],[-91.6737,43.1832],[-91.6587,43.1833],[-91.6587,43.1742],[-91.6637,43.1742],[-91.6636,43.1726],[-91.6587,43.1724],[-91.6587,43.1688],[-91.6438,43.1687],[-91.6441,43.158],[-91.6343,43.1578],[-91.6344,43.1565],[-91.6312,43.1564],[-91.6312,43.1578],[-91.6282,43.1578],[-91.6288,43.1614],[-91.6342,43.1619],[-91.634,43.1686],[-91.6265,43.1685],[-91.6266,43.165],[-91.6192,43.165],[-91.6195,43.1614],[-91.6144,43.1614],[-91.6145,43.1595],[-91.6095,43.1595],[-91.6094,43.165],[-91.6045,43.1649],[-91.6046,43.1541],[-91.6147,43.1541],[-91.6146,43.1577],[-91.6196,43.1578],[-91.6196,43.1541],[-91.6246,43.1541],[-91.6247,43.147],[-91.6303,43.1492],[-91.6358,43.1492],[-91.6358,43.147],[-91.6444,43.1471],[-91.6443,43.1507],[-91.6542,43.1506],[-91.6547,43.1325],[-91.6523,43.1326],[-91.6521,43.1398],[-91.6446,43.1399],[-91.6448,43.129],[-91.6546,43.129],[-91.6547,43.1217],[-91.6399,43.1218],[-91.6399,43.1181],[-91.6449,43.1181],[-91.6449,43.1144],[-91.6597,43.1145],[-91.6597,43.1109],[-91.6697,43.1108],[-91.6696,43.118],[-91.6746,43.118],[-91.6744,43.1252],[-91.6844,43.1252],[-91.6845,43.1179],[-91.6893,43.118],[-91.69,43.127],[-91.6941,43.127],[-91.6941,43.1288],[-91.7137,43.1289],[-91.7139,43.118],[-91.7041,43.118],[-91.7042,43.1144],[-91.6943,43.1143],[-91.6944,43.1059],[-91.6846,43.1059],[-91.6845,43.1035],[-91.6795,43.1035],[-91.6796,43.0999],[-91.6845,43.0999],[-91.6844,43.0926],[-91.6944,43.0926],[-91.6946,43.0818],[-91.9039,43.0822],[-91.9037,43.1257],[-91.9136,43.1259],[-91.9136,43.134],[-91.9136,43.1477],[-91.9087,43.1476],[-91.9087,43.1511],[-91.9037,43.1511],[-91.904,43.1688],[-92.0812,43.1692],[-92.081,43.1984],[-92.0627,43.1983],[-92.0623,43.2129],[-92.0624,43.2275],[-92.0809,43.2276],[-92.081,43.2421],[-92.0705,43.242],[-92.0707,43.2494],[-92.0476,43.2492],[-92.0476,43.2419],[-92.0425,43.2419],[-92.0425,43.2456],[-92.0326,43.2455],[-92.0326,43.2419],[-92.0376,43.2419],[-92.0376,43.2382],[-92.0425,43.2383],[-92.0426,43.2346],[-92.0227,43.2346],[-92.0227,43.2418],[-92.0308,43.2418],[-92.0308,43.2455],[-92.0227,43.2455],[-92.0227,43.2555],[-92.0276,43.2555],[-92.0276,43.2592],[-92.0326,43.2592],[-92.0325,43.2628],[-92.0177,43.2627],[-92.0177,43.2573],[-92.0129,43.2573],[-92.0129,43.2555],[-92.0027,43.2555],[-92.0027,43.2509],[-92.0052,43.251],[-92.0052,43.2491],[-92.0129,43.2491],[-92.0127,43.2346],[-92.0027,43.2346],[-92.0027,43.2383],[-91.997,43.2382],[-91.997,43.2419],[-91.9944,43.2419],[-91.9877,43.2418],[-91.9877,43.2381],[-91.9827,43.2381],[-91.9828,43.2346],[-91.9754,43.2345],[-91.9753,43.2381],[-91.9778,43.2381],[-91.9778,43.2417],[-91.9826,43.2418],[-91.9827,43.2436],[-91.9927,43.2437],[-91.9928,43.2491],[-91.9827,43.249],[-91.9828,43.2554],[-91.9679,43.2554],[-91.9679,43.259],[-91.9778,43.259],[-91.9778,43.2626],[-91.9728,43.2626],[-91.9729,43.2805],[-91.976,43.2844],[-91.9628,43.2845],[-91.9627,43.2917]]]}},{"type":"Feature","properties":{"leaid":"1928110","name":"Turkey Valley Community School District","kind":"Unified","gradeLow":"PK","gradeHigh":"12","state":"IA"},"geometry":{"type":"Polygon","coordinates":[[[-92.1607,43.1409],[-92.1805,43.1409],[-92.1805,43.1554],[-92.2043,43.1556],[-92.2036,43.1629],[-92.2143,43.1639],[-92.2142,43.1666],[-92.2192,43.1667],[-92.2191,43.1692],[-92.2091,43.1692],[-92.209,43.1838],[-92.1907,43.1838],[-92.1906,43.1767],[-92.1707,43.1765],[-92.1707,43.1728],[-92.1807,43.1728],[-92.1807,43.1692],[-92.1906,43.1692],[-92.1905,43.1628],[-92.1855,43.1628],[-92.1855,43.1664],[-92.1711,43.1663],[-92.1711,43.163],[-92.166,43.1625],[-92.1659,43.1594],[-92.1608,43.1589],[-92.1607,43.1555],[-92.1508,43.1553],[-92.1508,43.1664],[-92.1409,43.1664],[-92.141,43.1766],[-92.1211,43.1766],[-92.1211,43.1783],[-92.1161,43.1783],[-92.1162,43.1838],[-92.1311,43.1838],[-92.1311,43.1986],[-92.1411,43.1984],[-92.141,43.213],[-92.121,43.2131],[-92.1209,43.2277],[-92.0624,43.2275],[-92.0627,43.1983],[-92.081,43.1984],[-92.0812,43.1692],[-91.904,43.1688],[-91.9037,43.1511],[-91.9087,43.1511],[-91.9087,43.1476],[-91.9136,43.1477],[-91.9136,43.134],[-91.9136,43.1259],[-91.9037,43.1257],[-91.9039,43.0822],[-91.8544,43.0819],[-91.8546,43.0661],[-91.8693,43.066],[-91.8693,43.0589],[-91.8643,43.0588],[-91.8641,43.0516],[-91.8691,43.0516],[-91.8691,43.05],[-91.869,43.0445],[-91.8641,43.0444],[-91.8643,43.0369],[-91.8693,43.0372],[-91.8694,43.0335],[-91.874,43.0337],[-91.874,43.0302],[-91.8757,43.0296],[-91.8792,43.0296],[-91.8793,43.0334],[-91.8843,43.0335],[-91.884,43.0223],[-91.8816,43.0223],[-91.8816,43.0166],[-91.8872,43.0194],[-91.8915,43.0189],[-91.8915,43.0226],[-91.9036,43.0225],[-91.9036,43.0159],[-91.9352,43.0159],[-91.9284,43.0106],[-91.928,43.0087],[-91.9564,43.0093],[-91.9586,43.0128],[-91.9577,43.0158],[-91.9632,43.0162],[-91.9632,43.0051],[-91.973,43.0051],[-91.9735,43.0014],[-91.983,43.0012],[-91.983,43.0086],[-91.9929,43.0086],[-91.9928,43.0159],[-92.0227,43.0159],[-92.0227,43.0087],[-92.0427,43.0087],[-92.0426,43.0232],[-92.0525,43.0232],[-92.0525,43.0307],[-92.0623,43.0306],[-92.062,43.0267],[-92.0669,43.0267],[-92.0667,43.0304],[-92.1013,43.0304],[-92.1013,43.0377],[-92.1111,43.0377],[-92.1115,43.0414],[-92.1178,43.0413],[-92.1178,43.0377],[-92.126,43.0377],[-92.1261,43.0304],[-92.1112,43.0305],[-92.1112,43.0232],[-92.1709,43.0232],[-92.1707,43.0303],[-92.1992,43.0303],[-92.1992,43.0376],[-92.1706,43.0377],[-92.1707,43.0449],[-92.1906,43.0448],[-92.1906,43.0522],[-92.1803,43.0522],[-92.181,43.0632],[-92.1856,43.0633],[-92.1857,43.0595],[-92.1956,43.0595],[-92.1956,43.0522],[-92.2043,43.0523],[-92.2042,43.0595],[-92.1993,43.0595],[-92.1992,43.0828],[-92.2092,43.0828],[-92.2091,43.0903],[-92.2189,43.0906],[-92.2189,43.1122],[-92.2091,43.112],[-92.2091,43.1011],[-92.1992,43.101],[-92.1992,43.1119],[-92.2042,43.112],[-92.2042,43.1193],[-92.1993,43.1192],[-92.1992,43.1267],[-92.1905,43.1266],[-92.1906,43.1194],[-92.1809,43.1193],[-92.1806,43.1155],[-92.1658,43.1154],[-92.1657,43.1227],[-92.1608,43.1227],[-92.1608,43.1263],[-92.1706,43.1265],[-92.1706,43.1227],[-92.1802,43.1228],[-92.1804,43.1336],[-92.1607,43.1337],[-92.1607,43.1409]],[[-92.1607,43.1409],[-92.1529,43.1409],[-92.1508,43.1409],[-92.1506,43.1482],[-92.1607,43.1482],[-92.1607,43.1409]]]}},{"type":"Feature","properties":{"leaid":"1906960","name":"Central Lyon Community School District","kind":"Unified","gradeLow":"PK","gradeHigh":"12","state":"IA"},"geometry":{"type":"Polygon","coordinates":[[[-96.2737,43.5003],[-95.9783,43.5001],[-95.9782,43.4906],[-95.9982,43.4907],[-95.9981,43.4762],[-96.0181,43.4763],[-96.0181,43.4618],[-95.9981,43.4617],[-95.9982,43.4327],[-96.038,43.4328],[-96.0379,43.4147],[-96.0478,43.4148],[-96.0478,43.4112],[-96.0577,43.4112],[-96.0577,43.3894],[-96.0964,43.3895],[-96.0966,43.3533],[-96.1163,43.3534],[-96.1178,43.2792],[-96.1577,43.2791],[-96.1579,43.2646],[-96.1679,43.2646],[-96.1679,43.2574],[-96.2658,43.2574],[-96.2659,43.272],[-96.2758,43.272],[-96.2758,43.2864],[-96.2957,43.2867],[-96.2951,43.3011],[-96.2753,43.3009],[-96.2751,43.3082],[-96.2554,43.3081],[-96.2545,43.33],[-96.2346,43.3301],[-96.2342,43.3753],[-96.2541,43.3753],[-96.2541,43.3898],[-96.2738,43.3897],[-96.2737,43.5003]]]}},{"type":"Feature","properties":{"leaid":"1903850","name":"North Union Community School District","kind":"Unified","gradeLow":"PK","gradeHigh":"12","state":"IA"},"geometry":{"type":"Polygon","coordinates":[[[-94.566,43.5006],[-94.3947,43.5003],[-94.3942,43.4883],[-94.4142,43.4882],[-94.4149,43.4839],[-94.4127,43.481],[-94.4141,43.481],[-94.4136,43.4141],[-94.4037,43.4142],[-94.4036,43.3708],[-94.3839,43.3709],[-94.3838,43.3637],[-94.3641,43.3638],[-94.364,43.3565],[-94.374,43.3565],[-94.374,43.3494],[-94.3641,43.3494],[-94.3641,43.3421],[-94.3344,43.342],[-94.3346,43.3345],[-94.3296,43.3344],[-94.3295,43.3381],[-94.3246,43.3381],[-94.3247,43.3272],[-94.3156,43.3272],[-94.3156,43.3198],[-94.3056,43.3198],[-94.3055,43.298],[-94.2856,43.2982],[-94.2856,43.291],[-94.2957,43.2909],[-94.2959,43.2835],[-94.3058,43.2836],[-94.3054,43.262],[-94.2856,43.262],[-94.2857,43.2547],[-94.2658,43.2548],[-94.2662,43.2481],[-94.276,43.248],[-94.2767,43.19],[-94.2863,43.1901],[-94.286,43.156],[-94.2958,43.1563],[-94.296,43.1413],[-94.3157,43.1409],[-94.3156,43.1338],[-94.3244,43.1334],[-94.3738,43.134],[-94.3738,43.1412],[-94.3837,43.1412],[-94.3837,43.1267],[-94.3936,43.1268],[-94.3938,43.1147],[-94.3937,43.1124],[-94.3838,43.1123],[-94.3838,43.0907],[-94.3987,43.0907],[-94.3983,43.0831],[-94.4426,43.0829],[-94.4427,43.1551],[-94.4528,43.1553],[-94.4529,43.1409],[-94.4677,43.141],[-94.4678,43.1482],[-94.4727,43.1482],[-94.4728,43.1555],[-94.4627,43.1554],[-94.4625,43.1627],[-94.4725,43.1628],[-94.4723,43.1977],[-94.5117,43.1983],[-94.5116,43.191],[-94.5215,43.1911],[-94.5215,43.1984],[-94.5509,43.1981],[-94.551,43.2126],[-94.5606,43.2125],[-94.5605,43.2197],[-94.5591,43.2197],[-94.5591,43.2209],[-94.5605,43.2209],[-94.5604,43.2272],[-94.5753,43.2271],[-94.5754,43.2197],[-94.59,43.2196],[-94.5903,43.2554],[-94.5999,43.2553],[-94.5999,43.2697],[-94.6199,43.2697],[-94.6198,43.2627],[-94.63,43.2625],[-94.6299,43.2842],[-94.6597,43.2842],[-94.6593,43.2984],[-94.6695,43.2985],[-94.6695,43.3131],[-94.6498,43.313],[-94.6497,43.3275],[-94.6397,43.3275],[-94.6397,43.342],[-94.6199,43.3419],[-94.6201,43.3638],[-94.6402,43.3637],[-94.6401,43.36],[-94.6432,43.36],[-94.6449,43.3621],[-94.6483,43.3631],[-94.6485,43.3649],[-94.6498,43.3643],[-94.6496,43.3709],[-94.6596,43.3708],[-94.66,43.3923],[-94.641,43.3924],[-94.6403,43.4306],[-94.5807,43.4306],[-94.5803,43.4596],[-94.5608,43.4596],[-94.5608,43.4741],[-94.6002,43.474],[-94.6003,43.4811],[-94.6104,43.4812],[-94.6102,43.4895],[-94.6016,43.4894],[-94.593,43.491],[-94.5817,43.4899],[-94.5707,43.4986],[-94.566,43.5006]]]}},{"type":"Feature","properties":{"leaid":"1915450","name":"Johnston Community School District","kind":"Unified","gradeLow":"PK","gradeHigh":"12","state":"IA"},"geometry":{"type":"Polygon","coordinates":[[[-93.7561,41.7768],[-93.7526,41.7706],[-93.7502,41.7699],[-93.7502,41.7652],[-93.7457,41.7561],[-93.7337,41.7502],[-93.7273,41.7504],[-93.7245,41.7463],[-93.7213,41.7479],[-93.7204,41.7531],[-93.7165,41.7534],[-93.7142,41.7521],[-93.7112,41.7487],[-93.7088,41.7419],[-93.7152,41.7401],[-93.7137,41.7365],[-93.7034,41.7294],[-93.6897,41.7225],[-93.6899,41.7198],[-93.6933,41.7156],[-93.6924,41.712],[-93.6884,41.7117],[-93.6814,41.7138],[-93.6787,41.7127],[-93.6775,41.7062],[-93.6747,41.7029],[-93.6744,41.6988],[-93.6756,41.695],[-93.6809,41.6936],[-93.6814,41.6924],[-93.678,41.6899],[-93.6789,41.6885],[-93.6778,41.6885],[-93.6796,41.6873],[-93.6791,41.6861],[-93.67,41.6819],[-93.6674,41.678],[-93.6693,41.6723],[-93.6666,41.6664],[-93.6706,41.6629],[-93.6647,41.6579],[-93.6674,41.6521],[-93.6662,41.648],[-93.6648,41.6465],[-93.6523,41.6436],[-93.6484,41.6415],[-93.6406,41.6409],[-93.6419,41.6368],[-93.6586,41.637],[-93.6588,41.6405],[-93.6603,41.6405],[-93.6636,41.6453],[-93.6636,41.6438],[-93.674,41.6446],[-93.6734,41.6386],[-93.6767,41.6386],[-93.6769,41.6368],[-93.6781,41.6368],[-93.6977,41.6367],[-93.6976,41.6439],[-93.7752,41.644],[-93.775,41.7103],[-93.7897,41.7102],[-93.7898,41.7139],[-93.8044,41.7138],[-93.8044,41.7102],[-93.8145,41.7102],[-93.8146,41.7319],[-93.7948,41.7321],[-93.7948,41.743],[-93.7755,41.743],[-93.7755,41.7539],[-93.7705,41.7539],[-93.7705,41.7631],[-93.7657,41.7625],[-93.7654,41.7685],[-93.775,41.7685],[-93.7748,41.7769],[-93.7561,41.7768]]]}},{"type":"Feature","properties":{"leaid":"1900040","name":"East Marshall Community School District","kind":"Unified","gradeLow":"PK","gradeHigh":"12","state":"IA"},"geometry":{"type":"Polygon","coordinates":[[[-92.7323,42.0351],[-92.7317,42.0208],[-92.7366,42.0208],[-92.7367,42.0062],[-92.7414,42.0063],[-92.7418,41.9821],[-92.756,41.9818],[-92.7562,41.9712],[-92.7609,41.9711],[-92.761,41.9636],[-92.7561,41.9636],[-92.7562,41.9493],[-92.7368,41.9493],[-92.7372,41.9425],[-92.7177,41.9426],[-92.7182,41.9354],[-92.7231,41.9353],[-92.7228,41.928],[-92.7179,41.9281],[-92.7177,41.9062],[-92.6884,41.9064],[-92.6885,41.8623],[-92.7274,41.8624],[-92.7275,41.8416],[-92.766,41.8413],[-92.7665,41.8558],[-92.7854,41.8557],[-92.7854,41.8449],[-92.7953,41.8449],[-92.7953,41.8486],[-92.8051,41.8485],[-92.8052,41.8451],[-92.8148,41.8451],[-92.8148,41.8377],[-92.8245,41.8377],[-92.8245,41.8413],[-92.8344,41.8413],[-92.8344,41.8377],[-92.8441,41.8378],[-92.8441,41.8341],[-92.8634,41.8342],[-92.8635,41.8306],[-92.8731,41.8307],[-92.8731,41.827],[-92.9125,41.8271],[-92.9127,41.8125],[-92.9225,41.8126],[-92.9225,41.8197],[-92.9418,41.8197],[-92.9417,41.8053],[-92.9441,41.8053],[-92.9608,41.8054],[-92.9609,41.8089],[-92.9757,41.8089],[-92.9758,41.8344],[-92.9809,41.8344],[-92.9807,41.8417],[-92.9904,41.8417],[-92.9902,41.849],[-93.0,41.849],[-92.9998,41.8625],[-93.0192,41.8625],[-93.0192,41.8844],[-93.0095,41.8843],[-93.0095,41.8916],[-92.99,41.8915],[-92.9903,41.9205],[-92.981,41.9204],[-92.9807,41.9168],[-92.9712,41.9168],[-92.9704,41.9062],[-92.9514,41.906],[-92.9512,41.9276],[-92.9463,41.9275],[-92.9458,41.9345],[-92.9312,41.9346],[-92.9315,41.9418],[-92.9217,41.942],[-92.9215,41.9348],[-92.9121,41.9348],[-92.9125,41.9559],[-92.9225,41.9551],[-92.9225,41.9631],[-92.912,41.964],[-92.9121,41.9711],[-92.9027,41.9713],[-92.9028,41.9676],[-92.8934,41.9676],[-92.8931,41.9639],[-92.8882,41.9638],[-92.8882,41.9711],[-92.8833,41.9709],[-92.8834,41.9924],[-92.9032,41.9927],[-92.903,42.0069],[-92.8835,42.0068],[-92.8839,42.0284],[-92.877,42.0284],[-92.8773,42.0209],[-92.8725,42.0207],[-92.8727,42.0172],[-92.8622,42.0173],[-92.8631,42.0348],[-92.8437,42.0349],[-92.8439,42.0494],[-92.8342,42.0495],[-92.8344,42.0531],[-92.8294,42.0531],[-92.8294,42.0495],[-92.8197,42.0495],[-92.8197,42.0531],[-92.8051,42.0531],[-92.8052,42.0567],[-92.7668,42.0569],[-92.7663,42.035],[-92.7323,42.0351]]]}},{"type":"Feature","properties":{"leaid":"1911070","name":"Estherville Lincoln Central Community School District","kind":"Unified","gradeLow":"PK","gradeHigh":"12","state":"IA"},"geometry":{"type":"Polygon","coordinates":[[[-94.9248,43.5009],[-94.5673,43.5004],[-94.5817,43.4899],[-94.593,43.491],[-94.6104,43.4891],[-94.6104,43.4812],[-94.6003,43.4811],[-94.6002,43.474],[-94.5608,43.4741],[-94.5608,43.4596],[-94.5803,43.4596],[-94.5807,43.4306],[-94.6403,43.4306],[-94.641,43.3924],[-94.66,43.3923],[-94.6596,43.3708],[-94.6496,43.3709],[-94.6498,43.3643],[-94.6485,43.3649],[-94.6483,43.3631],[-94.6449,43.3621],[-94.6432,43.36],[-94.6401,43.36],[-94.6402,43.3637],[-94.6201,43.3638],[-94.6199,43.3419],[-94.6397,43.342],[-94.6397,43.3275],[-94.6497,43.3275],[-94.6498,43.313],[-94.6695,43.3131],[-94.6695,43.2985],[-94.6739,43.2985],[-94.6738,43.2915],[-94.6786,43.2914],[-94.6784,43.3202],[-94.6983,43.3203],[-94.698,43.3023],[-94.703,43.3023],[-94.703,43.2988],[-94.7129,43.2987],[-94.7131,43.2914],[-94.7179,43.2914],[-94.7182,43.2841],[-94.7381,43.2842],[-94.7378,43.2913],[-94.7275,43.2912],[-94.7275,43.295],[-94.7328,43.295],[-94.7327,43.2988],[-94.7246,43.2986],[-94.7306,43.3027],[-94.7276,43.3059],[-94.7576,43.3062],[-94.7578,43.3126],[-94.7822,43.313],[-94.7822,43.2989],[-94.797,43.2986],[-94.7971,43.3059],[-94.8467,43.306],[-94.8465,43.2988],[-94.8565,43.2989],[-94.8566,43.3062],[-94.8666,43.3061],[-94.867,43.3279],[-94.866,43.3417],[-94.914,43.3415],[-94.914,43.3706],[-94.9339,43.3706],[-94.9342,43.3996],[-94.9639,43.3996],[-94.9636,43.4068],[-94.9539,43.407],[-94.9538,43.4141],[-94.9638,43.4141],[-94.9641,43.4263],[-94.9738,43.4262],[-94.9739,43.4305],[-94.9542,43.4305],[-94.9542,43.4334],[-94.9443,43.4316],[-94.9494,43.4332],[-94.9494,43.4378],[-94.9344,43.4378],[-94.9344,43.445],[-94.9244,43.4449],[-94.9248,43.5009]]]}},{"type":"Feature","properties":{"leaid":"1908130","name":"Corning Community School District","kind":"Unified","gradeLow":"PK","gradeHigh":"12","state":"IA"},"geometry":{"type":"Polygon","coordinates":[[[-94.8532,41.1585],[-94.6619,41.158],[-94.6617,41.1331],[-94.6519,41.1332],[-94.6509,41.115],[-94.6614,41.1151],[-94.6613,41.1077],[-94.6661,41.1078],[-94.666,41.1006],[-94.6706,41.1005],[-94.6707,41.0861],[-94.666,41.0861],[-94.666,41.0789],[-94.6707,41.0789],[-94.6707,41.0718],[-94.6611,41.0718],[-94.661,41.0688],[-94.6563,41.0688],[-94.6562,41.0652],[-94.6609,41.0652],[-94.6608,41.058],[-94.6798,41.0582],[-94.6799,41.0294],[-94.6846,41.0294],[-94.6846,41.0258],[-94.6704,41.0257],[-94.6703,41.0221],[-94.6798,41.0222],[-94.6798,41.0148],[-94.661,41.0148],[-94.661,41.0092],[-94.6338,41.0085],[-94.6324,41.0086],[-94.6324,41.0146],[-94.6234,41.0146],[-94.623,40.9859],[-94.6186,40.986],[-94.6188,40.9793],[-94.6094,40.9792],[-94.6095,40.9648],[-94.6238,40.9647],[-94.6238,40.9576],[-94.6333,40.9576],[-94.6332,40.9502],[-94.6381,40.9503],[-94.6381,40.9453],[-94.638,40.943],[-94.6333,40.943],[-94.6331,40.9213],[-94.6428,40.9214],[-94.6427,40.9181],[-94.6475,40.9178],[-94.6475,40.9214],[-94.6523,40.9214],[-94.6523,40.9178],[-94.657,40.9178],[-94.657,40.9069],[-94.6523,40.9069],[-94.6521,40.8997],[-94.6854,40.8998],[-94.6857,40.8962],[-94.681,40.8962],[-94.6815,40.8925],[-94.6952,40.8925],[-94.6954,40.8854],[-94.7094,40.8854],[-94.7092,40.8565],[-94.7121,40.8565],[-94.712,40.8492],[-94.7003,40.8492],[-94.7003,40.8347],[-94.7193,40.8348],[-94.7194,40.8312],[-94.7237,40.8312],[-94.7238,40.8336],[-94.729,40.8338],[-94.7291,40.8277],[-94.7194,40.8276],[-94.7194,40.824],[-94.7289,40.8241],[-94.7289,40.8168],[-94.7337,40.8168],[-94.7336,40.8132],[-94.7384,40.8132],[-94.7384,40.8253],[-94.7337,40.8242],[-94.7337,40.8263],[-94.7318,40.8263],[-94.7318,40.8277],[-94.7384,40.8273],[-94.7383,40.8422],[-94.7759,40.8421],[-94.7759,40.8346],[-94.7807,40.8346],[-94.7809,40.8276],[-94.7951,40.8278],[-94.7951,40.8351],[-94.7905,40.835],[-94.7905,40.8367],[-94.7983,40.8361],[-94.7983,40.8333],[-94.8047,40.8334],[-94.8047,40.8424],[-94.8289,40.8424],[-94.8289,40.846],[-94.8242,40.846],[-94.8242,40.8569],[-94.8289,40.8569],[-94.829,40.8604],[-94.829,40.8641],[-94.8242,40.8641],[-94.8243,40.8677],[-94.829,40.8678],[-94.8291,40.8714],[-94.8433,40.8714],[-94.8434,40.8749],[-94.8291,40.8748],[-94.8291,40.8786],[-94.8387,40.8786],[-94.8388,40.8859],[-94.8436,40.8859],[-94.8435,40.8931],[-94.8531,40.8931],[-94.853,40.9006],[-94.8577,40.9006],[-94.8577,40.9082],[-94.853,40.9078],[-94.8527,40.9187],[-94.8577,40.9187],[-94.8577,40.9224],[-94.8625,40.9224],[-94.8625,40.9297],[-94.8529,40.9296],[-94.853,40.9368],[-94.8506,40.9368],[-94.8506,40.9405],[-94.853,40.9405],[-94.8531,40.9441],[-94.8579,40.9441],[-94.8579,40.9478],[-94.8676,40.9479],[-94.8674,40.9586],[-94.8723,40.9586],[-94.8723,40.9515],[-94.8817,40.9515],[-94.8818,40.9695],[-94.8769,40.9695],[-94.8769,40.9804],[-94.8818,40.9804],[-94.8819,40.9865],[-94.8962,40.9866],[-94.8964,41.0011],[-94.9105,41.0013],[-94.9105,41.0125],[-94.9279,41.0085],[-94.9278,41.03],[-94.9104,41.0306],[-94.9104,41.0233],[-94.9176,41.0231],[-94.9176,41.0188],[-94.9248,41.018],[-94.9248,41.0162],[-94.9104,41.0159],[-94.9104,41.0195],[-94.901,41.0196],[-94.9009,41.0268],[-94.9056,41.0269],[-94.9057,41.0305],[-94.9008,41.0305],[-94.901,41.0342],[-94.92,41.0339],[-94.92,41.0411],[-94.9151,41.0413],[-94.9151,41.0504],[-94.9186,41.0503],[-94.9186,41.0521],[-94.9151,41.0523],[-94.915,41.0597],[-94.9102,41.0599],[-94.9101,41.0672],[-94.9277,41.066],[-94.9276,41.1015],[-94.92,41.1013],[-94.9199,41.1158],[-94.9104,41.1159],[-94.9104,41.1232],[-94.8912,41.123],[-94.8912,41.13],[-94.9198,41.1296],[-94.9205,41.1371],[-94.9177,41.1372],[-94.9177,41.144],[-94.9276,41.1446],[-94.9276,41.1517],[-94.9106,41.1514],[-94.9107,41.1584],[-94.9099,41.1585],[-94.8724,41.1584],[-94.8723,41.1521],[-94.8531,41.1528],[-94.8532,41.1585]]]}},{"type":"Feature","properties":{"leaid":"1919860","name":"Mount Ayr Community School District","kind":"Unified","gradeLow":"PK","gradeHigh":"12","state":"IA"},"geometry":{"type":"MultiPolygon","coordinates":[[[[-94.4713,40.6757],[-94.4713,40.6792],[-94.4809,40.6793],[-94.481,40.6902],[-94.4904,40.6902],[-94.4903,40.6975],[-94.4998,40.6975],[-94.4998,40.7048],[-94.5187,40.7048],[-94.5188,40.7191],[-94.4998,40.719],[-94.4999,40.712],[-94.4903,40.712],[-94.4904,40.7261],[-94.5094,40.7261],[-94.5095,40.7338],[-94.5095,40.7406],[-94.4808,40.7404],[-94.4808,40.744],[-94.4905,40.7439],[-94.4905,40.7549],[-94.4715,40.7548],[-94.4715,40.7619],[-94.4525,40.7619],[-94.4524,40.7583],[-94.4431,40.7583],[-94.4432,40.7619],[-94.4337,40.7619],[-94.4338,40.7654],[-94.4291,40.7655],[-94.429,40.7619],[-94.4243,40.7619],[-94.4242,40.7583],[-94.4194,40.7584],[-94.4193,40.7549],[-94.4241,40.7548],[-94.4241,40.7512],[-94.4194,40.7512],[-94.4194,40.753],[-94.4147,40.753],[-94.4147,40.7547],[-94.3957,40.7548],[-94.3957,40.7405],[-94.3861,40.7405],[-94.3862,40.7549],[-94.3768,40.7548],[-94.3771,40.7623],[-94.3666,40.7619],[-94.3677,40.7476],[-94.3719,40.7477],[-94.3719,40.744],[-94.3765,40.7443],[-94.3765,40.7404],[-94.3622,40.7404],[-94.3623,40.7368],[-94.3671,40.7368],[-94.3671,40.7332],[-94.3718,40.7332],[-94.3718,40.726],[-94.3743,40.726],[-94.3741,40.7225],[-94.3764,40.7225],[-94.3764,40.726],[-94.386,40.726],[-94.3858,40.7153],[-94.3763,40.7153],[-94.3764,40.7188],[-94.3575,40.7186],[-94.3576,40.7259],[-94.3645,40.726],[-94.3648,40.727],[-94.3647,40.7296],[-94.3576,40.7296],[-94.3577,40.744],[-94.3429,40.7441],[-94.3427,40.7369],[-94.338,40.7369],[-94.3381,40.7186],[-94.3287,40.7188],[-94.3287,40.7258],[-94.3144,40.7257],[-94.3144,40.7293],[-94.3191,40.7293],[-94.3191,40.733],[-94.3285,40.7331],[-94.3285,40.7403],[-94.3192,40.7402],[-94.3194,40.7384],[-94.3146,40.7387],[-94.3144,40.7402],[-94.3002,40.74],[-94.3002,40.7474],[-94.2814,40.7473],[-94.2812,40.7543],[-94.2905,40.7545],[-94.2904,40.7615],[-94.3338,40.7621],[-94.3335,40.7657],[-94.3001,40.7657],[-94.3001,40.7765],[-94.2955,40.7762],[-94.2955,40.7653],[-94.2811,40.7653],[-94.2811,40.7689],[-94.2767,40.7688],[-94.2765,40.7652],[-94.2671,40.7655],[-94.267,40.7688],[-94.2622,40.7687],[-94.2622,40.783],[-94.2762,40.7831],[-94.2764,40.7975],[-94.2719,40.7976],[-94.272,40.8118],[-94.2431,40.8115],[-94.2426,40.8585],[-94.2588,40.8587],[-94.2575,40.8622],[-94.2523,40.8622],[-94.2525,40.8656],[-94.2623,40.8659],[-94.2625,40.8694],[-94.2425,40.8693],[-94.2424,40.8904],[-94.2097,40.8908],[-94.2097,40.8873],[-94.2146,40.8874],[-94.2145,40.8837],[-94.1954,40.8837],[-94.1953,40.8909],[-94.1763,40.8908],[-94.1764,40.8943],[-94.1668,40.8943],[-94.1667,40.8836],[-94.1572,40.8835],[-94.1573,40.8907],[-94.1289,40.8906],[-94.1288,40.8975],[-94.0148,40.897],[-94.0153,40.7754],[-93.9664,40.7751],[-93.9663,40.7822],[-93.9709,40.7826],[-93.9716,40.7891],[-93.9664,40.7892],[-93.9664,40.7928],[-93.9757,40.7928],[-93.9759,40.8036],[-93.9713,40.8036],[-93.9715,40.8152],[-93.9574,40.8169],[-93.9572,40.8142],[-93.9621,40.8142],[-93.9619,40.8106],[-93.9667,40.8106],[-93.9667,40.7999],[-93.9571,40.8001],[-93.9572,40.7677],[-93.9761,40.7678],[-93.976,40.757],[-93.9855,40.7569],[-93.9855,40.7534],[-93.9949,40.7533],[-93.9951,40.746],[-94.0094,40.746],[-94.0095,40.7569],[-94.0154,40.757],[-94.0154,40.7247],[-94.0437,40.7248],[-94.0437,40.7179],[-94.0154,40.7177],[-94.0153,40.6963],[-94.0051,40.6962],[-94.0049,40.689],[-94.0097,40.689],[-94.0094,40.6673],[-94.025,40.6673],[-94.025,40.6818],[-94.0154,40.6818],[-94.0153,40.6927],[-94.0248,40.6926],[-94.0248,40.689],[-94.0343,40.6889],[-94.0343,40.6383],[-94.0389,40.6383],[-94.0393,40.6421],[-94.0433,40.6422],[-94.0436,40.6387],[-94.0601,40.6386],[-94.0601,40.6423],[-94.0579,40.6423],[-94.0577,40.653],[-94.0623,40.653],[-94.0625,40.6604],[-94.0483,40.6601],[-94.0483,40.6709],[-94.0671,40.671],[-94.0671,40.6746],[-94.0907,40.6745],[-94.0904,40.6675],[-94.0718,40.6675],[-94.0717,40.6603],[-94.0671,40.6602],[-94.067,40.6531],[-94.0717,40.6531],[-94.0718,40.6477],[-94.0765,40.6477],[-94.0766,40.6405],[-94.0719,40.6404],[-94.0719,40.6422],[-94.0671,40.6422],[-94.0674,40.6314],[-94.0768,40.6314],[-94.0766,40.6387],[-94.0908,40.6387],[-94.0911,40.6278],[-94.0867,40.6278],[-94.0864,40.6246],[-94.0828,40.624],[-94.0534,40.624],[-94.0535,40.6204],[-94.0629,40.6205],[-94.063,40.6169],[-94.0539,40.6168],[-94.0536,40.6023],[-94.063,40.6024],[-94.063,40.5988],[-94.0725,40.5989],[-94.0721,40.573],[-94.4432,40.571],[-94.4439,40.5784],[-94.431,40.5853],[-94.4305,40.5876],[-94.4244,40.5934],[-94.4243,40.6033],[-94.4338,40.6033],[-94.4336,40.6106],[-94.4289,40.6105],[-94.4282,40.6394],[-94.4329,40.6395],[-94.433,40.6376],[-94.4377,40.6377],[-94.4377,40.6414],[-94.4329,40.6413],[-94.433,40.643],[-94.4235,40.6431],[-94.4237,40.6503],[-94.4332,40.6503],[-94.4331,40.6467],[-94.4425,40.6468],[-94.4424,40.6395],[-94.4569,40.6395],[-94.4569,40.6358],[-94.4615,40.6359],[-94.4612,40.6577],[-94.4662,40.6576],[-94.4661,40.6684],[-94.4613,40.6684],[-94.4614,40.6757],[-94.4713,40.6757]]],[[[-94.4713,40.6757],[-94.4714,40.6685],[-94.4737,40.6685],[-94.4737,40.6757],[-94.4713,40.6757]]],[[[-94.4626,40.8416],[-94.4626,40.8452],[-94.4533,40.8453],[-94.4533,40.8416],[-94.4392,40.8417],[-94.4392,40.8307],[-94.4296,40.8307],[-94.4294,40.8356],[-94.4248,40.8359],[-94.4247,40.8381],[-94.4296,40.838],[-94.4297,40.8417],[-94.4345,40.8416],[-94.4344,40.8489],[-94.4249,40.8489],[-94.4248,40.8417],[-94.4153,40.8417],[-94.4151,40.8271],[-94.4056,40.827],[-94.4057,40.8198],[-94.4104,40.8198],[-94.4105,40.8126],[-94.4152,40.8126],[-94.4149,40.7982],[-94.4245,40.7981],[-94.4247,40.8053],[-94.4341,40.8053],[-94.4341,40.798],[-94.4491,40.798],[-94.4491,40.7991],[-94.4505,40.7991],[-94.4505,40.798],[-94.4715,40.7982],[-94.4715,40.7998],[-94.4732,40.7998],[-94.4732,40.8018],[-94.475,40.8006],[-94.4744,40.7988],[-94.4717,40.7981],[-94.4341,40.7979],[-94.4341,40.7907],[-94.4246,40.7908],[-94.4246,40.7944],[-94.4317,40.7943],[-94.4317,40.7979],[-94.4148,40.798],[-94.415,40.8124],[-94.4093,40.8124],[-94.4051,40.8063],[-94.405,40.7733],[-94.4052,40.7656],[-94.41,40.7569],[-94.4101,40.7656],[-94.4148,40.7656],[-94.4148,40.762],[-94.4194,40.762],[-94.4195,40.7692],[-94.4386,40.7691],[-94.4386,40.7654],[-94.448,40.7655],[-94.448,40.7637],[-94.4525,40.7637],[-94.4526,40.7691],[-94.4715,40.7693],[-94.4716,40.7908],[-94.4813,40.7909],[-94.4812,40.7728],[-94.4765,40.7728],[-94.4763,40.7619],[-94.4811,40.762],[-94.4812,40.7693],[-94.5003,40.7694],[-94.5003,40.773],[-94.4906,40.7728],[-94.4906,40.7748],[-94.486,40.7747],[-94.4861,40.7838],[-94.5098,40.7838],[-94.5097,40.7767],[-94.5289,40.7767],[-94.5288,40.7786],[-94.5194,40.7786],[-94.5194,40.7838],[-94.5288,40.7839],[-94.5288,40.7914],[-94.5098,40.791],[-94.5098,40.7982],[-94.5193,40.7983],[-94.5194,40.8055],[-94.5099,40.8055],[-94.5098,40.8126],[-94.5196,40.8126],[-94.5194,40.8199],[-94.5052,40.8198],[-94.5052,40.8126],[-94.4955,40.8126],[-94.4956,40.8054],[-94.5004,40.8054],[-94.5004,40.7982],[-94.4907,40.7982],[-94.4907,40.791],[-94.4861,40.7909],[-94.4861,40.7982],[-94.4756,40.7982],[-94.4757,40.8125],[-94.4717,40.8125],[-94.4717,40.8197],[-94.4907,40.8198],[-94.4908,40.8271],[-94.4814,40.8271],[-94.4814,40.8342],[-94.4862,40.8342],[-94.4862,40.8379],[-94.4908,40.838],[-94.4908,40.8307],[-94.5004,40.8307],[-94.5004,40.8343],[-94.519,40.8343],[-94.5187,40.8416],[-94.5097,40.8416],[-94.5097,40.8452],[-94.505,40.8452],[-94.505,40.8525],[-94.491,40.8524],[-94.4909,40.8487],[-94.4813,40.8487],[-94.4815,40.8416],[-94.4716,40.8415],[-94.4716,40.8403],[-94.4696,40.8403],[-94.4696,40.8415],[-94.4626,40.8416]],[[-94.4626,40.8416],[-94.4626,40.8379],[-94.458,40.838],[-94.458,40.8416],[-94.4626,40.8416]]]]}},{"type":"Feature","properties":{"leaid":"1905970","name":"CAL Community School District","kind":"Unified","gradeLow":"PK","gradeHigh":"12","state":"IA"},"geometry":{"type":"Polygon","coordinates":[[[-93.2961,42.8263],[-93.2961,42.7961],[-93.3011,42.796],[-93.3011,42.7454],[-93.2938,42.7454],[-93.2937,42.7346],[-93.2915,42.7346],[-93.2915,42.7309],[-93.3011,42.7309],[-93.3012,42.7021],[-93.3304,42.7022],[-93.3305,42.6738],[-93.3404,42.6732],[-93.3405,42.6586],[-93.3502,42.6588],[-93.3502,42.666],[-93.365,42.6661],[-93.3649,42.6734],[-93.3804,42.6734],[-93.3803,42.6879],[-93.39,42.6881],[-93.3901,42.6954],[-93.4,42.6956],[-93.4,42.692],[-93.4097,42.6917],[-93.4097,42.6954],[-93.4196,42.6953],[-93.4196,42.7025],[-93.4293,42.7025],[-93.4293,42.7101],[-93.428,42.7134],[-93.4391,42.7134],[-93.4391,42.7171],[-93.4293,42.7171],[-93.4291,42.728],[-93.4389,42.7278],[-93.4389,42.7313],[-93.4756,42.7313],[-93.4758,42.7458],[-93.4782,42.7458],[-93.4782,42.7386],[-93.488,42.7385],[-93.4881,42.7532],[-93.4987,42.7532],[-93.4987,42.7712],[-93.5085,42.7712],[-93.5085,42.7748],[-93.5185,42.7749],[-93.5185,42.7822],[-93.5286,42.7823],[-93.5288,42.7892],[-93.5478,42.7893],[-93.5481,42.8039],[-93.5383,42.8039],[-93.538,42.8196],[-93.5287,42.8196],[-93.529,42.8273],[-93.5089,42.8276],[-93.5092,42.8563],[-93.4785,42.8561],[-93.4785,42.8487],[-93.4586,42.8486],[-93.4587,42.8632],[-93.4389,42.8631],[-93.4389,42.8578],[-93.4339,42.8578],[-93.434,42.8667],[-93.4192,42.8666],[-93.4192,42.8629],[-93.3994,42.8629],[-93.3994,42.8704],[-93.3602,42.8706],[-93.3603,42.8771],[-93.3408,42.877],[-93.3405,42.8554],[-93.3015,42.8553],[-93.301,42.8263],[-93.2961,42.8263]]]}},{"type":"Feature","properties":{"leaid":"1931680","name":"Williamsburg Community School District","kind":"Unified","gradeLow":"PK","gradeHigh":"12","state":"IA"},"geometry":{"type":"MultiPolygon","coordinates":[[[[-92.1831,41.6961],[-92.1928,41.696],[-92.1926,41.703],[-92.183,41.7029],[-92.1831,41.6961]]],[[[-92.1831,41.6961],[-92.1811,41.6961],[-92.1672,41.696],[-92.1649,41.695],[-92.1648,41.6918],[-92.1603,41.6918],[-92.1595,41.6953],[-92.1532,41.6954],[-92.153,41.6882],[-92.1474,41.6883],[-92.1477,41.6934],[-92.1434,41.6934],[-92.1433,41.6955],[-92.124,41.6953],[-92.124,41.7026],[-92.1144,41.7025],[-92.1144,41.7099],[-92.1048,41.7099],[-92.1047,41.7025],[-92.0757,41.7023],[-92.0756,41.7096],[-92.066,41.7095],[-92.0657,41.7313],[-92.0603,41.7312],[-92.0603,41.7385],[-92.0458,41.7383],[-92.0457,41.7419],[-92.0361,41.7423],[-92.0362,41.7387],[-92.0265,41.7391],[-92.0264,41.7464],[-92.0116,41.7456],[-92.0116,41.7528],[-92.0166,41.7531],[-92.0165,41.7567],[-92.0066,41.7562],[-92.0066,41.7598],[-92.0016,41.7598],[-92.0017,41.7671],[-91.9993,41.7673],[-91.9993,41.7705],[-91.992,41.7708],[-91.9921,41.7674],[-91.9871,41.7675],[-91.9874,41.7526],[-91.9826,41.7527],[-91.9825,41.7563],[-91.9777,41.7563],[-91.9777,41.7527],[-91.9681,41.7527],[-91.968,41.76],[-91.9583,41.76],[-91.9582,41.7669],[-91.9562,41.767],[-91.9561,41.7745],[-91.9482,41.7746],[-91.9482,41.7719],[-91.9432,41.7713],[-91.9433,41.7634],[-91.9284,41.7632],[-91.9284,41.7562],[-91.9191,41.7559],[-91.9191,41.7633],[-91.914,41.7633],[-91.914,41.7691],[-91.9086,41.7685],[-91.9089,41.7632],[-91.8998,41.7631],[-91.8995,41.7667],[-91.897,41.7665],[-91.8971,41.7593],[-91.8898,41.7593],[-91.8898,41.7583],[-91.8947,41.7584],[-91.895,41.745],[-91.8707,41.7448],[-91.8705,41.7375],[-91.8805,41.7375],[-91.8808,41.7232],[-91.8759,41.7232],[-91.8752,41.7303],[-91.8708,41.7303],[-91.871,41.7231],[-91.8617,41.7231],[-91.8612,41.7302],[-91.8543,41.7302],[-91.8542,41.7338],[-91.8518,41.7338],[-91.8525,41.723],[-91.8477,41.7229],[-91.8481,41.7139],[-91.8529,41.7135],[-91.8529,41.7066],[-91.8487,41.7066],[-91.8462,41.7084],[-91.8434,41.7085],[-91.8433,41.7012],[-91.8529,41.7011],[-91.853,41.6976],[-91.8435,41.6977],[-91.8436,41.6939],[-91.8279,41.6941],[-91.8281,41.6868],[-91.8238,41.6869],[-91.8237,41.6801],[-91.8339,41.68],[-91.8339,41.6765],[-91.8388,41.6763],[-91.8384,41.6729],[-91.8338,41.6728],[-91.8331,41.6295],[-91.8427,41.6295],[-91.8427,41.6259],[-91.8378,41.6259],[-91.8377,41.6222],[-91.828,41.6222],[-91.828,41.6258],[-91.8231,41.6258],[-91.8231,41.6222],[-91.8133,41.6222],[-91.8133,41.6186],[-91.8085,41.6185],[-91.8085,41.6258],[-91.8037,41.6258],[-91.8037,41.6221],[-91.7989,41.6222],[-91.7987,41.6185],[-91.794,41.6184],[-91.7939,41.6004],[-91.8271,41.6005],[-91.8278,41.5659],[-91.8197,41.5659],[-91.8199,41.5623],[-91.8235,41.5623],[-91.8237,41.5587],[-91.828,41.5586],[-91.8287,41.5405],[-91.867,41.5404],[-91.8669,41.5476],[-91.8573,41.5477],[-91.8572,41.5513],[-91.8668,41.5513],[-91.8667,41.5549],[-91.881,41.5549],[-91.881,41.5585],[-91.8857,41.5585],[-91.8906,41.5585],[-91.8907,41.5549],[-91.8858,41.5548],[-91.8859,41.5531],[-91.8763,41.5529],[-91.8765,41.544],[-91.8718,41.544],[-91.872,41.5331],[-91.8768,41.5331],[-91.8767,41.5368],[-91.8815,41.5369],[-91.8815,41.5404],[-91.8862,41.5404],[-91.8866,41.5258],[-91.8915,41.5258],[-91.8914,41.5294],[-91.8961,41.5296],[-91.8962,41.5329],[-91.8911,41.533],[-91.891,41.5404],[-91.9007,41.5403],[-91.9005,41.5512],[-91.9101,41.5511],[-91.91,41.5547],[-91.9148,41.5547],[-91.9149,41.5476],[-91.9053,41.5472],[-91.9055,41.5403],[-91.9248,41.54],[-91.9246,41.5473],[-91.9342,41.5472],[-91.9341,41.5544],[-91.9848,41.554],[-91.9849,41.5397],[-92.0033,41.5396],[-92.0039,41.5468],[-92.0086,41.5468],[-92.0087,41.5504],[-92.0135,41.5504],[-92.0135,41.554],[-92.0087,41.554],[-92.0087,41.5576],[-92.0039,41.5576],[-92.004,41.5685],[-92.0233,41.5685],[-92.0232,41.5612],[-92.028,41.5612],[-92.0281,41.5685],[-92.0329,41.5685],[-92.033,41.572],[-92.0653,41.5718],[-92.0653,41.5754],[-92.0523,41.5755],[-92.0517,41.583],[-92.0699,41.5828],[-92.07,41.5861],[-92.0746,41.5862],[-92.0749,41.5789],[-92.0798,41.5788],[-92.0798,41.5753],[-92.0895,41.5755],[-92.0898,41.5823],[-92.0946,41.5826],[-92.0941,41.5893],[-92.1034,41.5897],[-92.104,41.6006],[-92.1433,41.6008],[-92.1435,41.6297],[-92.1827,41.63],[-92.1834,41.6776],[-92.1881,41.6775],[-92.1882,41.6885],[-92.1833,41.6884],[-92.1831,41.6961]]]]}},{"type":"Feature","properties":{"leaid":"1914010","name":"Highland Community School District","kind":"Unified","gradeLow":"PK","gradeHigh":"12","state":"IA"},"geometry":{"type":"Polygon","coordinates":[[[-91.523,41.5398],[-91.5259,41.5383],[-91.5313,41.5385],[-91.5313,41.5361],[-91.5279,41.5345],[-91.5267,41.5322],[-91.5288,41.53],[-91.5337,41.5291],[-91.5342,41.5273],[-91.5321,41.5253],[-91.5286,41.5266],[-91.5229,41.5229],[-91.5231,41.5187],[-91.5193,41.5169],[-91.5226,41.5156],[-91.5257,41.5166],[-91.529,41.516],[-91.528,41.5134],[-91.5196,41.5117],[-91.5202,41.5106],[-91.5271,41.5097],[-91.5279,41.5078],[-91.519,41.5026],[-91.5199,41.4989],[-91.5175,41.497],[-91.514,41.4974],[-91.5101,41.5027],[-91.5074,41.5023],[-91.5065,41.5008],[-91.5082,41.4984],[-91.5108,41.4974],[-91.5107,41.4947],[-91.5081,41.4928],[-91.5037,41.4934],[-91.5013,41.4873],[-91.5027,41.4847],[-91.5018,41.4822],[-91.5025,41.4767],[-91.5129,41.4763],[-91.516,41.4682],[-91.5052,41.4615],[-91.4988,41.4592],[-91.4997,41.4553],[-91.4986,41.4534],[-91.5025,41.4509],[-91.5024,41.4484],[-91.4907,41.4404],[-91.4854,41.4291],[-91.4805,41.4255],[-91.4804,41.4239],[-91.484,41.4238],[-91.4853,41.2573],[-91.4842,41.2514],[-91.4854,41.2515],[-91.4854,41.2496],[-91.4948,41.2497],[-91.495,41.2432],[-91.5047,41.2429],[-91.5051,41.2465],[-91.514,41.2471],[-91.5147,41.2431],[-91.5195,41.2432],[-91.5196,41.2468],[-91.5243,41.2469],[-91.5239,41.2536],[-91.5287,41.2536],[-91.5288,41.25],[-91.6008,41.2506],[-91.601,41.2761],[-91.5955,41.276],[-91.5957,41.2687],[-91.5909,41.2687],[-91.5908,41.2723],[-91.586,41.2723],[-91.5858,41.2831],[-91.601,41.2822],[-91.6004,41.3233],[-91.5894,41.3231],[-91.5894,41.3268],[-91.58,41.3269],[-91.5798,41.3306],[-91.5752,41.3305],[-91.575,41.3335],[-91.5797,41.334],[-91.5796,41.3374],[-91.5812,41.3374],[-91.5806,41.352],[-91.5902,41.3522],[-91.5906,41.3414],[-91.6,41.3416],[-91.5996,41.3634],[-91.5946,41.3634],[-91.5948,41.3668],[-91.5995,41.3668],[-91.5992,41.4103],[-91.6283,41.4104],[-91.6284,41.4248],[-91.6378,41.4247],[-91.6375,41.4464],[-91.6471,41.4463],[-91.6472,41.4499],[-91.6375,41.45],[-91.6375,41.479],[-91.647,41.4807],[-91.6471,41.4969],[-91.6376,41.497],[-91.6375,41.5107],[-91.5988,41.5109],[-91.599,41.5252],[-91.5941,41.5252],[-91.5943,41.5325],[-91.5989,41.5325],[-91.5989,41.537],[-91.5955,41.5374],[-91.5954,41.5398],[-91.523,41.5398]]]}},{"type":"Feature","properties":{"leaid":"1907590","name":"Clear Creek-Amana Community School District","kind":"Unified","gradeLow":"PK","gradeHigh":"12","state":"IA"},"geometry":{"type":"Polygon","coordinates":[[[-91.8409,41.8255],[-91.8221,41.8255],[-91.8222,41.8182],[-91.825,41.8182],[-91.8249,41.8111],[-91.8222,41.8074],[-91.8218,41.7947],[-91.8193,41.7933],[-91.8204,41.7916],[-91.8201,41.7913],[-91.8166,41.7959],[-91.8059,41.7964],[-91.7978,41.7934],[-91.798,41.7907],[-91.7965,41.7893],[-91.7912,41.7895],[-91.7899,41.7922],[-91.786,41.7929],[-91.7781,41.7888],[-91.7716,41.7899],[-91.771,41.7884],[-91.7722,41.7865],[-91.7692,41.785],[-91.7647,41.7856],[-91.761,41.7844],[-91.7566,41.7854],[-91.7487,41.7833],[-91.7483,41.7813],[-91.7427,41.7823],[-91.7423,41.7865],[-91.7397,41.7883],[-91.7367,41.7882],[-91.7338,41.7862],[-91.7324,41.7882],[-91.7294,41.7882],[-91.7284,41.7909],[-91.725,41.7896],[-91.7233,41.7924],[-91.7216,41.7902],[-91.7181,41.7898],[-91.7128,41.7925],[-91.7079,41.7919],[-91.7044,41.7934],[-91.7011,41.793],[-91.6967,41.7975],[-91.6887,41.7973],[-91.685,41.8003],[-91.6806,41.8001],[-91.6769,41.7975],[-91.6726,41.7998],[-91.6724,41.797],[-91.6708,41.7966],[-91.6686,41.7978],[-91.6677,41.8015],[-91.6616,41.8014],[-91.6626,41.8051],[-91.661,41.8065],[-91.6516,41.8066],[-91.6406,41.811],[-91.6345,41.8111],[-91.6331,41.8084],[-91.6363,41.8001],[-91.6361,41.7946],[-91.6171,41.7883],[-91.6177,41.7159],[-91.5983,41.7156],[-91.5985,41.6935],[-91.6034,41.694],[-91.6036,41.6858],[-91.5986,41.6831],[-91.5986,41.6715],[-91.6229,41.6717],[-91.6229,41.6681],[-91.6375,41.6682],[-91.6375,41.679],[-91.6423,41.6791],[-91.6423,41.6755],[-91.6472,41.6755],[-91.6472,41.6719],[-91.6569,41.672],[-91.657,41.654],[-91.6666,41.6541],[-91.6667,41.6505],[-91.6715,41.6505],[-91.6715,41.6433],[-91.6763,41.6433],[-91.6763,41.647],[-91.6861,41.6471],[-91.6863,41.6326],[-91.6765,41.6325],[-91.6765,41.6289],[-91.679,41.6289],[-91.6792,41.6217],[-91.7166,41.6218],[-91.7165,41.6146],[-91.706,41.6146],[-91.706,41.6137],[-91.7011,41.6131],[-91.7013,41.6097],[-91.7096,41.6097],[-91.711,41.6085],[-91.7112,41.6043],[-91.7166,41.6043],[-91.7165,41.6001],[-91.7939,41.6004],[-91.794,41.6184],[-91.7987,41.6185],[-91.7989,41.6222],[-91.8037,41.6221],[-91.8037,41.6258],[-91.8085,41.6258],[-91.8085,41.6185],[-91.8133,41.6186],[-91.8133,41.6222],[-91.8231,41.6222],[-91.8231,41.6258],[-91.828,41.6258],[-91.828,41.6222],[-91.8377,41.6222],[-91.8378,41.6259],[-91.8427,41.6259],[-91.8427,41.6295],[-91.8331,41.6295],[-91.8332,41.6475],[-91.8338,41.6728],[-91.8384,41.6729],[-91.8388,41.6763],[-91.8339,41.6765],[-91.8339,41.68],[-91.8237,41.6801],[-91.8238,41.6869],[-91.8281,41.6868],[-91.8279,41.6941],[-91.8436,41.6939],[-91.8435,41.6977],[-91.853,41.6976],[-91.8529,41.7011],[-91.8433,41.7012],[-91.8434,41.7085],[-91.8462,41.7084],[-91.8487,41.7066],[-91.8529,41.7066],[-91.8529,41.7135],[-91.8481,41.7139],[-91.8477,41.7229],[-91.8525,41.723],[-91.8518,41.7338],[-91.8542,41.7338],[-91.8543,41.7302],[-91.8612,41.7302],[-91.8617,41.7231],[-91.871,41.7231],[-91.8708,41.7303],[-91.8752,41.7303],[-91.8759,41.7232],[-91.8808,41.7232],[-91.8805,41.7375],[-91.8705,41.7375],[-91.8707,41.7448],[-91.895,41.745],[-91.8947,41.7584],[-91.8898,41.7583],[-91.8898,41.7593],[-91.8971,41.7593],[-91.897,41.7665],[-91.8995,41.7667],[-91.8998,41.7631],[-91.9089,41.7632],[-91.9086,41.7685],[-91.914,41.7691],[-91.914,41.7633],[-91.9191,41.7633],[-91.9191,41.7559],[-91.9284,41.7562],[-91.9284,41.7632],[-91.9433,41.7634],[-91.9432,41.7713],[-91.9482,41.7719],[-91.9482,41.7746],[-91.9561,41.7745],[-91.9562,41.767],[-91.9582,41.7669],[-91.9583,41.76],[-91.968,41.76],[-91.9681,41.7527],[-91.9777,41.7527],[-91.9777,41.7563],[-91.9825,41.7563],[-91.9826,41.7527],[-91.9874,41.7526],[-91.9871,41.7675],[-91.9921,41.7674],[-91.992,41.7708],[-91.9936,41.7708],[-91.9937,41.7741],[-91.9871,41.774],[-91.9869,41.825],[-91.8603,41.8252],[-91.8603,41.8324],[-91.8529,41.8325],[-91.8519,41.8344],[-91.8508,41.8344],[-91.8506,41.8289],[-91.8409,41.8291],[-91.8409,41.8255]]]}},{"type":"Feature","properties":{"leaid":"1926580","name":"Solon Community School District","kind":"Unified","gradeLow":"PK","gradeHigh":"12","state":"IA"},"geometry":{"type":"Polygon","coordinates":[[[-91.4131,41.8597],[-91.4125,41.8581],[-91.4004,41.8557],[-91.3951,41.8524],[-91.391,41.8475],[-91.3919,41.841],[-91.3946,41.8365],[-91.3984,41.8344],[-91.4018,41.8287],[-91.4018,41.8208],[-91.4005,41.8188],[-91.3923,41.8174],[-91.3874,41.8114],[-91.3826,41.813],[-91.3804,41.818],[-91.3783,41.8194],[-91.3718,41.8205],[-91.366,41.8185],[-91.366,41.7837],[-91.3707,41.7838],[-91.3707,41.7946],[-91.3952,41.7947],[-91.395,41.7801],[-91.3755,41.7799],[-91.3756,41.7764],[-91.395,41.7765],[-91.3951,41.7729],[-91.4048,41.7729],[-91.4049,41.7657],[-91.4148,41.7654],[-91.4148,41.7548],[-91.4125,41.7548],[-91.4125,41.7513],[-91.4197,41.7512],[-91.4197,41.7474],[-91.4323,41.7475],[-91.4301,41.744],[-91.4344,41.7439],[-91.4344,41.7148],[-91.4637,41.7146],[-91.4634,41.7347],[-91.4647,41.7347],[-91.4647,41.7329],[-91.4683,41.7329],[-91.4684,41.7247],[-91.4781,41.7248],[-91.4731,41.7385],[-91.4756,41.7366],[-91.478,41.7366],[-91.478,41.7402],[-91.474,41.7402],[-91.474,41.7417],[-91.4806,41.7416],[-91.496,41.7361],[-91.4977,41.7341],[-91.4978,41.7293],[-91.5021,41.7264],[-91.5074,41.7148],[-91.5124,41.7149],[-91.5125,41.7258],[-91.5175,41.7258],[-91.5162,41.7285],[-91.5208,41.7269],[-91.5273,41.7283],[-91.5285,41.7272],[-91.5281,41.7247],[-91.5327,41.7318],[-91.5365,41.7318],[-91.5439,41.7294],[-91.5477,41.7302],[-91.548,41.7409],[-91.5537,41.75],[-91.5568,41.7521],[-91.5625,41.753],[-91.5681,41.758],[-91.5677,41.7636],[-91.5612,41.7742],[-91.562,41.778],[-91.565,41.7803],[-91.5724,41.7802],[-91.5827,41.7748],[-91.587,41.7762],[-91.5893,41.7787],[-91.5897,41.7807],[-91.5885,41.7827],[-91.5771,41.7854],[-91.5751,41.788],[-91.5766,41.7909],[-91.5842,41.7941],[-91.5845,41.7972],[-91.5823,41.8039],[-91.5865,41.8085],[-91.5917,41.8093],[-91.6004,41.8078],[-91.6043,41.8064],[-91.6086,41.8029],[-91.6085,41.7999],[-91.6021,41.7896],[-91.6026,41.7867],[-91.6048,41.7849],[-91.6112,41.7846],[-91.6197,41.7897],[-91.6323,41.7927],[-91.6363,41.7954],[-91.6363,41.8001],[-91.6333,41.807],[-91.6331,41.8113],[-91.6269,41.8113],[-91.6269,41.8185],[-91.6318,41.8185],[-91.6318,41.8257],[-91.6121,41.8257],[-91.6121,41.8221],[-91.5977,41.8221],[-91.5978,41.8439],[-91.5597,41.8434],[-91.5593,41.8713],[-91.5494,41.8712],[-91.5494,41.8768],[-91.535,41.8767],[-91.5349,41.8747],[-91.5252,41.8747],[-91.5252,41.8601],[-91.4441,41.8596],[-91.4435,41.8564],[-91.4246,41.8565],[-91.4245,41.8596],[-91.4131,41.8597]]]}},{"type":"Feature","properties":{"leaid":"1914280","name":"Howard-Winneshiek Community School District","kind":"Unified","gradeLow":"PK","gradeHigh":"12","state":"IA"},"geometry":{"type":"Polygon","coordinates":[[[-91.9707,43.5006],[-91.9702,43.4831],[-91.9826,43.4829],[-91.9826,43.4793],[-91.97,43.4794],[-91.9698,43.4722],[-91.9798,43.4721],[-91.9795,43.4647],[-91.9894,43.4647],[-91.9891,43.4574],[-91.9792,43.4575],[-91.979,43.4531],[-91.9787,43.443],[-91.9885,43.443],[-91.9883,43.436],[-91.9687,43.4359],[-91.9686,43.4106],[-91.9642,43.4104],[-91.9637,43.4069],[-91.9536,43.4068],[-91.9537,43.3997],[-91.9486,43.3997],[-91.9486,43.396],[-91.9388,43.396],[-91.9388,43.3888],[-91.9437,43.3888],[-91.9437,43.3924],[-91.9486,43.3924],[-91.9485,43.3888],[-91.9536,43.3925],[-91.9586,43.3925],[-91.9536,43.3888],[-91.9535,43.3852],[-91.9686,43.3853],[-91.9686,43.3779],[-91.9386,43.3779],[-91.9386,43.3707],[-91.9585,43.3707],[-91.9586,43.3635],[-91.9535,43.3635],[-91.9534,43.3562],[-91.9521,43.3562],[-91.9486,43.3563],[-91.9485,43.3634],[-91.9386,43.3634],[-91.9386,43.3526],[-91.9436,43.3526],[-91.9433,43.3417],[-91.9369,43.3408],[-91.9372,43.3349],[-91.9672,43.3349],[-91.9672,43.3386],[-91.9721,43.3387],[-91.9721,43.3314],[-91.9671,43.3313],[-91.9671,43.3296],[-91.9672,43.3277],[-91.9723,43.3278],[-91.9723,43.3205],[-91.9648,43.3204],[-91.9648,43.3277],[-91.9524,43.3277],[-91.9523,43.3332],[-91.9424,43.3332],[-91.9425,43.3277],[-91.9326,43.3276],[-91.9327,43.3245],[-91.9328,43.3204],[-91.9377,43.3205],[-91.9377,43.3239],[-91.9426,43.3241],[-91.9426,43.3205],[-91.9525,43.3205],[-91.9525,43.3132],[-91.9329,43.313],[-91.933,43.3095],[-91.938,43.3095],[-91.938,43.306],[-91.9528,43.3061],[-91.953,43.2917],[-91.9627,43.2917],[-91.9628,43.2845],[-91.976,43.2844],[-91.9729,43.2805],[-91.9728,43.2626],[-91.9778,43.2626],[-91.9778,43.259],[-91.9679,43.259],[-91.9679,43.2554],[-91.9828,43.2554],[-91.9827,43.249],[-91.9928,43.2491],[-91.9927,43.2437],[-91.9827,43.2436],[-91.9826,43.2418],[-91.9778,43.2417],[-91.9778,43.2381],[-91.9753,43.2381],[-91.9754,43.2345],[-91.9828,43.2346],[-91.9827,43.2381],[-91.9877,43.2381],[-91.9877,43.2418],[-91.9944,43.2419],[-91.997,43.2419],[-91.997,43.2382],[-92.0027,43.2383],[-92.0027,43.2346],[-92.0127,43.2346],[-92.0129,43.2491],[-92.0052,43.2491],[-92.0052,43.251],[-92.0027,43.2509],[-92.0027,43.2555],[-92.0129,43.2555],[-92.0129,43.2573],[-92.0177,43.2573],[-92.0177,43.2627],[-92.0325,43.2628],[-92.0326,43.2592],[-92.0276,43.2592],[-92.0276,43.2555],[-92.0227,43.2555],[-92.0227,43.2455],[-92.0308,43.2455],[-92.0308,43.2418],[-92.0227,43.2418],[-92.0227,43.2346],[-92.0426,43.2346],[-92.0425,43.2383],[-92.0376,43.2382],[-92.0376,43.2419],[-92.0326,43.2419],[-92.0326,43.2455],[-92.0425,43.2456],[-92.0425,43.2419],[-92.0476,43.2419],[-92.0476,43.2492],[-92.0707,43.2494],[-92.0705,43.242],[-92.081,43.2421],[-92.0809,43.2276],[-92.1209,43.2277],[-92.121,43.2131],[-92.141,43.213],[-92.1411,43.1984],[-92.199,43.1984],[-92.199,43.2203],[-92.2195,43.2203],[-92.2196,43.2275],[-92.2394,43.2279],[-92.239,43.2551],[-92.2514,43.255],[-92.2514,43.2623],[-92.2564,43.2623],[-92.2565,43.255],[-92.2986,43.2551],[-92.2986,43.2346],[-92.2739,43.2351],[-92.2738,43.2316],[-92.2689,43.2315],[-92.2689,43.228],[-92.2639,43.228],[-92.2641,43.2135],[-92.3136,43.2129],[-92.3136,43.2165],[-92.3086,43.2165],[-92.3086,43.2201],[-92.3135,43.2202],[-92.3135,43.2238],[-92.2935,43.2239],[-92.2936,43.2265],[-92.2926,43.2266],[-92.2926,43.2275],[-92.3174,43.2276],[-92.3175,43.2348],[-92.3037,43.2347],[-92.3037,43.2401],[-92.3088,43.2401],[-92.3089,43.2409],[-92.3087,43.2493],[-92.3038,43.2492],[-92.3038,43.255],[-92.3272,43.2551],[-92.3273,43.2494],[-92.3283,43.2494],[-92.3367,43.2494],[-92.3373,43.2552],[-92.3571,43.2552],[-92.3578,43.2383],[-92.3671,43.2384],[-92.3671,43.2496],[-92.387,43.2496],[-92.387,43.2554],[-92.4057,43.2554],[-92.407,43.2553],[-92.4071,43.2496],[-92.4166,43.2495],[-92.4168,43.2375],[-92.4019,43.2385],[-92.4019,43.2349],[-92.4167,43.2338],[-92.4166,43.2274],[-92.4358,43.2276],[-92.4358,43.213],[-92.4653,43.2128],[-92.4653,43.2164],[-92.4753,43.2166],[-92.4752,43.2237],[-92.485,43.2238],[-92.485,43.231],[-92.4949,43.231],[-92.4949,43.2201],[-92.5099,43.22],[-92.5099,43.2164],[-92.505,43.2164],[-92.5051,43.2127],[-92.5295,43.2129],[-92.5295,43.2202],[-92.5248,43.2201],[-92.5247,43.231],[-92.5197,43.2309],[-92.5202,43.2627],[-92.4756,43.2627],[-92.4755,43.306],[-92.4656,43.3061],[-92.4655,43.3133],[-92.4754,43.3133],[-92.4754,43.3206],[-92.4556,43.3207],[-92.4555,43.3133],[-92.446,43.3134],[-92.446,43.2989],[-92.4359,43.2989],[-92.4359,43.2953],[-92.4309,43.2953],[-92.4309,43.2989],[-92.4252,43.2988],[-92.4251,43.2916],[-92.4168,43.2915],[-92.4168,43.2988],[-92.4069,43.2988],[-92.4069,43.3061],[-92.3921,43.3062],[-92.3921,43.3098],[-92.4021,43.3098],[-92.4019,43.3133],[-92.4169,43.3133],[-92.4168,43.3061],[-92.4267,43.3061],[-92.4267,43.317],[-92.4242,43.317],[-92.4242,43.3206],[-92.3971,43.3206],[-92.397,43.3135],[-92.3872,43.3133],[-92.387,43.3206],[-92.362,43.3204],[-92.362,43.324],[-92.3569,43.3239],[-92.356,43.4288],[-92.3958,43.4289],[-92.3959,43.4508],[-92.4059,43.4507],[-92.4059,43.4471],[-92.4109,43.447],[-92.4109,43.4505],[-92.4159,43.4505],[-92.4158,43.4434],[-92.4257,43.4434],[-92.4258,43.4507],[-92.4354,43.4507],[-92.4354,43.4544],[-92.4455,43.4543],[-92.4455,43.5005],[-91.9707,43.5006]]]}},{"type":"Feature","properties":{"leaid":"1923340","name":"Postville Community School District","kind":"Unified","gradeLow":"PK","gradeHigh":"12","state":"IA"},"geometry":{"type":"Polygon","coordinates":[[[-91.624,43.2189],[-91.624,43.2117],[-91.6043,43.2115],[-91.6044,43.2079],[-91.5968,43.208],[-91.5966,43.1971],[-91.577,43.1973],[-91.5769,43.2008],[-91.5668,43.2009],[-91.5671,43.1828],[-91.566,43.1806],[-91.5621,43.181],[-91.5622,43.1755],[-91.5572,43.1754],[-91.5571,43.1864],[-91.5522,43.1863],[-91.5523,43.1754],[-91.5425,43.1754],[-91.5426,43.1718],[-91.54,43.1718],[-91.5399,43.179],[-91.5374,43.179],[-91.5374,43.1863],[-91.5472,43.1863],[-91.5472,43.1934],[-91.5571,43.1936],[-91.5571,43.19],[-91.5621,43.19],[-91.562,43.1973],[-91.5521,43.1971],[-91.5519,43.2008],[-91.5372,43.2006],[-91.537,43.208],[-91.5322,43.2079],[-91.532,43.2115],[-91.5271,43.2115],[-91.5272,43.2079],[-91.5174,43.2079],[-91.5176,43.2007],[-91.5224,43.2007],[-91.5226,43.1971],[-91.5177,43.197],[-91.5178,43.1934],[-91.5154,43.1934],[-91.5154,43.1898],[-91.5203,43.1898],[-91.5204,43.188],[-91.5179,43.188],[-91.518,43.1825],[-91.5031,43.1825],[-91.5031,43.1753],[-91.4981,43.1753],[-91.4983,43.1679],[-91.4637,43.1679],[-91.4635,43.1538],[-91.4585,43.1538],[-91.4587,43.1504],[-91.4637,43.1503],[-91.4638,43.1467],[-91.4589,43.1467],[-91.4593,43.143],[-91.464,43.143],[-91.4638,43.1324],[-91.4542,43.1322],[-91.454,43.1286],[-91.4588,43.1287],[-91.4587,43.1251],[-91.4638,43.1252],[-91.464,43.1179],[-91.4591,43.1179],[-91.4591,43.1106],[-91.469,43.1107],[-91.469,43.1034],[-91.4937,43.1032],[-91.4938,43.0961],[-91.5087,43.0961],[-91.5088,43.0924],[-91.4988,43.0919],[-91.499,43.0815],[-91.494,43.0815],[-91.494,43.0851],[-91.489,43.0851],[-91.4889,43.087],[-91.4865,43.087],[-91.4865,43.0888],[-91.484,43.0888],[-91.4841,43.0925],[-91.4692,43.0926],[-91.4691,43.0962],[-91.4642,43.0962],[-91.4644,43.0815],[-91.4693,43.0815],[-91.4693,43.0852],[-91.4742,43.0851],[-91.4742,43.0888],[-91.4791,43.0888],[-91.4791,43.0861],[-91.484,43.0861],[-91.4861,43.0843],[-91.488,43.0851],[-91.4841,43.0815],[-91.4854,43.0815],[-91.4844,43.0802],[-91.489,43.0786],[-91.4889,43.0728],[-91.4839,43.073],[-91.4839,43.0676],[-91.4815,43.0677],[-91.4814,43.0659],[-91.4849,43.0656],[-91.4849,43.0588],[-91.4826,43.0591],[-91.4825,43.0527],[-91.489,43.0524],[-91.489,43.0584],[-91.4939,43.0584],[-91.4939,43.0546],[-91.5001,43.0546],[-91.5001,43.0509],[-91.4739,43.0518],[-91.4739,43.0442],[-91.479,43.0441],[-91.4787,43.0367],[-91.4891,43.0365],[-91.4891,43.0293],[-91.4838,43.0294],[-91.4839,43.0258],[-91.4787,43.0259],[-91.4788,43.0185],[-91.48,43.0185],[-91.4811,43.016],[-91.4837,43.0171],[-91.4834,43.0039],[-91.4785,43.0041],[-91.4784,43.0003],[-91.4685,43.0005],[-91.4688,42.9896],[-91.4638,42.9896],[-91.4639,42.9863],[-91.4688,42.9862],[-91.4688,42.9807],[-91.4639,42.9808],[-91.4637,42.9753],[-91.4787,42.9751],[-91.4788,42.9678],[-91.4736,42.9679],[-91.4737,42.9572],[-91.4685,42.957],[-91.4685,42.9534],[-91.4736,42.9533],[-91.4737,42.9497],[-91.4986,42.9493],[-91.4986,42.9566],[-91.5034,42.9565],[-91.5035,42.9672],[-91.5133,42.9673],[-91.5134,42.9708],[-91.5283,42.9709],[-91.5286,42.9855],[-91.5483,42.9855],[-91.5484,42.9931],[-91.5583,42.9931],[-91.5583,43.0003],[-91.568,43.0003],[-91.5681,43.0295],[-91.5534,43.0293],[-91.5533,43.0366],[-91.5778,43.0367],[-91.5779,43.0295],[-91.5876,43.0294],[-91.5876,43.0331],[-91.5926,43.033],[-91.5926,43.0366],[-91.5975,43.0366],[-91.5976,43.0475],[-91.6055,43.0475],[-91.6055,43.0438],[-91.6204,43.0437],[-91.6204,43.0547],[-91.6401,43.0547],[-91.6401,43.0582],[-91.65,43.0582],[-91.6502,43.0818],[-91.6946,43.0818],[-91.6944,43.0926],[-91.6844,43.0926],[-91.6845,43.0999],[-91.6796,43.0999],[-91.6795,43.1035],[-91.6845,43.1035],[-91.6846,43.1059],[-91.6944,43.1059],[-91.6943,43.1143],[-91.7042,43.1144],[-91.7041,43.118],[-91.7139,43.118],[-91.7137,43.1289],[-91.6941,43.1288],[-91.6941,43.127],[-91.69,43.127],[-91.6893,43.118],[-91.6845,43.1179],[-91.6844,43.1252],[-91.6744,43.1252],[-91.6746,43.118],[-91.6696,43.118],[-91.6697,43.1108],[-91.6597,43.1109],[-91.6597,43.1145],[-91.6449,43.1144],[-91.6449,43.1181],[-91.6399,43.1181],[-91.6399,43.1218],[-91.6547,43.1217],[-91.6546,43.129],[-91.6448,43.129],[-91.6446,43.1399],[-91.6521,43.1398],[-91.6523,43.1326],[-91.6547,43.1325],[-91.6542,43.1506],[-91.6443,43.1507],[-91.6444,43.1471],[-91.6358,43.147],[-91.6358,43.1492],[-91.6303,43.1492],[-91.6247,43.147],[-91.6246,43.1541],[-91.6196,43.1541],[-91.6196,43.1578],[-91.6146,43.1577],[-91.6147,43.1541],[-91.6046,43.1541],[-91.6045,43.1649],[-91.6094,43.165],[-91.6095,43.1595],[-91.6145,43.1595],[-91.6144,43.1614],[-91.6195,43.1614],[-91.6192,43.165],[-91.6266,43.165],[-91.6265,43.1685],[-91.634,43.1686],[-91.6342,43.1619],[-91.6288,43.1614],[-91.6282,43.1578],[-91.6312,43.1578],[-91.6312,43.1564],[-91.6344,43.1565],[-91.6343,43.1578],[-91.6441,43.158],[-91.6438,43.1687],[-91.6587,43.1688],[-91.6587,43.1724],[-91.6635,43.1724],[-91.6637,43.1742],[-91.6587,43.1742],[-91.6587,43.1833],[-91.6737,43.1832],[-91.6737,43.1906],[-91.6836,43.1905],[-91.6834,43.1832],[-91.6884,43.1833],[-91.6885,43.187],[-91.686,43.1869],[-91.6864,43.1922],[-91.6787,43.1923],[-91.6788,43.1978],[-91.6838,43.1978],[-91.6838,43.2087],[-91.6741,43.2086],[-91.6736,43.2051],[-91.6688,43.205],[-91.6688,43.1978],[-91.6588,43.1978],[-91.6588,43.205],[-91.6538,43.205],[-91.6538,43.2122],[-91.6339,43.212],[-91.634,43.2191],[-91.624,43.2189]]]}},{"type":"Feature","properties":{"leaid":"1910050","name":"Earlham Community School District","kind":"Unified","gradeLow":"PK","gradeHigh":"12","state":"IA"},"geometry":{"type":"Polygon","coordinates":[[[-94.104,41.5572],[-94.1058,41.5552],[-94.105,41.5535],[-94.0922,41.547],[-94.089,41.5483],[-94.0861,41.5526],[-94.08,41.5558],[-94.0713,41.5544],[-94.0606,41.5551],[-94.0608,41.5032],[-94.0512,41.5032],[-94.0512,41.4999],[-94.0441,41.4999],[-94.0441,41.4964],[-94.0463,41.4964],[-94.0464,41.4927],[-94.0417,41.4927],[-94.0417,41.4856],[-94.0371,41.4853],[-94.0366,41.489],[-94.032,41.4891],[-94.0319,41.4816],[-94.0224,41.4815],[-94.0224,41.4744],[-94.0165,41.4743],[-94.0177,41.4714],[-94.0165,41.4671],[-94.0177,41.4671],[-94.0177,41.4635],[-94.0128,41.4634],[-94.0128,41.4454],[-94.0177,41.4455],[-94.0177,41.4491],[-94.0218,41.4491],[-94.0224,41.442],[-94.0313,41.442],[-94.0307,41.4436],[-94.033,41.4438],[-94.0342,41.4458],[-94.0465,41.4456],[-94.0464,41.444],[-94.0511,41.4434],[-94.0513,41.4384],[-94.0417,41.4384],[-94.0416,41.4348],[-94.056,41.4341],[-94.0561,41.4313],[-94.0611,41.4313],[-94.0611,41.4277],[-94.0707,41.4278],[-94.0708,41.4167],[-94.061,41.4167],[-94.061,41.4026],[-94.0624,41.4024],[-94.0625,41.3953],[-94.0663,41.3952],[-94.0663,41.3881],[-94.0902,41.388],[-94.0904,41.3846],[-94.0952,41.3845],[-94.0952,41.3879],[-94.1095,41.388],[-94.1103,41.3798],[-94.1149,41.3769],[-94.1168,41.3772],[-94.1175,41.3809],[-94.1462,41.3809],[-94.1461,41.374],[-94.1655,41.3736],[-94.2038,41.3738],[-94.2038,41.381],[-94.2136,41.381],[-94.2134,41.3847],[-94.2086,41.3848],[-94.2086,41.3883],[-94.2415,41.3882],[-94.2416,41.5037],[-94.1752,41.5034],[-94.1756,41.5178],[-94.1803,41.5182],[-94.1803,41.5322],[-94.1851,41.5323],[-94.1851,41.5466],[-94.1755,41.5466],[-94.1754,41.5502],[-94.1609,41.5502],[-94.1609,41.5537],[-94.1416,41.5538],[-94.1416,41.5601],[-94.1369,41.561],[-94.1369,41.5713],[-94.1317,41.5711],[-94.1252,41.5662],[-94.1166,41.564],[-94.1113,41.5658],[-94.1067,41.5653],[-94.1035,41.5624],[-94.104,41.5572]]]}},{"type":"Feature","properties":{"leaid":"1923190","name":"Pocahontas Area Community School District","kind":"Unified","gradeLow":"PK","gradeHigh":"12","state":"IA"},"geometry":{"type":"Polygon","coordinates":[[[-94.4452,42.8774],[-94.4529,42.8695],[-94.4572,42.86],[-94.4604,42.8524],[-94.4592,42.8474],[-94.4615,42.8404],[-94.4524,42.8196],[-94.443,42.8195],[-94.443,42.783],[-94.4723,42.783],[-94.4723,42.7794],[-94.4772,42.7794],[-94.4773,42.7758],[-94.4529,42.7758],[-94.4529,42.7613],[-94.4626,42.7613],[-94.4627,42.7541],[-94.4655,42.7541],[-94.473,42.7613],[-94.4871,42.7613],[-94.4871,42.7577],[-94.4822,42.7578],[-94.4822,42.7541],[-94.492,42.7541],[-94.4921,42.7397],[-94.5069,42.7398],[-94.5069,42.7362],[-94.5019,42.7362],[-94.5021,42.725],[-94.4923,42.7251],[-94.4925,42.7178],[-94.5023,42.7178],[-94.5023,42.6889],[-94.4925,42.6889],[-94.4924,42.6805],[-94.4922,42.6634],[-94.4973,42.6634],[-94.4973,42.6598],[-94.5022,42.6598],[-94.5018,42.6523],[-94.4919,42.6524],[-94.4923,42.6451],[-94.482,42.6451],[-94.4821,42.6094],[-94.492,42.6095],[-94.4921,42.6166],[-94.5016,42.6165],[-94.5016,42.6095],[-94.5604,42.6092],[-94.56,42.581],[-94.5993,42.5812],[-94.5991,42.5669],[-94.6043,42.567],[-94.6042,42.5596],[-94.6189,42.56],[-94.6185,42.5534],[-94.6088,42.5533],[-94.6089,42.5498],[-94.6184,42.5498],[-94.6185,42.5387],[-94.638,42.5382],[-94.638,42.5202],[-94.6188,42.5203],[-94.6188,42.5173],[-94.6139,42.5172],[-94.6141,42.5099],[-94.6285,42.5099],[-94.6286,42.5025],[-94.6238,42.5026],[-94.6238,42.4881],[-94.6309,42.4881],[-94.6351,42.4851],[-94.6368,42.4793],[-94.639,42.4776],[-94.6391,42.4738],[-94.6881,42.4738],[-94.688,42.4811],[-94.6977,42.4811],[-94.6976,42.4884],[-94.7073,42.4883],[-94.7075,42.4811],[-94.7173,42.4811],[-94.7173,42.4827],[-94.7208,42.4827],[-94.7208,42.4816],[-94.7235,42.4812],[-94.7964,42.4811],[-94.7965,42.5173],[-94.8061,42.5172],[-94.8062,42.5245],[-94.811,42.5246],[-94.8112,42.5281],[-94.8123,42.5281],[-94.8113,42.5389],[-94.8065,42.5389],[-94.8064,42.5354],[-94.7964,42.5353],[-94.7964,42.5596],[-94.7662,42.5595],[-94.7661,42.6029],[-94.7563,42.6028],[-94.7563,42.6136],[-94.7661,42.6137],[-94.766,42.6317],[-94.7464,42.6316],[-94.7466,42.6388],[-94.7514,42.6388],[-94.7514,42.6353],[-94.7563,42.6353],[-94.7565,42.6526],[-94.7613,42.6526],[-94.7613,42.6454],[-94.7662,42.6454],[-94.7663,42.6562],[-94.776,42.6562],[-94.776,42.6526],[-94.7856,42.6526],[-94.7857,42.6454],[-94.7962,42.6454],[-94.7962,42.6815],[-94.8059,42.6816],[-94.806,42.6888],[-94.7962,42.6886],[-94.7963,42.696],[-94.8256,42.6964],[-94.8258,42.7181],[-94.86,42.7187],[-94.8601,42.726],[-94.8846,42.7263],[-94.8847,42.7338],[-94.875,42.7337],[-94.875,42.7409],[-94.8554,42.7406],[-94.8554,42.7549],[-94.8358,42.7548],[-94.8359,42.7584],[-94.8261,42.7583],[-94.8262,42.7619],[-94.7968,42.7615],[-94.7969,42.7831],[-94.7573,42.7829],[-94.7574,42.7901],[-94.7479,42.7902],[-94.7478,42.812],[-94.7771,42.8119],[-94.7771,42.835],[-94.7672,42.835],[-94.7672,42.8277],[-94.7574,42.8277],[-94.7575,42.8204],[-94.7379,42.8204],[-94.7379,42.8258],[-94.728,42.8258],[-94.728,42.8312],[-94.7231,42.8312],[-94.7231,42.8348],[-94.7378,42.8352],[-94.7379,42.8278],[-94.7477,42.8278],[-94.7476,42.8312],[-94.7574,42.8314],[-94.7574,42.8349],[-94.7469,42.8349],[-94.7476,42.842],[-94.7525,42.8421],[-94.7525,42.8494],[-94.7427,42.8493],[-94.7426,42.8429],[-94.7378,42.8428],[-94.7377,42.8565],[-94.7475,42.8565],[-94.7476,42.8602],[-94.7574,42.8605],[-94.7574,42.8635],[-94.7574,42.8712],[-94.7377,42.8711],[-94.7377,42.8927],[-94.7277,42.8926],[-94.7277,42.889],[-94.7132,42.889],[-94.7132,42.8853],[-94.6984,42.8854],[-94.6984,42.8782],[-94.6935,42.8782],[-94.6935,42.8709],[-94.6837,42.871],[-94.6837,42.8782],[-94.6884,42.8782],[-94.6885,42.8855],[-94.6835,42.8855],[-94.6835,42.8819],[-94.6788,42.8819],[-94.6788,42.8891],[-94.6689,42.8892],[-94.6689,42.8928],[-94.6788,42.8927],[-94.6788,42.8964],[-94.6741,42.8963],[-94.674,42.9],[-94.6591,42.9002],[-94.6588,42.909],[-94.6196,42.9091],[-94.6196,42.92],[-94.6146,42.9199],[-94.6147,42.9163],[-94.6097,42.9162],[-94.6098,42.9091],[-94.5999,42.9091],[-94.5999,42.9162],[-94.5802,42.9162],[-94.5803,42.909],[-94.5605,42.9089],[-94.5605,42.9162],[-94.551,42.9161],[-94.551,42.9088],[-94.5314,42.9086],[-94.5314,42.9159],[-94.5215,42.9158],[-94.5215,42.9085],[-94.443,42.9081],[-94.443,42.8917],[-94.4724,42.8919],[-94.4723,42.8846],[-94.4625,42.8845],[-94.4624,42.8773],[-94.4452,42.8774]]]}},{"type":"Feature","properties":{"leaid":"1930720","name":"West Bend-Mallard Community School District","kind":"Unified","gradeLow":"PK","gradeHigh":"12","state":"IA"},"geometry":{"type":"Polygon","coordinates":[[[-94.4426,43.0829],[-94.4426,43.0311],[-94.4327,43.0312],[-94.4327,43.0095],[-94.4228,43.0095],[-94.4228,43.0168],[-94.4175,43.0168],[-94.413,43.0168],[-94.4132,43.0095],[-94.3443,43.0096],[-94.3443,42.9988],[-94.3346,42.9988],[-94.3348,42.9951],[-94.3247,42.9951],[-94.3249,42.9407],[-94.3156,42.9406],[-94.3155,42.9269],[-94.3155,42.9225],[-94.3249,42.9226],[-94.3249,42.9153],[-94.3545,42.9153],[-94.3544,42.9225],[-94.3741,42.9225],[-94.3741,42.9298],[-94.4037,42.9298],[-94.4037,42.9225],[-94.3938,42.9225],[-94.3938,42.9153],[-94.4038,42.9153],[-94.4038,42.9081],[-94.4087,42.9081],[-94.4086,42.9026],[-94.4037,42.9026],[-94.4037,42.8954],[-94.3988,42.8954],[-94.3987,42.8918],[-94.3938,42.8918],[-94.3938,42.8884],[-94.4037,42.8883],[-94.4037,42.8845],[-94.4234,42.8845],[-94.4234,42.8879],[-94.443,42.888],[-94.4428,42.8775],[-94.4624,42.8773],[-94.4625,42.8845],[-94.4723,42.8846],[-94.4724,42.8919],[-94.443,42.8917],[-94.443,42.9081],[-94.5215,42.9085],[-94.5215,42.9158],[-94.5314,42.9159],[-94.5314,42.9086],[-94.551,42.9088],[-94.551,42.9161],[-94.5605,42.9162],[-94.5605,42.9089],[-94.5803,42.909],[-94.5802,42.9162],[-94.5999,42.9162],[-94.5999,42.9091],[-94.6098,42.9091],[-94.6097,42.9162],[-94.6147,42.9163],[-94.6146,42.9199],[-94.6196,42.92],[-94.6196,42.9091],[-94.6588,42.909],[-94.6591,42.9002],[-94.674,42.9],[-94.6741,42.8963],[-94.6788,42.8964],[-94.6788,42.8927],[-94.6689,42.8928],[-94.6689,42.8892],[-94.6788,42.8891],[-94.6788,42.8819],[-94.6835,42.8819],[-94.6835,42.8855],[-94.6885,42.8855],[-94.6884,42.8782],[-94.6837,42.8782],[-94.6837,42.871],[-94.6935,42.8709],[-94.6935,42.8782],[-94.6984,42.8782],[-94.6984,42.8854],[-94.7132,42.8853],[-94.7132,42.889],[-94.7277,42.889],[-94.7277,42.8926],[-94.7672,42.8928],[-94.7674,42.9091],[-94.7771,42.9091],[-94.7771,42.9127],[-94.7819,42.9127],[-94.7819,42.9163],[-94.7919,42.9163],[-94.7919,42.9091],[-94.7969,42.9091],[-94.7968,42.9236],[-94.8066,42.9236],[-94.8068,42.9453],[-94.8165,42.9454],[-94.8167,42.9598],[-94.7969,42.9597],[-94.7969,42.9525],[-94.7934,42.9525],[-94.7934,42.9507],[-94.7917,42.9507],[-94.7908,42.9525],[-94.7671,42.9525],[-94.7671,42.9561],[-94.7623,42.9561],[-94.7623,42.9525],[-94.7573,42.9525],[-94.7574,42.9597],[-94.7623,42.9597],[-94.7625,42.9669],[-94.7377,42.9671],[-94.7379,42.9761],[-94.7279,42.9761],[-94.7279,42.9851],[-94.7329,42.9851],[-94.7327,42.9952],[-94.718,42.9952],[-94.718,43.0132],[-94.7082,43.0133],[-94.7082,43.0277],[-94.7031,43.0277],[-94.7032,43.0314],[-94.6983,43.0314],[-94.6982,43.0241],[-94.6884,43.0242],[-94.6884,43.0169],[-94.6835,43.017],[-94.6835,43.0134],[-94.6885,43.0133],[-94.6885,43.0061],[-94.6786,43.0061],[-94.6786,43.0134],[-94.6737,43.0134],[-94.6737,43.0097],[-94.6592,43.0096],[-94.6591,43.0024],[-94.6492,43.0024],[-94.6492,43.0169],[-94.6592,43.0169],[-94.6594,43.0243],[-94.6631,43.0265],[-94.6654,43.0309],[-94.6739,43.0314],[-94.6739,43.035],[-94.6689,43.035],[-94.6689,43.0386],[-94.6392,43.0385],[-94.6393,43.0349],[-94.6294,43.0349],[-94.6295,43.0313],[-94.6244,43.0312],[-94.6244,43.0241],[-94.5998,43.0239],[-94.5998,43.0222],[-94.595,43.0214],[-94.595,43.0097],[-94.5753,43.0097],[-94.5753,43.0175],[-94.5605,43.0182],[-94.5606,43.0313],[-94.5116,43.0313],[-94.5115,43.0385],[-94.5212,43.0385],[-94.5212,43.0458],[-94.5017,43.0456],[-94.5016,43.053],[-94.5114,43.053],[-94.5114,43.0603],[-94.5016,43.0602],[-94.5014,43.0746],[-94.4819,43.0744],[-94.4819,43.0829],[-94.4426,43.0829]]]}},{"type":"Feature","properties":{"leaid":"1903450","name":"North Butler Community School District","kind":"Unified","gradeLow":"PK","gradeHigh":"12","state":"IA"},"geometry":{"type":"MultiPolygon","coordinates":[[[[-92.7469,42.8256],[-92.7617,42.8256],[-92.7618,42.822],[-92.7568,42.8219],[-92.7569,42.8101],[-92.7618,42.8101],[-92.7617,42.7992],[-92.7667,42.7992],[-92.7668,42.7956],[-92.752,42.7956],[-92.7519,42.7883],[-92.7568,42.7883],[-92.7569,42.7846],[-92.7519,42.7847],[-92.7518,42.7738],[-92.737,42.7738],[-92.737,42.7701],[-92.7321,42.7701],[-92.732,42.7665],[-92.7123,42.7665],[-92.7122,42.7374],[-92.7271,42.7375],[-92.727,42.7225],[-92.7123,42.7224],[-92.7123,42.6935],[-92.7319,42.6934],[-92.7319,42.6861],[-92.7122,42.6861],[-92.7122,42.6788],[-92.722,42.6788],[-92.722,42.6752],[-92.7318,42.6752],[-92.7318,42.6698],[-92.7269,42.6698],[-92.7269,42.6643],[-92.7318,42.6643],[-92.7318,42.657],[-92.7613,42.657],[-92.7613,42.6606],[-92.7711,42.6607],[-92.7711,42.6642],[-92.7809,42.6643],[-92.7808,42.6679],[-92.7904,42.668],[-92.7903,42.6788],[-92.8298,42.6789],[-92.8296,42.6861],[-92.8394,42.6863],[-92.8392,42.6936],[-92.8493,42.6936],[-92.8492,42.6903],[-92.8592,42.6937],[-92.8592,42.6972],[-92.8691,42.6972],[-92.8691,42.7008],[-92.889,42.7009],[-92.889,42.7153],[-92.8941,42.7153],[-92.894,42.7117],[-92.8989,42.7117],[-92.8987,42.7226],[-92.8891,42.7226],[-92.8891,42.7305],[-92.899,42.7306],[-92.8989,42.7377],[-92.9038,42.7376],[-92.9037,42.7502],[-92.9124,42.7501],[-92.9125,42.7557],[-92.9173,42.7557],[-92.9173,42.7593],[-92.9232,42.7594],[-92.9231,42.7629],[-92.9256,42.7629],[-92.9259,42.7648],[-92.9368,42.7589],[-92.9368,42.7666],[-92.9514,42.7667],[-92.9515,42.7775],[-92.9466,42.7775],[-92.9466,42.7811],[-92.9417,42.7811],[-92.9416,42.7756],[-92.9367,42.7757],[-92.9367,42.7774],[-92.9319,42.7774],[-92.9318,42.7883],[-92.9269,42.7883],[-92.9269,42.7775],[-92.9221,42.7774],[-92.922,42.781],[-92.9073,42.781],[-92.9073,42.7882],[-92.9221,42.7883],[-92.9219,42.7928],[-92.9269,42.7928],[-92.9268,42.8064],[-92.917,42.8064],[-92.9168,42.8259],[-92.9267,42.8259],[-92.9268,42.81],[-92.9317,42.81],[-92.9318,42.8064],[-92.9367,42.8064],[-92.9365,42.8259],[-92.9316,42.8259],[-92.9317,42.8331],[-92.9365,42.8331],[-92.9365,42.8404],[-92.9463,42.8405],[-92.9463,42.8368],[-92.9561,42.8367],[-92.9561,42.8293],[-92.966,42.8293],[-92.9663,42.8549],[-92.9708,42.8549],[-92.9708,42.8622],[-92.9858,42.8622],[-92.9858,42.8659],[-92.976,42.8659],[-92.9761,42.8767],[-92.9958,42.8767],[-92.9957,42.855],[-93.0056,42.855],[-93.0057,42.8623],[-93.0155,42.8622],[-93.0155,42.8731],[-93.0057,42.8732],[-93.0057,42.8768],[-93.0253,42.8766],[-93.0251,42.9075],[-92.9857,42.9075],[-92.9856,42.9147],[-92.9757,42.9147],[-92.9757,42.922],[-92.9669,42.922],[-92.9559,42.922],[-92.956,42.9148],[-92.9461,42.9147],[-92.9462,42.9075],[-92.8298,42.9073],[-92.8299,42.9508],[-92.8101,42.9507],[-92.8102,42.9653],[-92.7903,42.9654],[-92.7905,42.9728],[-92.7471,42.9727],[-92.747,42.9654],[-92.7223,42.9655],[-92.7223,42.9582],[-92.7124,42.9582],[-92.7124,42.9508],[-92.6926,42.9508],[-92.6927,42.9435],[-92.6877,42.9435],[-92.6878,42.9362],[-92.6728,42.9362],[-92.6729,42.9071],[-92.6534,42.9071],[-92.6533,42.9018],[-92.6483,42.9017],[-92.6483,42.8981],[-92.6433,42.8981],[-92.6434,42.8764],[-92.6729,42.8766],[-92.6729,42.8693],[-92.6779,42.8693],[-92.6779,42.862],[-92.6828,42.862],[-92.6828,42.8474],[-92.7122,42.8473],[-92.7121,42.8371],[-92.7138,42.8364],[-92.7146,42.8291],[-92.7222,42.8291],[-92.7221,42.8424],[-92.7298,42.84],[-92.7377,42.8422],[-92.7468,42.8393],[-92.7567,42.8402],[-92.7568,42.8365],[-92.7469,42.8366],[-92.7469,42.8256]],[[-92.6828,42.862],[-92.6828,42.8766],[-92.6877,42.8766],[-92.6877,42.8674],[-92.6927,42.8674],[-92.6927,42.8693],[-92.6977,42.8692],[-92.6977,42.8583],[-92.7025,42.8582],[-92.7026,42.8547],[-92.6927,42.8547],[-92.6927,42.8583],[-92.6877,42.8583],[-92.6877,42.862],[-92.6828,42.862]]],[[[-92.7469,42.8256],[-92.7321,42.8256],[-92.7321,42.8183],[-92.747,42.8183],[-92.7469,42.8256]]]]}},{"type":"Feature","properties":{"leaid":"1919440","name":"Missouri Valley Community School District","kind":"Unified","gradeLow":"PK","gradeHigh":"12","state":"IA"},"geometry":{"type":"Polygon","coordinates":[[[-95.906,41.6573],[-95.906,41.6465],[-95.8958,41.6465],[-95.8967,41.6347],[-95.8953,41.6319],[-95.8862,41.632],[-95.8862,41.6176],[-95.8668,41.6175],[-95.8668,41.603],[-95.8229,41.6027],[-95.8229,41.5898],[-95.7991,41.5897],[-95.7989,41.5716],[-95.7749,41.5717],[-95.7749,41.5427],[-95.7942,41.5427],[-95.7943,41.5355],[-95.7846,41.5353],[-95.7846,41.5209],[-95.7942,41.5209],[-95.7942,41.503],[-95.8038,41.5029],[-95.8038,41.4969],[-95.8065,41.4973],[-95.8135,41.4957],[-95.8135,41.4942],[-95.8183,41.4939],[-95.8184,41.4886],[-95.8088,41.4884],[-95.8089,41.4813],[-95.8137,41.4812],[-95.8137,41.4847],[-95.8233,41.4846],[-95.8234,41.4701],[-95.8182,41.4701],[-95.8186,41.4594],[-95.8232,41.4594],[-95.8224,41.4196],[-95.9306,41.4192],[-95.933,41.4262],[-95.9323,41.4321],[-95.9221,41.4417],[-95.9195,41.4482],[-95.9212,41.4551],[-95.9271,41.4608],[-95.9335,41.4643],[-95.9418,41.4663],[-95.9584,41.4632],[-95.965,41.4632],[-95.9843,41.4709],[-96.004,41.4721],[-96.0112,41.4762],[-96.0178,41.4836],[-96.0195,41.4916],[-96.0006,41.5025],[-95.9962,41.507],[-95.9933,41.5123],[-95.9943,41.5237],[-96.0,41.5395],[-96.0014,41.5406],[-96.0051,41.5432],[-96.0139,41.5453],[-96.0192,41.5451],[-96.0235,41.5434],[-96.0267,41.5404],[-96.0311,41.523],[-96.0344,41.5211],[-96.0337,41.5171],[-96.0349,41.5117],[-96.0379,41.5079],[-96.0447,41.5069],[-96.055,41.5095],[-96.0727,41.5231],[-96.084,41.5269],[-96.0901,41.5317],[-96.0951,41.5411],[-96.0966,41.5456],[-96.095,41.5548],[-96.0913,41.5622],[-96.0825,41.5711],[-96.0812,41.5743],[-96.0823,41.5807],[-96.0287,41.5804],[-96.0284,41.5839],[-96.0042,41.5839],[-96.0041,41.5947],[-95.9699,41.5939],[-95.9699,41.5903],[-95.9464,41.5901],[-95.9461,41.6033],[-95.9252,41.6032],[-95.9251,41.6576],[-95.906,41.6573]]]}},{"type":"Feature","properties":{"leaid":"1931110","name":"West Monona Community School District","kind":"Unified","gradeLow":"PK","gradeHigh":"12","state":"IA"},"geometry":{"type":"Polygon","coordinates":[[[-95.9821,42.0945],[-95.9633,42.0947],[-95.9635,42.0875],[-95.9538,42.0876],[-95.9539,42.0805],[-95.9442,42.0805],[-95.9441,42.0517],[-95.9242,42.052],[-95.9245,42.0374],[-95.8953,42.0375],[-95.8953,42.0448],[-95.8664,42.0447],[-95.8661,42.0228],[-95.8611,42.0228],[-95.8609,42.03],[-95.8469,42.0301],[-95.8471,41.9938],[-95.8372,41.9937],[-95.8372,41.9793],[-95.847,41.9792],[-95.847,41.9684],[-95.8567,41.9684],[-95.8567,41.9648],[-95.8471,41.9647],[-95.8472,41.9575],[-95.8375,41.9574],[-95.8377,41.9502],[-95.8474,41.9501],[-95.8472,41.9467],[-95.8571,41.9466],[-95.8572,41.9429],[-95.8667,41.943],[-95.867,41.925],[-95.8768,41.9267],[-95.8765,41.9285],[-95.8814,41.9285],[-95.8816,41.9322],[-95.8861,41.9322],[-95.8862,41.925],[-95.8959,41.9248],[-95.8959,41.9212],[-95.9052,41.921],[-95.9054,41.8923],[-95.9545,41.8923],[-95.9542,41.8781],[-95.959,41.8781],[-95.9588,41.8673],[-95.9637,41.8674],[-95.9636,41.8635],[-96.0596,41.8647],[-96.0601,41.8498],[-96.08,41.8499],[-96.0798,41.8467],[-96.0734,41.8426],[-96.0797,41.8427],[-96.0795,41.8354],[-96.1091,41.836],[-96.1077,41.8418],[-96.1113,41.8502],[-96.1166,41.8551],[-96.135,41.8633],[-96.1419,41.869],[-96.146,41.8751],[-96.1488,41.8882],[-96.1618,41.9018],[-96.162,41.9056],[-96.1591,41.9101],[-96.1543,41.9124],[-96.1423,41.9154],[-96.1367,41.9208],[-96.1366,41.9272],[-96.1435,41.9374],[-96.1446,41.9415],[-96.1426,41.9459],[-96.1354,41.9522],[-96.13,41.9626],[-96.1289,41.9697],[-96.1304,41.9729],[-96.1427,41.9785],[-96.158,41.9803],[-96.1772,41.9763],[-96.1872,41.9779],[-96.1906,41.9807],[-96.1921,41.9845],[-96.1843,41.9966],[-96.184,42.0031],[-96.1859,42.0059],[-96.1946,42.0087],[-96.2061,42.0093],[-96.2152,42.0067],[-96.2218,41.9974],[-96.2255,41.9947],[-96.2297,41.9944],[-96.2365,41.9964],[-96.242,42.0009],[-96.2419,42.007],[-96.2389,42.0123],[-96.2279,42.0187],[-96.2236,42.0227],[-96.2217,42.0262],[-96.2238,42.0333],[-96.235,42.0401],[-96.227,42.0374],[-96.2283,42.0383],[-96.2344,42.0407],[-96.2468,42.0416],[-96.2562,42.0382],[-96.2653,42.0403],[-96.2725,42.0462],[-96.2779,42.058],[-96.2755,42.058],[-96.2739,42.0557],[-96.1944,42.0553],[-96.1943,42.0697],[-96.1701,42.0694],[-96.1707,42.0729],[-96.1409,42.0728],[-96.1412,42.0799],[-96.1164,42.0793],[-96.1162,42.0829],[-96.0967,42.0829],[-96.0968,42.086],[-96.0922,42.0862],[-96.0921,42.0972],[-96.0204,42.0944],[-96.0203,42.0873],[-95.9823,42.0872],[-95.9821,42.0945]],[[-95.8667,41.943],[-95.8665,41.9504],[-95.8811,41.9503],[-95.8812,41.9428],[-95.8667,41.943]],[[-95.8812,41.9428],[-95.8861,41.9431],[-95.8863,41.9393],[-95.8812,41.9393],[-95.8812,41.9428]]]}},{"type":"Feature","properties":{"leaid":"1919800","name":"Moulton-Udell Community School District","kind":"Unified","gradeLow":"PK","gradeHigh":"12","state":"IA"},"geometry":{"type":"MultiPolygon","coordinates":[[[[-92.6183,40.6981],[-92.6183,40.697],[-92.6198,40.697],[-92.6198,40.6981],[-92.6183,40.6981]]],[[[-92.6484,40.8418],[-92.6048,40.8418],[-92.605,40.8346],[-92.6142,40.8346],[-92.6142,40.8275],[-92.6189,40.8271],[-92.6194,40.8166],[-92.6147,40.8167],[-92.6146,40.8201],[-92.6097,40.8199],[-92.6098,40.8129],[-92.624,40.8129],[-92.6241,40.8088],[-92.6197,40.8089],[-92.6196,40.8018],[-92.61,40.8016],[-92.61,40.7982],[-92.6148,40.7981],[-92.6146,40.7908],[-92.6195,40.7908],[-92.6194,40.7872],[-92.6243,40.7871],[-92.6243,40.7894],[-92.627,40.7907],[-92.6273,40.7889],[-92.6289,40.7889],[-92.6288,40.7798],[-92.6146,40.78],[-92.6146,40.7766],[-92.6389,40.7761],[-92.6386,40.758],[-92.6335,40.758],[-92.6335,40.7545],[-92.6287,40.7544],[-92.6288,40.7436],[-92.6238,40.7437],[-92.6238,40.7363],[-92.6286,40.7363],[-92.6286,40.7327],[-92.6238,40.7327],[-92.6239,40.7255],[-92.6104,40.7255],[-92.6103,40.7185],[-92.615,40.7185],[-92.615,40.715],[-92.6245,40.7149],[-92.6244,40.7228],[-92.6254,40.7255],[-92.6287,40.7255],[-92.6286,40.7291],[-92.6385,40.7291],[-92.6384,40.7254],[-92.6339,40.7254],[-92.6338,40.7186],[-92.6384,40.7186],[-92.6383,40.7147],[-92.629,40.7148],[-92.6295,40.7115],[-92.6243,40.7115],[-92.6244,40.6968],[-92.6221,40.697],[-92.6221,40.6951],[-92.6196,40.6952],[-92.6196,40.6934],[-92.6149,40.6933],[-92.6151,40.6951],[-92.6173,40.6952],[-92.6174,40.697],[-92.615,40.697],[-92.6147,40.7079],[-92.6103,40.7079],[-92.61,40.7056],[-92.6069,40.7076],[-92.6004,40.7079],[-92.6005,40.7033],[-92.6103,40.703],[-92.6101,40.6887],[-92.6051,40.6884],[-92.6053,40.6823],[-92.6096,40.6822],[-92.6097,40.6787],[-92.6192,40.6788],[-92.619,40.6751],[-92.633,40.6749],[-92.6327,40.6654],[-92.6379,40.6652],[-92.638,40.6603],[-92.6357,40.6604],[-92.6358,40.6569],[-92.609,40.6569],[-92.6091,40.6578],[-92.6043,40.6577],[-92.6043,40.6605],[-92.5996,40.6604],[-92.5998,40.6641],[-92.595,40.6641],[-92.5947,40.6464],[-92.59,40.6464],[-92.5913,40.6436],[-92.5948,40.6431],[-92.5947,40.6459],[-92.5995,40.646],[-92.5995,40.6495],[-92.609,40.6494],[-92.609,40.6531],[-92.6171,40.6532],[-92.617,40.6459],[-92.6209,40.6459],[-92.6212,40.6533],[-92.6381,40.6531],[-92.6382,40.6384],[-92.628,40.6387],[-92.628,40.6349],[-92.6327,40.635],[-92.6328,40.6313],[-92.6383,40.6313],[-92.638,40.6204],[-92.6233,40.6205],[-92.6233,40.6168],[-92.6089,40.6168],[-92.6091,40.6187],[-92.6139,40.6185],[-92.6138,40.6277],[-92.609,40.6277],[-92.609,40.6313],[-92.5949,40.6313],[-92.5948,40.6387],[-92.5996,40.6386],[-92.5994,40.6423],[-92.5902,40.6414],[-92.59,40.6385],[-92.5853,40.6386],[-92.5853,40.6313],[-92.5899,40.6313],[-92.59,40.6242],[-92.5853,40.624],[-92.5852,40.6204],[-92.5899,40.6205],[-92.5901,40.6168],[-92.5948,40.6168],[-92.5946,40.6023],[-92.6084,40.6022],[-92.6093,40.5988],[-92.6138,40.5986],[-92.6138,40.6058],[-92.6185,40.6059],[-92.6186,40.6094],[-92.6278,40.6096],[-92.6281,40.6168],[-92.638,40.6168],[-92.638,40.606],[-92.6328,40.606],[-92.6327,40.6024],[-92.6281,40.6023],[-92.6282,40.5949],[-92.6233,40.5948],[-92.6234,40.5986],[-92.6184,40.5986],[-92.6184,40.5913],[-92.7529,40.589],[-92.7531,40.5982],[-92.7578,40.5982],[-92.7578,40.6021],[-92.7623,40.6022],[-92.7624,40.6057],[-92.7721,40.6059],[-92.7719,40.6095],[-92.7766,40.6094],[-92.7767,40.6304],[-92.7861,40.6313],[-92.7861,40.6238],[-92.8004,40.6237],[-92.8,40.6308],[-92.8051,40.6315],[-92.805,40.6346],[-92.7909,40.6347],[-92.7909,40.6454],[-92.7864,40.6457],[-92.7863,40.6528],[-92.8005,40.6528],[-92.8005,40.6564],[-92.8053,40.6564],[-92.8053,40.6541],[-92.8098,40.6551],[-92.8099,40.6637],[-92.8051,40.6637],[-92.8051,40.6671],[-92.796,40.6672],[-92.7958,40.6654],[-92.7911,40.6654],[-92.7912,40.6744],[-92.7864,40.6744],[-92.7864,40.678],[-92.7816,40.678],[-92.7817,40.6745],[-92.7721,40.6746],[-92.7721,40.6818],[-92.7919,40.6816],[-92.7911,40.6889],[-92.7817,40.6889],[-92.7818,40.6964],[-92.7958,40.6961],[-92.7958,40.7034],[-92.7912,40.7033],[-92.7911,40.7122],[-92.7915,40.7181],[-92.7958,40.718],[-92.7959,40.7288],[-92.803,40.729],[-92.8031,40.7272],[-92.8055,40.7271],[-92.8058,40.7327],[-92.8032,40.733],[-92.8031,40.7361],[-92.8009,40.7363],[-92.8009,40.7398],[-92.8152,40.74],[-92.8149,40.7435],[-92.81,40.7437],[-92.8103,40.7542],[-92.8029,40.7542],[-92.8078,40.7493],[-92.8058,40.7484],[-92.8058,40.7435],[-92.8039,40.7435],[-92.8008,40.7543],[-92.7818,40.7543],[-92.7819,40.7613],[-92.7965,40.7614],[-92.7962,40.7651],[-92.8201,40.7652],[-92.82,40.7688],[-92.8294,40.7688],[-92.8296,40.7796],[-92.82,40.7798],[-92.8202,40.7906],[-92.7917,40.7904],[-92.7915,40.794],[-92.782,40.7941],[-92.7821,40.8013],[-92.7727,40.8013],[-92.7724,40.8049],[-92.7677,40.805],[-92.7614,40.8104],[-92.7538,40.8116],[-92.7535,40.8308],[-92.7388,40.8308],[-92.739,40.8343],[-92.7251,40.8344],[-92.7246,40.8312],[-92.7151,40.8308],[-92.715,40.8173],[-92.7087,40.8202],[-92.7054,40.8204],[-92.7053,40.8127],[-92.6958,40.8127],[-92.6958,40.8049],[-92.6673,40.8051],[-92.6673,40.8128],[-92.6577,40.8129],[-92.6576,40.8346],[-92.6482,40.8345],[-92.6484,40.8418]]]]}},{"type":"Feature","properties":{"leaid":"1925620","name":"Seymour Community School District","kind":"Unified","gradeLow":"PK","gradeHigh":"12","state":"IA"},"geometry":{"type":"Polygon","coordinates":[[[-93.0977,40.841],[-93.0976,40.8269],[-93.0785,40.8267],[-93.0784,40.8339],[-93.069,40.8339],[-93.0687,40.8267],[-93.0684,40.8265],[-93.0597,40.8267],[-93.0595,40.8374],[-93.0549,40.8374],[-93.0548,40.8411],[-93.0453,40.8411],[-93.0451,40.8375],[-93.0403,40.8375],[-93.0402,40.8409],[-93.0306,40.8411],[-93.0306,40.8157],[-93.0259,40.8157],[-93.0258,40.8121],[-93.0306,40.8121],[-93.0304,40.8045],[-93.0401,40.8045],[-93.0398,40.7538],[-93.0209,40.7539],[-93.0205,40.7426],[-93.0302,40.7428],[-93.0302,40.7247],[-93.0206,40.7246],[-93.0206,40.7034],[-93.011,40.7033],[-93.0111,40.7016],[-93.0158,40.7015],[-93.0158,40.6997],[-93.0206,40.6997],[-93.0203,40.6962],[-92.9823,40.6962],[-92.9825,40.6851],[-92.9872,40.6851],[-92.9872,40.6804],[-92.9824,40.6803],[-92.9823,40.6451],[-92.9724,40.6454],[-92.9721,40.6381],[-92.9822,40.638],[-92.9823,40.6091],[-92.9965,40.609],[-92.9963,40.5979],[-92.987,40.5971],[-92.9868,40.5868],[-93.1358,40.5829],[-93.2889,40.5808],[-93.2888,40.6177],[-93.2935,40.6178],[-93.2935,40.6195],[-93.2886,40.6196],[-93.2887,40.6232],[-93.2982,40.6232],[-93.2981,40.6268],[-93.303,40.6269],[-93.3029,40.6377],[-93.3217,40.6393],[-93.3218,40.6449],[-93.3271,40.6449],[-93.3272,40.6633],[-93.3171,40.6631],[-93.3169,40.6447],[-93.3028,40.645],[-93.3027,40.6486],[-93.2981,40.6487],[-93.2981,40.6558],[-93.2933,40.6559],[-93.2933,40.6595],[-93.2981,40.6595],[-93.298,40.6631],[-93.2885,40.6632],[-93.2885,40.6668],[-93.2694,40.6668],[-93.2694,40.6959],[-93.2361,40.6959],[-93.2361,40.6912],[-93.2314,40.692],[-93.2314,40.6956],[-93.2266,40.6957],[-93.2266,40.7067],[-93.2218,40.7067],[-93.2218,40.7139],[-93.217,40.7139],[-93.217,40.7176],[-93.2122,40.7176],[-93.2121,40.823],[-93.2024,40.823],[-93.2025,40.8255],[-93.1956,40.8266],[-93.1953,40.8301],[-93.1929,40.8301],[-93.1929,40.8339],[-93.1833,40.8339],[-93.1833,40.8303],[-93.1786,40.8303],[-93.1786,40.834],[-93.1738,40.834],[-93.1738,40.8413],[-93.169,40.8413],[-93.169,40.8376],[-93.1593,40.8376],[-93.1592,40.8414],[-93.1545,40.8414],[-93.1546,40.8339],[-93.1483,40.8339],[-93.1352,40.8339],[-93.1355,40.8411],[-93.0977,40.841]]]}},{"type":"Feature","properties":{"leaid":"1907380","name":"Clarion-Goldfield-Dows Community School District","kind":"Unified","gradeLow":"PK","gradeHigh":"12","state":"IA"},"geometry":{"type":"MultiPolygon","coordinates":[[[[-93.6351,42.775],[-93.6365,42.7758],[-93.6351,42.7758],[-93.6351,42.775]]],[[[-93.6365,42.775],[-93.6366,42.7678],[-93.6171,42.7675],[-93.6173,42.7458],[-93.6114,42.7458],[-93.6114,42.7388],[-93.6067,42.739],[-93.6066,42.7313],[-93.5969,42.7313],[-93.597,42.7279],[-93.5773,42.7279],[-93.5773,42.7244],[-93.5661,42.7253],[-93.5626,42.7243],[-93.5627,42.7207],[-93.5636,42.7215],[-93.5655,42.7204],[-93.5637,42.7189],[-93.5578,42.7179],[-93.5578,42.7099],[-93.5479,42.7099],[-93.5479,42.7171],[-93.5185,42.7172],[-93.5185,42.7245],[-93.5283,42.7244],[-93.5283,42.7313],[-93.488,42.7313],[-93.488,42.7385],[-93.4782,42.7386],[-93.4782,42.7458],[-93.4758,42.7458],[-93.4756,42.7313],[-93.4389,42.7313],[-93.4389,42.7278],[-93.4291,42.728],[-93.4293,42.7171],[-93.4391,42.7171],[-93.4391,42.7134],[-93.428,42.7134],[-93.4293,42.7101],[-93.4293,42.7025],[-93.4196,42.7025],[-93.4196,42.6953],[-93.4097,42.6954],[-93.4097,42.6917],[-93.4,42.692],[-93.4,42.6956],[-93.3901,42.6954],[-93.39,42.6881],[-93.3803,42.6879],[-93.3804,42.6734],[-93.3649,42.6734],[-93.365,42.6661],[-93.3502,42.666],[-93.3502,42.6588],[-93.3405,42.6586],[-93.3404,42.6439],[-93.3504,42.6442],[-93.3503,42.6372],[-93.3602,42.6371],[-93.3603,42.6301],[-93.3807,42.6302],[-93.3807,42.6157],[-93.3908,42.6156],[-93.391,42.6229],[-93.3933,42.6229],[-93.3936,42.6302],[-93.4008,42.63],[-93.4006,42.6375],[-93.4102,42.6374],[-93.4105,42.6301],[-93.43,42.6302],[-93.4301,42.6228],[-93.4205,42.6227],[-93.4205,42.6155],[-93.4792,42.6158],[-93.479,42.6084],[-93.4995,42.6085],[-93.4995,42.5577],[-93.5191,42.5577],[-93.5191,42.5631],[-93.5289,42.5631],[-93.529,42.5686],[-93.5388,42.5686],[-93.5388,42.5647],[-93.5484,42.5649],[-93.5485,42.5613],[-93.5584,42.5615],[-93.5581,42.565],[-93.568,42.5649],[-93.568,42.5575],[-93.5884,42.5575],[-93.5881,42.5722],[-93.5827,42.5722],[-93.5829,42.5759],[-93.588,42.5759],[-93.5879,42.5794],[-93.6175,42.5794],[-93.6175,42.5827],[-93.6191,42.5828],[-93.6192,42.5793],[-93.6224,42.5794],[-93.6224,42.5829],[-93.6273,42.5829],[-93.6272,42.5866],[-93.6368,42.5866],[-93.6368,42.6008],[-93.6465,42.6005],[-93.6469,42.5932],[-93.6566,42.5939],[-93.6566,42.5721],[-93.6664,42.5722],[-93.6657,42.5576],[-93.6958,42.5575],[-93.6957,42.5722],[-93.7033,42.5722],[-93.7031,42.5793],[-93.7054,42.5794],[-93.7058,42.5866],[-93.7103,42.5866],[-93.7102,42.5834],[-93.7153,42.5831],[-93.7154,42.5721],[-93.735,42.572],[-93.735,42.5793],[-93.7252,42.5793],[-93.7252,42.5828],[-93.735,42.5832],[-93.735,42.5865],[-93.7449,42.5865],[-93.7445,42.6077],[-93.7634,42.6081],[-93.764,42.6114],[-93.7689,42.6118],[-93.7698,42.6155],[-93.7742,42.6155],[-93.7745,42.6592],[-93.7843,42.6591],[-93.7851,42.6658],[-93.7942,42.666],[-93.7942,42.6736],[-93.8139,42.6736],[-93.8139,42.6772],[-93.8237,42.6772],[-93.8238,42.688],[-93.814,42.6881],[-93.814,42.6954],[-93.819,42.6955],[-93.819,42.6989],[-93.8288,42.6988],[-93.8289,42.7025],[-93.8337,42.7024],[-93.8337,42.7169],[-93.8434,42.7169],[-93.844,42.7243],[-93.8824,42.7244],[-93.8824,42.71],[-93.8924,42.7099],[-93.8925,42.7026],[-93.9188,42.7025],[-93.9189,42.704],[-93.9202,42.704],[-93.9202,42.7025],[-93.932,42.7026],[-93.9319,42.699],[-93.9718,42.699],[-93.9713,42.7279],[-93.9811,42.7279],[-93.9811,42.7243],[-93.9861,42.7243],[-93.9861,42.7278],[-93.991,42.7277],[-93.9911,42.7242],[-94.0204,42.7242],[-94.0204,42.7315],[-94.0499,42.7316],[-94.0501,42.757],[-94.0324,42.7557],[-94.0304,42.7549],[-94.0303,42.7534],[-94.0107,42.7533],[-93.9959,42.7533],[-93.9958,42.7569],[-93.991,42.7569],[-93.991,42.7533],[-93.9812,42.7533],[-93.9812,42.7605],[-93.991,42.7605],[-93.991,42.7633],[-93.991,42.7678],[-93.9716,42.7679],[-93.9715,42.7823],[-93.9814,42.7823],[-93.9812,42.7896],[-93.9569,42.7898],[-93.9567,42.7933],[-93.9517,42.7931],[-93.9519,42.797],[-93.9491,42.7971],[-93.9491,42.8007],[-93.9521,42.801],[-93.9528,42.8001],[-93.9614,42.8036],[-93.9611,42.8104],[-93.9519,42.8032],[-93.9517,42.8079],[-93.9419,42.8078],[-93.9418,42.8115],[-93.9318,42.8113],[-93.9317,42.8197],[-93.9715,42.8197],[-93.9715,42.8269],[-93.9614,42.8271],[-93.9614,42.8342],[-93.9715,42.8341],[-93.9714,42.863],[-93.9659,42.863],[-93.9659,42.8702],[-93.9609,42.8702],[-93.9608,42.8774],[-93.9714,42.8774],[-93.9714,42.8846],[-93.9813,42.8842],[-93.9813,42.8876],[-93.9763,42.8879],[-93.9764,42.8914],[-93.9714,42.8918],[-93.9712,42.915],[-93.9605,42.9149],[-93.9605,42.9078],[-93.8817,42.9084],[-93.8819,42.8778],[-93.8525,42.8777],[-93.8526,42.8633],[-93.8625,42.8633],[-93.8624,42.8559],[-93.8526,42.8557],[-93.8527,42.8343],[-93.8428,42.8343],[-93.8432,42.8488],[-93.8327,42.8487],[-93.8327,42.8526],[-93.8228,42.8526],[-93.8232,42.8421],[-93.804,42.8411],[-93.8036,42.8379],[-93.7936,42.8379],[-93.7935,42.8417],[-93.7837,42.8416],[-93.7836,42.8487],[-93.7543,42.8487],[-93.7543,42.8415],[-93.7345,42.8414],[-93.7345,42.8487],[-93.7248,42.8486],[-93.7248,42.8414],[-93.715,42.8413],[-93.7151,42.8341],[-93.7202,42.8341],[-93.7203,42.8326],[-93.7215,42.8326],[-93.7216,42.8341],[-93.725,42.8341],[-93.7249,42.8197],[-93.6859,42.8196],[-93.6859,42.8118],[-93.6761,42.8118],[-93.676,42.7899],[-93.6611,42.7897],[-93.6612,42.7825],[-93.6566,42.7825],[-93.6562,42.7861],[-93.6513,42.786],[-93.6513,42.7823],[-93.6415,42.7824],[-93.6416,42.7751],[-93.6365,42.775]]]]}},{"type":"Feature","properties":{"leaid":"1909990","name":"Eagle Grove Community School District","kind":"Unified","gradeLow":"PK","gradeHigh":"12","state":"IA"},"geometry":{"type":"Polygon","coordinates":[[[-94.0204,42.7242],[-93.9911,42.7242],[-93.991,42.7277],[-93.9861,42.7278],[-93.9861,42.7243],[-93.9811,42.7243],[-93.9811,42.7279],[-93.9713,42.7279],[-93.9718,42.699],[-93.9609,42.6989],[-93.9319,42.699],[-93.932,42.7026],[-93.9202,42.7025],[-93.9202,42.704],[-93.9189,42.704],[-93.9188,42.7025],[-93.8925,42.7026],[-93.8924,42.7099],[-93.8824,42.71],[-93.8824,42.7244],[-93.844,42.7243],[-93.8434,42.7169],[-93.8337,42.7169],[-93.8337,42.7024],[-93.8289,42.7025],[-93.8288,42.6988],[-93.819,42.6989],[-93.819,42.6955],[-93.814,42.6954],[-93.814,42.6881],[-93.8238,42.688],[-93.8237,42.6772],[-93.8139,42.6772],[-93.8139,42.6736],[-93.7942,42.6736],[-93.7942,42.666],[-93.7851,42.6658],[-93.7843,42.6591],[-93.7745,42.6592],[-93.7742,42.6155],[-93.7698,42.6155],[-93.7689,42.6118],[-93.764,42.6114],[-93.7634,42.6081],[-93.7445,42.6077],[-93.7449,42.5865],[-93.7547,42.5866],[-93.7546,42.5721],[-93.7841,42.572],[-93.7844,42.5797],[-93.7939,42.5793],[-93.7938,42.572],[-93.8134,42.5721],[-93.8133,42.5684],[-93.8231,42.5685],[-93.8231,42.5611],[-93.828,42.5612],[-93.828,42.5575],[-93.8973,42.5579],[-93.8974,42.5614],[-93.9035,42.5615],[-93.912,42.5615],[-93.9121,42.5579],[-93.9218,42.558],[-93.9219,42.5652],[-93.9295,42.5652],[-93.9415,42.5652],[-93.9413,42.558],[-94.0106,42.5582],[-94.0106,42.5654],[-94.0253,42.5653],[-94.0253,42.5617],[-94.0399,42.5618],[-94.0398,42.5582],[-94.0497,42.5581],[-94.0499,42.5798],[-94.0695,42.5799],[-94.0695,42.5726],[-94.0899,42.5726],[-94.09,42.6882],[-94.0791,42.6882],[-94.0795,42.7245],[-94.0744,42.7245],[-94.0744,42.7298],[-94.0598,42.7298],[-94.0597,42.7207],[-94.0204,42.7207],[-94.0204,42.7242]]]}},{"type":"Feature","properties":{"leaid":"1926820","name":"Southeast Polk Community School District","kind":"Unified","gradeLow":"PK","gradeHigh":"12","state":"IA"},"geometry":{"type":"Polygon","coordinates":[[[-93.3484,41.6844],[-93.3485,41.6588],[-93.3388,41.659],[-93.3389,41.6467],[-93.3485,41.6479],[-93.3485,41.6417],[-93.3388,41.642],[-93.3388,41.6229],[-93.3193,41.6229],[-93.3193,41.6156],[-93.3241,41.6156],[-93.3241,41.621],[-93.329,41.621],[-93.3289,41.6156],[-93.3338,41.6156],[-93.3336,41.6083],[-93.3433,41.6083],[-93.3434,41.6191],[-93.3486,41.6192],[-93.3487,41.601],[-93.3576,41.6009],[-93.3578,41.5908],[-93.3588,41.5904],[-93.3558,41.5865],[-93.3384,41.5873],[-93.3383,41.5839],[-93.3289,41.5843],[-93.3289,41.5343],[-93.3222,41.5333],[-93.3208,41.5342],[-93.3207,41.5369],[-93.3111,41.5369],[-93.311,41.5224],[-93.2918,41.5224],[-93.2917,41.508],[-93.2821,41.508],[-93.2819,41.4911],[-93.2833,41.4919],[-93.2833,41.4905],[-93.2817,41.4904],[-93.2816,41.4888],[-93.2847,41.4827],[-93.2868,41.4811],[-93.2903,41.4803],[-93.3045,41.483],[-93.3062,41.4837],[-93.3081,41.4882],[-93.3109,41.4891],[-93.313,41.485],[-93.3184,41.4845],[-93.32,41.4851],[-93.3202,41.4893],[-93.3285,41.4926],[-93.3284,41.4908],[-93.3345,41.4878],[-93.3399,41.4823],[-93.3449,41.4821],[-93.3476,41.4836],[-93.3525,41.4969],[-93.356,41.4982],[-93.3591,41.4963],[-93.358,41.493],[-93.3587,41.4889],[-93.3626,41.4867],[-93.3724,41.4862],[-93.3748,41.4933],[-93.3838,41.4948],[-93.3878,41.4938],[-93.3911,41.4894],[-93.3955,41.4869],[-93.4047,41.4867],[-93.4059,41.4884],[-93.4052,41.49],[-93.3973,41.4943],[-93.3965,41.4981],[-93.3981,41.5009],[-93.4015,41.5022],[-93.4045,41.5016],[-93.4115,41.4935],[-93.4183,41.492],[-93.4213,41.4931],[-93.4225,41.4954],[-93.4149,41.5009],[-93.4134,41.5041],[-93.4138,41.5074],[-93.4249,41.5075],[-93.4277,41.5051],[-93.4319,41.5047],[-93.4373,41.5021],[-93.4402,41.5026],[-93.4422,41.505],[-93.4413,41.5076],[-93.4327,41.5077],[-93.4309,41.5104],[-93.4341,41.5125],[-93.4417,41.5114],[-93.4445,41.5125],[-93.4459,41.5181],[-93.4545,41.5214],[-93.46,41.5261],[-93.4594,41.5325],[-93.4707,41.5433],[-93.4754,41.5446],[-93.4782,41.5398],[-93.4825,41.5385],[-93.4869,41.5395],[-93.489,41.5432],[-93.4867,41.5483],[-93.4884,41.5539],[-93.4946,41.5524],[-93.5004,41.5526],[-93.5046,41.5565],[-93.5064,41.563],[-93.5115,41.5641],[-93.5133,41.5632],[-93.5136,41.5562],[-93.5167,41.5532],[-93.5249,41.5517],[-93.5282,41.552],[-93.5297,41.5539],[-93.5296,41.5686],[-93.5126,41.568],[-93.5057,41.5659],[-93.5057,41.5677],[-93.5105,41.5679],[-93.5104,41.5856],[-93.5113,41.5857],[-93.5103,41.587],[-93.5111,41.5943],[-93.5099,41.5946],[-93.5111,41.595],[-93.5105,41.6006],[-93.5299,41.6006],[-93.5299,41.6369],[-93.5467,41.6368],[-93.5466,41.6477],[-93.5418,41.6477],[-93.5418,41.6514],[-93.537,41.6513],[-93.537,41.6586],[-93.5031,41.6585],[-93.5031,41.6658],[-93.4259,41.6659],[-93.4258,41.6804],[-93.4161,41.6805],[-93.4161,41.6884],[-93.3534,41.6884],[-93.3533,41.6843],[-93.3484,41.6844]]]}},{"type":"Feature","properties":{"leaid":"1923160","name":"Pleasantville Community School District","kind":"Unified","gradeLow":"PK","gradeHigh":"12","state":"IA"},"geometry":{"type":"MultiPolygon","coordinates":[[[[-93.4051,41.3925],[-93.4004,41.3918],[-93.4051,41.3916],[-93.4051,41.3925]]],[[[-93.4004,41.3926],[-93.4004,41.3934],[-93.4027,41.3935],[-93.4027,41.3961],[-93.4003,41.3962],[-93.4002,41.4034],[-93.3955,41.4034],[-93.3953,41.4143],[-93.3861,41.4144],[-93.3862,41.4217],[-93.3474,41.4216],[-93.3474,41.4794],[-93.3285,41.4793],[-93.3285,41.4926],[-93.3202,41.4893],[-93.32,41.4851],[-93.3184,41.4845],[-93.313,41.485],[-93.3109,41.4891],[-93.3094,41.4889],[-93.3062,41.4837],[-93.3045,41.483],[-93.2885,41.4802],[-93.2847,41.4827],[-93.2816,41.4889],[-93.2801,41.4892],[-93.2658,41.4821],[-93.2624,41.4785],[-93.2609,41.4735],[-93.2555,41.4726],[-93.2522,41.4704],[-93.2511,41.4675],[-93.2549,41.4631],[-93.2532,41.4609],[-93.2497,41.4612],[-93.2466,41.4647],[-93.2354,41.4638],[-93.2315,41.4658],[-93.2307,41.4678],[-93.2284,41.4682],[-93.2248,41.4656],[-93.2242,41.4596],[-93.2211,41.4579],[-93.2151,41.4601],[-93.215,41.4661],[-93.2126,41.4666],[-93.2073,41.46],[-93.2089,41.4494],[-93.2027,41.4444],[-93.2003,41.4407],[-93.197,41.4397],[-93.1941,41.4408],[-93.1931,41.4432],[-93.1934,41.4493],[-93.19,41.4519],[-93.1829,41.4483],[-93.182,41.4404],[-93.1792,41.4384],[-93.1754,41.4393],[-93.1719,41.4432],[-93.1649,41.4429],[-93.1615,41.4401],[-93.1609,41.4357],[-93.1582,41.4334],[-93.1581,41.4183],[-93.1533,41.4183],[-93.1532,41.4111],[-93.1436,41.4111],[-93.1436,41.4147],[-93.1389,41.4147],[-93.139,41.3928],[-93.1436,41.3928],[-93.1436,41.4003],[-93.158,41.4002],[-93.1581,41.3857],[-93.1435,41.3856],[-93.1435,41.3784],[-93.1581,41.3784],[-93.1581,41.3712],[-93.2138,41.3711],[-93.2139,41.3134],[-93.2235,41.3134],[-93.2235,41.3097],[-93.2282,41.3096],[-93.2282,41.3061],[-93.2331,41.306],[-93.2331,41.3024],[-93.2379,41.3024],[-93.2378,41.2916],[-93.2522,41.2916],[-93.2518,41.288],[-93.2664,41.288],[-93.2663,41.2843],[-93.2903,41.2844],[-93.2903,41.2808],[-93.3283,41.2807],[-93.3284,41.3278],[-93.3332,41.3278],[-93.3332,41.3314],[-93.338,41.3314],[-93.338,41.3348],[-93.3858,41.3346],[-93.3862,41.3491],[-93.3959,41.3491],[-93.3957,41.3673],[-93.3862,41.3673],[-93.3862,41.3583],[-93.3911,41.3583],[-93.3911,41.3565],[-93.3815,41.3565],[-93.3814,41.3528],[-93.3766,41.3528],[-93.3767,41.3656],[-93.3814,41.3655],[-93.3814,41.3673],[-93.3838,41.3674],[-93.384,41.3692],[-93.3839,41.3709],[-93.3766,41.3709],[-93.3766,41.3745],[-93.3957,41.3745],[-93.3957,41.3709],[-93.4005,41.3709],[-93.4004,41.3781],[-93.4052,41.3796],[-93.4052,41.3726],[-93.4124,41.3717],[-93.4124,41.3681],[-93.4148,41.3681],[-93.4148,41.3723],[-93.4172,41.3726],[-93.4172,41.3744],[-93.4148,41.3744],[-93.4148,41.3817],[-93.41,41.3817],[-93.41,41.3853],[-93.4051,41.3853],[-93.4052,41.3817],[-93.3956,41.3819],[-93.3957,41.389],[-93.3983,41.3882],[-93.3984,41.3926],[-93.4004,41.3926]]]]}},{"type":"Feature","properties":{"leaid":"1906510","name":"Cedar Falls Community School District","kind":"Unified","gradeLow":"PK","gradeHigh":"12","state":"IA"},"geometry":{"type":"Polygon","coordinates":[[[-92.529,42.6321],[-92.5287,42.6285],[-92.5183,42.6285],[-92.5183,42.6249],[-92.4946,42.6244],[-92.4948,42.5845],[-92.3967,42.585],[-92.3967,42.5705],[-92.4163,42.5705],[-92.4161,42.5287],[-92.408,42.5317],[-92.4048,42.5306],[-92.4015,42.5275],[-92.4065,42.5275],[-92.4065,42.5262],[-92.4064,42.524],[-92.4015,42.5238],[-92.4015,42.4948],[-92.4359,42.4949],[-92.436,42.4695],[-92.485,42.4696],[-92.485,42.4769],[-92.5144,42.4767],[-92.5144,42.4732],[-92.534,42.4732],[-92.534,42.4769],[-92.5385,42.4769],[-92.5383,42.4805],[-92.5242,42.4805],[-92.5242,42.4842],[-92.5341,42.4842],[-92.5341,42.4915],[-92.5244,42.4914],[-92.5245,42.4987],[-92.5543,42.4986],[-92.5543,42.5559],[-92.5347,42.5558],[-92.5344,42.5775],[-92.5441,42.5776],[-92.544,42.5921],[-92.5545,42.592],[-92.5545,42.6319],[-92.529,42.6321]]]}},{"type":"Feature","properties":{"leaid":"1930480","name":"Waterloo Community School District","kind":"Unified","gradeLow":"PK","gradeHigh":"12","state":"IA"},"geometry":{"type":"Polygon","coordinates":[[[-92.3967,42.585],[-92.3177,42.5849],[-92.3178,42.5559],[-92.2783,42.5559],[-92.278,42.5493],[-92.2584,42.5494],[-92.2582,42.5418],[-92.2484,42.5418],[-92.2488,42.5199],[-92.2389,42.5199],[-92.2391,42.5055],[-92.2494,42.5055],[-92.2491,42.4835],[-92.2391,42.4835],[-92.2389,42.4762],[-92.2244,42.4761],[-92.2243,42.4797],[-92.2193,42.4797],[-92.2193,42.4761],[-92.1997,42.4762],[-92.1996,42.4687],[-92.1858,42.4687],[-92.1857,42.457],[-92.1809,42.457],[-92.1812,42.4063],[-92.2214,42.4064],[-92.2172,42.3972],[-92.215,42.3845],[-92.245,42.3847],[-92.2422,42.3771],[-92.2499,42.377],[-92.2499,42.3699],[-92.2986,42.3702],[-92.2985,42.3479],[-92.3377,42.3483],[-92.3378,42.3336],[-92.3673,42.3338],[-92.3673,42.3849],[-92.4171,42.3849],[-92.417,42.3921],[-92.4066,42.3922],[-92.4065,42.3994],[-92.3969,42.3994],[-92.3967,42.4066],[-92.4064,42.4066],[-92.4062,42.4139],[-92.4171,42.4139],[-92.4171,42.4693],[-92.436,42.4695],[-92.4359,42.4949],[-92.4015,42.4948],[-92.4015,42.5238],[-92.4064,42.524],[-92.4065,42.5262],[-92.4065,42.5275],[-92.4015,42.5275],[-92.4048,42.5306],[-92.408,42.5317],[-92.4161,42.5287],[-92.4163,42.5705],[-92.3967,42.5705],[-92.3967,42.585]]]}},{"type":"Feature","properties":{"leaid":"1928050","name":"Tripoli Community School District","kind":"Unified","gradeLow":"PK","gradeHigh":"12","state":"IA"},"geometry":{"type":"Polygon","coordinates":[[[-92.3374,42.9216],[-92.3371,42.9071],[-92.2835,42.907],[-92.2834,42.8984],[-92.2785,42.8984],[-92.2785,42.9028],[-92.2685,42.9027],[-92.2685,42.8983],[-92.2502,42.8983],[-92.2501,42.8939],[-92.2486,42.8939],[-92.2484,42.891],[-92.2535,42.891],[-92.2535,42.8874],[-92.2485,42.8874],[-92.2484,42.8837],[-92.2338,42.8839],[-92.2338,42.8857],[-92.2288,42.8857],[-92.229,42.8766],[-92.2141,42.8767],[-92.2141,42.8694],[-92.219,42.8693],[-92.219,42.8548],[-92.209,42.8548],[-92.209,42.8512],[-92.2041,42.8512],[-92.2041,42.8475],[-92.214,42.8475],[-92.214,42.844],[-92.2233,42.8433],[-92.2233,42.8415],[-92.2288,42.8402],[-92.2288,42.8366],[-92.2189,42.8366],[-92.2188,42.8256],[-92.209,42.8257],[-92.209,42.8183],[-92.199,42.8184],[-92.199,42.8093],[-92.1953,42.8093],[-92.1952,42.8057],[-92.1903,42.8057],[-92.1903,42.8023],[-92.1992,42.8023],[-92.1993,42.7759],[-92.1952,42.7731],[-92.1953,42.7692],[-92.1973,42.7682],[-92.1952,42.7666],[-92.1952,42.7628],[-92.1854,42.7622],[-92.1854,42.7586],[-92.1805,42.7586],[-92.1803,42.7443],[-92.1754,42.7442],[-92.1753,42.7405],[-92.1803,42.7405],[-92.1803,42.7442],[-92.1992,42.744],[-92.1991,42.7513],[-92.2288,42.7514],[-92.2289,42.7441],[-92.2191,42.744],[-92.2191,42.7404],[-92.2288,42.7405],[-92.2288,42.7369],[-92.2338,42.7368],[-92.2337,42.7296],[-92.3176,42.7299],[-92.3176,42.7372],[-92.3225,42.7372],[-92.3213,42.7517],[-92.3274,42.7517],[-92.3273,42.7591],[-92.3363,42.7592],[-92.3371,42.7665],[-92.3568,42.766],[-92.3567,42.7696],[-92.3536,42.7697],[-92.3536,42.7733],[-92.352,42.7734],[-92.3518,42.7805],[-92.3567,42.7804],[-92.3567,42.7877],[-92.3661,42.7875],[-92.3662,42.7948],[-92.376,42.7947],[-92.3759,42.7911],[-92.3807,42.7912],[-92.3808,42.7948],[-92.3856,42.7949],[-92.3858,42.8021],[-92.3761,42.802],[-92.3761,42.8056],[-92.3811,42.8057],[-92.3812,42.8094],[-92.3862,42.8094],[-92.3863,42.8132],[-92.3916,42.8133],[-92.3918,42.8184],[-92.3967,42.8184],[-92.3969,42.8298],[-92.3919,42.8297],[-92.3918,42.8335],[-92.4147,42.8336],[-92.4147,42.8407],[-92.3972,42.8408],[-92.3974,42.8479],[-92.4074,42.8477],[-92.4075,42.8571],[-92.3976,42.8572],[-92.3978,42.8848],[-92.3876,42.8848],[-92.3875,42.892],[-92.3975,42.8921],[-92.3973,42.8957],[-92.3873,42.8956],[-92.3867,42.907],[-92.3768,42.9071],[-92.3767,42.9127],[-92.3669,42.9125],[-92.3668,42.9216],[-92.3374,42.9216]]]}},{"type":"Feature","properties":{"leaid":"1907110","name":"Charter Oak-Ute Community School District","kind":"Unified","gradeLow":"PK","gradeHigh":"12","state":"IA"},"geometry":{"type":"Polygon","coordinates":[[[-95.576,41.9575],[-95.576,41.9503],[-95.5956,41.9505],[-95.5956,41.9213],[-95.6005,41.9214],[-95.6005,41.9177],[-95.6055,41.9178],[-95.6055,41.9212],[-95.6102,41.9212],[-95.6102,41.9322],[-95.615,41.9322],[-95.6153,41.9358],[-95.615,41.9395],[-95.605,41.9395],[-95.605,41.9505],[-95.6146,41.9507],[-95.6147,41.943],[-95.6341,41.943],[-95.6341,41.9466],[-95.6244,41.9466],[-95.6244,41.9503],[-95.6866,41.9502],[-95.6866,41.9428],[-95.7013,41.9428],[-95.7013,41.9284],[-95.7206,41.9285],[-95.7206,41.9427],[-95.7256,41.9429],[-95.7257,41.9577],[-95.7305,41.9576],[-95.7304,41.9649],[-95.7451,41.9649],[-95.7447,41.9505],[-95.7304,41.9504],[-95.73,41.9429],[-95.7303,41.9358],[-95.7447,41.9356],[-95.7445,41.9284],[-95.7305,41.9285],[-95.7302,41.9213],[-95.7205,41.9213],[-95.7206,41.914],[-95.7495,41.9138],[-95.7495,41.9211],[-95.7545,41.9211],[-95.7543,41.9356],[-95.7495,41.9356],[-95.7496,41.9429],[-95.7784,41.9428],[-95.7785,41.9284],[-95.7889,41.9284],[-95.7889,41.965],[-95.8326,41.9648],[-95.8327,41.9574],[-95.8472,41.9575],[-95.8471,41.9647],[-95.8567,41.9648],[-95.8567,41.9684],[-95.847,41.9684],[-95.847,41.9792],[-95.8372,41.9793],[-95.8372,41.9937],[-95.8471,41.9938],[-95.8469,42.0301],[-95.8371,42.0301],[-95.8372,42.0378],[-95.8277,42.0379],[-95.8275,42.0453],[-95.7883,42.045],[-95.7884,42.0488],[-95.7981,42.0487],[-95.798,42.0514],[-95.798,42.0523],[-95.7883,42.0524],[-95.7881,42.0814],[-95.7736,42.0812],[-95.7736,42.0777],[-95.7688,42.0776],[-95.7686,42.0883],[-95.7494,42.088],[-95.7494,42.0918],[-95.7542,42.0919],[-95.7542,42.0956],[-95.7494,42.0956],[-95.7491,42.1173],[-95.6907,42.1173],[-95.6906,42.1245],[-95.6712,42.1245],[-95.6711,42.1319],[-95.6622,42.1318],[-95.6621,42.1245],[-95.6427,42.1244],[-95.6427,42.1389],[-95.6234,42.139],[-95.6233,42.1317],[-95.6137,42.1317],[-95.6135,42.1245],[-95.5367,42.1241],[-95.5368,42.1351],[-95.5319,42.135],[-95.5319,42.1314],[-95.527,42.1314],[-95.5269,42.1241],[-95.5173,42.1241],[-95.5174,42.1208],[-95.5147,42.1207],[-95.515,42.1171],[-95.5076,42.1171],[-95.5076,42.1206],[-95.5027,42.1206],[-95.5027,42.117],[-95.5052,42.117],[-95.5053,42.1135],[-95.5028,42.1135],[-95.5028,42.1099],[-95.4982,42.1099],[-95.4985,42.0953],[-95.479,42.0955],[-95.4789,42.0663],[-95.4643,42.0663],[-95.4643,42.0626],[-95.4691,42.0626],[-95.4691,42.059],[-95.474,42.059],[-95.474,42.0627],[-95.4788,42.0627],[-95.4789,42.0518],[-95.4886,42.0517],[-95.4885,42.0444],[-95.4788,42.0444],[-95.4788,42.0372],[-95.5176,42.0372],[-95.5177,42.03],[-95.5274,42.0301],[-95.5274,42.0372],[-95.5371,42.0372],[-95.5371,42.0229],[-95.542,42.0228],[-95.542,42.0156],[-95.5371,42.0156],[-95.5373,42.0011],[-95.5661,42.001],[-95.5662,41.9756],[-95.5565,41.9756],[-95.5566,41.9575],[-95.576,41.9575]],[[-95.576,41.9575],[-95.5759,41.9648],[-95.5954,41.9648],[-95.5953,41.9576],[-95.576,41.9575]]]}},{"type":"Feature","properties":{"leaid":"1900021","name":"Okoboji Community School District","kind":"Unified","gradeLow":"PK","gradeHigh":"12","state":"IA"},"geometry":{"type":"Polygon","coordinates":[[[-95.0324,43.3929],[-95.0326,43.3422],[-95.0524,43.3423],[-95.0526,43.3278],[-95.0626,43.328],[-95.0625,43.2991],[-95.0725,43.2994],[-95.0725,43.2774],[-95.0528,43.277],[-95.0529,43.2699],[-95.0427,43.2698],[-95.0426,43.2553],[-95.0923,43.2554],[-95.0906,43.248],[-95.0921,43.2414],[-95.0918,43.2338],[-95.1014,43.2335],[-95.1012,43.2262],[-95.1113,43.2272],[-95.1115,43.2345],[-95.1315,43.2345],[-95.1316,43.2417],[-95.1422,43.2401],[-95.1503,43.2416],[-95.1503,43.2381],[-95.1528,43.238],[-95.1603,43.2385],[-95.1602,43.2423],[-95.1702,43.2424],[-95.1703,43.2314],[-95.1604,43.2313],[-95.1605,43.2276],[-95.1805,43.2278],[-95.1802,43.2496],[-95.2099,43.2495],[-95.2097,43.2555],[-95.2693,43.2554],[-95.2693,43.2628],[-95.3089,43.2627],[-95.3087,43.2839],[-95.3186,43.2841],[-95.3185,43.2986],[-95.3386,43.2988],[-95.3387,43.3132],[-95.3486,43.3133],[-95.3486,43.3277],[-95.3188,43.3277],[-95.3189,43.3424],[-95.3288,43.3424],[-95.3288,43.3496],[-95.3387,43.3496],[-95.3387,43.3569],[-95.3189,43.3569],[-95.3188,43.3496],[-95.3088,43.3496],[-95.3089,43.364],[-95.299,43.364],[-95.2989,43.3714],[-95.2692,43.3716],[-95.2692,43.3896],[-95.2599,43.3899],[-95.2597,43.3971],[-95.25,43.3974],[-95.25,43.3939],[-95.2282,43.3934],[-95.1804,43.393],[-95.1804,43.3966],[-95.1695,43.3967],[-95.1472,43.3929],[-95.1022,43.3929],[-95.1022,43.3918],[-95.0993,43.3932],[-95.0886,43.3931],[-95.0732,43.3959],[-95.0724,43.393],[-95.0324,43.3929]]]}},{"type":"Feature","properties":{"leaid":"1924150","name":"Riceville Community School District","kind":"Unified","gradeLow":"PK","gradeHigh":"12","state":"IA"},"geometry":{"type":"Polygon","coordinates":[[[-92.5295,43.2129],[-92.5942,43.2128],[-92.5942,43.2346],[-92.5842,43.2346],[-92.5842,43.249],[-92.5742,43.2491],[-92.5743,43.2553],[-92.5941,43.2553],[-92.594,43.2989],[-92.6134,43.2989],[-92.6139,43.3134],[-92.6535,43.3134],[-92.6535,43.3277],[-92.6722,43.3279],[-92.6726,43.3422],[-92.6826,43.3421],[-92.6827,43.364],[-92.6925,43.364],[-92.6926,43.3713],[-92.6727,43.3712],[-92.6726,43.5001],[-92.4455,43.5005],[-92.4455,43.4543],[-92.4354,43.4544],[-92.4354,43.4507],[-92.4258,43.4507],[-92.4257,43.4434],[-92.4158,43.4434],[-92.4159,43.4505],[-92.4109,43.4505],[-92.4109,43.447],[-92.4059,43.4471],[-92.4059,43.4507],[-92.3959,43.4508],[-92.3958,43.4289],[-92.356,43.4288],[-92.3569,43.3239],[-92.362,43.324],[-92.362,43.3204],[-92.387,43.3206],[-92.3872,43.3133],[-92.397,43.3135],[-92.3971,43.3206],[-92.4242,43.3206],[-92.4242,43.317],[-92.4267,43.317],[-92.4267,43.3061],[-92.4168,43.3061],[-92.4169,43.3133],[-92.4019,43.3133],[-92.4021,43.3098],[-92.3921,43.3098],[-92.3921,43.3062],[-92.4069,43.3061],[-92.4069,43.2988],[-92.4168,43.2988],[-92.4168,43.2915],[-92.4251,43.2916],[-92.4252,43.2988],[-92.4309,43.2989],[-92.4309,43.2953],[-92.4359,43.2953],[-92.4359,43.2989],[-92.446,43.2989],[-92.446,43.3134],[-92.4555,43.3133],[-92.4556,43.3207],[-92.4754,43.3206],[-92.4754,43.3133],[-92.4655,43.3133],[-92.4656,43.3061],[-92.4755,43.306],[-92.4756,43.2627],[-92.5202,43.2627],[-92.5197,43.2309],[-92.5247,43.231],[-92.5248,43.2201],[-92.5295,43.2202],[-92.5295,43.2129]]]}},{"type":"Feature","properties":{"leaid":"1914850","name":"Iowa Valley Community School District","kind":"Unified","gradeLow":"PK","gradeHigh":"12","state":"IA"},"geometry":{"type":"Polygon","coordinates":[[[-91.9864,41.8622],[-91.9871,41.774],[-91.9937,41.7741],[-91.9936,41.7708],[-91.9993,41.7705],[-91.9993,41.7673],[-92.0017,41.7671],[-92.0016,41.7598],[-92.0066,41.7598],[-92.0066,41.7562],[-92.0165,41.7567],[-92.0166,41.7531],[-92.0116,41.7528],[-92.0116,41.7456],[-92.0264,41.7464],[-92.0265,41.7391],[-92.0362,41.7387],[-92.0361,41.7423],[-92.0457,41.7419],[-92.0458,41.7383],[-92.0603,41.7385],[-92.0603,41.7312],[-92.0657,41.7313],[-92.066,41.7095],[-92.0756,41.7096],[-92.0757,41.7023],[-92.1047,41.7025],[-92.1048,41.7099],[-92.1144,41.7099],[-92.1144,41.7025],[-92.124,41.7026],[-92.124,41.6953],[-92.1433,41.6955],[-92.1434,41.6934],[-92.1477,41.6934],[-92.1474,41.6883],[-92.153,41.6882],[-92.1532,41.6954],[-92.1595,41.6953],[-92.1603,41.6918],[-92.1648,41.6918],[-92.1649,41.695],[-92.1722,41.696],[-92.1719,41.7172],[-92.1623,41.7172],[-92.1622,41.7243],[-92.1526,41.7243],[-92.1526,41.7387],[-92.1573,41.7387],[-92.1574,41.7634],[-92.1623,41.7618],[-92.1622,41.7756],[-92.167,41.7756],[-92.1662,41.7936],[-92.1614,41.7936],[-92.1614,41.7972],[-92.2014,41.7971],[-92.2016,41.7755],[-92.1871,41.7754],[-92.1872,41.7681],[-92.2019,41.7682],[-92.2018,41.7717],[-92.2114,41.7718],[-92.2113,41.7755],[-92.2307,41.7756],[-92.2307,41.7828],[-92.2209,41.7827],[-92.2209,41.7897],[-92.2502,41.7902],[-92.2502,41.7974],[-92.2549,41.7975],[-92.2547,41.8122],[-92.2451,41.8121],[-92.2451,41.8047],[-92.2361,41.8046],[-92.2351,41.8081],[-92.2306,41.8081],[-92.2308,41.819],[-92.2351,41.8191],[-92.2352,41.8225],[-92.2303,41.8225],[-92.2301,41.8406],[-92.1863,41.8405],[-92.1866,41.8626],[-92.1272,41.8627],[-92.1272,41.8553],[-92.1224,41.8553],[-92.1225,41.8627],[-92.0301,41.8625],[-92.0301,41.8538],[-92.0243,41.8533],[-92.0242,41.8625],[-91.9864,41.8622]]]}},{"type":"Feature","properties":{"leaid":"1904830","name":"Benton Community School District","kind":"Unified","gradeLow":"PK","gradeHigh":"12","state":"IA"},"geometry":{"type":"Polygon","coordinates":[[[-92.2075,42.0946],[-92.173,42.0942],[-92.1731,42.087],[-92.1634,42.0869],[-92.1635,42.0797],[-92.1246,42.0796],[-92.1245,42.0868],[-92.1052,42.0867],[-92.1055,42.0944],[-92.0664,42.0943],[-92.0667,42.0651],[-92.0099,42.0652],[-92.0098,42.0689],[-92.0001,42.0688],[-92.0001,42.0724],[-91.9806,42.0724],[-91.9806,42.0796],[-91.9719,42.0796],[-91.9708,42.0796],[-91.9709,42.0687],[-91.9807,42.0688],[-91.9807,42.0651],[-91.9607,42.065],[-91.961,42.0796],[-91.9512,42.0795],[-91.9513,42.0651],[-91.9467,42.0651],[-91.9467,42.0579],[-91.9418,42.0579],[-91.9419,42.0543],[-91.9322,42.0544],[-91.9322,42.0508],[-91.9225,42.0508],[-91.9227,42.0436],[-91.913,42.0436],[-91.9128,42.0509],[-91.9031,42.0509],[-91.9031,42.0546],[-91.8934,42.0546],[-91.8934,42.0576],[-91.8885,42.0582],[-91.8885,42.0601],[-91.8788,42.0601],[-91.8789,42.0511],[-91.8741,42.0511],[-91.8744,42.0366],[-91.8548,42.0368],[-91.8548,42.04],[-91.8499,42.0401],[-91.8499,42.0368],[-91.8353,42.037],[-91.8316,41.8835],[-91.8414,41.8835],[-91.8412,41.869],[-91.8315,41.8691],[-91.8312,41.8255],[-91.8409,41.8255],[-91.8409,41.8291],[-91.8506,41.8289],[-91.8508,41.8344],[-91.8519,41.8344],[-91.8529,41.8325],[-91.8603,41.8324],[-91.8603,41.8252],[-91.9869,41.825],[-91.9864,41.8622],[-92.0242,41.8625],[-92.0243,41.8533],[-92.0301,41.8538],[-92.0301,41.8625],[-92.1225,41.8627],[-92.1224,41.8553],[-92.1272,41.8553],[-92.1272,41.8627],[-92.1811,41.8626],[-92.181,41.8988],[-92.1665,41.8988],[-92.1666,41.9024],[-92.1618,41.9025],[-92.1621,41.9205],[-92.1812,41.9205],[-92.1819,41.9494],[-92.2064,41.9495],[-92.2063,41.9427],[-92.2299,41.9425],[-92.2307,41.9425],[-92.2308,41.9496],[-92.26,41.9496],[-92.2602,41.9787],[-92.2973,41.9785],[-92.2977,41.9929],[-92.3363,41.9928],[-92.3368,42.0217],[-92.332,42.0217],[-92.3325,42.036],[-92.2985,42.0362],[-92.2988,42.0651],[-92.2705,42.0655],[-92.2705,42.0727],[-92.2608,42.0727],[-92.2608,42.08],[-92.2511,42.08],[-92.2511,42.0945],[-92.2316,42.0945],[-92.2317,42.1018],[-92.2218,42.1018],[-92.222,42.0946],[-92.217,42.0946],[-92.2171,42.1017],[-92.2075,42.1018],[-92.2075,42.0946]],[[-91.8789,42.0511],[-91.8886,42.051],[-91.8887,42.0474],[-91.8789,42.0474],[-91.8789,42.0511]]]}},{"type":"Feature","properties":{"leaid":"1919140","name":"Mid-Prairie Community School District","kind":"Unified","gradeLow":"PK","gradeHigh":"12","state":"IA"},"geometry":{"type":"Polygon","coordinates":[[[-91.8271,41.6005],[-91.7123,41.6001],[-91.7122,41.594],[-91.711,41.5939],[-91.711,41.5911],[-91.7092,41.5911],[-91.7093,41.5854],[-91.7117,41.5838],[-91.7045,41.5837],[-91.7042,41.6001],[-91.6947,41.6],[-91.694,41.5972],[-91.6925,41.5973],[-91.6924,41.599],[-91.69,41.599],[-91.69,41.6],[-91.6874,41.6],[-91.6875,41.5965],[-91.6847,41.5962],[-91.6847,41.5951],[-91.6798,41.5975],[-91.6725,41.5971],[-91.6725,41.5998],[-91.6506,41.5996],[-91.6507,41.5909],[-91.6409,41.5908],[-91.641,41.5872],[-91.6507,41.5873],[-91.6508,41.5837],[-91.6362,41.5834],[-91.6363,41.578],[-91.6412,41.5781],[-91.6412,41.5762],[-91.6508,41.5763],[-91.6512,41.58],[-91.6607,41.5801],[-91.6608,41.5764],[-91.6657,41.5763],[-91.6659,41.5698],[-91.6618,41.5692],[-91.6611,41.5706],[-91.6596,41.5705],[-91.6596,41.5692],[-91.664,41.5673],[-91.666,41.5675],[-91.6659,41.5691],[-91.6721,41.569],[-91.6722,41.5618],[-91.6612,41.5618],[-91.6613,41.5582],[-91.6562,41.5582],[-91.6562,41.5619],[-91.6513,41.5618],[-91.6512,41.5691],[-91.6414,41.569],[-91.6417,41.5617],[-91.6368,41.5616],[-91.6369,41.558],[-91.6321,41.558],[-91.6322,41.5544],[-91.6178,41.5544],[-91.6178,41.5497],[-91.6153,41.5507],[-91.6034,41.5507],[-91.6032,41.5615],[-91.6128,41.5616],[-91.6128,41.5689],[-91.5984,41.5688],[-91.5986,41.5398],[-91.5954,41.5398],[-91.5954,41.5377],[-91.5988,41.5372],[-91.5989,41.5325],[-91.5943,41.5325],[-91.5941,41.5252],[-91.599,41.5252],[-91.5988,41.5109],[-91.6375,41.5107],[-91.6376,41.497],[-91.6471,41.4969],[-91.647,41.4807],[-91.6375,41.479],[-91.6375,41.45],[-91.6472,41.4499],[-91.6471,41.4463],[-91.6375,41.4464],[-91.638,41.3959],[-91.6671,41.3959],[-91.6672,41.4032],[-91.6769,41.4031],[-91.6768,41.4178],[-91.6816,41.4178],[-91.6816,41.4213],[-91.6768,41.4213],[-91.6765,41.4244],[-91.6958,41.4242],[-91.696,41.4103],[-91.7056,41.4101],[-91.7056,41.4138],[-91.7152,41.4135],[-91.7151,41.4241],[-91.7313,41.4239],[-91.7314,41.4173],[-91.7345,41.4173],[-91.7338,41.405],[-91.7347,41.405],[-91.7347,41.4173],[-91.7395,41.4173],[-91.7395,41.4209],[-91.7443,41.4209],[-91.7442,41.4237],[-91.7538,41.4235],[-91.7542,41.3953],[-91.793,41.3952],[-91.7931,41.3731],[-91.7662,41.3734],[-91.7657,41.3659],[-91.7657,41.3733],[-91.7543,41.3734],[-91.7543,41.3405],[-91.7639,41.3404],[-91.7641,41.3295],[-91.7728,41.3294],[-91.7726,41.3367],[-91.7802,41.3366],[-91.7802,41.3358],[-91.7737,41.3358],[-91.7738,41.3339],[-91.7753,41.3339],[-91.7754,41.3315],[-91.7738,41.3316],[-91.7741,41.3146],[-91.7833,41.3147],[-91.7833,41.3002],[-91.7929,41.3001],[-91.7928,41.2643],[-91.7972,41.2643],[-91.7928,41.2636],[-91.7929,41.2491],[-91.8303,41.2489],[-91.8301,41.2744],[-91.8397,41.2747],[-91.8396,41.2783],[-91.8301,41.278],[-91.83,41.2911],[-91.8145,41.2912],[-91.8145,41.2927],[-91.8262,41.2926],[-91.8263,41.2913],[-91.83,41.2913],[-91.83,41.2926],[-91.8347,41.2926],[-91.8347,41.3],[-91.8299,41.2999],[-91.8298,41.3071],[-91.8685,41.3082],[-91.8686,41.3413],[-91.8672,41.3413],[-91.8672,41.3429],[-91.8686,41.3429],[-91.8687,41.366],[-91.8398,41.3656],[-91.8398,41.3911],[-91.8349,41.391],[-91.8349,41.3946],[-91.8592,41.3952],[-91.8593,41.4024],[-91.8495,41.4024],[-91.8495,41.4206],[-91.8593,41.4207],[-91.8593,41.4241],[-91.9077,41.4247],[-91.9076,41.4541],[-91.9125,41.4541],[-91.9124,41.4613],[-91.9461,41.4611],[-91.946,41.5107],[-91.9256,41.511],[-91.9256,41.5148],[-91.9157,41.5148],[-91.9157,41.522],[-91.906,41.5221],[-91.9053,41.5472],[-91.9149,41.5476],[-91.9148,41.5547],[-91.91,41.5547],[-91.9101,41.5511],[-91.9005,41.5512],[-91.9007,41.5403],[-91.891,41.5404],[-91.8911,41.533],[-91.8962,41.5329],[-91.8961,41.5296],[-91.8914,41.5294],[-91.8915,41.5258],[-91.8866,41.5258],[-91.8862,41.5404],[-91.8815,41.5404],[-91.8815,41.5369],[-91.8767,41.5368],[-91.8768,41.5331],[-91.872,41.5331],[-91.8718,41.544],[-91.8765,41.544],[-91.8763,41.5529],[-91.8859,41.5531],[-91.8858,41.5548],[-91.8907,41.5549],[-91.8906,41.5585],[-91.881,41.5585],[-91.881,41.5549],[-91.8667,41.5549],[-91.8668,41.5513],[-91.8572,41.5513],[-91.8573,41.5477],[-91.8669,41.5476],[-91.867,41.5404],[-91.8287,41.5405],[-91.828,41.5586],[-91.8237,41.5587],[-91.8235,41.5623],[-91.8199,41.5623],[-91.8197,41.5659],[-91.8278,41.5659],[-91.8271,41.6005]]]}},{"type":"Feature","properties":{"leaid":"1928020","name":"Tri-County Community School District","kind":"Unified","gradeLow":"PK","gradeHigh":"12","state":"IA"},"geometry":{"type":"Polygon","coordinates":[[[-92.2199,41.4239],[-92.2632,41.4237],[-92.2632,41.4166],[-92.268,41.4166],[-92.268,41.4094],[-92.2632,41.4093],[-92.2632,41.4057],[-92.2677,41.4057],[-92.2681,41.3907],[-92.2968,41.3905],[-92.2969,41.3799],[-92.3161,41.3801],[-92.3161,41.3727],[-92.326,41.3727],[-92.326,41.3654],[-92.3306,41.3654],[-92.3305,41.3617],[-92.3259,41.3617],[-92.3257,41.3583],[-92.3329,41.3582],[-92.3329,41.3617],[-92.3353,41.3617],[-92.3354,41.3653],[-92.3782,41.3652],[-92.3781,41.3362],[-92.3877,41.3362],[-92.3877,41.3434],[-92.3925,41.3434],[-92.3925,41.3362],[-92.4256,41.336],[-92.4256,41.3505],[-92.4246,41.3505],[-92.426,41.3686],[-92.4113,41.3687],[-92.4116,41.4085],[-92.4309,41.4085],[-92.4309,41.4232],[-92.4502,41.4232],[-92.4502,41.4084],[-92.4598,41.4085],[-92.4599,41.4156],[-92.4646,41.4156],[-92.4645,41.4192],[-92.4741,41.4193],[-92.4742,41.4213],[-92.4741,41.4231],[-92.4549,41.4231],[-92.4551,41.481],[-92.4312,41.4811],[-92.4312,41.4847],[-92.412,41.4848],[-92.4121,41.5385],[-92.4035,41.5385],[-92.4036,41.553],[-92.3843,41.553],[-92.3844,41.5603],[-92.375,41.5603],[-92.3746,41.5312],[-92.3651,41.5312],[-92.365,41.5241],[-92.3745,41.524],[-92.3745,41.5204],[-92.3555,41.5206],[-92.3554,41.5096],[-92.3456,41.5097],[-92.3458,41.5243],[-92.3507,41.5242],[-92.3507,41.5313],[-92.3411,41.5312],[-92.3411,41.5296],[-92.3363,41.5296],[-92.3365,41.5641],[-92.3267,41.564],[-92.3267,41.5603],[-92.2977,41.5604],[-92.2976,41.5497],[-92.2878,41.5496],[-92.2877,41.546],[-92.2976,41.546],[-92.2975,41.5098],[-92.2876,41.5098],[-92.2874,41.5243],[-92.2904,41.5243],[-92.2903,41.5315],[-92.2777,41.5316],[-92.278,41.5243],[-92.2685,41.5242],[-92.2678,41.5387],[-92.2631,41.5387],[-92.2632,41.5316],[-92.2583,41.5317],[-92.2584,41.5246],[-92.2538,41.5247],[-92.2538,41.5317],[-92.2488,41.5317],[-92.2488,41.539],[-92.244,41.5389],[-92.2441,41.5318],[-92.2347,41.5317],[-92.2345,41.5172],[-92.2254,41.5172],[-92.2246,41.5099],[-92.1818,41.51],[-92.1815,41.4529],[-92.2008,41.4528],[-92.2008,41.4455],[-92.22,41.4455],[-92.2199,41.4239]]]}},{"type":"Feature","properties":{"leaid":"1907440","name":"Clarksville Community School District","kind":"Unified","gradeLow":"PK","gradeHigh":"12","state":"IA"},"geometry":{"type":"MultiPolygon","coordinates":[[[[-92.7469,42.8256],[-92.7469,42.8366],[-92.7568,42.8365],[-92.7567,42.8402],[-92.7468,42.8393],[-92.7377,42.8422],[-92.7298,42.84],[-92.7221,42.8424],[-92.7222,42.8291],[-92.7146,42.8291],[-92.7138,42.8364],[-92.7121,42.8371],[-92.7122,42.8473],[-92.6828,42.8474],[-92.6828,42.862],[-92.6779,42.862],[-92.6779,42.8693],[-92.6729,42.8693],[-92.6729,42.8766],[-92.6332,42.8763],[-92.6332,42.8473],[-92.6284,42.8473],[-92.6284,42.84],[-92.6038,42.84],[-92.6038,42.8437],[-92.5939,42.8437],[-92.5939,42.8328],[-92.5989,42.8328],[-92.5989,42.8291],[-92.5841,42.8282],[-92.5841,42.8182],[-92.5817,42.8182],[-92.5818,42.8136],[-92.5841,42.8136],[-92.584,42.8101],[-92.5741,42.8102],[-92.5741,42.7846],[-92.5791,42.7846],[-92.5791,42.7737],[-92.584,42.7737],[-92.584,42.7664],[-92.6087,42.7665],[-92.6087,42.7643],[-92.604,42.7592],[-92.6171,42.7593],[-92.6171,42.7556],[-92.6185,42.7548],[-92.6214,42.7561],[-92.6278,42.7558],[-92.6265,42.7572],[-92.6301,42.7572],[-92.6303,42.763],[-92.6333,42.7629],[-92.6333,42.752],[-92.6382,42.7519],[-92.6393,42.7556],[-92.6432,42.7556],[-92.6431,42.7301],[-92.6529,42.7301],[-92.653,42.7338],[-92.6627,42.7338],[-92.6628,42.7373],[-92.6676,42.7373],[-92.6677,42.7338],[-92.6728,42.7338],[-92.6728,42.7113],[-92.6876,42.7115],[-92.6876,42.7078],[-92.7025,42.7079],[-92.7024,42.7043],[-92.7123,42.7043],[-92.7123,42.7224],[-92.727,42.7225],[-92.7271,42.7375],[-92.7122,42.7374],[-92.7123,42.7665],[-92.732,42.7665],[-92.7321,42.7701],[-92.737,42.7701],[-92.737,42.7738],[-92.7518,42.7738],[-92.7519,42.7847],[-92.7569,42.7846],[-92.7568,42.7883],[-92.7519,42.7883],[-92.752,42.7956],[-92.7668,42.7956],[-92.7667,42.7992],[-92.7617,42.7992],[-92.7618,42.8101],[-92.7569,42.8101],[-92.7568,42.8219],[-92.7618,42.822],[-92.7617,42.8256],[-92.7469,42.8256]],[[-92.7469,42.8256],[-92.747,42.8183],[-92.7321,42.8183],[-92.7321,42.8256],[-92.7469,42.8256]]],[[[-92.6828,42.862],[-92.6877,42.862],[-92.6877,42.8583],[-92.6927,42.8583],[-92.6927,42.8547],[-92.7026,42.8547],[-92.7025,42.8582],[-92.6977,42.8583],[-92.6977,42.8692],[-92.6927,42.8693],[-92.6927,42.8674],[-92.6877,42.8674],[-92.6877,42.8766],[-92.6828,42.8766],[-92.6828,42.862]]]]}},{"type":"Feature","properties":{"leaid":"1907080","name":"Charles City Community School District","kind":"Unified","gradeLow":"PK","gradeHigh":"12","state":"IA"},"geometry":{"type":"Polygon","coordinates":[[[-92.4955,43.0522],[-92.5056,43.0523],[-92.5054,43.045],[-92.5152,43.045],[-92.5152,43.0378],[-92.5541,43.0378],[-92.5541,43.0232],[-92.6019,43.0234],[-92.6019,43.0224],[-92.6037,43.0224],[-92.6037,43.0198],[-92.611,43.0197],[-92.6111,43.0162],[-92.6088,43.0162],[-92.6087,43.0101],[-92.6036,43.0099],[-92.6029,43.0063],[-92.5958,43.0014],[-92.6087,43.0016],[-92.6086,42.9979],[-92.6136,42.9979],[-92.6136,42.98],[-92.6283,42.98],[-92.6283,42.969],[-92.6348,42.9698],[-92.6348,42.9727],[-92.6432,42.9727],[-92.6434,42.9654],[-92.6533,42.9654],[-92.6533,42.9472],[-92.6632,42.9472],[-92.6632,42.9435],[-92.6682,42.9435],[-92.6682,42.9362],[-92.6878,42.9362],[-92.6877,42.9435],[-92.6927,42.9435],[-92.6926,42.9508],[-92.7124,42.9508],[-92.7124,42.9582],[-92.7223,42.9582],[-92.7223,42.9655],[-92.747,42.9654],[-92.7471,42.9727],[-92.7905,42.9728],[-92.7903,43.0091],[-92.8002,43.0091],[-92.8003,43.0236],[-92.8102,43.0237],[-92.8103,43.031],[-92.8003,43.0309],[-92.8003,43.0382],[-92.82,43.0383],[-92.8202,43.06],[-92.8301,43.06],[-92.83,43.0673],[-92.8202,43.0673],[-92.8202,43.0748],[-92.8299,43.0748],[-92.8298,43.083],[-92.8397,43.0829],[-92.8396,43.0902],[-92.8297,43.0902],[-92.8296,43.0975],[-92.81,43.0976],[-92.8102,43.1559],[-92.7904,43.1561],[-92.7904,43.1692],[-92.7722,43.1691],[-92.772,43.1839],[-92.7223,43.1836],[-92.7223,43.1909],[-92.7174,43.1909],[-92.7175,43.1945],[-92.7124,43.1946],[-92.7125,43.1981],[-92.7224,43.1982],[-92.7223,43.2127],[-92.7124,43.2126],[-92.7124,43.2054],[-92.7026,43.2053],[-92.7026,43.209],[-92.6929,43.2089],[-92.6928,43.2125],[-92.5544,43.2128],[-92.5544,43.1911],[-92.5506,43.1911],[-92.5505,43.1839],[-92.5354,43.1839],[-92.5354,43.1767],[-92.5158,43.1764],[-92.5154,43.1455],[-92.5103,43.1455],[-92.5103,43.1418],[-92.5052,43.1419],[-92.5055,43.1123],[-92.5005,43.1122],[-92.5006,43.1086],[-92.5056,43.1087],[-92.5057,43.0978],[-92.5034,43.0978],[-92.5035,43.0942],[-92.5057,43.0943],[-92.5059,43.0907],[-92.4958,43.0904],[-92.4957,43.083],[-92.4908,43.083],[-92.4907,43.0789],[-92.4858,43.0789],[-92.4856,43.0631],[-92.4906,43.0631],[-92.4906,43.0558],[-92.4955,43.0559],[-92.4955,43.0522]]]}},{"type":"Feature","properties":{"leaid":"1927600","name":"Sumner-Fredericksburg Community School District","kind":"Unified","gradeLow":"PK","gradeHigh":"12","state":"IA"},"geometry":{"type":"Polygon","coordinates":[[[-92.0721,43.0307],[-92.0721,43.0269],[-92.077,43.0269],[-92.077,43.0233],[-92.0812,43.0233],[-92.0815,42.9797],[-92.0785,42.9796],[-92.0786,42.9755],[-92.0815,42.9756],[-92.0815,42.9505],[-92.0574,42.9503],[-92.0574,42.9575],[-92.0474,42.9576],[-92.0475,42.9537],[-92.0425,42.9538],[-92.0425,42.9577],[-92.0324,42.9574],[-92.0322,42.9503],[-92.0227,42.9503],[-92.0226,42.9213],[-92.0177,42.9213],[-92.0177,42.9358],[-92.0028,42.9357],[-92.0029,42.9067],[-91.9833,42.9067],[-91.9834,42.8911],[-91.9635,42.8912],[-91.9637,42.862],[-91.9835,42.8619],[-91.9833,42.8483],[-91.974,42.8474],[-91.9734,42.8547],[-91.9637,42.8548],[-91.9638,42.8184],[-92.0033,42.8184],[-92.0026,42.795],[-92.0074,42.7951],[-92.0078,42.7987],[-92.0177,42.7987],[-92.0179,42.8024],[-92.022,42.8024],[-92.0228,42.8024],[-92.0226,42.7968],[-92.0323,42.797],[-92.0323,42.7953],[-92.0513,42.7952],[-92.0515,42.7877],[-92.0565,42.7877],[-92.0564,42.7805],[-92.0515,42.7805],[-92.0514,42.7769],[-92.0612,42.7766],[-92.0613,42.7842],[-92.0713,42.7843],[-92.0712,42.7804],[-92.0664,42.7804],[-92.0661,42.7697],[-92.0612,42.7697],[-92.0608,42.7586],[-92.0658,42.7586],[-92.0656,42.7489],[-92.0683,42.7489],[-92.0683,42.7478],[-92.0818,42.7478],[-92.0817,42.7441],[-92.0916,42.7441],[-92.0916,42.7404],[-92.0867,42.7406],[-92.0866,42.7332],[-92.0965,42.7332],[-92.0964,42.7296],[-92.1163,42.7295],[-92.1161,42.7368],[-92.1309,42.7368],[-92.1308,42.7476],[-92.1406,42.7476],[-92.1407,42.7549],[-92.1507,42.755],[-92.1507,42.7514],[-92.1557,42.7515],[-92.1557,42.7551],[-92.1656,42.755],[-92.1656,42.7532],[-92.1706,42.7532],[-92.1706,42.7514],[-92.1755,42.7514],[-92.1755,42.755],[-92.1804,42.7549],[-92.1805,42.7586],[-92.1854,42.7586],[-92.1854,42.7622],[-92.1952,42.7628],[-92.1952,42.7666],[-92.1973,42.7682],[-92.1953,42.7692],[-92.1952,42.7731],[-92.1993,42.7759],[-92.1992,42.8023],[-92.1903,42.8023],[-92.1903,42.8057],[-92.1952,42.8057],[-92.1953,42.8093],[-92.199,42.8093],[-92.199,42.8184],[-92.209,42.8183],[-92.209,42.8257],[-92.2188,42.8256],[-92.2189,42.8366],[-92.2288,42.8366],[-92.2288,42.8402],[-92.2233,42.8415],[-92.2233,42.8433],[-92.214,42.844],[-92.214,42.8475],[-92.2041,42.8475],[-92.2041,42.8512],[-92.209,42.8512],[-92.209,42.8548],[-92.219,42.8548],[-92.219,42.8693],[-92.2141,42.8694],[-92.2141,42.8767],[-92.229,42.8766],[-92.2288,42.8857],[-92.2338,42.8857],[-92.2338,42.8839],[-92.2484,42.8837],[-92.2485,42.8874],[-92.2535,42.8874],[-92.2535,42.891],[-92.2484,42.891],[-92.2486,42.8939],[-92.2501,42.8939],[-92.2502,42.8983],[-92.2685,42.8983],[-92.2685,42.9027],[-92.2785,42.9028],[-92.2785,42.8984],[-92.2834,42.8984],[-92.2835,42.907],[-92.3371,42.9071],[-92.3373,42.929],[-92.3176,42.9289],[-92.3177,42.9432],[-92.308,42.9433],[-92.3078,42.9582],[-92.3035,42.9583],[-92.3037,42.9727],[-92.318,42.9728],[-92.3177,42.9938],[-92.3084,42.9939],[-92.3085,42.9905],[-92.3134,42.9905],[-92.3133,42.9833],[-92.3085,42.9833],[-92.3084,42.9763],[-92.2983,42.9762],[-92.2982,42.9653],[-92.2932,42.9653],[-92.2932,42.9798],[-92.2885,42.9798],[-92.2885,42.9869],[-92.3034,42.9869],[-92.3034,42.9939],[-92.234,42.9939],[-92.2341,43.0011],[-92.2379,43.0014],[-92.2382,43.012],[-92.2478,43.012],[-92.2481,43.0194],[-92.2379,43.0193],[-92.2381,43.0157],[-92.2332,43.0157],[-92.2332,43.0192],[-92.2191,43.0192],[-92.2191,43.0228],[-92.2092,43.023],[-92.2093,43.034],[-92.2041,43.034],[-92.2042,43.0375],[-92.1992,43.0376],[-92.1992,43.0303],[-92.1707,43.0303],[-92.1709,43.0232],[-92.1112,43.0232],[-92.1112,43.0305],[-92.1261,43.0304],[-92.126,43.0377],[-92.1178,43.0377],[-92.1178,43.0413],[-92.1111,43.0413],[-92.1111,43.0377],[-92.1013,43.0377],[-92.1013,43.0304],[-92.0721,43.0307]]]}},{"type":"Feature","properties":{"leaid":"1931620","name":"Whiting Community School District","kind":"Unified","gradeLow":"PK","gradeHigh":"12","state":"IA"},"geometry":{"type":"MultiPolygon","coordinates":[[[[-96.3003,42.1566],[-96.3028,42.1566],[-96.3028,42.1639],[-96.3002,42.1639],[-96.3002,42.1674],[-96.3098,42.1675],[-96.3099,42.164],[-96.3194,42.164],[-96.3195,42.171],[-96.3146,42.171],[-96.3146,42.1746],[-96.3195,42.1746],[-96.3194,42.1783],[-96.3099,42.1783],[-96.3098,42.171],[-96.3025,42.171],[-96.3028,42.1818],[-96.3003,42.1819],[-96.3003,42.1854],[-96.2713,42.1853],[-96.2713,42.1782],[-96.2761,42.1782],[-96.2762,42.1709],[-96.2905,42.1709],[-96.2905,42.1781],[-96.3002,42.1782],[-96.3002,42.171],[-96.2952,42.171],[-96.2953,42.1638],[-96.2905,42.1638],[-96.2906,42.1603],[-96.3003,42.1602],[-96.3003,42.1566]]],[[[-96.3003,42.1566],[-96.2808,42.1566],[-96.2809,42.1495],[-96.2711,42.1494],[-96.2711,42.1531],[-96.2521,42.1529],[-96.252,42.171],[-96.2036,42.1712],[-96.2036,42.1792],[-96.1991,42.1792],[-96.1989,42.1933],[-96.1697,42.193],[-96.1697,42.2003],[-96.1642,42.2001],[-96.1641,42.2074],[-96.1356,42.2064],[-96.1355,42.1992],[-96.1257,42.199],[-96.1257,42.1847],[-96.1163,42.1848],[-96.1166,42.1668],[-96.0925,42.1665],[-96.0925,42.163],[-96.0204,42.1615],[-96.0204,42.165],[-96.0058,42.1649],[-96.0057,42.1577],[-96.0105,42.1578],[-96.0105,42.1541],[-96.0155,42.1541],[-96.0153,42.147],[-96.0204,42.147],[-96.0202,42.1254],[-95.996,42.1252],[-95.9965,42.1072],[-95.9943,42.1053],[-95.9822,42.1053],[-95.9823,42.0872],[-96.0203,42.0873],[-96.0204,42.0944],[-96.0285,42.0953],[-96.0318,42.0943],[-96.0921,42.0972],[-96.0922,42.0862],[-96.0968,42.086],[-96.0967,42.0829],[-96.1162,42.0829],[-96.1164,42.0793],[-96.1412,42.0799],[-96.1409,42.0728],[-96.1707,42.0729],[-96.1701,42.0694],[-96.1943,42.0697],[-96.1944,42.0553],[-96.2739,42.0557],[-96.2755,42.058],[-96.2779,42.058],[-96.2795,42.0709],[-96.2768,42.0817],[-96.2677,42.0971],[-96.267,42.1062],[-96.2689,42.1133],[-96.2734,42.1193],[-96.2802,42.1238],[-96.286,42.1259],[-96.3002,42.1277],[-96.3098,42.1321],[-96.314,42.1364],[-96.3196,42.1468],[-96.3296,42.1533],[-96.3073,42.1494],[-96.3003,42.1494],[-96.3003,42.1566]]]]}},{"type":"Feature","properties":{"leaid":"1916140","name":"Harris-Lake Park Community School District","kind":"Unified","gradeLow":"PK","gradeHigh":"12","state":"IA"},"geometry":{"type":"Polygon","coordinates":[[[-95.2013,43.5008],[-95.2008,43.4884],[-95.1909,43.4885],[-95.1906,43.4667],[-95.2105,43.4666],[-95.2104,43.4377],[-95.2302,43.4377],[-95.2302,43.4223],[-95.2597,43.4225],[-95.2596,43.4008],[-95.25,43.4011],[-95.25,43.3974],[-95.2597,43.3971],[-95.2599,43.3899],[-95.2692,43.3896],[-95.2692,43.3716],[-95.2989,43.3714],[-95.299,43.364],[-95.3089,43.364],[-95.3088,43.3496],[-95.3188,43.3496],[-95.3189,43.3569],[-95.3387,43.3569],[-95.3387,43.3496],[-95.3288,43.3496],[-95.3288,43.3424],[-95.3189,43.3424],[-95.3188,43.3277],[-95.3486,43.3277],[-95.3486,43.3133],[-95.3584,43.3133],[-95.3584,43.3096],[-95.3683,43.3096],[-95.3683,43.3133],[-95.3879,43.3132],[-95.3877,43.3348],[-95.3977,43.3349],[-95.3978,43.3168],[-95.4077,43.3168],[-95.4077,43.3132],[-95.4274,43.3133],[-95.4275,43.3278],[-95.4176,43.3277],[-95.4175,43.3423],[-95.4572,43.3425],[-95.4574,43.3714],[-95.4476,43.3714],[-95.4476,43.3786],[-95.4675,43.3787],[-95.4671,43.3932],[-95.4572,43.3932],[-95.4572,43.4005],[-95.467,43.4006],[-95.4671,43.3969],[-95.4769,43.397],[-95.4767,43.4151],[-95.4966,43.4154],[-95.4965,43.4225],[-95.4768,43.4225],[-95.4768,43.4306],[-95.4963,43.4307],[-95.4966,43.4379],[-95.5049,43.438],[-95.5048,43.4742],[-95.4933,43.4741],[-95.4947,43.4886],[-95.4971,43.4886],[-95.4972,43.5],[-95.2013,43.5008]]]}},{"type":"Feature","properties":{"leaid":"1900015","name":"Sibley-Ocheyedan Community School District","kind":"Unified","gradeLow":"PK","gradeHigh":"12","state":"IA"},"geometry":{"type":"MultiPolygon","coordinates":[[[[-95.6238,43.3091],[-95.6238,43.3055],[-95.6339,43.3056],[-95.6338,43.3092],[-95.6238,43.3091]]],[[[-95.6238,43.3091],[-95.6237,43.3165],[-95.6588,43.3166],[-95.6588,43.3094],[-95.6539,43.3094],[-95.6539,43.3021],[-95.6239,43.302],[-95.6241,43.2874],[-95.6342,43.2875],[-95.634,43.2949],[-95.6439,43.2948],[-95.644,43.2876],[-95.674,43.2874],[-95.674,43.2947],[-95.6839,43.2945],[-95.6839,43.2873],[-95.7038,43.2874],[-95.7039,43.2946],[-95.7239,43.2945],[-95.7235,43.3164],[-95.7425,43.3163],[-95.7424,43.3236],[-95.8421,43.3229],[-95.8426,43.2939],[-95.8613,43.2938],[-95.8606,43.4107],[-95.8311,43.4112],[-95.8311,43.4184],[-95.8286,43.4184],[-95.8287,43.4327],[-95.831,43.4327],[-95.8311,43.4399],[-95.8509,43.4399],[-95.8512,43.4472],[-95.8412,43.4473],[-95.8412,43.4544],[-95.8312,43.4544],[-95.8313,43.4835],[-95.8211,43.4834],[-95.8211,43.476],[-95.8111,43.4762],[-95.8111,43.4833],[-95.8012,43.4834],[-95.8012,43.4907],[-95.8333,43.4907],[-95.8333,43.5],[-95.4972,43.5],[-95.4971,43.4886],[-95.4947,43.4886],[-95.4933,43.4741],[-95.5048,43.4742],[-95.5049,43.438],[-95.4966,43.4379],[-95.4963,43.4307],[-95.4768,43.4306],[-95.4767,43.4242],[-95.4768,43.4225],[-95.4965,43.4225],[-95.4966,43.4154],[-95.4767,43.4151],[-95.4769,43.397],[-95.4671,43.3969],[-95.467,43.4006],[-95.4572,43.4005],[-95.4572,43.3932],[-95.4671,43.3932],[-95.4675,43.3787],[-95.4476,43.3786],[-95.4476,43.3714],[-95.4574,43.3714],[-95.4574,43.3643],[-95.4675,43.3644],[-95.4675,43.3571],[-95.4773,43.3572],[-95.477,43.3426],[-95.4868,43.3428],[-95.4871,43.3537],[-95.497,43.3536],[-95.4969,43.35],[-95.5053,43.3499],[-95.5053,43.3427],[-95.5252,43.3432],[-95.5251,43.3359],[-95.5599,43.3367],[-95.5598,43.3294],[-95.5449,43.3292],[-95.545,43.3219],[-95.555,43.3221],[-95.555,43.3148],[-95.5599,43.3149],[-95.5598,43.3078],[-95.5451,43.3074],[-95.5451,43.3003],[-95.5647,43.3009],[-95.5648,43.3223],[-95.5847,43.3227],[-95.5846,43.3299],[-95.6045,43.3303],[-95.6047,43.3231],[-95.5948,43.3229],[-95.5949,43.3087],[-95.5849,43.3084],[-95.585,43.3013],[-95.595,43.3015],[-95.5951,43.2871],[-95.6034,43.2871],[-95.6044,43.289],[-95.6144,43.2891],[-95.6149,43.309],[-95.6238,43.3091]]]]}},{"type":"Feature","properties":{"leaid":"1908070","name":"Coon Rapids-Bayard Community School District","kind":"Unified","gradeLow":"PK","gradeHigh":"12","state":"IA"},"geometry":{"type":"Polygon","coordinates":[[[-94.6292,41.9792],[-94.6293,41.9505],[-94.6194,41.9505],[-94.6193,41.9351],[-94.61,41.9354],[-94.6099,41.9278],[-94.5904,41.9282],[-94.5901,41.9505],[-94.5708,41.9505],[-94.5709,41.9427],[-94.5127,41.9427],[-94.5128,41.9283],[-94.5273,41.9282],[-94.5274,41.921],[-94.5129,41.921],[-94.5129,41.9138],[-94.5027,41.9138],[-94.5029,41.9066],[-94.5077,41.9066],[-94.5076,41.8922],[-94.4833,41.8922],[-94.4832,41.8849],[-94.493,41.8849],[-94.493,41.8741],[-94.4785,41.8741],[-94.4785,41.8705],[-94.4786,41.8632],[-94.493,41.8632],[-94.4929,41.8563],[-94.513,41.8561],[-94.513,41.8519],[-94.4949,41.8514],[-94.4949,41.8532],[-94.4929,41.8532],[-94.4929,41.8491],[-94.488,41.8491],[-94.488,41.8454],[-94.5073,41.8453],[-94.5074,41.8417],[-94.4929,41.8419],[-94.4929,41.8346],[-94.4834,41.8347],[-94.4833,41.8202],[-94.4928,41.8202],[-94.4928,41.8057],[-94.4833,41.8058],[-94.4834,41.795],[-94.4737,41.7951],[-94.4737,41.7842],[-94.4688,41.7842],[-94.4689,41.7768],[-94.5414,41.7766],[-94.5414,41.7604],[-94.5667,41.7604],[-94.5704,41.7632],[-94.5704,41.7674],[-94.5752,41.768],[-94.5751,41.7692],[-94.5801,41.7693],[-94.5798,41.764],[-94.5847,41.764],[-94.5848,41.7604],[-94.5896,41.7605],[-94.5896,41.7569],[-94.6039,41.7569],[-94.604,41.7534],[-94.6087,41.7533],[-94.6093,41.7498],[-94.6184,41.7498],[-94.6181,41.7569],[-94.6137,41.7572],[-94.6136,41.7608],[-94.6282,41.7607],[-94.6283,41.7766],[-94.6957,41.7767],[-94.6958,41.7681],[-94.6862,41.7681],[-94.6862,41.7608],[-94.7056,41.761],[-94.7053,41.7465],[-94.744,41.7466],[-94.7442,41.8055],[-94.7635,41.8056],[-94.7639,41.8489],[-94.7736,41.849],[-94.7736,41.8454],[-94.7833,41.8454],[-94.7832,41.8399],[-94.7928,41.84],[-94.7933,41.849],[-94.8076,41.849],[-94.8073,41.8563],[-94.8027,41.8565],[-94.8028,41.8629],[-94.7835,41.8629],[-94.7836,41.8774],[-94.7932,41.8774],[-94.7934,41.8918],[-94.769,41.8917],[-94.7692,41.8989],[-94.7741,41.8989],[-94.7742,41.9064],[-94.7839,41.9063],[-94.7839,41.9206],[-94.7645,41.9205],[-94.7645,41.9349],[-94.7596,41.935],[-94.7598,41.9454],[-94.7537,41.9454],[-94.7535,41.9473],[-94.751,41.9474],[-94.751,41.9493],[-94.7454,41.9496],[-94.7454,41.9572],[-94.7068,41.9574],[-94.7068,41.9719],[-94.6487,41.9721],[-94.6487,41.9793],[-94.6292,41.9792]]]}},{"type":"Feature","properties":{"leaid":"1913320","name":"Guthrie Center Community School District","kind":"Unified","gradeLow":"PK","gradeHigh":"12","state":"IA"},"geometry":{"type":"MultiPolygon","coordinates":[[[[-94.4447,41.7529],[-94.4449,41.7602],[-94.4401,41.7601],[-94.4398,41.7528],[-94.4447,41.7529]]],[[[-94.4447,41.7529],[-94.4446,41.7492],[-94.4543,41.7495],[-94.4543,41.7423],[-94.4497,41.7422],[-94.4494,41.7386],[-94.4446,41.7385],[-94.4446,41.7349],[-94.4349,41.7347],[-94.435,41.6952],[-94.4253,41.6952],[-94.4257,41.6522],[-94.411,41.652],[-94.411,41.6452],[-94.4012,41.6452],[-94.401,41.6376],[-94.3962,41.6375],[-94.396,41.6232],[-94.3857,41.6233],[-94.3858,41.6052],[-94.3962,41.6052],[-94.396,41.616],[-94.4203,41.6161],[-94.4203,41.6053],[-94.4249,41.6053],[-94.4249,41.6016],[-94.424,41.6016],[-94.424,41.5976],[-94.4192,41.5976],[-94.4193,41.5868],[-94.424,41.5868],[-94.424,41.5904],[-94.4289,41.5904],[-94.4289,41.5938],[-94.4336,41.5938],[-94.4336,41.5903],[-94.4625,41.5903],[-94.4626,41.5832],[-94.4672,41.5831],[-94.4675,41.576],[-94.4578,41.5759],[-94.4577,41.5723],[-94.4625,41.5723],[-94.4673,41.5688],[-94.4623,41.5683],[-94.4628,41.5613],[-94.4808,41.5615],[-94.4809,41.5687],[-94.4818,41.5687],[-94.4906,41.5687],[-94.4906,41.5618],[-94.5096,41.5618],[-94.5098,41.6018],[-94.5885,41.602],[-94.5895,41.609],[-94.6278,41.6092],[-94.6279,41.6168],[-94.6566,41.6167],[-94.6575,41.6236],[-94.6709,41.6239],[-94.6718,41.6224],[-94.6714,41.6168],[-94.6759,41.6168],[-94.6765,41.6098],[-94.7442,41.6095],[-94.7442,41.6311],[-94.7486,41.6311],[-94.7488,41.638],[-94.7443,41.6382],[-94.7443,41.697],[-94.7442,41.696],[-94.7343,41.6961],[-94.7345,41.7032],[-94.7297,41.7032],[-94.7297,41.7104],[-94.7345,41.7104],[-94.7344,41.7176],[-94.7152,41.7176],[-94.7151,41.7465],[-94.7053,41.7465],[-94.7056,41.761],[-94.6862,41.7608],[-94.6862,41.7681],[-94.6958,41.7681],[-94.6957,41.7767],[-94.6283,41.7766],[-94.6282,41.7607],[-94.6136,41.7608],[-94.6137,41.7572],[-94.6181,41.7569],[-94.6184,41.7498],[-94.6093,41.7498],[-94.6087,41.7533],[-94.604,41.7534],[-94.6039,41.7569],[-94.5896,41.7569],[-94.5896,41.7605],[-94.5848,41.7604],[-94.5847,41.764],[-94.5798,41.764],[-94.5801,41.7693],[-94.5751,41.7692],[-94.5752,41.768],[-94.5704,41.7674],[-94.5704,41.7632],[-94.5667,41.7604],[-94.5414,41.7604],[-94.5414,41.7766],[-94.4544,41.7768],[-94.4544,41.7638],[-94.4497,41.7638],[-94.4496,41.7603],[-94.4545,41.7603],[-94.4544,41.7569],[-94.4638,41.7568],[-94.4641,41.7533],[-94.4447,41.7529]]]]}},{"type":"Feature","properties":{"leaid":"1912510","name":"Gilbert Community School District","kind":"Unified","gradeLow":"PK","gradeHigh":"12","state":"IA"},"geometry":{"type":"Polygon","coordinates":[[[-93.5604,42.1233],[-93.5815,42.1225],[-93.5816,42.1148],[-93.5793,42.1148],[-93.5792,42.1101],[-93.5708,42.1101],[-93.5704,42.1066],[-93.5817,42.1065],[-93.5814,42.0814],[-93.5919,42.0814],[-93.5914,42.0742],[-93.5937,42.0739],[-93.5939,42.0707],[-93.5864,42.0706],[-93.5865,42.0636],[-93.5816,42.0636],[-93.5815,42.0345],[-93.6009,42.0346],[-93.6011,42.0492],[-93.6107,42.0494],[-93.6109,42.0599],[-93.6158,42.06],[-93.6157,42.0583],[-93.6182,42.0583],[-93.6181,42.0567],[-93.6554,42.0563],[-93.6592,42.0578],[-93.6591,42.0476],[-93.664,42.0476],[-93.664,42.0454],[-93.6836,42.0453],[-93.6837,42.0489],[-93.6885,42.049],[-93.6884,42.0526],[-93.6933,42.0526],[-93.6933,42.0562],[-93.6987,42.0562],[-93.6986,42.0849],[-93.718,42.0855],[-93.718,42.0925],[-93.7131,42.0925],[-93.7131,42.0963],[-93.718,42.0963],[-93.7179,42.1034],[-93.7376,42.1034],[-93.7376,42.0998],[-93.7422,42.0998],[-93.7423,42.1071],[-93.7375,42.1071],[-93.7374,42.1142],[-93.7471,42.1143],[-93.7472,42.1376],[-93.7423,42.1376],[-93.7424,42.1413],[-93.7473,42.1413],[-93.7472,42.1557],[-93.7278,42.1557],[-93.7278,42.1521],[-93.718,42.1521],[-93.718,42.1557],[-93.7083,42.1557],[-93.7083,42.162],[-93.6986,42.1621],[-93.6986,42.1595],[-93.6838,42.1593],[-93.6835,42.1448],[-93.6787,42.1448],[-93.6788,42.1521],[-93.6709,42.1521],[-93.6691,42.1521],[-93.6691,42.1485],[-93.6739,42.1484],[-93.6739,42.1448],[-93.6107,42.1445],[-93.6105,42.1372],[-93.6059,42.1372],[-93.6059,42.1299],[-93.575,42.1298],[-93.575,42.1262],[-93.5699,42.1262],[-93.57,42.1291],[-93.5671,42.1293],[-93.5653,42.1283],[-93.5653,42.1262],[-93.5598,42.1254],[-93.5604,42.1233]]]}},{"type":"Feature","properties":{"leaid":"1924870","name":"Roland-Story Community School District","kind":"Unified","gradeLow":"PK","gradeHigh":"12","state":"IA"},"geometry":{"type":"Polygon","coordinates":[[[-93.4537,42.2093],[-93.463,42.2093],[-93.463,42.1232],[-93.4727,42.1231],[-93.4727,42.1142],[-93.5019,42.1142],[-93.5019,42.123],[-93.5604,42.1226],[-93.5598,42.1254],[-93.5653,42.1262],[-93.5653,42.1283],[-93.5671,42.1293],[-93.57,42.1291],[-93.5699,42.1262],[-93.575,42.1262],[-93.575,42.1298],[-93.6059,42.1299],[-93.6059,42.1372],[-93.6105,42.1372],[-93.6107,42.1445],[-93.6739,42.1448],[-93.6739,42.1484],[-93.6691,42.1485],[-93.6691,42.1521],[-93.6709,42.1521],[-93.6788,42.1521],[-93.6787,42.1448],[-93.6835,42.1448],[-93.6838,42.1593],[-93.6986,42.1595],[-93.6986,42.1621],[-93.7083,42.162],[-93.7083,42.1557],[-93.718,42.1557],[-93.718,42.1521],[-93.7278,42.1521],[-93.7278,42.1557],[-93.7472,42.1557],[-93.7473,42.1593],[-93.7909,42.1591],[-93.7909,42.1664],[-93.786,42.1664],[-93.786,42.1954],[-93.7764,42.1954],[-93.7763,42.199],[-93.7714,42.199],[-93.7714,42.2025],[-93.7472,42.2026],[-93.7471,42.2094],[-93.5813,42.2092],[-93.5813,42.2383],[-93.5409,42.2383],[-93.5409,42.2274],[-93.536,42.2274],[-93.5361,42.2311],[-93.5068,42.231],[-93.5068,42.2382],[-93.5214,42.2382],[-93.5213,42.2528],[-93.5068,42.2528],[-93.5066,42.2636],[-93.5115,42.2637],[-93.5114,42.2672],[-93.492,42.2673],[-93.492,42.2528],[-93.4942,42.2528],[-93.4942,42.2455],[-93.4969,42.2455],[-93.4971,42.2419],[-93.4995,42.2419],[-93.4995,42.2383],[-93.4536,42.2383],[-93.4537,42.2093]]]}},{"type":"Feature","properties":{"leaid":"1925920","name":"West Fork Community School District","kind":"Unified","gradeLow":"PK","gradeHigh":"12","state":"IA"},"geometry":{"type":"Polygon","coordinates":[[[-93.1123,43.0526],[-93.0925,43.0524],[-93.0925,43.0381],[-93.1023,43.038],[-93.1024,43.0235],[-93.0727,43.0238],[-93.0726,43.0307],[-93.043,43.0307],[-93.0431,43.0163],[-93.053,43.0164],[-93.053,43.0127],[-93.048,43.0127],[-93.048,43.009],[-93.043,43.009],[-93.0432,43.0019],[-93.0234,43.0019],[-93.0247,42.9654],[-93.0347,42.9654],[-93.0348,42.9365],[-93.025,42.9365],[-93.0255,42.8331],[-93.0648,42.8331],[-93.0649,42.8475],[-93.1431,42.848],[-93.1433,42.8335],[-93.1777,42.8335],[-93.1777,42.8298],[-93.1826,42.8298],[-93.1826,42.8262],[-93.1925,42.8262],[-93.1924,42.819],[-93.2023,42.8191],[-93.2023,42.8263],[-93.2122,42.8264],[-93.2121,42.8191],[-93.2135,42.8191],[-93.2219,42.8191],[-93.222,42.8264],[-93.2617,42.8264],[-93.2617,42.8104],[-93.2812,42.8104],[-93.2813,42.8226],[-93.2764,42.8226],[-93.2764,42.8262],[-93.2715,42.8263],[-93.2716,42.8335],[-93.2815,42.8334],[-93.2813,42.8261],[-93.2863,42.8261],[-93.2861,42.819],[-93.296,42.819],[-93.2961,42.8263],[-93.301,42.8263],[-93.3015,42.8553],[-93.3405,42.8554],[-93.3408,42.877],[-93.3603,42.8771],[-93.3602,42.8706],[-93.3994,42.8704],[-93.3994,42.8629],[-93.4192,42.8629],[-93.4192,42.8666],[-93.434,42.8667],[-93.4339,42.8578],[-93.4389,42.8578],[-93.4389,42.8631],[-93.4587,42.8632],[-93.4586,42.8486],[-93.4785,42.8487],[-93.4785,42.8561],[-93.4986,42.8559],[-93.4986,42.8996],[-93.5183,42.8998],[-93.5184,42.9036],[-93.5283,42.9038],[-93.5283,42.9158],[-93.5381,42.9158],[-93.5383,42.9266],[-93.5477,42.9267],[-93.5477,42.9232],[-93.5628,42.9232],[-93.5627,42.9304],[-93.5577,42.9304],[-93.5576,42.9376],[-93.5479,42.9376],[-93.5477,42.9448],[-93.528,42.9447],[-93.5277,42.9591],[-93.5081,42.959],[-93.508,42.9663],[-93.4981,42.9663],[-93.4978,42.9953],[-93.4679,42.9952],[-93.4678,42.9878],[-93.458,42.9879],[-93.458,42.9951],[-93.4185,42.9951],[-93.4184,43.0168],[-93.3986,43.0167],[-93.3981,43.0095],[-93.3889,43.0095],[-93.3888,43.0167],[-93.3598,43.0167],[-93.3599,43.0239],[-93.3499,43.0238],[-93.3499,43.0275],[-93.345,43.0274],[-93.3449,43.0383],[-93.3001,43.0381],[-93.3004,43.0526],[-93.1618,43.0523],[-93.1618,43.0668],[-93.1177,43.0673],[-93.1175,43.06],[-93.1125,43.0599],[-93.1123,43.0526]]]}},{"type":"Feature","properties":{"leaid":"1930900","name":"West Delaware County Community School District","kind":"Unified","gradeLow":"PK","gradeHigh":"12","state":"IA"},"geometry":{"type":"Polygon","coordinates":[[[-91.5331,42.622],[-91.4937,42.6221],[-91.4938,42.6185],[-91.4887,42.6186],[-91.4886,42.6222],[-91.4833,42.6223],[-91.4833,42.6187],[-91.4784,42.6186],[-91.4784,42.6151],[-91.4685,42.6151],[-91.4687,42.6115],[-91.4639,42.6119],[-91.4639,42.6155],[-91.4474,42.6168],[-91.4279,42.6161],[-91.4283,42.6085],[-91.4234,42.6085],[-91.4236,42.6049],[-91.4189,42.6049],[-91.4188,42.6011],[-91.4092,42.6012],[-91.4087,42.6156],[-91.3363,42.6157],[-91.3364,42.6232],[-91.3216,42.6231],[-91.3218,42.616],[-91.2917,42.6161],[-91.2925,42.5582],[-91.4014,42.5574],[-91.401,42.5462],[-91.3913,42.5464],[-91.3912,42.543],[-91.4011,42.5426],[-91.4009,42.5352],[-91.3832,42.5354],[-91.3817,42.5346],[-91.3815,42.5281],[-91.401,42.5279],[-91.401,42.5206],[-91.3911,42.5208],[-91.3912,42.5243],[-91.3864,42.5244],[-91.3863,42.5207],[-91.3815,42.5208],[-91.3815,42.5134],[-91.3717,42.5137],[-91.3717,42.4882],[-91.3662,42.4882],[-91.3661,42.4699],[-91.3635,42.4699],[-91.3636,42.4633],[-91.3684,42.4633],[-91.3686,42.4597],[-91.3734,42.4596],[-91.3732,42.4699],[-91.3714,42.47],[-91.3715,42.4772],[-91.3813,42.4771],[-91.3811,42.4698],[-91.3928,42.4697],[-91.393,42.4596],[-91.4025,42.4597],[-91.4028,42.4415],[-91.4128,42.4416],[-91.4127,42.4013],[-91.413,42.3982],[-91.4179,42.3981],[-91.4178,42.3618],[-91.403,42.3612],[-91.4025,42.2964],[-91.4075,42.2963],[-91.4075,42.3073],[-91.4172,42.3073],[-91.4172,42.3108],[-91.4221,42.3108],[-91.4221,42.3183],[-91.4319,42.3182],[-91.4319,42.3144],[-91.4417,42.3144],[-91.4416,42.3108],[-91.4564,42.3108],[-91.4561,42.3071],[-91.4417,42.3072],[-91.4417,42.3035],[-91.4466,42.3035],[-91.4466,42.2999],[-91.4512,42.2998],[-91.4511,42.2962],[-91.4711,42.2962],[-91.471,42.3035],[-91.4612,42.3039],[-91.4613,42.3182],[-91.4712,42.3181],[-91.471,42.309],[-91.4801,42.309],[-91.4802,42.3108],[-91.4759,42.3108],[-91.476,42.318],[-91.4803,42.318],[-91.4805,42.3252],[-91.4902,42.3252],[-91.4902,42.3326],[-91.5001,42.3326],[-91.4998,42.318],[-91.5195,42.3181],[-91.5196,42.3218],[-91.5147,42.3217],[-91.5148,42.3251],[-91.5101,42.3253],[-91.5099,42.3399],[-91.5198,42.3399],[-91.5197,42.3254],[-91.5295,42.3254],[-91.5295,42.329],[-91.5345,42.3291],[-91.534,42.3035],[-91.5388,42.3036],[-91.5388,42.3108],[-91.5488,42.3108],[-91.5488,42.3181],[-91.5439,42.3181],[-91.544,42.3217],[-91.5539,42.3219],[-91.5537,42.3145],[-91.5586,42.3145],[-91.5586,42.3036],[-91.5635,42.3036],[-91.5635,42.3109],[-91.5683,42.3109],[-91.5683,42.3146],[-91.5635,42.3146],[-91.5636,42.3181],[-91.5587,42.3182],[-91.5587,42.3203],[-91.5587,42.3218],[-91.5637,42.3218],[-91.5644,42.3728],[-91.5594,42.3728],[-91.5595,42.3766],[-91.5497,42.3765],[-91.5497,42.3837],[-91.5978,42.384],[-91.5974,42.4692],[-91.6085,42.4693],[-91.6087,42.5184],[-91.6112,42.5184],[-91.6112,42.5238],[-91.6087,42.5238],[-91.6087,42.5203],[-91.6034,42.5203],[-91.6033,42.5166],[-91.5982,42.5166],[-91.5985,42.542],[-91.6036,42.542],[-91.6036,42.5457],[-91.6089,42.5457],[-91.609,42.5493],[-91.579,42.5494],[-91.5791,42.5566],[-91.5694,42.5566],[-91.5693,42.5584],[-91.5791,42.5585],[-91.5787,42.5895],[-91.5688,42.5894],[-91.5678,42.6081],[-91.5578,42.608],[-91.5577,42.6256],[-91.5479,42.6255],[-91.5478,42.6292],[-91.5328,42.6292],[-91.5331,42.622]]]}},{"type":"Feature","properties":{"leaid":"1931350","name":"Western Dubuque County Community School District","kind":"Unified","gradeLow":"PK","gradeHigh":"12","state":"IA"},"geometry":{"type":"Polygon","coordinates":[[[-90.8973,42.653],[-90.8829,42.653],[-90.8829,42.648],[-90.8779,42.6479],[-90.878,42.6417],[-90.8633,42.6416],[-90.8633,42.6342],[-90.8683,42.6342],[-90.8687,42.6159],[-90.8684,42.5978],[-90.8635,42.5978],[-90.8632,42.5634],[-90.8634,42.5578],[-90.8977,42.5578],[-90.8978,42.5506],[-90.893,42.5507],[-90.8928,42.5251],[-90.8978,42.5251],[-90.8978,42.5069],[-90.878,42.507],[-90.8781,42.4888],[-90.8585,42.4888],[-90.8585,42.4852],[-90.8191,42.4853],[-90.819,42.4744],[-90.8338,42.4743],[-90.8338,42.4707],[-90.7814,42.471],[-90.7814,42.4653],[-90.7858,42.4653],[-90.7864,42.4581],[-90.7914,42.4581],[-90.7914,42.4635],[-90.7965,42.4635],[-90.7965,42.4617],[-90.8014,42.4618],[-90.8015,42.4669],[-90.8063,42.4669],[-90.8064,42.4618],[-90.8028,42.4618],[-90.8029,42.4546],[-90.8016,42.4546],[-90.8016,42.4509],[-90.8,42.4509],[-90.7999,42.4488],[-90.8014,42.4474],[-90.8211,42.4474],[-90.821,42.4438],[-90.8113,42.4438],[-90.8113,42.4402],[-90.7965,42.44],[-90.7964,42.4328],[-90.7914,42.4328],[-90.7914,42.4291],[-90.7864,42.4291],[-90.7864,42.4254],[-90.7814,42.4254],[-90.7813,42.382],[-90.7631,42.382],[-90.7631,42.3711],[-90.7583,42.3712],[-90.7583,42.3676],[-90.7534,42.3676],[-90.7534,42.3386],[-90.7816,42.3385],[-90.7816,42.3241],[-90.768,42.3241],[-90.768,42.3059],[-90.7728,42.3058],[-90.7729,42.2986],[-90.768,42.2986],[-90.7679,42.295],[-90.7571,42.295],[-90.7583,42.2899],[-90.7576,42.2875],[-90.773,42.2874],[-90.773,42.2835],[-90.7675,42.282],[-90.7676,42.2803],[-90.775,42.2769],[-90.7726,42.2753],[-90.7673,42.2748],[-90.7633,42.2713],[-90.7641,42.2702],[-90.7681,42.2708],[-90.7704,42.2683],[-90.7704,42.2664],[-90.7655,42.2679],[-90.7636,42.2653],[-90.7593,42.2653],[-90.7592,42.2622],[-90.7564,42.26],[-90.7602,42.2592],[-90.761,42.26],[-90.762,42.2593],[-90.7611,42.2582],[-90.7642,42.257],[-90.7652,42.2549],[-90.7677,42.2551],[-90.7677,42.2586],[-90.7727,42.2586],[-90.7728,42.2622],[-90.7816,42.2622],[-90.7817,42.2076],[-90.8402,42.2078],[-90.8401,42.193],[-90.8645,42.1929],[-90.8645,42.1966],[-90.8693,42.1967],[-90.8692,42.1893],[-90.8721,42.1892],[-90.8743,42.1892],[-90.8757,42.1927],[-90.8789,42.1929],[-90.8791,42.1856],[-90.8694,42.1855],[-90.8692,42.1841],[-90.8643,42.1841],[-90.8643,42.182],[-90.8594,42.182],[-90.8593,42.1782],[-90.8692,42.1791],[-90.8694,42.1712],[-90.8724,42.171],[-90.8838,42.1713],[-90.8838,42.1783],[-90.8936,42.1784],[-90.8936,42.1712],[-90.8984,42.1712],[-90.8983,42.2077],[-91.0141,42.2084],[-91.014,42.2302],[-91.0188,42.2303],[-91.0188,42.234],[-91.0436,42.2344],[-91.0443,42.216],[-91.0543,42.216],[-91.0538,42.2235],[-91.0623,42.223],[-91.0624,42.2248],[-91.0717,42.2247],[-91.0718,42.2383],[-91.0767,42.2379],[-91.0767,42.2417],[-91.0815,42.2415],[-91.0814,42.2453],[-91.0742,42.2455],[-91.0742,42.2491],[-91.0766,42.249],[-91.0765,42.2526],[-91.0814,42.2522],[-91.0818,42.2559],[-91.0864,42.2564],[-91.0866,42.2671],[-91.082,42.267],[-91.082,42.2652],[-91.0801,42.2652],[-91.08,42.2633],[-91.0777,42.2633],[-91.0777,42.2671],[-91.0824,42.2706],[-91.0821,42.2742],[-91.0912,42.2743],[-91.0912,42.2707],[-91.1063,42.2708],[-91.1062,42.2743],[-91.1052,42.2743],[-91.1056,42.2888],[-91.1156,42.2888],[-91.1158,42.2922],[-91.1254,42.2923],[-91.1254,42.2958],[-91.121,42.2958],[-91.1208,42.303],[-91.1232,42.303],[-91.1232,42.3072],[-91.1256,42.3072],[-91.1257,42.3031],[-91.1301,42.3031],[-91.1301,42.3147],[-91.1258,42.3147],[-91.1259,42.319],[-91.1257,42.3176],[-91.121,42.3181],[-91.1211,42.3248],[-91.1302,42.3249],[-91.1303,42.3321],[-91.1235,42.3321],[-91.1235,42.3357],[-91.1211,42.3357],[-91.1199,42.3393],[-91.1303,42.3394],[-91.1304,42.343],[-91.1404,42.343],[-91.1404,42.3467],[-91.1503,42.3467],[-91.1502,42.3431],[-91.1552,42.3431],[-91.1551,42.3395],[-91.1454,42.3394],[-91.1451,42.3285],[-91.1649,42.3286],[-91.1647,42.3213],[-91.1697,42.3213],[-91.1697,42.3249],[-91.1708,42.325],[-91.1746,42.325],[-91.1746,42.3213],[-91.183,42.3213],[-91.1817,42.325],[-91.1795,42.325],[-91.1796,42.3286],[-91.1697,42.3286],[-91.1698,42.3322],[-91.1649,42.3322],[-91.165,42.3395],[-91.1699,42.3395],[-91.1699,42.354],[-91.1894,42.354],[-91.1895,42.3649],[-91.2042,42.3651],[-91.2042,42.3687],[-91.1993,42.3686],[-91.1994,42.3758],[-91.1895,42.3757],[-91.1895,42.3828],[-91.2093,42.3828],[-91.2094,42.4338],[-91.2043,42.4345],[-91.2044,42.4409],[-91.2093,42.4412],[-91.2095,42.4669],[-91.1994,42.4666],[-91.1995,42.4713],[-91.2028,42.4713],[-91.2034,42.5006],[-91.2528,42.4998],[-91.253,42.5584],[-91.2324,42.5585],[-91.2326,42.5622],[-91.2229,42.5624],[-91.2228,42.5736],[-91.2278,42.5734],[-91.2278,42.5659],[-91.2376,42.5658],[-91.2376,42.5621],[-91.2426,42.5621],[-91.2425,42.5693],[-91.2375,42.5694],[-91.2376,42.573],[-91.2327,42.573],[-91.2327,42.5766],[-91.228,42.5768],[-91.2279,42.5804],[-91.2031,42.581],[-91.2031,42.5737],[-91.1834,42.5737],[-91.1832,42.5883],[-91.1339,42.5878],[-91.1328,42.6458],[-91.0149,42.6463],[-91.0149,42.661],[-90.9564,42.6606],[-90.9564,42.6533],[-90.9366,42.6531],[-90.9365,42.646],[-90.8974,42.6457],[-90.8973,42.653]]]}},{"type":"Feature","properties":{"leaid":"1916440","name":"Lawton-Bronson Community School District","kind":"Unified","gradeLow":"PK","gradeHigh":"12","state":"IA"},"geometry":{"type":"Polygon","coordinates":[[[-96.1804,42.5759],[-96.1549,42.5757],[-96.1548,42.5614],[-96.0959,42.5613],[-96.0962,42.5472],[-96.1156,42.5475],[-96.1154,42.5111],[-96.1251,42.5112],[-96.125,42.4965],[-96.1199,42.4964],[-96.1202,42.4895],[-96.1252,42.4896],[-96.125,42.475],[-96.117,42.475],[-96.1168,42.4617],[-96.1353,42.4615],[-96.1356,42.4291],[-96.1355,42.4219],[-96.1068,42.422],[-96.1069,42.4076],[-96.097,42.4076],[-96.0969,42.3932],[-96.1166,42.3932],[-96.1166,42.386],[-96.1213,42.3859],[-96.1213,42.3794],[-96.1645,42.3793],[-96.1645,42.3511],[-96.174,42.3512],[-96.174,42.3585],[-96.213,42.3587],[-96.2128,42.373],[-96.2425,42.3733],[-96.2429,42.3803],[-96.2527,42.3804],[-96.2527,42.4023],[-96.2625,42.4022],[-96.2626,42.4244],[-96.2722,42.4243],[-96.2724,42.4311],[-96.2627,42.4313],[-96.2626,42.4531],[-96.2824,42.4529],[-96.2824,42.47],[-96.2921,42.4698],[-96.2921,42.4672],[-96.3117,42.4668],[-96.3113,42.4754],[-96.3322,42.4756],[-96.3323,42.4934],[-96.3305,42.4949],[-96.3323,42.4968],[-96.3323,42.5026],[-96.3214,42.5026],[-96.3215,42.5185],[-96.3117,42.5186],[-96.3118,42.533],[-96.3166,42.5331],[-96.3167,42.5402],[-96.3119,42.5402],[-96.3119,42.5458],[-96.3089,42.5475],[-96.3119,42.5474],[-96.3115,42.5617],[-96.1805,42.5616],[-96.1804,42.5759]]]}},{"type":"Feature","properties":{"leaid":"1931470","name":"Westwood Community School District","kind":"Unified","gradeLow":"PK","gradeHigh":"12","state":"IA"},"geometry":{"type":"Polygon","coordinates":[[[-96.3003,42.1566],[-96.3003,42.1494],[-96.3073,42.1494],[-96.3304,42.1534],[-96.3416,42.1591],[-96.3492,42.1693],[-96.3504,42.1769],[-96.3473,42.1858],[-96.3474,42.1931],[-96.3496,42.1981],[-96.3579,42.207],[-96.3597,42.2112],[-96.3581,42.2141],[-96.3556,42.2155],[-96.345,42.2175],[-96.337,42.2175],[-96.3237,42.2299],[-96.3229,42.2336],[-96.3299,42.2397],[-96.3277,42.25],[-96.3313,42.2594],[-96.3414,42.2691],[-96.3607,42.2798],[-96.3658,42.2858],[-96.3685,42.293],[-96.3691,42.331],[-96.3668,42.3313],[-96.3669,42.3335],[-96.3496,42.3332],[-96.3501,42.3446],[-96.3205,42.3447],[-96.3208,42.3592],[-96.3109,42.3592],[-96.3111,42.3701],[-96.2964,42.37],[-96.2963,42.3664],[-96.2816,42.3665],[-96.2821,42.3809],[-96.2527,42.3804],[-96.2516,42.3223],[-96.2417,42.3223],[-96.2416,42.3154],[-96.164,42.3152],[-96.164,42.3224],[-96.1542,42.3224],[-96.1543,42.326],[-96.1448,42.3259],[-96.1448,42.3221],[-96.1351,42.3221],[-96.1351,42.3153],[-96.126,42.3151],[-96.1259,42.3077],[-96.1066,42.3074],[-96.1066,42.311],[-96.0874,42.311],[-96.0872,42.3072],[-96.0388,42.3063],[-96.0389,42.299],[-96.0196,42.2985],[-96.0197,42.3057],[-96.0102,42.3058],[-96.0101,42.2985],[-95.9515,42.2986],[-95.9516,42.291],[-95.942,42.2909],[-95.9422,42.2694],[-95.9136,42.2693],[-95.9137,42.2549],[-95.9044,42.255],[-95.9042,42.2513],[-95.8941,42.2515],[-95.8939,42.2585],[-95.8843,42.2586],[-95.8841,42.2549],[-95.8742,42.2549],[-95.8744,42.2405],[-95.8842,42.2405],[-95.8842,42.2369],[-95.894,42.2369],[-95.8941,42.2187],[-95.9137,42.2187],[-95.9137,42.2115],[-96.0006,42.2118],[-96.0008,42.1825],[-96.0058,42.1826],[-96.0058,42.1791],[-96.0106,42.1792],[-96.0104,42.165],[-96.0204,42.165],[-96.0204,42.1615],[-96.0925,42.163],[-96.0925,42.1665],[-96.1166,42.1668],[-96.1163,42.1848],[-96.1257,42.1847],[-96.1257,42.199],[-96.1355,42.1992],[-96.1356,42.2064],[-96.1641,42.2074],[-96.1642,42.2001],[-96.1697,42.2003],[-96.1697,42.193],[-96.1989,42.1933],[-96.1991,42.1792],[-96.2036,42.1792],[-96.2036,42.1712],[-96.252,42.171],[-96.2521,42.1529],[-96.2711,42.1531],[-96.2711,42.1494],[-96.2809,42.1495],[-96.2808,42.1566],[-96.3003,42.1566]],[[-96.3003,42.1566],[-96.3003,42.1602],[-96.2906,42.1603],[-96.2905,42.1638],[-96.2953,42.1638],[-96.2952,42.171],[-96.3002,42.171],[-96.3002,42.1782],[-96.2905,42.1781],[-96.2905,42.1709],[-96.2762,42.1709],[-96.2761,42.1782],[-96.2713,42.1782],[-96.2713,42.1853],[-96.3003,42.1854],[-96.3003,42.1819],[-96.3028,42.1818],[-96.3025,42.171],[-96.3098,42.171],[-96.3099,42.1783],[-96.3194,42.1783],[-96.3195,42.1746],[-96.3146,42.1746],[-96.3146,42.171],[-96.3195,42.171],[-96.3194,42.164],[-96.3099,42.164],[-96.3098,42.1675],[-96.3002,42.1674],[-96.3002,42.1639],[-96.3028,42.1639],[-96.3028,42.1566],[-96.3003,42.1566]]]}},{"type":"Feature","properties":{"leaid":"1915840","name":"Knoxville Community School District","kind":"Unified","gradeLow":"PK","gradeHigh":"12","state":"IA"},"geometry":{"type":"Polygon","coordinates":[[[-93.096,41.4262],[-93.0871,41.4255],[-93.0871,41.4218],[-93.0823,41.4218],[-93.0825,41.4087],[-93.0736,41.4125],[-93.0679,41.4129],[-93.0635,41.4099],[-93.0592,41.403],[-93.0535,41.4004],[-93.0456,41.4024],[-93.0387,41.3956],[-93.0322,41.3938],[-93.0267,41.394],[-93.0224,41.3967],[-93.0212,41.3997],[-93.023,41.4028],[-93.0202,41.4047],[-93.0116,41.3995],[-93.0027,41.3917],[-92.9953,41.3902],[-92.996,41.3845],[-93.0031,41.382],[-93.0041,41.3802],[-93.0002,41.3771],[-92.9858,41.3757],[-92.9856,41.3638],[-93.0066,41.364],[-93.0049,41.3621],[-93.0073,41.3621],[-93.0072,41.353],[-93.0048,41.353],[-93.0048,41.3422],[-92.9857,41.3421],[-92.9856,41.3207],[-92.9627,41.3207],[-92.9627,41.3243],[-92.9528,41.3243],[-92.9484,41.3265],[-92.9481,41.3316],[-92.9385,41.3316],[-92.9384,41.324],[-92.9293,41.3207],[-92.9292,41.3281],[-92.9209,41.3286],[-92.923,41.3349],[-92.9097,41.3349],[-92.9093,41.3301],[-92.9056,41.3282],[-92.9064,41.3237],[-92.9051,41.3204],[-92.8996,41.3199],[-92.8923,41.3164],[-92.8883,41.3169],[-92.889,41.3145],[-92.8937,41.3096],[-92.8996,41.3076],[-92.903,41.308],[-92.9091,41.3118],[-92.9093,41.3067],[-92.9142,41.3065],[-92.9139,41.2956],[-92.9236,41.2955],[-92.9234,41.2846],[-92.9331,41.2845],[-92.933,41.2774],[-92.9377,41.2773],[-92.9377,41.2737],[-92.9473,41.2737],[-92.9472,41.2701],[-92.9569,41.2701],[-92.957,41.2845],[-92.9618,41.2845],[-92.9616,41.2701],[-93.0285,41.2701],[-93.0286,41.2737],[-93.0333,41.2737],[-93.0333,41.2701],[-93.0381,41.2701],[-93.038,41.2483],[-93.072,41.2483],[-93.0717,41.2298],[-93.0765,41.2298],[-93.0764,41.2261],[-93.0818,41.2261],[-93.081,41.2153],[-93.0956,41.2152],[-93.0954,41.2089],[-93.0921,41.209],[-93.0922,41.2116],[-93.0888,41.2116],[-93.0887,41.2044],[-93.0953,41.2044],[-93.0952,41.2007],[-93.0994,41.2007],[-93.0993,41.1899],[-93.1088,41.19],[-93.1087,41.1863],[-93.0993,41.1862],[-93.0992,41.1609],[-93.1804,41.1609],[-93.1804,41.1645],[-93.185,41.1648],[-93.1851,41.1609],[-93.2131,41.1608],[-93.2132,41.1825],[-93.1993,41.1827],[-93.1993,41.1754],[-93.1945,41.1754],[-93.1944,41.1863],[-93.2041,41.1863],[-93.2041,41.19],[-93.1805,41.1901],[-93.1805,41.1936],[-93.185,41.1936],[-93.185,41.1972],[-93.1757,41.1973],[-93.1757,41.2082],[-93.1709,41.2082],[-93.1709,41.2119],[-93.1613,41.2118],[-93.1613,41.2156],[-93.1709,41.2155],[-93.1709,41.2192],[-93.1662,41.2192],[-93.1662,41.2301],[-93.1566,41.23],[-93.1564,41.2483],[-93.1517,41.2482],[-93.1518,41.2627],[-93.1469,41.2627],[-93.147,41.2699],[-93.1518,41.2699],[-93.1518,41.2662],[-93.1614,41.2663],[-93.1615,41.2701],[-93.1712,41.27],[-93.1711,41.2664],[-93.1761,41.2664],[-93.176,41.2629],[-93.1852,41.2631],[-93.1851,41.2482],[-93.2043,41.2482],[-93.2043,41.2518],[-93.2091,41.2518],[-93.2092,41.2554],[-93.2136,41.2554],[-93.2139,41.2843],[-93.2378,41.2843],[-93.2379,41.3024],[-93.2331,41.3024],[-93.2331,41.306],[-93.2282,41.3061],[-93.2282,41.3096],[-93.2235,41.3097],[-93.2235,41.3134],[-93.2139,41.3134],[-93.2138,41.3711],[-93.1581,41.3712],[-93.1581,41.3784],[-93.1435,41.3784],[-93.1435,41.3856],[-93.1581,41.3857],[-93.158,41.4002],[-93.1436,41.4003],[-93.1436,41.3928],[-93.139,41.3928],[-93.1389,41.4147],[-93.1436,41.4147],[-93.1436,41.4111],[-93.1532,41.4111],[-93.1533,41.4183],[-93.1581,41.4183],[-93.1582,41.4334],[-93.1512,41.4321],[-93.148,41.436],[-93.1438,41.4349],[-93.1392,41.4299],[-93.1391,41.4364],[-93.1012,41.4365],[-93.1003,41.4292],[-93.096,41.4292],[-93.096,41.4262]]]}},{"type":"Feature","properties":{"leaid":"1904080","name":"AHSTW Community School District","kind":"Unified","gradeLow":"PK","gradeHigh":"12","state":"IA"},"geometry":{"type":"Polygon","coordinates":[[[-95.2887,41.5603],[-95.2887,41.5637],[-95.2873,41.5641],[-95.2838,41.5637],[-95.2838,41.5602],[-95.2827,41.5599],[-95.2744,41.5599],[-95.2744,41.5636],[-95.2693,41.5636],[-95.2692,41.5563],[-95.2657,41.5564],[-95.2657,41.5528],[-95.2611,41.5527],[-95.2608,41.5565],[-95.2536,41.5565],[-95.2536,41.5637],[-95.2439,41.5637],[-95.244,41.5708],[-95.2413,41.5709],[-95.2412,41.5728],[-95.2367,41.5728],[-95.2368,41.5746],[-95.2319,41.5746],[-95.2319,41.5782],[-95.2272,41.5782],[-95.2272,41.5673],[-95.2319,41.5673],[-95.2319,41.5636],[-95.1934,41.5635],[-95.1935,41.5488],[-95.1839,41.5488],[-95.1839,41.5415],[-95.1935,41.5416],[-95.1936,41.5343],[-95.1839,41.5343],[-95.184,41.5307],[-95.1741,41.5306],[-95.1742,41.5342],[-95.1644,41.5342],[-95.1644,41.5378],[-95.1548,41.5378],[-95.1548,41.5415],[-95.1372,41.5414],[-95.1372,41.5341],[-95.1275,41.5341],[-95.1276,41.516],[-95.118,41.516],[-95.118,41.4906],[-95.1227,41.4906],[-95.1228,41.4834],[-95.1519,41.4835],[-95.1518,41.4799],[-95.1551,41.4799],[-95.155,41.4581],[-95.147,41.4581],[-95.1469,41.4472],[-95.142,41.4472],[-95.142,41.4435],[-95.1549,41.4436],[-95.1546,41.3969],[-95.1647,41.397],[-95.1648,41.3934],[-95.1743,41.3934],[-95.1743,41.3899],[-95.1791,41.3899],[-95.1791,41.3971],[-95.1928,41.3972],[-95.1927,41.3792],[-95.1836,41.3792],[-95.1835,41.3754],[-95.1744,41.3754],[-95.1744,41.368],[-95.1838,41.3679],[-95.1839,41.3611],[-95.1793,41.361],[-95.1793,41.3503],[-95.1983,41.3501],[-95.1983,41.3536],[-95.2369,41.3537],[-95.2369,41.3573],[-95.2417,41.3573],[-95.2417,41.3537],[-95.294,41.3538],[-95.294,41.3573],[-95.299,41.3573],[-95.2991,41.3535],[-95.3277,41.3538],[-95.3277,41.361],[-95.366,41.3611],[-95.3661,41.3683],[-95.3889,41.3684],[-95.3888,41.3653],[-95.3937,41.3653],[-95.3937,41.3685],[-95.4034,41.3685],[-95.4034,41.3757],[-95.3839,41.3756],[-95.3841,41.383],[-95.3936,41.3829],[-95.3937,41.3812],[-95.4033,41.3813],[-95.4034,41.3848],[-95.3936,41.3847],[-95.3936,41.3865],[-95.4034,41.3866],[-95.4033,41.3903],[-95.4082,41.3903],[-95.4082,41.383],[-95.413,41.383],[-95.413,41.3812],[-95.4178,41.3812],[-95.4178,41.3757],[-95.4226,41.3757],[-95.4226,41.3866],[-95.4275,41.3867],[-95.4275,41.394],[-95.4324,41.394],[-95.4322,41.3974],[-95.4418,41.3974],[-95.4419,41.3904],[-95.4321,41.3903],[-95.4321,41.383],[-95.437,41.3829],[-95.4371,41.3866],[-95.4419,41.3867],[-95.4419,41.3885],[-95.4443,41.3885],[-95.4443,41.3867],[-95.4515,41.3867],[-95.4515,41.3831],[-95.4612,41.3831],[-95.461,41.3903],[-95.4516,41.3904],[-95.4518,41.394],[-95.466,41.394],[-95.466,41.3904],[-95.5072,41.3902],[-95.5074,41.4263],[-95.5223,41.4264],[-95.5221,41.4301],[-95.5266,41.4301],[-95.5267,41.4336],[-95.5222,41.4336],[-95.5217,41.4371],[-95.5171,41.437],[-95.5172,41.4408],[-95.5074,41.4407],[-95.5076,41.4551],[-95.5123,41.4552],[-95.5123,41.4625],[-95.5265,41.4626],[-95.5266,41.4697],[-95.5171,41.4698],[-95.5171,41.4662],[-95.5074,41.466],[-95.5076,41.4986],[-95.527,41.4988],[-95.5269,41.5061],[-95.5364,41.5062],[-95.5365,41.5279],[-95.5462,41.5279],[-95.5462,41.5423],[-95.522,41.5424],[-95.522,41.5496],[-95.5365,41.5496],[-95.5365,41.5568],[-95.5266,41.5568],[-95.5269,41.5641],[-95.5172,41.564],[-95.5172,41.5676],[-95.522,41.5676],[-95.522,41.5748],[-95.5074,41.5748],[-95.5074,41.5856],[-95.4979,41.5856],[-95.4978,41.6023],[-95.49,41.6023],[-95.4899,41.6059],[-95.4948,41.606],[-95.4948,41.6132],[-95.4803,41.6132],[-95.4803,41.6314],[-95.4659,41.6314],[-95.4659,41.6385],[-95.4562,41.6385],[-95.4562,41.6315],[-95.4514,41.6315],[-95.4514,41.6169],[-95.4466,41.617],[-95.4466,41.6097],[-95.4416,41.6098],[-95.4412,41.597],[-95.4123,41.5964],[-95.4122,41.6024],[-95.4218,41.6024],[-95.4217,41.6098],[-95.4073,41.6097],[-95.4074,41.6024],[-95.3832,41.6023],[-95.3833,41.5929],[-95.3758,41.5928],[-95.376,41.6023],[-95.3661,41.6023],[-95.366,41.593],[-95.3564,41.5929],[-95.3565,41.5857],[-95.3612,41.5857],[-95.3611,41.5783],[-95.3559,41.5783],[-95.3559,41.5716],[-95.3511,41.5716],[-95.3511,41.5638],[-95.3372,41.5638],[-95.3401,41.5601],[-95.3417,41.5601],[-95.3416,41.5511],[-95.3394,41.5511],[-95.3394,41.5492],[-95.3368,41.5493],[-95.3369,41.5351],[-95.3272,41.5347],[-95.3271,41.5383],[-95.3224,41.5385],[-95.3224,41.5565],[-95.3033,41.5567],[-95.3031,41.5529],[-95.3079,41.5529],[-95.3079,41.5494],[-95.2838,41.5496],[-95.2838,41.5529],[-95.2983,41.553],[-95.2984,41.5602],[-95.2887,41.5603]],[[-95.2887,41.5603],[-95.2886,41.5566],[-95.2909,41.5566],[-95.2909,41.5554],[-95.2863,41.5566],[-95.2863,41.5602],[-95.2887,41.5603]]]}},{"type":"Feature","properties":{"leaid":"1931920","name":"Woodbine Community School District","kind":"Unified","gradeLow":"PK","gradeHigh":"12","state":"IA"},"geometry":{"type":"Polygon","coordinates":[[[-95.5475,41.7723],[-95.5475,41.7688],[-95.5524,41.7686],[-95.5526,41.7615],[-95.5574,41.7615],[-95.5574,41.7542],[-95.5719,41.7544],[-95.5718,41.7472],[-95.5574,41.7469],[-95.5575,41.7261],[-95.5476,41.7262],[-95.5478,41.729],[-95.538,41.729],[-95.538,41.7254],[-95.5428,41.7253],[-95.5428,41.7217],[-95.5476,41.7217],[-95.5476,41.7253],[-95.5672,41.7253],[-95.5673,41.7036],[-95.5697,41.7036],[-95.5698,41.6927],[-95.5722,41.6927],[-95.5722,41.6891],[-95.5578,41.6892],[-95.5578,41.6676],[-95.5773,41.6678],[-95.5774,41.646],[-95.5918,41.646],[-95.5918,41.6388],[-95.6113,41.6388],[-95.6112,41.6425],[-95.6161,41.6424],[-95.616,41.646],[-95.639,41.6463],[-95.6465,41.6515],[-95.6595,41.6578],[-95.6693,41.6605],[-95.7079,41.6604],[-95.7079,41.6682],[-95.7117,41.6688],[-95.7234,41.6744],[-95.7321,41.6741],[-95.7321,41.6894],[-95.751,41.6895],[-95.751,41.7041],[-95.79,41.7038],[-95.7901,41.7182],[-95.8095,41.7183],[-95.8093,41.7292],[-95.8192,41.7292],[-95.8187,41.7473],[-95.8284,41.7473],[-95.8285,41.769],[-95.8475,41.7692],[-95.8473,41.7763],[-95.8569,41.7763],[-95.8571,41.7909],[-95.8475,41.7908],[-95.8475,41.8018],[-95.8378,41.8018],[-95.8378,41.7981],[-95.8282,41.798],[-95.8285,41.8345],[-95.8381,41.8346],[-95.8381,41.8418],[-95.8333,41.8418],[-95.8334,41.849],[-95.8236,41.8489],[-95.8235,41.8562],[-95.8186,41.8562],[-95.8185,41.8634],[-95.7894,41.8633],[-95.7895,41.8778],[-95.7696,41.8777],[-95.7697,41.8704],[-95.7502,41.8703],[-95.7504,41.8493],[-95.7408,41.8493],[-95.7407,41.8348],[-95.6923,41.8343],[-95.6923,41.8271],[-95.6827,41.8272],[-95.6827,41.8199],[-95.6732,41.82],[-95.673,41.8127],[-95.6446,41.8128],[-95.6445,41.7909],[-95.6251,41.7909],[-95.6251,41.7873],[-95.6349,41.7873],[-95.6349,41.7837],[-95.6251,41.7836],[-95.6252,41.7764],[-95.5574,41.7764],[-95.5574,41.7724],[-95.5475,41.7723]]]}},{"type":"Feature","properties":{"leaid":"1930960","name":"West Harrison Community School District","kind":"Unified","gradeLow":"PK","gradeHigh":"12","state":"IA"},"geometry":{"type":"MultiPolygon","coordinates":[[[[-95.8812,41.9428],[-95.8812,41.9393],[-95.8863,41.9393],[-95.8861,41.9431],[-95.8812,41.9428]]],[[[-95.8667,41.943],[-95.8805,41.9427],[-95.8812,41.9428],[-95.8811,41.9503],[-95.8665,41.9504],[-95.8667,41.943]]],[[[-95.8667,41.943],[-95.8657,41.943],[-95.8658,41.943],[-95.8572,41.9429],[-95.8571,41.9466],[-95.8472,41.9467],[-95.8474,41.9501],[-95.8377,41.9502],[-95.8375,41.9574],[-95.8327,41.9574],[-95.8326,41.9648],[-95.7889,41.965],[-95.7889,41.9284],[-95.7689,41.9284],[-95.7685,41.9212],[-95.7641,41.9212],[-95.7644,41.9066],[-95.7788,41.9066],[-95.7788,41.903],[-95.7891,41.903],[-95.7892,41.8993],[-95.7986,41.8994],[-95.7989,41.9067],[-95.7893,41.9066],[-95.7892,41.9142],[-95.7989,41.9139],[-95.7989,41.9212],[-95.8085,41.9212],[-95.8084,41.9249],[-95.8133,41.9249],[-95.8133,41.9212],[-95.8231,41.9213],[-95.8231,41.9176],[-95.8183,41.9176],[-95.8184,41.8924],[-95.7893,41.8921],[-95.7894,41.8633],[-95.8185,41.8634],[-95.8186,41.8562],[-95.8235,41.8562],[-95.8236,41.8489],[-95.8334,41.849],[-95.8333,41.8418],[-95.8381,41.8418],[-95.8381,41.8346],[-95.8285,41.8345],[-95.8282,41.798],[-95.8378,41.7981],[-95.8378,41.8018],[-95.8475,41.8018],[-95.8475,41.7908],[-95.8571,41.7909],[-95.8569,41.7763],[-95.881,41.7763],[-95.8811,41.7691],[-95.8956,41.7689],[-95.8958,41.7599],[-95.9056,41.7601],[-95.9082,41.7581],[-95.9114,41.7574],[-95.9126,41.755],[-95.9154,41.7548],[-95.9154,41.7505],[-95.9249,41.7502],[-95.925,41.6826],[-95.9108,41.6825],[-95.9107,41.6896],[-95.906,41.6896],[-95.9059,41.6573],[-95.9251,41.6576],[-95.9252,41.6032],[-95.9461,41.6033],[-95.9464,41.5901],[-95.9699,41.5903],[-95.9699,41.5939],[-96.0041,41.5947],[-96.0042,41.5839],[-96.0284,41.5839],[-96.0287,41.5804],[-96.0823,41.5807],[-96.0872,41.5866],[-96.1058,41.5936],[-96.1158,41.6057],[-96.1182,41.6133],[-96.118,41.6173],[-96.1131,41.6254],[-96.1007,41.6355],[-96.0978,41.6396],[-96.0952,41.6501],[-96.0961,41.6545],[-96.1001,41.6611],[-96.1125,41.6685],[-96.121,41.677],[-96.1226,41.683],[-96.1219,41.6892],[-96.1162,41.6959],[-96.1086,41.6993],[-96.0854,41.6976],[-96.0777,41.7],[-96.0732,41.7041],[-96.0734,41.7102],[-96.0766,41.7157],[-96.0853,41.7213],[-96.1022,41.7276],[-96.1053,41.7315],[-96.1064,41.738],[-96.1048,41.743],[-96.101,41.7476],[-96.0874,41.7522],[-96.0812,41.7571],[-96.0785,41.7626],[-96.079,41.7724],[-96.0775,41.7778],[-96.0667,41.7886],[-96.0648,41.7938],[-96.0673,41.8006],[-96.0754,41.8077],[-96.0802,41.81],[-96.0975,41.8139],[-96.1066,41.8196],[-96.1094,41.8231],[-96.1108,41.8279],[-96.111,41.8316],[-96.1091,41.836],[-96.0795,41.8354],[-96.0797,41.8427],[-96.0734,41.8426],[-96.0798,41.8467],[-96.08,41.8499],[-96.0601,41.8498],[-96.0596,41.8647],[-95.9636,41.8635],[-95.9637,41.8674],[-95.9588,41.8673],[-95.959,41.8781],[-95.9542,41.8781],[-95.9545,41.8923],[-95.9054,41.8923],[-95.9052,41.921],[-95.8959,41.9212],[-95.8959,41.9248],[-95.8862,41.925],[-95.8861,41.9322],[-95.8816,41.9322],[-95.8814,41.9285],[-95.8765,41.9285],[-95.8768,41.9267],[-95.867,41.925],[-95.8667,41.943]]]]}},{"type":"Feature","properties":{"leaid":"1927990","name":"Tri-Center Community School District","kind":"Unified","gradeLow":"PK","gradeHigh":"12","state":"IA"},"geometry":{"type":"Polygon","coordinates":[[[-95.4978,41.6023],[-95.4979,41.5856],[-95.5074,41.5856],[-95.5074,41.5748],[-95.522,41.5748],[-95.522,41.5676],[-95.5172,41.5676],[-95.5172,41.564],[-95.5269,41.5641],[-95.5266,41.5568],[-95.5365,41.5568],[-95.5365,41.5496],[-95.522,41.5496],[-95.522,41.5424],[-95.5462,41.5423],[-95.5462,41.5279],[-95.5365,41.5279],[-95.5364,41.5062],[-95.5269,41.5061],[-95.527,41.4988],[-95.5076,41.4986],[-95.5074,41.466],[-95.5171,41.4662],[-95.5171,41.4698],[-95.5266,41.4697],[-95.5265,41.4626],[-95.5123,41.4625],[-95.5123,41.4552],[-95.5076,41.4551],[-95.5074,41.4407],[-95.5172,41.4408],[-95.5171,41.437],[-95.5217,41.4371],[-95.5222,41.4336],[-95.5267,41.4336],[-95.5266,41.4301],[-95.5221,41.4301],[-95.5223,41.4264],[-95.5074,41.4263],[-95.5072,41.3902],[-95.5413,41.3906],[-95.5412,41.387],[-95.5558,41.3871],[-95.5557,41.4016],[-95.5653,41.4015],[-95.5654,41.4052],[-95.5798,41.4052],[-95.5798,41.4015],[-95.5751,41.4015],[-95.5751,41.3943],[-95.5847,41.3943],[-95.5847,41.4016],[-95.5991,41.4015],[-95.5991,41.4051],[-95.6121,41.4048],[-95.6121,41.4194],[-95.6458,41.4194],[-95.6457,41.4266],[-95.6504,41.4266],[-95.6505,41.4302],[-95.6551,41.4302],[-95.6552,41.4338],[-95.6695,41.4338],[-95.6695,41.4411],[-95.7267,41.4412],[-95.7266,41.434],[-95.741,41.434],[-95.7412,41.4483],[-95.7459,41.4484],[-95.746,41.4629],[-95.7554,41.463],[-95.7553,41.445],[-95.765,41.445],[-95.7649,41.434],[-95.7745,41.4341],[-95.7747,41.427],[-95.7841,41.4268],[-95.784,41.4195],[-95.8224,41.4196],[-95.8232,41.4594],[-95.8186,41.4594],[-95.8182,41.4701],[-95.8234,41.4701],[-95.8233,41.4846],[-95.8137,41.4847],[-95.8137,41.4812],[-95.8089,41.4813],[-95.8088,41.4884],[-95.8184,41.4886],[-95.8183,41.4939],[-95.8135,41.4942],[-95.8135,41.4957],[-95.8065,41.4973],[-95.8038,41.4969],[-95.8038,41.5029],[-95.7942,41.503],[-95.7942,41.5209],[-95.7846,41.5209],[-95.7846,41.5353],[-95.7943,41.5355],[-95.7942,41.5427],[-95.7461,41.5427],[-95.7461,41.539],[-95.7267,41.5389],[-95.7267,41.5498],[-95.723,41.5499],[-95.7181,41.5498],[-95.7182,41.5462],[-95.7133,41.5462],[-95.7134,41.5425],[-95.6941,41.5426],[-95.6941,41.5498],[-95.6989,41.5498],[-95.6989,41.5607],[-95.6894,41.5606],[-95.6896,41.5896],[-95.6848,41.5896],[-95.6848,41.5932],[-95.6896,41.5933],[-95.6896,41.5968],[-95.6703,41.5967],[-95.6703,41.6024],[-95.6446,41.6024],[-95.6447,41.6097],[-95.6399,41.6097],[-95.6398,41.6061],[-95.6302,41.606],[-95.6302,41.6097],[-95.6254,41.6097],[-95.6254,41.6133],[-95.6206,41.6133],[-95.6159,41.617],[-95.6161,41.6315],[-95.5676,41.6314],[-95.5676,41.6387],[-95.5627,41.6387],[-95.5627,41.6314],[-95.5528,41.6313],[-95.5528,41.6387],[-95.5381,41.6386],[-95.5379,41.6311],[-95.5475,41.6312],[-95.5475,41.6277],[-95.5429,41.6276],[-95.5429,41.6241],[-95.5476,41.6241],[-95.5477,41.6205],[-95.5429,41.6205],[-95.5429,41.6146],[-95.5478,41.6129],[-95.5506,41.6096],[-95.5524,41.6096],[-95.5534,41.6024],[-95.538,41.6023],[-95.5382,41.6147],[-95.5309,41.6206],[-95.5284,41.6205],[-95.5284,41.6187],[-95.5236,41.6187],[-95.5236,41.6205],[-95.5188,41.6205],[-95.5187,41.6132],[-95.5332,41.6133],[-95.5332,41.6097],[-95.5284,41.6097],[-95.5283,41.6023],[-95.4978,41.6023]]]}},{"type":"Feature","properties":{"leaid":"1917460","name":"Logan-Magnolia Community School District","kind":"Unified","gradeLow":"PK","gradeHigh":"12","state":"IA"},"geometry":{"type":"Polygon","coordinates":[[[-95.881,41.7763],[-95.8473,41.7763],[-95.8475,41.7692],[-95.8285,41.769],[-95.8284,41.7473],[-95.8187,41.7473],[-95.8192,41.7292],[-95.8093,41.7292],[-95.8095,41.7183],[-95.7901,41.7182],[-95.79,41.7038],[-95.751,41.7041],[-95.751,41.6895],[-95.7321,41.6894],[-95.7321,41.6741],[-95.7234,41.6744],[-95.7117,41.6688],[-95.7079,41.6682],[-95.7079,41.6604],[-95.6693,41.6605],[-95.6641,41.6593],[-95.6468,41.6517],[-95.639,41.6463],[-95.616,41.646],[-95.6161,41.6424],[-95.6112,41.6425],[-95.6113,41.6388],[-95.5919,41.6388],[-95.5919,41.6315],[-95.6161,41.6315],[-95.6159,41.617],[-95.6206,41.6133],[-95.6254,41.6133],[-95.6254,41.6097],[-95.6302,41.6097],[-95.6302,41.606],[-95.6398,41.6061],[-95.6399,41.6097],[-95.6447,41.6097],[-95.6446,41.6024],[-95.6703,41.6024],[-95.6703,41.5967],[-95.6896,41.5968],[-95.6896,41.5933],[-95.6848,41.5932],[-95.6848,41.5896],[-95.6896,41.5896],[-95.6894,41.5606],[-95.6989,41.5607],[-95.6989,41.5498],[-95.6941,41.5498],[-95.6941,41.5426],[-95.7134,41.5425],[-95.7133,41.5462],[-95.7182,41.5462],[-95.7181,41.5498],[-95.723,41.5499],[-95.7267,41.5498],[-95.7267,41.5389],[-95.7461,41.539],[-95.7461,41.5427],[-95.7749,41.5427],[-95.7749,41.5717],[-95.7989,41.5716],[-95.7991,41.5897],[-95.8229,41.5898],[-95.8229,41.6027],[-95.8668,41.603],[-95.8668,41.6175],[-95.8862,41.6176],[-95.8862,41.632],[-95.8953,41.6319],[-95.8967,41.6342],[-95.8958,41.6465],[-95.906,41.6465],[-95.906,41.6896],[-95.9107,41.6896],[-95.9108,41.6825],[-95.925,41.6826],[-95.9249,41.7502],[-95.9154,41.7505],[-95.9154,41.7548],[-95.9126,41.755],[-95.9114,41.7574],[-95.9082,41.7581],[-95.9056,41.7601],[-95.8958,41.7599],[-95.8956,41.7689],[-95.8811,41.7691],[-95.881,41.7763]]]}},{"type":"Feature","properties":{"leaid":"1913500","name":"Harlan Community School District","kind":"Unified","gradeLow":"PK","gradeHigh":"12","state":"IA"},"geometry":{"type":"MultiPolygon","coordinates":[[[[-95.2887,41.5603],[-95.2863,41.5602],[-95.2863,41.5566],[-95.2909,41.5554],[-95.2909,41.5566],[-95.2886,41.5566],[-95.2887,41.5603]]],[[[-95.2887,41.5603],[-95.2984,41.5602],[-95.2983,41.553],[-95.2838,41.5529],[-95.2838,41.5496],[-95.3079,41.5494],[-95.3079,41.5529],[-95.3031,41.5529],[-95.3033,41.5567],[-95.3224,41.5565],[-95.3224,41.5385],[-95.3271,41.5383],[-95.3272,41.5347],[-95.3369,41.5351],[-95.3368,41.5493],[-95.3394,41.5492],[-95.3394,41.5511],[-95.3416,41.5511],[-95.3417,41.5601],[-95.3401,41.5601],[-95.3372,41.5638],[-95.3511,41.5638],[-95.3511,41.5716],[-95.3559,41.5716],[-95.3559,41.5783],[-95.3611,41.5783],[-95.3612,41.5857],[-95.3565,41.5857],[-95.3564,41.5929],[-95.366,41.593],[-95.3661,41.6023],[-95.376,41.6023],[-95.3758,41.5928],[-95.3833,41.5929],[-95.3832,41.6023],[-95.4074,41.6024],[-95.4073,41.6097],[-95.4217,41.6098],[-95.4218,41.6024],[-95.4122,41.6024],[-95.4123,41.5964],[-95.4412,41.597],[-95.4416,41.6098],[-95.4466,41.6097],[-95.4466,41.617],[-95.4514,41.6169],[-95.4514,41.6315],[-95.4562,41.6315],[-95.4562,41.6385],[-95.4659,41.6385],[-95.4659,41.6314],[-95.4803,41.6314],[-95.4803,41.6132],[-95.4948,41.6132],[-95.4948,41.606],[-95.4899,41.6059],[-95.49,41.6023],[-95.5283,41.6023],[-95.5284,41.6097],[-95.5332,41.6097],[-95.5332,41.6133],[-95.5187,41.6132],[-95.5188,41.6205],[-95.5236,41.6205],[-95.5236,41.6187],[-95.5284,41.6187],[-95.5284,41.6205],[-95.5309,41.6206],[-95.5382,41.6147],[-95.538,41.6023],[-95.5534,41.6024],[-95.5524,41.6096],[-95.5506,41.6096],[-95.5478,41.6129],[-95.5429,41.6146],[-95.5429,41.6205],[-95.5477,41.6205],[-95.5476,41.6241],[-95.5429,41.6241],[-95.5429,41.6276],[-95.5475,41.6277],[-95.5475,41.6312],[-95.5379,41.6311],[-95.5381,41.6386],[-95.5528,41.6387],[-95.5528,41.6313],[-95.5627,41.6314],[-95.5627,41.6387],[-95.5676,41.6387],[-95.5676,41.6314],[-95.5919,41.6315],[-95.5918,41.646],[-95.5774,41.646],[-95.5773,41.6678],[-95.5578,41.6676],[-95.5578,41.6892],[-95.5722,41.6891],[-95.5722,41.6927],[-95.5698,41.6927],[-95.5697,41.7036],[-95.5673,41.7036],[-95.5672,41.7253],[-95.5476,41.7253],[-95.5476,41.7217],[-95.5428,41.7217],[-95.5428,41.7253],[-95.538,41.7254],[-95.538,41.729],[-95.5478,41.729],[-95.5476,41.7262],[-95.5575,41.7261],[-95.5574,41.7469],[-95.5718,41.7472],[-95.5719,41.7544],[-95.5574,41.7542],[-95.5574,41.7615],[-95.5526,41.7615],[-95.5524,41.7686],[-95.5475,41.7688],[-95.5475,41.7724],[-95.5378,41.7724],[-95.5378,41.7688],[-95.5331,41.7688],[-95.5329,41.7835],[-95.528,41.7835],[-95.5282,41.7764],[-95.5234,41.7764],[-95.5233,41.7834],[-95.5134,41.7835],[-95.5134,41.7871],[-95.5086,41.7871],[-95.5086,41.7907],[-95.5134,41.7907],[-95.5134,41.7979],[-95.5181,41.7979],[-95.5181,41.8015],[-95.5134,41.8015],[-95.5132,41.8159],[-95.5182,41.816],[-95.5182,41.8196],[-95.5231,41.8196],[-95.523,41.8232],[-95.5181,41.8231],[-95.5181,41.8196],[-95.5086,41.8197],[-95.5085,41.805],[-95.5037,41.805],[-95.5037,41.8016],[-95.4989,41.8015],[-95.4988,41.8087],[-95.4941,41.8087],[-95.4941,41.805],[-95.4893,41.8052],[-95.4892,41.8124],[-95.4797,41.8125],[-95.4798,41.8194],[-95.4603,41.8199],[-95.4603,41.8271],[-95.4505,41.8271],[-95.4505,41.8307],[-95.4603,41.831],[-95.4602,41.8343],[-95.4744,41.8342],[-95.4746,41.8487],[-95.4697,41.8488],[-95.4698,41.8451],[-95.4649,41.8449],[-95.4649,41.8488],[-95.4602,41.8487],[-95.4597,41.8632],[-95.4022,41.8635],[-95.4024,41.8571],[-95.3733,41.8575],[-95.3732,41.8638],[-95.3637,41.8639],[-95.3637,41.8614],[-95.3538,41.8611],[-95.3538,41.8639],[-95.3491,41.864],[-95.349,41.8579],[-95.3441,41.8578],[-95.3441,41.8535],[-95.3465,41.8536],[-95.3463,41.8501],[-95.349,41.8503],[-95.3489,41.8428],[-95.3634,41.8431],[-95.3634,41.8358],[-95.3733,41.8356],[-95.3732,41.832],[-95.3683,41.8321],[-95.3683,41.8285],[-95.3538,41.8283],[-95.3538,41.8356],[-95.3585,41.8357],[-95.3586,41.8394],[-95.3347,41.8398],[-95.3346,41.8446],[-95.3439,41.8445],[-95.3439,41.8427],[-95.3465,41.8428],[-95.3465,41.8464],[-95.3439,41.8467],[-95.344,41.85],[-95.325,41.8503],[-95.3253,41.821],[-95.3352,41.82],[-95.3345,41.8173],[-95.3253,41.8173],[-95.3253,41.8102],[-95.3346,41.81],[-95.3346,41.8067],[-95.3252,41.8066],[-95.3252,41.7922],[-95.3489,41.7919],[-95.3492,41.7848],[-95.3443,41.7848],[-95.3444,41.7812],[-95.3435,41.7811],[-95.335,41.7813],[-95.3349,41.7848],[-95.3253,41.7849],[-95.3254,41.7778],[-95.3349,41.7776],[-95.335,41.7738],[-95.3254,41.7738],[-95.3254,41.7178],[-95.32,41.7178],[-95.3199,41.7033],[-95.3103,41.7033],[-95.3104,41.7178],[-95.2862,41.7176],[-95.2862,41.6889],[-95.1316,41.6879],[-95.1316,41.685],[-95.122,41.685],[-95.122,41.6879],[-95.1026,41.6882],[-95.1027,41.6852],[-95.1075,41.6851],[-95.1077,41.6815],[-95.1124,41.6814],[-95.1123,41.6852],[-95.1171,41.685],[-95.1172,41.6813],[-95.1267,41.6813],[-95.1267,41.6778],[-95.1315,41.6776],[-95.1314,41.6704],[-95.1265,41.6703],[-95.1265,41.6669],[-95.1169,41.6669],[-95.1171,41.6741],[-95.1028,41.6742],[-95.1027,41.6671],[-95.0928,41.6673],[-95.0927,41.6597],[-95.1071,41.6598],[-95.1072,41.6632],[-95.112,41.6633],[-95.1119,41.6598],[-95.1311,41.6589],[-95.1314,41.6307],[-95.1455,41.6313],[-95.1456,41.6272],[-95.1408,41.6272],[-95.1408,41.6236],[-95.1648,41.6236],[-95.1649,41.62],[-95.1696,41.6201],[-95.1695,41.6019],[-95.1546,41.602],[-95.1546,41.5995],[-95.1667,41.5994],[-95.1666,41.5922],[-95.1642,41.5922],[-95.1641,41.5886],[-95.174,41.5886],[-95.174,41.585],[-95.1836,41.585],[-95.1837,41.5814],[-95.1886,41.5815],[-95.1884,41.5778],[-95.1934,41.5779],[-95.1934,41.5707],[-95.1836,41.5705],[-95.1836,41.5635],[-95.2319,41.5636],[-95.2319,41.5673],[-95.2272,41.5673],[-95.2272,41.5778],[-95.2319,41.5782],[-95.2319,41.5746],[-95.2368,41.5746],[-95.2367,41.5728],[-95.2412,41.5728],[-95.2413,41.5709],[-95.244,41.5708],[-95.2439,41.5637],[-95.2536,41.5637],[-95.2536,41.5565],[-95.2608,41.5565],[-95.2611,41.5527],[-95.2657,41.5528],[-95.2657,41.5564],[-95.2692,41.5563],[-95.2693,41.5636],[-95.2744,41.5636],[-95.2744,41.5599],[-95.2827,41.5599],[-95.2838,41.5602],[-95.2838,41.5637],[-95.2873,41.5641],[-95.2887,41.5637],[-95.2887,41.5603]]]]}},{"type":"Feature","properties":{"leaid":"1904380","name":"Baxter Community School District","kind":"Unified","gradeLow":"PK","gradeHigh":"12","state":"IA"},"geometry":{"type":"Polygon","coordinates":[[[-93.1162,41.8627],[-93.0482,41.8626],[-93.0485,41.8348],[-93.0291,41.835],[-93.029,41.8313],[-93.0242,41.8312],[-93.0242,41.8203],[-93.0584,41.8201],[-93.0581,41.8056],[-93.0682,41.8057],[-93.0682,41.7983],[-93.0946,41.7984],[-93.0945,41.7911],[-93.0969,41.7911],[-93.0969,41.7874],[-93.1067,41.7874],[-93.1066,41.7765],[-93.1162,41.7765],[-93.1161,41.7539],[-93.1691,41.7535],[-93.169,41.7572],[-93.1738,41.7572],[-93.1738,41.7609],[-93.1788,41.7606],[-93.1788,41.768],[-93.1886,41.768],[-93.1886,41.7875],[-93.1935,41.7875],[-93.1935,41.7911],[-93.2128,41.7912],[-93.2129,41.8057],[-93.2319,41.8055],[-93.2319,41.82],[-93.2465,41.8202],[-93.2465,41.8165],[-93.2561,41.8166],[-93.256,41.8202],[-93.2901,41.8202],[-93.2901,41.8238],[-93.2756,41.8238],[-93.2755,41.8256],[-93.2708,41.8256],[-93.2705,41.8419],[-93.2655,41.8419],[-93.2655,41.8489],[-93.253,41.8491],[-93.251,41.8506],[-93.251,41.8627],[-93.2319,41.8627],[-93.2318,41.8664],[-93.2127,41.8663],[-93.2128,41.87],[-93.2028,41.8701],[-93.2023,41.8772],[-93.1935,41.8769],[-93.1935,41.8809],[-93.1838,41.8807],[-93.1836,41.8918],[-93.1162,41.8918],[-93.1162,41.8627]]]}},{"type":"Feature","properties":{"leaid":"1920610","name":"Newton Community School District","kind":"Unified","gradeLow":"PK","gradeHigh":"12","state":"IA"},"geometry":{"type":"Polygon","coordinates":[[[-93.0482,41.8626],[-92.9998,41.8625],[-93.0,41.849],[-92.9902,41.849],[-92.9904,41.8417],[-92.9807,41.8417],[-92.9809,41.8344],[-92.9758,41.8344],[-92.9757,41.8089],[-92.9609,41.8089],[-92.9608,41.8054],[-92.9417,41.8053],[-92.9418,41.8197],[-92.9225,41.8197],[-92.9225,41.8126],[-92.9127,41.8125],[-92.9125,41.8271],[-92.8833,41.827],[-92.8834,41.8054],[-92.8633,41.8054],[-92.8631,41.7917],[-92.8631,41.7906],[-92.8728,41.7907],[-92.8728,41.7761],[-92.8832,41.7762],[-92.8835,41.7317],[-92.8728,41.7318],[-92.8726,41.7171],[-92.8633,41.7171],[-92.8628,41.6881],[-92.8486,41.6881],[-92.8486,41.6813],[-92.8835,41.6815],[-92.8836,41.6671],[-92.9029,41.667],[-92.9029,41.6742],[-92.9126,41.6743],[-92.9126,41.6669],[-92.9416,41.6669],[-92.9414,41.6234],[-92.9366,41.6234],[-92.9366,41.6161],[-92.9704,41.6161],[-92.9703,41.6088],[-92.9655,41.6088],[-92.9655,41.6016],[-92.9961,41.6017],[-92.9962,41.5844],[-93.006,41.5845],[-93.006,41.5952],[-93.0158,41.5952],[-93.0158,41.5925],[-93.0251,41.5925],[-93.0252,41.5952],[-93.0301,41.5952],[-93.0303,41.6014],[-93.0482,41.6013],[-93.0483,41.6086],[-93.0579,41.6086],[-93.0579,41.6014],[-93.077,41.6014],[-93.077,41.6159],[-93.1165,41.6155],[-93.1165,41.6119],[-93.1309,41.612],[-93.131,41.6155],[-93.1404,41.6154],[-93.1405,41.6088],[-93.1502,41.6088],[-93.1502,41.6191],[-93.1455,41.6191],[-93.1454,41.6445],[-93.1357,41.6444],[-93.1357,41.648],[-93.1477,41.6572],[-93.1596,41.6774],[-93.1788,41.6857],[-93.1786,41.6883],[-93.1737,41.6883],[-93.174,41.7029],[-93.1785,41.703],[-93.1791,41.7065],[-93.1839,41.7065],[-93.1838,41.7135],[-93.1885,41.7136],[-93.1885,41.7174],[-93.1788,41.7173],[-93.1788,41.7391],[-93.1836,41.7391],[-93.1837,41.7464],[-93.1788,41.7463],[-93.1787,41.7608],[-93.1738,41.7609],[-93.1738,41.7572],[-93.169,41.7572],[-93.1691,41.7535],[-93.1161,41.7539],[-93.1162,41.7765],[-93.1066,41.7765],[-93.1067,41.7874],[-93.0969,41.7874],[-93.0969,41.7911],[-93.0945,41.7911],[-93.0946,41.7984],[-93.0682,41.7983],[-93.0682,41.8057],[-93.0581,41.8056],[-93.0584,41.8201],[-93.0242,41.8203],[-93.0242,41.8312],[-93.029,41.8313],[-93.0291,41.835],[-93.0485,41.8348],[-93.0482,41.8626]]]}},{"type":"Feature","properties":{"leaid":"1900009","name":"Colfax-Mingo Community School District","kind":"Unified","gradeLow":"PK","gradeHigh":"12","state":"IA"},"geometry":{"type":"Polygon","coordinates":[[[-93.1788,41.768],[-93.1788,41.7463],[-93.1837,41.7464],[-93.1836,41.7391],[-93.1788,41.7391],[-93.1788,41.7173],[-93.1885,41.7174],[-93.1885,41.7136],[-93.1838,41.7135],[-93.1839,41.7065],[-93.1791,41.7065],[-93.1785,41.703],[-93.174,41.7029],[-93.1737,41.6883],[-93.1786,41.6883],[-93.1788,41.6857],[-93.1596,41.6774],[-93.1477,41.6572],[-93.1357,41.648],[-93.1357,41.6444],[-93.1454,41.6445],[-93.1454,41.6372],[-93.1552,41.6372],[-93.1551,41.6445],[-93.1503,41.6445],[-93.1502,41.648],[-93.1696,41.648],[-93.1696,41.6445],[-93.1648,41.6445],[-93.1649,41.6373],[-93.1985,41.6374],[-93.1985,41.63],[-93.2517,41.6301],[-93.2517,41.6337],[-93.3194,41.6338],[-93.3194,41.6374],[-93.3291,41.6375],[-93.3292,41.6446],[-93.3389,41.6444],[-93.3388,41.659],[-93.3485,41.6588],[-93.3482,41.8056],[-93.3095,41.8057],[-93.3095,41.8202],[-93.256,41.8202],[-93.2561,41.8166],[-93.2465,41.8165],[-93.2465,41.8202],[-93.2319,41.82],[-93.2319,41.8055],[-93.2129,41.8057],[-93.2128,41.7912],[-93.1935,41.7911],[-93.1935,41.7875],[-93.1886,41.7875],[-93.1886,41.768],[-93.1788,41.768]]]}},{"type":"Feature","properties":{"leaid":"1913200","name":"Grinnell-Newburg Community School District","kind":"Unified","gradeLow":"PK","gradeHigh":"12","state":"IA"},"geometry":{"type":"MultiPolygon","coordinates":[[[[-92.552,41.7387],[-92.5518,41.7423],[-92.5473,41.7423],[-92.5473,41.7386],[-92.552,41.7387]]],[[[-92.5473,41.7423],[-92.5474,41.7458],[-92.5426,41.7457],[-92.5426,41.7423],[-92.5473,41.7423]]],[[[-92.552,41.7387],[-92.552,41.7242],[-92.5713,41.7244],[-92.5713,41.7172],[-92.5907,41.717],[-92.5908,41.7097],[-92.6101,41.7099],[-92.6101,41.7134],[-92.6198,41.7134],[-92.6198,41.6878],[-92.6497,41.688],[-92.6497,41.6018],[-92.6883,41.6015],[-92.6884,41.6306],[-92.719,41.6306],[-92.7271,41.6305],[-92.7271,41.6016],[-92.7668,41.6014],[-92.7666,41.6377],[-92.7762,41.6377],[-92.7762,41.6521],[-92.8053,41.6523],[-92.8052,41.674],[-92.8197,41.674],[-92.8197,41.6668],[-92.8245,41.6668],[-92.8245,41.6704],[-92.839,41.6704],[-92.839,41.6741],[-92.8341,41.674],[-92.8341,41.6777],[-92.8245,41.6774],[-92.8244,41.6813],[-92.8341,41.6813],[-92.834,41.6881],[-92.8628,41.6881],[-92.8633,41.7171],[-92.8726,41.7171],[-92.8728,41.7318],[-92.8835,41.7317],[-92.8832,41.7762],[-92.8728,41.7761],[-92.8728,41.7907],[-92.8631,41.7906],[-92.8633,41.8054],[-92.8834,41.8054],[-92.8833,41.827],[-92.8731,41.827],[-92.8731,41.8307],[-92.8635,41.8306],[-92.8634,41.8342],[-92.8441,41.8341],[-92.8441,41.8378],[-92.8344,41.8377],[-92.8344,41.8413],[-92.8245,41.8413],[-92.8245,41.8377],[-92.8148,41.8377],[-92.8148,41.8451],[-92.8052,41.8451],[-92.8051,41.8485],[-92.7953,41.8486],[-92.7953,41.8449],[-92.7854,41.8449],[-92.7854,41.8557],[-92.7665,41.8558],[-92.766,41.8413],[-92.7275,41.8416],[-92.7274,41.8624],[-92.5719,41.8623],[-92.5719,41.8591],[-92.5573,41.8591],[-92.5574,41.8623],[-92.5525,41.8622],[-92.5524,41.8555],[-92.5428,41.8555],[-92.5427,41.8622],[-92.5331,41.8622],[-92.5331,41.8481],[-92.5427,41.8481],[-92.5428,41.8409],[-92.5379,41.8409],[-92.5379,41.8336],[-92.5427,41.8337],[-92.5427,41.83],[-92.5331,41.8299],[-92.533,41.8191],[-92.5523,41.8192],[-92.5523,41.8138],[-92.562,41.8138],[-92.562,41.8083],[-92.5571,41.8083],[-92.5572,41.8046],[-92.533,41.8046],[-92.5331,41.7973],[-92.5524,41.7973],[-92.5524,41.7901],[-92.5621,41.7901],[-92.5622,41.7607],[-92.5718,41.7606],[-92.5713,41.7281],[-92.5617,41.7279],[-92.5617,41.7388],[-92.552,41.7387]]]]}},{"type":"Feature","properties":{"leaid":"1910410","name":"Eastern Allamakee Community School District","kind":"Unified","gradeLow":"PK","gradeHigh":"12","state":"IA"},"geometry":{"type":"Polygon","coordinates":[[[-91.2177,43.5006],[-91.2176,43.491],[-91.2153,43.4848],[-91.216,43.4811],[-91.2204,43.4713],[-91.2246,43.4655],[-91.2322,43.46],[-91.2334,43.4552],[-91.2323,43.451],[-91.2288,43.4455],[-91.2071,43.425],[-91.2031,43.4198],[-91.2004,43.4127],[-91.2005,43.4085],[-91.1977,43.3953],[-91.199,43.3898],[-91.2061,43.375],[-91.215,43.368],[-91.2148,43.3659],[-91.2066,43.3525],[-91.2018,43.3491],[-91.1811,43.3459],[-91.1548,43.3348],[-91.1328,43.328],[-91.1072,43.3136],[-91.0857,43.2919],[-91.0737,43.2747],[-91.0717,43.2714],[-91.0729,43.2631],[-91.0717,43.261],[-91.0618,43.26],[-91.0586,43.2577],[-91.0579,43.254],[-91.0626,43.2432],[-91.0793,43.2283],[-91.0975,43.2145],[-91.1121,43.2249],[-91.1265,43.225],[-91.1264,43.2264],[-91.1318,43.2262],[-91.1415,43.2206],[-91.1464,43.2211],[-91.1462,43.2248],[-91.1512,43.2247],[-91.151,43.2355],[-91.1661,43.2356],[-91.1661,43.2393],[-91.1687,43.2393],[-91.1686,43.2428],[-91.1611,43.2429],[-91.161,43.2538],[-91.1711,43.2538],[-91.1712,43.2392],[-91.1912,43.2392],[-91.191,43.2284],[-91.1959,43.2284],[-91.196,43.2356],[-91.2009,43.2356],[-91.2008,43.242],[-91.2057,43.243],[-91.2057,43.2455],[-91.202,43.2454],[-91.202,43.2503],[-91.2008,43.2502],[-91.2007,43.2684],[-91.2105,43.2685],[-91.2107,43.2754],[-91.2206,43.2758],[-91.2206,43.2795],[-91.2353,43.2795],[-91.2353,43.2759],[-91.2405,43.2759],[-91.2405,43.2832],[-91.2454,43.2832],[-91.2454,43.2796],[-91.2501,43.2796],[-91.2497,43.2905],[-91.27,43.2895],[-91.2745,43.2934],[-91.2747,43.3013],[-91.278,43.3013],[-91.2794,43.2999],[-91.2797,43.2868],[-91.2846,43.2867],[-91.2847,43.2904],[-91.2896,43.2905],[-91.2895,43.2977],[-91.2846,43.2976],[-91.2845,43.302],[-91.2867,43.305],[-91.2947,43.305],[-91.2946,43.3123],[-91.2995,43.3122],[-91.2995,43.3086],[-91.3038,43.3086],[-91.3044,43.3123],[-91.3195,43.3123],[-91.3195,43.3089],[-91.3172,43.3054],[-91.3195,43.304],[-91.3195,43.3051],[-91.3245,43.3052],[-91.3243,43.316],[-91.3273,43.316],[-91.3293,43.3178],[-91.3293,43.3232],[-91.3392,43.3232],[-91.3391,43.3268],[-91.3282,43.3268],[-91.3284,43.3232],[-91.3194,43.3232],[-91.3194,43.3268],[-91.3094,43.3268],[-91.3095,43.3341],[-91.3292,43.3341],[-91.3292,43.3414],[-91.34,43.3415],[-91.3391,43.3523],[-91.3413,43.3513],[-91.3422,43.3559],[-91.3471,43.3559],[-91.3473,43.3705],[-91.3832,43.3705],[-91.3861,43.3736],[-91.3919,43.3741],[-91.3917,43.3814],[-91.4067,43.3814],[-91.4067,43.3852],[-91.4165,43.3852],[-91.4165,43.3924],[-91.4116,43.3923],[-91.4116,43.3972],[-91.4089,43.3971],[-91.4065,43.3996],[-91.4016,43.3996],[-91.4016,43.4031],[-91.3966,43.4031],[-91.3966,43.4067],[-91.3917,43.4066],[-91.3918,43.4174],[-91.3819,43.4175],[-91.3818,43.4218],[-91.3796,43.424],[-91.3815,43.4261],[-91.377,43.4308],[-91.3736,43.4313],[-91.372,43.4344],[-91.372,43.4422],[-91.3768,43.4423],[-91.3768,43.4459],[-91.3819,43.446],[-91.3819,43.4423],[-91.3869,43.4424],[-91.3868,43.4282],[-91.3967,43.4282],[-91.3967,43.4425],[-91.3918,43.4425],[-91.392,43.4496],[-91.3869,43.4496],[-91.387,43.4568],[-91.382,43.4568],[-91.3819,43.464],[-91.3769,43.4639],[-91.3769,43.4711],[-91.3819,43.4711],[-91.3819,43.4784],[-91.3918,43.4786],[-91.4017,43.4785],[-91.4018,43.4748],[-91.3968,43.4749],[-91.3969,43.4711],[-91.4115,43.4712],[-91.4116,43.4859],[-91.4042,43.4859],[-91.4042,43.4894],[-91.4066,43.4894],[-91.4066,43.493],[-91.4018,43.493],[-91.4018,43.4966],[-91.4063,43.4966],[-91.4062,43.5003],[-91.2177,43.5006]]]}},{"type":"Feature","properties":{"leaid":"1918120","name":"MFL MarMac Community School District","kind":"Unified","gradeLow":"PK","gradeHigh":"12","state":"IA"},"geometry":{"type":"Polygon","coordinates":[[[-91.1772,43.0802],[-91.1773,43.073],[-91.1795,43.0674],[-91.1779,43.0642],[-91.1747,43.0387],[-91.1702,43.0238],[-91.1575,42.9915],[-91.1566,42.9782],[-91.148,42.9662],[-91.1459,42.9608],[-91.1455,42.9565],[-91.1499,42.942],[-91.1443,42.9266],[-91.1439,42.9207],[-91.1628,42.9207],[-91.1673,42.928],[-91.1811,42.9282],[-91.1811,42.9245],[-91.1911,42.9247],[-91.1912,42.9356],[-91.1811,42.9354],[-91.1811,42.9389],[-91.1862,42.939],[-91.1862,42.9426],[-91.201,42.9429],[-91.201,42.95],[-91.2502,42.9501],[-91.2506,42.9645],[-91.2751,42.9646],[-91.2751,42.972],[-91.2774,42.9726],[-91.2897,42.972],[-91.2899,42.9648],[-91.3192,42.9647],[-91.3191,42.9575],[-91.3341,42.9574],[-91.3341,42.9501],[-91.3745,42.9503],[-91.3744,42.943],[-91.3795,42.943],[-91.3795,42.9503],[-91.429,42.95],[-91.4292,42.9646],[-91.4341,42.9646],[-91.4341,42.961],[-91.4392,42.9608],[-91.439,42.9499],[-91.4489,42.9499],[-91.449,42.9572],[-91.4735,42.957],[-91.4736,42.9679],[-91.4788,42.9678],[-91.4787,42.9751],[-91.4637,42.9753],[-91.4639,42.9808],[-91.4688,42.9807],[-91.4688,42.9862],[-91.4639,42.9863],[-91.4638,42.9896],[-91.4688,42.9896],[-91.4685,43.0005],[-91.4784,43.0003],[-91.4785,43.0041],[-91.4834,43.0039],[-91.4837,43.0171],[-91.4811,43.016],[-91.48,43.0185],[-91.4788,43.0185],[-91.4787,43.0259],[-91.4839,43.0258],[-91.4838,43.0294],[-91.4891,43.0293],[-91.4891,43.0365],[-91.4787,43.0367],[-91.479,43.0441],[-91.4739,43.0442],[-91.4739,43.0518],[-91.5001,43.0509],[-91.5001,43.0546],[-91.4939,43.0546],[-91.4939,43.0584],[-91.489,43.0584],[-91.489,43.0524],[-91.4825,43.0527],[-91.4826,43.0591],[-91.4849,43.0588],[-91.4849,43.0656],[-91.4814,43.0659],[-91.4815,43.0677],[-91.4839,43.0676],[-91.4839,43.073],[-91.4889,43.0728],[-91.489,43.0786],[-91.4844,43.0802],[-91.4854,43.0815],[-91.4841,43.0815],[-91.488,43.0851],[-91.4861,43.0843],[-91.484,43.0861],[-91.4791,43.0861],[-91.4791,43.0888],[-91.4742,43.0888],[-91.4742,43.0851],[-91.4693,43.0852],[-91.4693,43.0815],[-91.4644,43.0815],[-91.4642,43.0962],[-91.4691,43.0962],[-91.4692,43.0926],[-91.4841,43.0925],[-91.484,43.0888],[-91.4865,43.0888],[-91.4865,43.087],[-91.4889,43.087],[-91.489,43.0851],[-91.494,43.0851],[-91.494,43.0815],[-91.499,43.0815],[-91.4988,43.0919],[-91.5088,43.0924],[-91.5087,43.0961],[-91.4938,43.0961],[-91.4937,43.1032],[-91.469,43.1034],[-91.469,43.1107],[-91.4591,43.1106],[-91.4591,43.1179],[-91.464,43.1179],[-91.4638,43.1252],[-91.4587,43.1251],[-91.4588,43.1287],[-91.454,43.1286],[-91.4542,43.1322],[-91.4638,43.1324],[-91.464,43.1359],[-91.4542,43.1358],[-91.4542,43.143],[-91.4491,43.143],[-91.4493,43.1394],[-91.4346,43.1393],[-91.4348,43.1321],[-91.42,43.132],[-91.42,43.1247],[-91.4002,43.1248],[-91.4002,43.132],[-91.3953,43.1318],[-91.3953,43.1391],[-91.3493,43.1388],[-91.3493,43.1309],[-91.3393,43.1316],[-91.3393,43.1244],[-91.3493,43.1244],[-91.3493,43.1172],[-91.3395,43.1173],[-91.3394,43.1209],[-91.3296,43.1209],[-91.3296,43.1227],[-91.325,43.1226],[-91.325,43.1243],[-91.3157,43.1243],[-91.3153,43.1207],[-91.3106,43.1208],[-91.3105,43.1135],[-91.2955,43.1136],[-91.2954,43.1209],[-91.2903,43.121],[-91.2903,43.1136],[-91.2805,43.1135],[-91.2807,43.0954],[-91.2708,43.0954],[-91.2708,43.1026],[-91.2509,43.1024],[-91.2507,43.1098],[-91.2359,43.1096],[-91.2361,43.1061],[-91.2313,43.106],[-91.236,43.1056],[-91.2363,43.1025],[-91.2314,43.1025],[-91.2311,43.0804],[-91.1772,43.0802]]]}},{"type":"Feature","properties":{"leaid":"1917550","name":"Lone Tree Community School District","kind":"Unified","gradeLow":"PK","gradeHigh":"12","state":"IA"},"geometry":{"type":"Polygon","coordinates":[[[-91.4258,41.5986],[-91.3961,41.5986],[-91.396,41.5908],[-91.3863,41.5907],[-91.3862,41.5834],[-91.396,41.5836],[-91.396,41.5794],[-91.3959,41.5763],[-91.3813,41.576],[-91.3812,41.5687],[-91.3862,41.5688],[-91.3862,41.5615],[-91.3668,41.5612],[-91.3685,41.4232],[-91.4122,41.4236],[-91.4126,41.4165],[-91.4175,41.4165],[-91.4179,41.4091],[-91.4225,41.409],[-91.4226,41.4056],[-91.4324,41.4056],[-91.4323,41.4092],[-91.4372,41.4092],[-91.4368,41.4166],[-91.4417,41.4168],[-91.4417,41.4184],[-91.4449,41.4178],[-91.4452,41.4202],[-91.4519,41.4202],[-91.4538,41.424],[-91.4804,41.4239],[-91.481,41.4263],[-91.4854,41.4291],[-91.4907,41.4404],[-91.5024,41.4484],[-91.5025,41.4509],[-91.4986,41.4534],[-91.4997,41.4553],[-91.4988,41.4592],[-91.5041,41.4609],[-91.5159,41.4679],[-91.5129,41.4763],[-91.5025,41.4767],[-91.5018,41.4822],[-91.5027,41.4847],[-91.5013,41.4873],[-91.5037,41.4934],[-91.5081,41.4928],[-91.5107,41.4947],[-91.5108,41.4974],[-91.5082,41.4984],[-91.5065,41.5008],[-91.5074,41.5023],[-91.5101,41.5027],[-91.514,41.4974],[-91.5175,41.497],[-91.5199,41.4989],[-91.519,41.5026],[-91.5279,41.5078],[-91.5271,41.5097],[-91.5202,41.5106],[-91.5196,41.5117],[-91.528,41.5134],[-91.529,41.516],[-91.5257,41.5166],[-91.5226,41.5156],[-91.5193,41.5169],[-91.5231,41.5187],[-91.5229,41.5229],[-91.5286,41.5266],[-91.5314,41.5254],[-91.534,41.5264],[-91.5337,41.5291],[-91.5288,41.53],[-91.5267,41.5322],[-91.5279,41.5345],[-91.5313,41.5361],[-91.5313,41.5385],[-91.5253,41.5384],[-91.5193,41.5404],[-91.5157,41.5446],[-91.5151,41.5488],[-91.5204,41.5577],[-91.525,41.5595],[-91.5246,41.5635],[-91.5289,41.5662],[-91.5249,41.5687],[-91.524,41.5709],[-91.5255,41.5737],[-91.5304,41.5765],[-91.5274,41.5802],[-91.5306,41.5831],[-91.5307,41.5851],[-91.529,41.5871],[-91.5247,41.5857],[-91.5221,41.587],[-91.5239,41.5905],[-91.5294,41.593],[-91.5268,41.5986],[-91.4728,41.5985],[-91.473,41.6059],[-91.4591,41.6058],[-91.4596,41.6069],[-91.4633,41.607],[-91.4634,41.6131],[-91.4537,41.613],[-91.4538,41.6254],[-91.4346,41.6179],[-91.4343,41.6057],[-91.4374,41.6058],[-91.4375,41.613],[-91.4441,41.613],[-91.444,41.6059],[-91.4536,41.6061],[-91.4536,41.5985],[-91.4356,41.5985],[-91.4356,41.5948],[-91.431,41.5948],[-91.4258,41.5948],[-91.4258,41.5986]]]}},{"type":"Feature","properties":{"leaid":"1917820","name":"Louisa-Muscatine Community School District","kind":"Unified","gradeLow":"PK","gradeHigh":"12","state":"IA"},"geometry":{"type":"Polygon","coordinates":[[[-91.0637,41.3707],[-91.0662,41.3664],[-91.0705,41.3463],[-91.0741,41.3076],[-91.0775,41.3018],[-91.0869,41.2944],[-91.0907,41.2891],[-91.1011,41.2672],[-91.1142,41.25],[-91.1137,41.2414],[-91.1104,41.2373],[-91.1142,41.2372],[-91.1097,41.2327],[-91.1295,41.2326],[-91.1296,41.2362],[-91.1344,41.2363],[-91.1345,41.2398],[-91.1392,41.2397],[-91.1392,41.2472],[-91.1489,41.2473],[-91.1488,41.2362],[-91.1586,41.2362],[-91.1586,41.2291],[-91.1966,41.2292],[-91.1987,41.2162],[-91.2041,41.2168],[-91.2176,41.2128],[-91.2199,41.2132],[-91.2242,41.2158],[-91.231,41.2228],[-91.2344,41.2271],[-91.2354,41.2623],[-91.2543,41.2627],[-91.2542,41.2701],[-91.2591,41.2704],[-91.259,41.2774],[-91.2542,41.2773],[-91.2541,41.2847],[-91.2733,41.2847],[-91.2732,41.2956],[-91.2924,41.2954],[-91.2924,41.2918],[-91.302,41.2918],[-91.3021,41.2992],[-91.3115,41.2991],[-91.3113,41.3064],[-91.3455,41.3063],[-91.3453,41.309],[-91.3517,41.3182],[-91.3521,41.3256],[-91.3489,41.3297],[-91.3401,41.3333],[-91.3339,41.3404],[-91.3289,41.3547],[-91.3273,41.3566],[-91.3228,41.3585],[-91.3165,41.365],[-91.3163,41.3705],[-91.3067,41.374],[-91.3062,41.3763],[-91.3096,41.3838],[-91.3081,41.3874],[-91.3056,41.3893],[-91.2901,41.3937],[-91.2908,41.3965],[-91.298,41.4002],[-91.299,41.4023],[-91.2909,41.4076],[-91.2874,41.4128],[-91.2873,41.4229],[-91.2722,41.4227],[-91.2724,41.4155],[-91.2602,41.4156],[-91.2601,41.4213],[-91.2529,41.4212],[-91.2532,41.4009],[-91.258,41.4009],[-91.258,41.3974],[-91.2533,41.3976],[-91.2533,41.3935],[-91.2481,41.3932],[-91.2484,41.3864],[-91.2439,41.3865],[-91.2437,41.3897],[-91.234,41.3897],[-91.2337,41.3864],[-91.229,41.3858],[-91.2293,41.3788],[-91.2052,41.3783],[-91.2053,41.3749],[-91.1955,41.3747],[-91.1956,41.3709],[-91.0637,41.3707]]]}},{"type":"Feature","properties":{"leaid":"1908580","name":"Davenport Community School District","kind":"Unified","gradeLow":"PK","gradeHigh":"12","state":"IA"},"geometry":{"type":"Polygon","coordinates":[[[-90.8019,41.6839],[-90.7629,41.6837],[-90.763,41.6658],[-90.7595,41.6658],[-90.7594,41.6592],[-90.7629,41.6606],[-90.7629,41.6548],[-90.7435,41.6547],[-90.7437,41.6402],[-90.7243,41.6399],[-90.7246,41.6256],[-90.6662,41.6255],[-90.6661,41.5965],[-90.6489,41.5964],[-90.6489,41.5975],[-90.6464,41.5975],[-90.6465,41.5964],[-90.5882,41.5961],[-90.5883,41.5992],[-90.5598,41.5947],[-90.5222,41.5963],[-90.5226,41.5348],[-90.5324,41.5348],[-90.5325,41.5248],[-90.5409,41.5261],[-90.5562,41.5242],[-90.5672,41.5175],[-90.5862,41.5142],[-90.5952,41.511],[-90.6021,41.506],[-90.6059,41.4942],[-90.6185,41.485],[-90.6325,41.4787],[-90.6502,41.465],[-90.6558,41.4621],[-90.6662,41.4606],[-90.6764,41.4608],[-90.7012,41.4547],[-90.7375,41.4501],[-90.7717,41.4508],[-90.7863,41.4529],[-90.7855,41.4875],[-90.834,41.4876],[-90.8341,41.4913],[-90.8434,41.4911],[-90.843,41.5094],[-90.8476,41.5094],[-90.8479,41.5133],[-90.8526,41.5134],[-90.8526,41.5189],[-90.8558,41.5194],[-90.8576,41.5226],[-90.8576,41.5353],[-90.8335,41.5349],[-90.8332,41.5387],[-90.7943,41.5384],[-90.7944,41.5312],[-90.7847,41.531],[-90.7846,41.5383],[-90.7895,41.5384],[-90.7892,41.5457],[-90.7845,41.5456],[-90.7844,41.553],[-90.7943,41.5529],[-90.7944,41.5457],[-90.804,41.5457],[-90.8038,41.5604],[-90.794,41.5603],[-90.7939,41.5678],[-90.8084,41.5677],[-90.8081,41.5892],[-90.8228,41.5894],[-90.8228,41.5966],[-90.7831,41.5965],[-90.783,41.6402],[-90.7927,41.6402],[-90.7926,41.662],[-90.7974,41.6621],[-90.7975,41.6693],[-90.8018,41.6693],[-90.8019,41.6839]]]}},{"type":"Feature","properties":{"leaid":"1920940","name":"North Scott Community School District","kind":"Unified","gradeLow":"PK","gradeHigh":"12","state":"IA"},"geometry":{"type":"Polygon","coordinates":[[[-90.3745,41.7343],[-90.3728,41.7321],[-90.365,41.7279],[-90.3575,41.7278],[-90.3566,41.7293],[-90.358,41.731],[-90.3567,41.7319],[-90.3524,41.7319],[-90.3477,41.73],[-90.3474,41.733],[-90.3447,41.7337],[-90.3426,41.7394],[-90.3399,41.7405],[-90.3371,41.7391],[-90.3339,41.7394],[-90.3289,41.7344],[-90.3236,41.7335],[-90.32,41.7301],[-90.3161,41.7288],[-90.3174,41.7183],[-90.3127,41.7061],[-90.3147,41.6948],[-90.3183,41.6908],[-90.3302,41.684],[-90.3345,41.6796],[-90.3367,41.6645],[-90.3402,41.6556],[-90.4518,41.6554],[-90.4514,41.5975],[-90.5373,41.5962],[-90.5581,41.5947],[-90.5883,41.5992],[-90.5882,41.5961],[-90.6465,41.5964],[-90.6464,41.5975],[-90.6489,41.5975],[-90.6489,41.5964],[-90.6661,41.5965],[-90.6662,41.6255],[-90.7246,41.6256],[-90.7243,41.6399],[-90.7437,41.6402],[-90.7435,41.6547],[-90.7629,41.6548],[-90.7629,41.6606],[-90.7594,41.6592],[-90.7595,41.6658],[-90.763,41.6658],[-90.7629,41.6837],[-90.7923,41.6838],[-90.7921,41.7201],[-90.8116,41.7202],[-90.8116,41.7493],[-90.7824,41.7492],[-90.7824,41.7529],[-90.753,41.753],[-90.7533,41.7495],[-90.7493,41.7444],[-90.7461,41.7438],[-90.7436,41.7415],[-90.7362,41.7406],[-90.7344,41.7382],[-90.7316,41.7374],[-90.7286,41.7396],[-90.7283,41.7416],[-90.7262,41.7423],[-90.7223,41.737],[-90.7139,41.7346],[-90.7117,41.7396],[-90.7072,41.7403],[-90.7036,41.7372],[-90.6975,41.743],[-90.6916,41.7431],[-90.6915,41.7461],[-90.6943,41.7489],[-90.6931,41.7506],[-90.6869,41.7525],[-90.687,41.7569],[-90.6848,41.757],[-90.6817,41.7546],[-90.677,41.7554],[-90.6761,41.7563],[-90.6776,41.758],[-90.6765,41.7609],[-90.6679,41.7645],[-90.6587,41.7648],[-90.6557,41.7604],[-90.6561,41.7576],[-90.6515,41.7554],[-90.6462,41.7566],[-90.6424,41.7615],[-90.6356,41.7611],[-90.6323,41.7648],[-90.6296,41.7653],[-90.622,41.7627],[-90.6164,41.7565],[-90.6128,41.7582],[-90.6113,41.764],[-90.6001,41.763],[-90.5971,41.7676],[-90.5918,41.7707],[-90.5892,41.7699],[-90.5886,41.7638],[-90.5841,41.7633],[-90.5791,41.7591],[-90.5706,41.7636],[-90.5654,41.7625],[-90.5659,41.7651],[-90.5648,41.7658],[-90.5596,41.7636],[-90.5545,41.7646],[-90.5495,41.7636],[-90.5503,41.7683],[-90.5495,41.7692],[-90.5428,41.7659],[-90.541,41.7676],[-90.5373,41.7764],[-90.5317,41.7749],[-90.528,41.7753],[-90.5282,41.7734],[-90.5271,41.7726],[-90.5232,41.7728],[-90.5218,41.7711],[-90.5157,41.7697],[-90.5144,41.766],[-90.5128,41.7653],[-90.5075,41.7695],[-90.5037,41.7673],[-90.4993,41.7677],[-90.4958,41.7659],[-90.4918,41.766],[-90.4889,41.7675],[-90.485,41.7664],[-90.4835,41.7692],[-90.4802,41.7712],[-90.4717,41.7736],[-90.4673,41.7689],[-90.4689,41.7662],[-90.4685,41.7636],[-90.4652,41.759],[-90.4585,41.7583],[-90.4565,41.7608],[-90.4493,41.7648],[-90.4466,41.7638],[-90.4408,41.7587],[-90.4364,41.7606],[-90.4328,41.7557],[-90.426,41.7527],[-90.4242,41.7491],[-90.4275,41.7445],[-90.4231,41.7406],[-90.4278,41.738],[-90.4275,41.7363],[-90.4251,41.736],[-90.4125,41.7411],[-90.411,41.7377],[-90.4062,41.7357],[-90.4063,41.7342],[-90.4106,41.7324],[-90.4096,41.73],[-90.4079,41.7293],[-90.4034,41.7297],[-90.396,41.7338],[-90.3941,41.7313],[-90.3896,41.7306],[-90.3882,41.7319],[-90.3903,41.7343],[-90.3892,41.737],[-90.3745,41.7343]]]}},{"type":"Feature","properties":{"leaid":"1925050","name":"Ruthven-Ayrshire Community School District","kind":"Unified","gradeLow":"PK","gradeHigh":"12","state":"IA"},"geometry":{"type":"MultiPolygon","coordinates":[[[[-94.992,43.1124],[-94.9922,43.1051],[-95.0021,43.1051],[-95.0019,43.1124],[-94.992,43.1124]]],[[[-94.992,43.1124],[-94.9917,43.1269],[-95.0016,43.1269],[-95.0015,43.1312],[-95.0118,43.13],[-95.0118,43.1412],[-94.9914,43.1414],[-94.9916,43.1559],[-94.9825,43.1558],[-94.9826,43.1627],[-94.9737,43.1626],[-94.973,43.1687],[-94.9331,43.1688],[-94.9332,43.176],[-94.9231,43.176],[-94.9234,43.1688],[-94.9135,43.1687],[-94.9137,43.2122],[-94.8972,43.213],[-94.8955,43.2046],[-94.892,43.2014],[-94.8869,43.2015],[-94.8871,43.2128],[-94.8775,43.2126],[-94.8777,43.2272],[-94.8872,43.2273],[-94.8873,43.238],[-94.8684,43.238],[-94.8679,43.2198],[-94.8581,43.2197],[-94.8578,43.2126],[-94.8677,43.2126],[-94.8676,43.2053],[-94.8685,43.2051],[-94.8575,43.2053],[-94.8577,43.2088],[-94.8526,43.2088],[-94.8522,43.1981],[-94.8466,43.1981],[-94.8473,43.2053],[-94.8422,43.2054],[-94.8423,43.209],[-94.8375,43.209],[-94.837,43.1982],[-94.8321,43.1982],[-94.8315,43.1691],[-94.8265,43.1691],[-94.8266,43.1728],[-94.8168,43.1728],[-94.8167,43.1692],[-94.8068,43.1692],[-94.8069,43.1728],[-94.7969,43.1728],[-94.797,43.1692],[-94.7877,43.1692],[-94.7875,43.1555],[-94.7971,43.1553],[-94.797,43.1264],[-94.7882,43.1265],[-94.7879,43.0976],[-94.7969,43.0976],[-94.7969,43.0868],[-94.8263,43.0867],[-94.8264,43.0903],[-94.8313,43.0903],[-94.8312,43.0831],[-94.8361,43.0831],[-94.8362,43.079],[-94.8412,43.0792],[-94.8411,43.0756],[-94.8461,43.0756],[-94.8463,43.0608],[-94.8266,43.0607],[-94.8266,43.0572],[-94.8166,43.057],[-94.8165,43.0389],[-94.8265,43.0389],[-94.8265,43.0265],[-94.8265,43.0244],[-94.8164,43.0244],[-94.8164,43.0099],[-94.8264,43.0099],[-94.8263,43.0063],[-94.8313,43.0063],[-94.8314,43.0172],[-94.8463,43.0171],[-94.8463,43.0135],[-94.8512,43.0135],[-94.8512,43.01],[-94.8611,43.01],[-94.8611,43.0136],[-94.8709,43.0137],[-94.8707,43.0027],[-94.856,43.0027],[-94.856,42.9954],[-94.8459,42.9954],[-94.8463,42.9745],[-94.8958,42.9753],[-94.8958,42.968],[-94.9138,42.9677],[-94.9136,43.0831],[-94.9826,43.0834],[-94.9824,43.1123],[-94.992,43.1124]]]]}},{"type":"Feature","properties":{"leaid":"1904620","name":"Belle Plaine Community School District","kind":"Unified","gradeLow":"PK","gradeHigh":"12","state":"IA"},"geometry":{"type":"Polygon","coordinates":[[[-92.1811,41.8626],[-92.1866,41.8626],[-92.1863,41.8405],[-92.2301,41.8406],[-92.2303,41.8225],[-92.2352,41.8225],[-92.2351,41.8191],[-92.2308,41.819],[-92.2306,41.8081],[-92.2351,41.8081],[-92.2361,41.8046],[-92.2451,41.8047],[-92.2451,41.8121],[-92.2515,41.8122],[-92.2547,41.8122],[-92.2548,41.8048],[-92.2788,41.8052],[-92.2788,41.8192],[-92.2987,41.8195],[-92.2987,41.8121],[-92.3181,41.8121],[-92.318,41.8342],[-92.3328,41.8342],[-92.3329,41.8269],[-92.3378,41.8269],[-92.3378,41.8213],[-92.3475,41.8214],[-92.3475,41.8194],[-92.3378,41.8196],[-92.3378,41.8159],[-92.3475,41.8158],[-92.3475,41.8085],[-92.3573,41.8084],[-92.3572,41.823],[-92.362,41.823],[-92.3619,41.8302],[-92.3668,41.8302],[-92.3669,41.8337],[-92.357,41.8339],[-92.3571,41.8267],[-92.3426,41.8268],[-92.3425,41.8341],[-92.3377,41.8342],[-92.3379,41.8415],[-92.362,41.8411],[-92.3621,41.8484],[-92.3865,41.8483],[-92.3862,41.8338],[-92.3813,41.8338],[-92.3815,41.8302],[-92.396,41.83],[-92.3961,41.841],[-92.3912,41.841],[-92.3913,41.8519],[-92.3961,41.8519],[-92.396,41.8591],[-92.3911,41.8592],[-92.3912,41.8626],[-92.3661,41.8625],[-92.3654,41.9068],[-92.3846,41.9067],[-92.3849,41.9203],[-92.3803,41.9203],[-92.3804,41.9494],[-92.3756,41.9495],[-92.3745,41.9642],[-92.3651,41.9641],[-92.3651,41.9711],[-92.3554,41.9711],[-92.3553,41.9783],[-92.365,41.9784],[-92.3654,41.9928],[-92.3606,41.9928],[-92.3608,42.0],[-92.3657,42.0001],[-92.3659,42.0073],[-92.3611,42.0073],[-92.3611,42.0109],[-92.3562,42.0109],[-92.3563,42.0252],[-92.3418,42.0252],[-92.3419,42.0289],[-92.3323,42.029],[-92.332,42.0217],[-92.3368,42.0217],[-92.3363,41.9928],[-92.2977,41.9929],[-92.2973,41.9785],[-92.2602,41.9787],[-92.26,41.9496],[-92.2308,41.9496],[-92.2307,41.9425],[-92.2299,41.9425],[-92.2063,41.9427],[-92.2064,41.9495],[-92.1819,41.9494],[-92.1812,41.9205],[-92.1621,41.9205],[-92.1618,41.9025],[-92.1666,41.9024],[-92.1665,41.8988],[-92.181,41.8988],[-92.1811,41.8626]]]}},{"type":"Feature","properties":{"leaid":"1905490","name":"Brooklyn-Guernsey-Malcom Community School District","kind":"Unified","gradeLow":"PK","gradeHigh":"12","state":"IA"},"geometry":{"type":"Polygon","coordinates":[[[-92.552,41.7387],[-92.5617,41.7388],[-92.5617,41.7279],[-92.5713,41.7281],[-92.5718,41.7606],[-92.5622,41.7607],[-92.5621,41.7901],[-92.5524,41.7901],[-92.5524,41.7973],[-92.5331,41.7973],[-92.533,41.8046],[-92.5572,41.8046],[-92.5571,41.8083],[-92.562,41.8083],[-92.562,41.8138],[-92.5523,41.8138],[-92.5523,41.8192],[-92.533,41.8191],[-92.5331,41.8299],[-92.5427,41.83],[-92.5427,41.8337],[-92.5379,41.8336],[-92.5379,41.8409],[-92.5428,41.8409],[-92.5427,41.8481],[-92.5331,41.8481],[-92.5331,41.8622],[-92.4255,41.8625],[-92.4252,41.8552],[-92.4157,41.855],[-92.4159,41.8441],[-92.4257,41.8443],[-92.4259,41.8334],[-92.4165,41.8332],[-92.4165,41.8042],[-92.4263,41.8043],[-92.4262,41.7936],[-92.4165,41.7933],[-92.4164,41.7752],[-92.377,41.7755],[-92.3772,41.7463],[-92.3578,41.7463],[-92.358,41.7242],[-92.3627,41.7253],[-92.3627,41.7175],[-92.3676,41.7175],[-92.3676,41.6958],[-92.3578,41.6957],[-92.3581,41.6885],[-92.3,41.689],[-92.2995,41.6015],[-92.3043,41.6015],[-92.3041,41.6088],[-92.3091,41.6088],[-92.3091,41.6161],[-92.3043,41.6161],[-92.3044,41.6233],[-92.3188,41.6232],[-92.3188,41.6196],[-92.3285,41.6197],[-92.3284,41.6161],[-92.3384,41.6161],[-92.3382,41.6125],[-92.3478,41.6125],[-92.3478,41.6089],[-92.3575,41.6089],[-92.3575,41.6161],[-92.3672,41.6162],[-92.3673,41.6234],[-92.406,41.6234],[-92.4061,41.6306],[-92.4162,41.6305],[-92.4162,41.645],[-92.4259,41.645],[-92.4257,41.6377],[-92.4501,41.6377],[-92.4496,41.6305],[-92.4646,41.6305],[-92.4647,41.6523],[-92.4695,41.6524],[-92.4695,41.6595],[-92.4936,41.6595],[-92.4937,41.6741],[-92.4985,41.6741],[-92.4982,41.688],[-92.5128,41.6879],[-92.513,41.6814],[-92.5327,41.6812],[-92.5618,41.6817],[-92.5619,41.688],[-92.6198,41.6878],[-92.6198,41.7134],[-92.6101,41.7134],[-92.6101,41.7099],[-92.5908,41.7097],[-92.5907,41.717],[-92.5713,41.7172],[-92.5713,41.7244],[-92.552,41.7242],[-92.552,41.7387]],[[-92.552,41.7387],[-92.5473,41.7386],[-92.5473,41.7423],[-92.5518,41.7423],[-92.552,41.7387]],[[-92.5473,41.7423],[-92.5426,41.7423],[-92.5426,41.7457],[-92.5474,41.7458],[-92.5473,41.7423]]]}},{"type":"Feature","properties":{"leaid":"1918960","name":"Melcher-Dallas Community School District","kind":"Unified","gradeLow":"PK","gradeHigh":"12","state":"IA"},"geometry":{"type":"Polygon","coordinates":[[[-93.2378,41.2916],[-93.2378,41.2843],[-93.2139,41.2843],[-93.2136,41.2554],[-93.2092,41.2554],[-93.2091,41.2518],[-93.2043,41.2518],[-93.2043,41.2482],[-93.1851,41.2482],[-93.1852,41.2631],[-93.176,41.2629],[-93.1761,41.2664],[-93.1711,41.2664],[-93.1712,41.27],[-93.1615,41.2701],[-93.1614,41.2663],[-93.1518,41.2662],[-93.1518,41.2699],[-93.147,41.2699],[-93.1469,41.2627],[-93.1518,41.2627],[-93.1517,41.2482],[-93.1564,41.2483],[-93.1566,41.23],[-93.1662,41.2301],[-93.1662,41.2192],[-93.1709,41.2192],[-93.1709,41.2155],[-93.1613,41.2156],[-93.1613,41.2118],[-93.1709,41.2119],[-93.1709,41.2082],[-93.1757,41.2082],[-93.1757,41.1973],[-93.185,41.1972],[-93.185,41.1936],[-93.1805,41.1936],[-93.1805,41.1901],[-93.2041,41.19],[-93.2041,41.1863],[-93.1944,41.1863],[-93.1945,41.1754],[-93.1993,41.1754],[-93.1993,41.1827],[-93.2132,41.1825],[-93.2131,41.1608],[-93.3279,41.1607],[-93.3283,41.2807],[-93.2903,41.2808],[-93.2903,41.2844],[-93.2663,41.2843],[-93.2664,41.288],[-93.2518,41.288],[-93.2522,41.2916],[-93.2378,41.2916]]]}},{"type":"Feature","properties":{"leaid":"1912810","name":"Graettinger-Terril Community School District","kind":"Unified","gradeLow":"PK","gradeHigh":"12","state":"IA"},"geometry":{"type":"Polygon","coordinates":[[[-94.6739,43.2985],[-94.6593,43.2984],[-94.6597,43.2842],[-94.6299,43.2842],[-94.63,43.2625],[-94.6198,43.2627],[-94.6199,43.2697],[-94.5999,43.2697],[-94.5999,43.2553],[-94.5903,43.2554],[-94.5901,43.2376],[-94.6098,43.2376],[-94.6098,43.2339],[-94.6197,43.2339],[-94.6197,43.22],[-94.6593,43.2199],[-94.6593,43.2233],[-94.6691,43.2234],[-94.6691,43.2125],[-94.6788,43.2126],[-94.6788,43.1981],[-94.7187,43.1986],[-94.7185,43.1691],[-94.7379,43.169],[-94.7378,43.163],[-94.7527,43.1629],[-94.7528,43.1556],[-94.7775,43.1558],[-94.7772,43.1692],[-94.797,43.1692],[-94.7969,43.1728],[-94.8069,43.1728],[-94.8068,43.1692],[-94.8145,43.1692],[-94.8167,43.1692],[-94.8168,43.1728],[-94.8266,43.1728],[-94.8265,43.1691],[-94.8315,43.1691],[-94.8321,43.1982],[-94.837,43.1982],[-94.8375,43.209],[-94.8423,43.209],[-94.8422,43.2054],[-94.8473,43.2053],[-94.8466,43.1981],[-94.8522,43.1981],[-94.8526,43.2088],[-94.8577,43.2088],[-94.8575,43.2053],[-94.8685,43.2051],[-94.8676,43.2053],[-94.8677,43.2126],[-94.8578,43.2126],[-94.8581,43.2197],[-94.8679,43.2198],[-94.8684,43.238],[-94.8873,43.238],[-94.8872,43.2273],[-94.8777,43.2272],[-94.8775,43.2126],[-94.8871,43.2128],[-94.8869,43.2015],[-94.892,43.2014],[-94.8955,43.2046],[-94.8972,43.213],[-94.9137,43.2122],[-94.9135,43.1687],[-94.9234,43.1688],[-94.9231,43.176],[-94.9332,43.176],[-94.9331,43.1688],[-94.973,43.1687],[-94.9737,43.1626],[-94.9826,43.1627],[-94.9825,43.1558],[-94.9916,43.1559],[-94.9914,43.1414],[-95.0219,43.1412],[-95.0219,43.1556],[-95.0331,43.1557],[-95.033,43.2055],[-95.0376,43.2056],[-95.0378,43.2089],[-95.0425,43.2087],[-95.0425,43.2056],[-95.0472,43.2056],[-95.0473,43.2124],[-95.0426,43.2119],[-95.0413,43.2274],[-95.0512,43.2276],[-95.0513,43.235],[-95.0702,43.2343],[-95.0722,43.2125],[-95.0917,43.2133],[-95.0914,43.2233],[-95.08,43.2233],[-95.0772,43.2269],[-95.0812,43.2269],[-95.0793,43.2413],[-95.0692,43.2415],[-95.0687,43.2486],[-95.0725,43.2554],[-95.0426,43.2553],[-95.0427,43.2698],[-95.0529,43.2699],[-95.0528,43.277],[-95.0725,43.2774],[-95.0725,43.2994],[-95.0625,43.2991],[-95.0626,43.328],[-95.0526,43.3278],[-95.0524,43.3423],[-95.0326,43.3422],[-95.0325,43.3712],[-95.013,43.3713],[-95.0132,43.3785],[-94.9933,43.3785],[-94.9938,43.3999],[-94.9839,43.3997],[-94.9837,43.4069],[-94.9739,43.4067],[-94.9738,43.4262],[-94.9641,43.4263],[-94.9638,43.4141],[-94.9538,43.4141],[-94.9539,43.407],[-94.9636,43.4068],[-94.9639,43.3996],[-94.9342,43.3996],[-94.9339,43.3706],[-94.914,43.3706],[-94.914,43.3415],[-94.866,43.3417],[-94.867,43.3279],[-94.8666,43.3061],[-94.8566,43.3062],[-94.8565,43.2989],[-94.8465,43.2988],[-94.8467,43.306],[-94.7971,43.3059],[-94.797,43.2986],[-94.7822,43.2989],[-94.7822,43.313],[-94.7578,43.3126],[-94.7576,43.3062],[-94.7276,43.3059],[-94.7306,43.3027],[-94.7246,43.2986],[-94.7327,43.2988],[-94.7328,43.295],[-94.7275,43.295],[-94.7275,43.2912],[-94.7378,43.2913],[-94.7381,43.2842],[-94.7182,43.2841],[-94.7179,43.2914],[-94.7131,43.2914],[-94.7129,43.2987],[-94.703,43.2988],[-94.703,43.3023],[-94.698,43.3023],[-94.6983,43.3203],[-94.6841,43.3204],[-94.6784,43.3202],[-94.6786,43.2914],[-94.6738,43.2915],[-94.6739,43.2985]]]}},{"type":"Feature","properties":{"leaid":"1916420","name":"Laurens-Marathon Community School District","kind":"Unified","gradeLow":"PK","gradeHigh":"12","state":"IA"},"geometry":{"type":"Polygon","coordinates":[[[-94.8463,42.9745],[-94.8463,42.9601],[-94.8167,42.9598],[-94.8165,42.9454],[-94.8068,42.9453],[-94.8066,42.9236],[-94.7968,42.9236],[-94.7969,42.9091],[-94.7919,42.9091],[-94.7919,42.9163],[-94.7819,42.9163],[-94.7819,42.9127],[-94.7771,42.9127],[-94.7771,42.9091],[-94.7674,42.9091],[-94.7672,42.8928],[-94.7377,42.8927],[-94.7377,42.8711],[-94.7574,42.8712],[-94.7574,42.8635],[-94.7574,42.8605],[-94.7476,42.8602],[-94.7475,42.8565],[-94.7377,42.8565],[-94.7378,42.8428],[-94.7426,42.8429],[-94.7427,42.8493],[-94.7525,42.8494],[-94.7525,42.8421],[-94.7476,42.842],[-94.7469,42.8349],[-94.7574,42.8349],[-94.7574,42.8314],[-94.7476,42.8312],[-94.7477,42.8278],[-94.7379,42.8278],[-94.7378,42.8352],[-94.7231,42.8348],[-94.7231,42.8312],[-94.728,42.8312],[-94.728,42.8258],[-94.7379,42.8258],[-94.7379,42.8204],[-94.7575,42.8204],[-94.7574,42.8277],[-94.7672,42.8277],[-94.7672,42.835],[-94.7771,42.835],[-94.7771,42.8119],[-94.7478,42.812],[-94.7479,42.7902],[-94.7574,42.7901],[-94.7573,42.7829],[-94.7969,42.7831],[-94.7968,42.7615],[-94.8262,42.7619],[-94.8261,42.7583],[-94.8359,42.7584],[-94.8358,42.7548],[-94.8554,42.7549],[-94.8556,42.7624],[-94.8654,42.7626],[-94.8658,42.7771],[-94.8756,42.7772],[-94.8756,42.7844],[-94.8855,42.7845],[-94.8853,42.8136],[-94.8952,42.8137],[-94.8952,42.8101],[-94.905,42.8103],[-94.905,42.829],[-94.9238,42.8291],[-94.9238,42.8436],[-94.9434,42.8436],[-94.9435,42.8401],[-94.9533,42.84],[-94.9533,42.8219],[-94.9579,42.8219],[-94.958,42.8141],[-95.0024,42.8141],[-95.0023,42.8106],[-95.0218,42.8103],[-95.0218,42.8141],[-95.0629,42.814],[-95.0629,42.8365],[-95.0727,42.8365],[-95.073,42.8728],[-95.0533,42.8726],[-95.0534,42.9017],[-94.9935,42.9017],[-94.9926,42.9097],[-94.9531,42.9097],[-94.9536,42.9389],[-94.9338,42.9388],[-94.9336,42.9534],[-94.9138,42.9532],[-94.9138,42.9677],[-94.8958,42.968],[-94.8958,42.9753],[-94.8463,42.9745]]]}},{"type":"Feature","properties":{"leaid":"1907620","name":"Clear Lake Community School District","kind":"Unified","gradeLow":"PK","gradeHigh":"12","state":"IA"},"geometry":{"type":"Polygon","coordinates":[[[-93.2901,43.2277],[-93.2902,43.1846],[-93.2605,43.1843],[-93.2606,43.1696],[-93.2903,43.1697],[-93.2903,43.1337],[-93.2705,43.1337],[-93.2706,43.0975],[-93.2806,43.0976],[-93.2806,43.0902],[-93.3002,43.0902],[-93.3005,43.083],[-93.2609,43.083],[-93.2609,43.0526],[-93.3004,43.0526],[-93.3001,43.0381],[-93.3449,43.0383],[-93.345,43.0274],[-93.3499,43.0275],[-93.3499,43.0238],[-93.3599,43.0239],[-93.3598,43.0167],[-93.3888,43.0167],[-93.3889,43.0095],[-93.3988,43.0095],[-93.3986,43.0167],[-93.4184,43.0168],[-93.4183,43.024],[-93.3985,43.0239],[-93.3984,43.0457],[-93.3886,43.0457],[-93.3888,43.0676],[-93.3837,43.0676],[-93.3837,43.073],[-93.3858,43.0749],[-93.3985,43.0749],[-93.3985,43.0829],[-93.4083,43.083],[-93.4084,43.0902],[-93.4035,43.0902],[-93.4034,43.0975],[-93.4084,43.0975],[-93.4084,43.1011],[-93.4182,43.1013],[-93.4182,43.1048],[-93.4281,43.1049],[-93.4281,43.112],[-93.4452,43.112],[-93.438,43.1126],[-93.4383,43.1266],[-93.4182,43.1266],[-93.4184,43.1482],[-93.4085,43.1482],[-93.4088,43.1697],[-93.3973,43.1697],[-93.3988,43.1701],[-93.3989,43.1842],[-93.4087,43.1842],[-93.4088,43.1988],[-93.4288,43.1989],[-93.4286,43.2099],[-93.4235,43.2099],[-93.4234,43.217],[-93.4283,43.2171],[-93.4282,43.2207],[-93.4085,43.2205],[-93.4084,43.2241],[-93.4035,43.2241],[-93.4035,43.2204],[-93.3985,43.2204],[-93.3985,43.2277],[-93.3335,43.2276],[-93.3333,43.2348],[-93.3195,43.2348],[-93.3197,43.2278],[-93.2901,43.2277]]]}},{"type":"Feature","properties":{"leaid":"1918780","name":"Mason City Community School District","kind":"Unified","gradeLow":"PK","gradeHigh":"12","state":"IA"},"geometry":{"type":"Polygon","coordinates":[[[-93.1026,43.0672],[-93.1025,43.0526],[-93.1123,43.0526],[-93.1125,43.0599],[-93.1175,43.06],[-93.1177,43.0673],[-93.1618,43.0668],[-93.1618,43.0523],[-93.2609,43.0526],[-93.2609,43.083],[-93.3005,43.083],[-93.3002,43.0902],[-93.2806,43.0902],[-93.2806,43.0976],[-93.2706,43.0975],[-93.2705,43.1337],[-93.2903,43.1337],[-93.2903,43.1697],[-93.2606,43.1696],[-93.2605,43.1843],[-93.2902,43.1846],[-93.2901,43.2277],[-93.2801,43.2277],[-93.28,43.235],[-93.2204,43.2348],[-93.2205,43.2421],[-93.181,43.242],[-93.1813,43.2348],[-93.1712,43.2347],[-93.1714,43.2131],[-93.1514,43.213],[-93.1514,43.2093],[-93.1414,43.2093],[-93.1418,43.1694],[-93.0833,43.1693],[-93.0827,43.1263],[-93.0927,43.1263],[-93.0927,43.1338],[-93.1322,43.1336],[-93.1323,43.1121],[-93.1421,43.1118],[-93.1421,43.0827],[-93.1224,43.0829],[-93.1226,43.0745],[-93.1126,43.0746],[-93.1126,43.0673],[-93.1026,43.0672]]]}},{"type":"Feature","properties":{"leaid":"1903480","name":"Alta-Aurelia Community School District","kind":"Unified","gradeLow":"PK","gradeHigh":"12","state":"IA"},"geometry":{"type":"Polygon","coordinates":[[[-95.1904,42.7634],[-95.2298,42.7633],[-95.2299,42.7274],[-95.2398,42.7274],[-95.2398,42.7249],[-95.2394,42.691],[-95.2299,42.691],[-95.2303,42.662],[-95.2499,42.662],[-95.2499,42.6575],[-95.2597,42.6606],[-95.2597,42.6547],[-95.2499,42.6546],[-95.25,42.6409],[-95.2598,42.6409],[-95.2598,42.637],[-95.2699,42.6371],[-95.2698,42.6226],[-95.2797,42.6226],[-95.2798,42.6045],[-95.2698,42.6045],[-95.2697,42.5827],[-95.2747,42.5827],[-95.2746,42.5754],[-95.2697,42.5754],[-95.2697,42.5718],[-95.2893,42.5717],[-95.2893,42.5754],[-95.2943,42.5754],[-95.2943,42.5682],[-95.2992,42.5681],[-95.2993,42.5754],[-95.309,42.5754],[-95.3089,42.5608],[-95.3383,42.5611],[-95.3383,42.5647],[-95.3481,42.5647],[-95.3481,42.5593],[-95.3499,42.5593],[-95.3499,42.5612],[-95.3531,42.5612],[-95.3531,42.5685],[-95.388,42.569],[-95.388,42.5764],[-95.378,42.5762],[-95.378,42.5907],[-95.398,42.5908],[-95.398,42.6127],[-95.403,42.6126],[-95.4029,42.598],[-95.4127,42.5981],[-95.4128,42.6053],[-95.4079,42.6053],[-95.4079,42.6162],[-95.4177,42.6161],[-95.4177,42.6126],[-95.4274,42.6126],[-95.4274,42.5944],[-95.4323,42.5944],[-95.4323,42.598],[-95.4373,42.5981],[-95.4373,42.5908],[-95.4569,42.5908],[-95.4567,42.5836],[-95.4518,42.5836],[-95.4517,42.5763],[-95.4468,42.5763],[-95.4468,42.569],[-95.4714,42.5691],[-95.4714,42.5763],[-95.4762,42.5764],[-95.4764,42.5836],[-95.506,42.5837],[-95.5059,42.5909],[-95.5357,42.5908],[-95.5363,42.6197],[-95.5351,42.648],[-95.5253,42.648],[-95.5252,42.6914],[-95.5154,42.6913],[-95.5153,42.7204],[-95.5055,42.7203],[-95.5055,42.7343],[-95.4661,42.7343],[-95.4662,42.7631],[-95.4516,42.7631],[-95.4516,42.7668],[-95.4662,42.7667],[-95.4662,42.7649],[-95.4761,42.7649],[-95.4762,42.7703],[-95.4662,42.7704],[-95.4664,42.7957],[-95.4566,42.7957],[-95.4566,42.8029],[-95.4615,42.803],[-95.4615,42.8066],[-95.4664,42.8066],[-95.4665,42.8138],[-95.4714,42.8138],[-95.4714,42.8216],[-95.4665,42.8216],[-95.4665,42.8324],[-95.4567,42.8325],[-95.4567,42.8396],[-95.4616,42.8396],[-95.4616,42.8432],[-95.4664,42.8431],[-95.4663,42.8503],[-95.476,42.8503],[-95.4762,42.8576],[-95.4668,42.8575],[-95.4667,42.8941],[-95.4276,42.8942],[-95.4276,42.9099],[-95.4203,42.9098],[-95.4201,42.9014],[-95.3882,42.9017],[-95.3881,42.8654],[-95.378,42.8654],[-95.378,42.8436],[-95.3683,42.8436],[-95.3683,42.8581],[-95.3632,42.8581],[-95.3634,42.8619],[-95.3585,42.862],[-95.3584,42.8471],[-95.3488,42.8473],[-95.3488,42.8438],[-95.3442,42.8438],[-95.344,42.8366],[-95.3389,42.8367],[-95.3386,42.8292],[-95.3091,42.829],[-95.3093,42.8364],[-95.3192,42.8365],[-95.3188,42.8473],[-95.3089,42.8473],[-95.3091,42.8438],[-95.2992,42.8439],[-95.2993,42.8365],[-95.2796,42.8365],[-95.2796,42.8291],[-95.2697,42.829],[-95.2698,42.8364],[-95.2595,42.8359],[-95.2594,42.8253],[-95.2494,42.8254],[-95.2494,42.822],[-95.2645,42.8219],[-95.2642,42.814],[-95.2494,42.814],[-95.2495,42.803],[-95.2446,42.8031],[-95.2441,42.8068],[-95.2298,42.8068],[-95.2298,42.814],[-95.2396,42.814],[-95.2396,42.822],[-95.2446,42.822],[-95.2448,42.8291],[-95.2495,42.8289],[-95.2495,42.847],[-95.2445,42.8471],[-95.2445,42.8436],[-95.2397,42.8435],[-95.2395,42.829],[-95.2298,42.8289],[-95.2299,42.8363],[-95.2199,42.8365],[-95.22,42.822],[-95.2151,42.822],[-95.2149,42.7997],[-95.2198,42.7997],[-95.2199,42.7923],[-95.2003,42.7923],[-95.2002,42.7848],[-95.1904,42.785],[-95.1904,42.7634]]]}},{"type":"Feature","properties":{"leaid":"1922470","name":"Pella Community School District","kind":"Unified","gradeLow":"PK","gradeHigh":"12","state":"IA"},"geometry":{"type":"Polygon","coordinates":[[[-92.7954,41.5018],[-92.7954,41.4946],[-92.7856,41.4946],[-92.7855,41.4729],[-92.7757,41.4729],[-92.7758,41.4634],[-92.7807,41.4626],[-92.7806,41.4511],[-92.7661,41.4512],[-92.766,41.4367],[-92.7709,41.4367],[-92.7709,41.4294],[-92.7759,41.4294],[-92.7758,41.4043],[-92.7611,41.4042],[-92.7608,41.3757],[-92.756,41.3752],[-92.7558,41.3788],[-92.7183,41.3789],[-92.7181,41.3354],[-92.7238,41.3354],[-92.7237,41.3335],[-92.7272,41.3354],[-92.7373,41.3354],[-92.7373,41.3323],[-92.7421,41.3324],[-92.7421,41.3287],[-92.7557,41.3285],[-92.7557,41.3214],[-92.7942,41.3214],[-92.7942,41.3177],[-92.7991,41.3177],[-92.799,41.3212],[-92.8232,41.3211],[-92.8231,41.3175],[-92.8304,41.3173],[-92.8304,41.3137],[-92.8521,41.3138],[-92.8519,41.3064],[-92.8615,41.3065],[-92.8648,41.3078],[-92.8708,41.3066],[-92.8708,41.2993],[-92.8731,41.2989],[-92.8754,41.3003],[-92.8746,41.3044],[-92.8759,41.3102],[-92.8805,41.3171],[-92.885,41.3182],[-92.8912,41.3162],[-92.8996,41.3199],[-92.9044,41.32],[-92.9064,41.3237],[-92.9056,41.3282],[-92.9093,41.3301],[-92.9097,41.3349],[-92.923,41.3349],[-92.9209,41.3286],[-92.9292,41.3281],[-92.9293,41.3207],[-92.9384,41.324],[-92.9385,41.3316],[-92.9481,41.3316],[-92.9484,41.3265],[-92.9528,41.3243],[-92.9627,41.3243],[-92.9627,41.3207],[-92.9856,41.3207],[-92.9857,41.3421],[-93.0048,41.3422],[-93.0048,41.353],[-93.0072,41.353],[-93.0073,41.3621],[-93.0049,41.3621],[-93.0066,41.364],[-92.9856,41.3638],[-92.9858,41.3757],[-93.0002,41.3771],[-93.0041,41.3802],[-93.0031,41.382],[-92.996,41.3845],[-92.9953,41.3902],[-93.0027,41.3917],[-93.0116,41.3995],[-93.0202,41.4047],[-93.023,41.4028],[-93.0212,41.3997],[-93.0224,41.3967],[-93.0267,41.394],[-93.0322,41.3938],[-93.0387,41.3956],[-93.0456,41.4024],[-93.0535,41.4004],[-93.0592,41.403],[-93.0635,41.4099],[-93.0679,41.4129],[-93.0736,41.4125],[-93.0825,41.4087],[-93.0823,41.4218],[-93.0871,41.4218],[-93.0871,41.4255],[-93.0919,41.4255],[-93.092,41.4328],[-93.0872,41.4328],[-93.0872,41.4292],[-93.0825,41.4289],[-93.0824,41.4473],[-93.0777,41.4473],[-93.0777,41.4509],[-93.0918,41.4509],[-93.0916,41.4581],[-93.0779,41.4583],[-93.0759,41.4602],[-93.0776,41.4613],[-93.0774,41.4652],[-93.073,41.4652],[-93.0731,41.4725],[-93.0827,41.4726],[-93.0829,41.4799],[-93.0877,41.4799],[-93.0877,41.4871],[-93.078,41.4871],[-93.078,41.4799],[-93.0684,41.4798],[-93.0683,41.4834],[-93.0635,41.4834],[-93.0635,41.487],[-93.025,41.4871],[-93.025,41.5084],[-92.9676,41.5082],[-92.968,41.5373],[-92.9439,41.5373],[-92.9439,41.5337],[-92.9343,41.5338],[-92.9343,41.5302],[-92.9295,41.5301],[-92.9296,41.5373],[-92.92,41.5372],[-92.9197,41.5412],[-92.9113,41.5375],[-92.9112,41.5338],[-92.9055,41.5338],[-92.9054,41.5302],[-92.8859,41.5302],[-92.8859,41.5158],[-92.8811,41.5158],[-92.881,41.5085],[-92.8676,41.5085],[-92.8676,41.5051],[-92.8628,41.5051],[-92.8628,41.5015],[-92.8387,41.5016],[-92.8385,41.4941],[-92.8243,41.4944],[-92.8242,41.5017],[-92.7954,41.5018]]]}},{"type":"Feature","properties":{"leaid":"1928170","name":"Twin Cedars Community School District","kind":"Unified","gradeLow":"PK","gradeHigh":"12","state":"IA"},"geometry":{"type":"Polygon","coordinates":[[[-92.8737,41.299],[-92.8679,41.2999],[-92.8651,41.3053],[-92.8631,41.3061],[-92.8589,41.3036],[-92.8559,41.299],[-92.852,41.299],[-92.8519,41.2921],[-92.8323,41.292],[-92.8319,41.2701],[-92.8282,41.2702],[-92.8239,41.2675],[-92.8199,41.261],[-92.8199,41.2596],[-92.825,41.2585],[-92.8321,41.2588],[-92.832,41.2409],[-92.8271,41.2409],[-92.8271,41.2338],[-92.8127,41.2337],[-92.8127,41.2373],[-92.8032,41.2373],[-92.8032,41.2336],[-92.808,41.2336],[-92.808,41.2323],[-92.808,41.2301],[-92.8032,41.2301],[-92.8032,41.2265],[-92.7746,41.2266],[-92.7743,41.2048],[-92.755,41.2048],[-92.7548,41.1686],[-92.7597,41.1686],[-92.7595,41.1613],[-93.0992,41.1609],[-93.0993,41.1862],[-93.1087,41.1863],[-93.1088,41.19],[-93.0993,41.1899],[-93.0994,41.2007],[-93.0952,41.2007],[-93.0953,41.2044],[-93.0887,41.2044],[-93.0888,41.2116],[-93.0922,41.2116],[-93.0921,41.209],[-93.0954,41.2089],[-93.0956,41.2152],[-93.081,41.2153],[-93.0818,41.2261],[-93.0764,41.2261],[-93.0765,41.2298],[-93.0717,41.2298],[-93.072,41.2483],[-93.038,41.2483],[-93.0381,41.2701],[-93.0333,41.2701],[-93.0333,41.2737],[-93.0286,41.2737],[-93.0285,41.2701],[-92.9616,41.2701],[-92.9618,41.2845],[-92.957,41.2845],[-92.9569,41.2701],[-92.9472,41.2701],[-92.9473,41.2737],[-92.9377,41.2737],[-92.9377,41.2773],[-92.933,41.2774],[-92.9331,41.2845],[-92.9234,41.2846],[-92.9236,41.2955],[-92.9139,41.2956],[-92.9142,41.3065],[-92.9093,41.3067],[-92.9091,41.3118],[-92.9029,41.3079],[-92.8964,41.3081],[-92.8904,41.3125],[-92.8883,41.3169],[-92.885,41.3182],[-92.8814,41.3176],[-92.8789,41.3154],[-92.8754,41.3089],[-92.8754,41.3003],[-92.8737,41.299]]]}},{"type":"Feature","properties":{"leaid":"1918720","name":"Marshalltown Community School District","kind":"Unified","gradeLow":"PK","gradeHigh":"12","state":"IA"},"geometry":{"type":"MultiPolygon","coordinates":[[[[-93.0196,42.0709],[-93.0196,42.0672],[-93.0295,42.0674],[-93.0296,42.0711],[-93.0196,42.0709]]],[[[-93.0196,42.0709],[-93.0198,42.0782],[-93.0398,42.0787],[-93.0397,42.0749],[-93.0446,42.0749],[-93.0445,42.0713],[-93.0593,42.0716],[-93.0592,42.0926],[-93.0297,42.0922],[-93.0298,42.0957],[-93.0396,42.0958],[-93.0396,42.1036],[-93.0495,42.1038],[-93.0495,42.1224],[-93.0397,42.1223],[-93.0397,42.1238],[-93.0398,42.1297],[-93.0496,42.1297],[-93.05,42.1512],[-93.0207,42.1514],[-93.0208,42.1587],[-93.0013,42.1588],[-93.0014,42.166],[-92.9917,42.1661],[-92.9916,42.1589],[-92.9429,42.159],[-92.9428,42.1519],[-92.8943,42.1522],[-92.894,42.0781],[-92.8988,42.0781],[-92.8988,42.0709],[-92.884,42.0709],[-92.8841,42.0925],[-92.8444,42.093],[-92.8444,42.0858],[-92.854,42.0857],[-92.8539,42.0785],[-92.8443,42.0785],[-92.8442,42.0638],[-92.8541,42.0639],[-92.8538,42.0494],[-92.8439,42.0494],[-92.8437,42.0349],[-92.8631,42.0348],[-92.8622,42.0173],[-92.8727,42.0172],[-92.8725,42.0207],[-92.8773,42.0209],[-92.877,42.0284],[-92.8839,42.0284],[-92.8835,42.0068],[-92.903,42.0069],[-92.9032,41.9927],[-92.8834,41.9924],[-92.8833,41.9709],[-92.8882,41.9711],[-92.8882,41.9638],[-92.8931,41.9639],[-92.8934,41.9676],[-92.9028,41.9676],[-92.9027,41.9713],[-92.9121,41.9711],[-92.912,41.964],[-92.9225,41.9631],[-92.9225,41.9551],[-92.9125,41.9559],[-92.9121,41.9348],[-92.9215,41.9348],[-92.9217,41.942],[-92.9315,41.9418],[-92.9312,41.9346],[-92.9458,41.9345],[-92.9463,41.9275],[-92.9512,41.9276],[-92.9514,41.906],[-92.9704,41.9062],[-92.9712,41.9168],[-92.9807,41.9168],[-92.981,41.9204],[-92.9903,41.9205],[-92.99,41.8915],[-93.0095,41.8916],[-93.0095,41.8843],[-93.0192,41.8844],[-93.0192,41.8625],[-93.058,41.8626],[-93.058,41.8698],[-93.0386,41.8699],[-93.0387,41.8845],[-93.0582,41.8845],[-93.058,41.957],[-93.073,41.9571],[-93.0729,41.9609],[-93.0682,41.9607],[-93.0682,41.9644],[-93.0582,41.9641],[-93.0585,41.9753],[-93.0685,41.9754],[-93.0684,41.9828],[-93.0294,41.9825],[-93.0295,42.0565],[-93.0002,42.0562],[-93.0003,42.0633],[-93.01,42.0634],[-93.0102,42.0707],[-93.0196,42.0709]]]]}},{"type":"Feature","properties":{"leaid":"1914880","name":"IKM-Manning Community School District","kind":"Unified","gradeLow":"PK","gradeHigh":"12","state":"IA"},"geometry":{"type":"Polygon","coordinates":[[[-95.0248,42.0119],[-95.0249,42.0083],[-95.0148,42.0082],[-95.0152,41.9577],[-94.9765,41.9576],[-94.9766,41.9134],[-94.9451,41.9135],[-94.9457,41.9164],[-94.9451,41.9155],[-94.9406,41.9155],[-94.9403,41.9165],[-94.9374,41.9165],[-94.9376,41.9064],[-94.9567,41.9062],[-94.9565,41.8917],[-94.9376,41.892],[-94.9372,41.8847],[-94.908,41.8846],[-94.9081,41.863],[-95.0149,41.863],[-95.0149,41.813],[-95.0246,41.8129],[-95.0248,41.7912],[-95.0297,41.7912],[-95.0296,41.7948],[-95.0359,41.7948],[-95.0393,41.7948],[-95.0394,41.7912],[-95.044,41.7912],[-95.0441,41.7986],[-95.049,41.7985],[-95.0492,41.7949],[-95.0538,41.795],[-95.0538,41.7986],[-95.093,41.7984],[-95.0931,41.6884],[-95.122,41.6879],[-95.122,41.685],[-95.1316,41.685],[-95.1316,41.6879],[-95.2862,41.6889],[-95.2862,41.7176],[-95.3104,41.7178],[-95.3103,41.7033],[-95.3199,41.7033],[-95.32,41.7178],[-95.3254,41.7178],[-95.3254,41.7738],[-95.335,41.7738],[-95.3349,41.7776],[-95.3254,41.7778],[-95.3253,41.7849],[-95.3349,41.7848],[-95.335,41.7813],[-95.3435,41.7811],[-95.3444,41.7812],[-95.3443,41.7848],[-95.3492,41.7848],[-95.3489,41.7919],[-95.3252,41.7922],[-95.3252,41.8066],[-95.3346,41.8067],[-95.3346,41.81],[-95.3253,41.8102],[-95.3253,41.8173],[-95.3345,41.8173],[-95.3352,41.82],[-95.3253,41.821],[-95.325,41.8503],[-95.344,41.85],[-95.3439,41.8467],[-95.3465,41.8464],[-95.3465,41.8428],[-95.3439,41.8427],[-95.3439,41.8445],[-95.3346,41.8446],[-95.3347,41.8398],[-95.3586,41.8394],[-95.3585,41.8357],[-95.3538,41.8356],[-95.3538,41.8283],[-95.3683,41.8285],[-95.3683,41.8321],[-95.3732,41.832],[-95.3733,41.8356],[-95.3634,41.8358],[-95.3634,41.8431],[-95.3489,41.8428],[-95.349,41.8503],[-95.3463,41.8501],[-95.3465,41.8536],[-95.3441,41.8535],[-95.3441,41.8578],[-95.349,41.8579],[-95.3491,41.864],[-95.3538,41.8639],[-95.3538,41.8611],[-95.3637,41.8614],[-95.3637,41.8639],[-95.3732,41.8638],[-95.3733,41.8575],[-95.4024,41.8571],[-95.4022,41.8851],[-95.3829,41.8854],[-95.383,41.8673],[-95.3732,41.8674],[-95.3731,41.8782],[-95.3779,41.8781],[-95.3782,41.8963],[-95.3734,41.8964],[-95.3733,41.8927],[-95.3685,41.8928],[-95.3684,41.8856],[-95.3636,41.8857],[-95.3637,41.8929],[-95.354,41.893],[-95.3539,41.8784],[-95.3442,41.8786],[-95.3442,41.8751],[-95.349,41.875],[-95.349,41.8714],[-95.3587,41.8712],[-95.3587,41.864],[-95.3345,41.8642],[-95.3346,41.8678],[-95.3249,41.8679],[-95.3246,41.9004],[-95.3295,41.9004],[-95.3295,41.9076],[-95.3344,41.9077],[-95.3344,41.9184],[-95.3246,41.9183],[-95.3245,41.922],[-95.3344,41.9221],[-95.3344,41.9259],[-95.3294,41.9257],[-95.3294,41.9293],[-95.3343,41.9293],[-95.3342,41.9365],[-95.3245,41.9365],[-95.3246,41.9294],[-95.3199,41.9295],[-95.3199,41.922],[-95.3103,41.9221],[-95.3103,41.9294],[-95.3055,41.9294],[-95.3055,41.9221],[-95.2909,41.9221],[-95.291,41.9257],[-95.2958,41.9257],[-95.2958,41.9293],[-95.2765,41.9292],[-95.2765,41.9365],[-95.2669,41.9365],[-95.2664,41.9517],[-95.2471,41.9516],[-95.2471,41.9588],[-95.2568,41.9589],[-95.2568,41.9661],[-95.252,41.966],[-95.2519,41.9696],[-95.2568,41.9696],[-95.2568,41.9733],[-95.2616,41.9733],[-95.2616,41.9769],[-95.2568,41.9769],[-95.2567,41.9804],[-95.2519,41.9804],[-95.2518,41.9912],[-95.2664,41.9914],[-95.2664,41.9949],[-95.2567,41.9948],[-95.2567,42.0021],[-95.2471,42.002],[-95.2471,41.9949],[-95.218,41.9949],[-95.218,42.0021],[-95.2083,42.002],[-95.2084,41.9948],[-95.1791,41.9948],[-95.1792,41.9876],[-95.1889,41.9877],[-95.1888,41.9912],[-95.1984,41.9912],[-95.1985,41.9876],[-95.2084,41.9876],[-95.2084,41.9803],[-95.102,41.9797],[-95.1019,41.987],[-95.097,41.9869],[-95.097,41.9941],[-95.0681,41.9938],[-95.0681,42.001],[-95.0535,42.0011],[-95.0536,41.9938],[-95.0343,41.994],[-95.0343,42.0012],[-95.044,42.0011],[-95.0438,42.0083],[-95.0342,42.0084],[-95.0342,42.012],[-95.0248,42.0119]]]}},{"type":"Feature","properties":{"leaid":"1910350","name":"East Union Community School District","kind":"Unified","gradeLow":"PK","gradeHigh":"12","state":"IA"},"geometry":{"type":"Polygon","coordinates":[[[-93.9367,41.2072],[-93.9369,41.1999],[-93.9322,41.1998],[-93.932,41.1827],[-93.9321,41.1784],[-93.9368,41.1783],[-93.9368,41.1712],[-93.9751,41.1709],[-93.9753,41.1497],[-93.9658,41.1498],[-93.9658,41.1462],[-93.9754,41.1461],[-93.9752,41.1281],[-93.9703,41.128],[-93.9706,41.1389],[-93.9657,41.139],[-93.9656,41.1209],[-93.9752,41.1209],[-93.9752,41.1138],[-93.9928,41.1138],[-93.993,41.1156],[-93.9943,41.1156],[-93.9942,41.1137],[-94.0144,41.1136],[-94.0148,40.9621],[-94.0338,40.9622],[-94.0339,40.9585],[-94.0517,40.9584],[-94.0529,40.9574],[-94.053,40.9514],[-94.0481,40.9514],[-94.0482,40.9441],[-94.0426,40.9441],[-94.0426,40.9404],[-94.0434,40.9332],[-94.0529,40.933],[-94.0527,40.9223],[-94.0434,40.9224],[-94.0432,40.9187],[-94.0339,40.9187],[-94.0339,40.9115],[-94.0244,40.9114],[-94.0244,40.8971],[-94.1288,40.8975],[-94.1289,40.8906],[-94.1573,40.8907],[-94.1572,40.8835],[-94.1667,40.8836],[-94.1668,40.8943],[-94.1764,40.8943],[-94.1763,40.8908],[-94.1953,40.8909],[-94.1954,40.8837],[-94.2145,40.8837],[-94.2146,40.8874],[-94.2097,40.8873],[-94.2097,40.8908],[-94.2424,40.8904],[-94.2425,40.8693],[-94.2815,40.8695],[-94.2815,40.8731],[-94.2907,40.8733],[-94.291,40.8771],[-94.3054,40.8769],[-94.3054,40.8842],[-94.3007,40.8842],[-94.3,40.8988],[-94.3573,40.8992],[-94.3571,40.9136],[-94.347,40.9135],[-94.347,40.9206],[-94.3375,40.9206],[-94.3375,40.9169],[-94.335,40.9168],[-94.3352,40.9241],[-94.3375,40.9242],[-94.3375,40.9279],[-94.357,40.9279],[-94.357,40.9423],[-94.3374,40.9422],[-94.3374,40.9385],[-94.3327,40.9384],[-94.3327,40.935],[-94.328,40.935],[-94.3279,40.9278],[-94.3183,40.9277],[-94.3185,40.9422],[-94.3139,40.9421],[-94.3138,40.9385],[-94.2999,40.9384],[-94.2996,40.9564],[-94.3139,40.9566],[-94.3139,40.9602],[-94.3185,40.9602],[-94.3186,40.9639],[-94.3281,40.9639],[-94.3281,40.9712],[-94.3186,40.9711],[-94.3186,40.9849],[-94.2709,40.9845],[-94.2709,40.9918],[-94.2805,40.9919],[-94.2805,40.9992],[-94.2708,40.9991],[-94.2709,41.0027],[-94.2613,41.0026],[-94.2613,40.9989],[-94.2518,40.9989],[-94.2518,40.9915],[-94.2422,40.9916],[-94.2424,41.0204],[-94.2518,41.0205],[-94.2519,41.0266],[-94.2519,41.0278],[-94.2424,41.0277],[-94.2416,41.1571],[-94.0905,41.1568],[-94.0905,41.1641],[-94.0808,41.1639],[-94.0808,41.1712],[-94.0524,41.171],[-94.0524,41.1785],[-94.0474,41.1783],[-94.0475,41.1747],[-94.0427,41.1747],[-94.0428,41.1783],[-94.0284,41.1783],[-94.0284,41.1747],[-94.0237,41.1747],[-94.0237,41.1711],[-94.0142,41.1706],[-94.014,41.1855],[-93.9941,41.1855],[-93.9941,41.1892],[-93.9845,41.1891],[-93.9845,41.1999],[-93.956,41.1999],[-93.9558,41.2073],[-93.9367,41.2072]]]}},{"type":"Feature","properties":{"leaid":"1916620","name":"Lenox Community School District","kind":"Unified","gradeLow":"PK","gradeHigh":"12","state":"IA"},"geometry":{"type":"MultiPolygon","coordinates":[[[[-94.4626,40.8416],[-94.458,40.8416],[-94.458,40.838],[-94.4626,40.8379],[-94.4626,40.8416]]],[[[-94.4626,40.8416],[-94.4696,40.8415],[-94.4696,40.8403],[-94.4716,40.8403],[-94.4716,40.8415],[-94.4815,40.8416],[-94.4813,40.8487],[-94.4909,40.8487],[-94.491,40.8524],[-94.505,40.8525],[-94.505,40.8452],[-94.5097,40.8452],[-94.5097,40.8416],[-94.5187,40.8416],[-94.519,40.8343],[-94.5004,40.8343],[-94.5004,40.8307],[-94.4908,40.8307],[-94.4908,40.838],[-94.4862,40.8379],[-94.4862,40.8342],[-94.4814,40.8342],[-94.4814,40.8271],[-94.4908,40.8271],[-94.4907,40.8198],[-94.4717,40.8197],[-94.4717,40.8125],[-94.4757,40.8125],[-94.4756,40.7982],[-94.4861,40.7982],[-94.4861,40.7909],[-94.4907,40.791],[-94.4907,40.7982],[-94.5004,40.7982],[-94.5004,40.8054],[-94.4956,40.8054],[-94.4955,40.8126],[-94.5052,40.8126],[-94.5052,40.8198],[-94.5194,40.8199],[-94.5196,40.8126],[-94.5098,40.8126],[-94.5099,40.8055],[-94.5194,40.8055],[-94.5193,40.7983],[-94.5098,40.7982],[-94.5098,40.791],[-94.5288,40.7914],[-94.5288,40.7839],[-94.5194,40.7838],[-94.5194,40.7786],[-94.5288,40.7786],[-94.5289,40.7767],[-94.5097,40.7767],[-94.5098,40.7838],[-94.4861,40.7838],[-94.486,40.7747],[-94.4906,40.7748],[-94.4906,40.7728],[-94.5003,40.773],[-94.5003,40.7694],[-94.4812,40.7693],[-94.4811,40.762],[-94.4763,40.7619],[-94.4765,40.7728],[-94.4812,40.7728],[-94.4813,40.7909],[-94.4716,40.7908],[-94.4715,40.7693],[-94.4526,40.7691],[-94.4525,40.7637],[-94.448,40.7637],[-94.448,40.7655],[-94.4386,40.7654],[-94.4386,40.7691],[-94.4195,40.7692],[-94.4194,40.762],[-94.4148,40.762],[-94.4148,40.7656],[-94.4101,40.7656],[-94.4098,40.7547],[-94.4147,40.7547],[-94.4147,40.753],[-94.4194,40.753],[-94.4194,40.7512],[-94.4241,40.7512],[-94.4241,40.7548],[-94.4193,40.7549],[-94.4194,40.7584],[-94.4242,40.7583],[-94.4243,40.7619],[-94.429,40.7619],[-94.4291,40.7655],[-94.4338,40.7654],[-94.4337,40.7619],[-94.4432,40.7619],[-94.4431,40.7583],[-94.4524,40.7583],[-94.4525,40.7619],[-94.4715,40.7619],[-94.4715,40.7548],[-94.4905,40.7549],[-94.4905,40.7439],[-94.4808,40.744],[-94.4808,40.7404],[-94.5095,40.7406],[-94.5094,40.7261],[-94.4904,40.7261],[-94.4903,40.712],[-94.4999,40.712],[-94.4998,40.719],[-94.5281,40.7193],[-94.5281,40.7121],[-94.5377,40.7121],[-94.5377,40.7157],[-94.5329,40.7157],[-94.5329,40.7194],[-94.5425,40.7194],[-94.5426,40.7335],[-94.5473,40.7336],[-94.5474,40.7407],[-94.5617,40.7409],[-94.5616,40.7482],[-94.5662,40.7483],[-94.5663,40.7554],[-94.5761,40.7555],[-94.5761,40.7483],[-94.5858,40.7483],[-94.5857,40.7699],[-94.6143,40.7702],[-94.6143,40.7736],[-94.6237,40.7736],[-94.6237,40.7845],[-94.6713,40.7847],[-94.6713,40.7776],[-94.6805,40.7774],[-94.6805,40.7702],[-94.6902,40.7701],[-94.6903,40.7846],[-94.7003,40.7846],[-94.7003,40.8492],[-94.712,40.8492],[-94.7121,40.8565],[-94.7092,40.8565],[-94.7094,40.8854],[-94.6954,40.8854],[-94.6952,40.8925],[-94.6815,40.8925],[-94.681,40.8962],[-94.6857,40.8962],[-94.6854,40.8998],[-94.6521,40.8997],[-94.6523,40.9069],[-94.657,40.9069],[-94.657,40.9178],[-94.6523,40.9178],[-94.6523,40.9214],[-94.6475,40.9214],[-94.6475,40.9178],[-94.6427,40.9181],[-94.6428,40.9214],[-94.6331,40.9213],[-94.6333,40.943],[-94.638,40.943],[-94.6381,40.9503],[-94.6332,40.9502],[-94.6333,40.9576],[-94.6238,40.9576],[-94.6238,40.9647],[-94.5855,40.9647],[-94.5854,40.9789],[-94.5562,40.979],[-94.5561,40.9857],[-94.5132,40.9859],[-94.5134,40.9931],[-94.5087,40.9931],[-94.5085,40.986],[-94.4847,40.9857],[-94.4847,40.9825],[-94.48,40.9825],[-94.48,40.9789],[-94.4705,40.9788],[-94.4705,40.968],[-94.4755,40.968],[-94.4755,40.9644],[-94.4803,40.9644],[-94.4802,40.9572],[-94.4752,40.9572],[-94.4752,40.9427],[-94.4705,40.9427],[-94.4705,40.9355],[-94.4613,40.9355],[-94.4613,40.9319],[-94.466,40.9319],[-94.4661,40.9283],[-94.4377,40.9284],[-94.4379,40.9322],[-94.4422,40.9321],[-94.4422,40.9356],[-94.4328,40.9356],[-94.4329,40.9318],[-94.4282,40.9318],[-94.4282,40.9285],[-94.4331,40.9285],[-94.4331,40.9211],[-94.4379,40.9211],[-94.438,40.9175],[-94.4661,40.9174],[-94.4662,40.9103],[-94.4705,40.9103],[-94.4706,40.9065],[-94.464,40.9066],[-94.4639,40.9103],[-94.4521,40.9103],[-94.4523,40.9026],[-94.4478,40.9026],[-94.447,40.914],[-94.4425,40.9138],[-94.4427,40.9067],[-94.4236,40.9066],[-94.4237,40.9029],[-94.4379,40.903],[-94.4379,40.8993],[-94.434,40.8993],[-94.4345,40.8562],[-94.4392,40.8562],[-94.4392,40.8417],[-94.4533,40.8416],[-94.4533,40.8453],[-94.4626,40.8452],[-94.4626,40.8416]]]]}},{"type":"Feature","properties":{"leaid":"1909570","name":"Boyer Valley Community School District","kind":"Unified","gradeLow":"PK","gradeHigh":"12","state":"IA"},"geometry":{"type":"MultiPolygon","coordinates":[[[[-95.576,41.9575],[-95.5566,41.9575],[-95.5565,41.9756],[-95.5662,41.9756],[-95.5661,42.001],[-95.5373,42.0011],[-95.5371,42.0156],[-95.542,42.0156],[-95.542,42.0228],[-95.5371,42.0229],[-95.5371,42.0372],[-95.5274,42.0372],[-95.5274,42.0301],[-95.5177,42.03],[-95.5178,42.0155],[-95.508,42.0157],[-95.5079,42.0229],[-95.4886,42.0228],[-95.4887,42.0156],[-95.4935,42.0156],[-95.4935,42.012],[-95.4984,42.012],[-95.4985,42.0083],[-95.4888,42.0083],[-95.4888,42.0011],[-95.4694,42.001],[-95.4693,41.9791],[-95.4403,41.9791],[-95.4404,41.9647],[-95.4206,41.9649],[-95.4206,41.9685],[-95.4014,41.9688],[-95.4014,41.9652],[-95.4158,41.965],[-95.4158,41.9614],[-95.411,41.9615],[-95.4111,41.9579],[-95.4014,41.9577],[-95.4015,41.9508],[-95.4064,41.9508],[-95.4065,41.947],[-95.4113,41.9469],[-95.4115,41.9432],[-95.4163,41.9431],[-95.416,41.9505],[-95.4305,41.9503],[-95.4308,41.9429],[-95.4259,41.9429],[-95.4262,41.9356],[-95.4117,41.9356],[-95.4118,41.932],[-95.407,41.9321],[-95.407,41.9357],[-95.4023,41.9358],[-95.4023,41.9286],[-95.4071,41.9285],[-95.4072,41.9212],[-95.4167,41.9211],[-95.4167,41.9175],[-95.4215,41.9173],[-95.4216,41.9066],[-95.4311,41.9066],[-95.4311,41.8959],[-95.4214,41.8956],[-95.4213,41.8885],[-95.4166,41.8886],[-95.4166,41.8814],[-95.4118,41.8814],[-95.4118,41.8776],[-95.4021,41.8778],[-95.4022,41.8635],[-95.4597,41.8632],[-95.4602,41.8487],[-95.4649,41.8488],[-95.4649,41.8449],[-95.4698,41.8451],[-95.4697,41.8488],[-95.4746,41.8487],[-95.4744,41.8342],[-95.4602,41.8343],[-95.4603,41.831],[-95.4505,41.8307],[-95.4505,41.8271],[-95.4603,41.8271],[-95.4603,41.8199],[-95.4798,41.8194],[-95.4797,41.8125],[-95.4892,41.8124],[-95.4893,41.8052],[-95.4941,41.805],[-95.4941,41.8087],[-95.4988,41.8087],[-95.4989,41.8015],[-95.5037,41.8016],[-95.5037,41.805],[-95.5085,41.805],[-95.5086,41.8197],[-95.5181,41.8196],[-95.5181,41.8231],[-95.523,41.8232],[-95.5231,41.8196],[-95.5182,41.8196],[-95.5182,41.816],[-95.5132,41.8159],[-95.5134,41.8015],[-95.5181,41.8015],[-95.5181,41.7979],[-95.5134,41.7979],[-95.5134,41.7907],[-95.5086,41.7907],[-95.5086,41.7871],[-95.5134,41.7871],[-95.5134,41.7835],[-95.5233,41.7834],[-95.5234,41.7764],[-95.5282,41.7764],[-95.528,41.7835],[-95.5329,41.7835],[-95.5331,41.7688],[-95.5378,41.7688],[-95.5378,41.7724],[-95.5574,41.7724],[-95.5574,41.7764],[-95.6252,41.7764],[-95.6251,41.7836],[-95.6349,41.7837],[-95.6349,41.7873],[-95.6251,41.7873],[-95.6251,41.7909],[-95.6445,41.7909],[-95.6446,41.8128],[-95.673,41.8127],[-95.6732,41.82],[-95.6827,41.8199],[-95.6827,41.8272],[-95.6923,41.8271],[-95.6923,41.8343],[-95.7407,41.8348],[-95.7408,41.8493],[-95.7504,41.8493],[-95.7502,41.8703],[-95.7697,41.8704],[-95.7696,41.8777],[-95.7895,41.8778],[-95.7893,41.8921],[-95.8184,41.8924],[-95.8183,41.9176],[-95.8231,41.9176],[-95.8231,41.9213],[-95.8133,41.9212],[-95.8133,41.9249],[-95.8084,41.9249],[-95.8085,41.9212],[-95.7989,41.9212],[-95.7989,41.9139],[-95.7892,41.9142],[-95.7893,41.9066],[-95.7989,41.9067],[-95.7986,41.8994],[-95.7892,41.8993],[-95.7891,41.903],[-95.7788,41.903],[-95.7788,41.9066],[-95.7644,41.9066],[-95.7641,41.9212],[-95.7685,41.9212],[-95.7689,41.9284],[-95.7785,41.9284],[-95.7784,41.9428],[-95.7496,41.9429],[-95.7495,41.9356],[-95.7543,41.9356],[-95.7545,41.9211],[-95.7495,41.9211],[-95.7495,41.9138],[-95.7206,41.914],[-95.7205,41.9213],[-95.7302,41.9213],[-95.7305,41.9285],[-95.7445,41.9284],[-95.7447,41.9356],[-95.7303,41.9358],[-95.73,41.9429],[-95.7304,41.9504],[-95.7447,41.9505],[-95.7451,41.9649],[-95.7304,41.9649],[-95.7305,41.9576],[-95.7257,41.9577],[-95.7256,41.9429],[-95.7206,41.9427],[-95.7206,41.9285],[-95.7013,41.9284],[-95.7013,41.9428],[-95.6866,41.9428],[-95.6866,41.9502],[-95.6244,41.9503],[-95.6244,41.9466],[-95.6341,41.9466],[-95.6341,41.943],[-95.6147,41.943],[-95.6146,41.9507],[-95.605,41.9505],[-95.605,41.9395],[-95.615,41.9395],[-95.6153,41.9358],[-95.615,41.9322],[-95.6102,41.9322],[-95.6102,41.9212],[-95.6055,41.9212],[-95.6055,41.9178],[-95.6005,41.9177],[-95.6005,41.9214],[-95.5956,41.9213],[-95.5956,41.9505],[-95.576,41.9503],[-95.576,41.9575]],[[-95.4064,41.9508],[-95.4075,41.9524],[-95.4093,41.9507],[-95.4084,41.9507],[-95.4064,41.9508]]],[[[-95.576,41.9575],[-95.5953,41.9576],[-95.5954,41.9648],[-95.5759,41.9648],[-95.576,41.9575]]]]}},{"type":"Feature","properties":{"leaid":"1906060","name":"Camanche Community School District","kind":"Unified","gradeLow":"PK","gradeHigh":"12","state":"IA"},"geometry":{"type":"Polygon","coordinates":[[[-90.3157,41.8519],[-90.2478,41.8518],[-90.2477,41.8373],[-90.25,41.8372],[-90.2502,41.8228],[-90.2576,41.8227],[-90.2567,41.8185],[-90.2575,41.8155],[-90.2424,41.8156],[-90.2414,41.8174],[-90.24,41.8174],[-90.2407,41.8156],[-90.2385,41.8157],[-90.2384,41.8118],[-90.2334,41.8117],[-90.2335,41.8068],[-90.2323,41.806],[-90.2347,41.8023],[-90.2347,41.7948],[-90.2424,41.783],[-90.2647,41.7715],[-90.2786,41.7674],[-90.2836,41.7644],[-90.31,41.7434],[-90.3155,41.7344],[-90.3166,41.7289],[-90.32,41.7301],[-90.3236,41.7335],[-90.3289,41.7344],[-90.3339,41.7394],[-90.3371,41.7391],[-90.3399,41.7405],[-90.3426,41.7394],[-90.3444,41.7341],[-90.3474,41.733],[-90.3481,41.7299],[-90.3524,41.7319],[-90.3564,41.7319],[-90.3581,41.7307],[-90.3567,41.7295],[-90.3571,41.728],[-90.3642,41.7278],[-90.3731,41.7323],[-90.3745,41.7343],[-90.3743,41.7501],[-90.3694,41.7501],[-90.3694,41.7573],[-90.3743,41.7573],[-90.3743,41.7646],[-90.3549,41.7647],[-90.3549,41.7939],[-90.3452,41.7939],[-90.3451,41.8084],[-90.3548,41.8084],[-90.3548,41.8303],[-90.3158,41.8303],[-90.3157,41.8519]]]}},{"type":"Feature","properties":{"leaid":"1907710","name":"Clinton Community School District","kind":"Unified","gradeLow":"PK","gradeHigh":"12","state":"IA"},"geometry":{"type":"Polygon","coordinates":[[[-90.1649,41.9495],[-90.1638,41.9449],[-90.1516,41.931],[-90.1536,41.9066],[-90.157,41.898],[-90.17,41.8764],[-90.1732,41.8646],[-90.173,41.8574],[-90.1819,41.8432],[-90.184,41.8331],[-90.1819,41.8278],[-90.1806,41.812],[-90.182,41.8071],[-90.188,41.8032],[-90.2169,41.7953],[-90.2424,41.783],[-90.2347,41.7948],[-90.2347,41.8023],[-90.2323,41.806],[-90.2335,41.8068],[-90.2334,41.8117],[-90.2384,41.8118],[-90.2385,41.8157],[-90.2407,41.8156],[-90.24,41.8174],[-90.2414,41.8174],[-90.2424,41.8156],[-90.2575,41.8155],[-90.2567,41.8185],[-90.2576,41.8227],[-90.2502,41.8228],[-90.25,41.8372],[-90.2477,41.8373],[-90.2478,41.8518],[-90.2575,41.8519],[-90.2575,41.8661],[-90.2285,41.8665],[-90.2286,41.8738],[-90.2236,41.8738],[-90.2236,41.8774],[-90.2187,41.8775],[-90.2188,41.8993],[-90.2088,41.8995],[-90.2087,41.9283],[-90.2136,41.9285],[-90.2137,41.9319],[-90.2183,41.9319],[-90.2183,41.9392],[-90.211,41.9391],[-90.211,41.9463],[-90.2086,41.9463],[-90.2086,41.9499],[-90.1649,41.9495]]]}},{"type":"Feature","properties":{"leaid":"1911040","name":"Essex Community School District","kind":"Unified","gradeLow":"PK","gradeHigh":"12","state":"IA"},"geometry":{"type":"MultiPolygon","coordinates":[[[[-95.1659,40.8004],[-95.1471,40.8005],[-95.1471,40.7895],[-95.1661,40.7896],[-95.1662,40.786],[-95.2135,40.786],[-95.2136,40.7932],[-95.2229,40.7933],[-95.223,40.786],[-95.2324,40.786],[-95.2325,40.7825],[-95.2515,40.7824],[-95.2516,40.7859],[-95.2467,40.786],[-95.2469,40.7931],[-95.2635,40.7931],[-95.2636,40.8003],[-95.2824,40.8004],[-95.2825,40.7931],[-95.2803,40.7928],[-95.2803,40.7859],[-95.2851,40.786],[-95.285,40.7932],[-95.2994,40.7932],[-95.2992,40.8006],[-95.3278,40.8008],[-95.3277,40.8146],[-95.3375,40.8147],[-95.3369,40.8185],[-95.3417,40.8181],[-95.3422,40.822],[-95.3563,40.8219],[-95.3562,40.8184],[-95.3516,40.8185],[-95.3516,40.8146],[-95.3609,40.8146],[-95.361,40.8183],[-95.3658,40.8182],[-95.3658,40.8147],[-95.38,40.8146],[-95.3802,40.8218],[-95.3755,40.8218],[-95.3755,40.8242],[-95.3756,40.8257],[-95.3802,40.8258],[-95.3802,40.8292],[-95.3658,40.8292],[-95.3659,40.8364],[-95.3612,40.8363],[-95.3611,40.84],[-95.3564,40.84],[-95.3564,40.8436],[-95.3468,40.8436],[-95.3468,40.8509],[-95.366,40.8509],[-95.366,40.8437],[-95.3755,40.8436],[-95.3754,40.8581],[-95.3706,40.8582],[-95.3706,40.8654],[-95.3754,40.8652],[-95.3754,40.8726],[-95.3846,40.8726],[-95.385,40.9016],[-95.3275,40.9013],[-95.3275,40.9031],[-95.3264,40.9031],[-95.3264,40.9013],[-95.3085,40.9014],[-95.3084,40.905],[-95.3049,40.905],[-95.305,40.9087],[-95.3084,40.9088],[-95.3084,40.9159],[-95.2969,40.9159],[-95.2891,40.9159],[-95.2894,40.9015],[-95.28,40.9014],[-95.2798,40.8976],[-95.2422,40.8977],[-95.2421,40.8941],[-95.2326,40.8941],[-95.2324,40.9124],[-95.2225,40.9124],[-95.2226,40.9012],[-95.1752,40.9011],[-95.1754,40.8794],[-95.1659,40.8794],[-95.1656,40.8721],[-95.1427,40.872],[-95.1426,40.8754],[-95.1416,40.8754],[-95.1403,40.8753],[-95.1403,40.8734],[-95.1378,40.8737],[-95.1377,40.8719],[-95.1282,40.872],[-95.128,40.8644],[-95.1187,40.8646],[-95.1187,40.8501],[-95.1091,40.8501],[-95.1091,40.8463],[-95.0997,40.8466],[-95.0997,40.8429],[-95.114,40.8428],[-95.1139,40.8393],[-95.1187,40.8393],[-95.1186,40.8139],[-95.1471,40.814],[-95.1472,40.8042],[-95.1516,40.8039],[-95.1517,40.8078],[-95.1613,40.8077],[-95.1609,40.8041],[-95.1659,40.804],[-95.1659,40.8004]],[[-95.1659,40.8004],[-95.1754,40.8003],[-95.1754,40.7931],[-95.1659,40.7932],[-95.1659,40.8004]]],[[[-95.1282,40.872],[-95.1282,40.8828],[-95.1322,40.8827],[-95.1322,40.8864],[-95.1283,40.8863],[-95.128,40.8935],[-95.1186,40.8935],[-95.1187,40.8719],[-95.1282,40.872]]]]}},{"type":"Feature","properties":{"leaid":"1927240","name":"Stanton Community School District","kind":"Unified","gradeLow":"PK","gradeHigh":"12","state":"IA"},"geometry":{"type":"Polygon","coordinates":[[[-95.1658,40.9047],[-95.1658,40.9083],[-95.1562,40.9083],[-95.1562,40.9232],[-95.1754,40.9229],[-95.1755,40.9301],[-95.1664,40.93],[-95.1664,40.9627],[-95.171,40.9627],[-95.1708,40.9661],[-95.1659,40.9663],[-95.166,40.9736],[-95.1803,40.9737],[-95.1803,40.9809],[-95.1755,40.9809],[-95.1754,40.9873],[-95.1562,40.9872],[-95.1562,40.9945],[-95.1471,40.9946],[-95.1468,41.0123],[-95.1278,41.0124],[-95.1277,41.0161],[-95.1182,41.016],[-95.118,41.0196],[-95.1275,41.0198],[-95.1275,41.0267],[-95.1371,41.027],[-95.137,41.0307],[-95.1274,41.0305],[-95.1273,41.0388],[-95.1273,41.0451],[-95.1369,41.0451],[-95.1369,41.0489],[-95.1177,41.0486],[-95.1178,41.0557],[-95.1274,41.0557],[-95.1274,41.0595],[-95.1178,41.0595],[-95.1186,41.0799],[-95.0994,41.0799],[-95.0995,41.0835],[-95.0899,41.0836],[-95.0899,41.0799],[-95.0804,41.0799],[-95.0802,41.0872],[-95.0704,41.0872],[-95.0704,41.0908],[-95.0604,41.0908],[-95.0608,41.0836],[-95.0561,41.0836],[-95.056,41.0799],[-95.004,41.0797],[-95.004,41.0726],[-95.0232,41.0722],[-95.0232,41.0663],[-95.0185,41.0664],[-95.0182,41.0591],[-95.0325,41.0593],[-95.0327,41.0449],[-95.0232,41.0447],[-95.023,41.0231],[-95.0327,41.0231],[-95.0327,41.0303],[-95.0375,41.0303],[-95.0374,41.0044],[-95.0378,41.0015],[-95.0421,41.0015],[-95.0421,40.9979],[-95.0329,40.9978],[-95.033,40.9905],[-95.0235,40.9904],[-95.0234,40.9943],[-95.0187,40.9941],[-95.0188,40.9869],[-95.0329,40.9869],[-95.0328,40.9826],[-95.038,40.9825],[-95.038,40.987],[-95.0519,40.987],[-95.0516,40.9823],[-95.0469,40.9823],[-95.0468,40.9839],[-95.0421,40.984],[-95.042,40.955],[-95.0513,40.9551],[-95.0512,40.9587],[-95.0604,40.9587],[-95.0608,40.9443],[-95.0795,40.9444],[-95.0796,40.9408],[-95.07,40.9407],[-95.0701,40.9335],[-95.0655,40.9334],[-95.0654,40.9299],[-95.0705,40.9299],[-95.0704,40.9226],[-95.0799,40.9227],[-95.0801,40.9191],[-95.0752,40.919],[-95.0752,40.9154],[-95.0709,40.9153],[-95.0708,40.9082],[-95.0755,40.9082],[-95.0756,40.9045],[-95.0803,40.9046],[-95.0803,40.9009],[-95.0613,40.9009],[-95.0615,40.8685],[-95.0661,40.8681],[-95.0662,40.8646],[-95.0709,40.8646],[-95.071,40.8791],[-95.0806,40.8791],[-95.0806,40.8864],[-95.0903,40.8864],[-95.0904,40.8828],[-95.0985,40.8827],[-95.0996,40.8822],[-95.0997,40.8792],[-95.1044,40.8791],[-95.1044,40.8755],[-95.0997,40.8755],[-95.0997,40.8683],[-95.1021,40.8683],[-95.1021,40.8647],[-95.1138,40.8646],[-95.1139,40.8683],[-95.1091,40.8681],[-95.1091,40.8792],[-95.1187,40.8791],[-95.1186,40.8935],[-95.128,40.8935],[-95.1283,40.8863],[-95.1322,40.8864],[-95.1322,40.8827],[-95.1282,40.8828],[-95.1282,40.872],[-95.1377,40.8719],[-95.1378,40.8737],[-95.1403,40.8734],[-95.1403,40.8753],[-95.1416,40.8754],[-95.1426,40.8754],[-95.1427,40.872],[-95.1656,40.8721],[-95.1659,40.8794],[-95.1754,40.8794],[-95.1752,40.9011],[-95.1705,40.9011],[-95.1705,40.9047],[-95.1658,40.9047]],[[-95.1658,40.9047],[-95.1658,40.9011],[-95.1467,40.901],[-95.1466,40.9047],[-95.1658,40.9047]]]}},{"type":"Feature","properties":{"leaid":"1916320","name":"Lamoni Community School District","kind":"Unified","gradeLow":"PK","gradeHigh":"12","state":"IA"},"geometry":{"type":"Polygon","coordinates":[[[-93.8253,40.577],[-94.0721,40.573],[-94.0725,40.5989],[-94.063,40.5988],[-94.063,40.6024],[-94.0536,40.6023],[-94.0539,40.6168],[-94.063,40.6169],[-94.0629,40.6205],[-94.0535,40.6204],[-94.0534,40.624],[-94.0828,40.624],[-94.0864,40.6246],[-94.0867,40.6278],[-94.0911,40.6278],[-94.0908,40.6387],[-94.0766,40.6387],[-94.0768,40.6314],[-94.0674,40.6314],[-94.0671,40.6422],[-94.0719,40.6422],[-94.0719,40.6404],[-94.0766,40.6405],[-94.0765,40.6477],[-94.0718,40.6477],[-94.0717,40.6531],[-94.067,40.6531],[-94.0671,40.6602],[-94.0717,40.6603],[-94.0718,40.6675],[-94.0904,40.6675],[-94.0907,40.6745],[-94.0671,40.6746],[-94.0671,40.671],[-94.0483,40.6709],[-94.0483,40.6601],[-94.0625,40.6604],[-94.0623,40.653],[-94.0577,40.653],[-94.0579,40.6423],[-94.0601,40.6423],[-94.0601,40.6386],[-94.0436,40.6387],[-94.0433,40.6422],[-94.0393,40.6421],[-94.0389,40.6383],[-94.0343,40.6383],[-94.0343,40.6889],[-94.0248,40.689],[-94.0248,40.6926],[-94.0153,40.6927],[-94.0154,40.6818],[-94.025,40.6818],[-94.025,40.6673],[-94.0094,40.6673],[-94.0097,40.689],[-94.0049,40.689],[-94.0051,40.6962],[-94.0153,40.6963],[-94.0154,40.7177],[-94.0437,40.7179],[-94.0437,40.7248],[-93.9857,40.7245],[-93.9858,40.7175],[-93.9766,40.7175],[-93.9764,40.7138],[-93.9718,40.7138],[-93.9718,40.7102],[-93.967,40.7103],[-93.9673,40.7175],[-93.9581,40.7176],[-93.958,40.7103],[-93.9565,40.71],[-93.9387,40.7104],[-93.9386,40.7243],[-93.9292,40.7243],[-93.929,40.7315],[-93.9147,40.7315],[-93.9154,40.7244],[-93.8745,40.7247],[-93.8762,40.7214],[-93.8865,40.7178],[-93.8864,40.7114],[-93.8739,40.7053],[-93.8649,40.7053],[-93.8621,40.7032],[-93.8669,40.6999],[-93.8701,40.6992],[-93.8769,40.7034],[-93.8823,40.7024],[-93.8845,40.7054],[-93.8905,40.7042],[-93.8909,40.7027],[-93.8831,40.6933],[-93.8835,40.6919],[-93.887,40.6913],[-93.8817,40.6886],[-93.8844,40.6878],[-93.8843,40.6866],[-93.876,40.6832],[-93.8721,40.6845],[-93.8721,40.6814],[-93.8595,40.6815],[-93.8539,40.6663],[-93.8573,40.6657],[-93.8614,40.6685],[-93.8623,40.6614],[-93.8601,40.6595],[-93.8488,40.658],[-93.8453,40.6551],[-93.8335,40.6561],[-93.8344,40.6564],[-93.8342,40.667],[-93.8249,40.667],[-93.8248,40.6561],[-93.8296,40.6561],[-93.8296,40.6525],[-93.8344,40.6526],[-93.8342,40.6454],[-93.8251,40.6454],[-93.8249,40.6419],[-93.82,40.642],[-93.8199,40.6382],[-93.8294,40.6383],[-93.8295,40.631],[-93.8106,40.631],[-93.8107,40.6238],[-93.8155,40.6235],[-93.8156,40.6091],[-93.8201,40.6092],[-93.8202,40.6018],[-93.8299,40.6019],[-93.83,40.6091],[-93.8345,40.6094],[-93.8343,40.6238],[-93.8439,40.6237],[-93.8442,40.5952],[-93.8537,40.5948],[-93.8538,40.5875],[-93.8442,40.5875],[-93.8444,40.5913],[-93.8347,40.5912],[-93.8347,40.5893],[-93.8299,40.5893],[-93.83,40.5874],[-93.8252,40.5874],[-93.8253,40.577]]]}},{"type":"Feature","properties":{"leaid":"1906900","name":"Central Decatur Community School District","kind":"Unified","gradeLow":"PK","gradeHigh":"12","state":"IA"},"geometry":{"type":"Polygon","coordinates":[[[-93.9569,40.8685],[-93.9004,40.868],[-93.9003,40.8501],[-93.8948,40.85],[-93.895,40.8538],[-93.876,40.8537],[-93.8763,40.861],[-93.8477,40.8615],[-93.8479,40.8507],[-93.8429,40.8508],[-93.8429,40.8472],[-93.8479,40.8472],[-93.8479,40.8436],[-93.8503,40.8436],[-93.8503,40.8398],[-93.843,40.84],[-93.8429,40.8437],[-93.8382,40.8437],[-93.8381,40.8401],[-93.8372,40.8402],[-93.8332,40.8404],[-93.8332,40.8439],[-93.7909,40.8451],[-93.791,40.8524],[-93.7864,40.8525],[-93.7865,40.8634],[-93.7818,40.8634],[-93.7819,40.8707],[-93.7485,40.8707],[-93.7485,40.86],[-93.7389,40.8599],[-93.739,40.8634],[-93.7341,40.8633],[-93.7341,40.8706],[-93.7051,40.8708],[-93.7053,40.8634],[-93.7035,40.8634],[-93.7034,40.8562],[-93.71,40.8562],[-93.7095,40.8345],[-93.7143,40.8343],[-93.7139,40.8125],[-93.7286,40.8125],[-93.7288,40.7973],[-93.724,40.8021],[-93.7091,40.8067],[-93.6987,40.8061],[-93.69,40.807],[-93.6899,40.8047],[-93.6711,40.8049],[-93.6711,40.7904],[-93.6758,40.7904],[-93.676,40.7794],[-93.6661,40.7796],[-93.6659,40.7831],[-93.6561,40.7827],[-93.6559,40.7765],[-93.6514,40.7765],[-93.6514,40.7718],[-93.6466,40.7719],[-93.6466,40.7647],[-93.6324,40.7647],[-93.6322,40.7613],[-93.6276,40.7611],[-93.6276,40.7682],[-93.6086,40.7684],[-93.6086,40.7505],[-93.618,40.7505],[-93.618,40.7433],[-93.6039,40.7436],[-93.6037,40.7396],[-93.599,40.7396],[-93.5991,40.7325],[-93.6038,40.7325],[-93.6043,40.7288],[-93.6089,40.7288],[-93.6087,40.7324],[-93.623,40.7326],[-93.6233,40.7252],[-93.6325,40.725],[-93.6323,40.7179],[-93.642,40.7179],[-93.6422,40.7107],[-93.6516,40.7108],[-93.6513,40.6963],[-93.6322,40.6961],[-93.6322,40.7033],[-93.6273,40.7034],[-93.6275,40.6882],[-93.6256,40.6878],[-93.6245,40.6851],[-93.6228,40.6845],[-93.6245,40.6834],[-93.6208,40.6731],[-93.6215,40.6714],[-93.6179,40.6672],[-93.6281,40.6673],[-93.6279,40.6635],[-93.6137,40.6636],[-93.6139,40.6491],[-93.6093,40.6491],[-93.6085,40.6515],[-93.608,40.6498],[-93.6038,40.6481],[-93.6036,40.6465],[-93.5954,40.6414],[-93.5946,40.6396],[-93.5948,40.6275],[-93.6025,40.6275],[-93.6026,40.631],[-93.6066,40.631],[-93.6082,40.6346],[-93.6091,40.6346],[-93.6089,40.6311],[-93.614,40.6307],[-93.6141,40.6346],[-93.6229,40.6347],[-93.624,40.6383],[-93.6283,40.6383],[-93.6278,40.6238],[-93.6121,40.6237],[-93.6125,40.6202],[-93.6184,40.6203],[-93.6183,40.6148],[-93.6231,40.6148],[-93.6231,40.6129],[-93.6281,40.6129],[-93.6278,40.5877],[-93.633,40.5875],[-93.6331,40.5787],[-93.8253,40.577],[-93.8252,40.5874],[-93.83,40.5874],[-93.8299,40.5893],[-93.8347,40.5893],[-93.8347,40.5912],[-93.8444,40.5913],[-93.8442,40.5875],[-93.8538,40.5875],[-93.8537,40.5948],[-93.8442,40.5952],[-93.8439,40.6237],[-93.8343,40.6238],[-93.8345,40.6094],[-93.83,40.6091],[-93.8299,40.6019],[-93.8202,40.6018],[-93.8201,40.6092],[-93.8156,40.6091],[-93.8155,40.6235],[-93.8107,40.6238],[-93.8106,40.631],[-93.8295,40.631],[-93.8294,40.6383],[-93.8199,40.6382],[-93.82,40.642],[-93.8249,40.6419],[-93.8251,40.6454],[-93.8342,40.6454],[-93.8344,40.6526],[-93.8296,40.6525],[-93.8296,40.6561],[-93.8248,40.6561],[-93.8249,40.667],[-93.8342,40.667],[-93.8344,40.6564],[-93.8335,40.6561],[-93.8453,40.6551],[-93.8488,40.658],[-93.8601,40.6595],[-93.8623,40.6614],[-93.8614,40.6685],[-93.8573,40.6657],[-93.8539,40.6663],[-93.8595,40.6815],[-93.8721,40.6814],[-93.8721,40.6845],[-93.876,40.6832],[-93.8843,40.6866],[-93.8844,40.6878],[-93.8817,40.6886],[-93.887,40.6913],[-93.8835,40.6919],[-93.8831,40.6933],[-93.8909,40.7027],[-93.8905,40.7042],[-93.8845,40.7054],[-93.8823,40.7024],[-93.8769,40.7034],[-93.8701,40.6992],[-93.8669,40.6999],[-93.8621,40.7032],[-93.8649,40.7053],[-93.8739,40.7053],[-93.8864,40.7114],[-93.8865,40.7178],[-93.8762,40.7214],[-93.8745,40.7247],[-93.9154,40.7244],[-93.9147,40.7315],[-93.929,40.7315],[-93.9292,40.7243],[-93.9386,40.7243],[-93.9387,40.7104],[-93.9565,40.71],[-93.958,40.7103],[-93.9581,40.7176],[-93.9673,40.7175],[-93.967,40.7103],[-93.9718,40.7102],[-93.9718,40.7138],[-93.9764,40.7138],[-93.9766,40.7175],[-93.9858,40.7175],[-93.9857,40.7245],[-94.0154,40.7247],[-94.0154,40.757],[-94.0095,40.7569],[-94.0094,40.746],[-93.9951,40.746],[-93.9949,40.7533],[-93.9855,40.7534],[-93.9855,40.7569],[-93.976,40.757],[-93.9761,40.7678],[-93.9572,40.7677],[-93.957,40.785],[-93.9571,40.8001],[-93.9667,40.7999],[-93.9667,40.8106],[-93.9619,40.8106],[-93.9621,40.8142],[-93.9572,40.8142],[-93.9574,40.8169],[-93.9658,40.8163],[-93.9715,40.8152],[-93.9713,40.8036],[-93.9759,40.8036],[-93.9757,40.7928],[-93.9664,40.7928],[-93.9664,40.7892],[-93.9716,40.7891],[-93.9709,40.7826],[-93.9663,40.7822],[-93.9664,40.7751],[-94.0153,40.7754],[-94.0148,40.8828],[-94.0037,40.8826],[-94.0035,40.8809],[-94.0009,40.8798],[-94.0002,40.8809],[-93.9952,40.8808],[-93.9951,40.8791],[-93.9763,40.879],[-93.9763,40.8686],[-93.9668,40.8683],[-93.9669,40.8431],[-93.9622,40.843],[-93.9621,40.8467],[-93.9573,40.8467],[-93.9569,40.8685]]]}},{"type":"Feature","properties":{"leaid":"1908610","name":"Davis County Community School District","kind":"Unified","gradeLow":"PK","gradeHigh":"12","state":"IA"},"geometry":{"type":"Polygon","coordinates":[[[-92.179,40.8319],[-92.1784,40.7882],[-92.1744,40.7882],[-92.1743,40.7845],[-92.1784,40.7845],[-92.1785,40.7665],[-92.1687,40.7664],[-92.1688,40.77],[-92.1542,40.7698],[-92.1542,40.7662],[-92.1588,40.7663],[-92.1589,40.7626],[-92.154,40.7625],[-92.1541,40.7554],[-92.1446,40.7552],[-92.1445,40.7463],[-92.1397,40.7463],[-92.1396,40.7409],[-92.1444,40.7409],[-92.1444,40.7336],[-92.1594,40.7338],[-92.1595,40.741],[-92.156,40.741],[-92.1561,40.7481],[-92.1735,40.7483],[-92.1734,40.7411],[-92.1639,40.7404],[-92.164,40.7192],[-92.1734,40.7192],[-92.1734,40.7229],[-92.1681,40.7229],[-92.1681,40.7266],[-92.1784,40.7265],[-92.1784,40.7154],[-92.1828,40.7153],[-92.1828,40.7117],[-92.1783,40.7118],[-92.1782,40.6897],[-92.1876,40.6897],[-92.1878,40.6826],[-92.1925,40.6825],[-92.1927,40.6788],[-92.1974,40.6788],[-92.1974,40.6863],[-92.2056,40.6862],[-92.2057,40.6818],[-92.22,40.6898],[-92.2356,40.6898],[-92.2357,40.6753],[-92.2213,40.6753],[-92.2212,40.6859],[-92.2118,40.6833],[-92.212,40.6643],[-92.2168,40.6643],[-92.2169,40.6537],[-92.2074,40.6538],[-92.2075,40.6499],[-92.198,40.65],[-92.1981,40.6428],[-92.2076,40.6428],[-92.2075,40.6462],[-92.2123,40.6463],[-92.2124,40.6426],[-92.2171,40.6426],[-92.2171,40.6463],[-92.2266,40.6463],[-92.2267,40.639],[-92.2172,40.639],[-92.2173,40.6354],[-92.2222,40.6354],[-92.2222,40.6319],[-92.2268,40.6319],[-92.2269,40.6281],[-92.2221,40.6281],[-92.2222,40.6174],[-92.2175,40.6174],[-92.2175,40.6065],[-92.2222,40.6065],[-92.2223,40.5998],[-92.4852,40.5951],[-92.6184,40.5913],[-92.6184,40.5986],[-92.6234,40.5986],[-92.6233,40.5948],[-92.6282,40.5949],[-92.6281,40.6023],[-92.6327,40.6024],[-92.6328,40.606],[-92.638,40.606],[-92.638,40.6168],[-92.6282,40.6168],[-92.6278,40.6096],[-92.6186,40.6094],[-92.6185,40.6059],[-92.6138,40.6058],[-92.6138,40.5986],[-92.6093,40.5988],[-92.6084,40.6022],[-92.5946,40.6023],[-92.5948,40.6168],[-92.5901,40.6168],[-92.5899,40.6205],[-92.5852,40.6204],[-92.5853,40.624],[-92.59,40.6242],[-92.5899,40.6313],[-92.5853,40.6313],[-92.5853,40.6386],[-92.59,40.6385],[-92.5902,40.6414],[-92.5994,40.6423],[-92.5996,40.6386],[-92.5948,40.6387],[-92.5949,40.6313],[-92.609,40.6313],[-92.609,40.6277],[-92.6138,40.6277],[-92.6139,40.6185],[-92.6091,40.6187],[-92.6089,40.6168],[-92.6233,40.6168],[-92.6233,40.6205],[-92.638,40.6204],[-92.6383,40.6313],[-92.6328,40.6313],[-92.6327,40.635],[-92.628,40.6349],[-92.628,40.6387],[-92.6382,40.6384],[-92.6381,40.6531],[-92.6212,40.6533],[-92.6209,40.6459],[-92.617,40.6459],[-92.6171,40.6532],[-92.609,40.6531],[-92.609,40.6494],[-92.5995,40.6495],[-92.5995,40.646],[-92.5947,40.6459],[-92.5948,40.6431],[-92.5913,40.6436],[-92.59,40.6464],[-92.5947,40.6464],[-92.595,40.6641],[-92.5998,40.6641],[-92.5996,40.6604],[-92.6043,40.6605],[-92.6043,40.6577],[-92.6091,40.6578],[-92.609,40.6569],[-92.6358,40.6569],[-92.6357,40.6604],[-92.638,40.6603],[-92.6379,40.6652],[-92.6327,40.6654],[-92.633,40.6749],[-92.619,40.6751],[-92.6192,40.6788],[-92.6097,40.6787],[-92.6096,40.6822],[-92.6053,40.6823],[-92.6051,40.6884],[-92.6101,40.6887],[-92.6103,40.703],[-92.6005,40.7033],[-92.6004,40.7079],[-92.6069,40.7076],[-92.61,40.7056],[-92.6103,40.7079],[-92.6147,40.7079],[-92.615,40.697],[-92.6174,40.697],[-92.6173,40.6952],[-92.6151,40.6951],[-92.6149,40.6933],[-92.6196,40.6934],[-92.6196,40.6952],[-92.6221,40.6951],[-92.6221,40.697],[-92.6244,40.6968],[-92.6243,40.7115],[-92.6295,40.7115],[-92.629,40.7148],[-92.6383,40.7147],[-92.6384,40.7186],[-92.6338,40.7186],[-92.6339,40.7254],[-92.6384,40.7254],[-92.6385,40.7291],[-92.6286,40.7291],[-92.6287,40.7255],[-92.6254,40.7255],[-92.6244,40.7228],[-92.6245,40.7149],[-92.615,40.715],[-92.615,40.7185],[-92.6103,40.7185],[-92.6104,40.7255],[-92.6239,40.7255],[-92.6238,40.7327],[-92.6286,40.7326],[-92.6286,40.7363],[-92.6238,40.7363],[-92.6238,40.7437],[-92.6288,40.7436],[-92.6287,40.7544],[-92.6335,40.7545],[-92.6335,40.758],[-92.6386,40.758],[-92.6389,40.7761],[-92.6146,40.7766],[-92.6146,40.78],[-92.6288,40.7798],[-92.6289,40.7889],[-92.6273,40.7889],[-92.6261,40.7908],[-92.6243,40.7894],[-92.6243,40.7871],[-92.6194,40.7872],[-92.6195,40.7908],[-92.6146,40.7908],[-92.6148,40.7981],[-92.61,40.7982],[-92.61,40.8016],[-92.6196,40.8018],[-92.6197,40.8089],[-92.6241,40.8088],[-92.624,40.8129],[-92.6098,40.8129],[-92.6097,40.8199],[-92.6146,40.8201],[-92.6147,40.8167],[-92.6194,40.8166],[-92.6189,40.8271],[-92.6142,40.8275],[-92.6142,40.8346],[-92.605,40.8346],[-92.6048,40.8453],[-92.6001,40.8454],[-92.6002,40.8488],[-92.6192,40.8488],[-92.6194,40.8634],[-92.6288,40.8634],[-92.6289,40.8707],[-92.6004,40.871],[-92.6006,40.8888],[-92.6054,40.8888],[-92.6056,40.8924],[-92.6008,40.8924],[-92.6008,40.896],[-92.5961,40.8961],[-92.5961,40.8989],[-92.2976,40.8994],[-92.2947,40.8993],[-92.2939,40.8882],[-92.2889,40.8899],[-92.289,40.8993],[-92.2507,40.8995],[-92.2506,40.8936],[-92.2412,40.8967],[-92.2412,40.8936],[-92.2362,40.8936],[-92.2363,40.8863],[-92.241,40.8863],[-92.2405,40.8646],[-92.2169,40.8646],[-92.217,40.8574],[-92.1981,40.8573],[-92.198,40.8721],[-92.1885,40.8717],[-92.1886,40.8644],[-92.1931,40.8645],[-92.1931,40.8608],[-92.1954,40.861],[-92.1955,40.8574],[-92.1934,40.8574],[-92.1932,40.8501],[-92.1786,40.8501],[-92.1786,40.8466],[-92.1883,40.8464],[-92.1882,40.8428],[-92.1931,40.8429],[-92.193,40.8356],[-92.1882,40.8356],[-92.1882,40.8319],[-92.179,40.8319]],[[-92.6183,40.6981],[-92.6198,40.6981],[-92.6198,40.697],[-92.6183,40.697],[-92.6183,40.6981]]]}},{"type":"Feature","properties":{"leaid":"1928980","name":"Van Buren County Community School District","kind":"Unified","gradeLow":"PK","gradeHigh":"12","state":"IA"},"geometry":{"type":"MultiPolygon","coordinates":[[[[-92.093,40.8859],[-92.1025,40.8861],[-92.102,40.8998],[-92.0929,40.8997],[-92.093,40.8859]]],[[[-92.093,40.8859],[-92.0883,40.8858],[-92.0884,40.8786],[-92.0643,40.8787],[-92.0644,40.8999],[-91.9581,40.9007],[-91.9581,40.8933],[-91.9534,40.8934],[-91.9533,40.8873],[-91.9493,40.8874],[-91.9484,40.9008],[-91.7279,40.9009],[-91.7279,40.8938],[-91.7182,40.8938],[-91.7184,40.8719],[-91.6802,40.8717],[-91.68,40.8572],[-91.67,40.8572],[-91.6702,40.8427],[-91.6607,40.8427],[-91.6607,40.821],[-91.6321,40.8212],[-91.632,40.8139],[-91.6801,40.8136],[-91.6803,40.799],[-91.6755,40.7991],[-91.6753,40.7919],[-91.6704,40.7919],[-91.6703,40.7846],[-91.6751,40.7845],[-91.675,40.7736],[-91.6727,40.7736],[-91.6727,40.7725],[-91.6749,40.7726],[-91.6749,40.77],[-91.6606,40.7701],[-91.6605,40.7555],[-91.675,40.7554],[-91.6749,40.7514],[-91.6797,40.7514],[-91.6796,40.7299],[-91.6604,40.73],[-91.6604,40.7263],[-91.6796,40.7262],[-91.6796,40.7191],[-91.6605,40.7191],[-91.6604,40.7227],[-91.6412,40.7228],[-91.6412,40.7118],[-91.6701,40.7117],[-91.6705,40.6826],[-91.6946,40.6826],[-91.6945,40.6753],[-91.6614,40.6754],[-91.6608,40.6681],[-91.6801,40.668],[-91.6795,40.6388],[-91.6605,40.6389],[-91.6605,40.6317],[-91.6538,40.6317],[-91.6514,40.6292],[-91.6473,40.628],[-91.647,40.6262],[-91.6605,40.6263],[-91.6604,40.6165],[-91.6576,40.6165],[-91.6577,40.6018],[-91.6673,40.6019],[-91.668,40.5621],[-91.6916,40.5622],[-91.6916,40.5649],[-91.6857,40.5768],[-91.6864,40.5809],[-91.6964,40.5881],[-91.712,40.595],[-91.7168,40.5985],[-91.7291,40.6136],[-91.9477,40.6055],[-92.2223,40.5998],[-92.2222,40.6065],[-92.2175,40.6065],[-92.2175,40.6174],[-92.2222,40.6174],[-92.2221,40.6281],[-92.2269,40.6281],[-92.2268,40.6319],[-92.2222,40.6319],[-92.2222,40.6354],[-92.2173,40.6354],[-92.2172,40.639],[-92.2267,40.639],[-92.2266,40.6463],[-92.2171,40.6463],[-92.2171,40.6426],[-92.2124,40.6426],[-92.2123,40.6463],[-92.2075,40.6462],[-92.2076,40.6428],[-92.1981,40.6428],[-92.198,40.65],[-92.2075,40.6499],[-92.2074,40.6538],[-92.2169,40.6537],[-92.2168,40.6643],[-92.212,40.6643],[-92.2118,40.6833],[-92.2212,40.6859],[-92.2213,40.6753],[-92.2357,40.6753],[-92.2356,40.6898],[-92.22,40.6898],[-92.2057,40.6818],[-92.2056,40.6862],[-92.1974,40.6863],[-92.1974,40.6788],[-92.1927,40.6788],[-92.1925,40.6825],[-92.1878,40.6826],[-92.1876,40.6897],[-92.1782,40.6897],[-92.1783,40.7118],[-92.1828,40.7117],[-92.1828,40.7153],[-92.1784,40.7154],[-92.1784,40.7265],[-92.1681,40.7266],[-92.1681,40.7229],[-92.1734,40.7229],[-92.1734,40.7192],[-92.164,40.7192],[-92.1639,40.7404],[-92.1734,40.7411],[-92.1735,40.7483],[-92.1561,40.7481],[-92.156,40.741],[-92.1595,40.741],[-92.1594,40.7338],[-92.1444,40.7336],[-92.1444,40.7409],[-92.1396,40.7409],[-92.1397,40.7463],[-92.1445,40.7463],[-92.1446,40.7552],[-92.1541,40.7554],[-92.154,40.7625],[-92.1589,40.7626],[-92.1588,40.7663],[-92.1542,40.7662],[-92.1542,40.7698],[-92.1688,40.77],[-92.1687,40.7664],[-92.1785,40.7665],[-92.1784,40.7845],[-92.1743,40.7845],[-92.1744,40.7882],[-92.1784,40.7882],[-92.1783,40.8138],[-92.1406,40.8134],[-92.1405,40.8422],[-92.1308,40.8421],[-92.131,40.8546],[-92.1168,40.8498],[-92.1168,40.8643],[-92.112,40.8642],[-92.112,40.8789],[-92.0931,40.8786],[-92.093,40.8859]]]]}},{"type":"Feature","properties":{"leaid":"1907350","name":"Clarinda Community School District","kind":"Unified","gradeLow":"PK","gradeHigh":"12","state":"IA"},"geometry":{"type":"MultiPolygon","coordinates":[[[[-95.1659,40.8004],[-95.1659,40.7932],[-95.1754,40.7931],[-95.1754,40.8003],[-95.1659,40.8004]]],[[[-95.1659,40.8004],[-95.1659,40.804],[-95.1609,40.8041],[-95.1613,40.8077],[-95.1517,40.8078],[-95.1516,40.8039],[-95.1472,40.8042],[-95.1471,40.814],[-95.1186,40.8139],[-95.1187,40.8393],[-95.1139,40.8393],[-95.114,40.8428],[-95.0997,40.8429],[-95.0997,40.8466],[-95.1091,40.8463],[-95.1091,40.8501],[-95.1187,40.8501],[-95.1187,40.8646],[-95.1282,40.8646],[-95.1282,40.872],[-95.1187,40.8719],[-95.1187,40.8791],[-95.1091,40.8792],[-95.1091,40.8681],[-95.1139,40.8683],[-95.1138,40.8646],[-95.1021,40.8647],[-95.1021,40.8683],[-95.0997,40.8683],[-95.0997,40.8755],[-95.1044,40.8755],[-95.1044,40.8791],[-95.0997,40.8792],[-95.0996,40.8822],[-95.0985,40.8827],[-95.0904,40.8828],[-95.0903,40.8864],[-95.0806,40.8864],[-95.0806,40.8791],[-95.071,40.8791],[-95.0709,40.8646],[-95.0662,40.8646],[-95.0661,40.8681],[-95.0615,40.8685],[-95.0615,40.8718],[-95.0001,40.8718],[-94.9998,40.8644],[-94.9952,40.8646],[-94.9953,40.8574],[-94.9858,40.8573],[-94.9858,40.8535],[-94.9905,40.8536],[-94.9907,40.8464],[-94.9858,40.8464],[-94.9858,40.85],[-94.9667,40.8499],[-94.9666,40.8427],[-94.9714,40.8428],[-94.9715,40.8355],[-94.9762,40.8356],[-94.9763,40.832],[-94.9715,40.832],[-94.9712,40.8283],[-94.9573,40.8282],[-94.9573,40.8319],[-94.9521,40.8318],[-94.9521,40.8282],[-94.9381,40.8282],[-94.9381,40.8354],[-94.9287,40.8354],[-94.9289,40.8429],[-94.8941,40.8417],[-94.8941,40.8426],[-94.8816,40.8426],[-94.8813,40.8354],[-94.8717,40.8355],[-94.8718,40.8426],[-94.8622,40.8425],[-94.8622,40.8388],[-94.8527,40.8386],[-94.8529,40.8283],[-94.8622,40.828],[-94.8622,40.8208],[-94.8527,40.8207],[-94.8527,40.8135],[-94.8575,40.8135],[-94.8572,40.8067],[-94.8525,40.8066],[-94.8526,40.8101],[-94.8478,40.81],[-94.8479,40.8134],[-94.8422,40.8173],[-94.8421,40.8187],[-94.8398,40.8188],[-94.839,40.8205],[-94.8336,40.8205],[-94.8335,40.8062],[-94.8237,40.8062],[-94.8238,40.7991],[-94.819,40.7991],[-94.8191,40.7921],[-94.8333,40.7919],[-94.8333,40.7775],[-94.8239,40.7774],[-94.8239,40.7703],[-94.8145,40.7703],[-94.8145,40.7558],[-94.8564,40.7562],[-94.8577,40.7633],[-94.8809,40.7635],[-94.8808,40.7419],[-94.795,40.7415],[-94.7949,40.7277],[-94.8664,40.7273],[-94.8664,40.731],[-94.8769,40.731],[-94.8805,40.731],[-94.8807,40.7274],[-94.8945,40.7275],[-94.8949,40.7383],[-94.8996,40.7383],[-94.8994,40.7301],[-94.9041,40.7289],[-94.904,40.7272],[-94.8995,40.7272],[-94.8996,40.7218],[-94.895,40.7218],[-94.8942,40.7182],[-94.8997,40.7182],[-94.8997,40.7146],[-94.9092,40.7145],[-94.9095,40.7075],[-94.9136,40.7073],[-94.9137,40.7037],[-94.9115,40.7037],[-94.9117,40.7001],[-94.9095,40.7001],[-94.9094,40.7037],[-94.9047,40.7036],[-94.9047,40.7001],[-94.8952,40.7001],[-94.8952,40.7037],[-94.8771,40.7037],[-94.8761,40.7037],[-94.8761,40.7001],[-94.8712,40.7],[-94.8711,40.7146],[-94.8615,40.7144],[-94.8616,40.6928],[-94.8667,40.6927],[-94.8669,40.6855],[-94.8764,40.6855],[-94.8765,40.682],[-94.8622,40.6818],[-94.8623,40.6782],[-94.8766,40.6784],[-94.8767,40.6748],[-94.8864,40.6748],[-94.8865,40.6676],[-94.8769,40.6674],[-94.8768,40.6711],[-94.8529,40.6709],[-94.8529,40.6603],[-94.8483,40.6602],[-94.8483,40.6563],[-94.8677,40.6566],[-94.8677,40.6493],[-94.8574,40.6491],[-94.8575,40.6458],[-94.8648,40.6458],[-94.8648,40.6422],[-94.8672,40.6422],[-94.8672,40.6387],[-94.872,40.6386],[-94.8719,40.6457],[-94.8767,40.6457],[-94.8768,40.635],[-94.8817,40.635],[-94.8817,40.6387],[-94.8864,40.6389],[-94.8863,40.6495],[-94.8771,40.6494],[-94.8775,40.6565],[-94.8821,40.6565],[-94.8821,40.6639],[-94.9056,40.664],[-94.9057,40.657],[-94.9146,40.657],[-94.9147,40.6497],[-95.0052,40.6516],[-95.0052,40.6377],[-95.0196,40.6372],[-95.0196,40.6409],[-95.0245,40.641],[-95.0244,40.6518],[-95.0304,40.652],[-95.0303,40.6594],[-95.0272,40.6594],[-95.027,40.663],[-95.0218,40.6631],[-95.0218,40.6664],[-95.0267,40.6668],[-95.0282,40.6685],[-95.0286,40.6704],[-95.0254,40.6703],[-95.0254,40.6734],[-95.0279,40.6733],[-95.0299,40.6709],[-95.0296,40.681],[-95.0236,40.6809],[-95.0235,40.6845],[-95.0581,40.685],[-95.0584,40.6741],[-95.1013,40.6747],[-95.1012,40.6783],[-95.1059,40.6784],[-95.1058,40.682],[-95.0961,40.6819],[-95.096,40.6927],[-95.1054,40.6929],[-95.1052,40.6965],[-95.0961,40.6964],[-95.0956,40.7],[-95.1004,40.6999],[-95.1002,40.7037],[-95.1144,40.7038],[-95.1144,40.711],[-95.1333,40.7111],[-95.1336,40.7041],[-95.1433,40.7043],[-95.1442,40.6897],[-95.1866,40.6901],[-95.1865,40.6937],[-95.1912,40.6937],[-95.1909,40.6974],[-95.1862,40.6973],[-95.1864,40.7009],[-95.1815,40.7009],[-95.1812,40.7118],[-95.1859,40.7118],[-95.1858,40.7155],[-95.1906,40.7156],[-95.1904,40.728],[-95.1973,40.728],[-95.1968,40.7352],[-95.1945,40.7355],[-95.1945,40.7424],[-95.1957,40.7424],[-95.1957,40.746],[-95.1994,40.746],[-95.1993,40.7568],[-95.1945,40.7569],[-95.1945,40.7713],[-95.1851,40.7714],[-95.1849,40.7858],[-95.1662,40.786],[-95.1661,40.7896],[-95.1471,40.7895],[-95.1471,40.8005],[-95.1642,40.8004],[-95.1659,40.8004]],[[-94.8767,40.8135],[-94.8627,40.8137],[-94.8622,40.8204],[-94.8766,40.8206],[-94.8767,40.8135]]]]}},{"type":"Feature","properties":{"leaid":"1913380","name":"H-L-V Community School District","kind":"Unified","gradeLow":"PK","gradeHigh":"12","state":"IA"},"geometry":{"type":"Polygon","coordinates":[[[-92.2548,41.8048],[-92.2549,41.7975],[-92.2502,41.7974],[-92.2502,41.7902],[-92.2208,41.7897],[-92.2209,41.7827],[-92.2307,41.7828],[-92.2307,41.7756],[-92.2113,41.7755],[-92.2114,41.7718],[-92.2018,41.7717],[-92.2019,41.7682],[-92.1872,41.7681],[-92.1871,41.7754],[-92.2016,41.7755],[-92.2014,41.7971],[-92.1614,41.7972],[-92.1614,41.7936],[-92.1662,41.7936],[-92.167,41.7756],[-92.1622,41.7756],[-92.1623,41.7618],[-92.1574,41.7634],[-92.1573,41.7387],[-92.1526,41.7387],[-92.1526,41.7243],[-92.1622,41.7243],[-92.1623,41.7172],[-92.1719,41.7172],[-92.1722,41.696],[-92.1831,41.6961],[-92.1833,41.6884],[-92.1882,41.6885],[-92.1881,41.6775],[-92.1834,41.6776],[-92.1827,41.63],[-92.2261,41.6301],[-92.226,41.6234],[-92.2403,41.6231],[-92.2406,41.6122],[-92.2454,41.6124],[-92.2454,41.6086],[-92.2552,41.6087],[-92.2552,41.6013],[-92.2495,41.6013],[-92.2495,41.5967],[-92.2543,41.5966],[-92.2542,41.5932],[-92.2784,41.5931],[-92.2784,41.5967],[-92.2833,41.5967],[-92.2833,41.6015],[-92.2882,41.6015],[-92.2881,41.5967],[-92.2978,41.5967],[-92.2978,41.6015],[-92.2995,41.6015],[-92.3,41.689],[-92.3581,41.6885],[-92.3578,41.6957],[-92.3676,41.6958],[-92.3676,41.7175],[-92.3627,41.7175],[-92.3627,41.7253],[-92.358,41.7242],[-92.3578,41.7463],[-92.3772,41.7463],[-92.377,41.7755],[-92.4164,41.7752],[-92.4165,41.7933],[-92.4262,41.7936],[-92.4263,41.8043],[-92.4165,41.8042],[-92.4163,41.8224],[-92.4061,41.8226],[-92.4057,41.8334],[-92.3959,41.8336],[-92.396,41.83],[-92.3815,41.8302],[-92.3813,41.8338],[-92.3862,41.8338],[-92.3865,41.8483],[-92.3672,41.8484],[-92.3621,41.8484],[-92.362,41.8411],[-92.3379,41.8415],[-92.3377,41.8342],[-92.3425,41.8341],[-92.3426,41.8268],[-92.3571,41.8267],[-92.357,41.8339],[-92.3669,41.8337],[-92.3668,41.8302],[-92.3619,41.8302],[-92.362,41.823],[-92.3572,41.823],[-92.3573,41.8084],[-92.3475,41.8085],[-92.3475,41.8158],[-92.3378,41.8159],[-92.3378,41.8196],[-92.3475,41.8194],[-92.3475,41.8214],[-92.3378,41.8213],[-92.3378,41.8269],[-92.3329,41.8269],[-92.3328,41.8342],[-92.318,41.8342],[-92.3181,41.8121],[-92.2987,41.8121],[-92.2987,41.8195],[-92.2788,41.8192],[-92.2788,41.8052],[-92.2548,41.8048]],[[-92.1831,41.6961],[-92.183,41.7029],[-92.1926,41.703],[-92.1928,41.696],[-92.1831,41.6961]]]}},{"type":"Feature","properties":{"leaid":"1909060","name":"Diagonal Community School District","kind":"Unified","gradeLow":"PK","gradeHigh":"12","state":"IA"},"geometry":{"type":"Polygon","coordinates":[[[-94.3953,40.8993],[-94.3,40.8988],[-94.3007,40.8842],[-94.3054,40.8842],[-94.3054,40.8769],[-94.291,40.8771],[-94.2907,40.8733],[-94.2815,40.8731],[-94.2815,40.8695],[-94.2625,40.8694],[-94.2623,40.8659],[-94.2525,40.8656],[-94.2523,40.8622],[-94.2575,40.8622],[-94.2588,40.8587],[-94.2426,40.8585],[-94.2431,40.8115],[-94.272,40.8118],[-94.2719,40.7976],[-94.2764,40.7975],[-94.2762,40.7831],[-94.2622,40.783],[-94.2622,40.7687],[-94.267,40.7688],[-94.2671,40.7655],[-94.2765,40.7652],[-94.2767,40.7688],[-94.2811,40.7689],[-94.2811,40.7653],[-94.2955,40.7653],[-94.2955,40.7762],[-94.3001,40.7765],[-94.3001,40.7657],[-94.3335,40.7657],[-94.3338,40.7621],[-94.2904,40.7615],[-94.2905,40.7545],[-94.2812,40.7543],[-94.2814,40.7473],[-94.3002,40.7474],[-94.3002,40.74],[-94.3144,40.7402],[-94.3146,40.7387],[-94.3194,40.7384],[-94.3192,40.7402],[-94.3285,40.7403],[-94.3285,40.7331],[-94.3191,40.733],[-94.3191,40.7293],[-94.3144,40.7293],[-94.3144,40.7257],[-94.3287,40.7258],[-94.3287,40.7188],[-94.3381,40.7186],[-94.338,40.7369],[-94.3427,40.7369],[-94.3429,40.7441],[-94.3577,40.744],[-94.3576,40.7296],[-94.3647,40.7296],[-94.3648,40.727],[-94.3645,40.726],[-94.3576,40.7259],[-94.3575,40.7186],[-94.3764,40.7188],[-94.3763,40.7153],[-94.3858,40.7153],[-94.386,40.726],[-94.3764,40.726],[-94.3764,40.7225],[-94.3741,40.7225],[-94.3743,40.726],[-94.3718,40.726],[-94.3718,40.7332],[-94.3671,40.7332],[-94.3671,40.7368],[-94.3623,40.7368],[-94.3622,40.7404],[-94.3765,40.7404],[-94.3765,40.7443],[-94.3719,40.744],[-94.3719,40.7477],[-94.3677,40.7476],[-94.3666,40.7619],[-94.3771,40.7623],[-94.3768,40.7548],[-94.3862,40.7549],[-94.3861,40.7405],[-94.3957,40.7405],[-94.3957,40.7548],[-94.4098,40.7547],[-94.4102,40.7567],[-94.4052,40.7656],[-94.405,40.7733],[-94.4051,40.8063],[-94.4093,40.8124],[-94.415,40.8124],[-94.4148,40.798],[-94.4317,40.7979],[-94.4317,40.7943],[-94.4246,40.7944],[-94.4246,40.7908],[-94.4341,40.7907],[-94.4341,40.7979],[-94.4717,40.7981],[-94.4744,40.7988],[-94.475,40.8008],[-94.4732,40.8018],[-94.4732,40.7998],[-94.4715,40.7998],[-94.4715,40.7982],[-94.4505,40.798],[-94.4505,40.7991],[-94.4491,40.7991],[-94.4491,40.798],[-94.4341,40.798],[-94.4341,40.8053],[-94.4247,40.8053],[-94.4245,40.7981],[-94.4149,40.7982],[-94.4152,40.8126],[-94.4105,40.8126],[-94.4104,40.8198],[-94.4057,40.8198],[-94.4056,40.827],[-94.4151,40.8271],[-94.4153,40.8417],[-94.4248,40.8417],[-94.4249,40.8489],[-94.4344,40.8489],[-94.4345,40.8416],[-94.4297,40.8417],[-94.4296,40.838],[-94.4247,40.8381],[-94.4247,40.8359],[-94.4293,40.8357],[-94.4296,40.8307],[-94.4392,40.8307],[-94.4392,40.8562],[-94.4345,40.8562],[-94.434,40.8993],[-94.4003,40.8993],[-94.4004,40.8957],[-94.3956,40.8957],[-94.3953,40.8993]]]}},{"type":"Feature","properties":{"leaid":"1910110","name":"East Buchanan Community School District","kind":"Unified","gradeLow":"PK","gradeHigh":"12","state":"IA"},"geometry":{"type":"Polygon","coordinates":[[[-91.6086,42.4984],[-91.6085,42.4693],[-91.5974,42.4692],[-91.5976,42.3547],[-91.6075,42.3547],[-91.6074,42.3474],[-91.6371,42.3474],[-91.6372,42.3547],[-91.676,42.355],[-91.7013,42.3547],[-91.7015,42.3488],[-91.711,42.3487],[-91.7106,42.3504],[-91.7148,42.3506],[-91.7148,42.3471],[-91.733,42.3478],[-91.7349,42.348],[-91.7349,42.3556],[-91.7448,42.3554],[-91.7444,42.3409],[-91.7938,42.342],[-91.7938,42.3854],[-91.8308,42.3861],[-91.8313,42.4151],[-91.8126,42.415],[-91.8125,42.4215],[-91.8174,42.4215],[-91.8175,42.4326],[-91.8125,42.4333],[-91.8121,42.4371],[-91.7924,42.4364],[-91.7927,42.4683],[-91.7861,42.4683],[-91.7863,42.4901],[-91.7763,42.4901],[-91.7765,42.4975],[-91.7863,42.4974],[-91.7866,42.5483],[-91.7915,42.5484],[-91.7915,42.5563],[-91.7964,42.5563],[-91.7964,42.578],[-91.7668,42.5778],[-91.7661,42.6032],[-91.7564,42.6032],[-91.7555,42.6433],[-91.6909,42.6433],[-91.6914,42.636],[-91.6864,42.6359],[-91.6874,42.6065],[-91.7067,42.607],[-91.7072,42.5741],[-91.7272,42.5741],[-91.7274,42.5667],[-91.717,42.5669],[-91.717,42.5636],[-91.7172,42.5597],[-91.7275,42.5595],[-91.7274,42.5376],[-91.7169,42.5375],[-91.7169,42.5411],[-91.712,42.5411],[-91.7119,42.5338],[-91.7071,42.5338],[-91.7071,42.5266],[-91.6877,42.5267],[-91.6877,42.5373],[-91.6787,42.5375],[-91.6779,42.5267],[-91.668,42.5269],[-91.668,42.5305],[-91.6581,42.5307],[-91.658,42.527],[-91.6482,42.5271],[-91.6482,42.5198],[-91.6433,42.5199],[-91.6432,42.5162],[-91.6334,42.5163],[-91.6333,42.5127],[-91.6481,42.5126],[-91.6482,42.498],[-91.6381,42.4981],[-91.638,42.4873],[-91.6184,42.4874],[-91.6185,42.4983],[-91.6086,42.4984]]]}},{"type":"Feature","properties":{"leaid":"1915330","name":"Jesup Community School District","kind":"Unified","gradeLow":"PK","gradeHigh":"12","state":"IA"},"geometry":{"type":"Polygon","coordinates":[[[-91.9642,42.5913],[-91.9641,42.5315],[-91.974,42.5315],[-91.9762,42.5335],[-91.9788,42.5334],[-91.9788,42.5217],[-91.974,42.5196],[-91.9739,42.5186],[-91.9643,42.5185],[-91.9634,42.4678],[-91.9876,42.4678],[-91.9875,42.457],[-91.9827,42.4571],[-91.9825,42.4504],[-91.9874,42.4503],[-91.9869,42.4281],[-91.9771,42.4282],[-91.977,42.4214],[-91.9867,42.4208],[-91.9866,42.4137],[-91.9771,42.4137],[-91.977,42.3849],[-91.9867,42.3849],[-91.9867,42.3807],[-91.9774,42.3807],[-91.9769,42.3735],[-91.9672,42.3733],[-91.9676,42.3625],[-91.9479,42.3626],[-91.948,42.3516],[-91.9524,42.3517],[-91.9527,42.3446],[-91.9622,42.3446],[-91.9624,42.3408],[-92.0065,42.3412],[-92.0064,42.3486],[-92.021,42.3482],[-92.0211,42.3518],[-92.0353,42.3518],[-92.0357,42.3445],[-92.0551,42.3444],[-92.0556,42.3482],[-92.0796,42.3481],[-92.0796,42.3516],[-92.0838,42.3518],[-92.0843,42.3587],[-92.082,42.3588],[-92.0823,42.3625],[-92.0793,42.3625],[-92.0794,42.3696],[-92.1037,42.3699],[-92.1037,42.3734],[-92.1133,42.3732],[-92.1137,42.3882],[-92.1183,42.3882],[-92.1182,42.3952],[-92.1229,42.3952],[-92.1228,42.3989],[-92.1326,42.3991],[-92.1327,42.3917],[-92.1423,42.392],[-92.1425,42.3846],[-92.1813,42.3846],[-92.1809,42.457],[-92.1857,42.457],[-92.1858,42.4687],[-92.189,42.4687],[-92.1898,42.4978],[-92.1603,42.4976],[-92.1604,42.5012],[-92.1555,42.5011],[-92.1556,42.5048],[-92.1506,42.5048],[-92.1509,42.5229],[-92.1215,42.5229],[-92.1216,42.5265],[-92.0824,42.5263],[-92.0824,42.5659],[-92.0722,42.5657],[-92.0722,42.5693],[-92.0623,42.5692],[-92.0623,42.5675],[-92.0581,42.5674],[-92.0573,42.5692],[-92.0426,42.5691],[-92.0426,42.5727],[-92.0475,42.5728],[-92.0477,42.5764],[-92.0524,42.5764],[-92.0524,42.5837],[-92.0424,42.5836],[-92.0425,42.5909],[-91.9642,42.5913]]]}},{"type":"Feature","properties":{"leaid":"1921630","name":"Oelwein Community School District","kind":"Unified","gradeLow":"PK","gradeHigh":"12","state":"IA"},"geometry":{"type":"Polygon","coordinates":[[[-91.7745,42.7305],[-91.775,42.7017],[-91.7552,42.7015],[-91.7551,42.7088],[-91.7451,42.7087],[-91.7453,42.7014],[-91.7256,42.7012],[-91.7257,42.6914],[-91.7331,42.6915],[-91.7332,42.6867],[-91.7258,42.6866],[-91.7259,42.6795],[-91.7149,42.6795],[-91.7149,42.6757],[-91.7259,42.6756],[-91.726,42.6721],[-91.7197,42.6722],[-91.72,42.665],[-91.7104,42.6652],[-91.7105,42.6577],[-91.7056,42.6578],[-91.7056,42.6432],[-91.7555,42.6433],[-91.7564,42.6032],[-91.7661,42.6032],[-91.7668,42.5778],[-91.7964,42.578],[-91.7966,42.5708],[-91.8014,42.5708],[-91.8015,42.5779],[-91.8211,42.5782],[-91.8211,42.5745],[-91.8309,42.5746],[-91.8309,42.5782],[-91.8358,42.5782],[-91.8358,42.5855],[-91.8454,42.5856],[-91.8455,42.5782],[-91.8851,42.5778],[-91.885,42.5851],[-91.8949,42.5849],[-91.8948,42.5922],[-91.8973,42.5921],[-91.8975,42.5849],[-91.9048,42.5847],[-91.9048,42.5665],[-91.9196,42.5665],[-91.9196,42.5592],[-91.9099,42.5593],[-91.9096,42.5554],[-91.964,42.5549],[-91.9637,42.6422],[-91.9702,42.6422],[-91.9701,42.6385],[-91.9735,42.6385],[-91.9735,42.6422],[-91.9883,42.6422],[-91.9881,42.6495],[-91.993,42.6495],[-91.9927,42.6568],[-91.9977,42.6568],[-91.9971,42.675],[-91.9922,42.675],[-91.9921,42.6786],[-91.997,42.6786],[-91.997,42.6859],[-92.0043,42.6859],[-92.0044,42.6786],[-92.002,42.6786],[-92.0021,42.6714],[-92.0316,42.6713],[-92.0314,42.6786],[-92.0412,42.6785],[-92.0407,42.7003],[-91.962,42.7004],[-91.9617,42.7296],[-91.9326,42.7299],[-91.9327,42.722],[-91.9278,42.722],[-91.9278,42.7183],[-91.9229,42.7182],[-91.9227,42.7236],[-91.913,42.7239],[-91.9129,42.726],[-91.908,42.7261],[-91.9079,42.7303],[-91.804,42.7308],[-91.8044,42.7238],[-91.7994,42.7238],[-91.7991,42.7342],[-91.7843,42.7342],[-91.7843,42.7306],[-91.7745,42.7305]]]}},{"type":"Feature","properties":{"leaid":"1930510","name":"Waukee Community School District","kind":"Unified","gradeLow":"PK","gradeHigh":"12","state":"IA"},"geometry":{"type":"Polygon","coordinates":[[[-93.8145,41.6656],[-93.8143,41.6005],[-93.7906,41.6004],[-93.7905,41.5357],[-93.7922,41.5279],[-93.7935,41.5266],[-93.7978,41.5271],[-93.799,41.5314],[-93.8032,41.5306],[-93.8079,41.5322],[-93.8143,41.5317],[-93.8144,41.5281],[-93.8181,41.5241],[-93.8668,41.5201],[-93.8665,41.5634],[-93.8807,41.562],[-93.8807,41.5657],[-93.8969,41.5643],[-93.8969,41.5752],[-93.9353,41.5754],[-93.9354,41.6004],[-93.9503,41.6003],[-93.9505,41.6146],[-93.9406,41.6146],[-93.9408,41.6221],[-93.9504,41.6222],[-93.9505,41.6295],[-93.9408,41.6294],[-93.9409,41.6348],[-93.9359,41.6348],[-93.9359,41.6329],[-93.9282,41.6329],[-93.9282,41.6365],[-93.9408,41.6366],[-93.9408,41.6439],[-93.9359,41.6438],[-93.9359,41.6511],[-93.931,41.651],[-93.931,41.6583],[-93.8577,41.6583],[-93.8578,41.6691],[-93.8626,41.6691],[-93.8627,41.6727],[-93.853,41.6728],[-93.8528,41.6637],[-93.8433,41.6636],[-93.8433,41.6654],[-93.8145,41.6656]]]}},{"type":"Feature","properties":{"leaid":"1910500","name":"Edgewood-Colesburg Community School District","kind":"Unified","gradeLow":"PK","gradeHigh":"12","state":"IA"},"geometry":{"type":"Polygon","coordinates":[[[-91.2504,42.7325],[-91.2505,42.7179],[-91.1915,42.7181],[-91.1915,42.711],[-91.1518,42.7104],[-91.1521,42.6887],[-91.1328,42.6893],[-91.1339,42.5878],[-91.1832,42.5883],[-91.1834,42.5737],[-91.2031,42.5737],[-91.2031,42.581],[-91.2279,42.5804],[-91.228,42.5768],[-91.2327,42.5766],[-91.2327,42.573],[-91.2376,42.573],[-91.2375,42.5694],[-91.2425,42.5693],[-91.2426,42.5621],[-91.2376,42.5621],[-91.2376,42.5658],[-91.2278,42.5659],[-91.2278,42.5734],[-91.2228,42.5736],[-91.2229,42.5624],[-91.2326,42.5622],[-91.2324,42.5585],[-91.253,42.5584],[-91.2528,42.5721],[-91.2627,42.5718],[-91.2626,42.5764],[-91.2824,42.5765],[-91.2824,42.5801],[-91.2924,42.58],[-91.2917,42.6161],[-91.3218,42.616],[-91.3216,42.6231],[-91.3364,42.6232],[-91.3363,42.6157],[-91.4087,42.6156],[-91.4092,42.6012],[-91.4188,42.6011],[-91.4189,42.6049],[-91.4236,42.6049],[-91.4234,42.6085],[-91.4283,42.6085],[-91.4279,42.6161],[-91.4474,42.6168],[-91.4639,42.6155],[-91.4639,42.6119],[-91.4687,42.6115],[-91.4685,42.6151],[-91.4784,42.6151],[-91.4784,42.6186],[-91.4833,42.6187],[-91.4833,42.6223],[-91.4886,42.6222],[-91.4887,42.6186],[-91.4938,42.6185],[-91.4937,42.6221],[-91.5088,42.6219],[-91.5084,42.6255],[-91.4985,42.6257],[-91.4983,42.6441],[-91.4825,42.644],[-91.4823,42.6515],[-91.4773,42.6517],[-91.4775,42.644],[-91.4726,42.644],[-91.4723,42.6592],[-91.4673,42.6594],[-91.4673,42.6555],[-91.4624,42.6556],[-91.4626,42.6481],[-91.4577,42.648],[-91.4575,42.663],[-91.4525,42.663],[-91.4527,42.6703],[-91.4575,42.6703],[-91.4571,42.7063],[-91.4473,42.706],[-91.4469,42.7206],[-91.4374,42.7206],[-91.4374,42.7316],[-91.4177,42.7313],[-91.4176,42.7245],[-91.3883,42.7247],[-91.3883,42.7103],[-91.3688,42.7102],[-91.3688,42.7139],[-91.3634,42.714],[-91.3632,42.7321],[-91.3292,42.7322],[-91.329,42.747],[-91.3091,42.7471],[-91.3091,42.7324],[-91.2504,42.7325]]]}},{"type":"Feature","properties":{"leaid":"1900022","name":"Union Community School District","kind":"Unified","gradeLow":"PK","gradeHigh":"12","state":"IA"},"geometry":{"type":"Polygon","coordinates":[[[-92.1812,42.4063],[-92.1813,42.3846],[-92.1425,42.3846],[-92.1423,42.392],[-92.1327,42.3917],[-92.1326,42.3991],[-92.1228,42.3989],[-92.1229,42.3952],[-92.1182,42.3952],[-92.1183,42.3882],[-92.1137,42.3882],[-92.1133,42.3732],[-92.1037,42.3734],[-92.1037,42.3699],[-92.0794,42.3696],[-92.0793,42.3625],[-92.0823,42.3625],[-92.082,42.3588],[-92.0843,42.3587],[-92.0838,42.3518],[-92.0796,42.3516],[-92.0796,42.3481],[-92.0556,42.3482],[-92.0551,42.3444],[-92.0357,42.3445],[-92.0353,42.3518],[-92.0211,42.3518],[-92.0214,42.3228],[-92.0506,42.3226],[-92.0506,42.2972],[-92.0648,42.2973],[-92.0679,42.3],[-92.0841,42.3033],[-92.0842,42.2973],[-92.0939,42.2973],[-92.094,42.2755],[-92.1038,42.2755],[-92.1037,42.2683],[-92.0844,42.2683],[-92.0845,42.2611],[-92.0893,42.261],[-92.0893,42.2539],[-92.0931,42.2539],[-92.0931,42.2529],[-92.0955,42.253],[-92.0955,42.2539],[-92.1135,42.2538],[-92.1136,42.2395],[-92.1184,42.2394],[-92.1184,42.2466],[-92.1233,42.2467],[-92.1233,42.2484],[-92.1329,42.2485],[-92.1329,42.2467],[-92.1377,42.2467],[-92.1377,42.2395],[-92.133,42.2394],[-92.133,42.2358],[-92.1378,42.2358],[-92.1379,42.2323],[-92.1427,42.2323],[-92.1427,42.2395],[-92.1524,42.2396],[-92.1523,42.2505],[-92.1475,42.2504],[-92.1475,42.2585],[-92.1524,42.2585],[-92.1524,42.2612],[-92.1572,42.2613],[-92.1572,42.2594],[-92.1621,42.2595],[-92.162,42.2541],[-92.1718,42.254],[-92.1719,42.2395],[-92.1621,42.2396],[-92.1622,42.2324],[-92.1812,42.2324],[-92.182,42.1738],[-92.2022,42.1742],[-92.2026,42.0945],[-92.2075,42.0946],[-92.2075,42.1018],[-92.2171,42.1017],[-92.217,42.0946],[-92.222,42.0946],[-92.2221,42.1019],[-92.2317,42.1018],[-92.2316,42.0945],[-92.2511,42.0945],[-92.2511,42.08],[-92.2608,42.08],[-92.2608,42.0727],[-92.2705,42.0727],[-92.2705,42.0655],[-92.2988,42.0651],[-92.2985,42.0362],[-92.3276,42.036],[-92.3277,42.0469],[-92.3229,42.0469],[-92.3229,42.0433],[-92.3132,42.0433],[-92.3133,42.0506],[-92.3181,42.0506],[-92.3182,42.0542],[-92.3133,42.0542],[-92.3134,42.0558],[-92.3134,42.0577],[-92.3182,42.0578],[-92.3185,42.0867],[-92.328,42.0867],[-92.3281,42.0939],[-92.3379,42.0938],[-92.3382,42.1083],[-92.3675,42.1082],[-92.3676,42.1154],[-92.3774,42.1155],[-92.3772,42.1082],[-92.3869,42.1082],[-92.3871,42.1378],[-92.3968,42.1378],[-92.3969,42.1452],[-92.4066,42.1451],[-92.4066,42.1524],[-92.4115,42.1524],[-92.4115,42.1595],[-92.3846,42.1595],[-92.3846,42.1667],[-92.3968,42.1668],[-92.3967,42.174],[-92.387,42.1738],[-92.3869,42.1885],[-92.3771,42.1884],[-92.377,42.2107],[-92.3967,42.2106],[-92.3966,42.2179],[-92.382,42.218],[-92.3819,42.2252],[-92.4064,42.2251],[-92.4065,42.2106],[-92.4168,42.2105],[-92.4168,42.2324],[-92.4064,42.2324],[-92.4063,42.2375],[-92.4066,42.2395],[-92.4121,42.2393],[-92.4137,42.2368],[-92.4168,42.2352],[-92.4169,42.2433],[-92.4015,42.2437],[-92.4015,42.2396],[-92.3966,42.2396],[-92.3966,42.2323],[-92.3917,42.2324],[-92.3918,42.2396],[-92.3872,42.2397],[-92.3867,42.2419],[-92.3868,42.2468],[-92.3918,42.2468],[-92.3929,42.249],[-92.3966,42.2478],[-92.3966,42.2505],[-92.4015,42.2505],[-92.4015,42.2469],[-92.4035,42.2462],[-92.4169,42.2465],[-92.417,42.3191],[-92.3966,42.319],[-92.3965,42.3263],[-92.3671,42.3265],[-92.3673,42.3338],[-92.3378,42.3336],[-92.3377,42.3483],[-92.2985,42.3479],[-92.2986,42.3702],[-92.2499,42.3699],[-92.2499,42.377],[-92.2422,42.3771],[-92.245,42.3847],[-92.215,42.3845],[-92.2172,42.3972],[-92.2214,42.4064],[-92.1812,42.4063]]]}},{"type":"Feature","properties":{"leaid":"1929760","name":"Wapsie Valley Community School District","kind":"Unified","gradeLow":"PK","gradeHigh":"12","state":"IA"},"geometry":{"type":"Polygon","coordinates":[[[-92.0668,42.7489],[-92.0668,42.7478],[-92.0606,42.7478],[-92.0605,42.7404],[-92.0213,42.7405],[-92.0209,42.7296],[-92.0108,42.7296],[-92.0108,42.715],[-92.0013,42.715],[-92.0013,42.7004],[-92.0407,42.7003],[-92.0412,42.6785],[-92.0314,42.6786],[-92.0316,42.6713],[-92.0021,42.6714],[-92.002,42.6786],[-92.0044,42.6786],[-92.0043,42.6859],[-91.997,42.6859],[-91.997,42.6786],[-91.9921,42.6786],[-91.9922,42.675],[-91.9971,42.675],[-91.9977,42.6568],[-91.9927,42.6568],[-91.993,42.6495],[-91.9881,42.6495],[-91.9883,42.6422],[-91.9735,42.6422],[-91.9735,42.6385],[-91.9701,42.6385],[-91.9702,42.6422],[-91.9637,42.6422],[-91.9642,42.5913],[-92.0425,42.5909],[-92.0424,42.5836],[-92.0524,42.5837],[-92.0524,42.5764],[-92.0477,42.5764],[-92.0475,42.5728],[-92.0426,42.5727],[-92.0426,42.5691],[-92.0573,42.5692],[-92.0581,42.5674],[-92.0623,42.5675],[-92.0623,42.5692],[-92.0722,42.5693],[-92.0722,42.5657],[-92.0824,42.5659],[-92.0824,42.5549],[-92.0922,42.5551],[-92.0917,42.5587],[-92.0968,42.5588],[-92.0969,42.566],[-92.1017,42.566],[-92.102,42.5696],[-92.1117,42.5697],[-92.1096,42.5705],[-92.1123,42.5712],[-92.1098,42.5733],[-92.1166,42.5733],[-92.1166,42.579],[-92.1177,42.5793],[-92.1148,42.5818],[-92.1172,42.5858],[-92.1165,42.5906],[-92.1191,42.5906],[-92.1201,42.5921],[-92.1187,42.5928],[-92.1199,42.5933],[-92.1215,42.5915],[-92.1213,42.6132],[-92.1062,42.6132],[-92.1062,42.6241],[-92.1013,42.624],[-92.1013,42.6277],[-92.1111,42.6277],[-92.1112,42.6313],[-92.1161,42.6313],[-92.1161,42.642],[-92.1479,42.6422],[-92.1489,42.644],[-92.1482,42.6457],[-92.1457,42.6457],[-92.1457,42.6494],[-92.1603,42.6493],[-92.1603,42.6457],[-92.1751,42.6457],[-92.1752,42.6494],[-92.1899,42.6494],[-92.1898,42.6422],[-92.229,42.6422],[-92.2291,42.636],[-92.2387,42.636],[-92.2388,42.6323],[-92.2487,42.6324],[-92.2487,42.6422],[-92.2585,42.6422],[-92.2586,42.6495],[-92.2684,42.6496],[-92.2685,42.6568],[-92.2586,42.6568],[-92.2586,42.6769],[-92.2685,42.677],[-92.2685,42.686],[-92.2884,42.686],[-92.2881,42.7079],[-92.2979,42.7078],[-92.2977,42.7298],[-92.2337,42.7296],[-92.2338,42.7368],[-92.2288,42.7369],[-92.2288,42.7405],[-92.2191,42.7404],[-92.2191,42.744],[-92.2289,42.7441],[-92.2288,42.7514],[-92.1991,42.7513],[-92.1992,42.744],[-92.1803,42.7442],[-92.1803,42.7405],[-92.1753,42.7405],[-92.1754,42.7442],[-92.1803,42.7443],[-92.1804,42.7549],[-92.1755,42.755],[-92.1755,42.7514],[-92.1706,42.7514],[-92.1706,42.7532],[-92.1656,42.7532],[-92.1656,42.755],[-92.1557,42.7551],[-92.1557,42.7515],[-92.1507,42.7514],[-92.1507,42.755],[-92.1407,42.7549],[-92.1406,42.7476],[-92.1308,42.7476],[-92.1309,42.7368],[-92.1161,42.7368],[-92.1163,42.7295],[-92.0964,42.7296],[-92.0965,42.7332],[-92.0866,42.7332],[-92.0867,42.7406],[-92.0916,42.7404],[-92.0916,42.7441],[-92.0817,42.7441],[-92.0818,42.7478],[-92.0683,42.7478],[-92.0683,42.7489],[-92.0668,42.7489]]]}},{"type":"Feature","properties":{"leaid":"1930540","name":"Waverly-Shell Rock Community School District","kind":"Unified","gradeLow":"PK","gradeHigh":"12","state":"IA"},"geometry":{"type":"Polygon","coordinates":[[[-92.3225,42.7409],[-92.3274,42.7409],[-92.3275,42.7372],[-92.3324,42.7373],[-92.3324,42.7337],[-92.3226,42.7336],[-92.3225,42.7299],[-92.3472,42.73],[-92.347,42.7188],[-92.3519,42.7188],[-92.3519,42.7105],[-92.3569,42.7104],[-92.3569,42.7149],[-92.3618,42.715],[-92.3618,42.7076],[-92.3766,42.7076],[-92.3765,42.7091],[-92.3864,42.7091],[-92.3865,42.7077],[-92.3962,42.7077],[-92.3962,42.6858],[-92.4261,42.6861],[-92.4259,42.6728],[-92.4351,42.6702],[-92.4388,42.6675],[-92.4455,42.669],[-92.4475,42.6713],[-92.4755,42.6713],[-92.4745,42.6754],[-92.4754,42.6858],[-92.5248,42.686],[-92.5249,42.6787],[-92.5215,42.6781],[-92.5225,42.6824],[-92.5172,42.6823],[-92.5172,42.6786],[-92.5149,42.6784],[-92.5148,42.6714],[-92.5344,42.6714],[-92.5343,42.6641],[-92.5196,42.664],[-92.5198,42.663],[-92.5147,42.664],[-92.5144,42.6423],[-92.5293,42.6423],[-92.529,42.6321],[-92.5545,42.6319],[-92.5543,42.6211],[-92.5644,42.6211],[-92.5645,42.6137],[-92.5744,42.6137],[-92.5744,42.6175],[-92.6104,42.6176],[-92.6104,42.621],[-92.6122,42.621],[-92.6123,42.6176],[-92.6135,42.6176],[-92.6135,42.621],[-92.6232,42.621],[-92.6232,42.6356],[-92.6306,42.6356],[-92.6306,42.6392],[-92.6352,42.6392],[-92.6352,42.6424],[-92.6379,42.6426],[-92.638,42.6496],[-92.6427,42.6496],[-92.6428,42.6424],[-92.7022,42.6425],[-92.7023,42.6498],[-92.7072,42.6498],[-92.7072,42.6534],[-92.7121,42.6534],[-92.7133,42.6558],[-92.7145,42.6553],[-92.7146,42.6534],[-92.7195,42.6534],[-92.7195,42.657],[-92.7244,42.6571],[-92.7244,42.6534],[-92.7269,42.6534],[-92.7269,42.657],[-92.7294,42.657],[-92.7294,42.6548],[-92.7306,42.6552],[-92.7305,42.6571],[-92.7318,42.657],[-92.7318,42.6643],[-92.7269,42.6643],[-92.7269,42.6698],[-92.7318,42.6698],[-92.7318,42.6752],[-92.722,42.6752],[-92.722,42.6788],[-92.7122,42.6788],[-92.7122,42.6861],[-92.7319,42.6861],[-92.7319,42.6934],[-92.7123,42.6935],[-92.7123,42.7043],[-92.7024,42.7043],[-92.7025,42.7079],[-92.6876,42.7078],[-92.6876,42.7115],[-92.6728,42.7113],[-92.6728,42.7338],[-92.6677,42.7338],[-92.6676,42.7373],[-92.6628,42.7373],[-92.6627,42.7338],[-92.653,42.7338],[-92.6529,42.7301],[-92.6431,42.7301],[-92.6432,42.7556],[-92.6393,42.7556],[-92.6382,42.7519],[-92.6333,42.752],[-92.6333,42.7629],[-92.6303,42.763],[-92.6301,42.7572],[-92.6265,42.7572],[-92.6278,42.7558],[-92.6214,42.7561],[-92.6185,42.7548],[-92.6171,42.7556],[-92.6171,42.7593],[-92.604,42.7592],[-92.6087,42.7643],[-92.6087,42.7665],[-92.584,42.7664],[-92.584,42.7737],[-92.5791,42.7737],[-92.5791,42.7846],[-92.5741,42.7846],[-92.5741,42.8026],[-92.5644,42.8027],[-92.5643,42.81],[-92.5445,42.8099],[-92.5445,42.8063],[-92.537,42.8063],[-92.537,42.8026],[-92.5335,42.8026],[-92.5336,42.8063],[-92.529,42.8063],[-92.505,42.8062],[-92.505,42.8026],[-92.4976,42.8026],[-92.4976,42.8045],[-92.4951,42.8045],[-92.4952,42.8099],[-92.4915,42.8099],[-92.4915,42.8027],[-92.4853,42.8027],[-92.4856,42.8159],[-92.4756,42.816],[-92.4757,42.8173],[-92.4744,42.8172],[-92.4756,42.8137],[-92.4656,42.8139],[-92.4654,42.8029],[-92.4409,42.8029],[-92.441,42.8102],[-92.446,42.8102],[-92.446,42.8311],[-92.4411,42.8311],[-92.4411,42.8329],[-92.446,42.8329],[-92.446,42.8401],[-92.4361,42.8402],[-92.4362,42.8293],[-92.4267,42.8296],[-92.4269,42.8405],[-92.4315,42.8403],[-92.4318,42.8476],[-92.4272,42.8477],[-92.4272,42.8549],[-92.4075,42.8552],[-92.4074,42.8477],[-92.3974,42.8479],[-92.3972,42.8408],[-92.4147,42.8407],[-92.4147,42.8336],[-92.3918,42.8335],[-92.3919,42.8297],[-92.3969,42.8298],[-92.3967,42.8184],[-92.3918,42.8184],[-92.3916,42.8133],[-92.3863,42.8132],[-92.3862,42.8094],[-92.3812,42.8094],[-92.3811,42.8057],[-92.3761,42.8056],[-92.3761,42.802],[-92.3858,42.8021],[-92.3856,42.7949],[-92.3808,42.7948],[-92.3807,42.7912],[-92.3759,42.7911],[-92.376,42.7947],[-92.3662,42.7948],[-92.3661,42.7875],[-92.3567,42.7877],[-92.3567,42.7804],[-92.3518,42.7805],[-92.352,42.7734],[-92.3536,42.7733],[-92.3536,42.7697],[-92.3567,42.7696],[-92.3568,42.766],[-92.3371,42.7665],[-92.3363,42.7592],[-92.3273,42.7591],[-92.3274,42.7517],[-92.3213,42.7517],[-92.3213,42.7445],[-92.3225,42.7445],[-92.3225,42.7409]]]}},{"type":"Feature","properties":{"leaid":"1914340","name":"Hudson Community School District","kind":"Unified","gradeLow":"PK","gradeHigh":"12","state":"IA"},"geometry":{"type":"Polygon","coordinates":[[[-92.4954,42.4696],[-92.4171,42.4693],[-92.4171,42.4139],[-92.4062,42.4139],[-92.4064,42.4066],[-92.3967,42.4066],[-92.3967,42.4015],[-92.3969,42.3994],[-92.4065,42.3994],[-92.4066,42.3922],[-92.417,42.3921],[-92.4171,42.3849],[-92.3673,42.3849],[-92.3671,42.3265],[-92.3965,42.3263],[-92.3966,42.319],[-92.417,42.3191],[-92.4169,42.2973],[-92.4655,42.2972],[-92.4656,42.3262],[-92.4607,42.3262],[-92.4606,42.3299],[-92.4609,42.3408],[-92.4659,42.3408],[-92.4659,42.3551],[-92.4855,42.3553],[-92.4855,42.3625],[-92.4952,42.3626],[-92.4953,42.3663],[-92.5248,42.3659],[-92.5248,42.3841],[-92.5339,42.384],[-92.534,42.4422],[-92.5149,42.4428],[-92.5147,42.4497],[-92.4955,42.4506],[-92.4954,42.4696]]]}},{"type":"Feature","properties":{"leaid":"1915180","name":"Janesville Consolidated School District","kind":"Unified","gradeLow":"PK","gradeHigh":"12","state":"IA"},"geometry":{"type":"Polygon","coordinates":[[[-92.3962,42.6858],[-92.3963,42.6766],[-92.3914,42.6768],[-92.3915,42.6713],[-92.3964,42.6713],[-92.3964,42.6496],[-92.3902,42.6496],[-92.3903,42.6605],[-92.3786,42.6605],[-92.3785,42.6587],[-92.3767,42.6587],[-92.3767,42.6605],[-92.3718,42.6605],[-92.3719,42.6423],[-92.3669,42.6423],[-92.3671,42.6291],[-92.3769,42.6291],[-92.3768,42.6328],[-92.3868,42.6325],[-92.387,42.6254],[-92.377,42.6256],[-92.3771,42.6218],[-92.3867,42.6215],[-92.3867,42.6144],[-92.392,42.6142],[-92.3917,42.6106],[-92.3868,42.6107],[-92.3867,42.6033],[-92.3967,42.6032],[-92.3967,42.5995],[-92.3918,42.5996],[-92.3918,42.596],[-92.3867,42.596],[-92.3865,42.5929],[-92.377,42.5931],[-92.3769,42.6],[-92.367,42.5999],[-92.3672,42.5925],[-92.3574,42.5925],[-92.3574,42.5852],[-92.4948,42.5845],[-92.4946,42.6244],[-92.5183,42.6249],[-92.5183,42.6285],[-92.5288,42.6286],[-92.5293,42.6423],[-92.5144,42.6423],[-92.5147,42.664],[-92.5198,42.663],[-92.5196,42.664],[-92.5343,42.6641],[-92.5344,42.6714],[-92.5148,42.6714],[-92.5149,42.6784],[-92.5172,42.6786],[-92.5172,42.6823],[-92.5225,42.6824],[-92.5215,42.6781],[-92.5249,42.6787],[-92.5248,42.686],[-92.4754,42.6858],[-92.4745,42.6754],[-92.4755,42.6713],[-92.4475,42.6713],[-92.4455,42.669],[-92.4406,42.6673],[-92.4297,42.6724],[-92.4259,42.6728],[-92.4261,42.6861],[-92.3962,42.6858]]]}},{"type":"Feature","properties":{"leaid":"1912230","name":"Galva-Holstein Community School District","kind":"Unified","gradeLow":"PK","gradeHigh":"12","state":"IA"},"geometry":{"type":"Polygon","coordinates":[[[-95.3336,42.561],[-95.3328,42.5578],[-95.3481,42.5579],[-95.3481,42.5544],[-95.3432,42.5544],[-95.3433,42.547],[-95.3384,42.547],[-95.3384,42.5326],[-95.3482,42.5326],[-95.3482,42.5182],[-95.3581,42.5183],[-95.3573,42.4748],[-95.3518,42.4747],[-95.3517,42.4687],[-95.337,42.4689],[-95.3371,42.458],[-95.3419,42.4579],[-95.3421,42.4435],[-95.3617,42.4433],[-95.3617,42.4504],[-95.3665,42.4504],[-95.3666,42.4433],[-95.3715,42.4432],[-95.3714,42.4358],[-95.3422,42.436],[-95.3422,42.4145],[-95.3813,42.4142],[-95.3813,42.4213],[-95.4007,42.4216],[-95.4007,42.4139],[-95.4201,42.4138],[-95.4201,42.4211],[-95.43,42.421],[-95.4299,42.4282],[-95.4388,42.4283],[-95.4387,42.4373],[-95.4482,42.4373],[-95.4488,42.4356],[-95.4681,42.4355],[-95.468,42.4428],[-95.4875,42.4428],[-95.4876,42.4355],[-95.4976,42.4355],[-95.4976,42.4283],[-95.5171,42.4284],[-95.5171,42.4212],[-95.5321,42.4211],[-95.5321,42.4138],[-95.5368,42.4138],[-95.5368,42.4066],[-95.5272,42.4067],[-95.5272,42.4138],[-95.5171,42.4139],[-95.5171,42.3994],[-95.5367,42.3993],[-95.5367,42.3922],[-95.5549,42.3922],[-95.5547,42.3848],[-95.5597,42.3848],[-95.5597,42.3777],[-95.5645,42.3777],[-95.5647,42.3922],[-95.6037,42.3921],[-95.6038,42.3957],[-95.6135,42.3957],[-95.6139,42.4065],[-95.6238,42.4066],[-95.6239,42.4102],[-95.6335,42.4101],[-95.6336,42.4282],[-95.6265,42.4283],[-95.6265,42.4428],[-95.6338,42.4428],[-95.6337,42.4501],[-95.624,42.4501],[-95.624,42.4617],[-95.614,42.4617],[-95.614,42.4748],[-95.624,42.4753],[-95.6237,42.4963],[-95.6186,42.4964],[-95.6185,42.5036],[-95.6136,42.5037],[-95.6137,42.511],[-95.6186,42.5109],[-95.6186,42.5145],[-95.6235,42.5146],[-95.6235,42.5181],[-95.6428,42.5182],[-95.643,42.5038],[-95.6822,42.5039],[-95.682,42.511],[-95.6863,42.511],[-95.6918,42.511],[-95.6919,42.5074],[-95.6872,42.5074],[-95.6874,42.5038],[-95.7018,42.5039],[-95.7015,42.5182],[-95.6917,42.5182],[-95.6916,42.5327],[-95.6623,42.5327],[-95.6625,42.5396],[-95.672,42.5397],[-95.6722,42.5471],[-95.6526,42.5471],[-95.6526,42.54],[-95.6428,42.54],[-95.6429,42.5471],[-95.633,42.5472],[-95.633,42.5616],[-95.5945,42.5618],[-95.5941,42.5763],[-95.5844,42.5763],[-95.5843,42.5835],[-95.5452,42.5835],[-95.5453,42.5907],[-95.5059,42.5909],[-95.506,42.5837],[-95.4764,42.5836],[-95.4762,42.5764],[-95.4714,42.5763],[-95.4714,42.5691],[-95.4468,42.569],[-95.4468,42.5763],[-95.4517,42.5763],[-95.4518,42.5836],[-95.4567,42.5836],[-95.4569,42.5908],[-95.4373,42.5908],[-95.4373,42.5981],[-95.4323,42.598],[-95.4323,42.5944],[-95.4274,42.5944],[-95.4274,42.6126],[-95.4177,42.6126],[-95.4177,42.6161],[-95.4079,42.6162],[-95.4079,42.6053],[-95.4128,42.6053],[-95.4127,42.5981],[-95.4029,42.598],[-95.403,42.6126],[-95.398,42.6127],[-95.398,42.5908],[-95.378,42.5907],[-95.378,42.5762],[-95.388,42.5764],[-95.388,42.569],[-95.3531,42.5685],[-95.3531,42.5612],[-95.3499,42.5612],[-95.3499,42.5593],[-95.3481,42.5593],[-95.3481,42.5647],[-95.3383,42.5647],[-95.3383,42.5611],[-95.3336,42.561]]]}},{"type":"Feature","properties":{"leaid":"1925380","name":"Schaller-Crestland Community School District","kind":"Unified","gradeLow":"PK","gradeHigh":"12","state":"IA"},"geometry":{"type":"Polygon","coordinates":[[[-95.2795,42.5717],[-95.2795,42.5608],[-95.2697,42.5609],[-95.2697,42.5544],[-95.151,42.5547],[-95.151,42.561],[-95.0327,42.561],[-95.0327,42.5472],[-95.0228,42.5471],[-95.0225,42.5254],[-95.0128,42.5253],[-95.0128,42.5219],[-95.003,42.5218],[-95.003,42.5253],[-94.9932,42.5252],[-94.9931,42.5107],[-95.0127,42.5108],[-95.0127,42.5181],[-95.0224,42.5181],[-95.0223,42.4963],[-95.0267,42.4962],[-95.0266,42.489],[-95.0223,42.489],[-95.0221,42.4817],[-95.0327,42.4817],[-95.0328,42.4743],[-95.0773,42.4744],[-95.0773,42.4756],[-95.0783,42.4744],[-95.0848,42.4744],[-95.0849,42.47],[-95.0806,42.47],[-95.0809,42.4657],[-95.0892,42.4656],[-95.0893,42.4584],[-95.0808,42.4585],[-95.0807,42.455],[-95.0893,42.4548],[-95.0894,42.3858],[-95.1188,42.3859],[-95.1188,42.3803],[-95.1237,42.3803],[-95.1238,42.3767],[-95.1189,42.3767],[-95.119,42.373],[-95.1288,42.3731],[-95.1288,42.3695],[-95.1434,42.3695],[-95.1435,42.3659],[-95.1483,42.3659],[-95.1483,42.3695],[-95.1678,42.3697],[-95.1677,42.3769],[-95.1775,42.377],[-95.1774,42.3806],[-95.1872,42.3806],[-95.1871,42.3857],[-95.2057,42.3855],[-95.2058,42.4],[-95.2155,42.4001],[-95.2155,42.4072],[-95.2251,42.4072],[-95.2251,42.4056],[-95.235,42.4056],[-95.235,42.411],[-95.24,42.411],[-95.24,42.4147],[-95.2351,42.4146],[-95.2351,42.4182],[-95.2302,42.4182],[-95.2302,42.4218],[-95.2351,42.4219],[-95.2352,42.4291],[-95.245,42.4291],[-95.245,42.4217],[-95.2547,42.4219],[-95.2547,42.4148],[-95.2741,42.4147],[-95.2741,42.4292],[-95.2838,42.4292],[-95.2838,42.4221],[-95.2886,42.4219],[-95.2885,42.4149],[-95.3032,42.4146],[-95.3032,42.4218],[-95.2936,42.4219],[-95.2935,42.4291],[-95.3033,42.4291],[-95.3032,42.4237],[-95.313,42.4238],[-95.3128,42.4146],[-95.3226,42.4146],[-95.3225,42.4214],[-95.3421,42.4214],[-95.3422,42.436],[-95.3714,42.4358],[-95.3715,42.4432],[-95.3666,42.4433],[-95.3665,42.4504],[-95.3617,42.4504],[-95.3617,42.4433],[-95.3421,42.4435],[-95.3419,42.4579],[-95.3371,42.458],[-95.337,42.4689],[-95.3517,42.4687],[-95.3518,42.4747],[-95.3573,42.4748],[-95.3581,42.5183],[-95.3482,42.5182],[-95.3482,42.5326],[-95.3384,42.5326],[-95.3384,42.547],[-95.3433,42.547],[-95.3432,42.5544],[-95.3481,42.5544],[-95.3481,42.5579],[-95.3328,42.5578],[-95.3336,42.561],[-95.3089,42.5608],[-95.309,42.5754],[-95.2993,42.5754],[-95.2992,42.5681],[-95.2943,42.5682],[-95.2943,42.5754],[-95.2893,42.5754],[-95.2893,42.5717],[-95.2795,42.5717]]]}},{"type":"Feature","properties":{"leaid":"1925410","name":"Schleswig Community School District","kind":"Unified","gradeLow":"PK","gradeHigh":"12","state":"IA"},"geometry":{"type":"Polygon","coordinates":[[[-95.3621,42.2326],[-95.3624,42.1968],[-95.3722,42.1968],[-95.3723,42.1896],[-95.3528,42.1895],[-95.3528,42.1823],[-95.3479,42.1822],[-95.3479,42.175],[-95.343,42.175],[-95.343,42.1714],[-95.3236,42.1714],[-95.3236,42.1678],[-95.3333,42.1678],[-95.3333,42.1642],[-95.3381,42.1642],[-95.3382,42.1606],[-95.343,42.1606],[-95.343,42.1642],[-95.3479,42.1642],[-95.3479,42.1569],[-95.3527,42.1569],[-95.3528,42.1461],[-95.3432,42.1461],[-95.3431,42.1498],[-95.3285,42.1498],[-95.3285,42.1462],[-95.3237,42.1462],[-95.3239,42.1282],[-95.3287,42.1282],[-95.3287,42.1318],[-95.3335,42.1318],[-95.3335,42.1246],[-95.3529,42.1245],[-95.3528,42.139],[-95.3626,42.1389],[-95.3623,42.1054],[-95.3666,42.1054],[-95.3683,42.109],[-95.3719,42.109],[-95.3719,42.1058],[-95.3816,42.1056],[-95.3814,42.1019],[-95.3864,42.1019],[-95.3866,42.1091],[-95.4008,42.1091],[-95.4009,42.1018],[-95.4202,42.102],[-95.4203,42.1091],[-95.4301,42.1092],[-95.4299,42.1021],[-95.4347,42.1022],[-95.4347,42.0986],[-95.4398,42.0987],[-95.4399,42.0878],[-95.4496,42.0879],[-95.4496,42.0916],[-95.4594,42.0917],[-95.4594,42.0953],[-95.4985,42.0953],[-95.4982,42.1099],[-95.5028,42.1099],[-95.5028,42.1135],[-95.5053,42.1135],[-95.5052,42.117],[-95.5027,42.117],[-95.5027,42.1206],[-95.5076,42.1206],[-95.5076,42.1171],[-95.515,42.1171],[-95.5147,42.1207],[-95.5174,42.1208],[-95.5173,42.1241],[-95.5269,42.1241],[-95.527,42.1314],[-95.5319,42.1314],[-95.5319,42.135],[-95.5368,42.1351],[-95.5367,42.1241],[-95.6135,42.1245],[-95.6137,42.1317],[-95.6233,42.1317],[-95.6234,42.139],[-95.6427,42.1389],[-95.6427,42.1244],[-95.6621,42.1245],[-95.6622,42.1462],[-95.6709,42.1462],[-95.6707,42.1751],[-95.6526,42.1751],[-95.6527,42.2113],[-95.643,42.2113],[-95.6427,42.204],[-95.6333,42.204],[-95.6333,42.2112],[-95.6219,42.2112],[-95.6137,42.2111],[-95.6138,42.204],[-95.6089,42.204],[-95.6088,42.2111],[-95.6038,42.2111],[-95.604,42.2039],[-95.5991,42.2039],[-95.5992,42.1968],[-95.5894,42.1968],[-95.5892,42.211],[-95.565,42.2109],[-95.565,42.2038],[-95.5553,42.2037],[-95.5554,42.2109],[-95.546,42.2109],[-95.5461,42.2399],[-95.5271,42.24],[-95.5271,42.2326],[-95.5368,42.2327],[-95.5367,42.2254],[-95.5174,42.2254],[-95.5173,42.2399],[-95.5027,42.2399],[-95.5027,42.2326],[-95.4978,42.2326],[-95.4978,42.2289],[-95.5076,42.2289],[-95.5076,42.2326],[-95.5125,42.2327],[-95.5125,42.2253],[-95.488,42.2253],[-95.4878,42.2343],[-95.4784,42.2343],[-95.4784,42.2326],[-95.4685,42.2325],[-95.4686,42.2253],[-95.4492,42.2253],[-95.4491,42.2361],[-95.4589,42.2361],[-95.4589,42.2397],[-95.4491,42.2397],[-95.449,42.2469],[-95.4394,42.2469],[-95.4394,42.2542],[-95.4345,42.2542],[-95.4345,42.2614],[-95.4205,42.2612],[-95.4205,42.2252],[-95.4107,42.2252],[-95.4107,42.2324],[-95.4057,42.2324],[-95.4059,42.2468],[-95.3912,42.2469],[-95.3912,42.2324],[-95.3621,42.2326]]]}},{"type":"Feature","properties":{"leaid":"1913350","name":"Clayton Ridge Community School District","kind":"Unified","gradeLow":"PK","gradeHigh":"12","state":"IA"},"geometry":{"type":"Polygon","coordinates":[[[-91.1439,42.9207],[-91.1462,42.9099],[-91.1435,42.9047],[-91.138,42.9038],[-91.1174,42.8958],[-91.1006,42.8831],[-91.0982,42.8758],[-91.0988,42.8644],[-91.0977,42.8599],[-91.0914,42.8499],[-91.0951,42.835],[-91.0941,42.8308],[-91.0901,42.8292],[-91.0828,42.83],[-91.0787,42.8277],[-91.0793,42.8203],[-91.0781,42.8065],[-91.0708,42.7822],[-91.0695,42.7696],[-91.0603,42.7618],[-91.0614,42.758],[-91.0655,42.7571],[-91.0658,42.7534],[-91.0647,42.7509],[-91.0602,42.7505],[-91.0563,42.7473],[-91.0537,42.7382],[-91.05,42.7369],[-91.0441,42.7386],[-91.0354,42.7373],[-91.032,42.7345],[-91.0297,42.7268],[-91.0268,42.7242],[-91.0172,42.7196],[-91.0096,42.7201],[-90.9955,42.7137],[-90.9888,42.7087],[-90.9806,42.6989],[-90.9763,42.696],[-90.965,42.6932],[-90.9524,42.6868],[-90.9416,42.6838],[-90.9324,42.6837],[-90.9212,42.6854],[-90.897,42.6751],[-90.8974,42.6457],[-90.9365,42.646],[-90.9366,42.6531],[-90.9564,42.6533],[-90.9564,42.6606],[-90.9956,42.661],[-91.0149,42.661],[-91.0149,42.6463],[-91.1328,42.6458],[-91.1328,42.6893],[-91.1521,42.6887],[-91.1518,42.7104],[-91.1915,42.711],[-91.1915,42.7181],[-91.2505,42.7179],[-91.2504,42.7325],[-91.2394,42.733],[-91.241,42.7368],[-91.241,42.741],[-91.245,42.7453],[-91.2494,42.7474],[-91.2602,42.7468],[-91.26,42.754],[-91.2656,42.7541],[-91.2648,42.7579],[-91.2674,42.7579],[-91.2749,42.7613],[-91.2749,42.7661],[-91.2838,42.7666],[-91.2844,42.7681],[-91.2827,42.7728],[-91.2891,42.7714],[-91.2928,42.7722],[-91.2958,42.7768],[-91.2957,42.7801],[-91.307,42.7777],[-91.312,42.7791],[-91.3151,42.7853],[-91.3083,42.7893],[-91.3065,42.7927],[-91.317,42.7891],[-91.3216,42.7901],[-91.3264,42.8002],[-91.323,42.8005],[-91.3201,42.7963],[-91.3182,42.7997],[-91.3232,42.8044],[-91.3324,42.7998],[-91.3395,42.8025],[-91.3397,42.8045],[-91.3331,42.8088],[-91.3345,42.8125],[-91.3288,42.8125],[-91.3288,42.8197],[-91.3141,42.8194],[-91.3141,42.8268],[-91.3091,42.8268],[-91.3093,42.845],[-91.2994,42.845],[-91.2995,42.8594],[-91.3044,42.8595],[-91.3044,42.8559],[-91.3093,42.8559],[-91.3092,42.8523],[-91.3143,42.8523],[-91.3142,42.845],[-91.3193,42.845],[-91.3192,42.8468],[-91.3242,42.8468],[-91.3242,42.845],[-91.3269,42.8449],[-91.327,42.8486],[-91.3293,42.8486],[-91.3294,42.8522],[-91.3243,42.8522],[-91.3244,42.8631],[-91.3372,42.8629],[-91.3367,42.8737],[-91.3391,42.8736],[-91.3391,42.8754],[-91.3415,42.8754],[-91.3415,42.8772],[-91.3294,42.8774],[-91.3294,42.881],[-91.3343,42.8809],[-91.3343,42.8881],[-91.3293,42.8883],[-91.3293,42.8892],[-91.3296,42.9137],[-91.3346,42.9137],[-91.3345,42.921],[-91.3296,42.921],[-91.3294,42.9319],[-91.3343,42.9319],[-91.3341,42.9574],[-91.3191,42.9575],[-91.3192,42.9647],[-91.2899,42.9648],[-91.2897,42.972],[-91.2774,42.9726],[-91.2751,42.972],[-91.2751,42.9646],[-91.2506,42.9645],[-91.2502,42.9501],[-91.201,42.95],[-91.201,42.9429],[-91.1862,42.9426],[-91.1862,42.939],[-91.1811,42.9389],[-91.1811,42.9354],[-91.1912,42.9356],[-91.1911,42.9247],[-91.1811,42.9245],[-91.1811,42.9282],[-91.1673,42.928],[-91.1628,42.9207],[-91.1439,42.9207]]]}},{"type":"Feature","properties":{"leaid":"1905940","name":"CAM Community School District","kind":"Unified","gradeLow":"PK","gradeHigh":"12","state":"IA"},"geometry":{"type":"Polygon","coordinates":[[[-94.7198,41.5475],[-94.7007,41.5474],[-94.7007,41.5438],[-94.7054,41.5438],[-94.7054,41.5401],[-94.7007,41.5402],[-94.7007,41.533],[-94.7149,41.533],[-94.7149,41.5258],[-94.7102,41.5258],[-94.7103,41.5186],[-94.7007,41.5185],[-94.7006,41.5007],[-94.6911,41.5006],[-94.6911,41.497],[-94.6817,41.497],[-94.6817,41.4896],[-94.7005,41.4897],[-94.7006,41.4825],[-94.6913,41.4825],[-94.6912,41.4752],[-94.6865,41.4752],[-94.6864,41.4681],[-94.6958,41.4681],[-94.6959,41.4608],[-94.6625,41.4607],[-94.6626,41.4533],[-94.6727,41.4534],[-94.6727,41.4392],[-94.6769,41.4392],[-94.6769,41.4319],[-94.6818,41.4319],[-94.6819,41.4184],[-94.6819,41.4175],[-94.6627,41.4174],[-94.6618,41.3635],[-94.6714,41.3635],[-94.6713,41.3455],[-94.7002,41.3455],[-94.7004,41.1582],[-94.8532,41.1585],[-94.8531,41.1528],[-94.8723,41.1521],[-94.8724,41.1584],[-94.9107,41.1586],[-94.9107,41.1657],[-94.9203,41.1657],[-94.9203,41.1621],[-94.9275,41.1622],[-94.9273,41.1947],[-94.9465,41.1947],[-94.9465,41.1994],[-94.9445,41.1994],[-94.9447,41.2021],[-94.9465,41.2021],[-94.9464,41.2092],[-94.9368,41.2091],[-94.9368,41.2128],[-94.932,41.2128],[-94.932,41.2164],[-94.9368,41.2164],[-94.9367,41.2309],[-94.932,41.2308],[-94.9319,41.2345],[-94.9368,41.2345],[-94.9369,41.2381],[-94.9396,41.2382],[-94.9396,41.2345],[-94.9462,41.2345],[-94.9463,41.2381],[-94.9511,41.2381],[-94.9511,41.2417],[-94.9559,41.2417],[-94.9558,41.259],[-94.9271,41.2589],[-94.9268,41.3312],[-94.8729,41.3311],[-94.8728,41.3383],[-94.8632,41.3384],[-94.863,41.3603],[-94.892,41.3602],[-94.8918,41.4072],[-94.8821,41.4073],[-94.8827,41.4286],[-94.8923,41.4286],[-94.8923,41.4395],[-94.8825,41.4394],[-94.8826,41.4466],[-94.873,41.4466],[-94.8735,41.501],[-94.8687,41.501],[-94.8687,41.5046],[-94.7773,41.5043],[-94.7771,41.533],[-94.7633,41.5331],[-94.7632,41.5367],[-94.7581,41.5369],[-94.7581,41.5331],[-94.7391,41.5331],[-94.739,41.5368],[-94.7294,41.537],[-94.7294,41.5402],[-94.7245,41.5403],[-94.7246,41.5439],[-94.7198,41.5439],[-94.7198,41.5475]]]}},{"type":"Feature","properties":{"leaid":"1903630","name":"Andrew Community School District","kind":"Unified","gradeLow":"PK","gradeHigh":"12","state":"IA"},"geometry":{"type":"MultiPolygon","coordinates":[[[[-90.5203,42.0987],[-90.5131,42.0976],[-90.5105,42.0937],[-90.5105,42.0874],[-90.5153,42.0874],[-90.5152,42.091],[-90.52,42.091],[-90.5203,42.0987]]],[[[-90.5203,42.0987],[-90.5231,42.0978],[-90.5314,42.0998],[-90.5368,42.0954],[-90.5408,42.0946],[-90.5445,42.0962],[-90.5468,42.1012],[-90.5501,42.1017],[-90.5527,42.1006],[-90.555,42.0959],[-90.5674,42.0938],[-90.5675,42.0906],[-90.5702,42.0869],[-90.5747,42.0868],[-90.5834,42.0836],[-90.5895,42.0863],[-90.5917,42.0795],[-90.5952,42.0783],[-90.5974,42.0808],[-90.6026,42.0794],[-90.607,42.0808],[-90.6105,42.0801],[-90.6176,42.0834],[-90.623,42.0809],[-90.6293,42.0818],[-90.6322,42.0837],[-90.6279,42.0874],[-90.6274,42.0909],[-90.6371,42.0909],[-90.6371,42.0884],[-90.64,42.0893],[-90.6492,42.0853],[-90.6524,42.0873],[-90.6559,42.0862],[-90.6574,42.0885],[-90.6601,42.0892],[-90.6639,42.0892],[-90.6656,42.087],[-90.6656,42.1021],[-90.6704,42.1021],[-90.6706,42.1128],[-90.6658,42.1129],[-90.6613,42.117],[-90.6607,42.1204],[-90.6521,42.1204],[-90.6519,42.1216],[-90.6486,42.1216],[-90.6486,42.1242],[-90.6507,42.125],[-90.6479,42.1264],[-90.6467,42.1311],[-90.6469,42.1351],[-90.6518,42.1351],[-90.6518,42.1413],[-90.6614,42.1423],[-90.6614,42.1459],[-90.6658,42.1461],[-90.6655,42.1785],[-90.6804,42.1788],[-90.6804,42.186],[-90.6952,42.1861],[-90.6953,42.1898],[-90.7002,42.1898],[-90.7001,42.1934],[-90.7101,42.1935],[-90.7101,42.1898],[-90.7149,42.1898],[-90.7149,42.1862],[-90.71,42.1862],[-90.71,42.1819],[-90.7198,42.182],[-90.7221,42.1791],[-90.722,42.1753],[-90.7246,42.1753],[-90.7246,42.1772],[-90.7262,42.1773],[-90.7271,42.1755],[-90.7295,42.1754],[-90.7299,42.1829],[-90.7442,42.1828],[-90.7437,42.2221],[-90.6652,42.2223],[-90.6655,42.3021],[-90.6468,42.302],[-90.6467,42.2878],[-90.6087,42.2874],[-90.621,42.2945],[-90.618,42.2966],[-90.6175,42.2984],[-90.6077,42.2985],[-90.6078,42.3092],[-90.6126,42.3092],[-90.6127,42.3129],[-90.603,42.3128],[-90.603,42.3166],[-90.5883,42.3164],[-90.5882,42.3238],[-90.5691,42.3237],[-90.5692,42.3164],[-90.5591,42.3165],[-90.5591,42.32],[-90.554,42.3202],[-90.5541,42.3125],[-90.5577,42.3124],[-90.5576,42.3091],[-90.5691,42.3093],[-90.5615,42.3016],[-90.561,42.297],[-90.5629,42.2965],[-90.5624,42.2947],[-90.5788,42.2947],[-90.5794,42.2584],[-90.5707,42.2585],[-90.5706,42.2512],[-90.5791,42.2511],[-90.5791,42.2439],[-90.5889,42.2439],[-90.5889,42.2366],[-90.579,42.2366],[-90.5787,42.2294],[-90.5932,42.2294],[-90.5931,42.2148],[-90.559,42.2148],[-90.559,42.2074],[-90.5402,42.2074],[-90.5402,42.2003],[-90.5355,42.2003],[-90.5355,42.1967],[-90.5402,42.1967],[-90.5401,42.1858],[-90.5305,42.1859],[-90.53,42.1751],[-90.5204,42.1751],[-90.5203,42.164],[-90.5109,42.164],[-90.5107,42.135],[-90.5013,42.135],[-90.5013,42.1312],[-90.5062,42.1313],[-90.5062,42.1277],[-90.5161,42.1278],[-90.5196,42.1263],[-90.5108,42.1199],[-90.5108,42.1144],[-90.512,42.111],[-90.5158,42.1096],[-90.5152,42.1058],[-90.5203,42.0987]]]]}},{"type":"Feature","properties":{"leaid":"1908910","name":"Denison Community School District","kind":"Unified","gradeLow":"PK","gradeHigh":"12","state":"IA"},"geometry":{"type":"MultiPolygon","coordinates":[[[[-95.4064,41.9508],[-95.4084,41.9507],[-95.4093,41.9507],[-95.4075,41.9524],[-95.4064,41.9508]]],[[[-95.4064,41.9508],[-95.4015,41.9508],[-95.4014,41.9577],[-95.4111,41.9579],[-95.411,41.9615],[-95.4158,41.9614],[-95.4158,41.965],[-95.4014,41.9652],[-95.4014,41.9688],[-95.4206,41.9685],[-95.4206,41.9649],[-95.4404,41.9647],[-95.4403,41.9791],[-95.4693,41.9791],[-95.4694,42.001],[-95.4888,42.0011],[-95.4888,42.0083],[-95.4985,42.0083],[-95.4984,42.012],[-95.4935,42.012],[-95.4935,42.0156],[-95.4887,42.0156],[-95.4886,42.0228],[-95.5079,42.0229],[-95.508,42.0157],[-95.5178,42.0155],[-95.5176,42.0372],[-95.4788,42.0372],[-95.4788,42.0444],[-95.4885,42.0444],[-95.4886,42.0517],[-95.4789,42.0518],[-95.4788,42.0627],[-95.474,42.0627],[-95.474,42.059],[-95.4691,42.059],[-95.4691,42.0626],[-95.4643,42.0626],[-95.4643,42.0663],[-95.4789,42.0663],[-95.479,42.0955],[-95.4594,42.0953],[-95.4594,42.0917],[-95.4496,42.0916],[-95.4496,42.0879],[-95.4399,42.0878],[-95.4398,42.0987],[-95.4347,42.0986],[-95.4347,42.1022],[-95.4299,42.1021],[-95.4301,42.1092],[-95.4203,42.1091],[-95.4202,42.102],[-95.4009,42.1018],[-95.4008,42.1091],[-95.3866,42.1091],[-95.3864,42.1019],[-95.3814,42.1019],[-95.3816,42.1056],[-95.3719,42.1058],[-95.3719,42.109],[-95.3683,42.109],[-95.3666,42.1054],[-95.3623,42.1054],[-95.3626,42.1389],[-95.3528,42.139],[-95.3529,42.1245],[-95.3335,42.1246],[-95.3335,42.1318],[-95.3287,42.1318],[-95.3287,42.1282],[-95.3239,42.1282],[-95.3237,42.1462],[-95.3285,42.1462],[-95.3285,42.1498],[-95.3431,42.1498],[-95.3432,42.1461],[-95.3528,42.1461],[-95.3527,42.1569],[-95.3479,42.1569],[-95.3479,42.1642],[-95.343,42.1642],[-95.343,42.1606],[-95.3382,42.1606],[-95.3381,42.1642],[-95.3333,42.1642],[-95.3333,42.1678],[-95.3236,42.1678],[-95.3236,42.1714],[-95.343,42.1714],[-95.343,42.175],[-95.3479,42.175],[-95.3479,42.1822],[-95.3528,42.1823],[-95.3528,42.1895],[-95.3723,42.1896],[-95.3722,42.1968],[-95.3624,42.1968],[-95.3621,42.2326],[-95.3524,42.2326],[-95.3524,42.2252],[-95.3379,42.2253],[-95.3378,42.2324],[-95.3282,42.2325],[-95.3282,42.2289],[-95.333,42.2289],[-95.3331,42.2253],[-95.333,42.2148],[-95.3282,42.2147],[-95.3282,42.2109],[-95.2653,42.2108],[-95.2652,42.2038],[-95.2507,42.2036],[-95.2507,42.2],[-95.2459,42.2],[-95.246,42.1892],[-95.2652,42.1893],[-95.2652,42.1965],[-95.2751,42.1965],[-95.2752,42.1676],[-95.2811,42.1676],[-95.2811,42.1619],[-95.2761,42.1621],[-95.275,42.1604],[-95.2653,42.1604],[-95.2656,42.1487],[-95.2751,42.1496],[-95.2752,42.1406],[-95.2848,42.1407],[-95.2852,42.1243],[-95.28,42.1243],[-95.28,42.1196],[-95.2847,42.1195],[-95.2845,42.1159],[-95.28,42.1158],[-95.28,42.1124],[-95.2751,42.1124],[-95.2752,42.1159],[-95.2656,42.1159],[-95.2655,42.109],[-95.2751,42.1087],[-95.2751,42.1015],[-95.28,42.1015],[-95.28,42.098],[-95.2848,42.098],[-95.2849,42.0944],[-95.2655,42.0942],[-95.2655,42.0906],[-95.28,42.0908],[-95.2799,42.0836],[-95.2896,42.0836],[-95.2896,42.0871],[-95.2992,42.0871],[-95.2993,42.0801],[-95.2966,42.0799],[-95.2751,42.0799],[-95.2751,42.0871],[-95.2703,42.0871],[-95.2703,42.0763],[-95.2751,42.0763],[-95.2752,42.0727],[-95.2945,42.0728],[-95.2946,42.0691],[-95.2994,42.0691],[-95.2994,42.0655],[-95.2946,42.0656],[-95.2946,42.0584],[-95.2802,42.0583],[-95.2802,42.0511],[-95.2753,42.0511],[-95.2754,42.0439],[-95.2802,42.044],[-95.2802,42.0367],[-95.2707,42.0366],[-95.2707,42.0403],[-95.2657,42.0403],[-95.2657,42.0367],[-95.261,42.0367],[-95.261,42.031],[-95.2515,42.031],[-95.2517,42.0273],[-95.2471,42.0274],[-95.2469,42.0237],[-95.242,42.0237],[-95.2421,42.0202],[-95.2325,42.0201],[-95.2326,42.0093],[-95.2374,42.0093],[-95.2374,41.9948],[-95.2471,41.9949],[-95.2471,42.002],[-95.2567,42.0021],[-95.2567,41.9948],[-95.2664,41.9949],[-95.2664,41.9914],[-95.2518,41.9912],[-95.2519,41.9804],[-95.2567,41.9804],[-95.2568,41.9769],[-95.2616,41.9769],[-95.2616,41.9733],[-95.2568,41.9733],[-95.2568,41.9696],[-95.2519,41.9696],[-95.252,41.966],[-95.2568,41.9661],[-95.2568,41.9589],[-95.2471,41.9588],[-95.2471,41.9516],[-95.2664,41.9517],[-95.2669,41.9365],[-95.2765,41.9365],[-95.2765,41.9292],[-95.2958,41.9293],[-95.2958,41.9257],[-95.291,41.9257],[-95.2909,41.9221],[-95.3055,41.9221],[-95.3055,41.9294],[-95.3103,41.9294],[-95.3103,41.9221],[-95.3199,41.922],[-95.3199,41.9295],[-95.3246,41.9294],[-95.3245,41.9365],[-95.3342,41.9365],[-95.3343,41.9293],[-95.3294,41.9293],[-95.3294,41.9257],[-95.3344,41.9259],[-95.3344,41.9221],[-95.3245,41.922],[-95.3246,41.9183],[-95.3344,41.9184],[-95.3344,41.9077],[-95.3295,41.9076],[-95.3295,41.9004],[-95.3246,41.9004],[-95.3249,41.8679],[-95.3346,41.8678],[-95.3345,41.8642],[-95.3587,41.864],[-95.3587,41.8712],[-95.349,41.8714],[-95.349,41.875],[-95.3442,41.8751],[-95.3442,41.8786],[-95.3539,41.8784],[-95.354,41.893],[-95.3637,41.8929],[-95.3636,41.8857],[-95.3684,41.8856],[-95.3685,41.8928],[-95.3733,41.8927],[-95.3734,41.8964],[-95.3782,41.8963],[-95.3779,41.8781],[-95.3731,41.8782],[-95.3732,41.8674],[-95.383,41.8673],[-95.3829,41.8854],[-95.4022,41.8851],[-95.4021,41.8778],[-95.4118,41.8776],[-95.4118,41.8814],[-95.4166,41.8814],[-95.4166,41.8886],[-95.4213,41.8885],[-95.4214,41.8956],[-95.4311,41.8959],[-95.4311,41.9066],[-95.4216,41.9066],[-95.4215,41.9173],[-95.4167,41.9175],[-95.4167,41.9211],[-95.4072,41.9212],[-95.4071,41.9285],[-95.4023,41.9286],[-95.4023,41.9358],[-95.407,41.9357],[-95.407,41.9321],[-95.4118,41.932],[-95.4117,41.9356],[-95.4262,41.9356],[-95.4259,41.9429],[-95.4308,41.9429],[-95.4305,41.9503],[-95.416,41.9505],[-95.4163,41.9431],[-95.4115,41.9432],[-95.4113,41.9469],[-95.4065,41.947],[-95.4064,41.9508]]]]}},{"type":"Feature","properties":{"leaid":"1907860","name":"College Community School District","kind":"Unified","gradeLow":"PK","gradeHigh":"12","state":"IA"},"geometry":{"type":"Polygon","coordinates":[[[-91.5657,41.9538],[-91.5628,41.9472],[-91.5612,41.9356],[-91.5525,41.9315],[-91.5498,41.9225],[-91.5498,41.9185],[-91.5595,41.9186],[-91.5597,41.8434],[-91.5978,41.8439],[-91.5977,41.8221],[-91.6121,41.8221],[-91.6121,41.8257],[-91.6318,41.8257],[-91.6318,41.8185],[-91.6269,41.8185],[-91.6269,41.8113],[-91.6331,41.8113],[-91.6332,41.8098],[-91.638,41.8114],[-91.6516,41.8066],[-91.661,41.8065],[-91.6626,41.8051],[-91.6616,41.8014],[-91.6677,41.8015],[-91.6686,41.7978],[-91.6708,41.7966],[-91.6724,41.797],[-91.6726,41.7998],[-91.6769,41.7975],[-91.6806,41.8001],[-91.685,41.8003],[-91.6887,41.7973],[-91.6967,41.7975],[-91.7011,41.793],[-91.7044,41.7934],[-91.7079,41.7919],[-91.7128,41.7925],[-91.7181,41.7898],[-91.7216,41.7902],[-91.7233,41.7924],[-91.725,41.7896],[-91.7284,41.7909],[-91.7294,41.7882],[-91.7324,41.7882],[-91.7338,41.7862],[-91.739,41.7885],[-91.7423,41.7865],[-91.7425,41.7828],[-91.7442,41.7816],[-91.7483,41.7813],[-91.7487,41.7833],[-91.7566,41.7854],[-91.761,41.7844],[-91.7647,41.7856],[-91.7692,41.785],[-91.7722,41.7865],[-91.771,41.7884],[-91.7716,41.7899],[-91.7781,41.7888],[-91.786,41.7929],[-91.7899,41.7922],[-91.7912,41.7895],[-91.7965,41.7893],[-91.798,41.7907],[-91.7978,41.7934],[-91.8059,41.7964],[-91.8166,41.7959],[-91.8204,41.7915],[-91.8193,41.7933],[-91.8218,41.7947],[-91.8222,41.8074],[-91.8249,41.8111],[-91.825,41.8182],[-91.8222,41.8182],[-91.8221,41.8255],[-91.8312,41.8255],[-91.8315,41.8691],[-91.8412,41.869],[-91.8414,41.8835],[-91.8316,41.8835],[-91.8333,41.9494],[-91.7571,41.9495],[-91.7409,41.9454],[-91.7332,41.9493],[-91.7258,41.9494],[-91.7258,41.942],[-91.7233,41.942],[-91.7232,41.9442],[-91.7188,41.9442],[-91.7182,41.9419],[-91.7159,41.942],[-91.7161,41.9492],[-91.6672,41.9487],[-91.6667,41.9412],[-91.6601,41.9421],[-91.6596,41.9411],[-91.657,41.9415],[-91.6572,41.9486],[-91.6367,41.9482],[-91.633,41.9442],[-91.6117,41.9445],[-91.5968,41.9552],[-91.5868,41.9597],[-91.5805,41.964],[-91.5736,41.9611],[-91.5657,41.9538]]]}},{"type":"Feature","properties":{"leaid":"1914700","name":"Iowa City Community School District","kind":"Unified","gradeLow":"PK","gradeHigh":"12","state":"IA"},"geometry":{"type":"Polygon","coordinates":[[[-91.4634,41.7347],[-91.4632,41.6855],[-91.4816,41.685],[-91.463,41.6782],[-91.463,41.6674],[-91.4534,41.6674],[-91.4536,41.6493],[-91.4489,41.6493],[-91.449,41.642],[-91.4249,41.642],[-91.4249,41.6493],[-91.4153,41.6493],[-91.4152,41.6348],[-91.4249,41.6348],[-91.4248,41.6312],[-91.4297,41.6312],[-91.4297,41.6275],[-91.4056,41.6275],[-91.4049,41.5986],[-91.4258,41.5986],[-91.4258,41.5948],[-91.431,41.5948],[-91.4356,41.5948],[-91.4356,41.5985],[-91.4536,41.5985],[-91.4536,41.6061],[-91.444,41.6059],[-91.4441,41.613],[-91.4375,41.613],[-91.4374,41.6058],[-91.4343,41.6057],[-91.4346,41.6179],[-91.4538,41.6254],[-91.4537,41.613],[-91.4634,41.6131],[-91.4633,41.607],[-91.4596,41.6069],[-91.4591,41.6058],[-91.473,41.6059],[-91.4728,41.5985],[-91.5268,41.5986],[-91.5294,41.593],[-91.5244,41.5909],[-91.522,41.5875],[-91.5238,41.5859],[-91.529,41.5871],[-91.5306,41.5858],[-91.5306,41.5831],[-91.5274,41.5802],[-91.5304,41.5765],[-91.5255,41.5737],[-91.524,41.5709],[-91.5249,41.5687],[-91.529,41.5663],[-91.5246,41.5635],[-91.525,41.5595],[-91.5204,41.5577],[-91.5151,41.5488],[-91.5157,41.5446],[-91.5193,41.5404],[-91.523,41.5398],[-91.5986,41.5398],[-91.5984,41.5688],[-91.6128,41.5689],[-91.6128,41.5616],[-91.6032,41.5615],[-91.6034,41.5507],[-91.6153,41.5507],[-91.6178,41.5497],[-91.6178,41.5544],[-91.6322,41.5544],[-91.6321,41.558],[-91.6369,41.558],[-91.6368,41.5616],[-91.6417,41.5617],[-91.6414,41.569],[-91.6512,41.5691],[-91.6513,41.5618],[-91.6562,41.5619],[-91.6562,41.5582],[-91.6613,41.5582],[-91.6612,41.5618],[-91.6722,41.5618],[-91.6721,41.569],[-91.6659,41.5691],[-91.666,41.5675],[-91.664,41.5673],[-91.6596,41.5692],[-91.6596,41.5705],[-91.6611,41.5706],[-91.6618,41.5692],[-91.6659,41.5698],[-91.6657,41.5763],[-91.6608,41.5764],[-91.6607,41.5801],[-91.6512,41.58],[-91.6508,41.5763],[-91.6412,41.5762],[-91.6412,41.5781],[-91.6363,41.578],[-91.6362,41.5834],[-91.6508,41.5837],[-91.6507,41.5873],[-91.641,41.5872],[-91.6409,41.5908],[-91.6507,41.5909],[-91.6506,41.5996],[-91.6725,41.5998],[-91.6725,41.5971],[-91.6798,41.5975],[-91.6847,41.5951],[-91.6847,41.5962],[-91.6875,41.5965],[-91.6874,41.6],[-91.69,41.6],[-91.69,41.599],[-91.6924,41.599],[-91.6925,41.5973],[-91.694,41.5972],[-91.6947,41.6],[-91.7042,41.6001],[-91.7045,41.5837],[-91.7117,41.5838],[-91.7093,41.5854],[-91.7092,41.5911],[-91.711,41.5911],[-91.711,41.5939],[-91.7122,41.594],[-91.7123,41.6001],[-91.7165,41.6001],[-91.7166,41.6043],[-91.7112,41.6043],[-91.711,41.6085],[-91.7096,41.6097],[-91.7013,41.6097],[-91.7011,41.6131],[-91.706,41.6137],[-91.706,41.6146],[-91.7165,41.6146],[-91.7166,41.6218],[-91.6792,41.6217],[-91.679,41.6289],[-91.6765,41.6289],[-91.6765,41.6325],[-91.6863,41.6326],[-91.6861,41.6471],[-91.6763,41.647],[-91.6763,41.6433],[-91.6715,41.6433],[-91.6715,41.6505],[-91.6667,41.6505],[-91.6666,41.6541],[-91.657,41.654],[-91.6569,41.672],[-91.6472,41.6719],[-91.6472,41.6755],[-91.6423,41.6755],[-91.6423,41.6791],[-91.6375,41.679],[-91.6375,41.6682],[-91.6229,41.6681],[-91.6229,41.6717],[-91.5986,41.6715],[-91.5986,41.6831],[-91.6036,41.6858],[-91.6034,41.694],[-91.5985,41.6935],[-91.5983,41.7156],[-91.6177,41.7159],[-91.6171,41.7883],[-91.6101,41.7844],[-91.6048,41.7849],[-91.6026,41.7867],[-91.6025,41.7913],[-91.6089,41.8016],[-91.6077,41.804],[-91.6043,41.8064],[-91.589,41.8093],[-91.5828,41.8054],[-91.5842,41.7941],[-91.5766,41.7909],[-91.5751,41.788],[-91.5771,41.7854],[-91.589,41.7822],[-91.5897,41.7795],[-91.587,41.7762],[-91.5827,41.7748],[-91.5724,41.7802],[-91.565,41.7803],[-91.562,41.778],[-91.5612,41.7742],[-91.5677,41.7636],[-91.5681,41.758],[-91.5625,41.753],[-91.5568,41.7521],[-91.5537,41.75],[-91.548,41.7409],[-91.5477,41.7302],[-91.5439,41.7294],[-91.5365,41.7318],[-91.5327,41.7318],[-91.5281,41.7247],[-91.5285,41.7272],[-91.5273,41.7283],[-91.5208,41.7269],[-91.5162,41.7285],[-91.5175,41.7258],[-91.5125,41.7258],[-91.5124,41.7149],[-91.5074,41.7148],[-91.5021,41.7264],[-91.4978,41.7293],[-91.4977,41.7341],[-91.496,41.7361],[-91.4806,41.7416],[-91.474,41.7417],[-91.474,41.7402],[-91.478,41.7402],[-91.478,41.7366],[-91.4756,41.7366],[-91.4731,41.7385],[-91.4781,41.7248],[-91.4684,41.7247],[-91.4683,41.7329],[-91.4647,41.7329],[-91.4647,41.7347],[-91.4634,41.7347]]]}},{"type":"Feature","properties":{"leaid":"1911340","name":"Fairfield Community School District","kind":"Unified","gradeLow":"PK","gradeHigh":"12","state":"IA"},"geometry":{"type":"Polygon","coordinates":[[[-92.093,40.8859],[-92.0931,40.8786],[-92.1215,40.8791],[-92.1214,40.8931],[-92.15,40.893],[-92.1499,40.8998],[-92.1404,40.8998],[-92.1404,40.9071],[-92.1596,40.907],[-92.1596,40.9396],[-92.1404,40.9397],[-92.1404,40.9506],[-92.1379,40.9507],[-92.138,40.9543],[-92.1404,40.9543],[-92.1403,40.961],[-92.1497,40.9615],[-92.1503,40.9647],[-92.1594,40.9651],[-92.1591,40.9724],[-92.1496,40.9723],[-92.1496,40.9881],[-92.1542,40.9881],[-92.1542,40.9907],[-92.1589,40.9918],[-92.1589,41.0026],[-92.1795,41.0024],[-92.1794,41.0132],[-92.1842,41.0133],[-92.1842,41.0171],[-92.1861,41.0171],[-92.1861,41.0208],[-92.1795,41.0208],[-92.1796,41.046],[-92.1495,41.0459],[-92.1495,41.0496],[-92.159,41.0496],[-92.159,41.0605],[-92.1542,41.0604],[-92.1542,41.0641],[-92.1621,41.0651],[-92.1687,41.0698],[-92.169,41.0761],[-92.1497,41.0762],[-92.1496,41.0677],[-92.1399,41.0677],[-92.1399,41.0623],[-92.1208,41.0623],[-92.1208,41.0763],[-92.0256,41.0761],[-92.0247,41.1054],[-92.0054,41.1052],[-92.005,41.1198],[-92.0098,41.1197],[-92.0097,41.1234],[-92.0049,41.1234],[-92.0046,41.1343],[-91.9756,41.1338],[-91.975,41.1485],[-91.9654,41.1484],[-91.965,41.1568],[-91.9458,41.1566],[-91.9457,41.1581],[-91.9505,41.1582],[-91.9503,41.1636],[-91.9253,41.1634],[-91.9239,41.163],[-91.924,41.1606],[-91.9173,41.1606],[-91.9173,41.1629],[-91.9076,41.1627],[-91.9075,41.1699],[-91.8591,41.169],[-91.8593,41.162],[-91.8602,41.1617],[-91.8315,41.1615],[-91.8316,41.1578],[-91.8304,41.1578],[-91.8303,41.1615],[-91.8212,41.1616],[-91.8212,41.1506],[-91.8021,41.1508],[-91.8021,41.1435],[-91.8044,41.1435],[-91.8045,41.1398],[-91.8021,41.1398],[-91.8022,41.1363],[-91.7879,41.1364],[-91.7877,41.1437],[-91.7782,41.1437],[-91.7782,41.1474],[-91.7639,41.1476],[-91.764,41.1333],[-91.769,41.1331],[-91.769,41.1294],[-91.7595,41.1295],[-91.7595,41.1331],[-91.7559,41.1331],[-91.7547,41.1331],[-91.7547,41.1295],[-91.7453,41.1297],[-91.7454,41.1224],[-91.7548,41.1222],[-91.7549,41.1186],[-91.7367,41.1191],[-91.7358,41.1263],[-91.7166,41.1267],[-91.7168,41.0875],[-91.7183,41.0885],[-91.7215,41.0862],[-91.7272,41.0778],[-91.7283,41.0748],[-91.7266,41.0714],[-91.7278,41.0665],[-91.7352,41.0657],[-91.739,41.0627],[-91.7334,41.0563],[-91.7338,41.0495],[-91.725,41.044],[-91.7154,41.04],[-91.7135,41.0359],[-91.7043,41.0344],[-91.7033,41.0331],[-91.7037,41.0216],[-91.7002,41.0172],[-91.7034,41.011],[-91.6997,41.0095],[-91.7023,41.0029],[-91.7181,41.003],[-91.718,40.963],[-91.7275,40.9627],[-91.7275,40.9518],[-91.7322,40.9516],[-91.7322,40.9371],[-91.7179,40.9374],[-91.7179,40.9261],[-91.7287,40.9263],[-91.7287,40.9227],[-91.7322,40.9226],[-91.7323,40.9153],[-91.7469,40.9152],[-91.7469,40.9115],[-91.7374,40.9117],[-91.7372,40.9007],[-91.9484,40.9008],[-91.9493,40.8874],[-91.9533,40.8873],[-91.9534,40.8934],[-91.9581,40.8933],[-91.9581,40.9007],[-92.0644,40.8999],[-92.0643,40.8787],[-92.0884,40.8786],[-92.0883,40.8858],[-92.093,40.8859]],[[-92.093,40.8859],[-92.0929,40.8997],[-92.102,40.8998],[-92.1025,40.8861],[-92.093,40.8859]]]}},{"type":"Feature","properties":{"leaid":"1927000","name":"Spirit Lake Community School District","kind":"Unified","gradeLow":"PK","gradeHigh":"12","state":"IA"},"geometry":{"type":"Polygon","coordinates":[[[-94.9248,43.5009],[-94.9244,43.4449],[-94.9344,43.445],[-94.9344,43.4378],[-94.9494,43.4378],[-94.9494,43.4332],[-94.9443,43.4316],[-94.9542,43.4334],[-94.9542,43.4305],[-94.9739,43.4305],[-94.9739,43.4067],[-94.9837,43.4069],[-94.9839,43.3997],[-94.9938,43.3999],[-94.9933,43.3785],[-95.0132,43.3785],[-95.013,43.3713],[-95.0325,43.3712],[-95.0324,43.3929],[-95.0724,43.393],[-95.0732,43.3959],[-95.0886,43.3931],[-95.0993,43.3932],[-95.1022,43.3918],[-95.1022,43.3929],[-95.1472,43.3929],[-95.1695,43.3967],[-95.1804,43.3966],[-95.1804,43.393],[-95.25,43.3939],[-95.25,43.4011],[-95.2596,43.4008],[-95.2597,43.4225],[-95.2302,43.4223],[-95.2302,43.4377],[-95.2104,43.4377],[-95.2105,43.4666],[-95.1906,43.4667],[-95.1909,43.4885],[-95.2008,43.4884],[-95.2013,43.5008],[-94.9248,43.5009]]]}},{"type":"Feature","properties":{"leaid":"1914310","name":"Hubbard-Radcliffe Community School District","kind":"Unified","gradeLow":"PK","gradeHigh":"12","state":"IA"},"geometry":{"type":"Polygon","coordinates":[[[-93.3468,42.4049],[-93.3468,42.4014],[-93.3391,42.4014],[-93.3391,42.4049],[-93.3294,42.4049],[-93.3292,42.4121],[-93.2708,42.4118],[-93.2709,42.4082],[-93.2612,42.4083],[-93.2612,42.4192],[-93.2514,42.4192],[-93.2514,42.3903],[-93.2611,42.3903],[-93.2612,42.383],[-93.2319,42.3829],[-93.232,42.3679],[-93.2284,42.3679],[-93.2284,42.3643],[-93.2256,42.3643],[-93.2255,42.3607],[-93.2319,42.3607],[-93.2319,42.3475],[-93.2306,42.3476],[-93.2305,42.3456],[-93.2319,42.3456],[-93.2319,42.339],[-93.2249,42.339],[-93.2202,42.3377],[-93.2202,42.3354],[-93.2319,42.3354],[-93.2319,42.3318],[-93.2251,42.3318],[-93.225,42.321],[-93.2201,42.321],[-93.2202,42.315],[-93.2251,42.3138],[-93.2251,42.312],[-93.2203,42.312],[-93.2209,42.3032],[-93.2228,42.3032],[-93.2228,42.2957],[-93.2129,42.2958],[-93.2129,42.2886],[-93.2252,42.2885],[-93.2251,42.2921],[-93.2319,42.2921],[-93.232,42.2813],[-93.2368,42.2813],[-93.2367,42.2705],[-93.2154,42.2706],[-93.2154,42.267],[-93.2245,42.2669],[-93.2245,42.2632],[-93.2318,42.264],[-93.2317,42.2089],[-93.2461,42.209],[-93.2462,42.2162],[-93.2609,42.2162],[-93.2609,42.2126],[-93.2658,42.2126],[-93.2658,42.209],[-93.2755,42.2091],[-93.2756,42.2126],[-93.2707,42.2126],[-93.2707,42.2163],[-93.2805,42.2163],[-93.2812,42.2236],[-93.2902,42.2236],[-93.2902,42.2199],[-93.2999,42.2199],[-93.3,42.2236],[-93.3097,42.2236],[-93.3096,42.22],[-93.3243,42.22],[-93.3243,42.2237],[-93.3292,42.2237],[-93.3291,42.2162],[-93.3389,42.2164],[-93.3389,42.2092],[-93.3466,42.2092],[-93.3465,42.2273],[-93.3514,42.2273],[-93.3515,42.2237],[-93.3758,42.2238],[-93.3759,42.2091],[-93.3856,42.2093],[-93.3856,42.2164],[-93.4051,42.2165],[-93.4051,42.2129],[-93.4099,42.2128],[-93.4101,42.2165],[-93.4342,42.2165],[-93.4342,42.2092],[-93.4537,42.2093],[-93.4536,42.2383],[-93.4995,42.2383],[-93.4995,42.2419],[-93.4971,42.2419],[-93.4969,42.2455],[-93.4942,42.2455],[-93.4942,42.2528],[-93.492,42.2528],[-93.492,42.2673],[-93.5116,42.2672],[-93.5113,42.296],[-93.5309,42.2961],[-93.5312,42.303],[-93.5212,42.3031],[-93.5212,42.3106],[-93.5113,42.3106],[-93.5114,42.325],[-93.5213,42.3249],[-93.5213,42.3322],[-93.5115,42.3321],[-93.5115,42.3466],[-93.5213,42.3464],[-93.5214,42.3574],[-93.5115,42.3575],[-93.5115,42.3611],[-93.5214,42.3611],[-93.5213,42.3684],[-93.5313,42.3684],[-93.5313,42.3757],[-93.5119,42.3758],[-93.5119,42.3835],[-93.5018,42.3836],[-93.5018,42.3981],[-93.4921,42.3981],[-93.4921,42.4053],[-93.5165,42.4052],[-93.5164,42.4124],[-93.4823,42.4125],[-93.482,42.4448],[-93.4721,42.445],[-93.4725,42.4271],[-93.4629,42.4271],[-93.4628,42.4486],[-93.4438,42.4486],[-93.4437,42.4341],[-93.4341,42.4341],[-93.4341,42.4413],[-93.4147,42.4413],[-93.4147,42.4269],[-93.3856,42.4267],[-93.3855,42.4124],[-93.3564,42.4122],[-93.3564,42.405],[-93.3468,42.4049]]]}},{"type":"Feature","properties":{"leaid":"1904440","name":"BCLUW Community School District","kind":"Unified","gradeLow":"PK","gradeHigh":"12","state":"IA"},"geometry":{"type":"Polygon","coordinates":[[[-92.9392,42.3324],[-92.9391,42.3252],[-92.9343,42.3251],[-92.9342,42.318],[-92.9392,42.318],[-92.939,42.3108],[-92.9244,42.3107],[-92.9244,42.2964],[-92.9049,42.2963],[-92.905,42.3036],[-92.9147,42.3035],[-92.9147,42.3107],[-92.905,42.3108],[-92.905,42.318],[-92.8856,42.318],[-92.8855,42.2964],[-92.8456,42.2965],[-92.8457,42.3001],[-92.836,42.3001],[-92.8359,42.3019],[-92.8263,42.302],[-92.8264,42.3074],[-92.8216,42.3074],[-92.8216,42.3038],[-92.8166,42.3038],[-92.8165,42.2965],[-92.8068,42.2965],[-92.8069,42.2825],[-92.802,42.2825],[-92.802,42.2753],[-92.7777,42.2752],[-92.7776,42.2788],[-92.768,42.2788],[-92.7675,42.2101],[-92.7772,42.2101],[-92.777,42.1885],[-92.7965,42.1886],[-92.7965,42.1813],[-92.7867,42.1813],[-92.7865,42.1668],[-92.806,42.1669],[-92.8061,42.1741],[-92.8157,42.174],[-92.8155,42.1559],[-92.8252,42.1559],[-92.8252,42.1595],[-92.835,42.1595],[-92.835,42.1558],[-92.8301,42.1558],[-92.83,42.1522],[-92.8448,42.1522],[-92.8446,42.145],[-92.8592,42.145],[-92.8592,42.1378],[-92.8639,42.1378],[-92.8641,42.1522],[-92.8739,42.1522],[-92.8735,42.1378],[-92.8843,42.1378],[-92.8842,42.1307],[-92.8939,42.1306],[-92.8943,42.1522],[-92.9428,42.1519],[-92.9429,42.159],[-92.9916,42.1589],[-92.9917,42.1661],[-93.0014,42.166],[-93.0013,42.1588],[-93.0208,42.1587],[-93.0207,42.1514],[-93.1174,42.1509],[-93.1176,42.1654],[-93.1273,42.1655],[-93.1273,42.1727],[-93.1467,42.1728],[-93.1468,42.1795],[-93.1516,42.18],[-93.1517,42.1836],[-93.1564,42.1837],[-93.1565,42.1872],[-93.1517,42.1872],[-93.152,42.2087],[-93.1228,42.2087],[-93.1228,42.2123],[-93.1276,42.2123],[-93.1276,42.216],[-93.1179,42.216],[-93.1178,42.2305],[-93.1277,42.2305],[-93.1276,42.245],[-93.1178,42.2449],[-93.1179,42.2558],[-93.099,42.2559],[-93.099,42.2631],[-93.1039,42.2631],[-93.1039,42.2667],[-93.1088,42.2667],[-93.1088,42.2739],[-93.0942,42.274],[-93.0941,42.2704],[-93.0748,42.2704],[-93.0744,42.2777],[-93.078,42.2814],[-93.0748,42.2813],[-93.0748,42.2837],[-93.0778,42.2847],[-93.0759,42.2885],[-93.0766,42.2924],[-93.0653,42.2939],[-93.0653,42.2959],[-93.0507,42.296],[-93.0507,42.3032],[-93.0313,42.3033],[-93.0312,42.3105],[-93.0167,42.3106],[-93.0167,42.3178],[-92.9632,42.3179],[-92.9633,42.325],[-92.9535,42.3251],[-92.9536,42.3325],[-92.9513,42.3325],[-92.9514,42.3395],[-92.944,42.3396],[-92.944,42.3324],[-92.9392,42.3324]]]}},{"type":"Feature","properties":{"leaid":"1913290","name":"Grundy Center Community School District","kind":"Unified","gradeLow":"PK","gradeHigh":"12","state":"IA"},"geometry":{"type":"Polygon","coordinates":[[[-92.8102,42.4847],[-92.8102,42.4775],[-92.8004,42.4774],[-92.8004,42.4701],[-92.7589,42.47],[-92.7591,42.4665],[-92.7493,42.4665],[-92.7494,42.4699],[-92.7397,42.4699],[-92.7396,42.4628],[-92.7299,42.4629],[-92.7299,42.4562],[-92.7399,42.4561],[-92.7394,42.4417],[-92.7103,42.4418],[-92.7101,42.4274],[-92.7006,42.4275],[-92.7003,42.4238],[-92.7052,42.4237],[-92.7053,42.4132],[-92.7003,42.4132],[-92.7004,42.4096],[-92.6906,42.4093],[-92.6906,42.4131],[-92.6882,42.4131],[-92.6882,42.4095],[-92.681,42.4094],[-92.6808,42.4058],[-92.676,42.4058],[-92.6759,42.3914],[-92.6612,42.3914],[-92.661,42.3842],[-92.6709,42.3842],[-92.6708,42.3764],[-92.7052,42.3763],[-92.7049,42.3655],[-92.7099,42.3654],[-92.7097,42.3546],[-92.6999,42.3547],[-92.7002,42.3439],[-92.6953,42.3438],[-92.6952,42.3402],[-92.6903,42.3403],[-92.6902,42.333],[-92.6976,42.3329],[-92.6977,42.3257],[-92.7096,42.3257],[-92.7096,42.3186],[-92.7,42.3185],[-92.6998,42.3113],[-92.6922,42.3113],[-92.6918,42.3026],[-92.702,42.3026],[-92.7022,42.3113],[-92.7145,42.3112],[-92.7145,42.3185],[-92.7191,42.3186],[-92.7193,42.3112],[-92.729,42.3113],[-92.7287,42.3005],[-92.7093,42.3004],[-92.7092,42.2968],[-92.7286,42.2968],[-92.7288,42.2826],[-92.758,42.2825],[-92.7579,42.2753],[-92.7679,42.2753],[-92.768,42.2788],[-92.774,42.2789],[-92.7776,42.2788],[-92.7777,42.2752],[-92.802,42.2753],[-92.802,42.2825],[-92.8069,42.2825],[-92.8068,42.2965],[-92.8165,42.2965],[-92.8166,42.3038],[-92.8216,42.3038],[-92.8216,42.3074],[-92.8264,42.3074],[-92.8263,42.302],[-92.8359,42.3019],[-92.836,42.3001],[-92.8457,42.3001],[-92.8456,42.2965],[-92.8855,42.2964],[-92.8856,42.318],[-92.905,42.318],[-92.905,42.3108],[-92.9147,42.3107],[-92.9147,42.3035],[-92.905,42.3036],[-92.9049,42.2963],[-92.9244,42.2964],[-92.9244,42.3107],[-92.939,42.3108],[-92.9392,42.318],[-92.9342,42.318],[-92.9343,42.3251],[-92.9391,42.3252],[-92.9392,42.3324],[-92.9342,42.3324],[-92.9343,42.3468],[-92.9441,42.3468],[-92.9442,42.3539],[-92.886,42.354],[-92.886,42.3684],[-92.88,42.3685],[-92.88,42.3758],[-92.886,42.3757],[-92.8861,42.3837],[-92.8753,42.3837],[-92.8755,42.3933],[-92.8861,42.3932],[-92.8862,42.4054],[-92.8719,42.4054],[-92.872,42.4126],[-92.8463,42.4126],[-92.8466,42.4342],[-92.832,42.4343],[-92.8319,42.4414],[-92.8365,42.4414],[-92.8364,42.4558],[-92.8271,42.4558],[-92.8271,42.4486],[-92.8173,42.4487],[-92.8175,42.4702],[-92.82,42.4702],[-92.82,42.4847],[-92.8102,42.4847]],[[-92.7591,42.4665],[-92.7687,42.4665],[-92.7687,42.4627],[-92.7591,42.4628],[-92.7591,42.4665]]]}},{"type":"Feature","properties":{"leaid":"1909120","name":"Dike-New Hartford Community School District","kind":"Unified","gradeLow":"PK","gradeHigh":"12","state":"IA"},"geometry":{"type":"MultiPolygon","coordinates":[[[[-92.7591,42.4665],[-92.7591,42.4628],[-92.7687,42.4627],[-92.7687,42.4665],[-92.7591,42.4665]]],[[[-92.7591,42.4665],[-92.7589,42.47],[-92.8004,42.4701],[-92.8004,42.4774],[-92.8102,42.4775],[-92.8103,42.4994],[-92.7702,42.4989],[-92.7702,42.5062],[-92.7263,42.506],[-92.7263,42.5385],[-92.6974,42.5387],[-92.6973,42.5352],[-92.6776,42.5353],[-92.6779,42.5492],[-92.6827,42.5491],[-92.6828,42.5525],[-92.6877,42.5533],[-92.6877,42.5558],[-92.6779,42.5558],[-92.678,42.5631],[-92.6828,42.5631],[-92.6827,42.6138],[-92.6876,42.6139],[-92.6876,42.6066],[-92.6926,42.6067],[-92.6926,42.6139],[-92.7072,42.6139],[-92.7073,42.6212],[-92.6925,42.6214],[-92.6925,42.6284],[-92.6974,42.6284],[-92.6973,42.6357],[-92.7022,42.6356],[-92.7022,42.6425],[-92.6428,42.6424],[-92.6427,42.6496],[-92.638,42.6496],[-92.6379,42.6426],[-92.6352,42.6424],[-92.6352,42.6392],[-92.6306,42.6392],[-92.6306,42.6356],[-92.6232,42.6356],[-92.6232,42.621],[-92.6135,42.621],[-92.6135,42.6176],[-92.6123,42.6176],[-92.6122,42.621],[-92.6104,42.621],[-92.6104,42.6176],[-92.5744,42.6175],[-92.5744,42.6137],[-92.5645,42.6137],[-92.5644,42.6211],[-92.5543,42.6211],[-92.5545,42.592],[-92.544,42.5921],[-92.5441,42.5776],[-92.5344,42.5775],[-92.5347,42.5558],[-92.5543,42.5559],[-92.5543,42.4986],[-92.5245,42.4987],[-92.5244,42.4914],[-92.5341,42.4915],[-92.5341,42.4842],[-92.5242,42.4842],[-92.5242,42.4805],[-92.5383,42.4805],[-92.5385,42.4769],[-92.534,42.4769],[-92.534,42.4732],[-92.5144,42.4732],[-92.5144,42.4767],[-92.485,42.4769],[-92.485,42.4696],[-92.4954,42.4696],[-92.4955,42.4506],[-92.5147,42.4497],[-92.5149,42.4428],[-92.534,42.4422],[-92.5339,42.4134],[-92.5481,42.4134],[-92.5525,42.3991],[-92.5534,42.3991],[-92.5535,42.4061],[-92.5632,42.4061],[-92.5632,42.4132],[-92.5779,42.4125],[-92.5778,42.406],[-92.5825,42.406],[-92.5825,42.4132],[-92.6022,42.4132],[-92.6021,42.3984],[-92.6214,42.3984],[-92.6214,42.3914],[-92.6311,42.3915],[-92.6311,42.3843],[-92.661,42.3842],[-92.6612,42.3914],[-92.6759,42.3914],[-92.676,42.4058],[-92.6808,42.4058],[-92.681,42.4094],[-92.6882,42.4095],[-92.6882,42.4131],[-92.6906,42.4131],[-92.6906,42.4093],[-92.7004,42.4096],[-92.7003,42.4132],[-92.7053,42.4132],[-92.7052,42.4237],[-92.7003,42.4238],[-92.7006,42.4275],[-92.7101,42.4274],[-92.7103,42.4418],[-92.7394,42.4417],[-92.7399,42.4561],[-92.7299,42.4562],[-92.7299,42.4629],[-92.7396,42.4628],[-92.7397,42.4699],[-92.7494,42.4699],[-92.7493,42.4665],[-92.7591,42.4665]]]]}},{"type":"Feature","properties":{"leaid":"1906660","name":"Center Point-Urbana Community School District","kind":"Unified","gradeLow":"PK","gradeHigh":"12","state":"IA"},"geometry":{"type":"Polygon","coordinates":[[[-91.681,42.2174],[-91.6813,42.2008],[-91.6861,42.201],[-91.6863,42.1827],[-91.6913,42.1828],[-91.6916,42.1682],[-91.6864,42.1681],[-91.6868,42.1609],[-91.6918,42.161],[-91.6918,42.1539],[-91.716,42.1538],[-91.7167,42.1248],[-91.7649,42.1248],[-91.7655,42.1261],[-91.7719,42.1272],[-91.7773,42.1261],[-91.7798,42.1238],[-91.7892,42.1246],[-91.7906,42.1198],[-91.7948,42.1192],[-91.7978,42.1209],[-91.7952,42.1257],[-91.7954,42.1276],[-91.7922,42.1327],[-91.7879,42.1356],[-91.7903,42.141],[-91.7896,42.1421],[-91.7933,42.1475],[-91.792,42.1514],[-91.7926,42.1538],[-91.7954,42.1563],[-91.803,42.1576],[-91.8138,42.1628],[-91.82,42.1685],[-91.8299,42.1716],[-91.832,42.1751],[-91.8351,42.1772],[-91.8436,42.1799],[-91.854,42.1781],[-91.8583,42.1799],[-91.8628,42.1853],[-91.8724,42.1865],[-91.8725,42.1783],[-91.8919,42.1781],[-91.8927,42.1746],[-91.9208,42.174],[-91.9183,42.1771],[-91.9111,42.1789],[-91.908,42.1813],[-91.9209,42.1811],[-91.9207,42.1957],[-91.9305,42.1964],[-91.9304,42.199],[-91.9491,42.1988],[-91.9485,42.261],[-91.92,42.2614],[-91.9198,42.2759],[-91.9099,42.2761],[-91.9091,42.2979],[-91.87,42.2985],[-91.8707,42.2731],[-91.8315,42.2735],[-91.8321,42.2446],[-91.715,42.2432],[-91.7152,42.2178],[-91.681,42.2174]]]}},{"type":"Feature","properties":{"leaid":"1903300","name":"Alburnett Community School District","kind":"Unified","gradeLow":"PK","gradeHigh":"12","state":"IA"},"geometry":{"type":"Polygon","coordinates":[[[-91.5972,42.2491],[-91.5975,42.2202],[-91.6074,42.2203],[-91.6074,42.2168],[-91.6024,42.2166],[-91.6024,42.2095],[-91.5886,42.2094],[-91.5886,42.1821],[-91.5789,42.1819],[-91.579,42.1746],[-91.5593,42.1743],[-91.5593,42.1632],[-91.5547,42.1633],[-91.555,42.1346],[-91.56,42.1342],[-91.56,42.1232],[-91.6579,42.124],[-91.6582,42.0913],[-91.6631,42.0913],[-91.6632,42.095],[-91.668,42.095],[-91.6679,42.0841],[-91.6776,42.0841],[-91.6776,42.0878],[-91.6824,42.0878],[-91.6825,42.0841],[-91.6873,42.0841],[-91.6873,42.0805],[-91.7215,42.0809],[-91.7215,42.0736],[-91.7804,42.0736],[-91.7779,42.0848],[-91.7721,42.0958],[-91.7708,42.0972],[-91.7659,42.0982],[-91.764,42.1011],[-91.7647,42.1036],[-91.7686,42.1061],[-91.7682,42.1109],[-91.7647,42.1142],[-91.7633,42.1223],[-91.7649,42.1248],[-91.7167,42.1248],[-91.716,42.1538],[-91.6918,42.1539],[-91.6918,42.161],[-91.6868,42.1609],[-91.6864,42.1681],[-91.6916,42.1682],[-91.6913,42.1828],[-91.6863,42.1827],[-91.6861,42.201],[-91.6813,42.2008],[-91.681,42.2174],[-91.6761,42.2174],[-91.676,42.2101],[-91.6467,42.2098],[-91.6469,42.2535],[-91.6369,42.2535],[-91.637,42.2679],[-91.6273,42.2677],[-91.6272,42.2692],[-91.6239,42.27],[-91.6201,42.2682],[-91.6202,42.2658],[-91.6224,42.264],[-91.6244,42.2583],[-91.6145,42.2551],[-91.6141,42.2515],[-91.6105,42.2492],[-91.6097,42.2448],[-91.6079,42.2445],[-91.6051,42.2474],[-91.6022,42.2479],[-91.6022,42.2492],[-91.5972,42.2491]]]}},{"type":"Feature","properties":{"leaid":"1917220","name":"Linn-Mar Community School District","kind":"Unified","gradeLow":"PK","gradeHigh":"12","state":"IA"},"geometry":{"type":"Polygon","coordinates":[[[-91.56,42.1342],[-91.5207,42.1336],[-91.5208,42.1227],[-91.4816,42.1221],[-91.4816,42.093],[-91.5255,42.0935],[-91.5256,42.0789],[-91.5207,42.0788],[-91.5207,42.0715],[-91.5183,42.0715],[-91.5183,42.0697],[-91.5207,42.0697],[-91.5208,42.0422],[-91.5257,42.0425],[-91.5257,42.0353],[-91.5013,42.035],[-91.5014,42.0422],[-91.4888,42.042],[-91.4888,42.0402],[-91.4818,42.04],[-91.4818,42.0348],[-91.4796,42.0347],[-91.4802,42.0307],[-91.4818,42.0307],[-91.4819,42.0243],[-91.4774,42.0243],[-91.4773,42.0234],[-91.4818,42.0232],[-91.4819,42.0051],[-91.4867,42.0052],[-91.4868,41.9978],[-91.511,41.9978],[-91.5111,41.9904],[-91.5922,41.9913],[-91.5991,41.9924],[-91.5992,42.0133],[-91.584,42.0129],[-91.584,42.0202],[-91.5791,42.0201],[-91.5792,42.0314],[-91.5779,42.0315],[-91.5792,42.0322],[-91.5791,42.0397],[-91.5942,42.0409],[-91.594,42.0434],[-91.6191,42.0438],[-91.6188,42.0205],[-91.6287,42.0206],[-91.6277,42.0216],[-91.6287,42.0243],[-91.6385,42.0244],[-91.6385,42.0281],[-91.6434,42.0283],[-91.6484,42.0284],[-91.6484,42.0265],[-91.6533,42.0267],[-91.6532,42.0212],[-91.6581,42.0214],[-91.6582,42.055],[-91.6553,42.055],[-91.6533,42.0566],[-91.6533,42.0732],[-91.6483,42.0731],[-91.6483,42.0768],[-91.6483,42.0804],[-91.6582,42.0804],[-91.6579,42.124],[-91.56,42.1232],[-91.56,42.1342]]]}},{"type":"Feature","properties":{"leaid":"1918690","name":"Marion Independent School District","kind":"Unified","gradeLow":"PK","gradeHigh":"12","state":"IA"},"geometry":{"type":"Polygon","coordinates":[[[-91.5992,42.0097],[-91.6041,42.0097],[-91.6041,42.0133],[-91.609,42.0133],[-91.609,42.0205],[-91.6188,42.0205],[-91.6191,42.0438],[-91.594,42.0434],[-91.5942,42.0409],[-91.5791,42.0397],[-91.5792,42.0322],[-91.5778,42.0322],[-91.5792,42.0314],[-91.5791,42.0201],[-91.584,42.0202],[-91.584,42.0129],[-91.5992,42.0133],[-91.5992,42.0097]]]}},{"type":"Feature","properties":{"leaid":"1903220","name":"Akron-Westfield Community School District","kind":"Unified","gradeLow":"PK","gradeHigh":"12","state":"IA"},"geometry":{"type":"Polygon","coordinates":[[[-96.3815,42.9093],[-96.3813,42.8801],[-96.3715,42.8803],[-96.3713,42.8731],[-96.3765,42.8731],[-96.3758,42.8696],[-96.3713,42.8694],[-96.3712,42.8658],[-96.3808,42.8656],[-96.3806,42.8586],[-96.3753,42.8582],[-96.3755,42.8479],[-96.3707,42.8476],[-96.3705,42.8288],[-96.3901,42.8289],[-96.3902,42.8152],[-96.3852,42.8152],[-96.3858,42.8078],[-96.4053,42.8079],[-96.4046,42.8144],[-96.4054,42.8155],[-96.4196,42.8156],[-96.42,42.8042],[-96.4101,42.8039],[-96.4099,42.7934],[-96.3902,42.7933],[-96.3899,42.7644],[-96.3995,42.7644],[-96.3997,42.757],[-96.4095,42.7573],[-96.4094,42.7499],[-96.4086,42.7499],[-96.4093,42.7428],[-96.4044,42.7427],[-96.4043,42.7355],[-96.3994,42.7355],[-96.3996,42.7248],[-96.4094,42.7248],[-96.4093,42.7285],[-96.4141,42.7285],[-96.4141,42.7212],[-96.4193,42.7212],[-96.4192,42.714],[-96.4387,42.714],[-96.439,42.6923],[-96.449,42.6922],[-96.4493,42.6851],[-96.4591,42.6852],[-96.4592,42.6779],[-96.4543,42.6779],[-96.4544,42.6707],[-96.4496,42.6707],[-96.4497,42.6494],[-96.4617,42.6495],[-96.4617,42.6454],[-96.4592,42.645],[-96.4596,42.634],[-96.4703,42.6334],[-96.4688,42.6289],[-96.4596,42.6289],[-96.4548,42.6275],[-96.4548,42.6305],[-96.4497,42.6306],[-96.4498,42.6125],[-96.4603,42.6123],[-96.4602,42.6052],[-96.4499,42.6053],[-96.4498,42.5874],[-96.4596,42.5873],[-96.4595,42.5835],[-96.4546,42.5836],[-96.4545,42.5763],[-96.4496,42.5764],[-96.4498,42.5801],[-96.4343,42.5802],[-96.4344,42.5766],[-96.4393,42.5766],[-96.4389,42.5621],[-96.4541,42.5618],[-96.4542,42.5655],[-96.4591,42.5654],[-96.4591,42.569],[-96.4639,42.5688],[-96.4639,42.5653],[-96.4616,42.5642],[-96.4608,42.5617],[-96.4988,42.561],[-96.4861,42.5731],[-96.4858,42.575],[-96.4957,42.5795],[-96.4955,42.5828],[-96.4913,42.5868],[-96.5011,42.5893],[-96.5002,42.5941],[-96.5047,42.605],[-96.51,42.6132],[-96.5177,42.6166],[-96.5204,42.6155],[-96.5257,42.6093],[-96.5278,42.609],[-96.5299,42.6105],[-96.5313,42.6166],[-96.5281,42.6184],[-96.5226,42.6176],[-96.519,42.619],[-96.5164,42.6228],[-96.5152,42.6284],[-96.5216,42.6349],[-96.5251,42.6347],[-96.5266,42.6415],[-96.5325,42.6428],[-96.5375,42.646],[-96.5378,42.6554],[-96.5412,42.6599],[-96.5463,42.6615],[-96.5555,42.658],[-96.5594,42.6578],[-96.5598,42.6629],[-96.5558,42.6642],[-96.5598,42.6688],[-96.5644,42.6713],[-96.567,42.6764],[-96.5697,42.675],[-96.5716,42.6709],[-96.5785,42.6719],[-96.5744,42.6737],[-96.5721,42.6767],[-96.5726,42.6789],[-96.5788,42.6781],[-96.575,42.6807],[-96.5752,42.6828],[-96.5862,42.6832],[-96.5854,42.6863],[-96.5863,42.6898],[-96.5898,42.691],[-96.5919,42.6905],[-96.5923,42.6872],[-96.5996,42.6869],[-96.5994,42.6889],[-96.5966,42.6883],[-96.5936,42.6898],[-96.5965,42.6919],[-96.5939,42.6943],[-96.5976,42.6956],[-96.5996,42.6989],[-96.6014,42.699],[-96.6017,42.6975],[-96.6043,42.6969],[-96.6056,42.6947],[-96.6121,42.6956],[-96.6096,42.6984],[-96.6046,42.6985],[-96.6056,42.702],[-96.6098,42.7023],[-96.6151,42.6984],[-96.6161,42.7004],[-96.6192,42.6998],[-96.624,42.7076],[-96.6253,42.7072],[-96.6249,42.7048],[-96.626,42.704],[-96.6304,42.7057],[-96.6293,42.709],[-96.6269,42.7099],[-96.6244,42.714],[-96.6248,42.716],[-96.628,42.7178],[-96.6245,42.7209],[-96.6255,42.7236],[-96.6244,42.7252],[-96.627,42.7259],[-96.6342,42.7243],[-96.6347,42.7261],[-96.6326,42.7271],[-96.6305,42.7302],[-96.6326,42.7322],[-96.6367,42.7332],[-96.6395,42.737],[-96.6306,42.7353],[-96.6356,42.7419],[-96.6294,42.7436],[-96.6322,42.7452],[-96.63,42.7471],[-96.63,42.7507],[-96.6275,42.7507],[-96.6256,42.753],[-96.6202,42.7535],[-96.6193,42.7548],[-96.6203,42.7576],[-96.6228,42.7584],[-96.6256,42.7545],[-96.6272,42.7544],[-96.6281,42.7572],[-96.6365,42.7648],[-96.632,42.7651],[-96.6323,42.768],[-96.6356,42.768],[-96.6365,42.7695],[-96.6336,42.7713],[-96.6316,42.7696],[-96.6294,42.772],[-96.6264,42.7714],[-96.627,42.7753],[-96.622,42.7768],[-96.6195,42.784],[-96.6156,42.785],[-96.6147,42.7822],[-96.6126,42.7846],[-96.6105,42.7826],[-96.608,42.7844],[-96.6044,42.7831],[-96.6023,42.7881],[-96.605,42.7917],[-96.5952,42.7929],[-96.5997,42.7984],[-96.5982,42.8],[-96.5964,42.7976],[-96.5941,42.7982],[-96.5905,42.8083],[-96.5921,42.8099],[-96.5956,42.8103],[-96.5959,42.815],[-96.5945,42.8159],[-96.5907,42.8154],[-96.5889,42.8185],[-96.586,42.8178],[-96.5841,42.819],[-96.586,42.8219],[-96.5858,42.8238],[-96.5806,42.8249],[-96.5777,42.8278],[-96.5823,42.8337],[-96.5814,42.8378],[-96.5783,42.8378],[-96.5797,42.8356],[-96.5782,42.8347],[-96.5754,42.8359],[-96.5744,42.838],[-96.5724,42.837],[-96.5684,42.8378],[-96.5697,42.8345],[-96.5636,42.8282],[-96.5615,42.8295],[-96.563,42.8314],[-96.5629,42.8359],[-96.5609,42.8391],[-96.5585,42.8395],[-96.5549,42.8363],[-96.5522,42.836],[-96.5506,42.8372],[-96.5486,42.8409],[-96.5538,42.8432],[-96.5561,42.8492],[-96.5549,42.8497],[-96.5502,42.8476],[-96.5493,42.8483],[-96.5506,42.8501],[-96.5495,42.8512],[-96.5453,42.8499],[-96.5415,42.8569],[-96.5412,42.8585],[-96.5426,42.8597],[-96.5452,42.8571],[-96.5468,42.8574],[-96.5461,42.8612],[-96.549,42.8617],[-96.5505,42.8635],[-96.5466,42.8639],[-96.5462,42.8676],[-96.5497,42.8699],[-96.5471,42.874],[-96.5377,42.8785],[-96.5435,42.8838],[-96.5377,42.8867],[-96.5404,42.8888],[-96.5398,42.8898],[-96.5272,42.8906],[-96.5253,42.8919],[-96.5297,42.8942],[-96.5289,42.8979],[-96.5361,42.9009],[-96.5393,42.8999],[-96.541,42.9019],[-96.4798,42.9021],[-96.4799,42.9092],[-96.3815,42.9093]]]}},{"type":"Feature","properties":{"leaid":"1914160","name":"Hinton Community School District","kind":"Unified","gradeLow":"PK","gradeHigh":"12","state":"IA"},"geometry":{"type":"Polygon","coordinates":[[[-96.1352,42.641],[-96.1355,42.6334],[-96.1314,42.6334],[-96.1256,42.6335],[-96.1254,42.6412],[-96.1155,42.6414],[-96.1163,42.6264],[-96.1212,42.6263],[-96.1217,42.619],[-96.0962,42.6197],[-96.0964,42.605],[-96.1065,42.6049],[-96.1065,42.6084],[-96.1166,42.6083],[-96.1165,42.6011],[-96.1066,42.6013],[-96.1065,42.5902],[-96.1211,42.5902],[-96.121,42.5866],[-96.1162,42.5866],[-96.1161,42.583],[-96.1221,42.5829],[-96.1221,42.5757],[-96.1355,42.5757],[-96.1357,42.5865],[-96.1405,42.5865],[-96.1405,42.5829],[-96.155,42.5829],[-96.1551,42.5901],[-96.1647,42.5901],[-96.1646,42.5758],[-96.1804,42.5759],[-96.1805,42.5616],[-96.371,42.562],[-96.371,42.5656],[-96.3807,42.5656],[-96.3806,42.5692],[-96.3709,42.5692],[-96.3701,42.5744],[-96.368,42.571],[-96.3612,42.5711],[-96.3611,42.5836],[-96.3659,42.5836],[-96.3661,42.5907],[-96.3951,42.591],[-96.3952,42.5838],[-96.4001,42.5838],[-96.4003,42.5765],[-96.3907,42.5765],[-96.3906,42.5693],[-96.4099,42.5694],[-96.41,42.5767],[-96.412,42.5767],[-96.4127,42.5807],[-96.415,42.5839],[-96.4197,42.5838],[-96.4197,42.5802],[-96.4293,42.5804],[-96.4295,42.5841],[-96.4441,42.5837],[-96.4441,42.5874],[-96.4392,42.5874],[-96.4392,42.591],[-96.4293,42.5911],[-96.4293,42.5984],[-96.4194,42.5984],[-96.4196,42.602],[-96.4245,42.602],[-96.4245,42.6056],[-96.4393,42.6054],[-96.4392,42.6018],[-96.4442,42.6018],[-96.444,42.591],[-96.4498,42.5909],[-96.4499,42.6053],[-96.4602,42.6052],[-96.4603,42.6123],[-96.4498,42.6125],[-96.4497,42.6306],[-96.4548,42.6305],[-96.4548,42.6275],[-96.4596,42.6289],[-96.4688,42.6289],[-96.4704,42.6314],[-96.4702,42.634],[-96.4596,42.634],[-96.4592,42.645],[-96.4617,42.6454],[-96.4617,42.6495],[-96.4497,42.6494],[-96.4496,42.6707],[-96.4544,42.6707],[-96.4543,42.6779],[-96.4592,42.6779],[-96.4591,42.6852],[-96.4493,42.6851],[-96.449,42.6922],[-96.439,42.6923],[-96.439,42.6995],[-96.4291,42.6995],[-96.4291,42.6923],[-96.4095,42.6923],[-96.4095,42.6995],[-96.3899,42.6992],[-96.3899,42.703],[-96.38,42.7031],[-96.38,42.7067],[-96.3701,42.7067],[-96.3702,42.6995],[-96.3507,42.6993],[-96.3507,42.7065],[-96.3606,42.7066],[-96.3604,42.7139],[-96.3456,42.7139],[-96.3455,42.7173],[-96.3409,42.7172],[-96.3408,42.7136],[-96.3359,42.7136],[-96.3359,42.7064],[-96.3215,42.7066],[-96.3214,42.6997],[-96.307,42.6997],[-96.3068,42.6926],[-96.2824,42.6924],[-96.2824,42.696],[-96.2676,42.6961],[-96.2675,42.6923],[-96.253,42.6922],[-96.253,42.6852],[-96.2562,42.6851],[-96.2578,42.6823],[-96.2578,42.6779],[-96.2677,42.6779],[-96.2679,42.675],[-96.2626,42.6744],[-96.2629,42.6672],[-96.2529,42.6671],[-96.2529,42.6635],[-96.2233,42.6635],[-96.2234,42.6565],[-96.2186,42.6562],[-96.2186,42.67],[-96.2139,42.67],[-96.2137,42.6735],[-96.2042,42.6735],[-96.2034,42.6636],[-96.2055,42.6636],[-96.2055,42.6561],[-96.2082,42.6564],[-96.2088,42.6446],[-96.2036,42.6449],[-96.2037,42.643],[-96.1938,42.6432],[-96.1937,42.6563],[-96.1838,42.6565],[-96.1839,42.66],[-96.1791,42.66],[-96.1791,42.6636],[-96.1694,42.6636],[-96.1694,42.6562],[-96.1644,42.6563],[-96.1643,42.6491],[-96.1889,42.6492],[-96.1888,42.6411],[-96.1644,42.6408],[-96.1645,42.6371],[-96.1548,42.6371],[-96.1545,42.649],[-96.152,42.649],[-96.1398,42.649],[-96.14,42.641],[-96.1352,42.641]]]}},{"type":"Feature","properties":{"leaid":"1927960","name":"Treynor Community School District","kind":"Unified","gradeLow":"KG","gradeHigh":"12","state":"IA"},"geometry":{"type":"Polygon","coordinates":[[[-95.5564,41.1601],[-95.5564,41.1312],[-95.5945,41.1312],[-95.5946,41.1384],[-95.6041,41.1385],[-95.6042,41.1456],[-95.5995,41.1456],[-95.5995,41.1493],[-95.6043,41.1493],[-95.6044,41.16],[-95.6919,41.16],[-95.6971,41.1535],[-95.7005,41.1532],[-95.7005,41.1568],[-95.704,41.1567],[-95.705,41.16],[-95.7086,41.16],[-95.7087,41.1745],[-95.7135,41.1745],[-95.7135,41.1817],[-95.7039,41.1818],[-95.704,41.1926],[-95.7183,41.1945],[-95.7183,41.1962],[-95.7275,41.1963],[-95.7273,41.2179],[-95.7367,41.218],[-95.7366,41.2217],[-95.7312,41.2215],[-95.7311,41.2253],[-95.7186,41.2254],[-95.7186,41.2324],[-95.7272,41.2325],[-95.7273,41.2463],[-95.7548,41.2462],[-95.7548,41.2516],[-95.7511,41.2536],[-95.7527,41.2536],[-95.7544,41.2559],[-95.7543,41.2607],[-95.7511,41.2607],[-95.751,41.2676],[-95.7477,41.268],[-95.7449,41.2703],[-95.7463,41.2716],[-95.7462,41.2755],[-95.7415,41.2752],[-95.7415,41.2824],[-95.7319,41.2825],[-95.7319,41.2896],[-95.7274,41.2897],[-95.7272,41.2861],[-95.7182,41.2861],[-95.7183,41.279],[-95.7079,41.279],[-95.705,41.2821],[-95.7002,41.2828],[-95.6942,41.2856],[-95.6943,41.2753],[-95.7087,41.2754],[-95.7087,41.2681],[-95.6943,41.2682],[-95.6943,41.2716],[-95.6751,41.2717],[-95.6751,41.2682],[-95.6703,41.2681],[-95.6703,41.2644],[-95.6751,41.2644],[-95.6752,41.2572],[-95.6694,41.2571],[-95.6693,41.2591],[-95.6607,41.259],[-95.6607,41.268],[-95.6655,41.2681],[-95.6655,41.2717],[-95.6703,41.2718],[-95.6703,41.277],[-95.6688,41.2769],[-95.6689,41.2753],[-95.6559,41.2752],[-95.6559,41.2824],[-95.6511,41.2824],[-95.6511,41.2896],[-95.6702,41.2899],[-95.6702,41.2862],[-95.6847,41.2862],[-95.6846,41.297],[-95.6653,41.297],[-95.6652,41.3042],[-95.6604,41.3042],[-95.6606,41.2934],[-95.651,41.2932],[-95.651,41.2968],[-95.6414,41.2968],[-95.6413,41.3041],[-95.6366,41.3041],[-95.6364,41.3004],[-95.6317,41.3005],[-95.6317,41.2968],[-95.627,41.2971],[-95.6269,41.3076],[-95.6222,41.3076],[-95.6222,41.3112],[-95.6269,41.3113],[-95.6269,41.3255],[-95.594,41.3253],[-95.594,41.3293],[-95.5844,41.3292],[-95.5846,41.3325],[-95.5748,41.3326],[-95.575,41.3147],[-95.5845,41.3148],[-95.5845,41.3112],[-95.5702,41.3111],[-95.5703,41.3039],[-95.575,41.3039],[-95.5751,41.2894],[-95.5656,41.2894],[-95.5656,41.2749],[-95.556,41.2749],[-95.5561,41.2677],[-95.5657,41.2677],[-95.5657,41.2604],[-95.5275,41.2604],[-95.5275,41.2568],[-95.5227,41.2568],[-95.5229,41.2639],[-95.5274,41.264],[-95.5273,41.2678],[-95.5035,41.2675],[-95.5036,41.2603],[-95.4988,41.2603],[-95.4988,41.2567],[-95.5084,41.2567],[-95.5084,41.2531],[-95.5131,41.2531],[-95.5131,41.2567],[-95.5179,41.2568],[-95.5179,41.2531],[-95.5228,41.253],[-95.5227,41.2459],[-95.5371,41.246],[-95.5371,41.2398],[-95.5442,41.2399],[-95.5461,41.2368],[-95.5462,41.2326],[-95.5275,41.2326],[-95.5276,41.229],[-95.5323,41.229],[-95.5324,41.2254],[-95.5276,41.2254],[-95.5278,41.1964],[-95.5422,41.1963],[-95.5421,41.1891],[-95.5806,41.189],[-95.5804,41.1753],[-95.5852,41.1745],[-95.5852,41.1723],[-95.5876,41.1709],[-95.5756,41.1709],[-95.5756,41.16],[-95.5564,41.1601]]]}},{"type":"Feature","properties":{"leaid":"1921000","name":"North Tama County Community School District","kind":"Unified","gradeLow":"PK","gradeHigh":"12","state":"IA"},"geometry":{"type":"Polygon","coordinates":[[[-92.3276,42.036],[-92.3325,42.036],[-92.3323,42.029],[-92.3419,42.0289],[-92.3418,42.0252],[-92.3563,42.0252],[-92.3563,42.0217],[-92.3661,42.0217],[-92.3662,42.029],[-92.376,42.029],[-92.3757,42.0218],[-92.3945,42.0218],[-92.3952,42.0235],[-92.4049,42.0236],[-92.4051,42.0291],[-92.4154,42.0291],[-92.4154,42.0358],[-92.464,42.0358],[-92.464,42.0431],[-92.4738,42.0431],[-92.4735,42.0503],[-92.4833,42.0503],[-92.4832,42.0575],[-92.4929,42.0574],[-92.4927,42.0647],[-92.488,42.0647],[-92.4882,42.0719],[-92.5124,42.0719],[-92.5127,42.0826],[-92.5224,42.0829],[-92.5227,42.0864],[-92.533,42.0867],[-92.5329,42.1087],[-92.5426,42.1084],[-92.5426,42.1193],[-92.5524,42.1193],[-92.5524,42.1156],[-92.5572,42.1156],[-92.5572,42.1231],[-92.5621,42.1231],[-92.5621,42.1377],[-92.5815,42.1378],[-92.5814,42.1451],[-92.5914,42.1452],[-92.5915,42.167],[-92.5867,42.167],[-92.5867,42.1742],[-92.5914,42.1741],[-92.5918,42.2246],[-92.6013,42.225],[-92.6014,42.2391],[-92.5822,42.2395],[-92.582,42.2537],[-92.5627,42.2538],[-92.5627,42.2574],[-92.553,42.2575],[-92.553,42.2682],[-92.5143,42.2683],[-92.5142,42.2756],[-92.5045,42.2756],[-92.5044,42.2829],[-92.4947,42.2829],[-92.4947,42.2971],[-92.4169,42.2973],[-92.4169,42.2465],[-92.4035,42.2462],[-92.4015,42.2469],[-92.4015,42.2505],[-92.3966,42.2505],[-92.3966,42.2478],[-92.3929,42.249],[-92.3918,42.2468],[-92.3868,42.2468],[-92.3867,42.2419],[-92.3872,42.2397],[-92.3918,42.2396],[-92.3917,42.2324],[-92.3966,42.2323],[-92.3966,42.2396],[-92.4015,42.2396],[-92.4015,42.2437],[-92.4169,42.2433],[-92.4168,42.2352],[-92.4137,42.2368],[-92.4121,42.2393],[-92.4066,42.2395],[-92.4063,42.2375],[-92.4064,42.2324],[-92.4168,42.2324],[-92.4168,42.2105],[-92.4065,42.2106],[-92.4064,42.2251],[-92.3819,42.2252],[-92.382,42.218],[-92.3966,42.2179],[-92.3967,42.2106],[-92.377,42.2107],[-92.3771,42.1884],[-92.3869,42.1885],[-92.387,42.1738],[-92.3967,42.174],[-92.3968,42.1668],[-92.3846,42.1667],[-92.3846,42.1595],[-92.4115,42.1595],[-92.4115,42.1524],[-92.4066,42.1524],[-92.4066,42.1451],[-92.3969,42.1452],[-92.3968,42.1378],[-92.3871,42.1378],[-92.3869,42.1082],[-92.3772,42.1082],[-92.3774,42.1155],[-92.3676,42.1154],[-92.3675,42.1082],[-92.3382,42.1083],[-92.3379,42.0938],[-92.3281,42.0939],[-92.328,42.0867],[-92.3185,42.0867],[-92.3182,42.0578],[-92.3134,42.0577],[-92.3134,42.0558],[-92.3133,42.0542],[-92.3182,42.0542],[-92.3181,42.0506],[-92.3133,42.0506],[-92.3132,42.0433],[-92.3229,42.0433],[-92.3229,42.0469],[-92.3277,42.0469],[-92.3276,42.036]]]}},{"type":"Feature","properties":{"leaid":"1919770","name":"Morning Sun Community School District","kind":"Unified","gradeLow":"PK","gradeHigh":"12","state":"IA"},"geometry":{"type":"Polygon","coordinates":[[[-91.1821,41.0951],[-91.1838,41.0805],[-91.1883,41.0806],[-91.1884,41.0732],[-91.2178,41.0736],[-91.2179,41.0447],[-91.2941,41.0456],[-91.2943,41.0741],[-91.3276,41.0741],[-91.328,41.0817],[-91.3371,41.0811],[-91.3376,41.0887],[-91.3422,41.0884],[-91.3423,41.1034],[-91.3374,41.1034],[-91.3377,41.1107],[-91.3422,41.1107],[-91.3426,41.1613],[-91.3324,41.1612],[-91.3317,41.165],[-91.3125,41.1651],[-91.3125,41.1615],[-91.3084,41.1615],[-91.3083,41.1547],[-91.2986,41.1547],[-91.2987,41.151],[-91.2842,41.1508],[-91.2842,41.1472],[-91.2745,41.147],[-91.2745,41.1542],[-91.273,41.1542],[-91.2646,41.1541],[-91.2646,41.147],[-91.26,41.1468],[-91.26,41.1481],[-91.2582,41.1481],[-91.2582,41.1468],[-91.216,41.1469],[-91.2167,41.11],[-91.2023,41.1099],[-91.2024,41.1024],[-91.1975,41.1027],[-91.1975,41.1063],[-91.1926,41.1063],[-91.1927,41.1026],[-91.188,41.1025],[-91.188,41.0979],[-91.1926,41.0979],[-91.1926,41.095],[-91.1821,41.0951]]]}},{"type":"Feature","properties":{"leaid":"1926250","name":"Sidney Community School District","kind":"Unified","gradeLow":"PK","gradeHigh":"12","state":"IA"},"geometry":{"type":"Polygon","coordinates":[[[-95.4797,40.8149],[-95.48,40.7287],[-95.4847,40.7287],[-95.4875,40.6716],[-95.5828,40.6725],[-95.5822,40.687],[-95.6644,40.6877],[-95.6767,40.6828],[-95.6773,40.6734],[-95.707,40.6736],[-95.7055,40.6772],[-95.7008,40.6772],[-95.7005,40.6841],[-95.6958,40.684],[-95.6956,40.6874],[-95.7142,40.6879],[-95.7145,40.6807],[-95.7101,40.6806],[-95.7105,40.6772],[-95.7207,40.6774],[-95.7192,40.6916],[-95.7047,40.6914],[-95.7042,40.7022],[-95.791,40.7039],[-95.7915,40.6965],[-95.8101,40.6967],[-95.8107,40.6888],[-95.8164,40.6866],[-95.8308,40.6706],[-95.8423,40.6772],[-95.8448,40.6799],[-95.8479,40.6942],[-95.8526,40.7023],[-95.8594,40.7081],[-95.8832,40.7176],[-95.8889,40.7319],[-95.8867,40.7421],[-95.879,40.7531],[-95.87,40.7596],[-95.8466,40.7686],[-95.8389,40.7745],[-95.8352,40.7792],[-95.8342,40.7867],[-95.8437,40.8038],[-95.8452,40.8098],[-95.8449,40.8146],[-95.8085,40.815],[-95.8084,40.7873],[-95.7663,40.7881],[-95.7662,40.7772],[-95.7413,40.7775],[-95.7413,40.7735],[-95.7283,40.7725],[-95.7278,40.8148],[-95.6329,40.815],[-95.6329,40.8187],[-95.6282,40.8188],[-95.6282,40.8223],[-95.6138,40.8233],[-95.6139,40.8258],[-95.6039,40.8261],[-95.6039,40.8298],[-95.597,40.8298],[-95.5756,40.8296],[-95.5755,40.815],[-95.4797,40.8149]]]}},{"type":"Feature","properties":{"leaid":"1908880","name":"Delwood Community School District","kind":"Unified","gradeLow":"PK","gradeHigh":"12","state":"IA"},"geometry":{"type":"Polygon","coordinates":[[[-90.5487,42.0328],[-90.5487,42.0146],[-90.5537,42.0146],[-90.5537,42.0111],[-90.5487,42.0112],[-90.5485,41.9747],[-90.5536,41.9746],[-90.5535,41.9673],[-90.5484,41.9674],[-90.5482,41.9455],[-90.6259,41.9453],[-90.6261,41.9674],[-90.6309,41.9674],[-90.631,41.9746],[-90.66,41.9745],[-90.66,41.9673],[-90.6551,41.9673],[-90.6551,41.9454],[-90.6939,41.9454],[-90.6939,41.9382],[-90.6988,41.9382],[-90.6987,41.9361],[-90.7036,41.936],[-90.7037,41.9163],[-90.7425,41.9166],[-90.7425,41.9454],[-90.7573,41.9455],[-90.7573,41.953],[-90.7425,41.953],[-90.7425,41.9608],[-90.762,41.9604],[-90.7621,41.9713],[-90.767,41.9712],[-90.7669,41.9639],[-90.7719,41.9638],[-90.7719,41.9711],[-90.7768,41.971],[-90.7768,41.9674],[-90.7817,41.9674],[-90.7818,42.0038],[-90.7772,42.0038],[-90.7772,42.0111],[-90.7724,42.0112],[-90.7723,42.0327],[-90.782,42.0329],[-90.782,42.0402],[-90.7577,42.04],[-90.7578,42.0328],[-90.753,42.0328],[-90.7528,42.04],[-90.743,42.04],[-90.7432,42.0329],[-90.7336,42.0329],[-90.7335,42.0399],[-90.7237,42.04],[-90.7238,42.0329],[-90.6653,42.0328],[-90.6652,42.0219],[-90.6556,42.0218],[-90.6556,42.0255],[-90.6265,42.0254],[-90.6265,42.0328],[-90.5487,42.0328]]]}},{"type":"Feature","properties":{"leaid":"1910130","name":"Easton Valley Community School District","kind":"Unified","gradeLow":"PK","gradeHigh":"12","state":"IA"},"geometry":{"type":"Polygon","coordinates":[[[-90.1468,41.9806],[-90.1988,41.9806],[-90.1988,41.9824],[-90.2378,41.9826],[-90.2379,41.9899],[-90.2525,41.99],[-90.2525,41.9827],[-90.2573,41.9828],[-90.2574,41.9754],[-90.3445,41.9751],[-90.3444,42.0041],[-90.3543,42.0043],[-90.3547,42.026],[-90.3605,42.0261],[-90.3607,42.0335],[-90.3988,42.0334],[-90.3987,42.0279],[-90.4036,42.0279],[-90.4037,42.0316],[-90.4062,42.0317],[-90.4063,42.0333],[-90.4234,42.0334],[-90.4231,42.0299],[-90.4326,42.0299],[-90.4325,42.0261],[-90.4422,42.0262],[-90.4422,42.0335],[-90.5487,42.0328],[-90.5489,42.0438],[-90.5537,42.0438],[-90.5537,42.0475],[-90.5489,42.0476],[-90.5489,42.0511],[-90.5443,42.0511],[-90.5444,42.0546],[-90.5334,42.0547],[-90.5346,42.0563],[-90.5394,42.0563],[-90.5395,42.062],[-90.5298,42.0619],[-90.5296,42.069],[-90.5199,42.0692],[-90.5201,42.0728],[-90.5248,42.0728],[-90.5247,42.0766],[-90.5106,42.0766],[-90.5105,42.0839],[-90.5154,42.0841],[-90.5153,42.0874],[-90.5105,42.0874],[-90.5105,42.0937],[-90.5141,42.0983],[-90.5203,42.0987],[-90.5152,42.1058],[-90.5158,42.1096],[-90.5119,42.1113],[-90.5108,42.1199],[-90.5121,42.1203],[-90.5012,42.1203],[-90.5013,42.1278],[-90.487,42.1277],[-90.4864,42.1145],[-90.4832,42.1147],[-90.4773,42.1118],[-90.4772,42.1128],[-90.467,42.1128],[-90.4671,42.1205],[-90.4621,42.1205],[-90.4623,42.1314],[-90.4673,42.1314],[-90.4673,42.1386],[-90.4722,42.1386],[-90.4722,42.1422],[-90.4429,42.1423],[-90.443,42.1496],[-90.4379,42.1496],[-90.438,42.1423],[-90.4281,42.1436],[-90.428,42.1496],[-90.3937,42.1497],[-90.3937,42.1388],[-90.3839,42.1389],[-90.384,42.128],[-90.3743,42.1279],[-90.3741,42.1212],[-90.3641,42.1226],[-90.3585,42.1255],[-90.3524,42.1373],[-90.3446,42.1417],[-90.3435,42.1496],[-90.3359,42.1632],[-90.3066,42.1905],[-90.2984,42.1876],[-90.2822,42.1788],[-90.2691,42.1745],[-90.2501,42.1715],[-90.2161,42.1567],[-90.2083,42.151],[-90.2054,42.1391],[-90.2014,42.1309],[-90.1905,42.1258],[-90.1704,42.125],[-90.164,42.1183],[-90.1619,42.1138],[-90.1611,42.1044],[-90.1634,42.0876],[-90.1684,42.0758],[-90.1656,42.0626],[-90.1669,42.0549],[-90.1653,42.051],[-90.1643,42.0415],[-90.1516,42.0306],[-90.1481,42.02],[-90.1438,42.0149],[-90.1412,42.0089],[-90.1401,42.0033],[-90.1406,41.996],[-90.146,41.9881],[-90.1468,41.9806]]]}},{"type":"Feature","properties":{"leaid":"1921090","name":"Northeast Community School District","kind":"Unified","gradeLow":"PK","gradeHigh":"12","state":"IA"},"geometry":{"type":"Polygon","coordinates":[[[-90.1468,41.9806],[-90.1538,41.9741],[-90.1621,41.9613],[-90.1649,41.9495],[-90.2086,41.9499],[-90.2086,41.9463],[-90.211,41.9463],[-90.211,41.9391],[-90.2183,41.9392],[-90.2183,41.9319],[-90.2137,41.9319],[-90.2136,41.9285],[-90.2087,41.9283],[-90.2088,41.8995],[-90.2188,41.8993],[-90.2187,41.8775],[-90.2236,41.8774],[-90.2236,41.8738],[-90.2286,41.8738],[-90.2285,41.8665],[-90.2575,41.8661],[-90.2575,41.8519],[-90.3157,41.8519],[-90.3158,41.8303],[-90.3548,41.8303],[-90.3548,41.8231],[-90.3937,41.8231],[-90.3939,41.8302],[-90.4083,41.8302],[-90.4082,41.8448],[-90.4323,41.8447],[-90.4322,41.8518],[-90.442,41.8517],[-90.4419,41.8772],[-90.4515,41.8771],[-90.4516,41.9023],[-90.4614,41.9024],[-90.4615,41.9097],[-90.5,41.9093],[-90.5,41.9238],[-90.5196,41.9237],[-90.5194,41.9386],[-90.5241,41.9386],[-90.5241,41.9423],[-90.5386,41.9422],[-90.5386,41.9456],[-90.5482,41.9455],[-90.5484,41.9674],[-90.5535,41.9673],[-90.5536,41.9746],[-90.5485,41.9747],[-90.5487,42.0112],[-90.5537,42.0111],[-90.5537,42.0146],[-90.5487,42.0146],[-90.5487,42.0328],[-90.4422,42.0335],[-90.4422,42.0262],[-90.4325,42.0261],[-90.4326,42.0299],[-90.4231,42.0299],[-90.4234,42.0334],[-90.4063,42.0333],[-90.4062,42.0317],[-90.4037,42.0316],[-90.4036,42.0279],[-90.3987,42.0279],[-90.3988,42.0334],[-90.3607,42.0335],[-90.3605,42.0261],[-90.3547,42.026],[-90.3543,42.0043],[-90.3444,42.0041],[-90.3445,41.9751],[-90.2574,41.9754],[-90.2573,41.9828],[-90.2525,41.9827],[-90.2525,41.99],[-90.2379,41.9899],[-90.2378,41.9826],[-90.1988,41.9824],[-90.1988,41.9806],[-90.1468,41.9806]]]}},{"type":"Feature","properties":{"leaid":"1906000","name":"Calamus-Wheatland Community School District","kind":"Unified","gradeLow":"PK","gradeHigh":"12","state":"IA"},"geometry":{"type":"Polygon","coordinates":[[[-90.7425,41.9166],[-90.694,41.9163],[-90.6942,41.9017],[-90.6845,41.9017],[-90.6845,41.8947],[-90.6749,41.8947],[-90.675,41.8875],[-90.6554,41.8875],[-90.6554,41.8728],[-90.6651,41.8728],[-90.6652,41.8583],[-90.6751,41.8581],[-90.6749,41.8252],[-90.6799,41.8252],[-90.6798,41.8147],[-90.6749,41.8147],[-90.6749,41.8001],[-90.6652,41.7999],[-90.6653,41.7929],[-90.675,41.7929],[-90.675,41.7749],[-90.67,41.775],[-90.6701,41.7636],[-90.6765,41.7609],[-90.6776,41.758],[-90.6761,41.7563],[-90.677,41.7554],[-90.6817,41.7546],[-90.6848,41.757],[-90.6872,41.7566],[-90.6869,41.7525],[-90.6931,41.7506],[-90.6943,41.7489],[-90.6915,41.7461],[-90.6916,41.7431],[-90.6975,41.743],[-90.7036,41.7372],[-90.7072,41.7403],[-90.7117,41.7396],[-90.7139,41.7346],[-90.7223,41.737],[-90.7262,41.7423],[-90.7283,41.7416],[-90.7286,41.7396],[-90.7316,41.7374],[-90.7344,41.7382],[-90.7362,41.7406],[-90.7436,41.7415],[-90.7461,41.7438],[-90.7493,41.7444],[-90.7533,41.7495],[-90.753,41.753],[-90.7824,41.7529],[-90.7824,41.7492],[-90.8116,41.7493],[-90.8116,41.7202],[-90.8408,41.7205],[-90.8406,41.7278],[-90.8454,41.7278],[-90.8453,41.7351],[-90.8504,41.7352],[-90.8504,41.7424],[-90.8551,41.7424],[-90.8551,41.7497],[-90.8648,41.7497],[-90.8647,41.7643],[-90.8599,41.7643],[-90.8597,41.7715],[-90.8984,41.7714],[-90.8989,41.9185],[-90.8899,41.9141],[-90.8742,41.9155],[-90.8733,41.9142],[-90.8755,41.912],[-90.8683,41.9116],[-90.8667,41.9087],[-90.8588,41.9099],[-90.8516,41.9083],[-90.8511,41.907],[-90.8557,41.9061],[-90.8555,41.9047],[-90.8409,41.8991],[-90.8434,41.8953],[-90.8494,41.8943],[-90.8499,41.8923],[-90.8364,41.8881],[-90.836,41.8859],[-90.8387,41.8842],[-90.8302,41.8822],[-90.8292,41.8781],[-90.8247,41.8747],[-90.8103,41.8709],[-90.8049,41.8618],[-90.807,41.8584],[-90.7816,41.8583],[-90.7815,41.9093],[-90.767,41.9093],[-90.7671,41.9019],[-90.7572,41.902],[-90.7572,41.9092],[-90.7426,41.9093],[-90.7425,41.9166]]]}},{"type":"Feature","properties":{"leaid":"1913110","name":"Nodaway Valley Community School District","kind":"Unified","gradeLow":"PK","gradeHigh":"12","state":"IA"},"geometry":{"type":"Polygon","coordinates":[[[-94.5286,41.4173],[-94.4526,41.4172],[-94.4527,41.4032],[-94.4159,41.4028],[-94.4142,41.4038],[-94.4141,41.4171],[-94.3566,41.4172],[-94.3568,41.3738],[-94.3465,41.3738],[-94.3466,41.3813],[-94.337,41.3813],[-94.337,41.3881],[-94.318,41.3882],[-94.3179,41.3738],[-94.2415,41.3738],[-94.2415,41.3594],[-94.2325,41.3593],[-94.2322,41.3558],[-94.2415,41.3558],[-94.2415,41.3414],[-94.2374,41.3413],[-94.2374,41.3377],[-94.2415,41.3378],[-94.2417,41.2437],[-94.395,41.2439],[-94.3951,41.2475],[-94.4047,41.2475],[-94.4048,41.2511],[-94.4096,41.2511],[-94.4097,41.2583],[-94.4217,41.2584],[-94.4218,41.2655],[-94.4371,41.2656],[-94.4385,41.2656],[-94.4382,41.2513],[-94.4424,41.2513],[-94.4424,41.2439],[-94.5852,41.244],[-94.5854,41.1579],[-94.7006,41.1581],[-94.7002,41.3455],[-94.6713,41.3455],[-94.6714,41.3635],[-94.6618,41.3635],[-94.662,41.3744],[-94.6524,41.3743],[-94.6523,41.3671],[-94.6475,41.3671],[-94.6477,41.3743],[-94.6428,41.3743],[-94.6428,41.3671],[-94.6304,41.367],[-94.6283,41.3671],[-94.6284,41.3743],[-94.6045,41.3744],[-94.6046,41.3815],[-94.6141,41.3815],[-94.6147,41.4174],[-94.6051,41.4174],[-94.6051,41.4163],[-94.6036,41.4163],[-94.6036,41.4174],[-94.5956,41.4173],[-94.5955,41.4103],[-94.5938,41.4102],[-94.5858,41.4103],[-94.5859,41.4174],[-94.5478,41.4173],[-94.5477,41.4101],[-94.5573,41.4102],[-94.5573,41.3963],[-94.5285,41.3965],[-94.5286,41.4173]]]}},{"type":"Feature","properties":{"leaid":"1921810","name":"Orient-Macksburg Community School District","kind":"Unified","gradeLow":"PK","gradeHigh":"12","state":"IA"},"geometry":{"type":"Polygon","coordinates":[[[-94.1279,41.1568],[-94.3571,41.1574],[-94.3574,41.1504],[-94.3856,41.1506],[-94.3856,41.1364],[-94.424,41.1365],[-94.424,41.1292],[-94.4336,41.1292],[-94.4336,41.1365],[-94.4431,41.1365],[-94.4431,41.1292],[-94.4707,41.129],[-94.4706,41.1075],[-94.4802,41.1074],[-94.48,41.1002],[-94.4898,41.1002],[-94.4899,41.1073],[-94.485,41.1073],[-94.4851,41.1147],[-94.5472,41.1153],[-94.5475,41.1578],[-94.5854,41.1579],[-94.5852,41.244],[-94.4424,41.2439],[-94.4424,41.2513],[-94.4382,41.2513],[-94.4385,41.2656],[-94.4371,41.2656],[-94.4218,41.2655],[-94.4217,41.2584],[-94.4097,41.2583],[-94.4096,41.2511],[-94.4048,41.2511],[-94.4047,41.2475],[-94.3951,41.2475],[-94.395,41.2439],[-94.2417,41.2437],[-94.2416,41.3016],[-94.1938,41.3016],[-94.1938,41.2976],[-94.1848,41.2976],[-94.1848,41.28],[-94.1656,41.2797],[-94.1657,41.2581],[-94.1472,41.258],[-94.1472,41.2621],[-94.137,41.2621],[-94.1371,41.2581],[-94.1271,41.2581],[-94.1279,41.1568]]]}},{"type":"Feature","properties":{"leaid":"1906840","name":"Central Community School District","kind":"Unified","gradeLow":"PK","gradeHigh":"12","state":"IA"},"geometry":{"type":"Polygon","coordinates":[[[-91.3341,42.9501],[-91.3343,42.9319],[-91.3294,42.9319],[-91.3296,42.921],[-91.3345,42.921],[-91.3346,42.9137],[-91.3296,42.9137],[-91.3293,42.8892],[-91.3293,42.8883],[-91.3343,42.8881],[-91.3343,42.8809],[-91.3294,42.881],[-91.3294,42.8774],[-91.3415,42.8772],[-91.3415,42.8754],[-91.3391,42.8754],[-91.3391,42.8736],[-91.3367,42.8737],[-91.3372,42.8629],[-91.3244,42.8631],[-91.3243,42.8522],[-91.3294,42.8522],[-91.3293,42.8486],[-91.327,42.8486],[-91.3269,42.8449],[-91.3242,42.845],[-91.3242,42.8468],[-91.3192,42.8468],[-91.3193,42.845],[-91.3142,42.845],[-91.3143,42.8523],[-91.3092,42.8523],[-91.3093,42.8559],[-91.3044,42.8559],[-91.3044,42.8595],[-91.2995,42.8594],[-91.2994,42.845],[-91.3093,42.845],[-91.3091,42.8268],[-91.3141,42.8268],[-91.3141,42.8194],[-91.3288,42.8197],[-91.3288,42.8125],[-91.3345,42.8125],[-91.3331,42.8088],[-91.3397,42.8045],[-91.3396,42.8027],[-91.3324,42.7998],[-91.3232,42.8044],[-91.3182,42.7997],[-91.3201,42.7963],[-91.323,42.8005],[-91.3264,42.8002],[-91.3235,42.7924],[-91.321,42.7897],[-91.3163,42.7893],[-91.3066,42.7929],[-91.3083,42.7893],[-91.3151,42.7853],[-91.312,42.7791],[-91.307,42.7777],[-91.2967,42.7805],[-91.2955,42.7798],[-91.2958,42.7768],[-91.2928,42.7722],[-91.2891,42.7714],[-91.2825,42.7726],[-91.2842,42.767],[-91.2749,42.7661],[-91.2749,42.7613],[-91.2674,42.7579],[-91.2648,42.7579],[-91.2656,42.7541],[-91.26,42.754],[-91.2602,42.7468],[-91.2494,42.7474],[-91.245,42.7453],[-91.241,42.741],[-91.2395,42.7324],[-91.3091,42.7324],[-91.3091,42.7471],[-91.329,42.747],[-91.3292,42.7322],[-91.3632,42.7321],[-91.3634,42.714],[-91.3688,42.7139],[-91.3688,42.7102],[-91.3883,42.7103],[-91.3883,42.7247],[-91.4176,42.7245],[-91.4177,42.7313],[-91.4472,42.7317],[-91.4473,42.7753],[-91.4577,42.7755],[-91.458,42.7828],[-91.469,42.7827],[-91.4694,42.7901],[-91.4878,42.7898],[-91.4877,42.7789],[-91.4977,42.7789],[-91.4976,42.7718],[-91.5025,42.7719],[-91.5024,42.7609],[-91.5273,42.7612],[-91.5272,42.7467],[-91.5567,42.7468],[-91.5568,42.754],[-91.5658,42.754],[-91.5665,42.7467],[-91.5764,42.7464],[-91.5761,42.7755],[-91.6073,42.775],[-91.6084,42.8128],[-91.6065,42.8189],[-91.6071,42.8368],[-91.5967,42.8368],[-91.5966,42.855],[-91.5868,42.855],[-91.5868,42.8622],[-91.5917,42.8622],[-91.5918,42.8658],[-91.5967,42.8658],[-91.5967,42.8695],[-91.577,42.8695],[-91.577,42.8623],[-91.5572,42.862],[-91.5572,42.8768],[-91.577,42.8767],[-91.5771,42.8804],[-91.5738,42.8805],[-91.5737,42.8914],[-91.5698,42.8916],[-91.5671,42.8913],[-91.567,42.8805],[-91.5472,42.8806],[-91.5475,42.9023],[-91.5524,42.9023],[-91.5526,42.9097],[-91.5476,42.9097],[-91.5476,42.9059],[-91.4934,42.9057],[-91.5037,42.912],[-91.5033,42.9185],[-91.5051,42.9195],[-91.505,42.9208],[-91.5022,42.9241],[-91.502,42.9269],[-91.5033,42.9296],[-91.5034,42.9492],[-91.4738,42.9497],[-91.4736,42.9533],[-91.4685,42.9534],[-91.4685,42.957],[-91.449,42.9572],[-91.4489,42.9499],[-91.439,42.9499],[-91.4392,42.9608],[-91.4341,42.961],[-91.4341,42.9646],[-91.4292,42.9646],[-91.429,42.95],[-91.3795,42.9503],[-91.3795,42.943],[-91.3744,42.943],[-91.3745,42.9503],[-91.3341,42.9501]]]}},{"type":"Feature","properties":{"leaid":"1915630","name":"Keokuk Community School District","kind":"Unified","gradeLow":"PK","gradeHigh":"12","state":"IA"},"geometry":{"type":"Polygon","coordinates":[[[-91.372,40.4676],[-91.3799,40.4521],[-91.3818,40.4426],[-91.381,40.4354],[-91.3737,40.4179],[-91.3725,40.4115],[-91.3726,40.4012],[-91.3757,40.3919],[-91.3884,40.3849],[-91.397,40.3831],[-91.413,40.3823],[-91.4194,40.3783],[-91.4257,40.3825],[-91.4412,40.3863],[-91.4452,40.3825],[-91.4466,40.3779],[-91.4545,40.3754],[-91.465,40.3762],[-91.4659,40.3784],[-91.463,40.384],[-91.4636,40.3855],[-91.4766,40.3821],[-91.4832,40.3825],[-91.4909,40.393],[-91.488,40.4025],[-91.4885,40.4043],[-91.4981,40.4019],[-91.5053,40.4035],[-91.5091,40.4068],[-91.514,40.4085],[-91.5246,40.4108],[-91.5264,40.4134],[-91.527,40.4182],[-91.5195,40.43],[-91.5191,40.4328],[-91.5291,40.4343],[-91.5336,40.4383],[-91.5335,40.4408],[-91.5241,40.4484],[-91.5231,40.4516],[-91.5201,40.4516],[-91.52,40.4552],[-91.5105,40.4552],[-91.5105,40.4588],[-91.4915,40.4587],[-91.4913,40.4659],[-91.4724,40.4656],[-91.4717,40.4983],[-91.4481,40.4983],[-91.4481,40.4944],[-91.4338,40.4942],[-91.4339,40.4906],[-91.4151,40.4903],[-91.4155,40.4649],[-91.3966,40.4647],[-91.3964,40.472],[-91.3844,40.4719],[-91.372,40.4676]]]}},{"type":"Feature","properties":{"leaid":"1903690","name":"Ankeny Community School District","kind":"Unified","gradeLow":"PK","gradeHigh":"12","state":"IA"},"geometry":{"type":"Polygon","coordinates":[[[-93.5027,41.7462],[-93.503,41.7173],[-93.5416,41.7174],[-93.5418,41.6883],[-93.5452,41.6882],[-93.6789,41.6885],[-93.678,41.6899],[-93.6814,41.6931],[-93.6756,41.695],[-93.6742,41.7],[-93.6748,41.7032],[-93.6775,41.7062],[-93.6787,41.7127],[-93.6814,41.7138],[-93.6884,41.7117],[-93.6924,41.7119],[-93.6933,41.7156],[-93.6899,41.7198],[-93.6897,41.7225],[-93.7034,41.7294],[-93.7136,41.7364],[-93.7153,41.7396],[-93.7144,41.7407],[-93.7091,41.7412],[-93.7098,41.746],[-93.6978,41.7462],[-93.6976,41.7624],[-93.6956,41.7616],[-93.696,41.7609],[-93.6921,41.7609],[-93.6925,41.7681],[-93.6978,41.7681],[-93.6977,41.7769],[-93.5413,41.7769],[-93.5414,41.7463],[-93.5027,41.7462]]]}},{"type":"Feature","properties":{"leaid":"1999017","name":"PCM Community School District","kind":"Unified","gradeLow":"PK","gradeHigh":"12","state":"IA"},"geometry":{"type":"Polygon","coordinates":[[[-93.1454,41.6372],[-93.1455,41.6191],[-93.1502,41.6191],[-93.1502,41.6088],[-93.1405,41.6088],[-93.1404,41.6154],[-93.131,41.6155],[-93.1309,41.612],[-93.1165,41.6119],[-93.1165,41.6155],[-93.077,41.6159],[-93.077,41.6014],[-93.0579,41.6014],[-93.0579,41.6086],[-93.0483,41.6086],[-93.0482,41.6013],[-93.0303,41.6014],[-93.0301,41.5952],[-93.0252,41.5952],[-93.0251,41.5925],[-93.0158,41.5925],[-93.0158,41.5952],[-93.006,41.5952],[-93.006,41.5845],[-92.9962,41.5844],[-92.9961,41.588],[-92.9867,41.5879],[-92.9867,41.5866],[-92.9779,41.588],[-92.9779,41.5844],[-92.9731,41.5844],[-92.9731,41.5772],[-92.9779,41.577],[-92.9779,41.5698],[-92.9685,41.5698],[-92.9685,41.5663],[-92.9634,41.566],[-92.9634,41.5518],[-92.9682,41.5518],[-92.9676,41.5082],[-93.025,41.5084],[-93.025,41.4871],[-93.0635,41.487],[-93.0635,41.4834],[-93.0683,41.4834],[-93.0684,41.4798],[-93.078,41.4799],[-93.078,41.4871],[-93.0877,41.4871],[-93.0877,41.4799],[-93.0829,41.4799],[-93.0827,41.4726],[-93.0731,41.4725],[-93.073,41.4652],[-93.0774,41.4652],[-93.0776,41.4613],[-93.0759,41.4602],[-93.0779,41.4583],[-93.0916,41.4581],[-93.0918,41.4509],[-93.0777,41.4509],[-93.0777,41.4473],[-93.0824,41.4473],[-93.0826,41.4287],[-93.0872,41.4292],[-93.0872,41.4328],[-93.092,41.4328],[-93.092,41.4261],[-93.096,41.4262],[-93.096,41.4292],[-93.1003,41.4292],[-93.1012,41.4365],[-93.1391,41.4364],[-93.1392,41.4299],[-93.1438,41.4349],[-93.148,41.436],[-93.1512,41.4321],[-93.1546,41.4321],[-93.159,41.4337],[-93.1609,41.4357],[-93.1625,41.4414],[-93.1668,41.4435],[-93.1719,41.4432],[-93.177,41.4385],[-93.1808,41.4393],[-93.182,41.4404],[-93.1829,41.4483],[-93.19,41.4519],[-93.1934,41.4493],[-93.1931,41.4432],[-93.1941,41.4408],[-93.1983,41.4399],[-93.2089,41.4494],[-93.2073,41.46],[-93.2126,41.4666],[-93.215,41.4661],[-93.2151,41.4601],[-93.2211,41.4579],[-93.2242,41.4596],[-93.2248,41.4656],[-93.2284,41.4682],[-93.2307,41.4678],[-93.2315,41.4658],[-93.2354,41.4638],[-93.2466,41.4647],[-93.2507,41.4607],[-93.2543,41.4614],[-93.2549,41.4631],[-93.2511,41.4675],[-93.2522,41.4704],[-93.2555,41.4726],[-93.2609,41.4735],[-93.2624,41.4785],[-93.2671,41.483],[-93.2833,41.4905],[-93.2833,41.4919],[-93.2819,41.4911],[-93.2821,41.508],[-93.2917,41.508],[-93.2918,41.5224],[-93.311,41.5224],[-93.3111,41.5369],[-93.3207,41.5369],[-93.3208,41.5342],[-93.3222,41.5333],[-93.3289,41.5343],[-93.3289,41.5843],[-93.3383,41.5839],[-93.3384,41.5873],[-93.3558,41.5865],[-93.3588,41.5904],[-93.3578,41.5908],[-93.3576,41.6009],[-93.3487,41.601],[-93.3486,41.6192],[-93.3434,41.6191],[-93.3433,41.6083],[-93.3336,41.6083],[-93.3338,41.6156],[-93.3289,41.6156],[-93.329,41.621],[-93.3241,41.621],[-93.3241,41.6156],[-93.3193,41.6156],[-93.3193,41.6229],[-93.3388,41.6229],[-93.3388,41.642],[-93.3485,41.6417],[-93.3485,41.6479],[-93.3389,41.6467],[-93.3389,41.6444],[-93.3292,41.6446],[-93.3291,41.6375],[-93.3194,41.6374],[-93.3194,41.6338],[-93.2517,41.6337],[-93.2517,41.6301],[-93.1985,41.63],[-93.1985,41.6374],[-93.1649,41.6373],[-93.1648,41.6445],[-93.1696,41.6445],[-93.1696,41.648],[-93.1502,41.648],[-93.1503,41.6445],[-93.1551,41.6445],[-93.1552,41.6372],[-93.1454,41.6372]]]}},{"type":"Feature","properties":{"leaid":"1921600","name":"Odebolt Arthur Battle Creek Ida Grove Community School District","kind":"Unified","gradeLow":"PK","gradeHigh":"12","state":"IA"},"geometry":{"type":"Polygon","coordinates":[[[-95.3421,42.4214],[-95.3225,42.4214],[-95.3226,42.4146],[-95.3128,42.4146],[-95.313,42.4238],[-95.3032,42.4237],[-95.3033,42.4291],[-95.2935,42.4291],[-95.2936,42.4219],[-95.3032,42.4218],[-95.3032,42.4146],[-95.2885,42.4149],[-95.2886,42.4219],[-95.2838,42.4221],[-95.2838,42.4292],[-95.2741,42.4292],[-95.2741,42.4147],[-95.2547,42.4148],[-95.2547,42.4219],[-95.245,42.4217],[-95.245,42.4291],[-95.2352,42.4291],[-95.2351,42.4219],[-95.2302,42.4218],[-95.2302,42.4182],[-95.2351,42.4182],[-95.2351,42.4146],[-95.24,42.4147],[-95.24,42.411],[-95.235,42.411],[-95.235,42.4056],[-95.2251,42.4056],[-95.2251,42.4072],[-95.2155,42.4072],[-95.2155,42.4001],[-95.2058,42.4],[-95.2057,42.3855],[-95.1871,42.3857],[-95.1872,42.3806],[-95.1774,42.3806],[-95.1775,42.377],[-95.1677,42.3769],[-95.1678,42.3697],[-95.1483,42.3695],[-95.1484,42.3407],[-95.1387,42.3406],[-95.1387,42.3262],[-95.1291,42.3261],[-95.1291,42.3116],[-95.1486,42.3117],[-95.1488,42.2972],[-95.1537,42.2973],[-95.1537,42.2902],[-95.1683,42.2902],[-95.1697,42.283],[-95.1877,42.2831],[-95.1877,42.2759],[-95.1975,42.2759],[-95.1975,42.2831],[-95.2062,42.2831],[-95.2062,42.2758],[-95.2111,42.2758],[-95.2111,42.2686],[-95.2024,42.2686],[-95.2023,42.2614],[-95.2064,42.2614],[-95.2065,42.2577],[-95.2023,42.2578],[-95.2023,42.2541],[-95.1974,42.2541],[-95.1974,42.2253],[-95.1878,42.2253],[-95.1877,42.2108],[-95.207,42.2109],[-95.2073,42.1674],[-95.2268,42.1675],[-95.2267,42.1531],[-95.2654,42.1532],[-95.2653,42.1604],[-95.275,42.1604],[-95.2761,42.1621],[-95.2811,42.1619],[-95.2811,42.1676],[-95.2752,42.1676],[-95.2751,42.1965],[-95.2652,42.1965],[-95.2652,42.1893],[-95.246,42.1892],[-95.2459,42.2],[-95.2507,42.2],[-95.2507,42.2036],[-95.2652,42.2038],[-95.2653,42.2108],[-95.3282,42.2109],[-95.3282,42.2147],[-95.333,42.2148],[-95.3331,42.2253],[-95.333,42.2289],[-95.3282,42.2289],[-95.3282,42.2325],[-95.3378,42.2324],[-95.3379,42.2253],[-95.3524,42.2252],[-95.3524,42.2326],[-95.3912,42.2324],[-95.3912,42.2469],[-95.4059,42.2468],[-95.4057,42.2324],[-95.4107,42.2324],[-95.4107,42.2252],[-95.4205,42.2252],[-95.4205,42.2612],[-95.4345,42.2614],[-95.4345,42.2542],[-95.4394,42.2542],[-95.4394,42.2469],[-95.449,42.2469],[-95.4491,42.2397],[-95.4589,42.2397],[-95.4589,42.2361],[-95.4491,42.2361],[-95.4492,42.2253],[-95.4686,42.2253],[-95.4685,42.2325],[-95.4784,42.2326],[-95.4784,42.2343],[-95.4878,42.2343],[-95.488,42.2253],[-95.5125,42.2253],[-95.5125,42.2327],[-95.5076,42.2326],[-95.5076,42.2289],[-95.4978,42.2289],[-95.4978,42.2326],[-95.5027,42.2326],[-95.5027,42.2399],[-95.5173,42.2399],[-95.5174,42.2254],[-95.5367,42.2254],[-95.5368,42.2327],[-95.5271,42.2326],[-95.5271,42.24],[-95.5461,42.2399],[-95.546,42.2109],[-95.5554,42.2109],[-95.5553,42.2037],[-95.565,42.2038],[-95.565,42.2109],[-95.5892,42.211],[-95.5894,42.1968],[-95.594,42.1965],[-95.5992,42.1968],[-95.5991,42.2039],[-95.604,42.2039],[-95.6038,42.2111],[-95.6088,42.2111],[-95.6089,42.204],[-95.6138,42.204],[-95.6137,42.2111],[-95.6219,42.2112],[-95.6333,42.2112],[-95.6333,42.204],[-95.643,42.204],[-95.643,42.2113],[-95.6527,42.2113],[-95.6525,42.2185],[-95.6233,42.2184],[-95.6234,42.2131],[-95.6137,42.213],[-95.6133,42.2328],[-95.6181,42.2329],[-95.6179,42.24],[-95.6229,42.2401],[-95.6231,42.2474],[-95.6377,42.2477],[-95.6378,42.2548],[-95.633,42.2547],[-95.633,42.2584],[-95.6427,42.2587],[-95.6427,42.2659],[-95.6611,42.266],[-95.6611,42.2696],[-95.6702,42.2697],[-95.6701,42.2803],[-95.6798,42.2803],[-95.6798,42.2838],[-95.6702,42.2837],[-95.6702,42.2873],[-95.68,42.2874],[-95.6801,42.289],[-95.6801,42.2982],[-95.6704,42.2981],[-95.6704,42.3054],[-95.6802,42.3054],[-95.6802,42.309],[-95.6899,42.3091],[-95.69,42.3272],[-95.7096,42.3271],[-95.7096,42.3345],[-95.7292,42.3344],[-95.7292,42.3271],[-95.739,42.3272],[-95.7389,42.3345],[-95.7487,42.3346],[-95.7487,42.3418],[-95.7291,42.3416],[-95.7287,42.3708],[-95.719,42.3707],[-95.7188,42.378],[-95.6845,42.378],[-95.6845,42.3847],[-95.6892,42.3847],[-95.6893,42.392],[-95.6621,42.3921],[-95.6621,42.3902],[-95.6523,42.3902],[-95.6525,42.3993],[-95.6428,42.3993],[-95.6428,42.3957],[-95.6331,42.3957],[-95.6332,42.3993],[-95.6236,42.3993],[-95.6238,42.4066],[-95.6139,42.4065],[-95.6135,42.3957],[-95.6038,42.3957],[-95.6037,42.3921],[-95.5647,42.3922],[-95.5645,42.3777],[-95.5597,42.3777],[-95.5597,42.3848],[-95.5547,42.3848],[-95.5549,42.3922],[-95.5367,42.3922],[-95.5367,42.3993],[-95.5171,42.3994],[-95.5171,42.4139],[-95.5272,42.4138],[-95.5272,42.4067],[-95.5368,42.4066],[-95.5368,42.4138],[-95.5321,42.4138],[-95.5321,42.4211],[-95.5171,42.4212],[-95.5171,42.4284],[-95.4976,42.4283],[-95.4976,42.4355],[-95.4876,42.4355],[-95.4875,42.4428],[-95.468,42.4428],[-95.4681,42.4355],[-95.4488,42.4356],[-95.4482,42.4373],[-95.4387,42.4373],[-95.4388,42.4283],[-95.4299,42.4282],[-95.43,42.421],[-95.4201,42.4211],[-95.4201,42.4138],[-95.4007,42.4139],[-95.4007,42.4216],[-95.3813,42.4213],[-95.3813,42.4142],[-95.3422,42.4145],[-95.3421,42.4214]]]}},{"type":"Feature","properties":{"leaid":"1904680","name":"Belmond-Klemme Community School District","kind":"Unified","gradeLow":"PK","gradeHigh":"12","state":"IA"},"geometry":{"type":"Polygon","coordinates":[[[-93.6365,42.775],[-93.6416,42.7751],[-93.6415,42.7824],[-93.6513,42.7823],[-93.6513,42.786],[-93.6562,42.7861],[-93.6566,42.7825],[-93.6612,42.7825],[-93.6611,42.7897],[-93.676,42.7899],[-93.6761,42.8118],[-93.6859,42.8118],[-93.6859,42.8196],[-93.7249,42.8197],[-93.725,42.8341],[-93.7216,42.8341],[-93.7215,42.8326],[-93.7203,42.8326],[-93.7202,42.8341],[-93.7151,42.8341],[-93.715,42.8413],[-93.7248,42.8414],[-93.7248,42.8486],[-93.7345,42.8487],[-93.7345,42.8414],[-93.7543,42.8415],[-93.7542,42.8559],[-93.764,42.8559],[-93.7638,42.8704],[-93.754,42.8704],[-93.754,42.8776],[-93.7441,42.8776],[-93.7436,42.8921],[-93.7342,42.8921],[-93.7342,42.9029],[-93.715,42.9027],[-93.715,42.8992],[-93.7052,42.8991],[-93.7052,42.9085],[-93.6855,42.9085],[-93.6855,42.9231],[-93.6755,42.9231],[-93.6755,42.9303],[-93.6856,42.9303],[-93.6859,42.9521],[-93.6756,42.9521],[-93.6756,42.9593],[-93.6854,42.9593],[-93.6854,42.9665],[-93.6958,42.9666],[-93.6956,42.9737],[-93.7147,42.9739],[-93.7146,42.9952],[-93.7341,42.9952],[-93.734,43.0097],[-93.7244,43.0098],[-93.7245,43.0242],[-93.7147,43.0244],[-93.7146,43.0316],[-93.6851,43.0314],[-93.6852,43.0172],[-93.6755,43.0169],[-93.6756,43.0097],[-93.6656,43.0097],[-93.6656,43.0133],[-93.6557,43.0131],[-93.6556,43.0458],[-93.6212,43.0458],[-93.6212,43.0422],[-93.6261,43.0422],[-93.6261,43.0386],[-93.6163,43.0386],[-93.6163,43.0495],[-93.5667,43.0495],[-93.5667,43.0458],[-93.537,43.0459],[-93.5371,43.0349],[-93.5272,43.035],[-93.5274,43.0531],[-93.5175,43.0531],[-93.5174,43.0387],[-93.4978,43.0387],[-93.4981,42.9663],[-93.508,42.9663],[-93.5081,42.959],[-93.5277,42.9591],[-93.528,42.9447],[-93.5477,42.9448],[-93.5479,42.9376],[-93.5576,42.9376],[-93.5577,42.9304],[-93.5627,42.9304],[-93.5628,42.9232],[-93.5477,42.9232],[-93.5477,42.9267],[-93.5383,42.9266],[-93.5381,42.9158],[-93.5283,42.9158],[-93.5283,42.9038],[-93.5184,42.9036],[-93.5183,42.8998],[-93.4986,42.8996],[-93.4986,42.8561],[-93.5092,42.8563],[-93.5089,42.8276],[-93.529,42.8273],[-93.5287,42.8196],[-93.538,42.8196],[-93.5383,42.8039],[-93.5481,42.8039],[-93.5478,42.7893],[-93.5288,42.7892],[-93.5286,42.7823],[-93.5185,42.7822],[-93.5185,42.7749],[-93.5085,42.7748],[-93.5085,42.7712],[-93.4987,42.7712],[-93.4987,42.7532],[-93.4881,42.7532],[-93.488,42.7313],[-93.5283,42.7313],[-93.5283,42.7244],[-93.5185,42.7245],[-93.5185,42.7172],[-93.5479,42.7171],[-93.5479,42.7099],[-93.5578,42.7099],[-93.5578,42.7179],[-93.5637,42.7189],[-93.5655,42.7204],[-93.5636,42.7215],[-93.5627,42.7207],[-93.5626,42.7243],[-93.5661,42.7253],[-93.5773,42.7244],[-93.5773,42.7279],[-93.597,42.7279],[-93.5969,42.7313],[-93.6066,42.7313],[-93.6067,42.739],[-93.6114,42.7388],[-93.6114,42.7458],[-93.6173,42.7458],[-93.6171,42.7675],[-93.6366,42.7678],[-93.6365,42.775]],[[-93.6365,42.775],[-93.6351,42.775],[-93.6351,42.7758],[-93.6365,42.7758],[-93.6365,42.775]]]}},{"type":"Feature","properties":{"leaid":"1905430","name":"West Hancock Community School District","kind":"Unified","gradeLow":"PK","gradeHigh":"12","state":"IA"},"geometry":{"type":"Polygon","coordinates":[[[-93.7832,43.1729],[-93.7834,43.1593],[-93.7736,43.1592],[-93.7736,43.1557],[-93.7637,43.1556],[-93.7636,43.1592],[-93.7537,43.1592],[-93.7537,43.1556],[-93.7386,43.1555],[-93.7386,43.159],[-93.7338,43.159],[-93.7338,43.1519],[-93.7299,43.1519],[-93.73,43.141],[-93.7152,43.1412],[-93.7152,43.1339],[-93.7051,43.134],[-93.7051,43.1267],[-93.7102,43.1267],[-93.7101,43.1194],[-93.715,43.1194],[-93.7149,43.1122],[-93.7099,43.1122],[-93.71,43.105],[-93.7149,43.105],[-93.7149,43.0977],[-93.7244,43.0977],[-93.7245,43.0833],[-93.705,43.0831],[-93.705,43.0785],[-93.7296,43.0796],[-93.7296,43.0748],[-93.7144,43.075],[-93.7145,43.0671],[-93.7095,43.0672],[-93.7095,43.0602],[-93.7046,43.0602],[-93.7047,43.0459],[-93.7145,43.046],[-93.7145,43.0389],[-93.7195,43.0388],[-93.7194,43.0496],[-93.7144,43.0497],[-93.7144,43.0602],[-93.7245,43.0603],[-93.7243,43.0532],[-93.7337,43.0531],[-93.7339,43.0313],[-93.7146,43.0316],[-93.7147,43.0244],[-93.7245,43.0242],[-93.7244,43.0098],[-93.734,43.0097],[-93.7341,42.9952],[-93.7146,42.9952],[-93.7147,42.9739],[-93.6956,42.9737],[-93.6958,42.9666],[-93.6854,42.9665],[-93.6854,42.9593],[-93.6756,42.9593],[-93.6756,42.9521],[-93.6859,42.9521],[-93.6856,42.9303],[-93.6755,42.9303],[-93.6755,42.9231],[-93.6855,42.9231],[-93.6855,42.9085],[-93.7052,42.9085],[-93.7052,42.8991],[-93.715,42.8992],[-93.715,42.9027],[-93.7342,42.9029],[-93.7342,42.8921],[-93.7436,42.8921],[-93.7441,42.8776],[-93.754,42.8776],[-93.754,42.8704],[-93.7638,42.8704],[-93.764,42.8559],[-93.7542,42.8559],[-93.7543,42.8487],[-93.7836,42.8487],[-93.7837,42.8416],[-93.7935,42.8417],[-93.7936,42.8379],[-93.8036,42.8379],[-93.804,42.8411],[-93.8232,42.8421],[-93.8228,42.8526],[-93.8327,42.8526],[-93.8327,42.8487],[-93.8432,42.8488],[-93.8428,42.8343],[-93.8527,42.8343],[-93.8526,42.8557],[-93.8624,42.8559],[-93.8625,42.8633],[-93.8526,42.8633],[-93.8525,42.8777],[-93.8819,42.8778],[-93.8817,42.9084],[-93.8916,42.9083],[-93.8916,42.9372],[-93.9016,42.9373],[-93.9019,42.9517],[-93.8921,42.952],[-93.8917,42.9446],[-93.8821,42.9445],[-93.8821,42.9589],[-93.8919,42.9591],[-93.8919,42.9661],[-93.9118,42.9661],[-93.9117,42.9805],[-93.8919,42.9806],[-93.8917,42.9951],[-93.872,42.9951],[-93.8719,43.0239],[-93.8816,43.024],[-93.8817,43.0384],[-93.8915,43.0384],[-93.8915,43.0311],[-93.9013,43.0311],[-93.9013,43.0384],[-93.9207,43.0381],[-93.9209,43.0526],[-93.9112,43.0527],[-93.9112,43.0599],[-93.9309,43.0598],[-93.9308,43.067],[-93.9456,43.0667],[-93.9455,43.0827],[-93.9308,43.0827],[-93.9308,43.0876],[-93.9505,43.0899],[-93.9506,43.0972],[-93.9405,43.0972],[-93.9407,43.1117],[-93.9703,43.1115],[-93.9703,43.1692],[-93.9111,43.1694],[-93.911,43.1553],[-93.9012,43.1553],[-93.9012,43.1694],[-93.8519,43.1693],[-93.852,43.1837],[-93.842,43.1838],[-93.8421,43.1908],[-93.8223,43.1909],[-93.8223,43.1874],[-93.8125,43.1874],[-93.8125,43.1838],[-93.8026,43.1838],[-93.8027,43.1765],[-93.8126,43.1766],[-93.8127,43.1693],[-93.793,43.1694],[-93.7928,43.1838],[-93.7728,43.1839],[-93.7732,43.173],[-93.7832,43.1729]]]}},{"type":"Feature","properties":{"leaid":"1903780","name":"Ar-We-Va Community School District","kind":"Unified","gradeLow":"PK","gradeHigh":"12","state":"IA"},"geometry":{"type":"Polygon","coordinates":[[[-95.0728,42.1603],[-95.0729,42.1528],[-95.0681,42.1528],[-95.0681,42.1602],[-95.0536,42.1603],[-95.0536,42.1528],[-95.0341,42.1528],[-95.034,42.1383],[-95.0291,42.1383],[-95.0291,42.1348],[-95.0145,42.1347],[-95.0146,42.1383],[-95.0195,42.1383],[-95.0193,42.1455],[-95.0096,42.1456],[-95.0097,42.1347],[-95.0048,42.1347],[-95.0048,42.1382],[-94.9951,42.1382],[-94.9949,42.1238],[-94.9852,42.1238],[-94.9852,42.1151],[-94.9755,42.115],[-94.9756,42.1076],[-94.9851,42.1077],[-94.9853,42.104],[-94.9853,42.1004],[-94.9756,42.1004],[-94.9756,42.0932],[-94.9853,42.0933],[-94.9853,42.0861],[-94.9757,42.086],[-94.9758,42.0788],[-95.053,42.079],[-95.053,42.0721],[-95.0725,42.0719],[-95.0725,42.0647],[-95.0337,42.0646],[-95.0339,42.0501],[-95.0241,42.0501],[-95.0242,42.0574],[-95.0145,42.0574],[-95.0147,42.0357],[-94.9953,42.0356],[-94.9952,42.05],[-94.9854,42.0499],[-94.9854,42.0572],[-94.9758,42.0571],[-94.9761,42.0153],[-95.0098,42.0155],[-95.0099,42.0119],[-95.0148,42.0119],[-95.0147,42.0155],[-95.0244,42.0155],[-95.0245,42.0119],[-95.0342,42.012],[-95.0342,42.0084],[-95.0438,42.0083],[-95.044,42.0011],[-95.0343,42.0012],[-95.0343,41.994],[-95.0536,41.9938],[-95.0535,42.0011],[-95.0681,42.001],[-95.0681,41.9938],[-95.097,41.9941],[-95.097,41.9869],[-95.1019,41.987],[-95.102,41.9797],[-95.2084,41.9803],[-95.2084,41.9876],[-95.1985,41.9876],[-95.1984,41.9912],[-95.1888,41.9912],[-95.1889,41.9877],[-95.1792,41.9876],[-95.1791,41.9948],[-95.2084,41.9948],[-95.2083,42.002],[-95.218,42.0021],[-95.218,41.9949],[-95.2374,41.9948],[-95.2374,42.0093],[-95.2326,42.0093],[-95.2325,42.0201],[-95.2421,42.0202],[-95.242,42.0237],[-95.2469,42.0237],[-95.2471,42.0274],[-95.2517,42.0273],[-95.2515,42.031],[-95.261,42.031],[-95.261,42.0367],[-95.2657,42.0367],[-95.2657,42.0403],[-95.2707,42.0403],[-95.2707,42.0366],[-95.2802,42.0367],[-95.2802,42.044],[-95.2754,42.0439],[-95.2753,42.0511],[-95.2802,42.0511],[-95.2802,42.0583],[-95.2946,42.0584],[-95.2946,42.0656],[-95.2994,42.0655],[-95.2994,42.0691],[-95.2946,42.0691],[-95.2945,42.0728],[-95.2752,42.0727],[-95.2751,42.0763],[-95.2703,42.0763],[-95.2703,42.0871],[-95.2751,42.0871],[-95.2751,42.0799],[-95.2966,42.0799],[-95.2993,42.0801],[-95.2992,42.0871],[-95.2896,42.0871],[-95.2896,42.0836],[-95.2799,42.0836],[-95.28,42.0908],[-95.2655,42.0906],[-95.2655,42.0942],[-95.2849,42.0944],[-95.2848,42.098],[-95.28,42.098],[-95.28,42.1015],[-95.2751,42.1015],[-95.2751,42.1087],[-95.2655,42.109],[-95.2656,42.1159],[-95.2752,42.1159],[-95.2751,42.1124],[-95.28,42.1124],[-95.28,42.1158],[-95.2845,42.1159],[-95.2847,42.1195],[-95.28,42.1196],[-95.28,42.1243],[-95.2852,42.1243],[-95.2848,42.1407],[-95.2752,42.1406],[-95.2751,42.1496],[-95.2656,42.1487],[-95.2654,42.1532],[-95.2267,42.1531],[-95.2268,42.1675],[-95.2073,42.1674],[-95.2072,42.1821],[-95.1711,42.1818],[-95.1712,42.1782],[-95.1687,42.1782],[-95.1688,42.1746],[-95.1205,42.1745],[-95.1205,42.1708],[-95.1345,42.1709],[-95.1347,42.1673],[-95.1446,42.1673],[-95.1446,42.1637],[-95.1301,42.1637],[-95.1302,42.1673],[-95.0912,42.167],[-95.0913,42.1602],[-95.0728,42.1603]]]}},{"type":"Feature","properties":{"leaid":"1929580","name":"East Sac County Community School District","kind":"Unified","gradeLow":"PK","gradeHigh":"12","state":"IA"},"geometry":{"type":"Polygon","coordinates":[[[-94.9145,42.5178],[-94.9154,42.4428],[-94.9352,42.4431],[-94.9352,42.3851],[-94.9157,42.3851],[-94.9161,42.3688],[-94.9065,42.3688],[-94.9066,42.3543],[-94.8965,42.3542],[-94.8966,42.3506],[-94.8917,42.3506],[-94.8917,42.3469],[-94.8576,42.3472],[-94.8577,42.3326],[-94.8675,42.3325],[-94.8676,42.3253],[-94.8578,42.3252],[-94.8579,42.3183],[-94.8627,42.3182],[-94.8626,42.3109],[-94.858,42.311],[-94.8581,42.3038],[-94.863,42.3037],[-94.8626,42.2998],[-94.8581,42.2998],[-94.8584,42.2097],[-95.0335,42.2103],[-95.0338,42.2035],[-95.0434,42.2035],[-95.0437,42.1963],[-95.0534,42.1963],[-95.0535,42.1673],[-95.0728,42.1673],[-95.0728,42.1603],[-95.0913,42.1602],[-95.0912,42.167],[-95.1302,42.1673],[-95.1301,42.1637],[-95.1446,42.1637],[-95.1446,42.1673],[-95.1347,42.1673],[-95.1345,42.1709],[-95.1205,42.1708],[-95.1205,42.1745],[-95.1688,42.1746],[-95.1687,42.1782],[-95.1712,42.1782],[-95.1711,42.1818],[-95.2072,42.1821],[-95.207,42.2109],[-95.1877,42.2108],[-95.1878,42.2253],[-95.1974,42.2253],[-95.1974,42.2541],[-95.2023,42.2541],[-95.2023,42.2578],[-95.2065,42.2577],[-95.2064,42.2614],[-95.2023,42.2614],[-95.2024,42.2686],[-95.2111,42.2686],[-95.2111,42.2758],[-95.2062,42.2758],[-95.2062,42.2831],[-95.1975,42.2831],[-95.1975,42.2759],[-95.1877,42.2759],[-95.1877,42.2831],[-95.1697,42.283],[-95.1683,42.2902],[-95.1537,42.2902],[-95.1537,42.2973],[-95.1488,42.2972],[-95.1486,42.3117],[-95.1291,42.3116],[-95.1291,42.3261],[-95.1387,42.3262],[-95.1387,42.3406],[-95.1484,42.3407],[-95.1483,42.3659],[-95.1435,42.3659],[-95.1434,42.3695],[-95.1288,42.3695],[-95.1288,42.3731],[-95.119,42.373],[-95.1189,42.3767],[-95.1238,42.3767],[-95.1237,42.3803],[-95.1188,42.3803],[-95.1188,42.3859],[-95.0894,42.3858],[-95.0893,42.4548],[-95.0807,42.455],[-95.0808,42.4585],[-95.0893,42.4584],[-95.0892,42.4656],[-95.0809,42.4657],[-95.0806,42.47],[-95.0849,42.47],[-95.0848,42.4744],[-95.0783,42.4744],[-95.0773,42.4756],[-95.0773,42.4744],[-95.0328,42.4743],[-95.0327,42.4817],[-95.0221,42.4817],[-95.0223,42.489],[-95.0266,42.489],[-95.0267,42.4962],[-95.0223,42.4963],[-95.0224,42.5181],[-95.0127,42.5181],[-95.0127,42.5108],[-94.9931,42.5107],[-94.9932,42.5252],[-95.003,42.5253],[-95.003,42.5361],[-94.9932,42.5361],[-94.9932,42.5397],[-94.9884,42.5397],[-94.9883,42.5361],[-94.9834,42.5361],[-94.9834,42.5325],[-94.9635,42.5324],[-94.9637,42.5252],[-94.9342,42.525],[-94.9342,42.5323],[-94.9245,42.5323],[-94.9247,42.5178],[-94.9145,42.5178]]]}},{"type":"Feature","properties":{"leaid":"1908310","name":"Creston Community School District","kind":"Unified","gradeLow":"PK","gradeHigh":"12","state":"IA"},"geometry":{"type":"Polygon","coordinates":[[[-94.6619,41.158],[-94.5475,41.1578],[-94.5472,41.1153],[-94.4851,41.1147],[-94.485,41.1073],[-94.4899,41.1073],[-94.4898,41.1002],[-94.48,41.1002],[-94.4802,41.1074],[-94.4706,41.1075],[-94.4707,41.129],[-94.4431,41.1292],[-94.4431,41.1365],[-94.4336,41.1365],[-94.4336,41.1292],[-94.424,41.1292],[-94.424,41.1365],[-94.3856,41.1364],[-94.3856,41.1506],[-94.3574,41.1504],[-94.3571,41.1574],[-94.2416,41.1571],[-94.2424,41.0277],[-94.2519,41.0278],[-94.2519,41.0266],[-94.2518,41.0205],[-94.2424,41.0204],[-94.2422,40.9916],[-94.2518,40.9915],[-94.2518,40.9989],[-94.2613,40.9989],[-94.2613,41.0026],[-94.2709,41.0027],[-94.2708,40.9991],[-94.2805,40.9992],[-94.2805,40.9919],[-94.2709,40.9918],[-94.2709,40.9845],[-94.3186,40.9849],[-94.3186,40.9711],[-94.3281,40.9712],[-94.3281,40.9639],[-94.3186,40.9639],[-94.3185,40.9602],[-94.3139,40.9602],[-94.3139,40.9566],[-94.2996,40.9564],[-94.2999,40.9384],[-94.3138,40.9385],[-94.3139,40.9421],[-94.3185,40.9422],[-94.3183,40.9277],[-94.3279,40.9278],[-94.328,40.935],[-94.3327,40.935],[-94.3327,40.9384],[-94.3374,40.9385],[-94.3374,40.9422],[-94.357,40.9423],[-94.357,40.9279],[-94.3375,40.9279],[-94.3375,40.9242],[-94.3352,40.9241],[-94.335,40.9168],[-94.3375,40.9169],[-94.3375,40.9206],[-94.347,40.9206],[-94.347,40.9135],[-94.3571,40.9136],[-94.3573,40.8992],[-94.3953,40.8993],[-94.3956,40.8957],[-94.4004,40.8957],[-94.4003,40.8993],[-94.4379,40.8993],[-94.4379,40.903],[-94.4237,40.9029],[-94.4236,40.9066],[-94.4427,40.9067],[-94.4427,40.9139],[-94.447,40.914],[-94.4478,40.9026],[-94.4523,40.9026],[-94.4521,40.9103],[-94.4639,40.9103],[-94.464,40.9066],[-94.4706,40.9065],[-94.4705,40.9103],[-94.4662,40.9103],[-94.4661,40.9174],[-94.438,40.9175],[-94.4379,40.9211],[-94.4331,40.9211],[-94.4331,40.9285],[-94.4282,40.9285],[-94.4282,40.9318],[-94.4329,40.9318],[-94.4328,40.9356],[-94.4422,40.9356],[-94.4422,40.9321],[-94.4379,40.9322],[-94.4377,40.9284],[-94.4661,40.9283],[-94.466,40.9319],[-94.4613,40.9319],[-94.4613,40.9355],[-94.4705,40.9355],[-94.4705,40.9427],[-94.4752,40.9427],[-94.4752,40.9572],[-94.4802,40.9572],[-94.4803,40.9644],[-94.4755,40.9644],[-94.4755,40.968],[-94.4705,40.968],[-94.4705,40.9788],[-94.48,40.9789],[-94.48,40.9825],[-94.4847,40.9825],[-94.4847,40.9857],[-94.5085,40.986],[-94.5087,40.9931],[-94.5134,40.9931],[-94.5132,40.9859],[-94.5561,40.9857],[-94.5562,40.979],[-94.5854,40.9789],[-94.5855,40.9647],[-94.6095,40.9648],[-94.6094,40.9792],[-94.6188,40.9793],[-94.6186,40.986],[-94.623,40.9859],[-94.6234,41.0146],[-94.6324,41.0146],[-94.6324,41.0086],[-94.661,41.0092],[-94.661,41.0148],[-94.6798,41.0148],[-94.6798,41.0222],[-94.6703,41.0221],[-94.6704,41.0257],[-94.6846,41.0258],[-94.6846,41.0294],[-94.6799,41.0294],[-94.6798,41.0582],[-94.6608,41.058],[-94.6609,41.0652],[-94.6562,41.0652],[-94.6563,41.0688],[-94.661,41.0688],[-94.6611,41.0718],[-94.6707,41.0718],[-94.6707,41.0789],[-94.666,41.0789],[-94.666,41.0861],[-94.6707,41.0861],[-94.6706,41.1005],[-94.666,41.1006],[-94.6661,41.1078],[-94.6613,41.1077],[-94.6614,41.1151],[-94.6509,41.115],[-94.6519,41.1332],[-94.6617,41.1331],[-94.6619,41.158]]]}},{"type":"Feature","properties":{"leaid":"1914370","name":"Humboldt Community School District","kind":"Unified","gradeLow":"PK","gradeHigh":"12","state":"IA"},"geometry":{"type":"Polygon","coordinates":[[[-93.9712,42.9078],[-93.9714,42.8918],[-93.9764,42.8914],[-93.9763,42.8879],[-93.9813,42.8876],[-93.9813,42.8842],[-93.9714,42.8846],[-93.9714,42.8774],[-93.9608,42.8774],[-93.9609,42.8702],[-93.9659,42.8702],[-93.9659,42.863],[-93.9714,42.863],[-93.9715,42.8341],[-93.9614,42.8342],[-93.9614,42.8271],[-93.9715,42.8269],[-93.9715,42.8197],[-93.9317,42.8197],[-93.9318,42.8113],[-93.9418,42.8115],[-93.9419,42.8078],[-93.9517,42.8079],[-93.9519,42.8032],[-93.9611,42.8104],[-93.9614,42.8036],[-93.9528,42.8001],[-93.9521,42.801],[-93.9491,42.8007],[-93.9491,42.7971],[-93.9519,42.797],[-93.9517,42.7931],[-93.9567,42.7933],[-93.9569,42.7898],[-93.9812,42.7896],[-93.9814,42.7823],[-93.9715,42.7823],[-93.9716,42.7679],[-93.991,42.7678],[-93.991,42.7633],[-93.991,42.7605],[-93.9812,42.7605],[-93.9812,42.7533],[-93.991,42.7533],[-93.991,42.7569],[-93.9958,42.7569],[-93.9959,42.7533],[-94.0107,42.7533],[-94.0303,42.7534],[-94.0304,42.7549],[-94.0324,42.7557],[-94.0501,42.757],[-94.0499,42.7316],[-94.0204,42.7315],[-94.0204,42.7207],[-94.0597,42.7207],[-94.0598,42.7298],[-94.0744,42.7298],[-94.0744,42.7245],[-94.0795,42.7245],[-94.0791,42.6882],[-94.09,42.6882],[-94.0901,42.6448],[-94.1925,42.6443],[-94.1927,42.6428],[-94.21,42.6302],[-94.2274,42.6304],[-94.2273,42.6159],[-94.237,42.6161],[-94.237,42.6197],[-94.2468,42.6198],[-94.2465,42.6089],[-94.2563,42.609],[-94.2564,42.6162],[-94.266,42.6163],[-94.2662,42.609],[-94.2756,42.609],[-94.2755,42.6235],[-94.2851,42.6235],[-94.2851,42.6254],[-94.295,42.6255],[-94.295,42.6237],[-94.2999,42.6237],[-94.3,42.631],[-94.2851,42.6309],[-94.2854,42.6396],[-94.2952,42.6396],[-94.2954,42.6449],[-94.3638,42.6451],[-94.3643,42.6667],[-94.3742,42.6668],[-94.3738,42.6506],[-94.3836,42.6506],[-94.3837,42.6524],[-94.3751,42.6523],[-94.3753,42.6649],[-94.3766,42.6649],[-94.3766,42.6669],[-94.3839,42.6669],[-94.384,42.6705],[-94.389,42.6705],[-94.389,42.6741],[-94.3939,42.6741],[-94.394,42.6886],[-94.3843,42.6886],[-94.3845,42.6958],[-94.3652,42.6955],[-94.3653,42.7028],[-94.3556,42.7027],[-94.3552,42.7171],[-94.3453,42.717],[-94.3451,42.7206],[-94.355,42.7207],[-94.3548,42.7243],[-94.345,42.7242],[-94.3447,42.7322],[-94.3643,42.7322],[-94.3643,42.7358],[-94.3543,42.7358],[-94.3544,42.7538],[-94.3446,42.7538],[-94.3448,42.768],[-94.3348,42.7683],[-94.3346,42.7972],[-94.3249,42.7972],[-94.3249,42.8008],[-94.3201,42.8008],[-94.3201,42.7972],[-94.3055,42.7971],[-94.3054,42.7935],[-94.2957,42.7934],[-94.2958,42.797],[-94.286,42.7968],[-94.2861,42.8003],[-94.2911,42.8011],[-94.2911,42.804],[-94.2861,42.8039],[-94.2862,42.8198],[-94.2813,42.8198],[-94.2813,42.8186],[-94.2666,42.8198],[-94.2674,42.8233],[-94.2666,42.8233],[-94.2666,42.827],[-94.2077,42.827],[-94.2076,42.8196],[-94.1981,42.8198],[-94.1983,42.8111],[-94.169,42.8113],[-94.1687,42.7898],[-94.1394,42.7895],[-94.1395,42.8016],[-94.1361,42.8007],[-94.129,42.8041],[-94.1197,42.8042],[-94.1197,42.8115],[-94.1097,42.8115],[-94.1098,42.8197],[-94.0999,42.8197],[-94.0999,42.827],[-94.0901,42.827],[-94.0897,42.8486],[-94.0703,42.8487],[-94.0704,42.8557],[-94.0604,42.8557],[-94.0606,42.8671],[-94.0704,42.867],[-94.0704,42.8705],[-94.0655,42.8706],[-94.0655,42.8779],[-94.0606,42.8779],[-94.0606,42.8852],[-94.0357,42.8853],[-94.0358,42.8891],[-94.0308,42.8891],[-94.0308,42.8927],[-94.0209,42.8921],[-94.0209,42.885],[-94.0258,42.8852],[-94.0258,42.878],[-94.0309,42.878],[-94.0309,42.8753],[-94.0307,42.8671],[-94.0208,42.8671],[-94.0208,42.8707],[-94.0158,42.8707],[-94.0158,42.878],[-94.0108,42.8779],[-94.0108,42.8814],[-94.006,42.8812],[-94.0061,42.8846],[-94.0011,42.8845],[-94.0011,42.8913],[-94.011,42.8916],[-94.0107,42.9022],[-93.9909,42.9019],[-93.9911,42.8983],[-93.9812,42.8987],[-93.981,42.9078],[-93.9712,42.9078]]]}},{"type":"Feature","properties":{"leaid":"1918330","name":"Manson Northwest Webster Community School District","kind":"Unified","gradeLow":"PK","gradeHigh":"12","state":"IA"},"geometry":{"type":"Polygon","coordinates":[[[-94.21,42.6302],[-94.2165,42.624],[-94.2142,42.6139],[-94.225,42.6058],[-94.2265,42.6015],[-94.2242,42.5978],[-94.2274,42.5941],[-94.2234,42.5896],[-94.2182,42.5877],[-94.2122,42.5824],[-94.2077,42.5808],[-94.2071,42.5715],[-94.2034,42.5687],[-94.2012,42.5627],[-94.2171,42.5624],[-94.2172,42.5581],[-94.227,42.5582],[-94.2268,42.5654],[-94.2366,42.5655],[-94.2367,42.5583],[-94.2465,42.5583],[-94.2466,42.5533],[-94.2447,42.5549],[-94.2369,42.5548],[-94.2366,42.4869],[-94.2464,42.4869],[-94.2465,42.4728],[-94.3977,42.4733],[-94.3975,42.4562],[-94.4112,42.4562],[-94.4108,42.4527],[-94.4126,42.4527],[-94.4113,42.4562],[-94.4171,42.4563],[-94.4171,42.4599],[-94.4268,42.4599],[-94.4268,42.4635],[-94.4171,42.4635],[-94.4171,42.4733],[-94.432,42.4734],[-94.4318,42.4671],[-94.4299,42.4671],[-94.4299,42.4639],[-94.4366,42.4635],[-94.4366,42.4599],[-94.4317,42.4598],[-94.4318,42.4563],[-94.4366,42.4563],[-94.4366,42.4492],[-94.4317,42.4494],[-94.4316,42.4454],[-94.4365,42.4454],[-94.4365,42.4418],[-94.4267,42.4418],[-94.4267,42.4345],[-94.4363,42.4345],[-94.4362,42.4273],[-94.4462,42.4273],[-94.4461,42.4346],[-94.5141,42.4348],[-94.5142,42.4421],[-94.5436,42.4422],[-94.5434,42.4353],[-94.5534,42.4353],[-94.5534,42.4422],[-94.5631,42.4421],[-94.5631,42.4568],[-94.5682,42.4568],[-94.568,42.4642],[-94.573,42.4642],[-94.573,42.461],[-94.5785,42.461],[-94.5785,42.4569],[-94.5828,42.4569],[-94.5827,42.4642],[-94.6119,42.4642],[-94.6119,42.4737],[-94.5998,42.4737],[-94.5997,42.4809],[-94.6094,42.4809],[-94.6094,42.4882],[-94.6238,42.4881],[-94.6238,42.5026],[-94.6286,42.5025],[-94.6285,42.5099],[-94.6141,42.5099],[-94.6139,42.5172],[-94.6188,42.5173],[-94.6188,42.5203],[-94.638,42.5202],[-94.638,42.5382],[-94.6185,42.5387],[-94.6184,42.5498],[-94.6089,42.5498],[-94.6088,42.5533],[-94.6185,42.5534],[-94.6189,42.56],[-94.6042,42.5596],[-94.6043,42.567],[-94.5991,42.5669],[-94.5993,42.5812],[-94.56,42.581],[-94.5604,42.6092],[-94.5016,42.6095],[-94.5016,42.6165],[-94.4921,42.6166],[-94.492,42.6095],[-94.4821,42.6094],[-94.4823,42.6382],[-94.4433,42.6382],[-94.4434,42.6165],[-94.403,42.6165],[-94.403,42.6239],[-94.3639,42.6236],[-94.3639,42.6415],[-94.3541,42.6416],[-94.3541,42.6451],[-94.2954,42.6449],[-94.2952,42.6396],[-94.2854,42.6396],[-94.2851,42.6309],[-94.3,42.631],[-94.2999,42.6237],[-94.295,42.6237],[-94.295,42.6255],[-94.2851,42.6254],[-94.2851,42.6235],[-94.2755,42.6235],[-94.2756,42.609],[-94.2662,42.609],[-94.266,42.6163],[-94.2564,42.6162],[-94.2563,42.609],[-94.2465,42.6089],[-94.2468,42.6198],[-94.237,42.6197],[-94.237,42.6161],[-94.2273,42.6159],[-94.2274,42.6304],[-94.21,42.6302]]]}},{"type":"Feature","properties":{"leaid":"1912600","name":"Gilmore City-Bradgate Community School District","kind":"Unified","gradeLow":"PK","gradeHigh":"12","state":"IA"},"geometry":{"type":"Polygon","coordinates":[[[-94.3346,42.7972],[-94.3348,42.7683],[-94.3448,42.768],[-94.3446,42.7538],[-94.3544,42.7538],[-94.3543,42.7358],[-94.3643,42.7358],[-94.3643,42.7322],[-94.3447,42.7322],[-94.345,42.7242],[-94.3548,42.7243],[-94.355,42.7207],[-94.3451,42.7206],[-94.3453,42.717],[-94.3552,42.7171],[-94.3556,42.7027],[-94.3653,42.7028],[-94.3652,42.6955],[-94.3845,42.6958],[-94.3843,42.6886],[-94.394,42.6886],[-94.3939,42.6741],[-94.389,42.6741],[-94.389,42.6705],[-94.384,42.6705],[-94.3839,42.6669],[-94.3766,42.6669],[-94.3766,42.6649],[-94.3753,42.6649],[-94.3751,42.6523],[-94.3837,42.6524],[-94.3836,42.6506],[-94.3738,42.6506],[-94.3742,42.6668],[-94.3643,42.6667],[-94.3638,42.6451],[-94.3541,42.6451],[-94.3541,42.6416],[-94.3639,42.6415],[-94.3639,42.6236],[-94.403,42.6239],[-94.403,42.6165],[-94.4434,42.6165],[-94.4433,42.6382],[-94.4821,42.6382],[-94.482,42.6451],[-94.4923,42.6451],[-94.4919,42.6524],[-94.5018,42.6523],[-94.5022,42.6598],[-94.4973,42.6598],[-94.4973,42.6634],[-94.4922,42.6634],[-94.4924,42.6805],[-94.4925,42.6889],[-94.5023,42.6889],[-94.5023,42.7178],[-94.4925,42.7178],[-94.4923,42.7251],[-94.5021,42.725],[-94.5019,42.7362],[-94.5069,42.7362],[-94.5069,42.7398],[-94.4921,42.7397],[-94.492,42.7541],[-94.4822,42.7541],[-94.4822,42.7578],[-94.4871,42.7577],[-94.4871,42.7613],[-94.473,42.7613],[-94.4655,42.7541],[-94.4627,42.7541],[-94.4626,42.7613],[-94.4529,42.7613],[-94.4529,42.7758],[-94.4773,42.7758],[-94.4772,42.7794],[-94.4723,42.7794],[-94.4723,42.783],[-94.443,42.783],[-94.443,42.8195],[-94.4524,42.8196],[-94.4615,42.8404],[-94.4592,42.8474],[-94.4604,42.8524],[-94.4572,42.86],[-94.4529,42.8695],[-94.4452,42.8774],[-94.4428,42.8775],[-94.4425,42.8628],[-94.438,42.8629],[-94.4379,42.8557],[-94.3941,42.8559],[-94.3939,42.8414],[-94.384,42.8414],[-94.3839,42.8196],[-94.3643,42.8194],[-94.3644,42.8042],[-94.3543,42.8043],[-94.3542,42.7971],[-94.3346,42.7972]]]}},{"type":"Feature","properties":{"leaid":"1911820","name":"Fort Dodge Community School District","kind":"Unified","gradeLow":"PK","gradeHigh":"12","state":"IA"},"geometry":{"type":"Polygon","coordinates":[[[-94.0901,42.6448],[-94.0899,42.5726],[-94.0695,42.5726],[-94.0695,42.5799],[-94.0499,42.5798],[-94.0497,42.5581],[-94.0398,42.5582],[-94.0399,42.5618],[-94.0253,42.5617],[-94.0253,42.5653],[-94.0106,42.5654],[-94.0106,42.5582],[-93.9716,42.5581],[-93.9715,42.5224],[-93.9911,42.5226],[-93.9911,42.5154],[-93.9812,42.5154],[-93.9812,42.508],[-93.9715,42.5079],[-93.9716,42.4791],[-93.9813,42.4791],[-93.9813,42.4827],[-94.001,42.4829],[-94.001,42.4793],[-94.0499,42.4794],[-94.0499,42.4724],[-94.048,42.4718],[-94.0483,42.4561],[-94.03,42.4561],[-94.0297,42.427],[-94.0252,42.4271],[-94.0252,42.4202],[-94.0773,42.4199],[-94.0773,42.4163],[-94.0821,42.4161],[-94.0821,42.4216],[-94.0954,42.4221],[-94.0984,42.4194],[-94.0985,42.4162],[-94.0947,42.411],[-94.0901,42.4097],[-94.0795,42.4104],[-94.0717,42.4062],[-94.0705,42.4018],[-94.0782,42.3936],[-94.0783,42.3905],[-94.0748,42.3851],[-94.0689,42.3837],[-94.0982,42.3836],[-94.0969,42.3851],[-94.0969,42.3944],[-94.1067,42.3944],[-94.1067,42.3979],[-94.1165,42.3981],[-94.1165,42.4017],[-94.1456,42.4018],[-94.1456,42.3982],[-94.1646,42.3981],[-94.1644,42.4563],[-94.1899,42.4562],[-94.1878,42.4535],[-94.1891,42.4524],[-94.2037,42.4525],[-94.2037,42.4562],[-94.2233,42.4563],[-94.2235,42.4671],[-94.2185,42.4671],[-94.2186,42.4726],[-94.2465,42.4728],[-94.2464,42.4869],[-94.2366,42.4869],[-94.2369,42.5548],[-94.2447,42.5549],[-94.2466,42.5533],[-94.2465,42.5583],[-94.2367,42.5583],[-94.2366,42.5655],[-94.2268,42.5654],[-94.227,42.5582],[-94.2172,42.5581],[-94.2171,42.5624],[-94.2012,42.5627],[-94.2034,42.5687],[-94.2071,42.5715],[-94.2077,42.5808],[-94.2133,42.5831],[-94.2273,42.5935],[-94.2242,42.5978],[-94.2265,42.6015],[-94.225,42.6058],[-94.2139,42.6144],[-94.2164,42.6243],[-94.2086,42.6318],[-94.1927,42.6428],[-94.1925,42.6443],[-94.0901,42.6448]]]}},{"type":"Feature","properties":{"leaid":"1927480","name":"Stratford Community School District","kind":"Unified","gradeLow":"PK","gradeHigh":"12","state":"IA"},"geometry":{"type":"Polygon","coordinates":[[[-93.8649,42.3541],[-93.8647,42.3141],[-93.8549,42.3141],[-93.8549,42.3105],[-93.8647,42.3106],[-93.8645,42.2961],[-93.8547,42.2961],[-93.8548,42.2675],[-93.8353,42.2675],[-93.8353,42.2602],[-93.8376,42.2603],[-93.8377,42.2569],[-93.8353,42.2567],[-93.8353,42.2494],[-93.8449,42.2494],[-93.845,42.2026],[-93.8496,42.2026],[-93.8496,42.1955],[-93.845,42.1955],[-93.845,42.1882],[-93.9131,42.1883],[-93.9131,42.192],[-93.9314,42.192],[-93.9315,42.1885],[-93.9412,42.1885],[-93.9412,42.1956],[-93.9657,42.1951],[-93.963,42.1928],[-93.9654,42.1933],[-93.97,42.1973],[-93.9784,42.1979],[-93.9804,42.2017],[-93.9791,42.2057],[-93.9797,42.2145],[-93.9765,42.2202],[-93.977,42.2251],[-93.9793,42.2314],[-93.9867,42.234],[-93.989,42.2383],[-93.9932,42.2386],[-93.9953,42.24],[-93.9964,42.2552],[-93.9947,42.2619],[-93.9897,42.2642],[-93.9807,42.2717],[-93.9835,42.2743],[-93.9825,42.2793],[-93.9851,42.2826],[-93.9804,42.2855],[-93.9802,42.2962],[-93.9754,42.2962],[-93.9756,42.318],[-93.9566,42.318],[-93.9565,42.3202],[-93.9604,42.3232],[-93.9599,42.3267],[-93.9615,42.327],[-93.9629,42.3255],[-93.9654,42.3264],[-93.9646,42.331],[-93.9656,42.3332],[-93.9685,42.3341],[-93.973,42.3378],[-93.9783,42.3397],[-93.9758,42.3448],[-93.9798,42.3487],[-93.9799,42.3503],[-93.9833,42.3528],[-93.9879,42.3538],[-93.9667,42.3536],[-93.9661,42.3648],[-93.971,42.3648],[-93.971,42.3686],[-93.9612,42.3687],[-93.9614,42.3761],[-93.9514,42.3762],[-93.9516,42.38],[-93.9418,42.3801],[-93.9416,42.3756],[-93.9319,42.3758],[-93.9319,42.3739],[-93.9275,42.3738],[-93.9275,42.3719],[-93.9236,42.3719],[-93.9235,42.3686],[-93.9135,42.3686],[-93.9135,42.3723],[-93.8989,42.3723],[-93.8989,42.3687],[-93.894,42.3687],[-93.8939,42.3469],[-93.8746,42.3469],[-93.8746,42.3541],[-93.8649,42.3541]]]}},{"type":"Feature","properties":{"leaid":"1910340","name":"River Valley Community School District","kind":"Unified","gradeLow":"PK","gradeHigh":"12","state":"IA"},"geometry":{"type":"MultiPolygon","coordinates":[[[[-95.5549,42.6449],[-95.5598,42.6449],[-95.5596,42.6482],[-95.5548,42.6482],[-95.5549,42.6449]]],[[[-95.5549,42.6449],[-95.5451,42.645],[-95.5449,42.6481],[-95.5351,42.648],[-95.5363,42.6197],[-95.5357,42.5908],[-95.5453,42.5907],[-95.5452,42.5835],[-95.5843,42.5835],[-95.5844,42.5763],[-95.5941,42.5763],[-95.5945,42.5618],[-95.633,42.5616],[-95.633,42.5472],[-95.6429,42.5471],[-95.6428,42.54],[-95.6526,42.54],[-95.6526,42.5471],[-95.6722,42.5471],[-95.672,42.5397],[-95.6625,42.5396],[-95.6623,42.5327],[-95.6916,42.5327],[-95.6917,42.5182],[-95.7015,42.5182],[-95.7018,42.5039],[-95.6874,42.5038],[-95.6872,42.5074],[-95.6919,42.5074],[-95.6918,42.511],[-95.6863,42.511],[-95.682,42.511],[-95.6822,42.5039],[-95.643,42.5038],[-95.6428,42.5182],[-95.6235,42.5181],[-95.6235,42.5146],[-95.6186,42.5145],[-95.6186,42.5109],[-95.6137,42.511],[-95.6136,42.5037],[-95.6185,42.5036],[-95.6186,42.4964],[-95.6237,42.4963],[-95.624,42.4753],[-95.614,42.4748],[-95.614,42.4617],[-95.624,42.4617],[-95.624,42.4501],[-95.6337,42.4501],[-95.6338,42.4428],[-95.6265,42.4428],[-95.6265,42.4283],[-95.6336,42.4282],[-95.6335,42.4101],[-95.6239,42.4102],[-95.6236,42.3993],[-95.6332,42.3993],[-95.6331,42.3957],[-95.6428,42.3957],[-95.6428,42.3993],[-95.6525,42.3993],[-95.6523,42.3902],[-95.6621,42.3902],[-95.6621,42.3921],[-95.6893,42.392],[-95.6892,42.3847],[-95.6845,42.3847],[-95.6845,42.378],[-95.7188,42.378],[-95.719,42.3707],[-95.7287,42.3708],[-95.7285,42.3852],[-95.7383,42.3852],[-95.7383,42.3924],[-95.7676,42.3925],[-95.7676,42.3997],[-95.787,42.3999],[-95.787,42.4106],[-95.806,42.4106],[-95.806,42.4214],[-95.8353,42.4216],[-95.8353,42.4393],[-95.8424,42.4358],[-95.8646,42.4362],[-95.8644,42.4435],[-95.8744,42.4436],[-95.8741,42.4509],[-95.8985,42.4508],[-95.8983,42.4653],[-95.9415,42.4655],[-95.9414,42.4691],[-95.9317,42.4691],[-95.9315,42.475],[-95.9477,42.475],[-95.9473,42.4968],[-95.9376,42.4968],[-95.9376,42.4895],[-95.918,42.4895],[-95.9181,42.4967],[-95.8984,42.4969],[-95.8985,42.5039],[-95.8789,42.5041],[-95.879,42.4895],[-95.8594,42.4893],[-95.8594,42.504],[-95.8491,42.5041],[-95.8491,42.5258],[-95.824,42.526],[-95.8238,42.5332],[-95.8092,42.5331],[-95.8092,42.5404],[-95.7993,42.5403],[-95.7998,42.5548],[-95.8097,42.5549],[-95.8091,42.5476],[-95.8191,42.5477],[-95.82,42.5608],[-95.8003,42.5609],[-95.7991,42.5753],[-95.7954,42.5754],[-95.7956,42.5826],[-95.7907,42.5826],[-95.7906,42.5771],[-95.7888,42.5772],[-95.7888,42.5754],[-95.7857,42.5754],[-95.7858,42.5791],[-95.781,42.5792],[-95.781,42.5899],[-95.7415,42.5898],[-95.7413,42.6191],[-95.7383,42.619],[-95.7382,42.6263],[-95.7412,42.6263],[-95.7411,42.6332],[-95.7256,42.6333],[-95.7308,42.6484],[-95.7657,42.6484],[-95.7657,42.663],[-95.751,42.663],[-95.7509,42.6593],[-95.7412,42.6593],[-95.7412,42.6629],[-95.7308,42.6629],[-95.7308,42.6701],[-95.721,42.67],[-95.7209,42.699],[-95.6817,42.699],[-95.6817,42.7063],[-95.6623,42.7063],[-95.6622,42.7027],[-95.6671,42.7027],[-95.6671,42.6955],[-95.6719,42.6955],[-95.672,42.6919],[-95.6695,42.6919],[-95.6693,42.6846],[-95.6619,42.6847],[-95.6622,42.6991],[-95.6428,42.6992],[-95.6428,42.692],[-95.6181,42.692],[-95.6181,42.6993],[-95.5984,42.6991],[-95.5985,42.6954],[-95.5936,42.6954],[-95.5936,42.6917],[-95.6034,42.6919],[-95.6034,42.6947],[-95.6049,42.6947],[-95.6049,42.6919],[-95.6132,42.692],[-95.6133,42.6847],[-95.5837,42.6843],[-95.5838,42.6915],[-95.574,42.6916],[-95.5743,42.6519],[-95.5695,42.652],[-95.5695,42.6483],[-95.5743,42.6483],[-95.5749,42.634],[-95.5553,42.6339],[-95.5549,42.6449]]]]}},{"type":"Feature","properties":{"leaid":"1918480","name":"Maple Valley-Anthon Oto Community School District","kind":"Unified","gradeLow":"PK","gradeHigh":"12","state":"IA"},"geometry":{"type":"MultiPolygon","coordinates":[[[[-95.9121,42.4581],[-95.912,42.4617],[-95.9071,42.4617],[-95.9071,42.4654],[-95.9022,42.4653],[-95.9023,42.4576],[-95.9121,42.4581]]],[[[-95.9121,42.4581],[-95.9121,42.4509],[-95.9073,42.4508],[-95.9074,42.4435],[-95.8841,42.4436],[-95.884,42.4509],[-95.8741,42.4509],[-95.8744,42.4436],[-95.8644,42.4435],[-95.8646,42.4362],[-95.8424,42.4358],[-95.8353,42.4393],[-95.8353,42.4216],[-95.806,42.4214],[-95.806,42.4106],[-95.787,42.4106],[-95.787,42.3999],[-95.7676,42.3997],[-95.7676,42.3925],[-95.7383,42.3924],[-95.7383,42.3852],[-95.7285,42.3852],[-95.7291,42.3416],[-95.7487,42.3418],[-95.7487,42.3346],[-95.7389,42.3345],[-95.739,42.3272],[-95.7292,42.3271],[-95.7292,42.3344],[-95.7096,42.3345],[-95.7096,42.3271],[-95.69,42.3272],[-95.6899,42.3091],[-95.6802,42.309],[-95.6802,42.3054],[-95.6704,42.3054],[-95.6704,42.2981],[-95.6801,42.2982],[-95.6801,42.289],[-95.68,42.2874],[-95.6702,42.2873],[-95.6702,42.2837],[-95.6798,42.2838],[-95.6798,42.2803],[-95.6701,42.2803],[-95.6702,42.2697],[-95.6611,42.2696],[-95.6611,42.266],[-95.6427,42.2659],[-95.6427,42.2587],[-95.633,42.2584],[-95.633,42.2547],[-95.6378,42.2548],[-95.6377,42.2477],[-95.6231,42.2474],[-95.6229,42.2401],[-95.6179,42.24],[-95.6181,42.2329],[-95.6133,42.2328],[-95.6137,42.213],[-95.6234,42.2131],[-95.6233,42.2184],[-95.6525,42.2185],[-95.6526,42.1751],[-95.6707,42.1751],[-95.6709,42.1462],[-95.6622,42.1462],[-95.6622,42.1318],[-95.6711,42.1319],[-95.6712,42.1245],[-95.6906,42.1245],[-95.6907,42.1173],[-95.7491,42.1173],[-95.7494,42.0956],[-95.7542,42.0956],[-95.7542,42.0919],[-95.7494,42.0918],[-95.7494,42.088],[-95.7686,42.0883],[-95.7688,42.0776],[-95.7736,42.0777],[-95.7736,42.0812],[-95.7881,42.0814],[-95.7883,42.0524],[-95.798,42.0523],[-95.798,42.0514],[-95.7981,42.0487],[-95.7884,42.0488],[-95.7883,42.045],[-95.8275,42.0453],[-95.8277,42.0379],[-95.8372,42.0378],[-95.8371,42.0301],[-95.8609,42.03],[-95.8612,42.0228],[-95.8661,42.0228],[-95.8664,42.0447],[-95.8953,42.0448],[-95.8953,42.0375],[-95.9245,42.0374],[-95.9242,42.052],[-95.9441,42.0517],[-95.9442,42.0805],[-95.9539,42.0805],[-95.9538,42.0876],[-95.9635,42.0875],[-95.9633,42.0947],[-95.9821,42.0945],[-95.9822,42.1053],[-95.9943,42.1053],[-95.9965,42.1072],[-95.996,42.1252],[-96.0202,42.1254],[-96.0204,42.147],[-96.0153,42.147],[-96.0155,42.1541],[-96.0105,42.1541],[-96.0105,42.1578],[-96.0057,42.1577],[-96.0058,42.1649],[-96.0104,42.165],[-96.0106,42.1792],[-96.0058,42.1791],[-96.0058,42.1826],[-96.0008,42.1825],[-96.0006,42.2118],[-95.9137,42.2115],[-95.9137,42.2187],[-95.8941,42.2187],[-95.894,42.2369],[-95.8842,42.2369],[-95.8842,42.2405],[-95.8744,42.2405],[-95.8742,42.2549],[-95.8841,42.2549],[-95.8843,42.2586],[-95.8939,42.2585],[-95.8941,42.2515],[-95.9042,42.2513],[-95.9044,42.255],[-95.9137,42.2549],[-95.9136,42.2693],[-95.9422,42.2694],[-95.942,42.2909],[-95.9516,42.291],[-95.9515,42.2986],[-95.9711,42.2985],[-95.9711,42.3059],[-95.9812,42.3059],[-95.981,42.3167],[-95.9907,42.3166],[-95.9908,42.3275],[-95.9859,42.3274],[-95.9859,42.331],[-95.9812,42.3309],[-95.9811,42.3418],[-95.9907,42.3418],[-95.9907,42.3709],[-95.9855,42.3709],[-95.9855,42.3782],[-95.9952,42.3782],[-95.9952,42.3858],[-95.9802,42.3858],[-95.9801,42.3907],[-95.9801,42.4002],[-95.9903,42.4002],[-95.9903,42.4366],[-95.9807,42.4365],[-95.9808,42.4438],[-95.9705,42.4438],[-95.971,42.4219],[-95.9466,42.4218],[-95.9466,42.4291],[-95.9401,42.4291],[-95.9416,42.4364],[-95.9612,42.4365],[-95.9612,42.4401],[-95.9661,42.4401],[-95.9661,42.4438],[-95.9514,42.4437],[-95.9513,42.4473],[-95.9416,42.4473],[-95.9416,42.4522],[-95.9431,42.4521],[-95.9416,42.4534],[-95.9416,42.4582],[-95.9611,42.4583],[-95.9611,42.4656],[-95.9439,42.4655],[-95.9443,42.4636],[-95.9415,42.4619],[-95.9366,42.4618],[-95.9367,42.4509],[-95.9318,42.4509],[-95.9317,42.4437],[-95.9367,42.4436],[-95.9367,42.44],[-95.9268,42.44],[-95.9268,42.4364],[-95.917,42.4363],[-95.9171,42.4436],[-95.922,42.4437],[-95.9219,42.4582],[-95.9121,42.4581]]]]}},{"type":"Feature","properties":{"leaid":"1903570","name":"Anamosa Community School District","kind":"Unified","gradeLow":"PK","gradeHigh":"12","state":"IA"},"geometry":{"type":"Polygon","coordinates":[[[-91.1075,42.1153],[-91.1173,42.1145],[-91.1173,42.104],[-91.1223,42.1037],[-91.1223,42.098],[-91.1271,42.098],[-91.1271,42.0996],[-91.1902,42.0994],[-91.1902,42.0922],[-91.1707,42.0921],[-91.1708,42.0777],[-91.1756,42.0777],[-91.1756,42.0667],[-91.1997,42.0666],[-91.1997,42.0704],[-91.2281,42.0702],[-91.2257,42.0662],[-91.2287,42.0643],[-91.2338,42.0647],[-91.2358,42.0627],[-91.2304,42.0561],[-91.235,42.055],[-91.2353,42.0536],[-91.229,42.0488],[-91.2289,42.045],[-91.2342,42.0451],[-91.2341,42.0406],[-91.2386,42.0408],[-91.2394,42.0094],[-91.2297,42.0097],[-91.2296,41.9986],[-91.2485,41.9981],[-91.2485,42.0017],[-91.2584,42.0019],[-91.2585,41.9984],[-91.2685,41.9977],[-91.2686,41.9838],[-91.2487,41.9835],[-91.2488,41.9764],[-91.2637,41.9764],[-91.2637,41.9728],[-91.2686,41.9728],[-91.2686,41.9765],[-91.2784,41.9766],[-91.2784,41.9695],[-91.2881,41.9695],[-91.2882,41.9731],[-91.3029,41.973],[-91.3029,41.9766],[-91.2981,41.9766],[-91.298,41.9836],[-91.3003,41.9843],[-91.3045,41.9914],[-91.3178,41.9914],[-91.3178,42.0061],[-91.3652,42.0056],[-91.3652,42.0084],[-91.3694,42.0091],[-91.3669,42.0128],[-91.3749,42.0128],[-91.3749,42.0244],[-91.3846,42.0258],[-91.3845,42.0344],[-91.3747,42.0346],[-91.3747,42.0418],[-91.3698,42.0418],[-91.3698,42.0491],[-91.3648,42.0491],[-91.3649,42.0767],[-91.3698,42.0767],[-91.3698,42.0746],[-91.371,42.0746],[-91.3711,42.0783],[-91.3797,42.0783],[-91.3797,42.071],[-91.3847,42.0711],[-91.3847,42.0746],[-91.3896,42.0747],[-91.3896,42.0688],[-91.3945,42.0688],[-91.3945,42.0783],[-91.4044,42.0783],[-91.4042,42.0967],[-91.4141,42.0967],[-91.414,42.1003],[-91.4237,42.1002],[-91.4236,42.1076],[-91.4187,42.1076],[-91.4188,42.1094],[-91.4236,42.1094],[-91.4235,42.1221],[-91.4186,42.1221],[-91.4186,42.1258],[-91.4136,42.1258],[-91.4136,42.1367],[-91.4086,42.1409],[-91.4104,42.1436],[-91.4115,42.1406],[-91.4154,42.1426],[-91.413,42.1448],[-91.4207,42.1474],[-91.4245,42.1512],[-91.3646,42.1515],[-91.3644,42.1656],[-91.3841,42.1657],[-91.3839,42.1802],[-91.3837,42.1948],[-91.3739,42.1948],[-91.3739,42.202],[-91.364,42.202],[-91.364,42.2091],[-91.3014,42.2089],[-91.3014,42.2066],[-91.3039,42.2066],[-91.3039,42.2016],[-91.2965,42.2016],[-91.2965,42.1944],[-91.2868,42.1945],[-91.2869,42.1835],[-91.2771,42.1837],[-91.2773,42.1765],[-91.2674,42.1766],[-91.2674,42.1802],[-91.2576,42.18],[-91.2576,42.1727],[-91.2477,42.1724],[-91.2478,42.1652],[-91.239,42.1652],[-91.2389,42.158],[-91.2291,42.1581],[-91.2291,42.1508],[-91.2241,42.1507],[-91.224,42.1434],[-91.2192,42.1434],[-91.2124,42.147],[-91.2046,42.1469],[-91.2047,42.1505],[-91.19,42.1504],[-91.19,42.145],[-91.1802,42.1451],[-91.1801,42.1431],[-91.1705,42.1431],[-91.1705,42.1468],[-91.1606,42.1467],[-91.1606,42.1417],[-91.164,42.1413],[-91.1704,42.138],[-91.1703,42.1358],[-91.1607,42.1357],[-91.1607,42.1321],[-91.1558,42.1321],[-91.1558,42.1357],[-91.1508,42.1356],[-91.1508,42.1386],[-91.1373,42.1343],[-91.1313,42.1354],[-91.1318,42.121],[-91.1124,42.1211],[-91.1124,42.118],[-91.1075,42.1179],[-91.1075,42.1153]]]}},{"type":"Feature","properties":{"leaid":"1919650","name":"Monticello Community School District","kind":"Unified","gradeLow":"PK","gradeHigh":"12","state":"IA"},"geometry":{"type":"Polygon","coordinates":[[[-91.014,42.2302],[-91.014,42.201],[-91.0258,42.2012],[-91.0286,42.1959],[-91.0314,42.1945],[-91.0304,42.1916],[-91.032,42.1909],[-91.0288,42.1907],[-91.0288,42.1871],[-91.0337,42.1871],[-91.0337,42.1759],[-91.0401,42.173],[-91.0336,42.1726],[-91.0336,42.169],[-91.0286,42.1689],[-91.0285,42.1615],[-91.0237,42.1613],[-91.024,42.1432],[-91.0191,42.1432],[-91.0191,42.1395],[-91.0288,42.1396],[-91.0288,42.1358],[-91.0337,42.1359],[-91.0336,42.1433],[-91.0387,42.1433],[-91.0387,42.1485],[-91.0484,42.1481],[-91.0487,42.136],[-91.0733,42.1356],[-91.0732,42.1285],[-91.0634,42.1278],[-91.0633,42.1212],[-91.0978,42.1211],[-91.0977,42.1164],[-91.1075,42.1153],[-91.1075,42.1179],[-91.1124,42.118],[-91.1124,42.1211],[-91.1318,42.121],[-91.1313,42.1354],[-91.1373,42.1343],[-91.1508,42.1386],[-91.1508,42.1356],[-91.1558,42.1357],[-91.1558,42.1321],[-91.1607,42.1321],[-91.1607,42.1357],[-91.1703,42.1358],[-91.1704,42.138],[-91.164,42.1413],[-91.1606,42.1417],[-91.1606,42.1467],[-91.1705,42.1468],[-91.1705,42.1431],[-91.1801,42.1431],[-91.1802,42.1451],[-91.19,42.145],[-91.19,42.1504],[-91.2047,42.1505],[-91.2046,42.1469],[-91.2124,42.147],[-91.2192,42.1434],[-91.224,42.1434],[-91.2241,42.1507],[-91.2291,42.1508],[-91.2291,42.1581],[-91.2389,42.158],[-91.239,42.1652],[-91.2478,42.1652],[-91.2477,42.1724],[-91.2576,42.1727],[-91.2576,42.18],[-91.2674,42.1802],[-91.2674,42.1766],[-91.2773,42.1765],[-91.2771,42.1837],[-91.2869,42.1835],[-91.2868,42.1945],[-91.2965,42.1944],[-91.2965,42.2016],[-91.3039,42.2016],[-91.3039,42.2066],[-91.3014,42.2066],[-91.3014,42.2089],[-91.364,42.2091],[-91.3638,42.2237],[-91.3835,42.2238],[-91.3834,42.231],[-91.4029,42.231],[-91.4031,42.253],[-91.3786,42.253],[-91.3787,42.2602],[-91.3735,42.2602],[-91.3734,42.2711],[-91.3782,42.2712],[-91.3783,42.2748],[-91.3832,42.2749],[-91.3832,42.2785],[-91.3882,42.2786],[-91.3882,42.2822],[-91.398,42.2822],[-91.3979,42.2964],[-91.2663,42.2961],[-91.2664,42.3035],[-91.1988,42.3032],[-91.1991,42.3178],[-91.2088,42.3178],[-91.209,42.3324],[-91.1747,42.3322],[-91.1749,42.3396],[-91.165,42.3395],[-91.1649,42.3322],[-91.1698,42.3322],[-91.1697,42.3286],[-91.1796,42.3286],[-91.1795,42.325],[-91.1817,42.325],[-91.183,42.3214],[-91.1746,42.3213],[-91.1746,42.325],[-91.1708,42.325],[-91.1697,42.3249],[-91.1697,42.3213],[-91.1647,42.3213],[-91.1649,42.3286],[-91.1451,42.3285],[-91.1454,42.3394],[-91.1551,42.3395],[-91.1552,42.3431],[-91.1502,42.3431],[-91.1503,42.3467],[-91.1404,42.3467],[-91.1404,42.343],[-91.1304,42.343],[-91.1303,42.3394],[-91.1199,42.3393],[-91.1211,42.3357],[-91.1235,42.3357],[-91.1235,42.3321],[-91.1303,42.3321],[-91.1302,42.3249],[-91.1211,42.3248],[-91.1211,42.3176],[-91.1257,42.3176],[-91.1259,42.319],[-91.1258,42.3147],[-91.1301,42.3147],[-91.1301,42.3031],[-91.1257,42.3031],[-91.1256,42.3072],[-91.1232,42.3072],[-91.1232,42.303],[-91.1208,42.303],[-91.121,42.2958],[-91.1254,42.2958],[-91.1254,42.2923],[-91.1158,42.2922],[-91.1156,42.2888],[-91.1056,42.2888],[-91.1052,42.2743],[-91.1062,42.2743],[-91.1063,42.2708],[-91.0912,42.2707],[-91.0912,42.2743],[-91.0821,42.2742],[-91.0823,42.2704],[-91.0777,42.2671],[-91.0777,42.2633],[-91.08,42.2633],[-91.0801,42.2652],[-91.082,42.2652],[-91.082,42.267],[-91.0866,42.2671],[-91.0864,42.2564],[-91.0818,42.2559],[-91.0814,42.2522],[-91.0765,42.2526],[-91.0766,42.249],[-91.0742,42.2491],[-91.0742,42.2455],[-91.0814,42.2453],[-91.0815,42.2415],[-91.0767,42.2417],[-91.0767,42.2379],[-91.0718,42.2383],[-91.0717,42.2247],[-91.0624,42.2248],[-91.0623,42.223],[-91.0538,42.2235],[-91.0543,42.216],[-91.0443,42.216],[-91.0436,42.2344],[-91.0188,42.234],[-91.0188,42.2303],[-91.014,42.2302]]]}},{"type":"Feature","properties":{"leaid":"1906330","name":"Carroll Community School District","kind":"Unified","gradeLow":"PK","gradeHigh":"12","state":"IA"},"geometry":{"type":"Polygon","coordinates":[[[-95.0335,42.2103],[-94.7838,42.2097],[-94.7838,42.1993],[-94.7742,42.1993],[-94.7741,42.1956],[-94.7938,42.1957],[-94.7935,42.1921],[-94.7839,42.1922],[-94.7837,42.1521],[-94.745,42.1513],[-94.7448,42.1179],[-94.7545,42.118],[-94.7545,42.1231],[-94.7642,42.1232],[-94.7642,42.1143],[-94.769,42.1143],[-94.769,42.1107],[-94.7838,42.1108],[-94.7838,42.1072],[-94.774,42.1072],[-94.774,42.1036],[-94.7642,42.1035],[-94.7641,42.1071],[-94.7544,42.1071],[-94.7546,42.0999],[-94.7448,42.0999],[-94.7448,42.097],[-94.7448,42.0927],[-94.7549,42.0927],[-94.7549,42.0963],[-94.7595,42.0964],[-94.7593,42.1003],[-94.7839,42.1003],[-94.7839,41.9063],[-94.7742,41.9064],[-94.7741,41.8989],[-94.7692,41.8989],[-94.769,41.8917],[-94.7934,41.8918],[-94.7932,41.8774],[-94.7836,41.8774],[-94.7835,41.8629],[-94.9081,41.863],[-94.908,41.8846],[-94.9372,41.8847],[-94.9376,41.892],[-94.9565,41.8917],[-94.9567,41.9062],[-94.9376,41.9064],[-94.9374,41.9165],[-94.9403,41.9165],[-94.9406,41.9155],[-94.9451,41.9155],[-94.9457,41.9164],[-94.9451,41.9135],[-94.9766,41.9134],[-94.9765,41.9576],[-95.0152,41.9577],[-95.0148,42.0082],[-95.0249,42.0083],[-95.0244,42.0155],[-95.0147,42.0155],[-95.0148,42.0119],[-95.0099,42.0119],[-95.0098,42.0155],[-94.9761,42.0153],[-94.9758,42.0571],[-94.9854,42.0572],[-94.9854,42.0499],[-94.9952,42.05],[-94.9953,42.0356],[-95.0147,42.0357],[-95.0145,42.0574],[-95.0242,42.0574],[-95.0241,42.0501],[-95.0339,42.0501],[-95.0337,42.0646],[-95.0725,42.0647],[-95.0725,42.0719],[-95.053,42.0721],[-95.053,42.079],[-94.9758,42.0788],[-94.9757,42.086],[-94.9853,42.0861],[-94.9853,42.0933],[-94.9756,42.0932],[-94.9756,42.1004],[-94.9853,42.1004],[-94.9853,42.104],[-94.9851,42.1077],[-94.9756,42.1076],[-94.9755,42.115],[-94.9852,42.1151],[-94.9852,42.1238],[-94.9949,42.1238],[-94.9951,42.1382],[-95.0048,42.1382],[-95.0048,42.1347],[-95.0097,42.1347],[-95.0096,42.1456],[-95.0193,42.1455],[-95.0195,42.1383],[-95.0146,42.1383],[-95.0145,42.1347],[-95.0291,42.1348],[-95.0291,42.1383],[-95.034,42.1383],[-95.0341,42.1528],[-95.0536,42.1528],[-95.0536,42.1603],[-95.0681,42.1602],[-95.0681,42.1528],[-95.0729,42.1528],[-95.0728,42.1673],[-95.0535,42.1673],[-95.0534,42.1963],[-95.0437,42.1963],[-95.0434,42.2035],[-95.0338,42.2035],[-95.0335,42.2103]]]}},{"type":"Feature","properties":{"leaid":"1914670","name":"Interstate 35 Community School District","kind":"Unified","gradeLow":"PK","gradeHigh":"12","state":"IA"},"geometry":{"type":"Polygon","coordinates":[[[-93.6735,41.3075],[-93.6735,41.2491],[-93.6596,41.249],[-93.6596,41.2525],[-93.6452,41.2525],[-93.6452,41.2562],[-93.6406,41.2562],[-93.6406,41.2489],[-93.6016,41.2487],[-93.6017,41.2561],[-93.5968,41.2561],[-93.5968,41.2488],[-93.5824,41.2487],[-93.5824,41.2279],[-93.592,41.2222],[-93.592,41.2098],[-93.5939,41.206],[-93.5923,41.1977],[-93.5965,41.1907],[-93.5965,41.1876],[-93.5963,41.1835],[-93.5819,41.1834],[-93.5819,41.1761],[-93.5964,41.1762],[-93.5964,41.1615],[-93.6733,41.1618],[-93.6736,41.1328],[-93.707,41.1327],[-93.7069,41.129],[-93.7143,41.1291],[-93.714,41.1326],[-93.7503,41.1328],[-93.7503,41.1035],[-93.7552,41.1035],[-93.7552,41.1055],[-93.7648,41.1054],[-93.7649,41.1037],[-93.7886,41.1037],[-93.7892,41.162],[-93.8084,41.1612],[-93.8077,41.1313],[-93.8989,41.1279],[-93.8988,41.135],[-93.9132,41.1351],[-93.9133,41.1333],[-93.918,41.1332],[-93.9181,41.1279],[-93.9227,41.1279],[-93.9228,41.1315],[-93.9321,41.1316],[-93.9323,41.1352],[-93.9227,41.1351],[-93.9227,41.1459],[-93.9274,41.146],[-93.9275,41.1387],[-93.9323,41.1388],[-93.9323,41.1461],[-93.937,41.1461],[-93.9371,41.1532],[-93.9419,41.1532],[-93.9419,41.1353],[-93.9515,41.1353],[-93.9514,41.1317],[-93.9563,41.1318],[-93.9563,41.139],[-93.9515,41.139],[-93.9514,41.1534],[-93.9565,41.1533],[-93.9563,41.1462],[-93.9612,41.1462],[-93.961,41.139],[-93.9706,41.1389],[-93.9703,41.128],[-93.9752,41.1281],[-93.9754,41.1461],[-93.9658,41.1462],[-93.9658,41.1498],[-93.9753,41.1497],[-93.9751,41.1709],[-93.9368,41.1712],[-93.9368,41.1783],[-93.9321,41.1784],[-93.932,41.1827],[-93.9322,41.1998],[-93.9369,41.1999],[-93.9367,41.2072],[-93.9225,41.2072],[-93.9225,41.2108],[-93.9177,41.2108],[-93.9176,41.218],[-93.9081,41.2179],[-93.9079,41.2251],[-93.9034,41.2252],[-93.9034,41.2289],[-93.8983,41.2288],[-93.8983,41.2433],[-93.903,41.2433],[-93.903,41.2504],[-93.9079,41.2505],[-93.9076,41.2831],[-93.8981,41.283],[-93.898,41.301],[-93.8613,41.3032],[-93.861,41.3177],[-93.8661,41.3173],[-93.8663,41.332],[-93.8089,41.336],[-93.809,41.3404],[-93.8072,41.3413],[-93.7949,41.3405],[-93.7949,41.3423],[-93.7901,41.3427],[-93.7901,41.3473],[-93.7792,41.3482],[-93.7795,41.3372],[-93.7608,41.3373],[-93.7608,41.2827],[-93.7557,41.2824],[-93.7558,41.2786],[-93.7508,41.2787],[-93.7508,41.275],[-93.7362,41.275],[-93.7364,41.2785],[-93.7315,41.2786],[-93.7317,41.2567],[-93.7124,41.2566],[-93.7122,41.2748],[-93.7072,41.2748],[-93.7075,41.2894],[-93.7026,41.2894],[-93.7026,41.3003],[-93.6927,41.3006],[-93.6928,41.3075],[-93.6735,41.3075]]]}},{"type":"Feature","properties":{"leaid":"1908970","name":"Des Moines Independent Community School District","kind":"Unified","gradeLow":"PK","gradeHigh":"12","state":"IA"},"geometry":{"type":"Polygon","coordinates":[[[-93.6586,41.637],[-93.5299,41.6369],[-93.5299,41.6006],[-93.5105,41.6006],[-93.5111,41.595],[-93.5099,41.5946],[-93.5111,41.5943],[-93.5103,41.587],[-93.5113,41.5857],[-93.5104,41.5856],[-93.5105,41.5679],[-93.5057,41.5677],[-93.5057,41.5659],[-93.5126,41.568],[-93.5296,41.5686],[-93.5297,41.5469],[-93.5582,41.5479],[-93.5579,41.4971],[-93.6064,41.4973],[-93.6064,41.4901],[-93.6113,41.49],[-93.6113,41.479],[-93.6209,41.479],[-93.6211,41.4864],[-93.6307,41.4865],[-93.6306,41.4938],[-93.6354,41.4938],[-93.6352,41.5121],[-93.6981,41.512],[-93.6985,41.5375],[-93.7033,41.5374],[-93.7033,41.541],[-93.7129,41.5411],[-93.7129,41.5483],[-93.7225,41.5483],[-93.7226,41.5592],[-93.7178,41.5592],[-93.7178,41.5628],[-93.7151,41.5628],[-93.7162,41.5659],[-93.7095,41.5675],[-93.7034,41.5664],[-93.7035,41.5882],[-93.7097,41.5894],[-93.714,41.5928],[-93.7137,41.6002],[-93.7123,41.6004],[-93.7122,41.6221],[-93.7038,41.6221],[-93.7027,41.6367],[-93.6769,41.6368],[-93.6767,41.6386],[-93.6734,41.6386],[-93.674,41.6446],[-93.6636,41.6438],[-93.6636,41.6453],[-93.6603,41.6405],[-93.6588,41.6405],[-93.6586,41.637]]]}},{"type":"Feature","properties":{"leaid":"1926850","name":"Southeast Warren Community School District","kind":"Unified","gradeLow":"PK","gradeHigh":"12","state":"IA"},"geometry":{"type":"Polygon","coordinates":[[[-93.4005,41.3491],[-93.3862,41.3491],[-93.3858,41.3346],[-93.338,41.3348],[-93.338,41.3314],[-93.3332,41.3314],[-93.3332,41.3278],[-93.3284,41.3278],[-93.3279,41.117],[-93.3851,41.1165],[-93.3854,41.1203],[-93.4036,41.1202],[-93.4043,41.1239],[-93.4233,41.1241],[-93.4233,41.1606],[-93.4516,41.1606],[-93.4515,41.1566],[-93.4661,41.1564],[-93.4663,41.1607],[-93.5425,41.1613],[-93.5434,41.1612],[-93.5434,41.1535],[-93.5572,41.1539],[-93.5576,41.1613],[-93.5964,41.1615],[-93.5964,41.1762],[-93.5819,41.1761],[-93.5819,41.1834],[-93.5963,41.1835],[-93.5965,41.1907],[-93.5578,41.1905],[-93.5581,41.2195],[-93.5631,41.2198],[-93.5631,41.2487],[-93.5581,41.2486],[-93.5581,41.2523],[-93.544,41.2522],[-93.544,41.2485],[-93.5391,41.2485],[-93.5388,41.2776],[-93.5196,41.2772],[-93.5196,41.3063],[-93.4858,41.306],[-93.487,41.3258],[-93.4862,41.3276],[-93.4813,41.3275],[-93.4813,41.3311],[-93.4855,41.3314],[-93.4863,41.346],[-93.4814,41.346],[-93.4814,41.3496],[-93.4671,41.3494],[-93.467,41.3384],[-93.4646,41.3384],[-93.4646,41.3365],[-93.4621,41.3366],[-93.4621,41.3347],[-93.4476,41.3346],[-93.4477,41.3382],[-93.4428,41.3382],[-93.4426,41.3347],[-93.4386,41.3347],[-93.4386,41.342],[-93.4339,41.3418],[-93.434,41.3455],[-93.4328,41.3455],[-93.4327,41.3418],[-93.4315,41.3418],[-93.4317,41.3455],[-93.4293,41.3455],[-93.4294,41.3598],[-93.4246,41.36],[-93.4247,41.3528],[-93.4198,41.3528],[-93.4199,41.3563],[-93.4102,41.3564],[-93.4102,41.3509],[-93.4054,41.351],[-93.4052,41.3419],[-93.4005,41.3419],[-93.4005,41.3491]]]}},{"type":"Feature","properties":{"leaid":"1906270","name":"Carlisle Community School District","kind":"Unified","gradeLow":"PK","gradeHigh":"12","state":"IA"},"geometry":{"type":"Polygon","coordinates":[[[-93.3284,41.4908],[-93.3285,41.4793],[-93.3474,41.4794],[-93.3474,41.4216],[-93.3862,41.4217],[-93.3861,41.4144],[-93.3953,41.4143],[-93.3955,41.4034],[-93.4002,41.4034],[-93.4005,41.4013],[-93.4115,41.3963],[-93.4147,41.3941],[-93.4147,41.3926],[-93.4243,41.3926],[-93.4243,41.3999],[-93.4339,41.3997],[-93.4338,41.407],[-93.4427,41.4069],[-93.4428,41.4177],[-93.4476,41.4179],[-93.4476,41.4216],[-93.5007,41.4223],[-93.501,41.4371],[-93.5057,41.4371],[-93.5057,41.4444],[-93.508,41.4444],[-93.5082,41.4516],[-93.5584,41.4531],[-93.5582,41.5479],[-93.5297,41.5469],[-93.5297,41.5539],[-93.5282,41.552],[-93.5249,41.5517],[-93.5167,41.5532],[-93.5136,41.5562],[-93.5131,41.5635],[-93.5077,41.5636],[-93.506,41.5623],[-93.5046,41.5565],[-93.5014,41.5531],[-93.4946,41.5524],[-93.488,41.5536],[-93.4867,41.5483],[-93.489,41.5432],[-93.4869,41.5395],[-93.4825,41.5385],[-93.4782,41.5398],[-93.4754,41.5446],[-93.4707,41.5433],[-93.4594,41.5325],[-93.46,41.5261],[-93.4545,41.5214],[-93.4459,41.5181],[-93.4445,41.5125],[-93.4417,41.5114],[-93.4341,41.5125],[-93.4309,41.5104],[-93.4327,41.5077],[-93.4413,41.5076],[-93.4422,41.505],[-93.4402,41.5026],[-93.4373,41.5021],[-93.4319,41.5047],[-93.4277,41.5051],[-93.4249,41.5075],[-93.4138,41.5074],[-93.4134,41.5041],[-93.4149,41.5009],[-93.4223,41.4959],[-93.4206,41.4925],[-93.4153,41.4922],[-93.4115,41.4935],[-93.406,41.5005],[-93.4016,41.5022],[-93.3981,41.5009],[-93.3965,41.4971],[-93.3983,41.493],[-93.4055,41.4898],[-93.4057,41.4875],[-93.4032,41.4865],[-93.3953,41.487],[-93.3911,41.4894],[-93.3878,41.4938],[-93.3838,41.4948],[-93.3748,41.4933],[-93.3724,41.4862],[-93.3626,41.4867],[-93.3587,41.4889],[-93.358,41.493],[-93.3591,41.4963],[-93.3562,41.4982],[-93.3525,41.4969],[-93.3476,41.4836],[-93.3454,41.4822],[-93.3399,41.4823],[-93.3345,41.4878],[-93.3284,41.4908]]]}},{"type":"Feature","properties":{"leaid":"1918750","name":"Martensdale-St. Marys Community School District","kind":"Unified","gradeLow":"PK","gradeHigh":"12","state":"IA"},"geometry":{"type":"Polygon","coordinates":[[[-93.7906,41.465],[-93.7906,41.4542],[-93.77,41.4542],[-93.7701,41.4577],[-93.7688,41.4566],[-93.7688,41.4579],[-93.7651,41.4579],[-93.7652,41.4504],[-93.7603,41.4506],[-93.7604,41.4578],[-93.7313,41.4575],[-93.7315,41.4393],[-93.7266,41.4392],[-93.7267,41.4285],[-93.722,41.4284],[-93.7219,41.4248],[-93.7074,41.4249],[-93.7077,41.4104],[-93.698,41.4104],[-93.6978,41.4031],[-93.693,41.4033],[-93.693,41.3959],[-93.6836,41.3959],[-93.6835,41.3887],[-93.6737,41.3886],[-93.6737,41.3735],[-93.669,41.3735],[-93.669,41.3699],[-93.6737,41.3698],[-93.6736,41.3665],[-93.6929,41.3668],[-93.693,41.3521],[-93.6928,41.3374],[-93.6734,41.3374],[-93.6734,41.3294],[-93.6694,41.3294],[-93.6695,41.322],[-93.6734,41.3221],[-93.6735,41.3075],[-93.6928,41.3075],[-93.6927,41.3006],[-93.7026,41.3003],[-93.7026,41.2894],[-93.7075,41.2894],[-93.7072,41.2748],[-93.7122,41.2748],[-93.7124,41.2566],[-93.7317,41.2567],[-93.7315,41.2786],[-93.7364,41.2785],[-93.7362,41.275],[-93.7508,41.275],[-93.7508,41.2787],[-93.7558,41.2786],[-93.7557,41.2824],[-93.7608,41.2827],[-93.7608,41.3373],[-93.7795,41.3372],[-93.7792,41.3482],[-93.7901,41.3473],[-93.7901,41.3427],[-93.7949,41.3423],[-93.7949,41.3405],[-93.7996,41.3401],[-93.7996,41.3412],[-93.8048,41.3417],[-93.8084,41.3405],[-93.8092,41.3682],[-93.828,41.3671],[-93.8279,41.3781],[-93.8186,41.3787],[-93.8189,41.3821],[-93.8092,41.3826],[-93.8094,41.3969],[-93.8234,41.3964],[-93.8236,41.4001],[-93.8474,41.3983],[-93.8474,41.3948],[-93.8568,41.3943],[-93.8569,41.398],[-93.8679,41.3971],[-93.8713,41.3991],[-93.8715,41.4005],[-93.8666,41.401],[-93.8669,41.4188],[-93.8766,41.418],[-93.8767,41.4289],[-93.867,41.4298],[-93.867,41.4261],[-93.8479,41.4277],[-93.8479,41.4313],[-93.8383,41.4321],[-93.8382,41.4356],[-93.8669,41.4335],[-93.8669,41.437],[-93.8718,41.4366],[-93.8719,41.4414],[-93.8729,41.4422],[-93.8715,41.4437],[-93.8669,41.444],[-93.8669,41.4479],[-93.8764,41.4469],[-93.8764,41.4543],[-93.8476,41.4567],[-93.8476,41.4604],[-93.8429,41.4607],[-93.8427,41.4571],[-93.8381,41.4575],[-93.8381,41.4502],[-93.819,41.4517],[-93.8191,41.4589],[-93.8144,41.4593],[-93.8143,41.4629],[-93.7906,41.465]]]}},{"type":"Feature","properties":{"leaid":"1920190","name":"Nashua-Plainfield Community School District","kind":"Unified","gradeLow":"PK","gradeHigh":"12","state":"IA"},"geometry":{"type":"Polygon","coordinates":[[[-92.5056,43.0523],[-92.4608,43.052],[-92.4608,43.045],[-92.4855,43.045],[-92.4857,43.0376],[-92.4757,43.0377],[-92.4757,43.0305],[-92.4578,43.0304],[-92.4578,43.0291],[-92.4559,43.0291],[-92.4559,43.0159],[-92.436,43.016],[-92.436,42.9942],[-92.3771,42.9942],[-92.3773,42.9909],[-92.3875,42.9898],[-92.3877,42.9877],[-92.3973,42.9877],[-92.3972,42.9804],[-92.3924,42.9803],[-92.3925,42.9694],[-92.3825,42.9692],[-92.3825,42.9656],[-92.3776,42.9655],[-92.3775,42.9728],[-92.3626,42.9725],[-92.3623,42.9652],[-92.3577,42.9652],[-92.3575,42.9433],[-92.3478,42.9433],[-92.3475,42.9362],[-92.3376,42.9363],[-92.3374,42.9216],[-92.3668,42.9216],[-92.3669,42.9125],[-92.3767,42.9127],[-92.3768,42.9071],[-92.3867,42.907],[-92.3873,42.8956],[-92.3973,42.8957],[-92.3975,42.8921],[-92.3875,42.892],[-92.3876,42.8848],[-92.3978,42.8848],[-92.3976,42.8572],[-92.4075,42.8571],[-92.4075,42.8552],[-92.4272,42.8549],[-92.4272,42.8477],[-92.4318,42.8476],[-92.4315,42.8403],[-92.4269,42.8405],[-92.4267,42.8296],[-92.4362,42.8293],[-92.4361,42.8402],[-92.446,42.8401],[-92.446,42.8329],[-92.4411,42.8329],[-92.4411,42.8311],[-92.446,42.8311],[-92.446,42.8102],[-92.441,42.8102],[-92.4409,42.8029],[-92.4654,42.8029],[-92.4656,42.8139],[-92.4756,42.8137],[-92.4756,42.8155],[-92.4744,42.8155],[-92.4744,42.8172],[-92.4757,42.8173],[-92.4756,42.816],[-92.4856,42.8159],[-92.4853,42.8027],[-92.4915,42.8027],[-92.4915,42.8099],[-92.4952,42.8099],[-92.4951,42.8045],[-92.4976,42.8045],[-92.4976,42.8026],[-92.505,42.8026],[-92.505,42.8062],[-92.529,42.8063],[-92.5336,42.8063],[-92.5335,42.8026],[-92.537,42.8026],[-92.537,42.8063],[-92.5445,42.8063],[-92.5445,42.8099],[-92.5643,42.81],[-92.5644,42.8027],[-92.5741,42.8026],[-92.5741,42.8102],[-92.584,42.8101],[-92.5841,42.8136],[-92.5818,42.8136],[-92.5817,42.8182],[-92.5841,42.8182],[-92.5841,42.8282],[-92.5989,42.8291],[-92.5989,42.8328],[-92.5939,42.8328],[-92.5939,42.8437],[-92.6038,42.8437],[-92.6038,42.84],[-92.6284,42.84],[-92.6284,42.8473],[-92.6332,42.8473],[-92.6332,42.8763],[-92.6434,42.8764],[-92.6433,42.8981],[-92.6483,42.8981],[-92.6483,42.9017],[-92.6533,42.9018],[-92.6534,42.9071],[-92.6729,42.9071],[-92.6728,42.9362],[-92.6682,42.9362],[-92.6682,42.9435],[-92.6632,42.9435],[-92.6632,42.9472],[-92.6533,42.9472],[-92.6533,42.9654],[-92.6434,42.9654],[-92.6432,42.9727],[-92.6348,42.9727],[-92.6348,42.9698],[-92.6283,42.969],[-92.6283,42.98],[-92.6136,42.98],[-92.6136,42.9979],[-92.6086,42.9979],[-92.6087,43.0016],[-92.5958,43.0014],[-92.6029,43.0063],[-92.6036,43.0099],[-92.6087,43.0101],[-92.6088,43.0162],[-92.6111,43.0162],[-92.611,43.0197],[-92.6037,43.0198],[-92.6037,43.0224],[-92.6019,43.0224],[-92.6019,43.0234],[-92.5541,43.0232],[-92.5541,43.0378],[-92.5152,43.0378],[-92.5152,43.045],[-92.5054,43.045],[-92.5056,43.0523]]]}},{"type":"Feature","properties":{"leaid":"1921840","name":"Osage Community School District","kind":"Unified","gradeLow":"PK","gradeHigh":"12","state":"IA"},"geometry":{"type":"Polygon","coordinates":[[[-92.9744,43.2272],[-92.9744,43.2199],[-93.0042,43.22],[-93.0042,43.2273],[-92.9942,43.2273],[-92.9943,43.2418],[-92.9843,43.2418],[-92.9845,43.2523],[-92.9944,43.2523],[-92.9944,43.27],[-93.0044,43.2701],[-93.0043,43.2655],[-93.0143,43.2655],[-93.0143,43.2628],[-93.0241,43.2628],[-93.0241,43.2772],[-93.0144,43.2773],[-93.0145,43.2846],[-93.0194,43.2846],[-93.0197,43.2991],[-93.0147,43.2991],[-93.0146,43.3064],[-93.0047,43.3064],[-93.0047,43.3028],[-92.9947,43.3027],[-92.9946,43.3063],[-92.9649,43.3061],[-92.9651,43.299],[-92.9553,43.2989],[-92.9548,43.3062],[-92.9349,43.306],[-92.9349,43.3024],[-92.9249,43.3024],[-92.925,43.3187],[-92.915,43.3186],[-92.915,43.3204],[-92.9049,43.3204],[-92.9051,43.3287],[-92.9016,43.3279],[-92.8924,43.331],[-92.8853,43.3311],[-92.8803,43.3272],[-92.8821,43.324],[-92.8652,43.3239],[-92.8652,43.3312],[-92.8601,43.3312],[-92.8602,43.3529],[-92.8502,43.3529],[-92.8502,43.3566],[-92.8303,43.3565],[-92.8304,43.3857],[-92.8006,43.3857],[-92.8006,43.4002],[-92.7425,43.4011],[-92.7424,43.4222],[-92.7127,43.4221],[-92.7125,43.4288],[-92.6726,43.4287],[-92.6727,43.3712],[-92.6926,43.3713],[-92.6926,43.3648],[-92.6827,43.364],[-92.6826,43.3421],[-92.6726,43.3422],[-92.6722,43.3279],[-92.6535,43.3277],[-92.6535,43.3134],[-92.6139,43.3134],[-92.6134,43.2989],[-92.594,43.2989],[-92.5941,43.2553],[-92.5743,43.2553],[-92.5742,43.2491],[-92.5842,43.249],[-92.5842,43.2346],[-92.5942,43.2346],[-92.5942,43.2128],[-92.6928,43.2125],[-92.6929,43.2089],[-92.7026,43.209],[-92.7026,43.2053],[-92.7124,43.2054],[-92.7124,43.2126],[-92.7223,43.2127],[-92.7224,43.1982],[-92.7125,43.1981],[-92.7124,43.1946],[-92.7175,43.1945],[-92.7174,43.1909],[-92.7223,43.1909],[-92.7223,43.1836],[-92.772,43.1839],[-92.7722,43.1691],[-92.7904,43.1692],[-92.7904,43.1561],[-92.8102,43.1559],[-92.8101,43.1487],[-92.8448,43.1485],[-92.8449,43.1557],[-92.8498,43.1557],[-92.8498,43.1765],[-92.8894,43.1765],[-92.8895,43.1982],[-92.8846,43.1982],[-92.8846,43.2036],[-92.8796,43.2036],[-92.8796,43.2127],[-92.905,43.2128],[-92.905,43.22],[-92.9199,43.22],[-92.9199,43.2272],[-92.9345,43.2272],[-92.9346,43.2202],[-92.9595,43.2199],[-92.9596,43.2126],[-92.9645,43.2126],[-92.9644,43.2271],[-92.9744,43.2272]],[[-92.9744,43.2272],[-92.9744,43.2344],[-92.9843,43.2345],[-92.9843,43.2273],[-92.9744,43.2272]]]}},{"type":"Feature","properties":{"leaid":"1920580","name":"Newell-Fonda Community School District","kind":"Unified","gradeLow":"PK","gradeHigh":"12","state":"IA"},"geometry":{"type":"Polygon","coordinates":[[[-94.8847,42.7338],[-94.8846,42.7263],[-94.8601,42.726],[-94.86,42.7187],[-94.8258,42.7181],[-94.8256,42.6964],[-94.7963,42.696],[-94.7962,42.6886],[-94.806,42.6888],[-94.8059,42.6816],[-94.7962,42.6815],[-94.7962,42.6454],[-94.7857,42.6454],[-94.7856,42.6526],[-94.776,42.6526],[-94.776,42.6562],[-94.7663,42.6562],[-94.7662,42.6454],[-94.7613,42.6454],[-94.7613,42.6526],[-94.7565,42.6526],[-94.7563,42.6353],[-94.7514,42.6353],[-94.7514,42.6388],[-94.7466,42.6388],[-94.7464,42.6316],[-94.766,42.6317],[-94.7661,42.6137],[-94.7563,42.6136],[-94.7563,42.6028],[-94.7661,42.6029],[-94.7662,42.5595],[-94.7964,42.5596],[-94.7964,42.5353],[-94.8064,42.5354],[-94.8065,42.5389],[-94.8113,42.5389],[-94.8123,42.5281],[-94.8112,42.5281],[-94.811,42.5246],[-94.8062,42.5245],[-94.8061,42.5172],[-94.8161,42.5172],[-94.816,42.5028],[-94.8358,42.503],[-94.8358,42.5099],[-94.8456,42.51],[-94.8458,42.5176],[-94.8536,42.5176],[-94.8553,42.5176],[-94.8552,42.5031],[-94.8748,42.5032],[-94.8749,42.5322],[-94.8897,42.5323],[-94.8897,42.525],[-94.9145,42.5251],[-94.9145,42.5178],[-94.9247,42.5178],[-94.9245,42.5323],[-94.9342,42.5323],[-94.9342,42.525],[-94.9637,42.5252],[-94.9635,42.5324],[-94.9834,42.5325],[-94.9834,42.5361],[-94.9883,42.5361],[-94.9884,42.5397],[-94.9932,42.5397],[-94.9932,42.5361],[-95.003,42.5361],[-95.003,42.5218],[-95.0128,42.5219],[-95.0128,42.5253],[-95.0225,42.5254],[-95.0228,42.5471],[-95.0327,42.5472],[-95.0327,42.561],[-95.1013,42.5611],[-95.1018,42.5757],[-95.082,42.5756],[-95.0823,42.5902],[-95.092,42.5902],[-95.092,42.6192],[-95.095,42.6192],[-95.0948,42.6226],[-95.0921,42.6224],[-95.0923,42.6372],[-95.0872,42.6374],[-95.0874,42.6336],[-95.0726,42.6336],[-95.0725,42.6547],[-95.0528,42.6546],[-95.0529,42.6617],[-95.0433,42.6617],[-95.0433,42.6689],[-95.0334,42.6689],[-95.0334,42.6724],[-95.0432,42.6724],[-95.0432,42.6762],[-95.0728,42.6763],[-95.0727,42.7053],[-95.0825,42.7053],[-95.0822,42.7126],[-95.0334,42.7124],[-95.0334,42.7197],[-95.0128,42.7197],[-95.013,42.7052],[-95.0032,42.7052],[-95.0032,42.698],[-94.9934,42.6979],[-94.9933,42.7018],[-94.9788,42.7019],[-94.9789,42.7052],[-94.9638,42.7052],[-94.9641,42.6834],[-94.9543,42.6833],[-94.9545,42.6691],[-94.9251,42.6689],[-94.9251,42.6653],[-94.9154,42.6653],[-94.9141,42.727],[-94.9091,42.7269],[-94.9091,42.7343],[-94.8847,42.7338]]]}},{"type":"Feature","properties":{"leaid":"1900026","name":"South O'Brien Community School District","kind":"Unified","gradeLow":"PK","gradeHigh":"12","state":"IA"},"geometry":{"type":"Polygon","coordinates":[[[-95.398,43.0541],[-95.398,43.0396],[-95.3884,43.0395],[-95.3885,43.0251],[-95.3833,43.0251],[-95.3832,43.0173],[-95.3685,43.0174],[-95.3687,42.9961],[-95.3888,42.9962],[-95.3883,42.9387],[-95.4077,42.9388],[-95.4076,42.9243],[-95.4273,42.9243],[-95.4276,42.8942],[-95.4667,42.8941],[-95.4667,42.8794],[-95.4864,42.8794],[-95.4864,42.894],[-95.5049,42.894],[-95.5048,42.91],[-95.623,42.9103],[-95.6228,42.8884],[-95.6375,42.8885],[-95.6375,42.8921],[-95.6351,42.8921],[-95.6351,42.8958],[-95.6425,42.8958],[-95.6424,42.8885],[-95.6572,42.8883],[-95.6572,42.8846],[-95.6547,42.8846],[-95.6547,42.881],[-95.6523,42.881],[-95.6522,42.8774],[-95.662,42.8773],[-95.6622,42.8882],[-95.672,42.888],[-95.6721,42.8954],[-95.7016,42.8955],[-95.702,42.9098],[-95.741,42.9097],[-95.741,42.9029],[-95.7806,42.9029],[-95.7806,42.9096],[-95.8594,42.9091],[-95.8602,43.0402],[-95.8408,43.0403],[-95.8407,43.0331],[-95.8108,43.0335],[-95.8107,43.0408],[-95.7913,43.0408],[-95.7914,43.0553],[-95.7517,43.0552],[-95.7518,43.0624],[-95.7419,43.0624],[-95.7418,43.0551],[-95.7333,43.0552],[-95.7334,43.0624],[-95.7232,43.0623],[-95.7233,43.0699],[-95.7132,43.0699],[-95.7131,43.0772],[-95.7232,43.0772],[-95.7232,43.088],[-95.7133,43.0881],[-95.7133,43.0917],[-95.7232,43.0916],[-95.7233,43.0989],[-95.7001,43.099],[-95.7002,43.1063],[-95.6937,43.1063],[-95.6937,43.1136],[-95.6838,43.1135],[-95.6839,43.1281],[-95.6739,43.128],[-95.6739,43.1244],[-95.6689,43.1244],[-95.6689,43.128],[-95.654,43.128],[-95.654,43.1353],[-95.659,43.1353],[-95.6589,43.1425],[-95.6242,43.1425],[-95.6242,43.1498],[-95.5946,43.1498],[-95.5946,43.1534],[-95.5897,43.1534],[-95.5896,43.157],[-95.5847,43.157],[-95.5847,43.1643],[-95.5649,43.1643],[-95.5649,43.157],[-95.555,43.1571],[-95.555,43.1425],[-95.5451,43.1426],[-95.5452,43.1354],[-95.5551,43.1353],[-95.5552,43.128],[-95.5453,43.128],[-95.5452,43.1244],[-95.5551,43.1244],[-95.555,43.1171],[-95.5348,43.1172],[-95.5351,43.099],[-95.5149,43.099],[-95.5152,43.0846],[-95.5054,43.0846],[-95.5053,43.0609],[-95.4961,43.0609],[-95.4961,43.0646],[-95.4871,43.0646],[-95.4871,43.0614],[-95.4672,43.0614],[-95.4672,43.0578],[-95.4574,43.0578],[-95.4575,43.065],[-95.4477,43.0651],[-95.4477,43.0687],[-95.4378,43.0687],[-95.4377,43.0613],[-95.4278,43.0612],[-95.4277,43.054],[-95.398,43.0541]]]}},{"type":"Feature","properties":{"leaid":"1912690","name":"Glenwood Community School District","kind":"Unified","gradeLow":"PK","gradeHigh":"12","state":"IA"},"geometry":{"type":"Polygon","coordinates":[[[-95.7086,41.16],[-95.705,41.16],[-95.704,41.1567],[-95.7005,41.1568],[-95.7005,41.1532],[-95.6975,41.1532],[-95.6919,41.16],[-95.6044,41.16],[-95.6043,41.1493],[-95.5995,41.1493],[-95.5995,41.1456],[-95.6042,41.1456],[-95.6041,41.1385],[-95.5946,41.1384],[-95.5946,41.1096],[-95.5996,41.1095],[-95.5995,41.102],[-95.6327,41.1026],[-95.6324,41.0732],[-95.6423,41.0733],[-95.6423,41.0666],[-95.6329,41.0667],[-95.6328,41.0514],[-95.6328,41.0452],[-95.6423,41.0449],[-95.6421,41.0168],[-95.671,41.0161],[-95.671,40.9871],[-95.6805,40.9872],[-95.6807,40.9738],[-95.6904,40.9738],[-95.6901,40.9666],[-95.7094,40.9664],[-95.7093,40.952],[-95.6997,40.9519],[-95.7,40.9448],[-95.7189,40.9448],[-95.7186,40.9591],[-95.7141,40.9593],[-95.7142,40.9664],[-95.7276,40.9664],[-95.7279,40.9197],[-95.7327,40.9196],[-95.7328,40.9179],[-95.7376,40.9178],[-95.7377,40.9234],[-95.747,40.9233],[-95.7473,40.9196],[-95.7518,40.9197],[-95.7518,40.9175],[-95.7517,40.916],[-95.747,40.916],[-95.7469,40.9017],[-95.7706,40.9016],[-95.7706,40.9052],[-95.7754,40.9052],[-95.7754,40.9124],[-95.7897,40.9124],[-95.7896,40.9306],[-95.7991,40.9307],[-95.7995,40.9343],[-95.8041,40.9343],[-95.804,40.9451],[-95.8394,40.9441],[-95.838,40.9506],[-95.8298,40.9639],[-95.8283,40.9724],[-95.8291,40.9757],[-95.8321,40.9811],[-95.8354,40.9842],[-95.8428,40.9888],[-95.8601,40.9952],[-95.8673,41.0016],[-95.8695,41.0094],[-95.8659,41.0174],[-95.8599,41.0254],[-95.8597,41.0357],[-95.8618,41.0394],[-95.8816,41.0544],[-95.8822,41.0635],[-95.8794,41.0685],[-95.8669,41.0789],[-95.8638,41.0835],[-95.8626,41.0919],[-95.866,41.1024],[-95.8227,41.1017],[-95.8231,41.1459],[-95.8136,41.1456],[-95.8135,41.142],[-95.804,41.1416],[-95.8041,41.1378],[-95.7849,41.1378],[-95.785,41.1452],[-95.7945,41.1454],[-95.7942,41.1599],[-95.7275,41.16],[-95.7275,41.1672],[-95.7213,41.1672],[-95.7182,41.164],[-95.7181,41.1565],[-95.7088,41.1568],[-95.7086,41.16]]]}},{"type":"Feature","properties":{"leaid":"1912660","name":"Gladbrook-Reinbeck Community School District","kind":"Unified","gradeLow":"PK","gradeHigh":"12","state":"IA"},"geometry":{"type":"Polygon","coordinates":[[[-92.4655,42.2972],[-92.4947,42.2971],[-92.4947,42.2829],[-92.5044,42.2829],[-92.5045,42.2756],[-92.5142,42.2756],[-92.5143,42.2683],[-92.553,42.2682],[-92.553,42.2575],[-92.5627,42.2574],[-92.5627,42.2538],[-92.582,42.2537],[-92.5822,42.2395],[-92.6014,42.2391],[-92.6013,42.225],[-92.5918,42.2246],[-92.5914,42.1741],[-92.5867,42.1742],[-92.5867,42.167],[-92.5915,42.167],[-92.5915,42.1379],[-92.6503,42.1381],[-92.6504,42.1525],[-92.6893,42.1524],[-92.6888,42.1236],[-92.7668,42.1235],[-92.767,42.1523],[-92.7865,42.1523],[-92.7867,42.1813],[-92.7965,42.1813],[-92.7965,42.1886],[-92.777,42.1885],[-92.7772,42.2101],[-92.7675,42.2101],[-92.7679,42.2753],[-92.7579,42.2753],[-92.758,42.2825],[-92.7288,42.2826],[-92.7286,42.2968],[-92.7092,42.2968],[-92.7093,42.3004],[-92.7287,42.3005],[-92.729,42.3113],[-92.7193,42.3112],[-92.7191,42.3186],[-92.7145,42.3185],[-92.7145,42.3112],[-92.7022,42.3113],[-92.702,42.3026],[-92.6918,42.3026],[-92.6922,42.3113],[-92.6998,42.3113],[-92.7,42.3185],[-92.7096,42.3186],[-92.7096,42.3257],[-92.6977,42.3257],[-92.6976,42.3329],[-92.6902,42.333],[-92.6903,42.3403],[-92.6952,42.3402],[-92.6953,42.3438],[-92.7002,42.3439],[-92.6999,42.3547],[-92.7097,42.3546],[-92.7099,42.3654],[-92.7049,42.3655],[-92.7052,42.3763],[-92.6708,42.3764],[-92.6709,42.3842],[-92.6311,42.3843],[-92.6311,42.3915],[-92.6214,42.3914],[-92.6214,42.3984],[-92.6021,42.3984],[-92.6022,42.4132],[-92.5825,42.4132],[-92.5825,42.406],[-92.5778,42.406],[-92.5779,42.4125],[-92.5632,42.4132],[-92.5632,42.4061],[-92.5535,42.4061],[-92.5534,42.3991],[-92.5525,42.3991],[-92.5481,42.4134],[-92.5339,42.4134],[-92.5339,42.384],[-92.5248,42.3841],[-92.5248,42.3659],[-92.4953,42.3663],[-92.4952,42.3626],[-92.4855,42.3625],[-92.4855,42.3553],[-92.4659,42.3551],[-92.4659,42.3408],[-92.4609,42.3408],[-92.4606,42.3299],[-92.4607,42.3262],[-92.4656,42.3262],[-92.4655,42.2972]]]}}]}