{"type":"FeatureCollection","features":[{"type":"Feature","properties":{"leaid":"2400030","name":"Allegany County Public Schools","kind":"Unified","gradeLow":"PK","gradeHigh":"12","state":"MD"},"geometry":{"type":"Polygon","coordinates":[[[-78.9284,39.7228],[-78.3444,39.7225],[-78.3427,39.7222],[-78.3457,39.7217],[-78.3456,39.7205],[-78.3439,39.7179],[-78.3407,39.7163],[-78.3387,39.7165],[-78.3362,39.72],[-78.3334,39.7189],[-78.3315,39.7145],[-78.329,39.7123],[-78.3308,39.7113],[-78.3339,39.7127],[-78.3343,39.7099],[-78.3182,39.7025],[-78.3173,39.6997],[-78.3195,39.6951],[-78.3133,39.6925],[-78.3165,39.6892],[-78.3228,39.6892],[-78.3224,39.6876],[-78.3168,39.6867],[-78.3148,39.6851],[-78.3167,39.6832],[-78.3216,39.6846],[-78.3229,39.6839],[-78.3216,39.6822],[-78.318,39.6816],[-78.3181,39.6804],[-78.3214,39.6787],[-78.3199,39.6762],[-78.3245,39.6776],[-78.3266,39.6764],[-78.3362,39.6807],[-78.3431,39.6765],[-78.3434,39.6754],[-78.3402,39.672],[-78.3363,39.6707],[-78.3353,39.6674],[-78.3332,39.6664],[-78.3341,39.6624],[-78.3396,39.6641],[-78.3503,39.6606],[-78.3571,39.6639],[-78.3549,39.66],[-78.3576,39.6595],[-78.3611,39.6611],[-78.3634,39.6603],[-78.3624,39.6585],[-78.3585,39.6572],[-78.3573,39.6578],[-78.3532,39.6553],[-78.34,39.6527],[-78.3407,39.6486],[-78.346,39.6492],[-78.3423,39.6441],[-78.3337,39.6409],[-78.3338,39.6368],[-78.3563,39.6406],[-78.3582,39.6396],[-78.3593,39.6372],[-78.3535,39.6306],[-78.3536,39.6282],[-78.3555,39.6261],[-78.3605,39.6254],[-78.3691,39.6296],[-78.3738,39.6304],[-78.3814,39.6288],[-78.3835,39.6232],[-78.3721,39.612],[-78.3738,39.609],[-78.3783,39.608],[-78.3839,39.609],[-78.3915,39.6125],[-78.3965,39.6164],[-78.421,39.6242],[-78.4293,39.6237],[-78.4324,39.6218],[-78.4337,39.6194],[-78.4326,39.6161],[-78.4255,39.6077],[-78.4116,39.5974],[-78.3989,39.5916],[-78.3962,39.5893],[-78.3948,39.5852],[-78.3997,39.5807],[-78.4074,39.5786],[-78.4183,39.5809],[-78.4261,39.5861],[-78.4435,39.5913],[-78.4504,39.5906],[-78.4568,39.5876],[-78.458,39.5797],[-78.4543,39.5741],[-78.4374,39.5631],[-78.4263,39.5592],[-78.417,39.5486],[-78.4195,39.5456],[-78.4245,39.5452],[-78.4315,39.5523],[-78.4377,39.5534],[-78.4391,39.5508],[-78.4366,39.5482],[-78.4346,39.5422],[-78.4352,39.5402],[-78.4379,39.5385],[-78.4401,39.5393],[-78.4504,39.5498],[-78.458,39.5514],[-78.4611,39.5508],[-78.4619,39.549],[-78.4605,39.5462],[-78.4499,39.5434],[-78.4485,39.5404],[-78.4502,39.538],[-78.458,39.5383],[-78.4624,39.5364],[-78.463,39.5334],[-78.4607,39.5286],[-78.4615,39.523],[-78.4648,39.5188],[-78.4697,39.5163],[-78.4754,39.5163],[-78.4836,39.5195],[-78.49,39.5177],[-78.5033,39.5186],[-78.515,39.5231],[-78.5231,39.5249],[-78.5469,39.5208],[-78.5584,39.5214],[-78.5661,39.5194],[-78.5786,39.5267],[-78.5876,39.5277],[-78.5922,39.5317],[-78.5901,39.5354],[-78.5909,39.5367],[-78.596,39.5361],[-78.6026,39.532],[-78.6053,39.5328],[-78.6069,39.5352],[-78.6231,39.5397],[-78.6287,39.5394],[-78.6287,39.5379],[-78.6303,39.5371],[-78.6547,39.5346],[-78.6641,39.537],[-78.6679,39.5402],[-78.6755,39.5402],[-78.6812,39.5438],[-78.6896,39.5458],[-78.6917,39.551],[-78.695,39.5538],[-78.7075,39.5558],[-78.7146,39.5628],[-78.7246,39.5639],[-78.7316,39.5746],[-78.7334,39.5865],[-78.7402,39.5864],[-78.7445,39.5802],[-78.7477,39.58],[-78.7511,39.5818],[-78.757,39.5808],[-78.7671,39.5875],[-78.7703,39.595],[-78.7781,39.6015],[-78.7765,39.6043],[-78.7635,39.6098],[-78.752,39.6102],[-78.75,39.6091],[-78.7489,39.606],[-78.7468,39.6057],[-78.7426,39.6092],[-78.7386,39.6099],[-78.7332,39.6144],[-78.734,39.6185],[-78.7368,39.6222],[-78.7468,39.6267],[-78.7634,39.6188],[-78.778,39.6223],[-78.7782,39.6253],[-78.7726,39.6369],[-78.7685,39.6393],[-78.7648,39.6447],[-78.7661,39.6485],[-78.769,39.6463],[-78.776,39.6453],[-78.7812,39.6368],[-78.7908,39.6383],[-78.7953,39.6368],[-78.7941,39.6346],[-78.7967,39.6321],[-78.7975,39.6293],[-78.8009,39.6289],[-78.8016,39.6277],[-78.7958,39.6134],[-78.7952,39.6089],[-78.7965,39.6059],[-78.7998,39.605],[-78.8016,39.6068],[-78.809,39.6082],[-78.8121,39.6004],[-78.8119,39.598],[-78.8184,39.5941],[-78.8179,39.5919],[-78.8193,39.5899],[-78.8245,39.5903],[-78.8257,39.5892],[-78.8262,39.5773],[-78.8199,39.5763],[-78.8149,39.5713],[-78.8132,39.5672],[-78.8158,39.5629],[-78.8219,39.5606],[-78.8295,39.565],[-78.8392,39.567],[-78.8433,39.5628],[-78.8472,39.5625],[-78.851,39.5601],[-78.8521,39.551],[-78.8614,39.541],[-78.8707,39.5388],[-78.8714,39.5357],[-78.8694,39.5318],[-78.8751,39.5227],[-78.8787,39.5213],[-78.8871,39.523],[-78.8889,39.5249],[-78.8931,39.524],[-78.8934,39.522],[-78.8911,39.5182],[-78.8924,39.5133],[-78.9038,39.5126],[-78.9055,39.5115],[-78.9041,39.5041],[-78.9078,39.4978],[-78.9132,39.4946],[-78.9167,39.4863],[-78.9269,39.4873],[-78.9343,39.4863],[-78.9425,39.4806],[-78.941,39.4767],[-78.9385,39.4746],[-78.9425,39.469],[-78.9524,39.4636],[-78.9575,39.4639],[-78.9589,39.4628],[-78.959,39.4598],[-78.9543,39.4547],[-78.9605,39.451],[-78.956,39.4478],[-78.9555,39.4416],[-78.9566,39.4403],[-78.9657,39.4385],[-78.9694,39.4433],[-78.9777,39.4483],[-79.0109,39.4611],[-79.018,39.4677],[-79.0273,39.465],[-79.0309,39.4653],[-79.0354,39.4695],[-79.037,39.4767],[-79.0444,39.4798],[-79.0467,39.4833],[-79.0501,39.4832],[-79.0527,39.4817],[-79.055,39.4723],[-79.0565,39.4707],[-79.061,39.4719],[-79.0642,39.4784],[-79.0662,39.4799],[-79.0676,39.4794],[-78.9284,39.7228]]]}},{"type":"Feature","properties":{"leaid":"2400060","name":"Anne Arundel County Public Schools","kind":"Unified","gradeLow":"PK","gradeHigh":"12","state":"MD"},"geometry":{"type":"MultiPolygon","coordinates":[[[[-76.6988,38.7631],[-76.6958,38.7582],[-76.6989,38.7562],[-76.6987,38.7597],[-76.6988,38.7631]]],[[[-76.5359,38.8841],[-76.5374,38.8819],[-76.5391,38.8828],[-76.5374,38.886],[-76.5359,38.8841]]],[[[-76.4477,38.9947],[-76.4507,38.9949],[-76.4507,38.9959],[-76.4477,38.9947]]],[[[-76.5653,39.0432],[-76.5633,39.0401],[-76.5668,39.0386],[-76.5653,39.0432]]],[[[-76.4996,39.0878],[-76.5,39.0871],[-76.5004,39.0879],[-76.4996,39.0878]]],[[[-76.4477,38.9947],[-76.4484,38.9993],[-76.4507,38.9976],[-76.4516,38.9988],[-76.4499,39.002],[-76.4524,39.0001],[-76.4517,38.9968],[-76.4528,38.9956],[-76.4543,38.9974],[-76.4561,39.0054],[-76.4553,39.0072],[-76.4569,39.0086],[-76.472,39.0148],[-76.4711,39.013],[-76.4646,39.0108],[-76.4592,39.006],[-76.4577,39.0065],[-76.4579,39.0025],[-76.4622,39.0044],[-76.4654,39.0029],[-76.4609,39.0035],[-76.4591,39.0006],[-76.4575,39.0006],[-76.4585,38.999],[-76.4571,38.9978],[-76.4606,38.9973],[-76.4541,38.9938],[-76.4549,38.9912],[-76.4503,38.993],[-76.449,38.9828],[-76.4505,38.9776],[-76.4546,38.9745],[-76.4554,38.9785],[-76.4543,38.982],[-76.4569,38.9842],[-76.4569,38.9871],[-76.4608,38.9925],[-76.4621,38.9912],[-76.4594,38.99],[-76.4602,38.9893],[-76.4584,38.9867],[-76.4585,38.9844],[-76.4625,38.9823],[-76.4623,38.9809],[-76.4692,38.9823],[-76.4664,38.9822],[-76.4659,38.9832],[-76.4668,38.9845],[-76.4696,38.9826],[-76.4717,38.9835],[-76.471,38.9845],[-76.472,38.9841],[-76.4751,38.9871],[-76.4753,38.9902],[-76.4787,38.9906],[-76.4824,38.9946],[-76.4859,38.9943],[-76.485,38.996],[-76.4856,38.9997],[-76.4894,39.005],[-76.4871,39.0055],[-76.4886,39.0063],[-76.4889,39.0084],[-76.4897,39.0055],[-76.4929,39.0041],[-76.498,39.0086],[-76.4968,39.0086],[-76.4973,39.01],[-76.5031,39.0088],[-76.505,39.0129],[-76.5045,39.0121],[-76.5016,39.0129],[-76.5057,39.014],[-76.5052,39.0133],[-76.5075,39.0121],[-76.5089,39.014],[-76.5136,39.0151],[-76.5148,39.0199],[-76.5109,39.0207],[-76.5103,39.0194],[-76.5082,39.0204],[-76.514,39.0222],[-76.5126,39.026],[-76.5149,39.0237],[-76.5164,39.0241],[-76.515,39.0211],[-76.5195,39.0194],[-76.5205,39.0229],[-76.5223,39.0246],[-76.5243,39.0244],[-76.5232,39.0299],[-76.5202,39.0315],[-76.5206,39.0325],[-76.5223,39.0312],[-76.5252,39.0321],[-76.5245,39.0313],[-76.5278,39.0342],[-76.5306,39.0346],[-76.5274,39.0381],[-76.5252,39.0385],[-76.526,39.0392],[-76.5344,39.038],[-76.5335,39.0353],[-76.5351,39.0375],[-76.5358,39.0438],[-76.5336,39.047],[-76.5339,39.0486],[-76.5366,39.049],[-76.5366,39.0479],[-76.5408,39.058],[-76.5466,39.0595],[-76.5482,39.0674],[-76.5513,39.0666],[-76.5533,39.0634],[-76.558,39.0642],[-76.5659,39.0629],[-76.5635,39.0684],[-76.57,39.0685],[-76.5723,39.0707],[-76.5751,39.0704],[-76.5765,39.0718],[-76.5747,39.0722],[-76.5723,39.0753],[-76.5742,39.0764],[-76.575,39.0739],[-76.5769,39.0745],[-76.5796,39.0786],[-76.5809,39.0776],[-76.5776,39.0751],[-76.5769,39.0726],[-76.5797,39.0692],[-76.5809,39.07],[-76.5807,39.0722],[-76.5834,39.071],[-76.5865,39.0722],[-76.5908,39.0773],[-76.5938,39.0788],[-76.5929,39.077],[-76.5974,39.0773],[-76.599,39.0763],[-76.5995,39.083],[-76.6029,39.0833],[-76.6077,39.0813],[-76.6083,39.0822],[-76.6069,39.0835],[-76.611,39.0828],[-76.6125,39.084],[-76.6144,39.0774],[-76.6166,39.0815],[-76.6192,39.081],[-76.6165,39.0806],[-76.618,39.0796],[-76.6154,39.0758],[-76.6134,39.0761],[-76.6125,39.0791],[-76.6094,39.0807],[-76.6082,39.0783],[-76.6048,39.0773],[-76.607,39.0758],[-76.6035,39.0768],[-76.5981,39.0751],[-76.5955,39.0727],[-76.5921,39.074],[-76.5848,39.0696],[-76.5762,39.0679],[-76.5736,39.0631],[-76.5776,39.0639],[-76.5831,39.0625],[-76.5758,39.0622],[-76.5763,39.0603],[-76.5783,39.0605],[-76.5789,39.0582],[-76.5812,39.0568],[-76.5795,39.0562],[-76.5715,39.063],[-76.5713,39.0576],[-76.5658,39.0572],[-76.5666,39.0561],[-76.561,39.0538],[-76.5621,39.0502],[-76.5677,39.0517],[-76.5623,39.0498],[-76.5576,39.0448],[-76.5627,39.0483],[-76.5667,39.049],[-76.5688,39.0475],[-76.5675,39.046],[-76.5689,39.0448],[-76.5702,39.0453],[-76.5694,39.0458],[-76.5745,39.0441],[-76.5743,39.0421],[-76.5772,39.0414],[-76.5724,39.0403],[-76.5702,39.0372],[-76.5709,39.0356],[-76.574,39.0372],[-76.5769,39.0342],[-76.5798,39.0337],[-76.5795,39.0307],[-76.5758,39.0294],[-76.574,39.0312],[-76.5752,39.0342],[-76.5728,39.0352],[-76.5693,39.0317],[-76.5728,39.0289],[-76.5716,39.0274],[-76.5691,39.03],[-76.5671,39.0298],[-76.5699,39.0333],[-76.565,39.0353],[-76.5641,39.0336],[-76.5551,39.0344],[-76.5485,39.0322],[-76.548,39.0305],[-76.5369,39.0298],[-76.5324,39.0281],[-76.5336,39.0257],[-76.5377,39.0253],[-76.544,39.0224],[-76.5344,39.0243],[-76.5271,39.021],[-76.529,39.0191],[-76.5393,39.0186],[-76.5446,39.0164],[-76.538,39.0168],[-76.5383,39.0153],[-76.5371,39.0153],[-76.5301,39.0181],[-76.5252,39.0153],[-76.5318,39.0104],[-76.531,39.0095],[-76.535,39.0094],[-76.5383,39.0063],[-76.5348,39.0079],[-76.5313,39.0072],[-76.5281,39.0112],[-76.5267,39.011],[-76.5246,39.0131],[-76.5173,39.0103],[-76.516,39.0092],[-76.5183,39.0106],[-76.5217,39.0091],[-76.517,39.0095],[-76.516,39.0078],[-76.5228,39.0054],[-76.5239,39.0037],[-76.5201,39.0045],[-76.5198,39.0027],[-76.5174,39.0059],[-76.5138,39.0052],[-76.5159,39.0069],[-76.5129,39.0068],[-76.5063,39.0051],[-76.5077,39.0053],[-76.5106,39.001],[-76.5079,39.0037],[-76.5021,39.001],[-76.506,38.9995],[-76.5059,38.9968],[-76.5073,38.9961],[-76.506,38.9947],[-76.5107,38.9913],[-76.5119,38.9922],[-76.5141,38.991],[-76.5168,38.9924],[-76.5168,38.9907],[-76.5195,38.9896],[-76.5236,38.9898],[-76.5193,38.9882],[-76.5153,38.9903],[-76.5126,38.9886],[-76.5117,38.99],[-76.5095,38.9896],[-76.5077,38.9922],[-76.5054,38.9921],[-76.504,38.9941],[-76.5044,38.9957],[-76.5007,38.9988],[-76.4928,38.9965],[-76.4944,38.9927],[-76.4974,38.9919],[-76.4892,38.9915],[-76.487,38.9869],[-76.4995,38.986],[-76.4962,38.9844],[-76.4975,38.9832],[-76.5011,38.9839],[-76.4987,38.9831],[-76.5019,38.9804],[-76.4993,38.9808],[-76.4938,38.9849],[-76.4874,38.9851],[-76.4845,38.9868],[-76.4792,38.9834],[-76.4809,38.9832],[-76.4787,38.9818],[-76.4787,38.9831],[-76.4762,38.9816],[-76.4802,38.9776],[-76.4848,38.9762],[-76.4869,38.9777],[-76.4852,38.9759],[-76.4858,38.9736],[-76.4935,38.9751],[-76.494,38.9732],[-76.4958,38.9725],[-76.4996,38.973],[-76.4982,38.9722],[-76.4985,38.9707],[-76.5027,38.9698],[-76.5062,38.9707],[-76.5028,38.9693],[-76.5037,38.9665],[-76.5012,38.9694],[-76.4973,38.9678],[-76.4974,38.97],[-76.4938,38.9724],[-76.4921,38.9713],[-76.4926,38.9698],[-76.4904,38.9726],[-76.4846,38.9717],[-76.4805,38.9755],[-76.4741,38.9726],[-76.4739,38.9712],[-76.4764,38.9683],[-76.4797,38.969],[-76.4804,38.9672],[-76.4849,38.966],[-76.481,38.9649],[-76.4821,38.9633],[-76.4858,38.963],[-76.4838,38.9625],[-76.4848,38.9623],[-76.4851,38.959],[-76.4871,38.9579],[-76.4848,38.9574],[-76.4875,38.9559],[-76.484,38.9565],[-76.4839,38.9616],[-76.4813,38.9609],[-76.4778,38.9664],[-76.4749,38.9673],[-76.4713,38.9565],[-76.4631,38.9486],[-76.4703,38.9472],[-76.4747,38.9484],[-76.4767,38.9456],[-76.4726,38.947],[-76.4705,38.9464],[-76.4708,38.9454],[-76.4684,38.9461],[-76.465,38.9425],[-76.4641,38.9431],[-76.4648,38.9455],[-76.462,38.9442],[-76.4619,38.9416],[-76.4593,38.9407],[-76.4576,38.9419],[-76.4594,38.9422],[-76.4581,38.945],[-76.4609,38.9472],[-76.4624,38.947],[-76.4601,38.9492],[-76.4578,38.9484],[-76.4503,38.9411],[-76.461,38.9328],[-76.4637,38.9275],[-76.4708,38.9299],[-76.4665,38.9259],[-76.4635,38.9273],[-76.4581,38.9143],[-76.461,38.9156],[-76.4649,38.9144],[-76.4665,38.9152],[-76.467,38.9206],[-76.473,38.9226],[-76.473,38.9198],[-76.4701,38.9176],[-76.4717,38.9148],[-76.4677,38.9116],[-76.4681,38.91],[-76.463,38.91],[-76.4595,38.9071],[-76.4694,38.9076],[-76.4695,38.9115],[-76.4763,38.9147],[-76.4787,38.9168],[-76.4792,38.9191],[-76.4815,38.9199],[-76.4791,38.9256],[-76.4813,38.9266],[-76.4813,38.9239],[-76.4829,38.9229],[-76.4852,38.9225],[-76.4863,38.9243],[-76.4859,38.9268],[-76.4839,38.9263],[-76.4853,38.9277],[-76.4785,38.9283],[-76.4801,38.9301],[-76.4799,38.9289],[-76.4822,38.9303],[-76.483,38.9288],[-76.483,38.9315],[-76.4848,38.9324],[-76.485,38.9339],[-76.4857,38.933],[-76.4869,38.9337],[-76.486,38.9368],[-76.4873,38.9336],[-76.486,38.9308],[-76.489,38.9317],[-76.4876,38.9292],[-76.4853,38.9297],[-76.5007,38.9237],[-76.501,38.9278],[-76.5003,38.9284],[-76.5001,38.9273],[-76.499,38.929],[-76.5008,38.9313],[-76.5014,38.9281],[-76.5072,38.9287],[-76.5077,38.9294],[-76.5052,38.93],[-76.5072,38.9309],[-76.5099,38.9299],[-76.5111,38.9326],[-76.5103,38.9321],[-76.5076,38.9348],[-76.5064,38.9336],[-76.5077,38.9361],[-76.5065,38.9362],[-76.5075,38.9366],[-76.5081,38.9355],[-76.5102,38.9358],[-76.5089,38.9378],[-76.5115,38.9393],[-76.511,38.9414],[-76.5066,38.9404],[-76.5111,38.942],[-76.5128,38.9412],[-76.513,38.9391],[-76.5112,38.9374],[-76.5127,38.9374],[-76.5104,38.9343],[-76.5161,38.9318],[-76.5167,38.933],[-76.5153,38.9361],[-76.5183,38.9404],[-76.5208,38.9416],[-76.5199,38.9429],[-76.5206,38.9446],[-76.5189,38.9468],[-76.5153,38.9475],[-76.515,38.9492],[-76.5155,38.9479],[-76.518,38.9476],[-76.5204,38.9486],[-76.5217,38.9469],[-76.5208,38.9465],[-76.5245,38.9442],[-76.5237,38.9412],[-76.526,38.9411],[-76.527,38.9496],[-76.5287,38.9464],[-76.532,38.9454],[-76.5327,38.9534],[-76.5301,38.9539],[-76.531,38.9548],[-76.5301,38.956],[-76.5275,38.9575],[-76.5244,38.9563],[-76.5205,38.9568],[-76.5251,38.9579],[-76.5279,38.9607],[-76.529,38.9575],[-76.5316,38.9598],[-76.5305,38.9581],[-76.5319,38.9571],[-76.5324,38.9541],[-76.5346,38.9545],[-76.5361,38.9529],[-76.5345,38.9521],[-76.5362,38.9511],[-76.5381,38.9523],[-76.5387,38.9552],[-76.5368,38.9669],[-76.5381,38.9674],[-76.5383,38.9646],[-76.54,38.9652],[-76.5385,38.9633],[-76.54,38.9581],[-76.5422,38.9589],[-76.5416,38.9583],[-76.5437,38.9572],[-76.5399,38.9562],[-76.5412,38.9533],[-76.5399,38.9517],[-76.5461,38.9508],[-76.5473,38.9528],[-76.5527,38.9523],[-76.5546,38.9561],[-76.5538,38.9575],[-76.5554,38.9586],[-76.5545,38.9608],[-76.5559,38.9611],[-76.5582,38.9649],[-76.5564,38.9595],[-76.5575,38.9585],[-76.5557,38.9572],[-76.5576,38.9568],[-76.5557,38.9553],[-76.5656,38.9562],[-76.5648,38.9571],[-76.5674,38.9589],[-76.5671,38.9565],[-76.5659,38.9562],[-76.5674,38.9541],[-76.5716,38.9585],[-76.5739,38.9579],[-76.5733,38.9611],[-76.5758,38.9621],[-76.5756,38.9684],[-76.5729,38.9698],[-76.5753,38.9726],[-76.5723,38.9734],[-76.5737,38.9766],[-76.5782,38.9717],[-76.5767,38.9704],[-76.5787,38.968],[-76.577,38.9665],[-76.5788,38.9656],[-76.5776,38.9647],[-76.5786,38.9614],[-76.5772,38.9589],[-76.5786,38.9603],[-76.5822,38.9606],[-76.5857,38.9637],[-76.5935,38.9635],[-76.597,38.9697],[-76.6008,38.9727],[-76.6037,38.9795],[-76.6052,38.9788],[-76.6063,38.977],[-76.6042,38.9755],[-76.6049,38.9732],[-76.6031,38.9717],[-76.6037,38.9694],[-76.6008,38.9689],[-76.5981,38.9655],[-76.5989,38.9641],[-76.5957,38.9609],[-76.5963,38.9576],[-76.5958,38.9593],[-76.5882,38.9614],[-76.5875,38.9588],[-76.5825,38.9584],[-76.5836,38.9568],[-76.5822,38.9572],[-76.5793,38.9536],[-76.5717,38.9537],[-76.5744,38.949],[-76.5777,38.9492],[-76.5755,38.9473],[-76.5777,38.9472],[-76.5782,38.9454],[-76.5763,38.9438],[-76.5773,38.9435],[-76.5763,38.9419],[-76.5791,38.9409],[-76.5826,38.9418],[-76.5803,38.9402],[-76.5825,38.9379],[-76.585,38.9376],[-76.5839,38.9372],[-76.5875,38.937],[-76.5879,38.9348],[-76.5865,38.9364],[-76.5801,38.9363],[-76.5795,38.9377],[-76.5773,38.9365],[-76.577,38.9335],[-76.576,38.9341],[-76.5788,38.9393],[-76.5775,38.9404],[-76.5736,38.9404],[-76.5755,38.9457],[-76.5712,38.9478],[-76.5711,38.9501],[-76.5659,38.9501],[-76.5661,38.9482],[-76.5641,38.9486],[-76.5648,38.9499],[-76.562,38.9526],[-76.5571,38.949],[-76.5542,38.9484],[-76.5532,38.9454],[-76.5557,38.9421],[-76.5584,38.9422],[-76.559,38.9407],[-76.5519,38.9433],[-76.5527,38.9449],[-76.5493,38.9463],[-76.5429,38.9448],[-76.5453,38.9416],[-76.5473,38.942],[-76.5485,38.9392],[-76.55,38.9392],[-76.5462,38.9389],[-76.5461,38.9366],[-76.5443,38.9386],[-76.5457,38.9408],[-76.5423,38.94],[-76.5435,38.9422],[-76.5364,38.9399],[-76.535,38.9365],[-76.5427,38.9343],[-76.5415,38.9325],[-76.5431,38.9304],[-76.5466,38.9301],[-76.5435,38.9301],[-76.543,38.9289],[-76.5472,38.9278],[-76.5518,38.929],[-76.5478,38.9269],[-76.5476,38.9248],[-76.5517,38.9257],[-76.5464,38.9245],[-76.5479,38.9214],[-76.545,38.9246],[-76.5457,38.9271],[-76.5438,38.9278],[-76.5417,38.9265],[-76.5404,38.9287],[-76.5412,38.9302],[-76.5387,38.9279],[-76.5346,38.9275],[-76.5327,38.9288],[-76.5325,38.9317],[-76.5313,38.9313],[-76.5323,38.932],[-76.5261,38.932],[-76.528,38.9309],[-76.5271,38.9292],[-76.5258,38.9305],[-76.5265,38.9257],[-76.529,38.9273],[-76.5259,38.9241],[-76.5239,38.9242],[-76.5235,38.9266],[-76.5199,38.9259],[-76.5149,38.9221],[-76.5162,38.9201],[-76.5145,38.9188],[-76.513,38.9193],[-76.5115,38.9176],[-76.5126,38.9195],[-76.5087,38.92],[-76.5086,38.9152],[-76.5054,38.9107],[-76.5111,38.9153],[-76.5147,38.9139],[-76.5171,38.9145],[-76.5138,38.9117],[-76.5153,38.9114],[-76.5134,38.9082],[-76.5092,38.9049],[-76.5122,38.9037],[-76.5079,38.9015],[-76.5089,38.9008],[-76.5042,38.9021],[-76.5045,38.9047],[-76.5011,38.9078],[-76.4937,38.91],[-76.4947,38.9066],[-76.4932,38.9038],[-76.4939,38.8996],[-76.4928,38.8956],[-76.4909,38.8945],[-76.4894,38.8874],[-76.4907,38.8848],[-76.5109,38.8692],[-76.5127,38.87],[-76.5117,38.8717],[-76.5134,38.873],[-76.5138,38.8753],[-76.5166,38.8767],[-76.514,38.8802],[-76.5134,38.8796],[-76.5144,38.8794],[-76.5121,38.8787],[-76.5128,38.8809],[-76.5105,38.8818],[-76.5126,38.8834],[-76.511,38.8846],[-76.5126,38.8845],[-76.5149,38.8867],[-76.5136,38.8882],[-76.5159,38.8876],[-76.5143,38.8847],[-76.5151,38.8833],[-76.514,38.8827],[-76.5159,38.881],[-76.5173,38.8813],[-76.5195,38.8866],[-76.5239,38.8886],[-76.5236,38.8909],[-76.5264,38.8917],[-76.5274,38.8946],[-76.5251,38.8953],[-76.5227,38.8932],[-76.518,38.8947],[-76.517,38.8974],[-76.5191,38.8961],[-76.5231,38.8961],[-76.5239,38.8973],[-76.528,38.8955],[-76.5274,38.9008],[-76.5317,38.9015],[-76.5328,38.9034],[-76.5324,38.8995],[-76.5317,38.9002],[-76.5289,38.8984],[-76.5304,38.8977],[-76.5298,38.8939],[-76.5249,38.8897],[-76.5269,38.8871],[-76.5296,38.8877],[-76.5332,38.8928],[-76.537,38.8947],[-76.5396,38.9],[-76.5396,38.8963],[-76.5378,38.8961],[-76.5366,38.8904],[-76.5404,38.8893],[-76.5385,38.8883],[-76.54,38.8867],[-76.5481,38.8836],[-76.5469,38.8821],[-76.5432,38.8825],[-76.5502,38.8794],[-76.5513,38.8779],[-76.5506,38.8773],[-76.5525,38.8776],[-76.5513,38.8753],[-76.5496,38.8768],[-76.5458,38.8754],[-76.5467,38.8778],[-76.5448,38.8804],[-76.5422,38.879],[-76.5427,38.877],[-76.54,38.8766],[-76.5393,38.8789],[-76.5403,38.8799],[-76.5389,38.8791],[-76.5368,38.881],[-76.533,38.8795],[-76.5235,38.8819],[-76.5228,38.881],[-76.5259,38.8779],[-76.5261,38.8758],[-76.5216,38.8722],[-76.5194,38.8723],[-76.5198,38.8631],[-76.5224,38.8622],[-76.5218,38.8656],[-76.5274,38.8726],[-76.5266,38.8669],[-76.5246,38.8661],[-76.5277,38.8627],[-76.5311,38.8631],[-76.5307,38.8642],[-76.5328,38.8658],[-76.5326,38.8693],[-76.5335,38.8673],[-76.5353,38.8674],[-76.5374,38.8698],[-76.5373,38.8668],[-76.5351,38.8658],[-76.5364,38.8648],[-76.5335,38.8639],[-76.5335,38.8629],[-76.5387,38.8613],[-76.5405,38.8639],[-76.5435,38.8631],[-76.5411,38.8622],[-76.5433,38.8585],[-76.5369,38.8589],[-76.537,38.8497],[-76.5377,38.848],[-76.5408,38.849],[-76.5404,38.8511],[-76.5453,38.8539],[-76.5475,38.8527],[-76.545,38.8526],[-76.5448,38.8492],[-76.5486,38.8482],[-76.543,38.8486],[-76.5422,38.8467],[-76.5364,38.8434],[-76.5396,38.8427],[-76.5403,38.8411],[-76.542,38.8417],[-76.5434,38.8374],[-76.5472,38.8423],[-76.5491,38.8405],[-76.5534,38.8432],[-76.5538,38.842],[-76.5511,38.841],[-76.5504,38.8387],[-76.5467,38.8401],[-76.5469,38.8373],[-76.5456,38.8369],[-76.545,38.8334],[-76.5508,38.8336],[-76.5517,38.8359],[-76.5534,38.8358],[-76.5541,38.8345],[-76.5524,38.8348],[-76.5515,38.833],[-76.547,38.8318],[-76.549,38.8307],[-76.553,38.8322],[-76.5531,38.8309],[-76.5478,38.8294],[-76.5473,38.8278],[-76.5506,38.826],[-76.5514,38.8225],[-76.5486,38.8265],[-76.5467,38.827],[-76.5457,38.8258],[-76.5439,38.8274],[-76.546,38.8282],[-76.5457,38.8315],[-76.5408,38.8319],[-76.5396,38.8333],[-76.5406,38.8364],[-76.5389,38.8383],[-76.5376,38.8379],[-76.538,38.8343],[-76.531,38.8333],[-76.5331,38.8322],[-76.5309,38.8319],[-76.5301,38.8298],[-76.5324,38.8289],[-76.532,38.8271],[-76.5307,38.8284],[-76.5258,38.8239],[-76.525,38.8255],[-76.5233,38.8251],[-76.5267,38.8274],[-76.5281,38.8324],[-76.526,38.8341],[-76.5224,38.8318],[-76.5167,38.8333],[-76.5198,38.8332],[-76.5197,38.8348],[-76.5212,38.8336],[-76.5246,38.8341],[-76.5252,38.8378],[-76.524,38.8402],[-76.527,38.8373],[-76.5322,38.8371],[-76.5314,38.8401],[-76.533,38.8411],[-76.5292,38.8441],[-76.5288,38.8473],[-76.5262,38.8501],[-76.529,38.8503],[-76.5283,38.8509],[-76.5234,38.8511],[-76.522,38.8496],[-76.5163,38.8515],[-76.5119,38.8498],[-76.5069,38.8471],[-76.5144,38.8453],[-76.5109,38.8451],[-76.5107,38.8425],[-76.5087,38.8422],[-76.5096,38.8437],[-76.5079,38.8455],[-76.5012,38.8461],[-76.5028,38.8479],[-76.5022,38.8489],[-76.5008,38.8469],[-76.5006,38.8507],[-76.4966,38.8531],[-76.4945,38.8505],[-76.4941,38.8461],[-76.4929,38.8473],[-76.4916,38.8433],[-76.4899,38.8428],[-76.4899,38.8387],[-76.4919,38.8341],[-76.4963,38.8322],[-76.4969,38.8305],[-76.4959,38.83],[-76.4959,38.8254],[-76.498,38.825],[-76.4983,38.8225],[-76.4969,38.821],[-76.5001,38.819],[-76.4983,38.8172],[-76.498,38.8147],[-76.5006,38.8143],[-76.5003,38.8124],[-76.5018,38.8113],[-76.5069,38.8095],[-76.5061,38.808],[-76.5075,38.8073],[-76.5065,38.8056],[-76.509,38.8044],[-76.5101,38.8012],[-76.513,38.8009],[-76.5142,38.7988],[-76.5211,38.7972],[-76.5252,38.7941],[-76.5278,38.7952],[-76.5283,38.8001],[-76.5296,38.796],[-76.5341,38.7972],[-76.5373,38.7957],[-76.5308,38.7949],[-76.5326,38.7943],[-76.5285,38.7934],[-76.5271,38.788],[-76.5286,38.7871],[-76.53,38.7887],[-76.5298,38.7868],[-76.5313,38.7864],[-76.5334,38.7879],[-76.5333,38.7867],[-76.5355,38.7867],[-76.5391,38.7908],[-76.5381,38.788],[-76.5397,38.7884],[-76.5373,38.7859],[-76.5319,38.7853],[-76.5263,38.7866],[-76.5328,38.7833],[-76.5323,38.7807],[-76.537,38.7771],[-76.5382,38.779],[-76.5348,38.7803],[-76.5423,38.7781],[-76.54,38.7826],[-76.5408,38.7836],[-76.5427,38.7813],[-76.5452,38.7842],[-76.5466,38.7842],[-76.5438,38.78],[-76.5456,38.779],[-76.5442,38.7783],[-76.549,38.7776],[-76.5433,38.776],[-76.5406,38.7776],[-76.5387,38.7762],[-76.5394,38.7747],[-76.5429,38.7748],[-76.5511,38.7723],[-76.5548,38.7697],[-76.5586,38.7732],[-76.5604,38.7718],[-76.5606,38.7754],[-76.5589,38.7762],[-76.5574,38.78],[-76.5587,38.7823],[-76.5562,38.784],[-76.5562,38.7876],[-76.5538,38.7899],[-76.5571,38.7936],[-76.5572,38.7964],[-76.56,38.7983],[-76.5599,38.801],[-76.5576,38.8029],[-76.5601,38.8034],[-76.559,38.8025],[-76.5612,38.8002],[-76.5601,38.7998],[-76.561,38.7978],[-76.5591,38.7966],[-76.5563,38.7897],[-76.5575,38.7875],[-76.5569,38.7851],[-76.5597,38.7826],[-76.5595,38.7788],[-76.563,38.7748],[-76.5615,38.7829],[-76.5627,38.7828],[-76.5636,38.779],[-76.5648,38.7797],[-76.5648,38.769],[-76.5679,38.7678],[-76.5638,38.7678],[-76.563,38.7688],[-76.5599,38.7674],[-76.5597,38.7595],[-76.5542,38.7537],[-76.554,38.752],[-76.5572,38.7477],[-76.5573,38.7437],[-76.5492,38.7311],[-76.5445,38.7277],[-76.5411,38.7283],[-76.5371,38.7271],[-76.5302,38.7285],[-76.5272,38.7271],[-76.5267,38.7225],[-76.5286,38.7128],[-76.5356,38.7215],[-76.6154,38.7206],[-76.6229,38.7266],[-76.6231,38.7439],[-76.621,38.7463],[-76.623,38.7491],[-76.6231,38.7673],[-76.6348,38.7667],[-76.6414,38.7692],[-76.6467,38.7689],[-76.6513,38.7674],[-76.6543,38.7645],[-76.6589,38.7648],[-76.6635,38.7618],[-76.6666,38.7621],[-76.6677,38.7611],[-76.6667,38.7599],[-76.6696,38.7587],[-76.6694,38.7568],[-76.6721,38.7557],[-76.679,38.7555],[-76.6809,38.7576],[-76.6829,38.7557],[-76.6852,38.7561],[-76.6855,38.753],[-76.6842,38.7513],[-76.686,38.7493],[-76.6886,38.7516],[-76.688,38.7506],[-76.6952,38.7503],[-76.6972,38.7509],[-76.6986,38.7532],[-76.6931,38.7556],[-76.6918,38.7583],[-76.6942,38.7555],[-76.6989,38.7539],[-76.6959,38.7573],[-76.6955,38.7594],[-76.6957,38.7605],[-76.6928,38.7635],[-76.6952,38.7664],[-76.6962,38.7716],[-76.7019,38.7746],[-76.7027,38.7768],[-76.7025,38.7755],[-76.7076,38.7775],[-76.7059,38.7747],[-76.7063,38.7729],[-76.7111,38.7744],[-76.7134,38.7758],[-76.7144,38.7789],[-76.714,38.7819],[-76.7118,38.7845],[-76.7059,38.7857],[-76.702,38.7887],[-76.7025,38.7904],[-76.7105,38.7971],[-76.7081,38.8052],[-76.7121,38.8108],[-76.712,38.8141],[-76.7089,38.8164],[-76.7018,38.8155],[-76.697,38.8188],[-76.6964,38.8227],[-76.6997,38.8368],[-76.6983,38.843],[-76.6912,38.8544],[-76.6922,38.8576],[-76.6915,38.8598],[-76.6884,38.8643],[-76.6825,38.8673],[-76.6807,38.8723],[-76.6768,38.8755],[-76.6755,38.8854],[-76.6718,38.8876],[-76.6763,38.8919],[-76.6763,38.8959],[-76.6715,38.8994],[-76.6696,38.9037],[-76.6703,38.9073],[-76.6726,38.9071],[-76.6785,38.9105],[-76.6779,38.9137],[-76.6794,38.9165],[-76.6832,38.9191],[-76.6862,38.918],[-76.6906,38.9235],[-76.6903,38.9249],[-76.6828,38.9265],[-76.6814,38.9313],[-76.6899,38.9339],[-76.6922,38.9363],[-76.6912,38.9416],[-76.6954,38.9482],[-76.6933,38.9519],[-76.694,38.9564],[-76.6952,38.9594],[-76.699,38.9627],[-76.6993,38.9689],[-76.7037,38.9715],[-76.704,38.973],[-76.7018,38.9737],[-76.701,38.9757],[-76.7024,38.977],[-76.7025,38.9795],[-76.6989,38.9812],[-76.6982,38.9835],[-76.7057,38.9889],[-76.7116,38.9954],[-76.7131,38.9948],[-76.721,38.9997],[-76.7256,38.9989],[-76.724,39.0042],[-76.7255,39.0059],[-76.7283,39.0074],[-76.7333,39.0068],[-76.7375,39.0123],[-76.7404,39.0129],[-76.7409,39.0146],[-76.7446,39.0174],[-76.7428,39.0205],[-76.7437,39.0251],[-76.7463,39.0286],[-76.7503,39.0308],[-76.7477,39.0336],[-76.7558,39.0377],[-76.7622,39.0352],[-76.7654,39.0404],[-76.769,39.0389],[-76.7703,39.0409],[-76.7741,39.041],[-76.775,39.0423],[-76.7737,39.0438],[-76.7749,39.0449],[-76.7839,39.0463],[-76.7876,39.0446],[-76.7924,39.046],[-76.7945,39.0532],[-76.7957,39.0546],[-76.8014,39.0559],[-76.8042,39.0626],[-76.8101,39.0609],[-76.816,39.0626],[-76.8179,39.0618],[-76.8267,39.0658],[-76.8292,39.0645],[-76.8316,39.0692],[-76.8365,39.0684],[-76.8381,39.0736],[-76.8323,39.0763],[-76.8349,39.0829],[-76.8272,39.0896],[-76.8274,39.0933],[-76.8293,39.0956],[-76.8322,39.0951],[-76.8327,39.0962],[-76.8377,39.0969],[-76.8376,39.1007],[-76.8404,39.1031],[-76.8282,39.108],[-76.8264,39.1106],[-76.8256,39.1159],[-76.822,39.1191],[-76.8116,39.1228],[-76.7974,39.1226],[-76.789,39.1266],[-76.7852,39.1321],[-76.7841,39.1399],[-76.7822,39.1446],[-76.7637,39.1662],[-76.7515,39.1739],[-76.7465,39.1796],[-76.7382,39.1791],[-76.728,39.1841],[-76.7221,39.1829],[-76.7201,39.1871],[-76.7211,39.1892],[-76.7193,39.1914],[-76.7133,39.1934],[-76.7139,39.1944],[-76.7119,39.1977],[-76.7124,39.2018],[-76.7079,39.2035],[-76.7075,39.206],[-76.705,39.2069],[-76.7047,39.2094],[-76.7011,39.2123],[-76.697,39.2123],[-76.6968,39.2174],[-76.6892,39.2212],[-76.6802,39.2202],[-76.6699,39.2284],[-76.6617,39.2311],[-76.6472,39.229],[-76.6394,39.224],[-76.6325,39.2236],[-76.6301,39.2246],[-76.6186,39.2374],[-76.6096,39.2326],[-76.5891,39.213],[-76.5902,39.2119],[-76.5885,39.2125],[-76.5827,39.2072],[-76.5842,39.2066],[-76.5822,39.2049],[-76.5833,39.2041],[-76.5816,39.2042],[-76.5804,39.2017],[-76.5778,39.2006],[-76.5784,39.1989],[-76.576,39.1904],[-76.5799,39.1893],[-76.5827,39.1868],[-76.5883,39.187],[-76.5886,39.1851],[-76.5923,39.1849],[-76.591,39.1832],[-76.5945,39.1835],[-76.5946,39.1813],[-76.5967,39.1819],[-76.5978,39.1801],[-76.5995,39.1818],[-76.6034,39.1823],[-76.6037,39.1835],[-76.6045,39.1825],[-76.6098,39.1823],[-76.6079,39.1813],[-76.6047,39.1821],[-76.602,39.1794],[-76.5991,39.1802],[-76.5961,39.179],[-76.5983,39.1762],[-76.5964,39.1769],[-76.595,39.18],[-76.59,39.1809],[-76.5846,39.1859],[-76.5811,39.1861],[-76.5805,39.1851],[-76.585,39.1771],[-76.5846,39.1759],[-76.5867,39.1742],[-76.5857,39.1722],[-76.5888,39.1697],[-76.5877,39.1668],[-76.591,39.1654],[-76.5906,39.1642],[-76.5929,39.1622],[-76.5976,39.1603],[-76.5999,39.1563],[-76.5997,39.1542],[-76.5975,39.1581],[-76.5938,39.159],[-76.594,39.1609],[-76.5914,39.161],[-76.5894,39.1634],[-76.5862,39.1627],[-76.5864,39.1642],[-76.5881,39.1649],[-76.5843,39.1682],[-76.5852,39.1709],[-76.5828,39.1732],[-76.5827,39.1768],[-76.5804,39.1778],[-76.5805,39.1812],[-76.5783,39.1809],[-76.579,39.1799],[-76.5755,39.1773],[-76.5721,39.1766],[-76.5697,39.1771],[-76.5747,39.1777],[-76.5767,39.1806],[-76.5753,39.1823],[-76.5781,39.1832],[-76.5753,39.1855],[-76.5723,39.1851],[-76.574,39.1879],[-76.5702,39.1914],[-76.5669,39.199],[-76.5645,39.1996],[-76.5676,39.1995],[-76.5694,39.1968],[-76.5712,39.1967],[-76.5714,39.1978],[-76.5723,39.197],[-76.5723,39.1982],[-76.5732,39.1973],[-76.5754,39.2034],[-76.577,39.2037],[-76.578,39.2058],[-76.5501,39.1972],[-76.5331,39.2076],[-76.5354,39.2038],[-76.5323,39.2025],[-76.5277,39.1949],[-76.5339,39.193],[-76.5342,39.1906],[-76.53,39.187],[-76.5258,39.1779],[-76.5235,39.1768],[-76.5241,39.176],[-76.5196,39.1747],[-76.5172,39.1713],[-76.5235,39.1702],[-76.5245,39.1665],[-76.5274,39.1661],[-76.527,39.1633],[-76.5316,39.1632],[-76.5327,39.1679],[-76.5343,39.1689],[-76.5353,39.1683],[-76.5338,39.1645],[-76.5349,39.163],[-76.5393,39.1648],[-76.5401,39.1671],[-76.5412,39.167],[-76.5396,39.1645],[-76.5435,39.1648],[-76.5449,39.1665],[-76.545,39.1642],[-76.548,39.1634],[-76.5499,39.1648],[-76.5511,39.1642],[-76.5514,39.1633],[-76.5486,39.1621],[-76.5424,39.1629],[-76.5379,39.1606],[-76.532,39.1611],[-76.5309,39.1592],[-76.5347,39.1578],[-76.534,39.1549],[-76.5368,39.1549],[-76.5423,39.1576],[-76.5417,39.1562],[-76.5434,39.1555],[-76.5411,39.1559],[-76.5377,39.1533],[-76.5409,39.1531],[-76.5405,39.1514],[-76.5492,39.1519],[-76.5488,39.1493],[-76.5563,39.1521],[-76.5502,39.1485],[-76.5503,39.147],[-76.5528,39.1476],[-76.5567,39.1463],[-76.5571,39.1451],[-76.5598,39.1458],[-76.5583,39.1449],[-76.5597,39.1436],[-76.557,39.1436],[-76.5552,39.1454],[-76.5556,39.1413],[-76.5544,39.1451],[-76.5521,39.1461],[-76.547,39.146],[-76.5455,39.1446],[-76.5473,39.1472],[-76.5463,39.1493],[-76.5415,39.1497],[-76.5392,39.1485],[-76.5379,39.1515],[-76.5356,39.1508],[-76.5337,39.1532],[-76.5303,39.1529],[-76.5313,39.1558],[-76.528,39.1573],[-76.5258,39.1568],[-76.5243,39.1623],[-76.5221,39.1618],[-76.5221,39.1634],[-76.5194,39.1649],[-76.5195,39.1671],[-76.5173,39.1668],[-76.5124,39.1693],[-76.513,39.1723],[-76.5057,39.1672],[-76.5008,39.1611],[-76.5009,39.1593],[-76.5059,39.1561],[-76.5061,39.1545],[-76.5125,39.1547],[-76.5132,39.1527],[-76.516,39.1536],[-76.5137,39.1502],[-76.515,39.1504],[-76.5155,39.1484],[-76.5171,39.1482],[-76.5161,39.1475],[-76.5185,39.147],[-76.5193,39.1447],[-76.5212,39.144],[-76.5234,39.1384],[-76.5173,39.1451],[-76.5156,39.1451],[-76.5125,39.1416],[-76.5143,39.1438],[-76.5145,39.1472],[-76.513,39.1475],[-76.5098,39.1521],[-76.5088,39.1518],[-76.5103,39.1499],[-76.5034,39.1451],[-76.5046,39.146],[-76.505,39.1501],[-76.4997,39.1517],[-76.4978,39.1499],[-76.4915,39.1482],[-76.4957,39.1512],[-76.497,39.1508],[-76.4973,39.1531],[-76.5012,39.1547],[-76.4911,39.1556],[-76.4877,39.1578],[-76.4842,39.1643],[-76.4779,39.1666],[-76.476,39.1611],[-76.4715,39.1547],[-76.4528,39.1435],[-76.4401,39.1376],[-76.4404,39.1346],[-76.444,39.1332],[-76.4455,39.1345],[-76.4503,39.1321],[-76.4576,39.1333],[-76.4574,39.1324],[-76.4594,39.1317],[-76.4634,39.1343],[-76.4638,39.1329],[-76.472,39.1352],[-76.4703,39.1336],[-76.4632,39.1322],[-76.4599,39.1296],[-76.4563,39.1313],[-76.4498,39.1305],[-76.4479,39.1316],[-76.445,39.1276],[-76.4508,39.1299],[-76.457,39.1291],[-76.4586,39.1273],[-76.4667,39.1294],[-76.4672,39.1275],[-76.4724,39.1266],[-76.4754,39.1284],[-76.4746,39.1264],[-76.4835,39.1247],[-76.4795,39.1241],[-76.481,39.1224],[-76.4778,39.1252],[-76.4732,39.1256],[-76.474,39.1238],[-76.4733,39.1199],[-76.4729,39.1248],[-76.466,39.126],[-76.4652,39.1275],[-76.4607,39.1264],[-76.4604,39.1245],[-76.4575,39.1248],[-76.4572,39.1223],[-76.4568,39.1245],[-76.4535,39.127],[-76.4516,39.1254],[-76.4504,39.1279],[-76.4493,39.1279],[-76.4501,39.1228],[-76.4479,39.1245],[-76.4467,39.124],[-76.448,39.1214],[-76.4467,39.1186],[-76.4515,39.1175],[-76.4524,39.1155],[-76.4452,39.1186],[-76.4431,39.1183],[-76.4426,39.1165],[-76.4414,39.1169],[-76.4405,39.1141],[-76.4406,39.1169],[-76.4459,39.1199],[-76.4449,39.1229],[-76.4405,39.123],[-76.4415,39.1225],[-76.4406,39.1215],[-76.4395,39.1222],[-76.4391,39.1235],[-76.4414,39.1251],[-76.4414,39.1272],[-76.4383,39.1306],[-76.439,39.1329],[-76.4304,39.1331],[-76.4287,39.1317],[-76.4325,39.1267],[-76.433,39.1132],[-76.4219,39.0814],[-76.4231,39.0742],[-76.4338,39.0585],[-76.4319,39.0638],[-76.4336,39.0639],[-76.4437,39.0746],[-76.4455,39.0864],[-76.4376,39.0914],[-76.4364,39.0871],[-76.4299,39.0899],[-76.4307,39.0875],[-76.4327,39.0873],[-76.4333,39.0848],[-76.4378,39.0845],[-76.4339,39.082],[-76.4324,39.0822],[-76.4313,39.0852],[-76.4282,39.0831],[-76.4224,39.0821],[-76.4246,39.0874],[-76.4261,39.0873],[-76.4267,39.0906],[-76.4357,39.0933],[-76.436,39.0959],[-76.4368,39.0935],[-76.4386,39.0942],[-76.4388,39.097],[-76.4417,39.0986],[-76.4451,39.1043],[-76.4476,39.1028],[-76.4498,39.1039],[-76.4479,39.1024],[-76.4474,39.0999],[-76.4458,39.1],[-76.4443,39.0975],[-76.4411,39.097],[-76.4417,39.0959],[-76.4406,39.0959],[-76.4401,39.0932],[-76.4489,39.0963],[-76.4554,39.0955],[-76.4579,39.0942],[-76.457,39.0892],[-76.4597,39.0883],[-76.4602,39.0893],[-76.4642,39.089],[-76.4688,39.0954],[-76.4697,39.0954],[-76.4668,39.0902],[-76.4707,39.0921],[-76.4748,39.0923],[-76.4692,39.0902],[-76.4687,39.088],[-76.4647,39.0883],[-76.4654,39.085],[-76.4681,39.0847],[-76.4691,39.0833],[-76.4671,39.0831],[-76.4683,39.0814],[-76.4694,39.0824],[-76.47,39.0807],[-76.4724,39.0806],[-76.4734,39.0811],[-76.4724,39.0832],[-76.4761,39.0853],[-76.4754,39.0793],[-76.479,39.0809],[-76.4787,39.0819],[-76.4785,39.0807],[-76.4764,39.0811],[-76.4764,39.083],[-76.4787,39.0832],[-76.4791,39.082],[-76.4802,39.0853],[-76.4755,39.0861],[-76.4769,39.0889],[-76.4833,39.0869],[-76.4865,39.0806],[-76.4888,39.0817],[-76.4917,39.0807],[-76.4928,39.0788],[-76.496,39.0817],[-76.4909,39.0864],[-76.4926,39.087],[-76.4954,39.0841],[-76.4984,39.0861],[-76.4981,39.0877],[-76.5002,39.0898],[-76.5007,39.0863],[-76.4993,39.0867],[-76.4997,39.084],[-76.4976,39.0831],[-76.4993,39.0822],[-76.4973,39.081],[-76.5042,39.0781],[-76.5054,39.0802],[-76.5038,39.0802],[-76.5041,39.0833],[-76.5113,39.0841],[-76.5109,39.0864],[-76.5128,39.087],[-76.5159,39.0866],[-76.5115,39.0883],[-76.5126,39.0887],[-76.5119,39.0913],[-76.5134,39.0892],[-76.5156,39.09],[-76.5156,39.0874],[-76.5199,39.085],[-76.5212,39.0878],[-76.5226,39.0867],[-76.5237,39.0892],[-76.5254,39.0883],[-76.5233,39.095],[-76.5203,39.0978],[-76.516,39.0974],[-76.5138,39.0989],[-76.5127,39.1023],[-76.5166,39.0982],[-76.5189,39.0989],[-76.5228,39.0978],[-76.5254,39.0916],[-76.5266,39.0916],[-76.5272,39.0936],[-76.5297,39.0946],[-76.5308,39.0981],[-76.5298,39.0991],[-76.5319,39.0994],[-76.531,39.1028],[-76.534,39.1056],[-76.5339,39.1088],[-76.5345,39.107],[-76.5373,39.1066],[-76.5407,39.1099],[-76.5416,39.1097],[-76.5405,39.1081],[-76.5328,39.1026],[-76.5336,39.1011],[-76.532,39.0965],[-76.5364,39.0973],[-76.5439,39.0963],[-76.5341,39.096],[-76.5325,39.0948],[-76.5354,39.0936],[-76.5282,39.0913],[-76.5265,39.0899],[-76.5277,39.0879],[-76.5257,39.0864],[-76.5339,39.089],[-76.5351,39.0878],[-76.5369,39.0885],[-76.5379,39.0868],[-76.5396,39.0876],[-76.5385,39.0861],[-76.5394,39.0858],[-76.5463,39.0861],[-76.5427,39.0847],[-76.5377,39.0853],[-76.5369,39.087],[-76.5315,39.0861],[-76.5301,39.0871],[-76.5275,39.0841],[-76.5243,39.0845],[-76.5226,39.0819],[-76.5179,39.0816],[-76.518,39.0765],[-76.5199,39.0759],[-76.5206,39.078],[-76.5239,39.0768],[-76.5216,39.0766],[-76.5236,39.0738],[-76.5272,39.0737],[-76.5303,39.0756],[-76.5358,39.0758],[-76.5303,39.0749],[-76.5264,39.0722],[-76.5275,39.0704],[-76.5302,39.0704],[-76.5338,39.0666],[-76.5321,39.065],[-76.5301,39.0684],[-76.5236,39.073],[-76.5176,39.0719],[-76.5153,39.0694],[-76.5202,39.0633],[-76.5251,39.0632],[-76.5245,39.0616],[-76.5234,39.0627],[-76.5206,39.0623],[-76.522,39.0592],[-76.5188,39.0605],[-76.519,39.0645],[-76.5163,39.0654],[-76.5151,39.0668],[-76.5157,39.068],[-76.5113,39.0659],[-76.5124,39.0641],[-76.5112,39.0641],[-76.5115,39.062],[-76.509,39.0613],[-76.5084,39.0598],[-76.5101,39.059],[-76.5077,39.0596],[-76.5101,39.0661],[-76.5134,39.0685],[-76.5115,39.0715],[-76.5028,39.072],[-76.4975,39.0657],[-76.4915,39.0655],[-76.4899,39.0624],[-76.4937,39.0593],[-76.4888,39.0598],[-76.4912,39.0582],[-76.4893,39.0551],[-76.4893,39.0565],[-76.4876,39.0561],[-76.4886,39.0581],[-76.4873,39.0601],[-76.4886,39.061],[-76.4806,39.0672],[-76.4799,39.063],[-76.4785,39.0617],[-76.4759,39.0624],[-76.4698,39.0596],[-76.4612,39.0605],[-76.4586,39.0596],[-76.461,39.0582],[-76.4594,39.0582],[-76.4596,39.0573],[-76.4579,39.0579],[-76.4583,39.0594],[-76.4528,39.0553],[-76.4562,39.0515],[-76.4601,39.0516],[-76.4584,39.0506],[-76.4587,39.0496],[-76.4614,39.0487],[-76.4641,39.0462],[-76.4647,39.0443],[-76.4604,39.0471],[-76.4607,39.0479],[-76.4575,39.0483],[-76.4576,39.0493],[-76.454,39.0512],[-76.4513,39.0507],[-76.4391,39.0529],[-76.4302,39.0458],[-76.4244,39.0439],[-76.404,39.033],[-76.4071,39.0317],[-76.4097,39.0327],[-76.4091,39.0314],[-76.4116,39.0306],[-76.4062,39.0317],[-76.4054,39.0323],[-76.4013,39.0281],[-76.3978,39.0226],[-76.3941,39.0113],[-76.4027,39.0079],[-76.4017,39.006],[-76.4037,39.0084],[-76.406,39.0064],[-76.4047,39.0053],[-76.4063,39.006],[-76.4118,39.0023],[-76.4124,39.0037],[-76.4151,39.0039],[-76.416,39.0022],[-76.4144,39.0025],[-76.4139,39.0014],[-76.415,39.0008],[-76.4147,38.9985],[-76.4156,38.9972],[-76.4179,38.998],[-76.4172,38.9959],[-76.4144,38.9968],[-76.4143,38.9982],[-76.4126,38.9961],[-76.4146,38.9943],[-76.4223,38.9938],[-76.4231,38.9927],[-76.4211,38.9883],[-76.4228,38.9858],[-76.4274,38.9865],[-76.4274,38.9896],[-76.424,38.9925],[-76.4228,38.9976],[-76.4253,39.0009],[-76.4222,39.0013],[-76.4203,39.0045],[-76.4226,39.0071],[-76.4172,39.0085],[-76.416,39.0115],[-76.4159,39.0157],[-76.4177,39.0193],[-76.4167,39.0151],[-76.4183,39.0093],[-76.4214,39.0106],[-76.4204,39.0098],[-76.422,39.0087],[-76.4237,39.0094],[-76.4226,39.0039],[-76.4261,39.004],[-76.4269,39.002],[-76.426,39.0008],[-76.4272,39.0009],[-76.4314,39.0018],[-76.4326,39.0047],[-76.4311,39.0059],[-76.4311,39.0082],[-76.4332,39.01],[-76.4332,39.0115],[-76.4298,39.0139],[-76.4296,39.0148],[-76.433,39.0127],[-76.4351,39.0134],[-76.4307,39.0197],[-76.4325,39.0195],[-76.4345,39.0226],[-76.4363,39.0231],[-76.4359,39.0207],[-76.4467,39.0225],[-76.4435,39.0219],[-76.4414,39.0199],[-76.435,39.0201],[-76.4334,39.0173],[-76.4364,39.0153],[-76.4356,39.0117],[-76.4436,39.0127],[-76.4431,39.014],[-76.4442,39.0136],[-76.4459,39.0159],[-76.4482,39.0164],[-76.4452,39.013],[-76.4478,39.0117],[-76.4396,39.011],[-76.4396,39.01],[-76.4349,39.0103],[-76.4355,39.0078],[-76.4339,39.0073],[-76.4398,39.005],[-76.4365,39.0059],[-76.4352,39.0051],[-76.4351,39.0004],[-76.433,38.999],[-76.4344,38.9963],[-76.4373,38.9954],[-76.4388,38.9955],[-76.4377,38.9957],[-76.439,38.997],[-76.4406,38.9954],[-76.4477,38.9947]]]]}},{"type":"Feature","properties":{"leaid":"2400090","name":"Baltimore City Public Schools","kind":"Unified","gradeLow":"PK","gradeHigh":"12","state":"MD"},"geometry":{"type":"MultiPolygon","coordinates":[[[[-76.5836,39.2095],[-76.5824,39.2072],[-76.5885,39.2125],[-76.583,39.2142],[-76.5809,39.2136],[-76.5821,39.2099],[-76.5836,39.2095]]],[[[-76.5732,39.2188],[-76.5682,39.2154],[-76.5633,39.2146],[-76.551,39.2175],[-76.5495,39.2167],[-76.5485,39.2133],[-76.5499,39.2135],[-76.5508,39.2118],[-76.5487,39.2103],[-76.5454,39.2107],[-76.5404,39.2137],[-76.5423,39.2107],[-76.5408,39.2102],[-76.5343,39.2132],[-76.5359,39.211],[-76.533,39.2103],[-76.533,39.2087],[-76.5319,39.2085],[-76.5501,39.1972],[-76.5798,39.207],[-76.5784,39.2083],[-76.575,39.2079],[-76.572,39.2112],[-76.5745,39.2136],[-76.5731,39.2137],[-76.5726,39.2152],[-76.5738,39.2156],[-76.5726,39.2155],[-76.5725,39.2171],[-76.574,39.2181],[-76.5732,39.2188]]],[[[-76.7113,39.3719],[-76.5298,39.3721],[-76.5296,39.2405],[-76.5325,39.2396],[-76.5387,39.2454],[-76.5343,39.2558],[-76.5347,39.2605],[-76.5397,39.2638],[-76.5397,39.2666],[-76.5335,39.2665],[-76.5381,39.2677],[-76.5397,39.2673],[-76.5404,39.2658],[-76.5405,39.2629],[-76.5362,39.2586],[-76.5387,39.2536],[-76.5414,39.2541],[-76.5401,39.2565],[-76.5475,39.2609],[-76.5543,39.2608],[-76.5557,39.2578],[-76.5564,39.2614],[-76.5568,39.2579],[-76.557,39.2612],[-76.5587,39.2613],[-76.5586,39.257],[-76.5603,39.2574],[-76.5606,39.2613],[-76.5609,39.2585],[-76.5626,39.2612],[-76.5636,39.2564],[-76.5638,39.2588],[-76.5647,39.2568],[-76.5651,39.2601],[-76.5664,39.2584],[-76.5717,39.262],[-76.5717,39.2645],[-76.569,39.2648],[-76.5721,39.2647],[-76.5692,39.2652],[-76.5715,39.2656],[-76.5697,39.2661],[-76.5717,39.2669],[-76.5692,39.2678],[-76.5728,39.2678],[-76.5693,39.2687],[-76.5697,39.2697],[-76.5723,39.2697],[-76.5693,39.2703],[-76.572,39.2705],[-76.5706,39.271],[-76.572,39.272],[-76.5707,39.2727],[-76.5717,39.2728],[-76.5712,39.2745],[-76.5726,39.2745],[-76.5709,39.2748],[-76.5727,39.275],[-76.5711,39.2752],[-76.572,39.2754],[-76.5711,39.2765],[-76.5795,39.2765],[-76.5803,39.2796],[-76.5872,39.2834],[-76.5889,39.2821],[-76.5876,39.2815],[-76.5877,39.2791],[-76.5914,39.28],[-76.5918,39.2817],[-76.5919,39.2803],[-76.593,39.2816],[-76.5935,39.2795],[-76.5951,39.28],[-76.5942,39.2792],[-76.599,39.2787],[-76.6006,39.2797],[-76.5991,39.2821],[-76.6019,39.2821],[-76.6022,39.281],[-76.6038,39.2863],[-76.6037,39.2828],[-76.6045,39.283],[-76.6044,39.2856],[-76.6052,39.2867],[-76.605,39.2832],[-76.6063,39.2866],[-76.6064,39.284],[-76.6073,39.2866],[-76.6078,39.2844],[-76.6087,39.286],[-76.6118,39.2855],[-76.6113,39.2819],[-76.6075,39.2822],[-76.6045,39.2802],[-76.6057,39.2787],[-76.6034,39.2777],[-76.6058,39.2775],[-76.6033,39.2775],[-76.6045,39.2773],[-76.6031,39.2767],[-76.6043,39.2762],[-76.6025,39.2762],[-76.6043,39.2756],[-76.5999,39.275],[-76.5989,39.2732],[-76.5925,39.2764],[-76.5929,39.2753],[-76.5891,39.2757],[-76.5891,39.2729],[-76.588,39.275],[-76.5881,39.2732],[-76.5864,39.2739],[-76.5876,39.2716],[-76.5853,39.2733],[-76.5866,39.2707],[-76.5848,39.2727],[-76.5853,39.2703],[-76.5836,39.272],[-76.5839,39.2697],[-76.5826,39.2713],[-76.5831,39.2682],[-76.5811,39.2703],[-76.5827,39.2675],[-76.5805,39.2694],[-76.5776,39.264],[-76.5797,39.2613],[-76.5839,39.264],[-76.588,39.2611],[-76.5877,39.2629],[-76.5894,39.2619],[-76.5912,39.2644],[-76.592,39.2629],[-76.5933,39.2642],[-76.594,39.263],[-76.5937,39.2643],[-76.5955,39.2648],[-76.5972,39.2636],[-76.6003,39.2642],[-76.5993,39.2618],[-76.6026,39.2659],[-76.6036,39.2651],[-76.6027,39.2636],[-76.6042,39.2645],[-76.6008,39.2617],[-76.6045,39.2642],[-76.603,39.2617],[-76.6054,39.2636],[-76.6035,39.2617],[-76.606,39.2632],[-76.608,39.262],[-76.6047,39.2595],[-76.6074,39.2591],[-76.6102,39.2556],[-76.6101,39.2575],[-76.6136,39.2609],[-76.6151,39.2597],[-76.6161,39.2624],[-76.6205,39.2651],[-76.6203,39.2701],[-76.6216,39.2701],[-76.622,39.2739],[-76.6245,39.2737],[-76.6258,39.2696],[-76.6296,39.272],[-76.6269,39.2699],[-76.6314,39.2691],[-76.6259,39.2683],[-76.6314,39.2583],[-76.6296,39.2587],[-76.6232,39.2554],[-76.6159,39.256],[-76.6111,39.248],[-76.613,39.2472],[-76.6152,39.241],[-76.6182,39.2373],[-76.6128,39.2424],[-76.6112,39.2468],[-76.6091,39.2467],[-76.6078,39.243],[-76.6059,39.2434],[-76.6056,39.2422],[-76.6035,39.2419],[-76.6048,39.2436],[-76.6022,39.2456],[-76.603,39.2438],[-76.6019,39.2424],[-76.6017,39.2448],[-76.5982,39.2483],[-76.5987,39.2464],[-76.5976,39.2465],[-76.5988,39.245],[-76.5959,39.2438],[-76.5933,39.2457],[-76.5938,39.2442],[-76.5919,39.2438],[-76.592,39.2499],[-76.5909,39.2503],[-76.5912,39.2482],[-76.5887,39.248],[-76.59,39.2505],[-76.5884,39.2509],[-76.5877,39.2495],[-76.5862,39.2504],[-76.587,39.2474],[-76.5858,39.2457],[-76.5812,39.2517],[-76.5821,39.2495],[-76.5809,39.2512],[-76.5819,39.2495],[-76.5801,39.2509],[-76.5813,39.2492],[-76.5789,39.2509],[-76.579,39.2491],[-76.5775,39.2499],[-76.5777,39.2485],[-76.5766,39.2499],[-76.5773,39.2483],[-76.5744,39.2479],[-76.5732,39.2463],[-76.5713,39.2478],[-76.5725,39.2457],[-76.5709,39.2471],[-76.572,39.2457],[-76.5712,39.2453],[-76.5692,39.2464],[-76.5711,39.245],[-76.5693,39.2438],[-76.5711,39.2434],[-76.5694,39.2429],[-76.5694,39.2409],[-76.5666,39.2424],[-76.5675,39.2403],[-76.5656,39.2412],[-76.5647,39.24],[-76.5669,39.2388],[-76.5643,39.239],[-76.5632,39.2377],[-76.561,39.2388],[-76.5637,39.2373],[-76.5601,39.2343],[-76.564,39.2329],[-76.5598,39.2326],[-76.5601,39.2311],[-76.5626,39.2303],[-76.5623,39.2274],[-76.564,39.2244],[-76.5713,39.2274],[-76.5767,39.2258],[-76.5791,39.227],[-76.5805,39.2313],[-76.5823,39.2316],[-76.5804,39.229],[-76.582,39.2291],[-76.5801,39.2287],[-76.5816,39.2269],[-76.58,39.2255],[-76.58,39.2236],[-76.5778,39.2232],[-76.5799,39.2229],[-76.5763,39.221],[-76.5791,39.221],[-76.5776,39.2207],[-76.5799,39.2189],[-76.5788,39.2159],[-76.5811,39.2165],[-76.5891,39.213],[-76.6117,39.2344],[-76.7111,39.2779],[-76.7113,39.3719]]]]}},{"type":"Feature","properties":{"leaid":"2400120","name":"Baltimore County Public Schools","kind":"Unified","gradeLow":"PK","gradeHigh":"12","state":"MD"},"geometry":{"type":"MultiPolygon","coordinates":[[[[-76.388,39.2377],[-76.3944,39.2314],[-76.3955,39.2324],[-76.3951,39.2339],[-76.3913,39.2348],[-76.388,39.2377]]],[[[-76.3844,39.2427],[-76.3869,39.2398],[-76.3856,39.2459],[-76.3871,39.2492],[-76.3814,39.2495],[-76.3781,39.2523],[-76.3719,39.2527],[-76.3836,39.2469],[-76.3844,39.2427]]],[[[-76.3581,39.2588],[-76.3642,39.2559],[-76.3646,39.2585],[-76.3551,39.2631],[-76.3581,39.2588]]],[[[-76.3513,39.3312],[-76.351,39.3268],[-76.3441,39.3264],[-76.3394,39.3246],[-76.3276,39.3141],[-76.3371,39.3142],[-76.3406,39.31],[-76.3391,39.3063],[-76.3365,39.305],[-76.3415,39.3027],[-76.3406,39.3065],[-76.3456,39.3128],[-76.3456,39.3148],[-76.3429,39.3156],[-76.3431,39.317],[-76.3446,39.3161],[-76.3505,39.3183],[-76.351,39.3123],[-76.3536,39.3103],[-76.3564,39.313],[-76.3529,39.3151],[-76.3586,39.3173],[-76.3604,39.3196],[-76.36,39.3211],[-76.3573,39.3208],[-76.3607,39.3232],[-76.3613,39.3269],[-76.3603,39.33],[-76.3594,39.3291],[-76.3552,39.3299],[-76.3497,39.3344],[-76.3513,39.3312]]],[[[-76.3631,39.3876],[-76.3639,39.3857],[-76.3652,39.386],[-76.3664,39.3897],[-76.3647,39.3909],[-76.365,39.389],[-76.3631,39.3876]]],[[[-76.5955,39.7204],[-76.5694,39.7212],[-76.5652,39.6145],[-76.5641,39.6104],[-76.562,39.608],[-76.5629,39.6062],[-76.5595,39.5977],[-76.5601,39.5961],[-76.5566,39.5945],[-76.5532,39.5894],[-76.5471,39.5877],[-76.5435,39.5786],[-76.544,39.5753],[-76.5401,39.5738],[-76.5398,39.5678],[-76.5369,39.5656],[-76.536,39.5617],[-76.532,39.5615],[-76.5311,39.5554],[-76.534,39.5547],[-76.5348,39.5532],[-76.5342,39.5514],[-76.5318,39.5511],[-76.5322,39.544],[-76.5278,39.5435],[-76.5258,39.5399],[-76.522,39.5389],[-76.5225,39.5367],[-76.5185,39.5364],[-76.5182,39.5329],[-76.5159,39.5319],[-76.5165,39.5291],[-76.5126,39.529],[-76.5104,39.5244],[-76.5079,39.5236],[-76.505,39.5251],[-76.4989,39.5235],[-76.4946,39.5266],[-76.493,39.5246],[-76.4856,39.522],[-76.4837,39.5195],[-76.4787,39.5186],[-76.4774,39.5171],[-76.4782,39.5153],[-76.4774,39.5145],[-76.4741,39.5176],[-76.4691,39.5137],[-76.4627,39.5125],[-76.4601,39.5105],[-76.4596,39.5072],[-76.4564,39.5082],[-76.4524,39.5067],[-76.448,39.5085],[-76.437,39.502],[-76.4322,39.5066],[-76.4279,39.5019],[-76.43,39.4992],[-76.4286,39.4976],[-76.4321,39.4941],[-76.432,39.4922],[-76.4337,39.4922],[-76.4331,39.488],[-76.4289,39.4882],[-76.4256,39.4816],[-76.4229,39.4809],[-76.4206,39.4781],[-76.4106,39.4784],[-76.4081,39.4761],[-76.4079,39.4721],[-76.4064,39.472],[-76.405,39.474],[-76.4027,39.4733],[-76.4,39.4688],[-76.3955,39.4683],[-76.3928,39.466],[-76.3904,39.4598],[-76.3866,39.4597],[-76.3863,39.456],[-76.3886,39.4532],[-76.3831,39.4504],[-76.3789,39.4454],[-76.38,39.4433],[-76.3796,39.4382],[-76.3772,39.4352],[-76.381,39.4295],[-76.3804,39.4249],[-76.3756,39.4236],[-76.3729,39.4212],[-76.3702,39.415],[-76.3722,39.4056],[-76.3663,39.4042],[-76.3652,39.4018],[-76.3611,39.4003],[-76.3602,39.3908],[-76.3616,39.3914],[-76.3634,39.3892],[-76.3625,39.3877],[-76.3644,39.3892],[-76.363,39.3932],[-76.3677,39.3898],[-76.3684,39.3861],[-76.3705,39.3836],[-76.3732,39.3813],[-76.3772,39.3805],[-76.381,39.3819],[-76.3857,39.3808],[-76.3864,39.3829],[-76.3869,39.3813],[-76.3926,39.3806],[-76.399,39.3846],[-76.4078,39.3861],[-76.4147,39.3856],[-76.4124,39.3851],[-76.4145,39.3847],[-76.4161,39.3827],[-76.4094,39.3829],[-76.4045,39.3806],[-76.4076,39.3804],[-76.4095,39.3782],[-76.4088,39.376],[-76.407,39.3802],[-76.4062,39.3791],[-76.3996,39.3793],[-76.3998,39.3825],[-76.3974,39.3824],[-76.3982,39.3782],[-76.3977,39.3794],[-76.3972,39.3779],[-76.3921,39.3764],[-76.3822,39.377],[-76.3841,39.3724],[-76.3788,39.376],[-76.3737,39.3734],[-76.375,39.3693],[-76.3725,39.3678],[-76.3725,39.3726],[-76.364,39.3692],[-76.3659,39.3711],[-76.3644,39.3724],[-76.3672,39.3718],[-76.3719,39.3749],[-76.3699,39.3782],[-76.3613,39.3776],[-76.3591,39.3815],[-76.3542,39.3803],[-76.3522,39.3761],[-76.3383,39.3737],[-76.3405,39.3691],[-76.3402,39.3617],[-76.3444,39.3585],[-76.3343,39.3413],[-76.3283,39.3349],[-76.3341,39.3339],[-76.3343,39.3371],[-76.3377,39.3401],[-76.3461,39.342],[-76.3486,39.3395],[-76.3512,39.3433],[-76.3494,39.3476],[-76.351,39.3479],[-76.3506,39.3498],[-76.354,39.3456],[-76.357,39.3448],[-76.3589,39.3495],[-76.3565,39.3524],[-76.3593,39.3524],[-76.3594,39.3541],[-76.3623,39.3563],[-76.3609,39.3522],[-76.3616,39.3505],[-76.3651,39.3513],[-76.3682,39.3489],[-76.3697,39.3499],[-76.37,39.3472],[-76.3653,39.3451],[-76.3623,39.3409],[-76.3573,39.3412],[-76.3585,39.3386],[-76.3566,39.3349],[-76.3657,39.3376],[-76.3737,39.3451],[-76.3741,39.3429],[-76.3783,39.3415],[-76.3824,39.3448],[-76.3855,39.3456],[-76.383,39.3428],[-76.3846,39.3429],[-76.3853,39.342],[-76.3814,39.3421],[-76.3822,39.341],[-76.3746,39.3396],[-76.3755,39.3368],[-76.374,39.3372],[-76.3695,39.3331],[-76.3766,39.3314],[-76.3735,39.33],[-76.3727,39.3311],[-76.3682,39.3313],[-76.3622,39.3286],[-76.3626,39.3258],[-76.3652,39.3227],[-76.3673,39.3222],[-76.3688,39.3246],[-76.3728,39.3237],[-76.3701,39.3218],[-76.3712,39.3206],[-76.3745,39.3204],[-76.3795,39.3228],[-76.3799,39.3253],[-76.3816,39.3241],[-76.3885,39.3268],[-76.3869,39.3235],[-76.384,39.3225],[-76.3867,39.3204],[-76.3918,39.3213],[-76.3869,39.3176],[-76.3827,39.3209],[-76.379,39.3202],[-76.3765,39.3176],[-76.3778,39.3166],[-76.3761,39.3161],[-76.3714,39.3188],[-76.3689,39.3184],[-76.3708,39.3166],[-76.3666,39.3154],[-76.3737,39.3137],[-76.3756,39.3122],[-76.3739,39.313],[-76.3697,39.311],[-76.3667,39.3115],[-76.3653,39.3132],[-76.3642,39.312],[-76.3743,39.3015],[-76.384,39.2986],[-76.3839,39.3036],[-76.381,39.3036],[-76.38,39.3058],[-76.3814,39.3063],[-76.3808,39.3105],[-76.3834,39.3118],[-76.3832,39.309],[-76.3879,39.3084],[-76.3884,39.3138],[-76.3906,39.3133],[-76.3895,39.3124],[-76.3922,39.3116],[-76.3941,39.309],[-76.3918,39.3082],[-76.3941,39.3038],[-76.3985,39.3098],[-76.4025,39.3082],[-76.4021,39.3119],[-76.3992,39.3126],[-76.3972,39.3162],[-76.4,39.3162],[-76.3989,39.3181],[-76.4007,39.3183],[-76.4011,39.3212],[-76.3998,39.3227],[-76.4002,39.3249],[-76.3981,39.3256],[-76.4022,39.3256],[-76.4,39.3314],[-76.3979,39.3313],[-76.3996,39.3325],[-76.4017,39.3311],[-76.4023,39.3275],[-76.4039,39.3261],[-76.4062,39.3295],[-76.4029,39.3361],[-76.4064,39.3338],[-76.4075,39.3303],[-76.4092,39.3313],[-76.4101,39.3343],[-76.4105,39.3326],[-76.4078,39.3267],[-76.4107,39.327],[-76.4034,39.3227],[-76.406,39.3223],[-76.4025,39.3199],[-76.4037,39.3172],[-76.4091,39.3121],[-76.4107,39.3141],[-76.4101,39.3152],[-76.4116,39.315],[-76.4108,39.3172],[-76.4152,39.3183],[-76.4162,39.3207],[-76.4187,39.3207],[-76.4131,39.3148],[-76.4137,39.3126],[-76.4103,39.309],[-76.4109,39.3081],[-76.4158,39.3133],[-76.4212,39.315],[-76.4249,39.3192],[-76.4237,39.321],[-76.4261,39.3198],[-76.4283,39.3242],[-76.4257,39.3251],[-76.4241,39.3273],[-76.4246,39.3284],[-76.4299,39.326],[-76.4302,39.3248],[-76.4368,39.3275],[-76.4299,39.3232],[-76.4299,39.3218],[-76.4316,39.3215],[-76.426,39.3164],[-76.4276,39.3159],[-76.4315,39.3162],[-76.433,39.3185],[-76.4336,39.3173],[-76.4385,39.3222],[-76.4395,39.325],[-76.4472,39.3299],[-76.4413,39.3244],[-76.4402,39.322],[-76.4417,39.3212],[-76.4383,39.3178],[-76.4335,39.3155],[-76.4332,39.3139],[-76.4387,39.313],[-76.4441,39.3168],[-76.441,39.312],[-76.4388,39.3108],[-76.4349,39.3124],[-76.4365,39.31],[-76.4322,39.3095],[-76.433,39.3119],[-76.4294,39.3115],[-76.4246,39.3137],[-76.4246,39.311],[-76.4231,39.3119],[-76.4191,39.3105],[-76.4203,39.3086],[-76.4187,39.3063],[-76.4227,39.3055],[-76.4243,39.3073],[-76.4242,39.3047],[-76.4263,39.3044],[-76.428,39.3063],[-76.4272,39.3036],[-76.4313,39.3043],[-76.4295,39.3021],[-76.4332,39.3006],[-76.4314,39.2997],[-76.429,39.302],[-76.4259,39.3004],[-76.4259,39.3028],[-76.4235,39.303],[-76.4229,39.3017],[-76.4221,39.3032],[-76.4158,39.3042],[-76.4154,39.3018],[-76.4179,39.3015],[-76.417,39.3011],[-76.4177,39.2998],[-76.419,39.3],[-76.4197,39.2987],[-76.4212,39.2989],[-76.4202,39.2978],[-76.4215,39.2962],[-76.4174,39.2988],[-76.4158,39.2981],[-76.417,39.2995],[-76.4135,39.3008],[-76.4144,39.3025],[-76.4127,39.3043],[-76.4105,39.304],[-76.4088,39.3011],[-76.4108,39.3002],[-76.4085,39.2972],[-76.4089,39.3002],[-76.4012,39.2983],[-76.3992,39.2957],[-76.3984,39.294],[-76.3999,39.2893],[-76.4056,39.2925],[-76.4034,39.2908],[-76.4033,39.2891],[-76.4066,39.288],[-76.4071,39.2912],[-76.4096,39.2926],[-76.4091,39.2937],[-76.412,39.2936],[-76.4101,39.2922],[-76.4092,39.2895],[-76.4105,39.2893],[-76.4095,39.2884],[-76.412,39.2871],[-76.4162,39.2901],[-76.4187,39.2895],[-76.4162,39.2891],[-76.4169,39.2873],[-76.4157,39.2876],[-76.4138,39.2852],[-76.4183,39.2841],[-76.4162,39.2834],[-76.41,39.2853],[-76.409,39.2846],[-76.4116,39.2809],[-76.407,39.2838],[-76.4074,39.2849],[-76.4024,39.2861],[-76.4001,39.2857],[-76.4033,39.2833],[-76.3987,39.2852],[-76.3978,39.2841],[-76.3955,39.285],[-76.3979,39.2866],[-76.3964,39.2883],[-76.3977,39.2901],[-76.3948,39.2895],[-76.3961,39.2868],[-76.3903,39.2859],[-76.385,39.2869],[-76.3817,39.2848],[-76.3842,39.2845],[-76.385,39.2823],[-76.3829,39.28],[-76.383,39.2775],[-76.3847,39.2757],[-76.3871,39.2805],[-76.388,39.2789],[-76.3933,39.2783],[-76.3958,39.2758],[-76.3963,39.2803],[-76.3979,39.2805],[-76.397,39.2795],[-76.3979,39.2777],[-76.4002,39.2787],[-76.4015,39.278],[-76.3977,39.2764],[-76.401,39.2743],[-76.4031,39.2744],[-76.3979,39.2739],[-76.3997,39.2719],[-76.399,39.2703],[-76.4031,39.2688],[-76.4017,39.2678],[-76.4025,39.2659],[-76.3964,39.2697],[-76.3949,39.2692],[-76.4017,39.2589],[-76.405,39.256],[-76.4044,39.2529],[-76.401,39.2494],[-76.4056,39.2499],[-76.4043,39.2513],[-76.4091,39.2545],[-76.4149,39.2546],[-76.4101,39.2541],[-76.4076,39.2525],[-76.4063,39.2488],[-76.4075,39.2476],[-76.4113,39.2493],[-76.4149,39.2491],[-76.4158,39.2476],[-76.4254,39.2548],[-76.4284,39.2556],[-76.4366,39.2537],[-76.4372,39.2611],[-76.4406,39.262],[-76.4383,39.2645],[-76.4364,39.2709],[-76.4385,39.2753],[-76.4391,39.2817],[-76.4341,39.2869],[-76.4315,39.2853],[-76.4336,39.2873],[-76.4314,39.2907],[-76.4337,39.2874],[-76.4358,39.2922],[-76.4353,39.2861],[-76.4377,39.2868],[-76.4379,39.284],[-76.4426,39.2825],[-76.4471,39.2852],[-76.4519,39.2833],[-76.452,39.285],[-76.4639,39.292],[-76.4632,39.298],[-76.4685,39.3036],[-76.4682,39.3085],[-76.4691,39.3055],[-76.4707,39.3051],[-76.4703,39.304],[-76.4687,39.3038],[-76.4677,39.2986],[-76.464,39.2985],[-76.4659,39.2959],[-76.4646,39.293],[-76.4662,39.2912],[-76.4667,39.295],[-76.4688,39.2981],[-76.4744,39.2992],[-76.4806,39.3034],[-76.4877,39.302],[-76.487,39.3031],[-76.4905,39.3042],[-76.4871,39.3098],[-76.4885,39.3116],[-76.4871,39.3127],[-76.4867,39.3161],[-76.4841,39.3185],[-76.4841,39.3203],[-76.4808,39.3212],[-76.4853,39.3207],[-76.4851,39.3188],[-76.4882,39.3167],[-76.4896,39.3136],[-76.4884,39.3126],[-76.4916,39.3088],[-76.4908,39.3068],[-76.496,39.3089],[-76.4979,39.3086],[-76.5006,39.3046],[-76.5012,39.3061],[-76.5054,39.3063],[-76.5035,39.3049],[-76.5033,39.3021],[-76.4947,39.3029],[-76.4901,39.301],[-76.49,39.2993],[-76.4875,39.2981],[-76.4869,39.296],[-76.4825,39.296],[-76.4813,39.2927],[-76.4852,39.2898],[-76.4852,39.2892],[-76.4797,39.292],[-76.4756,39.2911],[-76.4721,39.2846],[-76.4639,39.2804],[-76.4603,39.28],[-76.4563,39.2774],[-76.4573,39.2754],[-76.4571,39.2752],[-76.4563,39.2761],[-76.4504,39.2716],[-76.4516,39.2691],[-76.4545,39.2695],[-76.4515,39.2614],[-76.4523,39.26],[-76.4543,39.2603],[-76.4459,39.2522],[-76.4501,39.2494],[-76.4508,39.2472],[-76.455,39.2465],[-76.4515,39.2443],[-76.4496,39.2456],[-76.4452,39.2456],[-76.4443,39.2473],[-76.4458,39.2476],[-76.4454,39.2484],[-76.4394,39.2463],[-76.4429,39.2431],[-76.4442,39.2434],[-76.444,39.2421],[-76.4426,39.2415],[-76.442,39.2433],[-76.4402,39.2415],[-76.4237,39.2357],[-76.424,39.2339],[-76.421,39.232],[-76.41,39.2311],[-76.4062,39.2328],[-76.4002,39.239],[-76.3987,39.2379],[-76.3983,39.2371],[-76.4012,39.2357],[-76.402,39.2335],[-76.4011,39.2327],[-76.4025,39.2316],[-76.4009,39.2306],[-76.3995,39.2314],[-76.3987,39.2295],[-76.4095,39.2249],[-76.4177,39.2198],[-76.4253,39.2057],[-76.4292,39.2041],[-76.4359,39.2048],[-76.4322,39.2052],[-76.4353,39.2069],[-76.4327,39.2088],[-76.4347,39.2095],[-76.4305,39.2114],[-76.4325,39.2119],[-76.4318,39.2137],[-76.4329,39.2154],[-76.4345,39.2147],[-76.4342,39.2129],[-76.4372,39.2114],[-76.4383,39.2128],[-76.4394,39.2114],[-76.4375,39.2087],[-76.442,39.2097],[-76.4415,39.2078],[-76.4431,39.2072],[-76.4429,39.2061],[-76.4391,39.2066],[-76.437,39.2049],[-76.4391,39.2052],[-76.4444,39.2028],[-76.4378,39.2038],[-76.4367,39.2025],[-76.4425,39.1954],[-76.4466,39.1965],[-76.45,39.2014],[-76.4459,39.2086],[-76.4465,39.2094],[-76.4444,39.2101],[-76.4442,39.211],[-76.4456,39.211],[-76.4446,39.2114],[-76.4451,39.2154],[-76.4428,39.2173],[-76.4412,39.2174],[-76.4413,39.2161],[-76.4371,39.2175],[-76.4375,39.2202],[-76.4383,39.2185],[-76.4397,39.2188],[-76.4408,39.2216],[-76.4397,39.2213],[-76.4394,39.2234],[-76.4368,39.2259],[-76.4385,39.2268],[-76.4367,39.2291],[-76.4387,39.228],[-76.4391,39.229],[-76.4396,39.2253],[-76.4436,39.2248],[-76.4406,39.2244],[-76.4421,39.2225],[-76.4414,39.2207],[-76.4452,39.2188],[-76.4577,39.2187],[-76.4583,39.22],[-76.4545,39.2232],[-76.4566,39.2227],[-76.4577,39.2243],[-76.4565,39.2249],[-76.4611,39.224],[-76.4596,39.2272],[-76.4543,39.2274],[-76.4513,39.2295],[-76.4537,39.2284],[-76.4588,39.2286],[-76.4588,39.2299],[-76.4608,39.23],[-76.4601,39.2284],[-76.4629,39.2281],[-76.4621,39.2264],[-76.4645,39.2246],[-76.468,39.2243],[-76.4632,39.2228],[-76.4669,39.2196],[-76.4614,39.2208],[-76.4634,39.2182],[-76.4611,39.2164],[-76.4627,39.2159],[-76.4612,39.2117],[-76.4612,39.204],[-76.4635,39.2059],[-76.4801,39.2051],[-76.4816,39.2043],[-76.4818,39.2015],[-76.4825,39.2046],[-76.481,39.2099],[-76.4764,39.2114],[-76.4766,39.2122],[-76.4844,39.2114],[-76.4845,39.2095],[-76.4857,39.2112],[-76.4854,39.2033],[-76.4889,39.2022],[-76.4926,39.203],[-76.4932,39.2059],[-76.4942,39.204],[-76.4984,39.2048],[-76.4987,39.2065],[-76.4966,39.2076],[-76.501,39.2084],[-76.501,39.2104],[-76.499,39.2108],[-76.499,39.2123],[-76.4943,39.2128],[-76.501,39.213],[-76.5008,39.2142],[-76.4976,39.2148],[-76.4978,39.217],[-76.496,39.2184],[-76.4998,39.2188],[-76.4957,39.2198],[-76.4999,39.22],[-76.4962,39.2212],[-76.5001,39.221],[-76.496,39.2216],[-76.4965,39.224],[-76.4954,39.2257],[-76.4909,39.2274],[-76.4965,39.2373],[-76.4914,39.2391],[-76.4909,39.2415],[-76.4885,39.2433],[-76.4863,39.2431],[-76.4855,39.2413],[-76.484,39.2425],[-76.484,39.2438],[-76.4894,39.2468],[-76.4877,39.2482],[-76.4843,39.2479],[-76.4814,39.2493],[-76.4768,39.2482],[-76.4797,39.2509],[-76.4782,39.2529],[-76.4707,39.2499],[-76.4771,39.2546],[-76.4755,39.2573],[-76.4726,39.2577],[-76.4716,39.2563],[-76.4702,39.2575],[-76.4729,39.2591],[-76.4764,39.2584],[-76.4767,39.2612],[-76.4648,39.2625],[-76.4726,39.2621],[-76.4736,39.2635],[-76.4766,39.2633],[-76.4752,39.2654],[-76.4771,39.2646],[-76.4786,39.2662],[-76.4787,39.2715],[-76.4743,39.2733],[-76.4766,39.2735],[-76.4797,39.2716],[-76.4798,39.2749],[-76.482,39.2723],[-76.4875,39.2724],[-76.4813,39.2715],[-76.4782,39.2627],[-76.4787,39.2587],[-76.4802,39.2585],[-76.4844,39.2598],[-76.4848,39.2627],[-76.4859,39.2616],[-76.485,39.259],[-76.4791,39.256],[-76.4819,39.2549],[-76.4815,39.2532],[-76.4828,39.252],[-76.4908,39.2546],[-76.4945,39.2598],[-76.4973,39.2609],[-76.4985,39.2628],[-76.4982,39.2598],[-76.495,39.259],[-76.4955,39.254],[-76.4893,39.2523],[-76.4886,39.251],[-76.4916,39.2501],[-76.4932,39.248],[-76.5022,39.2513],[-76.501,39.2527],[-76.5057,39.2566],[-76.5065,39.256],[-76.504,39.2544],[-76.5031,39.2502],[-76.5059,39.2514],[-76.5071,39.2543],[-76.5086,39.2545],[-76.5074,39.2537],[-76.5073,39.2511],[-76.5031,39.2488],[-76.5062,39.2464],[-76.4984,39.2484],[-76.4981,39.2471],[-76.4932,39.2448],[-76.4953,39.2445],[-76.4968,39.2423],[-76.5071,39.243],[-76.5061,39.2403],[-76.5041,39.2411],[-76.4984,39.24],[-76.5043,39.2373],[-76.5005,39.2376],[-76.5037,39.2341],[-76.5035,39.232],[-76.5056,39.2321],[-76.5198,39.2231],[-76.521,39.2239],[-76.5136,39.2295],[-76.5175,39.2328],[-76.5165,39.2356],[-76.5166,39.2371],[-76.5182,39.2368],[-76.5168,39.2375],[-76.5172,39.2419],[-76.5204,39.2438],[-76.5296,39.2405],[-76.5298,39.3721],[-76.7113,39.3719],[-76.7111,39.2779],[-76.6186,39.2374],[-76.6315,39.2239],[-76.6394,39.224],[-76.6472,39.229],[-76.6636,39.2308],[-76.6699,39.2284],[-76.6802,39.2202],[-76.6884,39.2213],[-76.6928,39.2198],[-76.6969,39.2172],[-76.6963,39.2144],[-76.6997,39.213],[-76.7052,39.2155],[-76.7064,39.2212],[-76.7131,39.2217],[-76.7168,39.2253],[-76.722,39.2263],[-76.7246,39.2286],[-76.7299,39.229],[-76.7401,39.2324],[-76.7543,39.2463],[-76.7572,39.2475],[-76.7636,39.2464],[-76.7649,39.2485],[-76.764,39.2515],[-76.7689,39.2527],[-76.7735,39.2562],[-76.7801,39.2572],[-76.7885,39.2636],[-76.7944,39.2664],[-76.7945,39.2701],[-76.7898,39.2732],[-76.7887,39.2776],[-76.7852,39.2829],[-76.7852,39.2918],[-76.7785,39.2953],[-76.7789,39.2971],[-76.787,39.2999],[-76.7903,39.3034],[-76.7958,39.3037],[-76.7966,39.3057],[-76.7939,39.3068],[-76.7925,39.311],[-76.7935,39.3136],[-76.8045,39.3167],[-76.8101,39.3152],[-76.8123,39.3179],[-76.8141,39.318],[-76.8162,39.3154],[-76.816,39.3135],[-76.8178,39.3132],[-76.8229,39.3188],[-76.8252,39.3193],[-76.8293,39.3172],[-76.8319,39.3126],[-76.8345,39.3115],[-76.8356,39.3121],[-76.8356,39.3158],[-76.8398,39.3153],[-76.8443,39.3183],[-76.8469,39.3181],[-76.8494,39.3159],[-76.8537,39.3175],[-76.8554,39.3232],[-76.864,39.3308],[-76.875,39.3322],[-76.8784,39.3365],[-76.8752,39.3376],[-76.8751,39.3397],[-76.8783,39.3424],[-76.8823,39.3502],[-76.8801,39.3498],[-76.8798,39.3568],[-76.8746,39.3558],[-76.8734,39.3571],[-76.8807,39.3605],[-76.8817,39.3629],[-76.878,39.3642],[-76.8794,39.3661],[-76.8817,39.3644],[-76.8849,39.365],[-76.8868,39.3697],[-76.8889,39.3706],[-76.891,39.3767],[-76.8899,39.3773],[-76.8904,39.3792],[-76.8887,39.3805],[-76.8912,39.3799],[-76.8913,39.3822],[-76.8884,39.3841],[-76.8858,39.3835],[-76.8851,39.3852],[-76.8834,39.3855],[-76.8851,39.3881],[-76.8791,39.3879],[-76.8786,39.3891],[-76.8797,39.3899],[-76.8788,39.3905],[-76.8749,39.3886],[-76.8734,39.3888],[-76.8776,39.391],[-76.8774,39.3926],[-76.8795,39.3917],[-76.8801,39.3951],[-76.8855,39.3976],[-76.8794,39.4023],[-76.8789,39.4039],[-76.8844,39.4046],[-76.8844,39.4075],[-76.8825,39.4088],[-76.8814,39.4174],[-76.8786,39.4185],[-76.8759,39.4176],[-76.8745,39.4191],[-76.8753,39.4205],[-76.8865,39.4217],[-76.8863,39.4259],[-76.8886,39.4255],[-76.8898,39.4265],[-76.8892,39.428],[-76.8907,39.4287],[-76.8894,39.4302],[-76.8937,39.4298],[-76.8948,39.4283],[-76.8956,39.4293],[-76.8952,39.4306],[-76.8931,39.4312],[-76.8948,39.432],[-76.8951,39.4341],[-76.8911,39.4332],[-76.8906,39.4354],[-76.8943,39.4398],[-76.891,39.4393],[-76.8873,39.4405],[-76.8885,39.443],[-76.8918,39.4444],[-76.8918,39.4454],[-76.8885,39.4461],[-76.8823,39.4442],[-76.8764,39.4508],[-76.8771,39.4528],[-76.8794,39.4529],[-76.8839,39.4506],[-76.893,39.4553],[-76.8931,39.4574],[-76.8857,39.4564],[-76.892,39.4618],[-76.8869,39.4632],[-76.8845,39.4669],[-76.8878,39.4671],[-76.8886,39.4685],[-76.884,39.47],[-76.8818,39.4772],[-76.8769,39.4767],[-76.8754,39.479],[-76.8773,39.4809],[-76.8766,39.483],[-76.8748,39.482],[-76.8693,39.4825],[-76.867,39.4849],[-76.8665,39.4876],[-76.8687,39.4891],[-76.8686,39.4938],[-76.8567,39.5316],[-76.8367,39.5874],[-76.8343,39.5929],[-76.8328,39.5938],[-76.8336,39.595],[-76.814,39.6505],[-76.7871,39.7208],[-76.6014,39.7213],[-76.5955,39.7204]]]]}},{"type":"Feature","properties":{"leaid":"2400150","name":"Calvert County Public Schools","kind":"Unified","gradeLow":"PK","gradeHigh":"12","state":"MD"},"geometry":{"type":"MultiPolygon","coordinates":[[[[-76.4539,38.3222],[-76.4552,38.3218],[-76.4549,38.3226],[-76.4539,38.3222]]],[[[-76.6531,38.4921],[-76.6532,38.4912],[-76.6541,38.4924],[-76.6531,38.4921]]],[[[-76.6542,38.4943],[-76.6546,38.4929],[-76.6554,38.4944],[-76.6542,38.4943]]],[[[-76.6841,38.6319],[-76.6832,38.6309],[-76.6854,38.6318],[-76.6841,38.6319]]],[[[-76.6421,38.7692],[-76.6348,38.7667],[-76.6231,38.7673],[-76.623,38.7491],[-76.621,38.7463],[-76.6231,38.7439],[-76.6229,38.7266],[-76.6159,38.7208],[-76.5356,38.7215],[-76.5286,38.7128],[-76.5307,38.7074],[-76.5298,38.7068],[-76.5314,38.7055],[-76.5332,38.6936],[-76.5324,38.6784],[-76.5246,38.6459],[-76.5156,38.6294],[-76.515,38.6234],[-76.5113,38.6157],[-76.5162,38.5915],[-76.5168,38.5743],[-76.5151,38.5558],[-76.5175,38.5391],[-76.5157,38.529],[-76.5089,38.5107],[-76.4927,38.4828],[-76.484,38.4741],[-76.4712,38.4651],[-76.4738,38.4622],[-76.471,38.4639],[-76.4632,38.4581],[-76.4558,38.4512],[-76.456,38.4479],[-76.4509,38.4424],[-76.4363,38.4334],[-76.4371,38.4328],[-76.4313,38.4289],[-76.4258,38.4223],[-76.4154,38.4147],[-76.4128,38.4086],[-76.3999,38.3933],[-76.391,38.3883],[-76.3827,38.3867],[-76.3806,38.3848],[-76.3862,38.382],[-76.3904,38.3774],[-76.3911,38.3733],[-76.387,38.3639],[-76.387,38.3613],[-76.4048,38.3412],[-76.4216,38.3191],[-76.4261,38.3222],[-76.4361,38.325],[-76.4516,38.3229],[-76.4517,38.3246],[-76.4498,38.3254],[-76.4496,38.3284],[-76.4475,38.3282],[-76.4476,38.3298],[-76.4491,38.33],[-76.448,38.3325],[-76.4452,38.3322],[-76.4458,38.331],[-76.4431,38.329],[-76.4433,38.3317],[-76.4419,38.3328],[-76.4376,38.3308],[-76.4296,38.3318],[-76.4351,38.3316],[-76.4401,38.3343],[-76.4349,38.3342],[-76.434,38.3354],[-76.4328,38.3347],[-76.4329,38.3371],[-76.4287,38.3374],[-76.4311,38.3385],[-76.43,38.3431],[-76.4265,38.3431],[-76.4269,38.3441],[-76.4256,38.3447],[-76.428,38.3482],[-76.4283,38.351],[-76.4289,38.3482],[-76.4271,38.3453],[-76.4309,38.3441],[-76.4325,38.3402],[-76.4346,38.3429],[-76.4348,38.3413],[-76.4332,38.3397],[-76.4345,38.3372],[-76.4388,38.3365],[-76.4402,38.3386],[-76.439,38.3417],[-76.4409,38.342],[-76.4414,38.3381],[-76.4404,38.3366],[-76.4442,38.3339],[-76.4468,38.3345],[-76.4467,38.3365],[-76.4442,38.3388],[-76.4471,38.3403],[-76.4457,38.3441],[-76.4477,38.3436],[-76.4471,38.3457],[-76.4484,38.3454],[-76.4493,38.3481],[-76.4485,38.3498],[-76.446,38.3511],[-76.4482,38.3506],[-76.4487,38.3516],[-76.4511,38.3468],[-76.4488,38.3437],[-76.451,38.3433],[-76.4477,38.3417],[-76.4493,38.3399],[-76.4512,38.3404],[-76.4504,38.3394],[-76.4518,38.3386],[-76.4486,38.3391],[-76.4481,38.3368],[-76.4502,38.3338],[-76.4521,38.3344],[-76.4509,38.3323],[-76.4523,38.3304],[-76.452,38.3266],[-76.455,38.3251],[-76.4559,38.3254],[-76.4552,38.3303],[-76.4571,38.3327],[-76.4592,38.3329],[-76.459,38.3351],[-76.4568,38.3362],[-76.459,38.3362],[-76.4577,38.338],[-76.4594,38.338],[-76.4564,38.3427],[-76.4588,38.3404],[-76.4619,38.3424],[-76.46,38.3396],[-76.4611,38.3397],[-76.4611,38.3382],[-76.4638,38.34],[-76.4641,38.3386],[-76.4609,38.3348],[-76.463,38.3335],[-76.4615,38.3336],[-76.461,38.3319],[-76.4632,38.3308],[-76.4584,38.3296],[-76.4603,38.3275],[-76.4578,38.3268],[-76.4587,38.3254],[-76.4561,38.3226],[-76.4606,38.3243],[-76.4572,38.3202],[-76.4521,38.3208],[-76.4552,38.3161],[-76.4616,38.3246],[-76.4657,38.3259],[-76.4687,38.3294],[-76.472,38.3303],[-76.4692,38.3323],[-76.4726,38.3309],[-76.4767,38.3313],[-76.4751,38.3326],[-76.476,38.333],[-76.484,38.3294],[-76.4737,38.3387],[-76.4708,38.344],[-76.4695,38.3498],[-76.4657,38.3526],[-76.4634,38.3511],[-76.4615,38.3549],[-76.4595,38.3555],[-76.4594,38.3571],[-76.4625,38.3555],[-76.4638,38.3531],[-76.4668,38.3536],[-76.4668,38.355],[-76.4705,38.3492],[-76.4749,38.3514],[-76.4713,38.3533],[-76.4745,38.354],[-76.4759,38.3513],[-76.478,38.3538],[-76.4775,38.3569],[-76.4752,38.3586],[-76.4749,38.3624],[-76.4711,38.3629],[-76.4676,38.3603],[-76.4669,38.3609],[-76.4724,38.3649],[-76.4752,38.3645],[-76.4744,38.3668],[-76.4714,38.3677],[-76.4724,38.369],[-76.4714,38.372],[-76.4686,38.3725],[-76.468,38.3744],[-76.4637,38.3766],[-76.4731,38.3731],[-76.4756,38.3666],[-76.4774,38.3669],[-76.4772,38.3692],[-76.4789,38.3698],[-76.4778,38.3644],[-76.4796,38.3645],[-76.4789,38.3624],[-76.4807,38.3612],[-76.4792,38.3607],[-76.4791,38.3583],[-76.4855,38.365],[-76.4872,38.3732],[-76.4916,38.3796],[-76.4865,38.3763],[-76.4823,38.3765],[-76.4816,38.3785],[-76.4852,38.3772],[-76.4904,38.3794],[-76.4867,38.3822],[-76.4905,38.3811],[-76.4909,38.3835],[-76.4917,38.3815],[-76.493,38.3821],[-76.4915,38.3803],[-76.4988,38.3863],[-76.4959,38.3915],[-76.4927,38.3898],[-76.4908,38.3914],[-76.4863,38.3895],[-76.4858,38.3905],[-76.4887,38.392],[-76.4867,38.3926],[-76.4857,38.3949],[-76.4829,38.3936],[-76.4793,38.3943],[-76.4842,38.3945],[-76.4859,38.3973],[-76.4821,38.4008],[-76.4801,38.4008],[-76.4797,38.4018],[-76.4833,38.4019],[-76.4815,38.4058],[-76.4759,38.406],[-76.4789,38.4074],[-76.4839,38.4065],[-76.4853,38.4076],[-76.4835,38.4092],[-76.4844,38.4103],[-76.4822,38.4147],[-76.4852,38.4164],[-76.4836,38.4204],[-76.478,38.4195],[-76.4766,38.4179],[-76.4748,38.4192],[-76.4709,38.4182],[-76.4749,38.4203],[-76.4803,38.4209],[-76.4812,38.4224],[-76.4866,38.4205],[-76.4878,38.4215],[-76.4874,38.4278],[-76.4849,38.4308],[-76.4878,38.4298],[-76.4821,38.4352],[-76.4817,38.4428],[-76.4831,38.4421],[-76.4868,38.4439],[-76.4868,38.4427],[-76.4836,38.4406],[-76.4847,38.4391],[-76.4839,38.4373],[-76.4868,38.435],[-76.4865,38.4327],[-76.4893,38.4317],[-76.4897,38.4291],[-76.4916,38.4292],[-76.4904,38.4275],[-76.4913,38.4251],[-76.4953,38.4256],[-76.4926,38.424],[-76.4932,38.4229],[-76.49,38.4203],[-76.4901,38.4189],[-76.4864,38.414],[-76.4864,38.4127],[-76.49,38.4104],[-76.4892,38.4078],[-76.4958,38.4069],[-76.493,38.4059],[-76.4895,38.4065],[-76.487,38.4048],[-76.4889,38.403],[-76.4873,38.4006],[-76.4934,38.4003],[-76.4899,38.398],[-76.4925,38.3972],[-76.4908,38.3958],[-76.4936,38.3935],[-76.5002,38.3931],[-76.5047,38.3952],[-76.5015,38.391],[-76.5063,38.3903],[-76.5063,38.389],[-76.5081,38.3895],[-76.5126,38.3952],[-76.5144,38.4025],[-76.5214,38.4083],[-76.521,38.411],[-76.5242,38.4125],[-76.5273,38.4129],[-76.5319,38.4111],[-76.534,38.412],[-76.5351,38.4156],[-76.5376,38.4101],[-76.5368,38.4072],[-76.5384,38.4085],[-76.5408,38.4078],[-76.5425,38.4094],[-76.5429,38.4123],[-76.5407,38.4132],[-76.5384,38.4175],[-76.5393,38.4206],[-76.5363,38.4236],[-76.5374,38.4248],[-76.5351,38.4257],[-76.5353,38.4267],[-76.538,38.4258],[-76.5393,38.424],[-76.5393,38.4269],[-76.5413,38.428],[-76.5415,38.4315],[-76.5428,38.4282],[-76.5404,38.423],[-76.5417,38.4204],[-76.541,38.4182],[-76.5452,38.4131],[-76.5445,38.4119],[-76.5471,38.4111],[-76.548,38.4124],[-76.5477,38.4108],[-76.5505,38.4085],[-76.5505,38.4058],[-76.554,38.4016],[-76.553,38.4113],[-76.5513,38.41],[-76.5502,38.4109],[-76.5518,38.412],[-76.5491,38.4121],[-76.5491,38.4139],[-76.552,38.4179],[-76.5515,38.4215],[-76.5599,38.4215],[-76.5593,38.4226],[-76.5607,38.4233],[-76.56,38.422],[-76.5614,38.4215],[-76.5658,38.4229],[-76.5672,38.422],[-76.5731,38.4229],[-76.5803,38.428],[-76.5759,38.4299],[-76.5792,38.4298],[-76.5794,38.4312],[-76.5805,38.4287],[-76.5903,38.4345],[-76.5925,38.4339],[-76.5939,38.4384],[-76.5951,38.4371],[-76.597,38.4398],[-76.6006,38.4401],[-76.5997,38.4386],[-76.6014,38.4383],[-76.5992,38.4347],[-76.5998,38.433],[-76.6011,38.4333],[-76.5991,38.4323],[-76.6034,38.4341],[-76.6008,38.4422],[-76.6015,38.4473],[-76.5992,38.4482],[-76.5981,38.4513],[-76.5951,38.4516],[-76.5977,38.4538],[-76.5943,38.4563],[-76.5923,38.4549],[-76.5881,38.4553],[-76.5948,38.4576],[-76.592,38.4595],[-76.591,38.4611],[-76.5917,38.4633],[-76.5899,38.4646],[-76.5939,38.4653],[-76.5938,38.4668],[-76.5956,38.4678],[-76.5936,38.4718],[-76.5968,38.4724],[-76.5953,38.4752],[-76.5966,38.4767],[-76.5954,38.4791],[-76.5972,38.4785],[-76.5998,38.4726],[-76.5973,38.4702],[-76.5968,38.4661],[-76.5987,38.4645],[-76.5978,38.4637],[-76.5967,38.4647],[-76.5967,38.4618],[-76.5956,38.4611],[-76.5994,38.4602],[-76.5981,38.4585],[-76.6017,38.458],[-76.6015,38.4543],[-76.6002,38.4528],[-76.6033,38.452],[-76.6011,38.4501],[-76.6057,38.4492],[-76.6068,38.4476],[-76.6055,38.4474],[-76.6088,38.446],[-76.6102,38.447],[-76.6108,38.4546],[-76.6164,38.4598],[-76.6198,38.4607],[-76.623,38.4596],[-76.6289,38.4642],[-76.6377,38.4647],[-76.6414,38.4678],[-76.6461,38.4675],[-76.6429,38.472],[-76.6417,38.4765],[-76.6475,38.4805],[-76.6473,38.4876],[-76.6498,38.4899],[-76.6492,38.4923],[-76.6507,38.4943],[-76.652,38.4939],[-76.6503,38.4962],[-76.6538,38.4954],[-76.654,38.4984],[-76.6522,38.5012],[-76.6555,38.4987],[-76.6552,38.4952],[-76.6631,38.4986],[-76.6631,38.5072],[-76.6656,38.5088],[-76.6621,38.5129],[-76.6546,38.5181],[-76.6525,38.5219],[-76.6525,38.5253],[-76.6554,38.5318],[-76.6636,38.5352],[-76.6687,38.5389],[-76.6687,38.5402],[-76.6605,38.5477],[-76.6594,38.5503],[-76.6599,38.5569],[-76.6584,38.5581],[-76.6563,38.5569],[-76.6534,38.5582],[-76.6544,38.561],[-76.65,38.5648],[-76.6501,38.5662],[-76.6474,38.5664],[-76.6496,38.5624],[-76.6485,38.5604],[-76.646,38.5598],[-76.6429,38.5643],[-76.6401,38.5628],[-76.6369,38.565],[-76.6331,38.5646],[-76.6319,38.5674],[-76.6355,38.5696],[-76.6319,38.5719],[-76.6291,38.5704],[-76.6274,38.5717],[-76.6293,38.5729],[-76.626,38.573],[-76.6257,38.5737],[-76.6299,38.5734],[-76.629,38.571],[-76.6321,38.5723],[-76.6363,38.57],[-76.6325,38.5674],[-76.6337,38.5653],[-76.637,38.5657],[-76.6404,38.5638],[-76.6431,38.565],[-76.6465,38.5604],[-76.6487,38.5621],[-76.6466,38.5661],[-76.6483,38.5672],[-76.6558,38.564],[-76.6564,38.5621],[-76.6554,38.561],[-76.6667,38.5632],[-76.666,38.5617],[-76.6679,38.5604],[-76.6698,38.5605],[-76.6714,38.5649],[-76.6732,38.5661],[-76.6737,38.5861],[-76.6693,38.5919],[-76.6699,38.5965],[-76.6664,38.5992],[-76.67,38.6037],[-76.6705,38.6165],[-76.6764,38.6288],[-76.6833,38.6321],[-76.6884,38.633],[-76.6914,38.6371],[-76.6904,38.6476],[-76.6837,38.6546],[-76.6821,38.6603],[-76.6827,38.6631],[-76.685,38.6653],[-76.6886,38.6661],[-76.6956,38.6649],[-76.6998,38.6677],[-76.6996,38.6692],[-76.6955,38.6678],[-76.6913,38.6689],[-76.6897,38.6709],[-76.6909,38.6714],[-76.6884,38.6737],[-76.6863,38.6786],[-76.686,38.6819],[-76.69,38.6874],[-76.695,38.6889],[-76.6934,38.702],[-76.6943,38.7072],[-76.6964,38.7092],[-76.7011,38.7105],[-76.6921,38.7236],[-76.6921,38.7278],[-76.6947,38.7329],[-76.6941,38.735],[-76.688,38.7332],[-76.683,38.7375],[-76.6838,38.7464],[-76.686,38.7491],[-76.6842,38.7513],[-76.6855,38.753],[-76.6852,38.7561],[-76.6829,38.7557],[-76.6809,38.7576],[-76.679,38.7555],[-76.6721,38.7557],[-76.6694,38.7568],[-76.6696,38.7587],[-76.6667,38.7599],[-76.6677,38.7611],[-76.6666,38.7621],[-76.6635,38.7618],[-76.659,38.7647],[-76.6535,38.7649],[-76.6513,38.7674],[-76.6476,38.7687],[-76.6421,38.7692]]]]}},{"type":"Feature","properties":{"leaid":"2400180","name":"Caroline County Public Schools","kind":"Unified","gradeLow":"PK","gradeHigh":"12","state":"MD"},"geometry":{"type":"MultiPolygon","coordinates":[[[[-75.8314,38.9016],[-75.8307,38.8998],[-75.8325,38.9019],[-75.8314,38.9016]]],[[[-75.9437,38.9061],[-75.9443,38.9058],[-75.9443,38.9059],[-75.9437,38.9061]]],[[[-75.8301,38.9159],[-75.8309,38.9153],[-75.8317,38.9163],[-75.8301,38.9159]]],[[[-75.9492,38.9185],[-75.9484,38.9178],[-75.9493,38.9192],[-75.9492,38.9185]]],[[[-75.9494,38.9234],[-75.9494,38.9215],[-75.9495,38.924],[-75.9494,38.9234]]],[[[-75.9504,38.9248],[-75.9498,38.9242],[-75.9506,38.9263],[-75.9504,38.9248]]],[[[-75.9507,38.9267],[-75.9506,38.9264],[-75.9508,38.9268],[-75.9507,38.9267]]],[[[-75.7478,39.1433],[-75.7074,38.6354],[-75.7145,38.6458],[-75.7377,38.6653],[-75.749,38.6711],[-75.7627,38.6862],[-75.769,38.6858],[-75.7724,38.6812],[-75.7732,38.6764],[-75.774,38.6785],[-75.773,38.6805],[-75.7701,38.6844],[-75.7697,38.6861],[-75.7747,38.6793],[-75.7743,38.6764],[-75.7754,38.6787],[-75.7767,38.6766],[-75.7865,38.6773],[-75.7984,38.6763],[-75.8005,38.6969],[-75.8046,38.6982],[-75.8172,38.6984],[-75.8411,38.7042],[-75.8585,38.701],[-75.8692,38.6946],[-75.8783,38.6935],[-75.889,38.6955],[-75.8968,38.7014],[-75.9001,38.694],[-75.902,38.6939],[-75.9022,38.691],[-75.9049,38.6876],[-75.9088,38.6882],[-75.9113,38.687],[-75.912,38.6891],[-75.9141,38.6893],[-75.9154,38.6872],[-75.9144,38.6843],[-75.9185,38.6833],[-75.917,38.6804],[-75.9226,38.6824],[-75.9242,38.6805],[-75.922,38.6787],[-75.9272,38.6804],[-75.9278,38.6773],[-75.9297,38.6762],[-75.9315,38.6765],[-75.9309,38.6788],[-75.9334,38.681],[-75.9387,38.6794],[-75.9386,38.6767],[-75.9404,38.6784],[-75.9447,38.6778],[-75.9463,38.6796],[-75.9531,38.6819],[-75.9615,38.6826],[-75.9627,38.6837],[-75.9672,38.683],[-75.9675,38.6922],[-75.9764,38.7004],[-75.9843,38.7005],[-75.9904,38.6983],[-75.989,38.7021],[-75.9913,38.7094],[-75.9958,38.7134],[-75.9997,38.7213],[-76.0059,38.7225],[-76.0037,38.7233],[-76.0023,38.7265],[-76.0041,38.7251],[-76.0039,38.7237],[-76.0051,38.7243],[-76.0068,38.7227],[-76.0114,38.7243],[-76.0131,38.7263],[-76.0135,38.7293],[-76.0092,38.7353],[-76.0037,38.7329],[-75.9975,38.7328],[-75.9927,38.7375],[-75.9934,38.7427],[-75.9923,38.7425],[-75.9924,38.7452],[-75.9901,38.7438],[-75.9909,38.7465],[-75.9979,38.7522],[-75.9989,38.7534],[-75.9982,38.755],[-75.9944,38.7572],[-75.9809,38.7608],[-75.9731,38.7662],[-75.9683,38.7711],[-75.9636,38.7737],[-75.9646,38.7748],[-75.9635,38.7765],[-75.9663,38.7791],[-75.9584,38.7748],[-75.9562,38.7766],[-75.9482,38.7768],[-75.9475,38.7791],[-75.9337,38.7875],[-75.9329,38.7936],[-75.9294,38.797],[-75.9177,38.8007],[-75.9095,38.8052],[-75.9035,38.8039],[-75.9001,38.8064],[-75.8989,38.8109],[-75.8916,38.8083],[-75.882,38.816],[-75.8802,38.82],[-75.8747,38.8222],[-75.8519,38.8252],[-75.8511,38.8261],[-75.8532,38.8271],[-75.8519,38.8257],[-75.8557,38.8253],[-75.855,38.8323],[-75.8621,38.8352],[-75.864,38.8391],[-75.8634,38.8436],[-75.8583,38.8494],[-75.8558,38.8496],[-75.8536,38.8477],[-75.846,38.8485],[-75.8437,38.851],[-75.8459,38.8553],[-75.8411,38.8551],[-75.8406,38.8566],[-75.8425,38.8578],[-75.8411,38.8588],[-75.8375,38.8546],[-75.8347,38.8561],[-75.8327,38.8533],[-75.8311,38.8539],[-75.8265,38.8518],[-75.8271,38.853],[-75.8193,38.8522],[-75.8187,38.8538],[-75.8161,38.8541],[-75.8173,38.8551],[-75.8155,38.8574],[-75.8203,38.8536],[-75.8297,38.8535],[-75.8307,38.8548],[-75.8331,38.8544],[-75.8344,38.8569],[-75.8374,38.8551],[-75.8391,38.8565],[-75.8384,38.8583],[-75.8403,38.8592],[-75.8445,38.8587],[-75.8405,38.8618],[-75.8404,38.8651],[-75.8379,38.8647],[-75.8404,38.8658],[-75.8404,38.8669],[-75.838,38.8759],[-75.8354,38.8779],[-75.8365,38.8842],[-75.8386,38.8847],[-75.8394,38.8868],[-75.8359,38.889],[-75.8322,38.8881],[-75.8297,38.8892],[-75.8306,38.89],[-75.8305,38.8971],[-75.8291,38.9],[-75.833,38.9071],[-75.8351,38.906],[-75.838,38.9088],[-75.8365,38.9099],[-75.8334,38.9096],[-75.8289,38.9135],[-75.8293,38.9161],[-75.8318,38.9178],[-75.8276,38.9225],[-75.8266,38.9264],[-75.8333,38.9315],[-75.8305,38.929],[-75.8324,38.9299],[-75.8345,38.9333],[-75.8336,38.936],[-75.829,38.9361],[-75.8271,38.9375],[-75.8268,38.9429],[-75.8253,38.943],[-75.8269,38.9487],[-75.8239,38.9499],[-75.8256,38.9516],[-75.8255,38.9502],[-75.8277,38.9488],[-75.8283,38.9369],[-75.8325,38.9375],[-75.834,38.9362],[-75.8352,38.9338],[-75.8326,38.9283],[-75.8274,38.9247],[-75.8286,38.9224],[-75.8315,38.9209],[-75.8325,38.9182],[-75.8321,38.9155],[-75.8298,38.9134],[-75.8329,38.911],[-75.8365,38.9116],[-75.839,38.9096],[-75.8371,38.9059],[-75.8383,38.9029],[-75.8365,38.904],[-75.8311,38.8991],[-75.8322,38.8912],[-75.8364,38.8903],[-75.8405,38.8865],[-75.8377,38.8792],[-75.8399,38.8788],[-75.8426,38.8744],[-75.842,38.8673],[-75.8459,38.8657],[-75.848,38.8665],[-75.8463,38.8646],[-75.8511,38.8599],[-75.8516,38.8566],[-75.8498,38.8554],[-75.8508,38.852],[-75.8607,38.8497],[-75.867,38.8423],[-75.8646,38.8352],[-75.862,38.8331],[-75.8557,38.8314],[-75.8586,38.8261],[-75.8619,38.8248],[-75.87,38.8257],[-75.8764,38.8234],[-75.883,38.8202],[-75.8881,38.8143],[-75.9023,38.8166],[-75.906,38.8202],[-75.901,38.8225],[-75.9008,38.8249],[-75.9059,38.8281],[-75.9126,38.8297],[-75.915,38.8351],[-75.9275,38.8393],[-75.9278,38.8409],[-75.9241,38.8397],[-75.9173,38.845],[-75.9181,38.8477],[-75.9269,38.8478],[-75.93,38.8502],[-75.9215,38.8549],[-75.9216,38.8575],[-75.9246,38.8612],[-75.9286,38.8623],[-75.9301,38.8646],[-75.9288,38.8685],[-75.9303,38.8703],[-75.9349,38.8706],[-75.9358,38.8725],[-75.9383,38.8711],[-75.9377,38.8699],[-75.9387,38.8707],[-75.942,38.8692],[-75.9435,38.8755],[-75.9386,38.8751],[-75.9371,38.8787],[-75.9395,38.8831],[-75.944,38.8814],[-75.9435,38.8799],[-75.9457,38.8789],[-75.951,38.8801],[-75.9497,38.8843],[-75.9464,38.8834],[-75.9399,38.8845],[-75.9451,38.8918],[-75.9476,38.8921],[-75.9439,38.8967],[-75.9439,38.9007],[-75.9464,38.9033],[-75.9481,38.9034],[-75.9423,38.9069],[-75.9439,38.9093],[-75.9479,38.9113],[-75.9465,38.9135],[-75.9488,38.9135],[-75.9436,38.914],[-75.9431,38.9155],[-75.9486,38.9186],[-75.9489,38.9239],[-75.9505,38.9273],[-75.9528,38.9294],[-75.948,38.9319],[-75.9481,38.9363],[-75.9534,38.9382],[-75.9471,38.94],[-75.9474,38.9416],[-75.9504,38.9411],[-75.9513,38.946],[-75.9448,38.9475],[-75.9423,38.9498],[-75.9419,38.9566],[-75.9404,38.9581],[-75.9388,38.9576],[-75.9381,38.9591],[-75.9411,38.9648],[-75.9431,38.9661],[-75.9426,38.9677],[-75.9368,38.9718],[-75.9372,38.9743],[-75.9409,38.9766],[-75.9345,38.9803],[-75.9332,38.9862],[-75.9287,38.9884],[-75.9294,38.991],[-75.922,38.9944],[-75.9196,39.0001],[-75.9106,39.0045],[-75.9083,39.0089],[-75.9087,39.0107],[-75.9041,39.0104],[-75.9049,39.0163],[-75.9017,39.0171],[-75.8999,39.0145],[-75.8974,39.0143],[-75.8906,39.0185],[-75.8908,39.0225],[-75.8872,39.0266],[-75.8828,39.0279],[-75.8834,39.0325],[-75.8809,39.0349],[-75.8805,39.0378],[-75.878,39.0388],[-75.876,39.0433],[-75.8786,39.0456],[-75.8784,39.0472],[-75.8763,39.0475],[-75.8697,39.0573],[-75.8621,39.06],[-75.8486,39.0718],[-75.8469,39.0754],[-75.8476,39.088],[-75.8433,39.0905],[-75.8349,39.1084],[-75.8322,39.1086],[-75.8232,39.1151],[-75.8026,39.1244],[-75.7994,39.1283],[-75.794,39.1298],[-75.7911,39.1328],[-75.7748,39.1347],[-75.7587,39.1382],[-75.7478,39.1433]]]]}},{"type":"Feature","properties":{"leaid":"2400210","name":"Carroll County Public Schools","kind":"Unified","gradeLow":"PK","gradeHigh":"12","state":"MD"},"geometry":{"type":"Polygon","coordinates":[[[-76.7871,39.7208],[-76.814,39.6505],[-76.8336,39.595],[-76.8328,39.5938],[-76.8343,39.5929],[-76.8367,39.5874],[-76.8567,39.5316],[-76.8686,39.4938],[-76.8687,39.4891],[-76.8665,39.4876],[-76.867,39.4849],[-76.8693,39.4825],[-76.8748,39.482],[-76.8766,39.483],[-76.8773,39.4809],[-76.8754,39.479],[-76.8769,39.4767],[-76.8818,39.4772],[-76.884,39.47],[-76.8886,39.4685],[-76.8878,39.4671],[-76.8845,39.4669],[-76.8869,39.4632],[-76.892,39.4618],[-76.8857,39.4564],[-76.8931,39.4574],[-76.893,39.4553],[-76.8839,39.4506],[-76.8794,39.4529],[-76.8771,39.4528],[-76.8764,39.4508],[-76.8823,39.4442],[-76.8885,39.4461],[-76.8918,39.4454],[-76.8918,39.4444],[-76.8885,39.443],[-76.8873,39.4405],[-76.891,39.4393],[-76.8943,39.4398],[-76.8906,39.4354],[-76.8911,39.4332],[-76.8951,39.4341],[-76.8948,39.432],[-76.8931,39.4312],[-76.8952,39.4306],[-76.8956,39.4293],[-76.8948,39.4283],[-76.8937,39.4298],[-76.8894,39.4302],[-76.8907,39.4287],[-76.8892,39.428],[-76.8898,39.4265],[-76.8886,39.4255],[-76.8863,39.4259],[-76.8865,39.4217],[-76.8753,39.4205],[-76.8745,39.4191],[-76.8759,39.4176],[-76.8786,39.4185],[-76.8814,39.4174],[-76.8825,39.4088],[-76.8844,39.4075],[-76.8844,39.4046],[-76.8789,39.4039],[-76.8794,39.4023],[-76.8855,39.3976],[-76.8801,39.3951],[-76.8795,39.3917],[-76.8774,39.3926],[-76.8776,39.391],[-76.8734,39.3888],[-76.8787,39.3905],[-76.8797,39.3899],[-76.8786,39.3891],[-76.8792,39.3879],[-76.8847,39.3884],[-76.8834,39.3855],[-76.8851,39.3852],[-76.8858,39.3835],[-76.8884,39.3841],[-76.8915,39.3813],[-76.8912,39.3799],[-76.8887,39.3805],[-76.8904,39.3792],[-76.8899,39.3773],[-76.891,39.3767],[-76.8889,39.3706],[-76.8868,39.3697],[-76.885,39.3652],[-76.8817,39.3644],[-76.8794,39.3661],[-76.878,39.3642],[-76.8817,39.3629],[-76.8807,39.3605],[-76.8734,39.3571],[-76.8746,39.3558],[-76.8799,39.3567],[-76.8804,39.3496],[-76.8858,39.3526],[-76.8867,39.3506],[-76.889,39.3538],[-76.8979,39.3516],[-76.903,39.3544],[-76.9087,39.3529],[-76.908,39.3494],[-76.9096,39.3485],[-76.9129,39.351],[-76.9183,39.3509],[-76.9293,39.3539],[-76.9331,39.3574],[-76.9374,39.3588],[-76.9414,39.3575],[-76.9444,39.3586],[-76.9464,39.361],[-76.9507,39.3596],[-76.9505,39.3578],[-76.96,39.3566],[-76.9645,39.3614],[-76.9698,39.364],[-76.9749,39.3612],[-76.9816,39.3617],[-76.983,39.3629],[-76.9858,39.3613],[-76.9894,39.3613],[-76.9948,39.3583],[-76.9977,39.3549],[-77.0091,39.3548],[-77.016,39.3525],[-77.0209,39.3535],[-77.0225,39.3508],[-77.0254,39.3506],[-77.0283,39.3524],[-77.031,39.3513],[-77.0336,39.3536],[-77.0336,39.3553],[-77.0486,39.3622],[-77.051,39.3612],[-77.0512,39.3591],[-77.0613,39.3592],[-77.0658,39.3622],[-77.0744,39.3627],[-77.0777,39.3662],[-77.0804,39.3657],[-77.086,39.3679],[-77.0923,39.3671],[-77.101,39.3693],[-77.1076,39.3666],[-77.1163,39.3665],[-77.1264,39.3643],[-77.1359,39.3601],[-77.1451,39.3512],[-77.1518,39.3486],[-77.1693,39.3546],[-77.1647,39.3677],[-77.1582,39.3735],[-77.1592,39.3741],[-77.1564,39.378],[-77.1562,39.3829],[-77.1538,39.3885],[-77.1544,39.3913],[-77.1474,39.4091],[-77.148,39.4178],[-77.1405,39.4241],[-77.1334,39.4324],[-77.1267,39.4437],[-77.124,39.4513],[-77.116,39.4598],[-77.12,39.4653],[-77.1189,39.473],[-77.1171,39.4755],[-77.1177,39.4786],[-77.1102,39.486],[-77.1067,39.4919],[-77.1074,39.4942],[-77.11,39.4975],[-77.1133,39.4978],[-77.1204,39.504],[-77.1254,39.5056],[-77.1277,39.5085],[-77.1298,39.5096],[-77.1335,39.5085],[-77.1347,39.5119],[-77.1378,39.5152],[-77.137,39.5174],[-77.1384,39.5205],[-77.15,39.522],[-77.1523,39.5325],[-77.156,39.5337],[-77.1632,39.5325],[-77.1659,39.5333],[-77.1655,39.5342],[-77.1706,39.5344],[-77.1715,39.5392],[-77.169,39.5423],[-77.1716,39.5438],[-77.1718,39.5466],[-77.1696,39.5499],[-77.1694,39.5541],[-77.1715,39.5546],[-77.1752,39.56],[-77.178,39.5609],[-77.1827,39.5593],[-77.187,39.5625],[-77.187,39.5667],[-77.1911,39.571],[-77.1994,39.5764],[-77.1999,39.5785],[-77.21,39.5791],[-77.2159,39.5744],[-77.2207,39.5756],[-77.2229,39.5775],[-77.2192,39.5797],[-77.2203,39.5821],[-77.2325,39.5846],[-77.2321,39.5861],[-77.2278,39.587],[-77.2274,39.5881],[-77.2333,39.5885],[-77.2387,39.5844],[-77.2388,39.589],[-77.2472,39.5937],[-77.2508,39.6016],[-77.2547,39.6033],[-77.2585,39.6036],[-77.2617,39.6005],[-77.2613,39.5969],[-77.2595,39.5948],[-77.2606,39.594],[-77.2631,39.5942],[-77.266,39.5984],[-77.2704,39.6003],[-77.2698,39.6039],[-77.2713,39.6062],[-77.2857,39.6078],[-77.2872,39.6069],[-77.2877,39.6045],[-77.2904,39.6044],[-77.2903,39.6066],[-77.294,39.6103],[-77.3003,39.6126],[-77.3074,39.619],[-77.3067,39.6202],[-77.3017,39.6213],[-77.2995,39.6239],[-77.3079,39.6283],[-77.3097,39.6311],[-77.3099,39.6366],[-77.3115,39.6384],[-77.3112,39.6397],[-77.3072,39.6411],[-77.3004,39.6395],[-77.2947,39.6319],[-77.2915,39.6306],[-77.276,39.6319],[-77.2792,39.6364],[-77.2767,39.6393],[-77.2714,39.6417],[-77.2756,39.6472],[-77.2724,39.6516],[-77.2655,39.6559],[-77.2662,39.6623],[-77.262,39.6652],[-77.2558,39.6632],[-77.2546,39.6676],[-77.2493,39.6675],[-77.2431,39.67],[-77.2345,39.6774],[-77.2345,39.6792],[-77.2363,39.6809],[-77.2362,39.6856],[-77.2443,39.6914],[-77.2433,39.6947],[-77.24,39.6957],[-77.226,39.6938],[-77.2163,39.6974],[-77.2152,39.6994],[-77.2162,39.7014],[-77.2243,39.7045],[-77.2268,39.7073],[-77.225,39.7104],[-77.2156,39.7127],[-77.2146,39.7172],[-77.217,39.7199],[-76.7871,39.7208]]]}},{"type":"Feature","properties":{"leaid":"2400240","name":"Cecil County Public Schools","kind":"Unified","gradeLow":"PK","gradeHigh":"12","state":"MD"},"geometry":{"type":"MultiPolygon","coordinates":[[[[-75.8474,39.3691],[-75.8486,39.3693],[-75.8485,39.3708],[-75.848,39.3707],[-75.8474,39.3691]]],[[[-75.7793,39.5345],[-75.7666,39.3775],[-75.7727,39.3795],[-75.7763,39.379],[-75.7763,39.3803],[-75.7842,39.3825],[-75.7847,39.3802],[-75.7894,39.3811],[-75.7942,39.3797],[-75.7957,39.3772],[-75.8018,39.3779],[-75.8062,39.3752],[-75.8062,39.3768],[-75.8092,39.3781],[-75.8095,39.3797],[-75.8171,39.3812],[-75.8193,39.383],[-75.8251,39.3821],[-75.8263,39.3799],[-75.8292,39.3785],[-75.8314,39.3791],[-75.8323,39.3807],[-75.831,39.3834],[-75.8329,39.3847],[-75.8337,39.3835],[-75.8319,39.3827],[-75.8332,39.3807],[-75.8305,39.3773],[-75.8323,39.377],[-75.8316,39.3755],[-75.8328,39.3745],[-75.8375,39.3745],[-75.839,39.3726],[-75.8467,39.3724],[-75.8494,39.371],[-75.8503,39.3686],[-75.8541,39.369],[-75.8553,39.3674],[-75.8587,39.3679],[-75.8594,39.3693],[-75.8627,39.3692],[-75.8631,39.3707],[-75.866,39.3681],[-75.869,39.3707],[-75.869,39.3695],[-75.8747,39.3668],[-75.8765,39.3671],[-75.8771,39.3687],[-75.8863,39.3631],[-75.8936,39.3677],[-75.8974,39.3681],[-75.9006,39.3666],[-75.9029,39.368],[-75.9011,39.3724],[-75.8957,39.3741],[-75.8944,39.3751],[-75.8893,39.3756],[-75.8902,39.3773],[-75.8854,39.3811],[-75.8957,39.3745],[-75.9037,39.3731],[-75.9057,39.3686],[-75.9046,39.3665],[-75.9125,39.3677],[-75.9157,39.3711],[-75.9165,39.3698],[-75.9209,39.3701],[-75.9229,39.3728],[-75.9279,39.3746],[-75.9367,39.3734],[-75.9405,39.3709],[-75.9439,39.371],[-75.9464,39.3747],[-75.946,39.378],[-75.9423,39.3767],[-75.9416,39.3745],[-75.9378,39.3742],[-75.9327,39.3773],[-75.9327,39.3787],[-75.9294,39.379],[-75.9283,39.3821],[-75.9127,39.3824],[-75.9089,39.3855],[-75.9052,39.3868],[-75.9085,39.3864],[-75.9127,39.3832],[-75.9156,39.3827],[-75.9252,39.3845],[-75.9213,39.388],[-75.9195,39.3917],[-75.9176,39.3924],[-75.9212,39.3952],[-75.9211,39.3935],[-75.9196,39.3929],[-75.9299,39.3838],[-75.9341,39.3873],[-75.9334,39.3891],[-75.9347,39.3904],[-75.937,39.3914],[-75.9378,39.3896],[-75.9354,39.3891],[-75.937,39.3882],[-75.9358,39.3878],[-75.9358,39.3824],[-75.9344,39.3807],[-75.9359,39.3787],[-75.9456,39.3825],[-75.9509,39.3802],[-75.9551,39.3823],[-75.9563,39.3806],[-75.9622,39.3783],[-75.9745,39.3799],[-75.9768,39.3785],[-75.9782,39.3751],[-75.9826,39.3751],[-75.9828,39.3739],[-75.9795,39.3707],[-75.9834,39.3736],[-75.9871,39.3806],[-75.9964,39.3853],[-76.0288,39.3853],[-76.038,39.3867],[-76.0408,39.3894],[-76.0413,39.3927],[-76.0396,39.3973],[-76.0326,39.4032],[-76.0165,39.4085],[-76.009,39.4131],[-76.007,39.4113],[-76.0077,39.4077],[-76.0066,39.407],[-76.0058,39.4103],[-76.0019,39.4118],[-76.0036,39.4068],[-76.0024,39.4047],[-76.0009,39.4051],[-76.0024,39.4064],[-76.0012,39.4081],[-75.9924,39.4079],[-75.9918,39.4088],[-75.9932,39.4107],[-75.9885,39.4114],[-75.9852,39.4131],[-75.9831,39.4157],[-75.9879,39.412],[-75.9946,39.4133],[-75.9983,39.4157],[-75.9977,39.4129],[-75.9997,39.4153],[-76.0034,39.4158],[-76.0033,39.4139],[-76.0053,39.4124],[-76.0056,39.4142],[-76.0069,39.4145],[-76.0038,39.4181],[-76.0029,39.4223],[-75.9974,39.4303],[-75.9913,39.4331],[-75.9846,39.4343],[-75.9791,39.4389],[-75.9724,39.4567],[-75.9689,39.4588],[-75.967,39.4621],[-75.9624,39.4619],[-75.9567,39.4579],[-75.95,39.4565],[-75.9511,39.4548],[-75.9434,39.4533],[-75.9455,39.4497],[-75.9406,39.4538],[-75.9425,39.4557],[-75.9388,39.4562],[-75.9393,39.4574],[-75.9457,39.4569],[-75.9474,39.4588],[-75.9547,39.4611],[-75.9564,39.4634],[-75.9556,39.4656],[-75.9499,39.4688],[-75.946,39.4744],[-75.94,39.475],[-75.935,39.4726],[-75.9271,39.4738],[-75.9252,39.4703],[-75.921,39.4677],[-75.9207,39.4641],[-75.9173,39.4656],[-75.9153,39.4642],[-75.9173,39.4668],[-75.9104,39.4666],[-75.9112,39.4695],[-75.9049,39.476],[-75.8943,39.472],[-75.8969,39.4715],[-75.8972,39.4701],[-75.8957,39.4711],[-75.8908,39.4697],[-75.8868,39.4717],[-75.8852,39.4669],[-75.878,39.4665],[-75.8778,39.4647],[-75.875,39.4632],[-75.8808,39.4605],[-75.8797,39.4584],[-75.8775,39.4585],[-75.881,39.4552],[-75.8774,39.4539],[-75.8766,39.4512],[-75.8782,39.4488],[-75.8767,39.4467],[-75.8801,39.4463],[-75.8798,39.4437],[-75.8819,39.4405],[-75.8791,39.4434],[-75.8789,39.4461],[-75.875,39.4425],[-75.876,39.4452],[-75.8771,39.4451],[-75.8762,39.4465],[-75.8771,39.4494],[-75.8755,39.4522],[-75.8764,39.4555],[-75.8802,39.4551],[-75.8768,39.458],[-75.8773,39.4597],[-75.8796,39.4601],[-75.8786,39.4612],[-75.871,39.46],[-75.8703,39.4567],[-75.8649,39.4548],[-75.8636,39.4527],[-75.8562,39.4525],[-75.8563,39.4506],[-75.8535,39.452],[-75.8496,39.4506],[-75.8468,39.4481],[-75.8486,39.4439],[-75.8463,39.4463],[-75.8424,39.4478],[-75.8388,39.4456],[-75.8366,39.4464],[-75.8318,39.4457],[-75.8278,39.4425],[-75.8242,39.4427],[-75.8294,39.4445],[-75.828,39.4453],[-75.8301,39.4471],[-75.8332,39.4476],[-75.8322,39.4501],[-75.835,39.4478],[-75.839,39.4488],[-75.8388,39.4497],[-75.8432,39.4496],[-75.8512,39.4545],[-75.8614,39.4558],[-75.8559,39.4599],[-75.8452,39.4629],[-75.84,39.4616],[-75.8369,39.4629],[-75.836,39.461],[-75.8336,39.4604],[-75.829,39.4626],[-75.8219,39.4623],[-75.8132,39.4654],[-75.8073,39.4645],[-75.8034,39.4619],[-75.7916,39.4606],[-75.7849,39.4617],[-75.8023,39.4629],[-75.8078,39.4662],[-75.8123,39.467],[-75.8099,39.4692],[-75.8086,39.4737],[-75.814,39.4667],[-75.8187,39.4648],[-75.8251,39.4651],[-75.8334,39.4623],[-75.8351,39.4647],[-75.8338,39.4655],[-75.8357,39.4648],[-75.8346,39.4633],[-75.8383,39.4647],[-75.842,39.4643],[-75.8427,39.4656],[-75.8474,39.464],[-75.8491,39.4651],[-75.849,39.4638],[-75.8602,39.4613],[-75.8659,39.4613],[-75.8695,39.4632],[-75.8701,39.4718],[-75.8786,39.4738],[-75.8798,39.4762],[-75.8852,39.479],[-75.8887,39.484],[-75.8955,39.488],[-75.8968,39.4878],[-75.8962,39.4862],[-75.9018,39.4871],[-75.9031,39.4884],[-75.903,39.4865],[-75.9096,39.4858],[-75.9128,39.4868],[-75.9217,39.4855],[-75.9238,39.486],[-75.9248,39.4881],[-75.9229,39.4894],[-75.9208,39.4974],[-75.9161,39.5027],[-75.9083,39.5038],[-75.9051,39.503],[-75.9008,39.5049],[-75.8947,39.5044],[-75.8896,39.5071],[-75.8836,39.5069],[-75.8832,39.5092],[-75.8856,39.5122],[-75.8849,39.5134],[-75.8794,39.5116],[-75.8735,39.5126],[-75.8734,39.5147],[-75.8679,39.5148],[-75.8661,39.5126],[-75.8637,39.5139],[-75.8608,39.5135],[-75.858,39.5101],[-75.8544,39.5117],[-75.852,39.5102],[-75.8536,39.512],[-75.857,39.5116],[-75.8609,39.5143],[-75.8716,39.517],[-75.8727,39.5197],[-75.8716,39.5234],[-75.8638,39.5279],[-75.849,39.5301],[-75.8362,39.5298],[-75.8295,39.5309],[-75.8167,39.5292],[-75.8073,39.5252],[-75.8104,39.5275],[-75.802,39.5282],[-75.7836,39.5343],[-75.7793,39.5345]]],[[[-75.843,39.5783],[-75.8474,39.5776],[-75.8465,39.5787],[-75.8474,39.5814],[-75.8435,39.5803],[-75.843,39.5783]]],[[[-75.8447,39.591],[-75.8445,39.5892],[-75.8467,39.5877],[-75.8474,39.5825],[-75.8551,39.5832],[-75.8542,39.5894],[-75.8447,39.591]]],[[[-76.1444,39.6179],[-76.1416,39.6166],[-76.1444,39.6179],[-76.1444,39.6179]]],[[[-76.1428,39.6241],[-76.145,39.6251],[-76.1454,39.6262],[-76.1435,39.6257],[-76.1428,39.6241]]],[[[-76.1433,39.6264],[-76.1473,39.6289],[-76.149,39.632],[-76.1464,39.6305],[-76.1433,39.6264]]],[[[-76.1685,39.6562],[-76.1684,39.6562],[-76.1685,39.6562],[-76.1685,39.6562]]],[[[-75.7886,39.7222],[-75.7888,39.6523],[-75.7794,39.5362],[-75.789,39.5349],[-75.8021,39.5298],[-75.807,39.5291],[-75.8227,39.5317],[-75.8239,39.5328],[-75.8233,39.5346],[-75.8248,39.534],[-75.825,39.5323],[-75.8583,39.5328],[-75.8609,39.5313],[-75.8653,39.5316],[-75.8682,39.5284],[-75.8769,39.5244],[-75.8794,39.5247],[-75.8808,39.527],[-75.8751,39.5326],[-75.8682,39.5343],[-75.8626,39.5395],[-75.856,39.5428],[-75.8551,39.5468],[-75.8573,39.5508],[-75.8569,39.5536],[-75.8548,39.5549],[-75.8497,39.5545],[-75.8462,39.5568],[-75.8489,39.5657],[-75.8439,39.5658],[-75.8404,39.5682],[-75.8362,39.5689],[-75.8334,39.5664],[-75.8292,39.5656],[-75.827,39.5674],[-75.829,39.5668],[-75.833,39.5684],[-75.8358,39.57],[-75.835,39.574],[-75.8426,39.576],[-75.8423,39.5778],[-75.8391,39.5787],[-75.8409,39.5801],[-75.8389,39.5825],[-75.8455,39.5837],[-75.8451,39.5848],[-75.8468,39.5852],[-75.8454,39.5886],[-75.8433,39.5883],[-75.8395,39.5922],[-75.8427,39.5906],[-75.8421,39.5924],[-75.8442,39.5924],[-75.8431,39.593],[-75.84,39.5933],[-75.839,39.5935],[-75.8382,39.5939],[-75.8412,39.5935],[-75.8411,39.5958],[-75.8417,39.5936],[-75.844,39.5932],[-75.8446,39.5948],[-75.8458,39.595],[-75.8469,39.5941],[-75.8448,39.5948],[-75.8443,39.5935],[-75.8467,39.5915],[-75.8521,39.5913],[-75.855,39.5894],[-75.8558,39.5831],[-75.8539,39.5817],[-75.8505,39.5819],[-75.851,39.5811],[-75.8477,39.5816],[-75.8468,39.5786],[-75.8483,39.5768],[-75.853,39.5765],[-75.8545,39.5716],[-75.8566,39.5701],[-75.86,39.572],[-75.8572,39.5689],[-75.8573,39.5652],[-75.8611,39.5668],[-75.8627,39.5692],[-75.8662,39.5695],[-75.8683,39.5722],[-75.8711,39.5719],[-75.8728,39.5709],[-75.8685,39.5719],[-75.8664,39.5691],[-75.8627,39.5686],[-75.8619,39.5666],[-75.8594,39.5657],[-75.8593,39.563],[-75.8565,39.561],[-75.8605,39.5598],[-75.8624,39.5572],[-75.8676,39.5569],[-75.8709,39.5534],[-75.8725,39.5482],[-75.8776,39.5448],[-75.8775,39.5429],[-75.8824,39.5393],[-75.8841,39.5399],[-75.887,39.5325],[-75.893,39.525],[-75.8914,39.5221],[-75.8948,39.5203],[-75.8988,39.5147],[-75.9022,39.512],[-75.9159,39.5193],[-75.918,39.5162],[-75.9222,39.5147],[-75.9292,39.5166],[-75.9325,39.5198],[-75.931,39.5161],[-75.9323,39.5141],[-75.9394,39.5168],[-75.9334,39.5118],[-75.929,39.5124],[-75.9269,39.5055],[-75.9308,39.504],[-75.9314,39.5001],[-75.9361,39.4989],[-75.942,39.4995],[-75.9429,39.4976],[-75.9492,39.495],[-75.9492,39.4919],[-75.9507,39.4904],[-75.9589,39.4901],[-75.9573,39.489],[-75.9572,39.4864],[-75.9622,39.4845],[-75.9634,39.4811],[-75.9694,39.4821],[-75.971,39.4742],[-75.9779,39.474],[-75.9786,39.4704],[-75.9852,39.4704],[-75.9874,39.4609],[-75.9901,39.4585],[-75.9983,39.4572],[-75.9985,39.455],[-75.997,39.4535],[-75.9997,39.4517],[-76.0087,39.4492],[-76.0119,39.4514],[-76.012,39.4549],[-75.9981,39.4663],[-75.9951,39.4724],[-75.9943,39.4774],[-75.9958,39.4887],[-75.991,39.4925],[-75.9885,39.4968],[-75.9863,39.5104],[-75.9811,39.5191],[-75.981,39.5282],[-75.9761,39.53],[-75.9742,39.5321],[-75.9665,39.5318],[-75.9616,39.5349],[-75.9634,39.5383],[-75.9676,39.5389],[-75.9696,39.5417],[-75.9693,39.5437],[-75.9651,39.5464],[-75.9676,39.5477],[-75.9672,39.5501],[-75.9703,39.5576],[-75.9691,39.5613],[-75.9729,39.5702],[-75.9776,39.5715],[-75.9863,39.5667],[-75.9903,39.563],[-75.9977,39.5617],[-76.0,39.5596],[-76.0018,39.56],[-76.0003,39.5586],[-76.0027,39.5546],[-76.0042,39.5539],[-76.0057,39.5549],[-76.0035,39.5527],[-76.0047,39.5504],[-76.0063,39.5503],[-76.0048,39.5501],[-76.0066,39.5495],[-76.007,39.5481],[-76.0022,39.5412],[-76.0055,39.5388],[-76.0123,39.5393],[-76.0151,39.5445],[-76.0184,39.5468],[-76.03,39.5482],[-76.0307,39.5501],[-76.0284,39.5507],[-76.0273,39.5525],[-76.0334,39.551],[-76.0367,39.5521],[-76.0328,39.5543],[-76.0317,39.5587],[-76.0296,39.5593],[-76.0315,39.5627],[-76.0307,39.566],[-76.0321,39.5661],[-76.0325,39.5626],[-76.0348,39.5617],[-76.0332,39.5632],[-76.0327,39.57],[-76.0364,39.5675],[-76.0356,39.5662],[-76.0377,39.5636],[-76.036,39.5622],[-76.0405,39.5571],[-76.044,39.5555],[-76.0449,39.5523],[-76.0568,39.5566],[-76.0544,39.5552],[-76.0552,39.5541],[-76.0528,39.5518],[-76.053,39.5503],[-76.0464,39.5465],[-76.0598,39.546],[-76.0707,39.5493],[-76.0755,39.5524],[-76.0759,39.5543],[-76.0797,39.5554],[-76.0794,39.5572],[-76.0814,39.559],[-76.0788,39.5671],[-76.0813,39.5744],[-76.098,39.5842],[-76.1035,39.59],[-76.1075,39.597],[-76.1182,39.6054],[-76.1227,39.6108],[-76.1355,39.6203],[-76.1408,39.6224],[-76.1446,39.6288],[-76.148,39.6322],[-76.1494,39.6328],[-76.1522,39.6384],[-76.1519,39.644],[-76.1546,39.6456],[-76.159,39.6576],[-76.1569,39.6605],[-76.1594,39.6582],[-76.1588,39.6564],[-76.1679,39.6617],[-76.1709,39.658],[-76.2127,39.6864],[-76.2293,39.7091],[-76.2333,39.7214],[-75.7886,39.7222]]]]}},{"type":"Feature","properties":{"leaid":"2400270","name":"Charles County Public Schools","kind":"Unified","gradeLow":"PK","gradeHigh":"12","state":"MD"},"geometry":{"type":"MultiPolygon","coordinates":[[[[-76.869,38.1714],[-76.8689,38.1713],[-76.8695,38.1714],[-76.869,38.1714]]],[[[-76.8701,38.1714],[-76.8712,38.1714],[-76.8732,38.1718],[-76.8701,38.1714]]],[[[-76.9031,38.1911],[-76.9028,38.1908],[-76.9042,38.1924],[-76.9031,38.1911]]],[[[-76.9214,38.2006],[-76.921,38.2005],[-76.9216,38.2007],[-76.9214,38.2006]]],[[[-76.9389,38.2036],[-76.9381,38.2029],[-76.9388,38.2034],[-76.9389,38.2036]]],[[[-76.9396,38.204],[-76.9394,38.2039],[-76.9397,38.2041],[-76.9396,38.204]]],[[[-76.9729,38.2668],[-76.9715,38.266],[-76.9729,38.2668],[-76.9729,38.2668]]],[[[-76.8648,38.2702],[-76.8496,38.2646],[-76.8477,38.2629],[-76.8477,38.2641],[-76.841,38.2646],[-76.8379,38.2619],[-76.8381,38.2603],[-76.842,38.2545],[-76.8445,38.255],[-76.8648,38.2702]]],[[[-76.9797,38.2729],[-76.9796,38.2729],[-76.9796,38.2729],[-76.9797,38.2729]]],[[[-76.9846,38.2744],[-76.9859,38.2743],[-76.9861,38.2743],[-76.9846,38.2744]]],[[[-77.0015,38.2814],[-77.0015,38.2814],[-77.0015,38.2815],[-77.0015,38.2814]]],[[[-77.0016,38.2817],[-77.0016,38.2815],[-77.0016,38.2817],[-77.0016,38.2817]]],[[[-77.028,38.3053],[-77.0275,38.3049],[-77.0282,38.3058],[-77.028,38.3053]]],[[[-77.0285,38.3081],[-77.0285,38.3067],[-77.0284,38.3089],[-77.0285,38.3081]]],[[[-77.0287,38.3109],[-77.0287,38.3104],[-77.0287,38.3109],[-77.0287,38.3109]]],[[[-77.0228,38.3219],[-77.0148,38.3324],[-77.0145,38.3326],[-77.0144,38.3332],[-77.0228,38.3219]]],[[[-77.0151,38.3344],[-77.0151,38.3352],[-77.0144,38.3365],[-77.0143,38.3377],[-77.0144,38.3365],[-77.0151,38.3344]]],[[[-77.0165,38.3406],[-77.0164,38.34],[-77.0165,38.3408],[-77.0165,38.3406]]],[[[-77.2829,38.3428],[-77.2799,38.3405],[-77.283,38.3428],[-77.2829,38.3428]]],[[[-77.288,38.3514],[-77.2873,38.3525],[-77.2879,38.3558],[-77.2872,38.3525],[-77.288,38.3514]]],[[[-77.2884,38.3578],[-77.2881,38.3566],[-77.2884,38.3582],[-77.2884,38.3578]]],[[[-77.0159,38.3456],[-77.0168,38.3417],[-77.0167,38.3433],[-77.0165,38.3446],[-77.0159,38.3456],[-77.0154,38.3519],[-77.0151,38.3528],[-77.0148,38.3536],[-77.0146,38.354],[-77.0147,38.3545],[-77.0148,38.3559],[-77.0149,38.3562],[-77.0148,38.3571],[-77.0145,38.3607],[-77.0146,38.3614],[-77.0145,38.3625],[-77.0145,38.3606],[-77.0149,38.3562],[-77.0148,38.3559],[-77.0146,38.354],[-77.0154,38.3519],[-77.0159,38.3456]]],[[[-77.0148,38.365],[-77.0146,38.3627],[-77.0148,38.3638],[-77.0148,38.365]]],[[[-77.0149,38.3658],[-77.0148,38.365],[-77.0149,38.3658],[-77.0149,38.3658]]],[[[-77.015,38.366],[-77.015,38.3659],[-77.015,38.3659],[-77.015,38.366]]],[[[-77.1247,38.3671],[-77.1247,38.3668],[-77.1271,38.3672],[-77.1247,38.3671]]],[[[-77.0903,38.3673],[-77.0901,38.3673],[-77.0912,38.3673],[-77.0903,38.3673]]],[[[-77.0151,38.3671],[-77.0151,38.3663],[-77.0152,38.3677],[-77.0151,38.3671]]],[[[-77.0975,38.3687],[-77.0969,38.3684],[-77.0981,38.3688],[-77.0975,38.3687]]],[[[-77.1013,38.3695],[-77.0988,38.369],[-77.1017,38.3695],[-77.1013,38.3695]]],[[[-77.2882,38.3593],[-77.2938,38.3654],[-77.2965,38.3702],[-77.2978,38.3714],[-77.2993,38.3719],[-77.3001,38.3726],[-77.2996,38.3722],[-77.298,38.3715],[-77.2973,38.371],[-77.2961,38.3698],[-77.2882,38.3593]]],[[[-77.301,38.3733],[-77.3008,38.3732],[-77.3009,38.3732],[-77.301,38.3733]]],[[[-77.0159,38.371],[-77.0158,38.3693],[-77.0159,38.371],[-77.0153,38.372],[-77.0146,38.3727],[-77.0137,38.3733],[-77.0131,38.3737],[-77.0119,38.3743],[-77.0117,38.3744],[-77.0159,38.371]]],[[[-77.0121,38.3751],[-77.0121,38.3748],[-77.0121,38.3751],[-77.0121,38.3751]]],[[[-77.3028,38.3745],[-77.3011,38.3734],[-77.305,38.3754],[-77.3028,38.3745]]],[[[-76.906,38.3918],[-76.9063,38.3907],[-76.9086,38.3892],[-76.9074,38.3911],[-76.9089,38.3908],[-76.906,38.3918]]],[[[-77.3213,38.4277],[-77.3213,38.4276],[-77.3213,38.4277],[-77.3213,38.4277]]],[[[-77.3226,38.4313],[-77.3215,38.428],[-77.3221,38.4289],[-77.3226,38.4313]]],[[[-77.3179,38.4733],[-77.3204,38.4352],[-77.3228,38.4344],[-77.3229,38.4326],[-77.3228,38.4344],[-77.3204,38.4352],[-77.319,38.4681],[-77.3186,38.473],[-77.3179,38.4733]]],[[[-77.3185,38.4744],[-77.3166,38.4777],[-77.3164,38.478],[-77.3161,38.4782],[-77.3158,38.4784],[-77.3153,38.4785],[-77.3153,38.4789],[-77.3153,38.4785],[-77.3166,38.4777],[-77.3185,38.4744]]],[[[-77.3156,38.4806],[-77.3155,38.4793],[-77.3156,38.4798],[-77.3157,38.4801],[-77.3157,38.4804],[-77.3156,38.4806],[-77.314,38.4842],[-77.3121,38.4876],[-77.3116,38.4884],[-77.3108,38.4905],[-77.3105,38.4911],[-77.3103,38.4916],[-77.3106,38.494],[-77.3103,38.4941],[-77.3103,38.4942],[-77.3102,38.4945],[-77.3101,38.4949],[-77.3099,38.4953],[-77.3096,38.4956],[-77.3092,38.496],[-77.309,38.4962],[-77.3083,38.4966],[-77.3075,38.4971],[-77.3039,38.4986],[-77.3022,38.5001],[-77.3039,38.4986],[-77.3099,38.4953],[-77.3103,38.4916],[-77.3116,38.4884],[-77.3156,38.4806]]],[[[-77.3023,38.5001],[-77.3009,38.5017],[-77.2994,38.5032],[-77.3009,38.5017],[-77.3023,38.5001]]],[[[-77.2911,38.5157],[-77.2911,38.5157],[-77.2911,38.5157],[-77.2911,38.5157]]],[[[-77.2859,38.5231],[-77.2846,38.5246],[-77.2837,38.525],[-77.2838,38.525],[-77.2859,38.5231]]],[[[-77.2795,38.5339],[-77.2801,38.5338],[-77.2801,38.5339],[-77.2795,38.5339]]],[[[-77.2791,38.5353],[-77.2793,38.5346],[-77.2789,38.5366],[-77.2791,38.5353]]],[[[-77.2767,38.5392],[-77.2767,38.5391],[-77.2767,38.5391],[-77.2767,38.5392]]],[[[-77.2763,38.5396],[-77.2763,38.5396],[-77.2763,38.5396],[-77.2763,38.5396]]],[[[-77.2744,38.5492],[-77.2729,38.5512],[-77.2707,38.5526],[-77.2707,38.5525],[-77.2744,38.5492]]],[[[-77.2645,38.5553],[-77.2653,38.5551],[-77.2645,38.5553],[-77.2645,38.5553]]],[[[-77.2582,38.5603],[-77.2603,38.5598],[-77.2581,38.5603],[-77.2582,38.5603]]],[[[-77.1763,38.5704],[-77.178,38.5712],[-77.1771,38.5723],[-77.1779,38.5741],[-77.1758,38.5716],[-77.1763,38.5704]]],[[[-77.1843,38.5764],[-77.1814,38.5734],[-77.1821,38.5718],[-77.1848,38.5748],[-77.1866,38.5747],[-77.1843,38.5764]]],[[[-77.197,38.6195],[-77.1926,38.6193],[-77.1995,38.6188],[-77.202,38.6172],[-77.204,38.618],[-77.197,38.6195]]],[[[-77.1844,38.6216],[-77.1868,38.6212],[-77.1901,38.62],[-77.1893,38.6207],[-77.1853,38.6217],[-77.1844,38.6216]]],[[[-77.1754,38.6241],[-77.1803,38.623],[-77.1809,38.6227],[-77.1754,38.6241]]],[[[-77.1746,38.6243],[-77.1747,38.6243],[-77.1746,38.6243],[-77.1746,38.6243]]],[[[-77.1319,38.6442],[-77.1322,38.6412],[-77.1305,38.636],[-77.1335,38.6425],[-77.1329,38.6447],[-77.1363,38.6472],[-77.1364,38.6505],[-77.1319,38.6442]]],[[[-77.1315,38.6749],[-77.1324,38.6741],[-77.1315,38.6749],[-77.1315,38.6749]]],[[[-77.1313,38.6752],[-77.1313,38.6752],[-77.1313,38.6752],[-77.1313,38.6752]]],[[[-77.1234,38.6841],[-77.1226,38.6853],[-77.1222,38.6855],[-77.1234,38.6841]]],[[[-77.0775,38.6913],[-77.0478,38.6162],[-77.0458,38.6207],[-77.04,38.626],[-77.0384,38.6299],[-77.0271,38.6348],[-77.0263,38.6386],[-77.0224,38.6421],[-77.0201,38.6476],[-77.0019,38.6548],[-76.9991,38.6542],[-76.9914,38.6572],[-76.9894,38.6564],[-76.9725,38.6584],[-76.9705,38.6604],[-76.9657,38.6613],[-76.9579,38.6588],[-76.9468,38.659],[-76.9397,38.6545],[-76.9271,38.6548],[-76.9168,38.6525],[-76.9112,38.6529],[-76.9047,38.6516],[-76.8983,38.6546],[-76.8904,38.655],[-76.8885,38.6571],[-76.8823,38.657],[-76.8791,38.659],[-76.8687,38.6579],[-76.863,38.6586],[-76.7608,38.6206],[-76.7485,38.6182],[-76.7473,38.6167],[-76.7458,38.6053],[-76.7464,38.5995],[-76.7455,38.5967],[-76.7426,38.5939],[-76.7427,38.5824],[-76.7411,38.5788],[-76.7423,38.5766],[-76.7397,38.5729],[-76.741,38.5705],[-76.7394,38.5676],[-76.7417,38.5659],[-76.7399,38.5647],[-76.7406,38.5588],[-76.7375,38.5571],[-76.7333,38.5574],[-76.7312,38.5552],[-76.7233,38.5514],[-76.7151,38.5498],[-76.7163,38.548],[-76.7129,38.5477],[-76.7118,38.5489],[-76.7078,38.5465],[-76.7065,38.5432],[-76.7045,38.5432],[-76.7061,38.5451],[-76.7056,38.5464],[-76.7023,38.5464],[-76.7022,38.5422],[-76.6978,38.5419],[-76.6942,38.5393],[-76.6923,38.5357],[-76.6868,38.5346],[-76.6717,38.5261],[-76.6784,38.5255],[-76.6753,38.524],[-76.676,38.5203],[-76.6734,38.5142],[-76.6783,38.5094],[-76.6793,38.5046],[-76.6811,38.5033],[-76.6806,38.5045],[-76.6816,38.5043],[-76.6838,38.5013],[-76.6842,38.4967],[-76.686,38.4983],[-76.6904,38.4984],[-76.6933,38.497],[-76.6949,38.4981],[-76.6992,38.4975],[-76.7027,38.5021],[-76.7053,38.5017],[-76.7065,38.5042],[-76.7084,38.5047],[-76.7092,38.5074],[-76.7106,38.5075],[-76.7105,38.5092],[-76.7138,38.5105],[-76.7156,38.5094],[-76.7266,38.5118],[-76.7481,38.5125],[-76.7529,38.5138],[-76.7669,38.5133],[-76.7706,38.5101],[-76.775,38.5089],[-76.8224,38.4324],[-76.8227,38.4284],[-76.8273,38.4252],[-76.8296,38.4211],[-76.8349,38.4179],[-76.8409,38.4102],[-76.8467,38.408],[-76.8503,38.3983],[-76.8623,38.3918],[-76.8665,38.3928],[-76.8681,38.392],[-76.8687,38.3898],[-76.8713,38.3901],[-76.8718,38.3889],[-76.882,38.3865],[-76.8892,38.3881],[-76.8923,38.3875],[-76.896,38.3904],[-76.899,38.3883],[-76.9022,38.3899],[-76.9068,38.3896],[-76.9051,38.392],[-76.9085,38.395],[-76.9081,38.4008],[-76.9095,38.3955],[-76.9072,38.3926],[-76.9108,38.39],[-76.9105,38.3865],[-76.9159,38.389],[-76.9237,38.3865],[-76.9247,38.3874],[-76.9237,38.3911],[-76.9257,38.3975],[-76.924,38.4012],[-76.926,38.4054],[-76.9296,38.4067],[-76.9332,38.4166],[-76.9329,38.4128],[-76.9365,38.4153],[-76.9381,38.4151],[-76.936,38.4139],[-76.936,38.4123],[-76.9327,38.4109],[-76.9316,38.4056],[-76.9283,38.4037],[-76.9286,38.398],[-76.9305,38.3973],[-76.9322,38.4016],[-76.9322,38.3983],[-76.9271,38.3935],[-76.9261,38.3906],[-76.9272,38.3873],[-76.9232,38.3856],[-76.9221,38.3827],[-76.9148,38.3832],[-76.9125,38.38],[-76.9052,38.3802],[-76.901,38.3789],[-76.8985,38.3798],[-76.8966,38.376],[-76.8941,38.3747],[-76.8884,38.3731],[-76.8833,38.3737],[-76.8787,38.3719],[-76.8779,38.3699],[-76.8714,38.3694],[-76.8667,38.3662],[-76.8611,38.3657],[-76.8612,38.3623],[-76.8563,38.3589],[-76.8599,38.3562],[-76.86,38.3531],[-76.8584,38.3523],[-76.8629,38.3462],[-76.8632,38.344],[-76.8651,38.3429],[-76.867,38.3435],[-76.8663,38.3422],[-76.8694,38.3374],[-76.8692,38.3334],[-76.8763,38.3353],[-76.8767,38.3317],[-76.8781,38.3309],[-76.8771,38.3292],[-76.875,38.3332],[-76.8715,38.3334],[-76.8633,38.3251],[-76.8577,38.3235],[-76.8556,38.3193],[-76.8515,38.316],[-76.8544,38.3131],[-76.8533,38.3069],[-76.8547,38.3065],[-76.8638,38.3112],[-76.8464,38.2996],[-76.8459,38.2979],[-76.848,38.2965],[-76.8486,38.2941],[-76.8496,38.2959],[-76.8497,38.2942],[-76.8516,38.2929],[-76.8556,38.2978],[-76.8544,38.293],[-76.8505,38.2903],[-76.8568,38.2889],[-76.8586,38.2892],[-76.8581,38.2903],[-76.8627,38.2896],[-76.8669,38.2911],[-76.8702,38.2907],[-76.8593,38.2874],[-76.8553,38.288],[-76.8544,38.2861],[-76.8528,38.2883],[-76.8497,38.2887],[-76.8492,38.2853],[-76.848,38.2847],[-76.8472,38.2896],[-76.8498,38.2919],[-76.8462,38.2918],[-76.8404,38.2892],[-76.8376,38.2768],[-76.8337,38.2735],[-76.8396,38.267],[-76.8409,38.2665],[-76.8407,38.2706],[-76.8414,38.2679],[-76.847,38.2699],[-76.8435,38.2666],[-76.8463,38.2666],[-76.8496,38.2686],[-76.849,38.2673],[-76.8516,38.2694],[-76.8492,38.2664],[-76.8505,38.2662],[-76.8565,38.2697],[-76.8606,38.2704],[-76.8591,38.2731],[-76.8621,38.275],[-76.8659,38.2753],[-76.8612,38.2732],[-76.8616,38.2719],[-76.8644,38.2709],[-76.8678,38.2719],[-76.8702,38.2733],[-76.8707,38.2757],[-76.8713,38.2747],[-76.8753,38.275],[-76.8823,38.2779],[-76.884,38.2794],[-76.8839,38.2815],[-76.8861,38.2825],[-76.8836,38.2776],[-76.8743,38.2731],[-76.8751,38.2728],[-76.8865,38.277],[-76.9085,38.2884],[-76.9184,38.2912],[-76.9252,38.291],[-76.9271,38.2939],[-76.9245,38.3008],[-76.9243,38.3065],[-76.9219,38.3115],[-76.9155,38.3088],[-76.9154,38.3068],[-76.9122,38.3073],[-76.9097,38.3045],[-76.9075,38.3044],[-76.9063,38.3027],[-76.9084,38.3027],[-76.9104,38.302],[-76.902,38.2999],[-76.9,38.2954],[-76.9005,38.298],[-76.8944,38.2956],[-76.9035,38.3032],[-76.9047,38.3056],[-76.9014,38.3056],[-76.9004,38.3066],[-76.8979,38.3054],[-76.8946,38.3067],[-76.9011,38.3083],[-76.9022,38.3068],[-76.9066,38.3075],[-76.9093,38.3105],[-76.9082,38.3113],[-76.9104,38.3126],[-76.9087,38.3134],[-76.9057,38.3183],[-76.903,38.3194],[-76.9057,38.3232],[-76.9069,38.3232],[-76.9058,38.3221],[-76.9068,38.3186],[-76.9094,38.3175],[-76.9089,38.3166],[-76.9122,38.3123],[-76.9172,38.3142],[-76.9207,38.3173],[-76.9192,38.3151],[-76.9217,38.3165],[-76.9245,38.3161],[-76.9224,38.3155],[-76.9236,38.3149],[-76.9257,38.3161],[-76.9302,38.3227],[-76.9421,38.3296],[-76.9387,38.3318],[-76.9391,38.3339],[-76.9372,38.3334],[-76.9306,38.3372],[-76.9323,38.3392],[-76.9363,38.3388],[-76.9372,38.3368],[-76.9392,38.3376],[-76.9414,38.3365],[-76.9458,38.3379],[-76.9485,38.3373],[-76.9526,38.3391],[-76.9488,38.3363],[-76.9444,38.3359],[-76.9436,38.3338],[-76.9456,38.333],[-76.9445,38.3317],[-76.9479,38.3314],[-76.9539,38.3333],[-76.9685,38.3419],[-76.9787,38.3419],[-76.9755,38.3473],[-76.9779,38.3542],[-76.9769,38.3565],[-76.9836,38.363],[-76.9849,38.3766],[-76.9888,38.3891],[-76.9883,38.395],[-76.9986,38.4093],[-77.0016,38.4219],[-77.0059,38.4292],[-77.0123,38.4371],[-77.019,38.45],[-77.0257,38.4551],[-77.0275,38.4583],[-77.0268,38.4614],[-77.0306,38.4633],[-77.03,38.4659],[-77.0329,38.4699],[-77.0308,38.4716],[-77.0333,38.477],[-77.0268,38.4761],[-77.0272,38.4789],[-77.0226,38.4811],[-77.0249,38.4816],[-77.0205,38.4868],[-77.0207,38.4909],[-77.0187,38.4943],[-77.0216,38.4958],[-77.0207,38.4976],[-77.0236,38.5001],[-77.0238,38.4966],[-77.0292,38.4883],[-77.0288,38.4869],[-77.0398,38.4801],[-77.0435,38.4692],[-77.0421,38.4667],[-77.0406,38.4666],[-77.042,38.4597],[-77.0452,38.4571],[-77.0448,38.4558],[-77.0473,38.4546],[-77.0552,38.4528],[-77.0578,38.4544],[-77.0577,38.452],[-77.0592,38.4509],[-77.0581,38.4501],[-77.0588,38.4478],[-77.0579,38.4462],[-77.0562,38.4465],[-77.0555,38.4492],[-77.053,38.4484],[-77.0478,38.4503],[-77.0447,38.45],[-77.0408,38.4443],[-77.0593,38.4343],[-77.0699,38.4259],[-77.0755,38.4247],[-77.0864,38.4147],[-77.0905,38.4078],[-77.1066,38.4062],[-77.1106,38.4092],[-77.1067,38.4139],[-77.1074,38.4171],[-77.1033,38.4268],[-77.1046,38.4308],[-77.1005,38.4344],[-77.1011,38.4357],[-77.1019,38.4341],[-77.1038,38.4339],[-77.1041,38.4319],[-77.108,38.4324],[-77.1043,38.4413],[-77.1053,38.4468],[-77.0985,38.4475],[-77.0974,38.4493],[-77.1014,38.4521],[-77.1002,38.4533],[-77.0964,38.4509],[-77.0928,38.4566],[-77.0888,38.4565],[-77.0905,38.4555],[-77.0892,38.4542],[-77.0855,38.4576],[-77.0888,38.4596],[-77.0883,38.458],[-77.0962,38.4576],[-77.0969,38.4563],[-77.0945,38.4552],[-77.0953,38.4535],[-77.1008,38.4553],[-77.1093,38.45],[-77.1219,38.4515],[-77.1247,38.4491],[-77.131,38.4507],[-77.1319,38.449],[-77.135,38.4491],[-77.1385,38.4527],[-77.1373,38.4482],[-77.135,38.4474],[-77.1349,38.446],[-77.1377,38.4461],[-77.1403,38.4505],[-77.144,38.4517],[-77.1423,38.4544],[-77.1433,38.4557],[-77.1383,38.4562],[-77.1323,38.4629],[-77.1345,38.4631],[-77.1358,38.4598],[-77.1365,38.4606],[-77.1351,38.4638],[-77.1371,38.4646],[-77.1389,38.4614],[-77.1398,38.464],[-77.1404,38.462],[-77.1472,38.4551],[-77.1571,38.4517],[-77.1557,38.4502],[-77.1531,38.4507],[-77.1551,38.4487],[-77.1536,38.4464],[-77.1542,38.4444],[-77.1569,38.443],[-77.1571,38.4418],[-77.1522,38.4407],[-77.1525,38.4379],[-77.1589,38.4361],[-77.1612,38.4376],[-77.166,38.4384],[-77.169,38.4344],[-77.1724,38.4372],[-77.1719,38.4347],[-77.1692,38.4338],[-77.1668,38.4349],[-77.1655,38.4378],[-77.1595,38.4354],[-77.1519,38.4375],[-77.1507,38.441],[-77.1564,38.4423],[-77.1534,38.4443],[-77.1515,38.4493],[-77.1533,38.4515],[-77.156,38.4517],[-77.1514,38.4533],[-77.1493,38.4531],[-77.15,38.4508],[-77.1475,38.4476],[-77.1391,38.4448],[-77.1376,38.4423],[-77.1372,38.4435],[-77.1333,38.4428],[-77.1295,38.4446],[-77.1292,38.4421],[-77.1225,38.4448],[-77.1182,38.4425],[-77.1204,38.4364],[-77.12,38.4321],[-77.1247,38.4284],[-77.1217,38.424],[-77.1251,38.4193],[-77.1255,38.4166],[-77.1243,38.4142],[-77.1267,38.4141],[-77.1234,38.4104],[-77.1277,38.4008],[-77.1367,38.3918],[-77.1461,38.3866],[-77.1541,38.3841],[-77.1644,38.377],[-77.1729,38.3741],[-77.1848,38.3664],[-77.2073,38.3599],[-77.2167,38.3632],[-77.2315,38.3733],[-77.2377,38.3748],[-77.2505,38.3833],[-77.2541,38.3948],[-77.2568,38.3971],[-77.258,38.4026],[-77.2653,38.4139],[-77.2656,38.4167],[-77.2575,38.429],[-77.2567,38.4322],[-77.2588,38.4363],[-77.2655,38.4428],[-77.263,38.453],[-77.2697,38.4606],[-77.2708,38.4647],[-77.2673,38.4677],[-77.2656,38.4667],[-77.262,38.4716],[-77.2656,38.4697],[-77.2661,38.4738],[-77.271,38.4768],[-77.2742,38.4818],[-77.2722,38.4893],[-77.2673,38.4984],[-77.2677,38.5008],[-77.2636,38.5123],[-77.2569,38.5192],[-77.2577,38.5216],[-77.2551,38.526],[-77.2485,38.5274],[-77.2459,38.5292],[-77.2409,38.5293],[-77.2386,38.5324],[-77.2342,38.5343],[-77.2336,38.5366],[-77.2304,38.5363],[-77.2333,38.5416],[-77.2292,38.5428],[-77.2263,38.5458],[-77.226,38.5477],[-77.2277,38.5504],[-77.2291,38.5493],[-77.2291,38.5472],[-77.2273,38.5467],[-77.2287,38.5445],[-77.2305,38.5438],[-77.2337,38.5453],[-77.2368,38.5451],[-77.2421,38.5416],[-77.2453,38.5364],[-77.2466,38.5369],[-77.2437,38.5443],[-77.2359,38.5531],[-77.2211,38.5552],[-77.2178,38.5543],[-77.2168,38.5558],[-77.2107,38.5556],[-77.2073,38.5535],[-77.2028,38.5533],[-77.1979,38.556],[-77.1953,38.5616],[-77.1945,38.5619],[-77.195,38.561],[-77.1909,38.5583],[-77.1904,38.5564],[-77.188,38.5575],[-77.1893,38.5583],[-77.1887,38.5594],[-77.184,38.5598],[-77.1829,38.5625],[-77.1803,38.5635],[-77.1809,38.5699],[-77.1775,38.568],[-77.176,38.5649],[-77.1714,38.5652],[-77.168,38.5732],[-77.1716,38.5748],[-77.1698,38.577],[-77.17,38.5786],[-77.1606,38.5785],[-77.1596,38.5792],[-77.1602,38.5802],[-77.1593,38.5798],[-77.1542,38.5856],[-77.16,38.5902],[-77.1546,38.5883],[-77.1527,38.5858],[-77.1473,38.5828],[-77.1433,38.5837],[-77.1419,38.5875],[-77.1405,38.5863],[-77.1397,38.5875],[-77.1381,38.5867],[-77.1385,38.5875],[-77.1367,38.5884],[-77.1366,38.5906],[-77.1383,38.5921],[-77.1366,38.5955],[-77.1392,38.5928],[-77.1366,38.5959],[-77.1331,38.5956],[-77.1334,38.5925],[-77.1322,38.594],[-77.1302,38.5909],[-77.1269,38.5898],[-77.1247,38.5911],[-77.128,38.5913],[-77.1303,38.5923],[-77.1308,38.593],[-77.131,38.5943],[-77.1284,38.5917],[-77.1287,38.5932],[-77.1268,38.5932],[-77.1304,38.5966],[-77.1363,38.5967],[-77.1394,38.5952],[-77.1417,38.5964],[-77.1395,38.5948],[-77.1398,38.5914],[-77.1411,38.5907],[-77.1409,38.5915],[-77.1427,38.5936],[-77.1415,38.5914],[-77.1431,38.5886],[-77.1457,38.5901],[-77.1429,38.5904],[-77.1432,38.591],[-77.1462,38.5911],[-77.1435,38.5921],[-77.1461,38.5925],[-77.1428,38.5944],[-77.1452,38.5948],[-77.1444,38.5964],[-77.1456,38.595],[-77.1445,38.5944],[-77.1457,38.5931],[-77.1484,38.5938],[-77.1486,38.5927],[-77.1462,38.593],[-77.1474,38.5886],[-77.1508,38.5874],[-77.1513,38.5882],[-77.1499,38.5891],[-77.1602,38.5905],[-77.1615,38.5898],[-77.1628,38.5847],[-77.1657,38.5831],[-77.1715,38.5839],[-77.1786,38.5749],[-77.1833,38.5763],[-77.1842,38.5793],[-77.1897,38.5744],[-77.1904,38.5722],[-77.1867,38.5675],[-77.189,38.5684],[-77.1938,38.5657],[-77.2007,38.5661],[-77.199,38.5653],[-77.2032,38.5646],[-77.2012,38.5619],[-77.2062,38.5644],[-77.2075,38.5638],[-77.2099,38.5666],[-77.2093,38.5702],[-77.2059,38.5745],[-77.1918,38.5855],[-77.1914,38.5884],[-77.1838,38.6007],[-77.1697,38.6069],[-77.1481,38.6058],[-77.1407,38.6107],[-77.1298,38.6139],[-77.1247,38.6198],[-77.1106,38.6265],[-77.1065,38.6314],[-77.1062,38.6339],[-77.1014,38.6333],[-77.1013,38.6317],[-77.0982,38.6342],[-77.0969,38.6374],[-77.0954,38.6379],[-77.095,38.6409],[-77.0963,38.6421],[-77.0897,38.6454],[-77.0988,38.642],[-77.0972,38.6394],[-77.0996,38.637],[-77.0992,38.6354],[-77.1056,38.6361],[-77.1066,38.6344],[-77.1107,38.6337],[-77.1095,38.6435],[-77.1127,38.6507],[-77.1124,38.6551],[-77.1154,38.6639],[-77.115,38.6705],[-77.1097,38.6746],[-77.1065,38.6809],[-77.1008,38.6856],[-77.0883,38.6898],[-77.0825,38.6903],[-77.0789,38.6885],[-77.0775,38.6913]]],[[[-77.1037,38.6979],[-77.1038,38.6979],[-77.1036,38.6979],[-77.1037,38.6979]]],[[[-77.1036,38.6979],[-77.1036,38.6979],[-77.1036,38.6979],[-77.1036,38.6979]]],[[[-77.099,38.6986],[-77.0996,38.6986],[-77.0983,38.699],[-77.099,38.6986]]],[[[-77.0963,38.7005],[-77.0965,38.7002],[-77.0977,38.6994],[-77.0963,38.7005]]],[[[-77.092,38.7033],[-77.0951,38.7011],[-77.0959,38.7006],[-77.0947,38.7018],[-77.092,38.7033]]],[[[-77.0896,38.7045],[-77.089,38.7051],[-77.0884,38.7052],[-77.0896,38.7045]]],[[[-77.088,38.7054],[-77.0876,38.7057],[-77.0864,38.7062],[-77.088,38.7054]]]]}},{"type":"Feature","properties":{"leaid":"2400300","name":"Dorchester County Public Schools","kind":"Unified","gradeLow":"PK","gradeHigh":"12","state":"MD"},"geometry":{"type":"MultiPolygon","coordinates":[[[[-76.0918,38.1185],[-76.093,38.1195],[-76.0955,38.1251],[-76.0942,38.1251],[-76.0918,38.1185]]],[[[-76.0611,38.1278],[-76.0613,38.1262],[-76.064,38.1271],[-76.064,38.1251],[-76.0662,38.1269],[-76.0652,38.1291],[-76.0662,38.132],[-76.0611,38.1278]]],[[[-76.0908,38.1329],[-76.0855,38.1236],[-76.0817,38.1213],[-76.0808,38.1197],[-76.0851,38.1221],[-76.0859,38.1166],[-76.0907,38.1143],[-76.0907,38.1215],[-76.0903,38.1225],[-76.0877,38.1226],[-76.0875,38.1247],[-76.0909,38.1316],[-76.0926,38.1326],[-76.0929,38.1353],[-76.0907,38.1347],[-76.0908,38.1329]]],[[[-76.0697,38.1492],[-76.0736,38.1498],[-76.0732,38.1528],[-76.0701,38.1508],[-76.0697,38.1492]]],[[[-76.0859,38.1526],[-76.0902,38.1497],[-76.0888,38.1476],[-76.0841,38.1457],[-76.0854,38.1379],[-76.0913,38.1446],[-76.0902,38.1479],[-76.0923,38.1504],[-76.0921,38.1538],[-76.0903,38.1507],[-76.0862,38.1538],[-76.0859,38.1526]]],[[[-76.0629,38.2042],[-76.0555,38.2027],[-76.0536,38.2046],[-76.0509,38.2036],[-76.0493,38.2054],[-76.0441,38.1986],[-76.0363,38.1926],[-76.0427,38.1877],[-76.0428,38.1847],[-76.035,38.1862],[-76.0263,38.1829],[-76.025,38.1799],[-76.0222,38.1779],[-76.0212,38.175],[-76.0219,38.172],[-76.025,38.1752],[-76.0261,38.1709],[-76.0285,38.1703],[-76.029,38.1682],[-76.0315,38.168],[-76.0351,38.1697],[-76.0357,38.1679],[-76.0397,38.1679],[-76.0445,38.1659],[-76.0375,38.165],[-76.0355,38.1627],[-76.0359,38.159],[-76.034,38.1579],[-76.0327,38.1585],[-76.0292,38.1546],[-76.0286,38.1529],[-76.0302,38.1522],[-76.0325,38.1479],[-76.0376,38.1469],[-76.0386,38.1492],[-76.0513,38.1472],[-76.0544,38.15],[-76.055,38.154],[-76.0576,38.1578],[-76.0576,38.1614],[-76.0599,38.1659],[-76.0594,38.1677],[-76.0619,38.1692],[-76.0559,38.1707],[-76.0574,38.1711],[-76.0566,38.1734],[-76.0584,38.1714],[-76.0611,38.1738],[-76.0617,38.1713],[-76.0637,38.1721],[-76.0649,38.1709],[-76.0673,38.1726],[-76.0678,38.1712],[-76.0656,38.1691],[-76.0682,38.1665],[-76.0701,38.1663],[-76.0733,38.1694],[-76.078,38.1693],[-76.0726,38.167],[-76.0698,38.1632],[-76.072,38.1617],[-76.0744,38.1617],[-76.0771,38.1638],[-76.0787,38.164],[-76.0811,38.1683],[-76.0833,38.1689],[-76.0824,38.1651],[-76.0773,38.1634],[-76.0787,38.1615],[-76.0765,38.1615],[-76.0768,38.1605],[-76.0734,38.1583],[-76.082,38.159],[-76.0826,38.1603],[-76.0837,38.1592],[-76.0832,38.1571],[-76.0846,38.1564],[-76.0881,38.1614],[-76.0875,38.16],[-76.0912,38.1609],[-76.0886,38.1645],[-76.0888,38.1696],[-76.0906,38.171],[-76.0907,38.1731],[-76.0884,38.1711],[-76.0859,38.1715],[-76.0836,38.1739],[-76.0828,38.1726],[-76.0805,38.1729],[-76.083,38.178],[-76.086,38.1801],[-76.0838,38.1845],[-76.0861,38.1874],[-76.089,38.1877],[-76.0886,38.1926],[-76.0864,38.1926],[-76.0849,38.1903],[-76.0823,38.1893],[-76.0767,38.1901],[-76.0663,38.1881],[-76.0635,38.1899],[-76.0611,38.1896],[-76.0571,38.1922],[-76.0555,38.1954],[-76.0561,38.1968],[-76.0607,38.1977],[-76.0644,38.2005],[-76.0688,38.2007],[-76.0693,38.2015],[-76.068,38.2018],[-76.0715,38.2032],[-76.067,38.204],[-76.0637,38.2062],[-76.0629,38.2042]]],[[[-76.1463,38.2497],[-76.145,38.2484],[-76.1422,38.2487],[-76.13,38.2449],[-76.1322,38.2444],[-76.1318,38.243],[-76.1266,38.2429],[-76.1254,38.2397],[-76.1278,38.235],[-76.1352,38.2315],[-76.1392,38.2313],[-76.1429,38.2332],[-76.1518,38.2339],[-76.1518,38.2377],[-76.1503,38.2349],[-76.1483,38.2394],[-76.1433,38.2439],[-76.1442,38.2454],[-76.147,38.2449],[-76.1473,38.2462],[-76.1508,38.2447],[-76.1533,38.249],[-76.1463,38.2497]]],[[[-76.2509,38.3312],[-76.2489,38.3308],[-76.2484,38.3301],[-76.2509,38.3303],[-76.2509,38.3312]]],[[[-76.178,38.334],[-76.1789,38.3329],[-76.1758,38.3312],[-76.1724,38.3261],[-76.1746,38.3246],[-76.1829,38.3245],[-76.1874,38.3215],[-76.1858,38.3198],[-76.1909,38.3188],[-76.1933,38.3159],[-76.1969,38.3166],[-76.1966,38.3201],[-76.1991,38.3255],[-76.1981,38.3268],[-76.1954,38.3269],[-76.1943,38.325],[-76.188,38.3247],[-76.1852,38.3282],[-76.1856,38.3325],[-76.1879,38.3327],[-76.1898,38.331],[-76.1903,38.332],[-76.1836,38.335],[-76.1834,38.3364],[-76.178,38.334]]],[[[-76.2628,38.3453],[-76.2637,38.3451],[-76.2628,38.3437],[-76.2589,38.3414],[-76.2582,38.3362],[-76.2625,38.3374],[-76.258,38.3346],[-76.2583,38.3324],[-76.257,38.3336],[-76.2538,38.3316],[-76.2517,38.3278],[-76.2539,38.3246],[-76.2557,38.3249],[-76.2575,38.3236],[-76.256,38.3228],[-76.2547,38.3172],[-76.2454,38.3117],[-76.2406,38.3106],[-76.2432,38.3101],[-76.251,38.3132],[-76.2582,38.3184],[-76.261,38.325],[-76.2609,38.3307],[-76.2643,38.3362],[-76.2642,38.3377],[-76.2666,38.3395],[-76.2648,38.3455],[-76.264,38.3465],[-76.2628,38.3453]]],[[[-76.2279,38.3482],[-76.2249,38.3478],[-76.2201,38.3419],[-76.2124,38.3382],[-76.2129,38.3369],[-76.2193,38.339],[-76.2121,38.3318],[-76.2109,38.3288],[-76.2134,38.3288],[-76.2134,38.3311],[-76.2177,38.3346],[-76.225,38.3356],[-76.2235,38.3321],[-76.2174,38.3267],[-76.2212,38.324],[-76.223,38.3249],[-76.2198,38.3204],[-76.2202,38.317],[-76.2224,38.3168],[-76.2247,38.3183],[-76.2275,38.3226],[-76.2298,38.3237],[-76.2283,38.3173],[-76.226,38.3163],[-76.2248,38.3135],[-76.2221,38.3139],[-76.2208,38.3105],[-76.215,38.3051],[-76.2101,38.3039],[-76.2096,38.3012],[-76.2067,38.2997],[-76.2011,38.29],[-76.1974,38.2898],[-76.1961,38.2907],[-76.1971,38.2928],[-76.1955,38.2947],[-76.1907,38.2954],[-76.1877,38.2944],[-76.187,38.2952],[-76.1815,38.2922],[-76.1788,38.2925],[-76.1762,38.2949],[-76.1765,38.2963],[-76.1742,38.2956],[-76.1732,38.2974],[-76.1683,38.2936],[-76.1607,38.2917],[-76.1608,38.2908],[-76.1665,38.2905],[-76.1714,38.294],[-76.1733,38.2918],[-76.1784,38.2899],[-76.1772,38.2872],[-76.1734,38.2845],[-76.176,38.2824],[-76.181,38.2818],[-76.1823,38.2799],[-76.1801,38.2768],[-76.1796,38.2738],[-76.1748,38.2706],[-76.1751,38.2694],[-76.1727,38.2673],[-76.1798,38.2712],[-76.1813,38.2714],[-76.1815,38.2698],[-76.1798,38.268],[-76.1799,38.266],[-76.1777,38.2653],[-76.1757,38.2619],[-76.1792,38.2602],[-76.1771,38.257],[-76.1762,38.2581],[-76.1736,38.2553],[-76.1721,38.2554],[-76.1715,38.2574],[-76.1695,38.2578],[-76.1652,38.2541],[-76.1632,38.2489],[-76.1551,38.2492],[-76.153,38.2474],[-76.1522,38.2454],[-76.1539,38.2467],[-76.1523,38.2432],[-76.1535,38.2398],[-76.1589,38.2431],[-76.1598,38.245],[-76.1652,38.2433],[-76.1647,38.2419],[-76.1666,38.2427],[-76.168,38.2443],[-76.1681,38.2487],[-76.1719,38.2482],[-76.1724,38.2466],[-76.1745,38.248],[-76.1759,38.2539],[-76.1831,38.2612],[-76.1883,38.2643],[-76.1906,38.2761],[-76.1899,38.2769],[-76.1953,38.284],[-76.202,38.2869],[-76.2023,38.29],[-76.2065,38.2983],[-76.2114,38.3026],[-76.2248,38.307],[-76.2268,38.3122],[-76.2296,38.3141],[-76.2301,38.321],[-76.2337,38.3229],[-76.2306,38.3289],[-76.2329,38.331],[-76.2339,38.3351],[-76.2334,38.3443],[-76.2328,38.3456],[-76.2308,38.3447],[-76.2313,38.3467],[-76.2279,38.3482]]],[[[-76.0822,38.4156],[-76.0808,38.4169],[-76.0819,38.4143],[-76.0885,38.416],[-76.0837,38.4154],[-76.0831,38.4161],[-76.0845,38.4168],[-76.0837,38.4182],[-76.0822,38.4156]]],[[[-76.0899,38.4167],[-76.092,38.418],[-76.0928,38.4194],[-76.0902,38.418],[-76.0899,38.4167]]],[[[-76.0782,38.4211],[-76.0805,38.419],[-76.0796,38.4169],[-76.0803,38.4151],[-76.0786,38.4151],[-76.0794,38.4135],[-76.0808,38.4143],[-76.0803,38.4171],[-76.0819,38.4187],[-76.08,38.4212],[-76.0782,38.4211]]],[[[-76.0739,38.4244],[-76.0751,38.423],[-76.0752,38.4247],[-76.0739,38.4244]]],[[[-76.1162,38.4273],[-76.1114,38.4259],[-76.114,38.4256],[-76.1162,38.4273]]],[[[-76.1465,38.4294],[-76.1472,38.4288],[-76.1483,38.4287],[-76.1482,38.4294],[-76.1465,38.4294]]],[[[-76.1242,38.4318],[-76.1256,38.4319],[-76.1251,38.4336],[-76.123,38.435],[-76.125,38.4327],[-76.1242,38.4318]]],[[[-76.0897,38.4343],[-76.0909,38.4347],[-76.0909,38.4362],[-76.0891,38.437],[-76.0897,38.4343]]],[[[-76.2497,38.4433],[-76.2487,38.4412],[-76.2468,38.4414],[-76.2482,38.4398],[-76.2497,38.4433]]],[[[-76.2469,38.443],[-76.2482,38.4416],[-76.2484,38.4443],[-76.2469,38.443]]],[[[-76.2508,38.4494],[-76.2523,38.4489],[-76.2527,38.4497],[-76.2508,38.4494]]],[[[-76.2532,38.4504],[-76.2553,38.4488],[-76.2566,38.4492],[-76.2554,38.4503],[-76.2532,38.4504]]],[[[-76.3358,38.4907],[-76.337,38.4913],[-76.3365,38.4923],[-76.3358,38.4916],[-76.3358,38.4907]]],[[[-76.2832,38.504],[-76.2821,38.5013],[-76.2837,38.5036],[-76.286,38.5016],[-76.2872,38.5025],[-76.2891,38.4981],[-76.2885,38.497],[-76.2849,38.4979],[-76.2798,38.4964],[-76.2837,38.494],[-76.288,38.4826],[-76.2911,38.4801],[-76.2913,38.484],[-76.2926,38.4826],[-76.2928,38.4786],[-76.2938,38.4786],[-76.2921,38.4762],[-76.2926,38.4738],[-76.2962,38.4721],[-76.2988,38.4757],[-76.3053,38.4802],[-76.2998,38.4744],[-76.2981,38.4718],[-76.2988,38.4705],[-76.2933,38.4705],[-76.2937,38.4687],[-76.2923,38.4675],[-76.2927,38.4634],[-76.2911,38.4609],[-76.2919,38.458],[-76.2895,38.4564],[-76.2895,38.4581],[-76.2879,38.4596],[-76.2826,38.4543],[-76.2779,38.4538],[-76.2775,38.4517],[-76.2724,38.4516],[-76.2742,38.4457],[-76.2791,38.4448],[-76.274,38.4441],[-76.2708,38.4506],[-76.2687,38.4512],[-76.2651,38.4499],[-76.2633,38.4513],[-76.2627,38.4492],[-76.26,38.4498],[-76.2544,38.4467],[-76.2528,38.4471],[-76.2527,38.4485],[-76.2513,38.4484],[-76.2512,38.4467],[-76.2492,38.4477],[-76.249,38.4465],[-76.2519,38.4463],[-76.2501,38.4445],[-76.2539,38.4453],[-76.2568,38.4424],[-76.2567,38.4408],[-76.2531,38.4449],[-76.2492,38.4402],[-76.2505,38.4388],[-76.2487,38.439],[-76.2482,38.438],[-76.2459,38.4381],[-76.2477,38.4365],[-76.2465,38.4337],[-76.249,38.4332],[-76.2481,38.4317],[-76.25,38.4317],[-76.2513,38.4348],[-76.2512,38.4317],[-76.254,38.4316],[-76.2523,38.4307],[-76.2531,38.4275],[-76.2509,38.4292],[-76.2492,38.4283],[-76.2539,38.4213],[-76.2532,38.4184],[-76.2548,38.4183],[-76.2562,38.4163],[-76.2586,38.4168],[-76.2596,38.4153],[-76.2599,38.4163],[-76.2636,38.416],[-76.2643,38.4172],[-76.2668,38.4167],[-76.2688,38.4189],[-76.2695,38.4178],[-76.2713,38.4182],[-76.2696,38.4201],[-76.2709,38.4218],[-76.2699,38.4238],[-76.2712,38.4249],[-76.2732,38.422],[-76.2718,38.4206],[-76.2723,38.4181],[-76.2747,38.4203],[-76.2786,38.4209],[-76.2793,38.4232],[-76.2824,38.4223],[-76.2869,38.4259],[-76.2869,38.4245],[-76.2856,38.4241],[-76.2869,38.4231],[-76.2848,38.4207],[-76.2822,38.4212],[-76.2792,38.4202],[-76.2865,38.4201],[-76.2945,38.4268],[-76.2965,38.4326],[-76.3003,38.436],[-76.3015,38.4398],[-76.312,38.4509],[-76.3148,38.4565],[-76.3208,38.4599],[-76.3227,38.4637],[-76.3322,38.4747],[-76.3325,38.4794],[-76.3344,38.482],[-76.3347,38.4876],[-76.3291,38.4861],[-76.3253,38.4812],[-76.3257,38.4879],[-76.327,38.4896],[-76.3236,38.4908],[-76.3245,38.494],[-76.3289,38.4972],[-76.3286,38.501],[-76.3223,38.4992],[-76.3218,38.4981],[-76.3172,38.4989],[-76.3141,38.4945],[-76.3105,38.4928],[-76.3094,38.494],[-76.3112,38.4971],[-76.306,38.4973],[-76.3015,38.5006],[-76.3024,38.5014],[-76.297,38.5028],[-76.2947,38.5015],[-76.2915,38.5035],[-76.2832,38.504]]],[[[-76.3378,38.502],[-76.3397,38.5021],[-76.3413,38.5057],[-76.3395,38.5125],[-76.3367,38.5097],[-76.338,38.5076],[-76.3378,38.502]]],[[[-76.3362,38.5129],[-76.3393,38.5138],[-76.3412,38.5163],[-76.3406,38.5173],[-76.3387,38.5171],[-76.3362,38.5129]]],[[[-76.3343,38.5177],[-76.3348,38.5196],[-76.3391,38.5216],[-76.3358,38.5252],[-76.3337,38.5237],[-76.3343,38.5177]]],[[[-76.2086,38.5638],[-76.2118,38.5621],[-76.2134,38.5629],[-76.2089,38.5648],[-76.2086,38.5638]]],[[[-76.3097,38.5655],[-76.3106,38.5655],[-76.3098,38.5664],[-76.3097,38.5655]]],[[[-76.3083,38.5665],[-76.3051,38.5645],[-76.3092,38.5642],[-76.3083,38.5665]]],[[[-75.9767,38.5846],[-75.9783,38.5841],[-75.9766,38.5849],[-75.9767,38.5846]]],[[[-75.9752,38.5859],[-75.978,38.5855],[-75.978,38.5858],[-75.9752,38.5859]]],[[[-75.769,38.6858],[-75.7627,38.6862],[-75.749,38.6711],[-75.7377,38.6653],[-75.7145,38.6458],[-75.7074,38.6354],[-75.7016,38.5615],[-75.7075,38.5611],[-75.7129,38.552],[-75.7261,38.5412],[-75.7341,38.5384],[-75.7457,38.5384],[-75.757,38.5292],[-75.7632,38.5293],[-75.7648,38.5327],[-75.7627,38.5353],[-75.7583,38.5352],[-75.7556,38.5375],[-75.7639,38.5467],[-75.774,38.5496],[-75.7724,38.5539],[-75.767,38.5555],[-75.7662,38.5578],[-75.7713,38.5634],[-75.7773,38.5649],[-75.7785,38.5672],[-75.7775,38.5697],[-75.7786,38.5724],[-75.7833,38.5752],[-75.7892,38.5745],[-75.7929,38.5762],[-75.7953,38.5792],[-75.7956,38.5861],[-75.8009,38.5904],[-75.8086,38.5928],[-75.8141,38.6011],[-75.8226,38.6031],[-75.8208,38.6076],[-75.8219,38.6146],[-75.8166,38.6244],[-75.8185,38.626],[-75.8171,38.6291],[-75.8183,38.6304],[-75.8157,38.6323],[-75.8146,38.6358],[-75.8104,38.6374],[-75.81,38.6436],[-75.8087,38.6435],[-75.8097,38.6456],[-75.8126,38.6462],[-75.8133,38.6477],[-75.808,38.6485],[-75.8071,38.6518],[-75.806,38.6508],[-75.8033,38.6513],[-75.8033,38.6543],[-75.8002,38.6559],[-75.7963,38.661],[-75.7927,38.6596],[-75.791,38.6604],[-75.7879,38.6594],[-75.7838,38.6602],[-75.7818,38.6614],[-75.7794,38.668],[-75.7738,38.6699],[-75.7741,38.671],[-75.7787,38.6699],[-75.7736,38.672],[-75.7724,38.6812],[-75.769,38.6858]]],[[[-75.8156,38.6983],[-75.8056,38.6983],[-75.8005,38.6969],[-75.7984,38.6763],[-75.7865,38.6773],[-75.7767,38.6766],[-75.775,38.6787],[-75.7737,38.673],[-75.7748,38.6717],[-75.7798,38.6706],[-75.7791,38.6694],[-75.7826,38.6614],[-75.7881,38.6599],[-75.7907,38.661],[-75.7971,38.6611],[-75.8008,38.6593],[-75.8029,38.6564],[-75.8059,38.6557],[-75.8047,38.6537],[-75.8086,38.6531],[-75.8102,38.6497],[-75.8142,38.6476],[-75.811,38.6443],[-75.8113,38.6397],[-75.8123,38.6376],[-75.8159,38.6361],[-75.8176,38.6344],[-75.8173,38.6328],[-75.8205,38.6308],[-75.82,38.6228],[-75.8213,38.6186],[-75.8244,38.6176],[-75.8248,38.6155],[-75.8248,38.6127],[-75.8234,38.6114],[-75.8235,38.6023],[-75.8161,38.5995],[-75.8097,38.5904],[-75.803,38.5894],[-75.7974,38.5859],[-75.7971,38.5785],[-75.7954,38.5764],[-75.7886,38.573],[-75.7841,38.5741],[-75.7813,38.5732],[-75.7793,38.5706],[-75.7799,38.5675],[-75.7787,38.5653],[-75.772,38.5621],[-75.7682,38.5579],[-75.7681,38.556],[-75.7721,38.5553],[-75.7751,38.5526],[-75.7749,38.5491],[-75.7653,38.5461],[-75.7625,38.5417],[-75.7574,38.537],[-75.7641,38.5359],[-75.7663,38.5314],[-75.7631,38.5273],[-75.7562,38.5242],[-75.7558,38.519],[-75.7579,38.5138],[-75.7639,38.5082],[-75.7826,38.5034],[-75.7874,38.5009],[-75.796,38.4933],[-75.8172,38.4907],[-75.8191,38.4884],[-75.8164,38.4895],[-75.8264,38.4801],[-75.8256,38.4748],[-75.8184,38.468],[-75.8181,38.4653],[-75.8207,38.4632],[-75.8318,38.4612],[-75.8371,38.4558],[-75.8389,38.4481],[-75.8379,38.4441],[-75.8341,38.4409],[-75.8235,38.4371],[-75.8243,38.4302],[-75.828,38.4251],[-75.8389,38.4255],[-75.8479,38.4224],[-75.8529,38.4057],[-75.8528,38.3981],[-75.8429,38.3874],[-75.8555,38.3888],[-75.8563,38.3903],[-75.8545,38.3911],[-75.8567,38.391],[-75.8575,38.3884],[-75.8642,38.3842],[-75.8659,38.3812],[-75.8705,38.3779],[-75.8695,38.3717],[-75.8637,38.3625],[-75.8643,38.3589],[-75.8766,38.3543],[-75.8794,38.3541],[-75.8806,38.3565],[-75.8824,38.3528],[-75.8976,38.3479],[-75.9011,38.3479],[-75.9129,38.342],[-75.9141,38.339],[-75.9132,38.3292],[-75.9143,38.3273],[-75.9204,38.3249],[-75.9237,38.3215],[-75.9273,38.3209],[-75.9293,38.315],[-75.9315,38.3123],[-75.9354,38.3109],[-75.9384,38.3072],[-75.941,38.3067],[-75.9409,38.3052],[-75.937,38.3033],[-75.9407,38.2946],[-75.9358,38.2873],[-75.939,38.2834],[-75.9377,38.2754],[-75.9386,38.2723],[-75.9446,38.2693],[-75.9446,38.2672],[-75.9481,38.2672],[-75.9503,38.2691],[-75.954,38.2679],[-75.9539,38.27],[-75.952,38.27],[-75.9512,38.2715],[-75.9514,38.2748],[-75.9541,38.2758],[-75.9527,38.2798],[-75.9535,38.2813],[-75.9514,38.2823],[-75.9538,38.2854],[-75.9542,38.2923],[-75.9532,38.2935],[-75.9541,38.2937],[-75.9553,38.2838],[-75.9527,38.2825],[-75.9545,38.2812],[-75.9539,38.279],[-75.9565,38.2802],[-75.9577,38.2783],[-75.9543,38.2774],[-75.9552,38.2755],[-75.9523,38.2746],[-75.9534,38.2729],[-75.9521,38.2712],[-75.9541,38.2717],[-75.955,38.2678],[-75.9515,38.2669],[-75.9549,38.264],[-75.9507,38.2561],[-75.9547,38.2533],[-75.9488,38.2488],[-75.9435,38.2489],[-75.9406,38.2464],[-75.9452,38.2427],[-75.9473,38.238],[-75.9722,38.2333],[-75.9654,38.2391],[-75.9631,38.245],[-75.9616,38.2438],[-75.9601,38.239],[-75.9585,38.2385],[-75.9543,38.2435],[-75.9551,38.2472],[-75.957,38.2477],[-75.9585,38.2445],[-75.9601,38.2446],[-75.9625,38.2481],[-75.963,38.2518],[-75.9843,38.2651],[-75.9858,38.2765],[-75.9904,38.2829],[-76.0044,38.2962],[-76.0074,38.3043],[-76.0163,38.3072],[-76.0186,38.3092],[-76.0086,38.3123],[-75.9813,38.3151],[-75.9713,38.319],[-75.9642,38.3243],[-75.9614,38.3369],[-75.9622,38.343],[-75.9592,38.3441],[-75.9572,38.3464],[-75.9526,38.3448],[-75.9478,38.3485],[-75.9522,38.3461],[-75.9631,38.3487],[-75.9672,38.3476],[-75.9672,38.3537],[-75.9706,38.3573],[-75.9739,38.3658],[-75.9786,38.3676],[-75.9936,38.3697],[-75.9997,38.3743],[-76.0061,38.3741],[-76.0092,38.3751],[-76.01,38.377],[-76.0073,38.3801],[-76.0005,38.3788],[-75.9965,38.3826],[-75.9964,38.3891],[-76.0008,38.3903],[-76.0,38.3938],[-76.0022,38.3966],[-76.0001,38.4012],[-76.0023,38.4063],[-75.9997,38.4077],[-76.0031,38.4065],[-76.0008,38.4012],[-76.0026,38.3988],[-76.0027,38.3961],[-76.0007,38.3935],[-76.0014,38.3901],[-75.9975,38.3892],[-75.9974,38.3856],[-75.9997,38.3803],[-76.002,38.3795],[-76.0082,38.3807],[-76.0132,38.3751],[-76.0116,38.3723],[-76.0049,38.3681],[-76.0102,38.3636],[-76.0129,38.3546],[-76.0155,38.3538],[-76.0209,38.3564],[-76.0185,38.3606],[-76.0208,38.363],[-76.0252,38.3621],[-76.0289,38.3596],[-76.0343,38.359],[-76.0353,38.3575],[-76.0348,38.3536],[-76.0382,38.353],[-76.0428,38.3607],[-76.0442,38.3612],[-76.0484,38.3591],[-76.0545,38.3626],[-76.055,38.3651],[-76.051,38.3674],[-76.0496,38.3671],[-76.0474,38.3633],[-76.042,38.3636],[-76.0377,38.3674],[-76.037,38.3706],[-76.0386,38.3717],[-76.0424,38.3715],[-76.0459,38.3755],[-76.0521,38.3731],[-76.0574,38.3748],[-76.058,38.3759],[-76.0558,38.3791],[-76.0507,38.3799],[-76.048,38.3841],[-76.0537,38.3899],[-76.0585,38.3914],[-76.0614,38.3905],[-76.0639,38.3884],[-76.0622,38.3848],[-76.0658,38.3826],[-76.0684,38.3825],[-76.0707,38.3843],[-76.0754,38.3861],[-76.0731,38.3901],[-76.0691,38.3895],[-76.0679,38.3906],[-76.0674,38.3924],[-76.0686,38.3948],[-76.0704,38.3963],[-76.0764,38.3946],[-76.0797,38.3976],[-76.0847,38.3994],[-76.0839,38.4036],[-76.0785,38.4086],[-76.076,38.4081],[-76.0742,38.4056],[-76.0722,38.4057],[-76.0677,38.4076],[-76.0654,38.4098],[-76.0682,38.4144],[-76.0762,38.4166],[-76.0788,38.4158],[-76.0765,38.4197],[-76.0754,38.4175],[-76.0717,38.4158],[-76.0682,38.4172],[-76.065,38.4156],[-76.0647,38.4169],[-76.067,38.4167],[-76.0683,38.4181],[-76.0657,38.4193],[-76.0634,38.4186],[-76.0639,38.4208],[-76.068,38.4232],[-76.0661,38.4245],[-76.0678,38.4266],[-76.0702,38.4258],[-76.0731,38.4265],[-76.0734,38.428],[-76.0768,38.428],[-76.0832,38.4325],[-76.0851,38.4319],[-76.087,38.4289],[-76.0867,38.432],[-76.0842,38.4334],[-76.086,38.4336],[-76.0869,38.4367],[-76.0827,38.439],[-76.0847,38.4387],[-76.087,38.4422],[-76.0893,38.4426],[-76.0852,38.4436],[-76.0808,38.4481],[-76.0806,38.4498],[-76.0817,38.4504],[-76.081,38.4513],[-76.0857,38.452],[-76.082,38.4545],[-76.0838,38.4587],[-76.0878,38.4589],[-76.0822,38.4629],[-76.0834,38.466],[-76.0872,38.4664],[-76.0874,38.4684],[-76.0856,38.47],[-76.082,38.4699],[-76.0785,38.4717],[-76.0752,38.4705],[-76.0767,38.4723],[-76.0802,38.4728],[-76.0788,38.4749],[-76.0809,38.4748],[-76.084,38.4778],[-76.0878,38.4763],[-76.0896,38.477],[-76.0858,38.4785],[-76.0851,38.4802],[-76.0873,38.4827],[-76.0863,38.4843],[-76.0904,38.4856],[-76.0892,38.4882],[-76.0898,38.4899],[-76.0967,38.4921],[-76.1,38.4913],[-76.098,38.4901],[-76.097,38.4877],[-76.0946,38.4905],[-76.0908,38.4879],[-76.0926,38.4864],[-76.0921,38.4842],[-76.0885,38.483],[-76.0875,38.4801],[-76.0905,38.4791],[-76.0914,38.477],[-76.0835,38.474],[-76.0827,38.4712],[-76.0873,38.4716],[-76.0885,38.468],[-76.0906,38.4671],[-76.0839,38.4625],[-76.0897,38.4609],[-76.0898,38.4594],[-76.0891,38.4574],[-76.0852,38.4571],[-76.0834,38.4547],[-76.0874,38.4541],[-76.087,38.451],[-76.0818,38.4484],[-76.0871,38.4475],[-76.0883,38.4463],[-76.0843,38.4454],[-76.0899,38.4457],[-76.0916,38.4435],[-76.0959,38.4442],[-76.0971,38.4467],[-76.0983,38.4444],[-76.0965,38.4433],[-76.0982,38.4422],[-76.0921,38.4423],[-76.0861,38.4386],[-76.0918,38.438],[-76.0924,38.4366],[-76.0951,38.4362],[-76.0957,38.4372],[-76.0963,38.4358],[-76.0974,38.4368],[-76.0999,38.4347],[-76.1012,38.4362],[-76.1026,38.4354],[-76.1002,38.4336],[-76.108,38.4335],[-76.1072,38.4365],[-76.1054,38.4375],[-76.1076,38.4382],[-76.1069,38.4393],[-76.1088,38.4395],[-76.1103,38.4374],[-76.1122,38.4383],[-76.1114,38.4354],[-76.1129,38.4343],[-76.1133,38.4361],[-76.1153,38.4374],[-76.1181,38.4365],[-76.1255,38.4394],[-76.1292,38.437],[-76.1272,38.4423],[-76.1252,38.4432],[-76.1269,38.4429],[-76.1325,38.4392],[-76.1324,38.4406],[-76.1345,38.4421],[-76.1343,38.4386],[-76.1394,38.4372],[-76.1368,38.4371],[-76.1337,38.4346],[-76.1381,38.4345],[-76.138,38.4331],[-76.1428,38.4381],[-76.1496,38.4413],[-76.1544,38.4406],[-76.1543,38.438],[-76.157,38.4384],[-76.1583,38.4392],[-76.1569,38.4405],[-76.1574,38.4427],[-76.1502,38.4527],[-76.1503,38.4571],[-76.151,38.4534],[-76.1536,38.4513],[-76.1538,38.4491],[-76.1568,38.445],[-76.1622,38.443],[-76.1672,38.445],[-76.1679,38.4402],[-76.1699,38.4426],[-76.1731,38.4434],[-76.1767,38.4409],[-76.1778,38.4413],[-76.1776,38.4462],[-76.1748,38.4478],[-76.1796,38.4462],[-76.1873,38.4464],[-76.1915,38.45],[-76.1919,38.4477],[-76.195,38.4464],[-76.1945,38.4444],[-76.1973,38.4459],[-76.2029,38.446],[-76.2066,38.4492],[-76.2061,38.4473],[-76.2073,38.4468],[-76.213,38.4492],[-76.2145,38.4517],[-76.2156,38.4518],[-76.2167,38.45],[-76.2152,38.451],[-76.2144,38.4492],[-76.2078,38.4457],[-76.1974,38.4444],[-76.1957,38.4409],[-76.1939,38.4429],[-76.1939,38.4465],[-76.1911,38.4465],[-76.1871,38.4434],[-76.1847,38.4453],[-76.1829,38.4452],[-76.1807,38.4436],[-76.1807,38.4416],[-76.1759,38.438],[-76.1741,38.4411],[-76.1724,38.4406],[-76.1724,38.4383],[-76.1683,38.4377],[-76.1688,38.4391],[-76.1666,38.4391],[-76.1659,38.4412],[-76.1645,38.4415],[-76.1624,38.4404],[-76.1606,38.4414],[-76.1623,38.4384],[-76.1567,38.4366],[-76.1529,38.438],[-76.1515,38.4356],[-76.1487,38.4381],[-76.1469,38.4377],[-76.1463,38.4352],[-76.1448,38.4348],[-76.1476,38.4336],[-76.1456,38.4329],[-76.1497,38.4281],[-76.1431,38.427],[-76.1378,38.4293],[-76.1366,38.4286],[-76.1376,38.4281],[-76.1345,38.4278],[-76.1389,38.4268],[-76.1387,38.4256],[-76.137,38.4255],[-76.1386,38.4237],[-76.1368,38.4237],[-76.1346,38.4215],[-76.1278,38.4202],[-76.1256,38.4208],[-76.1238,38.4238],[-76.1202,38.4217],[-76.1237,38.4204],[-76.1238,38.4188],[-76.1273,38.4189],[-76.1303,38.4161],[-76.1307,38.4134],[-76.1325,38.4141],[-76.1321,38.4128],[-76.1342,38.4123],[-76.137,38.4075],[-76.1439,38.4099],[-76.1468,38.4086],[-76.1505,38.4099],[-76.1516,38.4119],[-76.1572,38.4119],[-76.16,38.4139],[-76.1625,38.4127],[-76.1642,38.4143],[-76.1658,38.4136],[-76.164,38.4149],[-76.1617,38.4143],[-76.1635,38.4164],[-76.1659,38.4162],[-76.1683,38.414],[-76.1698,38.4149],[-76.1689,38.4116],[-76.1706,38.4108],[-76.1723,38.4112],[-76.1732,38.4097],[-76.1762,38.4108],[-76.1736,38.409],[-76.1737,38.4075],[-76.1726,38.4091],[-76.1673,38.4115],[-76.1677,38.413],[-76.1664,38.413],[-76.1668,38.4109],[-76.1649,38.4118],[-76.1677,38.4095],[-76.1652,38.4081],[-76.1634,38.4094],[-76.1649,38.4098],[-76.1645,38.4109],[-76.1595,38.4131],[-76.1596,38.412],[-76.1557,38.41],[-76.1524,38.4101],[-76.148,38.4076],[-76.1449,38.4089],[-76.1377,38.4058],[-76.1356,38.408],[-76.1326,38.409],[-76.1332,38.4111],[-76.1297,38.4115],[-76.1272,38.4147],[-76.1214,38.4165],[-76.1205,38.4185],[-76.1213,38.4197],[-76.1187,38.4183],[-76.1176,38.4202],[-76.1143,38.4208],[-76.1153,38.4195],[-76.1144,38.4176],[-76.1164,38.4176],[-76.116,38.4155],[-76.1204,38.4137],[-76.1182,38.4126],[-76.1166,38.4135],[-76.117,38.4125],[-76.1148,38.4117],[-76.1156,38.4104],[-76.1127,38.4108],[-76.1126,38.4086],[-76.1086,38.4066],[-76.1074,38.4073],[-76.1075,38.4045],[-76.1028,38.4034],[-76.1055,38.4025],[-76.1037,38.4005],[-76.1044,38.402],[-76.099,38.4033],[-76.0949,38.4007],[-76.0947,38.4016],[-76.0929,38.4014],[-76.0943,38.4034],[-76.0992,38.4062],[-76.0994,38.4044],[-76.1006,38.4059],[-76.0993,38.4071],[-76.1003,38.4104],[-76.1,38.4125],[-76.0937,38.4121],[-76.0947,38.415],[-76.0926,38.4159],[-76.094,38.4175],[-76.0933,38.4181],[-76.0899,38.4155],[-76.0794,38.413],[-76.0765,38.416],[-76.0686,38.4139],[-76.0661,38.4098],[-76.0713,38.4064],[-76.0742,38.4063],[-76.0764,38.4092],[-76.0795,38.4088],[-76.085,38.4032],[-76.0852,38.3992],[-76.0768,38.394],[-76.07,38.3955],[-76.068,38.3915],[-76.0692,38.39],[-76.0737,38.3903],[-76.076,38.3857],[-76.0688,38.382],[-76.0658,38.3818],[-76.062,38.384],[-76.0613,38.3855],[-76.0633,38.3882],[-76.0597,38.3908],[-76.054,38.3893],[-76.0494,38.3846],[-76.0504,38.3812],[-76.0557,38.38],[-76.0589,38.3755],[-76.0529,38.3725],[-76.0459,38.3746],[-76.0429,38.3711],[-76.0377,38.3707],[-76.0404,38.3658],[-76.0429,38.3644],[-76.0468,38.3638],[-76.0491,38.3675],[-76.0516,38.368],[-76.0544,38.367],[-76.0561,38.3644],[-76.0556,38.3623],[-76.0489,38.3586],[-76.0436,38.3605],[-76.0395,38.3544],[-76.0398,38.3532],[-76.0432,38.3516],[-76.0437,38.3505],[-76.0392,38.3525],[-76.0343,38.353],[-76.0336,38.3582],[-76.0283,38.3588],[-76.0216,38.3624],[-76.0207,38.3613],[-76.022,38.3561],[-76.0183,38.3535],[-76.0138,38.3525],[-76.0105,38.3549],[-76.0049,38.355],[-76.0119,38.3519],[-76.0167,38.3324],[-76.0244,38.3303],[-76.0339,38.3232],[-76.042,38.3219],[-76.0461,38.3162],[-76.0486,38.3155],[-76.0464,38.3139],[-76.0482,38.3128],[-76.0495,38.3091],[-76.055,38.3086],[-76.0557,38.3073],[-76.0627,38.3053],[-76.0624,38.3041],[-76.0502,38.3041],[-76.0448,38.3014],[-76.0402,38.2976],[-76.0393,38.2946],[-76.0354,38.29],[-76.0305,38.288],[-76.0294,38.2833],[-76.0265,38.2814],[-76.0319,38.2767],[-76.0322,38.2752],[-76.0357,38.2752],[-76.0389,38.2721],[-76.0429,38.2748],[-76.0445,38.2736],[-76.0487,38.2755],[-76.051,38.2745],[-76.0463,38.2732],[-76.0465,38.2717],[-76.0428,38.272],[-76.0416,38.2682],[-76.0376,38.2673],[-76.0373,38.2685],[-76.0356,38.2678],[-76.0329,38.2689],[-76.0346,38.27],[-76.0338,38.2713],[-76.0325,38.2708],[-76.0321,38.2688],[-76.0381,38.2581],[-76.0402,38.2501],[-76.045,38.2489],[-76.0474,38.2512],[-76.0504,38.2501],[-76.0532,38.2515],[-76.0543,38.2528],[-76.0536,38.2547],[-76.0551,38.2553],[-76.0555,38.2518],[-76.0584,38.2497],[-76.0606,38.2508],[-76.0614,38.2501],[-76.0593,38.2487],[-76.0552,38.2491],[-76.0495,38.2447],[-76.0477,38.2446],[-76.0495,38.2431],[-76.048,38.242],[-76.046,38.2416],[-76.0458,38.2432],[-76.0443,38.2437],[-76.0413,38.2363],[-76.0354,38.2312],[-76.0363,38.2251],[-76.033,38.2216],[-76.0322,38.2165],[-76.041,38.2218],[-76.0416,38.2252],[-76.0471,38.2267],[-76.0498,38.2236],[-76.0542,38.228],[-76.0559,38.2259],[-76.058,38.2271],[-76.072,38.2417],[-76.0715,38.246],[-76.074,38.2488],[-76.075,38.2525],[-76.074,38.2547],[-76.0771,38.2557],[-76.0806,38.2549],[-76.0805,38.2528],[-76.082,38.2523],[-76.088,38.2546],[-76.0901,38.2526],[-76.0948,38.2522],[-76.0962,38.2537],[-76.1007,38.2543],[-76.1071,38.2615],[-76.1073,38.2628],[-76.1038,38.2614],[-76.1004,38.2575],[-76.0963,38.2568],[-76.0927,38.2589],[-76.0944,38.2624],[-76.0937,38.263],[-76.0906,38.2632],[-76.0887,38.2612],[-76.0851,38.2625],[-76.0815,38.2663],[-76.0788,38.2662],[-76.0787,38.2675],[-76.0728,38.2679],[-76.0768,38.2689],[-76.0779,38.2706],[-76.0796,38.2704],[-76.0823,38.2734],[-76.0851,38.2719],[-76.0884,38.2724],[-76.0859,38.274],[-76.0859,38.2771],[-76.0843,38.2784],[-76.0797,38.2787],[-76.0818,38.2798],[-76.0818,38.2809],[-76.0861,38.2811],[-76.085,38.2797],[-76.0893,38.2791],[-76.0908,38.2811],[-76.0953,38.2782],[-76.0957,38.2795],[-76.0987,38.2803],[-76.1025,38.2771],[-76.1014,38.2784],[-76.1017,38.2801],[-76.0993,38.2809],[-76.0996,38.2832],[-76.097,38.2842],[-76.0993,38.2903],[-76.0967,38.2929],[-76.098,38.2928],[-76.0986,38.2914],[-76.1026,38.2922],[-76.1053,38.2902],[-76.1052,38.2887],[-76.1093,38.2883],[-76.1108,38.2866],[-76.1117,38.2889],[-76.1164,38.291],[-76.1152,38.2926],[-76.1052,38.2959],[-76.1069,38.2999],[-76.1053,38.3016],[-76.1055,38.3032],[-76.1092,38.3025],[-76.1103,38.3006],[-76.1097,38.2982],[-76.1121,38.2976],[-76.1141,38.2995],[-76.1149,38.3029],[-76.1139,38.3052],[-76.1149,38.3056],[-76.1189,38.3047],[-76.1183,38.2985],[-76.1209,38.3004],[-76.1224,38.2981],[-76.1269,38.3029],[-76.1307,38.3017],[-76.129,38.2968],[-76.1306,38.2943],[-76.1292,38.2921],[-76.132,38.291],[-76.131,38.2884],[-76.132,38.2879],[-76.1271,38.2847],[-76.1243,38.2798],[-76.1317,38.2833],[-76.1385,38.2814],[-76.1429,38.2828],[-76.1426,38.2813],[-76.1394,38.2798],[-76.1424,38.2764],[-76.146,38.2784],[-76.1477,38.2774],[-76.1469,38.2745],[-76.1484,38.2716],[-76.1495,38.2718],[-76.1487,38.2789],[-76.1502,38.2843],[-76.1403,38.2924],[-76.14,38.2942],[-76.1419,38.2952],[-76.14,38.3],[-76.1361,38.2988],[-76.1328,38.3012],[-76.1345,38.3055],[-76.132,38.3065],[-76.1314,38.3081],[-76.133,38.3096],[-76.138,38.3093],[-76.1379,38.3113],[-76.1417,38.312],[-76.1436,38.3138],[-76.1446,38.31],[-76.1464,38.3097],[-76.1489,38.3117],[-76.1541,38.3122],[-76.1601,38.3154],[-76.1652,38.3149],[-76.1694,38.3203],[-76.1731,38.3221],[-76.1733,38.3249],[-76.1713,38.3261],[-76.1713,38.3249],[-76.1679,38.3219],[-76.1642,38.3224],[-76.1618,38.3201],[-76.1589,38.3222],[-76.1563,38.3202],[-76.153,38.3205],[-76.1548,38.3235],[-76.1597,38.3258],[-76.1596,38.3273],[-76.1618,38.3291],[-76.1613,38.3324],[-76.1564,38.3323],[-76.1634,38.3333],[-76.1624,38.3383],[-76.1598,38.338],[-76.1615,38.3397],[-76.1604,38.3416],[-76.1579,38.3415],[-76.1599,38.3425],[-76.1604,38.3458],[-76.1591,38.3467],[-76.1609,38.3476],[-76.1599,38.3509],[-76.1617,38.3476],[-76.1611,38.3439],[-76.1633,38.3416],[-76.1664,38.3419],[-76.1649,38.3401],[-76.1674,38.3378],[-76.1662,38.3365],[-76.1681,38.3343],[-76.1679,38.3318],[-76.1726,38.3367],[-76.1711,38.3406],[-76.1728,38.3462],[-76.1778,38.3524],[-76.1817,38.3551],[-76.1831,38.3595],[-76.1884,38.3615],[-76.1891,38.3634],[-76.1865,38.3656],[-76.1902,38.3641],[-76.1891,38.3603],[-76.1963,38.3629],[-76.1971,38.3639],[-76.1956,38.3659],[-76.1993,38.3669],[-76.1999,38.3691],[-76.207,38.3728],[-76.2019,38.3751],[-76.2061,38.3765],[-76.2082,38.3786],[-76.2053,38.3804],[-76.2059,38.381],[-76.211,38.3808],[-76.2115,38.3787],[-76.2085,38.3756],[-76.2091,38.3732],[-76.2072,38.3682],[-76.2084,38.3666],[-76.2178,38.3645],[-76.2192,38.3699],[-76.2186,38.3719],[-76.215,38.3744],[-76.2155,38.3764],[-76.2137,38.3786],[-76.2151,38.3833],[-76.2141,38.3873],[-76.2239,38.3952],[-76.2301,38.3945],[-76.2328,38.391],[-76.2311,38.3854],[-76.2289,38.3844],[-76.2271,38.3815],[-76.2313,38.3799],[-76.2331,38.3771],[-76.2323,38.3707],[-76.231,38.3699],[-76.2316,38.3671],[-76.2339,38.3665],[-76.24,38.3727],[-76.2374,38.3676],[-76.235,38.3671],[-76.2357,38.3661],[-76.231,38.3606],[-76.2309,38.359],[-76.2328,38.359],[-76.2288,38.3564],[-76.2297,38.3551],[-76.2288,38.352],[-76.2274,38.3513],[-76.2281,38.3499],[-76.2311,38.3523],[-76.2318,38.3504],[-76.2306,38.3497],[-76.2318,38.3487],[-76.2372,38.3483],[-76.2353,38.3472],[-76.2376,38.347],[-76.2386,38.3502],[-76.241,38.3522],[-76.2436,38.3572],[-76.2506,38.3622],[-76.2493,38.3632],[-76.2507,38.3648],[-76.2504,38.367],[-76.247,38.3677],[-76.2525,38.3688],[-76.254,38.3705],[-76.2549,38.3696],[-76.2523,38.3676],[-76.2537,38.366],[-76.2583,38.3664],[-76.2575,38.3678],[-76.2589,38.3694],[-76.2572,38.3695],[-76.2606,38.3706],[-76.2667,38.3751],[-76.2688,38.3774],[-76.2683,38.3789],[-76.2717,38.382],[-76.2712,38.3827],[-76.2697,38.3814],[-76.2683,38.3837],[-76.2638,38.3808],[-76.2657,38.3829],[-76.2634,38.3841],[-76.2648,38.3857],[-76.2648,38.3842],[-76.2664,38.3835],[-76.2702,38.385],[-76.2702,38.3834],[-76.2726,38.3829],[-76.2712,38.3798],[-76.269,38.3788],[-76.2693,38.3759],[-76.2659,38.3733],[-76.2732,38.3769],[-76.2718,38.3721],[-76.2756,38.3737],[-76.2719,38.3692],[-76.2736,38.3697],[-76.2742,38.3662],[-76.273,38.3661],[-76.2749,38.3653],[-76.2757,38.3682],[-76.275,38.3706],[-76.2769,38.3728],[-76.2766,38.3755],[-76.2741,38.3755],[-76.2741,38.3779],[-76.2755,38.3805],[-76.2792,38.3829],[-76.2789,38.387],[-76.2825,38.389],[-76.2832,38.392],[-76.2805,38.3995],[-76.2815,38.4076],[-76.2839,38.4164],[-76.289,38.4211],[-76.2855,38.4195],[-76.2753,38.42],[-76.2757,38.4189],[-76.2739,38.4186],[-76.274,38.4169],[-76.2731,38.4176],[-76.2715,38.415],[-76.272,38.4137],[-76.27,38.4121],[-76.2721,38.4174],[-76.2681,38.4173],[-76.268,38.416],[-76.2645,38.4162],[-76.2594,38.4143],[-76.2569,38.4148],[-76.2583,38.4161],[-76.2555,38.4156],[-76.252,38.4191],[-76.25,38.4134],[-76.2485,38.4141],[-76.2453,38.4127],[-76.2497,38.415],[-76.2497,38.4178],[-76.2509,38.4182],[-76.2492,38.4209],[-76.2463,38.4204],[-76.2476,38.4224],[-76.2449,38.4256],[-76.2438,38.4295],[-76.245,38.4308],[-76.2408,38.4288],[-76.2381,38.4289],[-76.2373,38.4265],[-76.2352,38.4262],[-76.2349,38.4246],[-76.2326,38.4262],[-76.2308,38.4251],[-76.2308,38.4236],[-76.2295,38.4254],[-76.2234,38.4252],[-76.2233,38.4232],[-76.2214,38.4232],[-76.2175,38.4195],[-76.2146,38.4203],[-76.2143,38.4221],[-76.2208,38.4272],[-76.2239,38.4272],[-76.2239,38.4282],[-76.2271,38.4269],[-76.2308,38.4274],[-76.2312,38.4286],[-76.2347,38.4278],[-76.2359,38.4296],[-76.2377,38.4293],[-76.2362,38.4311],[-76.2387,38.4307],[-76.2458,38.4347],[-76.2465,38.4367],[-76.245,38.4383],[-76.2478,38.4383],[-76.2466,38.4406],[-76.245,38.4396],[-76.2437,38.4407],[-76.2438,38.4389],[-76.2421,38.4397],[-76.2421,38.441],[-76.2367,38.4409],[-76.2422,38.443],[-76.2441,38.4425],[-76.2442,38.4441],[-76.242,38.4444],[-76.2425,38.4451],[-76.2411,38.4458],[-76.2475,38.4458],[-76.2463,38.4463],[-76.248,38.4464],[-76.248,38.4488],[-76.2501,38.4486],[-76.2505,38.4499],[-76.2537,38.4525],[-76.2554,38.4509],[-76.2561,38.4528],[-76.258,38.452],[-76.2575,38.4535],[-76.259,38.4535],[-76.2584,38.4499],[-76.2601,38.4521],[-76.2622,38.4498],[-76.2618,38.4516],[-76.2632,38.4528],[-76.261,38.4525],[-76.2601,38.4549],[-76.2663,38.4627],[-76.2633,38.456],[-76.2684,38.4577],[-76.2638,38.4556],[-76.2617,38.4531],[-76.2633,38.4533],[-76.2643,38.4519],[-76.2644,38.4535],[-76.2656,38.4533],[-76.2649,38.4515],[-76.2657,38.4508],[-76.2731,38.4526],[-76.2753,38.4552],[-76.275,38.4567],[-76.2798,38.457],[-76.28,38.4596],[-76.2819,38.4592],[-76.2819,38.4614],[-76.2791,38.4628],[-76.2777,38.4655],[-76.2809,38.4628],[-76.2844,38.4653],[-76.2837,38.462],[-76.287,38.4629],[-76.2893,38.4696],[-76.2886,38.4725],[-76.2861,38.4757],[-76.2843,38.4825],[-76.2787,38.4879],[-76.2772,38.4917],[-76.2749,38.4924],[-76.2741,38.4949],[-76.2677,38.4984],[-76.2647,38.4973],[-76.2635,38.4933],[-76.2618,38.4928],[-76.2617,38.4893],[-76.2603,38.4922],[-76.255,38.4921],[-76.2576,38.4932],[-76.2581,38.4953],[-76.2599,38.4955],[-76.2588,38.4977],[-76.2598,38.5018],[-76.2618,38.5015],[-76.264,38.5032],[-76.2633,38.5056],[-76.2604,38.5062],[-76.2537,38.5189],[-76.2474,38.5238],[-76.2437,38.524],[-76.2415,38.5211],[-76.243,38.5221],[-76.2463,38.5206],[-76.2418,38.5195],[-76.2442,38.5175],[-76.242,38.5157],[-76.2426,38.513],[-76.2413,38.5121],[-76.2424,38.5109],[-76.2393,38.5103],[-76.2374,38.5055],[-76.2389,38.5124],[-76.2379,38.5135],[-76.2389,38.515],[-76.2377,38.5167],[-76.2381,38.5213],[-76.2335,38.5264],[-76.2317,38.5253],[-76.2291,38.5263],[-76.2265,38.5249],[-76.2269,38.5206],[-76.229,38.5198],[-76.229,38.5184],[-76.2258,38.5182],[-76.2233,38.5157],[-76.2246,38.5143],[-76.2229,38.5086],[-76.22,38.5131],[-76.2145,38.5139],[-76.2116,38.5126],[-76.2129,38.5196],[-76.2155,38.5198],[-76.2138,38.5267],[-76.2183,38.5289],[-76.219,38.531],[-76.2209,38.5322],[-76.2216,38.536],[-76.223,38.5368],[-76.2233,38.5399],[-76.2179,38.5394],[-76.2163,38.5336],[-76.2131,38.5302],[-76.2103,38.5291],[-76.2046,38.5307],[-76.2062,38.529],[-76.2062,38.5266],[-76.2081,38.5255],[-76.2073,38.5243],[-76.2036,38.5257],[-76.203,38.5233],[-76.1998,38.5255],[-76.199,38.523],[-76.1949,38.5251],[-76.1958,38.5237],[-76.1949,38.5225],[-76.1963,38.5212],[-76.1949,38.5203],[-76.1965,38.5163],[-76.1934,38.5206],[-76.1911,38.5196],[-76.1928,38.5235],[-76.1914,38.5253],[-76.1808,38.5272],[-76.1805,38.5246],[-76.1825,38.5222],[-76.181,38.522],[-76.1809,38.5207],[-76.1789,38.5217],[-76.178,38.5209],[-76.1777,38.5193],[-76.1792,38.5194],[-76.178,38.5185],[-76.1801,38.5181],[-76.1801,38.5161],[-76.1784,38.5167],[-76.1803,38.5129],[-76.178,38.5112],[-76.1838,38.5062],[-76.1782,38.5085],[-76.1744,38.5065],[-76.1759,38.5047],[-76.1705,38.5054],[-76.169,38.5032],[-76.165,38.5043],[-76.1594,38.5006],[-76.157,38.5004],[-76.157,38.5015],[-76.1595,38.5023],[-76.1631,38.5061],[-76.1722,38.5073],[-76.1755,38.5101],[-76.1761,38.5139],[-76.1728,38.5147],[-76.1764,38.5162],[-76.1752,38.5185],[-76.171,38.5189],[-76.1712,38.5205],[-76.1673,38.5222],[-76.1684,38.5231],[-76.1745,38.5224],[-76.1772,38.5244],[-76.1747,38.5299],[-76.1676,38.5306],[-76.1653,38.5294],[-76.1628,38.5317],[-76.1598,38.5324],[-76.1585,38.5312],[-76.1588,38.5255],[-76.1563,38.5219],[-76.1556,38.5233],[-76.1579,38.5296],[-76.1492,38.5292],[-76.1467,38.5326],[-76.1461,38.5257],[-76.1418,38.5181],[-76.1444,38.5258],[-76.1408,38.5292],[-76.1391,38.5279],[-76.1361,38.5291],[-76.1347,38.5278],[-76.1312,38.528],[-76.1302,38.5252],[-76.128,38.527],[-76.1229,38.5281],[-76.129,38.5277],[-76.13,38.5294],[-76.1347,38.5292],[-76.1367,38.531],[-76.1379,38.5299],[-76.1409,38.5308],[-76.1434,38.5295],[-76.1451,38.5395],[-76.1412,38.541],[-76.1398,38.5399],[-76.1339,38.5407],[-76.1335,38.5425],[-76.1306,38.5435],[-76.1279,38.5475],[-76.1366,38.542],[-76.139,38.542],[-76.1391,38.5431],[-76.145,38.5412],[-76.1469,38.5416],[-76.1453,38.5439],[-76.1466,38.5465],[-76.1466,38.5433],[-76.1482,38.5425],[-76.1469,38.5388],[-76.1484,38.5383],[-76.1469,38.5361],[-76.1495,38.5335],[-76.1538,38.535],[-76.1538,38.5384],[-76.155,38.5343],[-76.1595,38.5349],[-76.1613,38.5379],[-76.1614,38.5345],[-76.1676,38.5336],[-76.1673,38.5386],[-76.1695,38.5366],[-76.1691,38.5346],[-76.1707,38.5321],[-76.1742,38.5327],[-76.175,38.5363],[-76.1766,38.5367],[-76.1766,38.5324],[-76.1783,38.5341],[-76.1823,38.5347],[-76.1785,38.5326],[-76.1776,38.5307],[-76.1786,38.5299],[-76.1861,38.5296],[-76.188,38.532],[-76.1898,38.5304],[-76.1959,38.5296],[-76.1988,38.53],[-76.1979,38.5388],[-76.2009,38.5353],[-76.2069,38.5364],[-76.2071,38.5394],[-76.2042,38.5408],[-76.2051,38.5428],[-76.2146,38.5473],[-76.2085,38.5514],[-76.2061,38.5497],[-76.206,38.5536],[-76.2034,38.5538],[-76.2033,38.5525],[-76.2006,38.5514],[-76.1999,38.5532],[-76.2009,38.5545],[-76.195,38.555],[-76.1947,38.5527],[-76.1933,38.552],[-76.194,38.5536],[-76.1835,38.5575],[-76.1838,38.5554],[-76.1817,38.5537],[-76.1826,38.5511],[-76.1805,38.5473],[-76.1807,38.5523],[-76.1784,38.555],[-76.1801,38.5548],[-76.1802,38.5567],[-76.1784,38.5597],[-76.177,38.5587],[-76.1742,38.5594],[-76.1721,38.5578],[-76.1717,38.5552],[-76.1698,38.5544],[-76.1698,38.5527],[-76.1686,38.5521],[-76.1687,38.5536],[-76.1664,38.5523],[-76.1671,38.5532],[-76.1659,38.5546],[-76.1681,38.5543],[-76.1708,38.5559],[-76.17,38.5593],[-76.175,38.5605],[-76.1732,38.5615],[-76.1749,38.5632],[-76.1783,38.5632],[-76.1768,38.5641],[-76.175,38.5686],[-76.1736,38.5691],[-76.175,38.5719],[-76.1716,38.5727],[-76.1712,38.5747],[-76.1698,38.5753],[-76.1682,38.5722],[-76.1685,38.5744],[-76.1665,38.5754],[-76.1633,38.5727],[-76.1609,38.5738],[-76.1565,38.574],[-76.1555,38.573],[-76.1523,38.5747],[-76.1487,38.5725],[-76.147,38.5726],[-76.151,38.5755],[-76.1538,38.5745],[-76.1621,38.575],[-76.1635,38.5773],[-76.1647,38.5763],[-76.168,38.5772],[-76.1707,38.58],[-76.1692,38.582],[-76.1711,38.5816],[-76.1719,38.5792],[-76.1747,38.5791],[-76.1732,38.5755],[-76.1775,38.5749],[-76.1768,38.5765],[-76.1822,38.5828],[-76.1826,38.5866],[-76.1809,38.5885],[-76.1845,38.5894],[-76.1829,38.5878],[-76.1845,38.5841],[-76.1835,38.5827],[-76.1847,38.5816],[-76.1829,38.5812],[-76.1827,38.578],[-76.1807,38.5768],[-76.1811,38.5758],[-76.1793,38.5756],[-76.1814,38.5735],[-76.1782,38.5733],[-76.182,38.5695],[-76.1806,38.5672],[-76.1836,38.5669],[-76.1841,38.5679],[-76.1851,38.567],[-76.1834,38.5651],[-76.1841,38.5616],[-76.1878,38.5632],[-76.1893,38.563],[-76.1895,38.5614],[-76.1932,38.5618],[-76.1943,38.5631],[-76.1927,38.5649],[-76.1956,38.5644],[-76.1949,38.5667],[-76.1973,38.564],[-76.1961,38.5614],[-76.2015,38.5622],[-76.2045,38.561],[-76.2052,38.5587],[-76.2084,38.5592],[-76.2128,38.5571],[-76.2046,38.5642],[-76.2056,38.5685],[-76.2047,38.5704],[-76.2024,38.5712],[-76.2034,38.5727],[-76.2004,38.5758],[-76.1998,38.5818],[-76.1971,38.5831],[-76.2008,38.5839],[-76.2026,38.5924],[-76.2038,38.5916],[-76.2018,38.5822],[-76.2037,38.5799],[-76.2027,38.5778],[-76.2056,38.5778],[-76.2045,38.5764],[-76.2063,38.5753],[-76.2051,38.5742],[-76.2084,38.574],[-76.2067,38.5729],[-76.2079,38.5692],[-76.2096,38.569],[-76.2107,38.5669],[-76.2126,38.567],[-76.2124,38.5685],[-76.2142,38.5689],[-76.2147,38.5657],[-76.2191,38.5669],[-76.2189,38.573],[-76.2231,38.5716],[-76.2238,38.5727],[-76.2261,38.5719],[-76.2269,38.5729],[-76.2251,38.5742],[-76.227,38.5767],[-76.2268,38.5786],[-76.225,38.5803],[-76.2207,38.5809],[-76.218,38.5835],[-76.2185,38.585],[-76.2168,38.5876],[-76.2183,38.5874],[-76.2197,38.5893],[-76.2209,38.5893],[-76.2192,38.5863],[-76.221,38.5826],[-76.2256,38.5813],[-76.2272,38.5821],[-76.2282,38.5816],[-76.2271,38.5807],[-76.229,38.5791],[-76.2322,38.5794],[-76.2316,38.5779],[-76.2291,38.5776],[-76.2291,38.5757],[-76.2276,38.5748],[-76.2302,38.5742],[-76.2284,38.5725],[-76.2306,38.5722],[-76.2301,38.5699],[-76.2313,38.57],[-76.2311,38.5689],[-76.2232,38.5694],[-76.2216,38.5685],[-76.2219,38.5653],[-76.2179,38.5639],[-76.2252,38.5632],[-76.2237,38.558],[-76.226,38.5574],[-76.2221,38.556],[-76.2237,38.5534],[-76.2217,38.5512],[-76.2277,38.5513],[-76.2296,38.5496],[-76.2315,38.5501],[-76.2334,38.5466],[-76.236,38.5486],[-76.235,38.5402],[-76.238,38.5424],[-76.2355,38.5437],[-76.2359,38.5445],[-76.2424,38.5451],[-76.239,38.5504],[-76.2392,38.5558],[-76.2374,38.5558],[-76.2374,38.5574],[-76.2347,38.5592],[-76.2397,38.559],[-76.2368,38.5631],[-76.2424,38.5598],[-76.2421,38.5518],[-76.2446,38.5473],[-76.2453,38.5501],[-76.244,38.5533],[-76.2454,38.5567],[-76.2445,38.5597],[-76.2462,38.5611],[-76.246,38.5638],[-76.2441,38.5661],[-76.238,38.5676],[-76.2415,38.5693],[-76.242,38.5683],[-76.2448,38.5685],[-76.2437,38.5713],[-76.2445,38.5728],[-76.2427,38.5743],[-76.244,38.5762],[-76.2431,38.5834],[-76.2465,38.5852],[-76.2439,38.5884],[-76.2475,38.5879],[-76.2445,38.5904],[-76.24,38.5903],[-76.2374,38.5943],[-76.2393,38.5958],[-76.2393,38.5979],[-76.2379,38.5992],[-76.2327,38.5979],[-76.2383,38.6016],[-76.2404,38.5982],[-76.2427,38.5976],[-76.2406,38.5974],[-76.2395,38.5948],[-76.2416,38.5917],[-76.2455,38.5921],[-76.2478,38.5899],[-76.2501,38.5897],[-76.2542,38.5941],[-76.2538,38.5917],[-76.2454,38.5802],[-76.2475,38.5798],[-76.246,38.5782],[-76.247,38.5744],[-76.2493,38.5752],[-76.2497,38.5773],[-76.2526,38.5754],[-76.2492,38.5731],[-76.2514,38.5722],[-76.2514,38.5709],[-76.2493,38.5711],[-76.2492,38.5697],[-76.2473,38.5692],[-76.249,38.5676],[-76.2479,38.5644],[-76.2502,38.5636],[-76.2503,38.5658],[-76.2521,38.5664],[-76.2534,38.5662],[-76.2526,38.5635],[-76.256,38.5648],[-76.2573,38.563],[-76.2587,38.5651],[-76.2593,38.5641],[-76.2589,38.562],[-76.2564,38.5612],[-76.256,38.5596],[-76.2547,38.5606],[-76.2502,38.5589],[-76.249,38.556],[-76.2515,38.5539],[-76.2525,38.5547],[-76.2541,38.5544],[-76.2538,38.5535],[-76.2559,38.5538],[-76.2554,38.5526],[-76.2566,38.5517],[-76.2494,38.5519],[-76.2489,38.5501],[-76.2521,38.5483],[-76.2493,38.544],[-76.2523,38.5427],[-76.2507,38.5414],[-76.2493,38.5419],[-76.248,38.5395],[-76.244,38.5374],[-76.2563,38.5406],[-76.255,38.5423],[-76.256,38.5434],[-76.2549,38.5457],[-76.2556,38.547],[-76.2592,38.5478],[-76.2591,38.5463],[-76.2614,38.5478],[-76.2595,38.5509],[-76.2637,38.5537],[-76.2631,38.5594],[-76.2685,38.5623],[-76.2656,38.5642],[-76.2637,38.5697],[-76.2616,38.5703],[-76.2667,38.5723],[-76.2625,38.5744],[-76.2655,38.5754],[-76.2676,38.5742],[-76.2695,38.577],[-76.2715,38.5772],[-76.2714,38.5722],[-76.2685,38.5689],[-76.2702,38.5678],[-76.2699,38.5661],[-76.2744,38.5659],[-76.276,38.5642],[-76.2736,38.5629],[-76.2748,38.5607],[-76.2726,38.5607],[-76.2743,38.5569],[-76.2709,38.5569],[-76.2685,38.5548],[-76.2692,38.5535],[-76.2718,38.5538],[-76.271,38.5526],[-76.2724,38.5518],[-76.2691,38.552],[-76.2664,38.5499],[-76.2686,38.548],[-76.2723,38.5495],[-76.272,38.5481],[-76.2696,38.5461],[-76.2669,38.5462],[-76.2664,38.5444],[-76.2682,38.5415],[-76.2694,38.544],[-76.2713,38.5419],[-76.2761,38.5432],[-76.2763,38.5418],[-76.2721,38.5377],[-76.2738,38.5353],[-76.2735,38.5338],[-76.2747,38.5334],[-76.2741,38.5312],[-76.2771,38.5333],[-76.2781,38.5325],[-76.281,38.5361],[-76.2775,38.5418],[-76.2768,38.5443],[-76.2782,38.5453],[-76.2766,38.5462],[-76.2759,38.5488],[-76.2799,38.5576],[-76.2858,38.5609],[-76.29,38.5691],[-76.2966,38.5698],[-76.2993,38.5685],[-76.3004,38.5692],[-76.2999,38.5712],[-76.3017,38.5726],[-76.3083,38.572],[-76.3052,38.5753],[-76.2978,38.5758],[-76.2976,38.5785],[-76.2927,38.5832],[-76.287,38.5851],[-76.2901,38.5783],[-76.2891,38.5769],[-76.2835,38.5758],[-76.2829,38.5719],[-76.2807,38.5697],[-76.2803,38.5744],[-76.2776,38.5763],[-76.278,38.5791],[-76.2763,38.5797],[-76.277,38.5817],[-76.2738,38.5811],[-76.2687,38.5836],[-76.2669,38.5821],[-76.268,38.5837],[-76.264,38.5868],[-76.2678,38.5897],[-76.2625,38.5894],[-76.2656,38.5914],[-76.2659,38.5931],[-76.269,38.5927],[-76.2703,38.5906],[-76.2728,38.5903],[-76.2729,38.5931],[-76.2688,38.5977],[-76.2644,38.5958],[-76.2635,38.5968],[-76.2647,38.6011],[-76.2621,38.6005],[-76.2627,38.6024],[-76.2605,38.6026],[-76.2617,38.6051],[-76.2657,38.6037],[-76.2729,38.6037],[-76.2706,38.6031],[-76.2717,38.6017],[-76.2762,38.6036],[-76.2775,38.6051],[-76.2776,38.6089],[-76.2795,38.6136],[-76.2813,38.6145],[-76.285,38.6231],[-76.2894,38.6269],[-76.2896,38.6293],[-76.2836,38.627],[-76.2816,38.6248],[-76.2784,38.6247],[-76.278,38.6231],[-76.273,38.6195],[-76.2718,38.6157],[-76.2747,38.6176],[-76.2774,38.6176],[-76.2767,38.6147],[-76.2782,38.6121],[-76.2749,38.6121],[-76.2748,38.6094],[-76.2694,38.6069],[-76.2661,38.6073],[-76.2707,38.6104],[-76.2638,38.6103],[-76.2644,38.616],[-76.2626,38.6161],[-76.2617,38.6178],[-76.2597,38.6167],[-76.2598,38.614],[-76.258,38.6122],[-76.2595,38.6108],[-76.2571,38.6108],[-76.2558,38.6086],[-76.2549,38.6098],[-76.2572,38.6146],[-76.2544,38.6155],[-76.2497,38.6131],[-76.2518,38.6189],[-76.2549,38.6218],[-76.254,38.6246],[-76.2501,38.6274],[-76.2465,38.6263],[-76.2366,38.6286],[-76.2353,38.6274],[-76.2347,38.6235],[-76.2391,38.6255],[-76.2386,38.6231],[-76.2409,38.622],[-76.2377,38.6219],[-76.236,38.62],[-76.2403,38.618],[-76.2396,38.6168],[-76.2374,38.6168],[-76.2366,38.6145],[-76.2378,38.6134],[-76.2407,38.6136],[-76.2405,38.6126],[-76.2387,38.6117],[-76.2365,38.6128],[-76.2347,38.6118],[-76.2372,38.6088],[-76.2353,38.6097],[-76.2304,38.6072],[-76.2329,38.6098],[-76.2313,38.6116],[-76.2323,38.6128],[-76.2312,38.614],[-76.219,38.6112],[-76.2153,38.6098],[-76.2125,38.6069],[-76.2138,38.605],[-76.2157,38.6058],[-76.2151,38.6045],[-76.2165,38.6035],[-76.214,38.6035],[-76.2111,38.5998],[-76.2127,38.6034],[-76.2094,38.6032],[-76.2079,38.6043],[-76.2066,38.6057],[-76.2066,38.6093],[-76.2043,38.6103],[-76.2036,38.6088],[-76.202,38.609],[-76.2031,38.6106],[-76.2026,38.613],[-76.1909,38.6211],[-76.1803,38.6262],[-76.1796,38.6276],[-76.1701,38.6292],[-76.1601,38.6254],[-76.1602,38.6248],[-76.1677,38.6276],[-76.1704,38.6247],[-76.1765,38.6251],[-76.1791,38.6231],[-76.1704,38.6231],[-76.1675,38.621],[-76.1648,38.6219],[-76.1644,38.618],[-76.1668,38.6065],[-76.1685,38.6053],[-76.1731,38.6047],[-76.1756,38.6092],[-76.1761,38.6039],[-76.1789,38.6026],[-76.1839,38.6094],[-76.1845,38.607],[-76.1867,38.6079],[-76.1835,38.6055],[-76.185,38.6046],[-76.1817,38.6019],[-76.1808,38.5984],[-76.1773,38.5976],[-76.1782,38.5998],[-76.1771,38.601],[-76.1684,38.603],[-76.1627,38.5957],[-76.1558,38.595],[-76.1507,38.5972],[-76.1459,38.6029],[-76.1408,38.6056],[-76.1356,38.5983],[-76.1288,38.5923],[-76.1221,38.587],[-76.1148,38.5833],[-76.1136,38.5812],[-76.1148,38.5802],[-76.113,38.5779],[-76.115,38.5763],[-76.1111,38.574],[-76.111,38.5705],[-76.1079,38.5713],[-76.1097,38.5734],[-76.1089,38.5749],[-76.1114,38.5759],[-76.1103,38.5781],[-76.112,38.5793],[-76.1098,38.582],[-76.1119,38.5834],[-76.0905,38.5928],[-76.0867,38.593],[-76.0817,38.5921],[-76.0803,38.5903],[-76.087,38.5926],[-76.089,38.5907],[-76.0848,38.5848],[-76.0781,38.585],[-76.0788,38.5821],[-76.0778,38.5802],[-76.0752,38.5773],[-76.073,38.5779],[-76.0722,38.577],[-76.0715,38.575],[-76.0743,38.5721],[-76.0731,38.5657],[-76.0716,38.5655],[-76.0731,38.5714],[-76.0711,38.5735],[-76.0696,38.5729],[-76.068,38.574],[-76.0639,38.5728],[-76.0621,38.5705],[-76.0573,38.5681],[-76.0573,38.567],[-76.0535,38.5674],[-76.0457,38.5623],[-76.0398,38.5627],[-76.0258,38.567],[-76.0244,38.5664],[-76.0274,38.5642],[-76.0246,38.5596],[-76.0263,38.5561],[-76.0222,38.554],[-76.0248,38.5563],[-76.0243,38.5577],[-76.022,38.5583],[-76.024,38.564],[-76.0222,38.565],[-76.0227,38.5659],[-76.0168,38.5686],[-76.0148,38.5681],[-76.0179,38.567],[-76.0151,38.5677],[-76.0126,38.5664],[-76.0116,38.5601],[-76.0086,38.5593],[-76.0109,38.5612],[-76.0108,38.5638],[-76.009,38.5646],[-76.0114,38.5656],[-76.0111,38.568],[-76.0127,38.5689],[-76.0121,38.573],[-76.0137,38.5727],[-76.0141,38.5705],[-76.0151,38.5718],[-76.0136,38.5748],[-76.0086,38.5716],[-76.0062,38.572],[-76.0053,38.5779],[-75.9985,38.578],[-76.0013,38.5811],[-75.9997,38.5847],[-75.9879,38.5816],[-75.9794,38.5852],[-75.9814,38.5817],[-75.9788,38.5778],[-75.9798,38.5804],[-75.9787,38.5829],[-75.9749,38.5848],[-75.9711,38.5838],[-75.9706,38.5854],[-75.9675,38.5866],[-75.9747,38.5862],[-75.9775,38.5878],[-75.9768,38.5968],[-75.9743,38.5981],[-75.9733,38.5947],[-75.9721,38.5961],[-75.9666,38.5966],[-75.9703,38.5976],[-75.9693,38.5989],[-75.972,38.5978],[-75.9734,38.5983],[-75.972,38.5985],[-75.9725,38.6014],[-75.9762,38.6061],[-75.9679,38.6122],[-75.9681,38.611],[-75.9659,38.6111],[-75.9647,38.6097],[-75.9629,38.6115],[-75.9602,38.6102],[-75.9547,38.6106],[-75.9536,38.6077],[-75.9517,38.6054],[-75.9512,38.6073],[-75.9533,38.6102],[-75.9469,38.6125],[-75.9525,38.6114],[-75.9587,38.6122],[-75.9589,38.6146],[-75.961,38.6131],[-75.9653,38.6135],[-75.9662,38.6123],[-75.9684,38.6138],[-75.9721,38.6136],[-75.9752,38.6171],[-75.9722,38.6208],[-75.9718,38.6235],[-75.973,38.6251],[-75.9722,38.6271],[-75.9697,38.6282],[-75.9695,38.6295],[-75.971,38.6305],[-75.9702,38.6318],[-75.9642,38.6304],[-75.9564,38.6316],[-75.9529,38.6301],[-75.9519,38.6281],[-75.9501,38.6317],[-75.9482,38.6302],[-75.946,38.6312],[-75.9421,38.6293],[-75.9403,38.6299],[-75.94,38.6288],[-75.9363,38.6319],[-75.9294,38.6327],[-75.9256,38.6299],[-75.919,38.6292],[-75.9209,38.6308],[-75.9268,38.6308],[-75.9299,38.6333],[-75.932,38.6326],[-75.9344,38.6335],[-75.9414,38.6307],[-75.9479,38.6337],[-75.9525,38.6323],[-75.9574,38.633],[-75.961,38.6355],[-75.9598,38.6418],[-75.9525,38.6471],[-75.9501,38.6501],[-75.951,38.6508],[-75.9503,38.6519],[-75.9477,38.652],[-75.9497,38.6531],[-75.9516,38.6518],[-75.9534,38.6548],[-75.9471,38.6557],[-75.9452,38.6549],[-75.9481,38.6567],[-75.9515,38.656],[-75.951,38.6592],[-75.9496,38.6597],[-75.9499,38.6633],[-75.952,38.6641],[-75.9519,38.6653],[-75.9422,38.6723],[-75.94,38.6759],[-75.9374,38.6746],[-75.9371,38.6793],[-75.9335,38.6802],[-75.9326,38.6768],[-75.9306,38.675],[-75.9275,38.6765],[-75.9261,38.6795],[-75.9211,38.6773],[-75.9211,38.6798],[-75.9234,38.6804],[-75.9232,38.6815],[-75.9165,38.68],[-75.9176,38.6834],[-75.9141,38.6837],[-75.9148,38.6873],[-75.9133,38.6888],[-75.9107,38.6864],[-75.907,38.688],[-75.9049,38.6876],[-75.9022,38.691],[-75.902,38.6939],[-75.9001,38.694],[-75.8968,38.7014],[-75.889,38.6955],[-75.8783,38.6935],[-75.8692,38.6946],[-75.8585,38.701],[-75.8411,38.7042],[-75.8156,38.6983]]]]}},{"type":"Feature","properties":{"leaid":"2400330","name":"Frederick County Public Schools","kind":"Unified","gradeLow":"PK","gradeHigh":"12","state":"MD"},"geometry":{"type":"Polygon","coordinates":[[[-77.4691,39.72],[-77.2159,39.7194],[-77.2146,39.7169],[-77.2156,39.7127],[-77.225,39.7104],[-77.2268,39.7073],[-77.2243,39.7045],[-77.2162,39.7014],[-77.2152,39.6994],[-77.2163,39.6974],[-77.226,39.6938],[-77.24,39.6957],[-77.2433,39.6947],[-77.2443,39.6914],[-77.2362,39.6856],[-77.2363,39.6809],[-77.2345,39.6792],[-77.2345,39.6774],[-77.2431,39.67],[-77.2493,39.6675],[-77.2546,39.6676],[-77.2558,39.6632],[-77.262,39.6652],[-77.2662,39.6623],[-77.2655,39.6559],[-77.2724,39.6516],[-77.2756,39.6472],[-77.2714,39.6417],[-77.2767,39.6393],[-77.2792,39.6364],[-77.276,39.6319],[-77.2915,39.6306],[-77.2947,39.6319],[-77.3,39.6393],[-77.3068,39.6411],[-77.3113,39.6396],[-77.3098,39.6361],[-77.3097,39.6311],[-77.3079,39.6283],[-77.2995,39.6239],[-77.3017,39.6213],[-77.3074,39.619],[-77.3003,39.6126],[-77.294,39.6103],[-77.2903,39.6066],[-77.29,39.6042],[-77.2875,39.6047],[-77.2872,39.6069],[-77.2857,39.6078],[-77.271,39.606],[-77.2698,39.6039],[-77.2704,39.6003],[-77.266,39.5984],[-77.2628,39.5941],[-77.2596,39.5945],[-77.262,39.5994],[-77.26,39.6027],[-77.257,39.6038],[-77.2517,39.6021],[-77.2477,39.5942],[-77.2387,39.5889],[-77.2388,39.5845],[-77.2339,39.5882],[-77.2277,39.5883],[-77.2275,39.5871],[-77.2321,39.5861],[-77.2325,39.5846],[-77.2203,39.5821],[-77.2192,39.5797],[-77.2229,39.5775],[-77.2202,39.5754],[-77.2156,39.5745],[-77.21,39.5791],[-77.1999,39.5785],[-77.1994,39.5764],[-77.1911,39.571],[-77.187,39.5667],[-77.187,39.5625],[-77.1827,39.5593],[-77.178,39.5609],[-77.1752,39.56],[-77.1715,39.5546],[-77.1694,39.5541],[-77.1696,39.5499],[-77.1718,39.5466],[-77.1716,39.5438],[-77.169,39.5423],[-77.1715,39.5392],[-77.1706,39.5344],[-77.1655,39.5342],[-77.1659,39.5333],[-77.1632,39.5325],[-77.156,39.5337],[-77.1523,39.5325],[-77.15,39.522],[-77.1384,39.5205],[-77.137,39.5174],[-77.1378,39.5152],[-77.1347,39.5119],[-77.1336,39.5086],[-77.1298,39.5096],[-77.1277,39.5085],[-77.1254,39.5056],[-77.1204,39.504],[-77.1133,39.4978],[-77.11,39.4975],[-77.1067,39.492],[-77.1104,39.4858],[-77.1177,39.4786],[-77.1171,39.4755],[-77.1189,39.473],[-77.12,39.4653],[-77.116,39.4598],[-77.124,39.4513],[-77.1267,39.4437],[-77.1334,39.4324],[-77.1405,39.4241],[-77.148,39.4178],[-77.1474,39.4091],[-77.1544,39.3913],[-77.1538,39.3885],[-77.1562,39.3829],[-77.1564,39.378],[-77.1592,39.3741],[-77.1582,39.3735],[-77.1647,39.3677],[-77.1671,39.3586],[-77.1697,39.3551],[-77.1681,39.354],[-77.3964,39.248],[-77.4588,39.2203],[-77.4576,39.2246],[-77.4595,39.2277],[-77.4711,39.2343],[-77.4866,39.2473],[-77.4973,39.2513],[-77.5107,39.2533],[-77.5206,39.2584],[-77.531,39.2611],[-77.5431,39.2669],[-77.5452,39.271],[-77.5508,39.2757],[-77.5542,39.2814],[-77.5607,39.286],[-77.5628,39.2945],[-77.5618,39.3015],[-77.5666,39.306],[-77.5792,39.3051],[-77.5926,39.3012],[-77.6063,39.3038],[-77.6087,39.3024],[-77.6113,39.3034],[-77.6159,39.3025],[-77.6309,39.3077],[-77.6441,39.3088],[-77.6509,39.3108],[-77.6651,39.3168],[-77.671,39.3217],[-77.6772,39.3245],[-77.6734,39.3442],[-77.6669,39.3507],[-77.6603,39.3637],[-77.6516,39.3751],[-77.6404,39.4025],[-77.6393,39.4074],[-77.6409,39.4154],[-77.6381,39.4228],[-77.6379,39.4353],[-77.6346,39.443],[-77.6347,39.4455],[-77.6302,39.4484],[-77.6265,39.4485],[-77.6286,39.4515],[-77.6268,39.4571],[-77.6219,39.4597],[-77.6217,39.464],[-77.616,39.4688],[-77.622,39.4818],[-77.6211,39.4843],[-77.6144,39.4916],[-77.623,39.4999],[-77.6209,39.5058],[-77.6225,39.5082],[-77.6198,39.5118],[-77.6204,39.5131],[-77.6181,39.5186],[-77.6144,39.5228],[-77.6148,39.526],[-77.6132,39.5274],[-77.6129,39.5297],[-77.6107,39.5303],[-77.6061,39.5367],[-77.5971,39.542],[-77.5994,39.5502],[-77.5955,39.5518],[-77.5944,39.5634],[-77.5893,39.5671],[-77.5868,39.5714],[-77.5845,39.5816],[-77.5853,39.5833],[-77.5782,39.598],[-77.575,39.6113],[-77.5702,39.62],[-77.5508,39.6253],[-77.5468,39.6327],[-77.5407,39.6336],[-77.5345,39.6314],[-77.531,39.6315],[-77.5263,39.635],[-77.5258,39.6375],[-77.52,39.6408],[-77.5134,39.6495],[-77.511,39.6559],[-77.5045,39.6617],[-77.5046,39.6643],[-77.4978,39.6681],[-77.4968,39.6717],[-77.4929,39.6764],[-77.4974,39.6835],[-77.5084,39.6841],[-77.5032,39.6892],[-77.4972,39.6902],[-77.4935,39.6926],[-77.4904,39.6958],[-77.4862,39.7046],[-77.4743,39.7133],[-77.4691,39.72]]]}},{"type":"Feature","properties":{"leaid":"2400360","name":"Garrett County Public Schools","kind":"Unified","gradeLow":"PK","gradeHigh":"12","state":"MD"},"geometry":{"type":"Polygon","coordinates":[[[-78.9284,39.7228],[-79.0679,39.4792],[-79.068,39.4752],[-79.0693,39.474],[-79.083,39.4715],[-79.0911,39.4725],[-79.1002,39.477],[-79.1055,39.4739],[-79.1041,39.4704],[-79.0973,39.4685],[-79.0945,39.4648],[-79.0963,39.4624],[-79.1052,39.463],[-79.1079,39.4612],[-79.1083,39.4571],[-79.1018,39.4572],[-79.103,39.4548],[-79.1028,39.4505],[-79.1078,39.4459],[-79.1139,39.4435],[-79.1169,39.4389],[-79.1121,39.4355],[-79.1108,39.4319],[-79.1127,39.4309],[-79.124,39.4332],[-79.129,39.4295],[-79.1294,39.4266],[-79.1271,39.4218],[-79.1274,39.4182],[-79.1298,39.4173],[-79.1365,39.4189],[-79.1418,39.4171],[-79.1425,39.4147],[-79.1411,39.4087],[-79.1438,39.4052],[-79.1467,39.4045],[-79.15,39.4061],[-79.1496,39.4137],[-79.1512,39.417],[-79.1553,39.4183],[-79.1595,39.417],[-79.1603,39.4159],[-79.1594,39.4095],[-79.1645,39.4057],[-79.1667,39.4009],[-79.1654,39.3955],[-79.1615,39.3909],[-79.1629,39.3878],[-79.1666,39.3877],[-79.1717,39.3915],[-79.1746,39.3954],[-79.1792,39.3965],[-79.1811,39.3944],[-79.177,39.389],[-79.183,39.3855],[-79.1856,39.3852],[-79.1933,39.3886],[-79.1977,39.3884],[-79.2024,39.3788],[-79.2126,39.3702],[-79.2143,39.3635],[-79.2209,39.3631],[-79.231,39.3649],[-79.2329,39.3596],[-79.235,39.3587],[-79.2426,39.3594],[-79.2506,39.3555],[-79.2565,39.3571],[-79.2569,39.3554],[-79.2535,39.3479],[-79.2574,39.3419],[-79.2544,39.3392],[-79.2538,39.3371],[-79.2602,39.3343],[-79.2687,39.3362],[-79.2704,39.3289],[-79.2821,39.3233],[-79.2842,39.3155],[-79.2839,39.3098],[-79.2902,39.3035],[-79.2904,39.2995],[-79.3034,39.2996],[-79.3139,39.3047],[-79.317,39.304],[-79.3213,39.3],[-79.3262,39.3011],[-79.3326,39.3001],[-79.3381,39.2968],[-79.3404,39.2937],[-79.346,39.294],[-79.3474,39.2911],[-79.3437,39.2871],[-79.3449,39.285],[-79.3513,39.2851],[-79.3523,39.2802],[-79.3575,39.2763],[-79.376,39.2732],[-79.3788,39.2718],[-79.3819,39.2669],[-79.3873,39.2678],[-79.3874,39.2635],[-79.3903,39.2614],[-79.3933,39.2616],[-79.395,39.2571],[-79.3996,39.255],[-79.3984,39.2534],[-79.3997,39.2515],[-79.4095,39.2462],[-79.4083,39.2451],[-79.4122,39.2402],[-79.4203,39.2389],[-79.4207,39.2354],[-79.4252,39.2345],[-79.4241,39.2274],[-79.4257,39.2253],[-79.4291,39.2236],[-79.433,39.2239],[-79.4406,39.2165],[-79.4474,39.2157],[-79.4522,39.2127],[-79.4533,39.2105],[-79.4606,39.2116],[-79.4674,39.2088],[-79.4696,39.2072],[-79.4687,39.2063],[-79.4698,39.2037],[-79.4729,39.2021],[-79.4869,39.2059],[-79.4859,39.2649],[-79.4873,39.2652],[-79.4877,39.2799],[-79.4861,39.3443],[-79.4844,39.345],[-79.4824,39.5317],[-79.4789,39.5317],[-79.4778,39.6423],[-79.4766,39.6427],[-79.4767,39.7211],[-78.9284,39.7228]]]}},{"type":"Feature","properties":{"leaid":"2400390","name":"Harford County Public Schools","kind":"Unified","gradeLow":"PK","gradeHigh":"12","state":"MD"},"geometry":{"type":"MultiPolygon","coordinates":[[[[-76.3517,39.3966],[-76.3525,39.3942],[-76.3524,39.3951],[-76.3517,39.3966]]],[[[-76.3491,39.3923],[-76.353,39.3917],[-76.3507,39.3932],[-76.3518,39.3937],[-76.3514,39.3961],[-76.3522,39.3994],[-76.3517,39.3996],[-76.3506,39.3954],[-76.3476,39.3945],[-76.3502,39.3942],[-76.3491,39.3923]]],[[[-76.3519,39.3999],[-76.3522,39.3998],[-76.3532,39.4012],[-76.3519,39.3999]]],[[[-76.1342,39.61],[-76.1299,39.6059],[-76.1353,39.6095],[-76.1342,39.61]]],[[[-76.1412,39.6136],[-76.1367,39.6098],[-76.1434,39.6136],[-76.1412,39.6136]]],[[[-76.1361,39.6131],[-76.1353,39.6111],[-76.1418,39.6146],[-76.1453,39.6152],[-76.1461,39.6165],[-76.1444,39.6179],[-76.1361,39.6131]]],[[[-76.1684,39.6562],[-76.1667,39.6536],[-76.1708,39.656],[-76.1684,39.6562]]],[[[-76.5694,39.7212],[-76.2333,39.7214],[-76.2293,39.7091],[-76.2127,39.6864],[-76.1709,39.658],[-76.1732,39.6551],[-76.1692,39.6525],[-76.1639,39.6464],[-76.1585,39.6272],[-76.1567,39.6244],[-76.1523,39.6216],[-76.1487,39.6136],[-76.1319,39.603],[-76.1222,39.5881],[-76.1017,39.5714],[-76.0984,39.5675],[-76.093,39.5554],[-76.0915,39.5551],[-76.0872,39.5486],[-76.0849,39.5476],[-76.0859,39.547],[-76.0845,39.5464],[-76.087,39.5462],[-76.0846,39.5462],[-76.0864,39.5458],[-76.0845,39.5455],[-76.0851,39.5399],[-76.0886,39.538],[-76.0961,39.5369],[-76.1027,39.5238],[-76.1067,39.5211],[-76.1057,39.5188],[-76.1107,39.51],[-76.1145,39.4997],[-76.1199,39.4942],[-76.1208,39.4915],[-76.123,39.4944],[-76.1254,39.4931],[-76.1262,39.4945],[-76.1225,39.4974],[-76.1225,39.4996],[-76.1267,39.5004],[-76.1272,39.5024],[-76.1303,39.5053],[-76.131,39.5092],[-76.1299,39.5126],[-76.1307,39.5126],[-76.1317,39.5058],[-76.1338,39.5027],[-76.1308,39.4974],[-76.1334,39.4941],[-76.1318,39.4934],[-76.1337,39.4913],[-76.1333,39.4886],[-76.1293,39.4877],[-76.123,39.4814],[-76.1187,39.4807],[-76.1199,39.4765],[-76.1143,39.4831],[-76.115,39.4861],[-76.1134,39.4868],[-76.1047,39.4788],[-76.0983,39.4761],[-76.0817,39.4783],[-76.0793,39.4752],[-76.0724,39.4753],[-76.0699,39.472],[-76.0676,39.4632],[-76.0628,39.4567],[-76.0604,39.4486],[-76.0663,39.4466],[-76.0789,39.438],[-76.0824,39.437],[-76.0847,39.4403],[-76.0848,39.4428],[-76.0822,39.4454],[-76.085,39.4455],[-76.0851,39.4468],[-76.0799,39.4562],[-76.0809,39.4603],[-76.0782,39.4628],[-76.0777,39.4664],[-76.0793,39.4671],[-76.0767,39.4703],[-76.0771,39.4726],[-76.0792,39.4729],[-76.0777,39.4738],[-76.0804,39.4735],[-76.0794,39.4716],[-76.0817,39.4669],[-76.0804,39.4627],[-76.0823,39.4611],[-76.0824,39.4586],[-76.0808,39.4566],[-76.0832,39.4543],[-76.0825,39.4525],[-76.0842,39.4494],[-76.0883,39.4499],[-76.0895,39.4485],[-76.0894,39.4448],[-76.0938,39.4444],[-76.0963,39.4466],[-76.0921,39.4513],[-76.0938,39.455],[-76.0911,39.4563],[-76.0856,39.4671],[-76.0884,39.4672],[-76.0871,39.4708],[-76.0923,39.4727],[-76.0922,39.4752],[-76.1028,39.4736],[-76.0958,39.4716],[-76.0971,39.4702],[-76.0963,39.4673],[-76.0987,39.4635],[-76.0971,39.4607],[-76.1,39.4584],[-76.0999,39.4542],[-76.1028,39.451],[-76.0968,39.4494],[-76.1003,39.446],[-76.0992,39.4437],[-76.1021,39.441],[-76.1091,39.4403],[-76.1076,39.4367],[-76.1124,39.4384],[-76.1128,39.4366],[-76.1161,39.4353],[-76.1152,39.4367],[-76.1167,39.4389],[-76.1176,39.4354],[-76.1166,39.4342],[-76.1102,39.4365],[-76.1076,39.4355],[-76.1063,39.4372],[-76.1075,39.4398],[-76.1039,39.4394],[-76.1046,39.4368],[-76.1022,39.4348],[-76.1168,39.4276],[-76.1219,39.4212],[-76.1464,39.4053],[-76.1569,39.4054],[-76.1585,39.4069],[-76.1715,39.3922],[-76.1801,39.3776],[-76.1789,39.3836],[-76.181,39.3879],[-76.1726,39.3956],[-76.1669,39.3984],[-76.1736,39.3958],[-76.1805,39.3912],[-76.182,39.393],[-76.1807,39.3905],[-76.1888,39.3863],[-76.1952,39.3892],[-76.1995,39.3853],[-76.2033,39.3898],[-76.2012,39.3922],[-76.2037,39.3905],[-76.2046,39.3883],[-76.2081,39.3892],[-76.2118,39.3935],[-76.2111,39.3965],[-76.2071,39.4011],[-76.2134,39.3943],[-76.2168,39.3956],[-76.2179,39.3943],[-76.2137,39.3932],[-76.2216,39.3892],[-76.2241,39.3912],[-76.2249,39.3902],[-76.2287,39.3955],[-76.2317,39.3973],[-76.2327,39.4],[-76.2309,39.4033],[-76.23,39.4029],[-76.2302,39.4063],[-76.2269,39.4103],[-76.227,39.4121],[-76.2241,39.4121],[-76.2203,39.4143],[-76.2183,39.4134],[-76.2178,39.4116],[-76.2176,39.4134],[-76.22,39.4148],[-76.2243,39.4126],[-76.2279,39.4128],[-76.2289,39.4085],[-76.2313,39.4071],[-76.231,39.4045],[-76.2343,39.4005],[-76.2333,39.3951],[-76.2314,39.3951],[-76.2309,39.3919],[-76.2295,39.3914],[-76.229,39.3871],[-76.2313,39.3855],[-76.2328,39.3834],[-76.2321,39.3842],[-76.2295,39.3829],[-76.2295,39.3815],[-76.2279,39.3809],[-76.2289,39.3787],[-76.2264,39.3803],[-76.2226,39.3794],[-76.2249,39.3814],[-76.2228,39.3825],[-76.2231,39.3837],[-76.2191,39.3871],[-76.216,39.3857],[-76.2132,39.389],[-76.212,39.387],[-76.2136,39.3834],[-76.2112,39.3862],[-76.2074,39.3839],[-76.2095,39.3803],[-76.2072,39.3831],[-76.2035,39.3816],[-76.2028,39.3771],[-76.2005,39.3804],[-76.1943,39.3843],[-76.1931,39.3819],[-76.1868,39.3806],[-76.1859,39.382],[-76.186,39.3805],[-76.1962,39.3679],[-76.2208,39.3563],[-76.2285,39.3496],[-76.2338,39.352],[-76.2399,39.3614],[-76.2503,39.3613],[-76.2534,39.3676],[-76.252,39.37],[-76.2461,39.3698],[-76.2439,39.3741],[-76.2481,39.3734],[-76.2526,39.377],[-76.255,39.3764],[-76.2483,39.3818],[-76.2446,39.3823],[-76.2451,39.3839],[-76.2473,39.3844],[-76.2466,39.3883],[-76.2508,39.3861],[-76.2409,39.4048],[-76.2422,39.4073],[-76.2298,39.4184],[-76.2245,39.4266],[-76.2226,39.4277],[-76.2225,39.4304],[-76.2249,39.4278],[-76.2335,39.4331],[-76.2379,39.4385],[-76.2394,39.4387],[-76.2372,39.4427],[-76.2353,39.4426],[-76.2302,39.4464],[-76.2365,39.4437],[-76.2306,39.4544],[-76.2321,39.4595],[-76.2289,39.4622],[-76.2269,39.4614],[-76.2249,39.4623],[-76.223,39.4673],[-76.2304,39.4677],[-76.2333,39.4652],[-76.2394,39.4662],[-76.2437,39.4655],[-76.2439,39.4643],[-76.2473,39.4632],[-76.2434,39.4633],[-76.2459,39.4622],[-76.2485,39.4624],[-76.2508,39.4618],[-76.2446,39.4621],[-76.2462,39.4613],[-76.2434,39.4624],[-76.2413,39.4614],[-76.2436,39.4595],[-76.2441,39.4545],[-76.2489,39.4511],[-76.2594,39.4503],[-76.2632,39.4467],[-76.267,39.4461],[-76.2708,39.4505],[-76.2759,39.4513],[-76.2813,39.448],[-76.2798,39.4422],[-76.2761,39.4403],[-76.2748,39.4414],[-76.2755,39.4396],[-76.2734,39.4419],[-76.2746,39.4427],[-76.2736,39.4444],[-76.2706,39.4442],[-76.2644,39.4411],[-76.2602,39.4413],[-76.262,39.4398],[-76.261,39.4406],[-76.2604,39.4397],[-76.2604,39.441],[-76.2574,39.4435],[-76.2537,39.442],[-76.2476,39.4351],[-76.2516,39.4289],[-76.2493,39.4273],[-76.2518,39.4226],[-76.2513,39.419],[-76.2542,39.417],[-76.2548,39.4123],[-76.2651,39.4084],[-76.2671,39.4088],[-76.2684,39.4116],[-76.2719,39.4082],[-76.2759,39.4092],[-76.275,39.4105],[-76.2773,39.4145],[-76.2761,39.4172],[-76.28,39.4158],[-76.2781,39.4095],[-76.2816,39.4122],[-76.2859,39.4126],[-76.2868,39.4113],[-76.2828,39.4111],[-76.2803,39.4088],[-76.2798,39.4069],[-76.2819,39.4054],[-76.278,39.4047],[-76.2754,39.4067],[-76.2739,39.4039],[-76.2688,39.4027],[-76.2683,39.3974],[-76.2655,39.3923],[-76.271,39.3906],[-76.2733,39.3937],[-76.2802,39.3969],[-76.2797,39.3977],[-76.2828,39.3972],[-76.2835,39.3963],[-76.2794,39.3942],[-76.2836,39.3916],[-76.2782,39.3932],[-76.2755,39.3909],[-76.2762,39.3899],[-76.2714,39.3875],[-76.2689,39.3899],[-76.2685,39.3888],[-76.2766,39.3805],[-76.2764,39.3787],[-76.2748,39.38],[-76.2717,39.3772],[-76.2765,39.3734],[-76.2767,39.3715],[-76.2784,39.3711],[-76.2797,39.3726],[-76.2824,39.3702],[-76.2843,39.371],[-76.2869,39.369],[-76.2848,39.3677],[-76.2855,39.3663],[-76.2828,39.3649],[-76.2819,39.3661],[-76.2741,39.3632],[-76.2732,39.3552],[-76.2737,39.361],[-76.2652,39.3593],[-76.2666,39.354],[-76.2653,39.35],[-76.2573,39.3474],[-76.2587,39.3423],[-76.2539,39.3368],[-76.2636,39.3343],[-76.2661,39.332],[-76.2694,39.3318],[-76.2714,39.3341],[-76.2729,39.3341],[-76.269,39.3313],[-76.2694,39.3302],[-76.2756,39.3296],[-76.272,39.3292],[-76.2691,39.33],[-76.2683,39.3314],[-76.2663,39.3311],[-76.2671,39.3291],[-76.2761,39.3229],[-76.278,39.3197],[-76.2786,39.3161],[-76.2775,39.3139],[-76.2808,39.3116],[-76.2813,39.309],[-76.2802,39.3063],[-76.2816,39.3021],[-76.2807,39.3004],[-76.2818,39.2994],[-76.2916,39.3004],[-76.2999,39.3019],[-76.2923,39.3063],[-76.2891,39.3178],[-76.2911,39.3181],[-76.2935,39.3223],[-76.2934,39.3245],[-76.2988,39.3292],[-76.2988,39.3402],[-76.2948,39.3485],[-76.2979,39.3518],[-76.3092,39.3541],[-76.3117,39.3558],[-76.3237,39.3572],[-76.314,39.3575],[-76.3068,39.3603],[-76.3013,39.3745],[-76.3065,39.3852],[-76.3123,39.3886],[-76.3166,39.3894],[-76.3255,39.3899],[-76.3295,39.3878],[-76.3336,39.3883],[-76.3353,39.3904],[-76.3446,39.3918],[-76.3453,39.3932],[-76.349,39.3953],[-76.3479,39.3961],[-76.3502,39.396],[-76.3521,39.4035],[-76.351,39.4073],[-76.3557,39.41],[-76.3656,39.4123],[-76.362,39.41],[-76.3603,39.4106],[-76.3606,39.4094],[-76.3597,39.4105],[-76.3583,39.4102],[-76.3592,39.409],[-76.3578,39.4099],[-76.358,39.4079],[-76.3559,39.4086],[-76.3566,39.4073],[-76.3548,39.4079],[-76.3551,39.4066],[-76.3542,39.4071],[-76.3531,39.4048],[-76.3536,39.4036],[-76.3594,39.406],[-76.3596,39.4044],[-76.358,39.4049],[-76.3566,39.4037],[-76.36,39.4027],[-76.3661,39.4042],[-76.3571,39.4013],[-76.3537,39.4015],[-76.3521,39.3966],[-76.3529,39.395],[-76.3543,39.398],[-76.3545,39.3958],[-76.3601,39.3966],[-76.3598,39.3945],[-76.3611,39.4003],[-76.3652,39.4018],[-76.3663,39.4042],[-76.3719,39.4051],[-76.3717,39.4117],[-76.3702,39.4152],[-76.374,39.4223],[-76.3804,39.4249],[-76.381,39.4295],[-76.3772,39.4352],[-76.3796,39.4382],[-76.38,39.4433],[-76.3789,39.4454],[-76.3831,39.4504],[-76.3886,39.4532],[-76.3863,39.456],[-76.3866,39.4596],[-76.3904,39.4598],[-76.3928,39.466],[-76.3955,39.4683],[-76.4,39.4688],[-76.4027,39.4733],[-76.405,39.474],[-76.4064,39.472],[-76.4079,39.4721],[-76.4081,39.4761],[-76.4106,39.4784],[-76.4206,39.4781],[-76.4229,39.4809],[-76.4256,39.4816],[-76.4289,39.4882],[-76.4331,39.488],[-76.4337,39.4922],[-76.432,39.4922],[-76.4321,39.4941],[-76.4286,39.4976],[-76.43,39.4992],[-76.4279,39.5019],[-76.4322,39.5066],[-76.437,39.502],[-76.448,39.5085],[-76.4524,39.5067],[-76.4564,39.5082],[-76.4596,39.5072],[-76.4601,39.5105],[-76.4627,39.5125],[-76.4691,39.5137],[-76.4741,39.5176],[-76.4774,39.5145],[-76.4782,39.5153],[-76.4774,39.5171],[-76.4787,39.5186],[-76.4837,39.5195],[-76.4856,39.522],[-76.493,39.5246],[-76.4946,39.5266],[-76.4989,39.5235],[-76.505,39.5251],[-76.5079,39.5236],[-76.5104,39.5244],[-76.5126,39.529],[-76.5165,39.5291],[-76.5159,39.5319],[-76.5182,39.5329],[-76.5185,39.5364],[-76.5225,39.5367],[-76.522,39.5389],[-76.5258,39.5399],[-76.5278,39.5435],[-76.5322,39.544],[-76.5318,39.5511],[-76.5342,39.5514],[-76.5348,39.5532],[-76.534,39.5547],[-76.5311,39.5554],[-76.532,39.5615],[-76.536,39.5617],[-76.5369,39.5656],[-76.5398,39.5678],[-76.5401,39.5738],[-76.544,39.5753],[-76.5435,39.5786],[-76.5471,39.5877],[-76.5532,39.5894],[-76.5566,39.5945],[-76.5601,39.5961],[-76.5595,39.5977],[-76.5629,39.6062],[-76.562,39.608],[-76.5641,39.6104],[-76.5652,39.6145],[-76.5694,39.7212]]]]}},{"type":"Feature","properties":{"leaid":"2400420","name":"Howard County Public Schools","kind":"Unified","gradeLow":"PK","gradeHigh":"12","state":"MD"},"geometry":{"type":"Polygon","coordinates":[[[-76.8823,39.3502],[-76.8783,39.3424],[-76.8751,39.3397],[-76.8752,39.3376],[-76.8784,39.3365],[-76.875,39.3322],[-76.8666,39.3317],[-76.8628,39.3301],[-76.8554,39.3232],[-76.8541,39.3179],[-76.8512,39.3159],[-76.8443,39.3183],[-76.8405,39.3155],[-76.8353,39.3157],[-76.8356,39.3121],[-76.8336,39.3115],[-76.8293,39.3172],[-76.8249,39.3193],[-76.8229,39.3188],[-76.8178,39.3132],[-76.816,39.3135],[-76.8162,39.3154],[-76.8141,39.318],[-76.8123,39.3179],[-76.8101,39.3152],[-76.8045,39.3167],[-76.7935,39.3136],[-76.7925,39.311],[-76.7939,39.3068],[-76.7966,39.3057],[-76.7958,39.3037],[-76.7903,39.3034],[-76.787,39.2999],[-76.7789,39.2971],[-76.7785,39.2953],[-76.7852,39.2918],[-76.7852,39.2829],[-76.7887,39.2776],[-76.7898,39.2732],[-76.7945,39.2701],[-76.7942,39.2662],[-76.789,39.2639],[-76.7801,39.2572],[-76.7735,39.2562],[-76.7689,39.2527],[-76.764,39.2515],[-76.7649,39.2485],[-76.7636,39.2464],[-76.7572,39.2475],[-76.7543,39.2463],[-76.7401,39.2324],[-76.7299,39.229],[-76.7246,39.2286],[-76.722,39.2263],[-76.7168,39.2253],[-76.7131,39.2217],[-76.7064,39.2212],[-76.7045,39.2149],[-76.7002,39.213],[-76.6964,39.2136],[-76.6972,39.2122],[-76.7008,39.2124],[-76.7035,39.2106],[-76.705,39.2069],[-76.7075,39.206],[-76.7079,39.2035],[-76.7124,39.2018],[-76.7119,39.1977],[-76.7139,39.1944],[-76.7133,39.1934],[-76.7193,39.1914],[-76.7211,39.1892],[-76.7201,39.1871],[-76.7221,39.1829],[-76.728,39.1841],[-76.7382,39.1791],[-76.7465,39.1796],[-76.7515,39.1739],[-76.7633,39.1666],[-76.7822,39.1446],[-76.7854,39.1316],[-76.7901,39.1258],[-76.7974,39.1226],[-76.8116,39.1228],[-76.822,39.1191],[-76.8256,39.1159],[-76.8264,39.1106],[-76.8282,39.108],[-76.8404,39.1031],[-76.8416,39.1059],[-76.8491,39.1091],[-76.8566,39.1107],[-76.8629,39.1103],[-76.8701,39.1127],[-76.8843,39.1269],[-76.8857,39.1313],[-76.8891,39.1311],[-76.8987,39.1265],[-76.9067,39.1254],[-76.9154,39.1268],[-76.9185,39.1317],[-76.9264,39.1353],[-76.9282,39.1383],[-76.9334,39.1366],[-76.9383,39.1328],[-76.9437,39.1321],[-76.9467,39.1294],[-76.9585,39.134],[-76.9555,39.1381],[-76.9531,39.139],[-76.9529,39.1428],[-76.9501,39.1435],[-76.9517,39.1462],[-76.9591,39.1451],[-76.963,39.1458],[-76.965,39.1486],[-76.9754,39.1496],[-76.9767,39.154],[-76.9739,39.1586],[-76.9733,39.1621],[-76.9875,39.1664],[-76.9972,39.1664],[-77.0015,39.1704],[-76.9975,39.1745],[-77.0046,39.1745],[-77.0054,39.1763],[-76.9989,39.1777],[-77.0049,39.1792],[-77.0084,39.1816],[-77.004,39.1911],[-77.005,39.1933],[-77.0122,39.1952],[-77.0094,39.2067],[-77.0176,39.2098],[-77.0193,39.2129],[-77.0323,39.2203],[-77.0321,39.2244],[-77.0345,39.2261],[-77.0359,39.2297],[-77.0448,39.2377],[-77.0559,39.2383],[-77.0576,39.2402],[-77.0615,39.2413],[-77.0607,39.243],[-77.0622,39.2473],[-77.0715,39.255],[-77.0774,39.2563],[-77.0817,39.2599],[-77.0932,39.2625],[-77.0973,39.2648],[-77.1038,39.266],[-77.1058,39.2643],[-77.1138,39.2645],[-77.1167,39.2675],[-77.1303,39.2683],[-77.1315,39.2701],[-77.1337,39.2705],[-77.1346,39.2723],[-77.1341,39.2766],[-77.14,39.2831],[-77.1379,39.2881],[-77.1402,39.2893],[-77.1401,39.2921],[-77.1436,39.293],[-77.1491,39.2993],[-77.1598,39.3049],[-77.1623,39.3079],[-77.1646,39.3074],[-77.1664,39.3118],[-77.1703,39.3131],[-77.1733,39.3205],[-77.1815,39.3293],[-77.1871,39.3406],[-77.1838,39.3455],[-77.1676,39.3544],[-77.1662,39.353],[-77.1518,39.3486],[-77.1451,39.3512],[-77.1359,39.3601],[-77.1264,39.3643],[-77.1163,39.3665],[-77.1076,39.3666],[-77.101,39.3693],[-77.0923,39.3671],[-77.086,39.3679],[-77.0804,39.3657],[-77.0777,39.3662],[-77.0744,39.3627],[-77.0658,39.3622],[-77.0613,39.3592],[-77.0512,39.3591],[-77.051,39.3612],[-77.0486,39.3622],[-77.0336,39.3553],[-77.0336,39.3536],[-77.031,39.3513],[-77.0283,39.3524],[-77.0254,39.3506],[-77.0225,39.3508],[-77.0209,39.3535],[-77.016,39.3525],[-77.0091,39.3548],[-76.9977,39.3549],[-76.9948,39.3583],[-76.9894,39.3613],[-76.9858,39.3613],[-76.983,39.3629],[-76.9816,39.3617],[-76.9749,39.3612],[-76.9698,39.364],[-76.9645,39.3614],[-76.96,39.3566],[-76.9505,39.3578],[-76.9507,39.3596],[-76.9464,39.361],[-76.9444,39.3586],[-76.9414,39.3575],[-76.9374,39.3588],[-76.9331,39.3574],[-76.9293,39.3539],[-76.9183,39.3509],[-76.9129,39.351],[-76.9096,39.3485],[-76.908,39.3494],[-76.9089,39.3527],[-76.9051,39.3543],[-76.9013,39.3542],[-76.8979,39.3516],[-76.889,39.3538],[-76.8867,39.3506],[-76.8858,39.3526],[-76.8823,39.3502]]]}},{"type":"Feature","properties":{"leaid":"2400450","name":"Kent County Public Schools","kind":"Unified","gradeLow":"PK","gradeHigh":"12","state":"MD"},"geometry":{"type":"MultiPolygon","coordinates":[[[[-76.2198,39.0545],[-76.2194,39.0501],[-76.2173,39.0486],[-76.2144,39.0491],[-76.2119,39.0513],[-76.2113,39.0475],[-76.2092,39.0452],[-76.2118,39.044],[-76.2126,39.0411],[-76.2114,39.0392],[-76.2145,39.0368],[-76.2123,39.036],[-76.211,39.0379],[-76.207,39.0331],[-76.21,39.0322],[-76.2157,39.0336],[-76.2151,39.032],[-76.2192,39.0308],[-76.2168,39.0299],[-76.2156,39.0308],[-76.2133,39.0288],[-76.2111,39.0307],[-76.2087,39.0298],[-76.2096,39.0272],[-76.214,39.0274],[-76.215,39.0253],[-76.2165,39.0256],[-76.2162,39.0229],[-76.2111,39.0258],[-76.2085,39.0248],[-76.2055,39.022],[-76.2063,39.0201],[-76.2044,39.0203],[-76.2041,39.0173],[-76.1976,39.012],[-76.2009,39.0118],[-76.2021,39.0138],[-76.2051,39.0124],[-76.2094,39.0147],[-76.212,39.019],[-76.2102,39.0202],[-76.2084,39.0189],[-76.2077,39.0196],[-76.2096,39.021],[-76.2091,39.0223],[-76.2116,39.0226],[-76.2146,39.0158],[-76.2093,39.0104],[-76.2109,39.0078],[-76.2127,39.0104],[-76.2162,39.0099],[-76.2173,39.0129],[-76.2242,39.0142],[-76.2254,39.0168],[-76.228,39.0187],[-76.2294,39.0178],[-76.2318,39.0185],[-76.2332,39.0213],[-76.2346,39.0216],[-76.2345,39.0231],[-76.2425,39.0284],[-76.2409,39.0398],[-76.2384,39.0445],[-76.2349,39.0462],[-76.2313,39.0452],[-76.2302,39.0459],[-76.2305,39.0479],[-76.2275,39.0474],[-76.2285,39.0438],[-76.2271,39.0436],[-76.2274,39.0417],[-76.2257,39.0421],[-76.2236,39.0401],[-76.2225,39.0418],[-76.2259,39.0462],[-76.222,39.0461],[-76.2217,39.0475],[-76.2234,39.0488],[-76.2208,39.0501],[-76.2224,39.0544],[-76.2198,39.0545]]],[[[-76.1654,39.1227],[-76.1669,39.1235],[-76.1636,39.1255],[-76.1648,39.1241],[-76.1654,39.1227]]],[[[-75.942,39.2394],[-75.944,39.2404],[-75.9447,39.2427],[-75.9424,39.2421],[-75.942,39.2394]]],[[[-75.925,39.2446],[-75.9255,39.2441],[-75.9258,39.2447],[-75.925,39.2446]]],[[[-75.9238,39.3576],[-75.9238,39.3585],[-75.9228,39.3585],[-75.9228,39.3584],[-75.9238,39.3576]]],[[[-75.7844,39.3825],[-75.7763,39.3803],[-75.7763,39.379],[-75.7727,39.3795],[-75.7666,39.3776],[-75.756,39.2461],[-75.7575,39.2473],[-75.7619,39.2464],[-75.7678,39.2475],[-75.7719,39.246],[-75.7752,39.247],[-75.7773,39.2455],[-75.7786,39.2464],[-75.7835,39.2455],[-75.7877,39.2432],[-75.7944,39.2438],[-75.7968,39.2413],[-75.8021,39.2423],[-75.8036,39.2441],[-75.8063,39.242],[-75.8102,39.2452],[-75.8212,39.2464],[-75.8262,39.2503],[-75.8345,39.2537],[-75.8366,39.2529],[-75.8391,39.2538],[-75.8397,39.2577],[-75.8457,39.2577],[-75.8539,39.2601],[-75.8557,39.2618],[-75.8609,39.2602],[-75.8644,39.2615],[-75.873,39.2555],[-75.8732,39.2573],[-75.8753,39.2563],[-75.8739,39.2517],[-75.8747,39.2504],[-75.8794,39.2521],[-75.8866,39.2497],[-75.889,39.2535],[-75.8933,39.2542],[-75.895,39.252],[-75.8952,39.248],[-75.901,39.2484],[-75.9055,39.2465],[-75.9143,39.2472],[-75.9194,39.2447],[-75.9297,39.2452],[-75.9345,39.2423],[-75.9406,39.2423],[-75.9451,39.2446],[-75.9473,39.2429],[-75.9508,39.2444],[-75.9552,39.2428],[-75.9566,39.2443],[-75.9576,39.2425],[-75.9558,39.2424],[-75.9567,39.241],[-75.9618,39.2422],[-75.9663,39.2467],[-75.9729,39.2473],[-75.9788,39.2454],[-75.9806,39.2481],[-75.9822,39.2467],[-75.9872,39.2462],[-75.988,39.2405],[-75.9948,39.2398],[-75.9997,39.2418],[-76.004,39.2418],[-76.0072,39.2448],[-76.01,39.2447],[-76.0142,39.238],[-76.017,39.2364],[-76.0193,39.2311],[-76.0214,39.23],[-76.0275,39.2308],[-76.0333,39.2294],[-76.0362,39.2302],[-76.0354,39.2338],[-76.0397,39.2353],[-76.0364,39.2361],[-76.0359,39.2388],[-76.0389,39.2405],[-76.0417,39.2399],[-76.0449,39.2418],[-76.0412,39.2416],[-76.0378,39.2456],[-76.0423,39.2471],[-76.0416,39.2495],[-76.0401,39.2501],[-76.0421,39.2501],[-76.0438,39.2469],[-76.0391,39.2455],[-76.0411,39.2446],[-76.0419,39.2423],[-76.0454,39.243],[-76.0463,39.242],[-76.0426,39.2394],[-76.0369,39.2383],[-76.0366,39.237],[-76.0407,39.2362],[-76.0404,39.2348],[-76.0362,39.2332],[-76.037,39.2297],[-76.0304,39.2282],[-76.0318,39.2265],[-76.0385,39.225],[-76.0433,39.22],[-76.0558,39.2151],[-76.0565,39.2125],[-76.0605,39.2107],[-76.0629,39.2067],[-76.0651,39.2055],[-76.0648,39.2044],[-76.069,39.201],[-76.0675,39.1989],[-76.0709,39.1961],[-76.0722,39.1917],[-76.0712,39.1865],[-76.0663,39.1828],[-76.057,39.1796],[-76.0524,39.1798],[-76.0475,39.1783],[-76.0425,39.1732],[-76.0446,39.1677],[-76.0484,39.1665],[-76.0534,39.1622],[-76.0642,39.1576],[-76.0669,39.1589],[-76.065,39.1608],[-76.0734,39.1587],[-76.0735,39.1602],[-76.0755,39.1614],[-76.0758,39.1578],[-76.0739,39.157],[-76.0843,39.1511],[-76.0873,39.153],[-76.0889,39.1558],[-76.0912,39.1556],[-76.0936,39.1525],[-76.0904,39.1543],[-76.0866,39.1509],[-76.0865,39.1485],[-76.083,39.1423],[-76.075,39.138],[-76.0768,39.1361],[-76.0843,39.1343],[-76.0881,39.1353],[-76.0897,39.1383],[-76.0911,39.1348],[-76.0933,39.1373],[-76.0952,39.137],[-76.0953,39.1386],[-76.0995,39.1397],[-76.0966,39.1371],[-76.0975,39.1345],[-76.0957,39.1334],[-76.0942,39.1347],[-76.092,39.1323],[-76.0964,39.1298],[-76.1006,39.1291],[-76.1029,39.1301],[-76.1034,39.1287],[-76.101,39.1276],[-76.1026,39.1242],[-76.1042,39.1247],[-76.1059,39.1281],[-76.1052,39.1292],[-76.108,39.1332],[-76.1074,39.1285],[-76.1079,39.1271],[-76.1105,39.1263],[-76.1064,39.1262],[-76.1057,39.1247],[-76.1073,39.1232],[-76.1043,39.1226],[-76.1088,39.1198],[-76.1134,39.1139],[-76.1187,39.1105],[-76.1187,39.1092],[-76.123,39.1118],[-76.122,39.1154],[-76.124,39.1185],[-76.1301,39.1205],[-76.1338,39.1181],[-76.1364,39.1122],[-76.1433,39.1057],[-76.1476,39.1061],[-76.152,39.1088],[-76.1553,39.1059],[-76.1622,39.1036],[-76.1643,39.0993],[-76.1686,39.0974],[-76.1683,39.0953],[-76.1642,39.0967],[-76.1651,39.0954],[-76.1698,39.0948],[-76.1705,39.1012],[-76.1636,39.1118],[-76.1649,39.119],[-76.1613,39.1212],[-76.158,39.1205],[-76.1583,39.1228],[-76.1522,39.1242],[-76.1495,39.1231],[-76.148,39.1196],[-76.1474,39.1215],[-76.1495,39.1248],[-76.1451,39.1257],[-76.1472,39.1279],[-76.1467,39.1318],[-76.14,39.134],[-76.1411,39.135],[-76.1398,39.1355],[-76.1416,39.1369],[-76.1401,39.1387],[-76.1401,39.1414],[-76.1363,39.1412],[-76.1351,39.1438],[-76.1313,39.1439],[-76.1292,39.1414],[-76.122,39.1425],[-76.129,39.1423],[-76.1294,39.1433],[-76.1268,39.1461],[-76.1328,39.1448],[-76.1349,39.1474],[-76.1366,39.1472],[-76.1384,39.1443],[-76.1432,39.144],[-76.1448,39.1465],[-76.1432,39.1467],[-76.142,39.1494],[-76.1473,39.1474],[-76.1465,39.1521],[-76.1476,39.1539],[-76.1463,39.1596],[-76.1403,39.1634],[-76.1371,39.1644],[-76.1353,39.1611],[-76.1306,39.1603],[-76.1301,39.1629],[-76.1284,39.1639],[-76.1251,39.1625],[-76.1227,39.1633],[-76.1223,39.1662],[-76.1259,39.1683],[-76.1209,39.1722],[-76.1203,39.1757],[-76.122,39.1751],[-76.1223,39.1724],[-76.1278,39.1684],[-76.1273,39.1658],[-76.1293,39.1657],[-76.1309,39.164],[-76.1334,39.1635],[-76.1367,39.1663],[-76.1395,39.1657],[-76.1405,39.1674],[-76.1414,39.1658],[-76.1452,39.1647],[-76.1448,39.1619],[-76.1464,39.1629],[-76.1499,39.1622],[-76.1471,39.1619],[-76.1499,39.16],[-76.1497,39.1577],[-76.1567,39.1586],[-76.1577,39.1563],[-76.1531,39.1577],[-76.1505,39.1569],[-76.1518,39.1535],[-76.1504,39.1513],[-76.1523,39.1498],[-76.1541,39.1505],[-76.156,39.1482],[-76.1608,39.148],[-76.1523,39.1464],[-76.1495,39.1442],[-76.1502,39.1428],[-76.1461,39.1421],[-76.1458,39.1385],[-76.1468,39.1357],[-76.1492,39.1342],[-76.1533,39.1352],[-76.1511,39.1317],[-76.1542,39.1276],[-76.1551,39.1291],[-76.1573,39.1295],[-76.163,39.1272],[-76.1643,39.1323],[-76.161,39.1358],[-76.1635,39.1338],[-76.1655,39.1359],[-76.1655,39.1328],[-76.1679,39.1322],[-76.1709,39.1357],[-76.1692,39.1399],[-76.172,39.1369],[-76.1747,39.1412],[-76.1775,39.1397],[-76.1786,39.1416],[-76.1762,39.1433],[-76.1771,39.1449],[-76.1751,39.1457],[-76.1788,39.1477],[-76.1767,39.1494],[-76.1784,39.1506],[-76.1772,39.1518],[-76.1799,39.1536],[-76.1758,39.1555],[-76.1773,39.1566],[-76.1809,39.156],[-76.1806,39.1591],[-76.1764,39.1619],[-76.1764,39.1633],[-76.1709,39.1637],[-76.175,39.1656],[-76.1758,39.1695],[-76.1727,39.1714],[-76.1716,39.1744],[-76.1671,39.1753],[-76.1717,39.1759],[-76.1738,39.1787],[-76.1746,39.172],[-76.1786,39.1702],[-76.1781,39.1686],[-76.1794,39.1667],[-76.1786,39.1652],[-76.1803,39.166],[-76.1792,39.1633],[-76.183,39.1624],[-76.1842,39.1592],[-76.1874,39.1613],[-76.1866,39.1723],[-76.1888,39.1756],[-76.1906,39.1763],[-76.1878,39.1707],[-76.1882,39.1689],[-76.1911,39.169],[-76.1885,39.1681],[-76.1891,39.1648],[-76.1898,39.1625],[-76.1944,39.1612],[-76.1949,39.1601],[-76.1914,39.1611],[-76.1848,39.1571],[-76.1827,39.1527],[-76.1874,39.1524],[-76.1828,39.1505],[-76.1826,39.1474],[-76.1856,39.1474],[-76.1809,39.1441],[-76.1875,39.1427],[-76.1969,39.143],[-76.1866,39.1414],[-76.1866,39.14],[-76.1825,39.1419],[-76.1839,39.1391],[-76.1796,39.1343],[-76.1818,39.1338],[-76.1801,39.1329],[-76.181,39.1324],[-76.1795,39.1311],[-76.1757,39.1326],[-76.1759,39.1305],[-76.1741,39.1298],[-76.1738,39.128],[-76.1694,39.1275],[-76.1717,39.1269],[-76.1701,39.1254],[-76.1734,39.1228],[-76.1722,39.121],[-76.1742,39.1202],[-76.1759,39.1219],[-76.1757,39.1233],[-76.1775,39.1229],[-76.1786,39.1241],[-76.1792,39.1223],[-76.1824,39.1217],[-76.1839,39.1246],[-76.1833,39.126],[-76.1853,39.1272],[-76.1866,39.1264],[-76.1894,39.1289],[-76.192,39.1287],[-76.1903,39.1279],[-76.1914,39.1269],[-76.1893,39.1274],[-76.1858,39.1247],[-76.1873,39.1211],[-76.1843,39.1188],[-76.1794,39.1197],[-76.1739,39.1178],[-76.1744,39.1161],[-76.1728,39.114],[-76.1737,39.113],[-76.1722,39.1122],[-76.1767,39.1104],[-76.1784,39.1105],[-76.1802,39.1128],[-76.1823,39.1112],[-76.1854,39.1115],[-76.1833,39.1091],[-76.1902,39.1087],[-76.1934,39.1098],[-76.1918,39.1081],[-76.192,39.1055],[-76.1887,39.1081],[-76.1832,39.106],[-76.1842,39.1021],[-76.1828,39.1018],[-76.1848,39.0985],[-76.1888,39.1011],[-76.188,39.0989],[-76.1839,39.0964],[-76.1948,39.0896],[-76.2018,39.096],[-76.2005,39.0983],[-76.2048,39.0998],[-76.202,39.1006],[-76.204,39.1006],[-76.2029,39.102],[-76.2065,39.1018],[-76.2078,39.0992],[-76.214,39.1019],[-76.2134,39.1041],[-76.2143,39.1057],[-76.213,39.1077],[-76.2077,39.1081],[-76.2089,39.1091],[-76.207,39.1113],[-76.2062,39.1086],[-76.2035,39.1087],[-76.2057,39.11],[-76.2056,39.1122],[-76.2038,39.1118],[-76.2024,39.1124],[-76.2069,39.1135],[-76.2046,39.1163],[-76.2028,39.116],[-76.2039,39.1169],[-76.2027,39.1178],[-76.2035,39.1192],[-76.2051,39.1208],[-76.2064,39.1214],[-76.2043,39.1178],[-76.2072,39.1147],[-76.2088,39.1147],[-76.208,39.1117],[-76.2142,39.1101],[-76.2168,39.1108],[-76.2168,39.1129],[-76.2202,39.1111],[-76.2215,39.1125],[-76.221,39.1136],[-76.2241,39.114],[-76.2244,39.1154],[-76.224,39.117],[-76.2222,39.1175],[-76.2222,39.1195],[-76.2197,39.1206],[-76.2208,39.1247],[-76.2194,39.1256],[-76.2268,39.1293],[-76.2255,39.1312],[-76.2275,39.1304],[-76.2278,39.129],[-76.2231,39.1263],[-76.2214,39.1232],[-76.2237,39.1181],[-76.2259,39.117],[-76.2281,39.1178],[-76.2264,39.1162],[-76.2267,39.1135],[-76.2243,39.1122],[-76.2245,39.1102],[-76.2227,39.1089],[-76.2179,39.1077],[-76.2202,39.106],[-76.2194,39.1045],[-76.2212,39.1033],[-76.226,39.1031],[-76.222,39.1017],[-76.2192,39.1024],[-76.2172,39.0999],[-76.2178,39.0979],[-76.2199,39.0967],[-76.2158,39.0975],[-76.2157,39.0947],[-76.2151,39.0964],[-76.2076,39.0926],[-76.2067,39.0891],[-76.2033,39.0863],[-76.2051,39.0831],[-76.2042,39.0766],[-76.2076,39.072],[-76.2114,39.0697],[-76.2115,39.0656],[-76.2093,39.0624],[-76.2087,39.0579],[-76.21,39.0552],[-76.211,39.0549],[-76.2111,39.0569],[-76.2154,39.0585],[-76.2136,39.0605],[-76.2147,39.0625],[-76.2137,39.0639],[-76.2161,39.0696],[-76.2158,39.0757],[-76.2194,39.0791],[-76.2178,39.0808],[-76.2197,39.085],[-76.2196,39.0808],[-76.2219,39.0814],[-76.2224,39.0792],[-76.2201,39.0774],[-76.2217,39.0763],[-76.2193,39.0754],[-76.2198,39.0741],[-76.2173,39.0665],[-76.2177,39.0603],[-76.2183,39.0584],[-76.2222,39.0558],[-76.2247,39.0561],[-76.226,39.0593],[-76.2271,39.0591],[-76.2261,39.0528],[-76.228,39.0536],[-76.2321,39.0661],[-76.2317,39.0828],[-76.235,39.0959],[-76.2463,39.114],[-76.249,39.1204],[-76.2481,39.121],[-76.25,39.1259],[-76.2505,39.1326],[-76.2549,39.134],[-76.2614,39.1404],[-76.2612,39.1454],[-76.2575,39.1425],[-76.2541,39.146],[-76.2497,39.1411],[-76.246,39.141],[-76.2464,39.1466],[-76.2442,39.1472],[-76.2472,39.1498],[-76.2443,39.1535],[-76.2469,39.1528],[-76.2502,39.1468],[-76.2524,39.1516],[-76.2518,39.153],[-76.255,39.1562],[-76.2532,39.1577],[-76.2536,39.1603],[-76.248,39.1616],[-76.2528,39.1645],[-76.2501,39.1665],[-76.2492,39.169],[-76.2431,39.1704],[-76.2408,39.1687],[-76.2406,39.17],[-76.2429,39.1712],[-76.2475,39.1708],[-76.2524,39.1685],[-76.2527,39.1666],[-76.2551,39.1651],[-76.2536,39.1614],[-76.2574,39.161],[-76.2577,39.1544],[-76.2592,39.154],[-76.2568,39.1525],[-76.2559,39.1496],[-76.2612,39.1481],[-76.2657,39.1433],[-76.2664,39.1444],[-76.2634,39.1484],[-76.2638,39.152],[-76.2615,39.1592],[-76.2626,39.1613],[-76.262,39.1636],[-76.2632,39.165],[-76.2628,39.171],[-76.264,39.1651],[-76.263,39.1633],[-76.2639,39.1539],[-76.2659,39.1524],[-76.2655,39.149],[-76.2673,39.145],[-76.2783,39.1455],[-76.2782,39.1521],[-76.2721,39.1713],[-76.2666,39.1805],[-76.2558,39.1916],[-76.251,39.1992],[-76.2424,39.22],[-76.2304,39.2359],[-76.2232,39.2554],[-76.2146,39.2675],[-76.2112,39.2698],[-76.2108,39.2698],[-76.2097,39.2693],[-76.211,39.2697],[-76.2129,39.2673],[-76.2091,39.2655],[-76.2119,39.2639],[-76.2104,39.2591],[-76.2113,39.2567],[-76.2089,39.2534],[-76.2057,39.2517],[-76.2077,39.2491],[-76.2054,39.2475],[-76.2047,39.2451],[-76.2038,39.2449],[-76.2037,39.2481],[-76.2047,39.2497],[-76.1995,39.2504],[-76.196,39.2477],[-76.1923,39.2473],[-76.1901,39.2424],[-76.1873,39.2419],[-76.1872,39.2404],[-76.1831,39.2377],[-76.1848,39.2437],[-76.1867,39.2446],[-76.1801,39.2444],[-76.1777,39.2457],[-76.1875,39.2462],[-76.1917,39.2509],[-76.193,39.2498],[-76.1948,39.2509],[-76.1959,39.2534],[-76.1934,39.2566],[-76.1975,39.2537],[-76.2008,39.2549],[-76.2022,39.2601],[-76.2042,39.2613],[-76.2042,39.2632],[-76.2023,39.2649],[-76.2027,39.2667],[-76.2056,39.2671],[-76.2018,39.2714],[-76.202,39.2758],[-76.2,39.2801],[-76.1952,39.28],[-76.1893,39.2819],[-76.1857,39.2854],[-76.1832,39.291],[-76.181,39.2919],[-76.1759,39.2904],[-76.173,39.2885],[-76.1723,39.2871],[-76.1759,39.29],[-76.1755,39.2883],[-76.1687,39.2843],[-76.1715,39.2856],[-76.1732,39.2851],[-76.1733,39.2835],[-76.1712,39.2819],[-76.1725,39.2813],[-76.1726,39.2788],[-76.1713,39.2767],[-76.1729,39.2758],[-76.1696,39.2741],[-76.1715,39.2726],[-76.1713,39.2707],[-76.1743,39.2692],[-76.1693,39.2682],[-76.1712,39.2695],[-76.1662,39.2774],[-76.1624,39.2767],[-76.1594,39.2737],[-76.1576,39.2727],[-76.1593,39.2741],[-76.1572,39.2732],[-76.155,39.276],[-76.1519,39.2764],[-76.1499,39.2752],[-76.147,39.2754],[-76.1517,39.2765],[-76.1555,39.2762],[-76.1577,39.2735],[-76.1594,39.2748],[-76.1579,39.2743],[-76.1577,39.2789],[-76.1585,39.2776],[-76.1622,39.2779],[-76.1636,39.2794],[-76.1688,39.2786],[-76.1693,39.2813],[-76.1644,39.2892],[-76.162,39.2887],[-76.1634,39.2903],[-76.1603,39.2911],[-76.1591,39.2928],[-76.157,39.2926],[-76.1579,39.2942],[-76.1541,39.2961],[-76.1632,39.293],[-76.1662,39.2894],[-76.1688,39.2896],[-76.1685,39.2867],[-76.1691,39.2896],[-76.1681,39.2946],[-76.1746,39.299],[-76.178,39.2989],[-76.1786,39.301],[-76.1766,39.3047],[-76.1772,39.3076],[-76.1791,39.3101],[-76.185,39.3115],[-76.1865,39.3134],[-76.1858,39.3192],[-76.1747,39.324],[-76.1704,39.3321],[-76.1597,39.3359],[-76.1534,39.3356],[-76.1514,39.3342],[-76.1455,39.3344],[-76.1424,39.3273],[-76.1449,39.3283],[-76.1474,39.3276],[-76.1479,39.3238],[-76.1495,39.3224],[-76.1471,39.3188],[-76.1474,39.3154],[-76.1458,39.3148],[-76.1461,39.317],[-76.1423,39.318],[-76.1432,39.3213],[-76.1411,39.3226],[-76.1398,39.322],[-76.1392,39.3233],[-76.137,39.3218],[-76.1336,39.3216],[-76.1313,39.3182],[-76.1253,39.316],[-76.1242,39.3139],[-76.1183,39.3123],[-76.1201,39.3144],[-76.1231,39.315],[-76.1235,39.3166],[-76.1299,39.319],[-76.1306,39.3226],[-76.1324,39.3238],[-76.1377,39.326],[-76.1436,39.3247],[-76.1451,39.3255],[-76.1408,39.3278],[-76.1378,39.3323],[-76.1297,39.3337],[-76.125,39.3285],[-76.1273,39.3251],[-76.123,39.3226],[-76.118,39.3238],[-76.1146,39.3219],[-76.1105,39.3237],[-76.1073,39.323],[-76.1045,39.3247],[-76.1037,39.3237],[-76.1046,39.3219],[-76.101,39.3202],[-76.0909,39.3212],[-76.0919,39.3196],[-76.0913,39.3182],[-76.0857,39.3181],[-76.0879,39.3206],[-76.0885,39.3244],[-76.0935,39.3242],[-76.0969,39.3264],[-76.0956,39.3311],[-76.0999,39.3259],[-76.1053,39.3271],[-76.1131,39.325],[-76.1188,39.3262],[-76.1201,39.3305],[-76.1257,39.334],[-76.12,39.3344],[-76.1186,39.3361],[-76.1294,39.337],[-76.1328,39.3336],[-76.133,39.3401],[-76.137,39.3444],[-76.1359,39.3496],[-76.1334,39.3523],[-76.1164,39.3609],[-76.1123,39.3708],[-76.1101,39.3723],[-76.0847,39.3703],[-76.0564,39.3712],[-76.0329,39.3674],[-76.0305,39.3659],[-76.0388,39.3676],[-76.0422,39.3626],[-76.0419,39.3609],[-76.0432,39.3605],[-76.0387,39.3613],[-76.0347,39.3594],[-76.0329,39.3613],[-76.0313,39.3611],[-76.0309,39.3574],[-76.0327,39.3549],[-76.0318,39.3518],[-76.0338,39.3509],[-76.0326,39.3498],[-76.0313,39.3504],[-76.0323,39.3481],[-76.0298,39.3497],[-76.0262,39.3549],[-76.0221,39.3552],[-76.0204,39.3522],[-76.0172,39.352],[-76.0193,39.3531],[-76.0196,39.3565],[-76.0249,39.3581],[-76.023,39.3619],[-76.0113,39.3665],[-76.005,39.3663],[-75.9957,39.3713],[-75.9923,39.3717],[-75.9899,39.3697],[-75.9887,39.3677],[-75.9919,39.3692],[-75.9912,39.3698],[-75.9922,39.3711],[-75.9949,39.371],[-75.9904,39.3672],[-75.9879,39.3669],[-75.9844,39.3632],[-75.987,39.361],[-75.986,39.3591],[-75.9893,39.3579],[-75.9892,39.3558],[-75.9875,39.3575],[-75.9819,39.3578],[-75.984,39.3554],[-75.9833,39.352],[-75.9797,39.3537],[-75.9808,39.351],[-75.9803,39.349],[-75.9774,39.3483],[-75.9782,39.3438],[-75.9765,39.3452],[-75.9732,39.3444],[-75.974,39.3476],[-75.9771,39.3511],[-75.9758,39.355],[-75.974,39.356],[-75.9745,39.3568],[-75.9782,39.3558],[-75.9777,39.3591],[-75.9833,39.3608],[-75.9714,39.3652],[-75.9673,39.3719],[-75.9557,39.3715],[-75.9507,39.3693],[-75.9523,39.3687],[-75.9518,39.3675],[-75.9469,39.3657],[-75.9498,39.3576],[-75.9543,39.3537],[-75.9515,39.354],[-75.9505,39.3522],[-75.9473,39.357],[-75.9444,39.3557],[-75.9466,39.3583],[-75.9462,39.3598],[-75.9442,39.361],[-75.9439,39.3622],[-75.9449,39.3622],[-75.9399,39.365],[-75.9372,39.3653],[-75.937,39.3625],[-75.9332,39.3609],[-75.936,39.3646],[-75.9317,39.3696],[-75.9321,39.3685],[-75.9288,39.3682],[-75.9258,39.3647],[-75.9226,39.3635],[-75.9246,39.3621],[-75.9242,39.3609],[-75.9265,39.3574],[-75.9293,39.3556],[-75.9292,39.3542],[-75.9278,39.3526],[-75.9273,39.3549],[-75.9244,39.3563],[-75.9237,39.3537],[-75.921,39.3537],[-75.9215,39.3511],[-75.9183,39.3491],[-75.9194,39.3471],[-75.9185,39.3454],[-75.9155,39.3445],[-75.9173,39.3476],[-75.9149,39.3505],[-75.9183,39.3529],[-75.9179,39.3545],[-75.921,39.356],[-75.9169,39.3612],[-75.9185,39.3625],[-75.9164,39.3641],[-75.9108,39.3619],[-75.8935,39.3633],[-75.8945,39.3612],[-75.893,39.3602],[-75.8936,39.358],[-75.8969,39.3573],[-75.8965,39.3543],[-75.8944,39.3536],[-75.894,39.3562],[-75.8913,39.3582],[-75.8906,39.3609],[-75.8877,39.3592],[-75.8831,39.3597],[-75.8811,39.3641],[-75.8796,39.3641],[-75.8782,39.3615],[-75.8741,39.362],[-75.8747,39.3591],[-75.8726,39.3581],[-75.8733,39.3567],[-75.8716,39.3546],[-75.8724,39.3528],[-75.871,39.3515],[-75.8702,39.352],[-75.8716,39.3533],[-75.8705,39.3549],[-75.8715,39.3584],[-75.8732,39.3596],[-75.8721,39.3624],[-75.876,39.3644],[-75.8681,39.3663],[-75.8662,39.3648],[-75.8618,39.3659],[-75.8574,39.3609],[-75.8581,39.3583],[-75.8552,39.3581],[-75.8551,39.3561],[-75.8485,39.3534],[-75.8528,39.3564],[-75.8536,39.3588],[-75.8555,39.3594],[-75.8543,39.3626],[-75.8497,39.3668],[-75.8465,39.3656],[-75.8429,39.3661],[-75.8406,39.3709],[-75.8368,39.369],[-75.8333,39.3689],[-75.8326,39.3664],[-75.8284,39.368],[-75.8291,39.3689],[-75.8315,39.3683],[-75.8356,39.3711],[-75.8353,39.3722],[-75.8301,39.374],[-75.829,39.3764],[-75.8261,39.3777],[-75.8238,39.3806],[-75.8188,39.3815],[-75.8168,39.3796],[-75.8095,39.3797],[-75.8092,39.3781],[-75.8062,39.3768],[-75.8062,39.3752],[-75.8018,39.3779],[-75.7957,39.3772],[-75.7942,39.3797],[-75.7894,39.3811],[-75.7847,39.3802],[-75.7844,39.3825]]]]}},{"type":"Feature","properties":{"leaid":"2400480","name":"Montgomery County Public Schools","kind":"Unified","gradeLow":"PK","gradeHigh":"12","state":"MD"},"geometry":{"type":"Polygon","coordinates":[[[-76.8885,39.131],[-76.8943,39.1239],[-76.9029,39.1211],[-76.9024,39.1203],[-76.9073,39.1179],[-76.9039,39.1146],[-76.9088,39.1038],[-76.9105,39.1032],[-76.9098,39.1025],[-76.9176,39.0913],[-76.9911,38.9924],[-76.9848,38.9872],[-76.9867,38.9792],[-76.9857,38.9773],[-76.9942,38.9753],[-77.0024,38.9657],[-77.0409,38.9958],[-77.1193,38.9348],[-77.1229,38.9383],[-77.1282,38.9409],[-77.1353,38.9536],[-77.1451,38.9631],[-77.1488,38.965],[-77.1589,38.9659],[-77.1647,38.9677],[-77.1698,38.9663],[-77.1814,38.9688],[-77.1888,38.9675],[-77.1941,38.9682],[-77.1978,38.9667],[-77.2081,38.9702],[-77.2115,38.9693],[-77.2237,38.9721],[-77.2299,38.9797],[-77.2323,38.9793],[-77.2352,38.9761],[-77.24,38.9808],[-77.245,38.9827],[-77.2486,38.9926],[-77.25,38.9946],[-77.2529,38.9955],[-77.2558,39.0017],[-77.2533,39.0092],[-77.2454,39.0175],[-77.2449,39.0215],[-77.2466,39.025],[-77.2547,39.0297],[-77.275,39.0343],[-77.2919,39.0458],[-77.3047,39.0514],[-77.3197,39.0534],[-77.3268,39.0574],[-77.3336,39.0594],[-77.3342,39.0613],[-77.3401,39.0629],[-77.3683,39.0616],[-77.3858,39.0621],[-77.3984,39.0647],[-77.4207,39.0663],[-77.4342,39.0701],[-77.4525,39.0724],[-77.4606,39.0748],[-77.4688,39.0853],[-77.4687,39.0894],[-77.4735,39.094],[-77.479,39.1034],[-77.4854,39.1093],[-77.5159,39.1187],[-77.5207,39.1214],[-77.5252,39.1293],[-77.5277,39.1447],[-77.5273,39.147],[-77.5246,39.1494],[-77.5186,39.1677],[-77.5108,39.1788],[-77.5057,39.182],[-77.4858,39.186],[-77.4787,39.1897],[-77.4751,39.1954],[-77.476,39.2018],[-77.4738,39.2084],[-77.4588,39.2203],[-77.3964,39.248],[-77.1688,39.3535],[-77.1838,39.3455],[-77.1871,39.3406],[-77.1868,39.3382],[-77.1846,39.3361],[-77.1815,39.3293],[-77.1733,39.3205],[-77.1703,39.3131],[-77.1664,39.3118],[-77.1646,39.3074],[-77.1623,39.3079],[-77.1598,39.3049],[-77.1491,39.2993],[-77.1436,39.293],[-77.1401,39.2921],[-77.1402,39.2893],[-77.1379,39.2881],[-77.14,39.2831],[-77.1341,39.2766],[-77.1338,39.2706],[-77.1315,39.2701],[-77.1303,39.2683],[-77.1167,39.2675],[-77.1138,39.2645],[-77.1058,39.2643],[-77.1036,39.266],[-77.0821,39.26],[-77.0774,39.2563],[-77.0715,39.255],[-77.0697,39.2526],[-77.0656,39.251],[-77.0621,39.2472],[-77.0607,39.243],[-77.0617,39.2415],[-77.06,39.2402],[-77.0577,39.2402],[-77.0558,39.2383],[-77.0448,39.2377],[-77.0359,39.2297],[-77.0345,39.2261],[-77.0321,39.2244],[-77.0323,39.2203],[-77.0193,39.2129],[-77.0176,39.2098],[-77.0094,39.2067],[-77.0122,39.1952],[-77.0042,39.1923],[-77.0043,39.1893],[-77.0085,39.1817],[-77.0049,39.1792],[-76.9989,39.1778],[-77.0055,39.1761],[-77.0043,39.1743],[-76.9975,39.1745],[-77.0014,39.1709],[-77.001,39.1695],[-76.9972,39.1664],[-76.9875,39.1664],[-76.9733,39.1621],[-76.9739,39.1586],[-76.9767,39.154],[-76.9754,39.1496],[-76.965,39.1486],[-76.9622,39.1457],[-76.9561,39.1448],[-76.9521,39.1463],[-76.9507,39.1453],[-76.9499,39.144],[-76.9529,39.1428],[-76.9531,39.139],[-76.9555,39.1381],[-76.9585,39.134],[-76.9467,39.1294],[-76.9437,39.1321],[-76.9383,39.1328],[-76.9334,39.1366],[-76.9282,39.1383],[-76.9264,39.1353],[-76.9185,39.1317],[-76.9154,39.1268],[-76.9067,39.1254],[-76.8987,39.1265],[-76.8885,39.131]]]}},{"type":"Feature","properties":{"leaid":"2400510","name":"Prince George's County Public Schools","kind":"Unified","gradeLow":"PK","gradeHigh":"12","state":"MD"},"geometry":{"type":"MultiPolygon","coordinates":[[[[-77.0863,38.7063],[-77.0864,38.7062],[-77.0862,38.7063],[-77.0863,38.7063]]],[[[-77.0827,38.7074],[-77.0829,38.7074],[-77.0824,38.7076],[-77.0827,38.7074]]],[[[-77.0679,38.71],[-77.0542,38.7099],[-77.0617,38.7095],[-77.0679,38.71]]],[[[-77.0757,38.7128],[-77.0756,38.7128],[-77.0757,38.7128],[-77.0757,38.7128]]],[[[-77.0758,38.7129],[-77.0758,38.7128],[-77.076,38.7129],[-77.0758,38.7129]]],[[[-77.0743,38.7129],[-77.0742,38.7126],[-77.0748,38.7127],[-77.0743,38.7129]]],[[[-77.0798,38.7127],[-77.0761,38.7129],[-77.0795,38.7121],[-77.08,38.7092],[-77.0807,38.7113],[-77.0798,38.7127]]],[[[-77.0431,38.7398],[-77.041,38.7379],[-77.0414,38.7245],[-77.0423,38.7185],[-77.0455,38.7143],[-77.0527,38.7102],[-77.0462,38.7144],[-77.0433,38.7187],[-77.0415,38.7258],[-77.0416,38.7368],[-77.0431,38.7398]]],[[[-77.0418,38.7429],[-77.0423,38.7412],[-77.0422,38.7436],[-77.0418,38.7429]]],[[[-76.7144,38.7793],[-76.7144,38.7789],[-76.7144,38.7798],[-76.7144,38.7793]]],[[[-76.7138,38.7823],[-76.714,38.7819],[-76.7134,38.783],[-76.7138,38.7823]]],[[[-76.7116,38.7845],[-76.7118,38.7845],[-76.7118,38.7845],[-76.7116,38.7845]]],[[[-76.708,38.7852],[-76.7086,38.7852],[-76.7066,38.7856],[-76.708,38.7852]]],[[[-77.0395,38.7905],[-77.0392,38.7903],[-77.0405,38.7904],[-77.0395,38.7905]]],[[[-77.0386,38.7915],[-77.0394,38.7916],[-77.0386,38.7919],[-77.0386,38.7915]]],[[[-76.7051,38.7861],[-76.7022,38.7889],[-76.7063,38.7925],[-76.7021,38.7897],[-76.702,38.7887],[-76.7024,38.7879],[-76.7051,38.7861]]],[[[-76.7107,38.7976],[-76.7105,38.7971],[-76.7107,38.7979],[-76.7107,38.7976]]],[[[-76.7101,38.7997],[-76.7097,38.8009],[-76.7089,38.802],[-76.7098,38.8006],[-76.7101,38.7997]]],[[[-76.7082,38.804],[-76.7089,38.8022],[-76.7081,38.805],[-76.7082,38.804]]],[[[-76.7089,38.8065],[-76.7083,38.8054],[-76.71,38.8074],[-76.7089,38.8065]]],[[[-76.7116,38.8148],[-76.712,38.8141],[-76.712,38.8146],[-76.7116,38.8148]]],[[[-76.7089,38.8164],[-76.7089,38.8164],[-76.7089,38.8164],[-76.7089,38.8164]]],[[[-76.8843,39.1269],[-76.8752,39.1167],[-76.8701,39.1127],[-76.8629,39.1103],[-76.8566,39.1107],[-76.8441,39.1073],[-76.8411,39.1055],[-76.8408,39.1035],[-76.8376,39.1007],[-76.8377,39.0969],[-76.8278,39.0946],[-76.8271,39.0898],[-76.8349,39.0829],[-76.8324,39.0761],[-76.8381,39.0736],[-76.8365,39.0684],[-76.8316,39.0692],[-76.8292,39.0645],[-76.8267,39.0658],[-76.8179,39.0618],[-76.816,39.0626],[-76.8101,39.0609],[-76.8042,39.0626],[-76.8014,39.0559],[-76.7957,39.0546],[-76.7945,39.0532],[-76.7924,39.046],[-76.7876,39.0446],[-76.7839,39.0463],[-76.7749,39.0449],[-76.7737,39.0438],[-76.775,39.0423],[-76.7741,39.041],[-76.7703,39.0409],[-76.769,39.0389],[-76.7654,39.0404],[-76.7622,39.0352],[-76.7558,39.0377],[-76.7477,39.0336],[-76.7503,39.0308],[-76.7463,39.0286],[-76.7437,39.0251],[-76.7428,39.0205],[-76.7446,39.0174],[-76.7409,39.0146],[-76.7404,39.0129],[-76.7375,39.0123],[-76.7333,39.0068],[-76.7283,39.0074],[-76.7255,39.0059],[-76.724,39.0042],[-76.7256,38.9989],[-76.721,38.9997],[-76.7131,38.9948],[-76.7116,38.9954],[-76.7057,38.9889],[-76.6983,38.9836],[-76.6986,38.9814],[-76.7025,38.9795],[-76.7024,38.977],[-76.701,38.9757],[-76.7018,38.9737],[-76.704,38.973],[-76.7037,38.9715],[-76.6993,38.9689],[-76.699,38.9627],[-76.6952,38.9594],[-76.694,38.9564],[-76.6933,38.9519],[-76.6954,38.9482],[-76.6912,38.9416],[-76.6922,38.9363],[-76.6899,38.9339],[-76.6814,38.9313],[-76.6828,38.9265],[-76.6903,38.9249],[-76.6906,38.9235],[-76.6862,38.918],[-76.6832,38.9191],[-76.6792,38.9163],[-76.6779,38.9137],[-76.6785,38.9105],[-76.67,38.9065],[-76.6696,38.9037],[-76.6715,38.8994],[-76.6763,38.8959],[-76.6763,38.8919],[-76.6718,38.8876],[-76.6755,38.8854],[-76.6768,38.8755],[-76.6807,38.8723],[-76.6825,38.8673],[-76.6884,38.8643],[-76.6915,38.8598],[-76.6922,38.8576],[-76.6912,38.8544],[-76.6983,38.843],[-76.6997,38.8368],[-76.6964,38.8227],[-76.697,38.8188],[-76.7018,38.8155],[-76.7088,38.8166],[-76.7115,38.8156],[-76.7124,38.8139],[-76.712,38.8093],[-76.7087,38.8049],[-76.7112,38.7985],[-76.711,38.7967],[-76.7027,38.7888],[-76.7065,38.7858],[-76.7124,38.7848],[-76.7161,38.7911],[-76.7172,38.7914],[-76.7205,38.7912],[-76.7206,38.7956],[-76.7282,38.7982],[-76.7295,38.797],[-76.7281,38.7978],[-76.7209,38.7955],[-76.7211,38.7911],[-76.7158,38.7902],[-76.7155,38.7886],[-76.7184,38.7889],[-76.7201,38.7882],[-76.7212,38.7867],[-76.7183,38.7888],[-76.7152,38.7882],[-76.7128,38.7844],[-76.7151,38.7805],[-76.714,38.7755],[-76.703,38.7689],[-76.6988,38.7501],[-76.6945,38.7481],[-76.6877,38.7482],[-76.6855,38.7463],[-76.6851,38.7369],[-76.6929,38.7371],[-76.6965,38.7343],[-76.6948,38.7263],[-76.6954,38.7229],[-76.7026,38.7115],[-76.7016,38.7077],[-76.6962,38.7025],[-76.6956,38.7003],[-76.6961,38.6983],[-76.697,38.6994],[-76.7,38.698],[-76.7032,38.6936],[-76.7032,38.691],[-76.701,38.6879],[-76.7007,38.6848],[-76.698,38.6825],[-76.6876,38.6802],[-76.6904,38.6752],[-76.6985,38.6731],[-76.7016,38.6684],[-76.6976,38.6638],[-76.6846,38.6613],[-76.6849,38.6564],[-76.6931,38.6479],[-76.6939,38.6365],[-76.6888,38.6289],[-76.6849,38.6266],[-76.6793,38.6259],[-76.6742,38.6185],[-76.6763,38.6104],[-76.6759,38.5995],[-76.6807,38.5941],[-76.6793,38.5927],[-76.6842,38.5886],[-76.6867,38.5846],[-76.6864,38.5773],[-76.6847,38.5734],[-76.6817,38.5711],[-76.6844,38.569],[-76.6847,38.5668],[-76.684,38.563],[-76.6823,38.5618],[-76.6825,38.5573],[-76.6792,38.5469],[-76.6804,38.5453],[-76.6796,38.5424],[-76.683,38.5393],[-76.685,38.541],[-76.6899,38.54],[-76.6903,38.5429],[-76.6934,38.545],[-76.6973,38.5449],[-76.7004,38.5432],[-76.7011,38.5455],[-76.7041,38.5471],[-76.7061,38.5454],[-76.7045,38.5431],[-76.7065,38.5432],[-76.7078,38.5465],[-76.7118,38.5489],[-76.7129,38.5477],[-76.7163,38.548],[-76.7151,38.5498],[-76.7233,38.5514],[-76.7312,38.5552],[-76.7333,38.5574],[-76.7375,38.5571],[-76.7406,38.5588],[-76.7399,38.5647],[-76.7417,38.5659],[-76.7394,38.5676],[-76.741,38.5705],[-76.7397,38.5729],[-76.7423,38.5766],[-76.7411,38.5788],[-76.7427,38.5824],[-76.7426,38.5939],[-76.7455,38.5967],[-76.7464,38.5995],[-76.7458,38.6053],[-76.7473,38.6167],[-76.7485,38.6182],[-76.7608,38.6206],[-76.863,38.6586],[-76.8687,38.6579],[-76.8791,38.659],[-76.8823,38.657],[-76.8885,38.6571],[-76.8904,38.655],[-76.8983,38.6546],[-76.9047,38.6516],[-76.9112,38.6529],[-76.9168,38.6525],[-76.9271,38.6548],[-76.9397,38.6545],[-76.9468,38.659],[-76.9579,38.6588],[-76.9657,38.6613],[-76.9705,38.6604],[-76.9725,38.6584],[-76.9894,38.6564],[-76.9914,38.6572],[-76.9991,38.6542],[-77.0019,38.6548],[-77.0201,38.6476],[-77.0224,38.6421],[-77.0263,38.6386],[-77.0271,38.6348],[-77.0384,38.6299],[-77.04,38.626],[-77.0458,38.6207],[-77.0478,38.6162],[-77.0775,38.6913],[-77.067,38.6964],[-77.0583,38.6964],[-77.0554,38.6937],[-77.0521,38.6978],[-77.0433,38.7027],[-77.0447,38.7005],[-77.0452,38.7015],[-77.0449,38.6979],[-77.0374,38.6961],[-77.0347,38.6966],[-77.0328,38.6947],[-77.0298,38.6943],[-77.0271,38.6962],[-77.0233,38.6937],[-77.0229,38.6953],[-77.019,38.6958],[-77.0149,38.6952],[-77.0115,38.6922],[-77.0079,38.6948],[-77.0038,38.6941],[-77.0041,38.695],[-77.0029,38.6949],[-77.0042,38.6954],[-76.9985,38.6957],[-76.9959,38.6971],[-77.005,38.6953],[-77.0067,38.6959],[-77.0029,38.6978],[-76.9964,38.6985],[-77.0031,38.6984],[-77.0074,38.6962],[-77.0084,38.6967],[-77.0057,38.699],[-77.0113,38.7013],[-77.0304,38.7037],[-77.0311,38.7063],[-77.0344,38.7081],[-77.0368,38.7126],[-77.0195,38.7238],[-77.0166,38.7236],[-77.0142,38.7217],[-77.0135,38.7227],[-77.0156,38.7241],[-77.0151,38.725],[-77.0168,38.7245],[-77.0163,38.7259],[-77.0206,38.7238],[-77.0213,38.725],[-77.0224,38.723],[-77.026,38.7238],[-77.0236,38.7225],[-77.0261,38.7208],[-77.0306,38.7205],[-77.0319,38.7215],[-77.0293,38.74],[-77.0267,38.7424],[-77.0193,38.7453],[-77.0097,38.7437],[-77.0069,38.7459],[-77.0045,38.7456],[-77.0064,38.7475],[-77.0071,38.7463],[-77.0089,38.7471],[-77.0079,38.748],[-77.0106,38.7499],[-77.0265,38.7544],[-77.0307,38.7732],[-77.0221,38.7803],[-77.017,38.7922],[-77.0237,38.7932],[-77.0227,38.7911],[-77.0254,38.7934],[-77.0267,38.7964],[-77.0237,38.7945],[-77.0198,38.7958],[-77.0233,38.7994],[-77.0248,38.7954],[-77.0257,38.8018],[-77.021,38.8057],[-77.0158,38.8051],[-77.0133,38.8089],[-77.0087,38.8114],[-77.0145,38.8092],[-77.0157,38.8098],[-76.9094,38.8929],[-76.9416,38.9184],[-76.9383,38.9223],[-76.939,38.9326],[-76.938,38.9332],[-76.9398,38.9381],[-76.9406,38.9373],[-76.9437,38.9397],[-76.9439,38.9424],[-76.9372,38.9469],[-76.9297,38.9528],[-76.9248,38.9609],[-76.9218,38.9633],[-76.92,38.9686],[-76.9175,38.9708],[-76.9174,38.9722],[-76.919,38.9747],[-76.9167,38.9786],[-76.9194,38.9747],[-76.9179,38.9708],[-76.9204,38.9688],[-76.9222,38.9637],[-76.9256,38.9606],[-76.9299,38.953],[-76.9441,38.9428],[-76.9461,38.9449],[-76.9526,38.9482],[-76.9548,38.9491],[-76.9575,38.949],[-76.9618,38.9539],[-76.963,38.9541],[-76.9658,38.9527],[-76.9744,38.9564],[-76.9661,38.9523],[-76.962,38.9537],[-76.9578,38.9488],[-76.9543,38.9487],[-76.9451,38.9438],[-76.9442,38.9396],[-76.9415,38.9373],[-76.9397,38.9309],[-76.9391,38.9231],[-76.9422,38.9188],[-77.0024,38.9657],[-76.9942,38.9753],[-76.9857,38.9773],[-76.9867,38.9792],[-76.9848,38.9872],[-76.9911,38.9924],[-76.9176,39.0913],[-76.9098,39.1025],[-76.9105,39.1032],[-76.9088,39.1038],[-76.9039,39.1146],[-76.9073,39.1179],[-76.9024,39.1203],[-76.9029,39.1211],[-76.8943,39.1239],[-76.8883,39.1313],[-76.8857,39.1313],[-76.8843,39.1269]]]]}},{"type":"Feature","properties":{"leaid":"2400540","name":"Queen Annes County Public Schools","kind":"Unified","gradeLow":"PK","gradeHigh":"12","state":"MD"},"geometry":{"type":"MultiPolygon","coordinates":[[[[-76.3036,38.899],[-76.3055,38.8977],[-76.3084,38.8982],[-76.3071,38.8991],[-76.3036,38.899]]],[[[-76.2794,38.897],[-76.282,38.8967],[-76.2812,38.8981],[-76.2827,38.9007],[-76.2794,38.897]]],[[[-76.133,38.9068],[-76.1292,38.9035],[-76.1289,38.9012],[-76.1263,38.9005],[-76.1287,38.8966],[-76.1275,38.897],[-76.125,38.8952],[-76.1221,38.8962],[-76.1209,38.8939],[-76.1161,38.8923],[-76.1167,38.8906],[-76.1154,38.8887],[-76.111,38.8875],[-76.1083,38.8849],[-76.1047,38.8855],[-76.1045,38.8829],[-76.1177,38.8826],[-76.1221,38.8853],[-76.1222,38.8842],[-76.1253,38.8844],[-76.1261,38.8793],[-76.1287,38.8783],[-76.1295,38.882],[-76.1281,38.8854],[-76.1299,38.8852],[-76.1293,38.8839],[-76.1318,38.8846],[-76.1308,38.883],[-76.1318,38.8824],[-76.139,38.882],[-76.1397,38.8845],[-76.1379,38.8852],[-76.1365,38.8885],[-76.139,38.892],[-76.1404,38.8914],[-76.1387,38.8874],[-76.1397,38.886],[-76.1428,38.8873],[-76.1415,38.8847],[-76.1435,38.8846],[-76.1453,38.8863],[-76.1444,38.884],[-76.1492,38.8848],[-76.1532,38.883],[-76.1546,38.8853],[-76.1527,38.8862],[-76.1539,38.8879],[-76.1513,38.8899],[-76.1532,38.8903],[-76.1522,38.8923],[-76.1534,38.8923],[-76.1553,38.8902],[-76.1544,38.8891],[-76.156,38.8881],[-76.1556,38.8861],[-76.1575,38.8852],[-76.1557,38.8833],[-76.1588,38.8838],[-76.1594,38.8854],[-76.1596,38.8831],[-76.1606,38.8829],[-76.164,38.8856],[-76.1652,38.8845],[-76.1633,38.8834],[-76.1654,38.8824],[-76.1671,38.8794],[-76.1661,38.8777],[-76.1708,38.8773],[-76.167,38.876],[-76.1673,38.8743],[-76.1692,38.8742],[-76.1687,38.8732],[-76.17,38.871],[-76.1691,38.8691],[-76.1712,38.869],[-76.1753,38.872],[-76.1746,38.8711],[-76.1779,38.8708],[-76.1777,38.8685],[-76.1833,38.8696],[-76.182,38.8689],[-76.1832,38.8655],[-76.1861,38.8642],[-76.1894,38.871],[-76.1866,38.8732],[-76.1855,38.8759],[-76.1823,38.8751],[-76.1823,38.8763],[-76.1833,38.8784],[-76.1864,38.8792],[-76.1875,38.8835],[-76.1858,38.8854],[-76.1789,38.8802],[-76.1732,38.8794],[-76.1764,38.8807],[-76.1728,38.8863],[-76.1717,38.8869],[-76.1725,38.8851],[-76.171,38.8856],[-76.1684,38.8878],[-76.1659,38.8922],[-76.1621,38.8908],[-76.1647,38.8929],[-76.1648,38.894],[-76.1632,38.8944],[-76.1655,38.8956],[-76.1661,38.8942],[-76.1683,38.8941],[-76.1702,38.8958],[-76.1691,38.8987],[-76.1644,38.8993],[-76.1627,38.8984],[-76.164,38.9008],[-76.1676,38.9003],[-76.1667,38.902],[-76.1629,38.9037],[-76.1583,38.9015],[-76.1525,38.9021],[-76.1511,38.901],[-76.1523,38.8986],[-76.1504,38.8983],[-76.1493,38.9013],[-76.1439,38.9022],[-76.1433,38.899],[-76.1419,38.9002],[-76.1429,38.9023],[-76.141,38.9039],[-76.1376,38.9018],[-76.1388,38.9031],[-76.1377,38.9052],[-76.133,38.9068]]],[[[-76.2465,38.915],[-76.2426,38.9119],[-76.2437,38.9096],[-76.2427,38.9066],[-76.2517,38.9023],[-76.2508,38.9072],[-76.2476,38.9105],[-76.2492,38.913],[-76.2465,38.915]]],[[[-76.2857,38.9294],[-76.2856,38.9281],[-76.2875,38.928],[-76.2857,38.9294]]],[[[-76.2876,38.9323],[-76.2893,38.9296],[-76.2915,38.93],[-76.2876,38.935],[-76.2866,38.9346],[-76.2884,38.933],[-76.2876,38.9323]]],[[[-76.2482,38.9564],[-76.2534,38.9589],[-76.2528,38.961],[-76.251,38.9606],[-76.251,38.9588],[-76.2482,38.9564]]],[[[-76.2417,38.9833],[-76.2422,38.9827],[-76.2422,38.9834],[-76.2417,38.9833]]],[[[-76.301,39.032],[-76.3053,39.0318],[-76.305,39.0271],[-76.2974,39.0192],[-76.297,39.0135],[-76.2939,39.0064],[-76.294,39.0039],[-76.2838,38.9904],[-76.2806,38.9887],[-76.2862,38.9876],[-76.2836,38.9872],[-76.2855,38.9854],[-76.2845,38.9848],[-76.281,38.9874],[-76.277,38.9821],[-76.279,38.9823],[-76.2798,38.9787],[-76.2813,38.9778],[-76.2747,38.9764],[-76.2755,38.9787],[-76.2781,38.9792],[-76.2752,38.9832],[-76.2589,38.9838],[-76.26,38.9821],[-76.2631,38.9822],[-76.2617,38.9802],[-76.2647,38.9789],[-76.2635,38.9768],[-76.2615,38.978],[-76.2582,38.9764],[-76.2594,38.9693],[-76.2576,38.9707],[-76.2568,38.9752],[-76.2519,38.9762],[-76.2517,38.9783],[-76.2532,38.9804],[-76.2487,38.9822],[-76.2475,38.9814],[-76.2485,38.981],[-76.2479,38.9794],[-76.2464,38.98],[-76.2464,38.9815],[-76.2434,38.9809],[-76.2448,38.9791],[-76.2484,38.9782],[-76.2486,38.97],[-76.2469,38.9668],[-76.2484,38.9661],[-76.2497,38.9689],[-76.2509,38.9688],[-76.253,38.9664],[-76.2525,38.9652],[-76.2558,38.9621],[-76.2588,38.9617],[-76.26,38.964],[-76.2635,38.9639],[-76.2657,38.9654],[-76.2648,38.9631],[-76.261,38.9624],[-76.2608,38.96],[-76.2584,38.9581],[-76.26,38.9558],[-76.2622,38.9571],[-76.2629,38.9556],[-76.2661,38.9573],[-76.265,38.9548],[-76.2684,38.9554],[-76.2703,38.9536],[-76.2722,38.9561],[-76.272,38.9605],[-76.2747,38.962],[-76.273,38.9592],[-76.2741,38.9548],[-76.2728,38.9541],[-76.2761,38.9515],[-76.2699,38.9514],[-76.2681,38.9527],[-76.2646,38.9492],[-76.2634,38.9505],[-76.2642,38.9524],[-76.2625,38.954],[-76.2581,38.9531],[-76.256,38.9549],[-76.2565,38.956],[-76.2546,38.9563],[-76.2525,38.9544],[-76.2512,38.9547],[-76.2545,38.9492],[-76.2513,38.9495],[-76.2511,38.947],[-76.2551,38.9459],[-76.2514,38.944],[-76.2517,38.941],[-76.2501,38.9383],[-76.2543,38.9419],[-76.2532,38.9386],[-76.2556,38.9369],[-76.2571,38.938],[-76.2577,38.9361],[-76.2565,38.9356],[-76.2577,38.9345],[-76.2607,38.9351],[-76.2628,38.9374],[-76.259,38.9289],[-76.2561,38.9293],[-76.2567,38.9279],[-76.2548,38.9266],[-76.2497,38.9278],[-76.2481,38.9243],[-76.2488,38.9214],[-76.2544,38.9227],[-76.2562,38.9216],[-76.2557,38.9192],[-76.258,38.9189],[-76.2579,38.9215],[-76.259,38.9227],[-76.2594,38.9209],[-76.2622,38.92],[-76.2621,38.9219],[-76.2647,38.9246],[-76.2657,38.9319],[-76.2696,38.9351],[-76.2685,38.9365],[-76.2731,38.9419],[-76.2753,38.9416],[-76.2772,38.9386],[-76.284,38.9348],[-76.284,38.9362],[-76.2814,38.9374],[-76.2785,38.9419],[-76.2861,38.936],[-76.2875,38.937],[-76.2881,38.9419],[-76.2858,38.943],[-76.2852,38.9486],[-76.2818,38.9539],[-76.2827,38.9638],[-76.2836,38.9542],[-76.2859,38.9501],[-76.2896,38.9496],[-76.2918,38.9538],[-76.2918,38.9494],[-76.2875,38.9478],[-76.2877,38.9449],[-76.2915,38.9428],[-76.2905,38.9402],[-76.2931,38.9406],[-76.2901,38.9381],[-76.2912,38.9373],[-76.2908,38.9353],[-76.2949,38.9357],[-76.294,38.9341],[-76.2962,38.934],[-76.2943,38.9319],[-76.2958,38.9262],[-76.2995,38.9194],[-76.2983,38.9157],[-76.2939,38.9101],[-76.2959,38.9073],[-76.2942,38.9066],[-76.2924,38.9029],[-76.3,38.9015],[-76.2997,38.907],[-76.3022,38.9138],[-76.3029,38.9217],[-76.3056,38.9241],[-76.3098,38.9251],[-76.3116,38.9314],[-76.3084,38.9337],[-76.3056,38.9338],[-76.3065,38.937],[-76.3082,38.9374],[-76.3056,38.9395],[-76.3059,38.9407],[-76.3024,38.9386],[-76.2995,38.9421],[-76.3022,38.9413],[-76.3062,38.9453],[-76.3072,38.9518],[-76.3065,38.9542],[-76.3036,38.9565],[-76.301,38.956],[-76.3006,38.9586],[-76.2983,38.9588],[-76.2971,38.9649],[-76.2944,38.9669],[-76.2992,38.966],[-76.3012,38.9671],[-76.3025,38.9731],[-76.3012,38.975],[-76.3022,38.9766],[-76.2949,38.9795],[-76.2937,38.9831],[-76.295,38.9845],[-76.2952,38.9807],[-76.2992,38.9786],[-76.3031,38.9781],[-76.303,38.9796],[-76.3042,38.98],[-76.3048,38.9779],[-76.3034,38.9753],[-76.3078,38.9743],[-76.3048,38.9721],[-76.3054,38.9708],[-76.3027,38.9651],[-76.2996,38.9633],[-76.3016,38.9595],[-76.3051,38.9591],[-76.3063,38.957],[-76.308,38.9566],[-76.309,38.9534],[-76.312,38.9552],[-76.3128,38.9607],[-76.3116,38.9687],[-76.3154,38.9717],[-76.3164,38.976],[-76.3162,38.9711],[-76.3132,38.9681],[-76.3147,38.9587],[-76.3163,38.9576],[-76.3196,38.963],[-76.3207,38.9622],[-76.3182,38.9583],[-76.3189,38.9574],[-76.3221,38.9582],[-76.3158,38.9523],[-76.3189,38.9508],[-76.3128,38.9495],[-76.3133,38.9441],[-76.3154,38.9438],[-76.3159,38.9424],[-76.3174,38.9439],[-76.3153,38.945],[-76.3174,38.9448],[-76.3183,38.9462],[-76.32,38.9442],[-76.3219,38.946],[-76.3209,38.9479],[-76.3251,38.9482],[-76.3254,38.9495],[-76.3261,38.9476],[-76.3285,38.949],[-76.3306,38.9565],[-76.3338,38.9551],[-76.335,38.9568],[-76.3403,38.957],[-76.3371,38.9554],[-76.3424,38.9524],[-76.3366,38.9543],[-76.3321,38.9531],[-76.3324,38.9506],[-76.3361,38.952],[-76.3345,38.9496],[-76.3376,38.947],[-76.3364,38.945],[-76.3317,38.9488],[-76.3299,38.9471],[-76.3299,38.9453],[-76.3279,38.9443],[-76.3307,38.9426],[-76.3323,38.9392],[-76.3278,38.9424],[-76.3256,38.942],[-76.3221,38.9408],[-76.3208,38.9387],[-76.3147,38.9351],[-76.3144,38.9333],[-76.317,38.9319],[-76.3164,38.9299],[-76.3177,38.9267],[-76.3209,38.9284],[-76.3204,38.9247],[-76.3164,38.923],[-76.3177,38.9191],[-76.3159,38.915],[-76.3179,38.9113],[-76.325,38.9118],[-76.3238,38.9134],[-76.3243,38.9157],[-76.3277,38.9207],[-76.3279,38.9238],[-76.3297,38.9252],[-76.3296,38.92],[-76.3283,38.9182],[-76.3381,38.9214],[-76.3363,38.9157],[-76.34,38.9113],[-76.3435,38.9286],[-76.3458,38.9245],[-76.3436,38.9234],[-76.3444,38.9205],[-76.3427,38.9175],[-76.343,38.9156],[-76.3445,38.9142],[-76.3462,38.9145],[-76.3479,38.9124],[-76.3435,38.9135],[-76.3428,38.9078],[-76.3413,38.9069],[-76.338,38.9078],[-76.3361,38.906],[-76.3372,38.899],[-76.3392,38.8985],[-76.3405,38.8949],[-76.3466,38.8988],[-76.3452,38.8949],[-76.3402,38.8929],[-76.3405,38.8873],[-76.3385,38.8925],[-76.3347,38.8856],[-76.331,38.8643],[-76.334,38.8602],[-76.3406,38.8557],[-76.3393,38.8579],[-76.3409,38.8595],[-76.3378,38.8646],[-76.339,38.865],[-76.3393,38.869],[-76.3399,38.8697],[-76.3405,38.8628],[-76.3419,38.863],[-76.3429,38.8745],[-76.3434,38.8716],[-76.3459,38.8706],[-76.3442,38.8697],[-76.3437,38.8657],[-76.3453,38.8638],[-76.344,38.8634],[-76.3416,38.8582],[-76.3424,38.8554],[-76.3506,38.8574],[-76.351,38.858],[-76.3522,38.8586],[-76.3528,38.8587],[-76.3533,38.8595],[-76.3526,38.8599],[-76.3529,38.8606],[-76.3522,38.86],[-76.3528,38.8592],[-76.3515,38.859],[-76.3534,38.8625],[-76.3536,38.8611],[-76.3527,38.86],[-76.3534,38.8595],[-76.3531,38.8587],[-76.351,38.8572],[-76.361,38.8511],[-76.3599,38.853],[-76.3645,38.8535],[-76.3611,38.8518],[-76.364,38.8492],[-76.3663,38.8387],[-76.3681,38.8388],[-76.3668,38.8418],[-76.3709,38.8449],[-76.3681,38.8398],[-76.369,38.8388],[-76.3668,38.8384],[-76.3678,38.8364],[-76.3726,38.8389],[-76.3759,38.8381],[-76.3744,38.8466],[-76.3762,38.8505],[-76.3746,38.8554],[-76.3692,38.8629],[-76.3653,38.8716],[-76.3641,38.8839],[-76.3567,38.8872],[-76.3643,38.8854],[-76.3656,38.8942],[-76.3648,38.9155],[-76.3622,38.9275],[-76.3594,38.9268],[-76.3603,38.9288],[-76.3623,38.9293],[-76.3617,38.9392],[-76.3538,38.9572],[-76.3415,38.9739],[-76.3397,38.9749],[-76.3386,38.9725],[-76.3352,38.9703],[-76.3353,38.969],[-76.3342,38.9692],[-76.3353,38.9727],[-76.3371,38.9739],[-76.3343,38.9754],[-76.3334,38.9738],[-76.3316,38.9754],[-76.336,38.9755],[-76.3342,38.9794],[-76.3325,38.9793],[-76.3345,38.98],[-76.3346,38.9824],[-76.3332,38.9837],[-76.3336,38.9863],[-76.3262,38.9932],[-76.3227,38.9996],[-76.3237,39.0001],[-76.3223,39.0055],[-76.3236,39.009],[-76.3224,39.0168],[-76.3203,39.023],[-76.3153,39.0307],[-76.3107,39.0362],[-76.3023,39.0399],[-76.3014,39.0363],[-76.3023,39.0331],[-76.301,39.032]]],[[[-75.8543,39.2603],[-75.8457,39.2577],[-75.8397,39.2577],[-75.8391,39.2538],[-75.8366,39.2529],[-75.8345,39.2537],[-75.8262,39.2503],[-75.8212,39.2464],[-75.8102,39.2452],[-75.8063,39.242],[-75.8036,39.2441],[-75.8021,39.2423],[-75.7968,39.2413],[-75.7944,39.2438],[-75.7877,39.2432],[-75.7835,39.2455],[-75.7786,39.2464],[-75.7773,39.2455],[-75.7752,39.247],[-75.772,39.246],[-75.7678,39.2475],[-75.7565,39.2467],[-75.7478,39.1433],[-75.7587,39.1382],[-75.7748,39.1347],[-75.7911,39.1328],[-75.794,39.1298],[-75.7994,39.1283],[-75.8026,39.1244],[-75.8232,39.1151],[-75.8322,39.1086],[-75.8349,39.1084],[-75.8433,39.0905],[-75.8476,39.088],[-75.8469,39.0754],[-75.8486,39.0718],[-75.8621,39.06],[-75.8697,39.0573],[-75.8763,39.0475],[-75.8784,39.0472],[-75.8786,39.0456],[-75.876,39.0433],[-75.878,39.0388],[-75.8805,39.0378],[-75.8809,39.0349],[-75.8834,39.0325],[-75.8828,39.0279],[-75.8872,39.0266],[-75.8908,39.0225],[-75.8906,39.0185],[-75.8974,39.0143],[-75.8999,39.0145],[-75.9017,39.0171],[-75.9049,39.0163],[-75.9041,39.0104],[-75.9087,39.0107],[-75.9083,39.0089],[-75.9106,39.0045],[-75.9196,39.0001],[-75.922,38.9944],[-75.9294,38.991],[-75.9287,38.9884],[-75.9332,38.9862],[-75.9345,38.9803],[-75.9409,38.9766],[-75.9372,38.9743],[-75.9368,38.9718],[-75.9426,38.9677],[-75.9431,38.9661],[-75.9411,38.9648],[-75.9381,38.9591],[-75.9388,38.9576],[-75.9404,38.9581],[-75.9419,38.9566],[-75.9423,38.9498],[-75.9448,38.9475],[-75.9513,38.946],[-75.9504,38.9411],[-75.9474,38.9416],[-75.9471,38.94],[-75.9534,38.9382],[-75.948,38.9362],[-75.948,38.9319],[-75.9528,38.9296],[-75.9495,38.9238],[-75.9493,38.9183],[-76.0654,38.9398],[-76.0783,38.9402],[-76.0809,38.9411],[-76.0811,38.9426],[-76.0843,38.9412],[-76.0851,38.9423],[-76.0886,38.9425],[-76.0886,38.9442],[-76.0905,38.9451],[-76.097,38.9443],[-76.0982,38.942],[-76.1006,38.9421],[-76.1041,38.9396],[-76.1069,38.9395],[-76.1059,38.9419],[-76.1074,38.9429],[-76.108,38.9396],[-76.1054,38.937],[-76.1072,38.9321],[-76.1116,38.9277],[-76.112,38.9212],[-76.1145,38.9183],[-76.1167,38.9186],[-76.1156,38.9169],[-76.1173,38.9144],[-76.1132,38.9109],[-76.1163,38.9053],[-76.1162,38.9033],[-76.1123,38.902],[-76.1144,38.9007],[-76.1144,38.8989],[-76.1059,38.8934],[-76.1061,38.8917],[-76.1039,38.8898],[-76.1068,38.888],[-76.1106,38.8885],[-76.1139,38.8944],[-76.1199,38.8955],[-76.1221,38.9021],[-76.1262,38.9045],[-76.1271,38.9039],[-76.1258,38.9081],[-76.1289,38.9099],[-76.1354,38.9095],[-76.1357,38.9107],[-76.1337,38.9132],[-76.1352,38.9159],[-76.1361,38.9157],[-76.1352,38.9123],[-76.1383,38.9116],[-76.1396,38.9128],[-76.1397,38.9104],[-76.1384,38.9089],[-76.1372,38.9093],[-76.1381,38.9075],[-76.1423,38.9074],[-76.1463,38.9053],[-76.1522,38.9059],[-76.1532,38.9091],[-76.1544,38.9094],[-76.1612,38.9074],[-76.1663,38.9105],[-76.1647,38.9118],[-76.1675,38.9135],[-76.1651,38.9145],[-76.1642,38.9171],[-76.16,38.9164],[-76.1602,38.918],[-76.1587,38.9189],[-76.1566,38.9167],[-76.1572,38.9188],[-76.1534,38.9195],[-76.1498,38.9223],[-76.1496,38.9237],[-76.1524,38.9215],[-76.1555,38.9225],[-76.1559,38.9207],[-76.1638,38.9191],[-76.1615,38.9216],[-76.1636,38.9233],[-76.1593,38.9261],[-76.1642,38.9272],[-76.1643,38.9298],[-76.1635,38.9307],[-76.16,38.9299],[-76.1562,38.9326],[-76.1578,38.9361],[-76.1564,38.9378],[-76.1472,38.9378],[-76.1523,38.9396],[-76.1582,38.939],[-76.1549,38.9408],[-76.1563,38.9431],[-76.1552,38.9445],[-76.147,38.9437],[-76.1531,38.9452],[-76.1497,38.9481],[-76.1468,38.9487],[-76.1474,38.95],[-76.1546,38.9459],[-76.1572,38.946],[-76.1529,38.9479],[-76.1529,38.9514],[-76.1543,38.9527],[-76.1492,38.958],[-76.1507,38.9605],[-76.1516,38.957],[-76.1558,38.9531],[-76.1581,38.9575],[-76.1603,38.9576],[-76.1622,38.9595],[-76.1603,38.9599],[-76.1584,38.9643],[-76.1617,38.9655],[-76.1612,38.9687],[-76.1644,38.9699],[-76.1659,38.9738],[-76.1606,38.9769],[-76.1594,38.9745],[-76.1555,38.9762],[-76.1588,38.9756],[-76.1589,38.9773],[-76.1614,38.9774],[-76.1668,38.975],[-76.1676,38.9736],[-76.166,38.9696],[-76.1634,38.967],[-76.1634,38.9648],[-76.1603,38.9626],[-76.162,38.9615],[-76.1681,38.9639],[-76.1643,38.9613],[-76.1674,38.9589],[-76.1644,38.9596],[-76.1644,38.958],[-76.1624,38.9573],[-76.1636,38.9554],[-76.1588,38.9555],[-76.1595,38.9536],[-76.1636,38.9526],[-76.1583,38.9524],[-76.1564,38.9494],[-76.16,38.948],[-76.1589,38.9449],[-76.1639,38.9468],[-76.1637,38.9453],[-76.1601,38.9445],[-76.1592,38.9429],[-76.1614,38.9397],[-76.1642,38.9424],[-76.1674,38.9429],[-76.1633,38.94],[-76.1611,38.9341],[-76.164,38.9327],[-76.1692,38.9364],[-76.1686,38.9332],[-76.1664,38.9321],[-76.1685,38.9307],[-76.1679,38.927],[-76.17,38.9262],[-76.1684,38.9249],[-76.1696,38.922],[-76.1687,38.9204],[-76.1698,38.9202],[-76.1688,38.9178],[-76.1716,38.9164],[-76.1709,38.9122],[-76.1728,38.9137],[-76.1726,38.9126],[-76.1742,38.9122],[-76.1717,38.9116],[-76.1733,38.9101],[-76.1705,38.9087],[-76.1742,38.9065],[-76.1722,38.9056],[-76.1729,38.9029],[-76.1757,38.9039],[-76.1785,38.9033],[-76.1758,38.9017],[-76.1799,38.9005],[-76.179,38.8985],[-76.1743,38.8999],[-76.176,38.8961],[-76.1742,38.8947],[-76.1758,38.894],[-76.1741,38.8929],[-76.1786,38.8932],[-76.1821,38.8917],[-76.1837,38.892],[-76.1842,38.8935],[-76.184,38.8904],[-76.1862,38.8906],[-76.1866,38.8887],[-76.1891,38.8893],[-76.1892,38.8882],[-76.1953,38.8847],[-76.1957,38.8817],[-76.1973,38.8807],[-76.194,38.8787],[-76.1943,38.8772],[-76.1919,38.8748],[-76.198,38.8711],[-76.1947,38.8702],[-76.194,38.8686],[-76.1972,38.8675],[-76.1992,38.8651],[-76.1984,38.8622],[-76.1987,38.8592],[-76.2005,38.8574],[-76.1998,38.8558],[-76.2058,38.8525],[-76.2064,38.8559],[-76.2026,38.8626],[-76.1979,38.8925],[-76.1945,38.8967],[-76.1869,38.8981],[-76.1848,38.901],[-76.1831,38.9045],[-76.1847,38.9057],[-76.1832,38.9084],[-76.1844,38.91],[-76.1831,38.9112],[-76.1844,38.9118],[-76.1814,38.9145],[-76.1823,38.9155],[-76.1811,38.9175],[-76.1781,38.9191],[-76.1791,38.9222],[-76.1769,38.9257],[-76.1781,38.928],[-76.177,38.9307],[-76.1781,38.9314],[-76.1794,38.9285],[-76.1828,38.9314],[-76.1785,38.9258],[-76.1811,38.9225],[-76.1803,38.919],[-76.1837,38.9175],[-76.1874,38.9213],[-76.1842,38.9148],[-76.1852,38.9127],[-76.1876,38.9122],[-76.1866,38.909],[-76.185,38.908],[-76.1866,38.9058],[-76.185,38.9039],[-76.1884,38.9035],[-76.1865,38.9023],[-76.1881,38.9],[-76.1936,38.9001],[-76.1943,38.8987],[-76.1971,38.8981],[-76.1966,38.9001],[-76.1985,38.9003],[-76.1971,38.9014],[-76.1981,38.9042],[-76.1963,38.9089],[-76.1974,38.9089],[-76.2002,38.9037],[-76.1984,38.9021],[-76.2007,38.9021],[-76.1984,38.896],[-76.2016,38.8962],[-76.2052,38.8928],[-76.2038,38.8992],[-76.2056,38.9082],[-76.2031,38.9268],[-76.2065,38.9321],[-76.204,38.932],[-76.2046,38.9311],[-76.2021,38.9318],[-76.2048,38.9332],[-76.2021,38.9364],[-76.2061,38.9346],[-76.2086,38.9308],[-76.2125,38.9319],[-76.214,38.9372],[-76.2124,38.9392],[-76.2091,38.9395],[-76.2089,38.9432],[-76.207,38.9453],[-76.2084,38.9448],[-76.2103,38.9463],[-76.2127,38.9428],[-76.2137,38.943],[-76.2139,38.9453],[-76.2167,38.9453],[-76.2174,38.9438],[-76.2172,38.9463],[-76.219,38.9483],[-76.2204,38.9465],[-76.2217,38.9479],[-76.2256,38.9461],[-76.2268,38.9412],[-76.231,38.9425],[-76.2351,38.9418],[-76.2376,38.9492],[-76.2361,38.9536],[-76.2389,38.9566],[-76.2383,38.958],[-76.2336,38.958],[-76.232,38.9548],[-76.2299,38.9541],[-76.2293,38.9507],[-76.2282,38.9521],[-76.2262,38.9514],[-76.2234,38.953],[-76.2216,38.951],[-76.2208,38.9519],[-76.2217,38.9529],[-76.2196,38.9535],[-76.2188,38.9563],[-76.2145,38.956],[-76.219,38.9577],[-76.2217,38.9549],[-76.2255,38.9554],[-76.2267,38.9569],[-76.2259,38.9591],[-76.2235,38.9593],[-76.2252,38.9627],[-76.2267,38.9609],[-76.2281,38.962],[-76.228,38.9647],[-76.2285,38.9637],[-76.2325,38.9643],[-76.2329,38.9631],[-76.2348,38.9641],[-76.2373,38.9613],[-76.2385,38.9625],[-76.2416,38.9623],[-76.2396,38.9637],[-76.2367,38.9634],[-76.2362,38.9651],[-76.2382,38.9643],[-76.2391,38.966],[-76.2432,38.9661],[-76.2462,38.97],[-76.2463,38.9746],[-76.2439,38.9748],[-76.2422,38.9717],[-76.244,38.9762],[-76.2423,38.9763],[-76.2382,38.9697],[-76.2374,38.9707],[-76.2396,38.9737],[-76.2345,38.9712],[-76.2336,38.9719],[-76.2351,38.9753],[-76.2308,38.9704],[-76.2308,38.9691],[-76.2334,38.9692],[-76.2287,38.9672],[-76.2282,38.9696],[-76.2307,38.9718],[-76.2294,38.9745],[-76.2309,38.98],[-76.2299,38.9805],[-76.2293,38.9776],[-76.2261,38.9744],[-76.2263,38.9718],[-76.2223,38.9677],[-76.2195,38.968],[-76.2187,38.9708],[-76.2085,38.9734],[-76.2038,38.973],[-76.2039,38.9687],[-76.2064,38.966],[-76.2038,38.9667],[-76.2016,38.9628],[-76.2018,38.9654],[-76.1981,38.9648],[-76.2019,38.9673],[-76.2015,38.9692],[-76.2027,38.9704],[-76.2007,38.971],[-76.1979,38.9696],[-76.1966,38.9711],[-76.2002,38.9719],[-76.1994,38.9742],[-76.2014,38.9723],[-76.2024,38.9731],[-76.1909,38.9796],[-76.1835,38.9867],[-76.1701,38.9966],[-76.1678,38.9968],[-76.1626,38.9934],[-76.1644,38.992],[-76.1635,38.9904],[-76.1654,38.9863],[-76.1603,38.9891],[-76.1617,38.9924],[-76.1588,38.9941],[-76.1587,38.996],[-76.1534,38.9995],[-76.1468,38.9968],[-76.1468,38.9987],[-76.1519,39.0009],[-76.1531,39.0029],[-76.149,39.007],[-76.1459,39.007],[-76.1496,39.0112],[-76.1466,39.0131],[-76.1485,39.0134],[-76.15,39.0158],[-76.1509,39.0112],[-76.1498,39.0081],[-76.1528,39.0053],[-76.1546,39.0054],[-76.155,39.0018],[-76.1621,38.9984],[-76.1644,39.0001],[-76.163,39.008],[-76.1676,39.0183],[-76.167,39.0199],[-76.1709,39.0215],[-76.1695,39.0244],[-76.1663,39.0244],[-76.1679,39.0259],[-76.1654,39.0256],[-76.1634,39.0277],[-76.1552,39.029],[-76.1585,39.0299],[-76.1587,39.0314],[-76.1608,39.0293],[-76.1705,39.027],[-76.1719,39.0325],[-76.1734,39.0276],[-76.1726,39.0255],[-76.1739,39.0255],[-76.1756,39.0305],[-76.1783,39.0317],[-76.1761,39.0384],[-76.173,39.0395],[-76.1756,39.0408],[-76.1755,39.0424],[-76.1721,39.0443],[-76.1744,39.0451],[-76.1763,39.0435],[-76.1842,39.0463],[-76.1812,39.0501],[-76.1763,39.05],[-76.1798,39.0533],[-76.1753,39.0588],[-76.1699,39.0624],[-76.1665,39.0628],[-76.1657,39.0613],[-76.168,39.0602],[-76.1687,39.0576],[-76.167,39.0542],[-76.1696,39.0518],[-76.1682,39.051],[-76.1677,39.0488],[-76.1626,39.0479],[-76.1631,39.0466],[-76.1614,39.045],[-76.1631,39.0434],[-76.1602,39.0443],[-76.1616,39.0485],[-76.1598,39.0498],[-76.1551,39.0445],[-76.151,39.0441],[-76.1498,39.0408],[-76.1403,39.0374],[-76.1387,39.036],[-76.1392,39.0344],[-76.1363,39.0358],[-76.1391,39.0391],[-76.135,39.0418],[-76.1412,39.0395],[-76.1476,39.0424],[-76.1497,39.046],[-76.1528,39.0464],[-76.1528,39.048],[-76.1569,39.052],[-76.1623,39.0541],[-76.1641,39.0571],[-76.162,39.0579],[-76.1583,39.0561],[-76.1561,39.0577],[-76.1527,39.0539],[-76.1451,39.0541],[-76.1425,39.0519],[-76.1433,39.0543],[-76.1367,39.0566],[-76.1429,39.0554],[-76.1516,39.0564],[-76.1529,39.0587],[-76.152,39.0604],[-76.1551,39.06],[-76.1529,39.0625],[-76.158,39.0598],[-76.1572,39.0644],[-76.159,39.0655],[-76.1545,39.0745],[-76.1536,39.0729],[-76.1499,39.0724],[-76.1456,39.0694],[-76.1487,39.0743],[-76.1523,39.0747],[-76.1505,39.0794],[-76.147,39.0779],[-76.1392,39.0796],[-76.1346,39.0698],[-76.1318,39.0701],[-76.1348,39.0742],[-76.1337,39.0754],[-76.1303,39.0765],[-76.1217,39.0756],[-76.1216,39.0712],[-76.1187,39.0689],[-76.1203,39.0714],[-76.1199,39.0736],[-76.114,39.0757],[-76.1121,39.0803],[-76.1082,39.0792],[-76.1042,39.0805],[-76.1031,39.0773],[-76.0917,39.0725],[-76.0898,39.0693],[-76.0864,39.0678],[-76.0868,39.0657],[-76.0851,39.062],[-76.0883,39.0609],[-76.0872,39.0599],[-76.0833,39.0601],[-76.084,39.0583],[-76.0832,39.0576],[-76.0785,39.0592],[-76.0764,39.0565],[-76.0744,39.056],[-76.0751,39.0535],[-76.073,39.0557],[-76.0712,39.0559],[-76.0758,39.0597],[-76.0814,39.0615],[-76.0801,39.0657],[-76.084,39.0687],[-76.0803,39.073],[-76.0832,39.0705],[-76.0854,39.0705],[-76.0855,39.0747],[-76.092,39.0759],[-76.096,39.0811],[-76.1,39.0814],[-76.1038,39.0844],[-76.1087,39.0833],[-76.1096,39.0849],[-76.1078,39.0861],[-76.1062,39.09],[-76.1015,39.0931],[-76.1053,39.0926],[-76.1092,39.0866],[-76.1137,39.0849],[-76.1173,39.0815],[-76.1205,39.0816],[-76.1258,39.0844],[-76.1303,39.0828],[-76.1338,39.0845],[-76.1367,39.0842],[-76.1438,39.088],[-76.1454,39.0925],[-76.1371,39.0986],[-76.1241,39.0966],[-76.1178,39.0991],[-76.114,39.1025],[-76.113,39.1058],[-76.11,39.1091],[-76.1061,39.1106],[-76.1056,39.1136],[-76.102,39.1139],[-76.0965,39.1124],[-76.0971,39.114],[-76.0946,39.1147],[-76.0992,39.1148],[-76.101,39.1165],[-76.0902,39.1254],[-76.0845,39.1236],[-76.0799,39.1173],[-76.0782,39.1179],[-76.0779,39.1189],[-76.0808,39.1195],[-76.0862,39.1262],[-76.0835,39.1276],[-76.0835,39.1292],[-76.0742,39.1301],[-76.0685,39.1364],[-76.068,39.141],[-76.0697,39.1435],[-76.0724,39.143],[-76.076,39.1469],[-76.0751,39.1493],[-76.0647,39.151],[-76.0576,39.1559],[-76.0546,39.1557],[-76.0508,39.1589],[-76.0425,39.1568],[-76.0398,39.1574],[-76.0417,39.1503],[-76.0469,39.1486],[-76.0468,39.1446],[-76.0501,39.1424],[-76.0481,39.1394],[-76.0464,39.1389],[-76.05,39.1372],[-76.0543,39.1299],[-76.0531,39.1297],[-76.0509,39.1339],[-76.048,39.135],[-76.0488,39.1367],[-76.0451,39.1389],[-76.0493,39.142],[-76.0453,39.1445],[-76.0464,39.1473],[-76.0401,39.1498],[-76.0398,39.1522],[-76.0354,39.1552],[-76.0313,39.1548],[-76.0284,39.1525],[-76.0306,39.1558],[-76.0276,39.1561],[-76.0262,39.158],[-76.024,39.1569],[-76.0191,39.1585],[-76.0135,39.1582],[-76.0098,39.1563],[-76.0085,39.1538],[-76.0043,39.152],[-76.0005,39.1519],[-76.0001,39.1543],[-76.0036,39.1534],[-76.0046,39.1553],[-76.0038,39.1565],[-76.0068,39.1571],[-76.007,39.1604],[-76.0152,39.1597],[-76.0187,39.1607],[-76.0232,39.1592],[-76.0271,39.1612],[-76.03,39.1598],[-76.0315,39.162],[-76.0365,39.1629],[-76.0418,39.1614],[-76.042,39.1633],[-76.0366,39.1676],[-76.036,39.1702],[-76.0371,39.1754],[-76.0408,39.1814],[-76.0495,39.1861],[-76.0615,39.1864],[-76.0647,39.1906],[-76.0639,39.1958],[-76.0611,39.1983],[-76.0604,39.2023],[-76.0581,39.2039],[-76.0562,39.2081],[-76.0506,39.2093],[-76.0443,39.2152],[-76.0431,39.2147],[-76.0385,39.2176],[-76.0348,39.2181],[-76.0317,39.2166],[-76.0302,39.2178],[-76.0275,39.2149],[-76.0246,39.216],[-76.0211,39.2148],[-76.0295,39.2186],[-76.0326,39.2182],[-76.0334,39.2204],[-76.0262,39.225],[-76.0234,39.2235],[-76.0202,39.2242],[-76.0169,39.2302],[-76.0075,39.2368],[-76.005,39.2353],[-76.0008,39.2351],[-75.9925,39.2378],[-75.9922,39.2362],[-75.9896,39.2355],[-75.9875,39.2324],[-75.9894,39.2255],[-75.9876,39.2248],[-75.9872,39.2202],[-75.986,39.2245],[-75.9877,39.2266],[-75.9854,39.2292],[-75.986,39.2307],[-75.9849,39.2324],[-75.9855,39.2337],[-75.9917,39.2369],[-75.9865,39.2387],[-75.9838,39.2414],[-75.9853,39.2453],[-75.9807,39.2436],[-75.9728,39.2457],[-75.9674,39.2449],[-75.9652,39.2408],[-75.9633,39.2401],[-75.9564,39.2396],[-75.9512,39.2418],[-75.949,39.2361],[-75.9461,39.237],[-75.9413,39.2354],[-75.9446,39.2336],[-75.9393,39.2346],[-75.9359,39.2378],[-75.9306,39.2327],[-75.9301,39.2342],[-75.9327,39.2368],[-75.9246,39.2441],[-75.9212,39.2412],[-75.9163,39.2415],[-75.9088,39.2377],[-75.9088,39.234],[-75.9073,39.2346],[-75.9075,39.2358],[-75.9088,39.2345],[-75.9074,39.2395],[-75.9102,39.2387],[-75.9119,39.2413],[-75.913,39.2408],[-75.9113,39.2438],[-75.9063,39.2434],[-75.8983,39.2459],[-75.895,39.2452],[-75.8954,39.2463],[-75.8929,39.2465],[-75.8921,39.2478],[-75.8942,39.2505],[-75.8931,39.2533],[-75.8898,39.2534],[-75.8862,39.2488],[-75.8799,39.2508],[-75.8793,39.249],[-75.8747,39.2493],[-75.8731,39.251],[-75.8741,39.2539],[-75.8686,39.2549],[-75.8715,39.2551],[-75.8663,39.2609],[-75.8644,39.2615],[-75.8609,39.2602],[-75.8557,39.2618],[-75.8543,39.2603]]]]}},{"type":"Feature","properties":{"leaid":"2400570","name":"Somerset County Public Schools","kind":"Unified","gradeLow":"PK","gradeHigh":"12","state":"MD"},"geometry":{"type":"MultiPolygon","coordinates":[[[[-75.8785,37.914],[-75.879,37.9133],[-75.879,37.9141],[-75.8785,37.914]]],[[[-75.8817,37.9145],[-75.8817,37.9138],[-75.8819,37.9139],[-75.8817,37.9145]]],[[[-75.8931,37.9178],[-75.8881,37.9164],[-75.8868,37.9134],[-75.882,37.912],[-75.8858,37.9121],[-75.8931,37.9178]]],[[[-75.8774,37.9224],[-75.8778,37.922],[-75.8782,37.9224],[-75.8774,37.9224]]],[[[-75.8789,37.9229],[-75.8804,37.9224],[-75.88,37.9236],[-75.8789,37.9229]]],[[[-75.8669,37.9244],[-75.8676,37.9237],[-75.8674,37.9244],[-75.8669,37.9244]]],[[[-75.8964,37.9249],[-75.8946,37.9251],[-75.893,37.9278],[-75.8904,37.9268],[-75.8884,37.9254],[-75.8915,37.9243],[-75.8927,37.9251],[-75.8921,37.924],[-75.8881,37.9227],[-75.8895,37.9244],[-75.8867,37.9244],[-75.8855,37.9238],[-75.8861,37.9208],[-75.8826,37.9206],[-75.8827,37.9184],[-75.8812,37.9189],[-75.8772,37.9166],[-75.8806,37.9144],[-75.8819,37.9163],[-75.884,37.9165],[-75.8839,37.9139],[-75.8858,37.9136],[-75.8871,37.9162],[-75.884,37.9194],[-75.8891,37.9218],[-75.8919,37.9215],[-75.8926,37.9231],[-75.8947,37.9235],[-75.8959,37.9229],[-75.8957,37.9197],[-75.8983,37.9251],[-75.898,37.9266],[-75.8954,37.9278],[-75.8973,37.9263],[-75.8964,37.9249]]],[[[-75.8388,37.929],[-75.8384,37.9283],[-75.8394,37.9287],[-75.8388,37.929]]],[[[-75.8945,37.9282],[-75.8949,37.9344],[-75.8939,37.935],[-75.8926,37.9295],[-75.8945,37.9282]]],[[[-75.8453,37.9351],[-75.8459,37.9346],[-75.846,37.9349],[-75.8453,37.9351]]],[[[-75.8175,37.9489],[-75.8187,37.9484],[-75.8188,37.9485],[-75.8175,37.9489]]],[[[-75.8689,37.95],[-75.87,37.9498],[-75.8696,37.9503],[-75.8689,37.95]]],[[[-75.8656,37.9517],[-75.8639,37.9473],[-75.8589,37.9431],[-75.8592,37.9363],[-75.8614,37.9355],[-75.864,37.9371],[-75.8656,37.9362],[-75.8666,37.9377],[-75.8703,37.9377],[-75.872,37.9367],[-75.8718,37.9343],[-75.8763,37.9358],[-75.8793,37.9329],[-75.8823,37.9343],[-75.88,37.9314],[-75.8833,37.9316],[-75.8797,37.9302],[-75.8775,37.9338],[-75.8739,37.9344],[-75.8722,37.9328],[-75.8702,37.9332],[-75.8692,37.9365],[-75.8631,37.9328],[-75.8588,37.9336],[-75.8575,37.9316],[-75.855,37.9314],[-75.8561,37.9244],[-75.8549,37.9226],[-75.8603,37.9221],[-75.8606,37.9256],[-75.8595,37.9236],[-75.8573,37.924],[-75.8606,37.926],[-75.8622,37.9207],[-75.8655,37.9211],[-75.8648,37.9244],[-75.8703,37.9259],[-75.8696,37.9246],[-75.8663,37.9229],[-75.8675,37.9214],[-75.8669,37.9202],[-75.869,37.92],[-75.8687,37.9192],[-75.864,37.9199],[-75.8618,37.9189],[-75.8599,37.9206],[-75.8594,37.9196],[-75.8659,37.9167],[-75.8694,37.9177],[-75.8737,37.9169],[-75.8732,37.9184],[-75.8801,37.9208],[-75.8766,37.9219],[-75.8751,37.9205],[-75.8752,37.9227],[-75.8811,37.9243],[-75.8813,37.9219],[-75.8829,37.9215],[-75.8833,37.9252],[-75.8845,37.9246],[-75.8913,37.9284],[-75.8915,37.9299],[-75.89,37.9297],[-75.8921,37.9308],[-75.8919,37.9328],[-75.8931,37.9338],[-75.8915,37.9351],[-75.8931,37.9362],[-75.8917,37.9373],[-75.89,37.9342],[-75.8913,37.9336],[-75.8875,37.9304],[-75.8897,37.9354],[-75.8879,37.9353],[-75.8855,37.9387],[-75.8862,37.9396],[-75.8886,37.9378],[-75.8874,37.9407],[-75.8863,37.9404],[-75.8872,37.9427],[-75.8864,37.9431],[-75.8838,37.9394],[-75.8826,37.9419],[-75.8793,37.9417],[-75.8781,37.9424],[-75.8789,37.9435],[-75.8772,37.9441],[-75.8808,37.9467],[-75.8802,37.9477],[-75.8789,37.9471],[-75.8797,37.9492],[-75.8755,37.9499],[-75.8775,37.9485],[-75.8763,37.946],[-75.8747,37.9462],[-75.8763,37.9468],[-75.8761,37.9487],[-75.8739,37.9484],[-75.8721,37.9499],[-75.8714,37.9486],[-75.8695,37.9493],[-75.8677,37.9441],[-75.8697,37.9423],[-75.8736,37.9424],[-75.8747,37.9418],[-75.8747,37.9386],[-75.8738,37.9386],[-75.8737,37.9421],[-75.8722,37.9396],[-75.8701,37.9414],[-75.8687,37.941],[-75.8669,37.9434],[-75.869,37.9508],[-75.8656,37.9517]]],[[[-75.8901,37.9562],[-75.889,37.9516],[-75.8853,37.9481],[-75.8841,37.9525],[-75.8818,37.9509],[-75.8799,37.9517],[-75.8814,37.9493],[-75.8827,37.9504],[-75.8838,37.9474],[-75.882,37.9478],[-75.881,37.9445],[-75.882,37.9435],[-75.8837,37.9453],[-75.8856,37.945],[-75.8856,37.9437],[-75.8837,37.9433],[-75.8871,37.9434],[-75.8879,37.9414],[-75.8906,37.9443],[-75.8916,37.9429],[-75.8903,37.9414],[-75.8907,37.9381],[-75.8934,37.9388],[-75.8947,37.9368],[-75.8911,37.9501],[-75.8916,37.9561],[-75.8901,37.9562]]],[[[-75.8226,37.9591],[-75.8225,37.9586],[-75.8229,37.9588],[-75.8226,37.9591]]],[[[-75.8224,37.9602],[-75.8227,37.9596],[-75.8229,37.96],[-75.8224,37.9602]]],[[[-76.027,37.9578],[-76.0245,37.9585],[-76.022,37.954],[-76.0204,37.954],[-76.0201,37.9557],[-76.0183,37.9556],[-76.0174,37.9536],[-76.0295,37.9538],[-76.0282,37.9554],[-76.0308,37.9595],[-76.0291,37.9608],[-76.027,37.9578]]],[[[-75.656,37.9527],[-75.6597,37.9576],[-75.663,37.96],[-75.6555,37.9622],[-75.6581,37.9588],[-75.656,37.9527]]],[[[-76.0305,37.96],[-76.0331,37.9609],[-76.0348,37.9625],[-76.0308,37.9614],[-76.0305,37.96]]],[[[-76.0344,37.9683],[-76.0312,37.9682],[-76.0294,37.9661],[-76.029,37.9616],[-76.0326,37.9631],[-76.0344,37.9683]]],[[[-75.9925,37.9699],[-75.9924,37.969],[-75.9931,37.9697],[-75.9925,37.9699]]],[[[-76.0345,37.9697],[-76.0313,37.969],[-76.0324,37.9685],[-76.0345,37.9697]]],[[[-76.0393,37.9699],[-76.0353,37.969],[-76.0361,37.9684],[-76.0342,37.967],[-76.0331,37.9628],[-76.0384,37.9651],[-76.0393,37.9699]]],[[[-75.878,37.9693],[-75.8804,37.9698],[-75.8813,37.9716],[-75.8789,37.971],[-75.878,37.9693]]],[[[-75.7776,37.9724],[-75.7772,37.9716],[-75.778,37.9718],[-75.7776,37.9724]]],[[[-75.8752,37.9728],[-75.8753,37.9723],[-75.8756,37.9724],[-75.8752,37.9728]]],[[[-75.8737,37.9733],[-75.8741,37.9729],[-75.8742,37.9732],[-75.8737,37.9733]]],[[[-75.7766,37.9735],[-75.7764,37.9726],[-75.777,37.9735],[-75.7766,37.9735]]],[[[-75.7746,37.9735],[-75.7755,37.9734],[-75.7754,37.974],[-75.7746,37.9735]]],[[[-76.0429,37.9754],[-76.0445,37.971],[-76.0462,37.9705],[-76.0445,37.9697],[-76.0454,37.9679],[-76.0442,37.9649],[-76.038,37.9594],[-76.0393,37.9583],[-76.0379,37.954],[-76.0465,37.9536],[-76.0476,37.9631],[-76.0465,37.97],[-76.0484,37.9751],[-76.0483,37.9798],[-76.0429,37.9754]]],[[[-75.7203,37.9798],[-75.7204,37.9792],[-75.7206,37.9798],[-75.7203,37.9798]]],[[[-75.7209,37.9807],[-75.7214,37.9803],[-75.7213,37.9809],[-75.7209,37.9807]]],[[[-76.0216,37.9791],[-76.0204,37.9801],[-76.0209,37.9745],[-76.0255,37.9723],[-76.0244,37.9741],[-76.0252,37.9747],[-76.0212,37.985],[-76.0203,37.9826],[-76.0216,37.9791]]],[[[-76.0085,37.9851],[-76.0016,37.9795],[-76.0009,37.9762],[-75.9997,37.9783],[-75.9982,37.9777],[-75.9946,37.9745],[-75.9944,37.9723],[-75.9978,37.9724],[-75.9983,37.971],[-76.0011,37.9733],[-76.0012,37.9754],[-76.0053,37.9814],[-76.0075,37.9813],[-76.0085,37.9851]]],[[[-75.9743,37.987],[-75.9765,37.9874],[-75.9767,37.9877],[-75.9748,37.9892],[-75.9743,37.987]]],[[[-76.0139,37.9896],[-76.0073,37.9778],[-76.0091,37.9767],[-76.0118,37.9791],[-76.0103,37.9771],[-76.0126,37.9774],[-76.0098,37.976],[-76.0087,37.9724],[-75.9997,37.9642],[-75.9973,37.9603],[-75.9967,37.9611],[-75.9997,37.9656],[-76.005,37.9701],[-76.0027,37.971],[-76.0053,37.9703],[-76.0082,37.9729],[-76.0089,37.9756],[-76.005,37.9718],[-76.0078,37.9757],[-76.0066,37.9756],[-76.0065,37.9768],[-75.9985,37.9675],[-75.9948,37.9664],[-75.989,37.9614],[-75.9905,37.9586],[-75.9929,37.9627],[-75.9922,37.9574],[-75.9945,37.9624],[-75.9962,37.9579],[-75.9935,37.9587],[-75.9939,37.9535],[-76.0061,37.9536],[-76.0066,37.9561],[-76.002,37.9577],[-76.0028,37.963],[-76.0077,37.9706],[-76.0137,37.9739],[-76.0077,37.9694],[-76.0059,37.9636],[-76.0092,37.9662],[-76.0078,37.9639],[-76.0096,37.9637],[-76.0111,37.9672],[-76.0127,37.9679],[-76.0107,37.9639],[-76.0165,37.9669],[-76.0144,37.9641],[-76.0105,37.9619],[-76.0103,37.9604],[-76.019,37.9656],[-76.0227,37.9637],[-76.0247,37.9651],[-76.0251,37.9666],[-76.0219,37.9695],[-76.0209,37.9736],[-76.0183,37.9767],[-76.0175,37.9886],[-76.0139,37.9896]]],[[[-75.9796,37.9899],[-75.9801,37.9894],[-75.98,37.99],[-75.9796,37.9899]]],[[[-76.0249,37.9953],[-76.0208,37.9865],[-76.0222,37.9866],[-76.023,37.9886],[-76.0233,37.9863],[-76.0286,37.9956],[-76.0249,37.9953]]],[[[-76.0451,37.9978],[-76.0424,37.9964],[-76.0429,37.9935],[-76.0416,37.993],[-76.0415,37.9891],[-76.0378,37.9874],[-76.0337,37.9881],[-76.0368,37.9926],[-76.0366,37.989],[-76.0379,37.9887],[-76.0371,37.9877],[-76.0405,37.9891],[-76.0412,37.9958],[-76.0347,37.9973],[-76.0342,37.9962],[-76.0311,37.996],[-76.0276,37.9926],[-76.0254,37.9868],[-76.0292,37.9912],[-76.032,37.992],[-76.0286,37.9896],[-76.0269,37.9862],[-76.0251,37.986],[-76.0244,37.9827],[-76.023,37.9851],[-76.0238,37.98],[-76.0251,37.9798],[-76.0269,37.9823],[-76.0258,37.9786],[-76.0239,37.9791],[-76.0259,37.975],[-76.025,37.9736],[-76.0271,37.9708],[-76.0286,37.9719],[-76.0289,37.9704],[-76.0307,37.9711],[-76.0328,37.9768],[-76.0323,37.9793],[-76.0356,37.9789],[-76.036,37.98],[-76.0365,37.9758],[-76.0403,37.9815],[-76.0402,37.9779],[-76.0387,37.9777],[-76.0373,37.9744],[-76.0345,37.974],[-76.0359,37.9756],[-76.0335,37.9752],[-76.0331,37.9728],[-76.0314,37.9713],[-76.0324,37.9704],[-76.0377,37.9705],[-76.0404,37.9765],[-76.0394,37.9726],[-76.0406,37.9706],[-76.043,37.9768],[-76.0482,37.9803],[-76.0479,37.9821],[-76.051,37.9875],[-76.0508,37.99],[-76.0468,37.9941],[-76.0491,37.9969],[-76.0451,37.9978]]],[[[-76.0353,38.0001],[-76.0305,37.9982],[-76.0319,37.9997],[-76.0302,37.9996],[-76.0279,37.9969],[-76.0297,37.9958],[-76.0321,37.9967],[-76.0353,38.0001]]],[[[-76.0435,38.0048],[-76.0459,38.003],[-76.046,38.0045],[-76.0486,38.0037],[-76.0467,38.0066],[-76.0435,38.0048]]],[[[-76.0308,38.0095],[-76.0328,38.0099],[-76.0337,38.0126],[-76.0311,38.0107],[-76.0308,38.0095]]],[[[-75.9696,38.0064],[-75.9732,38.0085],[-75.9722,38.0179],[-75.9702,38.0157],[-75.9718,38.0135],[-75.9696,38.0064]]],[[[-75.9727,38.0191],[-75.9788,38.0186],[-75.9832,38.0222],[-75.9784,38.0219],[-75.9727,38.0191]]],[[[-76.017,38.0319],[-76.0148,38.0287],[-76.0086,38.0262],[-76.0082,38.0236],[-76.0065,38.0235],[-76.0067,38.0252],[-76.0027,38.0261],[-76.0019,38.0241],[-76.004,38.0216],[-75.9997,38.0187],[-75.999,38.0164],[-75.9961,38.0162],[-75.9931,38.0132],[-75.9936,38.0164],[-75.9973,38.0173],[-75.9951,38.0222],[-75.9932,38.0218],[-75.9942,38.0234],[-75.9916,38.0255],[-75.9843,38.0232],[-75.9888,38.019],[-75.9832,38.0106],[-75.982,38.0062],[-75.9796,38.0047],[-75.9843,38.004],[-75.9845,38.0015],[-75.9913,38.0061],[-75.9888,38.0055],[-75.9908,38.0077],[-75.9941,38.0079],[-75.9941,38.0069],[-75.9871,38.002],[-75.9928,38.003],[-75.9848,37.9995],[-75.983,37.996],[-75.988,37.9987],[-75.9805,37.9912],[-75.983,37.9916],[-75.9866,37.9962],[-75.9841,37.9906],[-75.9816,37.989],[-75.9822,37.9873],[-75.9838,37.9872],[-75.9851,37.99],[-75.9902,37.9929],[-75.9903,37.9917],[-75.9887,37.9911],[-75.9907,37.9897],[-75.991,37.9876],[-75.9942,37.9885],[-75.9928,37.9855],[-75.9952,37.985],[-75.9916,37.9825],[-75.9934,37.9749],[-76.0064,37.9849],[-76.0048,37.9859],[-76.0001,37.9813],[-75.9981,37.9809],[-76.0054,37.9874],[-76.0045,37.9902],[-76.0058,37.9938],[-76.0046,37.9954],[-76.0027,37.9948],[-76.0026,37.9967],[-76.0079,37.9954],[-76.0076,37.9924],[-76.0086,37.9914],[-76.0095,37.9947],[-76.0128,37.997],[-76.0132,38.0001],[-76.0121,38.0001],[-76.0103,37.9981],[-76.0109,37.9962],[-76.0079,37.9967],[-76.01,37.9968],[-76.0087,37.9988],[-76.0108,38.001],[-76.0112,38.0046],[-76.0177,38.0094],[-76.0192,38.0093],[-76.0198,38.0114],[-76.0168,38.0124],[-76.0119,38.0101],[-76.0075,38.0116],[-75.9997,38.0108],[-76.0006,38.0128],[-76.0044,38.0151],[-76.0069,38.0153],[-76.006,38.017],[-76.0151,38.0213],[-76.0225,38.0285],[-76.0197,38.0288],[-76.019,38.0295],[-76.0165,38.0284],[-76.0161,38.03],[-76.0187,38.0322],[-76.017,38.0319]]],[[[-76.0281,38.0365],[-76.0239,38.0347],[-76.0185,38.0304],[-76.0232,38.0285],[-76.0177,38.0225],[-76.0064,38.0168],[-76.0078,38.0153],[-76.0045,38.0148],[-76.0002,38.0111],[-76.0074,38.0121],[-76.0114,38.0107],[-76.0143,38.0114],[-76.0215,38.0195],[-76.0419,38.0288],[-76.0374,38.0257],[-76.022,38.019],[-76.0175,38.0126],[-76.0225,38.0116],[-76.0225,38.0135],[-76.0301,38.018],[-76.0332,38.016],[-76.0342,38.0134],[-76.0382,38.0163],[-76.0351,38.0189],[-76.0384,38.0188],[-76.0438,38.0213],[-76.0461,38.0204],[-76.0456,38.0173],[-76.0406,38.0123],[-76.039,38.0087],[-76.0455,38.009],[-76.0489,38.0144],[-76.0462,38.0255],[-76.0418,38.033],[-76.0359,38.0312],[-76.0297,38.0328],[-76.0281,38.0365]]],[[[-76.0131,38.0398],[-76.0056,38.0374],[-76.0039,38.0355],[-76.0125,38.0374],[-76.0117,38.0343],[-76.0139,38.0352],[-76.0156,38.034],[-76.0178,38.0344],[-76.0165,38.0325],[-76.0201,38.0331],[-76.0244,38.0358],[-76.0208,38.0391],[-76.0131,38.0398]]],[[[-75.8358,38.0429],[-75.8324,38.041],[-75.8313,38.0387],[-75.8332,38.0393],[-75.8336,38.0409],[-75.8352,38.0396],[-75.8372,38.0401],[-75.8358,38.0429]]],[[[-75.8121,38.0606],[-75.8109,38.0614],[-75.8117,38.0595],[-75.8136,38.0591],[-75.8153,38.0623],[-75.8121,38.0606]]],[[[-76.0229,38.071],[-76.0242,38.0714],[-76.024,38.0735],[-76.0226,38.073],[-76.0229,38.071]]],[[[-76.0581,38.0945],[-76.0608,38.094],[-76.0617,38.0954],[-76.06,38.0961],[-76.0581,38.0945]]],[[[-75.9368,38.1098],[-75.9382,38.1101],[-75.9389,38.1113],[-75.9369,38.1109],[-75.9368,38.1098]]],[[[-76.0327,38.1256],[-76.0322,38.1233],[-76.0332,38.1223],[-76.0339,38.1251],[-76.0344,38.1222],[-76.0331,38.1214],[-76.032,38.1172],[-76.0327,38.1153],[-76.0311,38.1117],[-76.0283,38.1115],[-76.0263,38.1093],[-76.0293,38.1084],[-76.0328,38.1099],[-76.0337,38.1086],[-76.0281,38.1071],[-76.0268,38.1083],[-76.0246,38.1061],[-76.0235,38.1071],[-76.0222,38.1063],[-76.0223,38.1052],[-76.0182,38.1049],[-76.0082,38.0954],[-76.0087,38.0934],[-76.0062,38.0874],[-76.0077,38.0843],[-76.0053,38.0772],[-76.01,38.0799],[-76.0108,38.0784],[-76.0091,38.0758],[-76.0129,38.0705],[-76.0165,38.0723],[-76.015,38.0763],[-76.0185,38.0786],[-76.0177,38.0805],[-76.0198,38.0807],[-76.0197,38.0796],[-76.0212,38.0812],[-76.022,38.0805],[-76.0232,38.0837],[-76.0288,38.0841],[-76.03,38.0823],[-76.0348,38.0843],[-76.033,38.0807],[-76.034,38.0771],[-76.03,38.0774],[-76.0288,38.0765],[-76.0326,38.0749],[-76.0367,38.0765],[-76.0402,38.0806],[-76.0431,38.0806],[-76.0505,38.0883],[-76.0581,38.0924],[-76.0543,38.0942],[-76.0465,38.0924],[-76.0432,38.0894],[-76.0371,38.0916],[-76.0362,38.089],[-76.0348,38.0896],[-76.0352,38.0868],[-76.0336,38.086],[-76.0322,38.0887],[-76.0305,38.0892],[-76.0308,38.0911],[-76.0292,38.09],[-76.028,38.0907],[-76.0282,38.0922],[-76.0304,38.0918],[-76.0324,38.0942],[-76.0338,38.0909],[-76.0344,38.0956],[-76.0318,38.0993],[-76.0329,38.101],[-76.0342,38.1],[-76.0355,38.1039],[-76.0375,38.1027],[-76.0367,38.1009],[-76.0391,38.1014],[-76.0465,38.1068],[-76.0503,38.1078],[-76.0389,38.1118],[-76.0404,38.1122],[-76.0434,38.118],[-76.0399,38.1183],[-76.0369,38.121],[-76.0366,38.1197],[-76.0355,38.1201],[-76.0358,38.1236],[-76.0344,38.1257],[-76.0327,38.1256]]],[[[-75.938,38.1254],[-75.9342,38.1172],[-75.9375,38.1163],[-75.9378,38.1134],[-75.9391,38.1133],[-75.9411,38.1178],[-75.9392,38.1188],[-75.9409,38.1206],[-75.943,38.1136],[-75.9407,38.1118],[-75.943,38.1118],[-75.9497,38.1186],[-75.9469,38.1208],[-75.9456,38.1266],[-75.9429,38.1251],[-75.9405,38.1266],[-75.938,38.1254]]],[[[-76.0197,38.1321],[-76.0191,38.133],[-76.017,38.1314],[-76.0165,38.1289],[-76.0152,38.1322],[-76.0125,38.1317],[-76.0114,38.1239],[-76.0121,38.1219],[-76.0152,38.1199],[-76.0172,38.1204],[-76.0152,38.1248],[-76.0192,38.121],[-76.0196,38.1185],[-76.0174,38.1154],[-76.0205,38.117],[-76.0217,38.1079],[-76.0231,38.11],[-76.0246,38.1095],[-76.0242,38.1109],[-76.0274,38.1131],[-76.0263,38.1174],[-76.023,38.1214],[-76.0269,38.1176],[-76.0286,38.1135],[-76.032,38.1199],[-76.0305,38.1211],[-76.0281,38.1181],[-76.029,38.1204],[-76.0279,38.1211],[-76.0295,38.1226],[-76.0287,38.1235],[-76.027,38.1209],[-76.0252,38.1221],[-76.0245,38.1247],[-76.0218,38.1256],[-76.0247,38.1302],[-76.0221,38.1292],[-76.0207,38.1302],[-76.0232,38.1312],[-76.022,38.1326],[-76.0232,38.1331],[-76.0211,38.1338],[-76.0197,38.1321]]],[[[-75.8789,38.1428],[-75.8811,38.1438],[-75.8785,38.145],[-75.8789,38.1428]]],[[[-75.9149,38.1438],[-75.9174,38.1444],[-75.9179,38.1452],[-75.9152,38.1462],[-75.9149,38.1438]]],[[[-75.8859,38.1567],[-75.8822,38.1562],[-75.882,38.1557],[-75.8836,38.1553],[-75.8859,38.1567]]],[[[-75.8821,38.1585],[-75.884,38.1605],[-75.8836,38.1617],[-75.8866,38.1628],[-75.8841,38.1637],[-75.8804,38.1621],[-75.8821,38.1585]]],[[[-75.8926,38.1591],[-75.8997,38.1587],[-75.9007,38.1562],[-75.9017,38.1588],[-75.9053,38.162],[-75.9029,38.1648],[-75.9002,38.1654],[-75.8926,38.1591]]],[[[-75.9435,38.163],[-75.94,38.1619],[-75.9378,38.163],[-75.9362,38.1613],[-75.9335,38.1612],[-75.932,38.1576],[-75.9341,38.155],[-75.9338,38.1521],[-75.9394,38.1538],[-75.9358,38.1517],[-75.9342,38.1469],[-75.9317,38.1465],[-75.9299,38.1425],[-75.9214,38.1365],[-75.9204,38.1324],[-75.9235,38.1319],[-75.9241,38.1296],[-75.9274,38.127],[-75.933,38.1259],[-75.9345,38.127],[-75.9344,38.1288],[-75.9289,38.1304],[-75.9321,38.1318],[-75.9434,38.1316],[-75.9446,38.1325],[-75.9491,38.1315],[-75.9497,38.1296],[-75.9484,38.1277],[-75.9505,38.1271],[-75.9566,38.1313],[-75.9594,38.1366],[-75.9513,38.1619],[-75.9475,38.1683],[-75.9435,38.163]]],[[[-75.8272,38.2116],[-75.8277,38.2104],[-75.828,38.2116],[-75.8272,38.2116]]],[[[-75.6634,38.2989],[-75.654,38.2942],[-75.6505,38.2943],[-75.6441,38.2893],[-75.6331,38.289],[-75.6281,38.2853],[-75.6265,38.2826],[-75.6128,38.2786],[-75.6101,38.2728],[-75.6106,38.2668],[-75.6047,38.2596],[-75.6058,38.249],[-75.5922,38.2327],[-75.5909,38.2282],[-75.5871,38.2238],[-75.5765,38.2203],[-75.575,38.2099],[-75.5656,38.2043],[-75.5612,38.1994],[-75.5579,38.1916],[-75.5498,38.1864],[-75.5493,38.1827],[-75.547,38.1814],[-75.5459,38.1789],[-75.5479,38.1756],[-75.5469,38.1699],[-75.5504,38.1641],[-75.5494,38.1632],[-75.5548,38.1617],[-75.5578,38.1593],[-75.5618,38.1582],[-75.5624,38.1562],[-75.5696,38.1537],[-75.5767,38.1448],[-75.577,38.1408],[-75.5755,38.1401],[-75.5721,38.1318],[-75.567,38.1321],[-75.552,38.1208],[-75.5518,38.1155],[-75.5487,38.1151],[-75.5498,38.1123],[-75.5473,38.1125],[-75.5461,38.1111],[-75.5482,38.1082],[-75.5444,38.1079],[-75.5424,38.1093],[-75.5399,38.1081],[-75.5409,38.1061],[-75.5438,38.1066],[-75.5445,38.1029],[-75.5404,38.1016],[-75.5425,38.0998],[-75.5456,38.1007],[-75.5461,38.0979],[-75.5403,38.0966],[-75.5434,38.0949],[-75.5442,38.0922],[-75.5412,38.0899],[-75.5467,38.0869],[-75.5538,38.0855],[-75.5571,38.0858],[-75.5628,38.0891],[-75.5704,38.0872],[-75.5731,38.0829],[-75.5717,38.0779],[-75.5724,38.075],[-75.5799,38.0693],[-75.5858,38.0687],[-75.5867,38.0733],[-75.5878,38.0732],[-75.5866,38.0715],[-75.5873,38.0686],[-75.5995,38.0702],[-75.6069,38.0762],[-75.6168,38.0741],[-75.6191,38.0717],[-75.6167,38.0644],[-75.6197,38.0581],[-75.6243,38.055],[-75.6301,38.0546],[-75.637,38.0519],[-75.6376,38.0503],[-75.6363,38.0474],[-75.6381,38.0455],[-75.6469,38.0471],[-75.6481,38.0523],[-75.6524,38.0531],[-75.6564,38.0527],[-75.6601,38.0484],[-75.6625,38.0407],[-75.6597,38.0339],[-75.6563,38.0296],[-75.649,38.0253],[-75.6453,38.0198],[-75.643,38.0197],[-75.6391,38.0223],[-75.6369,38.0219],[-75.6317,38.0167],[-75.6325,38.0112],[-75.6297,38.0074],[-75.6273,38.0068],[-75.6233,38.0082],[-75.6207,38.0069],[-75.6221,37.9986],[-75.6259,37.994],[-75.6273,37.99],[-75.6323,37.9883],[-75.6358,37.9845],[-75.6354,37.9822],[-75.6303,37.9773],[-75.6307,37.9764],[-75.6379,37.9801],[-75.6428,37.9781],[-75.6459,37.9702],[-75.6557,37.9631],[-75.6631,37.9612],[-75.6662,37.962],[-75.6724,37.9668],[-75.6781,37.9678],[-75.6917,37.967],[-75.6968,37.9703],[-75.7131,37.9766],[-75.7154,37.9785],[-75.7131,37.981],[-75.7141,37.9839],[-75.7108,37.985],[-75.7119,37.9857],[-75.7062,37.9866],[-75.7017,37.9827],[-75.6992,37.9835],[-75.6996,37.985],[-75.6975,37.9874],[-75.6997,37.9867],[-75.7017,37.9836],[-75.7049,37.9879],[-75.7165,37.989],[-75.7186,37.9864],[-75.7234,37.9852],[-75.7246,37.9835],[-75.7243,37.9815],[-75.7219,37.9798],[-75.723,37.9784],[-75.7227,37.9713],[-75.7279,37.9672],[-75.732,37.9663],[-75.7375,37.9626],[-75.7405,37.9683],[-75.7393,37.9708],[-75.7401,37.9744],[-75.737,37.9762],[-75.7376,37.9784],[-75.7357,37.9793],[-75.7387,37.9803],[-75.7374,37.9821],[-75.738,37.9837],[-75.743,37.984],[-75.7492,37.9881],[-75.7473,37.9914],[-75.7496,37.9923],[-75.7508,37.992],[-75.7479,37.9905],[-75.7501,37.9897],[-75.7503,37.9884],[-75.7453,37.9802],[-75.7469,37.9779],[-75.7552,37.9758],[-75.7507,37.973],[-75.7505,37.9717],[-75.7463,37.9716],[-75.7469,37.9696],[-75.751,37.9688],[-75.7733,37.972],[-75.775,37.9748],[-75.7777,37.9757],[-75.7793,37.9787],[-75.7824,37.9797],[-75.7798,37.9779],[-75.7778,37.9737],[-75.7806,37.9734],[-75.7805,37.9722],[-75.7837,37.9728],[-75.7873,37.9689],[-75.7893,37.9691],[-75.7914,37.9643],[-75.7981,37.9604],[-75.7987,37.9586],[-75.8008,37.9581],[-75.8035,37.9549],[-75.8079,37.9561],[-75.8062,37.9552],[-75.8074,37.9546],[-75.8095,37.9547],[-75.8141,37.9594],[-75.8115,37.9631],[-75.8139,37.9688],[-75.8152,37.9672],[-75.8193,37.9669],[-75.8218,37.9632],[-75.8208,37.9614],[-75.8235,37.9613],[-75.825,37.9559],[-75.8272,37.9533],[-75.8241,37.9488],[-75.8186,37.9461],[-75.8201,37.9444],[-75.824,37.945],[-75.8222,37.9427],[-75.8181,37.9428],[-75.8185,37.9404],[-75.8192,37.942],[-75.8213,37.942],[-75.8203,37.9401],[-75.821,37.9385],[-75.8228,37.9394],[-75.8222,37.9409],[-75.8241,37.943],[-75.8242,37.9386],[-75.8299,37.9385],[-75.8299,37.9371],[-75.8349,37.9383],[-75.8363,37.9406],[-75.8362,37.9389],[-75.8379,37.9378],[-75.8356,37.9382],[-75.8311,37.9349],[-75.8326,37.9303],[-75.8347,37.9328],[-75.8353,37.9311],[-75.8365,37.9316],[-75.8378,37.9299],[-75.8395,37.9314],[-75.839,37.9303],[-75.8408,37.9287],[-75.8398,37.9274],[-75.8419,37.9272],[-75.8438,37.9274],[-75.843,37.9287],[-75.8452,37.9301],[-75.8457,37.926],[-75.8489,37.9238],[-75.85,37.9296],[-75.8487,37.9326],[-75.8468,37.9318],[-75.8478,37.9342],[-75.8451,37.9318],[-75.8454,37.9337],[-75.8403,37.9333],[-75.8366,37.9349],[-75.8463,37.9358],[-75.8488,37.9377],[-75.8545,37.9386],[-75.8527,37.9342],[-75.8554,37.935],[-75.8576,37.9422],[-75.8527,37.9412],[-75.8587,37.9445],[-75.8593,37.9457],[-75.8579,37.9458],[-75.8593,37.9471],[-75.8606,37.9462],[-75.8627,37.9478],[-75.8637,37.9497],[-75.8617,37.9505],[-75.8638,37.9527],[-75.8629,37.9534],[-75.86,37.9516],[-75.8575,37.9519],[-75.8608,37.9529],[-75.8611,37.9548],[-75.8584,37.957],[-75.8505,37.9557],[-75.8535,37.9588],[-75.8503,37.9597],[-75.8502,37.9623],[-75.8407,37.9645],[-75.842,37.9649],[-75.8414,37.9667],[-75.8431,37.9648],[-75.8515,37.964],[-75.856,37.9596],[-75.861,37.9598],[-75.8619,37.9614],[-75.8634,37.9586],[-75.8646,37.959],[-75.8662,37.9639],[-75.8654,37.9648],[-75.867,37.965],[-75.8622,37.9703],[-75.8615,37.973],[-75.8637,37.9754],[-75.8625,37.977],[-75.8614,37.9768],[-75.8613,37.9746],[-75.8546,37.9748],[-75.855,37.9779],[-75.8581,37.9784],[-75.8639,37.9772],[-75.8648,37.9796],[-75.8637,37.9808],[-75.8626,37.9797],[-75.8592,37.9808],[-75.8617,37.9832],[-75.8605,37.9847],[-75.8559,37.9841],[-75.8561,37.9865],[-75.8598,37.9896],[-75.8561,37.9899],[-75.8548,37.9882],[-75.8543,37.9902],[-75.8568,37.991],[-75.8566,37.9927],[-75.8554,37.994],[-75.8519,37.9922],[-75.852,37.9941],[-75.8502,37.9948],[-75.8508,37.996],[-75.8491,37.9976],[-75.8527,37.9956],[-75.8529,38.0001],[-75.8555,38.0001],[-75.8569,37.997],[-75.8582,38.0001],[-75.8612,38.0001],[-75.8602,37.9978],[-75.8616,37.9972],[-75.8601,37.9944],[-75.8615,37.9934],[-75.8684,37.9994],[-75.8691,37.9963],[-75.871,37.9958],[-75.868,37.9947],[-75.8703,37.9948],[-75.8715,37.9931],[-75.8691,37.99],[-75.8677,37.9906],[-75.8701,37.9923],[-75.8667,37.9916],[-75.8662,37.9898],[-75.8672,37.9883],[-75.8724,37.9889],[-75.8717,37.9847],[-75.8707,37.9867],[-75.8682,37.9856],[-75.8708,37.9836],[-75.8683,37.9812],[-75.8727,37.9827],[-75.87,37.9793],[-75.867,37.9792],[-75.8673,37.9774],[-75.8707,37.9767],[-75.8712,37.9751],[-75.8732,37.9744],[-75.8741,37.9752],[-75.8717,37.9773],[-75.876,37.9751],[-75.8758,37.9769],[-75.8778,37.9789],[-75.8781,37.9763],[-75.8761,37.9744],[-75.877,37.9719],[-75.882,37.973],[-75.8819,37.9747],[-75.8837,37.9735],[-75.8874,37.9746],[-75.8879,37.9808],[-75.8908,37.9762],[-75.8931,37.9756],[-75.8928,37.9769],[-75.8953,37.9774],[-75.8935,37.9742],[-75.8975,37.9744],[-75.8906,37.9711],[-75.8823,37.9711],[-75.8902,37.97],[-75.8986,37.9733],[-75.899,37.9745],[-75.8885,37.9873],[-75.8894,37.988],[-75.8865,37.9959],[-75.8823,37.9997],[-75.8828,38.003],[-75.8742,38.0128],[-75.8727,38.0169],[-75.8699,38.0128],[-75.8728,38.0092],[-75.8691,38.0113],[-75.8678,38.0107],[-75.8678,38.0124],[-75.8614,38.0102],[-75.8586,38.0109],[-75.8624,38.012],[-75.8625,38.014],[-75.8648,38.0135],[-75.8656,38.015],[-75.8673,38.0148],[-75.868,38.0164],[-75.8648,38.0183],[-75.8709,38.0184],[-75.8715,38.0239],[-75.8693,38.023],[-75.8683,38.0199],[-75.8658,38.0205],[-75.8674,38.0208],[-75.8685,38.0234],[-75.8669,38.0236],[-75.8666,38.0255],[-75.8692,38.0279],[-75.869,38.0309],[-75.8638,38.0264],[-75.863,38.0285],[-75.8641,38.0286],[-75.8635,38.0306],[-75.867,38.0327],[-75.8703,38.0307],[-75.8699,38.0265],[-75.8712,38.0275],[-75.8742,38.0254],[-75.8753,38.0291],[-75.8725,38.0354],[-75.8603,38.0386],[-75.8565,38.0387],[-75.8505,38.0367],[-75.8505,38.0347],[-75.8467,38.0329],[-75.8482,38.0326],[-75.85,38.0298],[-75.855,38.0274],[-75.8516,38.0267],[-75.8511,38.0222],[-75.8464,38.0237],[-75.8478,38.0265],[-75.846,38.0284],[-75.8415,38.0258],[-75.8434,38.0221],[-75.84,38.0233],[-75.8383,38.0272],[-75.8405,38.031],[-75.8343,38.0334],[-75.8356,38.0313],[-75.8324,38.0303],[-75.8326,38.0286],[-75.8313,38.0283],[-75.8308,38.0311],[-75.8293,38.0315],[-75.8275,38.0304],[-75.8274,38.0284],[-75.8233,38.0273],[-75.8233,38.0242],[-75.8217,38.0237],[-75.8253,38.0214],[-75.8218,38.023],[-75.8207,38.0214],[-75.8222,38.0195],[-75.8199,38.0211],[-75.8203,38.0231],[-75.8182,38.0222],[-75.8172,38.0189],[-75.8174,38.0216],[-75.8157,38.024],[-75.8175,38.0233],[-75.822,38.0263],[-75.8179,38.0287],[-75.8242,38.0299],[-75.8252,38.0327],[-75.8188,38.0336],[-75.8206,38.0346],[-75.8209,38.0368],[-75.824,38.0349],[-75.8283,38.037],[-75.8313,38.0361],[-75.8295,38.0383],[-75.8313,38.0408],[-75.8303,38.043],[-75.8281,38.0419],[-75.8236,38.0438],[-75.824,38.0448],[-75.826,38.0433],[-75.8283,38.0436],[-75.8263,38.0469],[-75.8206,38.0455],[-75.8187,38.0418],[-75.8179,38.044],[-75.812,38.0472],[-75.8057,38.0539],[-75.806,38.0505],[-75.8084,38.0484],[-75.8063,38.0483],[-75.8059,38.0467],[-75.8082,38.045],[-75.804,38.0454],[-75.8049,38.0429],[-75.8006,38.044],[-75.7986,38.0405],[-75.7946,38.044],[-75.7939,38.0426],[-75.7866,38.042],[-75.7818,38.0388],[-75.7832,38.0414],[-75.7852,38.0422],[-75.7847,38.0436],[-75.7877,38.043],[-75.7896,38.0443],[-75.7879,38.0463],[-75.791,38.0444],[-75.7936,38.0462],[-75.7974,38.0448],[-75.8004,38.0468],[-75.798,38.0496],[-75.7987,38.0503],[-75.8034,38.0483],[-75.804,38.0499],[-75.802,38.0506],[-75.8014,38.0524],[-75.797,38.0532],[-75.7901,38.0574],[-75.7897,38.0614],[-75.7811,38.0634],[-75.7769,38.073],[-75.7744,38.0737],[-75.7724,38.0705],[-75.7728,38.074],[-75.7688,38.0758],[-75.7668,38.0753],[-75.7674,38.0737],[-75.7639,38.0728],[-75.7617,38.0741],[-75.7603,38.0732],[-75.7584,38.0743],[-75.7548,38.0737],[-75.7578,38.0751],[-75.7652,38.0748],[-75.7647,38.0765],[-75.7686,38.0786],[-75.7746,38.0777],[-75.776,38.0791],[-75.7746,38.0803],[-75.7791,38.0785],[-75.7821,38.0787],[-75.7793,38.0845],[-75.7735,38.0901],[-75.7724,38.0941],[-75.7672,38.0904],[-75.7667,38.0874],[-75.7636,38.0874],[-75.762,38.0852],[-75.7566,38.0861],[-75.7546,38.0887],[-75.7492,38.0862],[-75.7452,38.0881],[-75.745,38.0904],[-75.7461,38.0882],[-75.749,38.0879],[-75.7487,38.0893],[-75.7532,38.0912],[-75.7587,38.089],[-75.7631,38.092],[-75.7568,38.0982],[-75.7586,38.0984],[-75.7612,38.0949],[-75.7642,38.0946],[-75.7683,38.096],[-75.7721,38.0995],[-75.7733,38.099],[-75.7732,38.0975],[-75.778,38.0957],[-75.7776,38.0966],[-75.7792,38.0961],[-75.7815,38.0976],[-75.7801,38.095],[-75.7821,38.0946],[-75.7792,38.0941],[-75.7778,38.0925],[-75.7858,38.086],[-75.788,38.086],[-75.7902,38.0881],[-75.7929,38.0877],[-75.7974,38.0914],[-75.7978,38.0934],[-75.7992,38.0936],[-75.7949,38.0868],[-75.7958,38.0853],[-75.7909,38.0857],[-75.7904,38.0779],[-75.7872,38.0745],[-75.7927,38.0753],[-75.7924,38.0738],[-75.7893,38.0724],[-75.7921,38.0713],[-75.796,38.0747],[-75.795,38.0703],[-75.798,38.0712],[-75.7968,38.0714],[-75.7968,38.0728],[-75.8027,38.0726],[-75.8069,38.0747],[-75.8039,38.0687],[-75.8072,38.0681],[-75.8035,38.0675],[-75.8039,38.0651],[-75.8005,38.0661],[-75.7994,38.0653],[-75.801,38.0619],[-75.8053,38.0622],[-75.8058,38.0658],[-75.8083,38.066],[-75.8113,38.0651],[-75.8107,38.0622],[-75.8127,38.0615],[-75.8196,38.0664],[-75.8177,38.0675],[-75.8195,38.07],[-75.8222,38.0698],[-75.8216,38.0714],[-75.823,38.0731],[-75.8278,38.0701],[-75.825,38.0687],[-75.8269,38.0682],[-75.8314,38.0694],[-75.8322,38.0737],[-75.8331,38.075],[-75.8342,38.0736],[-75.8326,38.0734],[-75.8338,38.0672],[-75.8384,38.0681],[-75.841,38.0705],[-75.8402,38.0716],[-75.8461,38.0719],[-75.8484,38.075],[-75.8497,38.0752],[-75.8467,38.0701],[-75.8491,38.0678],[-75.8532,38.0695],[-75.8592,38.0678],[-75.8613,38.0649],[-75.859,38.063],[-75.8615,38.0628],[-75.8589,38.0618],[-75.8589,38.0601],[-75.8618,38.0597],[-75.8623,38.0628],[-75.8658,38.0648],[-75.868,38.0628],[-75.8667,38.0602],[-75.8648,38.06],[-75.8715,38.0589],[-75.8743,38.0605],[-75.8742,38.0628],[-75.8724,38.065],[-75.8734,38.0665],[-75.8723,38.0667],[-75.8713,38.0649],[-75.8735,38.0626],[-75.8718,38.0616],[-75.8701,38.0631],[-75.8688,38.0617],[-75.8695,38.0657],[-75.867,38.0653],[-75.8705,38.0687],[-75.8721,38.0687],[-75.8704,38.0702],[-75.8717,38.0713],[-75.8715,38.0748],[-75.8702,38.0745],[-75.8696,38.0758],[-75.873,38.076],[-75.8722,38.0732],[-75.8771,38.0777],[-75.8782,38.0757],[-75.8804,38.0755],[-75.876,38.0804],[-75.869,38.0806],[-75.8673,38.0785],[-75.8684,38.076],[-75.865,38.0767],[-75.8654,38.0753],[-75.861,38.0734],[-75.8615,38.0702],[-75.8595,38.0711],[-75.8575,38.0696],[-75.8573,38.0706],[-75.8541,38.0708],[-75.8564,38.0718],[-75.8562,38.0741],[-75.8591,38.0731],[-75.8584,38.0759],[-75.8603,38.0763],[-75.8571,38.078],[-75.8566,38.08],[-75.8604,38.0807],[-75.8594,38.0786],[-75.8625,38.0783],[-75.865,38.081],[-75.8668,38.0883],[-75.8687,38.0885],[-75.87,38.0864],[-75.8725,38.0859],[-75.8718,38.0877],[-75.8705,38.0873],[-75.8694,38.0888],[-75.8718,38.089],[-75.8738,38.0872],[-75.8736,38.0902],[-75.871,38.0911],[-75.8656,38.0905],[-75.8627,38.0885],[-75.8627,38.087],[-75.8602,38.0871],[-75.8623,38.0855],[-75.8607,38.0837],[-75.8593,38.0846],[-75.8599,38.0862],[-75.8581,38.0871],[-75.856,38.0853],[-75.8562,38.0826],[-75.8528,38.0825],[-75.8548,38.0834],[-75.8537,38.0847],[-75.8546,38.0851],[-75.8525,38.0867],[-75.8516,38.0857],[-75.8505,38.0884],[-75.8532,38.0893],[-75.8525,38.0877],[-75.8544,38.0881],[-75.8559,38.0866],[-75.8608,38.0896],[-75.8607,38.0919],[-75.8585,38.093],[-75.8624,38.0922],[-75.863,38.0938],[-75.8657,38.0952],[-75.8656,38.0975],[-75.8662,38.0958],[-75.8672,38.0968],[-75.8639,38.1011],[-75.8651,38.0991],[-75.8638,38.0978],[-75.8646,38.0959],[-75.8626,38.0958],[-75.8579,38.0997],[-75.856,38.1048],[-75.8515,38.1081],[-75.8473,38.1092],[-75.8426,38.1131],[-75.8405,38.113],[-75.8438,38.1111],[-75.8425,38.1094],[-75.845,38.1079],[-75.8422,38.1069],[-75.8441,38.1041],[-75.8434,38.1027],[-75.8507,38.103],[-75.8489,38.1018],[-75.8511,38.0996],[-75.8533,38.1003],[-75.8529,38.1022],[-75.8539,38.1019],[-75.8539,38.099],[-75.8525,38.0988],[-75.8511,38.0947],[-75.8494,38.095],[-75.8514,38.0986],[-75.8491,38.1004],[-75.8471,38.0996],[-75.8476,38.0961],[-75.8448,38.0946],[-75.8436,38.0905],[-75.8416,38.0949],[-75.8423,38.097],[-75.8443,38.0968],[-75.8431,38.1],[-75.8366,38.0968],[-75.8336,38.0986],[-75.8291,38.0982],[-75.8281,38.0996],[-75.8358,38.0996],[-75.8403,38.1037],[-75.8359,38.1071],[-75.8309,38.1048],[-75.8294,38.1053],[-75.8297,38.1066],[-75.8337,38.108],[-75.8327,38.1098],[-75.8351,38.1081],[-75.8386,38.1091],[-75.8347,38.1125],[-75.8384,38.1127],[-75.837,38.115],[-75.8377,38.1165],[-75.8357,38.1178],[-75.838,38.118],[-75.8387,38.1251],[-75.8329,38.1278],[-75.8265,38.1344],[-75.8255,38.1341],[-75.8261,38.1298],[-75.8245,38.1289],[-75.8234,38.1255],[-75.8208,38.1248],[-75.8164,38.1177],[-75.8194,38.1247],[-75.8178,38.1288],[-75.8184,38.1312],[-75.8133,38.1341],[-75.809,38.1341],[-75.8099,38.1318],[-75.8076,38.13],[-75.8078,38.1265],[-75.8067,38.1255],[-75.8058,38.1256],[-75.8061,38.1272],[-75.8035,38.1281],[-75.7954,38.1359],[-75.7934,38.1357],[-75.7915,38.1317],[-75.7872,38.1317],[-75.7865,38.1294],[-75.7877,38.1269],[-75.7854,38.1272],[-75.7839,38.1293],[-75.7854,38.1315],[-75.7826,38.1347],[-75.7755,38.1313],[-75.7723,38.1336],[-75.7718,38.132],[-75.7683,38.1329],[-75.7648,38.1364],[-75.7639,38.1393],[-75.7584,38.1418],[-75.7637,38.1401],[-75.7678,38.1368],[-75.7747,38.1356],[-75.7792,38.1382],[-75.7878,38.138],[-75.7882,38.146],[-75.7849,38.148],[-75.7803,38.1535],[-75.7756,38.1531],[-75.7705,38.1578],[-75.7603,38.152],[-75.7582,38.1522],[-75.7566,38.1548],[-75.7527,38.1555],[-75.7496,38.1585],[-75.748,38.1633],[-75.7409,38.1668],[-75.7492,38.1647],[-75.7493,38.1603],[-75.7533,38.1562],[-75.7592,38.1559],[-75.7679,38.1619],[-75.7737,38.1599],[-75.7809,38.1611],[-75.7814,38.1577],[-75.7896,38.1589],[-75.7912,38.1546],[-75.7942,38.1535],[-75.795,38.1507],[-75.7988,38.1485],[-75.7976,38.1444],[-75.7987,38.1425],[-75.8083,38.1404],[-75.8152,38.1443],[-75.8204,38.1429],[-75.8217,38.1437],[-75.812,38.1473],[-75.8108,38.1489],[-75.8121,38.15],[-75.8143,38.1493],[-75.8126,38.1507],[-75.8131,38.1531],[-75.8106,38.1587],[-75.8129,38.1612],[-75.8139,38.1634],[-75.8132,38.1652],[-75.8143,38.1658],[-75.8148,38.1593],[-75.8129,38.1587],[-75.8164,38.1523],[-75.8155,38.151],[-75.8171,38.1511],[-75.8181,38.1485],[-75.8211,38.148],[-75.8226,38.15],[-75.823,38.1479],[-75.8278,38.1481],[-75.8337,38.1513],[-75.835,38.1533],[-75.8329,38.1546],[-75.8345,38.1555],[-75.8332,38.1576],[-75.8357,38.1564],[-75.8377,38.1606],[-75.8366,38.1522],[-75.8376,38.1512],[-75.8367,38.1503],[-75.8419,38.1444],[-75.8504,38.1444],[-75.849,38.1528],[-75.8526,38.1582],[-75.852,38.1612],[-75.8535,38.1614],[-75.852,38.1652],[-75.856,38.17],[-75.8565,38.1678],[-75.8551,38.1647],[-75.8572,38.1614],[-75.8556,38.1591],[-75.8559,38.1557],[-75.8534,38.1529],[-75.855,38.1517],[-75.8526,38.1499],[-75.8536,38.1448],[-75.8553,38.144],[-75.854,38.1416],[-75.8607,38.1403],[-75.8622,38.1409],[-75.8618,38.1428],[-75.8588,38.144],[-75.8622,38.1445],[-75.8636,38.1404],[-75.8713,38.1424],[-75.8701,38.1375],[-75.8657,38.1353],[-75.8692,38.1344],[-75.8808,38.1369],[-75.8779,38.1391],[-75.8757,38.1365],[-75.8712,38.1357],[-75.8716,38.1371],[-75.8751,38.1378],[-75.8754,38.1418],[-75.8771,38.1433],[-75.8759,38.1445],[-75.8772,38.1449],[-75.8775,38.1465],[-75.8807,38.1458],[-75.8813,38.148],[-75.8869,38.1499],[-75.8853,38.1516],[-75.882,38.1523],[-75.8822,38.1542],[-75.8794,38.156],[-75.8808,38.156],[-75.8805,38.1569],[-75.8763,38.1603],[-75.8771,38.1623],[-75.876,38.1643],[-75.8797,38.1687],[-75.8804,38.1735],[-75.8827,38.174],[-75.885,38.1707],[-75.8835,38.1666],[-75.8853,38.1666],[-75.8857,38.1683],[-75.8895,38.1675],[-75.8893,38.166],[-75.8954,38.1701],[-75.896,38.1727],[-75.8977,38.1721],[-75.9105,38.1744],[-75.9092,38.1738],[-75.911,38.1722],[-75.9106,38.1695],[-75.9077,38.166],[-75.9063,38.1667],[-75.9081,38.1585],[-75.9062,38.1544],[-75.9034,38.1534],[-75.9026,38.1549],[-75.9041,38.1549],[-75.9037,38.1567],[-75.9008,38.1552],[-75.8989,38.1561],[-75.8968,38.1553],[-75.899,38.1571],[-75.8983,38.1578],[-75.893,38.155],[-75.8923,38.1531],[-75.8935,38.152],[-75.8837,38.1543],[-75.8867,38.1529],[-75.8867,38.1517],[-75.8884,38.1529],[-75.8881,38.1482],[-75.8961,38.1477],[-75.9015,38.1458],[-75.9045,38.1423],[-75.9059,38.1432],[-75.9067,38.1386],[-75.9003,38.1415],[-75.9015,38.1396],[-75.9065,38.1373],[-75.9087,38.139],[-75.9084,38.1475],[-75.9067,38.15],[-75.9036,38.1487],[-75.9056,38.1507],[-75.9038,38.1524],[-75.9074,38.1527],[-75.9132,38.1467],[-75.9145,38.1494],[-75.9159,38.1478],[-75.9165,38.149],[-75.9177,38.1478],[-75.9166,38.1464],[-75.9203,38.1472],[-75.9236,38.1493],[-75.9233,38.1517],[-75.9331,38.1482],[-75.9334,38.1549],[-75.9311,38.1576],[-75.9321,38.1588],[-75.9307,38.1594],[-75.9297,38.1628],[-75.932,38.1655],[-75.9372,38.1667],[-75.9377,38.1682],[-75.9434,38.1703],[-75.9452,38.1748],[-75.9463,38.1729],[-75.9445,38.1693],[-75.9471,38.1703],[-75.9517,38.1755],[-75.9516,38.1781],[-75.9444,38.1854],[-75.9388,38.189],[-75.9224,38.1905],[-75.9103,38.1966],[-75.8881,38.2038],[-75.8865,38.2036],[-75.8849,38.2006],[-75.8851,38.1971],[-75.8823,38.1921],[-75.8827,38.188],[-75.8817,38.1878],[-75.8799,38.1892],[-75.8793,38.1922],[-75.8802,38.193],[-75.8796,38.1953],[-75.882,38.1991],[-75.8759,38.1984],[-75.8684,38.2003],[-75.8676,38.1979],[-75.8649,38.1971],[-75.8645,38.2002],[-75.8619,38.2027],[-75.8472,38.2102],[-75.8435,38.2107],[-75.8379,38.2167],[-75.8351,38.2153],[-75.833,38.2182],[-75.8314,38.2178],[-75.8287,38.214],[-75.8256,38.2132],[-75.8288,38.2121],[-75.8276,38.2097],[-75.8258,38.2122],[-75.8211,38.2126],[-75.8206,38.2117],[-75.8231,38.2105],[-75.8231,38.2089],[-75.8216,38.2082],[-75.817,38.2106],[-75.8191,38.208],[-75.8133,38.2041],[-75.8125,38.2054],[-75.8141,38.2054],[-75.8144,38.2073],[-75.8166,38.2065],[-75.8181,38.2078],[-75.8163,38.2097],[-75.8165,38.2112],[-75.8225,38.2093],[-75.8201,38.2107],[-75.8197,38.2127],[-75.822,38.2139],[-75.8215,38.2155],[-75.8241,38.2138],[-75.8279,38.2151],[-75.8262,38.2187],[-75.819,38.2268],[-75.8209,38.2311],[-75.8261,38.2336],[-75.8256,38.2346],[-75.819,38.2343],[-75.8184,38.2311],[-75.817,38.2302],[-75.8117,38.2322],[-75.8108,38.2298],[-75.8037,38.2296],[-75.8034,38.2287],[-75.8066,38.2267],[-75.8012,38.2229],[-75.7988,38.2235],[-75.7968,38.2269],[-75.7933,38.2288],[-75.7911,38.2278],[-75.7872,38.2311],[-75.7845,38.2314],[-75.7842,38.2276],[-75.7803,38.227],[-75.7789,38.2286],[-75.7837,38.2283],[-75.7836,38.2319],[-75.7866,38.2321],[-75.7913,38.2284],[-75.7935,38.2298],[-75.7948,38.2281],[-75.7977,38.228],[-75.7987,38.2248],[-75.8024,38.224],[-75.8054,38.2268],[-75.8027,38.2277],[-75.8029,38.2299],[-75.81,38.2309],[-75.8094,38.2325],[-75.8107,38.2355],[-75.8113,38.2335],[-75.8157,38.2315],[-75.818,38.2353],[-75.8238,38.236],[-75.8285,38.2341],[-75.8278,38.2323],[-75.8237,38.2303],[-75.8243,38.2294],[-75.8413,38.2319],[-75.8461,38.2308],[-75.8517,38.2264],[-75.8566,38.229],[-75.8603,38.2286],[-75.8614,38.2327],[-75.8513,38.2373],[-75.8491,38.2406],[-75.8388,38.2455],[-75.8337,38.2501],[-75.8235,38.2524],[-75.8215,38.2513],[-75.8147,38.2528],[-75.8104,38.2513],[-75.8017,38.2533],[-75.7948,38.2613],[-75.7947,38.2653],[-75.7801,38.2668],[-75.7746,38.2693],[-75.7707,38.2727],[-75.7687,38.2752],[-75.7681,38.284],[-75.765,38.2837],[-75.761,38.2853],[-75.754,38.2848],[-75.7528,38.2843],[-75.7539,38.2816],[-75.753,38.2806],[-75.7497,38.2803],[-75.7482,38.2822],[-75.7474,38.2805],[-75.7419,38.2787],[-75.7345,38.2824],[-75.7287,38.2802],[-75.7299,38.2771],[-75.7292,38.2754],[-75.7241,38.2754],[-75.7243,38.2706],[-75.7195,38.2653],[-75.7148,38.2666],[-75.7106,38.2639],[-75.706,38.2659],[-75.7011,38.2641],[-75.6926,38.2665],[-75.6889,38.2638],[-75.6881,38.2662],[-75.6905,38.265],[-75.6915,38.2669],[-75.6937,38.267],[-75.6933,38.2691],[-75.6959,38.2705],[-75.6952,38.2732],[-75.6964,38.2742],[-75.6905,38.2809],[-75.691,38.282],[-75.686,38.2858],[-75.688,38.2889],[-75.6872,38.2899],[-75.6818,38.2929],[-75.6738,38.2934],[-75.6634,38.2989]]]]}},{"type":"Feature","properties":{"leaid":"2400600","name":"St. Marys County Public Schools","kind":"Unified","gradeLow":"PK","gradeHigh":"12","state":"MD"},"geometry":{"type":"MultiPolygon","coordinates":[[[[-76.2367,37.8887],[-76.2368,37.8887],[-76.2367,37.8892],[-76.2367,37.8887]]],[[[-76.2423,37.8916],[-76.2377,37.8902],[-76.2366,37.8902],[-76.2423,37.8916]]],[[[-76.2444,37.8928],[-76.2437,37.8923],[-76.2441,37.8925],[-76.2444,37.8928]]],[[[-76.2497,37.8969],[-76.2473,37.8947],[-76.2497,37.8969],[-76.2497,37.8969]]],[[[-76.2508,37.8984],[-76.2498,37.897],[-76.2519,37.8995],[-76.2508,37.8984]]],[[[-76.2554,37.9034],[-76.255,37.9031],[-76.2555,37.9035],[-76.2554,37.9034]]],[[[-76.2621,37.9088],[-76.262,37.9088],[-76.2632,37.9094],[-76.2621,37.9088]]],[[[-76.2653,37.9107],[-76.2679,37.9122],[-76.2721,37.9141],[-76.2671,37.912],[-76.2653,37.9107]]],[[[-76.2733,37.9146],[-76.2722,37.9142],[-76.2731,37.9144],[-76.2733,37.9146]]],[[[-76.274,37.915],[-76.2844,37.9191],[-76.2902,37.9219],[-76.2909,37.9225],[-76.274,37.915]]],[[[-76.2938,37.9239],[-76.2931,37.9236],[-76.2961,37.9249],[-76.2938,37.9239]]],[[[-76.2996,37.9266],[-76.2974,37.9256],[-76.3001,37.9268],[-76.2996,37.9266]]],[[[-76.3015,37.9273],[-76.3002,37.9268],[-76.3008,37.927],[-76.3015,37.9273]]],[[[-76.3038,37.9286],[-76.3023,37.9276],[-76.307,37.9299],[-76.3038,37.9286]]],[[[-76.3155,37.9341],[-76.3155,37.934],[-76.317,37.9349],[-76.3155,37.9341]]],[[[-76.318,37.9353],[-76.3182,37.9352],[-76.3184,37.9354],[-76.318,37.9353]]],[[[-76.3272,37.9399],[-76.3264,37.9395],[-76.3265,37.9395],[-76.3272,37.9399]]],[[[-76.3438,37.9473],[-76.3371,37.9446],[-76.3462,37.948],[-76.3438,37.9473]]],[[[-76.3507,37.9496],[-76.3504,37.9494],[-76.3518,37.9499],[-76.3507,37.9496]]],[[[-76.3556,37.9509],[-76.3538,37.9504],[-76.3552,37.9507],[-76.3556,37.9509]]],[[[-76.3659,37.9535],[-76.3671,37.9537],[-76.3746,37.9551],[-76.3698,37.9544],[-76.3659,37.9535]]],[[[-76.5162,38.0442],[-76.5162,38.0418],[-76.5162,38.0449],[-76.5162,38.0442]]],[[[-76.5252,38.0526],[-76.525,38.0524],[-76.5252,38.0526],[-76.5252,38.0526]]],[[[-76.3441,38.0557],[-76.3443,38.0548],[-76.3448,38.0553],[-76.3441,38.0557]]],[[[-76.5634,38.0878],[-76.5633,38.0877],[-76.5637,38.0879],[-76.5634,38.0878]]],[[[-76.5961,38.1068],[-76.5961,38.1067],[-76.5961,38.1069],[-76.5961,38.1068]]],[[[-76.4943,38.1304],[-76.4847,38.1255],[-76.4832,38.1233],[-76.4758,38.1192],[-76.4721,38.1215],[-76.4723,38.1206],[-76.4695,38.1189],[-76.4697,38.1155],[-76.4663,38.1102],[-76.4671,38.1093],[-76.4744,38.1162],[-76.4763,38.1165],[-76.4755,38.114],[-76.469,38.1082],[-76.4655,38.1086],[-76.4653,38.1058],[-76.4737,38.1026],[-76.4762,38.1046],[-76.4823,38.1177],[-76.4959,38.1307],[-76.4988,38.1341],[-76.4983,38.1361],[-76.4954,38.1346],[-76.4943,38.1304]]],[[[-76.6104,38.1485],[-76.6086,38.1482],[-76.6075,38.1483],[-76.6062,38.1482],[-76.6053,38.148],[-76.6048,38.1484],[-76.6104,38.1485]]],[[[-76.831,38.1633],[-76.8309,38.1633],[-76.831,38.1633],[-76.831,38.1633]]],[[[-76.8246,38.1636],[-76.8287,38.1633],[-76.8292,38.1633],[-76.8246,38.1636]]],[[[-76.8531,38.1671],[-76.8515,38.167],[-76.8538,38.1672],[-76.8531,38.1671]]],[[[-76.8541,38.1673],[-76.854,38.1672],[-76.8546,38.1674],[-76.8541,38.1673]]],[[[-76.7978,38.1684],[-76.7971,38.1683],[-76.7971,38.1683],[-76.7978,38.1684]]],[[[-76.7851,38.1687],[-76.7734,38.1681],[-76.7711,38.1679],[-76.7746,38.1671],[-76.7792,38.168],[-76.7799,38.168],[-76.7813,38.1683],[-76.7829,38.1684],[-76.7848,38.1686],[-76.7851,38.1687]]],[[[-76.8606,38.171],[-76.8609,38.1709],[-76.8615,38.171],[-76.8606,38.171]]],[[[-76.8678,38.1714],[-76.8681,38.1714],[-76.8684,38.1714],[-76.8678,38.1714]]],[[[-76.4684,38.2127],[-76.4701,38.212],[-76.4704,38.2121],[-76.4691,38.2141],[-76.4684,38.2127]]],[[[-76.7968,38.2412],[-76.7986,38.2391],[-76.7975,38.238],[-76.7946,38.2392],[-76.7897,38.2385],[-76.7918,38.2344],[-76.7939,38.2346],[-76.8008,38.24],[-76.7968,38.2412]]],[[[-76.7951,38.2462],[-76.7951,38.2444],[-76.7954,38.2445],[-76.7963,38.2467],[-76.7951,38.2462]]],[[[-76.81,38.2501],[-76.812,38.251],[-76.8122,38.2517],[-76.8085,38.252],[-76.81,38.2501]]],[[[-76.7518,38.5136],[-76.7481,38.5125],[-76.7266,38.5118],[-76.7156,38.5094],[-76.7138,38.5105],[-76.7105,38.5092],[-76.7106,38.5075],[-76.7092,38.5074],[-76.7084,38.5048],[-76.7065,38.5042],[-76.7053,38.5017],[-76.703,38.5023],[-76.6998,38.4988],[-76.7026,38.4996],[-76.7024,38.4986],[-76.6958,38.4951],[-76.6937,38.4952],[-76.6921,38.493],[-76.6898,38.4941],[-76.6862,38.4915],[-76.6795,38.4957],[-76.6701,38.492],[-76.6751,38.4881],[-76.676,38.4845],[-76.6785,38.4851],[-76.6809,38.483],[-76.6861,38.4831],[-76.6871,38.4813],[-76.6891,38.4819],[-76.6896,38.4808],[-76.6767,38.4786],[-76.6702,38.4821],[-76.6669,38.481],[-76.6626,38.4756],[-76.6636,38.4741],[-76.6631,38.471],[-76.659,38.4693],[-76.6633,38.4647],[-76.6662,38.4677],[-76.667,38.466],[-76.669,38.4675],[-76.6715,38.4722],[-76.6742,38.4725],[-76.6718,38.4709],[-76.6717,38.4682],[-76.6691,38.4659],[-76.6726,38.4651],[-76.6705,38.4645],[-76.671,38.4613],[-76.6692,38.4608],[-76.6687,38.463],[-76.6677,38.4612],[-76.6652,38.4605],[-76.6644,38.4623],[-76.663,38.4593],[-76.6644,38.4583],[-76.6645,38.4553],[-76.668,38.4561],[-76.6704,38.455],[-76.669,38.4544],[-76.6712,38.4532],[-76.6667,38.4547],[-76.6649,38.4528],[-76.6602,38.4568],[-76.6605,38.4581],[-76.6566,38.4562],[-76.6551,38.451],[-76.6456,38.4484],[-76.6443,38.447],[-76.6452,38.4459],[-76.6491,38.448],[-76.6459,38.4463],[-76.6476,38.4449],[-76.6446,38.438],[-76.6396,38.4341],[-76.6331,38.4318],[-76.6287,38.4257],[-76.619,38.4204],[-76.6194,38.4187],[-76.6213,38.4188],[-76.6209,38.4203],[-76.6231,38.4205],[-76.6272,38.4181],[-76.6232,38.4195],[-76.6222,38.4188],[-76.6247,38.4169],[-76.6231,38.4155],[-76.6224,38.4178],[-76.6201,38.4183],[-76.6166,38.416],[-76.6075,38.4134],[-76.5971,38.4063],[-76.5993,38.4061],[-76.6005,38.4038],[-76.5997,38.4028],[-76.598,38.4028],[-76.5988,38.4052],[-76.5964,38.4062],[-76.5928,38.4021],[-76.5871,38.3999],[-76.585,38.3966],[-76.5909,38.3928],[-76.5848,38.3899],[-76.5874,38.3874],[-76.5847,38.3883],[-76.5828,38.3873],[-76.5842,38.3905],[-76.5867,38.3926],[-76.5843,38.3949],[-76.5829,38.3936],[-76.5831,38.3951],[-76.5854,38.3958],[-76.5768,38.3942],[-76.5643,38.3891],[-76.5508,38.3879],[-76.5504,38.3871],[-76.5522,38.3874],[-76.5543,38.3852],[-76.5576,38.3849],[-76.5571,38.3831],[-76.5627,38.3856],[-76.5584,38.3822],[-76.5623,38.3809],[-76.5604,38.3805],[-76.5631,38.3767],[-76.5621,38.3751],[-76.5581,38.3811],[-76.5555,38.3783],[-76.5551,38.3803],[-76.5565,38.3812],[-76.5555,38.3835],[-76.5511,38.3825],[-76.5523,38.3848],[-76.549,38.3857],[-76.5499,38.3872],[-76.5403,38.3831],[-76.5363,38.3838],[-76.5336,38.3815],[-76.5357,38.3795],[-76.5375,38.3798],[-76.5375,38.377],[-76.535,38.3787],[-76.5319,38.3767],[-76.533,38.374],[-76.5358,38.3725],[-76.5324,38.3731],[-76.5316,38.3714],[-76.531,38.3723],[-76.5322,38.374],[-76.5304,38.3757],[-76.5277,38.3755],[-76.5244,38.3729],[-76.5286,38.3716],[-76.52,38.3704],[-76.5198,38.3678],[-76.5172,38.3675],[-76.5145,38.363],[-76.5066,38.3626],[-76.5005,38.3585],[-76.5017,38.3564],[-76.4993,38.3533],[-76.5,38.3497],[-76.4963,38.3443],[-76.5003,38.3424],[-76.5006,38.344],[-76.5025,38.3448],[-76.5018,38.348],[-76.5039,38.3472],[-76.5061,38.3494],[-76.5076,38.3518],[-76.5067,38.3528],[-76.5083,38.3529],[-76.5092,38.3511],[-76.5123,38.3532],[-76.5102,38.3561],[-76.5146,38.3541],[-76.5147,38.3575],[-76.5169,38.355],[-76.5189,38.3568],[-76.5197,38.3557],[-76.5159,38.354],[-76.5165,38.3519],[-76.5203,38.3504],[-76.5247,38.3522],[-76.5274,38.3519],[-76.5294,38.3549],[-76.535,38.3568],[-76.5318,38.353],[-76.5299,38.3531],[-76.5289,38.3507],[-76.5223,38.3501],[-76.5279,38.3472],[-76.5301,38.349],[-76.5323,38.3485],[-76.528,38.3461],[-76.5225,38.3484],[-76.5218,38.3468],[-76.5258,38.3439],[-76.5206,38.3455],[-76.5214,38.348],[-76.5177,38.3499],[-76.5139,38.3496],[-76.5144,38.3479],[-76.511,38.3499],[-76.5066,38.3476],[-76.5052,38.3454],[-76.5065,38.3436],[-76.5125,38.3451],[-76.5166,38.3414],[-76.512,38.3434],[-76.5069,38.3414],[-76.5055,38.3432],[-76.5039,38.343],[-76.5043,38.3397],[-76.5086,38.3403],[-76.5137,38.339],[-76.5064,38.3381],[-76.5055,38.3366],[-76.5091,38.3372],[-76.5078,38.3353],[-76.5096,38.3334],[-76.5138,38.3343],[-76.5191,38.3323],[-76.5122,38.333],[-76.5156,38.329],[-76.5144,38.3268],[-76.5119,38.3259],[-76.5122,38.3229],[-76.5107,38.3257],[-76.5132,38.3293],[-76.511,38.3318],[-76.5057,38.3331],[-76.5076,38.3294],[-76.5062,38.331],[-76.5043,38.3311],[-76.5055,38.3277],[-76.5043,38.3275],[-76.5046,38.3264],[-76.5032,38.3296],[-76.5009,38.3295],[-76.5039,38.3325],[-76.5002,38.334],[-76.5019,38.3388],[-76.5005,38.3396],[-76.4898,38.3323],[-76.4942,38.3293],[-76.4948,38.3248],[-76.497,38.3251],[-76.4947,38.3232],[-76.4988,38.3222],[-76.4961,38.3215],[-76.4991,38.3192],[-76.4984,38.3181],[-76.496,38.3196],[-76.4942,38.3232],[-76.4911,38.3222],[-76.491,38.3199],[-76.4931,38.3179],[-76.4911,38.3168],[-76.4912,38.3185],[-76.4891,38.3202],[-76.4906,38.3224],[-76.4752,38.3223],[-76.4779,38.3164],[-76.4792,38.3159],[-76.4788,38.318],[-76.4797,38.3171],[-76.4801,38.3198],[-76.4834,38.3217],[-76.484,38.3206],[-76.4822,38.3194],[-76.4846,38.3196],[-76.4843,38.3177],[-76.4883,38.315],[-76.4816,38.3177],[-76.4803,38.3142],[-76.477,38.3128],[-76.478,38.3088],[-76.4846,38.3072],[-76.4839,38.3064],[-76.486,38.3039],[-76.4854,38.3026],[-76.482,38.3065],[-76.4761,38.3071],[-76.4757,38.3128],[-76.4729,38.3095],[-76.4701,38.3085],[-76.4622,38.2964],[-76.4542,38.2928],[-76.45,38.293],[-76.4527,38.2918],[-76.454,38.2882],[-76.4491,38.287],[-76.448,38.2888],[-76.4484,38.2927],[-76.4431,38.2916],[-76.4289,38.2925],[-76.4296,38.2943],[-76.4247,38.2988],[-76.4226,38.3049],[-76.4076,38.3034],[-76.412,38.3027],[-76.4127,38.3011],[-76.4096,38.3008],[-76.411,38.3002],[-76.4116,38.2976],[-76.4147,38.2981],[-76.4144,38.2965],[-76.4124,38.2966],[-76.4119,38.2954],[-76.4143,38.2928],[-76.4099,38.2917],[-76.4119,38.294],[-76.4108,38.2944],[-76.4109,38.2966],[-76.4085,38.2974],[-76.4094,38.2994],[-76.407,38.2994],[-76.4071,38.3013],[-76.4057,38.3003],[-76.4042,38.3011],[-76.4048,38.3031],[-76.4011,38.3022],[-76.4032,38.2983],[-76.4015,38.2956],[-76.4017,38.2985],[-76.4002,38.3008],[-76.3974,38.3018],[-76.3975,38.2994],[-76.396,38.2985],[-76.3953,38.3028],[-76.393,38.3021],[-76.3942,38.3032],[-76.3926,38.3039],[-76.393,38.3059],[-76.3965,38.3026],[-76.3986,38.3027],[-76.3995,38.3074],[-76.3971,38.3075],[-76.3993,38.3088],[-76.4011,38.3054],[-76.4071,38.3026],[-76.4063,38.3068],[-76.4023,38.3073],[-76.4001,38.3095],[-76.3815,38.3031],[-76.3734,38.2977],[-76.3928,38.2802],[-76.3964,38.2745],[-76.3991,38.2641],[-76.4109,38.2681],[-76.4143,38.271],[-76.4106,38.2669],[-76.399,38.2637],[-76.3977,38.2523],[-76.3852,38.2177],[-76.3619,38.192],[-76.3577,38.1834],[-76.3535,38.1781],[-76.3297,38.1552],[-76.3201,38.1383],[-76.3388,38.1195],[-76.3376,38.1256],[-76.3351,38.1266],[-76.3373,38.1282],[-76.3354,38.1296],[-76.3356,38.131],[-76.3373,38.1311],[-76.3367,38.1331],[-76.3382,38.1323],[-76.3408,38.1262],[-76.3422,38.1288],[-76.345,38.1271],[-76.3462,38.1283],[-76.3457,38.1296],[-76.3467,38.1297],[-76.3447,38.1311],[-76.3465,38.1319],[-76.3437,38.133],[-76.3424,38.1354],[-76.3468,38.1347],[-76.3479,38.1374],[-76.3446,38.1377],[-76.3437,38.1389],[-76.3465,38.1397],[-76.3487,38.1383],[-76.349,38.1397],[-76.3455,38.1423],[-76.341,38.1432],[-76.3443,38.1443],[-76.3487,38.1428],[-76.3496,38.1456],[-76.3484,38.1467],[-76.3507,38.1463],[-76.3516,38.1475],[-76.3495,38.1514],[-76.3514,38.1534],[-76.3508,38.1511],[-76.3524,38.1493],[-76.3549,38.1498],[-76.3528,38.1482],[-76.3554,38.1469],[-76.3556,38.1455],[-76.3523,38.1462],[-76.3528,38.1443],[-76.3512,38.1441],[-76.351,38.1405],[-76.3523,38.1393],[-76.3561,38.1417],[-76.3554,38.1387],[-76.3522,38.1378],[-76.3565,38.1366],[-76.3551,38.1364],[-76.3562,38.1352],[-76.3517,38.1362],[-76.352,38.1349],[-76.3493,38.1336],[-76.353,38.1321],[-76.3506,38.1315],[-76.3521,38.13],[-76.3512,38.128],[-76.3523,38.1261],[-76.354,38.1294],[-76.3566,38.1317],[-76.3575,38.1311],[-76.3569,38.1292],[-76.3582,38.1283],[-76.356,38.1281],[-76.3565,38.126],[-76.3582,38.1265],[-76.3601,38.1247],[-76.3585,38.1232],[-76.356,38.1241],[-76.356,38.1228],[-76.3535,38.1214],[-76.3587,38.1213],[-76.3563,38.1194],[-76.3561,38.118],[-76.3586,38.1187],[-76.359,38.1177],[-76.3568,38.1162],[-76.3599,38.1162],[-76.3593,38.1151],[-76.3628,38.1137],[-76.3619,38.1129],[-76.3571,38.1143],[-76.3572,38.1116],[-76.3536,38.1156],[-76.3533,38.1181],[-76.3471,38.1212],[-76.3471,38.1191],[-76.3438,38.1184],[-76.344,38.1163],[-76.3456,38.1164],[-76.346,38.1153],[-76.3472,38.1156],[-76.347,38.1168],[-76.3495,38.117],[-76.3511,38.1144],[-76.3501,38.1127],[-76.3521,38.1128],[-76.3535,38.11],[-76.3567,38.1095],[-76.3521,38.1083],[-76.352,38.106],[-76.3536,38.1047],[-76.3587,38.1043],[-76.3561,38.1027],[-76.3574,38.102],[-76.3571,38.101],[-76.3537,38.1036],[-76.3551,38.097],[-76.3528,38.0996],[-76.3524,38.104],[-76.349,38.1036],[-76.3497,38.1042],[-76.3487,38.1052],[-76.3502,38.1055],[-76.3508,38.1083],[-76.348,38.1093],[-76.348,38.1114],[-76.3438,38.11],[-76.3431,38.113],[-76.3394,38.111],[-76.3399,38.1092],[-76.3424,38.1078],[-76.3384,38.1089],[-76.3381,38.1108],[-76.3422,38.113],[-76.3415,38.1155],[-76.3435,38.1155],[-76.3424,38.1192],[-76.3406,38.1146],[-76.3339,38.1052],[-76.3308,38.0993],[-76.3311,38.0869],[-76.3293,38.0717],[-76.3268,38.0627],[-76.3206,38.0486],[-76.3202,38.0433],[-76.3217,38.0365],[-76.3238,38.0437],[-76.328,38.0497],[-76.3369,38.0538],[-76.3441,38.054],[-76.3355,38.0553],[-76.3344,38.0537],[-76.3305,38.0536],[-76.3268,38.0501],[-76.3277,38.0519],[-76.3263,38.0532],[-76.3278,38.0547],[-76.3251,38.0578],[-76.3275,38.0622],[-76.3288,38.0596],[-76.3309,38.0593],[-76.331,38.0574],[-76.3341,38.0598],[-76.3346,38.0585],[-76.3334,38.0569],[-76.3343,38.0558],[-76.3384,38.0565],[-76.3383,38.0608],[-76.34,38.061],[-76.3401,38.0588],[-76.3411,38.0611],[-76.3431,38.0616],[-76.3406,38.0562],[-76.3432,38.0554],[-76.3454,38.0602],[-76.3486,38.0587],[-76.3508,38.0616],[-76.3502,38.0632],[-76.3537,38.065],[-76.3541,38.0639],[-76.3525,38.0629],[-76.3534,38.0604],[-76.3515,38.0593],[-76.3515,38.0572],[-76.3487,38.0555],[-76.3451,38.0556],[-76.3449,38.0536],[-76.3528,38.0532],[-76.355,38.0542],[-76.3626,38.0613],[-76.3728,38.081],[-76.3717,38.0834],[-76.37,38.0832],[-76.3686,38.0842],[-76.3706,38.084],[-76.3709,38.0858],[-76.373,38.0844],[-76.3751,38.085],[-76.3732,38.0816],[-76.3819,38.09],[-76.3786,38.0897],[-76.3739,38.0919],[-76.3768,38.0927],[-76.3729,38.0972],[-76.3754,38.0962],[-76.3768,38.0979],[-76.3767,38.0954],[-76.3782,38.0956],[-76.3788,38.0913],[-76.3843,38.0904],[-76.3833,38.092],[-76.3851,38.092],[-76.3823,38.0943],[-76.3838,38.0944],[-76.3814,38.0988],[-76.3843,38.0978],[-76.3854,38.0934],[-76.3879,38.0947],[-76.3872,38.0921],[-76.3857,38.0925],[-76.386,38.0914],[-76.3911,38.0936],[-76.39,38.0989],[-76.3921,38.1035],[-76.3909,38.1034],[-76.3893,38.106],[-76.3878,38.1052],[-76.3851,38.1066],[-76.3821,38.1093],[-76.3879,38.1069],[-76.3895,38.1077],[-76.3888,38.1103],[-76.3929,38.1041],[-76.3923,38.1029],[-76.3977,38.1044],[-76.3976,38.1069],[-76.3984,38.1044],[-76.4061,38.1069],[-76.4069,38.1099],[-76.4044,38.1128],[-76.4032,38.1122],[-76.4017,38.1157],[-76.4007,38.1147],[-76.3985,38.1155],[-76.3958,38.1126],[-76.3942,38.1134],[-76.3961,38.1144],[-76.3948,38.1161],[-76.3968,38.1158],[-76.3973,38.1172],[-76.3934,38.1179],[-76.395,38.1183],[-76.3947,38.1204],[-76.3892,38.1207],[-76.3864,38.1192],[-76.3852,38.1197],[-76.3877,38.1209],[-76.3875,38.1221],[-76.3837,38.1226],[-76.3826,38.1216],[-76.3829,38.1241],[-76.3864,38.1244],[-76.3893,38.122],[-76.395,38.1217],[-76.3933,38.1235],[-76.3962,38.1237],[-76.396,38.1251],[-76.3916,38.127],[-76.3969,38.1268],[-76.3965,38.129],[-76.3944,38.1303],[-76.3965,38.1312],[-76.3958,38.1325],[-76.3969,38.1329],[-76.3971,38.1354],[-76.3933,38.1363],[-76.3876,38.1348],[-76.3916,38.1372],[-76.3914,38.1385],[-76.3989,38.1361],[-76.3993,38.1384],[-76.4014,38.1388],[-76.3978,38.1295],[-76.4008,38.1264],[-76.3985,38.1251],[-76.3995,38.123],[-76.3981,38.1196],[-76.3998,38.1181],[-76.4054,38.1173],[-76.4079,38.1208],[-76.4041,38.1205],[-76.4027,38.1224],[-76.4057,38.1215],[-76.4059,38.1243],[-76.4095,38.1227],[-76.408,38.1251],[-76.4088,38.1268],[-76.4108,38.1254],[-76.4129,38.1273],[-76.4082,38.1321],[-76.4129,38.1299],[-76.4142,38.1315],[-76.4144,38.1345],[-76.4123,38.1357],[-76.414,38.1357],[-76.4146,38.1379],[-76.4121,38.1417],[-76.4157,38.1386],[-76.4157,38.1352],[-76.42,38.1376],[-76.4196,38.136],[-76.4159,38.1336],[-76.4172,38.1315],[-76.4143,38.1286],[-76.4182,38.1282],[-76.4139,38.1254],[-76.4194,38.1245],[-76.4174,38.1235],[-76.4182,38.1213],[-76.416,38.122],[-76.4165,38.1204],[-76.4133,38.1227],[-76.4138,38.1191],[-76.4117,38.1193],[-76.4104,38.1174],[-76.4131,38.1164],[-76.4162,38.1127],[-76.4138,38.1118],[-76.4144,38.1098],[-76.4184,38.109],[-76.4136,38.109],[-76.4132,38.1069],[-76.4144,38.1053],[-76.417,38.1045],[-76.4226,38.1062],[-76.4219,38.108],[-76.4236,38.1114],[-76.4304,38.1194],[-76.4296,38.1262],[-76.4335,38.1288],[-76.4374,38.1341],[-76.4378,38.1378],[-76.4355,38.1424],[-76.4357,38.1463],[-76.4326,38.1458],[-76.4394,38.1483],[-76.4417,38.1504],[-76.4282,38.1578],[-76.4253,38.1529],[-76.4246,38.1555],[-76.4214,38.1538],[-76.4219,38.1558],[-76.4268,38.1566],[-76.4257,38.1582],[-76.4268,38.1617],[-76.4213,38.1636],[-76.417,38.1646],[-76.4165,38.1633],[-76.4137,38.1632],[-76.4137,38.1612],[-76.4126,38.1636],[-76.4062,38.1613],[-76.4065,38.1627],[-76.4111,38.1644],[-76.4114,38.1655],[-76.4151,38.1646],[-76.4157,38.1654],[-76.4163,38.1682],[-76.4098,38.1734],[-76.4124,38.1717],[-76.4137,38.1717],[-76.4126,38.173],[-76.4141,38.1726],[-76.4185,38.1671],[-76.4225,38.1665],[-76.4251,38.167],[-76.4251,38.1714],[-76.4277,38.1725],[-76.4261,38.1708],[-76.4272,38.1699],[-76.4269,38.1657],[-76.4287,38.1626],[-76.4348,38.1661],[-76.4344,38.1642],[-76.4296,38.1604],[-76.4379,38.1596],[-76.4394,38.1645],[-76.4445,38.1684],[-76.4425,38.1692],[-76.4396,38.1743],[-76.4334,38.1779],[-76.4345,38.1847],[-76.4383,38.1877],[-76.4334,38.1889],[-76.429,38.1936],[-76.4321,38.1976],[-76.4351,38.1991],[-76.4421,38.1991],[-76.4479,38.1959],[-76.4461,38.1981],[-76.4471,38.2005],[-76.4465,38.2061],[-76.4477,38.208],[-76.4518,38.2088],[-76.4505,38.2119],[-76.4536,38.2104],[-76.453,38.2089],[-76.4542,38.2081],[-76.4562,38.213],[-76.4606,38.2134],[-76.4639,38.2121],[-76.4668,38.214],[-76.4664,38.216],[-76.4689,38.2166],[-76.4668,38.2188],[-76.468,38.2186],[-76.4677,38.2202],[-76.4726,38.2177],[-76.4765,38.2196],[-76.4763,38.2219],[-76.4774,38.2229],[-76.4784,38.2219],[-76.4773,38.2205],[-76.4806,38.2201],[-76.4783,38.2184],[-76.4777,38.2155],[-76.4742,38.2146],[-76.4761,38.2125],[-76.4743,38.2101],[-76.4642,38.206],[-76.462,38.2022],[-76.457,38.2027],[-76.4555,38.2007],[-76.4526,38.2],[-76.4563,38.195],[-76.456,38.1929],[-76.4473,38.1898],[-76.4416,38.191],[-76.4438,38.1886],[-76.4445,38.1862],[-76.4435,38.1854],[-76.4462,38.1844],[-76.4473,38.1816],[-76.4549,38.1784],[-76.4521,38.1781],[-76.4509,38.1752],[-76.4516,38.174],[-76.4603,38.1709],[-76.4655,38.1717],[-76.46,38.1704],[-76.4587,38.1663],[-76.4499,38.1587],[-76.4582,38.1562],[-76.4598,38.16],[-76.4594,38.1572],[-76.4608,38.1565],[-76.4588,38.1556],[-76.4606,38.1542],[-76.4701,38.153],[-76.4678,38.1551],[-76.4677,38.1572],[-76.4693,38.1569],[-76.4692,38.159],[-76.4705,38.159],[-76.4693,38.1613],[-76.4744,38.1617],[-76.4749,38.1651],[-76.4764,38.1648],[-76.4764,38.1699],[-76.4777,38.1697],[-76.4779,38.1633],[-76.4764,38.1614],[-76.479,38.1596],[-76.4729,38.1599],[-76.4724,38.1585],[-76.4737,38.1563],[-76.4723,38.1571],[-76.4709,38.1554],[-76.4726,38.1535],[-76.4726,38.15],[-76.4704,38.1488],[-76.471,38.1478],[-76.468,38.149],[-76.4647,38.1453],[-76.4654,38.1413],[-76.4597,38.1395],[-76.4613,38.1363],[-76.4615,38.1312],[-76.4638,38.1293],[-76.4631,38.1281],[-76.4673,38.1275],[-76.4665,38.1371],[-76.4681,38.139],[-76.474,38.1409],[-76.4727,38.1434],[-76.477,38.1406],[-76.475,38.14],[-76.4758,38.1379],[-76.4734,38.1366],[-76.4741,38.1339],[-76.4811,38.1379],[-76.489,38.1391],[-76.4893,38.1415],[-76.4917,38.1423],[-76.4949,38.1411],[-76.4938,38.1422],[-76.4949,38.1454],[-76.4909,38.1455],[-76.4913,38.1465],[-76.4864,38.1475],[-76.4825,38.1465],[-76.4808,38.1481],[-76.4835,38.1485],[-76.4835,38.1524],[-76.4876,38.1493],[-76.4897,38.15],[-76.4892,38.1511],[-76.4923,38.1511],[-76.4911,38.1492],[-76.4931,38.1492],[-76.4959,38.1517],[-76.4992,38.1509],[-76.5,38.1531],[-76.498,38.1547],[-76.4992,38.1566],[-76.4923,38.1585],[-76.4909,38.1612],[-76.4931,38.1591],[-76.4989,38.1592],[-76.4993,38.1576],[-76.5026,38.1579],[-76.5021,38.1552],[-76.5046,38.1545],[-76.5045,38.1582],[-76.5083,38.159],[-76.5124,38.1625],[-76.5105,38.164],[-76.5035,38.1643],[-76.5016,38.1659],[-76.4997,38.1658],[-76.4941,38.1688],[-76.5002,38.1666],[-76.4985,38.169],[-76.502,38.1664],[-76.5051,38.1657],[-76.5064,38.1664],[-76.5051,38.1701],[-76.5079,38.1671],[-76.5079,38.1655],[-76.515,38.1635],[-76.5161,38.1651],[-76.5151,38.1656],[-76.5153,38.1689],[-76.5167,38.1661],[-76.5184,38.1655],[-76.5199,38.1667],[-76.5192,38.1699],[-76.5225,38.167],[-76.5242,38.168],[-76.5244,38.1706],[-76.5232,38.1713],[-76.5259,38.1717],[-76.5253,38.1691],[-76.5267,38.1677],[-76.5254,38.1674],[-76.525,38.1657],[-76.5181,38.1638],[-76.5183,38.161],[-76.5224,38.1621],[-76.5206,38.1609],[-76.5208,38.1592],[-76.5165,38.1602],[-76.5133,38.1579],[-76.5148,38.156],[-76.5094,38.1552],[-76.5078,38.1509],[-76.5114,38.1531],[-76.5129,38.1501],[-76.51,38.1511],[-76.5093,38.1482],[-76.5074,38.1493],[-76.5036,38.1474],[-76.504,38.1463],[-76.5061,38.1475],[-76.502,38.145],[-76.5042,38.1432],[-76.5041,38.1416],[-76.4998,38.1372],[-76.5033,38.1393],[-76.5148,38.1412],[-76.5224,38.1394],[-76.5304,38.1336],[-76.5344,38.146],[-76.5338,38.1469],[-76.5325,38.1427],[-76.5305,38.1418],[-76.5311,38.1411],[-76.5296,38.1368],[-76.5289,38.1378],[-76.5304,38.141],[-76.5291,38.1399],[-76.527,38.1406],[-76.5277,38.1395],[-76.5223,38.1411],[-76.5155,38.1433],[-76.516,38.1455],[-76.5177,38.143],[-76.5263,38.1441],[-76.5302,38.1434],[-76.5287,38.145],[-76.526,38.1453],[-76.5253,38.1479],[-76.5269,38.1466],[-76.5293,38.1473],[-76.5285,38.146],[-76.5315,38.1472],[-76.5315,38.149],[-76.5297,38.1489],[-76.5311,38.1499],[-76.5304,38.1532],[-76.5289,38.1528],[-76.5293,38.1548],[-76.5326,38.1566],[-76.5315,38.1533],[-76.5339,38.1539],[-76.5318,38.1515],[-76.5338,38.1513],[-76.5326,38.1501],[-76.5333,38.149],[-76.536,38.1509],[-76.5346,38.1488],[-76.5353,38.1468],[-76.5404,38.153],[-76.5453,38.1654],[-76.5482,38.1767],[-76.5364,38.1775],[-76.5348,38.1792],[-76.5328,38.1781],[-76.526,38.1807],[-76.5244,38.1793],[-76.522,38.1816],[-76.5187,38.1807],[-76.5199,38.1823],[-76.5246,38.1818],[-76.5275,38.1832],[-76.5246,38.1853],[-76.5238,38.189],[-76.5221,38.1888],[-76.5231,38.1898],[-76.525,38.1893],[-76.5293,38.1822],[-76.5308,38.1835],[-76.5308,38.1875],[-76.5342,38.1895],[-76.5339,38.1916],[-76.5353,38.189],[-76.5328,38.187],[-76.5318,38.1822],[-76.5359,38.1825],[-76.5367,38.184],[-76.5385,38.1829],[-76.5378,38.1809],[-76.5464,38.1794],[-76.5488,38.1772],[-76.5505,38.1839],[-76.5571,38.191],[-76.5716,38.2023],[-76.581,38.207],[-76.5933,38.2155],[-76.6306,38.2253],[-76.6455,38.2245],[-76.6506,38.2253],[-76.6589,38.2284],[-76.6619,38.2313],[-76.672,38.2343],[-76.6863,38.2326],[-76.6871,38.2413],[-76.6755,38.2482],[-76.6735,38.2486],[-76.6714,38.246],[-76.6693,38.2453],[-76.6597,38.2482],[-76.6526,38.2484],[-76.6479,38.2558],[-76.6476,38.2626],[-76.6455,38.2608],[-76.6434,38.2609],[-76.6402,38.2658],[-76.6331,38.2657],[-76.6307,38.2634],[-76.6308,38.2606],[-76.6286,38.2604],[-76.6299,38.2616],[-76.6296,38.2647],[-76.6316,38.2654],[-76.63,38.27],[-76.6312,38.2733],[-76.6289,38.2739],[-76.6284,38.2766],[-76.6234,38.2787],[-76.6223,38.2803],[-76.625,38.2796],[-76.6237,38.2817],[-76.6253,38.2816],[-76.6271,38.2843],[-76.6308,38.2833],[-76.6343,38.2864],[-76.6385,38.2859],[-76.6421,38.2879],[-76.6482,38.2863],[-76.6488,38.2905],[-76.6497,38.2893],[-76.6514,38.2897],[-76.6527,38.2921],[-76.653,38.2902],[-76.6496,38.2886],[-76.6518,38.2882],[-76.6516,38.2869],[-76.647,38.283],[-76.6434,38.2823],[-76.6424,38.2856],[-76.6407,38.2838],[-76.641,38.2815],[-76.6319,38.2794],[-76.6359,38.2762],[-76.6373,38.2727],[-76.6425,38.2719],[-76.6434,38.2687],[-76.6526,38.269],[-76.6552,38.2661],[-76.6544,38.2635],[-76.6611,38.2619],[-76.6656,38.2582],[-76.6691,38.2595],[-76.6736,38.2586],[-76.679,38.2611],[-76.6753,38.2622],[-76.679,38.2633],[-76.6793,38.2647],[-76.6776,38.2665],[-76.6803,38.2652],[-76.6841,38.2665],[-76.6809,38.2638],[-76.6812,38.2608],[-76.6793,38.2608],[-76.6796,38.2595],[-76.6927,38.2611],[-76.6886,38.2651],[-76.6894,38.2656],[-76.6886,38.2693],[-76.6865,38.2711],[-76.6885,38.2712],[-76.6901,38.2689],[-76.6907,38.2736],[-76.6917,38.2708],[-76.6928,38.2713],[-76.6906,38.2662],[-76.6932,38.2641],[-76.6932,38.2608],[-76.6924,38.2605],[-76.6958,38.2591],[-76.6947,38.2603],[-76.6967,38.2613],[-76.6962,38.2599],[-76.6985,38.2584],[-76.6997,38.2608],[-76.7008,38.2582],[-76.6962,38.2559],[-76.7013,38.2483],[-76.7009,38.2464],[-76.6992,38.2477],[-76.6999,38.2484],[-76.6977,38.2474],[-76.7,38.2445],[-76.6983,38.2408],[-76.7031,38.2375],[-76.7048,38.2339],[-76.7189,38.2329],[-76.7196,38.2384],[-76.723,38.2411],[-76.7186,38.2415],[-76.7123,38.2473],[-76.7074,38.2483],[-76.7071,38.2501],[-76.705,38.2516],[-76.7071,38.2583],[-76.7018,38.2623],[-76.7045,38.269],[-76.71,38.2709],[-76.7093,38.2748],[-76.7068,38.2776],[-76.7099,38.2818],[-76.7053,38.2849],[-76.7028,38.2832],[-76.6998,38.2846],[-76.7053,38.2853],[-76.7077,38.2888],[-76.7064,38.2917],[-76.7073,38.2934],[-76.7033,38.2943],[-76.7054,38.2954],[-76.7077,38.294],[-76.715,38.2949],[-76.7134,38.2993],[-76.7164,38.3005],[-76.7165,38.3039],[-76.7186,38.3044],[-76.7183,38.3073],[-76.7205,38.3093],[-76.7226,38.3093],[-76.7229,38.3118],[-76.7271,38.312],[-76.7257,38.3107],[-76.7283,38.3103],[-76.7266,38.3091],[-76.7264,38.3059],[-76.7227,38.3036],[-76.7243,38.3022],[-76.7229,38.2997],[-76.7237,38.2975],[-76.7255,38.2943],[-76.732,38.2953],[-76.7359,38.2941],[-76.737,38.2923],[-76.7309,38.2932],[-76.7294,38.2918],[-76.7225,38.2915],[-76.7211,38.2887],[-76.7161,38.287],[-76.719,38.2831],[-76.7174,38.279],[-76.7208,38.2772],[-76.7233,38.2783],[-76.724,38.2768],[-76.7258,38.2768],[-76.7202,38.2765],[-76.718,38.2719],[-76.7199,38.2708],[-76.7307,38.2726],[-76.7266,38.2704],[-76.7188,38.2698],[-76.7129,38.2654],[-76.7149,38.2653],[-76.7201,38.2602],[-76.7211,38.261],[-76.7215,38.2598],[-76.7194,38.2588],[-76.721,38.2551],[-76.7255,38.2538],[-76.7285,38.2548],[-76.7279,38.2559],[-76.7294,38.2578],[-76.7258,38.259],[-76.7278,38.26],[-76.7274,38.2618],[-76.7327,38.2591],[-76.7337,38.2607],[-76.733,38.263],[-76.7359,38.2616],[-76.7373,38.2639],[-76.7404,38.2644],[-76.7398,38.2665],[-76.7423,38.2661],[-76.7413,38.2638],[-76.7443,38.2633],[-76.746,38.2645],[-76.7455,38.2627],[-76.7478,38.2614],[-76.7397,38.2625],[-76.7374,38.2602],[-76.7423,38.2585],[-76.7386,38.2587],[-76.7401,38.2551],[-76.7368,38.2585],[-76.732,38.2564],[-76.7325,38.254],[-76.7343,38.2543],[-76.7358,38.2531],[-76.7317,38.2535],[-76.7316,38.2526],[-76.7356,38.2517],[-76.736,38.251],[-76.7343,38.2508],[-76.7359,38.2487],[-76.7301,38.2517],[-76.7321,38.249],[-76.7318,38.2456],[-76.7352,38.2432],[-76.7381,38.2364],[-76.74,38.2352],[-76.7433,38.2349],[-76.7417,38.236],[-76.7411,38.2416],[-76.742,38.242],[-76.7431,38.2403],[-76.7442,38.2432],[-76.747,38.2427],[-76.7447,38.2411],[-76.7449,38.2395],[-76.7427,38.2391],[-76.7438,38.2346],[-76.7493,38.2358],[-76.7501,38.2377],[-76.7506,38.2364],[-76.7531,38.2373],[-76.7537,38.2361],[-76.7561,38.2361],[-76.7582,38.2397],[-76.7546,38.2424],[-76.7567,38.2423],[-76.7582,38.2441],[-76.758,38.2409],[-76.7605,38.2402],[-76.7645,38.2467],[-76.765,38.2448],[-76.763,38.2395],[-76.7586,38.2379],[-76.7595,38.2369],[-76.7627,38.2376],[-76.7602,38.2364],[-76.7605,38.2354],[-76.7585,38.2361],[-76.7568,38.2343],[-76.7548,38.2347],[-76.7551,38.2328],[-76.7523,38.2352],[-76.7503,38.2332],[-76.7476,38.2337],[-76.7475,38.2328],[-76.7434,38.2322],[-76.7447,38.2278],[-76.7511,38.224],[-76.7521,38.2222],[-76.7666,38.2269],[-76.776,38.2273],[-76.7797,38.2298],[-76.7792,38.2331],[-76.7751,38.2364],[-76.7781,38.2433],[-76.7807,38.2458],[-76.7824,38.2448],[-76.786,38.2454],[-76.7852,38.2489],[-76.7894,38.2514],[-76.7873,38.2517],[-76.7804,38.2484],[-76.7766,38.2497],[-76.7809,38.2492],[-76.7873,38.2535],[-76.7848,38.2597],[-76.7885,38.2554],[-76.7907,38.2566],[-76.791,38.2609],[-76.7888,38.2669],[-76.7906,38.2701],[-76.7914,38.2695],[-76.7902,38.2656],[-76.7923,38.2649],[-76.7915,38.2638],[-76.7923,38.2614],[-76.7937,38.2614],[-76.7924,38.2601],[-76.793,38.2565],[-76.7889,38.254],[-76.7892,38.2527],[-76.7912,38.251],[-76.7992,38.2497],[-76.8059,38.2523],[-76.8055,38.2608],[-76.8088,38.2687],[-76.8024,38.2758],[-76.8023,38.2807],[-76.8064,38.2845],[-76.8152,38.2864],[-76.8144,38.2876],[-76.8134,38.2867],[-76.8106,38.2876],[-76.8108,38.2886],[-76.8084,38.2895],[-76.8096,38.2903],[-76.8133,38.2878],[-76.8154,38.2937],[-76.8209,38.2986],[-76.8183,38.3007],[-76.813,38.3017],[-76.8124,38.3029],[-76.8151,38.3036],[-76.8172,38.3019],[-76.822,38.3032],[-76.82,38.301],[-76.8216,38.2998],[-76.8252,38.3015],[-76.823,38.3084],[-76.8289,38.3141],[-76.8269,38.3157],[-76.8252,38.3133],[-76.8241,38.3153],[-76.8212,38.3163],[-76.8299,38.3174],[-76.8282,38.3231],[-76.8304,38.3181],[-76.8336,38.3315],[-76.8366,38.3348],[-76.8419,38.3368],[-76.832,38.3415],[-76.827,38.3405],[-76.8265,38.3419],[-76.8295,38.3431],[-76.826,38.3483],[-76.8227,38.3509],[-76.8192,38.3497],[-76.8164,38.3522],[-76.8104,38.3522],[-76.8068,38.3559],[-76.805,38.3548],[-76.804,38.3555],[-76.8039,38.358],[-76.8069,38.3582],[-76.8047,38.3593],[-76.8018,38.3586],[-76.8052,38.3596],[-76.8098,38.3572],[-76.8176,38.3586],[-76.8243,38.3571],[-76.8281,38.3581],[-76.8313,38.3563],[-76.8338,38.3519],[-76.8384,38.3511],[-76.8342,38.3606],[-76.8382,38.3661],[-76.8466,38.3733],[-76.8533,38.3762],[-76.8588,38.3828],[-76.8695,38.3856],[-76.8718,38.3892],[-76.8687,38.3898],[-76.8681,38.392],[-76.8665,38.3928],[-76.8623,38.3918],[-76.8503,38.3983],[-76.8467,38.408],[-76.8409,38.4102],[-76.8349,38.4179],[-76.8296,38.4211],[-76.8273,38.4252],[-76.8227,38.4284],[-76.8224,38.4324],[-76.775,38.5089],[-76.7706,38.5101],[-76.7669,38.5133],[-76.7518,38.5136]]]]}},{"type":"Feature","properties":{"leaid":"2400630","name":"Talbot County Public Schools","kind":"Unified","gradeLow":"PK","gradeHigh":"12","state":"MD"},"geometry":{"type":"MultiPolygon","coordinates":[[[[-76.0906,38.623],[-76.0888,38.6228],[-76.0872,38.6206],[-76.0946,38.6191],[-76.0912,38.621],[-76.0906,38.623]]],[[[-76.3374,38.7214],[-76.3283,38.7158],[-76.3329,38.7118],[-76.3349,38.7128],[-76.3343,38.7101],[-76.3296,38.7085],[-76.3327,38.7083],[-76.334,38.7031],[-76.3324,38.7023],[-76.3313,38.6985],[-76.3279,38.6956],[-76.3271,38.6918],[-76.3235,38.6913],[-76.3217,38.6887],[-76.3238,38.6847],[-76.3224,38.6816],[-76.3224,38.6793],[-76.3235,38.6787],[-76.3322,38.6799],[-76.3304,38.6816],[-76.3327,38.6826],[-76.3314,38.6851],[-76.3318,38.6898],[-76.3362,38.6893],[-76.3361,38.6836],[-76.3384,38.6833],[-76.3425,38.6862],[-76.3416,38.684],[-76.3426,38.6837],[-76.3425,38.6817],[-76.3397,38.6818],[-76.3375,38.6785],[-76.3384,38.6765],[-76.341,38.6756],[-76.3378,38.6728],[-76.3385,38.6695],[-76.3405,38.6706],[-76.3487,38.6866],[-76.3476,38.6908],[-76.3484,38.6918],[-76.3448,38.6942],[-76.3433,38.6979],[-76.3438,38.7019],[-76.3468,38.7063],[-76.3407,38.7166],[-76.3406,38.7207],[-76.3369,38.7203],[-76.3396,38.7225],[-76.3395,38.7255],[-76.3374,38.7214]]],[[[-76.3644,38.7547],[-76.364,38.7502],[-76.3627,38.7501],[-76.3635,38.7488],[-76.3667,38.7497],[-76.3681,38.7489],[-76.3708,38.7521],[-76.374,38.7512],[-76.3749,38.752],[-76.37,38.7542],[-76.3692,38.7568],[-76.3644,38.7547]]],[[[-76.3822,38.7589],[-76.3794,38.7586],[-76.3796,38.7573],[-76.3822,38.7589]]],[[[-76.232,38.7589],[-76.228,38.7559],[-76.2299,38.7549],[-76.2295,38.749],[-76.2313,38.7498],[-76.2302,38.7528],[-76.233,38.76],[-76.233,38.763],[-76.2319,38.762],[-76.232,38.7589]]],[[[-76.382,38.7621],[-76.3837,38.7626],[-76.3834,38.7652],[-76.3812,38.7634],[-76.382,38.7621]]],[[[-76.3713,38.7719],[-76.3718,38.769],[-76.3705,38.7665],[-76.3715,38.7647],[-76.3733,38.7662],[-76.3735,38.7693],[-76.3713,38.7719]]],[[[-76.3815,38.7706],[-76.377,38.7726],[-76.3784,38.7716],[-76.3786,38.7688],[-76.3811,38.7659],[-76.3828,38.7662],[-76.3815,38.7706]]],[[[-76.3729,38.7759],[-76.3736,38.773],[-76.3758,38.7737],[-76.3744,38.7758],[-76.3729,38.7759]]],[[[-75.9393,38.8766],[-75.9409,38.8764],[-75.9419,38.8768],[-75.9382,38.8786],[-75.9393,38.8766]]],[[[-75.9445,38.8986],[-75.945,38.8979],[-75.945,38.8989],[-75.9445,38.8986]]],[[[-76.097,38.9443],[-76.0886,38.9442],[-76.0886,38.9425],[-76.0851,38.9423],[-76.0843,38.9412],[-76.0811,38.9426],[-76.0809,38.9411],[-76.0783,38.9402],[-76.063,38.9394],[-75.9783,38.9239],[-75.9719,38.9218],[-75.9679,38.9222],[-75.9445,38.9166],[-75.944,38.9144],[-75.9459,38.9143],[-75.9455,38.9153],[-75.9485,38.9145],[-75.9488,38.9123],[-75.9503,38.9124],[-75.9468,38.9077],[-75.9433,38.9068],[-75.9511,38.9048],[-75.9508,38.9024],[-75.9467,38.9006],[-75.9455,38.8976],[-75.9463,38.8945],[-75.9489,38.8942],[-75.949,38.8915],[-75.9502,38.8928],[-75.9514,38.8916],[-75.9453,38.8894],[-75.9408,38.8846],[-75.9456,38.8847],[-75.9458,38.8864],[-75.9497,38.8854],[-75.9512,38.8843],[-75.9519,38.8802],[-75.9473,38.8781],[-75.9398,38.8805],[-75.9382,38.88],[-75.9447,38.8756],[-75.9438,38.8697],[-75.9398,38.8654],[-75.935,38.8662],[-75.9346,38.8623],[-75.9297,38.8598],[-75.9247,38.8597],[-75.9229,38.8573],[-75.9234,38.8554],[-75.9281,38.8534],[-75.931,38.8504],[-75.927,38.8462],[-75.9196,38.846],[-75.9279,38.8418],[-75.9281,38.8386],[-75.9221,38.8345],[-75.9153,38.8342],[-75.9133,38.8287],[-75.9023,38.8244],[-75.902,38.8231],[-75.9065,38.8211],[-75.9071,38.819],[-75.9032,38.8155],[-75.8979,38.8142],[-75.9019,38.8121],[-75.9037,38.8089],[-75.9141,38.807],[-75.9277,38.8008],[-75.9351,38.7944],[-75.9371,38.7888],[-75.952,38.7786],[-75.9644,38.7813],[-75.9721,38.778],[-75.9706,38.7721],[-75.975,38.768],[-75.9801,38.7653],[-75.9936,38.7611],[-76.0004,38.7558],[-76.0012,38.749],[-75.9961,38.7391],[-75.9968,38.7365],[-75.9982,38.7359],[-76.0045,38.7386],[-76.0096,38.7374],[-76.0168,38.7293],[-76.0152,38.7246],[-76.0112,38.7201],[-76.0046,38.7166],[-75.9997,38.7091],[-75.9957,38.7071],[-75.999,38.7025],[-75.9988,38.699],[-75.9969,38.6961],[-75.9878,38.6934],[-75.9769,38.6957],[-75.9779,38.6867],[-75.9755,38.6856],[-75.9732,38.682],[-75.9651,38.6789],[-75.962,38.6766],[-75.9621,38.6753],[-75.9574,38.6757],[-75.9505,38.6738],[-75.9579,38.6701],[-75.9562,38.6683],[-75.9608,38.6623],[-75.96,38.6599],[-75.9611,38.6581],[-75.9592,38.6518],[-75.9612,38.65],[-75.9644,38.6498],[-75.9639,38.6454],[-75.9716,38.6444],[-75.976,38.6418],[-75.9775,38.6396],[-75.9864,38.638],[-75.9884,38.6358],[-75.9885,38.6333],[-75.9929,38.6288],[-75.9925,38.6229],[-75.989,38.618],[-75.9861,38.6109],[-75.9923,38.6074],[-75.9932,38.6038],[-75.9988,38.6005],[-75.9986,38.5966],[-75.9997,38.5958],[-76.0096,38.595],[-76.0175,38.5918],[-76.0233,38.585],[-76.026,38.579],[-76.0307,38.579],[-76.0355,38.5854],[-76.0327,38.5872],[-76.0306,38.586],[-76.0312,38.5886],[-76.0264,38.5881],[-76.0235,38.59],[-76.0264,38.591],[-76.0374,38.5885],[-76.0378,38.5939],[-76.036,38.5938],[-76.0324,38.5966],[-76.0291,38.5944],[-76.0291,38.5962],[-76.0249,38.5974],[-76.0226,38.601],[-76.0179,38.5987],[-76.0193,38.6007],[-76.0179,38.6031],[-76.0198,38.6039],[-76.0227,38.6022],[-76.0268,38.6039],[-76.0244,38.6077],[-76.0247,38.6106],[-76.0208,38.6119],[-76.0254,38.6116],[-76.0272,38.615],[-76.028,38.6179],[-76.0244,38.6222],[-76.0291,38.6181],[-76.0347,38.6172],[-76.036,38.618],[-76.0353,38.6166],[-76.029,38.6161],[-76.0272,38.6121],[-76.0279,38.6105],[-76.0266,38.6108],[-76.0259,38.6089],[-76.0296,38.6026],[-76.0253,38.6003],[-76.0301,38.5996],[-76.0314,38.6013],[-76.0345,38.6008],[-76.0352,38.6037],[-76.0371,38.6038],[-76.036,38.6026],[-76.037,38.6012],[-76.0347,38.5981],[-76.0414,38.5984],[-76.0371,38.5978],[-76.0406,38.597],[-76.0417,38.5946],[-76.041,38.5927],[-76.0427,38.5889],[-76.0406,38.5866],[-76.0426,38.587],[-76.0484,38.5926],[-76.0525,38.5942],[-76.0524,38.598],[-76.0541,38.5998],[-76.0529,38.6025],[-76.0538,38.6043],[-76.073,38.613],[-76.0817,38.6149],[-76.0844,38.617],[-76.0846,38.6182],[-76.0813,38.6198],[-76.0809,38.6189],[-76.0791,38.6203],[-76.075,38.6192],[-76.07,38.6205],[-76.0766,38.6215],[-76.0749,38.6248],[-76.0801,38.6211],[-76.0825,38.6209],[-76.0831,38.6241],[-76.0765,38.6288],[-76.0756,38.6323],[-76.0772,38.6298],[-76.0809,38.6269],[-76.0826,38.6276],[-76.0847,38.6247],[-76.0889,38.6261],[-76.0927,38.6248],[-76.0992,38.6257],[-76.097,38.6283],[-76.0908,38.6309],[-76.0927,38.6303],[-76.0941,38.6326],[-76.0943,38.6311],[-76.0974,38.6298],[-76.0991,38.6304],[-76.0993,38.6276],[-76.1023,38.6265],[-76.1005,38.6245],[-76.1102,38.6205],[-76.1109,38.6172],[-76.1093,38.6139],[-76.1108,38.6116],[-76.1118,38.6136],[-76.1103,38.6148],[-76.1122,38.6155],[-76.113,38.6141],[-76.114,38.615],[-76.1137,38.6214],[-76.1161,38.6246],[-76.1148,38.6264],[-76.1165,38.627],[-76.1138,38.6288],[-76.1134,38.6329],[-76.1093,38.6334],[-76.1083,38.636],[-76.1048,38.6347],[-76.1077,38.6385],[-76.1045,38.6402],[-76.1091,38.6426],[-76.1034,38.6439],[-76.0991,38.6473],[-76.0985,38.65],[-76.095,38.6488],[-76.0922,38.6459],[-76.085,38.6454],[-76.0915,38.6471],[-76.0943,38.6506],[-76.085,38.6531],[-76.0772,38.6522],[-76.0845,38.6546],[-76.0858,38.6537],[-76.0872,38.6558],[-76.0866,38.6539],[-76.0916,38.6528],[-76.0897,38.6594],[-76.092,38.6571],[-76.0944,38.6606],[-76.0948,38.6583],[-76.0925,38.6557],[-76.0931,38.6534],[-76.0959,38.651],[-76.0991,38.6517],[-76.0995,38.6532],[-76.1023,38.6541],[-76.1003,38.6508],[-76.1034,38.649],[-76.1024,38.648],[-76.1061,38.6454],[-76.1111,38.6456],[-76.1099,38.6518],[-76.1126,38.646],[-76.1151,38.65],[-76.1153,38.6482],[-76.1175,38.6472],[-76.1149,38.6467],[-76.1168,38.6451],[-76.1187,38.6454],[-76.1188,38.644],[-76.1151,38.6454],[-76.1117,38.6443],[-76.1132,38.6415],[-76.1107,38.6382],[-76.1131,38.6382],[-76.1124,38.6367],[-76.1164,38.6363],[-76.1175,38.6336],[-76.1191,38.6334],[-76.1194,38.6371],[-76.1208,38.6362],[-76.1247,38.6386],[-76.1242,38.6361],[-76.1212,38.6346],[-76.1235,38.6343],[-76.1212,38.6329],[-76.121,38.6305],[-76.1185,38.6306],[-76.1214,38.6287],[-76.123,38.6288],[-76.1285,38.6361],[-76.1315,38.6381],[-76.1409,38.6385],[-76.1461,38.6367],[-76.148,38.6375],[-76.1496,38.6426],[-76.1524,38.6455],[-76.1551,38.6594],[-76.1532,38.6583],[-76.1483,38.6616],[-76.1469,38.6596],[-76.1474,38.658],[-76.1454,38.6583],[-76.1442,38.6571],[-76.1436,38.6578],[-76.1455,38.6598],[-76.1428,38.6599],[-76.1421,38.6624],[-76.1386,38.6616],[-76.1343,38.6629],[-76.1331,38.6585],[-76.1344,38.6556],[-76.1335,38.6554],[-76.1331,38.6574],[-76.1291,38.6562],[-76.132,38.659],[-76.1314,38.6607],[-76.1283,38.6614],[-76.1289,38.6628],[-76.1321,38.6632],[-76.1306,38.6658],[-76.1352,38.6648],[-76.1336,38.6683],[-76.1288,38.6691],[-76.1272,38.6723],[-76.1236,38.6697],[-76.1235,38.6682],[-76.1221,38.6686],[-76.1198,38.6669],[-76.1233,38.6715],[-76.122,38.6732],[-76.119,38.6704],[-76.1168,38.6704],[-76.1151,38.667],[-76.1156,38.6699],[-76.1105,38.6699],[-76.1146,38.6722],[-76.1145,38.6759],[-76.1136,38.6762],[-76.1103,38.6764],[-76.1108,38.6746],[-76.107,38.6724],[-76.1054,38.6731],[-76.1022,38.6719],[-76.0999,38.6742],[-76.0955,38.6718],[-76.0977,38.6746],[-76.0971,38.676],[-76.095,38.6762],[-76.0932,38.6743],[-76.0907,38.6748],[-76.0936,38.6755],[-76.0944,38.6773],[-76.098,38.6767],[-76.1026,38.6737],[-76.1086,38.6755],[-76.1006,38.6805],[-76.1016,38.6815],[-76.0981,38.6864],[-76.0948,38.6858],[-76.0913,38.6881],[-76.0953,38.6867],[-76.0986,38.6873],[-76.0993,38.6891],[-76.1001,38.6858],[-76.1034,38.6825],[-76.103,38.6814],[-76.1076,38.6784],[-76.1126,38.6792],[-76.113,38.6815],[-76.1154,38.6798],[-76.1181,38.6819],[-76.1177,38.6799],[-76.1159,38.6789],[-76.1184,38.6775],[-76.117,38.6767],[-76.1165,38.6736],[-76.1183,38.6729],[-76.1192,38.6751],[-76.1225,38.6756],[-76.1243,38.6741],[-76.1299,38.6748],[-76.1302,38.673],[-76.135,38.6705],[-76.1376,38.6667],[-76.1388,38.6678],[-76.1368,38.6713],[-76.1383,38.672],[-76.136,38.6767],[-76.1397,38.6756],[-76.1395,38.674],[-76.1414,38.6738],[-76.1398,38.6703],[-76.1418,38.6707],[-76.1407,38.6691],[-76.1411,38.6666],[-76.1437,38.6661],[-76.1438,38.6678],[-76.1464,38.6688],[-76.1467,38.664],[-76.155,38.6646],[-76.1548,38.6662],[-76.1555,38.663],[-76.1602,38.662],[-76.1599,38.6637],[-76.1616,38.6633],[-76.1619,38.6612],[-76.1673,38.6686],[-76.1647,38.6686],[-76.1632,38.6707],[-76.1602,38.6707],[-76.1578,38.6726],[-76.158,38.6735],[-76.1602,38.6724],[-76.1617,38.6732],[-76.1643,38.6726],[-76.1656,38.6708],[-76.1667,38.6713],[-76.1649,38.6723],[-76.1649,38.6747],[-76.1588,38.6783],[-76.164,38.6764],[-76.1658,38.6774],[-76.1686,38.677],[-76.1664,38.6757],[-76.1667,38.6729],[-76.1685,38.6733],[-76.1694,38.6719],[-76.1677,38.6671],[-76.1769,38.6753],[-76.172,38.6808],[-76.1737,38.6822],[-76.1722,38.683],[-76.173,38.6879],[-76.1763,38.692],[-76.1757,38.6934],[-76.1678,38.6966],[-76.1695,38.6934],[-76.168,38.6916],[-76.171,38.6912],[-76.1691,38.6903],[-76.1703,38.6878],[-76.1699,38.6846],[-76.1678,38.6869],[-76.1687,38.6879],[-76.1676,38.6898],[-76.1649,38.6903],[-76.165,38.6871],[-76.1612,38.6877],[-76.1632,38.6891],[-76.1624,38.6902],[-76.1588,38.6893],[-76.161,38.6936],[-76.1616,38.6921],[-76.1657,38.6923],[-76.1644,38.6947],[-76.1652,38.6977],[-76.1633,38.6996],[-76.1576,38.7],[-76.1552,38.6975],[-76.1524,38.6966],[-76.1512,38.6941],[-76.148,38.6932],[-76.1488,38.6911],[-76.1479,38.6904],[-76.1474,38.6922],[-76.1454,38.6928],[-76.1483,38.696],[-76.1454,38.6979],[-76.1433,38.6942],[-76.1392,38.6931],[-76.1391,38.6881],[-76.1377,38.6897],[-76.1362,38.6896],[-76.1378,38.6916],[-76.1361,38.6946],[-76.1344,38.6926],[-76.1338,38.6942],[-76.1297,38.6938],[-76.1286,38.6921],[-76.1295,38.6903],[-76.1281,38.691],[-76.1251,38.6891],[-76.1281,38.6948],[-76.1227,38.6964],[-76.1172,38.695],[-76.1176,38.6924],[-76.1136,38.6905],[-76.1167,38.6927],[-76.1136,38.6953],[-76.1188,38.6963],[-76.1242,38.6994],[-76.1286,38.6993],[-76.1247,38.6973],[-76.1327,38.6959],[-76.142,38.697],[-76.1431,38.6998],[-76.1342,38.7094],[-76.1304,38.709],[-76.128,38.7129],[-76.126,38.709],[-76.1272,38.7053],[-76.1176,38.7036],[-76.1186,38.7054],[-76.1232,38.7072],[-76.1179,38.7085],[-76.1134,38.7071],[-76.1154,38.7092],[-76.1126,38.7104],[-76.1091,38.7083],[-76.1063,38.703],[-76.1051,38.7049],[-76.1059,38.706],[-76.1026,38.7079],[-76.1028,38.71],[-76.0965,38.7115],[-76.0969,38.7141],[-76.0915,38.7131],[-76.0892,38.7095],[-76.0873,38.7098],[-76.0892,38.7116],[-76.0882,38.7133],[-76.0944,38.7147],[-76.0925,38.718],[-76.0937,38.7185],[-76.0946,38.7226],[-76.0928,38.7255],[-76.0954,38.7238],[-76.0953,38.7221],[-76.0971,38.7228],[-76.0949,38.7209],[-76.0945,38.7165],[-76.0989,38.7166],[-76.0985,38.7133],[-76.1039,38.7128],[-76.1066,38.7109],[-76.1095,38.7115],[-76.1095,38.714],[-76.1116,38.7155],[-76.11,38.7173],[-76.1105,38.7195],[-76.1155,38.7151],[-76.1173,38.7189],[-76.1222,38.7149],[-76.1242,38.7164],[-76.1288,38.7167],[-76.1274,38.7197],[-76.1247,38.7202],[-76.1264,38.7212],[-76.1292,38.7206],[-76.1291,38.7192],[-76.1323,38.7164],[-76.1321,38.7146],[-76.1355,38.7149],[-76.1349,38.7166],[-76.1367,38.717],[-76.1387,38.7158],[-76.1382,38.7131],[-76.1403,38.7109],[-76.1423,38.7124],[-76.1411,38.7149],[-76.1419,38.7172],[-76.1373,38.7235],[-76.1346,38.7232],[-76.1321,38.7247],[-76.1324,38.7257],[-76.1344,38.7252],[-76.1354,38.7276],[-76.1378,38.7283],[-76.1367,38.7309],[-76.1281,38.7305],[-76.1251,38.7284],[-76.1251,38.73],[-76.1268,38.7304],[-76.126,38.7327],[-76.1238,38.7335],[-76.1228,38.7311],[-76.1209,38.7303],[-76.1224,38.7341],[-76.1207,38.7344],[-76.1188,38.7327],[-76.1144,38.7326],[-76.111,38.7285],[-76.1107,38.7305],[-76.1118,38.7313],[-76.108,38.7341],[-76.1082,38.733],[-76.1039,38.7281],[-76.1058,38.7329],[-76.1034,38.7324],[-76.1014,38.7339],[-76.0956,38.7337],[-76.0947,38.7327],[-76.0871,38.734],[-76.0752,38.7313],[-76.0722,38.7322],[-76.084,38.7344],[-76.0844,38.7354],[-76.0823,38.7382],[-76.0855,38.7354],[-76.0867,38.7368],[-76.0911,38.7349],[-76.0935,38.7354],[-76.094,38.7366],[-76.0948,38.7352],[-76.0985,38.7351],[-76.0989,38.7382],[-76.1004,38.7365],[-76.1042,38.7359],[-76.1083,38.7375],[-76.0972,38.7429],[-76.0995,38.7435],[-76.108,38.7401],[-76.1107,38.7382],[-76.1102,38.7365],[-76.1162,38.7369],[-76.118,38.7382],[-76.112,38.7425],[-76.1184,38.7419],[-76.1152,38.7468],[-76.1122,38.7463],[-76.1078,38.7485],[-76.116,38.7477],[-76.1161,38.7495],[-76.1129,38.7489],[-76.1119,38.7513],[-76.1059,38.7524],[-76.1071,38.7549],[-76.1123,38.7521],[-76.1156,38.7522],[-76.116,38.7511],[-76.1173,38.7513],[-76.1171,38.753],[-76.1073,38.7591],[-76.1057,38.7614],[-76.0976,38.76],[-76.0992,38.7619],[-76.1022,38.7616],[-76.1044,38.7629],[-76.0962,38.7649],[-76.096,38.7671],[-76.0934,38.7638],[-76.0915,38.7635],[-76.0889,38.7654],[-76.086,38.7657],[-76.0857,38.7641],[-76.0841,38.7639],[-76.0769,38.7566],[-76.0775,38.7586],[-76.0846,38.7646],[-76.0824,38.7665],[-76.0912,38.7655],[-76.095,38.7677],[-76.0874,38.7765],[-76.0913,38.7751],[-76.0955,38.7688],[-76.0979,38.768],[-76.0989,38.7662],[-76.1067,38.7639],[-76.1141,38.7592],[-76.1162,38.7596],[-76.1133,38.7616],[-76.1128,38.7656],[-76.1113,38.766],[-76.1125,38.7673],[-76.1115,38.7708],[-76.105,38.7715],[-76.1107,38.7723],[-76.1144,38.7675],[-76.1147,38.7726],[-76.1164,38.7739],[-76.115,38.7773],[-76.1183,38.7746],[-76.1167,38.7728],[-76.1159,38.7682],[-76.1176,38.7672],[-76.1148,38.7648],[-76.1155,38.7635],[-76.1182,38.7633],[-76.118,38.761],[-76.1237,38.762],[-76.1241,38.767],[-76.1252,38.7677],[-76.1258,38.7656],[-76.1298,38.7663],[-76.134,38.7651],[-76.1264,38.7649],[-76.125,38.7606],[-76.1281,38.7591],[-76.1194,38.7582],[-76.1188,38.7558],[-76.1201,38.7542],[-76.1238,38.755],[-76.1208,38.7524],[-76.1233,38.7513],[-76.1271,38.7528],[-76.1243,38.7505],[-76.126,38.749],[-76.1229,38.749],[-76.125,38.7468],[-76.1211,38.743],[-76.1255,38.7426],[-76.1254,38.7409],[-76.1237,38.7402],[-76.1279,38.7366],[-76.1284,38.7389],[-76.13,38.7394],[-76.1358,38.7371],[-76.1359,38.7433],[-76.1337,38.7446],[-76.1331,38.7469],[-76.1361,38.7449],[-76.1359,38.7463],[-76.139,38.7467],[-76.1413,38.7488],[-76.1403,38.7461],[-76.138,38.7452],[-76.138,38.7414],[-76.1391,38.7405],[-76.1415,38.7443],[-76.1444,38.7436],[-76.1468,38.7449],[-76.1454,38.7429],[-76.1464,38.7404],[-76.1424,38.7428],[-76.1417,38.7382],[-76.1378,38.7391],[-76.1386,38.7366],[-76.135,38.7349],[-76.1431,38.7345],[-76.1435,38.7314],[-76.1421,38.7303],[-76.1453,38.729],[-76.1457,38.7267],[-76.1489,38.7282],[-76.1457,38.7246],[-76.1487,38.7243],[-76.1482,38.7231],[-76.1502,38.7224],[-76.1545,38.7259],[-76.1541,38.7217],[-76.1572,38.7217],[-76.1494,38.72],[-76.1512,38.7179],[-76.1574,38.7186],[-76.1575,38.716],[-76.156,38.7152],[-76.1558,38.7162],[-76.152,38.7165],[-76.1501,38.7156],[-76.1511,38.7127],[-76.1484,38.7088],[-76.1512,38.7082],[-76.1514,38.7098],[-76.1542,38.7111],[-76.1525,38.7092],[-76.1536,38.7081],[-76.1526,38.7047],[-76.154,38.7073],[-76.1569,38.7089],[-76.1583,38.7086],[-76.1591,38.7066],[-76.163,38.706],[-76.1696,38.7145],[-76.1671,38.717],[-76.1695,38.7173],[-76.1702,38.7222],[-76.1659,38.7248],[-76.1669,38.7275],[-76.1648,38.7315],[-76.1619,38.7316],[-76.1635,38.733],[-76.1618,38.7352],[-76.1629,38.7364],[-76.1653,38.733],[-76.1668,38.735],[-76.1683,38.734],[-76.1678,38.7301],[-76.1705,38.7291],[-76.1686,38.7287],[-76.169,38.7251],[-76.1727,38.7238],[-76.172,38.7179],[-76.1767,38.722],[-76.1744,38.7175],[-76.179,38.7195],[-76.1762,38.7158],[-76.1738,38.7156],[-76.1738,38.7137],[-76.1711,38.7123],[-76.1708,38.7104],[-76.1757,38.7113],[-76.1841,38.7183],[-76.1855,38.716],[-76.187,38.7166],[-76.1893,38.7152],[-76.1861,38.7145],[-76.1835,38.7157],[-76.1823,38.7126],[-76.1848,38.7126],[-76.1795,38.7112],[-76.1818,38.7088],[-76.1854,38.7083],[-76.1836,38.7082],[-76.1849,38.7063],[-76.1775,38.7085],[-76.1805,38.7053],[-76.1796,38.7032],[-76.1818,38.7021],[-76.1818,38.7008],[-76.1879,38.6987],[-76.1879,38.6968],[-76.1867,38.6981],[-76.1847,38.6974],[-76.1844,38.695],[-76.1871,38.6933],[-76.1898,38.6876],[-76.1969,38.6799],[-76.2001,38.6828],[-76.1992,38.6869],[-76.2012,38.689],[-76.2009,38.6871],[-76.2029,38.6853],[-76.2023,38.6825],[-76.2044,38.6806],[-76.2016,38.6815],[-76.1996,38.6798],[-76.1982,38.6766],[-76.2008,38.6773],[-76.199,38.675],[-76.2006,38.6746],[-76.1995,38.6735],[-76.2008,38.6723],[-76.1988,38.6712],[-76.1973,38.6721],[-76.1981,38.6746],[-76.1969,38.6743],[-76.1968,38.6714],[-76.1983,38.6704],[-76.2004,38.6704],[-76.2029,38.6743],[-76.2093,38.6798],[-76.2142,38.6821],[-76.2134,38.6826],[-76.2147,38.6863],[-76.2162,38.6871],[-76.2162,38.6896],[-76.2118,38.6915],[-76.2201,38.6975],[-76.2179,38.6997],[-76.2124,38.6987],[-76.2179,38.7038],[-76.2142,38.7037],[-76.2118,38.7058],[-76.2109,38.7056],[-76.2118,38.703],[-76.2084,38.7018],[-76.2093,38.7035],[-76.2045,38.7041],[-76.2042,38.7002],[-76.2012,38.6985],[-76.2029,38.702],[-76.2012,38.7031],[-76.1989,38.7004],[-76.2,38.7062],[-76.1956,38.7073],[-76.1998,38.708],[-76.2011,38.7102],[-76.2005,38.7115],[-76.203,38.7139],[-76.2039,38.7128],[-76.2012,38.7076],[-76.2018,38.7054],[-76.204,38.7068],[-76.2044,38.7059],[-76.2097,38.7069],[-76.2131,38.7139],[-76.2141,38.7133],[-76.2133,38.708],[-76.2183,38.7081],[-76.2215,38.7121],[-76.2251,38.7127],[-76.2282,38.7163],[-76.2278,38.7146],[-76.231,38.7138],[-76.2277,38.7129],[-76.2275,38.7112],[-76.2262,38.711],[-76.227,38.7093],[-76.2257,38.709],[-76.2277,38.7071],[-76.225,38.7043],[-76.2261,38.7029],[-76.2244,38.7019],[-76.2252,38.6979],[-76.2275,38.6979],[-76.2307,38.7055],[-76.2322,38.7063],[-76.2317,38.7034],[-76.2387,38.7128],[-76.2399,38.7166],[-76.239,38.7222],[-76.237,38.7245],[-76.2339,38.725],[-76.2346,38.7232],[-76.2321,38.722],[-76.2311,38.7193],[-76.2278,38.7202],[-76.2314,38.7229],[-76.2283,38.7269],[-76.2314,38.7317],[-76.2382,38.7336],[-76.2387,38.7354],[-76.2376,38.7366],[-76.2319,38.7375],[-76.2295,38.7394],[-76.2219,38.7367],[-76.22,38.7344],[-76.2241,38.7333],[-76.218,38.7312],[-76.2194,38.7285],[-76.2219,38.7279],[-76.2191,38.7259],[-76.2189,38.7225],[-76.2166,38.7201],[-76.216,38.7222],[-76.2169,38.7236],[-76.2146,38.725],[-76.2174,38.7278],[-76.2129,38.7294],[-76.2123,38.7303],[-76.2138,38.7306],[-76.209,38.7337],[-76.2022,38.731],[-76.2051,38.7294],[-76.2038,38.7281],[-76.205,38.7256],[-76.2039,38.7228],[-76.2018,38.7287],[-76.2008,38.728],[-76.1953,38.7294],[-76.1946,38.7261],[-76.1934,38.7274],[-76.1897,38.7277],[-76.1883,38.7258],[-76.1892,38.7248],[-76.187,38.7239],[-76.1835,38.7316],[-76.1873,38.7278],[-76.1887,38.7302],[-76.1892,38.7359],[-76.1853,38.7373],[-76.183,38.7406],[-76.1905,38.7356],[-76.1913,38.7372],[-76.1904,38.7332],[-76.1915,38.7296],[-76.1968,38.7401],[-76.1953,38.7433],[-76.1939,38.7438],[-76.192,38.7423],[-76.1929,38.7449],[-76.1901,38.7455],[-76.1894,38.7482],[-76.1916,38.7464],[-76.193,38.7481],[-76.1918,38.7521],[-76.195,38.7501],[-76.1938,38.746],[-76.1966,38.7448],[-76.1976,38.7478],[-76.2011,38.7506],[-76.1991,38.7552],[-76.2017,38.7522],[-76.2045,38.7539],[-76.2042,38.7521],[-76.2025,38.751],[-76.2034,38.7505],[-76.1996,38.747],[-76.2007,38.745],[-76.1986,38.7434],[-76.1993,38.7367],[-76.2068,38.7407],[-76.2077,38.7427],[-76.2065,38.7442],[-76.2116,38.7498],[-76.2134,38.7537],[-76.2136,38.7501],[-76.2114,38.7462],[-76.2123,38.742],[-76.2161,38.7473],[-76.2239,38.751],[-76.2247,38.753],[-76.2215,38.7539],[-76.2243,38.7548],[-76.2221,38.7576],[-76.2285,38.7626],[-76.2265,38.7635],[-76.2245,38.7683],[-76.2224,38.768],[-76.2208,38.7654],[-76.2216,38.7647],[-76.2186,38.7633],[-76.222,38.7707],[-76.2151,38.7708],[-76.2173,38.7713],[-76.2188,38.7733],[-76.2212,38.7727],[-76.2214,38.7756],[-76.2237,38.7707],[-76.227,38.7706],[-76.2308,38.7765],[-76.226,38.7793],[-76.2259,38.7821],[-76.2284,38.7792],[-76.2313,38.7783],[-76.2344,38.7811],[-76.2352,38.7801],[-76.2342,38.7774],[-76.2325,38.7768],[-76.2325,38.7726],[-76.2403,38.7716],[-76.2306,38.7708],[-76.2312,38.768],[-76.2292,38.7662],[-76.2318,38.7643],[-76.2335,38.7648],[-76.2349,38.7626],[-76.2418,38.7668],[-76.2403,38.7688],[-76.2491,38.768],[-76.2488,38.7707],[-76.251,38.772],[-76.2489,38.7729],[-76.2523,38.772],[-76.2539,38.7732],[-76.2544,38.7741],[-76.2531,38.7751],[-76.2554,38.7757],[-76.2461,38.7849],[-76.2489,38.7853],[-76.2506,38.783],[-76.2528,38.7832],[-76.2531,38.7815],[-76.2567,38.7808],[-76.2578,38.784],[-76.255,38.7881],[-76.2556,38.7892],[-76.2534,38.7897],[-76.2517,38.7919],[-76.2493,38.7913],[-76.2508,38.7936],[-76.2489,38.7953],[-76.2436,38.7949],[-76.2428,38.7984],[-76.2395,38.7989],[-76.2427,38.8036],[-76.2385,38.8064],[-76.2398,38.8073],[-76.2447,38.8049],[-76.2439,38.8007],[-76.246,38.7986],[-76.2488,38.7993],[-76.2534,38.794],[-76.2571,38.7976],[-76.2575,38.8002],[-76.2591,38.7978],[-76.257,38.7961],[-76.2578,38.7946],[-76.2567,38.7925],[-76.2586,38.7904],[-76.2588,38.7874],[-76.2637,38.7884],[-76.2639,38.7896],[-76.2643,38.7878],[-76.2626,38.7858],[-76.2602,38.7854],[-76.2613,38.7811],[-76.2624,38.7806],[-76.2592,38.778],[-76.2614,38.7766],[-76.2595,38.7744],[-76.2611,38.7731],[-76.2625,38.7739],[-76.2623,38.7731],[-76.2568,38.7688],[-76.2584,38.7674],[-76.2622,38.7684],[-76.2609,38.7657],[-76.2548,38.765],[-76.2521,38.7627],[-76.2479,38.7635],[-76.2492,38.7607],[-76.2449,38.7614],[-76.242,38.7598],[-76.2443,38.7572],[-76.2413,38.753],[-76.2458,38.756],[-76.2453,38.7528],[-76.2467,38.7528],[-76.2444,38.7516],[-76.2439,38.7493],[-76.2547,38.7492],[-76.2563,38.7508],[-76.2532,38.7529],[-76.2534,38.7547],[-76.2554,38.7543],[-76.2545,38.758],[-76.2578,38.7577],[-76.2626,38.7615],[-76.2645,38.7618],[-76.2651,38.7602],[-76.2689,38.7627],[-76.269,38.7605],[-76.2666,38.7588],[-76.2674,38.758],[-76.2626,38.7574],[-76.2596,38.7545],[-76.2622,38.7535],[-76.2625,38.7518],[-76.2635,38.7523],[-76.2646,38.7518],[-76.2601,38.7483],[-76.2609,38.7475],[-76.2649,38.7483],[-76.2642,38.7469],[-76.2659,38.7444],[-76.268,38.7458],[-76.2675,38.7493],[-76.2709,38.7497],[-76.2721,38.7487],[-76.2712,38.7467],[-76.2727,38.7452],[-76.272,38.7442],[-76.2732,38.7436],[-76.2755,38.7453],[-76.2744,38.749],[-76.2754,38.7502],[-76.2749,38.7526],[-76.2728,38.7553],[-76.2741,38.7563],[-76.274,38.7588],[-76.2752,38.7544],[-76.2768,38.754],[-76.2768,38.7487],[-76.2787,38.7459],[-76.2799,38.7469],[-76.2785,38.7494],[-76.2804,38.7538],[-76.2808,38.7494],[-76.2843,38.7513],[-76.2865,38.7501],[-76.2876,38.753],[-76.2889,38.753],[-76.2902,38.7584],[-76.2913,38.7571],[-76.2911,38.7515],[-76.2882,38.7495],[-76.2909,38.7479],[-76.2843,38.7482],[-76.2842,38.7457],[-76.2818,38.7435],[-76.2863,38.7374],[-76.278,38.7413],[-76.2745,38.7391],[-76.2686,38.7404],[-76.2708,38.7379],[-76.2682,38.7384],[-76.265,38.737],[-76.261,38.7411],[-76.2575,38.7423],[-76.2549,38.7405],[-76.2551,38.7363],[-76.2638,38.7296],[-76.267,38.7337],[-76.2695,38.7326],[-76.2711,38.7342],[-76.2711,38.731],[-76.2668,38.7298],[-76.2684,38.7255],[-76.2703,38.7244],[-76.2774,38.7286],[-76.2799,38.7336],[-76.281,38.7326],[-76.28,38.7286],[-76.2825,38.7292],[-76.2821,38.7321],[-76.2862,38.732],[-76.2854,38.7309],[-76.2877,38.7307],[-76.286,38.7293],[-76.2904,38.73],[-76.2846,38.7278],[-76.2846,38.7255],[-76.2828,38.7266],[-76.2811,38.7261],[-76.2792,38.7227],[-76.2754,38.7223],[-76.2765,38.7208],[-76.2752,38.7204],[-76.2742,38.7176],[-76.2757,38.7158],[-76.2712,38.7173],[-76.271,38.7088],[-76.2748,38.7112],[-76.275,38.7127],[-76.2825,38.7159],[-76.2821,38.7183],[-76.284,38.7199],[-76.2837,38.7216],[-76.2887,38.7187],[-76.2885,38.7227],[-76.2925,38.724],[-76.2923,38.7226],[-76.2943,38.7211],[-76.2932,38.7169],[-76.2967,38.7172],[-76.2991,38.7189],[-76.2959,38.7247],[-76.2995,38.7272],[-76.295,38.7308],[-76.2944,38.7356],[-76.2965,38.7366],[-76.2954,38.741],[-76.2978,38.7494],[-76.3035,38.7497],[-76.3046,38.7522],[-76.3,38.7562],[-76.2991,38.7596],[-76.296,38.7634],[-76.2957,38.7676],[-76.2929,38.7656],[-76.2943,38.7633],[-76.2932,38.7635],[-76.2929,38.7653],[-76.2906,38.7662],[-76.2873,38.7703],[-76.2839,38.7688],[-76.2847,38.7673],[-76.2837,38.767],[-76.2824,38.7689],[-76.2841,38.7698],[-76.2818,38.7717],[-76.2769,38.7703],[-76.2772,38.7695],[-76.2756,38.7697],[-76.2757,38.7722],[-76.2744,38.7722],[-76.2734,38.7744],[-76.2708,38.7732],[-76.271,38.7717],[-76.2701,38.7726],[-76.2726,38.7767],[-76.2693,38.7818],[-76.2671,38.7826],[-76.2692,38.7906],[-76.2651,38.7961],[-76.2666,38.7979],[-76.2659,38.8002],[-76.2635,38.802],[-76.2646,38.8025],[-76.2642,38.8059],[-76.2659,38.8065],[-76.2634,38.8096],[-76.2612,38.8092],[-76.2571,38.8122],[-76.2587,38.8127],[-76.2586,38.8149],[-76.2614,38.8187],[-76.2607,38.8168],[-76.2633,38.8158],[-76.2653,38.8146],[-76.2609,38.8156],[-76.2596,38.8137],[-76.2608,38.8108],[-76.2632,38.8111],[-76.2666,38.8084],[-76.2705,38.8097],[-76.2677,38.8075],[-76.2693,38.8061],[-76.2673,38.8053],[-76.2664,38.802],[-76.2682,38.8016],[-76.2686,38.7989],[-76.2714,38.8],[-76.2682,38.7962],[-76.2704,38.7961],[-76.2713,38.7944],[-76.2803,38.8029],[-76.2821,38.8026],[-76.2834,38.8039],[-76.2839,38.8021],[-76.2856,38.8024],[-76.2875,38.8051],[-76.288,38.8073],[-76.2869,38.8093],[-76.2888,38.8101],[-76.2889,38.8149],[-76.2896,38.8138],[-76.2904,38.8099],[-76.2891,38.8087],[-76.2899,38.8063],[-76.2888,38.8048],[-76.2897,38.8038],[-76.2871,38.8023],[-76.2883,38.8002],[-76.2816,38.8005],[-76.2803,38.7971],[-76.2763,38.7952],[-76.2742,38.7885],[-76.2723,38.7866],[-76.2731,38.7844],[-76.277,38.7838],[-76.2757,38.7834],[-76.277,38.7821],[-76.2762,38.7803],[-76.2773,38.7776],[-76.2806,38.7748],[-76.2865,38.7741],[-76.2836,38.777],[-76.2864,38.7754],[-76.2867,38.7792],[-76.2829,38.7812],[-76.2815,38.7836],[-76.2851,38.7833],[-76.2827,38.7858],[-76.2828,38.7879],[-76.2863,38.7831],[-76.2867,38.7859],[-76.2878,38.7872],[-76.288,38.789],[-76.2886,38.7905],[-76.2889,38.7908],[-76.2883,38.7848],[-76.2909,38.7847],[-76.2893,38.7834],[-76.2888,38.7807],[-76.2907,38.7797],[-76.2958,38.7852],[-76.2977,38.7855],[-76.2962,38.7909],[-76.2983,38.7901],[-76.3001,38.7933],[-76.2988,38.7884],[-76.3016,38.789],[-76.3027,38.7905],[-76.3051,38.7881],[-76.3004,38.7875],[-76.2982,38.7813],[-76.2959,38.7807],[-76.2952,38.7789],[-76.2903,38.7761],[-76.2908,38.7753],[-76.2922,38.7743],[-76.2971,38.7778],[-76.2973,38.7761],[-76.2995,38.7761],[-76.3016,38.7783],[-76.3023,38.7778],[-76.3028,38.7792],[-76.3041,38.7805],[-76.3044,38.7805],[-76.3006,38.7732],[-76.2979,38.7743],[-76.2962,38.7734],[-76.296,38.7712],[-76.3,38.7683],[-76.3025,38.7711],[-76.3077,38.7725],[-76.3075,38.7745],[-76.3097,38.7753],[-76.3095,38.7777],[-76.3114,38.7794],[-76.3141,38.7795],[-76.3112,38.7768],[-76.3118,38.7732],[-76.3099,38.7715],[-76.3106,38.7699],[-76.3093,38.7669],[-76.3102,38.7645],[-76.3155,38.7649],[-76.3159,38.768],[-76.3145,38.7689],[-76.317,38.7705],[-76.3175,38.7691],[-76.32,38.7684],[-76.318,38.7673],[-76.3189,38.7647],[-76.3175,38.7619],[-76.3183,38.7606],[-76.3159,38.7607],[-76.3155,38.7589],[-76.3167,38.7567],[-76.3187,38.7561],[-76.3144,38.755],[-76.3126,38.7457],[-76.3174,38.7437],[-76.3176,38.7489],[-76.3198,38.749],[-76.3204,38.7448],[-76.3195,38.743],[-76.3224,38.7416],[-76.3255,38.7443],[-76.3244,38.7381],[-76.3259,38.7371],[-76.3235,38.7361],[-76.3226,38.7382],[-76.3199,38.7357],[-76.3178,38.7367],[-76.3195,38.7389],[-76.3147,38.7384],[-76.3141,38.7351],[-76.312,38.7327],[-76.3128,38.7307],[-76.3161,38.7296],[-76.3189,38.7323],[-76.3193,38.7295],[-76.3211,38.7291],[-76.3201,38.726],[-76.3244,38.718],[-76.3258,38.7171],[-76.326,38.719],[-76.3281,38.7204],[-76.3268,38.7175],[-76.3283,38.7167],[-76.3345,38.7209],[-76.3345,38.7231],[-76.3368,38.7259],[-76.3355,38.7286],[-76.3328,38.7295],[-76.3351,38.7307],[-76.3337,38.7362],[-76.3386,38.7268],[-76.3397,38.7297],[-76.3423,38.7299],[-76.3426,38.7339],[-76.3399,38.7399],[-76.3404,38.7442],[-76.3428,38.7485],[-76.3382,38.7615],[-76.3354,38.7601],[-76.3363,38.7617],[-76.3327,38.7625],[-76.3305,38.7568],[-76.3273,38.7563],[-76.3301,38.7572],[-76.3315,38.7617],[-76.3273,38.7633],[-76.3266,38.765],[-76.3294,38.7657],[-76.3262,38.7666],[-76.3303,38.7686],[-76.329,38.7694],[-76.3307,38.769],[-76.3333,38.7707],[-76.3353,38.7738],[-76.3304,38.7771],[-76.3277,38.7742],[-76.3245,38.7751],[-76.3207,38.786],[-76.3101,38.7968],[-76.3089,38.8133],[-76.3041,38.82],[-76.3023,38.8256],[-76.2978,38.8283],[-76.2885,38.8273],[-76.2818,38.8317],[-76.2774,38.8314],[-76.2782,38.8355],[-76.2848,38.8366],[-76.2808,38.8381],[-76.2788,38.8433],[-76.2748,38.8446],[-76.2548,38.8627],[-76.2528,38.8626],[-76.2512,38.857],[-76.2534,38.856],[-76.2564,38.8576],[-76.2602,38.8528],[-76.2658,38.8516],[-76.2646,38.8445],[-76.2664,38.8437],[-76.2676,38.8454],[-76.2696,38.8445],[-76.268,38.8434],[-76.269,38.8424],[-76.2672,38.8402],[-76.2717,38.8385],[-76.2692,38.8379],[-76.2695,38.8352],[-76.2672,38.833],[-76.2673,38.8382],[-76.2651,38.8394],[-76.2616,38.8391],[-76.2651,38.8419],[-76.2622,38.8421],[-76.2619,38.8411],[-76.2602,38.8424],[-76.2621,38.8439],[-76.26,38.8432],[-76.2571,38.8394],[-76.2566,38.8358],[-76.2606,38.8344],[-76.2581,38.8331],[-76.2613,38.8332],[-76.2631,38.8319],[-76.2603,38.8319],[-76.2603,38.8298],[-76.264,38.8302],[-76.2654,38.8291],[-76.2627,38.8291],[-76.262,38.8281],[-76.2634,38.8271],[-76.2608,38.8285],[-76.2591,38.8278],[-76.2603,38.8266],[-76.259,38.8256],[-76.2552,38.8277],[-76.2558,38.8299],[-76.2574,38.8293],[-76.2553,38.8316],[-76.257,38.833],[-76.2492,38.8298],[-76.2504,38.8254],[-76.2459,38.8226],[-76.2475,38.8213],[-76.2439,38.819],[-76.245,38.8176],[-76.2479,38.8189],[-76.2479,38.8176],[-76.2453,38.8155],[-76.2416,38.8173],[-76.2413,38.815],[-76.2438,38.814],[-76.2425,38.8128],[-76.2418,38.8137],[-76.2401,38.813],[-76.2401,38.8145],[-76.2354,38.8153],[-76.2373,38.816],[-76.2384,38.8201],[-76.2397,38.8189],[-76.2394,38.8204],[-76.2283,38.8223],[-76.2292,38.8206],[-76.2319,38.8202],[-76.2287,38.8146],[-76.2277,38.8163],[-76.2286,38.8192],[-76.2267,38.8206],[-76.2218,38.8142],[-76.2125,38.8069],[-76.2115,38.8048],[-76.2159,38.8011],[-76.2169,38.8015],[-76.2162,38.8026],[-76.2188,38.8025],[-76.2235,38.8064],[-76.2205,38.8036],[-76.2228,38.8036],[-76.2205,38.8017],[-76.2243,38.8001],[-76.2242,38.7985],[-76.2185,38.8001],[-76.2173,38.7976],[-76.2195,38.7967],[-76.2137,38.7953],[-76.2174,38.7899],[-76.2218,38.7915],[-76.2206,38.7908],[-76.2208,38.789],[-76.2185,38.7882],[-76.2214,38.7869],[-76.2217,38.7855],[-76.219,38.7834],[-76.2192,38.7854],[-76.2163,38.7849],[-76.2157,38.7868],[-76.2025,38.7768],[-76.2011,38.7751],[-76.2047,38.7739],[-76.2008,38.768],[-76.1999,38.7721],[-76.2009,38.7729],[-76.1993,38.7734],[-76.199,38.7762],[-76.1949,38.7727],[-76.1945,38.7708],[-76.1864,38.7676],[-76.1831,38.7618],[-76.1854,38.759],[-76.1752,38.754],[-76.1773,38.752],[-76.1762,38.7512],[-76.1773,38.7497],[-76.1752,38.7493],[-76.1766,38.746],[-76.1787,38.7446],[-76.1774,38.7435],[-76.1762,38.7451],[-76.1725,38.7454],[-76.1687,38.7427],[-76.1704,38.7451],[-76.1696,38.7466],[-76.1741,38.747],[-76.1727,38.7493],[-76.1738,38.7518],[-76.1708,38.7531],[-76.1647,38.7599],[-76.1638,38.7583],[-76.1624,38.7596],[-76.1611,38.7582],[-76.158,38.7611],[-76.1554,38.7602],[-76.1568,38.7621],[-76.1649,38.7606],[-76.1654,38.7623],[-76.1613,38.7671],[-76.1573,38.7677],[-76.1577,38.7661],[-76.1554,38.7659],[-76.1547,38.7679],[-76.1564,38.7685],[-76.1548,38.7727],[-76.1501,38.7729],[-76.1492,38.7709],[-76.1502,38.7697],[-76.1487,38.7698],[-76.1481,38.7681],[-76.147,38.7693],[-76.1449,38.7688],[-76.1484,38.7734],[-76.1463,38.7781],[-76.1454,38.7779],[-76.1458,38.7761],[-76.1415,38.7764],[-76.1444,38.7778],[-76.1445,38.7801],[-76.139,38.7857],[-76.1375,38.7859],[-76.1377,38.7839],[-76.133,38.7817],[-76.1365,38.7871],[-76.1306,38.7877],[-76.1284,38.7864],[-76.1296,38.7848],[-76.1286,38.7831],[-76.1251,38.7821],[-76.1273,38.784],[-76.127,38.7872],[-76.1222,38.7871],[-76.1284,38.7881],[-76.1286,38.7892],[-76.1257,38.7926],[-76.1224,38.7943],[-76.1206,38.7947],[-76.1197,38.7925],[-76.115,38.7931],[-76.1119,38.7895],[-76.1135,38.7941],[-76.1111,38.795],[-76.1047,38.791],[-76.1066,38.7935],[-76.106,38.7942],[-76.0954,38.7972],[-76.0914,38.7967],[-76.0939,38.7981],[-76.1081,38.7956],[-76.1092,38.7962],[-76.1088,38.7973],[-76.1173,38.7953],[-76.1204,38.7976],[-76.1134,38.8048],[-76.1104,38.805],[-76.1117,38.806],[-76.1087,38.8081],[-76.0998,38.81],[-76.096,38.8126],[-76.1049,38.8101],[-76.1067,38.8105],[-76.1067,38.8122],[-76.1085,38.8095],[-76.1112,38.8083],[-76.1136,38.8109],[-76.1124,38.8072],[-76.119,38.8017],[-76.1205,38.8018],[-76.121,38.804],[-76.1255,38.8084],[-76.1225,38.8114],[-76.1231,38.8151],[-76.1175,38.8171],[-76.1167,38.8185],[-76.123,38.8166],[-76.1229,38.8208],[-76.1212,38.8219],[-76.1254,38.8232],[-76.1256,38.8246],[-76.1145,38.8314],[-76.1143,38.8342],[-76.1112,38.8373],[-76.1054,38.8363],[-76.1106,38.8384],[-76.11,38.8406],[-76.1058,38.8423],[-76.1054,38.8435],[-76.1031,38.8424],[-76.101,38.8437],[-76.1014,38.8418],[-76.0978,38.8403],[-76.0978,38.8417],[-76.0962,38.8415],[-76.1001,38.8423],[-76.1014,38.8445],[-76.1033,38.8429],[-76.1051,38.8445],[-76.1069,38.8424],[-76.1094,38.842],[-76.1181,38.832],[-76.127,38.8265],[-76.1294,38.8281],[-76.1272,38.8311],[-76.1282,38.8336],[-76.1284,38.8306],[-76.1318,38.8285],[-76.1279,38.8256],[-76.1286,38.8227],[-76.1254,38.8202],[-76.1266,38.8185],[-76.1256,38.8151],[-76.1271,38.8141],[-76.1258,38.8116],[-76.1311,38.8102],[-76.1299,38.8092],[-76.127,38.8102],[-76.1272,38.8062],[-76.1262,38.8058],[-76.1274,38.8004],[-76.1229,38.8012],[-76.1235,38.7978],[-76.1276,38.7967],[-76.1308,38.7928],[-76.1353,38.7936],[-76.1361,38.7958],[-76.141,38.7897],[-76.1439,38.7911],[-76.1451,38.7895],[-76.1444,38.7867],[-76.1466,38.7861],[-76.1483,38.7827],[-76.1509,38.7823],[-76.151,38.7787],[-76.1537,38.7806],[-76.1524,38.7784],[-76.1551,38.7765],[-76.1648,38.7744],[-76.1699,38.7759],[-76.1627,38.7832],[-76.1658,38.7813],[-76.1662,38.7832],[-76.1678,38.7802],[-76.1694,38.7801],[-76.1723,38.7835],[-76.1756,38.7835],[-76.1771,38.7866],[-76.1742,38.7882],[-76.1729,38.7905],[-76.1677,38.7919],[-76.1649,38.7949],[-76.1617,38.7954],[-76.1599,38.7944],[-76.1552,38.7969],[-76.1511,38.7964],[-76.1544,38.7978],[-76.1598,38.7963],[-76.1619,38.7973],[-76.1616,38.7986],[-76.1638,38.7991],[-76.163,38.7962],[-76.168,38.7959],[-76.1677,38.7939],[-76.1699,38.7927],[-76.1739,38.7934],[-76.1749,38.7928],[-76.1741,38.7914],[-76.1797,38.7872],[-76.1822,38.7883],[-76.1787,38.7842],[-76.1785,38.7812],[-76.1761,38.7808],[-76.1732,38.7779],[-76.1737,38.7744],[-76.1704,38.7712],[-76.1727,38.7701],[-76.1753,38.7738],[-76.18,38.7762],[-76.1792,38.779],[-76.1803,38.7839],[-76.1835,38.7853],[-76.1862,38.7848],[-76.1865,38.7873],[-76.1882,38.7879],[-76.187,38.7921],[-76.1854,38.7925],[-76.1858,38.7936],[-76.1916,38.7924],[-76.1922,38.7954],[-76.1902,38.8016],[-76.187,38.8032],[-76.1848,38.8061],[-76.1806,38.8039],[-76.1835,38.8083],[-76.1821,38.81],[-76.1775,38.8099],[-76.1729,38.8131],[-76.1703,38.8119],[-76.1658,38.8136],[-76.17,38.814],[-76.1713,38.8153],[-76.169,38.8173],[-76.1662,38.8177],[-76.1686,38.8194],[-76.1648,38.8216],[-76.165,38.8231],[-76.1603,38.8272],[-76.1646,38.8259],[-76.1683,38.8209],[-76.1705,38.8211],[-76.1704,38.8184],[-76.1728,38.8197],[-76.1718,38.8169],[-76.1749,38.8155],[-76.1748,38.8143],[-76.179,38.8127],[-76.1828,38.8147],[-76.1828,38.8123],[-76.187,38.8125],[-76.1847,38.8102],[-76.1885,38.8099],[-76.1883,38.8081],[-76.1908,38.8079],[-76.1909,38.8067],[-76.1932,38.806],[-76.196,38.8077],[-76.1937,38.8022],[-76.1964,38.7982],[-76.1996,38.8018],[-76.198,38.8076],[-76.1988,38.813],[-76.1934,38.8218],[-76.1916,38.8287],[-76.185,38.831],[-76.1897,38.8312],[-76.1903,38.8329],[-76.1882,38.8335],[-76.1899,38.8345],[-76.1869,38.8381],[-76.1833,38.8366],[-76.1843,38.838],[-76.1816,38.8385],[-76.1799,38.8381],[-76.1779,38.8352],[-76.1743,38.8349],[-76.1772,38.8363],[-76.1764,38.8377],[-76.1783,38.8399],[-76.1728,38.8424],[-76.1766,38.8438],[-76.178,38.842],[-76.185,38.8397],[-76.1868,38.8414],[-76.1902,38.8366],[-76.1925,38.8387],[-76.1923,38.8343],[-76.1941,38.8337],[-76.1957,38.8354],[-76.1977,38.8448],[-76.1912,38.8534],[-76.1919,38.8592],[-76.1886,38.8587],[-76.1885,38.8542],[-76.1903,38.8519],[-76.1863,38.8508],[-76.1764,38.8554],[-76.1771,38.8521],[-76.1747,38.8539],[-76.1735,38.8585],[-76.1766,38.8613],[-76.1764,38.8624],[-76.169,38.8619],[-76.1678,38.8598],[-76.1657,38.8592],[-76.1667,38.8582],[-76.1643,38.857],[-76.1656,38.8545],[-76.161,38.8541],[-76.1635,38.8508],[-76.1621,38.8465],[-76.1596,38.8436],[-76.1615,38.8484],[-76.1609,38.8515],[-76.1551,38.853],[-76.1547,38.851],[-76.1515,38.8503],[-76.1504,38.8487],[-76.1489,38.8504],[-76.1535,38.8524],[-76.1534,38.8548],[-76.1582,38.8551],[-76.1599,38.8566],[-76.1597,38.8578],[-76.1565,38.8583],[-76.1601,38.8586],[-76.1588,38.8619],[-76.1552,38.8618],[-76.1513,38.864],[-76.1474,38.8635],[-76.1404,38.8587],[-76.1436,38.8618],[-76.1431,38.8632],[-76.1453,38.864],[-76.1452,38.8655],[-76.1487,38.8652],[-76.1479,38.8678],[-76.1506,38.8658],[-76.1608,38.8629],[-76.1612,38.8658],[-76.1656,38.8712],[-76.1609,38.8722],[-76.164,38.8734],[-76.1612,38.8794],[-76.1558,38.8779],[-76.156,38.8765],[-76.1542,38.8751],[-76.153,38.8764],[-76.1509,38.8736],[-76.1495,38.8742],[-76.1493,38.8732],[-76.1465,38.8741],[-76.1485,38.8761],[-76.1479,38.8771],[-76.1499,38.8761],[-76.1523,38.878],[-76.1494,38.8818],[-76.1451,38.8795],[-76.1398,38.8798],[-76.1409,38.878],[-76.1396,38.8773],[-76.1383,38.8773],[-76.1389,38.879],[-76.1376,38.8796],[-76.1338,38.8786],[-76.1325,38.8759],[-76.1265,38.8744],[-76.1254,38.8731],[-76.1258,38.8713],[-76.1228,38.8731],[-76.12,38.8702],[-76.1216,38.8686],[-76.1166,38.8671],[-76.1192,38.8644],[-76.1184,38.8634],[-76.1198,38.8613],[-76.1147,38.8663],[-76.1102,38.8632],[-76.1092,38.8595],[-76.1125,38.8566],[-76.111,38.8564],[-76.1078,38.8599],[-76.1084,38.8635],[-76.1056,38.8661],[-76.1097,38.8645],[-76.1124,38.8663],[-76.1113,38.869],[-76.1148,38.8678],[-76.1181,38.8695],[-76.1178,38.8724],[-76.1197,38.8726],[-76.1196,38.8739],[-76.1228,38.8762],[-76.1217,38.8806],[-76.1205,38.8807],[-76.1178,38.8774],[-76.1117,38.88],[-76.1106,38.8798],[-76.1106,38.8778],[-76.108,38.8803],[-76.1023,38.8802],[-76.102,38.8834],[-76.0994,38.8849],[-76.0985,38.8833],[-76.0939,38.8831],[-76.0937,38.882],[-76.0922,38.8873],[-76.0814,38.8856],[-76.0815,38.8877],[-76.0742,38.8907],[-76.0677,38.8859],[-76.0625,38.8859],[-76.0673,38.8874],[-76.0727,38.893],[-76.0793,38.8905],[-76.0787,38.8977],[-76.0806,38.899],[-76.0806,38.9021],[-76.0819,38.8984],[-76.0799,38.8969],[-76.0815,38.8951],[-76.0805,38.8925],[-76.0814,38.8891],[-76.0873,38.8886],[-76.0872,38.8903],[-76.0895,38.8919],[-76.0891,38.8899],[-76.095,38.8872],[-76.0969,38.8878],[-76.0991,38.8865],[-76.1021,38.8875],[-76.1005,38.891],[-76.103,38.8927],[-76.1036,38.8956],[-76.105,38.8964],[-76.1047,38.8988],[-76.1061,38.9001],[-76.1054,38.9021],[-76.1069,38.9012],[-76.1072,38.9037],[-76.1108,38.9058],[-76.1082,38.9101],[-76.1111,38.9076],[-76.1097,38.9097],[-76.1106,38.9117],[-76.1145,38.9139],[-76.1126,38.917],[-76.1083,38.9202],[-76.1108,38.9245],[-76.1081,38.9263],[-76.1101,38.9272],[-76.1063,38.9314],[-76.103,38.9388],[-76.1012,38.9393],[-76.1009,38.942],[-76.0982,38.942],[-76.097,38.9443]]]]}},{"type":"Feature","properties":{"leaid":"2400660","name":"Washington County Public Schools","kind":"Unified","gradeLow":"PK","gradeHigh":"12","state":"MD"},"geometry":{"type":"Polygon","coordinates":[[[-78.3151,39.7229],[-77.8747,39.7222],[-77.4691,39.7197],[-77.4743,39.7133],[-77.4862,39.7046],[-77.4904,39.6958],[-77.4935,39.6926],[-77.4972,39.6902],[-77.5032,39.6892],[-77.5084,39.6841],[-77.4974,39.6835],[-77.4929,39.6764],[-77.4968,39.6717],[-77.4978,39.6681],[-77.5046,39.6643],[-77.5045,39.6617],[-77.511,39.6559],[-77.5134,39.6495],[-77.52,39.6408],[-77.5258,39.6375],[-77.5263,39.635],[-77.5304,39.6317],[-77.5337,39.6312],[-77.5407,39.6336],[-77.5454,39.6334],[-77.5484,39.6312],[-77.5508,39.6253],[-77.5702,39.62],[-77.5757,39.6097],[-77.5782,39.598],[-77.5853,39.5833],[-77.5845,39.5816],[-77.5868,39.5714],[-77.5893,39.5671],[-77.5944,39.5634],[-77.5955,39.5518],[-77.5994,39.5502],[-77.5971,39.542],[-77.6061,39.5367],[-77.6107,39.5303],[-77.6129,39.5297],[-77.6132,39.5274],[-77.6148,39.526],[-77.6144,39.5228],[-77.6181,39.5186],[-77.6204,39.5131],[-77.6198,39.5118],[-77.6225,39.5082],[-77.6209,39.5058],[-77.623,39.4999],[-77.6144,39.4916],[-77.6211,39.4843],[-77.622,39.4818],[-77.616,39.4688],[-77.6217,39.464],[-77.6219,39.4597],[-77.6268,39.4571],[-77.6286,39.4515],[-77.6265,39.4485],[-77.6302,39.4484],[-77.6347,39.4455],[-77.6346,39.443],[-77.6379,39.4353],[-77.6381,39.4228],[-77.6409,39.4154],[-77.6393,39.4074],[-77.6479,39.3832],[-77.6528,39.3731],[-77.6603,39.3637],[-77.6664,39.3514],[-77.6734,39.3442],[-77.6772,39.3245],[-77.6817,39.3239],[-77.6865,39.3202],[-77.6937,39.3184],[-77.7077,39.3217],[-77.7169,39.3208],[-77.7261,39.3217],[-77.7347,39.3271],[-77.7582,39.3355],[-77.7609,39.3403],[-77.7598,39.3445],[-77.7476,39.3513],[-77.7447,39.3559],[-77.7434,39.3611],[-77.7438,39.3651],[-77.7523,39.3774],[-77.753,39.3817],[-77.7492,39.3844],[-77.7393,39.3856],[-77.7366,39.3871],[-77.7359,39.3912],[-77.7384,39.399],[-77.7464,39.4094],[-77.7529,39.423],[-77.7579,39.4264],[-77.7637,39.4283],[-77.7744,39.4278],[-77.7877,39.4292],[-77.7968,39.4318],[-77.8032,39.4371],[-77.8009,39.4407],[-77.7882,39.443],[-77.7853,39.4454],[-77.7861,39.4474],[-77.7983,39.4561],[-77.7991,39.4588],[-77.798,39.4608],[-77.7927,39.4621],[-77.7806,39.4598],[-77.7776,39.4623],[-77.7803,39.4647],[-77.7885,39.4673],[-77.7954,39.4712],[-77.798,39.4752],[-77.7972,39.4801],[-77.7878,39.4855],[-77.7673,39.4913],[-77.7655,39.4934],[-77.7664,39.4963],[-77.7709,39.4989],[-77.7822,39.499],[-77.7855,39.4974],[-77.7916,39.491],[-77.8029,39.4895],[-77.8194,39.4935],[-77.8276,39.4931],[-77.8454,39.4981],[-77.8478,39.5018],[-77.8466,39.5046],[-77.8258,39.5167],[-77.8235,39.5238],[-77.8247,39.5285],[-77.8323,39.5323],[-77.837,39.5321],[-77.8406,39.5291],[-77.8407,39.5209],[-77.8419,39.5184],[-77.8494,39.5156],[-77.8612,39.5143],[-77.8648,39.5159],[-77.8661,39.5184],[-77.8645,39.5345],[-77.8653,39.5384],[-77.8716,39.5443],[-77.885,39.551],[-77.888,39.5538],[-77.8889,39.5568],[-77.8876,39.5594],[-77.8785,39.5634],[-77.8432,39.5645],[-77.8361,39.5667],[-77.8334,39.5712],[-77.8297,39.5911],[-77.8322,39.6014],[-77.8378,39.6059],[-77.8639,39.6088],[-77.8743,39.6141],[-77.8849,39.6158],[-77.887,39.6136],[-77.8812,39.6064],[-77.8812,39.601],[-77.8854,39.5977],[-77.892,39.5978],[-77.9227,39.6047],[-77.9222,39.6057],[-77.9238,39.6053],[-77.9261,39.6082],[-77.9284,39.6136],[-77.9328,39.6176],[-77.9411,39.619],[-77.944,39.6176],[-77.9448,39.6156],[-77.9429,39.6138],[-77.9387,39.6129],[-77.9359,39.6094],[-77.936,39.5967],[-77.9391,39.587],[-77.9424,39.5849],[-77.9461,39.5848],[-77.9496,39.5869],[-77.951,39.5895],[-77.9523,39.5957],[-77.9506,39.6038],[-77.9513,39.6057],[-77.955,39.6081],[-77.961,39.6089],[-77.9672,39.6071],[-77.9732,39.6013],[-77.9776,39.5996],[-78.0026,39.6006],[-78.0101,39.603],[-78.0235,39.6217],[-78.0303,39.6279],[-78.0373,39.637],[-78.0481,39.6435],[-78.0542,39.651],[-78.0806,39.6705],[-78.0895,39.6714],[-78.097,39.6782],[-78.1044,39.6814],[-78.1315,39.6868],[-78.1435,39.6905],[-78.1543,39.6906],[-78.1612,39.6935],[-78.1717,39.6957],[-78.1828,39.6951],[-78.191,39.6903],[-78.1962,39.6825],[-78.2031,39.6765],[-78.2271,39.6762],[-78.2326,39.6736],[-78.233,39.6707],[-78.2243,39.6635],[-78.2238,39.6605],[-78.2272,39.6571],[-78.2381,39.6522],[-78.2541,39.6402],[-78.2623,39.6305],[-78.2629,39.6225],[-78.2664,39.619],[-78.287,39.6214],[-78.308,39.6297],[-78.3335,39.6366],[-78.3337,39.6409],[-78.3423,39.6441],[-78.346,39.6492],[-78.3407,39.6486],[-78.34,39.6527],[-78.3532,39.6553],[-78.3635,39.6598],[-78.3611,39.6611],[-78.3576,39.6595],[-78.3549,39.66],[-78.3571,39.6639],[-78.3503,39.6606],[-78.3396,39.6641],[-78.3341,39.6624],[-78.3332,39.6664],[-78.3353,39.6674],[-78.3363,39.6707],[-78.3402,39.672],[-78.3434,39.6754],[-78.3431,39.6765],[-78.3362,39.6807],[-78.3266,39.6764],[-78.3245,39.6776],[-78.3202,39.6761],[-78.3196,39.6772],[-78.3214,39.6787],[-78.3181,39.6804],[-78.318,39.6816],[-78.3216,39.6822],[-78.3229,39.6839],[-78.3216,39.6846],[-78.3167,39.6832],[-78.3149,39.6845],[-78.3158,39.6863],[-78.323,39.6882],[-78.3222,39.6895],[-78.3165,39.6892],[-78.3134,39.6921],[-78.3137,39.6935],[-78.3169,39.6932],[-78.3195,39.6951],[-78.3173,39.6997],[-78.3182,39.7025],[-78.3343,39.7099],[-78.3339,39.7127],[-78.3308,39.7113],[-78.329,39.7123],[-78.3315,39.7145],[-78.3334,39.7189],[-78.3362,39.72],[-78.3387,39.7165],[-78.3407,39.7163],[-78.3439,39.7179],[-78.3455,39.7218],[-78.3151,39.7229]]]}},{"type":"Feature","properties":{"leaid":"2400690","name":"Wicomico County Public Schools","kind":"Unified","gradeLow":"PK","gradeHigh":"12","state":"MD"},"geometry":{"type":"Polygon","coordinates":[[[-75.7015,38.5597],[-75.6937,38.4601],[-75.5099,38.4543],[-75.3413,38.452],[-75.3408,38.4489],[-75.3358,38.4423],[-75.3367,38.4364],[-75.3341,38.4351],[-75.3304,38.4242],[-75.3228,38.4175],[-75.3171,38.4042],[-75.3191,38.3945],[-75.321,38.3939],[-75.3252,38.3859],[-75.3297,38.3813],[-75.3219,38.371],[-75.3192,38.3712],[-75.3163,38.3693],[-75.3161,38.3652],[-75.3143,38.3632],[-75.3139,38.3597],[-75.3103,38.357],[-75.3074,38.357],[-75.307,38.3543],[-75.3099,38.3493],[-75.3176,38.3455],[-75.3165,38.3428],[-75.3232,38.3319],[-75.3279,38.3303],[-75.3307,38.3319],[-75.3388,38.3257],[-75.3393,38.3222],[-75.341,38.3202],[-75.3461,38.3194],[-75.3555,38.3145],[-75.3646,38.2904],[-75.6126,38.2786],[-75.6265,38.2826],[-75.6281,38.2853],[-75.6331,38.289],[-75.6441,38.2893],[-75.6505,38.2943],[-75.6571,38.2953],[-75.6631,38.2989],[-75.6738,38.2934],[-75.6818,38.2929],[-75.6864,38.2907],[-75.688,38.2889],[-75.686,38.2858],[-75.691,38.282],[-75.6905,38.2809],[-75.6968,38.2734],[-75.6971,38.2707],[-75.6943,38.268],[-75.6996,38.2657],[-75.7062,38.2672],[-75.7104,38.2654],[-75.7143,38.2679],[-75.7194,38.2667],[-75.7233,38.2715],[-75.7227,38.276],[-75.7284,38.2764],[-75.7275,38.281],[-75.7333,38.2834],[-75.736,38.2834],[-75.7417,38.2797],[-75.7458,38.2809],[-75.7469,38.2844],[-75.7487,38.2853],[-75.7502,38.2844],[-75.7501,38.2814],[-75.752,38.2811],[-75.7513,38.284],[-75.7523,38.2858],[-75.7597,38.2887],[-75.7567,38.2987],[-75.7613,38.3042],[-75.761,38.3064],[-75.7476,38.3134],[-75.7464,38.3155],[-75.7469,38.3197],[-75.7458,38.321],[-75.7378,38.321],[-75.7343,38.3226],[-75.7347,38.3304],[-75.73,38.3331],[-75.7261,38.3402],[-75.7225,38.3422],[-75.7123,38.3392],[-75.7089,38.3434],[-75.707,38.3436],[-75.6998,38.3392],[-75.6911,38.3417],[-75.6817,38.3392],[-75.6745,38.3399],[-75.6688,38.3372],[-75.6624,38.3435],[-75.6589,38.3427],[-75.6535,38.3389],[-75.647,38.3412],[-75.642,38.3393],[-75.6346,38.3401],[-75.6326,38.3428],[-75.6257,38.3401],[-75.6181,38.3389],[-75.6252,38.3409],[-75.6306,38.3446],[-75.6291,38.3463],[-75.6189,38.3498],[-75.6179,38.3514],[-75.6187,38.3534],[-75.6165,38.3546],[-75.6127,38.3608],[-75.6044,38.365],[-75.6132,38.3621],[-75.6181,38.3574],[-75.6196,38.3542],[-75.6219,38.3533],[-75.6207,38.3521],[-75.6218,38.3503],[-75.6306,38.348],[-75.6334,38.3462],[-75.6364,38.3418],[-75.6408,38.3419],[-75.6457,38.346],[-75.6477,38.3462],[-75.6475,38.3443],[-75.654,38.3406],[-75.6608,38.3445],[-75.6637,38.3441],[-75.6698,38.3401],[-75.6903,38.3428],[-75.6948,38.3427],[-75.6997,38.3406],[-75.7041,38.3439],[-75.7089,38.3448],[-75.713,38.3403],[-75.717,38.3431],[-75.723,38.3435],[-75.7284,38.34],[-75.7323,38.3332],[-75.7361,38.3314],[-75.7364,38.3231],[-75.7463,38.3221],[-75.7483,38.32],[-75.7483,38.3167],[-75.7502,38.3136],[-75.7595,38.31],[-75.7627,38.3067],[-75.7628,38.3035],[-75.759,38.2983],[-75.7615,38.2903],[-75.7704,38.2859],[-75.7729,38.2745],[-75.7797,38.269],[-75.7964,38.2672],[-75.8017,38.2573],[-75.8045,38.2557],[-75.8115,38.2565],[-75.8172,38.261],[-75.8227,38.2619],[-75.8279,38.2587],[-75.8329,38.2575],[-75.8456,38.257],[-75.8516,38.2482],[-75.8613,38.2477],[-75.8722,38.2434],[-75.8733,38.2448],[-75.8727,38.246],[-75.8699,38.2448],[-75.8697,38.2467],[-75.8629,38.2482],[-75.8625,38.2489],[-75.8627,38.2501],[-75.8633,38.2501],[-75.8631,38.2486],[-75.87,38.2469],[-75.8702,38.2454],[-75.8719,38.246],[-75.87,38.2512],[-75.8741,38.255],[-75.8696,38.2581],[-75.8663,38.2565],[-75.8641,38.2569],[-75.8637,38.2596],[-75.8614,38.2619],[-75.8631,38.2647],[-75.8655,38.2636],[-75.8654,38.2655],[-75.8671,38.2659],[-75.8662,38.2634],[-75.8626,38.2621],[-75.8666,38.258],[-75.8697,38.259],[-75.8752,38.2554],[-75.8774,38.2579],[-75.8765,38.2545],[-75.8824,38.2508],[-75.8834,38.2519],[-75.8814,38.2563],[-75.8826,38.2572],[-75.8843,38.2519],[-75.8819,38.2485],[-75.8817,38.2459],[-75.8885,38.2414],[-75.8894,38.2395],[-75.8864,38.232],[-75.8837,38.2292],[-75.892,38.2278],[-75.8957,38.2286],[-75.9,38.2321],[-75.9029,38.2393],[-75.9084,38.2466],[-75.9083,38.252],[-75.9111,38.2579],[-75.9202,38.2646],[-75.9108,38.2694],[-75.9102,38.2681],[-75.909,38.2691],[-75.9098,38.2702],[-75.908,38.2719],[-75.9017,38.2858],[-75.9035,38.2888],[-75.9088,38.2924],[-75.904,38.296],[-75.8928,38.3096],[-75.8825,38.3295],[-75.8778,38.3272],[-75.8726,38.3287],[-75.868,38.3267],[-75.855,38.3269],[-75.8501,38.3252],[-75.8485,38.3261],[-75.8511,38.3258],[-75.8551,38.3276],[-75.8611,38.3271],[-75.864,38.3284],[-75.8685,38.3274],[-75.8713,38.3288],[-75.8708,38.3317],[-75.872,38.333],[-75.8747,38.3325],[-75.8757,38.3295],[-75.8769,38.3315],[-75.8737,38.3348],[-75.8733,38.3386],[-75.8701,38.3418],[-75.8637,38.347],[-75.8564,38.3497],[-75.8519,38.362],[-75.8482,38.3652],[-75.8513,38.3661],[-75.857,38.3729],[-75.8636,38.3763],[-75.8623,38.3796],[-75.8568,38.3817],[-75.8452,38.381],[-75.8475,38.377],[-75.8513,38.3783],[-75.8527,38.3767],[-75.8525,38.3722],[-75.8492,38.3717],[-75.8486,38.3693],[-75.8465,38.368],[-75.8445,38.3685],[-75.8414,38.3723],[-75.8371,38.3686],[-75.8345,38.3689],[-75.8322,38.3712],[-75.8323,38.3683],[-75.8301,38.3665],[-75.8205,38.3695],[-75.8093,38.3708],[-75.8058,38.3684],[-75.8011,38.3688],[-75.802,38.3664],[-75.7987,38.3643],[-75.7999,38.3616],[-75.7987,38.3602],[-75.7938,38.3605],[-75.7911,38.3628],[-75.788,38.3604],[-75.7849,38.3643],[-75.7805,38.3665],[-75.7809,38.3642],[-75.7798,38.3629],[-75.7747,38.3611],[-75.773,38.3636],[-75.774,38.3663],[-75.763,38.3636],[-75.7592,38.3608],[-75.7551,38.3613],[-75.7591,38.3613],[-75.7613,38.3641],[-75.7648,38.3644],[-75.7669,38.3664],[-75.7738,38.3672],[-75.7756,38.3663],[-75.7738,38.3638],[-75.7755,38.3629],[-75.7787,38.3647],[-75.7789,38.3666],[-75.7805,38.3675],[-75.7852,38.3649],[-75.7883,38.361],[-75.7909,38.3635],[-75.7941,38.3612],[-75.7978,38.361],[-75.7978,38.3652],[-75.801,38.3664],[-75.8,38.3694],[-75.8054,38.3691],[-75.8092,38.3717],[-75.8129,38.3705],[-75.8188,38.371],[-75.8285,38.3677],[-75.8299,38.3685],[-75.8295,38.3713],[-75.8306,38.3723],[-75.8334,38.372],[-75.8358,38.3694],[-75.841,38.374],[-75.8437,38.3732],[-75.8454,38.3696],[-75.8471,38.3693],[-75.8476,38.3718],[-75.845,38.3744],[-75.8459,38.3758],[-75.8503,38.3723],[-75.8516,38.3727],[-75.8516,38.3772],[-75.847,38.3762],[-75.8374,38.3823],[-75.8335,38.3864],[-75.8338,38.3894],[-75.8289,38.3867],[-75.8245,38.39],[-75.8236,38.3866],[-75.8204,38.386],[-75.8111,38.3901],[-75.8043,38.3948],[-75.8022,38.3984],[-75.7985,38.3972],[-75.7951,38.3976],[-75.7923,38.4001],[-75.7878,38.401],[-75.7863,38.4036],[-75.784,38.4023],[-75.7806,38.4045],[-75.7786,38.4037],[-75.7807,38.4052],[-75.7835,38.403],[-75.7868,38.4041],[-75.7884,38.4016],[-75.7924,38.4009],[-75.7951,38.3983],[-75.7982,38.3978],[-75.8024,38.3992],[-75.8054,38.3948],[-75.8116,38.3907],[-75.8215,38.3868],[-75.8228,38.3873],[-75.8226,38.3899],[-75.8241,38.3912],[-75.8291,38.3877],[-75.8374,38.3929],[-75.8419,38.3996],[-75.8489,38.4024],[-75.8491,38.404],[-75.8443,38.413],[-75.8438,38.4211],[-75.8316,38.4203],[-75.8329,38.4215],[-75.8276,38.4225],[-75.8219,38.4258],[-75.816,38.4355],[-75.8179,38.4395],[-75.8162,38.4403],[-75.8175,38.4412],[-75.8161,38.4434],[-75.8176,38.4424],[-75.8225,38.4453],[-75.8279,38.4456],[-75.8294,38.4469],[-75.8323,38.4449],[-75.8345,38.4461],[-75.8314,38.4566],[-75.8242,38.4569],[-75.8163,38.4597],[-75.8121,38.4647],[-75.8114,38.4682],[-75.8102,38.468],[-75.8106,38.466],[-75.8093,38.4676],[-75.8153,38.4756],[-75.8227,38.4803],[-75.8147,38.4873],[-75.7984,38.4883],[-75.7863,38.4955],[-75.7802,38.501],[-75.7619,38.5057],[-75.7515,38.5162],[-75.7524,38.5189],[-75.7512,38.5199],[-75.753,38.5201],[-75.7531,38.5219],[-75.751,38.5277],[-75.7463,38.5351],[-75.745,38.5348],[-75.7459,38.5357],[-75.7445,38.5369],[-75.7333,38.5367],[-75.7241,38.5402],[-75.7195,38.5446],[-75.7112,38.5494],[-75.7054,38.5596],[-75.7015,38.5597]]]}},{"type":"Feature","properties":{"leaid":"2400720","name":"Worcester County Public Schools","kind":"Unified","gradeLow":"PK","gradeHigh":"12","state":"MD"},"geometry":{"type":"MultiPolygon","coordinates":[[[[-75.2638,38.0255],[-75.2632,38.026],[-75.2622,38.026],[-75.2621,38.0256],[-75.2638,38.0255]]],[[[-75.2628,38.0269],[-75.2711,38.0249],[-75.2726,38.0256],[-75.2631,38.0292],[-75.2628,38.0269]]],[[[-75.259,38.0289],[-75.26,38.0299],[-75.2592,38.0318],[-75.2572,38.0301],[-75.259,38.0289]]],[[[-75.2553,38.0328],[-75.2565,38.0328],[-75.258,38.0321],[-75.2564,38.0337],[-75.2553,38.0328]]],[[[-75.2528,38.044],[-75.2511,38.042],[-75.2555,38.0411],[-75.2528,38.044]]],[[[-75.2456,38.0491],[-75.2522,38.0456],[-75.256,38.0459],[-75.2567,38.0444],[-75.2586,38.0457],[-75.2579,38.048],[-75.2506,38.0479],[-75.2492,38.0487],[-75.2511,38.0493],[-75.2454,38.0505],[-75.2456,38.0491]]],[[[-75.2444,38.052],[-75.2455,38.0527],[-75.2432,38.0539],[-75.2429,38.053],[-75.2444,38.052]]],[[[-75.2458,38.0537],[-75.2473,38.0527],[-75.2466,38.0539],[-75.2458,38.0537]]],[[[-75.2474,38.0544],[-75.2482,38.0531],[-75.2496,38.0541],[-75.2521,38.0521],[-75.257,38.0517],[-75.2502,38.0555],[-75.2474,38.0544]]],[[[-75.2634,38.0565],[-75.2597,38.0542],[-75.261,38.0529],[-75.261,38.0507],[-75.2657,38.053],[-75.2664,38.0561],[-75.2634,38.0565]]],[[[-75.3223,38.0552],[-75.3279,38.05],[-75.3292,38.0516],[-75.3301,38.0499],[-75.3338,38.0482],[-75.3312,38.0411],[-75.3317,38.0381],[-75.3344,38.0384],[-75.3366,38.0432],[-75.3388,38.0409],[-75.3435,38.0412],[-75.3457,38.0402],[-75.3503,38.0358],[-75.357,38.0376],[-75.3554,38.0412],[-75.353,38.0401],[-75.3444,38.0462],[-75.3455,38.0498],[-75.3437,38.0533],[-75.3469,38.0535],[-75.3459,38.0547],[-75.3392,38.0531],[-75.3372,38.0505],[-75.3335,38.0507],[-75.3293,38.0529],[-75.3294,38.0551],[-75.3265,38.0584],[-75.3234,38.0592],[-75.3223,38.0552]]],[[[-75.3155,38.0614],[-75.3158,38.0587],[-75.3167,38.0596],[-75.3182,38.0586],[-75.3191,38.061],[-75.3155,38.0614]]],[[[-75.2439,38.0674],[-75.2442,38.064],[-75.248,38.0628],[-75.2471,38.0624],[-75.2483,38.056],[-75.2506,38.0561],[-75.2543,38.0532],[-75.2586,38.0526],[-75.2581,38.0557],[-75.2556,38.0541],[-75.2548,38.0561],[-75.2501,38.0571],[-75.2505,38.0587],[-75.2549,38.0575],[-75.2549,38.0651],[-75.2539,38.0647],[-75.2545,38.0618],[-75.2512,38.0599],[-75.2537,38.0625],[-75.253,38.0662],[-75.2507,38.0653],[-75.2474,38.0693],[-75.2439,38.0674]]],[[[-75.2271,38.0682],[-75.2285,38.0689],[-75.2264,38.0702],[-75.226,38.0693],[-75.2271,38.0682]]],[[[-75.2317,38.0682],[-75.2318,38.0665],[-75.23,38.0673],[-75.2323,38.0631],[-75.2344,38.0659],[-75.2399,38.0686],[-75.2333,38.0681],[-75.2332,38.0693],[-75.2287,38.0715],[-75.2289,38.0694],[-75.2317,38.0682]]],[[[-75.2373,38.07],[-75.2412,38.0701],[-75.2422,38.0717],[-75.2409,38.0723],[-75.2373,38.07]]],[[[-75.2479,38.0749],[-75.2435,38.071],[-75.2457,38.0697],[-75.2486,38.0725],[-75.2513,38.0727],[-75.2479,38.0749]]],[[[-75.3058,38.0789],[-75.3064,38.077],[-75.3118,38.0766],[-75.3097,38.079],[-75.3058,38.0789]]],[[[-75.29,38.0804],[-75.2895,38.0765],[-75.2929,38.0735],[-75.2948,38.0754],[-75.293,38.0775],[-75.2946,38.0784],[-75.2976,38.0766],[-75.2966,38.0751],[-75.2997,38.0758],[-75.3062,38.0721],[-75.3063,38.0738],[-75.3023,38.0762],[-75.3032,38.0782],[-75.29,38.0804]]],[[[-75.3342,38.0808],[-75.3301,38.0794],[-75.33,38.074],[-75.3282,38.0716],[-75.343,38.0765],[-75.3401,38.0792],[-75.3409,38.0809],[-75.3342,38.0808]]],[[[-75.3157,38.0852],[-75.3064,38.0817],[-75.3116,38.0819],[-75.3119,38.0833],[-75.3142,38.0825],[-75.3157,38.0852]]],[[[-75.3175,38.091],[-75.3171,38.0889],[-75.3141,38.0875],[-75.3174,38.0857],[-75.3198,38.0881],[-75.3198,38.0896],[-75.3231,38.0895],[-75.3228,38.091],[-75.3175,38.091]]],[[[-75.2277,38.093],[-75.2285,38.0941],[-75.2247,38.0958],[-75.2254,38.0942],[-75.2277,38.093]]],[[[-75.2977,38.0955],[-75.3005,38.0943],[-75.3013,38.0958],[-75.299,38.0968],[-75.2977,38.0955]]],[[[-75.3136,38.0927],[-75.3164,38.0935],[-75.3178,38.0947],[-75.3131,38.0966],[-75.312,38.0946],[-75.3136,38.0927]]],[[[-75.2305,38.0936],[-75.2332,38.0962],[-75.2314,38.0979],[-75.2298,38.0968],[-75.2305,38.0936]]],[[[-75.2345,38.1005],[-75.2364,38.101],[-75.2361,38.1033],[-75.2346,38.1024],[-75.2345,38.1005]]],[[[-75.2489,38.1549],[-75.2504,38.1551],[-75.2502,38.1571],[-75.2489,38.1568],[-75.2489,38.1549]]],[[[-75.4083,38.1696],[-75.4105,38.1703],[-75.4107,38.1706],[-75.4092,38.1714],[-75.4083,38.1696]]],[[[-75.187,38.1794],[-75.1823,38.1785],[-75.1835,38.1766],[-75.1822,38.1721],[-75.1841,38.1706],[-75.1856,38.1714],[-75.1871,38.1698],[-75.1911,38.171],[-75.1915,38.1726],[-75.1894,38.1747],[-75.1835,38.1724],[-75.1844,38.1758],[-75.1864,38.1758],[-75.1859,38.175],[-75.1879,38.1757],[-75.1857,38.1771],[-75.1891,38.1773],[-75.187,38.1794]]],[[[-75.2536,38.1886],[-75.2549,38.1893],[-75.2535,38.1891],[-75.2536,38.1886]]],[[[-75.1687,38.1919],[-75.171,38.1927],[-75.1718,38.1956],[-75.1688,38.1941],[-75.1687,38.1919]]],[[[-75.1658,38.1994],[-75.1674,38.1997],[-75.1683,38.2009],[-75.1663,38.2003],[-75.1658,38.1994]]],[[[-75.1691,38.2027],[-75.1655,38.204],[-75.1657,38.2012],[-75.1691,38.2027]]],[[[-75.1737,38.2047],[-75.1734,38.203],[-75.1779,38.2017],[-75.1786,38.2004],[-75.1801,38.2018],[-75.1792,38.2031],[-75.1737,38.2047]]],[[[-75.1506,38.2316],[-75.1517,38.2318],[-75.1514,38.2338],[-75.149,38.2359],[-75.1484,38.2341],[-75.1506,38.2316]]],[[[-75.1865,38.258],[-75.1889,38.2578],[-75.1898,38.2553],[-75.1888,38.2538],[-75.1911,38.2536],[-75.1917,38.256],[-75.1897,38.2587],[-75.1865,38.258]]],[[[-75.1848,38.2611],[-75.1862,38.2602],[-75.1861,38.2621],[-75.1848,38.2611]]],[[[-75.1725,38.2707],[-75.1755,38.2706],[-75.1777,38.2693],[-75.1794,38.27],[-75.1764,38.271],[-75.1772,38.2738],[-75.1758,38.2743],[-75.1759,38.2756],[-75.1719,38.2727],[-75.1725,38.2707]]],[[[-75.0949,38.3239],[-75.0871,38.3229],[-75.0939,38.3234],[-75.1029,38.3115],[-75.1168,38.2742],[-75.1535,38.1973],[-75.1696,38.1552],[-75.1774,38.13],[-75.1938,38.096],[-75.2161,38.0618],[-75.2421,38.027],[-75.2609,38.0257],[-75.2564,38.0296],[-75.2567,38.0317],[-75.2544,38.0321],[-75.2531,38.0339],[-75.2496,38.0457],[-75.2437,38.0492],[-75.2423,38.0489],[-75.2421,38.0465],[-75.249,38.0407],[-75.2492,38.0336],[-75.2437,38.0321],[-75.2411,38.0359],[-75.2431,38.0351],[-75.2442,38.0327],[-75.2444,38.0357],[-75.2407,38.0379],[-75.2436,38.037],[-75.2431,38.0396],[-75.2385,38.0429],[-75.2415,38.0436],[-75.2389,38.0452],[-75.2386,38.047],[-75.242,38.0505],[-75.2419,38.0532],[-75.2399,38.0554],[-75.2463,38.0563],[-75.2453,38.0573],[-75.2457,38.0612],[-75.2401,38.063],[-75.2405,38.0667],[-75.2367,38.0656],[-75.2338,38.0624],[-75.2344,38.0602],[-75.2326,38.0576],[-75.2315,38.0589],[-75.2303,38.0577],[-75.23,38.0588],[-75.2332,38.0609],[-75.2324,38.0621],[-75.2281,38.0624],[-75.2274,38.0647],[-75.2226,38.0626],[-75.2237,38.0647],[-75.2257,38.0653],[-75.2249,38.0664],[-75.2295,38.0659],[-75.2255,38.0688],[-75.222,38.0675],[-75.2255,38.0702],[-75.2249,38.0716],[-75.2264,38.0737],[-75.2238,38.0734],[-75.2234,38.0705],[-75.2218,38.0715],[-75.2201,38.0699],[-75.2192,38.0702],[-75.221,38.0726],[-75.2192,38.0713],[-75.2192,38.0729],[-75.2153,38.0721],[-75.2209,38.0739],[-75.2217,38.0752],[-75.2202,38.0761],[-75.2159,38.0741],[-75.2149,38.0799],[-75.2107,38.0818],[-75.2161,38.0833],[-75.2226,38.0883],[-75.2249,38.0887],[-75.2253,38.0909],[-75.2245,38.092],[-75.2226,38.0903],[-75.2141,38.092],[-75.2132,38.0931],[-75.2141,38.0973],[-75.2122,38.0978],[-75.2135,38.0988],[-75.212,38.1005],[-75.2125,38.102],[-75.2101,38.1047],[-75.2083,38.1025],[-75.2087,38.1058],[-75.2022,38.1025],[-75.2014,38.1037],[-75.2071,38.1069],[-75.2039,38.1069],[-75.2019,38.1082],[-75.2025,38.1095],[-75.2001,38.1082],[-75.1992,38.109],[-75.1998,38.1136],[-75.2028,38.1157],[-75.1961,38.1143],[-75.1969,38.1158],[-75.1946,38.1159],[-75.1953,38.117],[-75.1939,38.1177],[-75.1979,38.1198],[-75.1935,38.1211],[-75.196,38.1216],[-75.1951,38.1226],[-75.1959,38.1236],[-75.1915,38.1244],[-75.1939,38.1265],[-75.1889,38.1267],[-75.1916,38.1283],[-75.1865,38.1294],[-75.1923,38.1293],[-75.1892,38.1306],[-75.1915,38.1309],[-75.1907,38.1337],[-75.1921,38.1334],[-75.1919,38.1348],[-75.1861,38.1347],[-75.1851,38.1365],[-75.1879,38.1356],[-75.1925,38.1361],[-75.1902,38.1378],[-75.1934,38.1372],[-75.1902,38.1386],[-75.1923,38.1397],[-75.1857,38.1391],[-75.1902,38.1405],[-75.1898,38.1416],[-75.1921,38.1428],[-75.1905,38.1439],[-75.1852,38.1436],[-75.1903,38.1472],[-75.1901,38.1495],[-75.1877,38.1499],[-75.1894,38.1512],[-75.1888,38.1521],[-75.1846,38.1502],[-75.1837,38.1508],[-75.1862,38.1524],[-75.1839,38.1531],[-75.1875,38.1538],[-75.188,38.1563],[-75.1854,38.1587],[-75.1878,38.1588],[-75.1875,38.1604],[-75.1907,38.161],[-75.1828,38.1625],[-75.1877,38.1637],[-75.1857,38.1658],[-75.1888,38.1663],[-75.1856,38.1671],[-75.1816,38.1659],[-75.1833,38.168],[-75.181,38.169],[-75.1834,38.1699],[-75.1812,38.1712],[-75.1802,38.1737],[-75.1781,38.1734],[-75.1796,38.1744],[-75.18,38.1767],[-75.1754,38.1757],[-75.1787,38.1777],[-75.1764,38.18],[-75.1776,38.1813],[-75.1746,38.1815],[-75.174,38.1786],[-75.1711,38.1799],[-75.1733,38.1816],[-75.1669,38.1807],[-75.1734,38.1825],[-75.1702,38.1824],[-75.1719,38.1836],[-75.1663,38.1826],[-75.1682,38.1837],[-75.1783,38.1848],[-75.173,38.1849],[-75.1716,38.1869],[-75.171,38.1851],[-75.1682,38.1847],[-75.1697,38.1863],[-75.1675,38.1862],[-75.1646,38.1926],[-75.1624,38.1938],[-75.1631,38.1952],[-75.1659,38.1962],[-75.1655,38.1979],[-75.1689,38.1986],[-75.1657,38.1986],[-75.1599,38.1962],[-75.1652,38.2003],[-75.1626,38.2014],[-75.1645,38.202],[-75.1647,38.2031],[-75.1637,38.204],[-75.1638,38.2022],[-75.1622,38.202],[-75.1579,38.2041],[-75.1614,38.2059],[-75.1615,38.205],[-75.1634,38.2053],[-75.1632,38.2071],[-75.17,38.2103],[-75.1679,38.2109],[-75.1606,38.2093],[-75.1603,38.2102],[-75.1628,38.2105],[-75.1621,38.2131],[-75.1578,38.2125],[-75.1576,38.2137],[-75.155,38.2136],[-75.1569,38.2145],[-75.1566,38.2157],[-75.1547,38.2172],[-75.1533,38.2162],[-75.1534,38.2207],[-75.1511,38.2202],[-75.1511,38.2246],[-75.1484,38.2247],[-75.1495,38.227],[-75.1468,38.2281],[-75.1501,38.2295],[-75.1483,38.2307],[-75.1491,38.232],[-75.1474,38.236],[-75.1448,38.2363],[-75.145,38.2384],[-75.1434,38.2395],[-75.1476,38.244],[-75.1407,38.2409],[-75.1408,38.2433],[-75.1376,38.2439],[-75.1378,38.2455],[-75.1347,38.2465],[-75.137,38.2489],[-75.1339,38.2497],[-75.1339,38.2527],[-75.1307,38.2555],[-75.1324,38.2558],[-75.1315,38.258],[-75.1297,38.2584],[-75.1228,38.2713],[-75.123,38.2746],[-75.121,38.2781],[-75.1234,38.2831],[-75.117,38.289],[-75.1159,38.288],[-75.1137,38.2926],[-75.1158,38.2967],[-75.1117,38.3001],[-75.1117,38.3034],[-75.1133,38.3042],[-75.1099,38.3076],[-75.1113,38.309],[-75.1052,38.313],[-75.1043,38.3156],[-75.106,38.3179],[-75.1008,38.3195],[-75.0984,38.325],[-75.0972,38.3256],[-75.0949,38.3239]]],[[[-75.1039,38.3542],[-75.1055,38.3537],[-75.1048,38.3548],[-75.1058,38.3554],[-75.1038,38.3557],[-75.1039,38.3542]]],[[[-75.0699,38.4116],[-75.0713,38.4117],[-75.0711,38.4129],[-75.0685,38.4136],[-75.0699,38.4116]]],[[[-75.0658,38.4139],[-75.0668,38.4137],[-75.0678,38.4143],[-75.0666,38.4147],[-75.0658,38.4139]]],[[[-75.09,38.4328],[-75.0857,38.4322],[-75.0866,38.4305],[-75.0858,38.429],[-75.0874,38.4276],[-75.0907,38.428],[-75.087,38.4296],[-75.0877,38.4316],[-75.0911,38.4315],[-75.09,38.4328]]],[[[-75.0916,38.4309],[-75.094,38.4307],[-75.0948,38.433],[-75.0922,38.4321],[-75.0916,38.4309]]],[[[-75.0967,38.4373],[-75.0951,38.437],[-75.0937,38.4384],[-75.0917,38.4367],[-75.0874,38.4365],[-75.0867,38.4382],[-75.0851,38.4376],[-75.086,38.4359],[-75.0909,38.4337],[-75.0917,38.435],[-75.0944,38.4351],[-75.1019,38.4321],[-75.0963,38.4354],[-75.0992,38.4384],[-75.0962,38.4391],[-75.0967,38.4373]]],[[[-75.0865,38.4395],[-75.0883,38.4394],[-75.0864,38.4406],[-75.0866,38.4424],[-75.0848,38.4413],[-75.0865,38.4395]]],[[[-75.0662,38.4466],[-75.0689,38.4457],[-75.0721,38.4473],[-75.0695,38.4485],[-75.0704,38.4512],[-75.0657,38.4512],[-75.0675,38.4484],[-75.0662,38.4466]]],[[[-75.084,38.4498],[-75.0859,38.45],[-75.0871,38.4512],[-75.0855,38.4512],[-75.084,38.4498]]],[[[-75.0489,38.4513],[-75.0546,38.4148],[-75.0614,38.3895],[-75.0725,38.3553],[-75.0858,38.3242],[-75.0903,38.3259],[-75.0913,38.3279],[-75.089,38.3345],[-75.0834,38.3448],[-75.0823,38.3449],[-75.0845,38.3453],[-75.0844,38.3437],[-75.0853,38.3437],[-75.0859,38.3457],[-75.0845,38.3463],[-75.0856,38.348],[-75.0832,38.3514],[-75.0822,38.3498],[-75.0833,38.3472],[-75.0809,38.3481],[-75.0802,38.3517],[-75.0798,38.35],[-75.0788,38.3515],[-75.0797,38.3543],[-75.0783,38.3554],[-75.0786,38.3565],[-75.0847,38.3578],[-75.0857,38.361],[-75.083,38.3614],[-75.0847,38.3608],[-75.0831,38.3595],[-75.0814,38.3612],[-75.0818,38.3591],[-75.0802,38.3609],[-75.0809,38.3587],[-75.0798,38.3607],[-75.08,38.3586],[-75.0765,38.3581],[-75.0795,38.359],[-75.0784,38.3614],[-75.0855,38.3625],[-75.0858,38.3638],[-75.0764,38.3618],[-75.0752,38.3643],[-75.073,38.3641],[-75.075,38.3647],[-75.0743,38.3666],[-75.0752,38.3674],[-75.072,38.3719],[-75.0729,38.3731],[-75.0715,38.3735],[-75.071,38.3763],[-75.0738,38.3779],[-75.0719,38.3781],[-75.0716,38.3806],[-75.07,38.3817],[-75.0706,38.3836],[-75.069,38.3845],[-75.0741,38.3863],[-75.0679,38.3859],[-75.0679,38.3869],[-75.0716,38.3874],[-75.0716,38.3887],[-75.0729,38.3889],[-75.0721,38.3931],[-75.0685,38.3934],[-75.0674,38.3901],[-75.0675,38.3925],[-75.0665,38.3928],[-75.068,38.3944],[-75.0653,38.3949],[-75.0709,38.3991],[-75.0651,38.3988],[-75.0673,38.4016],[-75.0654,38.4013],[-75.0638,38.4024],[-75.0647,38.4038],[-75.0629,38.4035],[-75.0618,38.4049],[-75.066,38.4059],[-75.064,38.4062],[-75.0653,38.408],[-75.0632,38.4075],[-75.0629,38.4084],[-75.0643,38.4086],[-75.0628,38.4094],[-75.0661,38.4098],[-75.0647,38.4087],[-75.0663,38.4088],[-75.0659,38.4079],[-75.0673,38.4069],[-75.0719,38.409],[-75.0677,38.4088],[-75.0722,38.4096],[-75.0676,38.4099],[-75.0724,38.4108],[-75.0627,38.4102],[-75.0692,38.4115],[-75.0676,38.4131],[-75.0627,38.414],[-75.0656,38.4144],[-75.0659,38.4163],[-75.0687,38.4167],[-75.0676,38.4194],[-75.067,38.4174],[-75.0664,38.4192],[-75.0656,38.4172],[-75.0646,38.4191],[-75.0643,38.4165],[-75.0576,38.416],[-75.0642,38.417],[-75.0575,38.4169],[-75.0641,38.4179],[-75.0639,38.4218],[-75.0672,38.4226],[-75.0672,38.4242],[-75.0628,38.4241],[-75.0629,38.4233],[-75.0576,38.4221],[-75.0623,38.424],[-75.0571,38.4232],[-75.0566,38.4248],[-75.0574,38.4237],[-75.0671,38.4246],[-75.0684,38.4254],[-75.0682,38.4283],[-75.056,38.4278],[-75.0607,38.4285],[-75.0606,38.4301],[-75.0558,38.4301],[-75.0606,38.431],[-75.0615,38.4284],[-75.0656,38.4291],[-75.0622,38.431],[-75.063,38.432],[-75.057,38.4318],[-75.0585,38.4323],[-75.0571,38.4341],[-75.0587,38.4341],[-75.0599,38.4324],[-75.0637,38.4326],[-75.06,38.434],[-75.0675,38.4355],[-75.0707,38.4399],[-75.0692,38.4424],[-75.0658,38.4436],[-75.0621,38.44],[-75.0644,38.4407],[-75.0639,38.4385],[-75.0604,38.4365],[-75.0571,38.4362],[-75.0597,38.4368],[-75.0617,38.4392],[-75.0603,38.439],[-75.0596,38.442],[-75.0616,38.4404],[-75.0615,38.4416],[-75.0655,38.4443],[-75.065,38.4459],[-75.0665,38.4492],[-75.0649,38.4512],[-75.0489,38.4513]]],[[[-75.3413,38.452],[-75.0898,38.4512],[-75.0918,38.4485],[-75.0901,38.4485],[-75.0884,38.4454],[-75.0927,38.4462],[-75.0939,38.4438],[-75.0964,38.4449],[-75.0932,38.4417],[-75.0986,38.442],[-75.1,38.4383],[-75.1015,38.4379],[-75.1013,38.4364],[-75.1052,38.4372],[-75.1055,38.439],[-75.1068,38.4385],[-75.1069,38.4365],[-75.1088,38.4385],[-75.1108,38.4375],[-75.1117,38.4396],[-75.1098,38.4412],[-75.11,38.444],[-75.1136,38.4389],[-75.1157,38.4402],[-75.1137,38.4423],[-75.1157,38.4417],[-75.1216,38.446],[-75.124,38.4465],[-75.1253,38.4454],[-75.133,38.4486],[-75.1324,38.4469],[-75.1232,38.443],[-75.123,38.4407],[-75.119,38.4386],[-75.1197,38.4373],[-75.1183,38.4369],[-75.1175,38.4331],[-75.1158,38.433],[-75.1139,38.4358],[-75.1142,38.4333],[-75.1179,38.4314],[-75.1231,38.4305],[-75.1266,38.4317],[-75.1257,38.4299],[-75.1282,38.4287],[-75.1325,38.4304],[-75.1296,38.4265],[-75.1202,38.43],[-75.1114,38.4319],[-75.1135,38.4311],[-75.1132,38.43],[-75.1109,38.4292],[-75.1085,38.4263],[-75.1099,38.4255],[-75.1096,38.4268],[-75.1131,38.4284],[-75.1147,38.4258],[-75.1127,38.4246],[-75.1141,38.4234],[-75.1113,38.4221],[-75.1104,38.4238],[-75.1055,38.4243],[-75.1125,38.4207],[-75.1122,38.4196],[-75.1094,38.4195],[-75.1079,38.4154],[-75.1067,38.4177],[-75.1058,38.4157],[-75.1078,38.4142],[-75.1067,38.4114],[-75.1047,38.4119],[-75.1039,38.4096],[-75.1004,38.4107],[-75.1018,38.4153],[-75.1001,38.4155],[-75.1009,38.4144],[-75.0988,38.4116],[-75.1003,38.4087],[-75.0997,38.406],[-75.0955,38.4036],[-75.0998,38.4009],[-75.1018,38.4022],[-75.103,38.3997],[-75.1068,38.4009],[-75.1071,38.4018],[-75.1054,38.4018],[-75.1061,38.4026],[-75.1081,38.4025],[-75.1075,38.399],[-75.103,38.3971],[-75.1044,38.3961],[-75.1013,38.3943],[-75.0986,38.3951],[-75.1003,38.3925],[-75.0997,38.3906],[-75.1024,38.3891],[-75.1089,38.3884],[-75.114,38.3894],[-75.1135,38.3935],[-75.1158,38.3948],[-75.1156,38.3967],[-75.1144,38.397],[-75.1131,38.3951],[-75.112,38.3993],[-75.111,38.3974],[-75.1094,38.3983],[-75.1092,38.4001],[-75.111,38.404],[-75.1138,38.4059],[-75.1145,38.405],[-75.1113,38.4031],[-75.114,38.3997],[-75.1157,38.401],[-75.1179,38.4002],[-75.12,38.4019],[-75.121,38.4008],[-75.1189,38.3994],[-75.1203,38.399],[-75.122,38.3995],[-75.1228,38.4022],[-75.1238,38.4001],[-75.1278,38.4017],[-75.1267,38.4036],[-75.1311,38.4046],[-75.13,38.4072],[-75.1355,38.405],[-75.1355,38.4069],[-75.1376,38.4056],[-75.1407,38.4082],[-75.1454,38.4084],[-75.1447,38.4126],[-75.1459,38.4123],[-75.1455,38.4111],[-75.1478,38.408],[-75.1589,38.4133],[-75.1632,38.4136],[-75.1649,38.4148],[-75.165,38.4184],[-75.1658,38.4138],[-75.1647,38.4127],[-75.1682,38.4132],[-75.1688,38.4143],[-75.1713,38.4137],[-75.1723,38.4177],[-75.1753,38.4149],[-75.182,38.4142],[-75.1856,38.4171],[-75.187,38.4232],[-75.1888,38.4257],[-75.1875,38.4276],[-75.1892,38.4283],[-75.1896,38.4306],[-75.1907,38.4296],[-75.1868,38.4165],[-75.1838,38.4132],[-75.1787,38.4118],[-75.1788,38.4106],[-75.1811,38.4109],[-75.1834,38.4096],[-75.1783,38.4098],[-75.176,38.4116],[-75.1729,38.4088],[-75.1963,38.4068],[-75.1963,38.4014],[-75.1937,38.4048],[-75.1848,38.4058],[-75.1794,38.4053],[-75.1815,38.4038],[-75.1809,38.4032],[-75.1759,38.4037],[-75.175,38.4056],[-75.1737,38.4048],[-75.175,38.4037],[-75.1738,38.4021],[-75.172,38.4048],[-75.1659,38.408],[-75.1613,38.4068],[-75.1597,38.4078],[-75.1586,38.4048],[-75.1476,38.4009],[-75.1482,38.3983],[-75.1496,38.3979],[-75.1483,38.3976],[-75.1438,38.4009],[-75.1428,38.3995],[-75.1463,38.396],[-75.1421,38.3992],[-75.1422,38.3962],[-75.1448,38.3956],[-75.142,38.3956],[-75.1405,38.398],[-75.1384,38.3973],[-75.1371,38.3952],[-75.1395,38.395],[-75.1386,38.3936],[-75.1367,38.3942],[-75.1356,38.3922],[-75.1338,38.3932],[-75.1305,38.3925],[-75.1281,38.3893],[-75.1285,38.3875],[-75.1309,38.3861],[-75.1277,38.3848],[-75.1338,38.3836],[-75.1344,38.3827],[-75.1337,38.3809],[-75.1336,38.3835],[-75.1303,38.3834],[-75.132,38.3814],[-75.129,38.3836],[-75.1289,38.3815],[-75.1312,38.3798],[-75.1258,38.3826],[-75.1268,38.3805],[-75.1231,38.3787],[-75.1302,38.3748],[-75.1341,38.3759],[-75.1336,38.373],[-75.1356,38.3749],[-75.1346,38.373],[-75.1371,38.3729],[-75.1383,38.3746],[-75.1394,38.3726],[-75.1545,38.3806],[-75.1423,38.3722],[-75.1441,38.3697],[-75.1412,38.3719],[-75.1362,38.3692],[-75.1302,38.3699],[-75.128,38.3705],[-75.1276,38.3731],[-75.1243,38.3733],[-75.127,38.3724],[-75.1258,38.3708],[-75.1274,38.3702],[-75.127,38.3656],[-75.1315,38.3638],[-75.1324,38.3624],[-75.1343,38.3624],[-75.1319,38.3605],[-75.1358,38.3608],[-75.1378,38.3566],[-75.1408,38.3576],[-75.1439,38.3561],[-75.1549,38.3545],[-75.1632,38.3571],[-75.1669,38.3569],[-75.1574,38.3538],[-75.1588,38.3505],[-75.1563,38.3528],[-75.1486,38.3539],[-75.1472,38.3531],[-75.1481,38.3501],[-75.1462,38.3533],[-75.1445,38.3534],[-75.1424,38.3556],[-75.141,38.3549],[-75.1406,38.3563],[-75.138,38.3548],[-75.1337,38.3555],[-75.1322,38.3538],[-75.1345,38.3513],[-75.1319,38.3527],[-75.1301,38.3502],[-75.1309,38.3471],[-75.1299,38.3466],[-75.129,38.3411],[-75.1311,38.3397],[-75.1289,38.3397],[-75.1272,38.3413],[-75.1278,38.3442],[-75.1254,38.3428],[-75.1238,38.3435],[-75.1269,38.3456],[-75.1282,38.3487],[-75.1272,38.3504],[-75.1307,38.3581],[-75.1265,38.362],[-75.1246,38.3609],[-75.1237,38.3621],[-75.1209,38.362],[-75.1216,38.3635],[-75.12,38.3657],[-75.1211,38.3665],[-75.1193,38.3673],[-75.1187,38.3655],[-75.1172,38.3683],[-75.1173,38.3662],[-75.1154,38.3643],[-75.1177,38.3614],[-75.1165,38.3594],[-75.1141,38.3595],[-75.1123,38.3579],[-75.1143,38.357],[-75.1126,38.3567],[-75.1132,38.3538],[-75.1109,38.3553],[-75.1085,38.3538],[-75.1097,38.3525],[-75.1045,38.3514],[-75.1027,38.3529],[-75.1029,38.3546],[-75.1006,38.3556],[-75.0974,38.3533],[-75.0987,38.352],[-75.0966,38.3521],[-75.0965,38.3505],[-75.0949,38.35],[-75.0967,38.3484],[-75.0944,38.3478],[-75.0946,38.3461],[-75.0983,38.3429],[-75.1,38.339],[-75.0998,38.337],[-75.0966,38.3344],[-75.0975,38.332],[-75.0929,38.3293],[-75.0989,38.3276],[-75.1074,38.3274],[-75.1017,38.3267],[-75.1019,38.3245],[-75.1034,38.3234],[-75.11,38.3258],[-75.1036,38.3232],[-75.111,38.3183],[-75.1117,38.3137],[-75.1146,38.3128],[-75.1132,38.3102],[-75.1137,38.3081],[-75.1151,38.3077],[-75.1176,38.3021],[-75.1242,38.2982],[-75.1263,38.2988],[-75.1267,38.2961],[-75.1315,38.2972],[-75.1278,38.294],[-75.1304,38.2909],[-75.1322,38.2913],[-75.1309,38.2888],[-75.1324,38.2883],[-75.1338,38.2897],[-75.1371,38.2857],[-75.1391,38.2863],[-75.1392,38.2844],[-75.1417,38.2837],[-75.1385,38.2809],[-75.1408,38.2799],[-75.1381,38.2795],[-75.1362,38.2765],[-75.1401,38.2728],[-75.1402,38.2711],[-75.1431,38.2694],[-75.1435,38.2659],[-75.1469,38.265],[-75.1521,38.2604],[-75.1531,38.2556],[-75.1517,38.247],[-75.1576,38.2456],[-75.1596,38.2415],[-75.1636,38.2395],[-75.1637,38.2368],[-75.1694,38.2358],[-75.1706,38.231],[-75.1736,38.2309],[-75.1718,38.2362],[-75.1744,38.2331],[-75.1783,38.2334],[-75.1796,38.2316],[-75.1847,38.2311],[-75.1869,38.2288],[-75.189,38.2292],[-75.1907,38.2235],[-75.1897,38.2156],[-75.191,38.2146],[-75.1892,38.2117],[-75.1918,38.2075],[-75.196,38.2126],[-75.2008,38.2135],[-75.201,38.2215],[-75.1994,38.2244],[-75.1968,38.2248],[-75.1957,38.2289],[-75.196,38.2353],[-75.1982,38.2364],[-75.1991,38.2342],[-75.2006,38.2363],[-75.2037,38.2342],[-75.2044,38.2349],[-75.2024,38.237],[-75.2054,38.2353],[-75.2067,38.2363],[-75.2029,38.2379],[-75.1982,38.2424],[-75.1982,38.2441],[-75.1958,38.2447],[-75.1956,38.2459],[-75.1944,38.245],[-75.1932,38.2458],[-75.1973,38.2481],[-75.1956,38.2493],[-75.1937,38.248],[-75.1927,38.2505],[-75.196,38.2504],[-75.194,38.251],[-75.1941,38.2523],[-75.1889,38.2513],[-75.1877,38.2484],[-75.1901,38.247],[-75.1885,38.2438],[-75.1859,38.2432],[-75.1839,38.2447],[-75.182,38.2488],[-75.1833,38.2501],[-75.1872,38.2493],[-75.1884,38.2516],[-75.1872,38.2563],[-75.1836,38.2595],[-75.1846,38.263],[-75.1787,38.2642],[-75.1809,38.2667],[-75.18,38.2687],[-75.1716,38.2698],[-75.171,38.2729],[-75.1744,38.2763],[-75.1717,38.2781],[-75.1732,38.28],[-75.1684,38.2798],[-75.1679,38.2823],[-75.1653,38.2846],[-75.1605,38.2848],[-75.1599,38.2869],[-75.1626,38.2879],[-75.1617,38.2895],[-75.1625,38.292],[-75.161,38.2932],[-75.1638,38.2942],[-75.1643,38.2908],[-75.1635,38.2879],[-75.1615,38.2868],[-75.1619,38.2853],[-75.1656,38.2853],[-75.169,38.2825],[-75.169,38.2803],[-75.1749,38.2803],[-75.1736,38.2834],[-75.1785,38.2843],[-75.1804,38.2869],[-75.1778,38.2892],[-75.1793,38.2903],[-75.1785,38.2917],[-75.1799,38.2933],[-75.178,38.2947],[-75.1793,38.2959],[-75.179,38.2997],[-75.1822,38.2984],[-75.1848,38.3008],[-75.1865,38.3055],[-75.1908,38.3084],[-75.1868,38.2996],[-75.1832,38.2972],[-75.1802,38.2972],[-75.1812,38.2931],[-75.179,38.2891],[-75.1813,38.2867],[-75.1785,38.2835],[-75.1745,38.2831],[-75.1754,38.2795],[-75.1726,38.2784],[-75.1768,38.2764],[-75.178,38.2721],[-75.183,38.2723],[-75.1803,38.2703],[-75.1829,38.2662],[-75.1855,38.27],[-75.1827,38.2698],[-75.1861,38.271],[-75.1849,38.2726],[-75.1874,38.277],[-75.1872,38.2684],[-75.1808,38.2648],[-75.189,38.2626],[-75.191,38.2608],[-75.1902,38.2595],[-75.1914,38.2572],[-75.1955,38.2561],[-75.1946,38.2573],[-75.1953,38.26],[-75.1987,38.26],[-75.1976,38.2621],[-75.2006,38.2639],[-75.1979,38.2669],[-75.1996,38.2705],[-75.2019,38.2691],[-75.2086,38.2715],[-75.2071,38.2868],[-75.2093,38.2754],[-75.2151,38.2772],[-75.2181,38.2805],[-75.2182,38.2791],[-75.2153,38.2763],[-75.2102,38.2743],[-75.2084,38.27],[-75.199,38.2685],[-75.1987,38.2668],[-75.2017,38.2636],[-75.1991,38.2622],[-75.2,38.26],[-75.196,38.2583],[-75.1974,38.2561],[-75.2,38.2553],[-75.1986,38.253],[-75.2018,38.2525],[-75.201,38.2516],[-75.207,38.2469],[-75.2144,38.2456],[-75.2164,38.2464],[-75.219,38.2456],[-75.2201,38.243],[-75.2238,38.243],[-75.2272,38.2387],[-75.2282,38.2347],[-75.237,38.2334],[-75.2381,38.2357],[-75.2446,38.2311],[-75.2488,38.2311],[-75.2531,38.2366],[-75.2552,38.2359],[-75.2567,38.2389],[-75.2671,38.2429],[-75.2579,38.2388],[-75.2559,38.2372],[-75.2559,38.2354],[-75.2532,38.236],[-75.2529,38.2342],[-75.2508,38.2333],[-75.2513,38.2321],[-75.2493,38.2316],[-75.2496,38.2303],[-75.2472,38.2309],[-75.2435,38.2287],[-75.241,38.2247],[-75.2385,38.224],[-75.2423,38.2215],[-75.2423,38.2184],[-75.2461,38.2182],[-75.2458,38.2222],[-75.2491,38.2196],[-75.2492,38.2184],[-75.2475,38.2193],[-75.247,38.2181],[-75.2504,38.213],[-75.2484,38.2081],[-75.252,38.206],[-75.2559,38.2075],[-75.2573,38.2055],[-75.2626,38.2046],[-75.2582,38.201],[-75.2602,38.1951],[-75.2558,38.1891],[-75.2622,38.1852],[-75.262,38.1794],[-75.2688,38.1741],[-75.2683,38.1707],[-75.2642,38.1639],[-75.2681,38.1613],[-75.2702,38.162],[-75.2707,38.1566],[-75.273,38.1567],[-75.274,38.1547],[-75.2829,38.1529],[-75.2864,38.1482],[-75.2888,38.1401],[-75.2882,38.1347],[-75.2941,38.1305],[-75.2943,38.1278],[-75.2974,38.1257],[-75.2915,38.1142],[-75.2921,38.1101],[-75.2948,38.1115],[-75.297,38.1102],[-75.2923,38.1076],[-75.2947,38.1032],[-75.2966,38.1022],[-75.297,38.0994],[-75.3011,38.099],[-75.3033,38.1004],[-75.3077,38.0994],[-75.3116,38.1017],[-75.3118,38.1039],[-75.307,38.1048],[-75.302,38.1078],[-75.3021,38.1109],[-75.3044,38.1128],[-75.3081,38.1109],[-75.3099,38.1113],[-75.3089,38.1063],[-75.316,38.105],[-75.3144,38.1041],[-75.3136,38.1009],[-75.316,38.1007],[-75.3144,38.0989],[-75.3177,38.0964],[-75.3176,38.0983],[-75.3242,38.1025],[-75.325,38.1047],[-75.3341,38.1064],[-75.3334,38.1012],[-75.3408,38.0983],[-75.338,38.0943],[-75.3424,38.094],[-75.3419,38.0928],[-75.3399,38.0933],[-75.3403,38.088],[-75.3353,38.0839],[-75.3369,38.083],[-75.3366,38.0819],[-75.34,38.0831],[-75.3386,38.0846],[-75.3418,38.0857],[-75.342,38.0871],[-75.3456,38.0864],[-75.3461,38.0842],[-75.3494,38.0832],[-75.36,38.0844],[-75.3585,38.082],[-75.3569,38.0818],[-75.3585,38.0803],[-75.356,38.0802],[-75.3579,38.0768],[-75.3611,38.078],[-75.3653,38.0762],[-75.3652,38.0731],[-75.3619,38.0729],[-75.3628,38.0705],[-75.3654,38.0694],[-75.3631,38.068],[-75.3556,38.0678],[-75.3566,38.0661],[-75.3552,38.0636],[-75.3515,38.0623],[-75.3524,38.0609],[-75.3514,38.0583],[-75.3552,38.0539],[-75.3565,38.0481],[-75.3578,38.0492],[-75.3611,38.0466],[-75.3593,38.0452],[-75.3617,38.0426],[-75.361,38.0412],[-75.3622,38.0406],[-75.3617,38.0384],[-75.3632,38.0365],[-75.3614,38.0337],[-75.3571,38.0334],[-75.3566,38.032],[-75.3612,38.0279],[-75.3627,38.028],[-75.3625,38.031],[-75.3654,38.0351],[-75.3715,38.0355],[-75.3723,38.0369],[-75.3732,38.0353],[-75.3722,38.0337],[-75.3762,38.0329],[-75.3775,38.0315],[-75.38,38.0321],[-75.3806,38.0303],[-75.379,38.0261],[-75.3814,38.0217],[-75.3797,38.0193],[-75.3779,38.0191],[-75.3777,38.0152],[-75.623,37.9944],[-75.6195,38.0019],[-75.6186,38.0057],[-75.6195,38.0082],[-75.6239,38.0096],[-75.6288,38.0084],[-75.6311,38.0118],[-75.6299,38.0168],[-75.6345,38.0222],[-75.6389,38.0236],[-75.645,38.021],[-75.6482,38.0266],[-75.6541,38.0298],[-75.6587,38.0347],[-75.6609,38.0421],[-75.6597,38.0466],[-75.6554,38.0519],[-75.6497,38.0513],[-75.6494,38.0479],[-75.6476,38.046],[-75.6377,38.0444],[-75.635,38.0473],[-75.6362,38.0504],[-75.6355,38.0515],[-75.6246,38.0536],[-75.6185,38.0576],[-75.616,38.0578],[-75.6155,38.0588],[-75.6181,38.0588],[-75.6154,38.0643],[-75.6179,38.0712],[-75.6157,38.0734],[-75.6073,38.0752],[-75.6004,38.0691],[-75.5878,38.0675],[-75.5802,38.0682],[-75.5749,38.0706],[-75.5716,38.0741],[-75.5704,38.078],[-75.5718,38.0826],[-75.5708,38.0854],[-75.5685,38.0871],[-75.5624,38.0881],[-75.5574,38.0848],[-75.551,38.0847],[-75.5394,38.0894],[-75.5312,38.0908],[-75.5222,38.0976],[-75.5185,38.1042],[-75.5111,38.1087],[-75.5036,38.1101],[-75.4986,38.1172],[-75.4927,38.1217],[-75.4853,38.1248],[-75.4774,38.1244],[-75.4759,38.1295],[-75.4745,38.1302],[-75.4675,38.1297],[-75.4648,38.1402],[-75.453,38.142],[-75.448,38.1457],[-75.4443,38.1426],[-75.4413,38.1423],[-75.4398,38.1453],[-75.4397,38.1499],[-75.4356,38.1481],[-75.433,38.1488],[-75.432,38.1507],[-75.4324,38.1549],[-75.4306,38.1573],[-75.4289,38.1567],[-75.4279,38.1586],[-75.4223,38.1579],[-75.4176,38.163],[-75.4169,38.1661],[-75.4126,38.1666],[-75.4115,38.1694],[-75.4077,38.1688],[-75.4061,38.1704],[-75.408,38.1724],[-75.404,38.1741],[-75.4027,38.1766],[-75.3986,38.1759],[-75.3975,38.1776],[-75.3928,38.1793],[-75.3917,38.1813],[-75.3924,38.1846],[-75.3911,38.1867],[-75.3857,38.1866],[-75.3862,38.1883],[-75.3819,38.191],[-75.3828,38.1923],[-75.382,38.1944],[-75.3842,38.1969],[-75.3818,38.199],[-75.3824,38.2006],[-75.3839,38.2009],[-75.3828,38.1987],[-75.3861,38.1971],[-75.3861,38.1956],[-75.3836,38.1938],[-75.385,38.1927],[-75.3844,38.1906],[-75.3875,38.1881],[-75.3913,38.1887],[-75.3934,38.1867],[-75.3956,38.1831],[-75.3934,38.1817],[-75.3939,38.1798],[-75.399,38.1769],[-75.3999,38.1791],[-75.4034,38.1784],[-75.405,38.1766],[-75.4048,38.1747],[-75.4077,38.1753],[-75.4108,38.1714],[-75.4145,38.1707],[-75.414,38.1682],[-75.42,38.1651],[-75.4199,38.1635],[-75.4229,38.1605],[-75.4251,38.1625],[-75.4246,38.1639],[-75.4278,38.164],[-75.4299,38.1666],[-75.4313,38.1663],[-75.4312,38.1681],[-75.4336,38.1684],[-75.4394,38.1762],[-75.4481,38.1802],[-75.4452,38.1773],[-75.4426,38.1767],[-75.4297,38.163],[-75.4264,38.1628],[-75.4238,38.1597],[-75.428,38.16],[-75.4319,38.1583],[-75.4344,38.1552],[-75.4353,38.1506],[-75.4405,38.1515],[-75.442,38.1439],[-75.4484,38.1468],[-75.4539,38.1429],[-75.4648,38.1413],[-75.4678,38.1375],[-75.468,38.1307],[-75.4751,38.1312],[-75.4772,38.1294],[-75.4781,38.1256],[-75.4873,38.1255],[-75.4942,38.1222],[-75.5006,38.1173],[-75.5036,38.1113],[-75.5127,38.1093],[-75.5176,38.1063],[-75.5211,38.1031],[-75.5247,38.0966],[-75.5319,38.0916],[-75.5422,38.0899],[-75.5442,38.0922],[-75.5434,38.0949],[-75.5403,38.0966],[-75.5456,38.0974],[-75.5459,38.1004],[-75.5425,38.0998],[-75.5404,38.1016],[-75.5445,38.1029],[-75.5438,38.1066],[-75.5409,38.1061],[-75.5399,38.1081],[-75.5424,38.1093],[-75.5444,38.1079],[-75.5482,38.1082],[-75.5461,38.1111],[-75.5473,38.1125],[-75.5498,38.1123],[-75.5487,38.1151],[-75.5518,38.1155],[-75.552,38.1208],[-75.567,38.1321],[-75.5721,38.1318],[-75.5755,38.1401],[-75.577,38.1408],[-75.5767,38.1448],[-75.5696,38.1537],[-75.5624,38.1562],[-75.5618,38.1582],[-75.5578,38.1593],[-75.5548,38.1617],[-75.5494,38.1632],[-75.5504,38.1641],[-75.5469,38.1699],[-75.5479,38.1756],[-75.5459,38.1789],[-75.547,38.1814],[-75.5493,38.1827],[-75.5501,38.1868],[-75.558,38.1917],[-75.5597,38.1967],[-75.5635,38.2022],[-75.575,38.2099],[-75.5765,38.2203],[-75.5871,38.2238],[-75.5909,38.2282],[-75.5922,38.2327],[-75.6058,38.2491],[-75.6047,38.2596],[-75.6106,38.2668],[-75.6102,38.2729],[-75.6131,38.2786],[-75.3646,38.2904],[-75.3555,38.3145],[-75.3461,38.3194],[-75.341,38.3202],[-75.3393,38.3222],[-75.3388,38.3257],[-75.3307,38.3319],[-75.3279,38.3303],[-75.3232,38.3319],[-75.3165,38.3428],[-75.3176,38.3455],[-75.3099,38.3493],[-75.307,38.3543],[-75.3074,38.357],[-75.3103,38.357],[-75.3139,38.3597],[-75.3143,38.3632],[-75.3161,38.3652],[-75.3163,38.3693],[-75.3192,38.3712],[-75.3219,38.371],[-75.3297,38.3813],[-75.3252,38.3859],[-75.321,38.3939],[-75.3191,38.3945],[-75.3171,38.4042],[-75.3228,38.4175],[-75.3304,38.4242],[-75.3341,38.4351],[-75.3367,38.4364],[-75.3358,38.4423],[-75.3408,38.4489],[-75.3413,38.452]]]]}}]}